ISO-10303-21;
HEADER;
/* Generated by software containing ST-Developer
 * from STEP Tools, Inc. (www.steptools.com) 
 */
/* OPTION: strings as raw bytes, not using required /X/ escapes */

FILE_DESCRIPTION(
/* description */ ('Unknown'),
/* implementation_level */ '2;1');

FILE_NAME(
/* name */ 'FH12-12S-0.5SVA(54)',
/* time_stamp */ '2025-03-07T14:05:46+02:00',
/* author */ ('Unknown'),
/* organization */ ('Unknown'),
/* preprocessor_version */ 'ST-DEVELOPER v18.102',
/* originating_system */ 'Solid Edge',
/* authorisation */ 'Unknown');

FILE_SCHEMA (('AUTOMOTIVE_DESIGN {1 0 10303 214 3 1 1}'));
ENDSEC;

DATA;
#10=PROPERTY_DEFINITION_REPRESENTATION(#14,#12);
#11=PROPERTY_DEFINITION_REPRESENTATION(#15,#13);
#12=REPRESENTATION('',(#16),#13204);
#13=REPRESENTATION('',(#17),#13204);
#14=PROPERTY_DEFINITION('pmi validation property','',#13209);
#15=PROPERTY_DEFINITION('pmi validation property','',#13209);
#16=VALUE_REPRESENTATION_ITEM('number of annotations',COUNT_MEASURE(0.));
#17=VALUE_REPRESENTATION_ITEM('number of views',COUNT_MEASURE(0.));
#18=SHAPE_REPRESENTATION_RELATIONSHIP('','',#9116,#19);
#19=ADVANCED_BREP_SHAPE_REPRESENTATION('',(#9114),#13204);
#20=CIRCLE('',#9178,0.103622664995253);
#21=CIRCLE('',#9179,0.103622664995253);
#22=CIRCLE('',#9182,0.103562234537891);
#23=CIRCLE('',#9183,0.103562234537891);
#24=CIRCLE('',#9188,0.103622664995253);
#25=CIRCLE('',#9189,0.103562234537891);
#26=CIRCLE('',#9198,0.103562234537891);
#27=CIRCLE('',#9201,0.103622664995253);
#28=CIRCLE('',#9208,0.103622664995253);
#29=CIRCLE('',#9209,0.103622664995253);
#30=CIRCLE('',#9212,0.103562234537891);
#31=CIRCLE('',#9213,0.103562234537891);
#32=CIRCLE('',#9218,0.103622664995253);
#33=CIRCLE('',#9219,0.103562234537891);
#34=CIRCLE('',#9228,0.103562234537891);
#35=CIRCLE('',#9231,0.103622664995253);
#36=CIRCLE('',#9238,0.103622664995253);
#37=CIRCLE('',#9239,0.103622664995253);
#38=CIRCLE('',#9242,0.103562234537891);
#39=CIRCLE('',#9243,0.103562234537891);
#40=CIRCLE('',#9248,0.103622664995253);
#41=CIRCLE('',#9249,0.103562234537891);
#42=CIRCLE('',#9258,0.103562234537891);
#43=CIRCLE('',#9261,0.103622664995253);
#44=CIRCLE('',#9268,0.103622664995253);
#45=CIRCLE('',#9269,0.103622664995253);
#46=CIRCLE('',#9272,0.103562234537891);
#47=CIRCLE('',#9273,0.103562234537891);
#48=CIRCLE('',#9278,0.103622664995253);
#49=CIRCLE('',#9279,0.103562234537891);
#50=CIRCLE('',#9288,0.103562234537891);
#51=CIRCLE('',#9291,0.103622664995253);
#52=CIRCLE('',#9298,0.103622664995253);
#53=CIRCLE('',#9299,0.103622664995253);
#54=CIRCLE('',#9302,0.103562234537891);
#55=CIRCLE('',#9303,0.103562234537891);
#56=CIRCLE('',#9308,0.103622664995253);
#57=CIRCLE('',#9309,0.103562234537891);
#58=CIRCLE('',#9318,0.103562234537891);
#59=CIRCLE('',#9321,0.103622664995253);
#60=CIRCLE('',#9330,0.087099719281976);
#61=CIRCLE('',#9331,0.087099719281976);
#62=CIRCLE('',#9339,0.103622664995253);
#63=CIRCLE('',#9340,0.103622664995253);
#64=CIRCLE('',#9343,0.103562234537891);
#65=CIRCLE('',#9344,0.103562234537891);
#66=CIRCLE('',#9350,0.103622664995253);
#67=CIRCLE('',#9351,0.103622664995253);
#68=CIRCLE('',#9354,0.103562234537891);
#69=CIRCLE('',#9355,0.103562234537891);
#70=CIRCLE('',#9358,0.087099719281976);
#71=CIRCLE('',#9364,0.103622664995253);
#72=CIRCLE('',#9365,0.103622664995253);
#73=CIRCLE('',#9368,0.103562234537891);
#74=CIRCLE('',#9369,0.103562234537891);
#75=CIRCLE('',#9375,0.087099719281976);
#76=CIRCLE('',#9378,0.0668726625121534);
#77=CIRCLE('',#9379,0.0668726625121534);
#78=CIRCLE('',#9381,0.0668726625121534);
#79=CIRCLE('',#9382,0.0668726625121534);
#80=CIRCLE('',#9398,0.206281095366775);
#81=CIRCLE('',#9400,0.206281095366775);
#82=CIRCLE('',#9433,0.0750770703845163);
#83=CIRCLE('',#9434,0.0750770703845163);
#84=CIRCLE('',#9437,0.113574395646447);
#85=CIRCLE('',#9438,0.113574395646447);
#86=CIRCLE('',#9441,0.0696218275626817);
#87=CIRCLE('',#9442,0.0696218275626817);
#88=CIRCLE('',#9443,0.0696218275626817);
#89=CIRCLE('',#9449,0.110274162911123);
#90=CIRCLE('',#9450,0.110274162911123);
#91=CIRCLE('',#9468,0.110274162911123);
#92=CIRCLE('',#9469,0.110274162911123);
#93=CIRCLE('',#9481,0.0750770703845163);
#94=CIRCLE('',#9482,0.0750770703845163);
#95=CIRCLE('',#9485,0.113574395646447);
#96=CIRCLE('',#9486,0.113574395646447);
#97=CIRCLE('',#9489,0.0696218275626817);
#98=CIRCLE('',#9490,0.0696218275626817);
#99=CIRCLE('',#9491,0.0696218275626817);
#100=CIRCLE('',#9519,0.103622664995253);
#101=CIRCLE('',#9520,0.103562234537891);
#102=CIRCLE('',#9529,0.103562234537891);
#103=CIRCLE('',#9532,0.103622664995253);
#104=CYLINDRICAL_SURFACE('',#9177,0.103622664995253);
#105=CYLINDRICAL_SURFACE('',#9181,0.103562234537891);
#106=CYLINDRICAL_SURFACE('',#9197,0.103562234537891);
#107=CYLINDRICAL_SURFACE('',#9200,0.103622664995253);
#108=CYLINDRICAL_SURFACE('',#9207,0.103622664995253);
#109=CYLINDRICAL_SURFACE('',#9211,0.103562234537891);
#110=CYLINDRICAL_SURFACE('',#9227,0.103562234537891);
#111=CYLINDRICAL_SURFACE('',#9230,0.103622664995253);
#112=CYLINDRICAL_SURFACE('',#9237,0.103622664995253);
#113=CYLINDRICAL_SURFACE('',#9241,0.103562234537891);
#114=CYLINDRICAL_SURFACE('',#9257,0.103562234537891);
#115=CYLINDRICAL_SURFACE('',#9260,0.103622664995253);
#116=CYLINDRICAL_SURFACE('',#9267,0.103622664995253);
#117=CYLINDRICAL_SURFACE('',#9271,0.103562234537891);
#118=CYLINDRICAL_SURFACE('',#9287,0.103562234537891);
#119=CYLINDRICAL_SURFACE('',#9290,0.103622664995253);
#120=CYLINDRICAL_SURFACE('',#9297,0.103622664995253);
#121=CYLINDRICAL_SURFACE('',#9301,0.103562234537891);
#122=CYLINDRICAL_SURFACE('',#9317,0.103562234537891);
#123=CYLINDRICAL_SURFACE('',#9320,0.103622664995253);
#124=CYLINDRICAL_SURFACE('',#9329,0.087099719281976);
#125=CYLINDRICAL_SURFACE('',#9338,0.103622664995253);
#126=CYLINDRICAL_SURFACE('',#9342,0.103562234537891);
#127=CYLINDRICAL_SURFACE('',#9349,0.103622664995253);
#128=CYLINDRICAL_SURFACE('',#9353,0.103562234537891);
#129=CYLINDRICAL_SURFACE('',#9363,0.103622664995253);
#130=CYLINDRICAL_SURFACE('',#9367,0.103562234537891);
#131=CYLINDRICAL_SURFACE('',#9374,0.087099719281976);
#132=CYLINDRICAL_SURFACE('',#9377,0.0668726625121534);
#133=CYLINDRICAL_SURFACE('',#9380,0.0668726625121534);
#134=CYLINDRICAL_SURFACE('',#9401,0.206281095366775);
#135=CYLINDRICAL_SURFACE('',#9432,0.0750770703845163);
#136=CYLINDRICAL_SURFACE('',#9436,0.113574395646447);
#137=CYLINDRICAL_SURFACE('',#9440,0.0696218275626817);
#138=CYLINDRICAL_SURFACE('',#9448,0.110274162911123);
#139=CYLINDRICAL_SURFACE('',#9467,0.110274162911123);
#140=CYLINDRICAL_SURFACE('',#9480,0.0750770703845163);
#141=CYLINDRICAL_SURFACE('',#9484,0.113574395646447);
#142=CYLINDRICAL_SURFACE('',#9488,0.0696218275626817);
#143=CYLINDRICAL_SURFACE('',#9528,0.103562234537891);
#144=CYLINDRICAL_SURFACE('',#9531,0.103622664995253);
#145=ORIENTED_EDGE('',*,*,#2079,.F.);
#146=ORIENTED_EDGE('',*,*,#2080,.F.);
#147=ORIENTED_EDGE('',*,*,#2081,.F.);
#148=ORIENTED_EDGE('',*,*,#2082,.F.);
#149=ORIENTED_EDGE('',*,*,#2083,.F.);
#150=ORIENTED_EDGE('',*,*,#2080,.T.);
#151=ORIENTED_EDGE('',*,*,#2084,.F.);
#152=ORIENTED_EDGE('',*,*,#2085,.F.);
#153=ORIENTED_EDGE('',*,*,#2086,.F.);
#154=ORIENTED_EDGE('',*,*,#2081,.T.);
#155=ORIENTED_EDGE('',*,*,#2083,.T.);
#156=ORIENTED_EDGE('',*,*,#2087,.T.);
#157=ORIENTED_EDGE('',*,*,#2088,.F.);
#158=ORIENTED_EDGE('',*,*,#2089,.F.);
#159=ORIENTED_EDGE('',*,*,#2082,.T.);
#160=ORIENTED_EDGE('',*,*,#2086,.T.);
#161=ORIENTED_EDGE('',*,*,#2090,.F.);
#162=ORIENTED_EDGE('',*,*,#2084,.T.);
#163=ORIENTED_EDGE('',*,*,#2079,.T.);
#164=ORIENTED_EDGE('',*,*,#2089,.T.);
#165=ORIENTED_EDGE('',*,*,#2091,.F.);
#166=ORIENTED_EDGE('',*,*,#2092,.F.);
#167=ORIENTED_EDGE('',*,*,#2093,.F.);
#168=ORIENTED_EDGE('',*,*,#2094,.F.);
#169=ORIENTED_EDGE('',*,*,#2095,.F.);
#170=ORIENTED_EDGE('',*,*,#2096,.F.);
#171=ORIENTED_EDGE('',*,*,#2097,.F.);
#172=ORIENTED_EDGE('',*,*,#2094,.T.);
#173=ORIENTED_EDGE('',*,*,#2098,.F.);
#174=ORIENTED_EDGE('',*,*,#2099,.F.);
#175=ORIENTED_EDGE('',*,*,#2100,.F.);
#176=ORIENTED_EDGE('',*,*,#2095,.T.);
#177=ORIENTED_EDGE('',*,*,#2097,.T.);
#178=ORIENTED_EDGE('',*,*,#2101,.T.);
#179=ORIENTED_EDGE('',*,*,#2102,.F.);
#180=ORIENTED_EDGE('',*,*,#2103,.F.);
#181=ORIENTED_EDGE('',*,*,#2096,.T.);
#182=ORIENTED_EDGE('',*,*,#2100,.T.);
#183=ORIENTED_EDGE('',*,*,#2104,.F.);
#184=ORIENTED_EDGE('',*,*,#2098,.T.);
#185=ORIENTED_EDGE('',*,*,#2093,.T.);
#186=ORIENTED_EDGE('',*,*,#2103,.T.);
#187=ORIENTED_EDGE('',*,*,#2105,.F.);
#188=ORIENTED_EDGE('',*,*,#2106,.F.);
#189=ORIENTED_EDGE('',*,*,#2107,.F.);
#190=ORIENTED_EDGE('',*,*,#2108,.F.);
#191=ORIENTED_EDGE('',*,*,#2109,.F.);
#192=ORIENTED_EDGE('',*,*,#2110,.F.);
#193=ORIENTED_EDGE('',*,*,#2111,.F.);
#194=ORIENTED_EDGE('',*,*,#2108,.T.);
#195=ORIENTED_EDGE('',*,*,#2112,.F.);
#196=ORIENTED_EDGE('',*,*,#2113,.F.);
#197=ORIENTED_EDGE('',*,*,#2114,.F.);
#198=ORIENTED_EDGE('',*,*,#2109,.T.);
#199=ORIENTED_EDGE('',*,*,#2111,.T.);
#200=ORIENTED_EDGE('',*,*,#2115,.T.);
#201=ORIENTED_EDGE('',*,*,#2116,.F.);
#202=ORIENTED_EDGE('',*,*,#2117,.F.);
#203=ORIENTED_EDGE('',*,*,#2110,.T.);
#204=ORIENTED_EDGE('',*,*,#2114,.T.);
#205=ORIENTED_EDGE('',*,*,#2118,.F.);
#206=ORIENTED_EDGE('',*,*,#2112,.T.);
#207=ORIENTED_EDGE('',*,*,#2107,.T.);
#208=ORIENTED_EDGE('',*,*,#2117,.T.);
#209=ORIENTED_EDGE('',*,*,#2119,.F.);
#210=ORIENTED_EDGE('',*,*,#2120,.F.);
#211=ORIENTED_EDGE('',*,*,#2121,.F.);
#212=ORIENTED_EDGE('',*,*,#2122,.F.);
#213=ORIENTED_EDGE('',*,*,#2123,.F.);
#214=ORIENTED_EDGE('',*,*,#2124,.F.);
#215=ORIENTED_EDGE('',*,*,#2125,.F.);
#216=ORIENTED_EDGE('',*,*,#2122,.T.);
#217=ORIENTED_EDGE('',*,*,#2126,.F.);
#218=ORIENTED_EDGE('',*,*,#2127,.F.);
#219=ORIENTED_EDGE('',*,*,#2128,.F.);
#220=ORIENTED_EDGE('',*,*,#2123,.T.);
#221=ORIENTED_EDGE('',*,*,#2125,.T.);
#222=ORIENTED_EDGE('',*,*,#2129,.T.);
#223=ORIENTED_EDGE('',*,*,#2130,.F.);
#224=ORIENTED_EDGE('',*,*,#2131,.F.);
#225=ORIENTED_EDGE('',*,*,#2124,.T.);
#226=ORIENTED_EDGE('',*,*,#2128,.T.);
#227=ORIENTED_EDGE('',*,*,#2132,.F.);
#228=ORIENTED_EDGE('',*,*,#2126,.T.);
#229=ORIENTED_EDGE('',*,*,#2121,.T.);
#230=ORIENTED_EDGE('',*,*,#2131,.T.);
#231=ORIENTED_EDGE('',*,*,#2133,.F.);
#232=ORIENTED_EDGE('',*,*,#2134,.F.);
#233=ORIENTED_EDGE('',*,*,#2135,.F.);
#234=ORIENTED_EDGE('',*,*,#2136,.F.);
#235=ORIENTED_EDGE('',*,*,#2137,.F.);
#236=ORIENTED_EDGE('',*,*,#2138,.F.);
#237=ORIENTED_EDGE('',*,*,#2139,.F.);
#238=ORIENTED_EDGE('',*,*,#2136,.T.);
#239=ORIENTED_EDGE('',*,*,#2140,.F.);
#240=ORIENTED_EDGE('',*,*,#2141,.F.);
#241=ORIENTED_EDGE('',*,*,#2142,.F.);
#242=ORIENTED_EDGE('',*,*,#2137,.T.);
#243=ORIENTED_EDGE('',*,*,#2139,.T.);
#244=ORIENTED_EDGE('',*,*,#2143,.T.);
#245=ORIENTED_EDGE('',*,*,#2144,.F.);
#246=ORIENTED_EDGE('',*,*,#2145,.F.);
#247=ORIENTED_EDGE('',*,*,#2138,.T.);
#248=ORIENTED_EDGE('',*,*,#2142,.T.);
#249=ORIENTED_EDGE('',*,*,#2146,.F.);
#250=ORIENTED_EDGE('',*,*,#2140,.T.);
#251=ORIENTED_EDGE('',*,*,#2135,.T.);
#252=ORIENTED_EDGE('',*,*,#2145,.T.);
#253=ORIENTED_EDGE('',*,*,#2147,.F.);
#254=ORIENTED_EDGE('',*,*,#2148,.F.);
#255=ORIENTED_EDGE('',*,*,#2149,.F.);
#256=ORIENTED_EDGE('',*,*,#2150,.F.);
#257=ORIENTED_EDGE('',*,*,#2151,.F.);
#258=ORIENTED_EDGE('',*,*,#2152,.F.);
#259=ORIENTED_EDGE('',*,*,#2153,.F.);
#260=ORIENTED_EDGE('',*,*,#2150,.T.);
#261=ORIENTED_EDGE('',*,*,#2154,.F.);
#262=ORIENTED_EDGE('',*,*,#2155,.F.);
#263=ORIENTED_EDGE('',*,*,#2156,.F.);
#264=ORIENTED_EDGE('',*,*,#2151,.T.);
#265=ORIENTED_EDGE('',*,*,#2153,.T.);
#266=ORIENTED_EDGE('',*,*,#2157,.T.);
#267=ORIENTED_EDGE('',*,*,#2158,.F.);
#268=ORIENTED_EDGE('',*,*,#2159,.F.);
#269=ORIENTED_EDGE('',*,*,#2152,.T.);
#270=ORIENTED_EDGE('',*,*,#2156,.T.);
#271=ORIENTED_EDGE('',*,*,#2160,.F.);
#272=ORIENTED_EDGE('',*,*,#2154,.T.);
#273=ORIENTED_EDGE('',*,*,#2149,.T.);
#274=ORIENTED_EDGE('',*,*,#2159,.T.);
#275=ORIENTED_EDGE('',*,*,#2161,.F.);
#276=ORIENTED_EDGE('',*,*,#2162,.F.);
#277=ORIENTED_EDGE('',*,*,#2163,.F.);
#278=ORIENTED_EDGE('',*,*,#2164,.F.);
#279=ORIENTED_EDGE('',*,*,#2165,.F.);
#280=ORIENTED_EDGE('',*,*,#2166,.F.);
#281=ORIENTED_EDGE('',*,*,#2167,.F.);
#282=ORIENTED_EDGE('',*,*,#2164,.T.);
#283=ORIENTED_EDGE('',*,*,#2168,.F.);
#284=ORIENTED_EDGE('',*,*,#2169,.F.);
#285=ORIENTED_EDGE('',*,*,#2170,.F.);
#286=ORIENTED_EDGE('',*,*,#2165,.T.);
#287=ORIENTED_EDGE('',*,*,#2167,.T.);
#288=ORIENTED_EDGE('',*,*,#2171,.T.);
#289=ORIENTED_EDGE('',*,*,#2172,.F.);
#290=ORIENTED_EDGE('',*,*,#2173,.F.);
#291=ORIENTED_EDGE('',*,*,#2166,.T.);
#292=ORIENTED_EDGE('',*,*,#2170,.T.);
#293=ORIENTED_EDGE('',*,*,#2174,.F.);
#294=ORIENTED_EDGE('',*,*,#2168,.T.);
#295=ORIENTED_EDGE('',*,*,#2163,.T.);
#296=ORIENTED_EDGE('',*,*,#2173,.T.);
#297=ORIENTED_EDGE('',*,*,#2175,.F.);
#298=ORIENTED_EDGE('',*,*,#2176,.F.);
#299=ORIENTED_EDGE('',*,*,#2177,.F.);
#300=ORIENTED_EDGE('',*,*,#2178,.F.);
#301=ORIENTED_EDGE('',*,*,#2179,.F.);
#302=ORIENTED_EDGE('',*,*,#2180,.F.);
#303=ORIENTED_EDGE('',*,*,#2181,.F.);
#304=ORIENTED_EDGE('',*,*,#2178,.T.);
#305=ORIENTED_EDGE('',*,*,#2182,.F.);
#306=ORIENTED_EDGE('',*,*,#2183,.F.);
#307=ORIENTED_EDGE('',*,*,#2184,.F.);
#308=ORIENTED_EDGE('',*,*,#2179,.T.);
#309=ORIENTED_EDGE('',*,*,#2181,.T.);
#310=ORIENTED_EDGE('',*,*,#2185,.T.);
#311=ORIENTED_EDGE('',*,*,#2186,.F.);
#312=ORIENTED_EDGE('',*,*,#2187,.F.);
#313=ORIENTED_EDGE('',*,*,#2180,.T.);
#314=ORIENTED_EDGE('',*,*,#2184,.T.);
#315=ORIENTED_EDGE('',*,*,#2188,.F.);
#316=ORIENTED_EDGE('',*,*,#2182,.T.);
#317=ORIENTED_EDGE('',*,*,#2177,.T.);
#318=ORIENTED_EDGE('',*,*,#2187,.T.);
#319=ORIENTED_EDGE('',*,*,#2189,.F.);
#320=ORIENTED_EDGE('',*,*,#2190,.F.);
#321=ORIENTED_EDGE('',*,*,#2191,.F.);
#322=ORIENTED_EDGE('',*,*,#2192,.F.);
#323=ORIENTED_EDGE('',*,*,#2193,.F.);
#324=ORIENTED_EDGE('',*,*,#2194,.F.);
#325=ORIENTED_EDGE('',*,*,#2195,.F.);
#326=ORIENTED_EDGE('',*,*,#2192,.T.);
#327=ORIENTED_EDGE('',*,*,#2196,.F.);
#328=ORIENTED_EDGE('',*,*,#2197,.F.);
#329=ORIENTED_EDGE('',*,*,#2198,.F.);
#330=ORIENTED_EDGE('',*,*,#2193,.T.);
#331=ORIENTED_EDGE('',*,*,#2195,.T.);
#332=ORIENTED_EDGE('',*,*,#2199,.T.);
#333=ORIENTED_EDGE('',*,*,#2200,.F.);
#334=ORIENTED_EDGE('',*,*,#2201,.F.);
#335=ORIENTED_EDGE('',*,*,#2194,.T.);
#336=ORIENTED_EDGE('',*,*,#2198,.T.);
#337=ORIENTED_EDGE('',*,*,#2202,.F.);
#338=ORIENTED_EDGE('',*,*,#2196,.T.);
#339=ORIENTED_EDGE('',*,*,#2191,.T.);
#340=ORIENTED_EDGE('',*,*,#2201,.T.);
#341=ORIENTED_EDGE('',*,*,#2203,.F.);
#342=ORIENTED_EDGE('',*,*,#2204,.F.);
#343=ORIENTED_EDGE('',*,*,#2205,.F.);
#344=ORIENTED_EDGE('',*,*,#2206,.F.);
#345=ORIENTED_EDGE('',*,*,#2207,.F.);
#346=ORIENTED_EDGE('',*,*,#2208,.F.);
#347=ORIENTED_EDGE('',*,*,#2209,.F.);
#348=ORIENTED_EDGE('',*,*,#2206,.T.);
#349=ORIENTED_EDGE('',*,*,#2210,.F.);
#350=ORIENTED_EDGE('',*,*,#2211,.F.);
#351=ORIENTED_EDGE('',*,*,#2212,.F.);
#352=ORIENTED_EDGE('',*,*,#2207,.T.);
#353=ORIENTED_EDGE('',*,*,#2209,.T.);
#354=ORIENTED_EDGE('',*,*,#2213,.T.);
#355=ORIENTED_EDGE('',*,*,#2214,.F.);
#356=ORIENTED_EDGE('',*,*,#2215,.F.);
#357=ORIENTED_EDGE('',*,*,#2208,.T.);
#358=ORIENTED_EDGE('',*,*,#2212,.T.);
#359=ORIENTED_EDGE('',*,*,#2216,.F.);
#360=ORIENTED_EDGE('',*,*,#2210,.T.);
#361=ORIENTED_EDGE('',*,*,#2205,.T.);
#362=ORIENTED_EDGE('',*,*,#2215,.T.);
#363=ORIENTED_EDGE('',*,*,#2217,.F.);
#364=ORIENTED_EDGE('',*,*,#2218,.F.);
#365=ORIENTED_EDGE('',*,*,#2219,.F.);
#366=ORIENTED_EDGE('',*,*,#2220,.F.);
#367=ORIENTED_EDGE('',*,*,#2221,.F.);
#368=ORIENTED_EDGE('',*,*,#2222,.F.);
#369=ORIENTED_EDGE('',*,*,#2223,.F.);
#370=ORIENTED_EDGE('',*,*,#2220,.T.);
#371=ORIENTED_EDGE('',*,*,#2224,.F.);
#372=ORIENTED_EDGE('',*,*,#2225,.F.);
#373=ORIENTED_EDGE('',*,*,#2226,.F.);
#374=ORIENTED_EDGE('',*,*,#2221,.T.);
#375=ORIENTED_EDGE('',*,*,#2223,.T.);
#376=ORIENTED_EDGE('',*,*,#2227,.T.);
#377=ORIENTED_EDGE('',*,*,#2228,.F.);
#378=ORIENTED_EDGE('',*,*,#2229,.F.);
#379=ORIENTED_EDGE('',*,*,#2222,.T.);
#380=ORIENTED_EDGE('',*,*,#2226,.T.);
#381=ORIENTED_EDGE('',*,*,#2230,.F.);
#382=ORIENTED_EDGE('',*,*,#2224,.T.);
#383=ORIENTED_EDGE('',*,*,#2219,.T.);
#384=ORIENTED_EDGE('',*,*,#2229,.T.);
#385=ORIENTED_EDGE('',*,*,#2231,.F.);
#386=ORIENTED_EDGE('',*,*,#2232,.F.);
#387=ORIENTED_EDGE('',*,*,#2233,.F.);
#388=ORIENTED_EDGE('',*,*,#2234,.F.);
#389=ORIENTED_EDGE('',*,*,#2235,.T.);
#390=ORIENTED_EDGE('',*,*,#2236,.T.);
#391=ORIENTED_EDGE('',*,*,#2237,.F.);
#392=ORIENTED_EDGE('',*,*,#2236,.F.);
#393=ORIENTED_EDGE('',*,*,#2238,.T.);
#394=ORIENTED_EDGE('',*,*,#2239,.T.);
#395=ORIENTED_EDGE('',*,*,#2240,.F.);
#396=ORIENTED_EDGE('',*,*,#2239,.F.);
#397=ORIENTED_EDGE('',*,*,#2241,.T.);
#398=ORIENTED_EDGE('',*,*,#2242,.T.);
#399=ORIENTED_EDGE('',*,*,#2243,.F.);
#400=ORIENTED_EDGE('',*,*,#2242,.F.);
#401=ORIENTED_EDGE('',*,*,#2244,.T.);
#402=ORIENTED_EDGE('',*,*,#2245,.T.);
#403=ORIENTED_EDGE('',*,*,#2246,.F.);
#404=ORIENTED_EDGE('',*,*,#2245,.F.);
#405=ORIENTED_EDGE('',*,*,#2247,.T.);
#406=ORIENTED_EDGE('',*,*,#2248,.T.);
#407=ORIENTED_EDGE('',*,*,#2249,.F.);
#408=ORIENTED_EDGE('',*,*,#2248,.F.);
#409=ORIENTED_EDGE('',*,*,#2250,.T.);
#410=ORIENTED_EDGE('',*,*,#2251,.T.);
#411=ORIENTED_EDGE('',*,*,#2252,.F.);
#412=ORIENTED_EDGE('',*,*,#2251,.F.);
#413=ORIENTED_EDGE('',*,*,#2253,.T.);
#414=ORIENTED_EDGE('',*,*,#2254,.T.);
#415=ORIENTED_EDGE('',*,*,#2255,.F.);
#416=ORIENTED_EDGE('',*,*,#2254,.F.);
#417=ORIENTED_EDGE('',*,*,#2256,.T.);
#418=ORIENTED_EDGE('',*,*,#2257,.T.);
#419=ORIENTED_EDGE('',*,*,#2258,.F.);
#420=ORIENTED_EDGE('',*,*,#2256,.F.);
#421=ORIENTED_EDGE('',*,*,#2253,.F.);
#422=ORIENTED_EDGE('',*,*,#2250,.F.);
#423=ORIENTED_EDGE('',*,*,#2247,.F.);
#424=ORIENTED_EDGE('',*,*,#2244,.F.);
#425=ORIENTED_EDGE('',*,*,#2241,.F.);
#426=ORIENTED_EDGE('',*,*,#2238,.F.);
#427=ORIENTED_EDGE('',*,*,#2235,.F.);
#428=ORIENTED_EDGE('',*,*,#2259,.F.);
#429=ORIENTED_EDGE('',*,*,#2260,.T.);
#430=ORIENTED_EDGE('',*,*,#2261,.T.);
#431=ORIENTED_EDGE('',*,*,#2233,.T.);
#432=ORIENTED_EDGE('',*,*,#2237,.T.);
#433=ORIENTED_EDGE('',*,*,#2240,.T.);
#434=ORIENTED_EDGE('',*,*,#2243,.T.);
#435=ORIENTED_EDGE('',*,*,#2246,.T.);
#436=ORIENTED_EDGE('',*,*,#2249,.T.);
#437=ORIENTED_EDGE('',*,*,#2252,.T.);
#438=ORIENTED_EDGE('',*,*,#2255,.T.);
#439=ORIENTED_EDGE('',*,*,#2262,.T.);
#440=ORIENTED_EDGE('',*,*,#2263,.T.);
#441=ORIENTED_EDGE('',*,*,#2264,.T.);
#442=ORIENTED_EDGE('',*,*,#2265,.T.);
#443=ORIENTED_EDGE('',*,*,#2266,.T.);
#444=ORIENTED_EDGE('',*,*,#2267,.T.);
#445=ORIENTED_EDGE('',*,*,#2268,.T.);
#446=ORIENTED_EDGE('',*,*,#2269,.T.);
#447=ORIENTED_EDGE('',*,*,#2270,.T.);
#448=ORIENTED_EDGE('',*,*,#2271,.T.);
#449=ORIENTED_EDGE('',*,*,#2272,.T.);
#450=ORIENTED_EDGE('',*,*,#2263,.F.);
#451=ORIENTED_EDGE('',*,*,#2273,.F.);
#452=ORIENTED_EDGE('',*,*,#2274,.T.);
#453=ORIENTED_EDGE('',*,*,#2275,.T.);
#454=ORIENTED_EDGE('',*,*,#2264,.F.);
#455=ORIENTED_EDGE('',*,*,#2275,.F.);
#456=ORIENTED_EDGE('',*,*,#2276,.T.);
#457=ORIENTED_EDGE('',*,*,#2277,.T.);
#458=ORIENTED_EDGE('',*,*,#2265,.F.);
#459=ORIENTED_EDGE('',*,*,#2277,.F.);
#460=ORIENTED_EDGE('',*,*,#2278,.T.);
#461=ORIENTED_EDGE('',*,*,#2279,.T.);
#462=ORIENTED_EDGE('',*,*,#2266,.F.);
#463=ORIENTED_EDGE('',*,*,#2279,.F.);
#464=ORIENTED_EDGE('',*,*,#2280,.T.);
#465=ORIENTED_EDGE('',*,*,#2281,.F.);
#466=ORIENTED_EDGE('',*,*,#2268,.F.);
#467=ORIENTED_EDGE('',*,*,#2282,.T.);
#468=ORIENTED_EDGE('',*,*,#2283,.T.);
#469=ORIENTED_EDGE('',*,*,#2284,.T.);
#470=ORIENTED_EDGE('',*,*,#2269,.F.);
#471=ORIENTED_EDGE('',*,*,#2284,.F.);
#472=ORIENTED_EDGE('',*,*,#2285,.T.);
#473=ORIENTED_EDGE('',*,*,#2286,.T.);
#474=ORIENTED_EDGE('',*,*,#2270,.F.);
#475=ORIENTED_EDGE('',*,*,#2286,.F.);
#476=ORIENTED_EDGE('',*,*,#2287,.T.);
#477=ORIENTED_EDGE('',*,*,#2288,.T.);
#478=ORIENTED_EDGE('',*,*,#2271,.F.);
#479=ORIENTED_EDGE('',*,*,#2288,.F.);
#480=ORIENTED_EDGE('',*,*,#2289,.T.);
#481=ORIENTED_EDGE('',*,*,#2290,.T.);
#482=ORIENTED_EDGE('',*,*,#2272,.F.);
#483=ORIENTED_EDGE('',*,*,#2290,.F.);
#484=ORIENTED_EDGE('',*,*,#2291,.T.);
#485=ORIENTED_EDGE('',*,*,#2292,.T.);
#486=ORIENTED_EDGE('',*,*,#2262,.F.);
#487=ORIENTED_EDGE('',*,*,#2292,.F.);
#488=ORIENTED_EDGE('',*,*,#2293,.T.);
#489=ORIENTED_EDGE('',*,*,#2273,.T.);
#490=ORIENTED_EDGE('',*,*,#2293,.F.);
#491=ORIENTED_EDGE('',*,*,#2291,.F.);
#492=ORIENTED_EDGE('',*,*,#2289,.F.);
#493=ORIENTED_EDGE('',*,*,#2287,.F.);
#494=ORIENTED_EDGE('',*,*,#2285,.F.);
#495=ORIENTED_EDGE('',*,*,#2283,.F.);
#496=ORIENTED_EDGE('',*,*,#2294,.F.);
#497=ORIENTED_EDGE('',*,*,#2280,.F.);
#498=ORIENTED_EDGE('',*,*,#2278,.F.);
#499=ORIENTED_EDGE('',*,*,#2276,.F.);
#500=ORIENTED_EDGE('',*,*,#2274,.F.);
#501=ORIENTED_EDGE('',*,*,#2295,.F.);
#502=ORIENTED_EDGE('',*,*,#2296,.F.);
#503=ORIENTED_EDGE('',*,*,#2297,.T.);
#504=ORIENTED_EDGE('',*,*,#2298,.T.);
#505=ORIENTED_EDGE('',*,*,#2299,.F.);
#506=ORIENTED_EDGE('',*,*,#2298,.F.);
#507=ORIENTED_EDGE('',*,*,#2300,.T.);
#508=ORIENTED_EDGE('',*,*,#2301,.T.);
#509=ORIENTED_EDGE('',*,*,#2302,.F.);
#510=ORIENTED_EDGE('',*,*,#2301,.F.);
#511=ORIENTED_EDGE('',*,*,#2303,.T.);
#512=ORIENTED_EDGE('',*,*,#2304,.T.);
#513=ORIENTED_EDGE('',*,*,#2305,.F.);
#514=ORIENTED_EDGE('',*,*,#2304,.F.);
#515=ORIENTED_EDGE('',*,*,#2306,.T.);
#516=ORIENTED_EDGE('',*,*,#2307,.T.);
#517=ORIENTED_EDGE('',*,*,#2308,.F.);
#518=ORIENTED_EDGE('',*,*,#2307,.F.);
#519=ORIENTED_EDGE('',*,*,#2309,.T.);
#520=ORIENTED_EDGE('',*,*,#2310,.T.);
#521=ORIENTED_EDGE('',*,*,#2311,.F.);
#522=ORIENTED_EDGE('',*,*,#2310,.F.);
#523=ORIENTED_EDGE('',*,*,#2312,.T.);
#524=ORIENTED_EDGE('',*,*,#2313,.T.);
#525=ORIENTED_EDGE('',*,*,#2314,.F.);
#526=ORIENTED_EDGE('',*,*,#2313,.F.);
#527=ORIENTED_EDGE('',*,*,#2315,.T.);
#528=ORIENTED_EDGE('',*,*,#2316,.T.);
#529=ORIENTED_EDGE('',*,*,#2317,.F.);
#530=ORIENTED_EDGE('',*,*,#2316,.F.);
#531=ORIENTED_EDGE('',*,*,#2318,.T.);
#532=ORIENTED_EDGE('',*,*,#2319,.T.);
#533=ORIENTED_EDGE('',*,*,#2320,.F.);
#534=ORIENTED_EDGE('',*,*,#2318,.F.);
#535=ORIENTED_EDGE('',*,*,#2315,.F.);
#536=ORIENTED_EDGE('',*,*,#2312,.F.);
#537=ORIENTED_EDGE('',*,*,#2309,.F.);
#538=ORIENTED_EDGE('',*,*,#2306,.F.);
#539=ORIENTED_EDGE('',*,*,#2303,.F.);
#540=ORIENTED_EDGE('',*,*,#2300,.F.);
#541=ORIENTED_EDGE('',*,*,#2297,.F.);
#542=ORIENTED_EDGE('',*,*,#2321,.F.);
#543=ORIENTED_EDGE('',*,*,#2322,.T.);
#544=ORIENTED_EDGE('',*,*,#2323,.T.);
#545=ORIENTED_EDGE('',*,*,#2295,.T.);
#546=ORIENTED_EDGE('',*,*,#2299,.T.);
#547=ORIENTED_EDGE('',*,*,#2302,.T.);
#548=ORIENTED_EDGE('',*,*,#2305,.T.);
#549=ORIENTED_EDGE('',*,*,#2308,.T.);
#550=ORIENTED_EDGE('',*,*,#2311,.T.);
#551=ORIENTED_EDGE('',*,*,#2314,.T.);
#552=ORIENTED_EDGE('',*,*,#2317,.T.);
#553=ORIENTED_EDGE('',*,*,#2324,.T.);
#554=ORIENTED_EDGE('',*,*,#2325,.T.);
#555=ORIENTED_EDGE('',*,*,#2326,.T.);
#556=ORIENTED_EDGE('',*,*,#2327,.T.);
#557=ORIENTED_EDGE('',*,*,#2328,.T.);
#558=ORIENTED_EDGE('',*,*,#2329,.T.);
#559=ORIENTED_EDGE('',*,*,#2330,.T.);
#560=ORIENTED_EDGE('',*,*,#2331,.T.);
#561=ORIENTED_EDGE('',*,*,#2332,.T.);
#562=ORIENTED_EDGE('',*,*,#2333,.T.);
#563=ORIENTED_EDGE('',*,*,#2334,.T.);
#564=ORIENTED_EDGE('',*,*,#2325,.F.);
#565=ORIENTED_EDGE('',*,*,#2335,.F.);
#566=ORIENTED_EDGE('',*,*,#2336,.T.);
#567=ORIENTED_EDGE('',*,*,#2337,.T.);
#568=ORIENTED_EDGE('',*,*,#2326,.F.);
#569=ORIENTED_EDGE('',*,*,#2337,.F.);
#570=ORIENTED_EDGE('',*,*,#2338,.T.);
#571=ORIENTED_EDGE('',*,*,#2339,.T.);
#572=ORIENTED_EDGE('',*,*,#2327,.F.);
#573=ORIENTED_EDGE('',*,*,#2339,.F.);
#574=ORIENTED_EDGE('',*,*,#2340,.T.);
#575=ORIENTED_EDGE('',*,*,#2341,.T.);
#576=ORIENTED_EDGE('',*,*,#2328,.F.);
#577=ORIENTED_EDGE('',*,*,#2341,.F.);
#578=ORIENTED_EDGE('',*,*,#2342,.T.);
#579=ORIENTED_EDGE('',*,*,#2343,.F.);
#580=ORIENTED_EDGE('',*,*,#2330,.F.);
#581=ORIENTED_EDGE('',*,*,#2344,.T.);
#582=ORIENTED_EDGE('',*,*,#2345,.T.);
#583=ORIENTED_EDGE('',*,*,#2346,.T.);
#584=ORIENTED_EDGE('',*,*,#2331,.F.);
#585=ORIENTED_EDGE('',*,*,#2346,.F.);
#586=ORIENTED_EDGE('',*,*,#2347,.T.);
#587=ORIENTED_EDGE('',*,*,#2348,.T.);
#588=ORIENTED_EDGE('',*,*,#2332,.F.);
#589=ORIENTED_EDGE('',*,*,#2348,.F.);
#590=ORIENTED_EDGE('',*,*,#2349,.T.);
#591=ORIENTED_EDGE('',*,*,#2350,.T.);
#592=ORIENTED_EDGE('',*,*,#2333,.F.);
#593=ORIENTED_EDGE('',*,*,#2350,.F.);
#594=ORIENTED_EDGE('',*,*,#2351,.T.);
#595=ORIENTED_EDGE('',*,*,#2352,.T.);
#596=ORIENTED_EDGE('',*,*,#2334,.F.);
#597=ORIENTED_EDGE('',*,*,#2352,.F.);
#598=ORIENTED_EDGE('',*,*,#2353,.T.);
#599=ORIENTED_EDGE('',*,*,#2354,.T.);
#600=ORIENTED_EDGE('',*,*,#2324,.F.);
#601=ORIENTED_EDGE('',*,*,#2354,.F.);
#602=ORIENTED_EDGE('',*,*,#2355,.T.);
#603=ORIENTED_EDGE('',*,*,#2335,.T.);
#604=ORIENTED_EDGE('',*,*,#2355,.F.);
#605=ORIENTED_EDGE('',*,*,#2353,.F.);
#606=ORIENTED_EDGE('',*,*,#2351,.F.);
#607=ORIENTED_EDGE('',*,*,#2349,.F.);
#608=ORIENTED_EDGE('',*,*,#2347,.F.);
#609=ORIENTED_EDGE('',*,*,#2345,.F.);
#610=ORIENTED_EDGE('',*,*,#2356,.F.);
#611=ORIENTED_EDGE('',*,*,#2342,.F.);
#612=ORIENTED_EDGE('',*,*,#2340,.F.);
#613=ORIENTED_EDGE('',*,*,#2338,.F.);
#614=ORIENTED_EDGE('',*,*,#2336,.F.);
#615=ORIENTED_EDGE('',*,*,#2357,.F.);
#616=ORIENTED_EDGE('',*,*,#2358,.F.);
#617=ORIENTED_EDGE('',*,*,#2359,.T.);
#618=ORIENTED_EDGE('',*,*,#2360,.T.);
#619=ORIENTED_EDGE('',*,*,#2361,.F.);
#620=ORIENTED_EDGE('',*,*,#2360,.F.);
#621=ORIENTED_EDGE('',*,*,#2362,.T.);
#622=ORIENTED_EDGE('',*,*,#2363,.T.);
#623=ORIENTED_EDGE('',*,*,#2364,.F.);
#624=ORIENTED_EDGE('',*,*,#2363,.F.);
#625=ORIENTED_EDGE('',*,*,#2365,.T.);
#626=ORIENTED_EDGE('',*,*,#2366,.T.);
#627=ORIENTED_EDGE('',*,*,#2367,.F.);
#628=ORIENTED_EDGE('',*,*,#2366,.F.);
#629=ORIENTED_EDGE('',*,*,#2368,.T.);
#630=ORIENTED_EDGE('',*,*,#2369,.T.);
#631=ORIENTED_EDGE('',*,*,#2370,.F.);
#632=ORIENTED_EDGE('',*,*,#2369,.F.);
#633=ORIENTED_EDGE('',*,*,#2371,.T.);
#634=ORIENTED_EDGE('',*,*,#2372,.T.);
#635=ORIENTED_EDGE('',*,*,#2373,.F.);
#636=ORIENTED_EDGE('',*,*,#2372,.F.);
#637=ORIENTED_EDGE('',*,*,#2374,.T.);
#638=ORIENTED_EDGE('',*,*,#2375,.T.);
#639=ORIENTED_EDGE('',*,*,#2376,.F.);
#640=ORIENTED_EDGE('',*,*,#2375,.F.);
#641=ORIENTED_EDGE('',*,*,#2377,.T.);
#642=ORIENTED_EDGE('',*,*,#2378,.T.);
#643=ORIENTED_EDGE('',*,*,#2379,.F.);
#644=ORIENTED_EDGE('',*,*,#2378,.F.);
#645=ORIENTED_EDGE('',*,*,#2380,.T.);
#646=ORIENTED_EDGE('',*,*,#2381,.T.);
#647=ORIENTED_EDGE('',*,*,#2382,.F.);
#648=ORIENTED_EDGE('',*,*,#2380,.F.);
#649=ORIENTED_EDGE('',*,*,#2377,.F.);
#650=ORIENTED_EDGE('',*,*,#2374,.F.);
#651=ORIENTED_EDGE('',*,*,#2371,.F.);
#652=ORIENTED_EDGE('',*,*,#2368,.F.);
#653=ORIENTED_EDGE('',*,*,#2365,.F.);
#654=ORIENTED_EDGE('',*,*,#2362,.F.);
#655=ORIENTED_EDGE('',*,*,#2359,.F.);
#656=ORIENTED_EDGE('',*,*,#2383,.F.);
#657=ORIENTED_EDGE('',*,*,#2384,.T.);
#658=ORIENTED_EDGE('',*,*,#2385,.T.);
#659=ORIENTED_EDGE('',*,*,#2357,.T.);
#660=ORIENTED_EDGE('',*,*,#2361,.T.);
#661=ORIENTED_EDGE('',*,*,#2364,.T.);
#662=ORIENTED_EDGE('',*,*,#2367,.T.);
#663=ORIENTED_EDGE('',*,*,#2370,.T.);
#664=ORIENTED_EDGE('',*,*,#2373,.T.);
#665=ORIENTED_EDGE('',*,*,#2376,.T.);
#666=ORIENTED_EDGE('',*,*,#2379,.T.);
#667=ORIENTED_EDGE('',*,*,#2386,.T.);
#668=ORIENTED_EDGE('',*,*,#2387,.T.);
#669=ORIENTED_EDGE('',*,*,#2388,.T.);
#670=ORIENTED_EDGE('',*,*,#2389,.T.);
#671=ORIENTED_EDGE('',*,*,#2390,.T.);
#672=ORIENTED_EDGE('',*,*,#2391,.T.);
#673=ORIENTED_EDGE('',*,*,#2392,.T.);
#674=ORIENTED_EDGE('',*,*,#2393,.T.);
#675=ORIENTED_EDGE('',*,*,#2394,.T.);
#676=ORIENTED_EDGE('',*,*,#2395,.T.);
#677=ORIENTED_EDGE('',*,*,#2396,.T.);
#678=ORIENTED_EDGE('',*,*,#2387,.F.);
#679=ORIENTED_EDGE('',*,*,#2397,.F.);
#680=ORIENTED_EDGE('',*,*,#2398,.T.);
#681=ORIENTED_EDGE('',*,*,#2399,.T.);
#682=ORIENTED_EDGE('',*,*,#2388,.F.);
#683=ORIENTED_EDGE('',*,*,#2399,.F.);
#684=ORIENTED_EDGE('',*,*,#2400,.T.);
#685=ORIENTED_EDGE('',*,*,#2401,.T.);
#686=ORIENTED_EDGE('',*,*,#2389,.F.);
#687=ORIENTED_EDGE('',*,*,#2401,.F.);
#688=ORIENTED_EDGE('',*,*,#2402,.T.);
#689=ORIENTED_EDGE('',*,*,#2403,.T.);
#690=ORIENTED_EDGE('',*,*,#2390,.F.);
#691=ORIENTED_EDGE('',*,*,#2403,.F.);
#692=ORIENTED_EDGE('',*,*,#2404,.T.);
#693=ORIENTED_EDGE('',*,*,#2405,.F.);
#694=ORIENTED_EDGE('',*,*,#2392,.F.);
#695=ORIENTED_EDGE('',*,*,#2406,.T.);
#696=ORIENTED_EDGE('',*,*,#2407,.T.);
#697=ORIENTED_EDGE('',*,*,#2408,.T.);
#698=ORIENTED_EDGE('',*,*,#2393,.F.);
#699=ORIENTED_EDGE('',*,*,#2408,.F.);
#700=ORIENTED_EDGE('',*,*,#2409,.T.);
#701=ORIENTED_EDGE('',*,*,#2410,.T.);
#702=ORIENTED_EDGE('',*,*,#2394,.F.);
#703=ORIENTED_EDGE('',*,*,#2410,.F.);
#704=ORIENTED_EDGE('',*,*,#2411,.T.);
#705=ORIENTED_EDGE('',*,*,#2412,.T.);
#706=ORIENTED_EDGE('',*,*,#2395,.F.);
#707=ORIENTED_EDGE('',*,*,#2412,.F.);
#708=ORIENTED_EDGE('',*,*,#2413,.T.);
#709=ORIENTED_EDGE('',*,*,#2414,.T.);
#710=ORIENTED_EDGE('',*,*,#2396,.F.);
#711=ORIENTED_EDGE('',*,*,#2414,.F.);
#712=ORIENTED_EDGE('',*,*,#2415,.T.);
#713=ORIENTED_EDGE('',*,*,#2416,.T.);
#714=ORIENTED_EDGE('',*,*,#2386,.F.);
#715=ORIENTED_EDGE('',*,*,#2416,.F.);
#716=ORIENTED_EDGE('',*,*,#2417,.T.);
#717=ORIENTED_EDGE('',*,*,#2397,.T.);
#718=ORIENTED_EDGE('',*,*,#2417,.F.);
#719=ORIENTED_EDGE('',*,*,#2415,.F.);
#720=ORIENTED_EDGE('',*,*,#2413,.F.);
#721=ORIENTED_EDGE('',*,*,#2411,.F.);
#722=ORIENTED_EDGE('',*,*,#2409,.F.);
#723=ORIENTED_EDGE('',*,*,#2407,.F.);
#724=ORIENTED_EDGE('',*,*,#2418,.F.);
#725=ORIENTED_EDGE('',*,*,#2404,.F.);
#726=ORIENTED_EDGE('',*,*,#2402,.F.);
#727=ORIENTED_EDGE('',*,*,#2400,.F.);
#728=ORIENTED_EDGE('',*,*,#2398,.F.);
#729=ORIENTED_EDGE('',*,*,#2419,.F.);
#730=ORIENTED_EDGE('',*,*,#2420,.F.);
#731=ORIENTED_EDGE('',*,*,#2421,.T.);
#732=ORIENTED_EDGE('',*,*,#2422,.T.);
#733=ORIENTED_EDGE('',*,*,#2423,.F.);
#734=ORIENTED_EDGE('',*,*,#2422,.F.);
#735=ORIENTED_EDGE('',*,*,#2424,.T.);
#736=ORIENTED_EDGE('',*,*,#2425,.T.);
#737=ORIENTED_EDGE('',*,*,#2426,.F.);
#738=ORIENTED_EDGE('',*,*,#2425,.F.);
#739=ORIENTED_EDGE('',*,*,#2427,.T.);
#740=ORIENTED_EDGE('',*,*,#2428,.T.);
#741=ORIENTED_EDGE('',*,*,#2429,.F.);
#742=ORIENTED_EDGE('',*,*,#2428,.F.);
#743=ORIENTED_EDGE('',*,*,#2430,.T.);
#744=ORIENTED_EDGE('',*,*,#2431,.T.);
#745=ORIENTED_EDGE('',*,*,#2432,.F.);
#746=ORIENTED_EDGE('',*,*,#2431,.F.);
#747=ORIENTED_EDGE('',*,*,#2433,.T.);
#748=ORIENTED_EDGE('',*,*,#2434,.T.);
#749=ORIENTED_EDGE('',*,*,#2435,.F.);
#750=ORIENTED_EDGE('',*,*,#2434,.F.);
#751=ORIENTED_EDGE('',*,*,#2436,.T.);
#752=ORIENTED_EDGE('',*,*,#2437,.T.);
#753=ORIENTED_EDGE('',*,*,#2438,.F.);
#754=ORIENTED_EDGE('',*,*,#2437,.F.);
#755=ORIENTED_EDGE('',*,*,#2439,.T.);
#756=ORIENTED_EDGE('',*,*,#2440,.T.);
#757=ORIENTED_EDGE('',*,*,#2441,.F.);
#758=ORIENTED_EDGE('',*,*,#2440,.F.);
#759=ORIENTED_EDGE('',*,*,#2442,.T.);
#760=ORIENTED_EDGE('',*,*,#2443,.T.);
#761=ORIENTED_EDGE('',*,*,#2444,.F.);
#762=ORIENTED_EDGE('',*,*,#2442,.F.);
#763=ORIENTED_EDGE('',*,*,#2439,.F.);
#764=ORIENTED_EDGE('',*,*,#2436,.F.);
#765=ORIENTED_EDGE('',*,*,#2433,.F.);
#766=ORIENTED_EDGE('',*,*,#2430,.F.);
#767=ORIENTED_EDGE('',*,*,#2427,.F.);
#768=ORIENTED_EDGE('',*,*,#2424,.F.);
#769=ORIENTED_EDGE('',*,*,#2421,.F.);
#770=ORIENTED_EDGE('',*,*,#2445,.F.);
#771=ORIENTED_EDGE('',*,*,#2446,.T.);
#772=ORIENTED_EDGE('',*,*,#2447,.T.);
#773=ORIENTED_EDGE('',*,*,#2419,.T.);
#774=ORIENTED_EDGE('',*,*,#2423,.T.);
#775=ORIENTED_EDGE('',*,*,#2426,.T.);
#776=ORIENTED_EDGE('',*,*,#2429,.T.);
#777=ORIENTED_EDGE('',*,*,#2432,.T.);
#778=ORIENTED_EDGE('',*,*,#2435,.T.);
#779=ORIENTED_EDGE('',*,*,#2438,.T.);
#780=ORIENTED_EDGE('',*,*,#2441,.T.);
#781=ORIENTED_EDGE('',*,*,#2448,.T.);
#782=ORIENTED_EDGE('',*,*,#2449,.T.);
#783=ORIENTED_EDGE('',*,*,#2450,.T.);
#784=ORIENTED_EDGE('',*,*,#2451,.T.);
#785=ORIENTED_EDGE('',*,*,#2452,.T.);
#786=ORIENTED_EDGE('',*,*,#2453,.T.);
#787=ORIENTED_EDGE('',*,*,#2454,.T.);
#788=ORIENTED_EDGE('',*,*,#2455,.T.);
#789=ORIENTED_EDGE('',*,*,#2456,.T.);
#790=ORIENTED_EDGE('',*,*,#2457,.T.);
#791=ORIENTED_EDGE('',*,*,#2458,.T.);
#792=ORIENTED_EDGE('',*,*,#2449,.F.);
#793=ORIENTED_EDGE('',*,*,#2459,.F.);
#794=ORIENTED_EDGE('',*,*,#2460,.T.);
#795=ORIENTED_EDGE('',*,*,#2461,.T.);
#796=ORIENTED_EDGE('',*,*,#2450,.F.);
#797=ORIENTED_EDGE('',*,*,#2461,.F.);
#798=ORIENTED_EDGE('',*,*,#2462,.T.);
#799=ORIENTED_EDGE('',*,*,#2463,.T.);
#800=ORIENTED_EDGE('',*,*,#2451,.F.);
#801=ORIENTED_EDGE('',*,*,#2463,.F.);
#802=ORIENTED_EDGE('',*,*,#2464,.T.);
#803=ORIENTED_EDGE('',*,*,#2465,.T.);
#804=ORIENTED_EDGE('',*,*,#2452,.F.);
#805=ORIENTED_EDGE('',*,*,#2465,.F.);
#806=ORIENTED_EDGE('',*,*,#2466,.T.);
#807=ORIENTED_EDGE('',*,*,#2467,.F.);
#808=ORIENTED_EDGE('',*,*,#2454,.F.);
#809=ORIENTED_EDGE('',*,*,#2468,.T.);
#810=ORIENTED_EDGE('',*,*,#2469,.T.);
#811=ORIENTED_EDGE('',*,*,#2470,.T.);
#812=ORIENTED_EDGE('',*,*,#2455,.F.);
#813=ORIENTED_EDGE('',*,*,#2470,.F.);
#814=ORIENTED_EDGE('',*,*,#2471,.T.);
#815=ORIENTED_EDGE('',*,*,#2472,.T.);
#816=ORIENTED_EDGE('',*,*,#2456,.F.);
#817=ORIENTED_EDGE('',*,*,#2472,.F.);
#818=ORIENTED_EDGE('',*,*,#2473,.T.);
#819=ORIENTED_EDGE('',*,*,#2474,.T.);
#820=ORIENTED_EDGE('',*,*,#2457,.F.);
#821=ORIENTED_EDGE('',*,*,#2474,.F.);
#822=ORIENTED_EDGE('',*,*,#2475,.T.);
#823=ORIENTED_EDGE('',*,*,#2476,.T.);
#824=ORIENTED_EDGE('',*,*,#2458,.F.);
#825=ORIENTED_EDGE('',*,*,#2476,.F.);
#826=ORIENTED_EDGE('',*,*,#2477,.T.);
#827=ORIENTED_EDGE('',*,*,#2478,.T.);
#828=ORIENTED_EDGE('',*,*,#2448,.F.);
#829=ORIENTED_EDGE('',*,*,#2478,.F.);
#830=ORIENTED_EDGE('',*,*,#2479,.T.);
#831=ORIENTED_EDGE('',*,*,#2459,.T.);
#832=ORIENTED_EDGE('',*,*,#2479,.F.);
#833=ORIENTED_EDGE('',*,*,#2477,.F.);
#834=ORIENTED_EDGE('',*,*,#2475,.F.);
#835=ORIENTED_EDGE('',*,*,#2473,.F.);
#836=ORIENTED_EDGE('',*,*,#2471,.F.);
#837=ORIENTED_EDGE('',*,*,#2469,.F.);
#838=ORIENTED_EDGE('',*,*,#2480,.F.);
#839=ORIENTED_EDGE('',*,*,#2466,.F.);
#840=ORIENTED_EDGE('',*,*,#2464,.F.);
#841=ORIENTED_EDGE('',*,*,#2462,.F.);
#842=ORIENTED_EDGE('',*,*,#2460,.F.);
#843=ORIENTED_EDGE('',*,*,#2481,.F.);
#844=ORIENTED_EDGE('',*,*,#2482,.F.);
#845=ORIENTED_EDGE('',*,*,#2483,.T.);
#846=ORIENTED_EDGE('',*,*,#2484,.T.);
#847=ORIENTED_EDGE('',*,*,#2485,.F.);
#848=ORIENTED_EDGE('',*,*,#2484,.F.);
#849=ORIENTED_EDGE('',*,*,#2486,.T.);
#850=ORIENTED_EDGE('',*,*,#2487,.T.);
#851=ORIENTED_EDGE('',*,*,#2488,.F.);
#852=ORIENTED_EDGE('',*,*,#2487,.F.);
#853=ORIENTED_EDGE('',*,*,#2489,.T.);
#854=ORIENTED_EDGE('',*,*,#2490,.T.);
#855=ORIENTED_EDGE('',*,*,#2491,.F.);
#856=ORIENTED_EDGE('',*,*,#2490,.F.);
#857=ORIENTED_EDGE('',*,*,#2492,.T.);
#858=ORIENTED_EDGE('',*,*,#2493,.T.);
#859=ORIENTED_EDGE('',*,*,#2494,.F.);
#860=ORIENTED_EDGE('',*,*,#2493,.F.);
#861=ORIENTED_EDGE('',*,*,#2495,.T.);
#862=ORIENTED_EDGE('',*,*,#2496,.T.);
#863=ORIENTED_EDGE('',*,*,#2497,.F.);
#864=ORIENTED_EDGE('',*,*,#2496,.F.);
#865=ORIENTED_EDGE('',*,*,#2498,.T.);
#866=ORIENTED_EDGE('',*,*,#2499,.T.);
#867=ORIENTED_EDGE('',*,*,#2500,.F.);
#868=ORIENTED_EDGE('',*,*,#2499,.F.);
#869=ORIENTED_EDGE('',*,*,#2501,.T.);
#870=ORIENTED_EDGE('',*,*,#2502,.T.);
#871=ORIENTED_EDGE('',*,*,#2503,.F.);
#872=ORIENTED_EDGE('',*,*,#2502,.F.);
#873=ORIENTED_EDGE('',*,*,#2504,.T.);
#874=ORIENTED_EDGE('',*,*,#2505,.T.);
#875=ORIENTED_EDGE('',*,*,#2506,.F.);
#876=ORIENTED_EDGE('',*,*,#2504,.F.);
#877=ORIENTED_EDGE('',*,*,#2501,.F.);
#878=ORIENTED_EDGE('',*,*,#2498,.F.);
#879=ORIENTED_EDGE('',*,*,#2495,.F.);
#880=ORIENTED_EDGE('',*,*,#2492,.F.);
#881=ORIENTED_EDGE('',*,*,#2489,.F.);
#882=ORIENTED_EDGE('',*,*,#2486,.F.);
#883=ORIENTED_EDGE('',*,*,#2483,.F.);
#884=ORIENTED_EDGE('',*,*,#2507,.F.);
#885=ORIENTED_EDGE('',*,*,#2508,.T.);
#886=ORIENTED_EDGE('',*,*,#2509,.T.);
#887=ORIENTED_EDGE('',*,*,#2481,.T.);
#888=ORIENTED_EDGE('',*,*,#2485,.T.);
#889=ORIENTED_EDGE('',*,*,#2488,.T.);
#890=ORIENTED_EDGE('',*,*,#2491,.T.);
#891=ORIENTED_EDGE('',*,*,#2494,.T.);
#892=ORIENTED_EDGE('',*,*,#2497,.T.);
#893=ORIENTED_EDGE('',*,*,#2500,.T.);
#894=ORIENTED_EDGE('',*,*,#2503,.T.);
#895=ORIENTED_EDGE('',*,*,#2510,.T.);
#896=ORIENTED_EDGE('',*,*,#2511,.T.);
#897=ORIENTED_EDGE('',*,*,#2512,.T.);
#898=ORIENTED_EDGE('',*,*,#2513,.T.);
#899=ORIENTED_EDGE('',*,*,#2514,.T.);
#900=ORIENTED_EDGE('',*,*,#2515,.T.);
#901=ORIENTED_EDGE('',*,*,#2516,.T.);
#902=ORIENTED_EDGE('',*,*,#2517,.T.);
#903=ORIENTED_EDGE('',*,*,#2518,.T.);
#904=ORIENTED_EDGE('',*,*,#2519,.T.);
#905=ORIENTED_EDGE('',*,*,#2520,.T.);
#906=ORIENTED_EDGE('',*,*,#2511,.F.);
#907=ORIENTED_EDGE('',*,*,#2521,.F.);
#908=ORIENTED_EDGE('',*,*,#2522,.T.);
#909=ORIENTED_EDGE('',*,*,#2523,.T.);
#910=ORIENTED_EDGE('',*,*,#2512,.F.);
#911=ORIENTED_EDGE('',*,*,#2523,.F.);
#912=ORIENTED_EDGE('',*,*,#2524,.T.);
#913=ORIENTED_EDGE('',*,*,#2525,.T.);
#914=ORIENTED_EDGE('',*,*,#2513,.F.);
#915=ORIENTED_EDGE('',*,*,#2525,.F.);
#916=ORIENTED_EDGE('',*,*,#2526,.T.);
#917=ORIENTED_EDGE('',*,*,#2527,.T.);
#918=ORIENTED_EDGE('',*,*,#2514,.F.);
#919=ORIENTED_EDGE('',*,*,#2527,.F.);
#920=ORIENTED_EDGE('',*,*,#2528,.T.);
#921=ORIENTED_EDGE('',*,*,#2529,.F.);
#922=ORIENTED_EDGE('',*,*,#2516,.F.);
#923=ORIENTED_EDGE('',*,*,#2530,.T.);
#924=ORIENTED_EDGE('',*,*,#2531,.T.);
#925=ORIENTED_EDGE('',*,*,#2532,.T.);
#926=ORIENTED_EDGE('',*,*,#2517,.F.);
#927=ORIENTED_EDGE('',*,*,#2532,.F.);
#928=ORIENTED_EDGE('',*,*,#2533,.T.);
#929=ORIENTED_EDGE('',*,*,#2534,.T.);
#930=ORIENTED_EDGE('',*,*,#2518,.F.);
#931=ORIENTED_EDGE('',*,*,#2534,.F.);
#932=ORIENTED_EDGE('',*,*,#2535,.T.);
#933=ORIENTED_EDGE('',*,*,#2536,.T.);
#934=ORIENTED_EDGE('',*,*,#2519,.F.);
#935=ORIENTED_EDGE('',*,*,#2536,.F.);
#936=ORIENTED_EDGE('',*,*,#2537,.T.);
#937=ORIENTED_EDGE('',*,*,#2538,.T.);
#938=ORIENTED_EDGE('',*,*,#2520,.F.);
#939=ORIENTED_EDGE('',*,*,#2538,.F.);
#940=ORIENTED_EDGE('',*,*,#2539,.T.);
#941=ORIENTED_EDGE('',*,*,#2540,.T.);
#942=ORIENTED_EDGE('',*,*,#2510,.F.);
#943=ORIENTED_EDGE('',*,*,#2540,.F.);
#944=ORIENTED_EDGE('',*,*,#2541,.T.);
#945=ORIENTED_EDGE('',*,*,#2521,.T.);
#946=ORIENTED_EDGE('',*,*,#2541,.F.);
#947=ORIENTED_EDGE('',*,*,#2539,.F.);
#948=ORIENTED_EDGE('',*,*,#2537,.F.);
#949=ORIENTED_EDGE('',*,*,#2535,.F.);
#950=ORIENTED_EDGE('',*,*,#2533,.F.);
#951=ORIENTED_EDGE('',*,*,#2531,.F.);
#952=ORIENTED_EDGE('',*,*,#2542,.F.);
#953=ORIENTED_EDGE('',*,*,#2528,.F.);
#954=ORIENTED_EDGE('',*,*,#2526,.F.);
#955=ORIENTED_EDGE('',*,*,#2524,.F.);
#956=ORIENTED_EDGE('',*,*,#2522,.F.);
#957=ORIENTED_EDGE('',*,*,#2543,.F.);
#958=ORIENTED_EDGE('',*,*,#2544,.F.);
#959=ORIENTED_EDGE('',*,*,#2545,.T.);
#960=ORIENTED_EDGE('',*,*,#2546,.T.);
#961=ORIENTED_EDGE('',*,*,#2547,.T.);
#962=ORIENTED_EDGE('',*,*,#2548,.T.);
#963=ORIENTED_EDGE('',*,*,#2549,.T.);
#964=ORIENTED_EDGE('',*,*,#2550,.F.);
#965=ORIENTED_EDGE('',*,*,#2551,.F.);
#966=ORIENTED_EDGE('',*,*,#2546,.F.);
#967=ORIENTED_EDGE('',*,*,#2552,.F.);
#968=ORIENTED_EDGE('',*,*,#2549,.F.);
#969=ORIENTED_EDGE('',*,*,#2553,.T.);
#970=ORIENTED_EDGE('',*,*,#2554,.T.);
#971=ORIENTED_EDGE('',*,*,#2555,.F.);
#972=ORIENTED_EDGE('',*,*,#2554,.F.);
#973=ORIENTED_EDGE('',*,*,#2556,.T.);
#974=ORIENTED_EDGE('',*,*,#2557,.T.);
#975=ORIENTED_EDGE('',*,*,#2558,.F.);
#976=ORIENTED_EDGE('',*,*,#2557,.F.);
#977=ORIENTED_EDGE('',*,*,#2559,.T.);
#978=ORIENTED_EDGE('',*,*,#2560,.T.);
#979=ORIENTED_EDGE('',*,*,#2561,.F.);
#980=ORIENTED_EDGE('',*,*,#2562,.F.);
#981=ORIENTED_EDGE('',*,*,#2563,.T.);
#982=ORIENTED_EDGE('',*,*,#2564,.T.);
#983=ORIENTED_EDGE('',*,*,#2565,.F.);
#984=ORIENTED_EDGE('',*,*,#2566,.F.);
#985=ORIENTED_EDGE('',*,*,#2564,.F.);
#986=ORIENTED_EDGE('',*,*,#2567,.T.);
#987=ORIENTED_EDGE('',*,*,#2568,.T.);
#988=ORIENTED_EDGE('',*,*,#2569,.F.);
#989=ORIENTED_EDGE('',*,*,#2568,.F.);
#990=ORIENTED_EDGE('',*,*,#2570,.T.);
#991=ORIENTED_EDGE('',*,*,#2571,.T.);
#992=ORIENTED_EDGE('',*,*,#2572,.F.);
#993=ORIENTED_EDGE('',*,*,#2571,.F.);
#994=ORIENTED_EDGE('',*,*,#2573,.T.);
#995=ORIENTED_EDGE('',*,*,#2574,.T.);
#996=ORIENTED_EDGE('',*,*,#2575,.F.);
#997=ORIENTED_EDGE('',*,*,#2574,.F.);
#998=ORIENTED_EDGE('',*,*,#2576,.T.);
#999=ORIENTED_EDGE('',*,*,#2577,.T.);
#1000=ORIENTED_EDGE('',*,*,#2578,.F.);
#1001=ORIENTED_EDGE('',*,*,#2579,.F.);
#1002=ORIENTED_EDGE('',*,*,#2580,.T.);
#1003=ORIENTED_EDGE('',*,*,#2581,.T.);
#1004=ORIENTED_EDGE('',*,*,#2582,.F.);
#1005=ORIENTED_EDGE('',*,*,#2583,.F.);
#1006=ORIENTED_EDGE('',*,*,#2584,.T.);
#1007=ORIENTED_EDGE('',*,*,#2579,.T.);
#1008=ORIENTED_EDGE('',*,*,#2585,.F.);
#1009=ORIENTED_EDGE('',*,*,#2586,.F.);
#1010=ORIENTED_EDGE('',*,*,#2587,.T.);
#1011=ORIENTED_EDGE('',*,*,#2583,.T.);
#1012=ORIENTED_EDGE('',*,*,#2588,.F.);
#1013=ORIENTED_EDGE('',*,*,#2589,.F.);
#1014=ORIENTED_EDGE('',*,*,#2590,.T.);
#1015=ORIENTED_EDGE('',*,*,#2586,.T.);
#1016=ORIENTED_EDGE('',*,*,#2591,.F.);
#1017=ORIENTED_EDGE('',*,*,#2592,.F.);
#1018=ORIENTED_EDGE('',*,*,#2593,.T.);
#1019=ORIENTED_EDGE('',*,*,#2589,.T.);
#1020=ORIENTED_EDGE('',*,*,#2594,.F.);
#1021=ORIENTED_EDGE('',*,*,#2595,.F.);
#1022=ORIENTED_EDGE('',*,*,#2596,.T.);
#1023=ORIENTED_EDGE('',*,*,#2592,.T.);
#1024=ORIENTED_EDGE('',*,*,#2597,.F.);
#1025=ORIENTED_EDGE('',*,*,#2577,.F.);
#1026=ORIENTED_EDGE('',*,*,#2598,.T.);
#1027=ORIENTED_EDGE('',*,*,#2595,.T.);
#1028=ORIENTED_EDGE('',*,*,#2599,.F.);
#1029=ORIENTED_EDGE('',*,*,#2600,.F.);
#1030=ORIENTED_EDGE('',*,*,#2601,.T.);
#1031=ORIENTED_EDGE('',*,*,#2602,.T.);
#1032=ORIENTED_EDGE('',*,*,#2603,.F.);
#1033=ORIENTED_EDGE('',*,*,#2602,.F.);
#1034=ORIENTED_EDGE('',*,*,#2604,.T.);
#1035=ORIENTED_EDGE('',*,*,#2605,.T.);
#1036=ORIENTED_EDGE('',*,*,#2606,.F.);
#1037=ORIENTED_EDGE('',*,*,#2605,.F.);
#1038=ORIENTED_EDGE('',*,*,#2607,.T.);
#1039=ORIENTED_EDGE('',*,*,#2608,.T.);
#1040=ORIENTED_EDGE('',*,*,#2609,.F.);
#1041=ORIENTED_EDGE('',*,*,#2608,.F.);
#1042=ORIENTED_EDGE('',*,*,#2610,.T.);
#1043=ORIENTED_EDGE('',*,*,#2611,.T.);
#1044=ORIENTED_EDGE('',*,*,#2612,.F.);
#1045=ORIENTED_EDGE('',*,*,#2611,.F.);
#1046=ORIENTED_EDGE('',*,*,#2613,.T.);
#1047=ORIENTED_EDGE('',*,*,#2614,.T.);
#1048=ORIENTED_EDGE('',*,*,#2615,.F.);
#1049=ORIENTED_EDGE('',*,*,#2614,.F.);
#1050=ORIENTED_EDGE('',*,*,#2616,.T.);
#1051=ORIENTED_EDGE('',*,*,#2617,.T.);
#1052=ORIENTED_EDGE('',*,*,#2618,.F.);
#1053=ORIENTED_EDGE('',*,*,#2565,.T.);
#1054=ORIENTED_EDGE('',*,*,#2566,.T.);
#1055=ORIENTED_EDGE('',*,*,#2569,.T.);
#1056=ORIENTED_EDGE('',*,*,#2572,.T.);
#1057=ORIENTED_EDGE('',*,*,#2575,.T.);
#1058=ORIENTED_EDGE('',*,*,#2619,.F.);
#1059=ORIENTED_EDGE('',*,*,#2620,.F.);
#1060=ORIENTED_EDGE('',*,*,#2621,.F.);
#1061=ORIENTED_EDGE('',*,*,#2622,.F.);
#1062=ORIENTED_EDGE('',*,*,#2623,.F.);
#1063=ORIENTED_EDGE('',*,*,#2624,.F.);
#1064=ORIENTED_EDGE('',*,*,#2625,.F.);
#1065=ORIENTED_EDGE('',*,*,#2617,.F.);
#1066=ORIENTED_EDGE('',*,*,#2626,.T.);
#1067=ORIENTED_EDGE('',*,*,#2627,.T.);
#1068=ORIENTED_EDGE('',*,*,#2628,.T.);
#1069=ORIENTED_EDGE('',*,*,#2629,.F.);
#1070=ORIENTED_EDGE('',*,*,#2630,.F.);
#1071=ORIENTED_EDGE('',*,*,#2631,.T.);
#1072=ORIENTED_EDGE('',*,*,#2632,.T.);
#1073=ORIENTED_EDGE('',*,*,#2631,.F.);
#1074=ORIENTED_EDGE('',*,*,#2633,.F.);
#1075=ORIENTED_EDGE('',*,*,#2634,.T.);
#1076=ORIENTED_EDGE('',*,*,#2635,.T.);
#1077=ORIENTED_EDGE('',*,*,#2634,.F.);
#1078=ORIENTED_EDGE('',*,*,#2636,.F.);
#1079=ORIENTED_EDGE('',*,*,#2637,.T.);
#1080=ORIENTED_EDGE('',*,*,#2638,.T.);
#1081=ORIENTED_EDGE('',*,*,#2637,.F.);
#1082=ORIENTED_EDGE('',*,*,#2639,.F.);
#1083=ORIENTED_EDGE('',*,*,#2640,.T.);
#1084=ORIENTED_EDGE('',*,*,#2641,.T.);
#1085=ORIENTED_EDGE('',*,*,#2640,.F.);
#1086=ORIENTED_EDGE('',*,*,#2642,.F.);
#1087=ORIENTED_EDGE('',*,*,#2643,.T.);
#1088=ORIENTED_EDGE('',*,*,#2644,.T.);
#1089=ORIENTED_EDGE('',*,*,#2643,.F.);
#1090=ORIENTED_EDGE('',*,*,#2645,.F.);
#1091=ORIENTED_EDGE('',*,*,#2646,.T.);
#1092=ORIENTED_EDGE('',*,*,#2647,.T.);
#1093=ORIENTED_EDGE('',*,*,#2646,.F.);
#1094=ORIENTED_EDGE('',*,*,#2648,.F.);
#1095=ORIENTED_EDGE('',*,*,#2649,.T.);
#1096=ORIENTED_EDGE('',*,*,#2620,.T.);
#1097=ORIENTED_EDGE('',*,*,#2649,.F.);
#1098=ORIENTED_EDGE('',*,*,#2650,.F.);
#1099=ORIENTED_EDGE('',*,*,#2651,.T.);
#1100=ORIENTED_EDGE('',*,*,#2621,.T.);
#1101=ORIENTED_EDGE('',*,*,#2651,.F.);
#1102=ORIENTED_EDGE('',*,*,#2652,.F.);
#1103=ORIENTED_EDGE('',*,*,#2653,.T.);
#1104=ORIENTED_EDGE('',*,*,#2622,.T.);
#1105=ORIENTED_EDGE('',*,*,#2653,.F.);
#1106=ORIENTED_EDGE('',*,*,#2654,.F.);
#1107=ORIENTED_EDGE('',*,*,#2655,.T.);
#1108=ORIENTED_EDGE('',*,*,#2623,.T.);
#1109=ORIENTED_EDGE('',*,*,#2655,.F.);
#1110=ORIENTED_EDGE('',*,*,#2656,.F.);
#1111=ORIENTED_EDGE('',*,*,#2657,.T.);
#1112=ORIENTED_EDGE('',*,*,#2658,.T.);
#1113=ORIENTED_EDGE('',*,*,#2624,.T.);
#1114=ORIENTED_EDGE('',*,*,#2657,.F.);
#1115=ORIENTED_EDGE('',*,*,#2659,.F.);
#1116=ORIENTED_EDGE('',*,*,#2660,.T.);
#1117=ORIENTED_EDGE('',*,*,#2661,.F.);
#1118=ORIENTED_EDGE('',*,*,#2662,.F.);
#1119=ORIENTED_EDGE('',*,*,#2663,.T.);
#1120=ORIENTED_EDGE('',*,*,#2562,.T.);
#1121=ORIENTED_EDGE('',*,*,#2664,.T.);
#1122=ORIENTED_EDGE('',*,*,#2660,.F.);
#1123=ORIENTED_EDGE('',*,*,#2665,.F.);
#1124=ORIENTED_EDGE('',*,*,#2666,.T.);
#1125=ORIENTED_EDGE('',*,*,#2667,.F.);
#1126=ORIENTED_EDGE('',*,*,#2668,.T.);
#1127=ORIENTED_EDGE('',*,*,#2669,.T.);
#1128=ORIENTED_EDGE('',*,*,#2658,.F.);
#1129=ORIENTED_EDGE('',*,*,#2664,.F.);
#1130=ORIENTED_EDGE('',*,*,#2670,.F.);
#1131=ORIENTED_EDGE('',*,*,#2671,.F.);
#1132=ORIENTED_EDGE('',*,*,#2668,.F.);
#1133=ORIENTED_EDGE('',*,*,#2672,.T.);
#1134=ORIENTED_EDGE('',*,*,#2673,.T.);
#1135=ORIENTED_EDGE('',*,*,#2674,.T.);
#1136=ORIENTED_EDGE('',*,*,#2675,.F.);
#1137=ORIENTED_EDGE('',*,*,#2676,.T.);
#1138=ORIENTED_EDGE('',*,*,#2677,.T.);
#1139=ORIENTED_EDGE('',*,*,#2661,.T.);
#1140=ORIENTED_EDGE('',*,*,#2561,.T.);
#1141=ORIENTED_EDGE('',*,*,#2678,.F.);
#1142=ORIENTED_EDGE('',*,*,#2673,.F.);
#1143=ORIENTED_EDGE('',*,*,#2676,.F.);
#1144=ORIENTED_EDGE('',*,*,#2679,.T.);
#1145=ORIENTED_EDGE('',*,*,#2680,.T.);
#1146=ORIENTED_EDGE('',*,*,#2681,.T.);
#1147=ORIENTED_EDGE('',*,*,#2682,.F.);
#1148=ORIENTED_EDGE('',*,*,#2683,.T.);
#1149=ORIENTED_EDGE('',*,*,#2671,.T.);
#1150=ORIENTED_EDGE('',*,*,#2684,.F.);
#1151=ORIENTED_EDGE('',*,*,#2685,.T.);
#1152=ORIENTED_EDGE('',*,*,#2686,.F.);
#1153=ORIENTED_EDGE('',*,*,#2687,.F.);
#1154=ORIENTED_EDGE('',*,*,#2688,.T.);
#1155=ORIENTED_EDGE('',*,*,#2689,.T.);
#1156=ORIENTED_EDGE('',*,*,#2091,.T.);
#1157=ORIENTED_EDGE('',*,*,#2090,.T.);
#1158=ORIENTED_EDGE('',*,*,#2088,.T.);
#1159=ORIENTED_EDGE('',*,*,#2690,.T.);
#1160=ORIENTED_EDGE('',*,*,#2105,.T.);
#1161=ORIENTED_EDGE('',*,*,#2104,.T.);
#1162=ORIENTED_EDGE('',*,*,#2102,.T.);
#1163=ORIENTED_EDGE('',*,*,#2691,.T.);
#1164=ORIENTED_EDGE('',*,*,#2119,.T.);
#1165=ORIENTED_EDGE('',*,*,#2118,.T.);
#1166=ORIENTED_EDGE('',*,*,#2116,.T.);
#1167=ORIENTED_EDGE('',*,*,#2692,.T.);
#1168=ORIENTED_EDGE('',*,*,#2133,.T.);
#1169=ORIENTED_EDGE('',*,*,#2132,.T.);
#1170=ORIENTED_EDGE('',*,*,#2130,.T.);
#1171=ORIENTED_EDGE('',*,*,#2693,.T.);
#1172=ORIENTED_EDGE('',*,*,#2147,.T.);
#1173=ORIENTED_EDGE('',*,*,#2146,.T.);
#1174=ORIENTED_EDGE('',*,*,#2144,.T.);
#1175=ORIENTED_EDGE('',*,*,#2694,.T.);
#1176=ORIENTED_EDGE('',*,*,#2161,.T.);
#1177=ORIENTED_EDGE('',*,*,#2160,.T.);
#1178=ORIENTED_EDGE('',*,*,#2158,.T.);
#1179=ORIENTED_EDGE('',*,*,#2695,.T.);
#1180=ORIENTED_EDGE('',*,*,#2175,.T.);
#1181=ORIENTED_EDGE('',*,*,#2174,.T.);
#1182=ORIENTED_EDGE('',*,*,#2172,.T.);
#1183=ORIENTED_EDGE('',*,*,#2696,.T.);
#1184=ORIENTED_EDGE('',*,*,#2189,.T.);
#1185=ORIENTED_EDGE('',*,*,#2188,.T.);
#1186=ORIENTED_EDGE('',*,*,#2186,.T.);
#1187=ORIENTED_EDGE('',*,*,#2697,.T.);
#1188=ORIENTED_EDGE('',*,*,#2203,.T.);
#1189=ORIENTED_EDGE('',*,*,#2202,.T.);
#1190=ORIENTED_EDGE('',*,*,#2200,.T.);
#1191=ORIENTED_EDGE('',*,*,#2698,.T.);
#1192=ORIENTED_EDGE('',*,*,#2217,.T.);
#1193=ORIENTED_EDGE('',*,*,#2216,.T.);
#1194=ORIENTED_EDGE('',*,*,#2214,.T.);
#1195=ORIENTED_EDGE('',*,*,#2699,.T.);
#1196=ORIENTED_EDGE('',*,*,#2231,.T.);
#1197=ORIENTED_EDGE('',*,*,#2230,.T.);
#1198=ORIENTED_EDGE('',*,*,#2228,.T.);
#1199=ORIENTED_EDGE('',*,*,#2700,.T.);
#1200=ORIENTED_EDGE('',*,*,#2701,.T.);
#1201=ORIENTED_EDGE('',*,*,#2702,.T.);
#1202=ORIENTED_EDGE('',*,*,#2703,.T.);
#1203=ORIENTED_EDGE('',*,*,#2704,.T.);
#1204=ORIENTED_EDGE('',*,*,#2705,.T.);
#1205=ORIENTED_EDGE('',*,*,#2706,.F.);
#1206=ORIENTED_EDGE('',*,*,#2707,.F.);
#1207=ORIENTED_EDGE('',*,*,#2708,.T.);
#1208=ORIENTED_EDGE('',*,*,#2709,.F.);
#1209=ORIENTED_EDGE('',*,*,#2710,.F.);
#1210=ORIENTED_EDGE('',*,*,#2706,.T.);
#1211=ORIENTED_EDGE('',*,*,#2711,.T.);
#1212=ORIENTED_EDGE('',*,*,#2712,.F.);
#1213=ORIENTED_EDGE('',*,*,#2713,.F.);
#1214=ORIENTED_EDGE('',*,*,#2709,.T.);
#1215=ORIENTED_EDGE('',*,*,#2714,.F.);
#1216=ORIENTED_EDGE('',*,*,#2715,.F.);
#1217=ORIENTED_EDGE('',*,*,#2712,.T.);
#1218=ORIENTED_EDGE('',*,*,#2716,.T.);
#1219=ORIENTED_EDGE('',*,*,#2717,.F.);
#1220=ORIENTED_EDGE('',*,*,#2714,.T.);
#1221=ORIENTED_EDGE('',*,*,#2718,.T.);
#1222=ORIENTED_EDGE('',*,*,#2688,.F.);
#1223=ORIENTED_EDGE('',*,*,#2551,.T.);
#1224=ORIENTED_EDGE('',*,*,#2719,.T.);
#1225=ORIENTED_EDGE('',*,*,#2720,.T.);
#1226=ORIENTED_EDGE('',*,*,#2543,.T.);
#1227=ORIENTED_EDGE('',*,*,#2720,.F.);
#1228=ORIENTED_EDGE('',*,*,#2721,.F.);
#1229=ORIENTED_EDGE('',*,*,#2722,.T.);
#1230=ORIENTED_EDGE('',*,*,#2544,.T.);
#1231=ORIENTED_EDGE('',*,*,#2723,.F.);
#1232=ORIENTED_EDGE('',*,*,#2547,.F.);
#1233=ORIENTED_EDGE('',*,*,#2545,.F.);
#1234=ORIENTED_EDGE('',*,*,#2722,.F.);
#1235=ORIENTED_EDGE('',*,*,#2724,.T.);
#1236=ORIENTED_EDGE('',*,*,#2725,.T.);
#1237=ORIENTED_EDGE('',*,*,#2550,.T.);
#1238=ORIENTED_EDGE('',*,*,#2552,.T.);
#1239=ORIENTED_EDGE('',*,*,#2555,.T.);
#1240=ORIENTED_EDGE('',*,*,#2558,.T.);
#1241=ORIENTED_EDGE('',*,*,#2726,.F.);
#1242=ORIENTED_EDGE('',*,*,#2727,.F.);
#1243=ORIENTED_EDGE('',*,*,#2559,.F.);
#1244=ORIENTED_EDGE('',*,*,#2556,.F.);
#1245=ORIENTED_EDGE('',*,*,#2553,.F.);
#1246=ORIENTED_EDGE('',*,*,#2548,.F.);
#1247=ORIENTED_EDGE('',*,*,#2724,.F.);
#1248=ORIENTED_EDGE('',*,*,#2560,.F.);
#1249=ORIENTED_EDGE('',*,*,#2727,.T.);
#1250=ORIENTED_EDGE('',*,*,#2728,.T.);
#1251=ORIENTED_EDGE('',*,*,#2729,.T.);
#1252=ORIENTED_EDGE('',*,*,#2730,.F.);
#1253=ORIENTED_EDGE('',*,*,#2731,.F.);
#1254=ORIENTED_EDGE('',*,*,#2686,.T.);
#1255=ORIENTED_EDGE('',*,*,#2663,.F.);
#1256=ORIENTED_EDGE('',*,*,#2732,.T.);
#1257=ORIENTED_EDGE('',*,*,#2733,.T.);
#1258=ORIENTED_EDGE('',*,*,#2734,.T.);
#1259=ORIENTED_EDGE('',*,*,#2735,.F.);
#1260=ORIENTED_EDGE('',*,*,#2576,.F.);
#1261=ORIENTED_EDGE('',*,*,#2573,.F.);
#1262=ORIENTED_EDGE('',*,*,#2570,.F.);
#1263=ORIENTED_EDGE('',*,*,#2567,.F.);
#1264=ORIENTED_EDGE('',*,*,#2563,.F.);
#1265=ORIENTED_EDGE('',*,*,#2736,.F.);
#1266=ORIENTED_EDGE('',*,*,#2737,.F.);
#1267=ORIENTED_EDGE('',*,*,#2738,.F.);
#1268=ORIENTED_EDGE('',*,*,#2628,.F.);
#1269=ORIENTED_EDGE('',*,*,#2632,.F.);
#1270=ORIENTED_EDGE('',*,*,#2635,.F.);
#1271=ORIENTED_EDGE('',*,*,#2638,.F.);
#1272=ORIENTED_EDGE('',*,*,#2641,.F.);
#1273=ORIENTED_EDGE('',*,*,#2644,.F.);
#1274=ORIENTED_EDGE('',*,*,#2647,.F.);
#1275=ORIENTED_EDGE('',*,*,#2738,.T.);
#1276=ORIENTED_EDGE('',*,*,#2739,.F.);
#1277=ORIENTED_EDGE('',*,*,#2740,.F.);
#1278=ORIENTED_EDGE('',*,*,#2629,.T.);
#1279=ORIENTED_EDGE('',*,*,#2741,.T.);
#1280=ORIENTED_EDGE('',*,*,#2742,.F.);
#1281=ORIENTED_EDGE('',*,*,#2580,.F.);
#1282=ORIENTED_EDGE('',*,*,#2584,.F.);
#1283=ORIENTED_EDGE('',*,*,#2587,.F.);
#1284=ORIENTED_EDGE('',*,*,#2590,.F.);
#1285=ORIENTED_EDGE('',*,*,#2593,.F.);
#1286=ORIENTED_EDGE('',*,*,#2596,.F.);
#1287=ORIENTED_EDGE('',*,*,#2598,.F.);
#1288=ORIENTED_EDGE('',*,*,#2743,.T.);
#1289=ORIENTED_EDGE('',*,*,#2744,.F.);
#1290=ORIENTED_EDGE('',*,*,#2581,.F.);
#1291=ORIENTED_EDGE('',*,*,#2742,.T.);
#1292=ORIENTED_EDGE('',*,*,#2745,.T.);
#1293=ORIENTED_EDGE('',*,*,#2746,.F.);
#1294=ORIENTED_EDGE('',*,*,#2597,.T.);
#1295=ORIENTED_EDGE('',*,*,#2594,.T.);
#1296=ORIENTED_EDGE('',*,*,#2591,.T.);
#1297=ORIENTED_EDGE('',*,*,#2588,.T.);
#1298=ORIENTED_EDGE('',*,*,#2585,.T.);
#1299=ORIENTED_EDGE('',*,*,#2582,.T.);
#1300=ORIENTED_EDGE('',*,*,#2578,.T.);
#1301=ORIENTED_EDGE('',*,*,#2744,.T.);
#1302=ORIENTED_EDGE('',*,*,#2747,.F.);
#1303=ORIENTED_EDGE('',*,*,#2748,.T.);
#1304=ORIENTED_EDGE('',*,*,#2749,.T.);
#1305=ORIENTED_EDGE('',*,*,#2750,.T.);
#1306=ORIENTED_EDGE('',*,*,#2599,.T.);
#1307=ORIENTED_EDGE('',*,*,#2603,.T.);
#1308=ORIENTED_EDGE('',*,*,#2606,.T.);
#1309=ORIENTED_EDGE('',*,*,#2609,.T.);
#1310=ORIENTED_EDGE('',*,*,#2612,.T.);
#1311=ORIENTED_EDGE('',*,*,#2615,.T.);
#1312=ORIENTED_EDGE('',*,*,#2625,.T.);
#1313=ORIENTED_EDGE('',*,*,#2750,.F.);
#1314=ORIENTED_EDGE('',*,*,#2751,.F.);
#1315=ORIENTED_EDGE('',*,*,#2752,.T.);
#1316=ORIENTED_EDGE('',*,*,#2600,.T.);
#1317=ORIENTED_EDGE('',*,*,#2753,.F.);
#1318=ORIENTED_EDGE('',*,*,#2626,.F.);
#1319=ORIENTED_EDGE('',*,*,#2616,.F.);
#1320=ORIENTED_EDGE('',*,*,#2613,.F.);
#1321=ORIENTED_EDGE('',*,*,#2610,.F.);
#1322=ORIENTED_EDGE('',*,*,#2607,.F.);
#1323=ORIENTED_EDGE('',*,*,#2604,.F.);
#1324=ORIENTED_EDGE('',*,*,#2601,.F.);
#1325=ORIENTED_EDGE('',*,*,#2752,.F.);
#1326=ORIENTED_EDGE('',*,*,#2754,.F.);
#1327=ORIENTED_EDGE('',*,*,#2755,.T.);
#1328=ORIENTED_EDGE('',*,*,#2260,.F.);
#1329=ORIENTED_EDGE('',*,*,#2257,.F.);
#1330=ORIENTED_EDGE('',*,*,#2258,.T.);
#1331=ORIENTED_EDGE('',*,*,#2756,.T.);
#1332=ORIENTED_EDGE('',*,*,#2736,.T.);
#1333=ORIENTED_EDGE('',*,*,#2619,.T.);
#1334=ORIENTED_EDGE('',*,*,#2669,.F.);
#1335=ORIENTED_EDGE('',*,*,#2674,.F.);
#1336=ORIENTED_EDGE('',*,*,#2678,.T.);
#1337=ORIENTED_EDGE('',*,*,#2618,.T.);
#1338=ORIENTED_EDGE('',*,*,#2746,.T.);
#1339=ORIENTED_EDGE('',*,*,#2757,.T.);
#1340=ORIENTED_EDGE('',*,*,#2748,.F.);
#1341=ORIENTED_EDGE('',*,*,#2627,.F.);
#1342=ORIENTED_EDGE('',*,*,#2753,.T.);
#1343=ORIENTED_EDGE('',*,*,#2758,.T.);
#1344=ORIENTED_EDGE('',*,*,#2508,.F.);
#1345=ORIENTED_EDGE('',*,*,#2505,.F.);
#1346=ORIENTED_EDGE('',*,*,#2506,.T.);
#1347=ORIENTED_EDGE('',*,*,#2759,.T.);
#1348=ORIENTED_EDGE('',*,*,#2446,.F.);
#1349=ORIENTED_EDGE('',*,*,#2443,.F.);
#1350=ORIENTED_EDGE('',*,*,#2444,.T.);
#1351=ORIENTED_EDGE('',*,*,#2760,.T.);
#1352=ORIENTED_EDGE('',*,*,#2384,.F.);
#1353=ORIENTED_EDGE('',*,*,#2381,.F.);
#1354=ORIENTED_EDGE('',*,*,#2382,.T.);
#1355=ORIENTED_EDGE('',*,*,#2761,.T.);
#1356=ORIENTED_EDGE('',*,*,#2322,.F.);
#1357=ORIENTED_EDGE('',*,*,#2319,.F.);
#1358=ORIENTED_EDGE('',*,*,#2320,.T.);
#1359=ORIENTED_EDGE('',*,*,#2762,.T.);
#1360=ORIENTED_EDGE('',*,*,#2763,.T.);
#1361=ORIENTED_EDGE('',*,*,#2648,.T.);
#1362=ORIENTED_EDGE('',*,*,#2645,.T.);
#1363=ORIENTED_EDGE('',*,*,#2642,.T.);
#1364=ORIENTED_EDGE('',*,*,#2639,.T.);
#1365=ORIENTED_EDGE('',*,*,#2636,.T.);
#1366=ORIENTED_EDGE('',*,*,#2633,.T.);
#1367=ORIENTED_EDGE('',*,*,#2630,.T.);
#1368=ORIENTED_EDGE('',*,*,#2740,.T.);
#1369=ORIENTED_EDGE('',*,*,#2764,.F.);
#1370=ORIENTED_EDGE('',*,*,#2665,.T.);
#1371=ORIENTED_EDGE('',*,*,#2659,.T.);
#1372=ORIENTED_EDGE('',*,*,#2656,.T.);
#1373=ORIENTED_EDGE('',*,*,#2654,.T.);
#1374=ORIENTED_EDGE('',*,*,#2652,.T.);
#1375=ORIENTED_EDGE('',*,*,#2650,.T.);
#1376=ORIENTED_EDGE('',*,*,#2765,.T.);
#1377=ORIENTED_EDGE('',*,*,#2766,.T.);
#1378=ORIENTED_EDGE('',*,*,#2767,.T.);
#1379=ORIENTED_EDGE('',*,*,#2715,.T.);
#1380=ORIENTED_EDGE('',*,*,#2717,.T.);
#1381=ORIENTED_EDGE('',*,*,#2687,.T.);
#1382=ORIENTED_EDGE('',*,*,#2731,.T.);
#1383=ORIENTED_EDGE('',*,*,#2768,.T.);
#1384=ORIENTED_EDGE('',*,*,#2769,.T.);
#1385=ORIENTED_EDGE('',*,*,#2770,.T.);
#1386=ORIENTED_EDGE('',*,*,#2707,.T.);
#1387=ORIENTED_EDGE('',*,*,#2710,.T.);
#1388=ORIENTED_EDGE('',*,*,#2713,.T.);
#1389=ORIENTED_EDGE('',*,*,#2680,.F.);
#1390=ORIENTED_EDGE('',*,*,#2771,.F.);
#1391=ORIENTED_EDGE('',*,*,#2772,.T.);
#1392=ORIENTED_EDGE('',*,*,#2773,.T.);
#1393=ORIENTED_EDGE('',*,*,#2677,.F.);
#1394=ORIENTED_EDGE('',*,*,#2681,.F.);
#1395=ORIENTED_EDGE('',*,*,#2773,.F.);
#1396=ORIENTED_EDGE('',*,*,#2774,.T.);
#1397=ORIENTED_EDGE('',*,*,#2775,.T.);
#1398=ORIENTED_EDGE('',*,*,#2776,.F.);
#1399=ORIENTED_EDGE('',*,*,#2732,.F.);
#1400=ORIENTED_EDGE('',*,*,#2662,.T.);
#1401=ORIENTED_EDGE('',*,*,#2777,.F.);
#1402=ORIENTED_EDGE('',*,*,#2775,.F.);
#1403=ORIENTED_EDGE('',*,*,#2778,.T.);
#1404=ORIENTED_EDGE('',*,*,#2779,.T.);
#1405=ORIENTED_EDGE('',*,*,#2780,.T.);
#1406=ORIENTED_EDGE('',*,*,#2781,.F.);
#1407=ORIENTED_EDGE('',*,*,#2782,.F.);
#1408=ORIENTED_EDGE('',*,*,#2783,.T.);
#1409=ORIENTED_EDGE('',*,*,#2670,.T.);
#1410=ORIENTED_EDGE('',*,*,#2666,.F.);
#1411=ORIENTED_EDGE('',*,*,#2764,.T.);
#1412=ORIENTED_EDGE('',*,*,#2784,.T.);
#1413=ORIENTED_EDGE('',*,*,#2783,.F.);
#1414=ORIENTED_EDGE('',*,*,#2785,.F.);
#1415=ORIENTED_EDGE('',*,*,#2786,.T.);
#1416=ORIENTED_EDGE('',*,*,#2684,.T.);
#1417=ORIENTED_EDGE('',*,*,#2787,.T.);
#1418=ORIENTED_EDGE('',*,*,#2682,.T.);
#1419=ORIENTED_EDGE('',*,*,#2786,.F.);
#1420=ORIENTED_EDGE('',*,*,#2788,.F.);
#1421=ORIENTED_EDGE('',*,*,#2689,.F.);
#1422=ORIENTED_EDGE('',*,*,#2770,.F.);
#1423=ORIENTED_EDGE('',*,*,#2789,.T.);
#1424=ORIENTED_EDGE('',*,*,#2771,.T.);
#1425=ORIENTED_EDGE('',*,*,#2679,.F.);
#1426=ORIENTED_EDGE('',*,*,#2675,.T.);
#1427=ORIENTED_EDGE('',*,*,#2672,.F.);
#1428=ORIENTED_EDGE('',*,*,#2667,.T.);
#1429=ORIENTED_EDGE('',*,*,#2683,.F.);
#1430=ORIENTED_EDGE('',*,*,#2787,.F.);
#1431=ORIENTED_EDGE('',*,*,#2790,.F.);
#1432=ORIENTED_EDGE('',*,*,#2791,.T.);
#1433=ORIENTED_EDGE('',*,*,#2704,.F.);
#1434=ORIENTED_EDGE('',*,*,#2792,.F.);
#1435=ORIENTED_EDGE('',*,*,#2793,.T.);
#1436=ORIENTED_EDGE('',*,*,#2794,.T.);
#1437=ORIENTED_EDGE('',*,*,#2700,.F.);
#1438=ORIENTED_EDGE('',*,*,#2227,.F.);
#1439=ORIENTED_EDGE('',*,*,#2225,.T.);
#1440=ORIENTED_EDGE('',*,*,#2232,.T.);
#1441=ORIENTED_EDGE('',*,*,#2699,.F.);
#1442=ORIENTED_EDGE('',*,*,#2213,.F.);
#1443=ORIENTED_EDGE('',*,*,#2211,.T.);
#1444=ORIENTED_EDGE('',*,*,#2218,.T.);
#1445=ORIENTED_EDGE('',*,*,#2698,.F.);
#1446=ORIENTED_EDGE('',*,*,#2199,.F.);
#1447=ORIENTED_EDGE('',*,*,#2197,.T.);
#1448=ORIENTED_EDGE('',*,*,#2204,.T.);
#1449=ORIENTED_EDGE('',*,*,#2697,.F.);
#1450=ORIENTED_EDGE('',*,*,#2185,.F.);
#1451=ORIENTED_EDGE('',*,*,#2183,.T.);
#1452=ORIENTED_EDGE('',*,*,#2190,.T.);
#1453=ORIENTED_EDGE('',*,*,#2696,.F.);
#1454=ORIENTED_EDGE('',*,*,#2171,.F.);
#1455=ORIENTED_EDGE('',*,*,#2169,.T.);
#1456=ORIENTED_EDGE('',*,*,#2176,.T.);
#1457=ORIENTED_EDGE('',*,*,#2695,.F.);
#1458=ORIENTED_EDGE('',*,*,#2157,.F.);
#1459=ORIENTED_EDGE('',*,*,#2155,.T.);
#1460=ORIENTED_EDGE('',*,*,#2162,.T.);
#1461=ORIENTED_EDGE('',*,*,#2694,.F.);
#1462=ORIENTED_EDGE('',*,*,#2143,.F.);
#1463=ORIENTED_EDGE('',*,*,#2141,.T.);
#1464=ORIENTED_EDGE('',*,*,#2148,.T.);
#1465=ORIENTED_EDGE('',*,*,#2693,.F.);
#1466=ORIENTED_EDGE('',*,*,#2129,.F.);
#1467=ORIENTED_EDGE('',*,*,#2127,.T.);
#1468=ORIENTED_EDGE('',*,*,#2134,.T.);
#1469=ORIENTED_EDGE('',*,*,#2692,.F.);
#1470=ORIENTED_EDGE('',*,*,#2115,.F.);
#1471=ORIENTED_EDGE('',*,*,#2113,.T.);
#1472=ORIENTED_EDGE('',*,*,#2120,.T.);
#1473=ORIENTED_EDGE('',*,*,#2691,.F.);
#1474=ORIENTED_EDGE('',*,*,#2101,.F.);
#1475=ORIENTED_EDGE('',*,*,#2099,.T.);
#1476=ORIENTED_EDGE('',*,*,#2106,.T.);
#1477=ORIENTED_EDGE('',*,*,#2690,.F.);
#1478=ORIENTED_EDGE('',*,*,#2087,.F.);
#1479=ORIENTED_EDGE('',*,*,#2085,.T.);
#1480=ORIENTED_EDGE('',*,*,#2092,.T.);
#1481=ORIENTED_EDGE('',*,*,#2718,.F.);
#1482=ORIENTED_EDGE('',*,*,#2716,.F.);
#1483=ORIENTED_EDGE('',*,*,#2711,.F.);
#1484=ORIENTED_EDGE('',*,*,#2708,.F.);
#1485=ORIENTED_EDGE('',*,*,#2705,.F.);
#1486=ORIENTED_EDGE('',*,*,#2791,.F.);
#1487=ORIENTED_EDGE('',*,*,#2795,.F.);
#1488=ORIENTED_EDGE('',*,*,#2796,.F.);
#1489=ORIENTED_EDGE('',*,*,#2729,.F.);
#1490=ORIENTED_EDGE('',*,*,#2685,.F.);
#1491=ORIENTED_EDGE('',*,*,#2797,.T.);
#1492=ORIENTED_EDGE('',*,*,#2798,.F.);
#1493=ORIENTED_EDGE('',*,*,#2799,.F.);
#1494=ORIENTED_EDGE('',*,*,#2800,.T.);
#1495=ORIENTED_EDGE('',*,*,#2801,.T.);
#1496=ORIENTED_EDGE('',*,*,#2800,.F.);
#1497=ORIENTED_EDGE('',*,*,#2802,.F.);
#1498=ORIENTED_EDGE('',*,*,#2803,.T.);
#1499=ORIENTED_EDGE('',*,*,#2804,.T.);
#1500=ORIENTED_EDGE('',*,*,#2723,.T.);
#1501=ORIENTED_EDGE('',*,*,#2721,.T.);
#1502=ORIENTED_EDGE('',*,*,#2719,.F.);
#1503=ORIENTED_EDGE('',*,*,#2805,.T.);
#1504=ORIENTED_EDGE('',*,*,#2806,.T.);
#1505=ORIENTED_EDGE('',*,*,#2803,.F.);
#1506=ORIENTED_EDGE('',*,*,#2807,.F.);
#1507=ORIENTED_EDGE('',*,*,#2728,.F.);
#1508=ORIENTED_EDGE('',*,*,#2726,.T.);
#1509=ORIENTED_EDGE('',*,*,#2804,.F.);
#1510=ORIENTED_EDGE('',*,*,#2808,.F.);
#1511=ORIENTED_EDGE('',*,*,#2809,.T.);
#1512=ORIENTED_EDGE('',*,*,#2810,.T.);
#1513=ORIENTED_EDGE('',*,*,#2805,.F.);
#1514=ORIENTED_EDGE('',*,*,#2725,.F.);
#1515=ORIENTED_EDGE('',*,*,#2796,.T.);
#1516=ORIENTED_EDGE('',*,*,#2811,.T.);
#1517=ORIENTED_EDGE('',*,*,#2809,.F.);
#1518=ORIENTED_EDGE('',*,*,#2812,.F.);
#1519=ORIENTED_EDGE('',*,*,#2768,.F.);
#1520=ORIENTED_EDGE('',*,*,#2730,.T.);
#1521=ORIENTED_EDGE('',*,*,#2813,.F.);
#1522=ORIENTED_EDGE('',*,*,#2814,.F.);
#1523=ORIENTED_EDGE('',*,*,#2815,.T.);
#1524=ORIENTED_EDGE('',*,*,#2816,.T.);
#1525=ORIENTED_EDGE('',*,*,#2817,.F.);
#1526=ORIENTED_EDGE('',*,*,#2816,.F.);
#1527=ORIENTED_EDGE('',*,*,#2818,.T.);
#1528=ORIENTED_EDGE('',*,*,#2819,.T.);
#1529=ORIENTED_EDGE('',*,*,#2820,.F.);
#1530=ORIENTED_EDGE('',*,*,#2819,.F.);
#1531=ORIENTED_EDGE('',*,*,#2821,.T.);
#1532=ORIENTED_EDGE('',*,*,#2822,.T.);
#1533=ORIENTED_EDGE('',*,*,#2823,.F.);
#1534=ORIENTED_EDGE('',*,*,#2822,.F.);
#1535=ORIENTED_EDGE('',*,*,#2824,.T.);
#1536=ORIENTED_EDGE('',*,*,#2825,.T.);
#1537=ORIENTED_EDGE('',*,*,#2826,.F.);
#1538=ORIENTED_EDGE('',*,*,#2825,.F.);
#1539=ORIENTED_EDGE('',*,*,#2827,.T.);
#1540=ORIENTED_EDGE('',*,*,#2828,.T.);
#1541=ORIENTED_EDGE('',*,*,#2829,.F.);
#1542=ORIENTED_EDGE('',*,*,#2828,.F.);
#1543=ORIENTED_EDGE('',*,*,#2830,.T.);
#1544=ORIENTED_EDGE('',*,*,#2831,.T.);
#1545=ORIENTED_EDGE('',*,*,#2832,.T.);
#1546=ORIENTED_EDGE('',*,*,#2833,.T.);
#1547=ORIENTED_EDGE('',*,*,#2834,.F.);
#1548=ORIENTED_EDGE('',*,*,#2831,.F.);
#1549=ORIENTED_EDGE('',*,*,#2835,.F.);
#1550=ORIENTED_EDGE('',*,*,#2836,.F.);
#1551=ORIENTED_EDGE('',*,*,#2837,.F.);
#1552=ORIENTED_EDGE('',*,*,#2838,.F.);
#1553=ORIENTED_EDGE('',*,*,#2833,.F.);
#1554=ORIENTED_EDGE('',*,*,#2839,.F.);
#1555=ORIENTED_EDGE('',*,*,#2836,.T.);
#1556=ORIENTED_EDGE('',*,*,#2840,.T.);
#1557=ORIENTED_EDGE('',*,*,#2841,.T.);
#1558=ORIENTED_EDGE('',*,*,#2842,.F.);
#1559=ORIENTED_EDGE('',*,*,#2841,.F.);
#1560=ORIENTED_EDGE('',*,*,#2843,.T.);
#1561=ORIENTED_EDGE('',*,*,#2844,.T.);
#1562=ORIENTED_EDGE('',*,*,#2845,.F.);
#1563=ORIENTED_EDGE('',*,*,#2844,.F.);
#1564=ORIENTED_EDGE('',*,*,#2846,.T.);
#1565=ORIENTED_EDGE('',*,*,#2847,.T.);
#1566=ORIENTED_EDGE('',*,*,#2848,.F.);
#1567=ORIENTED_EDGE('',*,*,#2847,.F.);
#1568=ORIENTED_EDGE('',*,*,#2849,.T.);
#1569=ORIENTED_EDGE('',*,*,#2850,.T.);
#1570=ORIENTED_EDGE('',*,*,#2851,.F.);
#1571=ORIENTED_EDGE('',*,*,#2850,.F.);
#1572=ORIENTED_EDGE('',*,*,#2852,.T.);
#1573=ORIENTED_EDGE('',*,*,#2853,.T.);
#1574=ORIENTED_EDGE('',*,*,#2854,.F.);
#1575=ORIENTED_EDGE('',*,*,#2855,.F.);
#1576=ORIENTED_EDGE('',*,*,#2856,.F.);
#1577=ORIENTED_EDGE('',*,*,#2853,.F.);
#1578=ORIENTED_EDGE('',*,*,#2857,.T.);
#1579=ORIENTED_EDGE('',*,*,#2779,.F.);
#1580=ORIENTED_EDGE('',*,*,#2858,.T.);
#1581=ORIENTED_EDGE('',*,*,#2859,.F.);
#1582=ORIENTED_EDGE('',*,*,#2860,.F.);
#1583=ORIENTED_EDGE('',*,*,#2733,.F.);
#1584=ORIENTED_EDGE('',*,*,#2776,.T.);
#1585=ORIENTED_EDGE('',*,*,#2777,.T.);
#1586=ORIENTED_EDGE('',*,*,#2860,.T.);
#1587=ORIENTED_EDGE('',*,*,#2861,.F.);
#1588=ORIENTED_EDGE('',*,*,#2862,.F.);
#1589=ORIENTED_EDGE('',*,*,#2734,.F.);
#1590=ORIENTED_EDGE('',*,*,#2862,.T.);
#1591=ORIENTED_EDGE('',*,*,#2863,.F.);
#1592=ORIENTED_EDGE('',*,*,#2864,.F.);
#1593=ORIENTED_EDGE('',*,*,#2865,.T.);
#1594=ORIENTED_EDGE('',*,*,#2735,.T.);
#1595=ORIENTED_EDGE('',*,*,#2864,.T.);
#1596=ORIENTED_EDGE('',*,*,#2866,.F.);
#1597=ORIENTED_EDGE('',*,*,#2743,.F.);
#1598=ORIENTED_EDGE('',*,*,#2865,.F.);
#1599=ORIENTED_EDGE('',*,*,#2867,.F.);
#1600=ORIENTED_EDGE('',*,*,#2868,.T.);
#1601=ORIENTED_EDGE('',*,*,#2869,.F.);
#1602=ORIENTED_EDGE('',*,*,#2870,.T.);
#1603=ORIENTED_EDGE('',*,*,#2871,.T.);
#1604=ORIENTED_EDGE('',*,*,#2872,.F.);
#1605=ORIENTED_EDGE('',*,*,#2873,.T.);
#1606=ORIENTED_EDGE('',*,*,#2854,.T.);
#1607=ORIENTED_EDGE('',*,*,#2874,.T.);
#1608=ORIENTED_EDGE('',*,*,#2869,.T.);
#1609=ORIENTED_EDGE('',*,*,#2875,.F.);
#1610=ORIENTED_EDGE('',*,*,#2876,.F.);
#1611=ORIENTED_EDGE('',*,*,#2877,.T.);
#1612=ORIENTED_EDGE('',*,*,#2878,.F.);
#1613=ORIENTED_EDGE('',*,*,#2879,.F.);
#1614=ORIENTED_EDGE('',*,*,#2880,.T.);
#1615=ORIENTED_EDGE('',*,*,#2881,.T.);
#1616=ORIENTED_EDGE('',*,*,#2882,.F.);
#1617=ORIENTED_EDGE('',*,*,#2883,.F.);
#1618=ORIENTED_EDGE('',*,*,#2878,.T.);
#1619=ORIENTED_EDGE('',*,*,#2755,.F.);
#1620=ORIENTED_EDGE('',*,*,#2321,.T.);
#1621=ORIENTED_EDGE('',*,*,#2296,.T.);
#1622=ORIENTED_EDGE('',*,*,#2323,.F.);
#1623=ORIENTED_EDGE('',*,*,#2761,.F.);
#1624=ORIENTED_EDGE('',*,*,#2383,.T.);
#1625=ORIENTED_EDGE('',*,*,#2358,.T.);
#1626=ORIENTED_EDGE('',*,*,#2385,.F.);
#1627=ORIENTED_EDGE('',*,*,#2760,.F.);
#1628=ORIENTED_EDGE('',*,*,#2445,.T.);
#1629=ORIENTED_EDGE('',*,*,#2420,.T.);
#1630=ORIENTED_EDGE('',*,*,#2447,.F.);
#1631=ORIENTED_EDGE('',*,*,#2759,.F.);
#1632=ORIENTED_EDGE('',*,*,#2507,.T.);
#1633=ORIENTED_EDGE('',*,*,#2482,.T.);
#1634=ORIENTED_EDGE('',*,*,#2509,.F.);
#1635=ORIENTED_EDGE('',*,*,#2758,.F.);
#1636=ORIENTED_EDGE('',*,*,#2754,.T.);
#1637=ORIENTED_EDGE('',*,*,#2751,.T.);
#1638=ORIENTED_EDGE('',*,*,#2749,.F.);
#1639=ORIENTED_EDGE('',*,*,#2757,.F.);
#1640=ORIENTED_EDGE('',*,*,#2747,.T.);
#1641=ORIENTED_EDGE('',*,*,#2745,.F.);
#1642=ORIENTED_EDGE('',*,*,#2741,.F.);
#1643=ORIENTED_EDGE('',*,*,#2868,.F.);
#1644=ORIENTED_EDGE('',*,*,#2884,.F.);
#1645=ORIENTED_EDGE('',*,*,#2882,.T.);
#1646=ORIENTED_EDGE('',*,*,#2885,.T.);
#1647=ORIENTED_EDGE('',*,*,#2886,.F.);
#1648=ORIENTED_EDGE('',*,*,#2762,.F.);
#1649=ORIENTED_EDGE('',*,*,#2739,.T.);
#1650=ORIENTED_EDGE('',*,*,#2737,.T.);
#1651=ORIENTED_EDGE('',*,*,#2756,.F.);
#1652=ORIENTED_EDGE('',*,*,#2259,.T.);
#1653=ORIENTED_EDGE('',*,*,#2234,.T.);
#1654=ORIENTED_EDGE('',*,*,#2261,.F.);
#1655=ORIENTED_EDGE('',*,*,#2763,.F.);
#1656=ORIENTED_EDGE('',*,*,#2886,.T.);
#1657=ORIENTED_EDGE('',*,*,#2887,.T.);
#1658=ORIENTED_EDGE('',*,*,#2888,.T.);
#1659=ORIENTED_EDGE('',*,*,#2765,.F.);
#1660=ORIENTED_EDGE('',*,*,#2888,.F.);
#1661=ORIENTED_EDGE('',*,*,#2889,.T.);
#1662=ORIENTED_EDGE('',*,*,#2890,.F.);
#1663=ORIENTED_EDGE('',*,*,#2766,.F.);
#1664=ORIENTED_EDGE('',*,*,#2890,.T.);
#1665=ORIENTED_EDGE('',*,*,#2891,.T.);
#1666=ORIENTED_EDGE('',*,*,#2892,.F.);
#1667=ORIENTED_EDGE('',*,*,#2784,.F.);
#1668=ORIENTED_EDGE('',*,*,#2767,.F.);
#1669=ORIENTED_EDGE('',*,*,#2892,.T.);
#1670=ORIENTED_EDGE('',*,*,#2893,.T.);
#1671=ORIENTED_EDGE('',*,*,#2894,.F.);
#1672=ORIENTED_EDGE('',*,*,#2780,.F.);
#1673=ORIENTED_EDGE('',*,*,#2895,.F.);
#1674=ORIENTED_EDGE('',*,*,#2781,.T.);
#1675=ORIENTED_EDGE('',*,*,#2894,.T.);
#1676=ORIENTED_EDGE('',*,*,#2896,.T.);
#1677=ORIENTED_EDGE('',*,*,#2897,.F.);
#1678=ORIENTED_EDGE('',*,*,#2898,.F.);
#1679=ORIENTED_EDGE('',*,*,#2899,.T.);
#1680=ORIENTED_EDGE('',*,*,#2900,.T.);
#1681=ORIENTED_EDGE('',*,*,#2901,.F.);
#1682=ORIENTED_EDGE('',*,*,#2900,.F.);
#1683=ORIENTED_EDGE('',*,*,#2902,.T.);
#1684=ORIENTED_EDGE('',*,*,#2903,.T.);
#1685=ORIENTED_EDGE('',*,*,#2904,.F.);
#1686=ORIENTED_EDGE('',*,*,#2903,.F.);
#1687=ORIENTED_EDGE('',*,*,#2905,.T.);
#1688=ORIENTED_EDGE('',*,*,#2906,.T.);
#1689=ORIENTED_EDGE('',*,*,#2907,.F.);
#1690=ORIENTED_EDGE('',*,*,#2906,.F.);
#1691=ORIENTED_EDGE('',*,*,#2908,.T.);
#1692=ORIENTED_EDGE('',*,*,#2909,.T.);
#1693=ORIENTED_EDGE('',*,*,#2910,.T.);
#1694=ORIENTED_EDGE('',*,*,#2911,.T.);
#1695=ORIENTED_EDGE('',*,*,#2912,.F.);
#1696=ORIENTED_EDGE('',*,*,#2909,.F.);
#1697=ORIENTED_EDGE('',*,*,#2913,.F.);
#1698=ORIENTED_EDGE('',*,*,#2914,.T.);
#1699=ORIENTED_EDGE('',*,*,#2915,.T.);
#1700=ORIENTED_EDGE('',*,*,#2916,.F.);
#1701=ORIENTED_EDGE('',*,*,#2917,.F.);
#1702=ORIENTED_EDGE('',*,*,#2918,.T.);
#1703=ORIENTED_EDGE('',*,*,#2919,.F.);
#1704=ORIENTED_EDGE('',*,*,#2920,.T.);
#1705=ORIENTED_EDGE('',*,*,#2921,.T.);
#1706=ORIENTED_EDGE('',*,*,#2914,.F.);
#1707=ORIENTED_EDGE('',*,*,#2918,.F.);
#1708=ORIENTED_EDGE('',*,*,#2922,.T.);
#1709=ORIENTED_EDGE('',*,*,#2898,.T.);
#1710=ORIENTED_EDGE('',*,*,#2923,.F.);
#1711=ORIENTED_EDGE('',*,*,#2924,.F.);
#1712=ORIENTED_EDGE('',*,*,#2925,.F.);
#1713=ORIENTED_EDGE('',*,*,#2926,.F.);
#1714=ORIENTED_EDGE('',*,*,#2927,.T.);
#1715=ORIENTED_EDGE('',*,*,#2928,.T.);
#1716=ORIENTED_EDGE('',*,*,#2929,.F.);
#1717=ORIENTED_EDGE('',*,*,#2930,.F.);
#1718=ORIENTED_EDGE('',*,*,#2931,.T.);
#1719=ORIENTED_EDGE('',*,*,#2926,.T.);
#1720=ORIENTED_EDGE('',*,*,#2932,.F.);
#1721=ORIENTED_EDGE('',*,*,#2933,.F.);
#1722=ORIENTED_EDGE('',*,*,#2934,.T.);
#1723=ORIENTED_EDGE('',*,*,#2930,.T.);
#1724=ORIENTED_EDGE('',*,*,#2935,.F.);
#1725=ORIENTED_EDGE('',*,*,#2936,.F.);
#1726=ORIENTED_EDGE('',*,*,#2937,.T.);
#1727=ORIENTED_EDGE('',*,*,#2933,.T.);
#1728=ORIENTED_EDGE('',*,*,#2938,.F.);
#1729=ORIENTED_EDGE('',*,*,#2939,.F.);
#1730=ORIENTED_EDGE('',*,*,#2940,.T.);
#1731=ORIENTED_EDGE('',*,*,#2936,.T.);
#1732=ORIENTED_EDGE('',*,*,#2941,.F.);
#1733=ORIENTED_EDGE('',*,*,#2942,.F.);
#1734=ORIENTED_EDGE('',*,*,#2943,.T.);
#1735=ORIENTED_EDGE('',*,*,#2939,.T.);
#1736=ORIENTED_EDGE('',*,*,#2944,.F.);
#1737=ORIENTED_EDGE('',*,*,#2945,.T.);
#1738=ORIENTED_EDGE('',*,*,#2946,.T.);
#1739=ORIENTED_EDGE('',*,*,#2942,.T.);
#1740=ORIENTED_EDGE('',*,*,#2947,.F.);
#1741=ORIENTED_EDGE('',*,*,#2945,.F.);
#1742=ORIENTED_EDGE('',*,*,#2948,.F.);
#1743=ORIENTED_EDGE('',*,*,#2949,.F.);
#1744=ORIENTED_EDGE('',*,*,#2911,.F.);
#1745=ORIENTED_EDGE('',*,*,#2950,.F.);
#1746=ORIENTED_EDGE('',*,*,#2951,.F.);
#1747=ORIENTED_EDGE('',*,*,#2952,.F.);
#1748=ORIENTED_EDGE('',*,*,#2858,.F.);
#1749=ORIENTED_EDGE('',*,*,#2778,.F.);
#1750=ORIENTED_EDGE('',*,*,#2774,.F.);
#1751=ORIENTED_EDGE('',*,*,#2772,.F.);
#1752=ORIENTED_EDGE('',*,*,#2789,.F.);
#1753=ORIENTED_EDGE('',*,*,#2769,.F.);
#1754=ORIENTED_EDGE('',*,*,#2953,.F.);
#1755=ORIENTED_EDGE('',*,*,#2954,.T.);
#1756=ORIENTED_EDGE('',*,*,#2955,.T.);
#1757=ORIENTED_EDGE('',*,*,#2876,.T.);
#1758=ORIENTED_EDGE('',*,*,#2956,.T.);
#1759=ORIENTED_EDGE('',*,*,#2855,.T.);
#1760=ORIENTED_EDGE('',*,*,#2873,.F.);
#1761=ORIENTED_EDGE('',*,*,#2955,.F.);
#1762=ORIENTED_EDGE('',*,*,#2856,.T.);
#1763=ORIENTED_EDGE('',*,*,#2957,.T.);
#1764=ORIENTED_EDGE('',*,*,#2845,.T.);
#1765=ORIENTED_EDGE('',*,*,#2848,.T.);
#1766=ORIENTED_EDGE('',*,*,#2851,.T.);
#1767=ORIENTED_EDGE('',*,*,#2958,.T.);
#1768=ORIENTED_EDGE('',*,*,#2837,.T.);
#1769=ORIENTED_EDGE('',*,*,#2839,.T.);
#1770=ORIENTED_EDGE('',*,*,#2842,.T.);
#1771=ORIENTED_EDGE('',*,*,#2912,.T.);
#1772=ORIENTED_EDGE('',*,*,#2949,.T.);
#1773=ORIENTED_EDGE('',*,*,#2959,.T.);
#1774=ORIENTED_EDGE('',*,*,#2907,.T.);
#1775=ORIENTED_EDGE('',*,*,#2904,.T.);
#1776=ORIENTED_EDGE('',*,*,#2960,.T.);
#1777=ORIENTED_EDGE('',*,*,#2923,.T.);
#1778=ORIENTED_EDGE('',*,*,#2897,.T.);
#1779=ORIENTED_EDGE('',*,*,#2901,.T.);
#1780=ORIENTED_EDGE('',*,*,#2919,.T.);
#1781=ORIENTED_EDGE('',*,*,#2924,.T.);
#1782=ORIENTED_EDGE('',*,*,#2961,.T.);
#1783=ORIENTED_EDGE('',*,*,#2962,.T.);
#1784=ORIENTED_EDGE('',*,*,#2963,.T.);
#1785=ORIENTED_EDGE('',*,*,#2920,.F.);
#1786=ORIENTED_EDGE('',*,*,#2962,.F.);
#1787=ORIENTED_EDGE('',*,*,#2964,.F.);
#1788=ORIENTED_EDGE('',*,*,#2965,.F.);
#1789=ORIENTED_EDGE('',*,*,#2966,.T.);
#1790=ORIENTED_EDGE('',*,*,#2795,.T.);
#1791=ORIENTED_EDGE('',*,*,#2790,.T.);
#1792=ORIENTED_EDGE('',*,*,#2788,.T.);
#1793=ORIENTED_EDGE('',*,*,#2785,.T.);
#1794=ORIENTED_EDGE('',*,*,#2782,.T.);
#1795=ORIENTED_EDGE('',*,*,#2895,.T.);
#1796=ORIENTED_EDGE('',*,*,#2967,.T.);
#1797=ORIENTED_EDGE('',*,*,#2966,.F.);
#1798=ORIENTED_EDGE('',*,*,#2968,.F.);
#1799=ORIENTED_EDGE('',*,*,#2969,.F.);
#1800=ORIENTED_EDGE('',*,*,#2797,.F.);
#1801=ORIENTED_EDGE('',*,*,#2801,.F.);
#1802=ORIENTED_EDGE('',*,*,#2806,.F.);
#1803=ORIENTED_EDGE('',*,*,#2810,.F.);
#1804=ORIENTED_EDGE('',*,*,#2811,.F.);
#1805=ORIENTED_EDGE('',*,*,#2969,.T.);
#1806=ORIENTED_EDGE('',*,*,#2970,.F.);
#1807=ORIENTED_EDGE('',*,*,#2971,.F.);
#1808=ORIENTED_EDGE('',*,*,#2798,.T.);
#1809=ORIENTED_EDGE('',*,*,#2972,.T.);
#1810=ORIENTED_EDGE('',*,*,#2950,.T.);
#1811=ORIENTED_EDGE('',*,*,#2812,.T.);
#1812=ORIENTED_EDGE('',*,*,#2808,.T.);
#1813=ORIENTED_EDGE('',*,*,#2807,.T.);
#1814=ORIENTED_EDGE('',*,*,#2802,.T.);
#1815=ORIENTED_EDGE('',*,*,#2799,.T.);
#1816=ORIENTED_EDGE('',*,*,#2971,.T.);
#1817=ORIENTED_EDGE('',*,*,#2973,.T.);
#1818=ORIENTED_EDGE('',*,*,#2974,.T.);
#1819=ORIENTED_EDGE('',*,*,#2975,.T.);
#1820=ORIENTED_EDGE('',*,*,#2813,.T.);
#1821=ORIENTED_EDGE('',*,*,#2817,.T.);
#1822=ORIENTED_EDGE('',*,*,#2820,.T.);
#1823=ORIENTED_EDGE('',*,*,#2823,.T.);
#1824=ORIENTED_EDGE('',*,*,#2826,.T.);
#1825=ORIENTED_EDGE('',*,*,#2829,.T.);
#1826=ORIENTED_EDGE('',*,*,#2834,.T.);
#1827=ORIENTED_EDGE('',*,*,#2838,.T.);
#1828=ORIENTED_EDGE('',*,*,#2976,.F.);
#1829=ORIENTED_EDGE('',*,*,#2977,.T.);
#1830=ORIENTED_EDGE('',*,*,#2814,.T.);
#1831=ORIENTED_EDGE('',*,*,#2975,.F.);
#1832=ORIENTED_EDGE('',*,*,#2874,.F.);
#1833=ORIENTED_EDGE('',*,*,#2857,.F.);
#1834=ORIENTED_EDGE('',*,*,#2852,.F.);
#1835=ORIENTED_EDGE('',*,*,#2849,.F.);
#1836=ORIENTED_EDGE('',*,*,#2846,.F.);
#1837=ORIENTED_EDGE('',*,*,#2843,.F.);
#1838=ORIENTED_EDGE('',*,*,#2840,.F.);
#1839=ORIENTED_EDGE('',*,*,#2835,.T.);
#1840=ORIENTED_EDGE('',*,*,#2832,.F.);
#1841=ORIENTED_EDGE('',*,*,#2830,.F.);
#1842=ORIENTED_EDGE('',*,*,#2827,.F.);
#1843=ORIENTED_EDGE('',*,*,#2824,.F.);
#1844=ORIENTED_EDGE('',*,*,#2821,.F.);
#1845=ORIENTED_EDGE('',*,*,#2818,.F.);
#1846=ORIENTED_EDGE('',*,*,#2815,.F.);
#1847=ORIENTED_EDGE('',*,*,#2977,.F.);
#1848=ORIENTED_EDGE('',*,*,#2978,.F.);
#1849=ORIENTED_EDGE('',*,*,#2979,.F.);
#1850=ORIENTED_EDGE('',*,*,#2870,.F.);
#1851=ORIENTED_EDGE('',*,*,#2871,.F.);
#1852=ORIENTED_EDGE('',*,*,#2979,.T.);
#1853=ORIENTED_EDGE('',*,*,#2980,.F.);
#1854=ORIENTED_EDGE('',*,*,#2981,.F.);
#1855=ORIENTED_EDGE('',*,*,#2875,.T.);
#1856=ORIENTED_EDGE('',*,*,#2872,.T.);
#1857=ORIENTED_EDGE('',*,*,#2981,.T.);
#1858=ORIENTED_EDGE('',*,*,#2982,.T.);
#1859=ORIENTED_EDGE('',*,*,#2983,.T.);
#1860=ORIENTED_EDGE('',*,*,#2879,.T.);
#1861=ORIENTED_EDGE('',*,*,#2883,.T.);
#1862=ORIENTED_EDGE('',*,*,#2884,.T.);
#1863=ORIENTED_EDGE('',*,*,#2867,.T.);
#1864=ORIENTED_EDGE('',*,*,#2866,.T.);
#1865=ORIENTED_EDGE('',*,*,#2863,.T.);
#1866=ORIENTED_EDGE('',*,*,#2861,.T.);
#1867=ORIENTED_EDGE('',*,*,#2859,.T.);
#1868=ORIENTED_EDGE('',*,*,#2952,.T.);
#1869=ORIENTED_EDGE('',*,*,#2984,.T.);
#1870=ORIENTED_EDGE('',*,*,#2953,.T.);
#1871=ORIENTED_EDGE('',*,*,#2985,.T.);
#1872=ORIENTED_EDGE('',*,*,#2880,.F.);
#1873=ORIENTED_EDGE('',*,*,#2983,.F.);
#1874=ORIENTED_EDGE('',*,*,#2986,.T.);
#1875=ORIENTED_EDGE('',*,*,#2915,.F.);
#1876=ORIENTED_EDGE('',*,*,#2921,.F.);
#1877=ORIENTED_EDGE('',*,*,#2963,.F.);
#1878=ORIENTED_EDGE('',*,*,#2987,.F.);
#1879=ORIENTED_EDGE('',*,*,#2967,.F.);
#1880=ORIENTED_EDGE('',*,*,#2896,.F.);
#1881=ORIENTED_EDGE('',*,*,#2893,.F.);
#1882=ORIENTED_EDGE('',*,*,#2891,.F.);
#1883=ORIENTED_EDGE('',*,*,#2889,.F.);
#1884=ORIENTED_EDGE('',*,*,#2887,.F.);
#1885=ORIENTED_EDGE('',*,*,#2885,.F.);
#1886=ORIENTED_EDGE('',*,*,#2881,.F.);
#1887=ORIENTED_EDGE('',*,*,#2877,.F.);
#1888=ORIENTED_EDGE('',*,*,#2985,.F.);
#1889=ORIENTED_EDGE('',*,*,#2988,.F.);
#1890=ORIENTED_EDGE('',*,*,#2989,.F.);
#1891=ORIENTED_EDGE('',*,*,#2990,.F.);
#1892=ORIENTED_EDGE('',*,*,#2916,.T.);
#1893=ORIENTED_EDGE('',*,*,#2989,.T.);
#1894=ORIENTED_EDGE('',*,*,#2991,.F.);
#1895=ORIENTED_EDGE('',*,*,#2922,.F.);
#1896=ORIENTED_EDGE('',*,*,#2917,.T.);
#1897=ORIENTED_EDGE('',*,*,#2913,.T.);
#1898=ORIENTED_EDGE('',*,*,#2990,.T.);
#1899=ORIENTED_EDGE('',*,*,#2992,.T.);
#1900=ORIENTED_EDGE('',*,*,#2993,.F.);
#1901=ORIENTED_EDGE('',*,*,#2927,.F.);
#1902=ORIENTED_EDGE('',*,*,#2931,.F.);
#1903=ORIENTED_EDGE('',*,*,#2934,.F.);
#1904=ORIENTED_EDGE('',*,*,#2937,.F.);
#1905=ORIENTED_EDGE('',*,*,#2940,.F.);
#1906=ORIENTED_EDGE('',*,*,#2943,.F.);
#1907=ORIENTED_EDGE('',*,*,#2946,.F.);
#1908=ORIENTED_EDGE('',*,*,#2947,.T.);
#1909=ORIENTED_EDGE('',*,*,#2910,.F.);
#1910=ORIENTED_EDGE('',*,*,#2908,.F.);
#1911=ORIENTED_EDGE('',*,*,#2905,.F.);
#1912=ORIENTED_EDGE('',*,*,#2902,.F.);
#1913=ORIENTED_EDGE('',*,*,#2899,.F.);
#1914=ORIENTED_EDGE('',*,*,#2994,.F.);
#1915=ORIENTED_EDGE('',*,*,#2995,.F.);
#1916=ORIENTED_EDGE('',*,*,#2928,.F.);
#1917=ORIENTED_EDGE('',*,*,#2993,.T.);
#1918=ORIENTED_EDGE('',*,*,#2996,.T.);
#1919=ORIENTED_EDGE('',*,*,#2948,.T.);
#1920=ORIENTED_EDGE('',*,*,#2944,.T.);
#1921=ORIENTED_EDGE('',*,*,#2941,.T.);
#1922=ORIENTED_EDGE('',*,*,#2938,.T.);
#1923=ORIENTED_EDGE('',*,*,#2935,.T.);
#1924=ORIENTED_EDGE('',*,*,#2932,.T.);
#1925=ORIENTED_EDGE('',*,*,#2929,.T.);
#1926=ORIENTED_EDGE('',*,*,#2925,.T.);
#1927=ORIENTED_EDGE('',*,*,#2995,.T.);
#1928=ORIENTED_EDGE('',*,*,#2997,.F.);
#1929=ORIENTED_EDGE('',*,*,#2998,.F.);
#1930=ORIENTED_EDGE('',*,*,#2344,.F.);
#1931=ORIENTED_EDGE('',*,*,#2999,.F.);
#1932=ORIENTED_EDGE('',*,*,#2406,.F.);
#1933=ORIENTED_EDGE('',*,*,#3000,.F.);
#1934=ORIENTED_EDGE('',*,*,#2468,.F.);
#1935=ORIENTED_EDGE('',*,*,#3001,.F.);
#1936=ORIENTED_EDGE('',*,*,#2530,.F.);
#1937=ORIENTED_EDGE('',*,*,#3002,.F.);
#1938=ORIENTED_EDGE('',*,*,#3003,.F.);
#1939=ORIENTED_EDGE('',*,*,#3004,.F.);
#1940=ORIENTED_EDGE('',*,*,#2973,.F.);
#1941=ORIENTED_EDGE('',*,*,#2958,.F.);
#1942=ORIENTED_EDGE('',*,*,#2957,.F.);
#1943=ORIENTED_EDGE('',*,*,#2956,.F.);
#1944=ORIENTED_EDGE('',*,*,#2954,.F.);
#1945=ORIENTED_EDGE('',*,*,#2984,.F.);
#1946=ORIENTED_EDGE('',*,*,#2951,.T.);
#1947=ORIENTED_EDGE('',*,*,#2972,.F.);
#1948=ORIENTED_EDGE('',*,*,#2970,.T.);
#1949=ORIENTED_EDGE('',*,*,#2968,.T.);
#1950=ORIENTED_EDGE('',*,*,#2965,.T.);
#1951=ORIENTED_EDGE('',*,*,#2987,.T.);
#1952=ORIENTED_EDGE('',*,*,#2964,.T.);
#1953=ORIENTED_EDGE('',*,*,#2961,.F.);
#1954=ORIENTED_EDGE('',*,*,#2960,.F.);
#1955=ORIENTED_EDGE('',*,*,#2959,.F.);
#1956=ORIENTED_EDGE('',*,*,#2996,.F.);
#1957=ORIENTED_EDGE('',*,*,#3005,.F.);
#1958=ORIENTED_EDGE('',*,*,#2282,.F.);
#1959=ORIENTED_EDGE('',*,*,#2998,.T.);
#1960=ORIENTED_EDGE('',*,*,#2267,.F.);
#1961=ORIENTED_EDGE('',*,*,#2281,.T.);
#1962=ORIENTED_EDGE('',*,*,#2294,.T.);
#1963=ORIENTED_EDGE('',*,*,#3005,.T.);
#1964=ORIENTED_EDGE('',*,*,#2997,.T.);
#1965=ORIENTED_EDGE('',*,*,#2994,.T.);
#1966=ORIENTED_EDGE('',*,*,#2992,.F.);
#1967=ORIENTED_EDGE('',*,*,#2991,.T.);
#1968=ORIENTED_EDGE('',*,*,#2988,.T.);
#1969=ORIENTED_EDGE('',*,*,#2986,.F.);
#1970=ORIENTED_EDGE('',*,*,#2982,.F.);
#1971=ORIENTED_EDGE('',*,*,#2980,.T.);
#1972=ORIENTED_EDGE('',*,*,#2978,.T.);
#1973=ORIENTED_EDGE('',*,*,#2976,.T.);
#1974=ORIENTED_EDGE('',*,*,#2974,.F.);
#1975=ORIENTED_EDGE('',*,*,#3004,.T.);
#1976=ORIENTED_EDGE('',*,*,#3006,.F.);
#1977=ORIENTED_EDGE('',*,*,#3007,.T.);
#1978=ORIENTED_EDGE('',*,*,#3008,.T.);
#1979=ORIENTED_EDGE('',*,*,#3002,.T.);
#1980=ORIENTED_EDGE('',*,*,#2515,.F.);
#1981=ORIENTED_EDGE('',*,*,#2529,.T.);
#1982=ORIENTED_EDGE('',*,*,#2542,.T.);
#1983=ORIENTED_EDGE('',*,*,#3001,.T.);
#1984=ORIENTED_EDGE('',*,*,#2453,.F.);
#1985=ORIENTED_EDGE('',*,*,#2467,.T.);
#1986=ORIENTED_EDGE('',*,*,#2480,.T.);
#1987=ORIENTED_EDGE('',*,*,#3000,.T.);
#1988=ORIENTED_EDGE('',*,*,#2391,.F.);
#1989=ORIENTED_EDGE('',*,*,#2405,.T.);
#1990=ORIENTED_EDGE('',*,*,#2418,.T.);
#1991=ORIENTED_EDGE('',*,*,#2999,.T.);
#1992=ORIENTED_EDGE('',*,*,#2329,.F.);
#1993=ORIENTED_EDGE('',*,*,#2343,.T.);
#1994=ORIENTED_EDGE('',*,*,#2356,.T.);
#1995=ORIENTED_EDGE('',*,*,#3009,.T.);
#1996=ORIENTED_EDGE('',*,*,#3010,.T.);
#1997=ORIENTED_EDGE('',*,*,#3011,.T.);
#1998=ORIENTED_EDGE('',*,*,#3012,.T.);
#1999=ORIENTED_EDGE('',*,*,#3013,.T.);
#2000=ORIENTED_EDGE('',*,*,#3006,.T.);
#2001=ORIENTED_EDGE('',*,*,#3014,.T.);
#2002=ORIENTED_EDGE('',*,*,#3015,.T.);
#2003=ORIENTED_EDGE('',*,*,#3016,.T.);
#2004=ORIENTED_EDGE('',*,*,#3017,.T.);
#2005=ORIENTED_EDGE('',*,*,#3018,.T.);
#2006=ORIENTED_EDGE('',*,*,#3010,.F.);
#2007=ORIENTED_EDGE('',*,*,#3019,.F.);
#2008=ORIENTED_EDGE('',*,*,#3020,.T.);
#2009=ORIENTED_EDGE('',*,*,#3021,.T.);
#2010=ORIENTED_EDGE('',*,*,#3011,.F.);
#2011=ORIENTED_EDGE('',*,*,#3021,.F.);
#2012=ORIENTED_EDGE('',*,*,#3022,.T.);
#2013=ORIENTED_EDGE('',*,*,#3023,.T.);
#2014=ORIENTED_EDGE('',*,*,#3012,.F.);
#2015=ORIENTED_EDGE('',*,*,#3023,.F.);
#2016=ORIENTED_EDGE('',*,*,#3024,.T.);
#2017=ORIENTED_EDGE('',*,*,#3025,.T.);
#2018=ORIENTED_EDGE('',*,*,#3013,.F.);
#2019=ORIENTED_EDGE('',*,*,#3025,.F.);
#2020=ORIENTED_EDGE('',*,*,#3026,.T.);
#2021=ORIENTED_EDGE('',*,*,#3007,.F.);
#2022=ORIENTED_EDGE('',*,*,#3014,.F.);
#2023=ORIENTED_EDGE('',*,*,#3003,.T.);
#2024=ORIENTED_EDGE('',*,*,#3027,.T.);
#2025=ORIENTED_EDGE('',*,*,#3028,.T.);
#2026=ORIENTED_EDGE('',*,*,#3015,.F.);
#2027=ORIENTED_EDGE('',*,*,#3028,.F.);
#2028=ORIENTED_EDGE('',*,*,#3029,.T.);
#2029=ORIENTED_EDGE('',*,*,#3030,.T.);
#2030=ORIENTED_EDGE('',*,*,#3016,.F.);
#2031=ORIENTED_EDGE('',*,*,#3030,.F.);
#2032=ORIENTED_EDGE('',*,*,#3031,.T.);
#2033=ORIENTED_EDGE('',*,*,#3032,.T.);
#2034=ORIENTED_EDGE('',*,*,#3017,.F.);
#2035=ORIENTED_EDGE('',*,*,#3032,.F.);
#2036=ORIENTED_EDGE('',*,*,#3033,.T.);
#2037=ORIENTED_EDGE('',*,*,#3034,.T.);
#2038=ORIENTED_EDGE('',*,*,#3018,.F.);
#2039=ORIENTED_EDGE('',*,*,#3034,.F.);
#2040=ORIENTED_EDGE('',*,*,#3035,.T.);
#2041=ORIENTED_EDGE('',*,*,#3036,.T.);
#2042=ORIENTED_EDGE('',*,*,#3009,.F.);
#2043=ORIENTED_EDGE('',*,*,#3036,.F.);
#2044=ORIENTED_EDGE('',*,*,#3037,.T.);
#2045=ORIENTED_EDGE('',*,*,#3019,.T.);
#2046=ORIENTED_EDGE('',*,*,#3037,.F.);
#2047=ORIENTED_EDGE('',*,*,#3035,.F.);
#2048=ORIENTED_EDGE('',*,*,#3033,.F.);
#2049=ORIENTED_EDGE('',*,*,#3031,.F.);
#2050=ORIENTED_EDGE('',*,*,#3029,.F.);
#2051=ORIENTED_EDGE('',*,*,#3027,.F.);
#2052=ORIENTED_EDGE('',*,*,#3008,.F.);
#2053=ORIENTED_EDGE('',*,*,#3026,.F.);
#2054=ORIENTED_EDGE('',*,*,#3024,.F.);
#2055=ORIENTED_EDGE('',*,*,#3022,.F.);
#2056=ORIENTED_EDGE('',*,*,#3020,.F.);
#2057=ORIENTED_EDGE('',*,*,#3038,.F.);
#2058=ORIENTED_EDGE('',*,*,#3039,.T.);
#2059=ORIENTED_EDGE('',*,*,#3040,.F.);
#2060=ORIENTED_EDGE('',*,*,#2793,.F.);
#2061=ORIENTED_EDGE('',*,*,#3041,.F.);
#2062=ORIENTED_EDGE('',*,*,#3042,.T.);
#2063=ORIENTED_EDGE('',*,*,#3038,.T.);
#2064=ORIENTED_EDGE('',*,*,#2792,.T.);
#2065=ORIENTED_EDGE('',*,*,#2703,.F.);
#2066=ORIENTED_EDGE('',*,*,#3043,.F.);
#2067=ORIENTED_EDGE('',*,*,#3044,.T.);
#2068=ORIENTED_EDGE('',*,*,#3041,.T.);
#2069=ORIENTED_EDGE('',*,*,#2702,.F.);
#2070=ORIENTED_EDGE('',*,*,#3040,.T.);
#2071=ORIENTED_EDGE('',*,*,#3045,.T.);
#2072=ORIENTED_EDGE('',*,*,#3043,.T.);
#2073=ORIENTED_EDGE('',*,*,#2701,.F.);
#2074=ORIENTED_EDGE('',*,*,#2794,.F.);
#2075=ORIENTED_EDGE('',*,*,#3045,.F.);
#2076=ORIENTED_EDGE('',*,*,#3039,.F.);
#2077=ORIENTED_EDGE('',*,*,#3042,.F.);
#2078=ORIENTED_EDGE('',*,*,#3044,.F.);
#2079=EDGE_CURVE('',#3046,#3047,#3678,.F.);
#2080=EDGE_CURVE('',#3048,#3046,#3679,.T.);
#2081=EDGE_CURVE('',#3049,#3048,#3680,.F.);
#2082=EDGE_CURVE('',#3047,#3049,#3681,.T.);
#2083=EDGE_CURVE('',#3048,#3050,#3682,.T.);
#2084=EDGE_CURVE('',#3051,#3046,#3683,.T.);
#2085=EDGE_CURVE('',#3050,#3051,#3684,.T.);
#2086=EDGE_CURVE('',#3049,#3052,#3685,.T.);
#2087=EDGE_CURVE('',#3050,#3053,#3686,.T.);
#2088=EDGE_CURVE('',#3052,#3053,#3687,.T.);
#2089=EDGE_CURVE('',#3047,#3054,#3688,.T.);
#2090=EDGE_CURVE('',#3054,#3052,#3689,.T.);
#2091=EDGE_CURVE('',#3055,#3054,#3690,.T.);
#2092=EDGE_CURVE('',#3051,#3055,#3691,.T.);
#2093=EDGE_CURVE('',#3056,#3057,#3692,.F.);
#2094=EDGE_CURVE('',#3058,#3056,#3693,.T.);
#2095=EDGE_CURVE('',#3059,#3058,#3694,.F.);
#2096=EDGE_CURVE('',#3057,#3059,#3695,.T.);
#2097=EDGE_CURVE('',#3058,#3060,#3696,.T.);
#2098=EDGE_CURVE('',#3061,#3056,#3697,.T.);
#2099=EDGE_CURVE('',#3060,#3061,#3698,.T.);
#2100=EDGE_CURVE('',#3059,#3062,#3699,.T.);
#2101=EDGE_CURVE('',#3060,#3063,#3700,.T.);
#2102=EDGE_CURVE('',#3062,#3063,#3701,.T.);
#2103=EDGE_CURVE('',#3057,#3064,#3702,.T.);
#2104=EDGE_CURVE('',#3064,#3062,#3703,.T.);
#2105=EDGE_CURVE('',#3065,#3064,#3704,.T.);
#2106=EDGE_CURVE('',#3061,#3065,#3705,.T.);
#2107=EDGE_CURVE('',#3066,#3067,#3706,.F.);
#2108=EDGE_CURVE('',#3068,#3066,#3707,.T.);
#2109=EDGE_CURVE('',#3069,#3068,#3708,.F.);
#2110=EDGE_CURVE('',#3067,#3069,#3709,.T.);
#2111=EDGE_CURVE('',#3068,#3070,#3710,.T.);
#2112=EDGE_CURVE('',#3071,#3066,#3711,.T.);
#2113=EDGE_CURVE('',#3070,#3071,#3712,.T.);
#2114=EDGE_CURVE('',#3069,#3072,#3713,.T.);
#2115=EDGE_CURVE('',#3070,#3073,#3714,.T.);
#2116=EDGE_CURVE('',#3072,#3073,#3715,.T.);
#2117=EDGE_CURVE('',#3067,#3074,#3716,.T.);
#2118=EDGE_CURVE('',#3074,#3072,#3717,.T.);
#2119=EDGE_CURVE('',#3075,#3074,#3718,.T.);
#2120=EDGE_CURVE('',#3071,#3075,#3719,.T.);
#2121=EDGE_CURVE('',#3076,#3077,#3720,.F.);
#2122=EDGE_CURVE('',#3078,#3076,#3721,.T.);
#2123=EDGE_CURVE('',#3079,#3078,#3722,.F.);
#2124=EDGE_CURVE('',#3077,#3079,#3723,.T.);
#2125=EDGE_CURVE('',#3078,#3080,#3724,.T.);
#2126=EDGE_CURVE('',#3081,#3076,#3725,.T.);
#2127=EDGE_CURVE('',#3080,#3081,#3726,.T.);
#2128=EDGE_CURVE('',#3079,#3082,#3727,.T.);
#2129=EDGE_CURVE('',#3080,#3083,#3728,.T.);
#2130=EDGE_CURVE('',#3082,#3083,#3729,.T.);
#2131=EDGE_CURVE('',#3077,#3084,#3730,.T.);
#2132=EDGE_CURVE('',#3084,#3082,#3731,.T.);
#2133=EDGE_CURVE('',#3085,#3084,#3732,.T.);
#2134=EDGE_CURVE('',#3081,#3085,#3733,.T.);
#2135=EDGE_CURVE('',#3086,#3087,#3734,.F.);
#2136=EDGE_CURVE('',#3088,#3086,#3735,.T.);
#2137=EDGE_CURVE('',#3089,#3088,#3736,.F.);
#2138=EDGE_CURVE('',#3087,#3089,#3737,.T.);
#2139=EDGE_CURVE('',#3088,#3090,#3738,.T.);
#2140=EDGE_CURVE('',#3091,#3086,#3739,.T.);
#2141=EDGE_CURVE('',#3090,#3091,#3740,.T.);
#2142=EDGE_CURVE('',#3089,#3092,#3741,.T.);
#2143=EDGE_CURVE('',#3090,#3093,#3742,.T.);
#2144=EDGE_CURVE('',#3092,#3093,#3743,.T.);
#2145=EDGE_CURVE('',#3087,#3094,#3744,.T.);
#2146=EDGE_CURVE('',#3094,#3092,#3745,.T.);
#2147=EDGE_CURVE('',#3095,#3094,#3746,.T.);
#2148=EDGE_CURVE('',#3091,#3095,#3747,.T.);
#2149=EDGE_CURVE('',#3096,#3097,#3748,.F.);
#2150=EDGE_CURVE('',#3098,#3096,#3749,.T.);
#2151=EDGE_CURVE('',#3099,#3098,#3750,.F.);
#2152=EDGE_CURVE('',#3097,#3099,#3751,.T.);
#2153=EDGE_CURVE('',#3098,#3100,#3752,.T.);
#2154=EDGE_CURVE('',#3101,#3096,#3753,.T.);
#2155=EDGE_CURVE('',#3100,#3101,#3754,.T.);
#2156=EDGE_CURVE('',#3099,#3102,#3755,.T.);
#2157=EDGE_CURVE('',#3100,#3103,#3756,.T.);
#2158=EDGE_CURVE('',#3102,#3103,#3757,.T.);
#2159=EDGE_CURVE('',#3097,#3104,#3758,.T.);
#2160=EDGE_CURVE('',#3104,#3102,#3759,.T.);
#2161=EDGE_CURVE('',#3105,#3104,#3760,.T.);
#2162=EDGE_CURVE('',#3101,#3105,#3761,.T.);
#2163=EDGE_CURVE('',#3106,#3107,#3762,.F.);
#2164=EDGE_CURVE('',#3108,#3106,#3763,.T.);
#2165=EDGE_CURVE('',#3109,#3108,#3764,.F.);
#2166=EDGE_CURVE('',#3107,#3109,#3765,.T.);
#2167=EDGE_CURVE('',#3108,#3110,#3766,.T.);
#2168=EDGE_CURVE('',#3111,#3106,#3767,.T.);
#2169=EDGE_CURVE('',#3110,#3111,#3768,.T.);
#2170=EDGE_CURVE('',#3109,#3112,#3769,.T.);
#2171=EDGE_CURVE('',#3110,#3113,#3770,.T.);
#2172=EDGE_CURVE('',#3112,#3113,#3771,.T.);
#2173=EDGE_CURVE('',#3107,#3114,#3772,.T.);
#2174=EDGE_CURVE('',#3114,#3112,#3773,.T.);
#2175=EDGE_CURVE('',#3115,#3114,#3774,.T.);
#2176=EDGE_CURVE('',#3111,#3115,#3775,.T.);
#2177=EDGE_CURVE('',#3116,#3117,#3776,.F.);
#2178=EDGE_CURVE('',#3118,#3116,#3777,.T.);
#2179=EDGE_CURVE('',#3119,#3118,#3778,.F.);
#2180=EDGE_CURVE('',#3117,#3119,#3779,.T.);
#2181=EDGE_CURVE('',#3118,#3120,#3780,.T.);
#2182=EDGE_CURVE('',#3121,#3116,#3781,.T.);
#2183=EDGE_CURVE('',#3120,#3121,#3782,.T.);
#2184=EDGE_CURVE('',#3119,#3122,#3783,.T.);
#2185=EDGE_CURVE('',#3120,#3123,#3784,.T.);
#2186=EDGE_CURVE('',#3122,#3123,#3785,.T.);
#2187=EDGE_CURVE('',#3117,#3124,#3786,.T.);
#2188=EDGE_CURVE('',#3124,#3122,#3787,.T.);
#2189=EDGE_CURVE('',#3125,#3124,#3788,.T.);
#2190=EDGE_CURVE('',#3121,#3125,#3789,.T.);
#2191=EDGE_CURVE('',#3126,#3127,#3790,.F.);
#2192=EDGE_CURVE('',#3128,#3126,#3791,.T.);
#2193=EDGE_CURVE('',#3129,#3128,#3792,.F.);
#2194=EDGE_CURVE('',#3127,#3129,#3793,.T.);
#2195=EDGE_CURVE('',#3128,#3130,#3794,.T.);
#2196=EDGE_CURVE('',#3131,#3126,#3795,.T.);
#2197=EDGE_CURVE('',#3130,#3131,#3796,.T.);
#2198=EDGE_CURVE('',#3129,#3132,#3797,.T.);
#2199=EDGE_CURVE('',#3130,#3133,#3798,.T.);
#2200=EDGE_CURVE('',#3132,#3133,#3799,.T.);
#2201=EDGE_CURVE('',#3127,#3134,#3800,.T.);
#2202=EDGE_CURVE('',#3134,#3132,#3801,.T.);
#2203=EDGE_CURVE('',#3135,#3134,#3802,.T.);
#2204=EDGE_CURVE('',#3131,#3135,#3803,.T.);
#2205=EDGE_CURVE('',#3136,#3137,#3804,.F.);
#2206=EDGE_CURVE('',#3138,#3136,#3805,.T.);
#2207=EDGE_CURVE('',#3139,#3138,#3806,.F.);
#2208=EDGE_CURVE('',#3137,#3139,#3807,.T.);
#2209=EDGE_CURVE('',#3138,#3140,#3808,.T.);
#2210=EDGE_CURVE('',#3141,#3136,#3809,.T.);
#2211=EDGE_CURVE('',#3140,#3141,#3810,.T.);
#2212=EDGE_CURVE('',#3139,#3142,#3811,.T.);
#2213=EDGE_CURVE('',#3140,#3143,#3812,.T.);
#2214=EDGE_CURVE('',#3142,#3143,#3813,.T.);
#2215=EDGE_CURVE('',#3137,#3144,#3814,.T.);
#2216=EDGE_CURVE('',#3144,#3142,#3815,.T.);
#2217=EDGE_CURVE('',#3145,#3144,#3816,.T.);
#2218=EDGE_CURVE('',#3141,#3145,#3817,.T.);
#2219=EDGE_CURVE('',#3146,#3147,#3818,.F.);
#2220=EDGE_CURVE('',#3148,#3146,#3819,.T.);
#2221=EDGE_CURVE('',#3149,#3148,#3820,.F.);
#2222=EDGE_CURVE('',#3147,#3149,#3821,.T.);
#2223=EDGE_CURVE('',#3148,#3150,#3822,.T.);
#2224=EDGE_CURVE('',#3151,#3146,#3823,.T.);
#2225=EDGE_CURVE('',#3150,#3151,#3824,.T.);
#2226=EDGE_CURVE('',#3149,#3152,#3825,.T.);
#2227=EDGE_CURVE('',#3150,#3153,#3826,.T.);
#2228=EDGE_CURVE('',#3152,#3153,#3827,.T.);
#2229=EDGE_CURVE('',#3147,#3154,#3828,.T.);
#2230=EDGE_CURVE('',#3154,#3152,#3829,.T.);
#2231=EDGE_CURVE('',#3155,#3154,#3830,.T.);
#2232=EDGE_CURVE('',#3151,#3155,#3831,.T.);
#2233=EDGE_CURVE('',#3156,#3157,#3832,.T.);
#2234=EDGE_CURVE('',#3158,#3156,#3833,.T.);
#2235=EDGE_CURVE('',#3158,#3159,#3834,.T.);
#2236=EDGE_CURVE('',#3159,#3157,#3835,.T.);
#2237=EDGE_CURVE('',#3157,#3160,#3836,.T.);
#2238=EDGE_CURVE('',#3159,#3161,#3837,.T.);
#2239=EDGE_CURVE('',#3161,#3160,#3838,.T.);
#2240=EDGE_CURVE('',#3160,#3162,#3839,.T.);
#2241=EDGE_CURVE('',#3161,#3163,#3840,.T.);
#2242=EDGE_CURVE('',#3163,#3162,#3841,.T.);
#2243=EDGE_CURVE('',#3162,#3164,#3842,.T.);
#2244=EDGE_CURVE('',#3163,#3165,#3843,.T.);
#2245=EDGE_CURVE('',#3165,#3164,#3844,.T.);
#2246=EDGE_CURVE('',#3164,#3166,#20,.T.);
#2247=EDGE_CURVE('',#3165,#3167,#21,.T.);
#2248=EDGE_CURVE('',#3167,#3166,#3845,.T.);
#2249=EDGE_CURVE('',#3166,#3168,#3846,.T.);
#2250=EDGE_CURVE('',#3167,#3169,#3847,.T.);
#2251=EDGE_CURVE('',#3169,#3168,#3848,.T.);
#2252=EDGE_CURVE('',#3168,#3170,#22,.T.);
#2253=EDGE_CURVE('',#3169,#3171,#23,.T.);
#2254=EDGE_CURVE('',#3171,#3170,#3849,.T.);
#2255=EDGE_CURVE('',#3170,#3172,#3850,.T.);
#2256=EDGE_CURVE('',#3171,#3173,#3851,.T.);
#2257=EDGE_CURVE('',#3173,#3172,#3852,.T.);
#2258=EDGE_CURVE('',#3173,#3174,#3853,.T.);
#2259=EDGE_CURVE('',#3174,#3158,#3854,.T.);
#2260=EDGE_CURVE('',#3172,#3175,#3855,.T.);
#2261=EDGE_CURVE('',#3175,#3156,#3856,.T.);
#2262=EDGE_CURVE('',#3176,#3177,#24,.T.);
#2263=EDGE_CURVE('',#3177,#3178,#3857,.T.);
#2264=EDGE_CURVE('',#3178,#3179,#3858,.T.);
#2265=EDGE_CURVE('',#3179,#3180,#3859,.T.);
#2266=EDGE_CURVE('',#3180,#3181,#3860,.T.);
#2267=EDGE_CURVE('',#3181,#3182,#3861,.T.);
#2268=EDGE_CURVE('',#3182,#3183,#3862,.T.);
#2269=EDGE_CURVE('',#3183,#3184,#3863,.T.);
#2270=EDGE_CURVE('',#3184,#3185,#3864,.T.);
#2271=EDGE_CURVE('',#3185,#3186,#25,.T.);
#2272=EDGE_CURVE('',#3186,#3176,#3865,.T.);
#2273=EDGE_CURVE('',#3187,#3177,#3866,.T.);
#2274=EDGE_CURVE('',#3187,#3188,#3867,.T.);
#2275=EDGE_CURVE('',#3188,#3178,#3868,.T.);
#2276=EDGE_CURVE('',#3188,#3189,#3869,.T.);
#2277=EDGE_CURVE('',#3189,#3179,#3870,.T.);
#2278=EDGE_CURVE('',#3189,#3190,#3871,.T.);
#2279=EDGE_CURVE('',#3190,#3180,#3872,.T.);
#2280=EDGE_CURVE('',#3190,#3191,#3873,.T.);
#2281=EDGE_CURVE('',#3181,#3191,#3874,.T.);
#2282=EDGE_CURVE('',#3182,#3192,#3875,.T.);
#2283=EDGE_CURVE('',#3192,#3193,#3876,.T.);
#2284=EDGE_CURVE('',#3193,#3183,#3877,.T.);
#2285=EDGE_CURVE('',#3193,#3194,#3878,.T.);
#2286=EDGE_CURVE('',#3194,#3184,#3879,.T.);
#2287=EDGE_CURVE('',#3194,#3195,#3880,.T.);
#2288=EDGE_CURVE('',#3195,#3185,#3881,.T.);
#2289=EDGE_CURVE('',#3195,#3196,#26,.T.);
#2290=EDGE_CURVE('',#3196,#3186,#3882,.T.);
#2291=EDGE_CURVE('',#3196,#3197,#3883,.T.);
#2292=EDGE_CURVE('',#3197,#3176,#3884,.T.);
#2293=EDGE_CURVE('',#3197,#3187,#27,.T.);
#2294=EDGE_CURVE('',#3191,#3192,#3885,.T.);
#2295=EDGE_CURVE('',#3198,#3199,#3886,.T.);
#2296=EDGE_CURVE('',#3200,#3198,#3887,.T.);
#2297=EDGE_CURVE('',#3200,#3201,#3888,.T.);
#2298=EDGE_CURVE('',#3201,#3199,#3889,.T.);
#2299=EDGE_CURVE('',#3199,#3202,#3890,.T.);
#2300=EDGE_CURVE('',#3201,#3203,#3891,.T.);
#2301=EDGE_CURVE('',#3203,#3202,#3892,.T.);
#2302=EDGE_CURVE('',#3202,#3204,#3893,.T.);
#2303=EDGE_CURVE('',#3203,#3205,#3894,.T.);
#2304=EDGE_CURVE('',#3205,#3204,#3895,.T.);
#2305=EDGE_CURVE('',#3204,#3206,#3896,.T.);
#2306=EDGE_CURVE('',#3205,#3207,#3897,.T.);
#2307=EDGE_CURVE('',#3207,#3206,#3898,.T.);
#2308=EDGE_CURVE('',#3206,#3208,#28,.T.);
#2309=EDGE_CURVE('',#3207,#3209,#29,.T.);
#2310=EDGE_CURVE('',#3209,#3208,#3899,.T.);
#2311=EDGE_CURVE('',#3208,#3210,#3900,.T.);
#2312=EDGE_CURVE('',#3209,#3211,#3901,.T.);
#2313=EDGE_CURVE('',#3211,#3210,#3902,.T.);
#2314=EDGE_CURVE('',#3210,#3212,#30,.T.);
#2315=EDGE_CURVE('',#3211,#3213,#31,.T.);
#2316=EDGE_CURVE('',#3213,#3212,#3903,.T.);
#2317=EDGE_CURVE('',#3212,#3214,#3904,.T.);
#2318=EDGE_CURVE('',#3213,#3215,#3905,.T.);
#2319=EDGE_CURVE('',#3215,#3214,#3906,.T.);
#2320=EDGE_CURVE('',#3215,#3216,#3907,.T.);
#2321=EDGE_CURVE('',#3216,#3200,#3908,.T.);
#2322=EDGE_CURVE('',#3214,#3217,#3909,.T.);
#2323=EDGE_CURVE('',#3217,#3198,#3910,.T.);
#2324=EDGE_CURVE('',#3218,#3219,#32,.T.);
#2325=EDGE_CURVE('',#3219,#3220,#3911,.T.);
#2326=EDGE_CURVE('',#3220,#3221,#3912,.T.);
#2327=EDGE_CURVE('',#3221,#3222,#3913,.T.);
#2328=EDGE_CURVE('',#3222,#3223,#3914,.T.);
#2329=EDGE_CURVE('',#3223,#3224,#3915,.T.);
#2330=EDGE_CURVE('',#3224,#3225,#3916,.T.);
#2331=EDGE_CURVE('',#3225,#3226,#3917,.T.);
#2332=EDGE_CURVE('',#3226,#3227,#3918,.T.);
#2333=EDGE_CURVE('',#3227,#3228,#33,.T.);
#2334=EDGE_CURVE('',#3228,#3218,#3919,.T.);
#2335=EDGE_CURVE('',#3229,#3219,#3920,.T.);
#2336=EDGE_CURVE('',#3229,#3230,#3921,.T.);
#2337=EDGE_CURVE('',#3230,#3220,#3922,.T.);
#2338=EDGE_CURVE('',#3230,#3231,#3923,.T.);
#2339=EDGE_CURVE('',#3231,#3221,#3924,.T.);
#2340=EDGE_CURVE('',#3231,#3232,#3925,.T.);
#2341=EDGE_CURVE('',#3232,#3222,#3926,.T.);
#2342=EDGE_CURVE('',#3232,#3233,#3927,.T.);
#2343=EDGE_CURVE('',#3223,#3233,#3928,.T.);
#2344=EDGE_CURVE('',#3224,#3234,#3929,.T.);
#2345=EDGE_CURVE('',#3234,#3235,#3930,.T.);
#2346=EDGE_CURVE('',#3235,#3225,#3931,.T.);
#2347=EDGE_CURVE('',#3235,#3236,#3932,.T.);
#2348=EDGE_CURVE('',#3236,#3226,#3933,.T.);
#2349=EDGE_CURVE('',#3236,#3237,#3934,.T.);
#2350=EDGE_CURVE('',#3237,#3227,#3935,.T.);
#2351=EDGE_CURVE('',#3237,#3238,#34,.T.);
#2352=EDGE_CURVE('',#3238,#3228,#3936,.T.);
#2353=EDGE_CURVE('',#3238,#3239,#3937,.T.);
#2354=EDGE_CURVE('',#3239,#3218,#3938,.T.);
#2355=EDGE_CURVE('',#3239,#3229,#35,.T.);
#2356=EDGE_CURVE('',#3233,#3234,#3939,.T.);
#2357=EDGE_CURVE('',#3240,#3241,#3940,.T.);
#2358=EDGE_CURVE('',#3242,#3240,#3941,.T.);
#2359=EDGE_CURVE('',#3242,#3243,#3942,.T.);
#2360=EDGE_CURVE('',#3243,#3241,#3943,.T.);
#2361=EDGE_CURVE('',#3241,#3244,#3944,.T.);
#2362=EDGE_CURVE('',#3243,#3245,#3945,.T.);
#2363=EDGE_CURVE('',#3245,#3244,#3946,.T.);
#2364=EDGE_CURVE('',#3244,#3246,#3947,.T.);
#2365=EDGE_CURVE('',#3245,#3247,#3948,.T.);
#2366=EDGE_CURVE('',#3247,#3246,#3949,.T.);
#2367=EDGE_CURVE('',#3246,#3248,#3950,.T.);
#2368=EDGE_CURVE('',#3247,#3249,#3951,.T.);
#2369=EDGE_CURVE('',#3249,#3248,#3952,.T.);
#2370=EDGE_CURVE('',#3248,#3250,#36,.T.);
#2371=EDGE_CURVE('',#3249,#3251,#37,.T.);
#2372=EDGE_CURVE('',#3251,#3250,#3953,.T.);
#2373=EDGE_CURVE('',#3250,#3252,#3954,.T.);
#2374=EDGE_CURVE('',#3251,#3253,#3955,.T.);
#2375=EDGE_CURVE('',#3253,#3252,#3956,.T.);
#2376=EDGE_CURVE('',#3252,#3254,#38,.T.);
#2377=EDGE_CURVE('',#3253,#3255,#39,.T.);
#2378=EDGE_CURVE('',#3255,#3254,#3957,.T.);
#2379=EDGE_CURVE('',#3254,#3256,#3958,.T.);
#2380=EDGE_CURVE('',#3255,#3257,#3959,.T.);
#2381=EDGE_CURVE('',#3257,#3256,#3960,.T.);
#2382=EDGE_CURVE('',#3257,#3258,#3961,.T.);
#2383=EDGE_CURVE('',#3258,#3242,#3962,.T.);
#2384=EDGE_CURVE('',#3256,#3259,#3963,.T.);
#2385=EDGE_CURVE('',#3259,#3240,#3964,.T.);
#2386=EDGE_CURVE('',#3260,#3261,#40,.T.);
#2387=EDGE_CURVE('',#3261,#3262,#3965,.T.);
#2388=EDGE_CURVE('',#3262,#3263,#3966,.T.);
#2389=EDGE_CURVE('',#3263,#3264,#3967,.T.);
#2390=EDGE_CURVE('',#3264,#3265,#3968,.T.);
#2391=EDGE_CURVE('',#3265,#3266,#3969,.T.);
#2392=EDGE_CURVE('',#3266,#3267,#3970,.T.);
#2393=EDGE_CURVE('',#3267,#3268,#3971,.T.);
#2394=EDGE_CURVE('',#3268,#3269,#3972,.T.);
#2395=EDGE_CURVE('',#3269,#3270,#41,.T.);
#2396=EDGE_CURVE('',#3270,#3260,#3973,.T.);
#2397=EDGE_CURVE('',#3271,#3261,#3974,.T.);
#2398=EDGE_CURVE('',#3271,#3272,#3975,.T.);
#2399=EDGE_CURVE('',#3272,#3262,#3976,.T.);
#2400=EDGE_CURVE('',#3272,#3273,#3977,.T.);
#2401=EDGE_CURVE('',#3273,#3263,#3978,.T.);
#2402=EDGE_CURVE('',#3273,#3274,#3979,.T.);
#2403=EDGE_CURVE('',#3274,#3264,#3980,.T.);
#2404=EDGE_CURVE('',#3274,#3275,#3981,.T.);
#2405=EDGE_CURVE('',#3265,#3275,#3982,.T.);
#2406=EDGE_CURVE('',#3266,#3276,#3983,.T.);
#2407=EDGE_CURVE('',#3276,#3277,#3984,.T.);
#2408=EDGE_CURVE('',#3277,#3267,#3985,.T.);
#2409=EDGE_CURVE('',#3277,#3278,#3986,.T.);
#2410=EDGE_CURVE('',#3278,#3268,#3987,.T.);
#2411=EDGE_CURVE('',#3278,#3279,#3988,.T.);
#2412=EDGE_CURVE('',#3279,#3269,#3989,.T.);
#2413=EDGE_CURVE('',#3279,#3280,#42,.T.);
#2414=EDGE_CURVE('',#3280,#3270,#3990,.T.);
#2415=EDGE_CURVE('',#3280,#3281,#3991,.T.);
#2416=EDGE_CURVE('',#3281,#3260,#3992,.T.);
#2417=EDGE_CURVE('',#3281,#3271,#43,.T.);
#2418=EDGE_CURVE('',#3275,#3276,#3993,.T.);
#2419=EDGE_CURVE('',#3282,#3283,#3994,.T.);
#2420=EDGE_CURVE('',#3284,#3282,#3995,.T.);
#2421=EDGE_CURVE('',#3284,#3285,#3996,.T.);
#2422=EDGE_CURVE('',#3285,#3283,#3997,.T.);
#2423=EDGE_CURVE('',#3283,#3286,#3998,.T.);
#2424=EDGE_CURVE('',#3285,#3287,#3999,.T.);
#2425=EDGE_CURVE('',#3287,#3286,#4000,.T.);
#2426=EDGE_CURVE('',#3286,#3288,#4001,.T.);
#2427=EDGE_CURVE('',#3287,#3289,#4002,.T.);
#2428=EDGE_CURVE('',#3289,#3288,#4003,.T.);
#2429=EDGE_CURVE('',#3288,#3290,#4004,.T.);
#2430=EDGE_CURVE('',#3289,#3291,#4005,.T.);
#2431=EDGE_CURVE('',#3291,#3290,#4006,.T.);
#2432=EDGE_CURVE('',#3290,#3292,#44,.T.);
#2433=EDGE_CURVE('',#3291,#3293,#45,.T.);
#2434=EDGE_CURVE('',#3293,#3292,#4007,.T.);
#2435=EDGE_CURVE('',#3292,#3294,#4008,.T.);
#2436=EDGE_CURVE('',#3293,#3295,#4009,.T.);
#2437=EDGE_CURVE('',#3295,#3294,#4010,.T.);
#2438=EDGE_CURVE('',#3294,#3296,#46,.T.);
#2439=EDGE_CURVE('',#3295,#3297,#47,.T.);
#2440=EDGE_CURVE('',#3297,#3296,#4011,.T.);
#2441=EDGE_CURVE('',#3296,#3298,#4012,.T.);
#2442=EDGE_CURVE('',#3297,#3299,#4013,.T.);
#2443=EDGE_CURVE('',#3299,#3298,#4014,.T.);
#2444=EDGE_CURVE('',#3299,#3300,#4015,.T.);
#2445=EDGE_CURVE('',#3300,#3284,#4016,.T.);
#2446=EDGE_CURVE('',#3298,#3301,#4017,.T.);
#2447=EDGE_CURVE('',#3301,#3282,#4018,.T.);
#2448=EDGE_CURVE('',#3302,#3303,#48,.T.);
#2449=EDGE_CURVE('',#3303,#3304,#4019,.T.);
#2450=EDGE_CURVE('',#3304,#3305,#4020,.T.);
#2451=EDGE_CURVE('',#3305,#3306,#4021,.T.);
#2452=EDGE_CURVE('',#3306,#3307,#4022,.T.);
#2453=EDGE_CURVE('',#3307,#3308,#4023,.T.);
#2454=EDGE_CURVE('',#3308,#3309,#4024,.T.);
#2455=EDGE_CURVE('',#3309,#3310,#4025,.T.);
#2456=EDGE_CURVE('',#3310,#3311,#4026,.T.);
#2457=EDGE_CURVE('',#3311,#3312,#49,.T.);
#2458=EDGE_CURVE('',#3312,#3302,#4027,.T.);
#2459=EDGE_CURVE('',#3313,#3303,#4028,.T.);
#2460=EDGE_CURVE('',#3313,#3314,#4029,.T.);
#2461=EDGE_CURVE('',#3314,#3304,#4030,.T.);
#2462=EDGE_CURVE('',#3314,#3315,#4031,.T.);
#2463=EDGE_CURVE('',#3315,#3305,#4032,.T.);
#2464=EDGE_CURVE('',#3315,#3316,#4033,.T.);
#2465=EDGE_CURVE('',#3316,#3306,#4034,.T.);
#2466=EDGE_CURVE('',#3316,#3317,#4035,.T.);
#2467=EDGE_CURVE('',#3307,#3317,#4036,.T.);
#2468=EDGE_CURVE('',#3308,#3318,#4037,.T.);
#2469=EDGE_CURVE('',#3318,#3319,#4038,.T.);
#2470=EDGE_CURVE('',#3319,#3309,#4039,.T.);
#2471=EDGE_CURVE('',#3319,#3320,#4040,.T.);
#2472=EDGE_CURVE('',#3320,#3310,#4041,.T.);
#2473=EDGE_CURVE('',#3320,#3321,#4042,.T.);
#2474=EDGE_CURVE('',#3321,#3311,#4043,.T.);
#2475=EDGE_CURVE('',#3321,#3322,#50,.T.);
#2476=EDGE_CURVE('',#3322,#3312,#4044,.T.);
#2477=EDGE_CURVE('',#3322,#3323,#4045,.T.);
#2478=EDGE_CURVE('',#3323,#3302,#4046,.T.);
#2479=EDGE_CURVE('',#3323,#3313,#51,.T.);
#2480=EDGE_CURVE('',#3317,#3318,#4047,.T.);
#2481=EDGE_CURVE('',#3324,#3325,#4048,.T.);
#2482=EDGE_CURVE('',#3326,#3324,#4049,.T.);
#2483=EDGE_CURVE('',#3326,#3327,#4050,.T.);
#2484=EDGE_CURVE('',#3327,#3325,#4051,.T.);
#2485=EDGE_CURVE('',#3325,#3328,#4052,.T.);
#2486=EDGE_CURVE('',#3327,#3329,#4053,.T.);
#2487=EDGE_CURVE('',#3329,#3328,#4054,.T.);
#2488=EDGE_CURVE('',#3328,#3330,#4055,.T.);
#2489=EDGE_CURVE('',#3329,#3331,#4056,.T.);
#2490=EDGE_CURVE('',#3331,#3330,#4057,.T.);
#2491=EDGE_CURVE('',#3330,#3332,#4058,.T.);
#2492=EDGE_CURVE('',#3331,#3333,#4059,.T.);
#2493=EDGE_CURVE('',#3333,#3332,#4060,.T.);
#2494=EDGE_CURVE('',#3332,#3334,#52,.T.);
#2495=EDGE_CURVE('',#3333,#3335,#53,.T.);
#2496=EDGE_CURVE('',#3335,#3334,#4061,.T.);
#2497=EDGE_CURVE('',#3334,#3336,#4062,.T.);
#2498=EDGE_CURVE('',#3335,#3337,#4063,.T.);
#2499=EDGE_CURVE('',#3337,#3336,#4064,.T.);
#2500=EDGE_CURVE('',#3336,#3338,#54,.T.);
#2501=EDGE_CURVE('',#3337,#3339,#55,.T.);
#2502=EDGE_CURVE('',#3339,#3338,#4065,.T.);
#2503=EDGE_CURVE('',#3338,#3340,#4066,.T.);
#2504=EDGE_CURVE('',#3339,#3341,#4067,.T.);
#2505=EDGE_CURVE('',#3341,#3340,#4068,.T.);
#2506=EDGE_CURVE('',#3341,#3342,#4069,.T.);
#2507=EDGE_CURVE('',#3342,#3326,#4070,.T.);
#2508=EDGE_CURVE('',#3340,#3343,#4071,.T.);
#2509=EDGE_CURVE('',#3343,#3324,#4072,.T.);
#2510=EDGE_CURVE('',#3344,#3345,#56,.T.);
#2511=EDGE_CURVE('',#3345,#3346,#4073,.T.);
#2512=EDGE_CURVE('',#3346,#3347,#4074,.T.);
#2513=EDGE_CURVE('',#3347,#3348,#4075,.T.);
#2514=EDGE_CURVE('',#3348,#3349,#4076,.T.);
#2515=EDGE_CURVE('',#3349,#3350,#4077,.T.);
#2516=EDGE_CURVE('',#3350,#3351,#4078,.T.);
#2517=EDGE_CURVE('',#3351,#3352,#4079,.T.);
#2518=EDGE_CURVE('',#3352,#3353,#4080,.T.);
#2519=EDGE_CURVE('',#3353,#3354,#57,.T.);
#2520=EDGE_CURVE('',#3354,#3344,#4081,.T.);
#2521=EDGE_CURVE('',#3355,#3345,#4082,.T.);
#2522=EDGE_CURVE('',#3355,#3356,#4083,.T.);
#2523=EDGE_CURVE('',#3356,#3346,#4084,.T.);
#2524=EDGE_CURVE('',#3356,#3357,#4085,.T.);
#2525=EDGE_CURVE('',#3357,#3347,#4086,.T.);
#2526=EDGE_CURVE('',#3357,#3358,#4087,.T.);
#2527=EDGE_CURVE('',#3358,#3348,#4088,.T.);
#2528=EDGE_CURVE('',#3358,#3359,#4089,.T.);
#2529=EDGE_CURVE('',#3349,#3359,#4090,.T.);
#2530=EDGE_CURVE('',#3350,#3360,#4091,.T.);
#2531=EDGE_CURVE('',#3360,#3361,#4092,.T.);
#2532=EDGE_CURVE('',#3361,#3351,#4093,.T.);
#2533=EDGE_CURVE('',#3361,#3362,#4094,.T.);
#2534=EDGE_CURVE('',#3362,#3352,#4095,.T.);
#2535=EDGE_CURVE('',#3362,#3363,#4096,.T.);
#2536=EDGE_CURVE('',#3363,#3353,#4097,.T.);
#2537=EDGE_CURVE('',#3363,#3364,#58,.T.);
#2538=EDGE_CURVE('',#3364,#3354,#4098,.T.);
#2539=EDGE_CURVE('',#3364,#3365,#4099,.T.);
#2540=EDGE_CURVE('',#3365,#3344,#4100,.T.);
#2541=EDGE_CURVE('',#3365,#3355,#59,.T.);
#2542=EDGE_CURVE('',#3359,#3360,#4101,.T.);
#2543=EDGE_CURVE('',#3366,#3367,#4102,.T.);
#2544=EDGE_CURVE('',#3368,#3366,#4103,.T.);
#2545=EDGE_CURVE('',#3368,#3369,#4104,.T.);
#2546=EDGE_CURVE('',#3369,#3367,#4105,.T.);
#2547=EDGE_CURVE('',#3369,#3370,#4106,.T.);
#2548=EDGE_CURVE('',#3370,#3371,#4107,.T.);
#2549=EDGE_CURVE('',#3371,#3372,#4108,.T.);
#2550=EDGE_CURVE('',#3373,#3372,#4109,.T.);
#2551=EDGE_CURVE('',#3367,#3373,#4110,.T.);
#2552=EDGE_CURVE('',#3372,#3374,#4111,.T.);
#2553=EDGE_CURVE('',#3371,#3375,#4112,.T.);
#2554=EDGE_CURVE('',#3375,#3374,#4113,.T.);
#2555=EDGE_CURVE('',#3374,#3376,#4114,.T.);
#2556=EDGE_CURVE('',#3375,#3377,#4115,.T.);
#2557=EDGE_CURVE('',#3377,#3376,#4116,.T.);
#2558=EDGE_CURVE('',#3376,#3378,#4117,.T.);
#2559=EDGE_CURVE('',#3377,#3379,#4118,.T.);
#2560=EDGE_CURVE('',#3379,#3378,#4119,.T.);
#2561=EDGE_CURVE('',#3380,#3381,#4120,.T.);
#2562=EDGE_CURVE('',#3382,#3380,#4121,.T.);
#2563=EDGE_CURVE('',#3382,#3383,#4122,.T.);
#2564=EDGE_CURVE('',#3383,#3384,#4123,.T.);
#2565=EDGE_CURVE('',#3381,#3384,#4124,.T.);
#2566=EDGE_CURVE('',#3384,#3385,#60,.T.);
#2567=EDGE_CURVE('',#3383,#3386,#61,.T.);
#2568=EDGE_CURVE('',#3386,#3385,#4125,.T.);
#2569=EDGE_CURVE('',#3385,#3387,#4126,.T.);
#2570=EDGE_CURVE('',#3386,#3388,#4127,.T.);
#2571=EDGE_CURVE('',#3388,#3387,#4128,.T.);
#2572=EDGE_CURVE('',#3387,#3389,#4129,.T.);
#2573=EDGE_CURVE('',#3388,#3390,#4130,.T.);
#2574=EDGE_CURVE('',#3390,#3389,#4131,.T.);
#2575=EDGE_CURVE('',#3389,#3391,#4132,.T.);
#2576=EDGE_CURVE('',#3390,#3392,#4133,.T.);
#2577=EDGE_CURVE('',#3392,#3391,#4134,.T.);
#2578=EDGE_CURVE('',#3393,#3394,#4135,.T.);
#2579=EDGE_CURVE('',#3395,#3393,#4136,.T.);
#2580=EDGE_CURVE('',#3395,#3396,#4137,.T.);
#2581=EDGE_CURVE('',#3396,#3394,#4138,.T.);
#2582=EDGE_CURVE('',#3397,#3393,#4139,.T.);
#2583=EDGE_CURVE('',#3398,#3397,#4140,.T.);
#2584=EDGE_CURVE('',#3398,#3395,#4141,.T.);
#2585=EDGE_CURVE('',#3399,#3397,#4142,.T.);
#2586=EDGE_CURVE('',#3400,#3399,#4143,.T.);
#2587=EDGE_CURVE('',#3400,#3398,#4144,.T.);
#2588=EDGE_CURVE('',#3401,#3399,#62,.T.);
#2589=EDGE_CURVE('',#3402,#3401,#4145,.T.);
#2590=EDGE_CURVE('',#3402,#3400,#63,.T.);
#2591=EDGE_CURVE('',#3403,#3401,#4146,.T.);
#2592=EDGE_CURVE('',#3404,#3403,#4147,.T.);
#2593=EDGE_CURVE('',#3404,#3402,#4148,.T.);
#2594=EDGE_CURVE('',#3405,#3403,#64,.T.);
#2595=EDGE_CURVE('',#3406,#3405,#4149,.T.);
#2596=EDGE_CURVE('',#3406,#3404,#65,.T.);
#2597=EDGE_CURVE('',#3391,#3405,#4150,.T.);
#2598=EDGE_CURVE('',#3392,#3406,#4151,.T.);
#2599=EDGE_CURVE('',#3407,#3408,#4152,.T.);
#2600=EDGE_CURVE('',#3409,#3407,#4153,.T.);
#2601=EDGE_CURVE('',#3409,#3410,#4154,.T.);
#2602=EDGE_CURVE('',#3410,#3408,#4155,.T.);
#2603=EDGE_CURVE('',#3408,#3411,#4156,.T.);
#2604=EDGE_CURVE('',#3410,#3412,#4157,.T.);
#2605=EDGE_CURVE('',#3412,#3411,#4158,.T.);
#2606=EDGE_CURVE('',#3411,#3413,#4159,.T.);
#2607=EDGE_CURVE('',#3412,#3414,#4160,.T.);
#2608=EDGE_CURVE('',#3414,#3413,#4161,.T.);
#2609=EDGE_CURVE('',#3413,#3415,#66,.T.);
#2610=EDGE_CURVE('',#3414,#3416,#67,.T.);
#2611=EDGE_CURVE('',#3416,#3415,#4162,.T.);
#2612=EDGE_CURVE('',#3415,#3417,#4163,.T.);
#2613=EDGE_CURVE('',#3416,#3418,#4164,.T.);
#2614=EDGE_CURVE('',#3418,#3417,#4165,.T.);
#2615=EDGE_CURVE('',#3417,#3419,#68,.T.);
#2616=EDGE_CURVE('',#3418,#3420,#69,.T.);
#2617=EDGE_CURVE('',#3420,#3419,#4166,.T.);
#2618=EDGE_CURVE('',#3381,#3391,#4167,.T.);
#2619=EDGE_CURVE('',#3421,#3422,#4168,.T.);
#2620=EDGE_CURVE('',#3423,#3421,#4169,.T.);
#2621=EDGE_CURVE('',#3424,#3423,#4170,.T.);
#2622=EDGE_CURVE('',#3425,#3424,#4171,.T.);
#2623=EDGE_CURVE('',#3426,#3425,#70,.T.);
#2624=EDGE_CURVE('',#3422,#3426,#4172,.T.);
#2625=EDGE_CURVE('',#3419,#3427,#4173,.T.);
#2626=EDGE_CURVE('',#3420,#3428,#4174,.T.);
#2627=EDGE_CURVE('',#3428,#3427,#4175,.T.);
#2628=EDGE_CURVE('',#3429,#3430,#4176,.T.);
#2629=EDGE_CURVE('',#3431,#3430,#4177,.T.);
#2630=EDGE_CURVE('',#3432,#3431,#4178,.T.);
#2631=EDGE_CURVE('',#3432,#3429,#4179,.T.);
#2632=EDGE_CURVE('',#3433,#3429,#4180,.T.);
#2633=EDGE_CURVE('',#3434,#3432,#4181,.T.);
#2634=EDGE_CURVE('',#3434,#3433,#4182,.T.);
#2635=EDGE_CURVE('',#3435,#3433,#4183,.T.);
#2636=EDGE_CURVE('',#3436,#3434,#4184,.T.);
#2637=EDGE_CURVE('',#3436,#3435,#4185,.T.);
#2638=EDGE_CURVE('',#3437,#3435,#71,.T.);
#2639=EDGE_CURVE('',#3438,#3436,#72,.T.);
#2640=EDGE_CURVE('',#3438,#3437,#4186,.T.);
#2641=EDGE_CURVE('',#3439,#3437,#4187,.T.);
#2642=EDGE_CURVE('',#3440,#3438,#4188,.T.);
#2643=EDGE_CURVE('',#3440,#3439,#4189,.T.);
#2644=EDGE_CURVE('',#3441,#3439,#73,.T.);
#2645=EDGE_CURVE('',#3442,#3440,#74,.T.);
#2646=EDGE_CURVE('',#3442,#3441,#4190,.T.);
#2647=EDGE_CURVE('',#3421,#3441,#4191,.T.);
#2648=EDGE_CURVE('',#3443,#3442,#4192,.T.);
#2649=EDGE_CURVE('',#3443,#3421,#4193,.T.);
#2650=EDGE_CURVE('',#3444,#3443,#4194,.T.);
#2651=EDGE_CURVE('',#3444,#3423,#4195,.T.);
#2652=EDGE_CURVE('',#3445,#3444,#4196,.T.);
#2653=EDGE_CURVE('',#3445,#3424,#4197,.T.);
#2654=EDGE_CURVE('',#3446,#3445,#4198,.T.);
#2655=EDGE_CURVE('',#3446,#3425,#4199,.T.);
#2656=EDGE_CURVE('',#3447,#3446,#75,.T.);
#2657=EDGE_CURVE('',#3447,#3426,#4200,.T.);
#2658=EDGE_CURVE('',#3448,#3422,#4201,.T.);
#2659=EDGE_CURVE('',#3449,#3447,#4202,.T.);
#2660=EDGE_CURVE('',#3449,#3448,#4203,.T.);
#2661=EDGE_CURVE('',#3450,#3380,#76,.T.);
#2662=EDGE_CURVE('',#3451,#3450,#4204,.T.);
#2663=EDGE_CURVE('',#3451,#3382,#77,.T.);
#2664=EDGE_CURVE('',#3452,#3448,#78,.T.);
#2665=EDGE_CURVE('',#3453,#3449,#79,.T.);
#2666=EDGE_CURVE('',#3453,#3452,#4205,.T.);
#2667=EDGE_CURVE('',#3454,#3455,#4206,.T.);
#2668=EDGE_CURVE('',#3454,#3456,#4207,.T.);
#2669=EDGE_CURVE('',#3456,#3422,#4208,.T.);
#2670=EDGE_CURVE('',#3457,#3452,#4209,.T.);
#2671=EDGE_CURVE('',#3455,#3457,#4210,.T.);
#2672=EDGE_CURVE('',#3454,#3458,#4211,.T.);
#2673=EDGE_CURVE('',#3458,#3459,#4212,.T.);
#2674=EDGE_CURVE('',#3459,#3456,#4213,.T.);
#2675=EDGE_CURVE('',#3460,#3458,#4214,.T.);
#2676=EDGE_CURVE('',#3460,#3461,#4215,.T.);
#2677=EDGE_CURVE('',#3461,#3450,#4216,.T.);
#2678=EDGE_CURVE('',#3459,#3381,#4217,.T.);
#2679=EDGE_CURVE('',#3460,#3462,#4218,.T.);
#2680=EDGE_CURVE('',#3462,#3463,#4219,.T.);
#2681=EDGE_CURVE('',#3463,#3461,#4220,.T.);
#2682=EDGE_CURVE('',#3464,#3465,#4221,.T.);
#2683=EDGE_CURVE('',#3464,#3455,#4222,.T.);
#2684=EDGE_CURVE('',#3465,#3457,#4223,.T.);
#2685=EDGE_CURVE('',#3466,#3467,#4224,.T.);
#2686=EDGE_CURVE('',#3468,#3467,#4225,.T.);
#2687=EDGE_CURVE('',#3469,#3468,#4226,.T.);
#2688=EDGE_CURVE('',#3469,#3466,#4227,.T.);
#2689=EDGE_CURVE('',#3470,#3055,#4228,.T.);
#2690=EDGE_CURVE('',#3053,#3065,#4229,.T.);
#2691=EDGE_CURVE('',#3063,#3075,#4230,.T.);
#2692=EDGE_CURVE('',#3073,#3085,#4231,.T.);
#2693=EDGE_CURVE('',#3083,#3095,#4232,.T.);
#2694=EDGE_CURVE('',#3093,#3105,#4233,.T.);
#2695=EDGE_CURVE('',#3103,#3115,#4234,.T.);
#2696=EDGE_CURVE('',#3113,#3125,#4235,.T.);
#2697=EDGE_CURVE('',#3123,#3135,#4236,.T.);
#2698=EDGE_CURVE('',#3133,#3145,#4237,.T.);
#2699=EDGE_CURVE('',#3143,#3155,#4238,.T.);
#2700=EDGE_CURVE('',#3153,#3471,#4239,.T.);
#2701=EDGE_CURVE('',#3471,#3472,#4240,.T.);
#2702=EDGE_CURVE('',#3472,#3473,#4241,.T.);
#2703=EDGE_CURVE('',#3473,#3474,#4242,.T.);
#2704=EDGE_CURVE('',#3474,#3475,#4243,.T.);
#2705=EDGE_CURVE('',#3475,#3476,#4244,.T.);
#2706=EDGE_CURVE('',#3477,#3476,#4245,.T.);
#2707=EDGE_CURVE('',#3470,#3477,#4246,.T.);
#2708=EDGE_CURVE('',#3476,#3478,#4247,.T.);
#2709=EDGE_CURVE('',#3479,#3478,#4248,.T.);
#2710=EDGE_CURVE('',#3477,#3479,#4249,.T.);
#2711=EDGE_CURVE('',#3478,#3480,#4250,.T.);
#2712=EDGE_CURVE('',#3481,#3480,#4251,.T.);
#2713=EDGE_CURVE('',#3479,#3481,#4252,.T.);
#2714=EDGE_CURVE('',#3482,#3483,#4253,.T.);
#2715=EDGE_CURVE('',#3481,#3482,#4254,.T.);
#2716=EDGE_CURVE('',#3480,#3483,#4255,.T.);
#2717=EDGE_CURVE('',#3482,#3469,#4256,.T.);
#2718=EDGE_CURVE('',#3483,#3466,#4257,.T.);
#2719=EDGE_CURVE('',#3373,#3484,#4258,.T.);
#2720=EDGE_CURVE('',#3484,#3366,#4259,.T.);
#2721=EDGE_CURVE('',#3485,#3484,#4260,.T.);
#2722=EDGE_CURVE('',#3485,#3368,#4261,.T.);
#2723=EDGE_CURVE('',#3370,#3485,#4262,.T.);
#2724=EDGE_CURVE('',#3378,#3486,#80,.T.);
#2725=EDGE_CURVE('',#3486,#3373,#4263,.T.);
#2726=EDGE_CURVE('',#3487,#3370,#4264,.T.);
#2727=EDGE_CURVE('',#3379,#3487,#81,.T.);
#2728=EDGE_CURVE('',#3487,#3486,#4265,.T.);
#2729=EDGE_CURVE('',#3467,#3488,#4266,.T.);
#2730=EDGE_CURVE('',#3489,#3488,#4267,.T.);
#2731=EDGE_CURVE('',#3468,#3489,#4268,.T.);
#2732=EDGE_CURVE('',#3451,#3490,#4269,.T.);
#2733=EDGE_CURVE('',#3490,#3491,#4270,.T.);
#2734=EDGE_CURVE('',#3491,#3492,#4271,.T.);
#2735=EDGE_CURVE('',#3392,#3492,#4272,.T.);
#2736=EDGE_CURVE('',#3493,#3421,#4273,.T.);
#2737=EDGE_CURVE('',#3494,#3493,#4274,.T.);
#2738=EDGE_CURVE('',#3430,#3494,#4275,.T.);
#2739=EDGE_CURVE('',#3495,#3494,#4276,.T.);
#2740=EDGE_CURVE('',#3431,#3495,#4277,.T.);
#2741=EDGE_CURVE('',#3496,#3497,#4278,.T.);
#2742=EDGE_CURVE('',#3396,#3497,#4279,.T.);
#2743=EDGE_CURVE('',#3392,#3496,#4280,.T.);
#2744=EDGE_CURVE('',#3394,#3498,#4281,.T.);
#2745=EDGE_CURVE('',#3497,#3498,#4282,.T.);
#2746=EDGE_CURVE('',#3391,#3499,#4283,.T.);
#2747=EDGE_CURVE('',#3499,#3498,#4284,.T.);
#2748=EDGE_CURVE('',#3427,#3500,#4285,.T.);
#2749=EDGE_CURVE('',#3500,#3501,#4286,.T.);
#2750=EDGE_CURVE('',#3501,#3407,#4287,.T.);
#2751=EDGE_CURVE('',#3502,#3501,#4288,.T.);
#2752=EDGE_CURVE('',#3502,#3409,#4289,.T.);
#2753=EDGE_CURVE('',#3428,#3503,#4290,.T.);
#2754=EDGE_CURVE('',#3503,#3502,#4291,.T.);
#2755=EDGE_CURVE('',#3216,#3175,#4292,.T.);
#2756=EDGE_CURVE('',#3174,#3493,#4293,.T.);
#2757=EDGE_CURVE('',#3499,#3500,#4294,.T.);
#2758=EDGE_CURVE('',#3503,#3343,#4295,.T.);
#2759=EDGE_CURVE('',#3342,#3301,#4296,.T.);
#2760=EDGE_CURVE('',#3300,#3259,#4297,.T.);
#2761=EDGE_CURVE('',#3258,#3217,#4298,.T.);
#2762=EDGE_CURVE('',#3495,#3504,#4299,.T.);
#2763=EDGE_CURVE('',#3504,#3443,#4300,.T.);
#2764=EDGE_CURVE('',#3453,#3505,#4301,.T.);
#2765=EDGE_CURVE('',#3443,#3506,#4302,.T.);
#2766=EDGE_CURVE('',#3506,#3507,#4303,.T.);
#2767=EDGE_CURVE('',#3507,#3505,#4304,.T.);
#2768=EDGE_CURVE('',#3489,#3508,#4305,.T.);
#2769=EDGE_CURVE('',#3508,#3509,#4306,.T.);
#2770=EDGE_CURVE('',#3509,#3470,#4307,.T.);
#2771=EDGE_CURVE('',#3510,#3462,#4308,.T.);
#2772=EDGE_CURVE('',#3510,#3511,#4309,.T.);
#2773=EDGE_CURVE('',#3511,#3463,#4310,.T.);
#2774=EDGE_CURVE('',#3511,#3512,#4311,.T.);
#2775=EDGE_CURVE('',#3512,#3513,#4312,.T.);
#2776=EDGE_CURVE('',#3490,#3513,#4313,.T.);
#2777=EDGE_CURVE('',#3513,#3514,#4314,.T.);
#2778=EDGE_CURVE('',#3512,#3515,#4315,.T.);
#2779=EDGE_CURVE('',#3515,#3514,#4316,.T.);
#2780=EDGE_CURVE('',#3516,#3517,#4317,.T.);
#2781=EDGE_CURVE('',#3518,#3517,#4318,.T.);
#2782=EDGE_CURVE('',#3519,#3518,#4319,.T.);
#2783=EDGE_CURVE('',#3519,#3516,#4320,.T.);
#2784=EDGE_CURVE('',#3505,#3516,#4321,.T.);
#2785=EDGE_CURVE('',#3520,#3519,#4322,.T.);
#2786=EDGE_CURVE('',#3520,#3465,#4323,.T.);
#2787=EDGE_CURVE('',#3521,#3464,#4324,.T.);
#2788=EDGE_CURVE('',#3521,#3520,#4325,.T.);
#2789=EDGE_CURVE('',#3509,#3510,#4326,.T.);
#2790=EDGE_CURVE('',#3522,#3521,#4327,.T.);
#2791=EDGE_CURVE('',#3522,#3475,#4328,.T.);
#2792=EDGE_CURVE('',#3523,#3474,#4329,.T.);
#2793=EDGE_CURVE('',#3523,#3524,#4330,.T.);
#2794=EDGE_CURVE('',#3524,#3471,#4331,.T.);
#2795=EDGE_CURVE('',#3525,#3522,#4332,.T.);
#2796=EDGE_CURVE('',#3488,#3525,#4333,.T.);
#2797=EDGE_CURVE('',#3526,#3527,#4334,.T.);
#2798=EDGE_CURVE('',#3528,#3527,#4335,.T.);
#2799=EDGE_CURVE('',#3529,#3528,#4336,.T.);
#2800=EDGE_CURVE('',#3529,#3526,#4337,.T.);
#2801=EDGE_CURVE('',#3530,#3526,#4338,.T.);
#2802=EDGE_CURVE('',#3531,#3529,#4339,.T.);
#2803=EDGE_CURVE('',#3531,#3530,#4340,.T.);
#2804=EDGE_CURVE('',#3532,#3370,#4341,.T.);
#2805=EDGE_CURVE('',#3373,#3533,#4342,.T.);
#2806=EDGE_CURVE('',#3533,#3530,#4343,.T.);
#2807=EDGE_CURVE('',#3532,#3531,#4344,.T.);
#2808=EDGE_CURVE('',#3534,#3532,#4345,.T.);
#2809=EDGE_CURVE('',#3534,#3535,#4346,.T.);
#2810=EDGE_CURVE('',#3535,#3533,#4347,.T.);
#2811=EDGE_CURVE('',#3525,#3535,#4348,.T.);
#2812=EDGE_CURVE('',#3508,#3534,#4349,.T.);
#2813=EDGE_CURVE('',#3536,#3537,#4350,.T.);
#2814=EDGE_CURVE('',#3538,#3536,#4351,.T.);
#2815=EDGE_CURVE('',#3538,#3539,#4352,.T.);
#2816=EDGE_CURVE('',#3539,#3537,#4353,.T.);
#2817=EDGE_CURVE('',#3537,#3540,#4354,.T.);
#2818=EDGE_CURVE('',#3539,#3541,#4355,.T.);
#2819=EDGE_CURVE('',#3541,#3540,#4356,.T.);
#2820=EDGE_CURVE('',#3540,#3542,#4357,.T.);
#2821=EDGE_CURVE('',#3541,#3543,#4358,.T.);
#2822=EDGE_CURVE('',#3543,#3542,#4359,.T.);
#2823=EDGE_CURVE('',#3542,#3544,#82,.T.);
#2824=EDGE_CURVE('',#3543,#3545,#83,.T.);
#2825=EDGE_CURVE('',#3545,#3544,#4360,.T.);
#2826=EDGE_CURVE('',#3544,#3546,#4361,.T.);
#2827=EDGE_CURVE('',#3545,#3547,#4362,.T.);
#2828=EDGE_CURVE('',#3547,#3546,#4363,.T.);
#2829=EDGE_CURVE('',#3546,#3548,#84,.T.);
#2830=EDGE_CURVE('',#3547,#3549,#85,.T.);
#2831=EDGE_CURVE('',#3549,#3548,#4364,.T.);
#2832=EDGE_CURVE('',#3549,#3550,#4365,.T.);
#2833=EDGE_CURVE('',#3550,#3551,#4366,.T.);
#2834=EDGE_CURVE('',#3548,#3551,#4367,.T.);
#2835=EDGE_CURVE('',#3552,#3550,#86,.F.);
#2836=EDGE_CURVE('',#3553,#3552,#4368,.F.);
#2837=EDGE_CURVE('',#3554,#3553,#87,.T.);
#2838=EDGE_CURVE('',#3551,#3554,#88,.T.);
#2839=EDGE_CURVE('',#3553,#3555,#4369,.T.);
#2840=EDGE_CURVE('',#3552,#3556,#4370,.T.);
#2841=EDGE_CURVE('',#3556,#3555,#4371,.T.);
#2842=EDGE_CURVE('',#3555,#3557,#4372,.T.);
#2843=EDGE_CURVE('',#3556,#3558,#4373,.T.);
#2844=EDGE_CURVE('',#3558,#3557,#4374,.T.);
#2845=EDGE_CURVE('',#3557,#3559,#4375,.T.);
#2846=EDGE_CURVE('',#3558,#3560,#4376,.T.);
#2847=EDGE_CURVE('',#3560,#3559,#4377,.T.);
#2848=EDGE_CURVE('',#3559,#3561,#4378,.T.);
#2849=EDGE_CURVE('',#3560,#3562,#4379,.T.);
#2850=EDGE_CURVE('',#3562,#3561,#4380,.T.);
#2851=EDGE_CURVE('',#3561,#3563,#89,.T.);
#2852=EDGE_CURVE('',#3562,#3564,#90,.T.);
#2853=EDGE_CURVE('',#3564,#3563,#4381,.T.);
#2854=EDGE_CURVE('',#3565,#3566,#4382,.T.);
#2855=EDGE_CURVE('',#3567,#3565,#4383,.T.);
#2856=EDGE_CURVE('',#3563,#3567,#4384,.T.);
#2857=EDGE_CURVE('',#3564,#3566,#4385,.T.);
#2858=EDGE_CURVE('',#3515,#3568,#4386,.T.);
#2859=EDGE_CURVE('',#3569,#3568,#4387,.T.);
#2860=EDGE_CURVE('',#3514,#3569,#4388,.T.);
#2861=EDGE_CURVE('',#3570,#3569,#4389,.T.);
#2862=EDGE_CURVE('',#3491,#3570,#4390,.T.);
#2863=EDGE_CURVE('',#3571,#3570,#4391,.T.);
#2864=EDGE_CURVE('',#3492,#3571,#4392,.T.);
#2865=EDGE_CURVE('',#3572,#3392,#4393,.T.);
#2866=EDGE_CURVE('',#3572,#3571,#4394,.T.);
#2867=EDGE_CURVE('',#3573,#3572,#4395,.T.);
#2868=EDGE_CURVE('',#3573,#3496,#4396,.T.);
#2869=EDGE_CURVE('',#3574,#3575,#4397,.T.);
#2870=EDGE_CURVE('',#3574,#3576,#4398,.T.);
#2871=EDGE_CURVE('',#3576,#3577,#4399,.T.);
#2872=EDGE_CURVE('',#3575,#3577,#4400,.T.);
#2873=EDGE_CURVE('',#3578,#3565,#4401,.T.);
#2874=EDGE_CURVE('',#3566,#3574,#4402,.T.);
#2875=EDGE_CURVE('',#3579,#3575,#4403,.T.);
#2876=EDGE_CURVE('',#3578,#3579,#4404,.T.);
#2877=EDGE_CURVE('',#3580,#3581,#4405,.T.);
#2878=EDGE_CURVE('',#3582,#3581,#4406,.T.);
#2879=EDGE_CURVE('',#3583,#3582,#4407,.T.);
#2880=EDGE_CURVE('',#3583,#3580,#4408,.T.);
#2881=EDGE_CURVE('',#3581,#3584,#4409,.T.);
#2882=EDGE_CURVE('',#3585,#3584,#4410,.T.);
#2883=EDGE_CURVE('',#3582,#3585,#4411,.T.);
#2884=EDGE_CURVE('',#3585,#3573,#4412,.T.);
#2885=EDGE_CURVE('',#3584,#3586,#4413,.T.);
#2886=EDGE_CURVE('',#3504,#3586,#4414,.T.);
#2887=EDGE_CURVE('',#3586,#3587,#4415,.T.);
#2888=EDGE_CURVE('',#3587,#3443,#4416,.T.);
#2889=EDGE_CURVE('',#3587,#3588,#4417,.T.);
#2890=EDGE_CURVE('',#3506,#3588,#4418,.T.);
#2891=EDGE_CURVE('',#3588,#3589,#4419,.T.);
#2892=EDGE_CURVE('',#3507,#3589,#4420,.T.);
#2893=EDGE_CURVE('',#3589,#3590,#4421,.T.);
#2894=EDGE_CURVE('',#3517,#3590,#4422,.T.);
#2895=EDGE_CURVE('',#3518,#3591,#4423,.T.);
#2896=EDGE_CURVE('',#3590,#3591,#4424,.T.);
#2897=EDGE_CURVE('',#3592,#3593,#91,.T.);
#2898=EDGE_CURVE('',#3594,#3592,#4425,.T.);
#2899=EDGE_CURVE('',#3594,#3595,#92,.T.);
#2900=EDGE_CURVE('',#3595,#3593,#4426,.T.);
#2901=EDGE_CURVE('',#3593,#3596,#4427,.T.);
#2902=EDGE_CURVE('',#3595,#3597,#4428,.T.);
#2903=EDGE_CURVE('',#3597,#3596,#4429,.T.);
#2904=EDGE_CURVE('',#3596,#3598,#4430,.T.);
#2905=EDGE_CURVE('',#3597,#3599,#4431,.T.);
#2906=EDGE_CURVE('',#3599,#3598,#4432,.T.);
#2907=EDGE_CURVE('',#3598,#3600,#4433,.T.);
#2908=EDGE_CURVE('',#3599,#3601,#4434,.T.);
#2909=EDGE_CURVE('',#3601,#3600,#4435,.T.);
#2910=EDGE_CURVE('',#3601,#3602,#4436,.T.);
#2911=EDGE_CURVE('',#3602,#3603,#4437,.T.);
#2912=EDGE_CURVE('',#3600,#3603,#4438,.T.);
#2913=EDGE_CURVE('',#3604,#3605,#4439,.T.);
#2914=EDGE_CURVE('',#3604,#3606,#4440,.T.);
#2915=EDGE_CURVE('',#3606,#3607,#4441,.T.);
#2916=EDGE_CURVE('',#3605,#3607,#4442,.T.);
#2917=EDGE_CURVE('',#3608,#3604,#4443,.T.);
#2918=EDGE_CURVE('',#3608,#3609,#4444,.T.);
#2919=EDGE_CURVE('',#3610,#3609,#4445,.T.);
#2920=EDGE_CURVE('',#3610,#3611,#4446,.T.);
#2921=EDGE_CURVE('',#3611,#3606,#4447,.T.);
#2922=EDGE_CURVE('',#3608,#3594,#4448,.T.);
#2923=EDGE_CURVE('',#3612,#3592,#4449,.T.);
#2924=EDGE_CURVE('',#3609,#3612,#4450,.T.);
#2925=EDGE_CURVE('',#3613,#3614,#4451,.T.);
#2926=EDGE_CURVE('',#3615,#3613,#4452,.T.);
#2927=EDGE_CURVE('',#3615,#3616,#4453,.T.);
#2928=EDGE_CURVE('',#3616,#3614,#4454,.T.);
#2929=EDGE_CURVE('',#3617,#3613,#4455,.T.);
#2930=EDGE_CURVE('',#3618,#3617,#4456,.T.);
#2931=EDGE_CURVE('',#3618,#3615,#4457,.T.);
#2932=EDGE_CURVE('',#3619,#3617,#4458,.T.);
#2933=EDGE_CURVE('',#3620,#3619,#4459,.T.);
#2934=EDGE_CURVE('',#3620,#3618,#4460,.T.);
#2935=EDGE_CURVE('',#3621,#3619,#93,.T.);
#2936=EDGE_CURVE('',#3622,#3621,#4461,.T.);
#2937=EDGE_CURVE('',#3622,#3620,#94,.T.);
#2938=EDGE_CURVE('',#3623,#3621,#4462,.T.);
#2939=EDGE_CURVE('',#3624,#3623,#4463,.T.);
#2940=EDGE_CURVE('',#3624,#3622,#4464,.T.);
#2941=EDGE_CURVE('',#3625,#3623,#95,.T.);
#2942=EDGE_CURVE('',#3626,#3625,#4465,.T.);
#2943=EDGE_CURVE('',#3626,#3624,#96,.T.);
#2944=EDGE_CURVE('',#3627,#3625,#4466,.T.);
#2945=EDGE_CURVE('',#3627,#3628,#4467,.F.);
#2946=EDGE_CURVE('',#3628,#3626,#4468,.T.);
#2947=EDGE_CURVE('',#3628,#3602,#97,.T.);
#2948=EDGE_CURVE('',#3629,#3627,#98,.F.);
#2949=EDGE_CURVE('',#3603,#3629,#99,.T.);
#2950=EDGE_CURVE('',#3630,#3508,#4469,.T.);
#2951=EDGE_CURVE('',#3631,#3630,#4470,.T.);
#2952=EDGE_CURVE('',#3568,#3631,#4471,.T.);
#2953=EDGE_CURVE('',#3632,#3579,#4472,.T.);
#2954=EDGE_CURVE('',#3632,#3633,#4473,.T.);
#2955=EDGE_CURVE('',#3633,#3578,#4474,.T.);
#2956=EDGE_CURVE('',#3633,#3567,#4475,.T.);
#2957=EDGE_CURVE('',#3567,#3557,#4476,.T.);
#2958=EDGE_CURVE('',#3557,#3554,#4477,.T.);
#2959=EDGE_CURVE('',#3629,#3598,#4478,.T.);
#2960=EDGE_CURVE('',#3598,#3612,#4479,.T.);
#2961=EDGE_CURVE('',#3612,#3634,#4480,.T.);
#2962=EDGE_CURVE('',#3634,#3610,#4481,.T.);
#2963=EDGE_CURVE('',#3635,#3611,#4482,.T.);
#2964=EDGE_CURVE('',#3635,#3634,#4483,.T.);
#2965=EDGE_CURVE('',#3636,#3637,#4484,.T.);
#2966=EDGE_CURVE('',#3636,#3525,#4485,.T.);
#2967=EDGE_CURVE('',#3591,#3637,#4486,.T.);
#2968=EDGE_CURVE('',#3638,#3636,#4487,.T.);
#2969=EDGE_CURVE('',#3527,#3638,#4488,.T.);
#2970=EDGE_CURVE('',#3639,#3638,#4489,.T.);
#2971=EDGE_CURVE('',#3528,#3639,#4490,.T.);
#2972=EDGE_CURVE('',#3639,#3630,#4491,.T.);
#2973=EDGE_CURVE('',#3554,#3640,#4492,.T.);
#2974=EDGE_CURVE('',#3640,#3641,#4493,.T.);
#2975=EDGE_CURVE('',#3641,#3536,#4494,.T.);
#2976=EDGE_CURVE('',#3642,#3641,#4495,.T.);
#2977=EDGE_CURVE('',#3642,#3538,#4496,.T.);
#2978=EDGE_CURVE('',#3643,#3642,#4497,.T.);
#2979=EDGE_CURVE('',#3576,#3643,#4498,.T.);
#2980=EDGE_CURVE('',#3644,#3643,#4499,.T.);
#2981=EDGE_CURVE('',#3577,#3644,#4500,.T.);
#2982=EDGE_CURVE('',#3644,#3645,#4501,.T.);
#2983=EDGE_CURVE('',#3645,#3583,#4502,.T.);
#2984=EDGE_CURVE('',#3631,#3632,#4503,.T.);
#2985=EDGE_CURVE('',#3646,#3580,#4504,.T.);
#2986=EDGE_CURVE('',#3645,#3646,#4505,.T.);
#2987=EDGE_CURVE('',#3637,#3635,#4506,.T.);
#2988=EDGE_CURVE('',#3647,#3646,#4507,.T.);
#2989=EDGE_CURVE('',#3607,#3647,#4508,.T.);
#2990=EDGE_CURVE('',#3605,#3648,#4509,.T.);
#2991=EDGE_CURVE('',#3648,#3647,#4510,.T.);
#2992=EDGE_CURVE('',#3648,#3649,#4511,.T.);
#2993=EDGE_CURVE('',#3616,#3649,#4512,.T.);
#2994=EDGE_CURVE('',#3650,#3649,#4513,.T.);
#2995=EDGE_CURVE('',#3614,#3650,#4514,.T.);
#2996=EDGE_CURVE('',#3651,#3629,#4515,.T.);
#2997=EDGE_CURVE('',#3651,#3650,#4516,.T.);
#2998=EDGE_CURVE('',#3234,#3182,#4517,.T.);
#2999=EDGE_CURVE('',#3276,#3224,#4518,.T.);
#3000=EDGE_CURVE('',#3318,#3266,#4519,.T.);
#3001=EDGE_CURVE('',#3360,#3308,#4520,.T.);
#3002=EDGE_CURVE('',#3652,#3350,#4521,.T.);
#3003=EDGE_CURVE('',#3653,#3652,#4522,.T.);
#3004=EDGE_CURVE('',#3640,#3653,#4523,.T.);
#3005=EDGE_CURVE('',#3192,#3651,#4524,.T.);
#3006=EDGE_CURVE('',#3654,#3653,#4525,.T.);
#3007=EDGE_CURVE('',#3654,#3655,#4526,.T.);
#3008=EDGE_CURVE('',#3655,#3652,#4527,.T.);
#3009=EDGE_CURVE('',#3656,#3657,#100,.T.);
#3010=EDGE_CURVE('',#3657,#3658,#4528,.T.);
#3011=EDGE_CURVE('',#3658,#3659,#4529,.T.);
#3012=EDGE_CURVE('',#3659,#3660,#4530,.T.);
#3013=EDGE_CURVE('',#3660,#3654,#4531,.T.);
#3014=EDGE_CURVE('',#3653,#3661,#4532,.T.);
#3015=EDGE_CURVE('',#3661,#3662,#4533,.T.);
#3016=EDGE_CURVE('',#3662,#3663,#4534,.T.);
#3017=EDGE_CURVE('',#3663,#3664,#101,.T.);
#3018=EDGE_CURVE('',#3664,#3656,#4535,.T.);
#3019=EDGE_CURVE('',#3665,#3657,#4536,.T.);
#3020=EDGE_CURVE('',#3665,#3666,#4537,.T.);
#3021=EDGE_CURVE('',#3666,#3658,#4538,.T.);
#3022=EDGE_CURVE('',#3666,#3667,#4539,.T.);
#3023=EDGE_CURVE('',#3667,#3659,#4540,.T.);
#3024=EDGE_CURVE('',#3667,#3668,#4541,.T.);
#3025=EDGE_CURVE('',#3668,#3660,#4542,.T.);
#3026=EDGE_CURVE('',#3668,#3655,#4543,.T.);
#3027=EDGE_CURVE('',#3652,#3669,#4544,.T.);
#3028=EDGE_CURVE('',#3669,#3661,#4545,.T.);
#3029=EDGE_CURVE('',#3669,#3670,#4546,.T.);
#3030=EDGE_CURVE('',#3670,#3662,#4547,.T.);
#3031=EDGE_CURVE('',#3670,#3671,#4548,.T.);
#3032=EDGE_CURVE('',#3671,#3663,#4549,.T.);
#3033=EDGE_CURVE('',#3671,#3672,#102,.T.);
#3034=EDGE_CURVE('',#3672,#3664,#4550,.T.);
#3035=EDGE_CURVE('',#3672,#3673,#4551,.T.);
#3036=EDGE_CURVE('',#3673,#3656,#4552,.T.);
#3037=EDGE_CURVE('',#3673,#3665,#103,.T.);
#3038=EDGE_CURVE('',#3674,#3523,#4553,.T.);
#3039=EDGE_CURVE('',#3674,#3675,#4554,.T.);
#3040=EDGE_CURVE('',#3524,#3675,#4555,.T.);
#3041=EDGE_CURVE('',#3676,#3473,#4556,.T.);
#3042=EDGE_CURVE('',#3676,#3674,#4557,.F.);
#3043=EDGE_CURVE('',#3677,#3472,#4558,.T.);
#3044=EDGE_CURVE('',#3677,#3676,#4559,.T.);
#3045=EDGE_CURVE('',#3675,#3677,#4560,.F.);
#3046=VERTEX_POINT('',#11269);
#3047=VERTEX_POINT('',#11270);
#3048=VERTEX_POINT('',#11272);
#3049=VERTEX_POINT('',#11274);
#3050=VERTEX_POINT('',#11278);
#3051=VERTEX_POINT('',#11280);
#3052=VERTEX_POINT('',#11284);
#3053=VERTEX_POINT('',#11286);
#3054=VERTEX_POINT('',#11290);
#3055=VERTEX_POINT('',#11294);
#3056=VERTEX_POINT('',#11298);
#3057=VERTEX_POINT('',#11299);
#3058=VERTEX_POINT('',#11301);
#3059=VERTEX_POINT('',#11303);
#3060=VERTEX_POINT('',#11307);
#3061=VERTEX_POINT('',#11309);
#3062=VERTEX_POINT('',#11313);
#3063=VERTEX_POINT('',#11315);
#3064=VERTEX_POINT('',#11319);
#3065=VERTEX_POINT('',#11323);
#3066=VERTEX_POINT('',#11327);
#3067=VERTEX_POINT('',#11328);
#3068=VERTEX_POINT('',#11330);
#3069=VERTEX_POINT('',#11332);
#3070=VERTEX_POINT('',#11336);
#3071=VERTEX_POINT('',#11338);
#3072=VERTEX_POINT('',#11342);
#3073=VERTEX_POINT('',#11344);
#3074=VERTEX_POINT('',#11348);
#3075=VERTEX_POINT('',#11352);
#3076=VERTEX_POINT('',#11356);
#3077=VERTEX_POINT('',#11357);
#3078=VERTEX_POINT('',#11359);
#3079=VERTEX_POINT('',#11361);
#3080=VERTEX_POINT('',#11365);
#3081=VERTEX_POINT('',#11367);
#3082=VERTEX_POINT('',#11371);
#3083=VERTEX_POINT('',#11373);
#3084=VERTEX_POINT('',#11377);
#3085=VERTEX_POINT('',#11381);
#3086=VERTEX_POINT('',#11385);
#3087=VERTEX_POINT('',#11386);
#3088=VERTEX_POINT('',#11388);
#3089=VERTEX_POINT('',#11390);
#3090=VERTEX_POINT('',#11394);
#3091=VERTEX_POINT('',#11396);
#3092=VERTEX_POINT('',#11400);
#3093=VERTEX_POINT('',#11402);
#3094=VERTEX_POINT('',#11406);
#3095=VERTEX_POINT('',#11410);
#3096=VERTEX_POINT('',#11414);
#3097=VERTEX_POINT('',#11415);
#3098=VERTEX_POINT('',#11417);
#3099=VERTEX_POINT('',#11419);
#3100=VERTEX_POINT('',#11423);
#3101=VERTEX_POINT('',#11425);
#3102=VERTEX_POINT('',#11429);
#3103=VERTEX_POINT('',#11431);
#3104=VERTEX_POINT('',#11435);
#3105=VERTEX_POINT('',#11439);
#3106=VERTEX_POINT('',#11443);
#3107=VERTEX_POINT('',#11444);
#3108=VERTEX_POINT('',#11446);
#3109=VERTEX_POINT('',#11448);
#3110=VERTEX_POINT('',#11452);
#3111=VERTEX_POINT('',#11454);
#3112=VERTEX_POINT('',#11458);
#3113=VERTEX_POINT('',#11460);
#3114=VERTEX_POINT('',#11464);
#3115=VERTEX_POINT('',#11468);
#3116=VERTEX_POINT('',#11472);
#3117=VERTEX_POINT('',#11473);
#3118=VERTEX_POINT('',#11475);
#3119=VERTEX_POINT('',#11477);
#3120=VERTEX_POINT('',#11481);
#3121=VERTEX_POINT('',#11483);
#3122=VERTEX_POINT('',#11487);
#3123=VERTEX_POINT('',#11489);
#3124=VERTEX_POINT('',#11493);
#3125=VERTEX_POINT('',#11497);
#3126=VERTEX_POINT('',#11501);
#3127=VERTEX_POINT('',#11502);
#3128=VERTEX_POINT('',#11504);
#3129=VERTEX_POINT('',#11506);
#3130=VERTEX_POINT('',#11510);
#3131=VERTEX_POINT('',#11512);
#3132=VERTEX_POINT('',#11516);
#3133=VERTEX_POINT('',#11518);
#3134=VERTEX_POINT('',#11522);
#3135=VERTEX_POINT('',#11526);
#3136=VERTEX_POINT('',#11530);
#3137=VERTEX_POINT('',#11531);
#3138=VERTEX_POINT('',#11533);
#3139=VERTEX_POINT('',#11535);
#3140=VERTEX_POINT('',#11539);
#3141=VERTEX_POINT('',#11541);
#3142=VERTEX_POINT('',#11545);
#3143=VERTEX_POINT('',#11547);
#3144=VERTEX_POINT('',#11551);
#3145=VERTEX_POINT('',#11555);
#3146=VERTEX_POINT('',#11559);
#3147=VERTEX_POINT('',#11560);
#3148=VERTEX_POINT('',#11562);
#3149=VERTEX_POINT('',#11564);
#3150=VERTEX_POINT('',#11568);
#3151=VERTEX_POINT('',#11570);
#3152=VERTEX_POINT('',#11574);
#3153=VERTEX_POINT('',#11576);
#3154=VERTEX_POINT('',#11580);
#3155=VERTEX_POINT('',#11584);
#3156=VERTEX_POINT('',#11588);
#3157=VERTEX_POINT('',#11589);
#3158=VERTEX_POINT('',#11591);
#3159=VERTEX_POINT('',#11593);
#3160=VERTEX_POINT('',#11597);
#3161=VERTEX_POINT('',#11599);
#3162=VERTEX_POINT('',#11603);
#3163=VERTEX_POINT('',#11605);
#3164=VERTEX_POINT('',#11609);
#3165=VERTEX_POINT('',#11611);
#3166=VERTEX_POINT('',#11615);
#3167=VERTEX_POINT('',#11617);
#3168=VERTEX_POINT('',#11621);
#3169=VERTEX_POINT('',#11623);
#3170=VERTEX_POINT('',#11627);
#3171=VERTEX_POINT('',#11629);
#3172=VERTEX_POINT('',#11633);
#3173=VERTEX_POINT('',#11635);
#3174=VERTEX_POINT('',#11639);
#3175=VERTEX_POINT('',#11643);
#3176=VERTEX_POINT('',#11647);
#3177=VERTEX_POINT('',#11648);
#3178=VERTEX_POINT('',#11650);
#3179=VERTEX_POINT('',#11652);
#3180=VERTEX_POINT('',#11654);
#3181=VERTEX_POINT('',#11656);
#3182=VERTEX_POINT('',#11658);
#3183=VERTEX_POINT('',#11660);
#3184=VERTEX_POINT('',#11662);
#3185=VERTEX_POINT('',#11664);
#3186=VERTEX_POINT('',#11666);
#3187=VERTEX_POINT('',#11670);
#3188=VERTEX_POINT('',#11672);
#3189=VERTEX_POINT('',#11676);
#3190=VERTEX_POINT('',#11680);
#3191=VERTEX_POINT('',#11684);
#3192=VERTEX_POINT('',#11688);
#3193=VERTEX_POINT('',#11690);
#3194=VERTEX_POINT('',#11694);
#3195=VERTEX_POINT('',#11698);
#3196=VERTEX_POINT('',#11702);
#3197=VERTEX_POINT('',#11706);
#3198=VERTEX_POINT('',#11714);
#3199=VERTEX_POINT('',#11715);
#3200=VERTEX_POINT('',#11717);
#3201=VERTEX_POINT('',#11719);
#3202=VERTEX_POINT('',#11723);
#3203=VERTEX_POINT('',#11725);
#3204=VERTEX_POINT('',#11729);
#3205=VERTEX_POINT('',#11731);
#3206=VERTEX_POINT('',#11735);
#3207=VERTEX_POINT('',#11737);
#3208=VERTEX_POINT('',#11741);
#3209=VERTEX_POINT('',#11743);
#3210=VERTEX_POINT('',#11747);
#3211=VERTEX_POINT('',#11749);
#3212=VERTEX_POINT('',#11753);
#3213=VERTEX_POINT('',#11755);
#3214=VERTEX_POINT('',#11759);
#3215=VERTEX_POINT('',#11761);
#3216=VERTEX_POINT('',#11765);
#3217=VERTEX_POINT('',#11769);
#3218=VERTEX_POINT('',#11773);
#3219=VERTEX_POINT('',#11774);
#3220=VERTEX_POINT('',#11776);
#3221=VERTEX_POINT('',#11778);
#3222=VERTEX_POINT('',#11780);
#3223=VERTEX_POINT('',#11782);
#3224=VERTEX_POINT('',#11784);
#3225=VERTEX_POINT('',#11786);
#3226=VERTEX_POINT('',#11788);
#3227=VERTEX_POINT('',#11790);
#3228=VERTEX_POINT('',#11792);
#3229=VERTEX_POINT('',#11796);
#3230=VERTEX_POINT('',#11798);
#3231=VERTEX_POINT('',#11802);
#3232=VERTEX_POINT('',#11806);
#3233=VERTEX_POINT('',#11810);
#3234=VERTEX_POINT('',#11814);
#3235=VERTEX_POINT('',#11816);
#3236=VERTEX_POINT('',#11820);
#3237=VERTEX_POINT('',#11824);
#3238=VERTEX_POINT('',#11828);
#3239=VERTEX_POINT('',#11832);
#3240=VERTEX_POINT('',#11840);
#3241=VERTEX_POINT('',#11841);
#3242=VERTEX_POINT('',#11843);
#3243=VERTEX_POINT('',#11845);
#3244=VERTEX_POINT('',#11849);
#3245=VERTEX_POINT('',#11851);
#3246=VERTEX_POINT('',#11855);
#3247=VERTEX_POINT('',#11857);
#3248=VERTEX_POINT('',#11861);
#3249=VERTEX_POINT('',#11863);
#3250=VERTEX_POINT('',#11867);
#3251=VERTEX_POINT('',#11869);
#3252=VERTEX_POINT('',#11873);
#3253=VERTEX_POINT('',#11875);
#3254=VERTEX_POINT('',#11879);
#3255=VERTEX_POINT('',#11881);
#3256=VERTEX_POINT('',#11885);
#3257=VERTEX_POINT('',#11887);
#3258=VERTEX_POINT('',#11891);
#3259=VERTEX_POINT('',#11895);
#3260=VERTEX_POINT('',#11899);
#3261=VERTEX_POINT('',#11900);
#3262=VERTEX_POINT('',#11902);
#3263=VERTEX_POINT('',#11904);
#3264=VERTEX_POINT('',#11906);
#3265=VERTEX_POINT('',#11908);
#3266=VERTEX_POINT('',#11910);
#3267=VERTEX_POINT('',#11912);
#3268=VERTEX_POINT('',#11914);
#3269=VERTEX_POINT('',#11916);
#3270=VERTEX_POINT('',#11918);
#3271=VERTEX_POINT('',#11922);
#3272=VERTEX_POINT('',#11924);
#3273=VERTEX_POINT('',#11928);
#3274=VERTEX_POINT('',#11932);
#3275=VERTEX_POINT('',#11936);
#3276=VERTEX_POINT('',#11940);
#3277=VERTEX_POINT('',#11942);
#3278=VERTEX_POINT('',#11946);
#3279=VERTEX_POINT('',#11950);
#3280=VERTEX_POINT('',#11954);
#3281=VERTEX_POINT('',#11958);
#3282=VERTEX_POINT('',#11966);
#3283=VERTEX_POINT('',#11967);
#3284=VERTEX_POINT('',#11969);
#3285=VERTEX_POINT('',#11971);
#3286=VERTEX_POINT('',#11975);
#3287=VERTEX_POINT('',#11977);
#3288=VERTEX_POINT('',#11981);
#3289=VERTEX_POINT('',#11983);
#3290=VERTEX_POINT('',#11987);
#3291=VERTEX_POINT('',#11989);
#3292=VERTEX_POINT('',#11993);
#3293=VERTEX_POINT('',#11995);
#3294=VERTEX_POINT('',#11999);
#3295=VERTEX_POINT('',#12001);
#3296=VERTEX_POINT('',#12005);
#3297=VERTEX_POINT('',#12007);
#3298=VERTEX_POINT('',#12011);
#3299=VERTEX_POINT('',#12013);
#3300=VERTEX_POINT('',#12017);
#3301=VERTEX_POINT('',#12021);
#3302=VERTEX_POINT('',#12025);
#3303=VERTEX_POINT('',#12026);
#3304=VERTEX_POINT('',#12028);
#3305=VERTEX_POINT('',#12030);
#3306=VERTEX_POINT('',#12032);
#3307=VERTEX_POINT('',#12034);
#3308=VERTEX_POINT('',#12036);
#3309=VERTEX_POINT('',#12038);
#3310=VERTEX_POINT('',#12040);
#3311=VERTEX_POINT('',#12042);
#3312=VERTEX_POINT('',#12044);
#3313=VERTEX_POINT('',#12048);
#3314=VERTEX_POINT('',#12050);
#3315=VERTEX_POINT('',#12054);
#3316=VERTEX_POINT('',#12058);
#3317=VERTEX_POINT('',#12062);
#3318=VERTEX_POINT('',#12066);
#3319=VERTEX_POINT('',#12068);
#3320=VERTEX_POINT('',#12072);
#3321=VERTEX_POINT('',#12076);
#3322=VERTEX_POINT('',#12080);
#3323=VERTEX_POINT('',#12084);
#3324=VERTEX_POINT('',#12092);
#3325=VERTEX_POINT('',#12093);
#3326=VERTEX_POINT('',#12095);
#3327=VERTEX_POINT('',#12097);
#3328=VERTEX_POINT('',#12101);
#3329=VERTEX_POINT('',#12103);
#3330=VERTEX_POINT('',#12107);
#3331=VERTEX_POINT('',#12109);
#3332=VERTEX_POINT('',#12113);
#3333=VERTEX_POINT('',#12115);
#3334=VERTEX_POINT('',#12119);
#3335=VERTEX_POINT('',#12121);
#3336=VERTEX_POINT('',#12125);
#3337=VERTEX_POINT('',#12127);
#3338=VERTEX_POINT('',#12131);
#3339=VERTEX_POINT('',#12133);
#3340=VERTEX_POINT('',#12137);
#3341=VERTEX_POINT('',#12139);
#3342=VERTEX_POINT('',#12143);
#3343=VERTEX_POINT('',#12147);
#3344=VERTEX_POINT('',#12151);
#3345=VERTEX_POINT('',#12152);
#3346=VERTEX_POINT('',#12154);
#3347=VERTEX_POINT('',#12156);
#3348=VERTEX_POINT('',#12158);
#3349=VERTEX_POINT('',#12160);
#3350=VERTEX_POINT('',#12162);
#3351=VERTEX_POINT('',#12164);
#3352=VERTEX_POINT('',#12166);
#3353=VERTEX_POINT('',#12168);
#3354=VERTEX_POINT('',#12170);
#3355=VERTEX_POINT('',#12174);
#3356=VERTEX_POINT('',#12176);
#3357=VERTEX_POINT('',#12180);
#3358=VERTEX_POINT('',#12184);
#3359=VERTEX_POINT('',#12188);
#3360=VERTEX_POINT('',#12192);
#3361=VERTEX_POINT('',#12194);
#3362=VERTEX_POINT('',#12198);
#3363=VERTEX_POINT('',#12202);
#3364=VERTEX_POINT('',#12206);
#3365=VERTEX_POINT('',#12210);
#3366=VERTEX_POINT('',#12218);
#3367=VERTEX_POINT('',#12219);
#3368=VERTEX_POINT('',#12221);
#3369=VERTEX_POINT('',#12223);
#3370=VERTEX_POINT('',#12227);
#3371=VERTEX_POINT('',#12229);
#3372=VERTEX_POINT('',#12231);
#3373=VERTEX_POINT('',#12233);
#3374=VERTEX_POINT('',#12237);
#3375=VERTEX_POINT('',#12239);
#3376=VERTEX_POINT('',#12243);
#3377=VERTEX_POINT('',#12245);
#3378=VERTEX_POINT('',#12249);
#3379=VERTEX_POINT('',#12251);
#3380=VERTEX_POINT('',#12255);
#3381=VERTEX_POINT('',#12256);
#3382=VERTEX_POINT('',#12258);
#3383=VERTEX_POINT('',#12260);
#3384=VERTEX_POINT('',#12262);
#3385=VERTEX_POINT('',#12266);
#3386=VERTEX_POINT('',#12268);
#3387=VERTEX_POINT('',#12272);
#3388=VERTEX_POINT('',#12274);
#3389=VERTEX_POINT('',#12278);
#3390=VERTEX_POINT('',#12280);
#3391=VERTEX_POINT('',#12284);
#3392=VERTEX_POINT('',#12286);
#3393=VERTEX_POINT('',#12290);
#3394=VERTEX_POINT('',#12291);
#3395=VERTEX_POINT('',#12293);
#3396=VERTEX_POINT('',#12295);
#3397=VERTEX_POINT('',#12299);
#3398=VERTEX_POINT('',#12301);
#3399=VERTEX_POINT('',#12305);
#3400=VERTEX_POINT('',#12307);
#3401=VERTEX_POINT('',#12311);
#3402=VERTEX_POINT('',#12313);
#3403=VERTEX_POINT('',#12317);
#3404=VERTEX_POINT('',#12319);
#3405=VERTEX_POINT('',#12323);
#3406=VERTEX_POINT('',#12325);
#3407=VERTEX_POINT('',#12332);
#3408=VERTEX_POINT('',#12333);
#3409=VERTEX_POINT('',#12335);
#3410=VERTEX_POINT('',#12337);
#3411=VERTEX_POINT('',#12341);
#3412=VERTEX_POINT('',#12343);
#3413=VERTEX_POINT('',#12347);
#3414=VERTEX_POINT('',#12349);
#3415=VERTEX_POINT('',#12353);
#3416=VERTEX_POINT('',#12355);
#3417=VERTEX_POINT('',#12359);
#3418=VERTEX_POINT('',#12361);
#3419=VERTEX_POINT('',#12365);
#3420=VERTEX_POINT('',#12367);
#3421=VERTEX_POINT('',#12373);
#3422=VERTEX_POINT('',#12374);
#3423=VERTEX_POINT('',#12376);
#3424=VERTEX_POINT('',#12378);
#3425=VERTEX_POINT('',#12380);
#3426=VERTEX_POINT('',#12382);
#3427=VERTEX_POINT('',#12386);
#3428=VERTEX_POINT('',#12388);
#3429=VERTEX_POINT('',#12392);
#3430=VERTEX_POINT('',#12393);
#3431=VERTEX_POINT('',#12395);
#3432=VERTEX_POINT('',#12397);
#3433=VERTEX_POINT('',#12401);
#3434=VERTEX_POINT('',#12403);
#3435=VERTEX_POINT('',#12407);
#3436=VERTEX_POINT('',#12409);
#3437=VERTEX_POINT('',#12413);
#3438=VERTEX_POINT('',#12415);
#3439=VERTEX_POINT('',#12419);
#3440=VERTEX_POINT('',#12421);
#3441=VERTEX_POINT('',#12425);
#3442=VERTEX_POINT('',#12427);
#3443=VERTEX_POINT('',#12432);
#3444=VERTEX_POINT('',#12436);
#3445=VERTEX_POINT('',#12440);
#3446=VERTEX_POINT('',#12444);
#3447=VERTEX_POINT('',#12448);
#3448=VERTEX_POINT('',#12452);
#3449=VERTEX_POINT('',#12454);
#3450=VERTEX_POINT('',#12458);
#3451=VERTEX_POINT('',#12460);
#3452=VERTEX_POINT('',#12464);
#3453=VERTEX_POINT('',#12466);
#3454=VERTEX_POINT('',#12470);
#3455=VERTEX_POINT('',#12471);
#3456=VERTEX_POINT('',#12473);
#3457=VERTEX_POINT('',#12476);
#3458=VERTEX_POINT('',#12480);
#3459=VERTEX_POINT('',#12482);
#3460=VERTEX_POINT('',#12486);
#3461=VERTEX_POINT('',#12488);
#3462=VERTEX_POINT('',#12493);
#3463=VERTEX_POINT('',#12495);
#3464=VERTEX_POINT('',#12499);
#3465=VERTEX_POINT('',#12500);
#3466=VERTEX_POINT('',#12505);
#3467=VERTEX_POINT('',#12506);
#3468=VERTEX_POINT('',#12508);
#3469=VERTEX_POINT('',#12510);
#3470=VERTEX_POINT('',#12514);
#3471=VERTEX_POINT('',#12526);
#3472=VERTEX_POINT('',#12528);
#3473=VERTEX_POINT('',#12530);
#3474=VERTEX_POINT('',#12532);
#3475=VERTEX_POINT('',#12534);
#3476=VERTEX_POINT('',#12536);
#3477=VERTEX_POINT('',#12538);
#3478=VERTEX_POINT('',#12542);
#3479=VERTEX_POINT('',#12544);
#3480=VERTEX_POINT('',#12548);
#3481=VERTEX_POINT('',#12550);
#3482=VERTEX_POINT('',#12554);
#3483=VERTEX_POINT('',#12555);
#3484=VERTEX_POINT('',#12563);
#3485=VERTEX_POINT('',#12567);
#3486=VERTEX_POINT('',#12573);
#3487=VERTEX_POINT('',#12577);
#3488=VERTEX_POINT('',#12583);
#3489=VERTEX_POINT('',#12585);
#3490=VERTEX_POINT('',#12589);
#3491=VERTEX_POINT('',#12591);
#3492=VERTEX_POINT('',#12593);
#3493=VERTEX_POINT('',#12597);
#3494=VERTEX_POINT('',#12599);
#3495=VERTEX_POINT('',#12603);
#3496=VERTEX_POINT('',#12607);
#3497=VERTEX_POINT('',#12608);
#3498=VERTEX_POINT('',#12613);
#3499=VERTEX_POINT('',#12617);
#3500=VERTEX_POINT('',#12621);
#3501=VERTEX_POINT('',#12623);
#3502=VERTEX_POINT('',#12627);
#3503=VERTEX_POINT('',#12631);
#3504=VERTEX_POINT('',#12643);
#3505=VERTEX_POINT('',#12647);
#3506=VERTEX_POINT('',#12649);
#3507=VERTEX_POINT('',#12651);
#3508=VERTEX_POINT('',#12655);
#3509=VERTEX_POINT('',#12657);
#3510=VERTEX_POINT('',#12661);
#3511=VERTEX_POINT('',#12663);
#3512=VERTEX_POINT('',#12667);
#3513=VERTEX_POINT('',#12669);
#3514=VERTEX_POINT('',#12673);
#3515=VERTEX_POINT('',#12675);
#3516=VERTEX_POINT('',#12679);
#3517=VERTEX_POINT('',#12680);
#3518=VERTEX_POINT('',#12682);
#3519=VERTEX_POINT('',#12684);
#3520=VERTEX_POINT('',#12689);
#3521=VERTEX_POINT('',#12693);
#3522=VERTEX_POINT('',#12698);
#3523=VERTEX_POINT('',#12701);
#3524=VERTEX_POINT('',#12703);
#3525=VERTEX_POINT('',#12707);
#3526=VERTEX_POINT('',#12711);
#3527=VERTEX_POINT('',#12712);
#3528=VERTEX_POINT('',#12714);
#3529=VERTEX_POINT('',#12716);
#3530=VERTEX_POINT('',#12720);
#3531=VERTEX_POINT('',#12722);
#3532=VERTEX_POINT('',#12726);
#3533=VERTEX_POINT('',#12728);
#3534=VERTEX_POINT('',#12733);
#3535=VERTEX_POINT('',#12735);
#3536=VERTEX_POINT('',#12742);
#3537=VERTEX_POINT('',#12743);
#3538=VERTEX_POINT('',#12745);
#3539=VERTEX_POINT('',#12747);
#3540=VERTEX_POINT('',#12751);
#3541=VERTEX_POINT('',#12753);
#3542=VERTEX_POINT('',#12757);
#3543=VERTEX_POINT('',#12759);
#3544=VERTEX_POINT('',#12763);
#3545=VERTEX_POINT('',#12765);
#3546=VERTEX_POINT('',#12769);
#3547=VERTEX_POINT('',#12771);
#3548=VERTEX_POINT('',#12775);
#3549=VERTEX_POINT('',#12777);
#3550=VERTEX_POINT('',#12781);
#3551=VERTEX_POINT('',#12783);
#3552=VERTEX_POINT('',#12787);
#3553=VERTEX_POINT('',#12789);
#3554=VERTEX_POINT('',#12791);
#3555=VERTEX_POINT('',#12795);
#3556=VERTEX_POINT('',#12797);
#3557=VERTEX_POINT('',#12801);
#3558=VERTEX_POINT('',#12803);
#3559=VERTEX_POINT('',#12807);
#3560=VERTEX_POINT('',#12809);
#3561=VERTEX_POINT('',#12813);
#3562=VERTEX_POINT('',#12815);
#3563=VERTEX_POINT('',#12819);
#3564=VERTEX_POINT('',#12821);
#3565=VERTEX_POINT('',#12825);
#3566=VERTEX_POINT('',#12826);
#3567=VERTEX_POINT('',#12828);
#3568=VERTEX_POINT('',#12833);
#3569=VERTEX_POINT('',#12835);
#3570=VERTEX_POINT('',#12839);
#3571=VERTEX_POINT('',#12843);
#3572=VERTEX_POINT('',#12847);
#3573=VERTEX_POINT('',#12851);
#3574=VERTEX_POINT('',#12855);
#3575=VERTEX_POINT('',#12856);
#3576=VERTEX_POINT('',#12858);
#3577=VERTEX_POINT('',#12860);
#3578=VERTEX_POINT('',#12864);
#3579=VERTEX_POINT('',#12867);
#3580=VERTEX_POINT('',#12871);
#3581=VERTEX_POINT('',#12872);
#3582=VERTEX_POINT('',#12874);
#3583=VERTEX_POINT('',#12876);
#3584=VERTEX_POINT('',#12880);
#3585=VERTEX_POINT('',#12882);
#3586=VERTEX_POINT('',#12887);
#3587=VERTEX_POINT('',#12891);
#3588=VERTEX_POINT('',#12895);
#3589=VERTEX_POINT('',#12899);
#3590=VERTEX_POINT('',#12903);
#3591=VERTEX_POINT('',#12907);
#3592=VERTEX_POINT('',#12911);
#3593=VERTEX_POINT('',#12912);
#3594=VERTEX_POINT('',#12914);
#3595=VERTEX_POINT('',#12916);
#3596=VERTEX_POINT('',#12920);
#3597=VERTEX_POINT('',#12922);
#3598=VERTEX_POINT('',#12926);
#3599=VERTEX_POINT('',#12928);
#3600=VERTEX_POINT('',#12932);
#3601=VERTEX_POINT('',#12934);
#3602=VERTEX_POINT('',#12938);
#3603=VERTEX_POINT('',#12940);
#3604=VERTEX_POINT('',#12944);
#3605=VERTEX_POINT('',#12945);
#3606=VERTEX_POINT('',#12947);
#3607=VERTEX_POINT('',#12949);
#3608=VERTEX_POINT('',#12953);
#3609=VERTEX_POINT('',#12955);
#3610=VERTEX_POINT('',#12957);
#3611=VERTEX_POINT('',#12959);
#3612=VERTEX_POINT('',#12964);
#3613=VERTEX_POINT('',#12968);
#3614=VERTEX_POINT('',#12969);
#3615=VERTEX_POINT('',#12971);
#3616=VERTEX_POINT('',#12973);
#3617=VERTEX_POINT('',#12977);
#3618=VERTEX_POINT('',#12979);
#3619=VERTEX_POINT('',#12983);
#3620=VERTEX_POINT('',#12985);
#3621=VERTEX_POINT('',#12989);
#3622=VERTEX_POINT('',#12991);
#3623=VERTEX_POINT('',#12995);
#3624=VERTEX_POINT('',#12997);
#3625=VERTEX_POINT('',#13001);
#3626=VERTEX_POINT('',#13003);
#3627=VERTEX_POINT('',#13007);
#3628=VERTEX_POINT('',#13009);
#3629=VERTEX_POINT('',#13014);
#3630=VERTEX_POINT('',#13018);
#3631=VERTEX_POINT('',#13020);
#3632=VERTEX_POINT('',#13024);
#3633=VERTEX_POINT('',#13026);
#3634=VERTEX_POINT('',#13040);
#3635=VERTEX_POINT('',#13044);
#3636=VERTEX_POINT('',#13048);
#3637=VERTEX_POINT('',#13049);
#3638=VERTEX_POINT('',#13054);
#3639=VERTEX_POINT('',#13058);
#3640=VERTEX_POINT('',#13064);
#3641=VERTEX_POINT('',#13066);
#3642=VERTEX_POINT('',#13070);
#3643=VERTEX_POINT('',#13074);
#3644=VERTEX_POINT('',#13078);
#3645=VERTEX_POINT('',#13082);
#3646=VERTEX_POINT('',#13087);
#3647=VERTEX_POINT('',#13092);
#3648=VERTEX_POINT('',#13096);
#3649=VERTEX_POINT('',#13100);
#3650=VERTEX_POINT('',#13104);
#3651=VERTEX_POINT('',#13108);
#3652=VERTEX_POINT('',#13116);
#3653=VERTEX_POINT('',#13118);
#3654=VERTEX_POINT('',#13123);
#3655=VERTEX_POINT('',#13125);
#3656=VERTEX_POINT('',#13129);
#3657=VERTEX_POINT('',#13130);
#3658=VERTEX_POINT('',#13132);
#3659=VERTEX_POINT('',#13134);
#3660=VERTEX_POINT('',#13136);
#3661=VERTEX_POINT('',#13139);
#3662=VERTEX_POINT('',#13141);
#3663=VERTEX_POINT('',#13143);
#3664=VERTEX_POINT('',#13145);
#3665=VERTEX_POINT('',#13149);
#3666=VERTEX_POINT('',#13151);
#3667=VERTEX_POINT('',#13155);
#3668=VERTEX_POINT('',#13159);
#3669=VERTEX_POINT('',#13165);
#3670=VERTEX_POINT('',#13169);
#3671=VERTEX_POINT('',#13173);
#3672=VERTEX_POINT('',#13177);
#3673=VERTEX_POINT('',#13181);
#3674=VERTEX_POINT('',#13188);
#3675=VERTEX_POINT('',#13190);
#3676=VERTEX_POINT('',#13194);
#3677=VERTEX_POINT('',#13198);
#3678=LINE('',#11268,#4561);
#3679=LINE('',#11271,#4562);
#3680=LINE('',#11273,#4563);
#3681=LINE('',#11275,#4564);
#3682=LINE('',#11277,#4565);
#3683=LINE('',#11279,#4566);
#3684=LINE('',#11281,#4567);
#3685=LINE('',#11283,#4568);
#3686=LINE('',#11285,#4569);
#3687=LINE('',#11287,#4570);
#3688=LINE('',#11289,#4571);
#3689=LINE('',#11291,#4572);
#3690=LINE('',#11293,#4573);
#3691=LINE('',#11295,#4574);
#3692=LINE('',#11297,#4575);
#3693=LINE('',#11300,#4576);
#3694=LINE('',#11302,#4577);
#3695=LINE('',#11304,#4578);
#3696=LINE('',#11306,#4579);
#3697=LINE('',#11308,#4580);
#3698=LINE('',#11310,#4581);
#3699=LINE('',#11312,#4582);
#3700=LINE('',#11314,#4583);
#3701=LINE('',#11316,#4584);
#3702=LINE('',#11318,#4585);
#3703=LINE('',#11320,#4586);
#3704=LINE('',#11322,#4587);
#3705=LINE('',#11324,#4588);
#3706=LINE('',#11326,#4589);
#3707=LINE('',#11329,#4590);
#3708=LINE('',#11331,#4591);
#3709=LINE('',#11333,#4592);
#3710=LINE('',#11335,#4593);
#3711=LINE('',#11337,#4594);
#3712=LINE('',#11339,#4595);
#3713=LINE('',#11341,#4596);
#3714=LINE('',#11343,#4597);
#3715=LINE('',#11345,#4598);
#3716=LINE('',#11347,#4599);
#3717=LINE('',#11349,#4600);
#3718=LINE('',#11351,#4601);
#3719=LINE('',#11353,#4602);
#3720=LINE('',#11355,#4603);
#3721=LINE('',#11358,#4604);
#3722=LINE('',#11360,#4605);
#3723=LINE('',#11362,#4606);
#3724=LINE('',#11364,#4607);
#3725=LINE('',#11366,#4608);
#3726=LINE('',#11368,#4609);
#3727=LINE('',#11370,#4610);
#3728=LINE('',#11372,#4611);
#3729=LINE('',#11374,#4612);
#3730=LINE('',#11376,#4613);
#3731=LINE('',#11378,#4614);
#3732=LINE('',#11380,#4615);
#3733=LINE('',#11382,#4616);
#3734=LINE('',#11384,#4617);
#3735=LINE('',#11387,#4618);
#3736=LINE('',#11389,#4619);
#3737=LINE('',#11391,#4620);
#3738=LINE('',#11393,#4621);
#3739=LINE('',#11395,#4622);
#3740=LINE('',#11397,#4623);
#3741=LINE('',#11399,#4624);
#3742=LINE('',#11401,#4625);
#3743=LINE('',#11403,#4626);
#3744=LINE('',#11405,#4627);
#3745=LINE('',#11407,#4628);
#3746=LINE('',#11409,#4629);
#3747=LINE('',#11411,#4630);
#3748=LINE('',#11413,#4631);
#3749=LINE('',#11416,#4632);
#3750=LINE('',#11418,#4633);
#3751=LINE('',#11420,#4634);
#3752=LINE('',#11422,#4635);
#3753=LINE('',#11424,#4636);
#3754=LINE('',#11426,#4637);
#3755=LINE('',#11428,#4638);
#3756=LINE('',#11430,#4639);
#3757=LINE('',#11432,#4640);
#3758=LINE('',#11434,#4641);
#3759=LINE('',#11436,#4642);
#3760=LINE('',#11438,#4643);
#3761=LINE('',#11440,#4644);
#3762=LINE('',#11442,#4645);
#3763=LINE('',#11445,#4646);
#3764=LINE('',#11447,#4647);
#3765=LINE('',#11449,#4648);
#3766=LINE('',#11451,#4649);
#3767=LINE('',#11453,#4650);
#3768=LINE('',#11455,#4651);
#3769=LINE('',#11457,#4652);
#3770=LINE('',#11459,#4653);
#3771=LINE('',#11461,#4654);
#3772=LINE('',#11463,#4655);
#3773=LINE('',#11465,#4656);
#3774=LINE('',#11467,#4657);
#3775=LINE('',#11469,#4658);
#3776=LINE('',#11471,#4659);
#3777=LINE('',#11474,#4660);
#3778=LINE('',#11476,#4661);
#3779=LINE('',#11478,#4662);
#3780=LINE('',#11480,#4663);
#3781=LINE('',#11482,#4664);
#3782=LINE('',#11484,#4665);
#3783=LINE('',#11486,#4666);
#3784=LINE('',#11488,#4667);
#3785=LINE('',#11490,#4668);
#3786=LINE('',#11492,#4669);
#3787=LINE('',#11494,#4670);
#3788=LINE('',#11496,#4671);
#3789=LINE('',#11498,#4672);
#3790=LINE('',#11500,#4673);
#3791=LINE('',#11503,#4674);
#3792=LINE('',#11505,#4675);
#3793=LINE('',#11507,#4676);
#3794=LINE('',#11509,#4677);
#3795=LINE('',#11511,#4678);
#3796=LINE('',#11513,#4679);
#3797=LINE('',#11515,#4680);
#3798=LINE('',#11517,#4681);
#3799=LINE('',#11519,#4682);
#3800=LINE('',#11521,#4683);
#3801=LINE('',#11523,#4684);
#3802=LINE('',#11525,#4685);
#3803=LINE('',#11527,#4686);
#3804=LINE('',#11529,#4687);
#3805=LINE('',#11532,#4688);
#3806=LINE('',#11534,#4689);
#3807=LINE('',#11536,#4690);
#3808=LINE('',#11538,#4691);
#3809=LINE('',#11540,#4692);
#3810=LINE('',#11542,#4693);
#3811=LINE('',#11544,#4694);
#3812=LINE('',#11546,#4695);
#3813=LINE('',#11548,#4696);
#3814=LINE('',#11550,#4697);
#3815=LINE('',#11552,#4698);
#3816=LINE('',#11554,#4699);
#3817=LINE('',#11556,#4700);
#3818=LINE('',#11558,#4701);
#3819=LINE('',#11561,#4702);
#3820=LINE('',#11563,#4703);
#3821=LINE('',#11565,#4704);
#3822=LINE('',#11567,#4705);
#3823=LINE('',#11569,#4706);
#3824=LINE('',#11571,#4707);
#3825=LINE('',#11573,#4708);
#3826=LINE('',#11575,#4709);
#3827=LINE('',#11577,#4710);
#3828=LINE('',#11579,#4711);
#3829=LINE('',#11581,#4712);
#3830=LINE('',#11583,#4713);
#3831=LINE('',#11585,#4714);
#3832=LINE('',#11587,#4715);
#3833=LINE('',#11590,#4716);
#3834=LINE('',#11592,#4717);
#3835=LINE('',#11594,#4718);
#3836=LINE('',#11596,#4719);
#3837=LINE('',#11598,#4720);
#3838=LINE('',#11600,#4721);
#3839=LINE('',#11602,#4722);
#3840=LINE('',#11604,#4723);
#3841=LINE('',#11606,#4724);
#3842=LINE('',#11608,#4725);
#3843=LINE('',#11610,#4726);
#3844=LINE('',#11612,#4727);
#3845=LINE('',#11618,#4728);
#3846=LINE('',#11620,#4729);
#3847=LINE('',#11622,#4730);
#3848=LINE('',#11624,#4731);
#3849=LINE('',#11630,#4732);
#3850=LINE('',#11632,#4733);
#3851=LINE('',#11634,#4734);
#3852=LINE('',#11636,#4735);
#3853=LINE('',#11638,#4736);
#3854=LINE('',#11640,#4737);
#3855=LINE('',#11642,#4738);
#3856=LINE('',#11644,#4739);
#3857=LINE('',#11649,#4740);
#3858=LINE('',#11651,#4741);
#3859=LINE('',#11653,#4742);
#3860=LINE('',#11655,#4743);
#3861=LINE('',#11657,#4744);
#3862=LINE('',#11659,#4745);
#3863=LINE('',#11661,#4746);
#3864=LINE('',#11663,#4747);
#3865=LINE('',#11667,#4748);
#3866=LINE('',#11669,#4749);
#3867=LINE('',#11671,#4750);
#3868=LINE('',#11673,#4751);
#3869=LINE('',#11675,#4752);
#3870=LINE('',#11677,#4753);
#3871=LINE('',#11679,#4754);
#3872=LINE('',#11681,#4755);
#3873=LINE('',#11683,#4756);
#3874=LINE('',#11685,#4757);
#3875=LINE('',#11687,#4758);
#3876=LINE('',#11689,#4759);
#3877=LINE('',#11691,#4760);
#3878=LINE('',#11693,#4761);
#3879=LINE('',#11695,#4762);
#3880=LINE('',#11697,#4763);
#3881=LINE('',#11699,#4764);
#3882=LINE('',#11703,#4765);
#3883=LINE('',#11705,#4766);
#3884=LINE('',#11707,#4767);
#3885=LINE('',#11711,#4768);
#3886=LINE('',#11713,#4769);
#3887=LINE('',#11716,#4770);
#3888=LINE('',#11718,#4771);
#3889=LINE('',#11720,#4772);
#3890=LINE('',#11722,#4773);
#3891=LINE('',#11724,#4774);
#3892=LINE('',#11726,#4775);
#3893=LINE('',#11728,#4776);
#3894=LINE('',#11730,#4777);
#3895=LINE('',#11732,#4778);
#3896=LINE('',#11734,#4779);
#3897=LINE('',#11736,#4780);
#3898=LINE('',#11738,#4781);
#3899=LINE('',#11744,#4782);
#3900=LINE('',#11746,#4783);
#3901=LINE('',#11748,#4784);
#3902=LINE('',#11750,#4785);
#3903=LINE('',#11756,#4786);
#3904=LINE('',#11758,#4787);
#3905=LINE('',#11760,#4788);
#3906=LINE('',#11762,#4789);
#3907=LINE('',#11764,#4790);
#3908=LINE('',#11766,#4791);
#3909=LINE('',#11768,#4792);
#3910=LINE('',#11770,#4793);
#3911=LINE('',#11775,#4794);
#3912=LINE('',#11777,#4795);
#3913=LINE('',#11779,#4796);
#3914=LINE('',#11781,#4797);
#3915=LINE('',#11783,#4798);
#3916=LINE('',#11785,#4799);
#3917=LINE('',#11787,#4800);
#3918=LINE('',#11789,#4801);
#3919=LINE('',#11793,#4802);
#3920=LINE('',#11795,#4803);
#3921=LINE('',#11797,#4804);
#3922=LINE('',#11799,#4805);
#3923=LINE('',#11801,#4806);
#3924=LINE('',#11803,#4807);
#3925=LINE('',#11805,#4808);
#3926=LINE('',#11807,#4809);
#3927=LINE('',#11809,#4810);
#3928=LINE('',#11811,#4811);
#3929=LINE('',#11813,#4812);
#3930=LINE('',#11815,#4813);
#3931=LINE('',#11817,#4814);
#3932=LINE('',#11819,#4815);
#3933=LINE('',#11821,#4816);
#3934=LINE('',#11823,#4817);
#3935=LINE('',#11825,#4818);
#3936=LINE('',#11829,#4819);
#3937=LINE('',#11831,#4820);
#3938=LINE('',#11833,#4821);
#3939=LINE('',#11837,#4822);
#3940=LINE('',#11839,#4823);
#3941=LINE('',#11842,#4824);
#3942=LINE('',#11844,#4825);
#3943=LINE('',#11846,#4826);
#3944=LINE('',#11848,#4827);
#3945=LINE('',#11850,#4828);
#3946=LINE('',#11852,#4829);
#3947=LINE('',#11854,#4830);
#3948=LINE('',#11856,#4831);
#3949=LINE('',#11858,#4832);
#3950=LINE('',#11860,#4833);
#3951=LINE('',#11862,#4834);
#3952=LINE('',#11864,#4835);
#3953=LINE('',#11870,#4836);
#3954=LINE('',#11872,#4837);
#3955=LINE('',#11874,#4838);
#3956=LINE('',#11876,#4839);
#3957=LINE('',#11882,#4840);
#3958=LINE('',#11884,#4841);
#3959=LINE('',#11886,#4842);
#3960=LINE('',#11888,#4843);
#3961=LINE('',#11890,#4844);
#3962=LINE('',#11892,#4845);
#3963=LINE('',#11894,#4846);
#3964=LINE('',#11896,#4847);
#3965=LINE('',#11901,#4848);
#3966=LINE('',#11903,#4849);
#3967=LINE('',#11905,#4850);
#3968=LINE('',#11907,#4851);
#3969=LINE('',#11909,#4852);
#3970=LINE('',#11911,#4853);
#3971=LINE('',#11913,#4854);
#3972=LINE('',#11915,#4855);
#3973=LINE('',#11919,#4856);
#3974=LINE('',#11921,#4857);
#3975=LINE('',#11923,#4858);
#3976=LINE('',#11925,#4859);
#3977=LINE('',#11927,#4860);
#3978=LINE('',#11929,#4861);
#3979=LINE('',#11931,#4862);
#3980=LINE('',#11933,#4863);
#3981=LINE('',#11935,#4864);
#3982=LINE('',#11937,#4865);
#3983=LINE('',#11939,#4866);
#3984=LINE('',#11941,#4867);
#3985=LINE('',#11943,#4868);
#3986=LINE('',#11945,#4869);
#3987=LINE('',#11947,#4870);
#3988=LINE('',#11949,#4871);
#3989=LINE('',#11951,#4872);
#3990=LINE('',#11955,#4873);
#3991=LINE('',#11957,#4874);
#3992=LINE('',#11959,#4875);
#3993=LINE('',#11963,#4876);
#3994=LINE('',#11965,#4877);
#3995=LINE('',#11968,#4878);
#3996=LINE('',#11970,#4879);
#3997=LINE('',#11972,#4880);
#3998=LINE('',#11974,#4881);
#3999=LINE('',#11976,#4882);
#4000=LINE('',#11978,#4883);
#4001=LINE('',#11980,#4884);
#4002=LINE('',#11982,#4885);
#4003=LINE('',#11984,#4886);
#4004=LINE('',#11986,#4887);
#4005=LINE('',#11988,#4888);
#4006=LINE('',#11990,#4889);
#4007=LINE('',#11996,#4890);
#4008=LINE('',#11998,#4891);
#4009=LINE('',#12000,#4892);
#4010=LINE('',#12002,#4893);
#4011=LINE('',#12008,#4894);
#4012=LINE('',#12010,#4895);
#4013=LINE('',#12012,#4896);
#4014=LINE('',#12014,#4897);
#4015=LINE('',#12016,#4898);
#4016=LINE('',#12018,#4899);
#4017=LINE('',#12020,#4900);
#4018=LINE('',#12022,#4901);
#4019=LINE('',#12027,#4902);
#4020=LINE('',#12029,#4903);
#4021=LINE('',#12031,#4904);
#4022=LINE('',#12033,#4905);
#4023=LINE('',#12035,#4906);
#4024=LINE('',#12037,#4907);
#4025=LINE('',#12039,#4908);
#4026=LINE('',#12041,#4909);
#4027=LINE('',#12045,#4910);
#4028=LINE('',#12047,#4911);
#4029=LINE('',#12049,#4912);
#4030=LINE('',#12051,#4913);
#4031=LINE('',#12053,#4914);
#4032=LINE('',#12055,#4915);
#4033=LINE('',#12057,#4916);
#4034=LINE('',#12059,#4917);
#4035=LINE('',#12061,#4918);
#4036=LINE('',#12063,#4919);
#4037=LINE('',#12065,#4920);
#4038=LINE('',#12067,#4921);
#4039=LINE('',#12069,#4922);
#4040=LINE('',#12071,#4923);
#4041=LINE('',#12073,#4924);
#4042=LINE('',#12075,#4925);
#4043=LINE('',#12077,#4926);
#4044=LINE('',#12081,#4927);
#4045=LINE('',#12083,#4928);
#4046=LINE('',#12085,#4929);
#4047=LINE('',#12089,#4930);
#4048=LINE('',#12091,#4931);
#4049=LINE('',#12094,#4932);
#4050=LINE('',#12096,#4933);
#4051=LINE('',#12098,#4934);
#4052=LINE('',#12100,#4935);
#4053=LINE('',#12102,#4936);
#4054=LINE('',#12104,#4937);
#4055=LINE('',#12106,#4938);
#4056=LINE('',#12108,#4939);
#4057=LINE('',#12110,#4940);
#4058=LINE('',#12112,#4941);
#4059=LINE('',#12114,#4942);
#4060=LINE('',#12116,#4943);
#4061=LINE('',#12122,#4944);
#4062=LINE('',#12124,#4945);
#4063=LINE('',#12126,#4946);
#4064=LINE('',#12128,#4947);
#4065=LINE('',#12134,#4948);
#4066=LINE('',#12136,#4949);
#4067=LINE('',#12138,#4950);
#4068=LINE('',#12140,#4951);
#4069=LINE('',#12142,#4952);
#4070=LINE('',#12144,#4953);
#4071=LINE('',#12146,#4954);
#4072=LINE('',#12148,#4955);
#4073=LINE('',#12153,#4956);
#4074=LINE('',#12155,#4957);
#4075=LINE('',#12157,#4958);
#4076=LINE('',#12159,#4959);
#4077=LINE('',#12161,#4960);
#4078=LINE('',#12163,#4961);
#4079=LINE('',#12165,#4962);
#4080=LINE('',#12167,#4963);
#4081=LINE('',#12171,#4964);
#4082=LINE('',#12173,#4965);
#4083=LINE('',#12175,#4966);
#4084=LINE('',#12177,#4967);
#4085=LINE('',#12179,#4968);
#4086=LINE('',#12181,#4969);
#4087=LINE('',#12183,#4970);
#4088=LINE('',#12185,#4971);
#4089=LINE('',#12187,#4972);
#4090=LINE('',#12189,#4973);
#4091=LINE('',#12191,#4974);
#4092=LINE('',#12193,#4975);
#4093=LINE('',#12195,#4976);
#4094=LINE('',#12197,#4977);
#4095=LINE('',#12199,#4978);
#4096=LINE('',#12201,#4979);
#4097=LINE('',#12203,#4980);
#4098=LINE('',#12207,#4981);
#4099=LINE('',#12209,#4982);
#4100=LINE('',#12211,#4983);
#4101=LINE('',#12215,#4984);
#4102=LINE('',#12217,#4985);
#4103=LINE('',#12220,#4986);
#4104=LINE('',#12222,#4987);
#4105=LINE('',#12224,#4988);
#4106=LINE('',#12226,#4989);
#4107=LINE('',#12228,#4990);
#4108=LINE('',#12230,#4991);
#4109=LINE('',#12232,#4992);
#4110=LINE('',#12234,#4993);
#4111=LINE('',#12236,#4994);
#4112=LINE('',#12238,#4995);
#4113=LINE('',#12240,#4996);
#4114=LINE('',#12242,#4997);
#4115=LINE('',#12244,#4998);
#4116=LINE('',#12246,#4999);
#4117=LINE('',#12248,#5000);
#4118=LINE('',#12250,#5001);
#4119=LINE('',#12252,#5002);
#4120=LINE('',#12254,#5003);
#4121=LINE('',#12257,#5004);
#4122=LINE('',#12259,#5005);
#4123=LINE('',#12261,#5006);
#4124=LINE('',#12263,#5007);
#4125=LINE('',#12269,#5008);
#4126=LINE('',#12271,#5009);
#4127=LINE('',#12273,#5010);
#4128=LINE('',#12275,#5011);
#4129=LINE('',#12277,#5012);
#4130=LINE('',#12279,#5013);
#4131=LINE('',#12281,#5014);
#4132=LINE('',#12283,#5015);
#4133=LINE('',#12285,#5016);
#4134=LINE('',#12287,#5017);
#4135=LINE('',#12289,#5018);
#4136=LINE('',#12292,#5019);
#4137=LINE('',#12294,#5020);
#4138=LINE('',#12296,#5021);
#4139=LINE('',#12298,#5022);
#4140=LINE('',#12300,#5023);
#4141=LINE('',#12302,#5024);
#4142=LINE('',#12304,#5025);
#4143=LINE('',#12306,#5026);
#4144=LINE('',#12308,#5027);
#4145=LINE('',#12312,#5028);
#4146=LINE('',#12316,#5029);
#4147=LINE('',#12318,#5030);
#4148=LINE('',#12320,#5031);
#4149=LINE('',#12324,#5032);
#4150=LINE('',#12328,#5033);
#4151=LINE('',#12329,#5034);
#4152=LINE('',#12331,#5035);
#4153=LINE('',#12334,#5036);
#4154=LINE('',#12336,#5037);
#4155=LINE('',#12338,#5038);
#4156=LINE('',#12340,#5039);
#4157=LINE('',#12342,#5040);
#4158=LINE('',#12344,#5041);
#4159=LINE('',#12346,#5042);
#4160=LINE('',#12348,#5043);
#4161=LINE('',#12350,#5044);
#4162=LINE('',#12356,#5045);
#4163=LINE('',#12358,#5046);
#4164=LINE('',#12360,#5047);
#4165=LINE('',#12362,#5048);
#4166=LINE('',#12368,#5049);
#4167=LINE('',#12370,#5050);
#4168=LINE('',#12372,#5051);
#4169=LINE('',#12375,#5052);
#4170=LINE('',#12377,#5053);
#4171=LINE('',#12379,#5054);
#4172=LINE('',#12383,#5055);
#4173=LINE('',#12385,#5056);
#4174=LINE('',#12387,#5057);
#4175=LINE('',#12389,#5058);
#4176=LINE('',#12391,#5059);
#4177=LINE('',#12394,#5060);
#4178=LINE('',#12396,#5061);
#4179=LINE('',#12398,#5062);
#4180=LINE('',#12400,#5063);
#4181=LINE('',#12402,#5064);
#4182=LINE('',#12404,#5065);
#4183=LINE('',#12406,#5066);
#4184=LINE('',#12408,#5067);
#4185=LINE('',#12410,#5068);
#4186=LINE('',#12416,#5069);
#4187=LINE('',#12418,#5070);
#4188=LINE('',#12420,#5071);
#4189=LINE('',#12422,#5072);
#4190=LINE('',#12428,#5073);
#4191=LINE('',#12430,#5074);
#4192=LINE('',#12431,#5075);
#4193=LINE('',#12433,#5076);
#4194=LINE('',#12435,#5077);
#4195=LINE('',#12437,#5078);
#4196=LINE('',#12439,#5079);
#4197=LINE('',#12441,#5080);
#4198=LINE('',#12443,#5081);
#4199=LINE('',#12445,#5082);
#4200=LINE('',#12449,#5083);
#4201=LINE('',#12451,#5084);
#4202=LINE('',#12453,#5085);
#4203=LINE('',#12455,#5086);
#4204=LINE('',#12459,#5087);
#4205=LINE('',#12467,#5088);
#4206=LINE('',#12469,#5089);
#4207=LINE('',#12472,#5090);
#4208=LINE('',#12474,#5091);
#4209=LINE('',#12475,#5092);
#4210=LINE('',#12477,#5093);
#4211=LINE('',#12479,#5094);
#4212=LINE('',#12481,#5095);
#4213=LINE('',#12483,#5096);
#4214=LINE('',#12485,#5097);
#4215=LINE('',#12487,#5098);
#4216=LINE('',#12489,#5099);
#4217=LINE('',#12490,#5100);
#4218=LINE('',#12492,#5101);
#4219=LINE('',#12494,#5102);
#4220=LINE('',#12496,#5103);
#4221=LINE('',#12498,#5104);
#4222=LINE('',#12501,#5105);
#4223=LINE('',#12502,#5106);
#4224=LINE('',#12504,#5107);
#4225=LINE('',#12507,#5108);
#4226=LINE('',#12509,#5109);
#4227=LINE('',#12511,#5110);
#4228=LINE('',#12513,#5111);
#4229=LINE('',#12515,#5112);
#4230=LINE('',#12516,#5113);
#4231=LINE('',#12517,#5114);
#4232=LINE('',#12518,#5115);
#4233=LINE('',#12519,#5116);
#4234=LINE('',#12520,#5117);
#4235=LINE('',#12521,#5118);
#4236=LINE('',#12522,#5119);
#4237=LINE('',#12523,#5120);
#4238=LINE('',#12524,#5121);
#4239=LINE('',#12525,#5122);
#4240=LINE('',#12527,#5123);
#4241=LINE('',#12529,#5124);
#4242=LINE('',#12531,#5125);
#4243=LINE('',#12533,#5126);
#4244=LINE('',#12535,#5127);
#4245=LINE('',#12537,#5128);
#4246=LINE('',#12539,#5129);
#4247=LINE('',#12541,#5130);
#4248=LINE('',#12543,#5131);
#4249=LINE('',#12545,#5132);
#4250=LINE('',#12547,#5133);
#4251=LINE('',#12549,#5134);
#4252=LINE('',#12551,#5135);
#4253=LINE('',#12553,#5136);
#4254=LINE('',#12556,#5137);
#4255=LINE('',#12557,#5138);
#4256=LINE('',#12559,#5139);
#4257=LINE('',#12560,#5140);
#4258=LINE('',#12562,#5141);
#4259=LINE('',#12564,#5142);
#4260=LINE('',#12566,#5143);
#4261=LINE('',#12568,#5144);
#4262=LINE('',#12570,#5145);
#4263=LINE('',#12574,#5146);
#4264=LINE('',#12576,#5147);
#4265=LINE('',#12580,#5148);
#4266=LINE('',#12582,#5149);
#4267=LINE('',#12584,#5150);
#4268=LINE('',#12586,#5151);
#4269=LINE('',#12588,#5152);
#4270=LINE('',#12590,#5153);
#4271=LINE('',#12592,#5154);
#4272=LINE('',#12594,#5155);
#4273=LINE('',#12596,#5156);
#4274=LINE('',#12598,#5157);
#4275=LINE('',#12600,#5158);
#4276=LINE('',#12602,#5159);
#4277=LINE('',#12604,#5160);
#4278=LINE('',#12606,#5161);
#4279=LINE('',#12609,#5162);
#4280=LINE('',#12610,#5163);
#4281=LINE('',#12612,#5164);
#4282=LINE('',#12614,#5165);
#4283=LINE('',#12616,#5166);
#4284=LINE('',#12618,#5167);
#4285=LINE('',#12620,#5168);
#4286=LINE('',#12622,#5169);
#4287=LINE('',#12624,#5170);
#4288=LINE('',#12626,#5171);
#4289=LINE('',#12628,#5172);
#4290=LINE('',#12630,#5173);
#4291=LINE('',#12632,#5174);
#4292=LINE('',#12634,#5175);
#4293=LINE('',#12635,#5176);
#4294=LINE('',#12636,#5177);
#4295=LINE('',#12637,#5178);
#4296=LINE('',#12638,#5179);
#4297=LINE('',#12639,#5180);
#4298=LINE('',#12640,#5181);
#4299=LINE('',#12642,#5182);
#4300=LINE('',#12644,#5183);
#4301=LINE('',#12646,#5184);
#4302=LINE('',#12648,#5185);
#4303=LINE('',#12650,#5186);
#4304=LINE('',#12652,#5187);
#4305=LINE('',#12654,#5188);
#4306=LINE('',#12656,#5189);
#4307=LINE('',#12658,#5190);
#4308=LINE('',#12660,#5191);
#4309=LINE('',#12662,#5192);
#4310=LINE('',#12664,#5193);
#4311=LINE('',#12666,#5194);
#4312=LINE('',#12668,#5195);
#4313=LINE('',#12670,#5196);
#4314=LINE('',#12672,#5197);
#4315=LINE('',#12674,#5198);
#4316=LINE('',#12676,#5199);
#4317=LINE('',#12678,#5200);
#4318=LINE('',#12681,#5201);
#4319=LINE('',#12683,#5202);
#4320=LINE('',#12685,#5203);
#4321=LINE('',#12687,#5204);
#4322=LINE('',#12688,#5205);
#4323=LINE('',#12690,#5206);
#4324=LINE('',#12692,#5207);
#4325=LINE('',#12694,#5208);
#4326=LINE('',#12696,#5209);
#4327=LINE('',#12697,#5210);
#4328=LINE('',#12699,#5211);
#4329=LINE('',#12700,#5212);
#4330=LINE('',#12702,#5213);
#4331=LINE('',#12704,#5214);
#4332=LINE('',#12706,#5215);
#4333=LINE('',#12708,#5216);
#4334=LINE('',#12710,#5217);
#4335=LINE('',#12713,#5218);
#4336=LINE('',#12715,#5219);
#4337=LINE('',#12717,#5220);
#4338=LINE('',#12719,#5221);
#4339=LINE('',#12721,#5222);
#4340=LINE('',#12723,#5223);
#4341=LINE('',#12725,#5224);
#4342=LINE('',#12727,#5225);
#4343=LINE('',#12729,#5226);
#4344=LINE('',#12730,#5227);
#4345=LINE('',#12732,#5228);
#4346=LINE('',#12734,#5229);
#4347=LINE('',#12736,#5230);
#4348=LINE('',#12738,#5231);
#4349=LINE('',#12739,#5232);
#4350=LINE('',#12741,#5233);
#4351=LINE('',#12744,#5234);
#4352=LINE('',#12746,#5235);
#4353=LINE('',#12748,#5236);
#4354=LINE('',#12750,#5237);
#4355=LINE('',#12752,#5238);
#4356=LINE('',#12754,#5239);
#4357=LINE('',#12756,#5240);
#4358=LINE('',#12758,#5241);
#4359=LINE('',#12760,#5242);
#4360=LINE('',#12766,#5243);
#4361=LINE('',#12768,#5244);
#4362=LINE('',#12770,#5245);
#4363=LINE('',#12772,#5246);
#4364=LINE('',#12778,#5247);
#4365=LINE('',#12780,#5248);
#4366=LINE('',#12782,#5249);
#4367=LINE('',#12784,#5250);
#4368=LINE('',#12788,#5251);
#4369=LINE('',#12794,#5252);
#4370=LINE('',#12796,#5253);
#4371=LINE('',#12798,#5254);
#4372=LINE('',#12800,#5255);
#4373=LINE('',#12802,#5256);
#4374=LINE('',#12804,#5257);
#4375=LINE('',#12806,#5258);
#4376=LINE('',#12808,#5259);
#4377=LINE('',#12810,#5260);
#4378=LINE('',#12812,#5261);
#4379=LINE('',#12814,#5262);
#4380=LINE('',#12816,#5263);
#4381=LINE('',#12822,#5264);
#4382=LINE('',#12824,#5265);
#4383=LINE('',#12827,#5266);
#4384=LINE('',#12829,#5267);
#4385=LINE('',#12830,#5268);
#4386=LINE('',#12832,#5269);
#4387=LINE('',#12834,#5270);
#4388=LINE('',#12836,#5271);
#4389=LINE('',#12838,#5272);
#4390=LINE('',#12840,#5273);
#4391=LINE('',#12842,#5274);
#4392=LINE('',#12844,#5275);
#4393=LINE('',#12846,#5276);
#4394=LINE('',#12848,#5277);
#4395=LINE('',#12850,#5278);
#4396=LINE('',#12852,#5279);
#4397=LINE('',#12854,#5280);
#4398=LINE('',#12857,#5281);
#4399=LINE('',#12859,#5282);
#4400=LINE('',#12861,#5283);
#4401=LINE('',#12863,#5284);
#4402=LINE('',#12865,#5285);
#4403=LINE('',#12866,#5286);
#4404=LINE('',#12868,#5287);
#4405=LINE('',#12870,#5288);
#4406=LINE('',#12873,#5289);
#4407=LINE('',#12875,#5290);
#4408=LINE('',#12877,#5291);
#4409=LINE('',#12879,#5292);
#4410=LINE('',#12881,#5293);
#4411=LINE('',#12883,#5294);
#4412=LINE('',#12885,#5295);
#4413=LINE('',#12886,#5296);
#4414=LINE('',#12888,#5297);
#4415=LINE('',#12890,#5298);
#4416=LINE('',#12892,#5299);
#4417=LINE('',#12894,#5300);
#4418=LINE('',#12896,#5301);
#4419=LINE('',#12898,#5302);
#4420=LINE('',#12900,#5303);
#4421=LINE('',#12902,#5304);
#4422=LINE('',#12904,#5305);
#4423=LINE('',#12906,#5306);
#4424=LINE('',#12908,#5307);
#4425=LINE('',#12913,#5308);
#4426=LINE('',#12917,#5309);
#4427=LINE('',#12919,#5310);
#4428=LINE('',#12921,#5311);
#4429=LINE('',#12923,#5312);
#4430=LINE('',#12925,#5313);
#4431=LINE('',#12927,#5314);
#4432=LINE('',#12929,#5315);
#4433=LINE('',#12931,#5316);
#4434=LINE('',#12933,#5317);
#4435=LINE('',#12935,#5318);
#4436=LINE('',#12937,#5319);
#4437=LINE('',#12939,#5320);
#4438=LINE('',#12941,#5321);
#4439=LINE('',#12943,#5322);
#4440=LINE('',#12946,#5323);
#4441=LINE('',#12948,#5324);
#4442=LINE('',#12950,#5325);
#4443=LINE('',#12952,#5326);
#4444=LINE('',#12954,#5327);
#4445=LINE('',#12956,#5328);
#4446=LINE('',#12958,#5329);
#4447=LINE('',#12960,#5330);
#4448=LINE('',#12962,#5331);
#4449=LINE('',#12963,#5332);
#4450=LINE('',#12965,#5333);
#4451=LINE('',#12967,#5334);
#4452=LINE('',#12970,#5335);
#4453=LINE('',#12972,#5336);
#4454=LINE('',#12974,#5337);
#4455=LINE('',#12976,#5338);
#4456=LINE('',#12978,#5339);
#4457=LINE('',#12980,#5340);
#4458=LINE('',#12982,#5341);
#4459=LINE('',#12984,#5342);
#4460=LINE('',#12986,#5343);
#4461=LINE('',#12990,#5344);
#4462=LINE('',#12994,#5345);
#4463=LINE('',#12996,#5346);
#4464=LINE('',#12998,#5347);
#4465=LINE('',#13002,#5348);
#4466=LINE('',#13006,#5349);
#4467=LINE('',#13008,#5350);
#4468=LINE('',#13010,#5351);
#4469=LINE('',#13017,#5352);
#4470=LINE('',#13019,#5353);
#4471=LINE('',#13021,#5354);
#4472=LINE('',#13023,#5355);
#4473=LINE('',#13025,#5356);
#4474=LINE('',#13027,#5357);
#4475=LINE('',#13029,#5358);
#4476=LINE('',#13031,#5359);
#4477=LINE('',#13033,#5360);
#4478=LINE('',#13035,#5361);
#4479=LINE('',#13037,#5362);
#4480=LINE('',#13039,#5363);
#4481=LINE('',#13041,#5364);
#4482=LINE('',#13043,#5365);
#4483=LINE('',#13045,#5366);
#4484=LINE('',#13047,#5367);
#4485=LINE('',#13050,#5368);
#4486=LINE('',#13051,#5369);
#4487=LINE('',#13053,#5370);
#4488=LINE('',#13055,#5371);
#4489=LINE('',#13057,#5372);
#4490=LINE('',#13059,#5373);
#4491=LINE('',#13061,#5374);
#4492=LINE('',#13063,#5375);
#4493=LINE('',#13065,#5376);
#4494=LINE('',#13067,#5377);
#4495=LINE('',#13069,#5378);
#4496=LINE('',#13071,#5379);
#4497=LINE('',#13073,#5380);
#4498=LINE('',#13075,#5381);
#4499=LINE('',#13077,#5382);
#4500=LINE('',#13079,#5383);
#4501=LINE('',#13081,#5384);
#4502=LINE('',#13083,#5385);
#4503=LINE('',#13084,#5386);
#4504=LINE('',#13086,#5387);
#4505=LINE('',#13088,#5388);
#4506=LINE('',#13090,#5389);
#4507=LINE('',#13091,#5390);
#4508=LINE('',#13093,#5391);
#4509=LINE('',#13095,#5392);
#4510=LINE('',#13097,#5393);
#4511=LINE('',#13099,#5394);
#4512=LINE('',#13101,#5395);
#4513=LINE('',#13103,#5396);
#4514=LINE('',#13105,#5397);
#4515=LINE('',#13107,#5398);
#4516=LINE('',#13109,#5399);
#4517=LINE('',#13111,#5400);
#4518=LINE('',#13112,#5401);
#4519=LINE('',#13113,#5402);
#4520=LINE('',#13114,#5403);
#4521=LINE('',#13115,#5404);
#4522=LINE('',#13117,#5405);
#4523=LINE('',#13119,#5406);
#4524=LINE('',#13120,#5407);
#4525=LINE('',#13122,#5408);
#4526=LINE('',#13124,#5409);
#4527=LINE('',#13126,#5410);
#4528=LINE('',#13131,#5411);
#4529=LINE('',#13133,#5412);
#4530=LINE('',#13135,#5413);
#4531=LINE('',#13137,#5414);
#4532=LINE('',#13138,#5415);
#4533=LINE('',#13140,#5416);
#4534=LINE('',#13142,#5417);
#4535=LINE('',#13146,#5418);
#4536=LINE('',#13148,#5419);
#4537=LINE('',#13150,#5420);
#4538=LINE('',#13152,#5421);
#4539=LINE('',#13154,#5422);
#4540=LINE('',#13156,#5423);
#4541=LINE('',#13158,#5424);
#4542=LINE('',#13160,#5425);
#4543=LINE('',#13162,#5426);
#4544=LINE('',#13164,#5427);
#4545=LINE('',#13166,#5428);
#4546=LINE('',#13168,#5429);
#4547=LINE('',#13170,#5430);
#4548=LINE('',#13172,#5431);
#4549=LINE('',#13174,#5432);
#4550=LINE('',#13178,#5433);
#4551=LINE('',#13180,#5434);
#4552=LINE('',#13182,#5435);
#4553=LINE('',#13187,#5436);
#4554=LINE('',#13189,#5437);
#4555=LINE('',#13191,#5438);
#4556=LINE('',#13193,#5439);
#4557=LINE('',#13195,#5440);
#4558=LINE('',#13197,#5441);
#4559=LINE('',#13199,#5442);
#4560=LINE('',#13201,#5443);
#4561=VECTOR('',#9543,1000.);
#4562=VECTOR('',#9544,1000.);
#4563=VECTOR('',#9545,1000.);
#4564=VECTOR('',#9546,1000.);
#4565=VECTOR('',#9549,1000.);
#4566=VECTOR('',#9550,1000.);
#4567=VECTOR('',#9551,1000.);
#4568=VECTOR('',#9554,1000.);
#4569=VECTOR('',#9555,1000.);
#4570=VECTOR('',#9556,1000.);
#4571=VECTOR('',#9559,1000.);
#4572=VECTOR('',#9560,1000.);
#4573=VECTOR('',#9563,1000.);
#4574=VECTOR('',#9564,1000.);
#4575=VECTOR('',#9567,1000.);
#4576=VECTOR('',#9568,1000.);
#4577=VECTOR('',#9569,1000.);
#4578=VECTOR('',#9570,1000.);
#4579=VECTOR('',#9573,1000.);
#4580=VECTOR('',#9574,1000.);
#4581=VECTOR('',#9575,1000.);
#4582=VECTOR('',#9578,1000.);
#4583=VECTOR('',#9579,1000.);
#4584=VECTOR('',#9580,1000.);
#4585=VECTOR('',#9583,1000.);
#4586=VECTOR('',#9584,1000.);
#4587=VECTOR('',#9587,1000.);
#4588=VECTOR('',#9588,1000.);
#4589=VECTOR('',#9591,1000.);
#4590=VECTOR('',#9592,1000.);
#4591=VECTOR('',#9593,1000.);
#4592=VECTOR('',#9594,1000.);
#4593=VECTOR('',#9597,1000.);
#4594=VECTOR('',#9598,1000.);
#4595=VECTOR('',#9599,1000.);
#4596=VECTOR('',#9602,1000.);
#4597=VECTOR('',#9603,1000.);
#4598=VECTOR('',#9604,1000.);
#4599=VECTOR('',#9607,1000.);
#4600=VECTOR('',#9608,1000.);
#4601=VECTOR('',#9611,1000.);
#4602=VECTOR('',#9612,1000.);
#4603=VECTOR('',#9615,1000.);
#4604=VECTOR('',#9616,1000.);
#4605=VECTOR('',#9617,1000.);
#4606=VECTOR('',#9618,1000.);
#4607=VECTOR('',#9621,1000.);
#4608=VECTOR('',#9622,1000.);
#4609=VECTOR('',#9623,1000.);
#4610=VECTOR('',#9626,1000.);
#4611=VECTOR('',#9627,1000.);
#4612=VECTOR('',#9628,1000.);
#4613=VECTOR('',#9631,1000.);
#4614=VECTOR('',#9632,1000.);
#4615=VECTOR('',#9635,1000.);
#4616=VECTOR('',#9636,1000.);
#4617=VECTOR('',#9639,1000.);
#4618=VECTOR('',#9640,1000.);
#4619=VECTOR('',#9641,1000.);
#4620=VECTOR('',#9642,1000.);
#4621=VECTOR('',#9645,1000.);
#4622=VECTOR('',#9646,1000.);
#4623=VECTOR('',#9647,1000.);
#4624=VECTOR('',#9650,1000.);
#4625=VECTOR('',#9651,1000.);
#4626=VECTOR('',#9652,1000.);
#4627=VECTOR('',#9655,1000.);
#4628=VECTOR('',#9656,1000.);
#4629=VECTOR('',#9659,1000.);
#4630=VECTOR('',#9660,1000.);
#4631=VECTOR('',#9663,1000.);
#4632=VECTOR('',#9664,1000.);
#4633=VECTOR('',#9665,1000.);
#4634=VECTOR('',#9666,1000.);
#4635=VECTOR('',#9669,1000.);
#4636=VECTOR('',#9670,1000.);
#4637=VECTOR('',#9671,1000.);
#4638=VECTOR('',#9674,1000.);
#4639=VECTOR('',#9675,1000.);
#4640=VECTOR('',#9676,1000.);
#4641=VECTOR('',#9679,1000.);
#4642=VECTOR('',#9680,1000.);
#4643=VECTOR('',#9683,1000.);
#4644=VECTOR('',#9684,1000.);
#4645=VECTOR('',#9687,1000.);
#4646=VECTOR('',#9688,1000.);
#4647=VECTOR('',#9689,1000.);
#4648=VECTOR('',#9690,1000.);
#4649=VECTOR('',#9693,1000.);
#4650=VECTOR('',#9694,1000.);
#4651=VECTOR('',#9695,1000.);
#4652=VECTOR('',#9698,1000.);
#4653=VECTOR('',#9699,1000.);
#4654=VECTOR('',#9700,1000.);
#4655=VECTOR('',#9703,1000.);
#4656=VECTOR('',#9704,1000.);
#4657=VECTOR('',#9707,1000.);
#4658=VECTOR('',#9708,1000.);
#4659=VECTOR('',#9711,1000.);
#4660=VECTOR('',#9712,1000.);
#4661=VECTOR('',#9713,1000.);
#4662=VECTOR('',#9714,1000.);
#4663=VECTOR('',#9717,1000.);
#4664=VECTOR('',#9718,1000.);
#4665=VECTOR('',#9719,1000.);
#4666=VECTOR('',#9722,1000.);
#4667=VECTOR('',#9723,1000.);
#4668=VECTOR('',#9724,1000.);
#4669=VECTOR('',#9727,1000.);
#4670=VECTOR('',#9728,1000.);
#4671=VECTOR('',#9731,1000.);
#4672=VECTOR('',#9732,1000.);
#4673=VECTOR('',#9735,1000.);
#4674=VECTOR('',#9736,1000.);
#4675=VECTOR('',#9737,1000.);
#4676=VECTOR('',#9738,1000.);
#4677=VECTOR('',#9741,1000.);
#4678=VECTOR('',#9742,1000.);
#4679=VECTOR('',#9743,1000.);
#4680=VECTOR('',#9746,1000.);
#4681=VECTOR('',#9747,1000.);
#4682=VECTOR('',#9748,1000.);
#4683=VECTOR('',#9751,1000.);
#4684=VECTOR('',#9752,1000.);
#4685=VECTOR('',#9755,1000.);
#4686=VECTOR('',#9756,1000.);
#4687=VECTOR('',#9759,1000.);
#4688=VECTOR('',#9760,1000.);
#4689=VECTOR('',#9761,1000.);
#4690=VECTOR('',#9762,1000.);
#4691=VECTOR('',#9765,1000.);
#4692=VECTOR('',#9766,1000.);
#4693=VECTOR('',#9767,1000.);
#4694=VECTOR('',#9770,1000.);
#4695=VECTOR('',#9771,1000.);
#4696=VECTOR('',#9772,1000.);
#4697=VECTOR('',#9775,1000.);
#4698=VECTOR('',#9776,1000.);
#4699=VECTOR('',#9779,1000.);
#4700=VECTOR('',#9780,1000.);
#4701=VECTOR('',#9783,1000.);
#4702=VECTOR('',#9784,1000.);
#4703=VECTOR('',#9785,1000.);
#4704=VECTOR('',#9786,1000.);
#4705=VECTOR('',#9789,1000.);
#4706=VECTOR('',#9790,1000.);
#4707=VECTOR('',#9791,1000.);
#4708=VECTOR('',#9794,1000.);
#4709=VECTOR('',#9795,1000.);
#4710=VECTOR('',#9796,1000.);
#4711=VECTOR('',#9799,1000.);
#4712=VECTOR('',#9800,1000.);
#4713=VECTOR('',#9803,1000.);
#4714=VECTOR('',#9804,1000.);
#4715=VECTOR('',#9807,1000.);
#4716=VECTOR('',#9808,1000.);
#4717=VECTOR('',#9809,1000.);
#4718=VECTOR('',#9810,1000.);
#4719=VECTOR('',#9813,1000.);
#4720=VECTOR('',#9814,1000.);
#4721=VECTOR('',#9815,1000.);
#4722=VECTOR('',#9818,1000.);
#4723=VECTOR('',#9819,1000.);
#4724=VECTOR('',#9820,1000.);
#4725=VECTOR('',#9823,1000.);
#4726=VECTOR('',#9824,1000.);
#4727=VECTOR('',#9825,1000.);
#4728=VECTOR('',#9832,1000.);
#4729=VECTOR('',#9835,1000.);
#4730=VECTOR('',#9836,1000.);
#4731=VECTOR('',#9837,1000.);
#4732=VECTOR('',#9844,1000.);
#4733=VECTOR('',#9847,1000.);
#4734=VECTOR('',#9848,1000.);
#4735=VECTOR('',#9849,1000.);
#4736=VECTOR('',#9852,1000.);
#4737=VECTOR('',#9853,1000.);
#4738=VECTOR('',#9856,1000.);
#4739=VECTOR('',#9857,1000.);
#4740=VECTOR('',#9862,1000.);
#4741=VECTOR('',#9863,1000.);
#4742=VECTOR('',#9864,1000.);
#4743=VECTOR('',#9865,1000.);
#4744=VECTOR('',#9866,1000.);
#4745=VECTOR('',#9867,1000.);
#4746=VECTOR('',#9868,1000.);
#4747=VECTOR('',#9869,1000.);
#4748=VECTOR('',#9872,1000.);
#4749=VECTOR('',#9875,1000.);
#4750=VECTOR('',#9876,1000.);
#4751=VECTOR('',#9877,1000.);
#4752=VECTOR('',#9880,1000.);
#4753=VECTOR('',#9881,1000.);
#4754=VECTOR('',#9884,1000.);
#4755=VECTOR('',#9885,1000.);
#4756=VECTOR('',#9888,1000.);
#4757=VECTOR('',#9889,1000.);
#4758=VECTOR('',#9892,1000.);
#4759=VECTOR('',#9893,1000.);
#4760=VECTOR('',#9894,1000.);
#4761=VECTOR('',#9897,1000.);
#4762=VECTOR('',#9898,1000.);
#4763=VECTOR('',#9901,1000.);
#4764=VECTOR('',#9902,1000.);
#4765=VECTOR('',#9907,1000.);
#4766=VECTOR('',#9910,1000.);
#4767=VECTOR('',#9911,1000.);
#4768=VECTOR('',#9918,1000.);
#4769=VECTOR('',#9921,1000.);
#4770=VECTOR('',#9922,1000.);
#4771=VECTOR('',#9923,1000.);
#4772=VECTOR('',#9924,1000.);
#4773=VECTOR('',#9927,1000.);
#4774=VECTOR('',#9928,1000.);
#4775=VECTOR('',#9929,1000.);
#4776=VECTOR('',#9932,1000.);
#4777=VECTOR('',#9933,1000.);
#4778=VECTOR('',#9934,1000.);
#4779=VECTOR('',#9937,1000.);
#4780=VECTOR('',#9938,1000.);
#4781=VECTOR('',#9939,1000.);
#4782=VECTOR('',#9946,1000.);
#4783=VECTOR('',#9949,1000.);
#4784=VECTOR('',#9950,1000.);
#4785=VECTOR('',#9951,1000.);
#4786=VECTOR('',#9958,1000.);
#4787=VECTOR('',#9961,1000.);
#4788=VECTOR('',#9962,1000.);
#4789=VECTOR('',#9963,1000.);
#4790=VECTOR('',#9966,1000.);
#4791=VECTOR('',#9967,1000.);
#4792=VECTOR('',#9970,1000.);
#4793=VECTOR('',#9971,1000.);
#4794=VECTOR('',#9976,1000.);
#4795=VECTOR('',#9977,1000.);
#4796=VECTOR('',#9978,1000.);
#4797=VECTOR('',#9979,1000.);
#4798=VECTOR('',#9980,1000.);
#4799=VECTOR('',#9981,1000.);
#4800=VECTOR('',#9982,1000.);
#4801=VECTOR('',#9983,1000.);
#4802=VECTOR('',#9986,1000.);
#4803=VECTOR('',#9989,1000.);
#4804=VECTOR('',#9990,1000.);
#4805=VECTOR('',#9991,1000.);
#4806=VECTOR('',#9994,1000.);
#4807=VECTOR('',#9995,1000.);
#4808=VECTOR('',#9998,1000.);
#4809=VECTOR('',#9999,1000.);
#4810=VECTOR('',#10002,1000.);
#4811=VECTOR('',#10003,1000.);
#4812=VECTOR('',#10006,1000.);
#4813=VECTOR('',#10007,1000.);
#4814=VECTOR('',#10008,1000.);
#4815=VECTOR('',#10011,1000.);
#4816=VECTOR('',#10012,1000.);
#4817=VECTOR('',#10015,1000.);
#4818=VECTOR('',#10016,1000.);
#4819=VECTOR('',#10021,1000.);
#4820=VECTOR('',#10024,1000.);
#4821=VECTOR('',#10025,1000.);
#4822=VECTOR('',#10032,1000.);
#4823=VECTOR('',#10035,1000.);
#4824=VECTOR('',#10036,1000.);
#4825=VECTOR('',#10037,1000.);
#4826=VECTOR('',#10038,1000.);
#4827=VECTOR('',#10041,1000.);
#4828=VECTOR('',#10042,1000.);
#4829=VECTOR('',#10043,1000.);
#4830=VECTOR('',#10046,1000.);
#4831=VECTOR('',#10047,1000.);
#4832=VECTOR('',#10048,1000.);
#4833=VECTOR('',#10051,1000.);
#4834=VECTOR('',#10052,1000.);
#4835=VECTOR('',#10053,1000.);
#4836=VECTOR('',#10060,1000.);
#4837=VECTOR('',#10063,1000.);
#4838=VECTOR('',#10064,1000.);
#4839=VECTOR('',#10065,1000.);
#4840=VECTOR('',#10072,1000.);
#4841=VECTOR('',#10075,1000.);
#4842=VECTOR('',#10076,1000.);
#4843=VECTOR('',#10077,1000.);
#4844=VECTOR('',#10080,1000.);
#4845=VECTOR('',#10081,1000.);
#4846=VECTOR('',#10084,1000.);
#4847=VECTOR('',#10085,1000.);
#4848=VECTOR('',#10090,1000.);
#4849=VECTOR('',#10091,1000.);
#4850=VECTOR('',#10092,1000.);
#4851=VECTOR('',#10093,1000.);
#4852=VECTOR('',#10094,1000.);
#4853=VECTOR('',#10095,1000.);
#4854=VECTOR('',#10096,1000.);
#4855=VECTOR('',#10097,1000.);
#4856=VECTOR('',#10100,1000.);
#4857=VECTOR('',#10103,1000.);
#4858=VECTOR('',#10104,1000.);
#4859=VECTOR('',#10105,1000.);
#4860=VECTOR('',#10108,1000.);
#4861=VECTOR('',#10109,1000.);
#4862=VECTOR('',#10112,1000.);
#4863=VECTOR('',#10113,1000.);
#4864=VECTOR('',#10116,1000.);
#4865=VECTOR('',#10117,1000.);
#4866=VECTOR('',#10120,1000.);
#4867=VECTOR('',#10121,1000.);
#4868=VECTOR('',#10122,1000.);
#4869=VECTOR('',#10125,1000.);
#4870=VECTOR('',#10126,1000.);
#4871=VECTOR('',#10129,1000.);
#4872=VECTOR('',#10130,1000.);
#4873=VECTOR('',#10135,1000.);
#4874=VECTOR('',#10138,1000.);
#4875=VECTOR('',#10139,1000.);
#4876=VECTOR('',#10146,1000.);
#4877=VECTOR('',#10149,1000.);
#4878=VECTOR('',#10150,1000.);
#4879=VECTOR('',#10151,1000.);
#4880=VECTOR('',#10152,1000.);
#4881=VECTOR('',#10155,1000.);
#4882=VECTOR('',#10156,1000.);
#4883=VECTOR('',#10157,1000.);
#4884=VECTOR('',#10160,1000.);
#4885=VECTOR('',#10161,1000.);
#4886=VECTOR('',#10162,1000.);
#4887=VECTOR('',#10165,1000.);
#4888=VECTOR('',#10166,1000.);
#4889=VECTOR('',#10167,1000.);
#4890=VECTOR('',#10174,1000.);
#4891=VECTOR('',#10177,1000.);
#4892=VECTOR('',#10178,1000.);
#4893=VECTOR('',#10179,1000.);
#4894=VECTOR('',#10186,1000.);
#4895=VECTOR('',#10189,1000.);
#4896=VECTOR('',#10190,1000.);
#4897=VECTOR('',#10191,1000.);
#4898=VECTOR('',#10194,1000.);
#4899=VECTOR('',#10195,1000.);
#4900=VECTOR('',#10198,1000.);
#4901=VECTOR('',#10199,1000.);
#4902=VECTOR('',#10204,1000.);
#4903=VECTOR('',#10205,1000.);
#4904=VECTOR('',#10206,1000.);
#4905=VECTOR('',#10207,1000.);
#4906=VECTOR('',#10208,1000.);
#4907=VECTOR('',#10209,1000.);
#4908=VECTOR('',#10210,1000.);
#4909=VECTOR('',#10211,1000.);
#4910=VECTOR('',#10214,1000.);
#4911=VECTOR('',#10217,1000.);
#4912=VECTOR('',#10218,1000.);
#4913=VECTOR('',#10219,1000.);
#4914=VECTOR('',#10222,1000.);
#4915=VECTOR('',#10223,1000.);
#4916=VECTOR('',#10226,1000.);
#4917=VECTOR('',#10227,1000.);
#4918=VECTOR('',#10230,1000.);
#4919=VECTOR('',#10231,1000.);
#4920=VECTOR('',#10234,1000.);
#4921=VECTOR('',#10235,1000.);
#4922=VECTOR('',#10236,1000.);
#4923=VECTOR('',#10239,1000.);
#4924=VECTOR('',#10240,1000.);
#4925=VECTOR('',#10243,1000.);
#4926=VECTOR('',#10244,1000.);
#4927=VECTOR('',#10249,1000.);
#4928=VECTOR('',#10252,1000.);
#4929=VECTOR('',#10253,1000.);
#4930=VECTOR('',#10260,1000.);
#4931=VECTOR('',#10263,1000.);
#4932=VECTOR('',#10264,1000.);
#4933=VECTOR('',#10265,1000.);
#4934=VECTOR('',#10266,1000.);
#4935=VECTOR('',#10269,1000.);
#4936=VECTOR('',#10270,1000.);
#4937=VECTOR('',#10271,1000.);
#4938=VECTOR('',#10274,1000.);
#4939=VECTOR('',#10275,1000.);
#4940=VECTOR('',#10276,1000.);
#4941=VECTOR('',#10279,1000.);
#4942=VECTOR('',#10280,1000.);
#4943=VECTOR('',#10281,1000.);
#4944=VECTOR('',#10288,1000.);
#4945=VECTOR('',#10291,1000.);
#4946=VECTOR('',#10292,1000.);
#4947=VECTOR('',#10293,1000.);
#4948=VECTOR('',#10300,1000.);
#4949=VECTOR('',#10303,1000.);
#4950=VECTOR('',#10304,1000.);
#4951=VECTOR('',#10305,1000.);
#4952=VECTOR('',#10308,1000.);
#4953=VECTOR('',#10309,1000.);
#4954=VECTOR('',#10312,1000.);
#4955=VECTOR('',#10313,1000.);
#4956=VECTOR('',#10318,1000.);
#4957=VECTOR('',#10319,1000.);
#4958=VECTOR('',#10320,1000.);
#4959=VECTOR('',#10321,1000.);
#4960=VECTOR('',#10322,1000.);
#4961=VECTOR('',#10323,1000.);
#4962=VECTOR('',#10324,1000.);
#4963=VECTOR('',#10325,1000.);
#4964=VECTOR('',#10328,1000.);
#4965=VECTOR('',#10331,1000.);
#4966=VECTOR('',#10332,1000.);
#4967=VECTOR('',#10333,1000.);
#4968=VECTOR('',#10336,1000.);
#4969=VECTOR('',#10337,1000.);
#4970=VECTOR('',#10340,1000.);
#4971=VECTOR('',#10341,1000.);
#4972=VECTOR('',#10344,1000.);
#4973=VECTOR('',#10345,1000.);
#4974=VECTOR('',#10348,1000.);
#4975=VECTOR('',#10349,1000.);
#4976=VECTOR('',#10350,1000.);
#4977=VECTOR('',#10353,1000.);
#4978=VECTOR('',#10354,1000.);
#4979=VECTOR('',#10357,1000.);
#4980=VECTOR('',#10358,1000.);
#4981=VECTOR('',#10363,1000.);
#4982=VECTOR('',#10366,1000.);
#4983=VECTOR('',#10367,1000.);
#4984=VECTOR('',#10374,1000.);
#4985=VECTOR('',#10377,1000.);
#4986=VECTOR('',#10378,1000.);
#4987=VECTOR('',#10379,1000.);
#4988=VECTOR('',#10380,1000.);
#4989=VECTOR('',#10383,1000.);
#4990=VECTOR('',#10384,1000.);
#4991=VECTOR('',#10385,1000.);
#4992=VECTOR('',#10386,1000.);
#4993=VECTOR('',#10387,1000.);
#4994=VECTOR('',#10390,1000.);
#4995=VECTOR('',#10391,1000.);
#4996=VECTOR('',#10392,1000.);
#4997=VECTOR('',#10395,1000.);
#4998=VECTOR('',#10396,1000.);
#4999=VECTOR('',#10397,1000.);
#5000=VECTOR('',#10400,1000.);
#5001=VECTOR('',#10401,1000.);
#5002=VECTOR('',#10402,1000.);
#5003=VECTOR('',#10405,1000.);
#5004=VECTOR('',#10406,1000.);
#5005=VECTOR('',#10407,1000.);
#5006=VECTOR('',#10408,1000.);
#5007=VECTOR('',#10409,1000.);
#5008=VECTOR('',#10416,1000.);
#5009=VECTOR('',#10419,1000.);
#5010=VECTOR('',#10420,1000.);
#5011=VECTOR('',#10421,1000.);
#5012=VECTOR('',#10424,1000.);
#5013=VECTOR('',#10425,1000.);
#5014=VECTOR('',#10426,1000.);
#5015=VECTOR('',#10429,1000.);
#5016=VECTOR('',#10430,1000.);
#5017=VECTOR('',#10431,1000.);
#5018=VECTOR('',#10434,1000.);
#5019=VECTOR('',#10435,1000.);
#5020=VECTOR('',#10436,1000.);
#5021=VECTOR('',#10437,1000.);
#5022=VECTOR('',#10440,1000.);
#5023=VECTOR('',#10441,1000.);
#5024=VECTOR('',#10442,1000.);
#5025=VECTOR('',#10445,1000.);
#5026=VECTOR('',#10446,1000.);
#5027=VECTOR('',#10447,1000.);
#5028=VECTOR('',#10452,1000.);
#5029=VECTOR('',#10457,1000.);
#5030=VECTOR('',#10458,1000.);
#5031=VECTOR('',#10459,1000.);
#5032=VECTOR('',#10464,1000.);
#5033=VECTOR('',#10469,1000.);
#5034=VECTOR('',#10470,1000.);
#5035=VECTOR('',#10473,1000.);
#5036=VECTOR('',#10474,1000.);
#5037=VECTOR('',#10475,1000.);
#5038=VECTOR('',#10476,1000.);
#5039=VECTOR('',#10479,1000.);
#5040=VECTOR('',#10480,1000.);
#5041=VECTOR('',#10481,1000.);
#5042=VECTOR('',#10484,1000.);
#5043=VECTOR('',#10485,1000.);
#5044=VECTOR('',#10486,1000.);
#5045=VECTOR('',#10493,1000.);
#5046=VECTOR('',#10496,1000.);
#5047=VECTOR('',#10497,1000.);
#5048=VECTOR('',#10498,1000.);
#5049=VECTOR('',#10505,1000.);
#5050=VECTOR('',#10508,1000.);
#5051=VECTOR('',#10511,1000.);
#5052=VECTOR('',#10512,1000.);
#5053=VECTOR('',#10513,1000.);
#5054=VECTOR('',#10514,1000.);
#5055=VECTOR('',#10517,1000.);
#5056=VECTOR('',#10520,1000.);
#5057=VECTOR('',#10521,1000.);
#5058=VECTOR('',#10522,1000.);
#5059=VECTOR('',#10525,1000.);
#5060=VECTOR('',#10526,1000.);
#5061=VECTOR('',#10527,1000.);
#5062=VECTOR('',#10528,1000.);
#5063=VECTOR('',#10531,1000.);
#5064=VECTOR('',#10532,1000.);
#5065=VECTOR('',#10533,1000.);
#5066=VECTOR('',#10536,1000.);
#5067=VECTOR('',#10537,1000.);
#5068=VECTOR('',#10538,1000.);
#5069=VECTOR('',#10545,1000.);
#5070=VECTOR('',#10548,1000.);
#5071=VECTOR('',#10549,1000.);
#5072=VECTOR('',#10550,1000.);
#5073=VECTOR('',#10557,1000.);
#5074=VECTOR('',#10560,1000.);
#5075=VECTOR('',#10561,1000.);
#5076=VECTOR('',#10562,1000.);
#5077=VECTOR('',#10565,1000.);
#5078=VECTOR('',#10566,1000.);
#5079=VECTOR('',#10569,1000.);
#5080=VECTOR('',#10570,1000.);
#5081=VECTOR('',#10573,1000.);
#5082=VECTOR('',#10574,1000.);
#5083=VECTOR('',#10579,1000.);
#5084=VECTOR('',#10582,1000.);
#5085=VECTOR('',#10583,1000.);
#5086=VECTOR('',#10584,1000.);
#5087=VECTOR('',#10589,1000.);
#5088=VECTOR('',#10598,1000.);
#5089=VECTOR('',#10601,1000.);
#5090=VECTOR('',#10602,1000.);
#5091=VECTOR('',#10603,1000.);
#5092=VECTOR('',#10604,1000.);
#5093=VECTOR('',#10605,1000.);
#5094=VECTOR('',#10608,1000.);
#5095=VECTOR('',#10609,1000.);
#5096=VECTOR('',#10610,1000.);
#5097=VECTOR('',#10613,1000.);
#5098=VECTOR('',#10614,1000.);
#5099=VECTOR('',#10615,1000.);
#5100=VECTOR('',#10616,1000.);
#5101=VECTOR('',#10619,1000.);
#5102=VECTOR('',#10620,1000.);
#5103=VECTOR('',#10621,1000.);
#5104=VECTOR('',#10624,1000.);
#5105=VECTOR('',#10625,1000.);
#5106=VECTOR('',#10626,1000.);
#5107=VECTOR('',#10629,1000.);
#5108=VECTOR('',#10630,1000.);
#5109=VECTOR('',#10631,1000.);
#5110=VECTOR('',#10632,1000.);
#5111=VECTOR('',#10635,1000.);
#5112=VECTOR('',#10636,1000.);
#5113=VECTOR('',#10637,1000.);
#5114=VECTOR('',#10638,1000.);
#5115=VECTOR('',#10639,1000.);
#5116=VECTOR('',#10640,1000.);
#5117=VECTOR('',#10641,1000.);
#5118=VECTOR('',#10642,1000.);
#5119=VECTOR('',#10643,1000.);
#5120=VECTOR('',#10644,1000.);
#5121=VECTOR('',#10645,1000.);
#5122=VECTOR('',#10646,1000.);
#5123=VECTOR('',#10647,1000.);
#5124=VECTOR('',#10648,1000.);
#5125=VECTOR('',#10649,1000.);
#5126=VECTOR('',#10650,1000.);
#5127=VECTOR('',#10651,1000.);
#5128=VECTOR('',#10652,1000.);
#5129=VECTOR('',#10653,1000.);
#5130=VECTOR('',#10656,1000.);
#5131=VECTOR('',#10657,1000.);
#5132=VECTOR('',#10658,1000.);
#5133=VECTOR('',#10661,1000.);
#5134=VECTOR('',#10662,1000.);
#5135=VECTOR('',#10663,1000.);
#5136=VECTOR('',#10666,1000.);
#5137=VECTOR('',#10667,1000.);
#5138=VECTOR('',#10668,1000.);
#5139=VECTOR('',#10671,1000.);
#5140=VECTOR('',#10672,1000.);
#5141=VECTOR('',#10675,1000.);
#5142=VECTOR('',#10676,1000.);
#5143=VECTOR('',#10679,1000.);
#5144=VECTOR('',#10680,1000.);
#5145=VECTOR('',#10683,1000.);
#5146=VECTOR('',#10688,1000.);
#5147=VECTOR('',#10691,1000.);
#5148=VECTOR('',#10696,1000.);
#5149=VECTOR('',#10699,1000.);
#5150=VECTOR('',#10700,1000.);
#5151=VECTOR('',#10701,1000.);
#5152=VECTOR('',#10704,1000.);
#5153=VECTOR('',#10705,1000.);
#5154=VECTOR('',#10706,1000.);
#5155=VECTOR('',#10707,1000.);
#5156=VECTOR('',#10710,1000.);
#5157=VECTOR('',#10711,1000.);
#5158=VECTOR('',#10712,1000.);
#5159=VECTOR('',#10715,1000.);
#5160=VECTOR('',#10716,1000.);
#5161=VECTOR('',#10719,1000.);
#5162=VECTOR('',#10720,1000.);
#5163=VECTOR('',#10721,1000.);
#5164=VECTOR('',#10724,1000.);
#5165=VECTOR('',#10725,1000.);
#5166=VECTOR('',#10728,1000.);
#5167=VECTOR('',#10729,1000.);
#5168=VECTOR('',#10732,1000.);
#5169=VECTOR('',#10733,1000.);
#5170=VECTOR('',#10734,1000.);
#5171=VECTOR('',#10737,1000.);
#5172=VECTOR('',#10738,1000.);
#5173=VECTOR('',#10741,1000.);
#5174=VECTOR('',#10742,1000.);
#5175=VECTOR('',#10745,1000.);
#5176=VECTOR('',#10746,1000.);
#5177=VECTOR('',#10747,1000.);
#5178=VECTOR('',#10748,1000.);
#5179=VECTOR('',#10749,1000.);
#5180=VECTOR('',#10750,1000.);
#5181=VECTOR('',#10751,1000.);
#5182=VECTOR('',#10754,1000.);
#5183=VECTOR('',#10755,1000.);
#5184=VECTOR('',#10758,1000.);
#5185=VECTOR('',#10759,1000.);
#5186=VECTOR('',#10760,1000.);
#5187=VECTOR('',#10761,1000.);
#5188=VECTOR('',#10764,1000.);
#5189=VECTOR('',#10765,1000.);
#5190=VECTOR('',#10766,1000.);
#5191=VECTOR('',#10769,1000.);
#5192=VECTOR('',#10770,1000.);
#5193=VECTOR('',#10771,1000.);
#5194=VECTOR('',#10774,1000.);
#5195=VECTOR('',#10775,1000.);
#5196=VECTOR('',#10776,1000.);
#5197=VECTOR('',#10779,1000.);
#5198=VECTOR('',#10780,1000.);
#5199=VECTOR('',#10781,1000.);
#5200=VECTOR('',#10784,1000.);
#5201=VECTOR('',#10785,1000.);
#5202=VECTOR('',#10786,1000.);
#5203=VECTOR('',#10787,1000.);
#5204=VECTOR('',#10790,1000.);
#5205=VECTOR('',#10791,1000.);
#5206=VECTOR('',#10792,1000.);
#5207=VECTOR('',#10795,1000.);
#5208=VECTOR('',#10796,1000.);
#5209=VECTOR('',#10799,1000.);
#5210=VECTOR('',#10800,1000.);
#5211=VECTOR('',#10801,1000.);
#5212=VECTOR('',#10802,1000.);
#5213=VECTOR('',#10803,1000.);
#5214=VECTOR('',#10804,1000.);
#5215=VECTOR('',#10807,1000.);
#5216=VECTOR('',#10808,1000.);
#5217=VECTOR('',#10811,1000.);
#5218=VECTOR('',#10812,1000.);
#5219=VECTOR('',#10813,1000.);
#5220=VECTOR('',#10814,1000.);
#5221=VECTOR('',#10817,1000.);
#5222=VECTOR('',#10818,1000.);
#5223=VECTOR('',#10819,1000.);
#5224=VECTOR('',#10822,1000.);
#5225=VECTOR('',#10823,1000.);
#5226=VECTOR('',#10824,1000.);
#5227=VECTOR('',#10825,1000.);
#5228=VECTOR('',#10828,1000.);
#5229=VECTOR('',#10829,1000.);
#5230=VECTOR('',#10830,1000.);
#5231=VECTOR('',#10833,1000.);
#5232=VECTOR('',#10834,1000.);
#5233=VECTOR('',#10837,1000.);
#5234=VECTOR('',#10838,1000.);
#5235=VECTOR('',#10839,1000.);
#5236=VECTOR('',#10840,1000.);
#5237=VECTOR('',#10843,1000.);
#5238=VECTOR('',#10844,1000.);
#5239=VECTOR('',#10845,1000.);
#5240=VECTOR('',#10848,1000.);
#5241=VECTOR('',#10849,1000.);
#5242=VECTOR('',#10850,1000.);
#5243=VECTOR('',#10857,1000.);
#5244=VECTOR('',#10860,1000.);
#5245=VECTOR('',#10861,1000.);
#5246=VECTOR('',#10862,1000.);
#5247=VECTOR('',#10869,1000.);
#5248=VECTOR('',#10872,1000.);
#5249=VECTOR('',#10873,1000.);
#5250=VECTOR('',#10874,1000.);
#5251=VECTOR('',#10879,1000.);
#5252=VECTOR('',#10886,1000.);
#5253=VECTOR('',#10887,1000.);
#5254=VECTOR('',#10888,1000.);
#5255=VECTOR('',#10891,1000.);
#5256=VECTOR('',#10892,1000.);
#5257=VECTOR('',#10893,1000.);
#5258=VECTOR('',#10896,1000.);
#5259=VECTOR('',#10897,1000.);
#5260=VECTOR('',#10898,1000.);
#5261=VECTOR('',#10901,1000.);
#5262=VECTOR('',#10902,1000.);
#5263=VECTOR('',#10903,1000.);
#5264=VECTOR('',#10910,1000.);
#5265=VECTOR('',#10913,1000.);
#5266=VECTOR('',#10914,1000.);
#5267=VECTOR('',#10915,1000.);
#5268=VECTOR('',#10916,1000.);
#5269=VECTOR('',#10919,1000.);
#5270=VECTOR('',#10920,1000.);
#5271=VECTOR('',#10921,1000.);
#5272=VECTOR('',#10924,1000.);
#5273=VECTOR('',#10925,1000.);
#5274=VECTOR('',#10928,1000.);
#5275=VECTOR('',#10929,1000.);
#5276=VECTOR('',#10932,1000.);
#5277=VECTOR('',#10933,1000.);
#5278=VECTOR('',#10936,1000.);
#5279=VECTOR('',#10937,1000.);
#5280=VECTOR('',#10940,1000.);
#5281=VECTOR('',#10941,1000.);
#5282=VECTOR('',#10942,1000.);
#5283=VECTOR('',#10943,1000.);
#5284=VECTOR('',#10946,1000.);
#5285=VECTOR('',#10947,1000.);
#5286=VECTOR('',#10948,1000.);
#5287=VECTOR('',#10949,1000.);
#5288=VECTOR('',#10952,1000.);
#5289=VECTOR('',#10953,1000.);
#5290=VECTOR('',#10954,1000.);
#5291=VECTOR('',#10955,1000.);
#5292=VECTOR('',#10958,1000.);
#5293=VECTOR('',#10959,1000.);
#5294=VECTOR('',#10960,1000.);
#5295=VECTOR('',#10963,1000.);
#5296=VECTOR('',#10964,1000.);
#5297=VECTOR('',#10965,1000.);
#5298=VECTOR('',#10968,1000.);
#5299=VECTOR('',#10969,1000.);
#5300=VECTOR('',#10972,1000.);
#5301=VECTOR('',#10973,1000.);
#5302=VECTOR('',#10976,1000.);
#5303=VECTOR('',#10977,1000.);
#5304=VECTOR('',#10980,1000.);
#5305=VECTOR('',#10981,1000.);
#5306=VECTOR('',#10984,1000.);
#5307=VECTOR('',#10985,1000.);
#5308=VECTOR('',#10990,1000.);
#5309=VECTOR('',#10993,1000.);
#5310=VECTOR('',#10996,1000.);
#5311=VECTOR('',#10997,1000.);
#5312=VECTOR('',#10998,1000.);
#5313=VECTOR('',#11001,1000.);
#5314=VECTOR('',#11002,1000.);
#5315=VECTOR('',#11003,1000.);
#5316=VECTOR('',#11006,1000.);
#5317=VECTOR('',#11007,1000.);
#5318=VECTOR('',#11008,1000.);
#5319=VECTOR('',#11011,1000.);
#5320=VECTOR('',#11012,1000.);
#5321=VECTOR('',#11013,1000.);
#5322=VECTOR('',#11016,1000.);
#5323=VECTOR('',#11017,1000.);
#5324=VECTOR('',#11018,1000.);
#5325=VECTOR('',#11019,1000.);
#5326=VECTOR('',#11022,1000.);
#5327=VECTOR('',#11023,1000.);
#5328=VECTOR('',#11024,1000.);
#5329=VECTOR('',#11025,1000.);
#5330=VECTOR('',#11026,1000.);
#5331=VECTOR('',#11029,1000.);
#5332=VECTOR('',#11030,1000.);
#5333=VECTOR('',#11031,1000.);
#5334=VECTOR('',#11034,1000.);
#5335=VECTOR('',#11035,1000.);
#5336=VECTOR('',#11036,1000.);
#5337=VECTOR('',#11037,1000.);
#5338=VECTOR('',#11040,1000.);
#5339=VECTOR('',#11041,1000.);
#5340=VECTOR('',#11042,1000.);
#5341=VECTOR('',#11045,1000.);
#5342=VECTOR('',#11046,1000.);
#5343=VECTOR('',#11047,1000.);
#5344=VECTOR('',#11052,1000.);
#5345=VECTOR('',#11057,1000.);
#5346=VECTOR('',#11058,1000.);
#5347=VECTOR('',#11059,1000.);
#5348=VECTOR('',#11064,1000.);
#5349=VECTOR('',#11069,1000.);
#5350=VECTOR('',#11070,1000.);
#5351=VECTOR('',#11071,1000.);
#5352=VECTOR('',#11082,1000.);
#5353=VECTOR('',#11083,1000.);
#5354=VECTOR('',#11084,1000.);
#5355=VECTOR('',#11087,1000.);
#5356=VECTOR('',#11088,1000.);
#5357=VECTOR('',#11089,1000.);
#5358=VECTOR('',#11092,1000.);
#5359=VECTOR('',#11095,1000.);
#5360=VECTOR('',#11098,1000.);
#5361=VECTOR('',#11101,1000.);
#5362=VECTOR('',#11104,1000.);
#5363=VECTOR('',#11107,1000.);
#5364=VECTOR('',#11108,1000.);
#5365=VECTOR('',#11111,1000.);
#5366=VECTOR('',#11112,1000.);
#5367=VECTOR('',#11115,1000.);
#5368=VECTOR('',#11116,1000.);
#5369=VECTOR('',#11117,1000.);
#5370=VECTOR('',#11120,1000.);
#5371=VECTOR('',#11121,1000.);
#5372=VECTOR('',#11124,1000.);
#5373=VECTOR('',#11125,1000.);
#5374=VECTOR('',#11128,1000.);
#5375=VECTOR('',#11131,1000.);
#5376=VECTOR('',#11132,1000.);
#5377=VECTOR('',#11133,1000.);
#5378=VECTOR('',#11136,1000.);
#5379=VECTOR('',#11137,1000.);
#5380=VECTOR('',#11140,1000.);
#5381=VECTOR('',#11141,1000.);
#5382=VECTOR('',#11144,1000.);
#5383=VECTOR('',#11145,1000.);
#5384=VECTOR('',#11148,1000.);
#5385=VECTOR('',#11149,1000.);
#5386=VECTOR('',#11150,1000.);
#5387=VECTOR('',#11153,1000.);
#5388=VECTOR('',#11154,1000.);
#5389=VECTOR('',#11157,1000.);
#5390=VECTOR('',#11158,1000.);
#5391=VECTOR('',#11159,1000.);
#5392=VECTOR('',#11162,1000.);
#5393=VECTOR('',#11163,1000.);
#5394=VECTOR('',#11166,1000.);
#5395=VECTOR('',#11167,1000.);
#5396=VECTOR('',#11170,1000.);
#5397=VECTOR('',#11171,1000.);
#5398=VECTOR('',#11174,1000.);
#5399=VECTOR('',#11175,1000.);
#5400=VECTOR('',#11178,1000.);
#5401=VECTOR('',#11179,1000.);
#5402=VECTOR('',#11180,1000.);
#5403=VECTOR('',#11181,1000.);
#5404=VECTOR('',#11182,1000.);
#5405=VECTOR('',#11183,1000.);
#5406=VECTOR('',#11184,1000.);
#5407=VECTOR('',#11185,1000.);
#5408=VECTOR('',#11188,1000.);
#5409=VECTOR('',#11189,1000.);
#5410=VECTOR('',#11190,1000.);
#5411=VECTOR('',#11195,1000.);
#5412=VECTOR('',#11196,1000.);
#5413=VECTOR('',#11197,1000.);
#5414=VECTOR('',#11198,1000.);
#5415=VECTOR('',#11199,1000.);
#5416=VECTOR('',#11200,1000.);
#5417=VECTOR('',#11201,1000.);
#5418=VECTOR('',#11204,1000.);
#5419=VECTOR('',#11207,1000.);
#5420=VECTOR('',#11208,1000.);
#5421=VECTOR('',#11209,1000.);
#5422=VECTOR('',#11212,1000.);
#5423=VECTOR('',#11213,1000.);
#5424=VECTOR('',#11216,1000.);
#5425=VECTOR('',#11217,1000.);
#5426=VECTOR('',#11220,1000.);
#5427=VECTOR('',#11223,1000.);
#5428=VECTOR('',#11224,1000.);
#5429=VECTOR('',#11227,1000.);
#5430=VECTOR('',#11228,1000.);
#5431=VECTOR('',#11231,1000.);
#5432=VECTOR('',#11232,1000.);
#5433=VECTOR('',#11237,1000.);
#5434=VECTOR('',#11240,1000.);
#5435=VECTOR('',#11241,1000.);
#5436=VECTOR('',#11250,1000.);
#5437=VECTOR('',#11251,1000.);
#5438=VECTOR('',#11252,1000.);
#5439=VECTOR('',#11255,1000.);
#5440=VECTOR('',#11256,1000.);
#5441=VECTOR('',#11259,1000.);
#5442=VECTOR('',#11260,1000.);
#5443=VECTOR('',#11263,1000.);
#5444=EDGE_LOOP('',(#145,#146,#147,#148));
#5445=EDGE_LOOP('',(#149,#150,#151,#152));
#5446=EDGE_LOOP('',(#153,#154,#155,#156,#157));
#5447=EDGE_LOOP('',(#158,#159,#160,#161));
#5448=EDGE_LOOP('',(#162,#163,#164,#165,#166));
#5449=EDGE_LOOP('',(#167,#168,#169,#170));
#5450=EDGE_LOOP('',(#171,#172,#173,#174));
#5451=EDGE_LOOP('',(#175,#176,#177,#178,#179));
#5452=EDGE_LOOP('',(#180,#181,#182,#183));
#5453=EDGE_LOOP('',(#184,#185,#186,#187,#188));
#5454=EDGE_LOOP('',(#189,#190,#191,#192));
#5455=EDGE_LOOP('',(#193,#194,#195,#196));
#5456=EDGE_LOOP('',(#197,#198,#199,#200,#201));
#5457=EDGE_LOOP('',(#202,#203,#204,#205));
#5458=EDGE_LOOP('',(#206,#207,#208,#209,#210));
#5459=EDGE_LOOP('',(#211,#212,#213,#214));
#5460=EDGE_LOOP('',(#215,#216,#217,#218));
#5461=EDGE_LOOP('',(#219,#220,#221,#222,#223));
#5462=EDGE_LOOP('',(#224,#225,#226,#227));
#5463=EDGE_LOOP('',(#228,#229,#230,#231,#232));
#5464=EDGE_LOOP('',(#233,#234,#235,#236));
#5465=EDGE_LOOP('',(#237,#238,#239,#240));
#5466=EDGE_LOOP('',(#241,#242,#243,#244,#245));
#5467=EDGE_LOOP('',(#246,#247,#248,#249));
#5468=EDGE_LOOP('',(#250,#251,#252,#253,#254));
#5469=EDGE_LOOP('',(#255,#256,#257,#258));
#5470=EDGE_LOOP('',(#259,#260,#261,#262));
#5471=EDGE_LOOP('',(#263,#264,#265,#266,#267));
#5472=EDGE_LOOP('',(#268,#269,#270,#271));
#5473=EDGE_LOOP('',(#272,#273,#274,#275,#276));
#5474=EDGE_LOOP('',(#277,#278,#279,#280));
#5475=EDGE_LOOP('',(#281,#282,#283,#284));
#5476=EDGE_LOOP('',(#285,#286,#287,#288,#289));
#5477=EDGE_LOOP('',(#290,#291,#292,#293));
#5478=EDGE_LOOP('',(#294,#295,#296,#297,#298));
#5479=EDGE_LOOP('',(#299,#300,#301,#302));
#5480=EDGE_LOOP('',(#303,#304,#305,#306));
#5481=EDGE_LOOP('',(#307,#308,#309,#310,#311));
#5482=EDGE_LOOP('',(#312,#313,#314,#315));
#5483=EDGE_LOOP('',(#316,#317,#318,#319,#320));
#5484=EDGE_LOOP('',(#321,#322,#323,#324));
#5485=EDGE_LOOP('',(#325,#326,#327,#328));
#5486=EDGE_LOOP('',(#329,#330,#331,#332,#333));
#5487=EDGE_LOOP('',(#334,#335,#336,#337));
#5488=EDGE_LOOP('',(#338,#339,#340,#341,#342));
#5489=EDGE_LOOP('',(#343,#344,#345,#346));
#5490=EDGE_LOOP('',(#347,#348,#349,#350));
#5491=EDGE_LOOP('',(#351,#352,#353,#354,#355));
#5492=EDGE_LOOP('',(#356,#357,#358,#359));
#5493=EDGE_LOOP('',(#360,#361,#362,#363,#364));
#5494=EDGE_LOOP('',(#365,#366,#367,#368));
#5495=EDGE_LOOP('',(#369,#370,#371,#372));
#5496=EDGE_LOOP('',(#373,#374,#375,#376,#377));
#5497=EDGE_LOOP('',(#378,#379,#380,#381));
#5498=EDGE_LOOP('',(#382,#383,#384,#385,#386));
#5499=EDGE_LOOP('',(#387,#388,#389,#390));
#5500=EDGE_LOOP('',(#391,#392,#393,#394));
#5501=EDGE_LOOP('',(#395,#396,#397,#398));
#5502=EDGE_LOOP('',(#399,#400,#401,#402));
#5503=EDGE_LOOP('',(#403,#404,#405,#406));
#5504=EDGE_LOOP('',(#407,#408,#409,#410));
#5505=EDGE_LOOP('',(#411,#412,#413,#414));
#5506=EDGE_LOOP('',(#415,#416,#417,#418));
#5507=EDGE_LOOP('',(#419,#420,#421,#422,#423,#424,#425,#426,#427,#428));
#5508=EDGE_LOOP('',(#429,#430,#431,#432,#433,#434,#435,#436,#437,#438));
#5509=EDGE_LOOP('',(#439,#440,#441,#442,#443,#444,#445,#446,#447,#448,#449));
#5510=EDGE_LOOP('',(#450,#451,#452,#453));
#5511=EDGE_LOOP('',(#454,#455,#456,#457));
#5512=EDGE_LOOP('',(#458,#459,#460,#461));
#5513=EDGE_LOOP('',(#462,#463,#464,#465));
#5514=EDGE_LOOP('',(#466,#467,#468,#469));
#5515=EDGE_LOOP('',(#470,#471,#472,#473));
#5516=EDGE_LOOP('',(#474,#475,#476,#477));
#5517=EDGE_LOOP('',(#478,#479,#480,#481));
#5518=EDGE_LOOP('',(#482,#483,#484,#485));
#5519=EDGE_LOOP('',(#486,#487,#488,#489));
#5520=EDGE_LOOP('',(#490,#491,#492,#493,#494,#495,#496,#497,#498,#499,#500));
#5521=EDGE_LOOP('',(#501,#502,#503,#504));
#5522=EDGE_LOOP('',(#505,#506,#507,#508));
#5523=EDGE_LOOP('',(#509,#510,#511,#512));
#5524=EDGE_LOOP('',(#513,#514,#515,#516));
#5525=EDGE_LOOP('',(#517,#518,#519,#520));
#5526=EDGE_LOOP('',(#521,#522,#523,#524));
#5527=EDGE_LOOP('',(#525,#526,#527,#528));
#5528=EDGE_LOOP('',(#529,#530,#531,#532));
#5529=EDGE_LOOP('',(#533,#534,#535,#536,#537,#538,#539,#540,#541,#542));
#5530=EDGE_LOOP('',(#543,#544,#545,#546,#547,#548,#549,#550,#551,#552));
#5531=EDGE_LOOP('',(#553,#554,#555,#556,#557,#558,#559,#560,#561,#562,#563));
#5532=EDGE_LOOP('',(#564,#565,#566,#567));
#5533=EDGE_LOOP('',(#568,#569,#570,#571));
#5534=EDGE_LOOP('',(#572,#573,#574,#575));
#5535=EDGE_LOOP('',(#576,#577,#578,#579));
#5536=EDGE_LOOP('',(#580,#581,#582,#583));
#5537=EDGE_LOOP('',(#584,#585,#586,#587));
#5538=EDGE_LOOP('',(#588,#589,#590,#591));
#5539=EDGE_LOOP('',(#592,#593,#594,#595));
#5540=EDGE_LOOP('',(#596,#597,#598,#599));
#5541=EDGE_LOOP('',(#600,#601,#602,#603));
#5542=EDGE_LOOP('',(#604,#605,#606,#607,#608,#609,#610,#611,#612,#613,#614));
#5543=EDGE_LOOP('',(#615,#616,#617,#618));
#5544=EDGE_LOOP('',(#619,#620,#621,#622));
#5545=EDGE_LOOP('',(#623,#624,#625,#626));
#5546=EDGE_LOOP('',(#627,#628,#629,#630));
#5547=EDGE_LOOP('',(#631,#632,#633,#634));
#5548=EDGE_LOOP('',(#635,#636,#637,#638));
#5549=EDGE_LOOP('',(#639,#640,#641,#642));
#5550=EDGE_LOOP('',(#643,#644,#645,#646));
#5551=EDGE_LOOP('',(#647,#648,#649,#650,#651,#652,#653,#654,#655,#656));
#5552=EDGE_LOOP('',(#657,#658,#659,#660,#661,#662,#663,#664,#665,#666));
#5553=EDGE_LOOP('',(#667,#668,#669,#670,#671,#672,#673,#674,#675,#676,#677));
#5554=EDGE_LOOP('',(#678,#679,#680,#681));
#5555=EDGE_LOOP('',(#682,#683,#684,#685));
#5556=EDGE_LOOP('',(#686,#687,#688,#689));
#5557=EDGE_LOOP('',(#690,#691,#692,#693));
#5558=EDGE_LOOP('',(#694,#695,#696,#697));
#5559=EDGE_LOOP('',(#698,#699,#700,#701));
#5560=EDGE_LOOP('',(#702,#703,#704,#705));
#5561=EDGE_LOOP('',(#706,#707,#708,#709));
#5562=EDGE_LOOP('',(#710,#711,#712,#713));
#5563=EDGE_LOOP('',(#714,#715,#716,#717));
#5564=EDGE_LOOP('',(#718,#719,#720,#721,#722,#723,#724,#725,#726,#727,#728));
#5565=EDGE_LOOP('',(#729,#730,#731,#732));
#5566=EDGE_LOOP('',(#733,#734,#735,#736));
#5567=EDGE_LOOP('',(#737,#738,#739,#740));
#5568=EDGE_LOOP('',(#741,#742,#743,#744));
#5569=EDGE_LOOP('',(#745,#746,#747,#748));
#5570=EDGE_LOOP('',(#749,#750,#751,#752));
#5571=EDGE_LOOP('',(#753,#754,#755,#756));
#5572=EDGE_LOOP('',(#757,#758,#759,#760));
#5573=EDGE_LOOP('',(#761,#762,#763,#764,#765,#766,#767,#768,#769,#770));
#5574=EDGE_LOOP('',(#771,#772,#773,#774,#775,#776,#777,#778,#779,#780));
#5575=EDGE_LOOP('',(#781,#782,#783,#784,#785,#786,#787,#788,#789,#790,#791));
#5576=EDGE_LOOP('',(#792,#793,#794,#795));
#5577=EDGE_LOOP('',(#796,#797,#798,#799));
#5578=EDGE_LOOP('',(#800,#801,#802,#803));
#5579=EDGE_LOOP('',(#804,#805,#806,#807));
#5580=EDGE_LOOP('',(#808,#809,#810,#811));
#5581=EDGE_LOOP('',(#812,#813,#814,#815));
#5582=EDGE_LOOP('',(#816,#817,#818,#819));
#5583=EDGE_LOOP('',(#820,#821,#822,#823));
#5584=EDGE_LOOP('',(#824,#825,#826,#827));
#5585=EDGE_LOOP('',(#828,#829,#830,#831));
#5586=EDGE_LOOP('',(#832,#833,#834,#835,#836,#837,#838,#839,#840,#841,#842));
#5587=EDGE_LOOP('',(#843,#844,#845,#846));
#5588=EDGE_LOOP('',(#847,#848,#849,#850));
#5589=EDGE_LOOP('',(#851,#852,#853,#854));
#5590=EDGE_LOOP('',(#855,#856,#857,#858));
#5591=EDGE_LOOP('',(#859,#860,#861,#862));
#5592=EDGE_LOOP('',(#863,#864,#865,#866));
#5593=EDGE_LOOP('',(#867,#868,#869,#870));
#5594=EDGE_LOOP('',(#871,#872,#873,#874));
#5595=EDGE_LOOP('',(#875,#876,#877,#878,#879,#880,#881,#882,#883,#884));
#5596=EDGE_LOOP('',(#885,#886,#887,#888,#889,#890,#891,#892,#893,#894));
#5597=EDGE_LOOP('',(#895,#896,#897,#898,#899,#900,#901,#902,#903,#904,#905));
#5598=EDGE_LOOP('',(#906,#907,#908,#909));
#5599=EDGE_LOOP('',(#910,#911,#912,#913));
#5600=EDGE_LOOP('',(#914,#915,#916,#917));
#5601=EDGE_LOOP('',(#918,#919,#920,#921));
#5602=EDGE_LOOP('',(#922,#923,#924,#925));
#5603=EDGE_LOOP('',(#926,#927,#928,#929));
#5604=EDGE_LOOP('',(#930,#931,#932,#933));
#5605=EDGE_LOOP('',(#934,#935,#936,#937));
#5606=EDGE_LOOP('',(#938,#939,#940,#941));
#5607=EDGE_LOOP('',(#942,#943,#944,#945));
#5608=EDGE_LOOP('',(#946,#947,#948,#949,#950,#951,#952,#953,#954,#955,#956));
#5609=EDGE_LOOP('',(#957,#958,#959,#960));
#5610=EDGE_LOOP('',(#961,#962,#963,#964,#965,#966));
#5611=EDGE_LOOP('',(#967,#968,#969,#970));
#5612=EDGE_LOOP('',(#971,#972,#973,#974));
#5613=EDGE_LOOP('',(#975,#976,#977,#978));
#5614=EDGE_LOOP('',(#979,#980,#981,#982,#983));
#5615=EDGE_LOOP('',(#984,#985,#986,#987));
#5616=EDGE_LOOP('',(#988,#989,#990,#991));
#5617=EDGE_LOOP('',(#992,#993,#994,#995));
#5618=EDGE_LOOP('',(#996,#997,#998,#999));
#5619=EDGE_LOOP('',(#1000,#1001,#1002,#1003));
#5620=EDGE_LOOP('',(#1004,#1005,#1006,#1007));
#5621=EDGE_LOOP('',(#1008,#1009,#1010,#1011));
#5622=EDGE_LOOP('',(#1012,#1013,#1014,#1015));
#5623=EDGE_LOOP('',(#1016,#1017,#1018,#1019));
#5624=EDGE_LOOP('',(#1020,#1021,#1022,#1023));
#5625=EDGE_LOOP('',(#1024,#1025,#1026,#1027));
#5626=EDGE_LOOP('',(#1028,#1029,#1030,#1031));
#5627=EDGE_LOOP('',(#1032,#1033,#1034,#1035));
#5628=EDGE_LOOP('',(#1036,#1037,#1038,#1039));
#5629=EDGE_LOOP('',(#1040,#1041,#1042,#1043));
#5630=EDGE_LOOP('',(#1044,#1045,#1046,#1047));
#5631=EDGE_LOOP('',(#1048,#1049,#1050,#1051));
#5632=EDGE_LOOP('',(#1052,#1053,#1054,#1055,#1056,#1057));
#5633=EDGE_LOOP('',(#1058,#1059,#1060,#1061,#1062,#1063));
#5634=EDGE_LOOP('',(#1064,#1065,#1066,#1067));
#5635=EDGE_LOOP('',(#1068,#1069,#1070,#1071));
#5636=EDGE_LOOP('',(#1072,#1073,#1074,#1075));
#5637=EDGE_LOOP('',(#1076,#1077,#1078,#1079));
#5638=EDGE_LOOP('',(#1080,#1081,#1082,#1083));
#5639=EDGE_LOOP('',(#1084,#1085,#1086,#1087));
#5640=EDGE_LOOP('',(#1088,#1089,#1090,#1091));
#5641=EDGE_LOOP('',(#1092,#1093,#1094,#1095));
#5642=EDGE_LOOP('',(#1096,#1097,#1098,#1099));
#5643=EDGE_LOOP('',(#1100,#1101,#1102,#1103));
#5644=EDGE_LOOP('',(#1104,#1105,#1106,#1107));
#5645=EDGE_LOOP('',(#1108,#1109,#1110,#1111));
#5646=EDGE_LOOP('',(#1112,#1113,#1114,#1115,#1116));
#5647=EDGE_LOOP('',(#1117,#1118,#1119,#1120));
#5648=EDGE_LOOP('',(#1121,#1122,#1123,#1124));
#5649=EDGE_LOOP('',(#1125,#1126,#1127,#1128,#1129,#1130,#1131));
#5650=EDGE_LOOP('',(#1132,#1133,#1134,#1135));
#5651=EDGE_LOOP('',(#1136,#1137,#1138,#1139,#1140,#1141,#1142));
#5652=EDGE_LOOP('',(#1143,#1144,#1145,#1146));
#5653=EDGE_LOOP('',(#1147,#1148,#1149,#1150));
#5654=EDGE_LOOP('',(#1151,#1152,#1153,#1154));
#5655=EDGE_LOOP('',(#1155,#1156,#1157,#1158,#1159,#1160,#1161,#1162,#1163,
#1164,#1165,#1166,#1167,#1168,#1169,#1170,#1171,#1172,#1173,#1174,#1175,
#1176,#1177,#1178,#1179,#1180,#1181,#1182,#1183,#1184,#1185,#1186,#1187,
#1188,#1189,#1190,#1191,#1192,#1193,#1194,#1195,#1196,#1197,#1198,#1199,
#1200,#1201,#1202,#1203,#1204,#1205,#1206));
#5656=EDGE_LOOP('',(#1207,#1208,#1209,#1210));
#5657=EDGE_LOOP('',(#1211,#1212,#1213,#1214));
#5658=EDGE_LOOP('',(#1215,#1216,#1217,#1218));
#5659=EDGE_LOOP('',(#1219,#1220,#1221,#1222));
#5660=EDGE_LOOP('',(#1223,#1224,#1225,#1226));
#5661=EDGE_LOOP('',(#1227,#1228,#1229,#1230));
#5662=EDGE_LOOP('',(#1231,#1232,#1233,#1234));
#5663=EDGE_LOOP('',(#1235,#1236,#1237,#1238,#1239,#1240));
#5664=EDGE_LOOP('',(#1241,#1242,#1243,#1244,#1245,#1246));
#5665=EDGE_LOOP('',(#1247,#1248,#1249,#1250));
#5666=EDGE_LOOP('',(#1251,#1252,#1253,#1254));
#5667=EDGE_LOOP('',(#1255,#1256,#1257,#1258,#1259,#1260,#1261,#1262,#1263,
#1264));
#5668=EDGE_LOOP('',(#1265,#1266,#1267,#1268,#1269,#1270,#1271,#1272,#1273,
#1274));
#5669=EDGE_LOOP('',(#1275,#1276,#1277,#1278));
#5670=EDGE_LOOP('',(#1279,#1280,#1281,#1282,#1283,#1284,#1285,#1286,#1287,
#1288));
#5671=EDGE_LOOP('',(#1289,#1290,#1291,#1292));
#5672=EDGE_LOOP('',(#1293,#1294,#1295,#1296,#1297,#1298,#1299,#1300,#1301,
#1302));
#5673=EDGE_LOOP('',(#1303,#1304,#1305,#1306,#1307,#1308,#1309,#1310,#1311,
#1312));
#5674=EDGE_LOOP('',(#1313,#1314,#1315,#1316));
#5675=EDGE_LOOP('',(#1317,#1318,#1319,#1320,#1321,#1322,#1323,#1324,#1325,
#1326));
#5676=EDGE_LOOP('',(#1327,#1328,#1329,#1330,#1331,#1332,#1333,#1334,#1335,
#1336,#1337,#1338,#1339,#1340,#1341,#1342,#1343,#1344,#1345,#1346,#1347,
#1348,#1349,#1350,#1351,#1352,#1353,#1354,#1355,#1356,#1357,#1358));
#5677=EDGE_LOOP('',(#1359,#1360,#1361,#1362,#1363,#1364,#1365,#1366,#1367,
#1368));
#5678=EDGE_LOOP('',(#1369,#1370,#1371,#1372,#1373,#1374,#1375,#1376,#1377,
#1378));
#5679=EDGE_LOOP('',(#1379,#1380,#1381,#1382,#1383,#1384,#1385,#1386,#1387,
#1388));
#5680=EDGE_LOOP('',(#1389,#1390,#1391,#1392));
#5681=EDGE_LOOP('',(#1393,#1394,#1395,#1396,#1397,#1398,#1399,#1400));
#5682=EDGE_LOOP('',(#1401,#1402,#1403,#1404));
#5683=EDGE_LOOP('',(#1405,#1406,#1407,#1408));
#5684=EDGE_LOOP('',(#1409,#1410,#1411,#1412,#1413,#1414,#1415,#1416));
#5685=EDGE_LOOP('',(#1417,#1418,#1419,#1420));
#5686=EDGE_LOOP('',(#1421,#1422,#1423,#1424,#1425,#1426,#1427,#1428,#1429,
#1430,#1431,#1432,#1433,#1434,#1435,#1436,#1437,#1438,#1439,#1440,#1441,
#1442,#1443,#1444,#1445,#1446,#1447,#1448,#1449,#1450,#1451,#1452,#1453,
#1454,#1455,#1456,#1457,#1458,#1459,#1460,#1461,#1462,#1463,#1464,#1465,
#1466,#1467,#1468,#1469,#1470,#1471,#1472,#1473,#1474,#1475,#1476,#1477,
#1478,#1479,#1480));
#5687=EDGE_LOOP('',(#1481,#1482,#1483,#1484,#1485,#1486,#1487,#1488,#1489,
#1490));
#5688=EDGE_LOOP('',(#1491,#1492,#1493,#1494));
#5689=EDGE_LOOP('',(#1495,#1496,#1497,#1498));
#5690=EDGE_LOOP('',(#1499,#1500,#1501,#1502,#1503,#1504,#1505,#1506));
#5691=EDGE_LOOP('',(#1507,#1508,#1509,#1510,#1511,#1512,#1513,#1514));
#5692=EDGE_LOOP('',(#1515,#1516,#1517,#1518,#1519,#1520));
#5693=EDGE_LOOP('',(#1521,#1522,#1523,#1524));
#5694=EDGE_LOOP('',(#1525,#1526,#1527,#1528));
#5695=EDGE_LOOP('',(#1529,#1530,#1531,#1532));
#5696=EDGE_LOOP('',(#1533,#1534,#1535,#1536));
#5697=EDGE_LOOP('',(#1537,#1538,#1539,#1540));
#5698=EDGE_LOOP('',(#1541,#1542,#1543,#1544));
#5699=EDGE_LOOP('',(#1545,#1546,#1547,#1548));
#5700=EDGE_LOOP('',(#1549,#1550,#1551,#1552,#1553));
#5701=EDGE_LOOP('',(#1554,#1555,#1556,#1557));
#5702=EDGE_LOOP('',(#1558,#1559,#1560,#1561));
#5703=EDGE_LOOP('',(#1562,#1563,#1564,#1565));
#5704=EDGE_LOOP('',(#1566,#1567,#1568,#1569));
#5705=EDGE_LOOP('',(#1570,#1571,#1572,#1573));
#5706=EDGE_LOOP('',(#1574,#1575,#1576,#1577,#1578));
#5707=EDGE_LOOP('',(#1579,#1580,#1581,#1582));
#5708=EDGE_LOOP('',(#1583,#1584,#1585,#1586,#1587,#1588));
#5709=EDGE_LOOP('',(#1589,#1590,#1591,#1592));
#5710=EDGE_LOOP('',(#1593,#1594,#1595,#1596));
#5711=EDGE_LOOP('',(#1597,#1598,#1599,#1600));
#5712=EDGE_LOOP('',(#1601,#1602,#1603,#1604));
#5713=EDGE_LOOP('',(#1605,#1606,#1607,#1608,#1609,#1610));
#5714=EDGE_LOOP('',(#1611,#1612,#1613,#1614));
#5715=EDGE_LOOP('',(#1615,#1616,#1617,#1618));
#5716=EDGE_LOOP('',(#1619,#1620,#1621,#1622,#1623,#1624,#1625,#1626,#1627,
#1628,#1629,#1630,#1631,#1632,#1633,#1634,#1635,#1636,#1637,#1638,#1639,
#1640,#1641,#1642,#1643,#1644,#1645,#1646,#1647,#1648,#1649,#1650,#1651,
#1652,#1653,#1654));
#5717=EDGE_LOOP('',(#1655,#1656,#1657,#1658));
#5718=EDGE_LOOP('',(#1659,#1660,#1661,#1662));
#5719=EDGE_LOOP('',(#1663,#1664,#1665,#1666));
#5720=EDGE_LOOP('',(#1667,#1668,#1669,#1670,#1671,#1672));
#5721=EDGE_LOOP('',(#1673,#1674,#1675,#1676));
#5722=EDGE_LOOP('',(#1677,#1678,#1679,#1680));
#5723=EDGE_LOOP('',(#1681,#1682,#1683,#1684));
#5724=EDGE_LOOP('',(#1685,#1686,#1687,#1688));
#5725=EDGE_LOOP('',(#1689,#1690,#1691,#1692));
#5726=EDGE_LOOP('',(#1693,#1694,#1695,#1696));
#5727=EDGE_LOOP('',(#1697,#1698,#1699,#1700));
#5728=EDGE_LOOP('',(#1701,#1702,#1703,#1704,#1705,#1706));
#5729=EDGE_LOOP('',(#1707,#1708,#1709,#1710,#1711));
#5730=EDGE_LOOP('',(#1712,#1713,#1714,#1715));
#5731=EDGE_LOOP('',(#1716,#1717,#1718,#1719));
#5732=EDGE_LOOP('',(#1720,#1721,#1722,#1723));
#5733=EDGE_LOOP('',(#1724,#1725,#1726,#1727));
#5734=EDGE_LOOP('',(#1728,#1729,#1730,#1731));
#5735=EDGE_LOOP('',(#1732,#1733,#1734,#1735));
#5736=EDGE_LOOP('',(#1736,#1737,#1738,#1739));
#5737=EDGE_LOOP('',(#1740,#1741,#1742,#1743,#1744));
#5738=EDGE_LOOP('',(#1745,#1746,#1747,#1748,#1749,#1750,#1751,#1752,#1753));
#5739=EDGE_LOOP('',(#1754,#1755,#1756,#1757));
#5740=EDGE_LOOP('',(#1758,#1759,#1760,#1761));
#5741=EDGE_LOOP('',(#1762,#1763,#1764,#1765,#1766));
#5742=EDGE_LOOP('',(#1767,#1768,#1769,#1770));
#5743=EDGE_LOOP('',(#1771,#1772,#1773,#1774));
#5744=EDGE_LOOP('',(#1775,#1776,#1777,#1778,#1779));
#5745=EDGE_LOOP('',(#1780,#1781,#1782,#1783));
#5746=EDGE_LOOP('',(#1784,#1785,#1786,#1787));
#5747=EDGE_LOOP('',(#1788,#1789,#1790,#1791,#1792,#1793,#1794,#1795,#1796));
#5748=EDGE_LOOP('',(#1797,#1798,#1799,#1800,#1801,#1802,#1803,#1804));
#5749=EDGE_LOOP('',(#1805,#1806,#1807,#1808));
#5750=EDGE_LOOP('',(#1809,#1810,#1811,#1812,#1813,#1814,#1815,#1816));
#5751=EDGE_LOOP('',(#1817,#1818,#1819,#1820,#1821,#1822,#1823,#1824,#1825,
#1826,#1827));
#5752=EDGE_LOOP('',(#1828,#1829,#1830,#1831));
#5753=EDGE_LOOP('',(#1832,#1833,#1834,#1835,#1836,#1837,#1838,#1839,#1840,
#1841,#1842,#1843,#1844,#1845,#1846,#1847,#1848,#1849,#1850));
#5754=EDGE_LOOP('',(#1851,#1852,#1853,#1854));
#5755=EDGE_LOOP('',(#1855,#1856,#1857,#1858,#1859,#1860,#1861,#1862,#1863,
#1864,#1865,#1866,#1867,#1868,#1869,#1870));
#5756=EDGE_LOOP('',(#1871,#1872,#1873,#1874));
#5757=EDGE_LOOP('',(#1875,#1876,#1877,#1878,#1879,#1880,#1881,#1882,#1883,
#1884,#1885,#1886,#1887,#1888,#1889,#1890));
#5758=EDGE_LOOP('',(#1891,#1892,#1893,#1894));
#5759=EDGE_LOOP('',(#1895,#1896,#1897,#1898,#1899,#1900,#1901,#1902,#1903,
#1904,#1905,#1906,#1907,#1908,#1909,#1910,#1911,#1912,#1913));
#5760=EDGE_LOOP('',(#1914,#1915,#1916,#1917));
#5761=EDGE_LOOP('',(#1918,#1919,#1920,#1921,#1922,#1923,#1924,#1925,#1926,
#1927,#1928));
#5762=EDGE_LOOP('',(#1929,#1930,#1931,#1932,#1933,#1934,#1935,#1936,#1937,
#1938,#1939,#1940,#1941,#1942,#1943,#1944,#1945,#1946,#1947,#1948,#1949,
#1950,#1951,#1952,#1953,#1954,#1955,#1956,#1957,#1958));
#5763=EDGE_LOOP('',(#1959,#1960,#1961,#1962,#1963,#1964,#1965,#1966,#1967,
#1968,#1969,#1970,#1971,#1972,#1973,#1974,#1975,#1976,#1977,#1978,#1979,
#1980,#1981,#1982,#1983,#1984,#1985,#1986,#1987,#1988,#1989,#1990,#1991,
#1992,#1993,#1994));
#5764=EDGE_LOOP('',(#1995,#1996,#1997,#1998,#1999,#2000,#2001,#2002,#2003,
#2004,#2005));
#5765=EDGE_LOOP('',(#2006,#2007,#2008,#2009));
#5766=EDGE_LOOP('',(#2010,#2011,#2012,#2013));
#5767=EDGE_LOOP('',(#2014,#2015,#2016,#2017));
#5768=EDGE_LOOP('',(#2018,#2019,#2020,#2021));
#5769=EDGE_LOOP('',(#2022,#2023,#2024,#2025));
#5770=EDGE_LOOP('',(#2026,#2027,#2028,#2029));
#5771=EDGE_LOOP('',(#2030,#2031,#2032,#2033));
#5772=EDGE_LOOP('',(#2034,#2035,#2036,#2037));
#5773=EDGE_LOOP('',(#2038,#2039,#2040,#2041));
#5774=EDGE_LOOP('',(#2042,#2043,#2044,#2045));
#5775=EDGE_LOOP('',(#2046,#2047,#2048,#2049,#2050,#2051,#2052,#2053,#2054,
#2055,#2056));
#5776=EDGE_LOOP('',(#2057,#2058,#2059,#2060));
#5777=EDGE_LOOP('',(#2061,#2062,#2063,#2064,#2065));
#5778=EDGE_LOOP('',(#2066,#2067,#2068,#2069));
#5779=EDGE_LOOP('',(#2070,#2071,#2072,#2073,#2074));
#5780=EDGE_LOOP('',(#2075,#2076,#2077,#2078));
#5781=FACE_BOUND('',#5444,.T.);
#5782=FACE_BOUND('',#5445,.T.);
#5783=FACE_BOUND('',#5446,.T.);
#5784=FACE_BOUND('',#5447,.T.);
#5785=FACE_BOUND('',#5448,.T.);
#5786=FACE_BOUND('',#5449,.T.);
#5787=FACE_BOUND('',#5450,.T.);
#5788=FACE_BOUND('',#5451,.T.);
#5789=FACE_BOUND('',#5452,.T.);
#5790=FACE_BOUND('',#5453,.T.);
#5791=FACE_BOUND('',#5454,.T.);
#5792=FACE_BOUND('',#5455,.T.);
#5793=FACE_BOUND('',#5456,.T.);
#5794=FACE_BOUND('',#5457,.T.);
#5795=FACE_BOUND('',#5458,.T.);
#5796=FACE_BOUND('',#5459,.T.);
#5797=FACE_BOUND('',#5460,.T.);
#5798=FACE_BOUND('',#5461,.T.);
#5799=FACE_BOUND('',#5462,.T.);
#5800=FACE_BOUND('',#5463,.T.);
#5801=FACE_BOUND('',#5464,.T.);
#5802=FACE_BOUND('',#5465,.T.);
#5803=FACE_BOUND('',#5466,.T.);
#5804=FACE_BOUND('',#5467,.T.);
#5805=FACE_BOUND('',#5468,.T.);
#5806=FACE_BOUND('',#5469,.T.);
#5807=FACE_BOUND('',#5470,.T.);
#5808=FACE_BOUND('',#5471,.T.);
#5809=FACE_BOUND('',#5472,.T.);
#5810=FACE_BOUND('',#5473,.T.);
#5811=FACE_BOUND('',#5474,.T.);
#5812=FACE_BOUND('',#5475,.T.);
#5813=FACE_BOUND('',#5476,.T.);
#5814=FACE_BOUND('',#5477,.T.);
#5815=FACE_BOUND('',#5478,.T.);
#5816=FACE_BOUND('',#5479,.T.);
#5817=FACE_BOUND('',#5480,.T.);
#5818=FACE_BOUND('',#5481,.T.);
#5819=FACE_BOUND('',#5482,.T.);
#5820=FACE_BOUND('',#5483,.T.);
#5821=FACE_BOUND('',#5484,.T.);
#5822=FACE_BOUND('',#5485,.T.);
#5823=FACE_BOUND('',#5486,.T.);
#5824=FACE_BOUND('',#5487,.T.);
#5825=FACE_BOUND('',#5488,.T.);
#5826=FACE_BOUND('',#5489,.T.);
#5827=FACE_BOUND('',#5490,.T.);
#5828=FACE_BOUND('',#5491,.T.);
#5829=FACE_BOUND('',#5492,.T.);
#5830=FACE_BOUND('',#5493,.T.);
#5831=FACE_BOUND('',#5494,.T.);
#5832=FACE_BOUND('',#5495,.T.);
#5833=FACE_BOUND('',#5496,.T.);
#5834=FACE_BOUND('',#5497,.T.);
#5835=FACE_BOUND('',#5498,.T.);
#5836=FACE_BOUND('',#5499,.T.);
#5837=FACE_BOUND('',#5500,.T.);
#5838=FACE_BOUND('',#5501,.T.);
#5839=FACE_BOUND('',#5502,.T.);
#5840=FACE_BOUND('',#5503,.T.);
#5841=FACE_BOUND('',#5504,.T.);
#5842=FACE_BOUND('',#5505,.T.);
#5843=FACE_BOUND('',#5506,.T.);
#5844=FACE_BOUND('',#5507,.T.);
#5845=FACE_BOUND('',#5508,.T.);
#5846=FACE_BOUND('',#5509,.T.);
#5847=FACE_BOUND('',#5510,.T.);
#5848=FACE_BOUND('',#5511,.T.);
#5849=FACE_BOUND('',#5512,.T.);
#5850=FACE_BOUND('',#5513,.T.);
#5851=FACE_BOUND('',#5514,.T.);
#5852=FACE_BOUND('',#5515,.T.);
#5853=FACE_BOUND('',#5516,.T.);
#5854=FACE_BOUND('',#5517,.T.);
#5855=FACE_BOUND('',#5518,.T.);
#5856=FACE_BOUND('',#5519,.T.);
#5857=FACE_BOUND('',#5520,.T.);
#5858=FACE_BOUND('',#5521,.T.);
#5859=FACE_BOUND('',#5522,.T.);
#5860=FACE_BOUND('',#5523,.T.);
#5861=FACE_BOUND('',#5524,.T.);
#5862=FACE_BOUND('',#5525,.T.);
#5863=FACE_BOUND('',#5526,.T.);
#5864=FACE_BOUND('',#5527,.T.);
#5865=FACE_BOUND('',#5528,.T.);
#5866=FACE_BOUND('',#5529,.T.);
#5867=FACE_BOUND('',#5530,.T.);
#5868=FACE_BOUND('',#5531,.T.);
#5869=FACE_BOUND('',#5532,.T.);
#5870=FACE_BOUND('',#5533,.T.);
#5871=FACE_BOUND('',#5534,.T.);
#5872=FACE_BOUND('',#5535,.T.);
#5873=FACE_BOUND('',#5536,.T.);
#5874=FACE_BOUND('',#5537,.T.);
#5875=FACE_BOUND('',#5538,.T.);
#5876=FACE_BOUND('',#5539,.T.);
#5877=FACE_BOUND('',#5540,.T.);
#5878=FACE_BOUND('',#5541,.T.);
#5879=FACE_BOUND('',#5542,.T.);
#5880=FACE_BOUND('',#5543,.T.);
#5881=FACE_BOUND('',#5544,.T.);
#5882=FACE_BOUND('',#5545,.T.);
#5883=FACE_BOUND('',#5546,.T.);
#5884=FACE_BOUND('',#5547,.T.);
#5885=FACE_BOUND('',#5548,.T.);
#5886=FACE_BOUND('',#5549,.T.);
#5887=FACE_BOUND('',#5550,.T.);
#5888=FACE_BOUND('',#5551,.T.);
#5889=FACE_BOUND('',#5552,.T.);
#5890=FACE_BOUND('',#5553,.T.);
#5891=FACE_BOUND('',#5554,.T.);
#5892=FACE_BOUND('',#5555,.T.);
#5893=FACE_BOUND('',#5556,.T.);
#5894=FACE_BOUND('',#5557,.T.);
#5895=FACE_BOUND('',#5558,.T.);
#5896=FACE_BOUND('',#5559,.T.);
#5897=FACE_BOUND('',#5560,.T.);
#5898=FACE_BOUND('',#5561,.T.);
#5899=FACE_BOUND('',#5562,.T.);
#5900=FACE_BOUND('',#5563,.T.);
#5901=FACE_BOUND('',#5564,.T.);
#5902=FACE_BOUND('',#5565,.T.);
#5903=FACE_BOUND('',#5566,.T.);
#5904=FACE_BOUND('',#5567,.T.);
#5905=FACE_BOUND('',#5568,.T.);
#5906=FACE_BOUND('',#5569,.T.);
#5907=FACE_BOUND('',#5570,.T.);
#5908=FACE_BOUND('',#5571,.T.);
#5909=FACE_BOUND('',#5572,.T.);
#5910=FACE_BOUND('',#5573,.T.);
#5911=FACE_BOUND('',#5574,.T.);
#5912=FACE_BOUND('',#5575,.T.);
#5913=FACE_BOUND('',#5576,.T.);
#5914=FACE_BOUND('',#5577,.T.);
#5915=FACE_BOUND('',#5578,.T.);
#5916=FACE_BOUND('',#5579,.T.);
#5917=FACE_BOUND('',#5580,.T.);
#5918=FACE_BOUND('',#5581,.T.);
#5919=FACE_BOUND('',#5582,.T.);
#5920=FACE_BOUND('',#5583,.T.);
#5921=FACE_BOUND('',#5584,.T.);
#5922=FACE_BOUND('',#5585,.T.);
#5923=FACE_BOUND('',#5586,.T.);
#5924=FACE_BOUND('',#5587,.T.);
#5925=FACE_BOUND('',#5588,.T.);
#5926=FACE_BOUND('',#5589,.T.);
#5927=FACE_BOUND('',#5590,.T.);
#5928=FACE_BOUND('',#5591,.T.);
#5929=FACE_BOUND('',#5592,.T.);
#5930=FACE_BOUND('',#5593,.T.);
#5931=FACE_BOUND('',#5594,.T.);
#5932=FACE_BOUND('',#5595,.T.);
#5933=FACE_BOUND('',#5596,.T.);
#5934=FACE_BOUND('',#5597,.T.);
#5935=FACE_BOUND('',#5598,.T.);
#5936=FACE_BOUND('',#5599,.T.);
#5937=FACE_BOUND('',#5600,.T.);
#5938=FACE_BOUND('',#5601,.T.);
#5939=FACE_BOUND('',#5602,.T.);
#5940=FACE_BOUND('',#5603,.T.);
#5941=FACE_BOUND('',#5604,.T.);
#5942=FACE_BOUND('',#5605,.T.);
#5943=FACE_BOUND('',#5606,.T.);
#5944=FACE_BOUND('',#5607,.T.);
#5945=FACE_BOUND('',#5608,.T.);
#5946=FACE_BOUND('',#5609,.T.);
#5947=FACE_BOUND('',#5610,.T.);
#5948=FACE_BOUND('',#5611,.T.);
#5949=FACE_BOUND('',#5612,.T.);
#5950=FACE_BOUND('',#5613,.T.);
#5951=FACE_BOUND('',#5614,.T.);
#5952=FACE_BOUND('',#5615,.T.);
#5953=FACE_BOUND('',#5616,.T.);
#5954=FACE_BOUND('',#5617,.T.);
#5955=FACE_BOUND('',#5618,.T.);
#5956=FACE_BOUND('',#5619,.T.);
#5957=FACE_BOUND('',#5620,.T.);
#5958=FACE_BOUND('',#5621,.T.);
#5959=FACE_BOUND('',#5622,.T.);
#5960=FACE_BOUND('',#5623,.T.);
#5961=FACE_BOUND('',#5624,.T.);
#5962=FACE_BOUND('',#5625,.T.);
#5963=FACE_BOUND('',#5626,.T.);
#5964=FACE_BOUND('',#5627,.T.);
#5965=FACE_BOUND('',#5628,.T.);
#5966=FACE_BOUND('',#5629,.T.);
#5967=FACE_BOUND('',#5630,.T.);
#5968=FACE_BOUND('',#5631,.T.);
#5969=FACE_BOUND('',#5632,.T.);
#5970=FACE_BOUND('',#5633,.T.);
#5971=FACE_BOUND('',#5634,.T.);
#5972=FACE_BOUND('',#5635,.T.);
#5973=FACE_BOUND('',#5636,.T.);
#5974=FACE_BOUND('',#5637,.T.);
#5975=FACE_BOUND('',#5638,.T.);
#5976=FACE_BOUND('',#5639,.T.);
#5977=FACE_BOUND('',#5640,.T.);
#5978=FACE_BOUND('',#5641,.T.);
#5979=FACE_BOUND('',#5642,.T.);
#5980=FACE_BOUND('',#5643,.T.);
#5981=FACE_BOUND('',#5644,.T.);
#5982=FACE_BOUND('',#5645,.T.);
#5983=FACE_BOUND('',#5646,.T.);
#5984=FACE_BOUND('',#5647,.T.);
#5985=FACE_BOUND('',#5648,.T.);
#5986=FACE_BOUND('',#5649,.T.);
#5987=FACE_BOUND('',#5650,.T.);
#5988=FACE_BOUND('',#5651,.T.);
#5989=FACE_BOUND('',#5652,.T.);
#5990=FACE_BOUND('',#5653,.T.);
#5991=FACE_BOUND('',#5654,.T.);
#5992=FACE_BOUND('',#5655,.T.);
#5993=FACE_BOUND('',#5656,.T.);
#5994=FACE_BOUND('',#5657,.T.);
#5995=FACE_BOUND('',#5658,.T.);
#5996=FACE_BOUND('',#5659,.T.);
#5997=FACE_BOUND('',#5660,.T.);
#5998=FACE_BOUND('',#5661,.T.);
#5999=FACE_BOUND('',#5662,.T.);
#6000=FACE_BOUND('',#5663,.T.);
#6001=FACE_BOUND('',#5664,.T.);
#6002=FACE_BOUND('',#5665,.T.);
#6003=FACE_BOUND('',#5666,.T.);
#6004=FACE_BOUND('',#5667,.T.);
#6005=FACE_BOUND('',#5668,.T.);
#6006=FACE_BOUND('',#5669,.T.);
#6007=FACE_BOUND('',#5670,.T.);
#6008=FACE_BOUND('',#5671,.T.);
#6009=FACE_BOUND('',#5672,.T.);
#6010=FACE_BOUND('',#5673,.T.);
#6011=FACE_BOUND('',#5674,.T.);
#6012=FACE_BOUND('',#5675,.T.);
#6013=FACE_BOUND('',#5676,.T.);
#6014=FACE_BOUND('',#5677,.T.);
#6015=FACE_BOUND('',#5678,.T.);
#6016=FACE_BOUND('',#5679,.T.);
#6017=FACE_BOUND('',#5680,.T.);
#6018=FACE_BOUND('',#5681,.T.);
#6019=FACE_BOUND('',#5682,.T.);
#6020=FACE_BOUND('',#5683,.T.);
#6021=FACE_BOUND('',#5684,.T.);
#6022=FACE_BOUND('',#5685,.T.);
#6023=FACE_BOUND('',#5686,.T.);
#6024=FACE_BOUND('',#5687,.T.);
#6025=FACE_BOUND('',#5688,.T.);
#6026=FACE_BOUND('',#5689,.T.);
#6027=FACE_BOUND('',#5690,.T.);
#6028=FACE_BOUND('',#5691,.T.);
#6029=FACE_BOUND('',#5692,.T.);
#6030=FACE_BOUND('',#5693,.T.);
#6031=FACE_BOUND('',#5694,.T.);
#6032=FACE_BOUND('',#5695,.T.);
#6033=FACE_BOUND('',#5696,.T.);
#6034=FACE_BOUND('',#5697,.T.);
#6035=FACE_BOUND('',#5698,.T.);
#6036=FACE_BOUND('',#5699,.T.);
#6037=FACE_BOUND('',#5700,.T.);
#6038=FACE_BOUND('',#5701,.T.);
#6039=FACE_BOUND('',#5702,.T.);
#6040=FACE_BOUND('',#5703,.T.);
#6041=FACE_BOUND('',#5704,.T.);
#6042=FACE_BOUND('',#5705,.T.);
#6043=FACE_BOUND('',#5706,.T.);
#6044=FACE_BOUND('',#5707,.T.);
#6045=FACE_BOUND('',#5708,.T.);
#6046=FACE_BOUND('',#5709,.T.);
#6047=FACE_BOUND('',#5710,.T.);
#6048=FACE_BOUND('',#5711,.T.);
#6049=FACE_BOUND('',#5712,.T.);
#6050=FACE_BOUND('',#5713,.T.);
#6051=FACE_BOUND('',#5714,.T.);
#6052=FACE_BOUND('',#5715,.T.);
#6053=FACE_BOUND('',#5716,.T.);
#6054=FACE_BOUND('',#5717,.T.);
#6055=FACE_BOUND('',#5718,.T.);
#6056=FACE_BOUND('',#5719,.T.);
#6057=FACE_BOUND('',#5720,.T.);
#6058=FACE_BOUND('',#5721,.T.);
#6059=FACE_BOUND('',#5722,.T.);
#6060=FACE_BOUND('',#5723,.T.);
#6061=FACE_BOUND('',#5724,.T.);
#6062=FACE_BOUND('',#5725,.T.);
#6063=FACE_BOUND('',#5726,.T.);
#6064=FACE_BOUND('',#5727,.T.);
#6065=FACE_BOUND('',#5728,.T.);
#6066=FACE_BOUND('',#5729,.T.);
#6067=FACE_BOUND('',#5730,.T.);
#6068=FACE_BOUND('',#5731,.T.);
#6069=FACE_BOUND('',#5732,.T.);
#6070=FACE_BOUND('',#5733,.T.);
#6071=FACE_BOUND('',#5734,.T.);
#6072=FACE_BOUND('',#5735,.T.);
#6073=FACE_BOUND('',#5736,.T.);
#6074=FACE_BOUND('',#5737,.T.);
#6075=FACE_BOUND('',#5738,.T.);
#6076=FACE_BOUND('',#5739,.T.);
#6077=FACE_BOUND('',#5740,.T.);
#6078=FACE_BOUND('',#5741,.T.);
#6079=FACE_BOUND('',#5742,.T.);
#6080=FACE_BOUND('',#5743,.T.);
#6081=FACE_BOUND('',#5744,.T.);
#6082=FACE_BOUND('',#5745,.T.);
#6083=FACE_BOUND('',#5746,.T.);
#6084=FACE_BOUND('',#5747,.T.);
#6085=FACE_BOUND('',#5748,.T.);
#6086=FACE_BOUND('',#5749,.T.);
#6087=FACE_BOUND('',#5750,.T.);
#6088=FACE_BOUND('',#5751,.T.);
#6089=FACE_BOUND('',#5752,.T.);
#6090=FACE_BOUND('',#5753,.T.);
#6091=FACE_BOUND('',#5754,.T.);
#6092=FACE_BOUND('',#5755,.T.);
#6093=FACE_BOUND('',#5756,.T.);
#6094=FACE_BOUND('',#5757,.T.);
#6095=FACE_BOUND('',#5758,.T.);
#6096=FACE_BOUND('',#5759,.T.);
#6097=FACE_BOUND('',#5760,.T.);
#6098=FACE_BOUND('',#5761,.T.);
#6099=FACE_BOUND('',#5762,.T.);
#6100=FACE_BOUND('',#5763,.T.);
#6101=FACE_BOUND('',#5764,.T.);
#6102=FACE_BOUND('',#5765,.T.);
#6103=FACE_BOUND('',#5766,.T.);
#6104=FACE_BOUND('',#5767,.T.);
#6105=FACE_BOUND('',#5768,.T.);
#6106=FACE_BOUND('',#5769,.T.);
#6107=FACE_BOUND('',#5770,.T.);
#6108=FACE_BOUND('',#5771,.T.);
#6109=FACE_BOUND('',#5772,.T.);
#6110=FACE_BOUND('',#5773,.T.);
#6111=FACE_BOUND('',#5774,.T.);
#6112=FACE_BOUND('',#5775,.T.);
#6113=FACE_BOUND('',#5776,.T.);
#6114=FACE_BOUND('',#5777,.T.);
#6115=FACE_BOUND('',#5778,.T.);
#6116=FACE_BOUND('',#5779,.T.);
#6117=FACE_BOUND('',#5780,.T.);
#6118=PLANE('',#9118);
#6119=PLANE('',#9119);
#6120=PLANE('',#9120);
#6121=PLANE('',#9121);
#6122=PLANE('',#9122);
#6123=PLANE('',#9123);
#6124=PLANE('',#9124);
#6125=PLANE('',#9125);
#6126=PLANE('',#9126);
#6127=PLANE('',#9127);
#6128=PLANE('',#9128);
#6129=PLANE('',#9129);
#6130=PLANE('',#9130);
#6131=PLANE('',#9131);
#6132=PLANE('',#9132);
#6133=PLANE('',#9133);
#6134=PLANE('',#9134);
#6135=PLANE('',#9135);
#6136=PLANE('',#9136);
#6137=PLANE('',#9137);
#6138=PLANE('',#9138);
#6139=PLANE('',#9139);
#6140=PLANE('',#9140);
#6141=PLANE('',#9141);
#6142=PLANE('',#9142);
#6143=PLANE('',#9143);
#6144=PLANE('',#9144);
#6145=PLANE('',#9145);
#6146=PLANE('',#9146);
#6147=PLANE('',#9147);
#6148=PLANE('',#9148);
#6149=PLANE('',#9149);
#6150=PLANE('',#9150);
#6151=PLANE('',#9151);
#6152=PLANE('',#9152);
#6153=PLANE('',#9153);
#6154=PLANE('',#9154);
#6155=PLANE('',#9155);
#6156=PLANE('',#9156);
#6157=PLANE('',#9157);
#6158=PLANE('',#9158);
#6159=PLANE('',#9159);
#6160=PLANE('',#9160);
#6161=PLANE('',#9161);
#6162=PLANE('',#9162);
#6163=PLANE('',#9163);
#6164=PLANE('',#9164);
#6165=PLANE('',#9165);
#6166=PLANE('',#9166);
#6167=PLANE('',#9167);
#6168=PLANE('',#9168);
#6169=PLANE('',#9169);
#6170=PLANE('',#9170);
#6171=PLANE('',#9171);
#6172=PLANE('',#9172);
#6173=PLANE('',#9173);
#6174=PLANE('',#9174);
#6175=PLANE('',#9175);
#6176=PLANE('',#9176);
#6177=PLANE('',#9180);
#6178=PLANE('',#9184);
#6179=PLANE('',#9185);
#6180=PLANE('',#9186);
#6181=PLANE('',#9187);
#6182=PLANE('',#9190);
#6183=PLANE('',#9191);
#6184=PLANE('',#9192);
#6185=PLANE('',#9193);
#6186=PLANE('',#9194);
#6187=PLANE('',#9195);
#6188=PLANE('',#9196);
#6189=PLANE('',#9199);
#6190=PLANE('',#9202);
#6191=PLANE('',#9203);
#6192=PLANE('',#9204);
#6193=PLANE('',#9205);
#6194=PLANE('',#9206);
#6195=PLANE('',#9210);
#6196=PLANE('',#9214);
#6197=PLANE('',#9215);
#6198=PLANE('',#9216);
#6199=PLANE('',#9217);
#6200=PLANE('',#9220);
#6201=PLANE('',#9221);
#6202=PLANE('',#9222);
#6203=PLANE('',#9223);
#6204=PLANE('',#9224);
#6205=PLANE('',#9225);
#6206=PLANE('',#9226);
#6207=PLANE('',#9229);
#6208=PLANE('',#9232);
#6209=PLANE('',#9233);
#6210=PLANE('',#9234);
#6211=PLANE('',#9235);
#6212=PLANE('',#9236);
#6213=PLANE('',#9240);
#6214=PLANE('',#9244);
#6215=PLANE('',#9245);
#6216=PLANE('',#9246);
#6217=PLANE('',#9247);
#6218=PLANE('',#9250);
#6219=PLANE('',#9251);
#6220=PLANE('',#9252);
#6221=PLANE('',#9253);
#6222=PLANE('',#9254);
#6223=PLANE('',#9255);
#6224=PLANE('',#9256);
#6225=PLANE('',#9259);
#6226=PLANE('',#9262);
#6227=PLANE('',#9263);
#6228=PLANE('',#9264);
#6229=PLANE('',#9265);
#6230=PLANE('',#9266);
#6231=PLANE('',#9270);
#6232=PLANE('',#9274);
#6233=PLANE('',#9275);
#6234=PLANE('',#9276);
#6235=PLANE('',#9277);
#6236=PLANE('',#9280);
#6237=PLANE('',#9281);
#6238=PLANE('',#9282);
#6239=PLANE('',#9283);
#6240=PLANE('',#9284);
#6241=PLANE('',#9285);
#6242=PLANE('',#9286);
#6243=PLANE('',#9289);
#6244=PLANE('',#9292);
#6245=PLANE('',#9293);
#6246=PLANE('',#9294);
#6247=PLANE('',#9295);
#6248=PLANE('',#9296);
#6249=PLANE('',#9300);
#6250=PLANE('',#9304);
#6251=PLANE('',#9305);
#6252=PLANE('',#9306);
#6253=PLANE('',#9307);
#6254=PLANE('',#9310);
#6255=PLANE('',#9311);
#6256=PLANE('',#9312);
#6257=PLANE('',#9313);
#6258=PLANE('',#9314);
#6259=PLANE('',#9315);
#6260=PLANE('',#9316);
#6261=PLANE('',#9319);
#6262=PLANE('',#9322);
#6263=PLANE('',#9323);
#6264=PLANE('',#9324);
#6265=PLANE('',#9325);
#6266=PLANE('',#9326);
#6267=PLANE('',#9327);
#6268=PLANE('',#9328);
#6269=PLANE('',#9332);
#6270=PLANE('',#9333);
#6271=PLANE('',#9334);
#6272=PLANE('',#9335);
#6273=PLANE('',#9336);
#6274=PLANE('',#9337);
#6275=PLANE('',#9341);
#6276=PLANE('',#9345);
#6277=PLANE('',#9346);
#6278=PLANE('',#9347);
#6279=PLANE('',#9348);
#6280=PLANE('',#9352);
#6281=PLANE('',#9356);
#6282=PLANE('',#9357);
#6283=PLANE('',#9359);
#6284=PLANE('',#9360);
#6285=PLANE('',#9361);
#6286=PLANE('',#9362);
#6287=PLANE('',#9366);
#6288=PLANE('',#9370);
#6289=PLANE('',#9371);
#6290=PLANE('',#9372);
#6291=PLANE('',#9373);
#6292=PLANE('',#9376);
#6293=PLANE('',#9383);
#6294=PLANE('',#9384);
#6295=PLANE('',#9385);
#6296=PLANE('',#9386);
#6297=PLANE('',#9387);
#6298=PLANE('',#9388);
#6299=PLANE('',#9389);
#6300=PLANE('',#9390);
#6301=PLANE('',#9391);
#6302=PLANE('',#9392);
#6303=PLANE('',#9393);
#6304=PLANE('',#9394);
#6305=PLANE('',#9395);
#6306=PLANE('',#9396);
#6307=PLANE('',#9397);
#6308=PLANE('',#9399);
#6309=PLANE('',#9402);
#6310=PLANE('',#9403);
#6311=PLANE('',#9404);
#6312=PLANE('',#9405);
#6313=PLANE('',#9406);
#6314=PLANE('',#9407);
#6315=PLANE('',#9408);
#6316=PLANE('',#9409);
#6317=PLANE('',#9410);
#6318=PLANE('',#9411);
#6319=PLANE('',#9412);
#6320=PLANE('',#9413);
#6321=PLANE('',#9414);
#6322=PLANE('',#9415);
#6323=PLANE('',#9416);
#6324=PLANE('',#9417);
#6325=PLANE('',#9418);
#6326=PLANE('',#9419);
#6327=PLANE('',#9420);
#6328=PLANE('',#9421);
#6329=PLANE('',#9422);
#6330=PLANE('',#9423);
#6331=PLANE('',#9424);
#6332=PLANE('',#9425);
#6333=PLANE('',#9426);
#6334=PLANE('',#9427);
#6335=PLANE('',#9428);
#6336=PLANE('',#9429);
#6337=PLANE('',#9430);
#6338=PLANE('',#9431);
#6339=PLANE('',#9435);
#6340=PLANE('',#9439);
#6341=PLANE('',#9444);
#6342=PLANE('',#9445);
#6343=PLANE('',#9446);
#6344=PLANE('',#9447);
#6345=PLANE('',#9451);
#6346=PLANE('',#9452);
#6347=PLANE('',#9453);
#6348=PLANE('',#9454);
#6349=PLANE('',#9455);
#6350=PLANE('',#9456);
#6351=PLANE('',#9457);
#6352=PLANE('',#9458);
#6353=PLANE('',#9459);
#6354=PLANE('',#9460);
#6355=PLANE('',#9461);
#6356=PLANE('',#9462);
#6357=PLANE('',#9463);
#6358=PLANE('',#9464);
#6359=PLANE('',#9465);
#6360=PLANE('',#9466);
#6361=PLANE('',#9470);
#6362=PLANE('',#9471);
#6363=PLANE('',#9472);
#6364=PLANE('',#9473);
#6365=PLANE('',#9474);
#6366=PLANE('',#9475);
#6367=PLANE('',#9476);
#6368=PLANE('',#9477);
#6369=PLANE('',#9478);
#6370=PLANE('',#9479);
#6371=PLANE('',#9483);
#6372=PLANE('',#9487);
#6373=PLANE('',#9492);
#6374=PLANE('',#9493);
#6375=PLANE('',#9494);
#6376=PLANE('',#9495);
#6377=PLANE('',#9496);
#6378=PLANE('',#9497);
#6379=PLANE('',#9498);
#6380=PLANE('',#9499);
#6381=PLANE('',#9500);
#6382=PLANE('',#9501);
#6383=PLANE('',#9502);
#6384=PLANE('',#9503);
#6385=PLANE('',#9504);
#6386=PLANE('',#9505);
#6387=PLANE('',#9506);
#6388=PLANE('',#9507);
#6389=PLANE('',#9508);
#6390=PLANE('',#9509);
#6391=PLANE('',#9510);
#6392=PLANE('',#9511);
#6393=PLANE('',#9512);
#6394=PLANE('',#9513);
#6395=PLANE('',#9514);
#6396=PLANE('',#9515);
#6397=PLANE('',#9516);
#6398=PLANE('',#9517);
#6399=PLANE('',#9518);
#6400=PLANE('',#9521);
#6401=PLANE('',#9522);
#6402=PLANE('',#9523);
#6403=PLANE('',#9524);
#6404=PLANE('',#9525);
#6405=PLANE('',#9526);
#6406=PLANE('',#9527);
#6407=PLANE('',#9530);
#6408=PLANE('',#9533);
#6409=PLANE('',#9534);
#6410=PLANE('',#9535);
#6411=PLANE('',#9536);
#6412=PLANE('',#9537);
#6413=PLANE('',#9538);
#6414=STYLED_ITEM('',(#6751),#8776);
#6415=STYLED_ITEM('',(#6752),#8777);
#6416=STYLED_ITEM('',(#6753),#8778);
#6417=STYLED_ITEM('',(#6754),#8779);
#6418=STYLED_ITEM('',(#6755),#8780);
#6419=STYLED_ITEM('',(#6756),#8781);
#6420=STYLED_ITEM('',(#6757),#8782);
#6421=STYLED_ITEM('',(#6758),#8783);
#6422=STYLED_ITEM('',(#6759),#8784);
#6423=STYLED_ITEM('',(#6760),#8785);
#6424=STYLED_ITEM('',(#6761),#8786);
#6425=STYLED_ITEM('',(#6762),#8787);
#6426=STYLED_ITEM('',(#6763),#8788);
#6427=STYLED_ITEM('',(#6764),#8789);
#6428=STYLED_ITEM('',(#6765),#8790);
#6429=STYLED_ITEM('',(#6766),#8791);
#6430=STYLED_ITEM('',(#6767),#8792);
#6431=STYLED_ITEM('',(#6768),#8793);
#6432=STYLED_ITEM('',(#6769),#8794);
#6433=STYLED_ITEM('',(#6770),#8795);
#6434=STYLED_ITEM('',(#6771),#8796);
#6435=STYLED_ITEM('',(#6772),#8797);
#6436=STYLED_ITEM('',(#6773),#8798);
#6437=STYLED_ITEM('',(#6774),#8799);
#6438=STYLED_ITEM('',(#6775),#8800);
#6439=STYLED_ITEM('',(#6776),#8801);
#6440=STYLED_ITEM('',(#6777),#8802);
#6441=STYLED_ITEM('',(#6778),#8803);
#6442=STYLED_ITEM('',(#6779),#8804);
#6443=STYLED_ITEM('',(#6780),#8805);
#6444=STYLED_ITEM('',(#6781),#8806);
#6445=STYLED_ITEM('',(#6782),#8807);
#6446=STYLED_ITEM('',(#6783),#8808);
#6447=STYLED_ITEM('',(#6784),#8809);
#6448=STYLED_ITEM('',(#6785),#8810);
#6449=STYLED_ITEM('',(#6786),#8811);
#6450=STYLED_ITEM('',(#6787),#8812);
#6451=STYLED_ITEM('',(#6788),#8813);
#6452=STYLED_ITEM('',(#6789),#8814);
#6453=STYLED_ITEM('',(#6790),#8815);
#6454=STYLED_ITEM('',(#6791),#8816);
#6455=STYLED_ITEM('',(#6792),#8817);
#6456=STYLED_ITEM('',(#6793),#8818);
#6457=STYLED_ITEM('',(#6794),#8819);
#6458=STYLED_ITEM('',(#6795),#8820);
#6459=STYLED_ITEM('',(#6796),#8821);
#6460=STYLED_ITEM('',(#6797),#8822);
#6461=STYLED_ITEM('',(#6798),#8823);
#6462=STYLED_ITEM('',(#6799),#8824);
#6463=STYLED_ITEM('',(#6800),#8825);
#6464=STYLED_ITEM('',(#6801),#8826);
#6465=STYLED_ITEM('',(#6802),#8827);
#6466=STYLED_ITEM('',(#6803),#8828);
#6467=STYLED_ITEM('',(#6804),#8829);
#6468=STYLED_ITEM('',(#6805),#8830);
#6469=STYLED_ITEM('',(#6806),#8831);
#6470=STYLED_ITEM('',(#6807),#8832);
#6471=STYLED_ITEM('',(#6808),#8833);
#6472=STYLED_ITEM('',(#6809),#8834);
#6473=STYLED_ITEM('',(#6810),#8835);
#6474=STYLED_ITEM('',(#6811),#8836);
#6475=STYLED_ITEM('',(#6812),#8837);
#6476=STYLED_ITEM('',(#6813),#8838);
#6477=STYLED_ITEM('',(#6814),#8839);
#6478=STYLED_ITEM('',(#6815),#8840);
#6479=STYLED_ITEM('',(#6816),#8841);
#6480=STYLED_ITEM('',(#6817),#8842);
#6481=STYLED_ITEM('',(#6818),#8843);
#6482=STYLED_ITEM('',(#6819),#8844);
#6483=STYLED_ITEM('',(#6820),#8845);
#6484=STYLED_ITEM('',(#6821),#8846);
#6485=STYLED_ITEM('',(#6822),#8847);
#6486=STYLED_ITEM('',(#6823),#8848);
#6487=STYLED_ITEM('',(#6824),#8849);
#6488=STYLED_ITEM('',(#6825),#8850);
#6489=STYLED_ITEM('',(#6826),#8851);
#6490=STYLED_ITEM('',(#6827),#8852);
#6491=STYLED_ITEM('',(#6828),#8853);
#6492=STYLED_ITEM('',(#6829),#8854);
#6493=STYLED_ITEM('',(#6830),#8855);
#6494=STYLED_ITEM('',(#6831),#8856);
#6495=STYLED_ITEM('',(#6832),#8857);
#6496=STYLED_ITEM('',(#6833),#8858);
#6497=STYLED_ITEM('',(#6834),#8859);
#6498=STYLED_ITEM('',(#6835),#8860);
#6499=STYLED_ITEM('',(#6836),#8861);
#6500=STYLED_ITEM('',(#6837),#8862);
#6501=STYLED_ITEM('',(#6838),#8863);
#6502=STYLED_ITEM('',(#6839),#8864);
#6503=STYLED_ITEM('',(#6840),#8865);
#6504=STYLED_ITEM('',(#6841),#8866);
#6505=STYLED_ITEM('',(#6842),#8867);
#6506=STYLED_ITEM('',(#6843),#8868);
#6507=STYLED_ITEM('',(#6844),#8869);
#6508=STYLED_ITEM('',(#6845),#8870);
#6509=STYLED_ITEM('',(#6846),#8871);
#6510=STYLED_ITEM('',(#6847),#8872);
#6511=STYLED_ITEM('',(#6848),#8873);
#6512=STYLED_ITEM('',(#6849),#8874);
#6513=STYLED_ITEM('',(#6850),#8875);
#6514=STYLED_ITEM('',(#6851),#8876);
#6515=STYLED_ITEM('',(#6852),#8877);
#6516=STYLED_ITEM('',(#6853),#8878);
#6517=STYLED_ITEM('',(#6854),#8879);
#6518=STYLED_ITEM('',(#6855),#8880);
#6519=STYLED_ITEM('',(#6856),#8881);
#6520=STYLED_ITEM('',(#6857),#8882);
#6521=STYLED_ITEM('',(#6858),#8883);
#6522=STYLED_ITEM('',(#6859),#8884);
#6523=STYLED_ITEM('',(#6860),#8885);
#6524=STYLED_ITEM('',(#6861),#8886);
#6525=STYLED_ITEM('',(#6862),#8887);
#6526=STYLED_ITEM('',(#6863),#8888);
#6527=STYLED_ITEM('',(#6864),#8889);
#6528=STYLED_ITEM('',(#6865),#8890);
#6529=STYLED_ITEM('',(#6866),#8891);
#6530=STYLED_ITEM('',(#6867),#8892);
#6531=STYLED_ITEM('',(#6868),#8893);
#6532=STYLED_ITEM('',(#6869),#8894);
#6533=STYLED_ITEM('',(#6870),#8895);
#6534=STYLED_ITEM('',(#6871),#8896);
#6535=STYLED_ITEM('',(#6872),#8897);
#6536=STYLED_ITEM('',(#6873),#8898);
#6537=STYLED_ITEM('',(#6874),#8899);
#6538=STYLED_ITEM('',(#6875),#8900);
#6539=STYLED_ITEM('',(#6876),#8901);
#6540=STYLED_ITEM('',(#6877),#8902);
#6541=STYLED_ITEM('',(#6878),#8903);
#6542=STYLED_ITEM('',(#6879),#8904);
#6543=STYLED_ITEM('',(#6880),#8905);
#6544=STYLED_ITEM('',(#6881),#8906);
#6545=STYLED_ITEM('',(#6882),#8907);
#6546=STYLED_ITEM('',(#6883),#8908);
#6547=STYLED_ITEM('',(#6884),#8909);
#6548=STYLED_ITEM('',(#6885),#8910);
#6549=STYLED_ITEM('',(#6886),#8911);
#6550=STYLED_ITEM('',(#6887),#8912);
#6551=STYLED_ITEM('',(#6888),#8913);
#6552=STYLED_ITEM('',(#6889),#8914);
#6553=STYLED_ITEM('',(#6890),#8915);
#6554=STYLED_ITEM('',(#6891),#8916);
#6555=STYLED_ITEM('',(#6892),#8917);
#6556=STYLED_ITEM('',(#6893),#8918);
#6557=STYLED_ITEM('',(#6894),#8919);
#6558=STYLED_ITEM('',(#6895),#8920);
#6559=STYLED_ITEM('',(#6896),#8921);
#6560=STYLED_ITEM('',(#6897),#8922);
#6561=STYLED_ITEM('',(#6898),#8923);
#6562=STYLED_ITEM('',(#6899),#8924);
#6563=STYLED_ITEM('',(#6900),#8925);
#6564=STYLED_ITEM('',(#6901),#8926);
#6565=STYLED_ITEM('',(#6902),#8927);
#6566=STYLED_ITEM('',(#6903),#8928);
#6567=STYLED_ITEM('',(#6904),#8929);
#6568=STYLED_ITEM('',(#6905),#8930);
#6569=STYLED_ITEM('',(#6906),#8931);
#6570=STYLED_ITEM('',(#6907),#8932);
#6571=STYLED_ITEM('',(#6908),#8933);
#6572=STYLED_ITEM('',(#6909),#8934);
#6573=STYLED_ITEM('',(#6910),#8935);
#6574=STYLED_ITEM('',(#6911),#8936);
#6575=STYLED_ITEM('',(#6912),#8937);
#6576=STYLED_ITEM('',(#6913),#8938);
#6577=STYLED_ITEM('',(#6914),#8939);
#6578=STYLED_ITEM('',(#6915),#8940);
#6579=STYLED_ITEM('',(#6916),#8941);
#6580=STYLED_ITEM('',(#6917),#8942);
#6581=STYLED_ITEM('',(#6918),#8943);
#6582=STYLED_ITEM('',(#6919),#8944);
#6583=STYLED_ITEM('',(#6920),#8945);
#6584=STYLED_ITEM('',(#6921),#8946);
#6585=STYLED_ITEM('',(#6922),#8947);
#6586=STYLED_ITEM('',(#6923),#8948);
#6587=STYLED_ITEM('',(#6924),#8949);
#6588=STYLED_ITEM('',(#6925),#8950);
#6589=STYLED_ITEM('',(#6926),#8951);
#6590=STYLED_ITEM('',(#6927),#8952);
#6591=STYLED_ITEM('',(#6928),#8953);
#6592=STYLED_ITEM('',(#6929),#8954);
#6593=STYLED_ITEM('',(#6930),#8955);
#6594=STYLED_ITEM('',(#6931),#8956);
#6595=STYLED_ITEM('',(#6932),#8957);
#6596=STYLED_ITEM('',(#6933),#8958);
#6597=STYLED_ITEM('',(#6934),#8959);
#6598=STYLED_ITEM('',(#6935),#8960);
#6599=STYLED_ITEM('',(#6936),#8961);
#6600=STYLED_ITEM('',(#6937),#8962);
#6601=STYLED_ITEM('',(#6938),#8963);
#6602=STYLED_ITEM('',(#6939),#8964);
#6603=STYLED_ITEM('',(#6940),#8965);
#6604=STYLED_ITEM('',(#6941),#8966);
#6605=STYLED_ITEM('',(#6942),#8967);
#6606=STYLED_ITEM('',(#6943),#8968);
#6607=STYLED_ITEM('',(#6944),#8969);
#6608=STYLED_ITEM('',(#6945),#8970);
#6609=STYLED_ITEM('',(#6946),#8971);
#6610=STYLED_ITEM('',(#6947),#8972);
#6611=STYLED_ITEM('',(#6948),#8973);
#6612=STYLED_ITEM('',(#6949),#8974);
#6613=STYLED_ITEM('',(#6950),#8975);
#6614=STYLED_ITEM('',(#6951),#8976);
#6615=STYLED_ITEM('',(#6952),#8977);
#6616=STYLED_ITEM('',(#6953),#8978);
#6617=STYLED_ITEM('',(#6954),#8979);
#6618=STYLED_ITEM('',(#6955),#8980);
#6619=STYLED_ITEM('',(#6956),#8981);
#6620=STYLED_ITEM('',(#6957),#8982);
#6621=STYLED_ITEM('',(#6958),#8983);
#6622=STYLED_ITEM('',(#6959),#8984);
#6623=STYLED_ITEM('',(#6960),#8985);
#6624=STYLED_ITEM('',(#6961),#8986);
#6625=STYLED_ITEM('',(#6962),#8987);
#6626=STYLED_ITEM('',(#6963),#8988);
#6627=STYLED_ITEM('',(#6964),#8989);
#6628=STYLED_ITEM('',(#6965),#8990);
#6629=STYLED_ITEM('',(#6966),#8991);
#6630=STYLED_ITEM('',(#6967),#8992);
#6631=STYLED_ITEM('',(#6968),#8993);
#6632=STYLED_ITEM('',(#6969),#8994);
#6633=STYLED_ITEM('',(#6970),#8995);
#6634=STYLED_ITEM('',(#6971),#8996);
#6635=STYLED_ITEM('',(#6972),#8997);
#6636=STYLED_ITEM('',(#6973),#8998);
#6637=STYLED_ITEM('',(#6974),#8999);
#6638=STYLED_ITEM('',(#6975),#9000);
#6639=STYLED_ITEM('',(#6976),#9001);
#6640=STYLED_ITEM('',(#6977),#9002);
#6641=STYLED_ITEM('',(#6978),#9003);
#6642=STYLED_ITEM('',(#6979),#9004);
#6643=STYLED_ITEM('',(#6980),#9005);
#6644=STYLED_ITEM('',(#6981),#9006);
#6645=STYLED_ITEM('',(#6982),#9007);
#6646=STYLED_ITEM('',(#6983),#9008);
#6647=STYLED_ITEM('',(#6984),#9009);
#6648=STYLED_ITEM('',(#6985),#9010);
#6649=STYLED_ITEM('',(#6986),#9011);
#6650=STYLED_ITEM('',(#6987),#9012);
#6651=STYLED_ITEM('',(#6988),#9013);
#6652=STYLED_ITEM('',(#6989),#9014);
#6653=STYLED_ITEM('',(#6990),#9015);
#6654=STYLED_ITEM('',(#6991),#9016);
#6655=STYLED_ITEM('',(#6992),#9017);
#6656=STYLED_ITEM('',(#6993),#9018);
#6657=STYLED_ITEM('',(#6994),#9019);
#6658=STYLED_ITEM('',(#6995),#9020);
#6659=STYLED_ITEM('',(#6996),#9021);
#6660=STYLED_ITEM('',(#6997),#9022);
#6661=STYLED_ITEM('',(#6998),#9023);
#6662=STYLED_ITEM('',(#6999),#9024);
#6663=STYLED_ITEM('',(#7000),#9025);
#6664=STYLED_ITEM('',(#7001),#9026);
#6665=STYLED_ITEM('',(#7002),#9027);
#6666=STYLED_ITEM('',(#7003),#9028);
#6667=STYLED_ITEM('',(#7004),#9029);
#6668=STYLED_ITEM('',(#7005),#9030);
#6669=STYLED_ITEM('',(#7006),#9031);
#6670=STYLED_ITEM('',(#7007),#9032);
#6671=STYLED_ITEM('',(#7008),#9033);
#6672=STYLED_ITEM('',(#7009),#9034);
#6673=STYLED_ITEM('',(#7010),#9035);
#6674=STYLED_ITEM('',(#7011),#9036);
#6675=STYLED_ITEM('',(#7012),#9037);
#6676=STYLED_ITEM('',(#7013),#9038);
#6677=STYLED_ITEM('',(#7014),#9039);
#6678=STYLED_ITEM('',(#7015),#9040);
#6679=STYLED_ITEM('',(#7016),#9041);
#6680=STYLED_ITEM('',(#7017),#9042);
#6681=STYLED_ITEM('',(#7018),#9043);
#6682=STYLED_ITEM('',(#7019),#9044);
#6683=STYLED_ITEM('',(#7020),#9045);
#6684=STYLED_ITEM('',(#7021),#9046);
#6685=STYLED_ITEM('',(#7022),#9047);
#6686=STYLED_ITEM('',(#7023),#9048);
#6687=STYLED_ITEM('',(#7024),#9049);
#6688=STYLED_ITEM('',(#7025),#9050);
#6689=STYLED_ITEM('',(#7026),#9051);
#6690=STYLED_ITEM('',(#7027),#9052);
#6691=STYLED_ITEM('',(#7028),#9053);
#6692=STYLED_ITEM('',(#7029),#9054);
#6693=STYLED_ITEM('',(#7030),#9055);
#6694=STYLED_ITEM('',(#7031),#9056);
#6695=STYLED_ITEM('',(#7032),#9057);
#6696=STYLED_ITEM('',(#7033),#9058);
#6697=STYLED_ITEM('',(#7034),#9059);
#6698=STYLED_ITEM('',(#7035),#9060);
#6699=STYLED_ITEM('',(#7036),#9061);
#6700=STYLED_ITEM('',(#7037),#9062);
#6701=STYLED_ITEM('',(#7038),#9063);
#6702=STYLED_ITEM('',(#7039),#9064);
#6703=STYLED_ITEM('',(#7040),#9065);
#6704=STYLED_ITEM('',(#7041),#9066);
#6705=STYLED_ITEM('',(#7042),#9067);
#6706=STYLED_ITEM('',(#7043),#9068);
#6707=STYLED_ITEM('',(#7044),#9069);
#6708=STYLED_ITEM('',(#7045),#9070);
#6709=STYLED_ITEM('',(#7046),#9071);
#6710=STYLED_ITEM('',(#7047),#9072);
#6711=STYLED_ITEM('',(#7048),#9073);
#6712=STYLED_ITEM('',(#7049),#9074);
#6713=STYLED_ITEM('',(#7050),#9075);
#6714=STYLED_ITEM('',(#7051),#9076);
#6715=STYLED_ITEM('',(#7052),#9077);
#6716=STYLED_ITEM('',(#7053),#9078);
#6717=STYLED_ITEM('',(#7054),#9079);
#6718=STYLED_ITEM('',(#7055),#9080);
#6719=STYLED_ITEM('',(#7056),#9081);
#6720=STYLED_ITEM('',(#7057),#9082);
#6721=STYLED_ITEM('',(#7058),#9083);
#6722=STYLED_ITEM('',(#7059),#9084);
#6723=STYLED_ITEM('',(#7060),#9085);
#6724=STYLED_ITEM('',(#7061),#9086);
#6725=STYLED_ITEM('',(#7062),#9087);
#6726=STYLED_ITEM('',(#7063),#9088);
#6727=STYLED_ITEM('',(#7064),#9089);
#6728=STYLED_ITEM('',(#7065),#9090);
#6729=STYLED_ITEM('',(#7066),#9091);
#6730=STYLED_ITEM('',(#7067),#9092);
#6731=STYLED_ITEM('',(#7068),#9093);
#6732=STYLED_ITEM('',(#7069),#9094);
#6733=STYLED_ITEM('',(#7070),#9095);
#6734=STYLED_ITEM('',(#7071),#9096);
#6735=STYLED_ITEM('',(#7072),#9097);
#6736=STYLED_ITEM('',(#7073),#9098);
#6737=STYLED_ITEM('',(#7074),#9099);
#6738=STYLED_ITEM('',(#7075),#9100);
#6739=STYLED_ITEM('',(#7076),#9101);
#6740=STYLED_ITEM('',(#7077),#9102);
#6741=STYLED_ITEM('',(#7078),#9103);
#6742=STYLED_ITEM('',(#7079),#9104);
#6743=STYLED_ITEM('',(#7080),#9105);
#6744=STYLED_ITEM('',(#7081),#9106);
#6745=STYLED_ITEM('',(#7082),#9107);
#6746=STYLED_ITEM('',(#7083),#9108);
#6747=STYLED_ITEM('',(#7084),#9109);
#6748=STYLED_ITEM('',(#7085),#9110);
#6749=STYLED_ITEM('',(#7086),#9111);
#6750=STYLED_ITEM('',(#7087),#9112);
#6751=PRESENTATION_STYLE_ASSIGNMENT((#7088));
#6752=PRESENTATION_STYLE_ASSIGNMENT((#7089));
#6753=PRESENTATION_STYLE_ASSIGNMENT((#7090));
#6754=PRESENTATION_STYLE_ASSIGNMENT((#7091));
#6755=PRESENTATION_STYLE_ASSIGNMENT((#7092));
#6756=PRESENTATION_STYLE_ASSIGNMENT((#7093));
#6757=PRESENTATION_STYLE_ASSIGNMENT((#7094));
#6758=PRESENTATION_STYLE_ASSIGNMENT((#7095));
#6759=PRESENTATION_STYLE_ASSIGNMENT((#7096));
#6760=PRESENTATION_STYLE_ASSIGNMENT((#7097));
#6761=PRESENTATION_STYLE_ASSIGNMENT((#7098));
#6762=PRESENTATION_STYLE_ASSIGNMENT((#7099));
#6763=PRESENTATION_STYLE_ASSIGNMENT((#7100));
#6764=PRESENTATION_STYLE_ASSIGNMENT((#7101));
#6765=PRESENTATION_STYLE_ASSIGNMENT((#7102));
#6766=PRESENTATION_STYLE_ASSIGNMENT((#7103));
#6767=PRESENTATION_STYLE_ASSIGNMENT((#7104));
#6768=PRESENTATION_STYLE_ASSIGNMENT((#7105));
#6769=PRESENTATION_STYLE_ASSIGNMENT((#7106));
#6770=PRESENTATION_STYLE_ASSIGNMENT((#7107));
#6771=PRESENTATION_STYLE_ASSIGNMENT((#7108));
#6772=PRESENTATION_STYLE_ASSIGNMENT((#7109));
#6773=PRESENTATION_STYLE_ASSIGNMENT((#7110));
#6774=PRESENTATION_STYLE_ASSIGNMENT((#7111));
#6775=PRESENTATION_STYLE_ASSIGNMENT((#7112));
#6776=PRESENTATION_STYLE_ASSIGNMENT((#7113));
#6777=PRESENTATION_STYLE_ASSIGNMENT((#7114));
#6778=PRESENTATION_STYLE_ASSIGNMENT((#7115));
#6779=PRESENTATION_STYLE_ASSIGNMENT((#7116));
#6780=PRESENTATION_STYLE_ASSIGNMENT((#7117));
#6781=PRESENTATION_STYLE_ASSIGNMENT((#7118));
#6782=PRESENTATION_STYLE_ASSIGNMENT((#7119));
#6783=PRESENTATION_STYLE_ASSIGNMENT((#7120));
#6784=PRESENTATION_STYLE_ASSIGNMENT((#7121));
#6785=PRESENTATION_STYLE_ASSIGNMENT((#7122));
#6786=PRESENTATION_STYLE_ASSIGNMENT((#7123));
#6787=PRESENTATION_STYLE_ASSIGNMENT((#7124));
#6788=PRESENTATION_STYLE_ASSIGNMENT((#7125));
#6789=PRESENTATION_STYLE_ASSIGNMENT((#7126));
#6790=PRESENTATION_STYLE_ASSIGNMENT((#7127));
#6791=PRESENTATION_STYLE_ASSIGNMENT((#7128));
#6792=PRESENTATION_STYLE_ASSIGNMENT((#7129));
#6793=PRESENTATION_STYLE_ASSIGNMENT((#7130));
#6794=PRESENTATION_STYLE_ASSIGNMENT((#7131));
#6795=PRESENTATION_STYLE_ASSIGNMENT((#7132));
#6796=PRESENTATION_STYLE_ASSIGNMENT((#7133));
#6797=PRESENTATION_STYLE_ASSIGNMENT((#7134));
#6798=PRESENTATION_STYLE_ASSIGNMENT((#7135));
#6799=PRESENTATION_STYLE_ASSIGNMENT((#7136));
#6800=PRESENTATION_STYLE_ASSIGNMENT((#7137));
#6801=PRESENTATION_STYLE_ASSIGNMENT((#7138));
#6802=PRESENTATION_STYLE_ASSIGNMENT((#7139));
#6803=PRESENTATION_STYLE_ASSIGNMENT((#7140));
#6804=PRESENTATION_STYLE_ASSIGNMENT((#7141));
#6805=PRESENTATION_STYLE_ASSIGNMENT((#7142));
#6806=PRESENTATION_STYLE_ASSIGNMENT((#7143));
#6807=PRESENTATION_STYLE_ASSIGNMENT((#7144));
#6808=PRESENTATION_STYLE_ASSIGNMENT((#7145));
#6809=PRESENTATION_STYLE_ASSIGNMENT((#7146));
#6810=PRESENTATION_STYLE_ASSIGNMENT((#7147));
#6811=PRESENTATION_STYLE_ASSIGNMENT((#7148));
#6812=PRESENTATION_STYLE_ASSIGNMENT((#7149));
#6813=PRESENTATION_STYLE_ASSIGNMENT((#7150));
#6814=PRESENTATION_STYLE_ASSIGNMENT((#7151));
#6815=PRESENTATION_STYLE_ASSIGNMENT((#7152));
#6816=PRESENTATION_STYLE_ASSIGNMENT((#7153));
#6817=PRESENTATION_STYLE_ASSIGNMENT((#7154));
#6818=PRESENTATION_STYLE_ASSIGNMENT((#7155));
#6819=PRESENTATION_STYLE_ASSIGNMENT((#7156));
#6820=PRESENTATION_STYLE_ASSIGNMENT((#7157));
#6821=PRESENTATION_STYLE_ASSIGNMENT((#7158));
#6822=PRESENTATION_STYLE_ASSIGNMENT((#7159));
#6823=PRESENTATION_STYLE_ASSIGNMENT((#7160));
#6824=PRESENTATION_STYLE_ASSIGNMENT((#7161));
#6825=PRESENTATION_STYLE_ASSIGNMENT((#7162));
#6826=PRESENTATION_STYLE_ASSIGNMENT((#7163));
#6827=PRESENTATION_STYLE_ASSIGNMENT((#7164));
#6828=PRESENTATION_STYLE_ASSIGNMENT((#7165));
#6829=PRESENTATION_STYLE_ASSIGNMENT((#7166));
#6830=PRESENTATION_STYLE_ASSIGNMENT((#7167));
#6831=PRESENTATION_STYLE_ASSIGNMENT((#7168));
#6832=PRESENTATION_STYLE_ASSIGNMENT((#7169));
#6833=PRESENTATION_STYLE_ASSIGNMENT((#7170));
#6834=PRESENTATION_STYLE_ASSIGNMENT((#7171));
#6835=PRESENTATION_STYLE_ASSIGNMENT((#7172));
#6836=PRESENTATION_STYLE_ASSIGNMENT((#7173));
#6837=PRESENTATION_STYLE_ASSIGNMENT((#7174));
#6838=PRESENTATION_STYLE_ASSIGNMENT((#7175));
#6839=PRESENTATION_STYLE_ASSIGNMENT((#7176));
#6840=PRESENTATION_STYLE_ASSIGNMENT((#7177));
#6841=PRESENTATION_STYLE_ASSIGNMENT((#7178));
#6842=PRESENTATION_STYLE_ASSIGNMENT((#7179));
#6843=PRESENTATION_STYLE_ASSIGNMENT((#7180));
#6844=PRESENTATION_STYLE_ASSIGNMENT((#7181));
#6845=PRESENTATION_STYLE_ASSIGNMENT((#7182));
#6846=PRESENTATION_STYLE_ASSIGNMENT((#7183));
#6847=PRESENTATION_STYLE_ASSIGNMENT((#7184));
#6848=PRESENTATION_STYLE_ASSIGNMENT((#7185));
#6849=PRESENTATION_STYLE_ASSIGNMENT((#7186));
#6850=PRESENTATION_STYLE_ASSIGNMENT((#7187));
#6851=PRESENTATION_STYLE_ASSIGNMENT((#7188));
#6852=PRESENTATION_STYLE_ASSIGNMENT((#7189));
#6853=PRESENTATION_STYLE_ASSIGNMENT((#7190));
#6854=PRESENTATION_STYLE_ASSIGNMENT((#7191));
#6855=PRESENTATION_STYLE_ASSIGNMENT((#7192));
#6856=PRESENTATION_STYLE_ASSIGNMENT((#7193));
#6857=PRESENTATION_STYLE_ASSIGNMENT((#7194));
#6858=PRESENTATION_STYLE_ASSIGNMENT((#7195));
#6859=PRESENTATION_STYLE_ASSIGNMENT((#7196));
#6860=PRESENTATION_STYLE_ASSIGNMENT((#7197));
#6861=PRESENTATION_STYLE_ASSIGNMENT((#7198));
#6862=PRESENTATION_STYLE_ASSIGNMENT((#7199));
#6863=PRESENTATION_STYLE_ASSIGNMENT((#7200));
#6864=PRESENTATION_STYLE_ASSIGNMENT((#7201));
#6865=PRESENTATION_STYLE_ASSIGNMENT((#7202));
#6866=PRESENTATION_STYLE_ASSIGNMENT((#7203));
#6867=PRESENTATION_STYLE_ASSIGNMENT((#7204));
#6868=PRESENTATION_STYLE_ASSIGNMENT((#7205));
#6869=PRESENTATION_STYLE_ASSIGNMENT((#7206));
#6870=PRESENTATION_STYLE_ASSIGNMENT((#7207));
#6871=PRESENTATION_STYLE_ASSIGNMENT((#7208));
#6872=PRESENTATION_STYLE_ASSIGNMENT((#7209));
#6873=PRESENTATION_STYLE_ASSIGNMENT((#7210));
#6874=PRESENTATION_STYLE_ASSIGNMENT((#7211));
#6875=PRESENTATION_STYLE_ASSIGNMENT((#7212));
#6876=PRESENTATION_STYLE_ASSIGNMENT((#7213));
#6877=PRESENTATION_STYLE_ASSIGNMENT((#7214));
#6878=PRESENTATION_STYLE_ASSIGNMENT((#7215));
#6879=PRESENTATION_STYLE_ASSIGNMENT((#7216));
#6880=PRESENTATION_STYLE_ASSIGNMENT((#7217));
#6881=PRESENTATION_STYLE_ASSIGNMENT((#7218));
#6882=PRESENTATION_STYLE_ASSIGNMENT((#7219));
#6883=PRESENTATION_STYLE_ASSIGNMENT((#7220));
#6884=PRESENTATION_STYLE_ASSIGNMENT((#7221));
#6885=PRESENTATION_STYLE_ASSIGNMENT((#7222));
#6886=PRESENTATION_STYLE_ASSIGNMENT((#7223));
#6887=PRESENTATION_STYLE_ASSIGNMENT((#7224));
#6888=PRESENTATION_STYLE_ASSIGNMENT((#7225));
#6889=PRESENTATION_STYLE_ASSIGNMENT((#7226));
#6890=PRESENTATION_STYLE_ASSIGNMENT((#7227));
#6891=PRESENTATION_STYLE_ASSIGNMENT((#7228));
#6892=PRESENTATION_STYLE_ASSIGNMENT((#7229));
#6893=PRESENTATION_STYLE_ASSIGNMENT((#7230));
#6894=PRESENTATION_STYLE_ASSIGNMENT((#7231));
#6895=PRESENTATION_STYLE_ASSIGNMENT((#7232));
#6896=PRESENTATION_STYLE_ASSIGNMENT((#7233));
#6897=PRESENTATION_STYLE_ASSIGNMENT((#7234));
#6898=PRESENTATION_STYLE_ASSIGNMENT((#7235));
#6899=PRESENTATION_STYLE_ASSIGNMENT((#7236));
#6900=PRESENTATION_STYLE_ASSIGNMENT((#7237));
#6901=PRESENTATION_STYLE_ASSIGNMENT((#7238));
#6902=PRESENTATION_STYLE_ASSIGNMENT((#7239));
#6903=PRESENTATION_STYLE_ASSIGNMENT((#7240));
#6904=PRESENTATION_STYLE_ASSIGNMENT((#7241));
#6905=PRESENTATION_STYLE_ASSIGNMENT((#7242));
#6906=PRESENTATION_STYLE_ASSIGNMENT((#7243));
#6907=PRESENTATION_STYLE_ASSIGNMENT((#7244));
#6908=PRESENTATION_STYLE_ASSIGNMENT((#7245));
#6909=PRESENTATION_STYLE_ASSIGNMENT((#7246));
#6910=PRESENTATION_STYLE_ASSIGNMENT((#7247));
#6911=PRESENTATION_STYLE_ASSIGNMENT((#7248));
#6912=PRESENTATION_STYLE_ASSIGNMENT((#7249));
#6913=PRESENTATION_STYLE_ASSIGNMENT((#7250));
#6914=PRESENTATION_STYLE_ASSIGNMENT((#7251));
#6915=PRESENTATION_STYLE_ASSIGNMENT((#7252));
#6916=PRESENTATION_STYLE_ASSIGNMENT((#7253));
#6917=PRESENTATION_STYLE_ASSIGNMENT((#7254));
#6918=PRESENTATION_STYLE_ASSIGNMENT((#7255));
#6919=PRESENTATION_STYLE_ASSIGNMENT((#7256));
#6920=PRESENTATION_STYLE_ASSIGNMENT((#7257));
#6921=PRESENTATION_STYLE_ASSIGNMENT((#7258));
#6922=PRESENTATION_STYLE_ASSIGNMENT((#7259));
#6923=PRESENTATION_STYLE_ASSIGNMENT((#7260));
#6924=PRESENTATION_STYLE_ASSIGNMENT((#7261));
#6925=PRESENTATION_STYLE_ASSIGNMENT((#7262));
#6926=PRESENTATION_STYLE_ASSIGNMENT((#7263));
#6927=PRESENTATION_STYLE_ASSIGNMENT((#7264));
#6928=PRESENTATION_STYLE_ASSIGNMENT((#7265));
#6929=PRESENTATION_STYLE_ASSIGNMENT((#7266));
#6930=PRESENTATION_STYLE_ASSIGNMENT((#7267));
#6931=PRESENTATION_STYLE_ASSIGNMENT((#7268));
#6932=PRESENTATION_STYLE_ASSIGNMENT((#7269));
#6933=PRESENTATION_STYLE_ASSIGNMENT((#7270));
#6934=PRESENTATION_STYLE_ASSIGNMENT((#7271));
#6935=PRESENTATION_STYLE_ASSIGNMENT((#7272));
#6936=PRESENTATION_STYLE_ASSIGNMENT((#7273));
#6937=PRESENTATION_STYLE_ASSIGNMENT((#7274));
#6938=PRESENTATION_STYLE_ASSIGNMENT((#7275));
#6939=PRESENTATION_STYLE_ASSIGNMENT((#7276));
#6940=PRESENTATION_STYLE_ASSIGNMENT((#7277));
#6941=PRESENTATION_STYLE_ASSIGNMENT((#7278));
#6942=PRESENTATION_STYLE_ASSIGNMENT((#7279));
#6943=PRESENTATION_STYLE_ASSIGNMENT((#7280));
#6944=PRESENTATION_STYLE_ASSIGNMENT((#7281));
#6945=PRESENTATION_STYLE_ASSIGNMENT((#7282));
#6946=PRESENTATION_STYLE_ASSIGNMENT((#7283));
#6947=PRESENTATION_STYLE_ASSIGNMENT((#7284));
#6948=PRESENTATION_STYLE_ASSIGNMENT((#7285));
#6949=PRESENTATION_STYLE_ASSIGNMENT((#7286));
#6950=PRESENTATION_STYLE_ASSIGNMENT((#7287));
#6951=PRESENTATION_STYLE_ASSIGNMENT((#7288));
#6952=PRESENTATION_STYLE_ASSIGNMENT((#7289));
#6953=PRESENTATION_STYLE_ASSIGNMENT((#7290));
#6954=PRESENTATION_STYLE_ASSIGNMENT((#7291));
#6955=PRESENTATION_STYLE_ASSIGNMENT((#7292));
#6956=PRESENTATION_STYLE_ASSIGNMENT((#7293));
#6957=PRESENTATION_STYLE_ASSIGNMENT((#7294));
#6958=PRESENTATION_STYLE_ASSIGNMENT((#7295));
#6959=PRESENTATION_STYLE_ASSIGNMENT((#7296));
#6960=PRESENTATION_STYLE_ASSIGNMENT((#7297));
#6961=PRESENTATION_STYLE_ASSIGNMENT((#7298));
#6962=PRESENTATION_STYLE_ASSIGNMENT((#7299));
#6963=PRESENTATION_STYLE_ASSIGNMENT((#7300));
#6964=PRESENTATION_STYLE_ASSIGNMENT((#7301));
#6965=PRESENTATION_STYLE_ASSIGNMENT((#7302));
#6966=PRESENTATION_STYLE_ASSIGNMENT((#7303));
#6967=PRESENTATION_STYLE_ASSIGNMENT((#7304));
#6968=PRESENTATION_STYLE_ASSIGNMENT((#7305));
#6969=PRESENTATION_STYLE_ASSIGNMENT((#7306));
#6970=PRESENTATION_STYLE_ASSIGNMENT((#7307));
#6971=PRESENTATION_STYLE_ASSIGNMENT((#7308));
#6972=PRESENTATION_STYLE_ASSIGNMENT((#7309));
#6973=PRESENTATION_STYLE_ASSIGNMENT((#7310));
#6974=PRESENTATION_STYLE_ASSIGNMENT((#7311));
#6975=PRESENTATION_STYLE_ASSIGNMENT((#7312));
#6976=PRESENTATION_STYLE_ASSIGNMENT((#7313));
#6977=PRESENTATION_STYLE_ASSIGNMENT((#7314));
#6978=PRESENTATION_STYLE_ASSIGNMENT((#7315));
#6979=PRESENTATION_STYLE_ASSIGNMENT((#7316));
#6980=PRESENTATION_STYLE_ASSIGNMENT((#7317));
#6981=PRESENTATION_STYLE_ASSIGNMENT((#7318));
#6982=PRESENTATION_STYLE_ASSIGNMENT((#7319));
#6983=PRESENTATION_STYLE_ASSIGNMENT((#7320));
#6984=PRESENTATION_STYLE_ASSIGNMENT((#7321));
#6985=PRESENTATION_STYLE_ASSIGNMENT((#7322));
#6986=PRESENTATION_STYLE_ASSIGNMENT((#7323));
#6987=PRESENTATION_STYLE_ASSIGNMENT((#7324));
#6988=PRESENTATION_STYLE_ASSIGNMENT((#7325));
#6989=PRESENTATION_STYLE_ASSIGNMENT((#7326));
#6990=PRESENTATION_STYLE_ASSIGNMENT((#7327));
#6991=PRESENTATION_STYLE_ASSIGNMENT((#7328));
#6992=PRESENTATION_STYLE_ASSIGNMENT((#7329));
#6993=PRESENTATION_STYLE_ASSIGNMENT((#7330));
#6994=PRESENTATION_STYLE_ASSIGNMENT((#7331));
#6995=PRESENTATION_STYLE_ASSIGNMENT((#7332));
#6996=PRESENTATION_STYLE_ASSIGNMENT((#7333));
#6997=PRESENTATION_STYLE_ASSIGNMENT((#7334));
#6998=PRESENTATION_STYLE_ASSIGNMENT((#7335));
#6999=PRESENTATION_STYLE_ASSIGNMENT((#7336));
#7000=PRESENTATION_STYLE_ASSIGNMENT((#7337));
#7001=PRESENTATION_STYLE_ASSIGNMENT((#7338));
#7002=PRESENTATION_STYLE_ASSIGNMENT((#7339));
#7003=PRESENTATION_STYLE_ASSIGNMENT((#7340));
#7004=PRESENTATION_STYLE_ASSIGNMENT((#7341));
#7005=PRESENTATION_STYLE_ASSIGNMENT((#7342));
#7006=PRESENTATION_STYLE_ASSIGNMENT((#7343));
#7007=PRESENTATION_STYLE_ASSIGNMENT((#7344));
#7008=PRESENTATION_STYLE_ASSIGNMENT((#7345));
#7009=PRESENTATION_STYLE_ASSIGNMENT((#7346));
#7010=PRESENTATION_STYLE_ASSIGNMENT((#7347));
#7011=PRESENTATION_STYLE_ASSIGNMENT((#7348));
#7012=PRESENTATION_STYLE_ASSIGNMENT((#7349));
#7013=PRESENTATION_STYLE_ASSIGNMENT((#7350));
#7014=PRESENTATION_STYLE_ASSIGNMENT((#7351));
#7015=PRESENTATION_STYLE_ASSIGNMENT((#7352));
#7016=PRESENTATION_STYLE_ASSIGNMENT((#7353));
#7017=PRESENTATION_STYLE_ASSIGNMENT((#7354));
#7018=PRESENTATION_STYLE_ASSIGNMENT((#7355));
#7019=PRESENTATION_STYLE_ASSIGNMENT((#7356));
#7020=PRESENTATION_STYLE_ASSIGNMENT((#7357));
#7021=PRESENTATION_STYLE_ASSIGNMENT((#7358));
#7022=PRESENTATION_STYLE_ASSIGNMENT((#7359));
#7023=PRESENTATION_STYLE_ASSIGNMENT((#7360));
#7024=PRESENTATION_STYLE_ASSIGNMENT((#7361));
#7025=PRESENTATION_STYLE_ASSIGNMENT((#7362));
#7026=PRESENTATION_STYLE_ASSIGNMENT((#7363));
#7027=PRESENTATION_STYLE_ASSIGNMENT((#7364));
#7028=PRESENTATION_STYLE_ASSIGNMENT((#7365));
#7029=PRESENTATION_STYLE_ASSIGNMENT((#7366));
#7030=PRESENTATION_STYLE_ASSIGNMENT((#7367));
#7031=PRESENTATION_STYLE_ASSIGNMENT((#7368));
#7032=PRESENTATION_STYLE_ASSIGNMENT((#7369));
#7033=PRESENTATION_STYLE_ASSIGNMENT((#7370));
#7034=PRESENTATION_STYLE_ASSIGNMENT((#7371));
#7035=PRESENTATION_STYLE_ASSIGNMENT((#7372));
#7036=PRESENTATION_STYLE_ASSIGNMENT((#7373));
#7037=PRESENTATION_STYLE_ASSIGNMENT((#7374));
#7038=PRESENTATION_STYLE_ASSIGNMENT((#7375));
#7039=PRESENTATION_STYLE_ASSIGNMENT((#7376));
#7040=PRESENTATION_STYLE_ASSIGNMENT((#7377));
#7041=PRESENTATION_STYLE_ASSIGNMENT((#7378));
#7042=PRESENTATION_STYLE_ASSIGNMENT((#7379));
#7043=PRESENTATION_STYLE_ASSIGNMENT((#7380));
#7044=PRESENTATION_STYLE_ASSIGNMENT((#7381));
#7045=PRESENTATION_STYLE_ASSIGNMENT((#7382));
#7046=PRESENTATION_STYLE_ASSIGNMENT((#7383));
#7047=PRESENTATION_STYLE_ASSIGNMENT((#7384));
#7048=PRESENTATION_STYLE_ASSIGNMENT((#7385));
#7049=PRESENTATION_STYLE_ASSIGNMENT((#7386));
#7050=PRESENTATION_STYLE_ASSIGNMENT((#7387));
#7051=PRESENTATION_STYLE_ASSIGNMENT((#7388));
#7052=PRESENTATION_STYLE_ASSIGNMENT((#7389));
#7053=PRESENTATION_STYLE_ASSIGNMENT((#7390));
#7054=PRESENTATION_STYLE_ASSIGNMENT((#7391));
#7055=PRESENTATION_STYLE_ASSIGNMENT((#7392));
#7056=PRESENTATION_STYLE_ASSIGNMENT((#7393));
#7057=PRESENTATION_STYLE_ASSIGNMENT((#7394));
#7058=PRESENTATION_STYLE_ASSIGNMENT((#7395));
#7059=PRESENTATION_STYLE_ASSIGNMENT((#7396));
#7060=PRESENTATION_STYLE_ASSIGNMENT((#7397));
#7061=PRESENTATION_STYLE_ASSIGNMENT((#7398));
#7062=PRESENTATION_STYLE_ASSIGNMENT((#7399));
#7063=PRESENTATION_STYLE_ASSIGNMENT((#7400));
#7064=PRESENTATION_STYLE_ASSIGNMENT((#7401));
#7065=PRESENTATION_STYLE_ASSIGNMENT((#7402));
#7066=PRESENTATION_STYLE_ASSIGNMENT((#7403));
#7067=PRESENTATION_STYLE_ASSIGNMENT((#7404));
#7068=PRESENTATION_STYLE_ASSIGNMENT((#7405));
#7069=PRESENTATION_STYLE_ASSIGNMENT((#7406));
#7070=PRESENTATION_STYLE_ASSIGNMENT((#7407));
#7071=PRESENTATION_STYLE_ASSIGNMENT((#7408));
#7072=PRESENTATION_STYLE_ASSIGNMENT((#7409));
#7073=PRESENTATION_STYLE_ASSIGNMENT((#7410));
#7074=PRESENTATION_STYLE_ASSIGNMENT((#7411));
#7075=PRESENTATION_STYLE_ASSIGNMENT((#7412));
#7076=PRESENTATION_STYLE_ASSIGNMENT((#7413));
#7077=PRESENTATION_STYLE_ASSIGNMENT((#7414));
#7078=PRESENTATION_STYLE_ASSIGNMENT((#7415));
#7079=PRESENTATION_STYLE_ASSIGNMENT((#7416));
#7080=PRESENTATION_STYLE_ASSIGNMENT((#7417));
#7081=PRESENTATION_STYLE_ASSIGNMENT((#7418));
#7082=PRESENTATION_STYLE_ASSIGNMENT((#7419));
#7083=PRESENTATION_STYLE_ASSIGNMENT((#7420));
#7084=PRESENTATION_STYLE_ASSIGNMENT((#7421));
#7085=PRESENTATION_STYLE_ASSIGNMENT((#7422));
#7086=PRESENTATION_STYLE_ASSIGNMENT((#7423));
#7087=PRESENTATION_STYLE_ASSIGNMENT((#7424));
#7088=SURFACE_STYLE_USAGE(.BOTH.,#7425);
#7089=SURFACE_STYLE_USAGE(.BOTH.,#7426);
#7090=SURFACE_STYLE_USAGE(.BOTH.,#7427);
#7091=SURFACE_STYLE_USAGE(.BOTH.,#7428);
#7092=SURFACE_STYLE_USAGE(.BOTH.,#7429);
#7093=SURFACE_STYLE_USAGE(.BOTH.,#7430);
#7094=SURFACE_STYLE_USAGE(.BOTH.,#7431);
#7095=SURFACE_STYLE_USAGE(.BOTH.,#7432);
#7096=SURFACE_STYLE_USAGE(.BOTH.,#7433);
#7097=SURFACE_STYLE_USAGE(.BOTH.,#7434);
#7098=SURFACE_STYLE_USAGE(.BOTH.,#7435);
#7099=SURFACE_STYLE_USAGE(.BOTH.,#7436);
#7100=SURFACE_STYLE_USAGE(.BOTH.,#7437);
#7101=SURFACE_STYLE_USAGE(.BOTH.,#7438);
#7102=SURFACE_STYLE_USAGE(.BOTH.,#7439);
#7103=SURFACE_STYLE_USAGE(.BOTH.,#7440);
#7104=SURFACE_STYLE_USAGE(.BOTH.,#7441);
#7105=SURFACE_STYLE_USAGE(.BOTH.,#7442);
#7106=SURFACE_STYLE_USAGE(.BOTH.,#7443);
#7107=SURFACE_STYLE_USAGE(.BOTH.,#7444);
#7108=SURFACE_STYLE_USAGE(.BOTH.,#7445);
#7109=SURFACE_STYLE_USAGE(.BOTH.,#7446);
#7110=SURFACE_STYLE_USAGE(.BOTH.,#7447);
#7111=SURFACE_STYLE_USAGE(.BOTH.,#7448);
#7112=SURFACE_STYLE_USAGE(.BOTH.,#7449);
#7113=SURFACE_STYLE_USAGE(.BOTH.,#7450);
#7114=SURFACE_STYLE_USAGE(.BOTH.,#7451);
#7115=SURFACE_STYLE_USAGE(.BOTH.,#7452);
#7116=SURFACE_STYLE_USAGE(.BOTH.,#7453);
#7117=SURFACE_STYLE_USAGE(.BOTH.,#7454);
#7118=SURFACE_STYLE_USAGE(.BOTH.,#7455);
#7119=SURFACE_STYLE_USAGE(.BOTH.,#7456);
#7120=SURFACE_STYLE_USAGE(.BOTH.,#7457);
#7121=SURFACE_STYLE_USAGE(.BOTH.,#7458);
#7122=SURFACE_STYLE_USAGE(.BOTH.,#7459);
#7123=SURFACE_STYLE_USAGE(.BOTH.,#7460);
#7124=SURFACE_STYLE_USAGE(.BOTH.,#7461);
#7125=SURFACE_STYLE_USAGE(.BOTH.,#7462);
#7126=SURFACE_STYLE_USAGE(.BOTH.,#7463);
#7127=SURFACE_STYLE_USAGE(.BOTH.,#7464);
#7128=SURFACE_STYLE_USAGE(.BOTH.,#7465);
#7129=SURFACE_STYLE_USAGE(.BOTH.,#7466);
#7130=SURFACE_STYLE_USAGE(.BOTH.,#7467);
#7131=SURFACE_STYLE_USAGE(.BOTH.,#7468);
#7132=SURFACE_STYLE_USAGE(.BOTH.,#7469);
#7133=SURFACE_STYLE_USAGE(.BOTH.,#7470);
#7134=SURFACE_STYLE_USAGE(.BOTH.,#7471);
#7135=SURFACE_STYLE_USAGE(.BOTH.,#7472);
#7136=SURFACE_STYLE_USAGE(.BOTH.,#7473);
#7137=SURFACE_STYLE_USAGE(.BOTH.,#7474);
#7138=SURFACE_STYLE_USAGE(.BOTH.,#7475);
#7139=SURFACE_STYLE_USAGE(.BOTH.,#7476);
#7140=SURFACE_STYLE_USAGE(.BOTH.,#7477);
#7141=SURFACE_STYLE_USAGE(.BOTH.,#7478);
#7142=SURFACE_STYLE_USAGE(.BOTH.,#7479);
#7143=SURFACE_STYLE_USAGE(.BOTH.,#7480);
#7144=SURFACE_STYLE_USAGE(.BOTH.,#7481);
#7145=SURFACE_STYLE_USAGE(.BOTH.,#7482);
#7146=SURFACE_STYLE_USAGE(.BOTH.,#7483);
#7147=SURFACE_STYLE_USAGE(.BOTH.,#7484);
#7148=SURFACE_STYLE_USAGE(.BOTH.,#7485);
#7149=SURFACE_STYLE_USAGE(.BOTH.,#7486);
#7150=SURFACE_STYLE_USAGE(.BOTH.,#7487);
#7151=SURFACE_STYLE_USAGE(.BOTH.,#7488);
#7152=SURFACE_STYLE_USAGE(.BOTH.,#7489);
#7153=SURFACE_STYLE_USAGE(.BOTH.,#7490);
#7154=SURFACE_STYLE_USAGE(.BOTH.,#7491);
#7155=SURFACE_STYLE_USAGE(.BOTH.,#7492);
#7156=SURFACE_STYLE_USAGE(.BOTH.,#7493);
#7157=SURFACE_STYLE_USAGE(.BOTH.,#7494);
#7158=SURFACE_STYLE_USAGE(.BOTH.,#7495);
#7159=SURFACE_STYLE_USAGE(.BOTH.,#7496);
#7160=SURFACE_STYLE_USAGE(.BOTH.,#7497);
#7161=SURFACE_STYLE_USAGE(.BOTH.,#7498);
#7162=SURFACE_STYLE_USAGE(.BOTH.,#7499);
#7163=SURFACE_STYLE_USAGE(.BOTH.,#7500);
#7164=SURFACE_STYLE_USAGE(.BOTH.,#7501);
#7165=SURFACE_STYLE_USAGE(.BOTH.,#7502);
#7166=SURFACE_STYLE_USAGE(.BOTH.,#7503);
#7167=SURFACE_STYLE_USAGE(.BOTH.,#7504);
#7168=SURFACE_STYLE_USAGE(.BOTH.,#7505);
#7169=SURFACE_STYLE_USAGE(.BOTH.,#7506);
#7170=SURFACE_STYLE_USAGE(.BOTH.,#7507);
#7171=SURFACE_STYLE_USAGE(.BOTH.,#7508);
#7172=SURFACE_STYLE_USAGE(.BOTH.,#7509);
#7173=SURFACE_STYLE_USAGE(.BOTH.,#7510);
#7174=SURFACE_STYLE_USAGE(.BOTH.,#7511);
#7175=SURFACE_STYLE_USAGE(.BOTH.,#7512);
#7176=SURFACE_STYLE_USAGE(.BOTH.,#7513);
#7177=SURFACE_STYLE_USAGE(.BOTH.,#7514);
#7178=SURFACE_STYLE_USAGE(.BOTH.,#7515);
#7179=SURFACE_STYLE_USAGE(.BOTH.,#7516);
#7180=SURFACE_STYLE_USAGE(.BOTH.,#7517);
#7181=SURFACE_STYLE_USAGE(.BOTH.,#7518);
#7182=SURFACE_STYLE_USAGE(.BOTH.,#7519);
#7183=SURFACE_STYLE_USAGE(.BOTH.,#7520);
#7184=SURFACE_STYLE_USAGE(.BOTH.,#7521);
#7185=SURFACE_STYLE_USAGE(.BOTH.,#7522);
#7186=SURFACE_STYLE_USAGE(.BOTH.,#7523);
#7187=SURFACE_STYLE_USAGE(.BOTH.,#7524);
#7188=SURFACE_STYLE_USAGE(.BOTH.,#7525);
#7189=SURFACE_STYLE_USAGE(.BOTH.,#7526);
#7190=SURFACE_STYLE_USAGE(.BOTH.,#7527);
#7191=SURFACE_STYLE_USAGE(.BOTH.,#7528);
#7192=SURFACE_STYLE_USAGE(.BOTH.,#7529);
#7193=SURFACE_STYLE_USAGE(.BOTH.,#7530);
#7194=SURFACE_STYLE_USAGE(.BOTH.,#7531);
#7195=SURFACE_STYLE_USAGE(.BOTH.,#7532);
#7196=SURFACE_STYLE_USAGE(.BOTH.,#7533);
#7197=SURFACE_STYLE_USAGE(.BOTH.,#7534);
#7198=SURFACE_STYLE_USAGE(.BOTH.,#7535);
#7199=SURFACE_STYLE_USAGE(.BOTH.,#7536);
#7200=SURFACE_STYLE_USAGE(.BOTH.,#7537);
#7201=SURFACE_STYLE_USAGE(.BOTH.,#7538);
#7202=SURFACE_STYLE_USAGE(.BOTH.,#7539);
#7203=SURFACE_STYLE_USAGE(.BOTH.,#7540);
#7204=SURFACE_STYLE_USAGE(.BOTH.,#7541);
#7205=SURFACE_STYLE_USAGE(.BOTH.,#7542);
#7206=SURFACE_STYLE_USAGE(.BOTH.,#7543);
#7207=SURFACE_STYLE_USAGE(.BOTH.,#7544);
#7208=SURFACE_STYLE_USAGE(.BOTH.,#7545);
#7209=SURFACE_STYLE_USAGE(.BOTH.,#7546);
#7210=SURFACE_STYLE_USAGE(.BOTH.,#7547);
#7211=SURFACE_STYLE_USAGE(.BOTH.,#7548);
#7212=SURFACE_STYLE_USAGE(.BOTH.,#7549);
#7213=SURFACE_STYLE_USAGE(.BOTH.,#7550);
#7214=SURFACE_STYLE_USAGE(.BOTH.,#7551);
#7215=SURFACE_STYLE_USAGE(.BOTH.,#7552);
#7216=SURFACE_STYLE_USAGE(.BOTH.,#7553);
#7217=SURFACE_STYLE_USAGE(.BOTH.,#7554);
#7218=SURFACE_STYLE_USAGE(.BOTH.,#7555);
#7219=SURFACE_STYLE_USAGE(.BOTH.,#7556);
#7220=SURFACE_STYLE_USAGE(.BOTH.,#7557);
#7221=SURFACE_STYLE_USAGE(.BOTH.,#7558);
#7222=SURFACE_STYLE_USAGE(.BOTH.,#7559);
#7223=SURFACE_STYLE_USAGE(.BOTH.,#7560);
#7224=SURFACE_STYLE_USAGE(.BOTH.,#7561);
#7225=SURFACE_STYLE_USAGE(.BOTH.,#7562);
#7226=SURFACE_STYLE_USAGE(.BOTH.,#7563);
#7227=SURFACE_STYLE_USAGE(.BOTH.,#7564);
#7228=SURFACE_STYLE_USAGE(.BOTH.,#7565);
#7229=SURFACE_STYLE_USAGE(.BOTH.,#7566);
#7230=SURFACE_STYLE_USAGE(.BOTH.,#7567);
#7231=SURFACE_STYLE_USAGE(.BOTH.,#7568);
#7232=SURFACE_STYLE_USAGE(.BOTH.,#7569);
#7233=SURFACE_STYLE_USAGE(.BOTH.,#7570);
#7234=SURFACE_STYLE_USAGE(.BOTH.,#7571);
#7235=SURFACE_STYLE_USAGE(.BOTH.,#7572);
#7236=SURFACE_STYLE_USAGE(.BOTH.,#7573);
#7237=SURFACE_STYLE_USAGE(.BOTH.,#7574);
#7238=SURFACE_STYLE_USAGE(.BOTH.,#7575);
#7239=SURFACE_STYLE_USAGE(.BOTH.,#7576);
#7240=SURFACE_STYLE_USAGE(.BOTH.,#7577);
#7241=SURFACE_STYLE_USAGE(.BOTH.,#7578);
#7242=SURFACE_STYLE_USAGE(.BOTH.,#7579);
#7243=SURFACE_STYLE_USAGE(.BOTH.,#7580);
#7244=SURFACE_STYLE_USAGE(.BOTH.,#7581);
#7245=SURFACE_STYLE_USAGE(.BOTH.,#7582);
#7246=SURFACE_STYLE_USAGE(.BOTH.,#7583);
#7247=SURFACE_STYLE_USAGE(.BOTH.,#7584);
#7248=SURFACE_STYLE_USAGE(.BOTH.,#7585);
#7249=SURFACE_STYLE_USAGE(.BOTH.,#7586);
#7250=SURFACE_STYLE_USAGE(.BOTH.,#7587);
#7251=SURFACE_STYLE_USAGE(.BOTH.,#7588);
#7252=SURFACE_STYLE_USAGE(.BOTH.,#7589);
#7253=SURFACE_STYLE_USAGE(.BOTH.,#7590);
#7254=SURFACE_STYLE_USAGE(.BOTH.,#7591);
#7255=SURFACE_STYLE_USAGE(.BOTH.,#7592);
#7256=SURFACE_STYLE_USAGE(.BOTH.,#7593);
#7257=SURFACE_STYLE_USAGE(.BOTH.,#7594);
#7258=SURFACE_STYLE_USAGE(.BOTH.,#7595);
#7259=SURFACE_STYLE_USAGE(.BOTH.,#7596);
#7260=SURFACE_STYLE_USAGE(.BOTH.,#7597);
#7261=SURFACE_STYLE_USAGE(.BOTH.,#7598);
#7262=SURFACE_STYLE_USAGE(.BOTH.,#7599);
#7263=SURFACE_STYLE_USAGE(.BOTH.,#7600);
#7264=SURFACE_STYLE_USAGE(.BOTH.,#7601);
#7265=SURFACE_STYLE_USAGE(.BOTH.,#7602);
#7266=SURFACE_STYLE_USAGE(.BOTH.,#7603);
#7267=SURFACE_STYLE_USAGE(.BOTH.,#7604);
#7268=SURFACE_STYLE_USAGE(.BOTH.,#7605);
#7269=SURFACE_STYLE_USAGE(.BOTH.,#7606);
#7270=SURFACE_STYLE_USAGE(.BOTH.,#7607);
#7271=SURFACE_STYLE_USAGE(.BOTH.,#7608);
#7272=SURFACE_STYLE_USAGE(.BOTH.,#7609);
#7273=SURFACE_STYLE_USAGE(.BOTH.,#7610);
#7274=SURFACE_STYLE_USAGE(.BOTH.,#7611);
#7275=SURFACE_STYLE_USAGE(.BOTH.,#7612);
#7276=SURFACE_STYLE_USAGE(.BOTH.,#7613);
#7277=SURFACE_STYLE_USAGE(.BOTH.,#7614);
#7278=SURFACE_STYLE_USAGE(.BOTH.,#7615);
#7279=SURFACE_STYLE_USAGE(.BOTH.,#7616);
#7280=SURFACE_STYLE_USAGE(.BOTH.,#7617);
#7281=SURFACE_STYLE_USAGE(.BOTH.,#7618);
#7282=SURFACE_STYLE_USAGE(.BOTH.,#7619);
#7283=SURFACE_STYLE_USAGE(.BOTH.,#7620);
#7284=SURFACE_STYLE_USAGE(.BOTH.,#7621);
#7285=SURFACE_STYLE_USAGE(.BOTH.,#7622);
#7286=SURFACE_STYLE_USAGE(.BOTH.,#7623);
#7287=SURFACE_STYLE_USAGE(.BOTH.,#7624);
#7288=SURFACE_STYLE_USAGE(.BOTH.,#7625);
#7289=SURFACE_STYLE_USAGE(.BOTH.,#7626);
#7290=SURFACE_STYLE_USAGE(.BOTH.,#7627);
#7291=SURFACE_STYLE_USAGE(.BOTH.,#7628);
#7292=SURFACE_STYLE_USAGE(.BOTH.,#7629);
#7293=SURFACE_STYLE_USAGE(.BOTH.,#7630);
#7294=SURFACE_STYLE_USAGE(.BOTH.,#7631);
#7295=SURFACE_STYLE_USAGE(.BOTH.,#7632);
#7296=SURFACE_STYLE_USAGE(.BOTH.,#7633);
#7297=SURFACE_STYLE_USAGE(.BOTH.,#7634);
#7298=SURFACE_STYLE_USAGE(.BOTH.,#7635);
#7299=SURFACE_STYLE_USAGE(.BOTH.,#7636);
#7300=SURFACE_STYLE_USAGE(.BOTH.,#7637);
#7301=SURFACE_STYLE_USAGE(.BOTH.,#7638);
#7302=SURFACE_STYLE_USAGE(.BOTH.,#7639);
#7303=SURFACE_STYLE_USAGE(.BOTH.,#7640);
#7304=SURFACE_STYLE_USAGE(.BOTH.,#7641);
#7305=SURFACE_STYLE_USAGE(.BOTH.,#7642);
#7306=SURFACE_STYLE_USAGE(.BOTH.,#7643);
#7307=SURFACE_STYLE_USAGE(.BOTH.,#7644);
#7308=SURFACE_STYLE_USAGE(.BOTH.,#7645);
#7309=SURFACE_STYLE_USAGE(.BOTH.,#7646);
#7310=SURFACE_STYLE_USAGE(.BOTH.,#7647);
#7311=SURFACE_STYLE_USAGE(.BOTH.,#7648);
#7312=SURFACE_STYLE_USAGE(.BOTH.,#7649);
#7313=SURFACE_STYLE_USAGE(.BOTH.,#7650);
#7314=SURFACE_STYLE_USAGE(.BOTH.,#7651);
#7315=SURFACE_STYLE_USAGE(.BOTH.,#7652);
#7316=SURFACE_STYLE_USAGE(.BOTH.,#7653);
#7317=SURFACE_STYLE_USAGE(.BOTH.,#7654);
#7318=SURFACE_STYLE_USAGE(.BOTH.,#7655);
#7319=SURFACE_STYLE_USAGE(.BOTH.,#7656);
#7320=SURFACE_STYLE_USAGE(.BOTH.,#7657);
#7321=SURFACE_STYLE_USAGE(.BOTH.,#7658);
#7322=SURFACE_STYLE_USAGE(.BOTH.,#7659);
#7323=SURFACE_STYLE_USAGE(.BOTH.,#7660);
#7324=SURFACE_STYLE_USAGE(.BOTH.,#7661);
#7325=SURFACE_STYLE_USAGE(.BOTH.,#7662);
#7326=SURFACE_STYLE_USAGE(.BOTH.,#7663);
#7327=SURFACE_STYLE_USAGE(.BOTH.,#7664);
#7328=SURFACE_STYLE_USAGE(.BOTH.,#7665);
#7329=SURFACE_STYLE_USAGE(.BOTH.,#7666);
#7330=SURFACE_STYLE_USAGE(.BOTH.,#7667);
#7331=SURFACE_STYLE_USAGE(.BOTH.,#7668);
#7332=SURFACE_STYLE_USAGE(.BOTH.,#7669);
#7333=SURFACE_STYLE_USAGE(.BOTH.,#7670);
#7334=SURFACE_STYLE_USAGE(.BOTH.,#7671);
#7335=SURFACE_STYLE_USAGE(.BOTH.,#7672);
#7336=SURFACE_STYLE_USAGE(.BOTH.,#7673);
#7337=SURFACE_STYLE_USAGE(.BOTH.,#7674);
#7338=SURFACE_STYLE_USAGE(.BOTH.,#7675);
#7339=SURFACE_STYLE_USAGE(.BOTH.,#7676);
#7340=SURFACE_STYLE_USAGE(.BOTH.,#7677);
#7341=SURFACE_STYLE_USAGE(.BOTH.,#7678);
#7342=SURFACE_STYLE_USAGE(.BOTH.,#7679);
#7343=SURFACE_STYLE_USAGE(.BOTH.,#7680);
#7344=SURFACE_STYLE_USAGE(.BOTH.,#7681);
#7345=SURFACE_STYLE_USAGE(.BOTH.,#7682);
#7346=SURFACE_STYLE_USAGE(.BOTH.,#7683);
#7347=SURFACE_STYLE_USAGE(.BOTH.,#7684);
#7348=SURFACE_STYLE_USAGE(.BOTH.,#7685);
#7349=SURFACE_STYLE_USAGE(.BOTH.,#7686);
#7350=SURFACE_STYLE_USAGE(.BOTH.,#7687);
#7351=SURFACE_STYLE_USAGE(.BOTH.,#7688);
#7352=SURFACE_STYLE_USAGE(.BOTH.,#7689);
#7353=SURFACE_STYLE_USAGE(.BOTH.,#7690);
#7354=SURFACE_STYLE_USAGE(.BOTH.,#7691);
#7355=SURFACE_STYLE_USAGE(.BOTH.,#7692);
#7356=SURFACE_STYLE_USAGE(.BOTH.,#7693);
#7357=SURFACE_STYLE_USAGE(.BOTH.,#7694);
#7358=SURFACE_STYLE_USAGE(.BOTH.,#7695);
#7359=SURFACE_STYLE_USAGE(.BOTH.,#7696);
#7360=SURFACE_STYLE_USAGE(.BOTH.,#7697);
#7361=SURFACE_STYLE_USAGE(.BOTH.,#7698);
#7362=SURFACE_STYLE_USAGE(.BOTH.,#7699);
#7363=SURFACE_STYLE_USAGE(.BOTH.,#7700);
#7364=SURFACE_STYLE_USAGE(.BOTH.,#7701);
#7365=SURFACE_STYLE_USAGE(.BOTH.,#7702);
#7366=SURFACE_STYLE_USAGE(.BOTH.,#7703);
#7367=SURFACE_STYLE_USAGE(.BOTH.,#7704);
#7368=SURFACE_STYLE_USAGE(.BOTH.,#7705);
#7369=SURFACE_STYLE_USAGE(.BOTH.,#7706);
#7370=SURFACE_STYLE_USAGE(.BOTH.,#7707);
#7371=SURFACE_STYLE_USAGE(.BOTH.,#7708);
#7372=SURFACE_STYLE_USAGE(.BOTH.,#7709);
#7373=SURFACE_STYLE_USAGE(.BOTH.,#7710);
#7374=SURFACE_STYLE_USAGE(.BOTH.,#7711);
#7375=SURFACE_STYLE_USAGE(.BOTH.,#7712);
#7376=SURFACE_STYLE_USAGE(.BOTH.,#7713);
#7377=SURFACE_STYLE_USAGE(.BOTH.,#7714);
#7378=SURFACE_STYLE_USAGE(.BOTH.,#7715);
#7379=SURFACE_STYLE_USAGE(.BOTH.,#7716);
#7380=SURFACE_STYLE_USAGE(.BOTH.,#7717);
#7381=SURFACE_STYLE_USAGE(.BOTH.,#7718);
#7382=SURFACE_STYLE_USAGE(.BOTH.,#7719);
#7383=SURFACE_STYLE_USAGE(.BOTH.,#7720);
#7384=SURFACE_STYLE_USAGE(.BOTH.,#7721);
#7385=SURFACE_STYLE_USAGE(.BOTH.,#7722);
#7386=SURFACE_STYLE_USAGE(.BOTH.,#7723);
#7387=SURFACE_STYLE_USAGE(.BOTH.,#7724);
#7388=SURFACE_STYLE_USAGE(.BOTH.,#7725);
#7389=SURFACE_STYLE_USAGE(.BOTH.,#7726);
#7390=SURFACE_STYLE_USAGE(.BOTH.,#7727);
#7391=SURFACE_STYLE_USAGE(.BOTH.,#7728);
#7392=SURFACE_STYLE_USAGE(.BOTH.,#7729);
#7393=SURFACE_STYLE_USAGE(.BOTH.,#7730);
#7394=SURFACE_STYLE_USAGE(.BOTH.,#7731);
#7395=SURFACE_STYLE_USAGE(.BOTH.,#7732);
#7396=SURFACE_STYLE_USAGE(.BOTH.,#7733);
#7397=SURFACE_STYLE_USAGE(.BOTH.,#7734);
#7398=SURFACE_STYLE_USAGE(.BOTH.,#7735);
#7399=SURFACE_STYLE_USAGE(.BOTH.,#7736);
#7400=SURFACE_STYLE_USAGE(.BOTH.,#7737);
#7401=SURFACE_STYLE_USAGE(.BOTH.,#7738);
#7402=SURFACE_STYLE_USAGE(.BOTH.,#7739);
#7403=SURFACE_STYLE_USAGE(.BOTH.,#7740);
#7404=SURFACE_STYLE_USAGE(.BOTH.,#7741);
#7405=SURFACE_STYLE_USAGE(.BOTH.,#7742);
#7406=SURFACE_STYLE_USAGE(.BOTH.,#7743);
#7407=SURFACE_STYLE_USAGE(.BOTH.,#7744);
#7408=SURFACE_STYLE_USAGE(.BOTH.,#7745);
#7409=SURFACE_STYLE_USAGE(.BOTH.,#7746);
#7410=SURFACE_STYLE_USAGE(.BOTH.,#7747);
#7411=SURFACE_STYLE_USAGE(.BOTH.,#7748);
#7412=SURFACE_STYLE_USAGE(.BOTH.,#7749);
#7413=SURFACE_STYLE_USAGE(.BOTH.,#7750);
#7414=SURFACE_STYLE_USAGE(.BOTH.,#7751);
#7415=SURFACE_STYLE_USAGE(.BOTH.,#7752);
#7416=SURFACE_STYLE_USAGE(.BOTH.,#7753);
#7417=SURFACE_STYLE_USAGE(.BOTH.,#7754);
#7418=SURFACE_STYLE_USAGE(.BOTH.,#7755);
#7419=SURFACE_STYLE_USAGE(.BOTH.,#7756);
#7420=SURFACE_STYLE_USAGE(.BOTH.,#7757);
#7421=SURFACE_STYLE_USAGE(.BOTH.,#7758);
#7422=SURFACE_STYLE_USAGE(.BOTH.,#7759);
#7423=SURFACE_STYLE_USAGE(.BOTH.,#7760);
#7424=SURFACE_STYLE_USAGE(.BOTH.,#7761);
#7425=SURFACE_SIDE_STYLE('',(#7762));
#7426=SURFACE_SIDE_STYLE('',(#7763));
#7427=SURFACE_SIDE_STYLE('',(#7764));
#7428=SURFACE_SIDE_STYLE('',(#7765));
#7429=SURFACE_SIDE_STYLE('',(#7766));
#7430=SURFACE_SIDE_STYLE('',(#7767));
#7431=SURFACE_SIDE_STYLE('',(#7768));
#7432=SURFACE_SIDE_STYLE('',(#7769));
#7433=SURFACE_SIDE_STYLE('',(#7770));
#7434=SURFACE_SIDE_STYLE('',(#7771));
#7435=SURFACE_SIDE_STYLE('',(#7772));
#7436=SURFACE_SIDE_STYLE('',(#7773));
#7437=SURFACE_SIDE_STYLE('',(#7774));
#7438=SURFACE_SIDE_STYLE('',(#7775));
#7439=SURFACE_SIDE_STYLE('',(#7776));
#7440=SURFACE_SIDE_STYLE('',(#7777));
#7441=SURFACE_SIDE_STYLE('',(#7778));
#7442=SURFACE_SIDE_STYLE('',(#7779));
#7443=SURFACE_SIDE_STYLE('',(#7780));
#7444=SURFACE_SIDE_STYLE('',(#7781));
#7445=SURFACE_SIDE_STYLE('',(#7782));
#7446=SURFACE_SIDE_STYLE('',(#7783));
#7447=SURFACE_SIDE_STYLE('',(#7784));
#7448=SURFACE_SIDE_STYLE('',(#7785));
#7449=SURFACE_SIDE_STYLE('',(#7786));
#7450=SURFACE_SIDE_STYLE('',(#7787));
#7451=SURFACE_SIDE_STYLE('',(#7788));
#7452=SURFACE_SIDE_STYLE('',(#7789));
#7453=SURFACE_SIDE_STYLE('',(#7790));
#7454=SURFACE_SIDE_STYLE('',(#7791));
#7455=SURFACE_SIDE_STYLE('',(#7792));
#7456=SURFACE_SIDE_STYLE('',(#7793));
#7457=SURFACE_SIDE_STYLE('',(#7794));
#7458=SURFACE_SIDE_STYLE('',(#7795));
#7459=SURFACE_SIDE_STYLE('',(#7796));
#7460=SURFACE_SIDE_STYLE('',(#7797));
#7461=SURFACE_SIDE_STYLE('',(#7798));
#7462=SURFACE_SIDE_STYLE('',(#7799));
#7463=SURFACE_SIDE_STYLE('',(#7800));
#7464=SURFACE_SIDE_STYLE('',(#7801));
#7465=SURFACE_SIDE_STYLE('',(#7802));
#7466=SURFACE_SIDE_STYLE('',(#7803));
#7467=SURFACE_SIDE_STYLE('',(#7804));
#7468=SURFACE_SIDE_STYLE('',(#7805));
#7469=SURFACE_SIDE_STYLE('',(#7806));
#7470=SURFACE_SIDE_STYLE('',(#7807));
#7471=SURFACE_SIDE_STYLE('',(#7808));
#7472=SURFACE_SIDE_STYLE('',(#7809));
#7473=SURFACE_SIDE_STYLE('',(#7810));
#7474=SURFACE_SIDE_STYLE('',(#7811));
#7475=SURFACE_SIDE_STYLE('',(#7812));
#7476=SURFACE_SIDE_STYLE('',(#7813));
#7477=SURFACE_SIDE_STYLE('',(#7814));
#7478=SURFACE_SIDE_STYLE('',(#7815));
#7479=SURFACE_SIDE_STYLE('',(#7816));
#7480=SURFACE_SIDE_STYLE('',(#7817));
#7481=SURFACE_SIDE_STYLE('',(#7818));
#7482=SURFACE_SIDE_STYLE('',(#7819));
#7483=SURFACE_SIDE_STYLE('',(#7820));
#7484=SURFACE_SIDE_STYLE('',(#7821));
#7485=SURFACE_SIDE_STYLE('',(#7822));
#7486=SURFACE_SIDE_STYLE('',(#7823));
#7487=SURFACE_SIDE_STYLE('',(#7824));
#7488=SURFACE_SIDE_STYLE('',(#7825));
#7489=SURFACE_SIDE_STYLE('',(#7826));
#7490=SURFACE_SIDE_STYLE('',(#7827));
#7491=SURFACE_SIDE_STYLE('',(#7828));
#7492=SURFACE_SIDE_STYLE('',(#7829));
#7493=SURFACE_SIDE_STYLE('',(#7830));
#7494=SURFACE_SIDE_STYLE('',(#7831));
#7495=SURFACE_SIDE_STYLE('',(#7832));
#7496=SURFACE_SIDE_STYLE('',(#7833));
#7497=SURFACE_SIDE_STYLE('',(#7834));
#7498=SURFACE_SIDE_STYLE('',(#7835));
#7499=SURFACE_SIDE_STYLE('',(#7836));
#7500=SURFACE_SIDE_STYLE('',(#7837));
#7501=SURFACE_SIDE_STYLE('',(#7838));
#7502=SURFACE_SIDE_STYLE('',(#7839));
#7503=SURFACE_SIDE_STYLE('',(#7840));
#7504=SURFACE_SIDE_STYLE('',(#7841));
#7505=SURFACE_SIDE_STYLE('',(#7842));
#7506=SURFACE_SIDE_STYLE('',(#7843));
#7507=SURFACE_SIDE_STYLE('',(#7844));
#7508=SURFACE_SIDE_STYLE('',(#7845));
#7509=SURFACE_SIDE_STYLE('',(#7846));
#7510=SURFACE_SIDE_STYLE('',(#7847));
#7511=SURFACE_SIDE_STYLE('',(#7848));
#7512=SURFACE_SIDE_STYLE('',(#7849));
#7513=SURFACE_SIDE_STYLE('',(#7850));
#7514=SURFACE_SIDE_STYLE('',(#7851));
#7515=SURFACE_SIDE_STYLE('',(#7852));
#7516=SURFACE_SIDE_STYLE('',(#7853));
#7517=SURFACE_SIDE_STYLE('',(#7854));
#7518=SURFACE_SIDE_STYLE('',(#7855));
#7519=SURFACE_SIDE_STYLE('',(#7856));
#7520=SURFACE_SIDE_STYLE('',(#7857));
#7521=SURFACE_SIDE_STYLE('',(#7858));
#7522=SURFACE_SIDE_STYLE('',(#7859));
#7523=SURFACE_SIDE_STYLE('',(#7860));
#7524=SURFACE_SIDE_STYLE('',(#7861));
#7525=SURFACE_SIDE_STYLE('',(#7862));
#7526=SURFACE_SIDE_STYLE('',(#7863));
#7527=SURFACE_SIDE_STYLE('',(#7864));
#7528=SURFACE_SIDE_STYLE('',(#7865));
#7529=SURFACE_SIDE_STYLE('',(#7866));
#7530=SURFACE_SIDE_STYLE('',(#7867));
#7531=SURFACE_SIDE_STYLE('',(#7868));
#7532=SURFACE_SIDE_STYLE('',(#7869));
#7533=SURFACE_SIDE_STYLE('',(#7870));
#7534=SURFACE_SIDE_STYLE('',(#7871));
#7535=SURFACE_SIDE_STYLE('',(#7872));
#7536=SURFACE_SIDE_STYLE('',(#7873));
#7537=SURFACE_SIDE_STYLE('',(#7874));
#7538=SURFACE_SIDE_STYLE('',(#7875));
#7539=SURFACE_SIDE_STYLE('',(#7876));
#7540=SURFACE_SIDE_STYLE('',(#7877));
#7541=SURFACE_SIDE_STYLE('',(#7878));
#7542=SURFACE_SIDE_STYLE('',(#7879));
#7543=SURFACE_SIDE_STYLE('',(#7880));
#7544=SURFACE_SIDE_STYLE('',(#7881));
#7545=SURFACE_SIDE_STYLE('',(#7882));
#7546=SURFACE_SIDE_STYLE('',(#7883));
#7547=SURFACE_SIDE_STYLE('',(#7884));
#7548=SURFACE_SIDE_STYLE('',(#7885));
#7549=SURFACE_SIDE_STYLE('',(#7886));
#7550=SURFACE_SIDE_STYLE('',(#7887));
#7551=SURFACE_SIDE_STYLE('',(#7888));
#7552=SURFACE_SIDE_STYLE('',(#7889));
#7553=SURFACE_SIDE_STYLE('',(#7890));
#7554=SURFACE_SIDE_STYLE('',(#7891));
#7555=SURFACE_SIDE_STYLE('',(#7892));
#7556=SURFACE_SIDE_STYLE('',(#7893));
#7557=SURFACE_SIDE_STYLE('',(#7894));
#7558=SURFACE_SIDE_STYLE('',(#7895));
#7559=SURFACE_SIDE_STYLE('',(#7896));
#7560=SURFACE_SIDE_STYLE('',(#7897));
#7561=SURFACE_SIDE_STYLE('',(#7898));
#7562=SURFACE_SIDE_STYLE('',(#7899));
#7563=SURFACE_SIDE_STYLE('',(#7900));
#7564=SURFACE_SIDE_STYLE('',(#7901));
#7565=SURFACE_SIDE_STYLE('',(#7902));
#7566=SURFACE_SIDE_STYLE('',(#7903));
#7567=SURFACE_SIDE_STYLE('',(#7904));
#7568=SURFACE_SIDE_STYLE('',(#7905));
#7569=SURFACE_SIDE_STYLE('',(#7906));
#7570=SURFACE_SIDE_STYLE('',(#7907));
#7571=SURFACE_SIDE_STYLE('',(#7908));
#7572=SURFACE_SIDE_STYLE('',(#7909));
#7573=SURFACE_SIDE_STYLE('',(#7910));
#7574=SURFACE_SIDE_STYLE('',(#7911));
#7575=SURFACE_SIDE_STYLE('',(#7912));
#7576=SURFACE_SIDE_STYLE('',(#7913));
#7577=SURFACE_SIDE_STYLE('',(#7914));
#7578=SURFACE_SIDE_STYLE('',(#7915));
#7579=SURFACE_SIDE_STYLE('',(#7916));
#7580=SURFACE_SIDE_STYLE('',(#7917));
#7581=SURFACE_SIDE_STYLE('',(#7918));
#7582=SURFACE_SIDE_STYLE('',(#7919));
#7583=SURFACE_SIDE_STYLE('',(#7920));
#7584=SURFACE_SIDE_STYLE('',(#7921));
#7585=SURFACE_SIDE_STYLE('',(#7922));
#7586=SURFACE_SIDE_STYLE('',(#7923));
#7587=SURFACE_SIDE_STYLE('',(#7924));
#7588=SURFACE_SIDE_STYLE('',(#7925));
#7589=SURFACE_SIDE_STYLE('',(#7926));
#7590=SURFACE_SIDE_STYLE('',(#7927));
#7591=SURFACE_SIDE_STYLE('',(#7928));
#7592=SURFACE_SIDE_STYLE('',(#7929));
#7593=SURFACE_SIDE_STYLE('',(#7930));
#7594=SURFACE_SIDE_STYLE('',(#7931));
#7595=SURFACE_SIDE_STYLE('',(#7932));
#7596=SURFACE_SIDE_STYLE('',(#7933));
#7597=SURFACE_SIDE_STYLE('',(#7934));
#7598=SURFACE_SIDE_STYLE('',(#7935));
#7599=SURFACE_SIDE_STYLE('',(#7936));
#7600=SURFACE_SIDE_STYLE('',(#7937));
#7601=SURFACE_SIDE_STYLE('',(#7938));
#7602=SURFACE_SIDE_STYLE('',(#7939));
#7603=SURFACE_SIDE_STYLE('',(#7940));
#7604=SURFACE_SIDE_STYLE('',(#7941));
#7605=SURFACE_SIDE_STYLE('',(#7942));
#7606=SURFACE_SIDE_STYLE('',(#7943));
#7607=SURFACE_SIDE_STYLE('',(#7944));
#7608=SURFACE_SIDE_STYLE('',(#7945));
#7609=SURFACE_SIDE_STYLE('',(#7946));
#7610=SURFACE_SIDE_STYLE('',(#7947));
#7611=SURFACE_SIDE_STYLE('',(#7948));
#7612=SURFACE_SIDE_STYLE('',(#7949));
#7613=SURFACE_SIDE_STYLE('',(#7950));
#7614=SURFACE_SIDE_STYLE('',(#7951));
#7615=SURFACE_SIDE_STYLE('',(#7952));
#7616=SURFACE_SIDE_STYLE('',(#7953));
#7617=SURFACE_SIDE_STYLE('',(#7954));
#7618=SURFACE_SIDE_STYLE('',(#7955));
#7619=SURFACE_SIDE_STYLE('',(#7956));
#7620=SURFACE_SIDE_STYLE('',(#7957));
#7621=SURFACE_SIDE_STYLE('',(#7958));
#7622=SURFACE_SIDE_STYLE('',(#7959));
#7623=SURFACE_SIDE_STYLE('',(#7960));
#7624=SURFACE_SIDE_STYLE('',(#7961));
#7625=SURFACE_SIDE_STYLE('',(#7962));
#7626=SURFACE_SIDE_STYLE('',(#7963));
#7627=SURFACE_SIDE_STYLE('',(#7964));
#7628=SURFACE_SIDE_STYLE('',(#7965));
#7629=SURFACE_SIDE_STYLE('',(#7966));
#7630=SURFACE_SIDE_STYLE('',(#7967));
#7631=SURFACE_SIDE_STYLE('',(#7968));
#7632=SURFACE_SIDE_STYLE('',(#7969));
#7633=SURFACE_SIDE_STYLE('',(#7970));
#7634=SURFACE_SIDE_STYLE('',(#7971));
#7635=SURFACE_SIDE_STYLE('',(#7972));
#7636=SURFACE_SIDE_STYLE('',(#7973));
#7637=SURFACE_SIDE_STYLE('',(#7974));
#7638=SURFACE_SIDE_STYLE('',(#7975));
#7639=SURFACE_SIDE_STYLE('',(#7976));
#7640=SURFACE_SIDE_STYLE('',(#7977));
#7641=SURFACE_SIDE_STYLE('',(#7978));
#7642=SURFACE_SIDE_STYLE('',(#7979));
#7643=SURFACE_SIDE_STYLE('',(#7980));
#7644=SURFACE_SIDE_STYLE('',(#7981));
#7645=SURFACE_SIDE_STYLE('',(#7982));
#7646=SURFACE_SIDE_STYLE('',(#7983));
#7647=SURFACE_SIDE_STYLE('',(#7984));
#7648=SURFACE_SIDE_STYLE('',(#7985));
#7649=SURFACE_SIDE_STYLE('',(#7986));
#7650=SURFACE_SIDE_STYLE('',(#7987));
#7651=SURFACE_SIDE_STYLE('',(#7988));
#7652=SURFACE_SIDE_STYLE('',(#7989));
#7653=SURFACE_SIDE_STYLE('',(#7990));
#7654=SURFACE_SIDE_STYLE('',(#7991));
#7655=SURFACE_SIDE_STYLE('',(#7992));
#7656=SURFACE_SIDE_STYLE('',(#7993));
#7657=SURFACE_SIDE_STYLE('',(#7994));
#7658=SURFACE_SIDE_STYLE('',(#7995));
#7659=SURFACE_SIDE_STYLE('',(#7996));
#7660=SURFACE_SIDE_STYLE('',(#7997));
#7661=SURFACE_SIDE_STYLE('',(#7998));
#7662=SURFACE_SIDE_STYLE('',(#7999));
#7663=SURFACE_SIDE_STYLE('',(#8000));
#7664=SURFACE_SIDE_STYLE('',(#8001));
#7665=SURFACE_SIDE_STYLE('',(#8002));
#7666=SURFACE_SIDE_STYLE('',(#8003));
#7667=SURFACE_SIDE_STYLE('',(#8004));
#7668=SURFACE_SIDE_STYLE('',(#8005));
#7669=SURFACE_SIDE_STYLE('',(#8006));
#7670=SURFACE_SIDE_STYLE('',(#8007));
#7671=SURFACE_SIDE_STYLE('',(#8008));
#7672=SURFACE_SIDE_STYLE('',(#8009));
#7673=SURFACE_SIDE_STYLE('',(#8010));
#7674=SURFACE_SIDE_STYLE('',(#8011));
#7675=SURFACE_SIDE_STYLE('',(#8012));
#7676=SURFACE_SIDE_STYLE('',(#8013));
#7677=SURFACE_SIDE_STYLE('',(#8014));
#7678=SURFACE_SIDE_STYLE('',(#8015));
#7679=SURFACE_SIDE_STYLE('',(#8016));
#7680=SURFACE_SIDE_STYLE('',(#8017));
#7681=SURFACE_SIDE_STYLE('',(#8018));
#7682=SURFACE_SIDE_STYLE('',(#8019));
#7683=SURFACE_SIDE_STYLE('',(#8020));
#7684=SURFACE_SIDE_STYLE('',(#8021));
#7685=SURFACE_SIDE_STYLE('',(#8022));
#7686=SURFACE_SIDE_STYLE('',(#8023));
#7687=SURFACE_SIDE_STYLE('',(#8024));
#7688=SURFACE_SIDE_STYLE('',(#8025));
#7689=SURFACE_SIDE_STYLE('',(#8026));
#7690=SURFACE_SIDE_STYLE('',(#8027));
#7691=SURFACE_SIDE_STYLE('',(#8028));
#7692=SURFACE_SIDE_STYLE('',(#8029));
#7693=SURFACE_SIDE_STYLE('',(#8030));
#7694=SURFACE_SIDE_STYLE('',(#8031));
#7695=SURFACE_SIDE_STYLE('',(#8032));
#7696=SURFACE_SIDE_STYLE('',(#8033));
#7697=SURFACE_SIDE_STYLE('',(#8034));
#7698=SURFACE_SIDE_STYLE('',(#8035));
#7699=SURFACE_SIDE_STYLE('',(#8036));
#7700=SURFACE_SIDE_STYLE('',(#8037));
#7701=SURFACE_SIDE_STYLE('',(#8038));
#7702=SURFACE_SIDE_STYLE('',(#8039));
#7703=SURFACE_SIDE_STYLE('',(#8040));
#7704=SURFACE_SIDE_STYLE('',(#8041));
#7705=SURFACE_SIDE_STYLE('',(#8042));
#7706=SURFACE_SIDE_STYLE('',(#8043));
#7707=SURFACE_SIDE_STYLE('',(#8044));
#7708=SURFACE_SIDE_STYLE('',(#8045));
#7709=SURFACE_SIDE_STYLE('',(#8046));
#7710=SURFACE_SIDE_STYLE('',(#8047));
#7711=SURFACE_SIDE_STYLE('',(#8048));
#7712=SURFACE_SIDE_STYLE('',(#8049));
#7713=SURFACE_SIDE_STYLE('',(#8050));
#7714=SURFACE_SIDE_STYLE('',(#8051));
#7715=SURFACE_SIDE_STYLE('',(#8052));
#7716=SURFACE_SIDE_STYLE('',(#8053));
#7717=SURFACE_SIDE_STYLE('',(#8054));
#7718=SURFACE_SIDE_STYLE('',(#8055));
#7719=SURFACE_SIDE_STYLE('',(#8056));
#7720=SURFACE_SIDE_STYLE('',(#8057));
#7721=SURFACE_SIDE_STYLE('',(#8058));
#7722=SURFACE_SIDE_STYLE('',(#8059));
#7723=SURFACE_SIDE_STYLE('',(#8060));
#7724=SURFACE_SIDE_STYLE('',(#8061));
#7725=SURFACE_SIDE_STYLE('',(#8062));
#7726=SURFACE_SIDE_STYLE('',(#8063));
#7727=SURFACE_SIDE_STYLE('',(#8064));
#7728=SURFACE_SIDE_STYLE('',(#8065));
#7729=SURFACE_SIDE_STYLE('',(#8066));
#7730=SURFACE_SIDE_STYLE('',(#8067));
#7731=SURFACE_SIDE_STYLE('',(#8068));
#7732=SURFACE_SIDE_STYLE('',(#8069));
#7733=SURFACE_SIDE_STYLE('',(#8070));
#7734=SURFACE_SIDE_STYLE('',(#8071));
#7735=SURFACE_SIDE_STYLE('',(#8072));
#7736=SURFACE_SIDE_STYLE('',(#8073));
#7737=SURFACE_SIDE_STYLE('',(#8074));
#7738=SURFACE_SIDE_STYLE('',(#8075));
#7739=SURFACE_SIDE_STYLE('',(#8076));
#7740=SURFACE_SIDE_STYLE('',(#8077));
#7741=SURFACE_SIDE_STYLE('',(#8078));
#7742=SURFACE_SIDE_STYLE('',(#8079));
#7743=SURFACE_SIDE_STYLE('',(#8080));
#7744=SURFACE_SIDE_STYLE('',(#8081));
#7745=SURFACE_SIDE_STYLE('',(#8082));
#7746=SURFACE_SIDE_STYLE('',(#8083));
#7747=SURFACE_SIDE_STYLE('',(#8084));
#7748=SURFACE_SIDE_STYLE('',(#8085));
#7749=SURFACE_SIDE_STYLE('',(#8086));
#7750=SURFACE_SIDE_STYLE('',(#8087));
#7751=SURFACE_SIDE_STYLE('',(#8088));
#7752=SURFACE_SIDE_STYLE('',(#8089));
#7753=SURFACE_SIDE_STYLE('',(#8090));
#7754=SURFACE_SIDE_STYLE('',(#8091));
#7755=SURFACE_SIDE_STYLE('',(#8092));
#7756=SURFACE_SIDE_STYLE('',(#8093));
#7757=SURFACE_SIDE_STYLE('',(#8094));
#7758=SURFACE_SIDE_STYLE('',(#8095));
#7759=SURFACE_SIDE_STYLE('',(#8096));
#7760=SURFACE_SIDE_STYLE('',(#8097));
#7761=SURFACE_SIDE_STYLE('',(#8098));
#7762=SURFACE_STYLE_FILL_AREA(#8099);
#7763=SURFACE_STYLE_FILL_AREA(#8100);
#7764=SURFACE_STYLE_FILL_AREA(#8101);
#7765=SURFACE_STYLE_FILL_AREA(#8102);
#7766=SURFACE_STYLE_FILL_AREA(#8103);
#7767=SURFACE_STYLE_FILL_AREA(#8104);
#7768=SURFACE_STYLE_FILL_AREA(#8105);
#7769=SURFACE_STYLE_FILL_AREA(#8106);
#7770=SURFACE_STYLE_FILL_AREA(#8107);
#7771=SURFACE_STYLE_FILL_AREA(#8108);
#7772=SURFACE_STYLE_FILL_AREA(#8109);
#7773=SURFACE_STYLE_FILL_AREA(#8110);
#7774=SURFACE_STYLE_FILL_AREA(#8111);
#7775=SURFACE_STYLE_FILL_AREA(#8112);
#7776=SURFACE_STYLE_FILL_AREA(#8113);
#7777=SURFACE_STYLE_FILL_AREA(#8114);
#7778=SURFACE_STYLE_FILL_AREA(#8115);
#7779=SURFACE_STYLE_FILL_AREA(#8116);
#7780=SURFACE_STYLE_FILL_AREA(#8117);
#7781=SURFACE_STYLE_FILL_AREA(#8118);
#7782=SURFACE_STYLE_FILL_AREA(#8119);
#7783=SURFACE_STYLE_FILL_AREA(#8120);
#7784=SURFACE_STYLE_FILL_AREA(#8121);
#7785=SURFACE_STYLE_FILL_AREA(#8122);
#7786=SURFACE_STYLE_FILL_AREA(#8123);
#7787=SURFACE_STYLE_FILL_AREA(#8124);
#7788=SURFACE_STYLE_FILL_AREA(#8125);
#7789=SURFACE_STYLE_FILL_AREA(#8126);
#7790=SURFACE_STYLE_FILL_AREA(#8127);
#7791=SURFACE_STYLE_FILL_AREA(#8128);
#7792=SURFACE_STYLE_FILL_AREA(#8129);
#7793=SURFACE_STYLE_FILL_AREA(#8130);
#7794=SURFACE_STYLE_FILL_AREA(#8131);
#7795=SURFACE_STYLE_FILL_AREA(#8132);
#7796=SURFACE_STYLE_FILL_AREA(#8133);
#7797=SURFACE_STYLE_FILL_AREA(#8134);
#7798=SURFACE_STYLE_FILL_AREA(#8135);
#7799=SURFACE_STYLE_FILL_AREA(#8136);
#7800=SURFACE_STYLE_FILL_AREA(#8137);
#7801=SURFACE_STYLE_FILL_AREA(#8138);
#7802=SURFACE_STYLE_FILL_AREA(#8139);
#7803=SURFACE_STYLE_FILL_AREA(#8140);
#7804=SURFACE_STYLE_FILL_AREA(#8141);
#7805=SURFACE_STYLE_FILL_AREA(#8142);
#7806=SURFACE_STYLE_FILL_AREA(#8143);
#7807=SURFACE_STYLE_FILL_AREA(#8144);
#7808=SURFACE_STYLE_FILL_AREA(#8145);
#7809=SURFACE_STYLE_FILL_AREA(#8146);
#7810=SURFACE_STYLE_FILL_AREA(#8147);
#7811=SURFACE_STYLE_FILL_AREA(#8148);
#7812=SURFACE_STYLE_FILL_AREA(#8149);
#7813=SURFACE_STYLE_FILL_AREA(#8150);
#7814=SURFACE_STYLE_FILL_AREA(#8151);
#7815=SURFACE_STYLE_FILL_AREA(#8152);
#7816=SURFACE_STYLE_FILL_AREA(#8153);
#7817=SURFACE_STYLE_FILL_AREA(#8154);
#7818=SURFACE_STYLE_FILL_AREA(#8155);
#7819=SURFACE_STYLE_FILL_AREA(#8156);
#7820=SURFACE_STYLE_FILL_AREA(#8157);
#7821=SURFACE_STYLE_FILL_AREA(#8158);
#7822=SURFACE_STYLE_FILL_AREA(#8159);
#7823=SURFACE_STYLE_FILL_AREA(#8160);
#7824=SURFACE_STYLE_FILL_AREA(#8161);
#7825=SURFACE_STYLE_FILL_AREA(#8162);
#7826=SURFACE_STYLE_FILL_AREA(#8163);
#7827=SURFACE_STYLE_FILL_AREA(#8164);
#7828=SURFACE_STYLE_FILL_AREA(#8165);
#7829=SURFACE_STYLE_FILL_AREA(#8166);
#7830=SURFACE_STYLE_FILL_AREA(#8167);
#7831=SURFACE_STYLE_FILL_AREA(#8168);
#7832=SURFACE_STYLE_FILL_AREA(#8169);
#7833=SURFACE_STYLE_FILL_AREA(#8170);
#7834=SURFACE_STYLE_FILL_AREA(#8171);
#7835=SURFACE_STYLE_FILL_AREA(#8172);
#7836=SURFACE_STYLE_FILL_AREA(#8173);
#7837=SURFACE_STYLE_FILL_AREA(#8174);
#7838=SURFACE_STYLE_FILL_AREA(#8175);
#7839=SURFACE_STYLE_FILL_AREA(#8176);
#7840=SURFACE_STYLE_FILL_AREA(#8177);
#7841=SURFACE_STYLE_FILL_AREA(#8178);
#7842=SURFACE_STYLE_FILL_AREA(#8179);
#7843=SURFACE_STYLE_FILL_AREA(#8180);
#7844=SURFACE_STYLE_FILL_AREA(#8181);
#7845=SURFACE_STYLE_FILL_AREA(#8182);
#7846=SURFACE_STYLE_FILL_AREA(#8183);
#7847=SURFACE_STYLE_FILL_AREA(#8184);
#7848=SURFACE_STYLE_FILL_AREA(#8185);
#7849=SURFACE_STYLE_FILL_AREA(#8186);
#7850=SURFACE_STYLE_FILL_AREA(#8187);
#7851=SURFACE_STYLE_FILL_AREA(#8188);
#7852=SURFACE_STYLE_FILL_AREA(#8189);
#7853=SURFACE_STYLE_FILL_AREA(#8190);
#7854=SURFACE_STYLE_FILL_AREA(#8191);
#7855=SURFACE_STYLE_FILL_AREA(#8192);
#7856=SURFACE_STYLE_FILL_AREA(#8193);
#7857=SURFACE_STYLE_FILL_AREA(#8194);
#7858=SURFACE_STYLE_FILL_AREA(#8195);
#7859=SURFACE_STYLE_FILL_AREA(#8196);
#7860=SURFACE_STYLE_FILL_AREA(#8197);
#7861=SURFACE_STYLE_FILL_AREA(#8198);
#7862=SURFACE_STYLE_FILL_AREA(#8199);
#7863=SURFACE_STYLE_FILL_AREA(#8200);
#7864=SURFACE_STYLE_FILL_AREA(#8201);
#7865=SURFACE_STYLE_FILL_AREA(#8202);
#7866=SURFACE_STYLE_FILL_AREA(#8203);
#7867=SURFACE_STYLE_FILL_AREA(#8204);
#7868=SURFACE_STYLE_FILL_AREA(#8205);
#7869=SURFACE_STYLE_FILL_AREA(#8206);
#7870=SURFACE_STYLE_FILL_AREA(#8207);
#7871=SURFACE_STYLE_FILL_AREA(#8208);
#7872=SURFACE_STYLE_FILL_AREA(#8209);
#7873=SURFACE_STYLE_FILL_AREA(#8210);
#7874=SURFACE_STYLE_FILL_AREA(#8211);
#7875=SURFACE_STYLE_FILL_AREA(#8212);
#7876=SURFACE_STYLE_FILL_AREA(#8213);
#7877=SURFACE_STYLE_FILL_AREA(#8214);
#7878=SURFACE_STYLE_FILL_AREA(#8215);
#7879=SURFACE_STYLE_FILL_AREA(#8216);
#7880=SURFACE_STYLE_FILL_AREA(#8217);
#7881=SURFACE_STYLE_FILL_AREA(#8218);
#7882=SURFACE_STYLE_FILL_AREA(#8219);
#7883=SURFACE_STYLE_FILL_AREA(#8220);
#7884=SURFACE_STYLE_FILL_AREA(#8221);
#7885=SURFACE_STYLE_FILL_AREA(#8222);
#7886=SURFACE_STYLE_FILL_AREA(#8223);
#7887=SURFACE_STYLE_FILL_AREA(#8224);
#7888=SURFACE_STYLE_FILL_AREA(#8225);
#7889=SURFACE_STYLE_FILL_AREA(#8226);
#7890=SURFACE_STYLE_FILL_AREA(#8227);
#7891=SURFACE_STYLE_FILL_AREA(#8228);
#7892=SURFACE_STYLE_FILL_AREA(#8229);
#7893=SURFACE_STYLE_FILL_AREA(#8230);
#7894=SURFACE_STYLE_FILL_AREA(#8231);
#7895=SURFACE_STYLE_FILL_AREA(#8232);
#7896=SURFACE_STYLE_FILL_AREA(#8233);
#7897=SURFACE_STYLE_FILL_AREA(#8234);
#7898=SURFACE_STYLE_FILL_AREA(#8235);
#7899=SURFACE_STYLE_FILL_AREA(#8236);
#7900=SURFACE_STYLE_FILL_AREA(#8237);
#7901=SURFACE_STYLE_FILL_AREA(#8238);
#7902=SURFACE_STYLE_FILL_AREA(#8239);
#7903=SURFACE_STYLE_FILL_AREA(#8240);
#7904=SURFACE_STYLE_FILL_AREA(#8241);
#7905=SURFACE_STYLE_FILL_AREA(#8242);
#7906=SURFACE_STYLE_FILL_AREA(#8243);
#7907=SURFACE_STYLE_FILL_AREA(#8244);
#7908=SURFACE_STYLE_FILL_AREA(#8245);
#7909=SURFACE_STYLE_FILL_AREA(#8246);
#7910=SURFACE_STYLE_FILL_AREA(#8247);
#7911=SURFACE_STYLE_FILL_AREA(#8248);
#7912=SURFACE_STYLE_FILL_AREA(#8249);
#7913=SURFACE_STYLE_FILL_AREA(#8250);
#7914=SURFACE_STYLE_FILL_AREA(#8251);
#7915=SURFACE_STYLE_FILL_AREA(#8252);
#7916=SURFACE_STYLE_FILL_AREA(#8253);
#7917=SURFACE_STYLE_FILL_AREA(#8254);
#7918=SURFACE_STYLE_FILL_AREA(#8255);
#7919=SURFACE_STYLE_FILL_AREA(#8256);
#7920=SURFACE_STYLE_FILL_AREA(#8257);
#7921=SURFACE_STYLE_FILL_AREA(#8258);
#7922=SURFACE_STYLE_FILL_AREA(#8259);
#7923=SURFACE_STYLE_FILL_AREA(#8260);
#7924=SURFACE_STYLE_FILL_AREA(#8261);
#7925=SURFACE_STYLE_FILL_AREA(#8262);
#7926=SURFACE_STYLE_FILL_AREA(#8263);
#7927=SURFACE_STYLE_FILL_AREA(#8264);
#7928=SURFACE_STYLE_FILL_AREA(#8265);
#7929=SURFACE_STYLE_FILL_AREA(#8266);
#7930=SURFACE_STYLE_FILL_AREA(#8267);
#7931=SURFACE_STYLE_FILL_AREA(#8268);
#7932=SURFACE_STYLE_FILL_AREA(#8269);
#7933=SURFACE_STYLE_FILL_AREA(#8270);
#7934=SURFACE_STYLE_FILL_AREA(#8271);
#7935=SURFACE_STYLE_FILL_AREA(#8272);
#7936=SURFACE_STYLE_FILL_AREA(#8273);
#7937=SURFACE_STYLE_FILL_AREA(#8274);
#7938=SURFACE_STYLE_FILL_AREA(#8275);
#7939=SURFACE_STYLE_FILL_AREA(#8276);
#7940=SURFACE_STYLE_FILL_AREA(#8277);
#7941=SURFACE_STYLE_FILL_AREA(#8278);
#7942=SURFACE_STYLE_FILL_AREA(#8279);
#7943=SURFACE_STYLE_FILL_AREA(#8280);
#7944=SURFACE_STYLE_FILL_AREA(#8281);
#7945=SURFACE_STYLE_FILL_AREA(#8282);
#7946=SURFACE_STYLE_FILL_AREA(#8283);
#7947=SURFACE_STYLE_FILL_AREA(#8284);
#7948=SURFACE_STYLE_FILL_AREA(#8285);
#7949=SURFACE_STYLE_FILL_AREA(#8286);
#7950=SURFACE_STYLE_FILL_AREA(#8287);
#7951=SURFACE_STYLE_FILL_AREA(#8288);
#7952=SURFACE_STYLE_FILL_AREA(#8289);
#7953=SURFACE_STYLE_FILL_AREA(#8290);
#7954=SURFACE_STYLE_FILL_AREA(#8291);
#7955=SURFACE_STYLE_FILL_AREA(#8292);
#7956=SURFACE_STYLE_FILL_AREA(#8293);
#7957=SURFACE_STYLE_FILL_AREA(#8294);
#7958=SURFACE_STYLE_FILL_AREA(#8295);
#7959=SURFACE_STYLE_FILL_AREA(#8296);
#7960=SURFACE_STYLE_FILL_AREA(#8297);
#7961=SURFACE_STYLE_FILL_AREA(#8298);
#7962=SURFACE_STYLE_FILL_AREA(#8299);
#7963=SURFACE_STYLE_FILL_AREA(#8300);
#7964=SURFACE_STYLE_FILL_AREA(#8301);
#7965=SURFACE_STYLE_FILL_AREA(#8302);
#7966=SURFACE_STYLE_FILL_AREA(#8303);
#7967=SURFACE_STYLE_FILL_AREA(#8304);
#7968=SURFACE_STYLE_FILL_AREA(#8305);
#7969=SURFACE_STYLE_FILL_AREA(#8306);
#7970=SURFACE_STYLE_FILL_AREA(#8307);
#7971=SURFACE_STYLE_FILL_AREA(#8308);
#7972=SURFACE_STYLE_FILL_AREA(#8309);
#7973=SURFACE_STYLE_FILL_AREA(#8310);
#7974=SURFACE_STYLE_FILL_AREA(#8311);
#7975=SURFACE_STYLE_FILL_AREA(#8312);
#7976=SURFACE_STYLE_FILL_AREA(#8313);
#7977=SURFACE_STYLE_FILL_AREA(#8314);
#7978=SURFACE_STYLE_FILL_AREA(#8315);
#7979=SURFACE_STYLE_FILL_AREA(#8316);
#7980=SURFACE_STYLE_FILL_AREA(#8317);
#7981=SURFACE_STYLE_FILL_AREA(#8318);
#7982=SURFACE_STYLE_FILL_AREA(#8319);
#7983=SURFACE_STYLE_FILL_AREA(#8320);
#7984=SURFACE_STYLE_FILL_AREA(#8321);
#7985=SURFACE_STYLE_FILL_AREA(#8322);
#7986=SURFACE_STYLE_FILL_AREA(#8323);
#7987=SURFACE_STYLE_FILL_AREA(#8324);
#7988=SURFACE_STYLE_FILL_AREA(#8325);
#7989=SURFACE_STYLE_FILL_AREA(#8326);
#7990=SURFACE_STYLE_FILL_AREA(#8327);
#7991=SURFACE_STYLE_FILL_AREA(#8328);
#7992=SURFACE_STYLE_FILL_AREA(#8329);
#7993=SURFACE_STYLE_FILL_AREA(#8330);
#7994=SURFACE_STYLE_FILL_AREA(#8331);
#7995=SURFACE_STYLE_FILL_AREA(#8332);
#7996=SURFACE_STYLE_FILL_AREA(#8333);
#7997=SURFACE_STYLE_FILL_AREA(#8334);
#7998=SURFACE_STYLE_FILL_AREA(#8335);
#7999=SURFACE_STYLE_FILL_AREA(#8336);
#8000=SURFACE_STYLE_FILL_AREA(#8337);
#8001=SURFACE_STYLE_FILL_AREA(#8338);
#8002=SURFACE_STYLE_FILL_AREA(#8339);
#8003=SURFACE_STYLE_FILL_AREA(#8340);
#8004=SURFACE_STYLE_FILL_AREA(#8341);
#8005=SURFACE_STYLE_FILL_AREA(#8342);
#8006=SURFACE_STYLE_FILL_AREA(#8343);
#8007=SURFACE_STYLE_FILL_AREA(#8344);
#8008=SURFACE_STYLE_FILL_AREA(#8345);
#8009=SURFACE_STYLE_FILL_AREA(#8346);
#8010=SURFACE_STYLE_FILL_AREA(#8347);
#8011=SURFACE_STYLE_FILL_AREA(#8348);
#8012=SURFACE_STYLE_FILL_AREA(#8349);
#8013=SURFACE_STYLE_FILL_AREA(#8350);
#8014=SURFACE_STYLE_FILL_AREA(#8351);
#8015=SURFACE_STYLE_FILL_AREA(#8352);
#8016=SURFACE_STYLE_FILL_AREA(#8353);
#8017=SURFACE_STYLE_FILL_AREA(#8354);
#8018=SURFACE_STYLE_FILL_AREA(#8355);
#8019=SURFACE_STYLE_FILL_AREA(#8356);
#8020=SURFACE_STYLE_FILL_AREA(#8357);
#8021=SURFACE_STYLE_FILL_AREA(#8358);
#8022=SURFACE_STYLE_FILL_AREA(#8359);
#8023=SURFACE_STYLE_FILL_AREA(#8360);
#8024=SURFACE_STYLE_FILL_AREA(#8361);
#8025=SURFACE_STYLE_FILL_AREA(#8362);
#8026=SURFACE_STYLE_FILL_AREA(#8363);
#8027=SURFACE_STYLE_FILL_AREA(#8364);
#8028=SURFACE_STYLE_FILL_AREA(#8365);
#8029=SURFACE_STYLE_FILL_AREA(#8366);
#8030=SURFACE_STYLE_FILL_AREA(#8367);
#8031=SURFACE_STYLE_FILL_AREA(#8368);
#8032=SURFACE_STYLE_FILL_AREA(#8369);
#8033=SURFACE_STYLE_FILL_AREA(#8370);
#8034=SURFACE_STYLE_FILL_AREA(#8371);
#8035=SURFACE_STYLE_FILL_AREA(#8372);
#8036=SURFACE_STYLE_FILL_AREA(#8373);
#8037=SURFACE_STYLE_FILL_AREA(#8374);
#8038=SURFACE_STYLE_FILL_AREA(#8375);
#8039=SURFACE_STYLE_FILL_AREA(#8376);
#8040=SURFACE_STYLE_FILL_AREA(#8377);
#8041=SURFACE_STYLE_FILL_AREA(#8378);
#8042=SURFACE_STYLE_FILL_AREA(#8379);
#8043=SURFACE_STYLE_FILL_AREA(#8380);
#8044=SURFACE_STYLE_FILL_AREA(#8381);
#8045=SURFACE_STYLE_FILL_AREA(#8382);
#8046=SURFACE_STYLE_FILL_AREA(#8383);
#8047=SURFACE_STYLE_FILL_AREA(#8384);
#8048=SURFACE_STYLE_FILL_AREA(#8385);
#8049=SURFACE_STYLE_FILL_AREA(#8386);
#8050=SURFACE_STYLE_FILL_AREA(#8387);
#8051=SURFACE_STYLE_FILL_AREA(#8388);
#8052=SURFACE_STYLE_FILL_AREA(#8389);
#8053=SURFACE_STYLE_FILL_AREA(#8390);
#8054=SURFACE_STYLE_FILL_AREA(#8391);
#8055=SURFACE_STYLE_FILL_AREA(#8392);
#8056=SURFACE_STYLE_FILL_AREA(#8393);
#8057=SURFACE_STYLE_FILL_AREA(#8394);
#8058=SURFACE_STYLE_FILL_AREA(#8395);
#8059=SURFACE_STYLE_FILL_AREA(#8396);
#8060=SURFACE_STYLE_FILL_AREA(#8397);
#8061=SURFACE_STYLE_FILL_AREA(#8398);
#8062=SURFACE_STYLE_FILL_AREA(#8399);
#8063=SURFACE_STYLE_FILL_AREA(#8400);
#8064=SURFACE_STYLE_FILL_AREA(#8401);
#8065=SURFACE_STYLE_FILL_AREA(#8402);
#8066=SURFACE_STYLE_FILL_AREA(#8403);
#8067=SURFACE_STYLE_FILL_AREA(#8404);
#8068=SURFACE_STYLE_FILL_AREA(#8405);
#8069=SURFACE_STYLE_FILL_AREA(#8406);
#8070=SURFACE_STYLE_FILL_AREA(#8407);
#8071=SURFACE_STYLE_FILL_AREA(#8408);
#8072=SURFACE_STYLE_FILL_AREA(#8409);
#8073=SURFACE_STYLE_FILL_AREA(#8410);
#8074=SURFACE_STYLE_FILL_AREA(#8411);
#8075=SURFACE_STYLE_FILL_AREA(#8412);
#8076=SURFACE_STYLE_FILL_AREA(#8413);
#8077=SURFACE_STYLE_FILL_AREA(#8414);
#8078=SURFACE_STYLE_FILL_AREA(#8415);
#8079=SURFACE_STYLE_FILL_AREA(#8416);
#8080=SURFACE_STYLE_FILL_AREA(#8417);
#8081=SURFACE_STYLE_FILL_AREA(#8418);
#8082=SURFACE_STYLE_FILL_AREA(#8419);
#8083=SURFACE_STYLE_FILL_AREA(#8420);
#8084=SURFACE_STYLE_FILL_AREA(#8421);
#8085=SURFACE_STYLE_FILL_AREA(#8422);
#8086=SURFACE_STYLE_FILL_AREA(#8423);
#8087=SURFACE_STYLE_FILL_AREA(#8424);
#8088=SURFACE_STYLE_FILL_AREA(#8425);
#8089=SURFACE_STYLE_FILL_AREA(#8426);
#8090=SURFACE_STYLE_FILL_AREA(#8427);
#8091=SURFACE_STYLE_FILL_AREA(#8428);
#8092=SURFACE_STYLE_FILL_AREA(#8429);
#8093=SURFACE_STYLE_FILL_AREA(#8430);
#8094=SURFACE_STYLE_FILL_AREA(#8431);
#8095=SURFACE_STYLE_FILL_AREA(#8432);
#8096=SURFACE_STYLE_FILL_AREA(#8433);
#8097=SURFACE_STYLE_FILL_AREA(#8434);
#8098=SURFACE_STYLE_FILL_AREA(#8435);
#8099=FILL_AREA_STYLE('',(#8436));
#8100=FILL_AREA_STYLE('',(#8437));
#8101=FILL_AREA_STYLE('',(#8438));
#8102=FILL_AREA_STYLE('',(#8439));
#8103=FILL_AREA_STYLE('',(#8440));
#8104=FILL_AREA_STYLE('',(#8441));
#8105=FILL_AREA_STYLE('',(#8442));
#8106=FILL_AREA_STYLE('',(#8443));
#8107=FILL_AREA_STYLE('',(#8444));
#8108=FILL_AREA_STYLE('',(#8445));
#8109=FILL_AREA_STYLE('',(#8446));
#8110=FILL_AREA_STYLE('',(#8447));
#8111=FILL_AREA_STYLE('',(#8448));
#8112=FILL_AREA_STYLE('',(#8449));
#8113=FILL_AREA_STYLE('',(#8450));
#8114=FILL_AREA_STYLE('',(#8451));
#8115=FILL_AREA_STYLE('',(#8452));
#8116=FILL_AREA_STYLE('',(#8453));
#8117=FILL_AREA_STYLE('',(#8454));
#8118=FILL_AREA_STYLE('',(#8455));
#8119=FILL_AREA_STYLE('',(#8456));
#8120=FILL_AREA_STYLE('',(#8457));
#8121=FILL_AREA_STYLE('',(#8458));
#8122=FILL_AREA_STYLE('',(#8459));
#8123=FILL_AREA_STYLE('',(#8460));
#8124=FILL_AREA_STYLE('',(#8461));
#8125=FILL_AREA_STYLE('',(#8462));
#8126=FILL_AREA_STYLE('',(#8463));
#8127=FILL_AREA_STYLE('',(#8464));
#8128=FILL_AREA_STYLE('',(#8465));
#8129=FILL_AREA_STYLE('',(#8466));
#8130=FILL_AREA_STYLE('',(#8467));
#8131=FILL_AREA_STYLE('',(#8468));
#8132=FILL_AREA_STYLE('',(#8469));
#8133=FILL_AREA_STYLE('',(#8470));
#8134=FILL_AREA_STYLE('',(#8471));
#8135=FILL_AREA_STYLE('',(#8472));
#8136=FILL_AREA_STYLE('',(#8473));
#8137=FILL_AREA_STYLE('',(#8474));
#8138=FILL_AREA_STYLE('',(#8475));
#8139=FILL_AREA_STYLE('',(#8476));
#8140=FILL_AREA_STYLE('',(#8477));
#8141=FILL_AREA_STYLE('',(#8478));
#8142=FILL_AREA_STYLE('',(#8479));
#8143=FILL_AREA_STYLE('',(#8480));
#8144=FILL_AREA_STYLE('',(#8481));
#8145=FILL_AREA_STYLE('',(#8482));
#8146=FILL_AREA_STYLE('',(#8483));
#8147=FILL_AREA_STYLE('',(#8484));
#8148=FILL_AREA_STYLE('',(#8485));
#8149=FILL_AREA_STYLE('',(#8486));
#8150=FILL_AREA_STYLE('',(#8487));
#8151=FILL_AREA_STYLE('',(#8488));
#8152=FILL_AREA_STYLE('',(#8489));
#8153=FILL_AREA_STYLE('',(#8490));
#8154=FILL_AREA_STYLE('',(#8491));
#8155=FILL_AREA_STYLE('',(#8492));
#8156=FILL_AREA_STYLE('',(#8493));
#8157=FILL_AREA_STYLE('',(#8494));
#8158=FILL_AREA_STYLE('',(#8495));
#8159=FILL_AREA_STYLE('',(#8496));
#8160=FILL_AREA_STYLE('',(#8497));
#8161=FILL_AREA_STYLE('',(#8498));
#8162=FILL_AREA_STYLE('',(#8499));
#8163=FILL_AREA_STYLE('',(#8500));
#8164=FILL_AREA_STYLE('',(#8501));
#8165=FILL_AREA_STYLE('',(#8502));
#8166=FILL_AREA_STYLE('',(#8503));
#8167=FILL_AREA_STYLE('',(#8504));
#8168=FILL_AREA_STYLE('',(#8505));
#8169=FILL_AREA_STYLE('',(#8506));
#8170=FILL_AREA_STYLE('',(#8507));
#8171=FILL_AREA_STYLE('',(#8508));
#8172=FILL_AREA_STYLE('',(#8509));
#8173=FILL_AREA_STYLE('',(#8510));
#8174=FILL_AREA_STYLE('',(#8511));
#8175=FILL_AREA_STYLE('',(#8512));
#8176=FILL_AREA_STYLE('',(#8513));
#8177=FILL_AREA_STYLE('',(#8514));
#8178=FILL_AREA_STYLE('',(#8515));
#8179=FILL_AREA_STYLE('',(#8516));
#8180=FILL_AREA_STYLE('',(#8517));
#8181=FILL_AREA_STYLE('',(#8518));
#8182=FILL_AREA_STYLE('',(#8519));
#8183=FILL_AREA_STYLE('',(#8520));
#8184=FILL_AREA_STYLE('',(#8521));
#8185=FILL_AREA_STYLE('',(#8522));
#8186=FILL_AREA_STYLE('',(#8523));
#8187=FILL_AREA_STYLE('',(#8524));
#8188=FILL_AREA_STYLE('',(#8525));
#8189=FILL_AREA_STYLE('',(#8526));
#8190=FILL_AREA_STYLE('',(#8527));
#8191=FILL_AREA_STYLE('',(#8528));
#8192=FILL_AREA_STYLE('',(#8529));
#8193=FILL_AREA_STYLE('',(#8530));
#8194=FILL_AREA_STYLE('',(#8531));
#8195=FILL_AREA_STYLE('',(#8532));
#8196=FILL_AREA_STYLE('',(#8533));
#8197=FILL_AREA_STYLE('',(#8534));
#8198=FILL_AREA_STYLE('',(#8535));
#8199=FILL_AREA_STYLE('',(#8536));
#8200=FILL_AREA_STYLE('',(#8537));
#8201=FILL_AREA_STYLE('',(#8538));
#8202=FILL_AREA_STYLE('',(#8539));
#8203=FILL_AREA_STYLE('',(#8540));
#8204=FILL_AREA_STYLE('',(#8541));
#8205=FILL_AREA_STYLE('',(#8542));
#8206=FILL_AREA_STYLE('',(#8543));
#8207=FILL_AREA_STYLE('',(#8544));
#8208=FILL_AREA_STYLE('',(#8545));
#8209=FILL_AREA_STYLE('',(#8546));
#8210=FILL_AREA_STYLE('',(#8547));
#8211=FILL_AREA_STYLE('',(#8548));
#8212=FILL_AREA_STYLE('',(#8549));
#8213=FILL_AREA_STYLE('',(#8550));
#8214=FILL_AREA_STYLE('',(#8551));
#8215=FILL_AREA_STYLE('',(#8552));
#8216=FILL_AREA_STYLE('',(#8553));
#8217=FILL_AREA_STYLE('',(#8554));
#8218=FILL_AREA_STYLE('',(#8555));
#8219=FILL_AREA_STYLE('',(#8556));
#8220=FILL_AREA_STYLE('',(#8557));
#8221=FILL_AREA_STYLE('',(#8558));
#8222=FILL_AREA_STYLE('',(#8559));
#8223=FILL_AREA_STYLE('',(#8560));
#8224=FILL_AREA_STYLE('',(#8561));
#8225=FILL_AREA_STYLE('',(#8562));
#8226=FILL_AREA_STYLE('',(#8563));
#8227=FILL_AREA_STYLE('',(#8564));
#8228=FILL_AREA_STYLE('',(#8565));
#8229=FILL_AREA_STYLE('',(#8566));
#8230=FILL_AREA_STYLE('',(#8567));
#8231=FILL_AREA_STYLE('',(#8568));
#8232=FILL_AREA_STYLE('',(#8569));
#8233=FILL_AREA_STYLE('',(#8570));
#8234=FILL_AREA_STYLE('',(#8571));
#8235=FILL_AREA_STYLE('',(#8572));
#8236=FILL_AREA_STYLE('',(#8573));
#8237=FILL_AREA_STYLE('',(#8574));
#8238=FILL_AREA_STYLE('',(#8575));
#8239=FILL_AREA_STYLE('',(#8576));
#8240=FILL_AREA_STYLE('',(#8577));
#8241=FILL_AREA_STYLE('',(#8578));
#8242=FILL_AREA_STYLE('',(#8579));
#8243=FILL_AREA_STYLE('',(#8580));
#8244=FILL_AREA_STYLE('',(#8581));
#8245=FILL_AREA_STYLE('',(#8582));
#8246=FILL_AREA_STYLE('',(#8583));
#8247=FILL_AREA_STYLE('',(#8584));
#8248=FILL_AREA_STYLE('',(#8585));
#8249=FILL_AREA_STYLE('',(#8586));
#8250=FILL_AREA_STYLE('',(#8587));
#8251=FILL_AREA_STYLE('',(#8588));
#8252=FILL_AREA_STYLE('',(#8589));
#8253=FILL_AREA_STYLE('',(#8590));
#8254=FILL_AREA_STYLE('',(#8591));
#8255=FILL_AREA_STYLE('',(#8592));
#8256=FILL_AREA_STYLE('',(#8593));
#8257=FILL_AREA_STYLE('',(#8594));
#8258=FILL_AREA_STYLE('',(#8595));
#8259=FILL_AREA_STYLE('',(#8596));
#8260=FILL_AREA_STYLE('',(#8597));
#8261=FILL_AREA_STYLE('',(#8598));
#8262=FILL_AREA_STYLE('',(#8599));
#8263=FILL_AREA_STYLE('',(#8600));
#8264=FILL_AREA_STYLE('',(#8601));
#8265=FILL_AREA_STYLE('',(#8602));
#8266=FILL_AREA_STYLE('',(#8603));
#8267=FILL_AREA_STYLE('',(#8604));
#8268=FILL_AREA_STYLE('',(#8605));
#8269=FILL_AREA_STYLE('',(#8606));
#8270=FILL_AREA_STYLE('',(#8607));
#8271=FILL_AREA_STYLE('',(#8608));
#8272=FILL_AREA_STYLE('',(#8609));
#8273=FILL_AREA_STYLE('',(#8610));
#8274=FILL_AREA_STYLE('',(#8611));
#8275=FILL_AREA_STYLE('',(#8612));
#8276=FILL_AREA_STYLE('',(#8613));
#8277=FILL_AREA_STYLE('',(#8614));
#8278=FILL_AREA_STYLE('',(#8615));
#8279=FILL_AREA_STYLE('',(#8616));
#8280=FILL_AREA_STYLE('',(#8617));
#8281=FILL_AREA_STYLE('',(#8618));
#8282=FILL_AREA_STYLE('',(#8619));
#8283=FILL_AREA_STYLE('',(#8620));
#8284=FILL_AREA_STYLE('',(#8621));
#8285=FILL_AREA_STYLE('',(#8622));
#8286=FILL_AREA_STYLE('',(#8623));
#8287=FILL_AREA_STYLE('',(#8624));
#8288=FILL_AREA_STYLE('',(#8625));
#8289=FILL_AREA_STYLE('',(#8626));
#8290=FILL_AREA_STYLE('',(#8627));
#8291=FILL_AREA_STYLE('',(#8628));
#8292=FILL_AREA_STYLE('',(#8629));
#8293=FILL_AREA_STYLE('',(#8630));
#8294=FILL_AREA_STYLE('',(#8631));
#8295=FILL_AREA_STYLE('',(#8632));
#8296=FILL_AREA_STYLE('',(#8633));
#8297=FILL_AREA_STYLE('',(#8634));
#8298=FILL_AREA_STYLE('',(#8635));
#8299=FILL_AREA_STYLE('',(#8636));
#8300=FILL_AREA_STYLE('',(#8637));
#8301=FILL_AREA_STYLE('',(#8638));
#8302=FILL_AREA_STYLE('',(#8639));
#8303=FILL_AREA_STYLE('',(#8640));
#8304=FILL_AREA_STYLE('',(#8641));
#8305=FILL_AREA_STYLE('',(#8642));
#8306=FILL_AREA_STYLE('',(#8643));
#8307=FILL_AREA_STYLE('',(#8644));
#8308=FILL_AREA_STYLE('',(#8645));
#8309=FILL_AREA_STYLE('',(#8646));
#8310=FILL_AREA_STYLE('',(#8647));
#8311=FILL_AREA_STYLE('',(#8648));
#8312=FILL_AREA_STYLE('',(#8649));
#8313=FILL_AREA_STYLE('',(#8650));
#8314=FILL_AREA_STYLE('',(#8651));
#8315=FILL_AREA_STYLE('',(#8652));
#8316=FILL_AREA_STYLE('',(#8653));
#8317=FILL_AREA_STYLE('',(#8654));
#8318=FILL_AREA_STYLE('',(#8655));
#8319=FILL_AREA_STYLE('',(#8656));
#8320=FILL_AREA_STYLE('',(#8657));
#8321=FILL_AREA_STYLE('',(#8658));
#8322=FILL_AREA_STYLE('',(#8659));
#8323=FILL_AREA_STYLE('',(#8660));
#8324=FILL_AREA_STYLE('',(#8661));
#8325=FILL_AREA_STYLE('',(#8662));
#8326=FILL_AREA_STYLE('',(#8663));
#8327=FILL_AREA_STYLE('',(#8664));
#8328=FILL_AREA_STYLE('',(#8665));
#8329=FILL_AREA_STYLE('',(#8666));
#8330=FILL_AREA_STYLE('',(#8667));
#8331=FILL_AREA_STYLE('',(#8668));
#8332=FILL_AREA_STYLE('',(#8669));
#8333=FILL_AREA_STYLE('',(#8670));
#8334=FILL_AREA_STYLE('',(#8671));
#8335=FILL_AREA_STYLE('',(#8672));
#8336=FILL_AREA_STYLE('',(#8673));
#8337=FILL_AREA_STYLE('',(#8674));
#8338=FILL_AREA_STYLE('',(#8675));
#8339=FILL_AREA_STYLE('',(#8676));
#8340=FILL_AREA_STYLE('',(#8677));
#8341=FILL_AREA_STYLE('',(#8678));
#8342=FILL_AREA_STYLE('',(#8679));
#8343=FILL_AREA_STYLE('',(#8680));
#8344=FILL_AREA_STYLE('',(#8681));
#8345=FILL_AREA_STYLE('',(#8682));
#8346=FILL_AREA_STYLE('',(#8683));
#8347=FILL_AREA_STYLE('',(#8684));
#8348=FILL_AREA_STYLE('',(#8685));
#8349=FILL_AREA_STYLE('',(#8686));
#8350=FILL_AREA_STYLE('',(#8687));
#8351=FILL_AREA_STYLE('',(#8688));
#8352=FILL_AREA_STYLE('',(#8689));
#8353=FILL_AREA_STYLE('',(#8690));
#8354=FILL_AREA_STYLE('',(#8691));
#8355=FILL_AREA_STYLE('',(#8692));
#8356=FILL_AREA_STYLE('',(#8693));
#8357=FILL_AREA_STYLE('',(#8694));
#8358=FILL_AREA_STYLE('',(#8695));
#8359=FILL_AREA_STYLE('',(#8696));
#8360=FILL_AREA_STYLE('',(#8697));
#8361=FILL_AREA_STYLE('',(#8698));
#8362=FILL_AREA_STYLE('',(#8699));
#8363=FILL_AREA_STYLE('',(#8700));
#8364=FILL_AREA_STYLE('',(#8701));
#8365=FILL_AREA_STYLE('',(#8702));
#8366=FILL_AREA_STYLE('',(#8703));
#8367=FILL_AREA_STYLE('',(#8704));
#8368=FILL_AREA_STYLE('',(#8705));
#8369=FILL_AREA_STYLE('',(#8706));
#8370=FILL_AREA_STYLE('',(#8707));
#8371=FILL_AREA_STYLE('',(#8708));
#8372=FILL_AREA_STYLE('',(#8709));
#8373=FILL_AREA_STYLE('',(#8710));
#8374=FILL_AREA_STYLE('',(#8711));
#8375=FILL_AREA_STYLE('',(#8712));
#8376=FILL_AREA_STYLE('',(#8713));
#8377=FILL_AREA_STYLE('',(#8714));
#8378=FILL_AREA_STYLE('',(#8715));
#8379=FILL_AREA_STYLE('',(#8716));
#8380=FILL_AREA_STYLE('',(#8717));
#8381=FILL_AREA_STYLE('',(#8718));
#8382=FILL_AREA_STYLE('',(#8719));
#8383=FILL_AREA_STYLE('',(#8720));
#8384=FILL_AREA_STYLE('',(#8721));
#8385=FILL_AREA_STYLE('',(#8722));
#8386=FILL_AREA_STYLE('',(#8723));
#8387=FILL_AREA_STYLE('',(#8724));
#8388=FILL_AREA_STYLE('',(#8725));
#8389=FILL_AREA_STYLE('',(#8726));
#8390=FILL_AREA_STYLE('',(#8727));
#8391=FILL_AREA_STYLE('',(#8728));
#8392=FILL_AREA_STYLE('',(#8729));
#8393=FILL_AREA_STYLE('',(#8730));
#8394=FILL_AREA_STYLE('',(#8731));
#8395=FILL_AREA_STYLE('',(#8732));
#8396=FILL_AREA_STYLE('',(#8733));
#8397=FILL_AREA_STYLE('',(#8734));
#8398=FILL_AREA_STYLE('',(#8735));
#8399=FILL_AREA_STYLE('',(#8736));
#8400=FILL_AREA_STYLE('',(#8737));
#8401=FILL_AREA_STYLE('',(#8738));
#8402=FILL_AREA_STYLE('',(#8739));
#8403=FILL_AREA_STYLE('',(#8740));
#8404=FILL_AREA_STYLE('',(#8741));
#8405=FILL_AREA_STYLE('',(#8742));
#8406=FILL_AREA_STYLE('',(#8743));
#8407=FILL_AREA_STYLE('',(#8744));
#8408=FILL_AREA_STYLE('',(#8745));
#8409=FILL_AREA_STYLE('',(#8746));
#8410=FILL_AREA_STYLE('',(#8747));
#8411=FILL_AREA_STYLE('',(#8748));
#8412=FILL_AREA_STYLE('',(#8749));
#8413=FILL_AREA_STYLE('',(#8750));
#8414=FILL_AREA_STYLE('',(#8751));
#8415=FILL_AREA_STYLE('',(#8752));
#8416=FILL_AREA_STYLE('',(#8753));
#8417=FILL_AREA_STYLE('',(#8754));
#8418=FILL_AREA_STYLE('',(#8755));
#8419=FILL_AREA_STYLE('',(#8756));
#8420=FILL_AREA_STYLE('',(#8757));
#8421=FILL_AREA_STYLE('',(#8758));
#8422=FILL_AREA_STYLE('',(#8759));
#8423=FILL_AREA_STYLE('',(#8760));
#8424=FILL_AREA_STYLE('',(#8761));
#8425=FILL_AREA_STYLE('',(#8762));
#8426=FILL_AREA_STYLE('',(#8763));
#8427=FILL_AREA_STYLE('',(#8764));
#8428=FILL_AREA_STYLE('',(#8765));
#8429=FILL_AREA_STYLE('',(#8766));
#8430=FILL_AREA_STYLE('',(#8767));
#8431=FILL_AREA_STYLE('',(#8768));
#8432=FILL_AREA_STYLE('',(#8769));
#8433=FILL_AREA_STYLE('',(#8770));
#8434=FILL_AREA_STYLE('',(#8771));
#8435=FILL_AREA_STYLE('',(#8772));
#8436=FILL_AREA_STYLE_COLOUR('',#8773);
#8437=FILL_AREA_STYLE_COLOUR('',#8773);
#8438=FILL_AREA_STYLE_COLOUR('',#8773);
#8439=FILL_AREA_STYLE_COLOUR('',#8773);
#8440=FILL_AREA_STYLE_COLOUR('',#8773);
#8441=FILL_AREA_STYLE_COLOUR('',#8773);
#8442=FILL_AREA_STYLE_COLOUR('',#8773);
#8443=FILL_AREA_STYLE_COLOUR('',#8773);
#8444=FILL_AREA_STYLE_COLOUR('',#8773);
#8445=FILL_AREA_STYLE_COLOUR('',#8773);
#8446=FILL_AREA_STYLE_COLOUR('',#8773);
#8447=FILL_AREA_STYLE_COLOUR('',#8773);
#8448=FILL_AREA_STYLE_COLOUR('',#8773);
#8449=FILL_AREA_STYLE_COLOUR('',#8773);
#8450=FILL_AREA_STYLE_COLOUR('',#8773);
#8451=FILL_AREA_STYLE_COLOUR('',#8773);
#8452=FILL_AREA_STYLE_COLOUR('',#8773);
#8453=FILL_AREA_STYLE_COLOUR('',#8773);
#8454=FILL_AREA_STYLE_COLOUR('',#8773);
#8455=FILL_AREA_STYLE_COLOUR('',#8773);
#8456=FILL_AREA_STYLE_COLOUR('',#8773);
#8457=FILL_AREA_STYLE_COLOUR('',#8773);
#8458=FILL_AREA_STYLE_COLOUR('',#8773);
#8459=FILL_AREA_STYLE_COLOUR('',#8773);
#8460=FILL_AREA_STYLE_COLOUR('',#8773);
#8461=FILL_AREA_STYLE_COLOUR('',#8773);
#8462=FILL_AREA_STYLE_COLOUR('',#8773);
#8463=FILL_AREA_STYLE_COLOUR('',#8773);
#8464=FILL_AREA_STYLE_COLOUR('',#8773);
#8465=FILL_AREA_STYLE_COLOUR('',#8773);
#8466=FILL_AREA_STYLE_COLOUR('',#8773);
#8467=FILL_AREA_STYLE_COLOUR('',#8773);
#8468=FILL_AREA_STYLE_COLOUR('',#8773);
#8469=FILL_AREA_STYLE_COLOUR('',#8773);
#8470=FILL_AREA_STYLE_COLOUR('',#8773);
#8471=FILL_AREA_STYLE_COLOUR('',#8773);
#8472=FILL_AREA_STYLE_COLOUR('',#8773);
#8473=FILL_AREA_STYLE_COLOUR('',#8773);
#8474=FILL_AREA_STYLE_COLOUR('',#8773);
#8475=FILL_AREA_STYLE_COLOUR('',#8773);
#8476=FILL_AREA_STYLE_COLOUR('',#8773);
#8477=FILL_AREA_STYLE_COLOUR('',#8773);
#8478=FILL_AREA_STYLE_COLOUR('',#8773);
#8479=FILL_AREA_STYLE_COLOUR('',#8773);
#8480=FILL_AREA_STYLE_COLOUR('',#8773);
#8481=FILL_AREA_STYLE_COLOUR('',#8773);
#8482=FILL_AREA_STYLE_COLOUR('',#8773);
#8483=FILL_AREA_STYLE_COLOUR('',#8773);
#8484=FILL_AREA_STYLE_COLOUR('',#8773);
#8485=FILL_AREA_STYLE_COLOUR('',#8773);
#8486=FILL_AREA_STYLE_COLOUR('',#8773);
#8487=FILL_AREA_STYLE_COLOUR('',#8773);
#8488=FILL_AREA_STYLE_COLOUR('',#8773);
#8489=FILL_AREA_STYLE_COLOUR('',#8773);
#8490=FILL_AREA_STYLE_COLOUR('',#8773);
#8491=FILL_AREA_STYLE_COLOUR('',#8773);
#8492=FILL_AREA_STYLE_COLOUR('',#8773);
#8493=FILL_AREA_STYLE_COLOUR('',#8773);
#8494=FILL_AREA_STYLE_COLOUR('',#8773);
#8495=FILL_AREA_STYLE_COLOUR('',#8773);
#8496=FILL_AREA_STYLE_COLOUR('',#8773);
#8497=FILL_AREA_STYLE_COLOUR('',#8773);
#8498=FILL_AREA_STYLE_COLOUR('',#8773);
#8499=FILL_AREA_STYLE_COLOUR('',#8773);
#8500=FILL_AREA_STYLE_COLOUR('',#8773);
#8501=FILL_AREA_STYLE_COLOUR('',#8773);
#8502=FILL_AREA_STYLE_COLOUR('',#8773);
#8503=FILL_AREA_STYLE_COLOUR('',#8773);
#8504=FILL_AREA_STYLE_COLOUR('',#8773);
#8505=FILL_AREA_STYLE_COLOUR('',#8773);
#8506=FILL_AREA_STYLE_COLOUR('',#8773);
#8507=FILL_AREA_STYLE_COLOUR('',#8773);
#8508=FILL_AREA_STYLE_COLOUR('',#8773);
#8509=FILL_AREA_STYLE_COLOUR('',#8773);
#8510=FILL_AREA_STYLE_COLOUR('',#8773);
#8511=FILL_AREA_STYLE_COLOUR('',#8773);
#8512=FILL_AREA_STYLE_COLOUR('',#8773);
#8513=FILL_AREA_STYLE_COLOUR('',#8773);
#8514=FILL_AREA_STYLE_COLOUR('',#8773);
#8515=FILL_AREA_STYLE_COLOUR('',#8773);
#8516=FILL_AREA_STYLE_COLOUR('',#8773);
#8517=FILL_AREA_STYLE_COLOUR('',#8773);
#8518=FILL_AREA_STYLE_COLOUR('',#8773);
#8519=FILL_AREA_STYLE_COLOUR('',#8773);
#8520=FILL_AREA_STYLE_COLOUR('',#8773);
#8521=FILL_AREA_STYLE_COLOUR('',#8773);
#8522=FILL_AREA_STYLE_COLOUR('',#8773);
#8523=FILL_AREA_STYLE_COLOUR('',#8773);
#8524=FILL_AREA_STYLE_COLOUR('',#8773);
#8525=FILL_AREA_STYLE_COLOUR('',#8773);
#8526=FILL_AREA_STYLE_COLOUR('',#8773);
#8527=FILL_AREA_STYLE_COLOUR('',#8773);
#8528=FILL_AREA_STYLE_COLOUR('',#8773);
#8529=FILL_AREA_STYLE_COLOUR('',#8773);
#8530=FILL_AREA_STYLE_COLOUR('',#8773);
#8531=FILL_AREA_STYLE_COLOUR('',#8773);
#8532=FILL_AREA_STYLE_COLOUR('',#8773);
#8533=FILL_AREA_STYLE_COLOUR('',#8773);
#8534=FILL_AREA_STYLE_COLOUR('',#8773);
#8535=FILL_AREA_STYLE_COLOUR('',#8773);
#8536=FILL_AREA_STYLE_COLOUR('',#8773);
#8537=FILL_AREA_STYLE_COLOUR('',#8773);
#8538=FILL_AREA_STYLE_COLOUR('',#8773);
#8539=FILL_AREA_STYLE_COLOUR('',#8773);
#8540=FILL_AREA_STYLE_COLOUR('',#8773);
#8541=FILL_AREA_STYLE_COLOUR('',#8773);
#8542=FILL_AREA_STYLE_COLOUR('',#8773);
#8543=FILL_AREA_STYLE_COLOUR('',#8773);
#8544=FILL_AREA_STYLE_COLOUR('',#8773);
#8545=FILL_AREA_STYLE_COLOUR('',#8773);
#8546=FILL_AREA_STYLE_COLOUR('',#8773);
#8547=FILL_AREA_STYLE_COLOUR('',#8773);
#8548=FILL_AREA_STYLE_COLOUR('',#8773);
#8549=FILL_AREA_STYLE_COLOUR('',#8773);
#8550=FILL_AREA_STYLE_COLOUR('',#8773);
#8551=FILL_AREA_STYLE_COLOUR('',#8773);
#8552=FILL_AREA_STYLE_COLOUR('',#8773);
#8553=FILL_AREA_STYLE_COLOUR('',#8773);
#8554=FILL_AREA_STYLE_COLOUR('',#8773);
#8555=FILL_AREA_STYLE_COLOUR('',#8773);
#8556=FILL_AREA_STYLE_COLOUR('',#8773);
#8557=FILL_AREA_STYLE_COLOUR('',#8773);
#8558=FILL_AREA_STYLE_COLOUR('',#8773);
#8559=FILL_AREA_STYLE_COLOUR('',#8773);
#8560=FILL_AREA_STYLE_COLOUR('',#8773);
#8561=FILL_AREA_STYLE_COLOUR('',#8773);
#8562=FILL_AREA_STYLE_COLOUR('',#8773);
#8563=FILL_AREA_STYLE_COLOUR('',#8773);
#8564=FILL_AREA_STYLE_COLOUR('',#8773);
#8565=FILL_AREA_STYLE_COLOUR('',#8773);
#8566=FILL_AREA_STYLE_COLOUR('',#8773);
#8567=FILL_AREA_STYLE_COLOUR('',#8773);
#8568=FILL_AREA_STYLE_COLOUR('',#8773);
#8569=FILL_AREA_STYLE_COLOUR('',#8773);
#8570=FILL_AREA_STYLE_COLOUR('',#8773);
#8571=FILL_AREA_STYLE_COLOUR('',#8773);
#8572=FILL_AREA_STYLE_COLOUR('',#8773);
#8573=FILL_AREA_STYLE_COLOUR('',#8773);
#8574=FILL_AREA_STYLE_COLOUR('',#8773);
#8575=FILL_AREA_STYLE_COLOUR('',#8773);
#8576=FILL_AREA_STYLE_COLOUR('',#8773);
#8577=FILL_AREA_STYLE_COLOUR('',#8773);
#8578=FILL_AREA_STYLE_COLOUR('',#8773);
#8579=FILL_AREA_STYLE_COLOUR('',#8773);
#8580=FILL_AREA_STYLE_COLOUR('',#8773);
#8581=FILL_AREA_STYLE_COLOUR('',#8773);
#8582=FILL_AREA_STYLE_COLOUR('',#8773);
#8583=FILL_AREA_STYLE_COLOUR('',#8773);
#8584=FILL_AREA_STYLE_COLOUR('',#8773);
#8585=FILL_AREA_STYLE_COLOUR('',#8773);
#8586=FILL_AREA_STYLE_COLOUR('',#8773);
#8587=FILL_AREA_STYLE_COLOUR('',#8773);
#8588=FILL_AREA_STYLE_COLOUR('',#8773);
#8589=FILL_AREA_STYLE_COLOUR('',#8773);
#8590=FILL_AREA_STYLE_COLOUR('',#8773);
#8591=FILL_AREA_STYLE_COLOUR('',#8773);
#8592=FILL_AREA_STYLE_COLOUR('',#8773);
#8593=FILL_AREA_STYLE_COLOUR('',#8773);
#8594=FILL_AREA_STYLE_COLOUR('',#8773);
#8595=FILL_AREA_STYLE_COLOUR('',#8773);
#8596=FILL_AREA_STYLE_COLOUR('',#8773);
#8597=FILL_AREA_STYLE_COLOUR('',#8773);
#8598=FILL_AREA_STYLE_COLOUR('',#8773);
#8599=FILL_AREA_STYLE_COLOUR('',#8773);
#8600=FILL_AREA_STYLE_COLOUR('',#8773);
#8601=FILL_AREA_STYLE_COLOUR('',#8774);
#8602=FILL_AREA_STYLE_COLOUR('',#8774);
#8603=FILL_AREA_STYLE_COLOUR('',#8774);
#8604=FILL_AREA_STYLE_COLOUR('',#8774);
#8605=FILL_AREA_STYLE_COLOUR('',#8774);
#8606=FILL_AREA_STYLE_COLOUR('',#8773);
#8607=FILL_AREA_STYLE_COLOUR('',#8773);
#8608=FILL_AREA_STYLE_COLOUR('',#8773);
#8609=FILL_AREA_STYLE_COLOUR('',#8773);
#8610=FILL_AREA_STYLE_COLOUR('',#8773);
#8611=FILL_AREA_STYLE_COLOUR('',#8773);
#8612=FILL_AREA_STYLE_COLOUR('',#8773);
#8613=FILL_AREA_STYLE_COLOUR('',#8773);
#8614=FILL_AREA_STYLE_COLOUR('',#8773);
#8615=FILL_AREA_STYLE_COLOUR('',#8773);
#8616=FILL_AREA_STYLE_COLOUR('',#8773);
#8617=FILL_AREA_STYLE_COLOUR('',#8773);
#8618=FILL_AREA_STYLE_COLOUR('',#8773);
#8619=FILL_AREA_STYLE_COLOUR('',#8773);
#8620=FILL_AREA_STYLE_COLOUR('',#8773);
#8621=FILL_AREA_STYLE_COLOUR('',#8773);
#8622=FILL_AREA_STYLE_COLOUR('',#8773);
#8623=FILL_AREA_STYLE_COLOUR('',#8773);
#8624=FILL_AREA_STYLE_COLOUR('',#8773);
#8625=FILL_AREA_STYLE_COLOUR('',#8773);
#8626=FILL_AREA_STYLE_COLOUR('',#8773);
#8627=FILL_AREA_STYLE_COLOUR('',#8773);
#8628=FILL_AREA_STYLE_COLOUR('',#8773);
#8629=FILL_AREA_STYLE_COLOUR('',#8773);
#8630=FILL_AREA_STYLE_COLOUR('',#8773);
#8631=FILL_AREA_STYLE_COLOUR('',#8773);
#8632=FILL_AREA_STYLE_COLOUR('',#8773);
#8633=FILL_AREA_STYLE_COLOUR('',#8773);
#8634=FILL_AREA_STYLE_COLOUR('',#8773);
#8635=FILL_AREA_STYLE_COLOUR('',#8773);
#8636=FILL_AREA_STYLE_COLOUR('',#8773);
#8637=FILL_AREA_STYLE_COLOUR('',#8773);
#8638=FILL_AREA_STYLE_COLOUR('',#8773);
#8639=FILL_AREA_STYLE_COLOUR('',#8773);
#8640=FILL_AREA_STYLE_COLOUR('',#8773);
#8641=FILL_AREA_STYLE_COLOUR('',#8775);
#8642=FILL_AREA_STYLE_COLOUR('',#8775);
#8643=FILL_AREA_STYLE_COLOUR('',#8775);
#8644=FILL_AREA_STYLE_COLOUR('',#8773);
#8645=FILL_AREA_STYLE_COLOUR('',#8773);
#8646=FILL_AREA_STYLE_COLOUR('',#8774);
#8647=FILL_AREA_STYLE_COLOUR('',#8775);
#8648=FILL_AREA_STYLE_COLOUR('',#8775);
#8649=FILL_AREA_STYLE_COLOUR('',#8775);
#8650=FILL_AREA_STYLE_COLOUR('',#8775);
#8651=FILL_AREA_STYLE_COLOUR('',#8774);
#8652=FILL_AREA_STYLE_COLOUR('',#8774);
#8653=FILL_AREA_STYLE_COLOUR('',#8774);
#8654=FILL_AREA_STYLE_COLOUR('',#8774);
#8655=FILL_AREA_STYLE_COLOUR('',#8774);
#8656=FILL_AREA_STYLE_COLOUR('',#8774);
#8657=FILL_AREA_STYLE_COLOUR('',#8774);
#8658=FILL_AREA_STYLE_COLOUR('',#8774);
#8659=FILL_AREA_STYLE_COLOUR('',#8773);
#8660=FILL_AREA_STYLE_COLOUR('',#8773);
#8661=FILL_AREA_STYLE_COLOUR('',#8773);
#8662=FILL_AREA_STYLE_COLOUR('',#8773);
#8663=FILL_AREA_STYLE_COLOUR('',#8773);
#8664=FILL_AREA_STYLE_COLOUR('',#8773);
#8665=FILL_AREA_STYLE_COLOUR('',#8773);
#8666=FILL_AREA_STYLE_COLOUR('',#8773);
#8667=FILL_AREA_STYLE_COLOUR('',#8773);
#8668=FILL_AREA_STYLE_COLOUR('',#8775);
#8669=FILL_AREA_STYLE_COLOUR('',#8773);
#8670=FILL_AREA_STYLE_COLOUR('',#8773);
#8671=FILL_AREA_STYLE_COLOUR('',#8775);
#8672=FILL_AREA_STYLE_COLOUR('',#8775);
#8673=FILL_AREA_STYLE_COLOUR('',#8773);
#8674=FILL_AREA_STYLE_COLOUR('',#8775);
#8675=FILL_AREA_STYLE_COLOUR('',#8775);
#8676=FILL_AREA_STYLE_COLOUR('',#8773);
#8677=FILL_AREA_STYLE_COLOUR('',#8775);
#8678=FILL_AREA_STYLE_COLOUR('',#8775);
#8679=FILL_AREA_STYLE_COLOUR('',#8775);
#8680=FILL_AREA_STYLE_COLOUR('',#8774);
#8681=FILL_AREA_STYLE_COLOUR('',#8774);
#8682=FILL_AREA_STYLE_COLOUR('',#8774);
#8683=FILL_AREA_STYLE_COLOUR('',#8774);
#8684=FILL_AREA_STYLE_COLOUR('',#8774);
#8685=FILL_AREA_STYLE_COLOUR('',#8775);
#8686=FILL_AREA_STYLE_COLOUR('',#8775);
#8687=FILL_AREA_STYLE_COLOUR('',#8775);
#8688=FILL_AREA_STYLE_COLOUR('',#8775);
#8689=FILL_AREA_STYLE_COLOUR('',#8775);
#8690=FILL_AREA_STYLE_COLOUR('',#8775);
#8691=FILL_AREA_STYLE_COLOUR('',#8775);
#8692=FILL_AREA_STYLE_COLOUR('',#8775);
#8693=FILL_AREA_STYLE_COLOUR('',#8775);
#8694=FILL_AREA_STYLE_COLOUR('',#8775);
#8695=FILL_AREA_STYLE_COLOUR('',#8775);
#8696=FILL_AREA_STYLE_COLOUR('',#8775);
#8697=FILL_AREA_STYLE_COLOUR('',#8775);
#8698=FILL_AREA_STYLE_COLOUR('',#8775);
#8699=FILL_AREA_STYLE_COLOUR('',#8775);
#8700=FILL_AREA_STYLE_COLOUR('',#8775);
#8701=FILL_AREA_STYLE_COLOUR('',#8775);
#8702=FILL_AREA_STYLE_COLOUR('',#8775);
#8703=FILL_AREA_STYLE_COLOUR('',#8775);
#8704=FILL_AREA_STYLE_COLOUR('',#8775);
#8705=FILL_AREA_STYLE_COLOUR('',#8775);
#8706=FILL_AREA_STYLE_COLOUR('',#8775);
#8707=FILL_AREA_STYLE_COLOUR('',#8775);
#8708=FILL_AREA_STYLE_COLOUR('',#8775);
#8709=FILL_AREA_STYLE_COLOUR('',#8775);
#8710=FILL_AREA_STYLE_COLOUR('',#8775);
#8711=FILL_AREA_STYLE_COLOUR('',#8775);
#8712=FILL_AREA_STYLE_COLOUR('',#8775);
#8713=FILL_AREA_STYLE_COLOUR('',#8775);
#8714=FILL_AREA_STYLE_COLOUR('',#8775);
#8715=FILL_AREA_STYLE_COLOUR('',#8775);
#8716=FILL_AREA_STYLE_COLOUR('',#8775);
#8717=FILL_AREA_STYLE_COLOUR('',#8775);
#8718=FILL_AREA_STYLE_COLOUR('',#8775);
#8719=FILL_AREA_STYLE_COLOUR('',#8775);
#8720=FILL_AREA_STYLE_COLOUR('',#8775);
#8721=FILL_AREA_STYLE_COLOUR('',#8775);
#8722=FILL_AREA_STYLE_COLOUR('',#8775);
#8723=FILL_AREA_STYLE_COLOUR('',#8775);
#8724=FILL_AREA_STYLE_COLOUR('',#8775);
#8725=FILL_AREA_STYLE_COLOUR('',#8775);
#8726=FILL_AREA_STYLE_COLOUR('',#8775);
#8727=FILL_AREA_STYLE_COLOUR('',#8775);
#8728=FILL_AREA_STYLE_COLOUR('',#8775);
#8729=FILL_AREA_STYLE_COLOUR('',#8775);
#8730=FILL_AREA_STYLE_COLOUR('',#8775);
#8731=FILL_AREA_STYLE_COLOUR('',#8775);
#8732=FILL_AREA_STYLE_COLOUR('',#8775);
#8733=FILL_AREA_STYLE_COLOUR('',#8775);
#8734=FILL_AREA_STYLE_COLOUR('',#8775);
#8735=FILL_AREA_STYLE_COLOUR('',#8775);
#8736=FILL_AREA_STYLE_COLOUR('',#8775);
#8737=FILL_AREA_STYLE_COLOUR('',#8775);
#8738=FILL_AREA_STYLE_COLOUR('',#8775);
#8739=FILL_AREA_STYLE_COLOUR('',#8775);
#8740=FILL_AREA_STYLE_COLOUR('',#8774);
#8741=FILL_AREA_STYLE_COLOUR('',#8774);
#8742=FILL_AREA_STYLE_COLOUR('',#8774);
#8743=FILL_AREA_STYLE_COLOUR('',#8775);
#8744=FILL_AREA_STYLE_COLOUR('',#8775);
#8745=FILL_AREA_STYLE_COLOUR('',#8775);
#8746=FILL_AREA_STYLE_COLOUR('',#8775);
#8747=FILL_AREA_STYLE_COLOUR('',#8775);
#8748=FILL_AREA_STYLE_COLOUR('',#8775);
#8749=FILL_AREA_STYLE_COLOUR('',#8775);
#8750=FILL_AREA_STYLE_COLOUR('',#8775);
#8751=FILL_AREA_STYLE_COLOUR('',#8775);
#8752=FILL_AREA_STYLE_COLOUR('',#8775);
#8753=FILL_AREA_STYLE_COLOUR('',#8775);
#8754=FILL_AREA_STYLE_COLOUR('',#8775);
#8755=FILL_AREA_STYLE_COLOUR('',#8775);
#8756=FILL_AREA_STYLE_COLOUR('',#8773);
#8757=FILL_AREA_STYLE_COLOUR('',#8773);
#8758=FILL_AREA_STYLE_COLOUR('',#8773);
#8759=FILL_AREA_STYLE_COLOUR('',#8773);
#8760=FILL_AREA_STYLE_COLOUR('',#8773);
#8761=FILL_AREA_STYLE_COLOUR('',#8773);
#8762=FILL_AREA_STYLE_COLOUR('',#8773);
#8763=FILL_AREA_STYLE_COLOUR('',#8773);
#8764=FILL_AREA_STYLE_COLOUR('',#8773);
#8765=FILL_AREA_STYLE_COLOUR('',#8773);
#8766=FILL_AREA_STYLE_COLOUR('',#8773);
#8767=FILL_AREA_STYLE_COLOUR('',#8773);
#8768=FILL_AREA_STYLE_COLOUR('',#8773);
#8769=FILL_AREA_STYLE_COLOUR('',#8773);
#8770=FILL_AREA_STYLE_COLOUR('',#8773);
#8771=FILL_AREA_STYLE_COLOUR('',#8773);
#8772=FILL_AREA_STYLE_COLOUR('',#8773);
#8773=COLOUR_RGB('',0.749019622802734,0.665650486946106,0.449411779642105);
#8774=COLOUR_RGB('',0.200000002980232,0.200000002980232,0.200000002980232);
#8775=COLOUR_RGB('',0.949999988079071,0.949999988079071,0.949999988079071);
#8776=ADVANCED_FACE('',(#5781),#6118,.F.);
#8777=ADVANCED_FACE('',(#5782),#6119,.T.);
#8778=ADVANCED_FACE('',(#5783),#6120,.T.);
#8779=ADVANCED_FACE('',(#5784),#6121,.T.);
#8780=ADVANCED_FACE('',(#5785),#6122,.T.);
#8781=ADVANCED_FACE('',(#5786),#6123,.F.);
#8782=ADVANCED_FACE('',(#5787),#6124,.T.);
#8783=ADVANCED_FACE('',(#5788),#6125,.T.);
#8784=ADVANCED_FACE('',(#5789),#6126,.T.);
#8785=ADVANCED_FACE('',(#5790),#6127,.T.);
#8786=ADVANCED_FACE('',(#5791),#6128,.F.);
#8787=ADVANCED_FACE('',(#5792),#6129,.T.);
#8788=ADVANCED_FACE('',(#5793),#6130,.T.);
#8789=ADVANCED_FACE('',(#5794),#6131,.T.);
#8790=ADVANCED_FACE('',(#5795),#6132,.T.);
#8791=ADVANCED_FACE('',(#5796),#6133,.F.);
#8792=ADVANCED_FACE('',(#5797),#6134,.T.);
#8793=ADVANCED_FACE('',(#5798),#6135,.T.);
#8794=ADVANCED_FACE('',(#5799),#6136,.T.);
#8795=ADVANCED_FACE('',(#5800),#6137,.T.);
#8796=ADVANCED_FACE('',(#5801),#6138,.F.);
#8797=ADVANCED_FACE('',(#5802),#6139,.T.);
#8798=ADVANCED_FACE('',(#5803),#6140,.T.);
#8799=ADVANCED_FACE('',(#5804),#6141,.T.);
#8800=ADVANCED_FACE('',(#5805),#6142,.T.);
#8801=ADVANCED_FACE('',(#5806),#6143,.F.);
#8802=ADVANCED_FACE('',(#5807),#6144,.T.);
#8803=ADVANCED_FACE('',(#5808),#6145,.T.);
#8804=ADVANCED_FACE('',(#5809),#6146,.T.);
#8805=ADVANCED_FACE('',(#5810),#6147,.T.);
#8806=ADVANCED_FACE('',(#5811),#6148,.F.);
#8807=ADVANCED_FACE('',(#5812),#6149,.T.);
#8808=ADVANCED_FACE('',(#5813),#6150,.T.);
#8809=ADVANCED_FACE('',(#5814),#6151,.T.);
#8810=ADVANCED_FACE('',(#5815),#6152,.T.);
#8811=ADVANCED_FACE('',(#5816),#6153,.F.);
#8812=ADVANCED_FACE('',(#5817),#6154,.T.);
#8813=ADVANCED_FACE('',(#5818),#6155,.T.);
#8814=ADVANCED_FACE('',(#5819),#6156,.T.);
#8815=ADVANCED_FACE('',(#5820),#6157,.T.);
#8816=ADVANCED_FACE('',(#5821),#6158,.F.);
#8817=ADVANCED_FACE('',(#5822),#6159,.T.);
#8818=ADVANCED_FACE('',(#5823),#6160,.T.);
#8819=ADVANCED_FACE('',(#5824),#6161,.T.);
#8820=ADVANCED_FACE('',(#5825),#6162,.T.);
#8821=ADVANCED_FACE('',(#5826),#6163,.F.);
#8822=ADVANCED_FACE('',(#5827),#6164,.T.);
#8823=ADVANCED_FACE('',(#5828),#6165,.T.);
#8824=ADVANCED_FACE('',(#5829),#6166,.T.);
#8825=ADVANCED_FACE('',(#5830),#6167,.T.);
#8826=ADVANCED_FACE('',(#5831),#6168,.F.);
#8827=ADVANCED_FACE('',(#5832),#6169,.T.);
#8828=ADVANCED_FACE('',(#5833),#6170,.T.);
#8829=ADVANCED_FACE('',(#5834),#6171,.T.);
#8830=ADVANCED_FACE('',(#5835),#6172,.T.);
#8831=ADVANCED_FACE('',(#5836),#6173,.T.);
#8832=ADVANCED_FACE('',(#5837),#6174,.T.);
#8833=ADVANCED_FACE('',(#5838),#6175,.T.);
#8834=ADVANCED_FACE('',(#5839),#6176,.T.);
#8835=ADVANCED_FACE('',(#5840),#104,.F.);
#8836=ADVANCED_FACE('',(#5841),#6177,.T.);
#8837=ADVANCED_FACE('',(#5842),#105,.T.);
#8838=ADVANCED_FACE('',(#5843),#6178,.T.);
#8839=ADVANCED_FACE('',(#5844),#6179,.T.);
#8840=ADVANCED_FACE('',(#5845),#6180,.F.);
#8841=ADVANCED_FACE('',(#5846),#6181,.F.);
#8842=ADVANCED_FACE('',(#5847),#6182,.T.);
#8843=ADVANCED_FACE('',(#5848),#6183,.T.);
#8844=ADVANCED_FACE('',(#5849),#6184,.T.);
#8845=ADVANCED_FACE('',(#5850),#6185,.T.);
#8846=ADVANCED_FACE('',(#5851),#6186,.T.);
#8847=ADVANCED_FACE('',(#5852),#6187,.T.);
#8848=ADVANCED_FACE('',(#5853),#6188,.T.);
#8849=ADVANCED_FACE('',(#5854),#106,.T.);
#8850=ADVANCED_FACE('',(#5855),#6189,.T.);
#8851=ADVANCED_FACE('',(#5856),#107,.F.);
#8852=ADVANCED_FACE('',(#5857),#6190,.T.);
#8853=ADVANCED_FACE('',(#5858),#6191,.T.);
#8854=ADVANCED_FACE('',(#5859),#6192,.T.);
#8855=ADVANCED_FACE('',(#5860),#6193,.T.);
#8856=ADVANCED_FACE('',(#5861),#6194,.T.);
#8857=ADVANCED_FACE('',(#5862),#108,.F.);
#8858=ADVANCED_FACE('',(#5863),#6195,.T.);
#8859=ADVANCED_FACE('',(#5864),#109,.T.);
#8860=ADVANCED_FACE('',(#5865),#6196,.T.);
#8861=ADVANCED_FACE('',(#5866),#6197,.T.);
#8862=ADVANCED_FACE('',(#5867),#6198,.F.);
#8863=ADVANCED_FACE('',(#5868),#6199,.F.);
#8864=ADVANCED_FACE('',(#5869),#6200,.T.);
#8865=ADVANCED_FACE('',(#5870),#6201,.T.);
#8866=ADVANCED_FACE('',(#5871),#6202,.T.);
#8867=ADVANCED_FACE('',(#5872),#6203,.T.);
#8868=ADVANCED_FACE('',(#5873),#6204,.T.);
#8869=ADVANCED_FACE('',(#5874),#6205,.T.);
#8870=ADVANCED_FACE('',(#5875),#6206,.T.);
#8871=ADVANCED_FACE('',(#5876),#110,.T.);
#8872=ADVANCED_FACE('',(#5877),#6207,.T.);
#8873=ADVANCED_FACE('',(#5878),#111,.F.);
#8874=ADVANCED_FACE('',(#5879),#6208,.T.);
#8875=ADVANCED_FACE('',(#5880),#6209,.T.);
#8876=ADVANCED_FACE('',(#5881),#6210,.T.);
#8877=ADVANCED_FACE('',(#5882),#6211,.T.);
#8878=ADVANCED_FACE('',(#5883),#6212,.T.);
#8879=ADVANCED_FACE('',(#5884),#112,.F.);
#8880=ADVANCED_FACE('',(#5885),#6213,.T.);
#8881=ADVANCED_FACE('',(#5886),#113,.T.);
#8882=ADVANCED_FACE('',(#5887),#6214,.T.);
#8883=ADVANCED_FACE('',(#5888),#6215,.T.);
#8884=ADVANCED_FACE('',(#5889),#6216,.F.);
#8885=ADVANCED_FACE('',(#5890),#6217,.F.);
#8886=ADVANCED_FACE('',(#5891),#6218,.T.);
#8887=ADVANCED_FACE('',(#5892),#6219,.T.);
#8888=ADVANCED_FACE('',(#5893),#6220,.T.);
#8889=ADVANCED_FACE('',(#5894),#6221,.T.);
#8890=ADVANCED_FACE('',(#5895),#6222,.T.);
#8891=ADVANCED_FACE('',(#5896),#6223,.T.);
#8892=ADVANCED_FACE('',(#5897),#6224,.T.);
#8893=ADVANCED_FACE('',(#5898),#114,.T.);
#8894=ADVANCED_FACE('',(#5899),#6225,.T.);
#8895=ADVANCED_FACE('',(#5900),#115,.F.);
#8896=ADVANCED_FACE('',(#5901),#6226,.T.);
#8897=ADVANCED_FACE('',(#5902),#6227,.T.);
#8898=ADVANCED_FACE('',(#5903),#6228,.T.);
#8899=ADVANCED_FACE('',(#5904),#6229,.T.);
#8900=ADVANCED_FACE('',(#5905),#6230,.T.);
#8901=ADVANCED_FACE('',(#5906),#116,.F.);
#8902=ADVANCED_FACE('',(#5907),#6231,.T.);
#8903=ADVANCED_FACE('',(#5908),#117,.T.);
#8904=ADVANCED_FACE('',(#5909),#6232,.T.);
#8905=ADVANCED_FACE('',(#5910),#6233,.T.);
#8906=ADVANCED_FACE('',(#5911),#6234,.F.);
#8907=ADVANCED_FACE('',(#5912),#6235,.F.);
#8908=ADVANCED_FACE('',(#5913),#6236,.T.);
#8909=ADVANCED_FACE('',(#5914),#6237,.T.);
#8910=ADVANCED_FACE('',(#5915),#6238,.T.);
#8911=ADVANCED_FACE('',(#5916),#6239,.T.);
#8912=ADVANCED_FACE('',(#5917),#6240,.T.);
#8913=ADVANCED_FACE('',(#5918),#6241,.T.);
#8914=ADVANCED_FACE('',(#5919),#6242,.T.);
#8915=ADVANCED_FACE('',(#5920),#118,.T.);
#8916=ADVANCED_FACE('',(#5921),#6243,.T.);
#8917=ADVANCED_FACE('',(#5922),#119,.F.);
#8918=ADVANCED_FACE('',(#5923),#6244,.T.);
#8919=ADVANCED_FACE('',(#5924),#6245,.T.);
#8920=ADVANCED_FACE('',(#5925),#6246,.T.);
#8921=ADVANCED_FACE('',(#5926),#6247,.T.);
#8922=ADVANCED_FACE('',(#5927),#6248,.T.);
#8923=ADVANCED_FACE('',(#5928),#120,.F.);
#8924=ADVANCED_FACE('',(#5929),#6249,.T.);
#8925=ADVANCED_FACE('',(#5930),#121,.T.);
#8926=ADVANCED_FACE('',(#5931),#6250,.T.);
#8927=ADVANCED_FACE('',(#5932),#6251,.T.);
#8928=ADVANCED_FACE('',(#5933),#6252,.F.);
#8929=ADVANCED_FACE('',(#5934),#6253,.F.);
#8930=ADVANCED_FACE('',(#5935),#6254,.T.);
#8931=ADVANCED_FACE('',(#5936),#6255,.T.);
#8932=ADVANCED_FACE('',(#5937),#6256,.T.);
#8933=ADVANCED_FACE('',(#5938),#6257,.T.);
#8934=ADVANCED_FACE('',(#5939),#6258,.T.);
#8935=ADVANCED_FACE('',(#5940),#6259,.T.);
#8936=ADVANCED_FACE('',(#5941),#6260,.T.);
#8937=ADVANCED_FACE('',(#5942),#122,.T.);
#8938=ADVANCED_FACE('',(#5943),#6261,.T.);
#8939=ADVANCED_FACE('',(#5944),#123,.F.);
#8940=ADVANCED_FACE('',(#5945),#6262,.T.);
#8941=ADVANCED_FACE('',(#5946),#6263,.T.);
#8942=ADVANCED_FACE('',(#5947),#6264,.T.);
#8943=ADVANCED_FACE('',(#5948),#6265,.T.);
#8944=ADVANCED_FACE('',(#5949),#6266,.T.);
#8945=ADVANCED_FACE('',(#5950),#6267,.T.);
#8946=ADVANCED_FACE('',(#5951),#6268,.F.);
#8947=ADVANCED_FACE('',(#5952),#124,.T.);
#8948=ADVANCED_FACE('',(#5953),#6269,.F.);
#8949=ADVANCED_FACE('',(#5954),#6270,.F.);
#8950=ADVANCED_FACE('',(#5955),#6271,.F.);
#8951=ADVANCED_FACE('',(#5956),#6272,.F.);
#8952=ADVANCED_FACE('',(#5957),#6273,.F.);
#8953=ADVANCED_FACE('',(#5958),#6274,.F.);
#8954=ADVANCED_FACE('',(#5959),#125,.F.);
#8955=ADVANCED_FACE('',(#5960),#6275,.F.);
#8956=ADVANCED_FACE('',(#5961),#126,.T.);
#8957=ADVANCED_FACE('',(#5962),#6276,.F.);
#8958=ADVANCED_FACE('',(#5963),#6277,.T.);
#8959=ADVANCED_FACE('',(#5964),#6278,.T.);
#8960=ADVANCED_FACE('',(#5965),#6279,.T.);
#8961=ADVANCED_FACE('',(#5966),#127,.F.);
#8962=ADVANCED_FACE('',(#5967),#6280,.T.);
#8963=ADVANCED_FACE('',(#5968),#128,.T.);
#8964=ADVANCED_FACE('',(#5969),#6281,.T.);
#8965=ADVANCED_FACE('',(#5970),#6282,.T.);
#8966=ADVANCED_FACE('',(#5971),#6283,.T.);
#8967=ADVANCED_FACE('',(#5972),#6284,.F.);
#8968=ADVANCED_FACE('',(#5973),#6285,.F.);
#8969=ADVANCED_FACE('',(#5974),#6286,.F.);
#8970=ADVANCED_FACE('',(#5975),#129,.F.);
#8971=ADVANCED_FACE('',(#5976),#6287,.F.);
#8972=ADVANCED_FACE('',(#5977),#130,.T.);
#8973=ADVANCED_FACE('',(#5978),#6288,.F.);
#8974=ADVANCED_FACE('',(#5979),#6289,.F.);
#8975=ADVANCED_FACE('',(#5980),#6290,.F.);
#8976=ADVANCED_FACE('',(#5981),#6291,.F.);
#8977=ADVANCED_FACE('',(#5982),#131,.T.);
#8978=ADVANCED_FACE('',(#5983),#6292,.F.);
#8979=ADVANCED_FACE('',(#5984),#132,.F.);
#8980=ADVANCED_FACE('',(#5985),#133,.F.);
#8981=ADVANCED_FACE('',(#5986),#6293,.T.);
#8982=ADVANCED_FACE('',(#5987),#6294,.F.);
#8983=ADVANCED_FACE('',(#5988),#6295,.T.);
#8984=ADVANCED_FACE('',(#5989),#6296,.F.);
#8985=ADVANCED_FACE('',(#5990),#6297,.F.);
#8986=ADVANCED_FACE('',(#5991),#6298,.F.);
#8987=ADVANCED_FACE('',(#5992),#6299,.F.);
#8988=ADVANCED_FACE('',(#5993),#6300,.F.);
#8989=ADVANCED_FACE('',(#5994),#6301,.F.);
#8990=ADVANCED_FACE('',(#5995),#6302,.F.);
#8991=ADVANCED_FACE('',(#5996),#6303,.F.);
#8992=ADVANCED_FACE('',(#5997),#6304,.F.);
#8993=ADVANCED_FACE('',(#5998),#6305,.T.);
#8994=ADVANCED_FACE('',(#5999),#6306,.T.);
#8995=ADVANCED_FACE('',(#6000),#6307,.F.);
#8996=ADVANCED_FACE('',(#6001),#6308,.T.);
#8997=ADVANCED_FACE('',(#6002),#134,.F.);
#8998=ADVANCED_FACE('',(#6003),#6309,.F.);
#8999=ADVANCED_FACE('',(#6004),#6310,.F.);
#9000=ADVANCED_FACE('',(#6005),#6311,.T.);
#9001=ADVANCED_FACE('',(#6006),#6312,.F.);
#9002=ADVANCED_FACE('',(#6007),#6313,.F.);
#9003=ADVANCED_FACE('',(#6008),#6314,.F.);
#9004=ADVANCED_FACE('',(#6009),#6315,.T.);
#9005=ADVANCED_FACE('',(#6010),#6316,.F.);
#9006=ADVANCED_FACE('',(#6011),#6317,.T.);
#9007=ADVANCED_FACE('',(#6012),#6318,.T.);
#9008=ADVANCED_FACE('',(#6013),#6319,.F.);
#9009=ADVANCED_FACE('',(#6014),#6320,.F.);
#9010=ADVANCED_FACE('',(#6015),#6321,.F.);
#9011=ADVANCED_FACE('',(#6016),#6322,.T.);
#9012=ADVANCED_FACE('',(#6017),#6323,.T.);
#9013=ADVANCED_FACE('',(#6018),#6324,.F.);
#9014=ADVANCED_FACE('',(#6019),#6325,.T.);
#9015=ADVANCED_FACE('',(#6020),#6326,.F.);
#9016=ADVANCED_FACE('',(#6021),#6327,.F.);
#9017=ADVANCED_FACE('',(#6022),#6328,.F.);
#9018=ADVANCED_FACE('',(#6023),#6329,.F.);
#9019=ADVANCED_FACE('',(#6024),#6330,.F.);
#9020=ADVANCED_FACE('',(#6025),#6331,.F.);
#9021=ADVANCED_FACE('',(#6026),#6332,.F.);
#9022=ADVANCED_FACE('',(#6027),#6333,.F.);
#9023=ADVANCED_FACE('',(#6028),#6334,.F.);
#9024=ADVANCED_FACE('',(#6029),#6335,.F.);
#9025=ADVANCED_FACE('',(#6030),#6336,.T.);
#9026=ADVANCED_FACE('',(#6031),#6337,.T.);
#9027=ADVANCED_FACE('',(#6032),#6338,.T.);
#9028=ADVANCED_FACE('',(#6033),#135,.F.);
#9029=ADVANCED_FACE('',(#6034),#6339,.T.);
#9030=ADVANCED_FACE('',(#6035),#136,.T.);
#9031=ADVANCED_FACE('',(#6036),#6340,.T.);
#9032=ADVANCED_FACE('',(#6037),#137,.F.);
#9033=ADVANCED_FACE('',(#6038),#6341,.T.);
#9034=ADVANCED_FACE('',(#6039),#6342,.T.);
#9035=ADVANCED_FACE('',(#6040),#6343,.T.);
#9036=ADVANCED_FACE('',(#6041),#6344,.T.);
#9037=ADVANCED_FACE('',(#6042),#138,.T.);
#9038=ADVANCED_FACE('',(#6043),#6345,.T.);
#9039=ADVANCED_FACE('',(#6044),#6346,.F.);
#9040=ADVANCED_FACE('',(#6045),#6347,.F.);
#9041=ADVANCED_FACE('',(#6046),#6348,.F.);
#9042=ADVANCED_FACE('',(#6047),#6349,.F.);
#9043=ADVANCED_FACE('',(#6048),#6350,.F.);
#9044=ADVANCED_FACE('',(#6049),#6351,.F.);
#9045=ADVANCED_FACE('',(#6050),#6352,.F.);
#9046=ADVANCED_FACE('',(#6051),#6353,.F.);
#9047=ADVANCED_FACE('',(#6052),#6354,.F.);
#9048=ADVANCED_FACE('',(#6053),#6355,.F.);
#9049=ADVANCED_FACE('',(#6054),#6356,.F.);
#9050=ADVANCED_FACE('',(#6055),#6357,.F.);
#9051=ADVANCED_FACE('',(#6056),#6358,.F.);
#9052=ADVANCED_FACE('',(#6057),#6359,.F.);
#9053=ADVANCED_FACE('',(#6058),#6360,.F.);
#9054=ADVANCED_FACE('',(#6059),#139,.T.);
#9055=ADVANCED_FACE('',(#6060),#6361,.T.);
#9056=ADVANCED_FACE('',(#6061),#6362,.T.);
#9057=ADVANCED_FACE('',(#6062),#6363,.T.);
#9058=ADVANCED_FACE('',(#6063),#6364,.T.);
#9059=ADVANCED_FACE('',(#6064),#6365,.F.);
#9060=ADVANCED_FACE('',(#6065),#6366,.F.);
#9061=ADVANCED_FACE('',(#6066),#6367,.T.);
#9062=ADVANCED_FACE('',(#6067),#6368,.T.);
#9063=ADVANCED_FACE('',(#6068),#6369,.T.);
#9064=ADVANCED_FACE('',(#6069),#6370,.T.);
#9065=ADVANCED_FACE('',(#6070),#140,.F.);
#9066=ADVANCED_FACE('',(#6071),#6371,.T.);
#9067=ADVANCED_FACE('',(#6072),#141,.T.);
#9068=ADVANCED_FACE('',(#6073),#6372,.T.);
#9069=ADVANCED_FACE('',(#6074),#142,.F.);
#9070=ADVANCED_FACE('',(#6075),#6373,.F.);
#9071=ADVANCED_FACE('',(#6076),#6374,.F.);
#9072=ADVANCED_FACE('',(#6077),#6375,.T.);
#9073=ADVANCED_FACE('',(#6078),#6376,.F.);
#9074=ADVANCED_FACE('',(#6079),#6377,.T.);
#9075=ADVANCED_FACE('',(#6080),#6378,.T.);
#9076=ADVANCED_FACE('',(#6081),#6379,.T.);
#9077=ADVANCED_FACE('',(#6082),#6380,.T.);
#9078=ADVANCED_FACE('',(#6083),#6381,.F.);
#9079=ADVANCED_FACE('',(#6084),#6382,.F.);
#9080=ADVANCED_FACE('',(#6085),#6383,.T.);
#9081=ADVANCED_FACE('',(#6086),#6384,.F.);
#9082=ADVANCED_FACE('',(#6087),#6385,.F.);
#9083=ADVANCED_FACE('',(#6088),#6386,.F.);
#9084=ADVANCED_FACE('',(#6089),#6387,.T.);
#9085=ADVANCED_FACE('',(#6090),#6388,.T.);
#9086=ADVANCED_FACE('',(#6091),#6389,.F.);
#9087=ADVANCED_FACE('',(#6092),#6390,.F.);
#9088=ADVANCED_FACE('',(#6093),#6391,.F.);
#9089=ADVANCED_FACE('',(#6094),#6392,.T.);
#9090=ADVANCED_FACE('',(#6095),#6393,.F.);
#9091=ADVANCED_FACE('',(#6096),#6394,.F.);
#9092=ADVANCED_FACE('',(#6097),#6395,.T.);
#9093=ADVANCED_FACE('',(#6098),#6396,.T.);
#9094=ADVANCED_FACE('',(#6099),#6397,.F.);
#9095=ADVANCED_FACE('',(#6100),#6398,.F.);
#9096=ADVANCED_FACE('',(#6101),#6399,.F.);
#9097=ADVANCED_FACE('',(#6102),#6400,.T.);
#9098=ADVANCED_FACE('',(#6103),#6401,.T.);
#9099=ADVANCED_FACE('',(#6104),#6402,.T.);
#9100=ADVANCED_FACE('',(#6105),#6403,.T.);
#9101=ADVANCED_FACE('',(#6106),#6404,.T.);
#9102=ADVANCED_FACE('',(#6107),#6405,.T.);
#9103=ADVANCED_FACE('',(#6108),#6406,.T.);
#9104=ADVANCED_FACE('',(#6109),#143,.T.);
#9105=ADVANCED_FACE('',(#6110),#6407,.T.);
#9106=ADVANCED_FACE('',(#6111),#144,.F.);
#9107=ADVANCED_FACE('',(#6112),#6408,.T.);
#9108=ADVANCED_FACE('',(#6113),#6409,.T.);
#9109=ADVANCED_FACE('',(#6114),#6410,.T.);
#9110=ADVANCED_FACE('',(#6115),#6411,.T.);
#9111=ADVANCED_FACE('',(#6116),#6412,.T.);
#9112=ADVANCED_FACE('',(#6117),#6413,.F.);
#9113=CLOSED_SHELL('',(#8776,#8777,#8778,#8779,#8780,#8781,#8782,#8783,
#8784,#8785,#8786,#8787,#8788,#8789,#8790,#8791,#8792,#8793,#8794,#8795,
#8796,#8797,#8798,#8799,#8800,#8801,#8802,#8803,#8804,#8805,#8806,#8807,
#8808,#8809,#8810,#8811,#8812,#8813,#8814,#8815,#8816,#8817,#8818,#8819,
#8820,#8821,#8822,#8823,#8824,#8825,#8826,#8827,#8828,#8829,#8830,#8831,
#8832,#8833,#8834,#8835,#8836,#8837,#8838,#8839,#8840,#8841,#8842,#8843,
#8844,#8845,#8846,#8847,#8848,#8849,#8850,#8851,#8852,#8853,#8854,#8855,
#8856,#8857,#8858,#8859,#8860,#8861,#8862,#8863,#8864,#8865,#8866,#8867,
#8868,#8869,#8870,#8871,#8872,#8873,#8874,#8875,#8876,#8877,#8878,#8879,
#8880,#8881,#8882,#8883,#8884,#8885,#8886,#8887,#8888,#8889,#8890,#8891,
#8892,#8893,#8894,#8895,#8896,#8897,#8898,#8899,#8900,#8901,#8902,#8903,
#8904,#8905,#8906,#8907,#8908,#8909,#8910,#8911,#8912,#8913,#8914,#8915,
#8916,#8917,#8918,#8919,#8920,#8921,#8922,#8923,#8924,#8925,#8926,#8927,
#8928,#8929,#8930,#8931,#8932,#8933,#8934,#8935,#8936,#8937,#8938,#8939,
#8940,#8941,#8942,#8943,#8944,#8945,#8946,#8947,#8948,#8949,#8950,#8951,
#8952,#8953,#8954,#8955,#8956,#8957,#8958,#8959,#8960,#8961,#8962,#8963,
#8964,#8965,#8966,#8967,#8968,#8969,#8970,#8971,#8972,#8973,#8974,#8975,
#8976,#8977,#8978,#8979,#8980,#8981,#8982,#8983,#8984,#8985,#8986,#8987,
#8988,#8989,#8990,#8991,#8992,#8993,#8994,#8995,#8996,#8997,#8998,#8999,
#9000,#9001,#9002,#9003,#9004,#9005,#9006,#9007,#9008,#9009,#9010,#9011,
#9012,#9013,#9014,#9015,#9016,#9017,#9018,#9019,#9020,#9021,#9022,#9023,
#9024,#9025,#9026,#9027,#9028,#9029,#9030,#9031,#9032,#9033,#9034,#9035,
#9036,#9037,#9038,#9039,#9040,#9041,#9042,#9043,#9044,#9045,#9046,#9047,
#9048,#9049,#9050,#9051,#9052,#9053,#9054,#9055,#9056,#9057,#9058,#9059,
#9060,#9061,#9062,#9063,#9064,#9065,#9066,#9067,#9068,#9069,#9070,#9071,
#9072,#9073,#9074,#9075,#9076,#9077,#9078,#9079,#9080,#9081,#9082,#9083,
#9084,#9085,#9086,#9087,#9088,#9089,#9090,#9091,#9092,#9093,#9094,#9095,
#9096,#9097,#9098,#9099,#9100,#9101,#9102,#9103,#9104,#9105,#9106,#9107,
#9108,#9109,#9110,#9111,#9112));
#9114=MANIFOLD_SOLID_BREP('',#9113);
#9115=SHAPE_DEFINITION_REPRESENTATION(#13209,#9116);
#9116=SHAPE_REPRESENTATION('FH12-12S-0.5SVA(54)',(#9117),#13204);
#9117=AXIS2_PLACEMENT_3D('',#11266,#9539,#9540);
#9118=AXIS2_PLACEMENT_3D('',#11267,#9541,#9542);
#9119=AXIS2_PLACEMENT_3D('',#11276,#9547,#9548);
#9120=AXIS2_PLACEMENT_3D('',#11282,#9552,#9553);
#9121=AXIS2_PLACEMENT_3D('',#11288,#9557,#9558);
#9122=AXIS2_PLACEMENT_3D('',#11292,#9561,#9562);
#9123=AXIS2_PLACEMENT_3D('',#11296,#9565,#9566);
#9124=AXIS2_PLACEMENT_3D('',#11305,#9571,#9572);
#9125=AXIS2_PLACEMENT_3D('',#11311,#9576,#9577);
#9126=AXIS2_PLACEMENT_3D('',#11317,#9581,#9582);
#9127=AXIS2_PLACEMENT_3D('',#11321,#9585,#9586);
#9128=AXIS2_PLACEMENT_3D('',#11325,#9589,#9590);
#9129=AXIS2_PLACEMENT_3D('',#11334,#9595,#9596);
#9130=AXIS2_PLACEMENT_3D('',#11340,#9600,#9601);
#9131=AXIS2_PLACEMENT_3D('',#11346,#9605,#9606);
#9132=AXIS2_PLACEMENT_3D('',#11350,#9609,#9610);
#9133=AXIS2_PLACEMENT_3D('',#11354,#9613,#9614);
#9134=AXIS2_PLACEMENT_3D('',#11363,#9619,#9620);
#9135=AXIS2_PLACEMENT_3D('',#11369,#9624,#9625);
#9136=AXIS2_PLACEMENT_3D('',#11375,#9629,#9630);
#9137=AXIS2_PLACEMENT_3D('',#11379,#9633,#9634);
#9138=AXIS2_PLACEMENT_3D('',#11383,#9637,#9638);
#9139=AXIS2_PLACEMENT_3D('',#11392,#9643,#9644);
#9140=AXIS2_PLACEMENT_3D('',#11398,#9648,#9649);
#9141=AXIS2_PLACEMENT_3D('',#11404,#9653,#9654);
#9142=AXIS2_PLACEMENT_3D('',#11408,#9657,#9658);
#9143=AXIS2_PLACEMENT_3D('',#11412,#9661,#9662);
#9144=AXIS2_PLACEMENT_3D('',#11421,#9667,#9668);
#9145=AXIS2_PLACEMENT_3D('',#11427,#9672,#9673);
#9146=AXIS2_PLACEMENT_3D('',#11433,#9677,#9678);
#9147=AXIS2_PLACEMENT_3D('',#11437,#9681,#9682);
#9148=AXIS2_PLACEMENT_3D('',#11441,#9685,#9686);
#9149=AXIS2_PLACEMENT_3D('',#11450,#9691,#9692);
#9150=AXIS2_PLACEMENT_3D('',#11456,#9696,#9697);
#9151=AXIS2_PLACEMENT_3D('',#11462,#9701,#9702);
#9152=AXIS2_PLACEMENT_3D('',#11466,#9705,#9706);
#9153=AXIS2_PLACEMENT_3D('',#11470,#9709,#9710);
#9154=AXIS2_PLACEMENT_3D('',#11479,#9715,#9716);
#9155=AXIS2_PLACEMENT_3D('',#11485,#9720,#9721);
#9156=AXIS2_PLACEMENT_3D('',#11491,#9725,#9726);
#9157=AXIS2_PLACEMENT_3D('',#11495,#9729,#9730);
#9158=AXIS2_PLACEMENT_3D('',#11499,#9733,#9734);
#9159=AXIS2_PLACEMENT_3D('',#11508,#9739,#9740);
#9160=AXIS2_PLACEMENT_3D('',#11514,#9744,#9745);
#9161=AXIS2_PLACEMENT_3D('',#11520,#9749,#9750);
#9162=AXIS2_PLACEMENT_3D('',#11524,#9753,#9754);
#9163=AXIS2_PLACEMENT_3D('',#11528,#9757,#9758);
#9164=AXIS2_PLACEMENT_3D('',#11537,#9763,#9764);
#9165=AXIS2_PLACEMENT_3D('',#11543,#9768,#9769);
#9166=AXIS2_PLACEMENT_3D('',#11549,#9773,#9774);
#9167=AXIS2_PLACEMENT_3D('',#11553,#9777,#9778);
#9168=AXIS2_PLACEMENT_3D('',#11557,#9781,#9782);
#9169=AXIS2_PLACEMENT_3D('',#11566,#9787,#9788);
#9170=AXIS2_PLACEMENT_3D('',#11572,#9792,#9793);
#9171=AXIS2_PLACEMENT_3D('',#11578,#9797,#9798);
#9172=AXIS2_PLACEMENT_3D('',#11582,#9801,#9802);
#9173=AXIS2_PLACEMENT_3D('',#11586,#9805,#9806);
#9174=AXIS2_PLACEMENT_3D('',#11595,#9811,#9812);
#9175=AXIS2_PLACEMENT_3D('',#11601,#9816,#9817);
#9176=AXIS2_PLACEMENT_3D('',#11607,#9821,#9822);
#9177=AXIS2_PLACEMENT_3D('',#11613,#9826,#9827);
#9178=AXIS2_PLACEMENT_3D('',#11614,#9828,#9829);
#9179=AXIS2_PLACEMENT_3D('',#11616,#9830,#9831);
#9180=AXIS2_PLACEMENT_3D('',#11619,#9833,#9834);
#9181=AXIS2_PLACEMENT_3D('',#11625,#9838,#9839);
#9182=AXIS2_PLACEMENT_3D('',#11626,#9840,#9841);
#9183=AXIS2_PLACEMENT_3D('',#11628,#9842,#9843);
#9184=AXIS2_PLACEMENT_3D('',#11631,#9845,#9846);
#9185=AXIS2_PLACEMENT_3D('',#11637,#9850,#9851);
#9186=AXIS2_PLACEMENT_3D('',#11641,#9854,#9855);
#9187=AXIS2_PLACEMENT_3D('',#11645,#9858,#9859);
#9188=AXIS2_PLACEMENT_3D('',#11646,#9860,#9861);
#9189=AXIS2_PLACEMENT_3D('',#11665,#9870,#9871);
#9190=AXIS2_PLACEMENT_3D('',#11668,#9873,#9874);
#9191=AXIS2_PLACEMENT_3D('',#11674,#9878,#9879);
#9192=AXIS2_PLACEMENT_3D('',#11678,#9882,#9883);
#9193=AXIS2_PLACEMENT_3D('',#11682,#9886,#9887);
#9194=AXIS2_PLACEMENT_3D('',#11686,#9890,#9891);
#9195=AXIS2_PLACEMENT_3D('',#11692,#9895,#9896);
#9196=AXIS2_PLACEMENT_3D('',#11696,#9899,#9900);
#9197=AXIS2_PLACEMENT_3D('',#11700,#9903,#9904);
#9198=AXIS2_PLACEMENT_3D('',#11701,#9905,#9906);
#9199=AXIS2_PLACEMENT_3D('',#11704,#9908,#9909);
#9200=AXIS2_PLACEMENT_3D('',#11708,#9912,#9913);
#9201=AXIS2_PLACEMENT_3D('',#11709,#9914,#9915);
#9202=AXIS2_PLACEMENT_3D('',#11710,#9916,#9917);
#9203=AXIS2_PLACEMENT_3D('',#11712,#9919,#9920);
#9204=AXIS2_PLACEMENT_3D('',#11721,#9925,#9926);
#9205=AXIS2_PLACEMENT_3D('',#11727,#9930,#9931);
#9206=AXIS2_PLACEMENT_3D('',#11733,#9935,#9936);
#9207=AXIS2_PLACEMENT_3D('',#11739,#9940,#9941);
#9208=AXIS2_PLACEMENT_3D('',#11740,#9942,#9943);
#9209=AXIS2_PLACEMENT_3D('',#11742,#9944,#9945);
#9210=AXIS2_PLACEMENT_3D('',#11745,#9947,#9948);
#9211=AXIS2_PLACEMENT_3D('',#11751,#9952,#9953);
#9212=AXIS2_PLACEMENT_3D('',#11752,#9954,#9955);
#9213=AXIS2_PLACEMENT_3D('',#11754,#9956,#9957);
#9214=AXIS2_PLACEMENT_3D('',#11757,#9959,#9960);
#9215=AXIS2_PLACEMENT_3D('',#11763,#9964,#9965);
#9216=AXIS2_PLACEMENT_3D('',#11767,#9968,#9969);
#9217=AXIS2_PLACEMENT_3D('',#11771,#9972,#9973);
#9218=AXIS2_PLACEMENT_3D('',#11772,#9974,#9975);
#9219=AXIS2_PLACEMENT_3D('',#11791,#9984,#9985);
#9220=AXIS2_PLACEMENT_3D('',#11794,#9987,#9988);
#9221=AXIS2_PLACEMENT_3D('',#11800,#9992,#9993);
#9222=AXIS2_PLACEMENT_3D('',#11804,#9996,#9997);
#9223=AXIS2_PLACEMENT_3D('',#11808,#10000,#10001);
#9224=AXIS2_PLACEMENT_3D('',#11812,#10004,#10005);
#9225=AXIS2_PLACEMENT_3D('',#11818,#10009,#10010);
#9226=AXIS2_PLACEMENT_3D('',#11822,#10013,#10014);
#9227=AXIS2_PLACEMENT_3D('',#11826,#10017,#10018);
#9228=AXIS2_PLACEMENT_3D('',#11827,#10019,#10020);
#9229=AXIS2_PLACEMENT_3D('',#11830,#10022,#10023);
#9230=AXIS2_PLACEMENT_3D('',#11834,#10026,#10027);
#9231=AXIS2_PLACEMENT_3D('',#11835,#10028,#10029);
#9232=AXIS2_PLACEMENT_3D('',#11836,#10030,#10031);
#9233=AXIS2_PLACEMENT_3D('',#11838,#10033,#10034);
#9234=AXIS2_PLACEMENT_3D('',#11847,#10039,#10040);
#9235=AXIS2_PLACEMENT_3D('',#11853,#10044,#10045);
#9236=AXIS2_PLACEMENT_3D('',#11859,#10049,#10050);
#9237=AXIS2_PLACEMENT_3D('',#11865,#10054,#10055);
#9238=AXIS2_PLACEMENT_3D('',#11866,#10056,#10057);
#9239=AXIS2_PLACEMENT_3D('',#11868,#10058,#10059);
#9240=AXIS2_PLACEMENT_3D('',#11871,#10061,#10062);
#9241=AXIS2_PLACEMENT_3D('',#11877,#10066,#10067);
#9242=AXIS2_PLACEMENT_3D('',#11878,#10068,#10069);
#9243=AXIS2_PLACEMENT_3D('',#11880,#10070,#10071);
#9244=AXIS2_PLACEMENT_3D('',#11883,#10073,#10074);
#9245=AXIS2_PLACEMENT_3D('',#11889,#10078,#10079);
#9246=AXIS2_PLACEMENT_3D('',#11893,#10082,#10083);
#9247=AXIS2_PLACEMENT_3D('',#11897,#10086,#10087);
#9248=AXIS2_PLACEMENT_3D('',#11898,#10088,#10089);
#9249=AXIS2_PLACEMENT_3D('',#11917,#10098,#10099);
#9250=AXIS2_PLACEMENT_3D('',#11920,#10101,#10102);
#9251=AXIS2_PLACEMENT_3D('',#11926,#10106,#10107);
#9252=AXIS2_PLACEMENT_3D('',#11930,#10110,#10111);
#9253=AXIS2_PLACEMENT_3D('',#11934,#10114,#10115);
#9254=AXIS2_PLACEMENT_3D('',#11938,#10118,#10119);
#9255=AXIS2_PLACEMENT_3D('',#11944,#10123,#10124);
#9256=AXIS2_PLACEMENT_3D('',#11948,#10127,#10128);
#9257=AXIS2_PLACEMENT_3D('',#11952,#10131,#10132);
#9258=AXIS2_PLACEMENT_3D('',#11953,#10133,#10134);
#9259=AXIS2_PLACEMENT_3D('',#11956,#10136,#10137);
#9260=AXIS2_PLACEMENT_3D('',#11960,#10140,#10141);
#9261=AXIS2_PLACEMENT_3D('',#11961,#10142,#10143);
#9262=AXIS2_PLACEMENT_3D('',#11962,#10144,#10145);
#9263=AXIS2_PLACEMENT_3D('',#11964,#10147,#10148);
#9264=AXIS2_PLACEMENT_3D('',#11973,#10153,#10154);
#9265=AXIS2_PLACEMENT_3D('',#11979,#10158,#10159);
#9266=AXIS2_PLACEMENT_3D('',#11985,#10163,#10164);
#9267=AXIS2_PLACEMENT_3D('',#11991,#10168,#10169);
#9268=AXIS2_PLACEMENT_3D('',#11992,#10170,#10171);
#9269=AXIS2_PLACEMENT_3D('',#11994,#10172,#10173);
#9270=AXIS2_PLACEMENT_3D('',#11997,#10175,#10176);
#9271=AXIS2_PLACEMENT_3D('',#12003,#10180,#10181);
#9272=AXIS2_PLACEMENT_3D('',#12004,#10182,#10183);
#9273=AXIS2_PLACEMENT_3D('',#12006,#10184,#10185);
#9274=AXIS2_PLACEMENT_3D('',#12009,#10187,#10188);
#9275=AXIS2_PLACEMENT_3D('',#12015,#10192,#10193);
#9276=AXIS2_PLACEMENT_3D('',#12019,#10196,#10197);
#9277=AXIS2_PLACEMENT_3D('',#12023,#10200,#10201);
#9278=AXIS2_PLACEMENT_3D('',#12024,#10202,#10203);
#9279=AXIS2_PLACEMENT_3D('',#12043,#10212,#10213);
#9280=AXIS2_PLACEMENT_3D('',#12046,#10215,#10216);
#9281=AXIS2_PLACEMENT_3D('',#12052,#10220,#10221);
#9282=AXIS2_PLACEMENT_3D('',#12056,#10224,#10225);
#9283=AXIS2_PLACEMENT_3D('',#12060,#10228,#10229);
#9284=AXIS2_PLACEMENT_3D('',#12064,#10232,#10233);
#9285=AXIS2_PLACEMENT_3D('',#12070,#10237,#10238);
#9286=AXIS2_PLACEMENT_3D('',#12074,#10241,#10242);
#9287=AXIS2_PLACEMENT_3D('',#12078,#10245,#10246);
#9288=AXIS2_PLACEMENT_3D('',#12079,#10247,#10248);
#9289=AXIS2_PLACEMENT_3D('',#12082,#10250,#10251);
#9290=AXIS2_PLACEMENT_3D('',#12086,#10254,#10255);
#9291=AXIS2_PLACEMENT_3D('',#12087,#10256,#10257);
#9292=AXIS2_PLACEMENT_3D('',#12088,#10258,#10259);
#9293=AXIS2_PLACEMENT_3D('',#12090,#10261,#10262);
#9294=AXIS2_PLACEMENT_3D('',#12099,#10267,#10268);
#9295=AXIS2_PLACEMENT_3D('',#12105,#10272,#10273);
#9296=AXIS2_PLACEMENT_3D('',#12111,#10277,#10278);
#9297=AXIS2_PLACEMENT_3D('',#12117,#10282,#10283);
#9298=AXIS2_PLACEMENT_3D('',#12118,#10284,#10285);
#9299=AXIS2_PLACEMENT_3D('',#12120,#10286,#10287);
#9300=AXIS2_PLACEMENT_3D('',#12123,#10289,#10290);
#9301=AXIS2_PLACEMENT_3D('',#12129,#10294,#10295);
#9302=AXIS2_PLACEMENT_3D('',#12130,#10296,#10297);
#9303=AXIS2_PLACEMENT_3D('',#12132,#10298,#10299);
#9304=AXIS2_PLACEMENT_3D('',#12135,#10301,#10302);
#9305=AXIS2_PLACEMENT_3D('',#12141,#10306,#10307);
#9306=AXIS2_PLACEMENT_3D('',#12145,#10310,#10311);
#9307=AXIS2_PLACEMENT_3D('',#12149,#10314,#10315);
#9308=AXIS2_PLACEMENT_3D('',#12150,#10316,#10317);
#9309=AXIS2_PLACEMENT_3D('',#12169,#10326,#10327);
#9310=AXIS2_PLACEMENT_3D('',#12172,#10329,#10330);
#9311=AXIS2_PLACEMENT_3D('',#12178,#10334,#10335);
#9312=AXIS2_PLACEMENT_3D('',#12182,#10338,#10339);
#9313=AXIS2_PLACEMENT_3D('',#12186,#10342,#10343);
#9314=AXIS2_PLACEMENT_3D('',#12190,#10346,#10347);
#9315=AXIS2_PLACEMENT_3D('',#12196,#10351,#10352);
#9316=AXIS2_PLACEMENT_3D('',#12200,#10355,#10356);
#9317=AXIS2_PLACEMENT_3D('',#12204,#10359,#10360);
#9318=AXIS2_PLACEMENT_3D('',#12205,#10361,#10362);
#9319=AXIS2_PLACEMENT_3D('',#12208,#10364,#10365);
#9320=AXIS2_PLACEMENT_3D('',#12212,#10368,#10369);
#9321=AXIS2_PLACEMENT_3D('',#12213,#10370,#10371);
#9322=AXIS2_PLACEMENT_3D('',#12214,#10372,#10373);
#9323=AXIS2_PLACEMENT_3D('',#12216,#10375,#10376);
#9324=AXIS2_PLACEMENT_3D('',#12225,#10381,#10382);
#9325=AXIS2_PLACEMENT_3D('',#12235,#10388,#10389);
#9326=AXIS2_PLACEMENT_3D('',#12241,#10393,#10394);
#9327=AXIS2_PLACEMENT_3D('',#12247,#10398,#10399);
#9328=AXIS2_PLACEMENT_3D('',#12253,#10403,#10404);
#9329=AXIS2_PLACEMENT_3D('',#12264,#10410,#10411);
#9330=AXIS2_PLACEMENT_3D('',#12265,#10412,#10413);
#9331=AXIS2_PLACEMENT_3D('',#12267,#10414,#10415);
#9332=AXIS2_PLACEMENT_3D('',#12270,#10417,#10418);
#9333=AXIS2_PLACEMENT_3D('',#12276,#10422,#10423);
#9334=AXIS2_PLACEMENT_3D('',#12282,#10427,#10428);
#9335=AXIS2_PLACEMENT_3D('',#12288,#10432,#10433);
#9336=AXIS2_PLACEMENT_3D('',#12297,#10438,#10439);
#9337=AXIS2_PLACEMENT_3D('',#12303,#10443,#10444);
#9338=AXIS2_PLACEMENT_3D('',#12309,#10448,#10449);
#9339=AXIS2_PLACEMENT_3D('',#12310,#10450,#10451);
#9340=AXIS2_PLACEMENT_3D('',#12314,#10453,#10454);
#9341=AXIS2_PLACEMENT_3D('',#12315,#10455,#10456);
#9342=AXIS2_PLACEMENT_3D('',#12321,#10460,#10461);
#9343=AXIS2_PLACEMENT_3D('',#12322,#10462,#10463);
#9344=AXIS2_PLACEMENT_3D('',#12326,#10465,#10466);
#9345=AXIS2_PLACEMENT_3D('',#12327,#10467,#10468);
#9346=AXIS2_PLACEMENT_3D('',#12330,#10471,#10472);
#9347=AXIS2_PLACEMENT_3D('',#12339,#10477,#10478);
#9348=AXIS2_PLACEMENT_3D('',#12345,#10482,#10483);
#9349=AXIS2_PLACEMENT_3D('',#12351,#10487,#10488);
#9350=AXIS2_PLACEMENT_3D('',#12352,#10489,#10490);
#9351=AXIS2_PLACEMENT_3D('',#12354,#10491,#10492);
#9352=AXIS2_PLACEMENT_3D('',#12357,#10494,#10495);
#9353=AXIS2_PLACEMENT_3D('',#12363,#10499,#10500);
#9354=AXIS2_PLACEMENT_3D('',#12364,#10501,#10502);
#9355=AXIS2_PLACEMENT_3D('',#12366,#10503,#10504);
#9356=AXIS2_PLACEMENT_3D('',#12369,#10506,#10507);
#9357=AXIS2_PLACEMENT_3D('',#12371,#10509,#10510);
#9358=AXIS2_PLACEMENT_3D('',#12381,#10515,#10516);
#9359=AXIS2_PLACEMENT_3D('',#12384,#10518,#10519);
#9360=AXIS2_PLACEMENT_3D('',#12390,#10523,#10524);
#9361=AXIS2_PLACEMENT_3D('',#12399,#10529,#10530);
#9362=AXIS2_PLACEMENT_3D('',#12405,#10534,#10535);
#9363=AXIS2_PLACEMENT_3D('',#12411,#10539,#10540);
#9364=AXIS2_PLACEMENT_3D('',#12412,#10541,#10542);
#9365=AXIS2_PLACEMENT_3D('',#12414,#10543,#10544);
#9366=AXIS2_PLACEMENT_3D('',#12417,#10546,#10547);
#9367=AXIS2_PLACEMENT_3D('',#12423,#10551,#10552);
#9368=AXIS2_PLACEMENT_3D('',#12424,#10553,#10554);
#9369=AXIS2_PLACEMENT_3D('',#12426,#10555,#10556);
#9370=AXIS2_PLACEMENT_3D('',#12429,#10558,#10559);
#9371=AXIS2_PLACEMENT_3D('',#12434,#10563,#10564);
#9372=AXIS2_PLACEMENT_3D('',#12438,#10567,#10568);
#9373=AXIS2_PLACEMENT_3D('',#12442,#10571,#10572);
#9374=AXIS2_PLACEMENT_3D('',#12446,#10575,#10576);
#9375=AXIS2_PLACEMENT_3D('',#12447,#10577,#10578);
#9376=AXIS2_PLACEMENT_3D('',#12450,#10580,#10581);
#9377=AXIS2_PLACEMENT_3D('',#12456,#10585,#10586);
#9378=AXIS2_PLACEMENT_3D('',#12457,#10587,#10588);
#9379=AXIS2_PLACEMENT_3D('',#12461,#10590,#10591);
#9380=AXIS2_PLACEMENT_3D('',#12462,#10592,#10593);
#9381=AXIS2_PLACEMENT_3D('',#12463,#10594,#10595);
#9382=AXIS2_PLACEMENT_3D('',#12465,#10596,#10597);
#9383=AXIS2_PLACEMENT_3D('',#12468,#10599,#10600);
#9384=AXIS2_PLACEMENT_3D('',#12478,#10606,#10607);
#9385=AXIS2_PLACEMENT_3D('',#12484,#10611,#10612);
#9386=AXIS2_PLACEMENT_3D('',#12491,#10617,#10618);
#9387=AXIS2_PLACEMENT_3D('',#12497,#10622,#10623);
#9388=AXIS2_PLACEMENT_3D('',#12503,#10627,#10628);
#9389=AXIS2_PLACEMENT_3D('',#12512,#10633,#10634);
#9390=AXIS2_PLACEMENT_3D('',#12540,#10654,#10655);
#9391=AXIS2_PLACEMENT_3D('',#12546,#10659,#10660);
#9392=AXIS2_PLACEMENT_3D('',#12552,#10664,#10665);
#9393=AXIS2_PLACEMENT_3D('',#12558,#10669,#10670);
#9394=AXIS2_PLACEMENT_3D('',#12561,#10673,#10674);
#9395=AXIS2_PLACEMENT_3D('',#12565,#10677,#10678);
#9396=AXIS2_PLACEMENT_3D('',#12569,#10681,#10682);
#9397=AXIS2_PLACEMENT_3D('',#12571,#10684,#10685);
#9398=AXIS2_PLACEMENT_3D('',#12572,#10686,#10687);
#9399=AXIS2_PLACEMENT_3D('',#12575,#10689,#10690);
#9400=AXIS2_PLACEMENT_3D('',#12578,#10692,#10693);
#9401=AXIS2_PLACEMENT_3D('',#12579,#10694,#10695);
#9402=AXIS2_PLACEMENT_3D('',#12581,#10697,#10698);
#9403=AXIS2_PLACEMENT_3D('',#12587,#10702,#10703);
#9404=AXIS2_PLACEMENT_3D('',#12595,#10708,#10709);
#9405=AXIS2_PLACEMENT_3D('',#12601,#10713,#10714);
#9406=AXIS2_PLACEMENT_3D('',#12605,#10717,#10718);
#9407=AXIS2_PLACEMENT_3D('',#12611,#10722,#10723);
#9408=AXIS2_PLACEMENT_3D('',#12615,#10726,#10727);
#9409=AXIS2_PLACEMENT_3D('',#12619,#10730,#10731);
#9410=AXIS2_PLACEMENT_3D('',#12625,#10735,#10736);
#9411=AXIS2_PLACEMENT_3D('',#12629,#10739,#10740);
#9412=AXIS2_PLACEMENT_3D('',#12633,#10743,#10744);
#9413=AXIS2_PLACEMENT_3D('',#12641,#10752,#10753);
#9414=AXIS2_PLACEMENT_3D('',#12645,#10756,#10757);
#9415=AXIS2_PLACEMENT_3D('',#12653,#10762,#10763);
#9416=AXIS2_PLACEMENT_3D('',#12659,#10767,#10768);
#9417=AXIS2_PLACEMENT_3D('',#12665,#10772,#10773);
#9418=AXIS2_PLACEMENT_3D('',#12671,#10777,#10778);
#9419=AXIS2_PLACEMENT_3D('',#12677,#10782,#10783);
#9420=AXIS2_PLACEMENT_3D('',#12686,#10788,#10789);
#9421=AXIS2_PLACEMENT_3D('',#12691,#10793,#10794);
#9422=AXIS2_PLACEMENT_3D('',#12695,#10797,#10798);
#9423=AXIS2_PLACEMENT_3D('',#12705,#10805,#10806);
#9424=AXIS2_PLACEMENT_3D('',#12709,#10809,#10810);
#9425=AXIS2_PLACEMENT_3D('',#12718,#10815,#10816);
#9426=AXIS2_PLACEMENT_3D('',#12724,#10820,#10821);
#9427=AXIS2_PLACEMENT_3D('',#12731,#10826,#10827);
#9428=AXIS2_PLACEMENT_3D('',#12737,#10831,#10832);
#9429=AXIS2_PLACEMENT_3D('',#12740,#10835,#10836);
#9430=AXIS2_PLACEMENT_3D('',#12749,#10841,#10842);
#9431=AXIS2_PLACEMENT_3D('',#12755,#10846,#10847);
#9432=AXIS2_PLACEMENT_3D('',#12761,#10851,#10852);
#9433=AXIS2_PLACEMENT_3D('',#12762,#10853,#10854);
#9434=AXIS2_PLACEMENT_3D('',#12764,#10855,#10856);
#9435=AXIS2_PLACEMENT_3D('',#12767,#10858,#10859);
#9436=AXIS2_PLACEMENT_3D('',#12773,#10863,#10864);
#9437=AXIS2_PLACEMENT_3D('',#12774,#10865,#10866);
#9438=AXIS2_PLACEMENT_3D('',#12776,#10867,#10868);
#9439=AXIS2_PLACEMENT_3D('',#12779,#10870,#10871);
#9440=AXIS2_PLACEMENT_3D('',#12785,#10875,#10876);
#9441=AXIS2_PLACEMENT_3D('',#12786,#10877,#10878);
#9442=AXIS2_PLACEMENT_3D('',#12790,#10880,#10881);
#9443=AXIS2_PLACEMENT_3D('',#12792,#10882,#10883);
#9444=AXIS2_PLACEMENT_3D('',#12793,#10884,#10885);
#9445=AXIS2_PLACEMENT_3D('',#12799,#10889,#10890);
#9446=AXIS2_PLACEMENT_3D('',#12805,#10894,#10895);
#9447=AXIS2_PLACEMENT_3D('',#12811,#10899,#10900);
#9448=AXIS2_PLACEMENT_3D('',#12817,#10904,#10905);
#9449=AXIS2_PLACEMENT_3D('',#12818,#10906,#10907);
#9450=AXIS2_PLACEMENT_3D('',#12820,#10908,#10909);
#9451=AXIS2_PLACEMENT_3D('',#12823,#10911,#10912);
#9452=AXIS2_PLACEMENT_3D('',#12831,#10917,#10918);
#9453=AXIS2_PLACEMENT_3D('',#12837,#10922,#10923);
#9454=AXIS2_PLACEMENT_3D('',#12841,#10926,#10927);
#9455=AXIS2_PLACEMENT_3D('',#12845,#10930,#10931);
#9456=AXIS2_PLACEMENT_3D('',#12849,#10934,#10935);
#9457=AXIS2_PLACEMENT_3D('',#12853,#10938,#10939);
#9458=AXIS2_PLACEMENT_3D('',#12862,#10944,#10945);
#9459=AXIS2_PLACEMENT_3D('',#12869,#10950,#10951);
#9460=AXIS2_PLACEMENT_3D('',#12878,#10956,#10957);
#9461=AXIS2_PLACEMENT_3D('',#12884,#10961,#10962);
#9462=AXIS2_PLACEMENT_3D('',#12889,#10966,#10967);
#9463=AXIS2_PLACEMENT_3D('',#12893,#10970,#10971);
#9464=AXIS2_PLACEMENT_3D('',#12897,#10974,#10975);
#9465=AXIS2_PLACEMENT_3D('',#12901,#10978,#10979);
#9466=AXIS2_PLACEMENT_3D('',#12905,#10982,#10983);
#9467=AXIS2_PLACEMENT_3D('',#12909,#10986,#10987);
#9468=AXIS2_PLACEMENT_3D('',#12910,#10988,#10989);
#9469=AXIS2_PLACEMENT_3D('',#12915,#10991,#10992);
#9470=AXIS2_PLACEMENT_3D('',#12918,#10994,#10995);
#9471=AXIS2_PLACEMENT_3D('',#12924,#10999,#11000);
#9472=AXIS2_PLACEMENT_3D('',#12930,#11004,#11005);
#9473=AXIS2_PLACEMENT_3D('',#12936,#11009,#11010);
#9474=AXIS2_PLACEMENT_3D('',#12942,#11014,#11015);
#9475=AXIS2_PLACEMENT_3D('',#12951,#11020,#11021);
#9476=AXIS2_PLACEMENT_3D('',#12961,#11027,#11028);
#9477=AXIS2_PLACEMENT_3D('',#12966,#11032,#11033);
#9478=AXIS2_PLACEMENT_3D('',#12975,#11038,#11039);
#9479=AXIS2_PLACEMENT_3D('',#12981,#11043,#11044);
#9480=AXIS2_PLACEMENT_3D('',#12987,#11048,#11049);
#9481=AXIS2_PLACEMENT_3D('',#12988,#11050,#11051);
#9482=AXIS2_PLACEMENT_3D('',#12992,#11053,#11054);
#9483=AXIS2_PLACEMENT_3D('',#12993,#11055,#11056);
#9484=AXIS2_PLACEMENT_3D('',#12999,#11060,#11061);
#9485=AXIS2_PLACEMENT_3D('',#13000,#11062,#11063);
#9486=AXIS2_PLACEMENT_3D('',#13004,#11065,#11066);
#9487=AXIS2_PLACEMENT_3D('',#13005,#11067,#11068);
#9488=AXIS2_PLACEMENT_3D('',#13011,#11072,#11073);
#9489=AXIS2_PLACEMENT_3D('',#13012,#11074,#11075);
#9490=AXIS2_PLACEMENT_3D('',#13013,#11076,#11077);
#9491=AXIS2_PLACEMENT_3D('',#13015,#11078,#11079);
#9492=AXIS2_PLACEMENT_3D('',#13016,#11080,#11081);
#9493=AXIS2_PLACEMENT_3D('',#13022,#11085,#11086);
#9494=AXIS2_PLACEMENT_3D('',#13028,#11090,#11091);
#9495=AXIS2_PLACEMENT_3D('',#13030,#11093,#11094);
#9496=AXIS2_PLACEMENT_3D('',#13032,#11096,#11097);
#9497=AXIS2_PLACEMENT_3D('',#13034,#11099,#11100);
#9498=AXIS2_PLACEMENT_3D('',#13036,#11102,#11103);
#9499=AXIS2_PLACEMENT_3D('',#13038,#11105,#11106);
#9500=AXIS2_PLACEMENT_3D('',#13042,#11109,#11110);
#9501=AXIS2_PLACEMENT_3D('',#13046,#11113,#11114);
#9502=AXIS2_PLACEMENT_3D('',#13052,#11118,#11119);
#9503=AXIS2_PLACEMENT_3D('',#13056,#11122,#11123);
#9504=AXIS2_PLACEMENT_3D('',#13060,#11126,#11127);
#9505=AXIS2_PLACEMENT_3D('',#13062,#11129,#11130);
#9506=AXIS2_PLACEMENT_3D('',#13068,#11134,#11135);
#9507=AXIS2_PLACEMENT_3D('',#13072,#11138,#11139);
#9508=AXIS2_PLACEMENT_3D('',#13076,#11142,#11143);
#9509=AXIS2_PLACEMENT_3D('',#13080,#11146,#11147);
#9510=AXIS2_PLACEMENT_3D('',#13085,#11151,#11152);
#9511=AXIS2_PLACEMENT_3D('',#13089,#11155,#11156);
#9512=AXIS2_PLACEMENT_3D('',#13094,#11160,#11161);
#9513=AXIS2_PLACEMENT_3D('',#13098,#11164,#11165);
#9514=AXIS2_PLACEMENT_3D('',#13102,#11168,#11169);
#9515=AXIS2_PLACEMENT_3D('',#13106,#11172,#11173);
#9516=AXIS2_PLACEMENT_3D('',#13110,#11176,#11177);
#9517=AXIS2_PLACEMENT_3D('',#13121,#11186,#11187);
#9518=AXIS2_PLACEMENT_3D('',#13127,#11191,#11192);
#9519=AXIS2_PLACEMENT_3D('',#13128,#11193,#11194);
#9520=AXIS2_PLACEMENT_3D('',#13144,#11202,#11203);
#9521=AXIS2_PLACEMENT_3D('',#13147,#11205,#11206);
#9522=AXIS2_PLACEMENT_3D('',#13153,#11210,#11211);
#9523=AXIS2_PLACEMENT_3D('',#13157,#11214,#11215);
#9524=AXIS2_PLACEMENT_3D('',#13161,#11218,#11219);
#9525=AXIS2_PLACEMENT_3D('',#13163,#11221,#11222);
#9526=AXIS2_PLACEMENT_3D('',#13167,#11225,#11226);
#9527=AXIS2_PLACEMENT_3D('',#13171,#11229,#11230);
#9528=AXIS2_PLACEMENT_3D('',#13175,#11233,#11234);
#9529=AXIS2_PLACEMENT_3D('',#13176,#11235,#11236);
#9530=AXIS2_PLACEMENT_3D('',#13179,#11238,#11239);
#9531=AXIS2_PLACEMENT_3D('',#13183,#11242,#11243);
#9532=AXIS2_PLACEMENT_3D('',#13184,#11244,#11245);
#9533=AXIS2_PLACEMENT_3D('',#13185,#11246,#11247);
#9534=AXIS2_PLACEMENT_3D('',#13186,#11248,#11249);
#9535=AXIS2_PLACEMENT_3D('',#13192,#11253,#11254);
#9536=AXIS2_PLACEMENT_3D('',#13196,#11257,#11258);
#9537=AXIS2_PLACEMENT_3D('',#13200,#11261,#11262);
#9538=AXIS2_PLACEMENT_3D('',#13202,#11264,#11265);
#9539=DIRECTION('',(0.,0.,1.));
#9540=DIRECTION('',(1.,0.,0.));
#9541=DIRECTION('',(0.,0.707106781186548,-0.707106781186548));
#9542=DIRECTION('',(-1.,0.,0.));
#9543=DIRECTION('',(1.78222218774949E-15,0.707106781186548,0.707106781186548));
#9544=DIRECTION('',(1.,0.,0.));
#9545=DIRECTION('',(-1.78222218774949E-15,-0.707106781186548,-0.707106781186548));
#9546=DIRECTION('',(-1.,0.,0.));
#9547=DIRECTION('',(0.,0.,1.));
#9548=DIRECTION('',(1.,0.,0.));
#9549=DIRECTION('',(2.52044278907757E-15,1.,0.));
#9550=DIRECTION('',(-2.52044278907757E-15,-1.,0.));
#9551=DIRECTION('',(1.,0.,0.));
#9552=DIRECTION('',(-1.,2.52044278907757E-15,0.));
#9553=DIRECTION('',(-2.52044278907757E-15,-1.,0.));
#9554=DIRECTION('',(0.,0.,-1.));
#9555=DIRECTION('',(0.,0.,-1.));
#9556=DIRECTION('',(2.52044278907757E-15,1.,0.));
#9557=DIRECTION('',(0.,-1.,0.));
#9558=DIRECTION('',(0.,0.,-1.));
#9559=DIRECTION('',(0.,0.,-1.));
#9560=DIRECTION('',(-1.,0.,0.));
#9561=DIRECTION('',(1.,-2.52044278907757E-15,0.));
#9562=DIRECTION('',(2.52044278907757E-15,1.,0.));
#9563=DIRECTION('',(-2.52044278907757E-15,-1.,0.));
#9564=DIRECTION('',(0.,0.,-1.));
#9565=DIRECTION('',(0.,0.707106781186548,-0.707106781186548));
#9566=DIRECTION('',(-1.,0.,0.));
#9567=DIRECTION('',(1.78222218774949E-15,0.707106781186548,0.707106781186548));
#9568=DIRECTION('',(1.,0.,0.));
#9569=DIRECTION('',(-1.78222218774949E-15,-0.707106781186548,-0.707106781186548));
#9570=DIRECTION('',(-1.,0.,0.));
#9571=DIRECTION('',(0.,0.,1.));
#9572=DIRECTION('',(1.,0.,0.));
#9573=DIRECTION('',(2.52044278907757E-15,1.,0.));
#9574=DIRECTION('',(-2.52044278907757E-15,-1.,0.));
#9575=DIRECTION('',(1.,0.,0.));
#9576=DIRECTION('',(-1.,2.52044278907757E-15,0.));
#9577=DIRECTION('',(-2.52044278907757E-15,-1.,0.));
#9578=DIRECTION('',(0.,0.,-1.));
#9579=DIRECTION('',(0.,0.,-1.));
#9580=DIRECTION('',(2.52044278907757E-15,1.,0.));
#9581=DIRECTION('',(0.,-1.,0.));
#9582=DIRECTION('',(0.,0.,-1.));
#9583=DIRECTION('',(0.,0.,-1.));
#9584=DIRECTION('',(-1.,0.,0.));
#9585=DIRECTION('',(1.,-2.52044278907757E-15,0.));
#9586=DIRECTION('',(2.52044278907757E-15,1.,0.));
#9587=DIRECTION('',(-2.52044278907757E-15,-1.,0.));
#9588=DIRECTION('',(0.,0.,-1.));
#9589=DIRECTION('',(0.,0.707106781186548,-0.707106781186548));
#9590=DIRECTION('',(-1.,0.,0.));
#9591=DIRECTION('',(1.78222218774949E-15,0.707106781186548,0.707106781186548));
#9592=DIRECTION('',(1.,0.,0.));
#9593=DIRECTION('',(-1.78222218774949E-15,-0.707106781186548,-0.707106781186548));
#9594=DIRECTION('',(-1.,0.,0.));
#9595=DIRECTION('',(0.,0.,1.));
#9596=DIRECTION('',(1.,0.,0.));
#9597=DIRECTION('',(2.52044278907757E-15,1.,0.));
#9598=DIRECTION('',(-2.52044278907757E-15,-1.,0.));
#9599=DIRECTION('',(1.,0.,0.));
#9600=DIRECTION('',(-1.,2.52044278907757E-15,0.));
#9601=DIRECTION('',(-2.52044278907757E-15,-1.,0.));
#9602=DIRECTION('',(0.,0.,-1.));
#9603=DIRECTION('',(0.,0.,-1.));
#9604=DIRECTION('',(2.52044278907757E-15,1.,0.));
#9605=DIRECTION('',(0.,-1.,0.));
#9606=DIRECTION('',(0.,0.,-1.));
#9607=DIRECTION('',(0.,0.,-1.));
#9608=DIRECTION('',(-1.,0.,0.));
#9609=DIRECTION('',(1.,-2.52044278907757E-15,0.));
#9610=DIRECTION('',(2.52044278907757E-15,1.,0.));
#9611=DIRECTION('',(-2.52044278907757E-15,-1.,0.));
#9612=DIRECTION('',(0.,0.,-1.));
#9613=DIRECTION('',(0.,0.707106781186548,-0.707106781186548));
#9614=DIRECTION('',(-1.,0.,0.));
#9615=DIRECTION('',(1.78222218774949E-15,0.707106781186548,0.707106781186548));
#9616=DIRECTION('',(1.,0.,0.));
#9617=DIRECTION('',(-1.78222218774949E-15,-0.707106781186548,-0.707106781186548));
#9618=DIRECTION('',(-1.,0.,0.));
#9619=DIRECTION('',(0.,0.,1.));
#9620=DIRECTION('',(1.,0.,0.));
#9621=DIRECTION('',(2.52044278907757E-15,1.,0.));
#9622=DIRECTION('',(-2.52044278907757E-15,-1.,0.));
#9623=DIRECTION('',(1.,0.,0.));
#9624=DIRECTION('',(-1.,2.52044278907757E-15,0.));
#9625=DIRECTION('',(-2.52044278907757E-15,-1.,0.));
#9626=DIRECTION('',(0.,0.,-1.));
#9627=DIRECTION('',(0.,0.,-1.));
#9628=DIRECTION('',(2.52044278907757E-15,1.,0.));
#9629=DIRECTION('',(0.,-1.,0.));
#9630=DIRECTION('',(0.,0.,-1.));
#9631=DIRECTION('',(0.,0.,-1.));
#9632=DIRECTION('',(-1.,0.,0.));
#9633=DIRECTION('',(1.,-2.52044278907757E-15,0.));
#9634=DIRECTION('',(2.52044278907757E-15,1.,0.));
#9635=DIRECTION('',(-2.52044278907757E-15,-1.,0.));
#9636=DIRECTION('',(0.,0.,-1.));
#9637=DIRECTION('',(0.,0.707106781186548,-0.707106781186548));
#9638=DIRECTION('',(-1.,0.,0.));
#9639=DIRECTION('',(1.78222218774949E-15,0.707106781186548,0.707106781186548));
#9640=DIRECTION('',(1.,0.,0.));
#9641=DIRECTION('',(-1.78222218774949E-15,-0.707106781186548,-0.707106781186548));
#9642=DIRECTION('',(-1.,0.,0.));
#9643=DIRECTION('',(0.,0.,1.));
#9644=DIRECTION('',(1.,0.,0.));
#9645=DIRECTION('',(2.52044278907757E-15,1.,0.));
#9646=DIRECTION('',(-2.52044278907757E-15,-1.,0.));
#9647=DIRECTION('',(1.,0.,0.));
#9648=DIRECTION('',(-1.,2.52044278907757E-15,0.));
#9649=DIRECTION('',(-2.52044278907757E-15,-1.,0.));
#9650=DIRECTION('',(0.,0.,-1.));
#9651=DIRECTION('',(0.,0.,-1.));
#9652=DIRECTION('',(2.52044278907757E-15,1.,0.));
#9653=DIRECTION('',(0.,-1.,0.));
#9654=DIRECTION('',(0.,0.,-1.));
#9655=DIRECTION('',(0.,0.,-1.));
#9656=DIRECTION('',(-1.,0.,0.));
#9657=DIRECTION('',(1.,-2.52044278907757E-15,0.));
#9658=DIRECTION('',(2.52044278907757E-15,1.,0.));
#9659=DIRECTION('',(-2.52044278907757E-15,-1.,0.));
#9660=DIRECTION('',(0.,0.,-1.));
#9661=DIRECTION('',(0.,0.707106781186548,-0.707106781186548));
#9662=DIRECTION('',(-1.,0.,0.));
#9663=DIRECTION('',(1.78222218774949E-15,0.707106781186548,0.707106781186548));
#9664=DIRECTION('',(1.,0.,0.));
#9665=DIRECTION('',(-1.78222218774949E-15,-0.707106781186548,-0.707106781186548));
#9666=DIRECTION('',(-1.,0.,0.));
#9667=DIRECTION('',(0.,0.,1.));
#9668=DIRECTION('',(1.,0.,0.));
#9669=DIRECTION('',(2.52044278907757E-15,1.,0.));
#9670=DIRECTION('',(-2.52044278907757E-15,-1.,0.));
#9671=DIRECTION('',(1.,0.,0.));
#9672=DIRECTION('',(-1.,2.52044278907757E-15,0.));
#9673=DIRECTION('',(-2.52044278907757E-15,-1.,0.));
#9674=DIRECTION('',(0.,0.,-1.));
#9675=DIRECTION('',(0.,0.,-1.));
#9676=DIRECTION('',(2.52044278907757E-15,1.,0.));
#9677=DIRECTION('',(0.,-1.,0.));
#9678=DIRECTION('',(0.,0.,-1.));
#9679=DIRECTION('',(0.,0.,-1.));
#9680=DIRECTION('',(-1.,0.,0.));
#9681=DIRECTION('',(1.,-2.52044278907757E-15,0.));
#9682=DIRECTION('',(2.52044278907757E-15,1.,0.));
#9683=DIRECTION('',(-2.52044278907757E-15,-1.,0.));
#9684=DIRECTION('',(0.,0.,-1.));
#9685=DIRECTION('',(0.,0.707106781186548,-0.707106781186548));
#9686=DIRECTION('',(-1.,0.,0.));
#9687=DIRECTION('',(1.78222218774949E-15,0.707106781186548,0.707106781186548));
#9688=DIRECTION('',(1.,0.,0.));
#9689=DIRECTION('',(-1.78222218774949E-15,-0.707106781186548,-0.707106781186548));
#9690=DIRECTION('',(-1.,0.,0.));
#9691=DIRECTION('',(0.,0.,1.));
#9692=DIRECTION('',(1.,0.,0.));
#9693=DIRECTION('',(2.52044278907757E-15,1.,0.));
#9694=DIRECTION('',(-2.52044278907757E-15,-1.,0.));
#9695=DIRECTION('',(1.,0.,0.));
#9696=DIRECTION('',(-1.,2.52044278907757E-15,0.));
#9697=DIRECTION('',(-2.52044278907757E-15,-1.,0.));
#9698=DIRECTION('',(0.,0.,-1.));
#9699=DIRECTION('',(0.,0.,-1.));
#9700=DIRECTION('',(2.52044278907757E-15,1.,0.));
#9701=DIRECTION('',(0.,-1.,0.));
#9702=DIRECTION('',(0.,0.,-1.));
#9703=DIRECTION('',(0.,0.,-1.));
#9704=DIRECTION('',(-1.,0.,0.));
#9705=DIRECTION('',(1.,-2.52044278907757E-15,0.));
#9706=DIRECTION('',(2.52044278907757E-15,1.,0.));
#9707=DIRECTION('',(-2.52044278907757E-15,-1.,0.));
#9708=DIRECTION('',(0.,0.,-1.));
#9709=DIRECTION('',(0.,0.707106781186548,-0.707106781186548));
#9710=DIRECTION('',(-1.,0.,0.));
#9711=DIRECTION('',(1.78222218774949E-15,0.707106781186548,0.707106781186548));
#9712=DIRECTION('',(1.,0.,0.));
#9713=DIRECTION('',(-1.78222218774949E-15,-0.707106781186548,-0.707106781186548));
#9714=DIRECTION('',(-1.,0.,0.));
#9715=DIRECTION('',(0.,0.,1.));
#9716=DIRECTION('',(1.,0.,0.));
#9717=DIRECTION('',(2.52044278907757E-15,1.,0.));
#9718=DIRECTION('',(-2.52044278907757E-15,-1.,0.));
#9719=DIRECTION('',(1.,0.,0.));
#9720=DIRECTION('',(-1.,2.52044278907757E-15,0.));
#9721=DIRECTION('',(-2.52044278907757E-15,-1.,0.));
#9722=DIRECTION('',(0.,0.,-1.));
#9723=DIRECTION('',(0.,0.,-1.));
#9724=DIRECTION('',(2.52044278907757E-15,1.,0.));
#9725=DIRECTION('',(0.,-1.,0.));
#9726=DIRECTION('',(0.,0.,-1.));
#9727=DIRECTION('',(0.,0.,-1.));
#9728=DIRECTION('',(-1.,0.,0.));
#9729=DIRECTION('',(1.,-2.52044278907757E-15,0.));
#9730=DIRECTION('',(2.52044278907757E-15,1.,0.));
#9731=DIRECTION('',(-2.52044278907757E-15,-1.,0.));
#9732=DIRECTION('',(0.,0.,-1.));
#9733=DIRECTION('',(0.,0.707106781186548,-0.707106781186548));
#9734=DIRECTION('',(-1.,0.,0.));
#9735=DIRECTION('',(1.78222218774949E-15,0.707106781186548,0.707106781186548));
#9736=DIRECTION('',(1.,0.,0.));
#9737=DIRECTION('',(-1.78222218774949E-15,-0.707106781186548,-0.707106781186548));
#9738=DIRECTION('',(-1.,0.,0.));
#9739=DIRECTION('',(0.,0.,1.));
#9740=DIRECTION('',(1.,0.,0.));
#9741=DIRECTION('',(2.52044278907757E-15,1.,0.));
#9742=DIRECTION('',(-2.52044278907757E-15,-1.,0.));
#9743=DIRECTION('',(1.,0.,0.));
#9744=DIRECTION('',(-1.,2.52044278907757E-15,0.));
#9745=DIRECTION('',(-2.52044278907757E-15,-1.,0.));
#9746=DIRECTION('',(0.,0.,-1.));
#9747=DIRECTION('',(0.,0.,-1.));
#9748=DIRECTION('',(2.52044278907757E-15,1.,0.));
#9749=DIRECTION('',(0.,-1.,0.));
#9750=DIRECTION('',(0.,0.,-1.));
#9751=DIRECTION('',(0.,0.,-1.));
#9752=DIRECTION('',(-1.,0.,0.));
#9753=DIRECTION('',(1.,-2.52044278907757E-15,0.));
#9754=DIRECTION('',(2.52044278907757E-15,1.,0.));
#9755=DIRECTION('',(-2.52044278907757E-15,-1.,0.));
#9756=DIRECTION('',(0.,0.,-1.));
#9757=DIRECTION('',(0.,0.707106781186548,-0.707106781186548));
#9758=DIRECTION('',(-1.,0.,0.));
#9759=DIRECTION('',(1.78222218774949E-15,0.707106781186548,0.707106781186548));
#9760=DIRECTION('',(1.,0.,0.));
#9761=DIRECTION('',(-1.78222218774949E-15,-0.707106781186548,-0.707106781186548));
#9762=DIRECTION('',(-1.,0.,0.));
#9763=DIRECTION('',(0.,0.,1.));
#9764=DIRECTION('',(1.,0.,0.));
#9765=DIRECTION('',(2.52044278907757E-15,1.,0.));
#9766=DIRECTION('',(-2.52044278907757E-15,-1.,0.));
#9767=DIRECTION('',(1.,0.,0.));
#9768=DIRECTION('',(-1.,2.52044278907757E-15,0.));
#9769=DIRECTION('',(-2.52044278907757E-15,-1.,0.));
#9770=DIRECTION('',(0.,0.,-1.));
#9771=DIRECTION('',(0.,0.,-1.));
#9772=DIRECTION('',(2.52044278907757E-15,1.,0.));
#9773=DIRECTION('',(0.,-1.,0.));
#9774=DIRECTION('',(0.,0.,-1.));
#9775=DIRECTION('',(0.,0.,-1.));
#9776=DIRECTION('',(-1.,0.,0.));
#9777=DIRECTION('',(1.,-2.52044278907757E-15,0.));
#9778=DIRECTION('',(2.52044278907757E-15,1.,0.));
#9779=DIRECTION('',(-2.52044278907757E-15,-1.,0.));
#9780=DIRECTION('',(0.,0.,-1.));
#9781=DIRECTION('',(0.,0.707106781186548,-0.707106781186548));
#9782=DIRECTION('',(-1.,0.,0.));
#9783=DIRECTION('',(1.78222218774949E-15,0.707106781186548,0.707106781186548));
#9784=DIRECTION('',(1.,0.,0.));
#9785=DIRECTION('',(-1.78222218774949E-15,-0.707106781186548,-0.707106781186548));
#9786=DIRECTION('',(-1.,0.,0.));
#9787=DIRECTION('',(0.,0.,1.));
#9788=DIRECTION('',(1.,0.,0.));
#9789=DIRECTION('',(2.52044278907757E-15,1.,0.));
#9790=DIRECTION('',(-2.52044278907757E-15,-1.,0.));
#9791=DIRECTION('',(1.,0.,0.));
#9792=DIRECTION('',(-1.,2.52044278907757E-15,0.));
#9793=DIRECTION('',(-2.52044278907757E-15,-1.,0.));
#9794=DIRECTION('',(0.,0.,-1.));
#9795=DIRECTION('',(0.,0.,-1.));
#9796=DIRECTION('',(2.52044278907757E-15,1.,0.));
#9797=DIRECTION('',(0.,-1.,0.));
#9798=DIRECTION('',(0.,0.,-1.));
#9799=DIRECTION('',(0.,0.,-1.));
#9800=DIRECTION('',(-1.,0.,0.));
#9801=DIRECTION('',(1.,-2.52044278907757E-15,0.));
#9802=DIRECTION('',(2.52044278907757E-15,1.,0.));
#9803=DIRECTION('',(-2.52044278907757E-15,-1.,0.));
#9804=DIRECTION('',(0.,0.,-1.));
#9805=DIRECTION('',(0.,-0.908643306774138,-0.417573156530158));
#9806=DIRECTION('',(0.,0.417573156530158,-0.908643306774138));
#9807=DIRECTION('',(0.,0.417573156530158,-0.908643306774138));
#9808=DIRECTION('',(1.,0.,0.));
#9809=DIRECTION('',(0.,0.417573156530158,-0.908643306774138));
#9810=DIRECTION('',(1.,0.,0.));
#9811=DIRECTION('',(0.,0.,-1.));
#9812=DIRECTION('',(-1.,0.,0.));
#9813=DIRECTION('',(0.,1.,0.));
#9814=DIRECTION('',(0.,1.,0.));
#9815=DIRECTION('',(1.,0.,0.));
#9816=DIRECTION('',(0.,1.,0.));
#9817=DIRECTION('',(0.,0.,1.));
#9818=DIRECTION('',(0.,0.,1.));
#9819=DIRECTION('',(0.,0.,1.));
#9820=DIRECTION('',(1.,0.,0.));
#9821=DIRECTION('',(0.,0.,1.));
#9822=DIRECTION('',(1.,0.,0.));
#9823=DIRECTION('',(0.,-1.,0.));
#9824=DIRECTION('',(0.,-1.,0.));
#9825=DIRECTION('',(1.,0.,0.));
#9826=DIRECTION('',(1.,0.,0.));
#9827=DIRECTION('',(0.,0.,-1.));
#9828=DIRECTION('',(-1.,0.,0.));
#9829=DIRECTION('',(0.,1.,0.));
#9830=DIRECTION('',(-1.,0.,0.));
#9831=DIRECTION('',(0.,1.,0.));
#9832=DIRECTION('',(1.,0.,0.));
#9833=DIRECTION('',(0.,1.,0.));
#9834=DIRECTION('',(0.,0.,1.));
#9835=DIRECTION('',(0.,0.,1.));
#9836=DIRECTION('',(0.,0.,1.));
#9837=DIRECTION('',(1.,0.,0.));
#9838=DIRECTION('',(1.,0.,0.));
#9839=DIRECTION('',(0.,0.,-1.));
#9840=DIRECTION('',(1.,0.,0.));
#9841=DIRECTION('',(0.,-1.,0.));
#9842=DIRECTION('',(1.,0.,0.));
#9843=DIRECTION('',(0.,-1.,0.));
#9844=DIRECTION('',(1.,0.,0.));
#9845=DIRECTION('',(0.,-2.65356105403451E-15,1.));
#9846=DIRECTION('',(0.,-1.,-2.65356105403451E-15));
#9847=DIRECTION('',(0.,-1.,-2.65356105403451E-15));
#9848=DIRECTION('',(0.,-1.,-2.65356105403451E-15));
#9849=DIRECTION('',(1.,0.,0.));
#9850=DIRECTION('',(-1.,0.,0.));
#9851=DIRECTION('',(0.,0.,1.));
#9852=DIRECTION('',(0.,-5.37410953620948E-16,-1.));
#9853=DIRECTION('',(0.,-1.,-5.01692716763365E-16));
#9854=DIRECTION('',(-1.,0.,0.));
#9855=DIRECTION('',(0.,0.,1.));
#9856=DIRECTION('',(0.,-5.37410953620948E-16,-1.));
#9857=DIRECTION('',(0.,-1.,-5.01692716763365E-16));
#9858=DIRECTION('',(-1.,0.,0.));
#9859=DIRECTION('',(0.,0.,1.));
#9860=DIRECTION('',(-1.,0.,0.));
#9861=DIRECTION('',(0.,-1.,0.));
#9862=DIRECTION('',(0.,-1.,0.));
#9863=DIRECTION('',(0.,0.,-1.));
#9864=DIRECTION('',(0.,1.,0.));
#9865=DIRECTION('',(0.,0.417573156530158,0.908643306774138));
#9866=DIRECTION('',(0.,-1.,5.01692716763366E-16));
#9867=DIRECTION('',(0.,-1.,5.01692716763366E-16));
#9868=DIRECTION('',(0.,0.,1.));
#9869=DIRECTION('',(0.,-1.,2.65356105403451E-15));
#9870=DIRECTION('',(1.,0.,0.));
#9871=DIRECTION('',(0.,1.,0.));
#9872=DIRECTION('',(0.,0.,-1.));
#9873=DIRECTION('',(0.,0.,1.));
#9874=DIRECTION('',(1.,0.,0.));
#9875=DIRECTION('',(1.,0.,0.));
#9876=DIRECTION('',(0.,-1.,0.));
#9877=DIRECTION('',(1.,0.,0.));
#9878=DIRECTION('',(0.,-1.,0.));
#9879=DIRECTION('',(0.,0.,-1.));
#9880=DIRECTION('',(0.,0.,-1.));
#9881=DIRECTION('',(1.,0.,0.));
#9882=DIRECTION('',(0.,0.,-1.));
#9883=DIRECTION('',(-1.,0.,0.));
#9884=DIRECTION('',(0.,1.,0.));
#9885=DIRECTION('',(1.,0.,0.));
#9886=DIRECTION('',(0.,0.908643306774138,-0.417573156530158));
#9887=DIRECTION('',(0.,0.417573156530158,0.908643306774138));
#9888=DIRECTION('',(0.,0.417573156530158,0.908643306774138));
#9889=DIRECTION('',(-1.,0.,0.));
#9890=DIRECTION('',(0.,5.01692716763365E-16,1.));
#9891=DIRECTION('',(0.,-1.,5.01692716763365E-16));
#9892=DIRECTION('',(-1.,0.,0.));
#9893=DIRECTION('',(0.,-1.,5.01692716763366E-16));
#9894=DIRECTION('',(1.,0.,0.));
#9895=DIRECTION('',(0.,1.,0.));
#9896=DIRECTION('',(0.,0.,1.));
#9897=DIRECTION('',(0.,0.,1.));
#9898=DIRECTION('',(1.,0.,0.));
#9899=DIRECTION('',(0.,2.65356105403451E-15,1.));
#9900=DIRECTION('',(0.,-1.,2.65356105403451E-15));
#9901=DIRECTION('',(0.,-1.,2.65356105403451E-15));
#9902=DIRECTION('',(1.,0.,0.));
#9903=DIRECTION('',(1.,0.,0.));
#9904=DIRECTION('',(0.,0.,-1.));
#9905=DIRECTION('',(1.,0.,0.));
#9906=DIRECTION('',(0.,1.,0.));
#9907=DIRECTION('',(1.,0.,0.));
#9908=DIRECTION('',(0.,-1.,0.));
#9909=DIRECTION('',(0.,0.,-1.));
#9910=DIRECTION('',(0.,0.,-1.));
#9911=DIRECTION('',(1.,0.,0.));
#9912=DIRECTION('',(1.,0.,0.));
#9913=DIRECTION('',(0.,0.,-1.));
#9914=DIRECTION('',(-1.,0.,0.));
#9915=DIRECTION('',(0.,-1.,0.));
#9916=DIRECTION('',(-1.,0.,0.));
#9917=DIRECTION('',(0.,0.,1.));
#9918=DIRECTION('',(0.,-1.,5.01692716763366E-16));
#9919=DIRECTION('',(0.,-0.908643306774138,-0.417573156530158));
#9920=DIRECTION('',(0.,0.417573156530158,-0.908643306774138));
#9921=DIRECTION('',(0.,0.417573156530158,-0.908643306774138));
#9922=DIRECTION('',(1.,0.,0.));
#9923=DIRECTION('',(0.,0.417573156530158,-0.908643306774138));
#9924=DIRECTION('',(1.,0.,0.));
#9925=DIRECTION('',(0.,0.,-1.));
#9926=DIRECTION('',(-1.,0.,0.));
#9927=DIRECTION('',(0.,1.,0.));
#9928=DIRECTION('',(0.,1.,0.));
#9929=DIRECTION('',(1.,0.,0.));
#9930=DIRECTION('',(0.,1.,0.));
#9931=DIRECTION('',(0.,0.,1.));
#9932=DIRECTION('',(0.,0.,1.));
#9933=DIRECTION('',(0.,0.,1.));
#9934=DIRECTION('',(1.,0.,0.));
#9935=DIRECTION('',(0.,0.,1.));
#9936=DIRECTION('',(1.,0.,0.));
#9937=DIRECTION('',(0.,-1.,0.));
#9938=DIRECTION('',(0.,-1.,0.));
#9939=DIRECTION('',(1.,0.,0.));
#9940=DIRECTION('',(1.,0.,0.));
#9941=DIRECTION('',(0.,0.,-1.));
#9942=DIRECTION('',(-1.,0.,0.));
#9943=DIRECTION('',(0.,1.,0.));
#9944=DIRECTION('',(-1.,0.,0.));
#9945=DIRECTION('',(0.,1.,0.));
#9946=DIRECTION('',(1.,0.,0.));
#9947=DIRECTION('',(0.,1.,0.));
#9948=DIRECTION('',(0.,0.,1.));
#9949=DIRECTION('',(0.,0.,1.));
#9950=DIRECTION('',(0.,0.,1.));
#9951=DIRECTION('',(1.,0.,0.));
#9952=DIRECTION('',(1.,0.,0.));
#9953=DIRECTION('',(0.,0.,-1.));
#9954=DIRECTION('',(1.,0.,0.));
#9955=DIRECTION('',(0.,-1.,0.));
#9956=DIRECTION('',(1.,0.,0.));
#9957=DIRECTION('',(0.,-1.,0.));
#9958=DIRECTION('',(1.,0.,0.));
#9959=DIRECTION('',(0.,-2.65356105403451E-15,1.));
#9960=DIRECTION('',(0.,-1.,-2.65356105403451E-15));
#9961=DIRECTION('',(0.,-1.,-2.65356105403451E-15));
#9962=DIRECTION('',(0.,-1.,-2.65356105403451E-15));
#9963=DIRECTION('',(1.,0.,0.));
#9964=DIRECTION('',(-1.,0.,0.));
#9965=DIRECTION('',(0.,0.,1.));
#9966=DIRECTION('',(0.,-5.37410953620948E-16,-1.));
#9967=DIRECTION('',(0.,-1.,-5.01692716763365E-16));
#9968=DIRECTION('',(-1.,0.,0.));
#9969=DIRECTION('',(0.,0.,1.));
#9970=DIRECTION('',(0.,-5.37410953620948E-16,-1.));
#9971=DIRECTION('',(0.,-1.,-5.01692716763365E-16));
#9972=DIRECTION('',(-1.,0.,0.));
#9973=DIRECTION('',(0.,0.,1.));
#9974=DIRECTION('',(-1.,0.,0.));
#9975=DIRECTION('',(0.,-1.,0.));
#9976=DIRECTION('',(0.,-1.,0.));
#9977=DIRECTION('',(0.,0.,-1.));
#9978=DIRECTION('',(0.,1.,0.));
#9979=DIRECTION('',(0.,0.417573156530158,0.908643306774138));
#9980=DIRECTION('',(0.,-1.,5.01692716763366E-16));
#9981=DIRECTION('',(0.,-1.,5.01692716763366E-16));
#9982=DIRECTION('',(0.,0.,1.));
#9983=DIRECTION('',(0.,-1.,2.65356105403451E-15));
#9984=DIRECTION('',(1.,0.,0.));
#9985=DIRECTION('',(0.,1.,0.));
#9986=DIRECTION('',(0.,0.,-1.));
#9987=DIRECTION('',(0.,0.,1.));
#9988=DIRECTION('',(1.,0.,0.));
#9989=DIRECTION('',(1.,0.,0.));
#9990=DIRECTION('',(0.,-1.,0.));
#9991=DIRECTION('',(1.,0.,0.));
#9992=DIRECTION('',(0.,-1.,0.));
#9993=DIRECTION('',(0.,0.,-1.));
#9994=DIRECTION('',(0.,0.,-1.));
#9995=DIRECTION('',(1.,0.,0.));
#9996=DIRECTION('',(0.,0.,-1.));
#9997=DIRECTION('',(-1.,0.,0.));
#9998=DIRECTION('',(0.,1.,0.));
#9999=DIRECTION('',(1.,0.,0.));
#10000=DIRECTION('',(0.,0.908643306774138,-0.417573156530158));
#10001=DIRECTION('',(0.,0.417573156530158,0.908643306774138));
#10002=DIRECTION('',(0.,0.417573156530158,0.908643306774138));
#10003=DIRECTION('',(-1.,0.,0.));
#10004=DIRECTION('',(0.,5.01692716763365E-16,1.));
#10005=DIRECTION('',(0.,-1.,5.01692716763365E-16));
#10006=DIRECTION('',(-1.,0.,0.));
#10007=DIRECTION('',(0.,-1.,5.01692716763366E-16));
#10008=DIRECTION('',(1.,0.,0.));
#10009=DIRECTION('',(0.,1.,0.));
#10010=DIRECTION('',(0.,0.,1.));
#10011=DIRECTION('',(0.,0.,1.));
#10012=DIRECTION('',(1.,0.,0.));
#10013=DIRECTION('',(0.,2.65356105403451E-15,1.));
#10014=DIRECTION('',(0.,-1.,2.65356105403451E-15));
#10015=DIRECTION('',(0.,-1.,2.65356105403451E-15));
#10016=DIRECTION('',(1.,0.,0.));
#10017=DIRECTION('',(1.,0.,0.));
#10018=DIRECTION('',(0.,0.,-1.));
#10019=DIRECTION('',(1.,0.,0.));
#10020=DIRECTION('',(0.,1.,0.));
#10021=DIRECTION('',(1.,0.,0.));
#10022=DIRECTION('',(0.,-1.,0.));
#10023=DIRECTION('',(0.,0.,-1.));
#10024=DIRECTION('',(0.,0.,-1.));
#10025=DIRECTION('',(1.,0.,0.));
#10026=DIRECTION('',(1.,0.,0.));
#10027=DIRECTION('',(0.,0.,-1.));
#10028=DIRECTION('',(-1.,0.,0.));
#10029=DIRECTION('',(0.,-1.,0.));
#10030=DIRECTION('',(-1.,0.,0.));
#10031=DIRECTION('',(0.,0.,1.));
#10032=DIRECTION('',(0.,-1.,5.01692716763366E-16));
#10033=DIRECTION('',(0.,-0.908643306774138,-0.417573156530158));
#10034=DIRECTION('',(0.,0.417573156530158,-0.908643306774138));
#10035=DIRECTION('',(0.,0.417573156530158,-0.908643306774138));
#10036=DIRECTION('',(1.,0.,0.));
#10037=DIRECTION('',(0.,0.417573156530158,-0.908643306774138));
#10038=DIRECTION('',(1.,0.,0.));
#10039=DIRECTION('',(0.,0.,-1.));
#10040=DIRECTION('',(-1.,0.,0.));
#10041=DIRECTION('',(0.,1.,0.));
#10042=DIRECTION('',(0.,1.,0.));
#10043=DIRECTION('',(1.,0.,0.));
#10044=DIRECTION('',(0.,1.,0.));
#10045=DIRECTION('',(0.,0.,1.));
#10046=DIRECTION('',(0.,0.,1.));
#10047=DIRECTION('',(0.,0.,1.));
#10048=DIRECTION('',(1.,0.,0.));
#10049=DIRECTION('',(0.,0.,1.));
#10050=DIRECTION('',(1.,0.,0.));
#10051=DIRECTION('',(0.,-1.,0.));
#10052=DIRECTION('',(0.,-1.,0.));
#10053=DIRECTION('',(1.,0.,0.));
#10054=DIRECTION('',(1.,0.,0.));
#10055=DIRECTION('',(0.,0.,-1.));
#10056=DIRECTION('',(-1.,0.,0.));
#10057=DIRECTION('',(0.,1.,0.));
#10058=DIRECTION('',(-1.,0.,0.));
#10059=DIRECTION('',(0.,1.,0.));
#10060=DIRECTION('',(1.,0.,0.));
#10061=DIRECTION('',(0.,1.,0.));
#10062=DIRECTION('',(0.,0.,1.));
#10063=DIRECTION('',(0.,0.,1.));
#10064=DIRECTION('',(0.,0.,1.));
#10065=DIRECTION('',(1.,0.,0.));
#10066=DIRECTION('',(1.,0.,0.));
#10067=DIRECTION('',(0.,0.,-1.));
#10068=DIRECTION('',(1.,0.,0.));
#10069=DIRECTION('',(0.,-1.,0.));
#10070=DIRECTION('',(1.,0.,0.));
#10071=DIRECTION('',(0.,-1.,0.));
#10072=DIRECTION('',(1.,0.,0.));
#10073=DIRECTION('',(0.,-2.65356105403451E-15,1.));
#10074=DIRECTION('',(0.,-1.,-2.65356105403451E-15));
#10075=DIRECTION('',(0.,-1.,-2.65356105403451E-15));
#10076=DIRECTION('',(0.,-1.,-2.65356105403451E-15));
#10077=DIRECTION('',(1.,0.,0.));
#10078=DIRECTION('',(-1.,0.,0.));
#10079=DIRECTION('',(0.,0.,1.));
#10080=DIRECTION('',(0.,-5.37410953620948E-16,-1.));
#10081=DIRECTION('',(0.,-1.,-5.01692716763365E-16));
#10082=DIRECTION('',(-1.,0.,0.));
#10083=DIRECTION('',(0.,0.,1.));
#10084=DIRECTION('',(0.,-5.37410953620948E-16,-1.));
#10085=DIRECTION('',(0.,-1.,-5.01692716763365E-16));
#10086=DIRECTION('',(-1.,0.,0.));
#10087=DIRECTION('',(0.,0.,1.));
#10088=DIRECTION('',(-1.,0.,0.));
#10089=DIRECTION('',(0.,-1.,0.));
#10090=DIRECTION('',(0.,-1.,0.));
#10091=DIRECTION('',(0.,0.,-1.));
#10092=DIRECTION('',(0.,1.,0.));
#10093=DIRECTION('',(0.,0.417573156530158,0.908643306774138));
#10094=DIRECTION('',(0.,-1.,5.01692716763366E-16));
#10095=DIRECTION('',(0.,-1.,5.01692716763366E-16));
#10096=DIRECTION('',(0.,0.,1.));
#10097=DIRECTION('',(0.,-1.,2.65356105403451E-15));
#10098=DIRECTION('',(1.,0.,0.));
#10099=DIRECTION('',(0.,1.,0.));
#10100=DIRECTION('',(0.,0.,-1.));
#10101=DIRECTION('',(0.,0.,1.));
#10102=DIRECTION('',(1.,0.,0.));
#10103=DIRECTION('',(1.,0.,0.));
#10104=DIRECTION('',(0.,-1.,0.));
#10105=DIRECTION('',(1.,0.,0.));
#10106=DIRECTION('',(0.,-1.,0.));
#10107=DIRECTION('',(0.,0.,-1.));
#10108=DIRECTION('',(0.,0.,-1.));
#10109=DIRECTION('',(1.,0.,0.));
#10110=DIRECTION('',(0.,0.,-1.));
#10111=DIRECTION('',(-1.,0.,0.));
#10112=DIRECTION('',(0.,1.,0.));
#10113=DIRECTION('',(1.,0.,0.));
#10114=DIRECTION('',(0.,0.908643306774138,-0.417573156530158));
#10115=DIRECTION('',(0.,0.417573156530158,0.908643306774138));
#10116=DIRECTION('',(0.,0.417573156530158,0.908643306774138));
#10117=DIRECTION('',(-1.,0.,0.));
#10118=DIRECTION('',(0.,5.01692716763365E-16,1.));
#10119=DIRECTION('',(0.,-1.,5.01692716763365E-16));
#10120=DIRECTION('',(-1.,0.,0.));
#10121=DIRECTION('',(0.,-1.,5.01692716763366E-16));
#10122=DIRECTION('',(1.,0.,0.));
#10123=DIRECTION('',(0.,1.,0.));
#10124=DIRECTION('',(0.,0.,1.));
#10125=DIRECTION('',(0.,0.,1.));
#10126=DIRECTION('',(1.,0.,0.));
#10127=DIRECTION('',(0.,2.65356105403451E-15,1.));
#10128=DIRECTION('',(0.,-1.,2.65356105403451E-15));
#10129=DIRECTION('',(0.,-1.,2.65356105403451E-15));
#10130=DIRECTION('',(1.,0.,0.));
#10131=DIRECTION('',(1.,0.,0.));
#10132=DIRECTION('',(0.,0.,-1.));
#10133=DIRECTION('',(1.,0.,0.));
#10134=DIRECTION('',(0.,1.,0.));
#10135=DIRECTION('',(1.,0.,0.));
#10136=DIRECTION('',(0.,-1.,0.));
#10137=DIRECTION('',(0.,0.,-1.));
#10138=DIRECTION('',(0.,0.,-1.));
#10139=DIRECTION('',(1.,0.,0.));
#10140=DIRECTION('',(1.,0.,0.));
#10141=DIRECTION('',(0.,0.,-1.));
#10142=DIRECTION('',(-1.,0.,0.));
#10143=DIRECTION('',(0.,-1.,0.));
#10144=DIRECTION('',(-1.,0.,0.));
#10145=DIRECTION('',(0.,0.,1.));
#10146=DIRECTION('',(0.,-1.,5.01692716763366E-16));
#10147=DIRECTION('',(0.,-0.908643306774138,-0.417573156530158));
#10148=DIRECTION('',(0.,0.417573156530158,-0.908643306774138));
#10149=DIRECTION('',(0.,0.417573156530158,-0.908643306774138));
#10150=DIRECTION('',(1.,0.,0.));
#10151=DIRECTION('',(0.,0.417573156530158,-0.908643306774138));
#10152=DIRECTION('',(1.,0.,0.));
#10153=DIRECTION('',(0.,0.,-1.));
#10154=DIRECTION('',(-1.,0.,0.));
#10155=DIRECTION('',(0.,1.,0.));
#10156=DIRECTION('',(0.,1.,0.));
#10157=DIRECTION('',(1.,0.,0.));
#10158=DIRECTION('',(0.,1.,0.));
#10159=DIRECTION('',(0.,0.,1.));
#10160=DIRECTION('',(0.,0.,1.));
#10161=DIRECTION('',(0.,0.,1.));
#10162=DIRECTION('',(1.,0.,0.));
#10163=DIRECTION('',(0.,0.,1.));
#10164=DIRECTION('',(1.,0.,0.));
#10165=DIRECTION('',(0.,-1.,0.));
#10166=DIRECTION('',(0.,-1.,0.));
#10167=DIRECTION('',(1.,0.,0.));
#10168=DIRECTION('',(1.,0.,0.));
#10169=DIRECTION('',(0.,0.,-1.));
#10170=DIRECTION('',(-1.,0.,0.));
#10171=DIRECTION('',(0.,1.,0.));
#10172=DIRECTION('',(-1.,0.,0.));
#10173=DIRECTION('',(0.,1.,0.));
#10174=DIRECTION('',(1.,0.,0.));
#10175=DIRECTION('',(0.,1.,0.));
#10176=DIRECTION('',(0.,0.,1.));
#10177=DIRECTION('',(0.,0.,1.));
#10178=DIRECTION('',(0.,0.,1.));
#10179=DIRECTION('',(1.,0.,0.));
#10180=DIRECTION('',(1.,0.,0.));
#10181=DIRECTION('',(0.,0.,-1.));
#10182=DIRECTION('',(1.,0.,0.));
#10183=DIRECTION('',(0.,-1.,0.));
#10184=DIRECTION('',(1.,0.,0.));
#10185=DIRECTION('',(0.,-1.,0.));
#10186=DIRECTION('',(1.,0.,0.));
#10187=DIRECTION('',(0.,-2.65356105403451E-15,1.));
#10188=DIRECTION('',(0.,-1.,-2.65356105403451E-15));
#10189=DIRECTION('',(0.,-1.,-2.65356105403451E-15));
#10190=DIRECTION('',(0.,-1.,-2.65356105403451E-15));
#10191=DIRECTION('',(1.,0.,0.));
#10192=DIRECTION('',(-1.,0.,0.));
#10193=DIRECTION('',(0.,0.,1.));
#10194=DIRECTION('',(0.,-5.37410953620948E-16,-1.));
#10195=DIRECTION('',(0.,-1.,-5.01692716763365E-16));
#10196=DIRECTION('',(-1.,0.,0.));
#10197=DIRECTION('',(0.,0.,1.));
#10198=DIRECTION('',(0.,-5.37410953620948E-16,-1.));
#10199=DIRECTION('',(0.,-1.,-5.01692716763365E-16));
#10200=DIRECTION('',(-1.,0.,0.));
#10201=DIRECTION('',(0.,0.,1.));
#10202=DIRECTION('',(-1.,0.,0.));
#10203=DIRECTION('',(0.,-1.,0.));
#10204=DIRECTION('',(0.,-1.,0.));
#10205=DIRECTION('',(0.,0.,-1.));
#10206=DIRECTION('',(0.,1.,0.));
#10207=DIRECTION('',(0.,0.417573156530158,0.908643306774138));
#10208=DIRECTION('',(0.,-1.,5.01692716763366E-16));
#10209=DIRECTION('',(0.,-1.,5.01692716763366E-16));
#10210=DIRECTION('',(0.,0.,1.));
#10211=DIRECTION('',(0.,-1.,2.65356105403451E-15));
#10212=DIRECTION('',(1.,0.,0.));
#10213=DIRECTION('',(0.,1.,0.));
#10214=DIRECTION('',(0.,0.,-1.));
#10215=DIRECTION('',(0.,0.,1.));
#10216=DIRECTION('',(1.,0.,0.));
#10217=DIRECTION('',(1.,0.,0.));
#10218=DIRECTION('',(0.,-1.,0.));
#10219=DIRECTION('',(1.,0.,0.));
#10220=DIRECTION('',(0.,-1.,0.));
#10221=DIRECTION('',(0.,0.,-1.));
#10222=DIRECTION('',(0.,0.,-1.));
#10223=DIRECTION('',(1.,0.,0.));
#10224=DIRECTION('',(0.,0.,-1.));
#10225=DIRECTION('',(-1.,0.,0.));
#10226=DIRECTION('',(0.,1.,0.));
#10227=DIRECTION('',(1.,0.,0.));
#10228=DIRECTION('',(0.,0.908643306774138,-0.417573156530158));
#10229=DIRECTION('',(0.,0.417573156530158,0.908643306774138));
#10230=DIRECTION('',(0.,0.417573156530158,0.908643306774138));
#10231=DIRECTION('',(-1.,0.,0.));
#10232=DIRECTION('',(0.,5.01692716763365E-16,1.));
#10233=DIRECTION('',(0.,-1.,5.01692716763365E-16));
#10234=DIRECTION('',(-1.,0.,0.));
#10235=DIRECTION('',(0.,-1.,5.01692716763366E-16));
#10236=DIRECTION('',(1.,0.,0.));
#10237=DIRECTION('',(0.,1.,0.));
#10238=DIRECTION('',(0.,0.,1.));
#10239=DIRECTION('',(0.,0.,1.));
#10240=DIRECTION('',(1.,0.,0.));
#10241=DIRECTION('',(0.,2.65356105403451E-15,1.));
#10242=DIRECTION('',(0.,-1.,2.65356105403451E-15));
#10243=DIRECTION('',(0.,-1.,2.65356105403451E-15));
#10244=DIRECTION('',(1.,0.,0.));
#10245=DIRECTION('',(1.,0.,0.));
#10246=DIRECTION('',(0.,0.,-1.));
#10247=DIRECTION('',(1.,0.,0.));
#10248=DIRECTION('',(0.,1.,0.));
#10249=DIRECTION('',(1.,0.,0.));
#10250=DIRECTION('',(0.,-1.,0.));
#10251=DIRECTION('',(0.,0.,-1.));
#10252=DIRECTION('',(0.,0.,-1.));
#10253=DIRECTION('',(1.,0.,0.));
#10254=DIRECTION('',(1.,0.,0.));
#10255=DIRECTION('',(0.,0.,-1.));
#10256=DIRECTION('',(-1.,0.,0.));
#10257=DIRECTION('',(0.,-1.,0.));
#10258=DIRECTION('',(-1.,0.,0.));
#10259=DIRECTION('',(0.,0.,1.));
#10260=DIRECTION('',(0.,-1.,5.01692716763366E-16));
#10261=DIRECTION('',(0.,-0.908643306774138,-0.417573156530158));
#10262=DIRECTION('',(0.,0.417573156530158,-0.908643306774138));
#10263=DIRECTION('',(0.,0.417573156530158,-0.908643306774138));
#10264=DIRECTION('',(1.,0.,0.));
#10265=DIRECTION('',(0.,0.417573156530158,-0.908643306774138));
#10266=DIRECTION('',(1.,0.,0.));
#10267=DIRECTION('',(0.,0.,-1.));
#10268=DIRECTION('',(-1.,0.,0.));
#10269=DIRECTION('',(0.,1.,0.));
#10270=DIRECTION('',(0.,1.,0.));
#10271=DIRECTION('',(1.,0.,0.));
#10272=DIRECTION('',(0.,1.,0.));
#10273=DIRECTION('',(0.,0.,1.));
#10274=DIRECTION('',(0.,0.,1.));
#10275=DIRECTION('',(0.,0.,1.));
#10276=DIRECTION('',(1.,0.,0.));
#10277=DIRECTION('',(0.,0.,1.));
#10278=DIRECTION('',(1.,0.,0.));
#10279=DIRECTION('',(0.,-1.,0.));
#10280=DIRECTION('',(0.,-1.,0.));
#10281=DIRECTION('',(1.,0.,0.));
#10282=DIRECTION('',(1.,0.,0.));
#10283=DIRECTION('',(0.,0.,-1.));
#10284=DIRECTION('',(-1.,0.,0.));
#10285=DIRECTION('',(0.,1.,0.));
#10286=DIRECTION('',(-1.,0.,0.));
#10287=DIRECTION('',(0.,1.,0.));
#10288=DIRECTION('',(1.,0.,0.));
#10289=DIRECTION('',(0.,1.,0.));
#10290=DIRECTION('',(0.,0.,1.));
#10291=DIRECTION('',(0.,0.,1.));
#10292=DIRECTION('',(0.,0.,1.));
#10293=DIRECTION('',(1.,0.,0.));
#10294=DIRECTION('',(1.,0.,0.));
#10295=DIRECTION('',(0.,0.,-1.));
#10296=DIRECTION('',(1.,0.,0.));
#10297=DIRECTION('',(0.,-1.,0.));
#10298=DIRECTION('',(1.,0.,0.));
#10299=DIRECTION('',(0.,-1.,0.));
#10300=DIRECTION('',(1.,0.,0.));
#10301=DIRECTION('',(0.,-2.65356105403451E-15,1.));
#10302=DIRECTION('',(0.,-1.,-2.65356105403451E-15));
#10303=DIRECTION('',(0.,-1.,-2.65356105403451E-15));
#10304=DIRECTION('',(0.,-1.,-2.65356105403451E-15));
#10305=DIRECTION('',(1.,0.,0.));
#10306=DIRECTION('',(-1.,0.,0.));
#10307=DIRECTION('',(0.,0.,1.));
#10308=DIRECTION('',(0.,-5.37410953620948E-16,-1.));
#10309=DIRECTION('',(0.,-1.,-5.01692716763365E-16));
#10310=DIRECTION('',(-1.,0.,0.));
#10311=DIRECTION('',(0.,0.,1.));
#10312=DIRECTION('',(0.,-5.37410953620948E-16,-1.));
#10313=DIRECTION('',(0.,-1.,-5.01692716763365E-16));
#10314=DIRECTION('',(-1.,0.,0.));
#10315=DIRECTION('',(0.,0.,1.));
#10316=DIRECTION('',(-1.,0.,0.));
#10317=DIRECTION('',(0.,-1.,0.));
#10318=DIRECTION('',(0.,-1.,0.));
#10319=DIRECTION('',(0.,0.,-1.));
#10320=DIRECTION('',(0.,1.,0.));
#10321=DIRECTION('',(0.,0.417573156530158,0.908643306774138));
#10322=DIRECTION('',(0.,-1.,5.01692716763366E-16));
#10323=DIRECTION('',(0.,-1.,5.01692716763366E-16));
#10324=DIRECTION('',(0.,0.,1.));
#10325=DIRECTION('',(0.,-1.,2.65356105403451E-15));
#10326=DIRECTION('',(1.,0.,0.));
#10327=DIRECTION('',(0.,1.,0.));
#10328=DIRECTION('',(0.,0.,-1.));
#10329=DIRECTION('',(0.,0.,1.));
#10330=DIRECTION('',(1.,0.,0.));
#10331=DIRECTION('',(1.,0.,0.));
#10332=DIRECTION('',(0.,-1.,0.));
#10333=DIRECTION('',(1.,0.,0.));
#10334=DIRECTION('',(0.,-1.,0.));
#10335=DIRECTION('',(0.,0.,-1.));
#10336=DIRECTION('',(0.,0.,-1.));
#10337=DIRECTION('',(1.,0.,0.));
#10338=DIRECTION('',(0.,0.,-1.));
#10339=DIRECTION('',(-1.,0.,0.));
#10340=DIRECTION('',(0.,1.,0.));
#10341=DIRECTION('',(1.,0.,0.));
#10342=DIRECTION('',(0.,0.908643306774138,-0.417573156530158));
#10343=DIRECTION('',(0.,0.417573156530158,0.908643306774138));
#10344=DIRECTION('',(0.,0.417573156530158,0.908643306774138));
#10345=DIRECTION('',(-1.,0.,0.));
#10346=DIRECTION('',(0.,5.01692716763365E-16,1.));
#10347=DIRECTION('',(0.,-1.,5.01692716763365E-16));
#10348=DIRECTION('',(-1.,0.,0.));
#10349=DIRECTION('',(0.,-1.,5.01692716763366E-16));
#10350=DIRECTION('',(1.,0.,0.));
#10351=DIRECTION('',(0.,1.,0.));
#10352=DIRECTION('',(0.,0.,1.));
#10353=DIRECTION('',(0.,0.,1.));
#10354=DIRECTION('',(1.,0.,0.));
#10355=DIRECTION('',(0.,2.65356105403451E-15,1.));
#10356=DIRECTION('',(0.,-1.,2.65356105403451E-15));
#10357=DIRECTION('',(0.,-1.,2.65356105403451E-15));
#10358=DIRECTION('',(1.,0.,0.));
#10359=DIRECTION('',(1.,0.,0.));
#10360=DIRECTION('',(0.,0.,-1.));
#10361=DIRECTION('',(1.,0.,0.));
#10362=DIRECTION('',(0.,1.,0.));
#10363=DIRECTION('',(1.,0.,0.));
#10364=DIRECTION('',(0.,-1.,0.));
#10365=DIRECTION('',(0.,0.,-1.));
#10366=DIRECTION('',(0.,0.,-1.));
#10367=DIRECTION('',(1.,0.,0.));
#10368=DIRECTION('',(1.,0.,0.));
#10369=DIRECTION('',(0.,0.,-1.));
#10370=DIRECTION('',(-1.,0.,0.));
#10371=DIRECTION('',(0.,-1.,0.));
#10372=DIRECTION('',(-1.,0.,0.));
#10373=DIRECTION('',(0.,0.,1.));
#10374=DIRECTION('',(0.,-1.,5.01692716763366E-16));
#10375=DIRECTION('',(0.,-0.618569396510667,0.785730171051379));
#10376=DIRECTION('',(0.,-0.785730171051379,-0.618569396510667));
#10377=DIRECTION('',(4.81105079929731E-17,0.785730171051379,0.618569396510667));
#10378=DIRECTION('',(-1.,0.,0.));
#10379=DIRECTION('',(4.81105079929731E-17,0.785730171051379,0.618569396510667));
#10380=DIRECTION('',(-1.,0.,0.));
#10381=DIRECTION('',(0.,0.,1.));
#10382=DIRECTION('',(1.,0.,0.));
#10383=DIRECTION('',(6.12303176911189E-17,1.,0.));
#10384=DIRECTION('',(6.12303176911189E-17,1.,0.));
#10385=DIRECTION('',(-1.,0.,0.));
#10386=DIRECTION('',(6.12303176911189E-17,1.,0.));
#10387=DIRECTION('',(6.12303176911189E-17,1.,0.));
#10388=DIRECTION('',(0.,0.832410506217807,0.554159497922949));
#10389=DIRECTION('',(0.,-0.554159497922949,0.832410506217807));
#10390=DIRECTION('',(3.39313621093731E-17,0.554159497922949,-0.832410506217807));
#10391=DIRECTION('',(3.39313621093731E-17,0.554159497922949,-0.832410506217807));
#10392=DIRECTION('',(-1.,0.,0.));
#10393=DIRECTION('',(0.,1.,2.68946726153822E-16));
#10394=DIRECTION('',(0.,-2.68946726153822E-16,1.));
#10395=DIRECTION('',(1.64676934843849E-32,2.68946726153822E-16,-1.));
#10396=DIRECTION('',(1.64676934843849E-32,2.68946726153822E-16,-1.));
#10397=DIRECTION('',(-1.,0.,0.));
#10398=DIRECTION('',(0.,0.618569396510666,-0.78573017105138));
#10399=DIRECTION('',(0.,0.78573017105138,0.618569396510666));
#10400=DIRECTION('',(-4.81105079929731E-17,-0.78573017105138,-0.618569396510666));
#10401=DIRECTION('',(-4.81105079929731E-17,-0.78573017105138,-0.618569396510666));
#10402=DIRECTION('',(-1.,0.,0.));
#10403=DIRECTION('',(0.,0.,-1.));
#10404=DIRECTION('',(1.,0.,0.));
#10405=DIRECTION('',(0.,1.,0.));
#10406=DIRECTION('',(-1.,0.,0.));
#10407=DIRECTION('',(0.,1.,0.));
#10408=DIRECTION('',(-1.,0.,0.));
#10409=DIRECTION('',(0.,1.,0.));
#10410=DIRECTION('',(-1.,0.,0.));
#10411=DIRECTION('',(0.,0.,-1.));
#10412=DIRECTION('',(-1.,0.,0.));
#10413=DIRECTION('',(0.,0.,-1.));
#10414=DIRECTION('',(-1.,0.,0.));
#10415=DIRECTION('',(0.,0.,-1.));
#10416=DIRECTION('',(-1.,0.,0.));
#10417=DIRECTION('',(0.,-1.,1.52399216892654E-16));
#10418=DIRECTION('',(0.,-1.52399216892654E-16,-1.));
#10419=DIRECTION('',(0.,-1.52399216892654E-16,-1.));
#10420=DIRECTION('',(0.,-1.52399216892654E-16,-1.));
#10421=DIRECTION('',(-1.,0.,0.));
#10422=DIRECTION('',(0.,-0.606469600970698,0.795106674037165));
#10423=DIRECTION('',(0.,-0.795106674037165,-0.606469600970698));
#10424=DIRECTION('',(0.,-0.795106674037165,-0.606469600970698));
#10425=DIRECTION('',(0.,-0.795106674037165,-0.606469600970698));
#10426=DIRECTION('',(-1.,0.,0.));
#10427=DIRECTION('',(0.,-0.999938145981125,0.0111222395150987));
#10428=DIRECTION('',(0.,-0.0111222395150987,-0.999938145981125));
#10429=DIRECTION('',(0.,-0.0111222395150987,-0.999938145981125));
#10430=DIRECTION('',(0.,-0.0111222395150987,-0.999938145981125));
#10431=DIRECTION('',(-1.,0.,0.));
#10432=DIRECTION('',(0.,0.,1.));
#10433=DIRECTION('',(-1.,0.,0.));
#10434=DIRECTION('',(0.,-1.,0.));
#10435=DIRECTION('',(-1.,0.,0.));
#10436=DIRECTION('',(0.,-1.,0.));
#10437=DIRECTION('',(-1.,0.,0.));
#10438=DIRECTION('',(0.,-1.,0.));
#10439=DIRECTION('',(0.,0.,-1.));
#10440=DIRECTION('',(0.,0.,-1.));
#10441=DIRECTION('',(-1.,0.,0.));
#10442=DIRECTION('',(0.,0.,-1.));
#10443=DIRECTION('',(0.,0.,-1.));
#10444=DIRECTION('',(1.,0.,0.));
#10445=DIRECTION('',(0.,1.,0.));
#10446=DIRECTION('',(-1.,0.,0.));
#10447=DIRECTION('',(0.,1.,0.));
#10448=DIRECTION('',(-1.,0.,0.));
#10449=DIRECTION('',(0.,0.,-1.));
#10450=DIRECTION('',(1.,0.,0.));
#10451=DIRECTION('',(0.,0.,1.));
#10452=DIRECTION('',(-1.,0.,0.));
#10453=DIRECTION('',(1.,0.,0.));
#10454=DIRECTION('',(0.,0.,1.));
#10455=DIRECTION('',(0.,-1.,0.));
#10456=DIRECTION('',(0.,0.,-1.));
#10457=DIRECTION('',(0.,0.,-1.));
#10458=DIRECTION('',(-1.,0.,0.));
#10459=DIRECTION('',(0.,0.,-1.));
#10460=DIRECTION('',(-1.,0.,0.));
#10461=DIRECTION('',(0.,0.,-1.));
#10462=DIRECTION('',(-1.,0.,0.));
#10463=DIRECTION('',(0.,0.,-1.));
#10464=DIRECTION('',(-1.,0.,0.));
#10465=DIRECTION('',(-1.,0.,0.));
#10466=DIRECTION('',(0.,0.,-1.));
#10467=DIRECTION('',(0.,0.,-1.));
#10468=DIRECTION('',(1.,0.,0.));
#10469=DIRECTION('',(0.,1.,0.));
#10470=DIRECTION('',(0.,1.,0.));
#10471=DIRECTION('',(0.,0.,-1.));
#10472=DIRECTION('',(-1.,0.,0.));
#10473=DIRECTION('',(0.,1.,0.));
#10474=DIRECTION('',(1.,0.,0.));
#10475=DIRECTION('',(0.,1.,0.));
#10476=DIRECTION('',(1.,0.,0.));
#10477=DIRECTION('',(0.,1.,0.));
#10478=DIRECTION('',(0.,0.,1.));
#10479=DIRECTION('',(0.,0.,1.));
#10480=DIRECTION('',(0.,0.,1.));
#10481=DIRECTION('',(1.,0.,0.));
#10482=DIRECTION('',(0.,0.,1.));
#10483=DIRECTION('',(1.,0.,0.));
#10484=DIRECTION('',(0.,-1.,0.));
#10485=DIRECTION('',(0.,-1.,0.));
#10486=DIRECTION('',(1.,0.,0.));
#10487=DIRECTION('',(1.,0.,0.));
#10488=DIRECTION('',(0.,0.,-1.));
#10489=DIRECTION('',(-1.,0.,0.));
#10490=DIRECTION('',(0.,1.,0.));
#10491=DIRECTION('',(-1.,0.,0.));
#10492=DIRECTION('',(0.,1.,0.));
#10493=DIRECTION('',(1.,0.,0.));
#10494=DIRECTION('',(0.,1.,0.));
#10495=DIRECTION('',(0.,0.,1.));
#10496=DIRECTION('',(0.,0.,1.));
#10497=DIRECTION('',(0.,0.,1.));
#10498=DIRECTION('',(1.,0.,0.));
#10499=DIRECTION('',(1.,0.,0.));
#10500=DIRECTION('',(0.,0.,-1.));
#10501=DIRECTION('',(1.,0.,0.));
#10502=DIRECTION('',(0.,-1.,0.));
#10503=DIRECTION('',(1.,0.,0.));
#10504=DIRECTION('',(0.,-1.,0.));
#10505=DIRECTION('',(1.,0.,0.));
#10506=DIRECTION('',(-1.,0.,0.));
#10507=DIRECTION('',(0.,0.,-1.));
#10508=DIRECTION('',(0.,-6.490397320873E-17,-1.));
#10509=DIRECTION('',(1.,0.,0.));
#10510=DIRECTION('',(0.,0.,-1.));
#10511=DIRECTION('',(0.,6.490397320873E-17,1.));
#10512=DIRECTION('',(0.,-0.0111222395150987,-0.999938145981125));
#10513=DIRECTION('',(0.,-0.795106674037165,-0.606469600970698));
#10514=DIRECTION('',(0.,-1.52399216892654E-16,-1.));
#10515=DIRECTION('',(-1.,0.,0.));
#10516=DIRECTION('',(0.,0.,-1.));
#10517=DIRECTION('',(0.,1.,0.));
#10518=DIRECTION('',(0.,-2.65356105403451E-15,1.));
#10519=DIRECTION('',(0.,-1.,-2.65356105403451E-15));
#10520=DIRECTION('',(0.,-1.,-2.65356105403451E-15));
#10521=DIRECTION('',(0.,-1.,-2.65356105403451E-15));
#10522=DIRECTION('',(1.,0.,0.));
#10523=DIRECTION('',(0.,0.,1.));
#10524=DIRECTION('',(1.,0.,0.));
#10525=DIRECTION('',(0.,-1.,0.));
#10526=DIRECTION('',(1.,0.,0.));
#10527=DIRECTION('',(0.,-1.,0.));
#10528=DIRECTION('',(1.,0.,0.));
#10529=DIRECTION('',(0.,-1.,0.));
#10530=DIRECTION('',(0.,0.,-1.));
#10531=DIRECTION('',(0.,0.,-1.));
#10532=DIRECTION('',(0.,0.,-1.));
#10533=DIRECTION('',(1.,0.,0.));
#10534=DIRECTION('',(0.,0.,-1.));
#10535=DIRECTION('',(-1.,0.,0.));
#10536=DIRECTION('',(0.,1.,0.));
#10537=DIRECTION('',(0.,1.,0.));
#10538=DIRECTION('',(1.,0.,0.));
#10539=DIRECTION('',(1.,0.,0.));
#10540=DIRECTION('',(0.,0.,-1.));
#10541=DIRECTION('',(1.,0.,0.));
#10542=DIRECTION('',(0.,0.,1.));
#10543=DIRECTION('',(1.,0.,0.));
#10544=DIRECTION('',(0.,0.,1.));
#10545=DIRECTION('',(1.,0.,0.));
#10546=DIRECTION('',(0.,-1.,0.));
#10547=DIRECTION('',(0.,0.,-1.));
#10548=DIRECTION('',(0.,0.,-1.));
#10549=DIRECTION('',(0.,0.,-1.));
#10550=DIRECTION('',(1.,0.,0.));
#10551=DIRECTION('',(1.,0.,0.));
#10552=DIRECTION('',(0.,0.,-1.));
#10553=DIRECTION('',(-1.,0.,0.));
#10554=DIRECTION('',(0.,0.,-1.));
#10555=DIRECTION('',(-1.,0.,0.));
#10556=DIRECTION('',(0.,0.,-1.));
#10557=DIRECTION('',(1.,0.,0.));
#10558=DIRECTION('',(0.,0.,-1.));
#10559=DIRECTION('',(-1.,0.,0.));
#10560=DIRECTION('',(0.,1.,0.));
#10561=DIRECTION('',(0.,1.,0.));
#10562=DIRECTION('',(1.,0.,0.));
#10563=DIRECTION('',(0.,-0.999938145981125,0.0111222395150987));
#10564=DIRECTION('',(0.,-0.0111222395150987,-0.999938145981125));
#10565=DIRECTION('',(0.,-0.0111222395150987,-0.999938145981125));
#10566=DIRECTION('',(1.,0.,0.));
#10567=DIRECTION('',(0.,-0.606469600970698,0.795106674037165));
#10568=DIRECTION('',(0.,-0.795106674037165,-0.606469600970698));
#10569=DIRECTION('',(0.,-0.795106674037165,-0.606469600970698));
#10570=DIRECTION('',(1.,0.,0.));
#10571=DIRECTION('',(0.,-1.,1.52399216892654E-16));
#10572=DIRECTION('',(0.,-1.52399216892654E-16,-1.));
#10573=DIRECTION('',(0.,-1.52399216892654E-16,-1.));
#10574=DIRECTION('',(1.,0.,0.));
#10575=DIRECTION('',(1.,0.,0.));
#10576=DIRECTION('',(0.,0.,-1.));
#10577=DIRECTION('',(-1.,0.,0.));
#10578=DIRECTION('',(0.,0.,-1.));
#10579=DIRECTION('',(1.,0.,0.));
#10580=DIRECTION('',(0.,0.,-1.));
#10581=DIRECTION('',(-1.,0.,0.));
#10582=DIRECTION('',(0.,1.,0.));
#10583=DIRECTION('',(0.,1.,0.));
#10584=DIRECTION('',(1.,0.,0.));
#10585=DIRECTION('',(-1.,0.,0.));
#10586=DIRECTION('',(0.,0.,-1.));
#10587=DIRECTION('',(1.,0.,0.));
#10588=DIRECTION('',(0.,0.,-1.));
#10589=DIRECTION('',(-1.,0.,0.));
#10590=DIRECTION('',(1.,0.,0.));
#10591=DIRECTION('',(0.,0.,1.));
#10592=DIRECTION('',(1.,0.,0.));
#10593=DIRECTION('',(0.,0.,-1.));
#10594=DIRECTION('',(1.,0.,0.));
#10595=DIRECTION('',(0.,0.,1.));
#10596=DIRECTION('',(1.,0.,0.));
#10597=DIRECTION('',(0.,0.,1.));
#10598=DIRECTION('',(1.,0.,0.));
#10599=DIRECTION('',(-1.,0.,0.));
#10600=DIRECTION('',(0.,0.,1.));
#10601=DIRECTION('',(0.,0.,-1.));
#10602=DIRECTION('',(0.,1.,0.));
#10603=DIRECTION('',(0.,-6.490397320873E-17,-1.));
#10604=DIRECTION('',(0.,0.,-1.));
#10605=DIRECTION('',(0.,1.,0.));
#10606=DIRECTION('',(0.,0.,-1.));
#10607=DIRECTION('',(-1.,0.,0.));
#10608=DIRECTION('',(1.,0.,0.));
#10609=DIRECTION('',(0.,1.,0.));
#10610=DIRECTION('',(-1.,0.,0.));
#10611=DIRECTION('',(1.,0.,0.));
#10612=DIRECTION('',(0.,0.,1.));
#10613=DIRECTION('',(0.,0.,1.));
#10614=DIRECTION('',(0.,1.,0.));
#10615=DIRECTION('',(0.,0.,-1.));
#10616=DIRECTION('',(0.,-6.490397320873E-17,-1.));
#10617=DIRECTION('',(0.,0.,-1.));
#10618=DIRECTION('',(1.,0.,0.));
#10619=DIRECTION('',(1.,0.,0.));
#10620=DIRECTION('',(0.,1.,0.));
#10621=DIRECTION('',(-1.,0.,0.));
#10622=DIRECTION('',(0.,0.,-1.));
#10623=DIRECTION('',(-1.,0.,0.));
#10624=DIRECTION('',(0.,1.,0.));
#10625=DIRECTION('',(1.,0.,0.));
#10626=DIRECTION('',(1.,0.,0.));
#10627=DIRECTION('',(0.,1.,1.33646522220443E-16));
#10628=DIRECTION('',(0.,-1.33646522220443E-16,1.));
#10629=DIRECTION('',(8.18321901387091E-33,1.33646522220443E-16,-1.));
#10630=DIRECTION('',(-1.,0.,0.));
#10631=DIRECTION('',(8.18321901387091E-33,1.33646522220443E-16,-1.));
#10632=DIRECTION('',(-1.,0.,0.));
#10633=DIRECTION('',(0.,0.,-1.));
#10634=DIRECTION('',(-1.,0.,0.));
#10635=DIRECTION('',(-1.,0.,0.));
#10636=DIRECTION('',(-1.,0.,0.));
#10637=DIRECTION('',(-1.,0.,0.));
#10638=DIRECTION('',(-1.,0.,0.));
#10639=DIRECTION('',(-1.,0.,0.));
#10640=DIRECTION('',(-1.,0.,0.));
#10641=DIRECTION('',(-1.,0.,0.));
#10642=DIRECTION('',(-1.,0.,0.));
#10643=DIRECTION('',(-1.,0.,0.));
#10644=DIRECTION('',(-1.,0.,0.));
#10645=DIRECTION('',(-1.,0.,0.));
#10646=DIRECTION('',(-1.,0.,0.));
#10647=DIRECTION('',(-2.52044278907757E-15,-1.,0.));
#10648=DIRECTION('',(-1.,0.,0.));
#10649=DIRECTION('',(2.52044278907757E-15,1.,0.));
#10650=DIRECTION('',(-1.,0.,0.));
#10651=DIRECTION('',(-6.12303176911189E-17,-1.,0.));
#10652=DIRECTION('',(-1.,0.,0.));
#10653=DIRECTION('',(-6.12303176911189E-17,-1.,0.));
#10654=DIRECTION('',(0.,-1.,0.));
#10655=DIRECTION('',(0.,0.,-1.));
#10656=DIRECTION('',(0.,0.,1.));
#10657=DIRECTION('',(-1.,0.,0.));
#10658=DIRECTION('',(0.,0.,1.));
#10659=DIRECTION('',(0.,0.,-1.));
#10660=DIRECTION('',(-1.,0.,0.));
#10661=DIRECTION('',(-6.12303176911189E-17,-1.,0.));
#10662=DIRECTION('',(-1.,0.,0.));
#10663=DIRECTION('',(-6.12303176911189E-17,-1.,0.));
#10664=DIRECTION('',(0.,-1.,0.));
#10665=DIRECTION('',(0.,0.,-1.));
#10666=DIRECTION('',(-1.,0.,0.));
#10667=DIRECTION('',(0.,0.,1.));
#10668=DIRECTION('',(0.,0.,1.));
#10669=DIRECTION('',(0.,0.,1.));
#10670=DIRECTION('',(1.,0.,0.));
#10671=DIRECTION('',(6.12303176911189E-17,1.,0.));
#10672=DIRECTION('',(6.12303176911189E-17,1.,0.));
#10673=DIRECTION('',(1.,-6.12303176911189E-17,0.));
#10674=DIRECTION('',(6.12303176911189E-17,1.,0.));
#10675=DIRECTION('',(-4.81105079929731E-17,-0.785730171051378,-0.618569396510668));
#10676=DIRECTION('',(-3.78752006623519E-17,-0.618569396510669,0.785730171051378));
#10677=DIRECTION('',(0.,-0.785730171051378,-0.618569396510669));
#10678=DIRECTION('',(0.,0.618569396510669,-0.785730171051378));
#10679=DIRECTION('',(-1.,0.,0.));
#10680=DIRECTION('',(-3.78752006623519E-17,-0.618569396510669,0.785730171051378));
#10681=DIRECTION('',(1.,-6.12303176911189E-17,0.));
#10682=DIRECTION('',(6.12303176911189E-17,1.,0.));
#10683=DIRECTION('',(-4.81105079929731E-17,-0.785730171051378,-0.618569396510668));
#10684=DIRECTION('',(1.,-6.12303176911189E-17,0.));
#10685=DIRECTION('',(6.12303176911189E-17,1.,0.));
#10686=DIRECTION('',(1.,-6.12303176911189E-17,0.));
#10687=DIRECTION('',(6.12303176911189E-17,1.,0.));
#10688=DIRECTION('',(-3.78752006623519E-17,-0.618569396510668,0.785730171051378));
#10689=DIRECTION('',(1.,-6.12303176911189E-17,0.));
#10690=DIRECTION('',(6.12303176911189E-17,1.,0.));
#10691=DIRECTION('',(-3.78752006623519E-17,-0.618569396510668,0.785730171051378));
#10692=DIRECTION('',(1.,-6.12303176911189E-17,0.));
#10693=DIRECTION('',(6.12303176911189E-17,1.,0.));
#10694=DIRECTION('',(-1.,0.,0.));
#10695=DIRECTION('',(0.,0.,1.));
#10696=DIRECTION('',(-1.,0.,0.));
#10697=DIRECTION('',(0.,0.,1.));
#10698=DIRECTION('',(1.,0.,0.));
#10699=DIRECTION('',(6.12303176911189E-17,1.,0.));
#10700=DIRECTION('',(-1.,0.,0.));
#10701=DIRECTION('',(6.12303176911189E-17,1.,0.));
#10702=DIRECTION('',(-1.,0.,0.));
#10703=DIRECTION('',(0.,0.,-1.));
#10704=DIRECTION('',(0.,0.,-1.));
#10705=DIRECTION('',(0.,1.,0.));
#10706=DIRECTION('',(0.,3.13833877894747E-16,-1.));
#10707=DIRECTION('',(0.,-1.,0.));
#10708=DIRECTION('',(1.,0.,0.));
#10709=DIRECTION('',(0.,0.,-1.));
#10710=DIRECTION('',(0.,6.490397320873E-17,1.));
#10711=DIRECTION('',(0.,1.,5.5142907981951E-16));
#10712=DIRECTION('',(0.,-0.417573156530158,0.908643306774138));
#10713=DIRECTION('',(0.,0.908643306774138,0.417573156530158));
#10714=DIRECTION('',(0.,-0.417573156530158,0.908643306774138));
#10715=DIRECTION('',(1.,0.,0.));
#10716=DIRECTION('',(0.,-0.417573156530158,0.908643306774138));
#10717=DIRECTION('',(-1.,0.,0.));
#10718=DIRECTION('',(0.,0.,-1.));
#10719=DIRECTION('',(0.,-1.,-5.5142907981951E-16));
#10720=DIRECTION('',(0.,-0.417573156530158,0.908643306774138));
#10721=DIRECTION('',(0.,-6.490397320873E-17,-1.));
#10722=DIRECTION('',(0.,0.908643306774138,0.417573156530158));
#10723=DIRECTION('',(0.,-0.417573156530158,0.908643306774138));
#10724=DIRECTION('',(0.,-0.417573156530158,0.908643306774138));
#10725=DIRECTION('',(-1.,0.,0.));
#10726=DIRECTION('',(-1.,0.,0.));
#10727=DIRECTION('',(0.,0.,-1.));
#10728=DIRECTION('',(0.,-6.490397320873E-17,-1.));
#10729=DIRECTION('',(0.,-1.,-5.5142907981951E-16));
#10730=DIRECTION('',(-1.,0.,0.));
#10731=DIRECTION('',(0.,0.,1.));
#10732=DIRECTION('',(0.,-5.37410953620948E-16,-1.));
#10733=DIRECTION('',(0.,-1.,-5.01692716763365E-16));
#10734=DIRECTION('',(0.,0.417573156530158,-0.908643306774138));
#10735=DIRECTION('',(0.,-0.908643306774138,-0.417573156530158));
#10736=DIRECTION('',(0.,0.417573156530158,-0.908643306774138));
#10737=DIRECTION('',(1.,0.,0.));
#10738=DIRECTION('',(0.,0.417573156530158,-0.908643306774138));
#10739=DIRECTION('',(-1.,0.,0.));
#10740=DIRECTION('',(0.,0.,1.));
#10741=DIRECTION('',(0.,-5.37410953620948E-16,-1.));
#10742=DIRECTION('',(0.,-1.,-5.01692716763365E-16));
#10743=DIRECTION('',(0.,-1.,6.490397320873E-17));
#10744=DIRECTION('',(0.,-6.490397320873E-17,-1.));
#10745=DIRECTION('',(-1.,0.,0.));
#10746=DIRECTION('',(-1.,0.,0.));
#10747=DIRECTION('',(-1.,0.,0.));
#10748=DIRECTION('',(-1.,0.,0.));
#10749=DIRECTION('',(-1.,0.,0.));
#10750=DIRECTION('',(-1.,0.,0.));
#10751=DIRECTION('',(-1.,0.,0.));
#10752=DIRECTION('',(1.,0.,0.));
#10753=DIRECTION('',(0.,0.,-1.));
#10754=DIRECTION('',(0.,1.,5.5142907981951E-16));
#10755=DIRECTION('',(0.,6.490397320873E-17,1.));
#10756=DIRECTION('',(1.,0.,0.));
#10757=DIRECTION('',(0.,0.,-1.));
#10758=DIRECTION('',(0.,0.,-1.));
#10759=DIRECTION('',(0.,-1.,0.));
#10760=DIRECTION('',(0.,-3.13833877894747E-16,1.));
#10761=DIRECTION('',(0.,-1.,0.));
#10762=DIRECTION('',(-1.,6.12303176911189E-17,0.));
#10763=DIRECTION('',(-6.12303176911189E-17,-1.,0.));
#10764=DIRECTION('',(0.,0.,1.));
#10765=DIRECTION('',(6.12303176911189E-17,1.,0.));
#10766=DIRECTION('',(0.,0.,-1.));
#10767=DIRECTION('',(-1.,0.,0.));
#10768=DIRECTION('',(0.,0.,1.));
#10769=DIRECTION('',(0.,0.,-1.));
#10770=DIRECTION('',(0.,1.,0.));
#10771=DIRECTION('',(0.,0.,-1.));
#10772=DIRECTION('',(0.,-1.,0.));
#10773=DIRECTION('',(0.,0.,-1.));
#10774=DIRECTION('',(1.,0.,0.));
#10775=DIRECTION('',(0.,0.,-1.));
#10776=DIRECTION('',(1.,0.,0.));
#10777=DIRECTION('',(1.,0.,0.));
#10778=DIRECTION('',(0.,0.,-1.));
#10779=DIRECTION('',(0.,-1.,0.));
#10780=DIRECTION('',(0.,-1.,0.));
#10781=DIRECTION('',(0.,0.,-1.));
#10782=DIRECTION('',(1.,0.,0.));
#10783=DIRECTION('',(0.,0.,-1.));
#10784=DIRECTION('',(0.,-1.,0.));
#10785=DIRECTION('',(0.,0.,-1.));
#10786=DIRECTION('',(0.,-1.,0.));
#10787=DIRECTION('',(0.,0.,-1.));
#10788=DIRECTION('',(0.,-1.,0.));
#10789=DIRECTION('',(0.,0.,-1.));
#10790=DIRECTION('',(-1.,0.,0.));
#10791=DIRECTION('',(-1.,0.,0.));
#10792=DIRECTION('',(0.,0.,-1.));
#10793=DIRECTION('',(-1.,0.,0.));
#10794=DIRECTION('',(0.,0.,1.));
#10795=DIRECTION('',(0.,0.,-1.));
#10796=DIRECTION('',(0.,1.,0.));
#10797=DIRECTION('',(0.,1.,0.));
#10798=DIRECTION('',(0.,0.,1.));
#10799=DIRECTION('',(-1.,0.,0.));
#10800=DIRECTION('',(1.,0.,0.));
#10801=DIRECTION('',(0.,0.,-1.));
#10802=DIRECTION('',(0.,0.,-1.));
#10803=DIRECTION('',(1.,0.,0.));
#10804=DIRECTION('',(0.,0.,-1.));
#10805=DIRECTION('',(-1.,6.12303176911189E-17,0.));
#10806=DIRECTION('',(-6.12303176911189E-17,-1.,0.));
#10807=DIRECTION('',(6.12303176911189E-17,1.,0.));
#10808=DIRECTION('',(0.,0.,1.));
#10809=DIRECTION('',(0.,0.645349468954991,-0.763887467444984));
#10810=DIRECTION('',(0.,0.763887467444984,0.645349468954991));
#10811=DIRECTION('',(-4.67730723119206E-17,-0.763887467444984,-0.645349468954991));
#10812=DIRECTION('',(-1.,0.,0.));
#10813=DIRECTION('',(-4.67730723119206E-17,-0.763887467444984,-0.645349468954991));
#10814=DIRECTION('',(-1.,0.,0.));
#10815=DIRECTION('',(0.,0.785730171051378,0.618569396510668));
#10816=DIRECTION('',(0.,-0.618569396510668,0.785730171051378));
#10817=DIRECTION('',(3.78752006623519E-17,0.618569396510668,-0.785730171051378));
#10818=DIRECTION('',(3.78752006623519E-17,0.618569396510668,-0.785730171051378));
#10819=DIRECTION('',(-1.,0.,0.));
#10820=DIRECTION('',(0.,0.618569396510668,-0.785730171051378));
#10821=DIRECTION('',(0.,0.785730171051378,0.618569396510668));
#10822=DIRECTION('',(-1.,0.,0.));
#10823=DIRECTION('',(-1.,0.,0.));
#10824=DIRECTION('',(-4.81105079929731E-17,-0.785730171051378,-0.618569396510668));
#10825=DIRECTION('',(-4.81105079929731E-17,-0.785730171051378,-0.618569396510668));
#10826=DIRECTION('',(0.,-0.785730171051378,-0.618569396510668));
#10827=DIRECTION('',(0.,0.618569396510668,-0.785730171051378));
#10828=DIRECTION('',(-3.78752006623519E-17,-0.618569396510668,0.785730171051378));
#10829=DIRECTION('',(-1.,0.,0.));
#10830=DIRECTION('',(-3.78752006623519E-17,-0.618569396510668,0.785730171051378));
#10831=DIRECTION('',(0.,-1.,0.));
#10832=DIRECTION('',(0.,0.,-1.));
#10833=DIRECTION('',(0.,0.,1.));
#10834=DIRECTION('',(0.,0.,1.));
#10835=DIRECTION('',(0.,0.,-1.));
#10836=DIRECTION('',(-1.,0.,0.));
#10837=DIRECTION('',(1.40282699251934E-49,-1.,0.));
#10838=DIRECTION('',(-1.,-1.40282699251934E-49,0.));
#10839=DIRECTION('',(1.40282699251934E-49,-1.,0.));
#10840=DIRECTION('',(-1.,-1.40282699251934E-49,0.));
#10841=DIRECTION('',(1.40282699251934E-49,-1.,0.));
#10842=DIRECTION('',(1.,1.40282699251934E-49,0.));
#10843=DIRECTION('',(0.,0.,1.));
#10844=DIRECTION('',(0.,0.,1.));
#10845=DIRECTION('',(-1.,-1.40282699251934E-49,0.));
#10846=DIRECTION('',(0.,0.,1.));
#10847=DIRECTION('',(1.,0.,0.));
#10848=DIRECTION('',(-1.40282699251934E-49,1.,0.));
#10849=DIRECTION('',(-1.40282699251934E-49,1.,0.));
#10850=DIRECTION('',(-1.,-1.40282699251934E-49,0.));
#10851=DIRECTION('',(-1.,-1.40282699251934E-49,0.));
#10852=DIRECTION('',(1.40282699251934E-49,-1.,0.));
#10853=DIRECTION('',(1.,1.40282699251934E-49,0.));
#10854=DIRECTION('',(0.,0.,-1.));
#10855=DIRECTION('',(1.,1.40282699251934E-49,0.));
#10856=DIRECTION('',(0.,0.,-1.));
#10857=DIRECTION('',(-1.,-1.40282699251934E-49,0.));
#10858=DIRECTION('',(1.40282699251934E-49,-1.,0.));
#10859=DIRECTION('',(1.,1.40282699251934E-49,0.));
#10860=DIRECTION('',(0.,0.,1.));
#10861=DIRECTION('',(0.,0.,1.));
#10862=DIRECTION('',(-1.,-1.40282699251934E-49,0.));
#10863=DIRECTION('',(-1.,-1.40282699251934E-49,0.));
#10864=DIRECTION('',(1.40282699251934E-49,-1.,0.));
#10865=DIRECTION('',(-1.,-1.40282699251934E-49,0.));
#10866=DIRECTION('',(0.,0.,-1.));
#10867=DIRECTION('',(-1.,-1.40282699251934E-49,0.));
#10868=DIRECTION('',(0.,0.,-1.));
#10869=DIRECTION('',(-1.,-1.40282699251934E-49,0.));
#10870=DIRECTION('',(5.62569137919156E-64,-4.01025315964897E-15,1.));
#10871=DIRECTION('',(0.,-1.,-4.01025315964897E-15));
#10872=DIRECTION('',(-1.40282699251934E-49,1.,4.01025315964897E-15));
#10873=DIRECTION('',(-1.,-1.40282699251934E-49,0.));
#10874=DIRECTION('',(-1.40282699251934E-49,1.,4.01025315964897E-15));
#10875=DIRECTION('',(1.,1.40282699251934E-49,0.));
#10876=DIRECTION('',(-1.40282699251934E-49,1.,0.));
#10877=DIRECTION('',(1.,1.40282699251934E-49,0.));
#10878=DIRECTION('',(-1.40282699251934E-49,1.,0.));
#10879=DIRECTION('',(-1.,-1.40282699251934E-49,0.));
#10880=DIRECTION('',(1.,1.40282699251934E-49,-2.6570856392626E-33));
#10881=DIRECTION('',(-2.6570856392626E-33,0.,-1.));
#10882=DIRECTION('',(1.,1.40282699251934E-49,0.));
#10883=DIRECTION('',(-1.40282699251934E-49,1.,0.));
#10884=DIRECTION('',(1.40282699251934E-49,-1.,0.));
#10885=DIRECTION('',(1.,1.40282699251934E-49,0.));
#10886=DIRECTION('',(0.,0.,1.));
#10887=DIRECTION('',(0.,0.,1.));
#10888=DIRECTION('',(-1.,-1.40282699251934E-49,0.));
#10889=DIRECTION('',(8.87547697398814E-50,-0.632685072451353,-0.774409193577418));
#10890=DIRECTION('',(0.,0.774409193577418,-0.632685072451353));
#10891=DIRECTION('',(1.08636212000554E-49,-0.774409193577418,0.632685072451353));
#10892=DIRECTION('',(1.08636212000554E-49,-0.774409193577418,0.632685072451353));
#10893=DIRECTION('',(-1.,-1.40282699251934E-49,0.));
#10894=DIRECTION('',(8.44842690834259E-50,-0.602242967478835,-0.798312851031654));
#10895=DIRECTION('',(0.,0.798312851031654,-0.602242967478835));
#10896=DIRECTION('',(1.11989481590228E-49,-0.798312851031654,0.602242967478835));
#10897=DIRECTION('',(1.11989481590228E-49,-0.798312851031654,0.602242967478835));
#10898=DIRECTION('',(-1.,-1.40282699251934E-49,0.));
#10899=DIRECTION('',(1.40282699251934E-49,-1.,0.));
#10900=DIRECTION('',(1.,1.40282699251934E-49,0.));
#10901=DIRECTION('',(0.,0.,1.));
#10902=DIRECTION('',(0.,0.,1.));
#10903=DIRECTION('',(-1.,-1.40282699251934E-49,0.));
#10904=DIRECTION('',(-1.,-1.40282699251934E-49,0.));
#10905=DIRECTION('',(1.40282699251934E-49,-1.,0.));
#10906=DIRECTION('',(-1.,-1.40282699251934E-49,0.));
#10907=DIRECTION('',(0.,0.,-1.));
#10908=DIRECTION('',(-1.,-1.40282699251934E-49,0.));
#10909=DIRECTION('',(0.,0.,-1.));
#10910=DIRECTION('',(-1.,-1.40282699251934E-49,0.));
#10911=DIRECTION('',(0.,0.,1.));
#10912=DIRECTION('',(1.,0.,0.));
#10913=DIRECTION('',(1.,2.19380614133289E-49,0.));
#10914=DIRECTION('',(-1.40282699251934E-49,1.,0.));
#10915=DIRECTION('',(-1.40282699251934E-49,1.,0.));
#10916=DIRECTION('',(-1.40282699251934E-49,1.,-5.45188651592526E-16));
#10917=DIRECTION('',(0.,-1.,0.));
#10918=DIRECTION('',(0.,0.,-1.));
#10919=DIRECTION('',(1.,0.,0.));
#10920=DIRECTION('',(0.,0.,1.));
#10921=DIRECTION('',(1.,0.,0.));
#10922=DIRECTION('',(0.,0.,-1.));
#10923=DIRECTION('',(1.,0.,0.));
#10924=DIRECTION('',(-6.12303176911189E-17,-1.,0.));
#10925=DIRECTION('',(1.,0.,0.));
#10926=DIRECTION('',(0.,-1.,-3.13833877894747E-16));
#10927=DIRECTION('',(0.,3.13833877894747E-16,-1.));
#10928=DIRECTION('',(-1.92161480457312E-32,-3.13833877894747E-16,1.));
#10929=DIRECTION('',(1.,0.,0.));
#10930=DIRECTION('',(0.,0.,-1.));
#10931=DIRECTION('',(1.,0.,0.));
#10932=DIRECTION('',(-1.,0.,0.));
#10933=DIRECTION('',(0.,-1.,0.));
#10934=DIRECTION('',(0.,-1.,6.490397320873E-17));
#10935=DIRECTION('',(0.,-6.490397320873E-17,-1.));
#10936=DIRECTION('',(3.97409089898641E-33,6.490397320873E-17,1.));
#10937=DIRECTION('',(-1.,0.,0.));
#10938=DIRECTION('',(-2.6570856392626E-33,5.27957011166814E-17,-1.));
#10939=DIRECTION('',(0.,1.,5.27957011166814E-17));
#10940=DIRECTION('',(1.,1.15304057868698E-49,-2.6570856392626E-33));
#10941=DIRECTION('',(1.40282699251934E-49,-1.,-5.27957011166814E-17));
#10942=DIRECTION('',(1.,0.,-2.6570856392626E-33));
#10943=DIRECTION('',(0.,-1.,-5.27957011166814E-17));
#10944=DIRECTION('',(-2.19380614133289E-49,1.,-3.91694399031395E-17));
#10945=DIRECTION('',(0.,3.91694399031395E-17,1.));
#10946=DIRECTION('',(-2.6570856392626E-33,-3.91694399031395E-17,-1.));
#10947=DIRECTION('',(5.49479475779884E-66,-3.91694399031395E-17,-1.));
#10948=DIRECTION('',(-2.39835724905242E-33,-3.91694399031395E-17,-1.));
#10949=DIRECTION('',(1.,1.15304057868698E-49,-2.6570856392626E-33));
#10950=DIRECTION('',(0.,0.,1.));
#10951=DIRECTION('',(1.,0.,0.));
#10952=DIRECTION('',(6.12303176911189E-17,1.,0.));
#10953=DIRECTION('',(-1.,0.,0.));
#10954=DIRECTION('',(6.12303176911189E-17,1.,0.));
#10955=DIRECTION('',(-1.,0.,0.));
#10956=DIRECTION('',(0.,-1.,0.));
#10957=DIRECTION('',(0.,0.,-1.));
#10958=DIRECTION('',(0.,0.,1.));
#10959=DIRECTION('',(-1.,0.,0.));
#10960=DIRECTION('',(0.,0.,1.));
#10961=DIRECTION('',(0.,-5.5142907981951E-16,1.));
#10962=DIRECTION('',(0.,-1.,-5.5142907981951E-16));
#10963=DIRECTION('',(6.12303176911189E-17,1.,0.));
#10964=DIRECTION('',(6.12303176911189E-17,1.,5.5142907981951E-16));
#10965=DIRECTION('',(-1.,0.,0.));
#10966=DIRECTION('',(0.,-1.,6.490397320873E-17));
#10967=DIRECTION('',(0.,-6.490397320873E-17,-1.));
#10968=DIRECTION('',(3.97409089898641E-33,6.490397320873E-17,1.));
#10969=DIRECTION('',(1.,0.,0.));
#10970=DIRECTION('',(0.,0.,-1.));
#10971=DIRECTION('',(-1.,0.,0.));
#10972=DIRECTION('',(0.,-1.,0.));
#10973=DIRECTION('',(-1.,0.,0.));
#10974=DIRECTION('',(0.,-1.,-3.13833877894747E-16));
#10975=DIRECTION('',(0.,3.13833877894747E-16,-1.));
#10976=DIRECTION('',(0.,-3.13833877894747E-16,1.));
#10977=DIRECTION('',(-1.,0.,0.));
#10978=DIRECTION('',(0.,0.,-1.));
#10979=DIRECTION('',(-1.,0.,0.));
#10980=DIRECTION('',(0.,-1.,0.));
#10981=DIRECTION('',(-1.,0.,0.));
#10982=DIRECTION('',(0.,-1.,0.));
#10983=DIRECTION('',(0.,0.,-1.));
#10984=DIRECTION('',(-1.,0.,0.));
#10985=DIRECTION('',(0.,0.,1.));
#10986=DIRECTION('',(1.,-1.40282699251934E-49,0.));
#10987=DIRECTION('',(1.40282699251934E-49,1.,0.));
#10988=DIRECTION('',(1.,-1.40282699251934E-49,0.));
#10989=DIRECTION('',(0.,0.,1.));
#10990=DIRECTION('',(1.,-1.40282699251934E-49,0.));
#10991=DIRECTION('',(1.,-1.40282699251934E-49,0.));
#10992=DIRECTION('',(0.,0.,1.));
#10993=DIRECTION('',(1.,-1.40282699251934E-49,0.));
#10994=DIRECTION('',(-1.40282699251934E-49,-1.,0.));
#10995=DIRECTION('',(1.,-1.40282699251934E-49,0.));
#10996=DIRECTION('',(0.,0.,-1.));
#10997=DIRECTION('',(0.,0.,-1.));
#10998=DIRECTION('',(1.,-1.40282699251934E-49,0.));
#10999=DIRECTION('',(-8.44842690834259E-50,-0.602242967478835,-0.798312851031654));
#11000=DIRECTION('',(0.,0.798312851031654,-0.602242967478835));
#11001=DIRECTION('',(1.11989481590228E-49,0.798312851031654,-0.602242967478835));
#11002=DIRECTION('',(1.11989481590228E-49,0.798312851031654,-0.602242967478835));
#11003=DIRECTION('',(1.,-1.40282699251934E-49,0.));
#11004=DIRECTION('',(-8.87547697398814E-50,-0.632685072451353,-0.774409193577418));
#11005=DIRECTION('',(0.,0.774409193577418,-0.632685072451353));
#11006=DIRECTION('',(1.08636212000554E-49,0.774409193577418,-0.632685072451353));
#11007=DIRECTION('',(1.08636212000554E-49,0.774409193577418,-0.632685072451353));
#11008=DIRECTION('',(1.,-1.40282699251934E-49,0.));
#11009=DIRECTION('',(-1.40282699251934E-49,-1.,0.));
#11010=DIRECTION('',(1.,-1.40282699251934E-49,0.));
#11011=DIRECTION('',(0.,0.,-1.));
#11012=DIRECTION('',(1.,-1.40282699251934E-49,0.));
#11013=DIRECTION('',(0.,0.,-1.));
#11014=DIRECTION('',(2.6570856392626E-33,5.27957011166814E-17,-1.));
#11015=DIRECTION('',(0.,1.,5.27957011166814E-17));
#11016=DIRECTION('',(-1.40282699251934E-49,-1.,-5.27957011166814E-17));
#11017=DIRECTION('',(-1.,1.15304057868698E-49,-2.6570856392626E-33));
#11018=DIRECTION('',(0.,-1.,-5.27957011166814E-17));
#11019=DIRECTION('',(-1.,0.,-2.6570856392626E-33));
#11020=DIRECTION('',(2.19380614133289E-49,1.,-3.91694399031395E-17));
#11021=DIRECTION('',(0.,3.91694399031395E-17,1.));
#11022=DIRECTION('',(-5.49479475779884E-66,-3.91694399031395E-17,-1.));
#11023=DIRECTION('',(1.,-2.19380614133289E-49,0.));
#11024=DIRECTION('',(2.6570856392626E-33,-3.91694399031395E-17,-1.));
#11025=DIRECTION('',(-1.,1.15304057868698E-49,-2.6570856392626E-33));
#11026=DIRECTION('',(2.6570856392626E-33,-3.91694399031395E-17,-1.));
#11027=DIRECTION('',(0.,0.,1.));
#11028=DIRECTION('',(1.,0.,0.));
#11029=DIRECTION('',(-1.40282699251934E-49,-1.,0.));
#11030=DIRECTION('',(-1.40282699251934E-49,-1.,0.));
#11031=DIRECTION('',(-1.40282699251934E-49,-1.,0.));
#11032=DIRECTION('',(0.,0.,-1.));
#11033=DIRECTION('',(-1.,0.,0.));
#11034=DIRECTION('',(1.40282699251934E-49,1.,0.));
#11035=DIRECTION('',(1.,-1.40282699251934E-49,0.));
#11036=DIRECTION('',(1.40282699251934E-49,1.,0.));
#11037=DIRECTION('',(1.,-1.40282699251934E-49,0.));
#11038=DIRECTION('',(-1.40282699251934E-49,-1.,0.));
#11039=DIRECTION('',(1.,-1.40282699251934E-49,0.));
#11040=DIRECTION('',(0.,0.,-1.));
#11041=DIRECTION('',(1.,-1.40282699251934E-49,0.));
#11042=DIRECTION('',(0.,0.,-1.));
#11043=DIRECTION('',(0.,0.,1.));
#11044=DIRECTION('',(1.,0.,0.));
#11045=DIRECTION('',(-1.40282699251934E-49,-1.,0.));
#11046=DIRECTION('',(1.,-1.40282699251934E-49,0.));
#11047=DIRECTION('',(-1.40282699251934E-49,-1.,0.));
#11048=DIRECTION('',(1.,-1.40282699251934E-49,0.));
#11049=DIRECTION('',(1.40282699251934E-49,1.,0.));
#11050=DIRECTION('',(-1.,1.40282699251934E-49,0.));
#11051=DIRECTION('',(0.,0.,1.));
#11052=DIRECTION('',(1.,-1.40282699251934E-49,0.));
#11053=DIRECTION('',(-1.,1.40282699251934E-49,0.));
#11054=DIRECTION('',(0.,0.,1.));
#11055=DIRECTION('',(-1.40282699251934E-49,-1.,0.));
#11056=DIRECTION('',(1.,-1.40282699251934E-49,0.));
#11057=DIRECTION('',(0.,0.,-1.));
#11058=DIRECTION('',(1.,-1.40282699251934E-49,0.));
#11059=DIRECTION('',(0.,0.,-1.));
#11060=DIRECTION('',(1.,-1.40282699251934E-49,0.));
#11061=DIRECTION('',(1.40282699251934E-49,1.,0.));
#11062=DIRECTION('',(1.,-1.40282699251934E-49,0.));
#11063=DIRECTION('',(0.,0.,-1.));
#11064=DIRECTION('',(1.,-1.40282699251934E-49,0.));
#11065=DIRECTION('',(1.,-1.40282699251934E-49,0.));
#11066=DIRECTION('',(0.,0.,-1.));
#11067=DIRECTION('',(-5.62569137919156E-64,-4.01025315964897E-15,1.));
#11068=DIRECTION('',(0.,-1.,-4.01025315964897E-15));
#11069=DIRECTION('',(-1.40282699251934E-49,-1.,-4.01025315964897E-15));
#11070=DIRECTION('',(1.,-1.40282699251934E-49,0.));
#11071=DIRECTION('',(-1.40282699251934E-49,-1.,-4.01025315964897E-15));
#11072=DIRECTION('',(-1.,1.40282699251934E-49,0.));
#11073=DIRECTION('',(-1.40282699251934E-49,-1.,0.));
#11074=DIRECTION('',(1.,-1.40282699251934E-49,0.));
#11075=DIRECTION('',(1.40282699251934E-49,1.,0.));
#11076=DIRECTION('',(1.,-1.40282699251934E-49,0.));
#11077=DIRECTION('',(1.40282699251934E-49,1.,0.));
#11078=DIRECTION('',(-1.,1.40282699251934E-49,-2.6570856392626E-33));
#11079=DIRECTION('',(-2.6570856392626E-33,0.,1.));
#11080=DIRECTION('',(0.,0.,-1.));
#11081=DIRECTION('',(-1.,0.,0.));
#11082=DIRECTION('',(6.12303176911189E-17,1.,0.));
#11083=DIRECTION('',(-1.,0.,0.));
#11084=DIRECTION('',(-6.12303176911189E-17,-1.,0.));
#11085=DIRECTION('',(2.6570856392626E-33,-5.27957011166814E-17,1.));
#11086=DIRECTION('',(0.,-1.,-5.27957011166814E-17));
#11087=DIRECTION('',(0.,1.,5.27957011166814E-17));
#11088=DIRECTION('',(-1.,0.,2.6570856392626E-33));
#11089=DIRECTION('',(0.,1.,5.27957011166814E-17));
#11090=DIRECTION('',(1.,1.40282699251934E-49,-2.6570856392626E-33));
#11091=DIRECTION('',(2.6570856392626E-33,0.,1.));
#11092=DIRECTION('',(-2.6570856392626E-33,0.,-1.));
#11093=DIRECTION('',(1.,1.40282699251934E-49,0.));
#11094=DIRECTION('',(-1.40282699251934E-49,1.,0.));
#11095=DIRECTION('',(-2.6570856392626E-33,0.,-1.));
#11096=DIRECTION('',(1.,1.40282699251934E-49,-2.6570856392626E-33));
#11097=DIRECTION('',(2.6570856392626E-33,0.,1.));
#11098=DIRECTION('',(-2.6570856392626E-33,0.,-1.));
#11099=DIRECTION('',(-1.,1.40282699251934E-49,-2.6570856392626E-33));
#11100=DIRECTION('',(-2.6570856392626E-33,0.,1.));
#11101=DIRECTION('',(-2.6570856392626E-33,0.,1.));
#11102=DIRECTION('',(1.,-1.40282699251934E-49,0.));
#11103=DIRECTION('',(1.40282699251934E-49,1.,0.));
#11104=DIRECTION('',(-2.6570856392626E-33,0.,1.));
#11105=DIRECTION('',(-1.,1.40282699251934E-49,-2.6570856392626E-33));
#11106=DIRECTION('',(-2.6570856392626E-33,0.,1.));
#11107=DIRECTION('',(-2.6570856392626E-33,0.,1.));
#11108=DIRECTION('',(0.,1.,5.27957011166814E-17));
#11109=DIRECTION('',(-2.6570856392626E-33,-5.27957011166814E-17,1.));
#11110=DIRECTION('',(0.,-1.,-5.27957011166814E-17));
#11111=DIRECTION('',(0.,1.,5.27957011166814E-17));
#11112=DIRECTION('',(1.,0.,2.6570856392626E-33));
#11113=DIRECTION('',(0.,0.,-1.));
#11114=DIRECTION('',(-1.,0.,0.));
#11115=DIRECTION('',(-1.,0.,0.));
#11116=DIRECTION('',(6.12303176911189E-17,1.,0.));
#11117=DIRECTION('',(-6.12303176911189E-17,-1.,0.));
#11118=DIRECTION('',(-1.,6.12303176911189E-17,0.));
#11119=DIRECTION('',(-6.12303176911189E-17,-1.,0.));
#11120=DIRECTION('',(0.,0.,1.));
#11121=DIRECTION('',(3.78752006623519E-17,0.618569396510668,-0.785730171051378));
#11122=DIRECTION('',(0.,0.785730171051378,0.618569396510668));
#11123=DIRECTION('',(0.,-0.618569396510668,0.785730171051378));
#11124=DIRECTION('',(-1.,0.,0.));
#11125=DIRECTION('',(3.78752006623519E-17,0.618569396510668,-0.785730171051378));
#11126=DIRECTION('',(-1.,6.12303176911189E-17,0.));
#11127=DIRECTION('',(-6.12303176911189E-17,-1.,0.));
#11128=DIRECTION('',(0.,0.,1.));
#11129=DIRECTION('',(1.,1.40282699251934E-49,0.));
#11130=DIRECTION('',(-1.40282699251934E-49,1.,0.));
#11131=DIRECTION('',(-2.6570856392626E-33,0.,-1.));
#11132=DIRECTION('',(-1.40282699251934E-49,1.,0.));
#11133=DIRECTION('',(8.13482759798187E-50,-0.579888157368037,-0.814696093610558));
#11134=DIRECTION('',(-1.14287767081696E-49,0.814696093610558,-0.579888157368037));
#11135=DIRECTION('',(0.,0.579888157368037,0.814696093610558));
#11136=DIRECTION('',(-1.,-1.40282699251934E-49,0.));
#11137=DIRECTION('',(8.13482759798187E-50,-0.579888157368037,-0.814696093610558));
#11138=DIRECTION('',(1.,1.40282699251934E-49,0.));
#11139=DIRECTION('',(-1.40282699251934E-49,1.,0.));
#11140=DIRECTION('',(-1.40282699251934E-49,1.,0.));
#11141=DIRECTION('',(0.,0.,-1.));
#11142=DIRECTION('',(0.,1.,0.));
#11143=DIRECTION('',(0.,0.,1.));
#11144=DIRECTION('',(-1.,0.,0.));
#11145=DIRECTION('',(0.,0.,-1.));
#11146=DIRECTION('',(-1.,6.12303176911189E-17,0.));
#11147=DIRECTION('',(-6.12303176911189E-17,-1.,0.));
#11148=DIRECTION('',(6.12303176911189E-17,1.,0.));
#11149=DIRECTION('',(0.,0.,-1.));
#11150=DIRECTION('',(0.,0.,-1.));
#11151=DIRECTION('',(0.,1.,0.));
#11152=DIRECTION('',(0.,0.,1.));
#11153=DIRECTION('',(0.,0.,-1.));
#11154=DIRECTION('',(-1.,0.,0.));
#11155=DIRECTION('',(-1.,6.12303176911189E-17,0.));
#11156=DIRECTION('',(-6.12303176911189E-17,-1.,0.));
#11157=DIRECTION('',(0.,0.,-1.));
#11158=DIRECTION('',(6.12303176911189E-17,1.,0.));
#11159=DIRECTION('',(0.,0.,-1.));
#11160=DIRECTION('',(0.,1.,0.));
#11161=DIRECTION('',(0.,0.,1.));
#11162=DIRECTION('',(0.,0.,-1.));
#11163=DIRECTION('',(-1.,0.,0.));
#11164=DIRECTION('',(1.,-1.40282699251934E-49,0.));
#11165=DIRECTION('',(1.40282699251934E-49,1.,0.));
#11166=DIRECTION('',(1.40282699251934E-49,1.,0.));
#11167=DIRECTION('',(8.13482759798187E-50,0.579888157368037,0.814696093610558));
#11168=DIRECTION('',(1.14287767081696E-49,0.814696093610558,-0.579888157368037));
#11169=DIRECTION('',(0.,0.579888157368037,0.814696093610558));
#11170=DIRECTION('',(-1.,1.40282699251934E-49,0.));
#11171=DIRECTION('',(8.13482759798187E-50,0.579888157368037,0.814696093610558));
#11172=DIRECTION('',(1.,-1.40282699251934E-49,0.));
#11173=DIRECTION('',(1.40282699251934E-49,1.,0.));
#11174=DIRECTION('',(-2.6570856392626E-33,0.,1.));
#11175=DIRECTION('',(1.40282699251934E-49,1.,0.));
#11176=DIRECTION('',(0.,1.,0.));
#11177=DIRECTION('',(0.,0.,1.));
#11178=DIRECTION('',(-1.,0.,0.));
#11179=DIRECTION('',(-1.,0.,0.));
#11180=DIRECTION('',(-1.,0.,0.));
#11181=DIRECTION('',(-1.,0.,0.));
#11182=DIRECTION('',(-1.,0.,0.));
#11183=DIRECTION('',(-1.,0.,0.));
#11184=DIRECTION('',(-1.,0.,0.));
#11185=DIRECTION('',(-1.,0.,0.));
#11186=DIRECTION('',(0.,0.,1.));
#11187=DIRECTION('',(1.,0.,0.));
#11188=DIRECTION('',(0.,-1.,5.01692716763366E-16));
#11189=DIRECTION('',(-1.,0.,0.));
#11190=DIRECTION('',(0.,-1.,5.01692716763366E-16));
#11191=DIRECTION('',(-1.,0.,0.));
#11192=DIRECTION('',(0.,0.,1.));
#11193=DIRECTION('',(-1.,0.,0.));
#11194=DIRECTION('',(0.,-1.,0.));
#11195=DIRECTION('',(0.,-1.,0.));
#11196=DIRECTION('',(0.,0.,-1.));
#11197=DIRECTION('',(0.,1.,0.));
#11198=DIRECTION('',(0.,0.417573156530158,0.908643306774138));
#11199=DIRECTION('',(0.,-1.,5.01692716763366E-16));
#11200=DIRECTION('',(0.,0.,1.));
#11201=DIRECTION('',(0.,-1.,2.65356105403451E-15));
#11202=DIRECTION('',(1.,0.,0.));
#11203=DIRECTION('',(0.,1.,0.));
#11204=DIRECTION('',(0.,0.,-1.));
#11205=DIRECTION('',(0.,0.,1.));
#11206=DIRECTION('',(1.,0.,0.));
#11207=DIRECTION('',(1.,0.,0.));
#11208=DIRECTION('',(0.,-1.,0.));
#11209=DIRECTION('',(1.,0.,0.));
#11210=DIRECTION('',(0.,-1.,0.));
#11211=DIRECTION('',(0.,0.,-1.));
#11212=DIRECTION('',(0.,0.,-1.));
#11213=DIRECTION('',(1.,0.,0.));
#11214=DIRECTION('',(0.,0.,-1.));
#11215=DIRECTION('',(-1.,0.,0.));
#11216=DIRECTION('',(0.,1.,0.));
#11217=DIRECTION('',(1.,0.,0.));
#11218=DIRECTION('',(0.,0.908643306774138,-0.417573156530158));
#11219=DIRECTION('',(0.,0.417573156530158,0.908643306774138));
#11220=DIRECTION('',(0.,0.417573156530158,0.908643306774138));
#11221=DIRECTION('',(0.,5.01692716763365E-16,1.));
#11222=DIRECTION('',(0.,-1.,5.01692716763365E-16));
#11223=DIRECTION('',(0.,-1.,5.01692716763366E-16));
#11224=DIRECTION('',(1.,0.,0.));
#11225=DIRECTION('',(0.,1.,0.));
#11226=DIRECTION('',(0.,0.,1.));
#11227=DIRECTION('',(0.,0.,1.));
#11228=DIRECTION('',(1.,0.,0.));
#11229=DIRECTION('',(0.,2.65356105403451E-15,1.));
#11230=DIRECTION('',(0.,-1.,2.65356105403451E-15));
#11231=DIRECTION('',(0.,-1.,2.65356105403451E-15));
#11232=DIRECTION('',(1.,0.,0.));
#11233=DIRECTION('',(1.,0.,0.));
#11234=DIRECTION('',(0.,0.,-1.));
#11235=DIRECTION('',(1.,0.,0.));
#11236=DIRECTION('',(0.,1.,0.));
#11237=DIRECTION('',(1.,0.,0.));
#11238=DIRECTION('',(0.,-1.,0.));
#11239=DIRECTION('',(0.,0.,-1.));
#11240=DIRECTION('',(0.,0.,-1.));
#11241=DIRECTION('',(1.,0.,0.));
#11242=DIRECTION('',(1.,0.,0.));
#11243=DIRECTION('',(0.,0.,-1.));
#11244=DIRECTION('',(-1.,0.,0.));
#11245=DIRECTION('',(0.,-1.,0.));
#11246=DIRECTION('',(-1.,0.,0.));
#11247=DIRECTION('',(0.,0.,1.));
#11248=DIRECTION('',(0.,0.,1.));
#11249=DIRECTION('',(1.,0.,0.));
#11250=DIRECTION('',(2.52044278907757E-15,1.,0.));
#11251=DIRECTION('',(1.,0.,0.));
#11252=DIRECTION('',(-2.52044278907757E-15,-1.,0.));
#11253=DIRECTION('',(-1.,2.52044278907757E-15,0.));
#11254=DIRECTION('',(-2.52044278907757E-15,-1.,0.));
#11255=DIRECTION('',(0.,0.,-1.));
#11256=DIRECTION('',(-1.78222218774949E-15,-0.707106781186548,-0.707106781186548));
#11257=DIRECTION('',(0.,-1.,0.));
#11258=DIRECTION('',(0.,0.,-1.));
#11259=DIRECTION('',(0.,0.,-1.));
#11260=DIRECTION('',(-1.,0.,0.));
#11261=DIRECTION('',(1.,-2.52044278907757E-15,0.));
#11262=DIRECTION('',(2.52044278907757E-15,1.,0.));
#11263=DIRECTION('',(1.78222218774949E-15,0.707106781186548,0.707106781186548));
#11264=DIRECTION('',(0.,0.707106781186548,-0.707106781186548));
#11265=DIRECTION('',(-1.,0.,0.));
#11266=CARTESIAN_POINT('',(0.,0.,0.));
#11267=CARTESIAN_POINT('',(2.883902112795,0.698928839369233,2.90034614557355));
#11268=CARTESIAN_POINT('',(2.883902112795,0.83860713903925,3.04002444524357));
#11269=CARTESIAN_POINT('',(2.883902112795,0.806220089369233,3.00763739557355));
#11270=CARTESIAN_POINT('',(2.883902112795,0.698928839369233,2.90034614557355));
#11271=CARTESIAN_POINT('',(2.74766533380887,0.806220089369233,3.00763739557355));
#11272=CARTESIAN_POINT('',(2.61142855482274,0.806220089369233,3.00763739557355));
#11273=CARTESIAN_POINT('',(2.61142855482274,0.752574464369233,2.95399177057355));
#11274=CARTESIAN_POINT('',(2.61142855482274,0.698928839369233,2.90034614557355));
#11275=CARTESIAN_POINT('',(2.883902112795,0.698928839369233,2.90034614557355));
#11276=CARTESIAN_POINT('',(2.74766533380887,0.870994188709267,3.00763739557355));
#11277=CARTESIAN_POINT('',(2.61142855482274,0.698928839369233,3.00763739557355));
#11278=CARTESIAN_POINT('',(2.61142855482274,0.870994188709267,3.00763739557355));
#11279=CARTESIAN_POINT('',(2.883902112795,0.870994188709267,3.00763739557355));
#11280=CARTESIAN_POINT('',(2.883902112795,0.870994188709267,3.00763739557355));
#11281=CARTESIAN_POINT('',(9.45,0.870994188709267,3.00763739557355));
#11282=CARTESIAN_POINT('',(2.61142855482274,0.698928839369233,3.00763739557355));
#11283=CARTESIAN_POINT('',(2.61142855482274,0.698928839369233,3.00763739557355));
#11284=CARTESIAN_POINT('',(2.61142855482274,0.698928839369233,0.987372054247409));
#11285=CARTESIAN_POINT('',(2.61142855482274,0.870994188709267,3.00763739557355));
#11286=CARTESIAN_POINT('',(2.61142855482274,0.870994188709267,0.987372054247408));
#11287=CARTESIAN_POINT('',(2.61142855482274,0.698928839369233,0.987372054247409));
#11288=CARTESIAN_POINT('',(2.883902112795,0.698928839369233,3.00763739557355));
#11289=CARTESIAN_POINT('',(2.883902112795,0.698928839369233,3.00763739557355));
#11290=CARTESIAN_POINT('',(2.883902112795,0.698928839369233,0.987372054247409));
#11291=CARTESIAN_POINT('',(2.883902112795,0.698928839369233,0.987372054247409));
#11292=CARTESIAN_POINT('',(2.883902112795,0.870994188709267,3.00763739557355));
#11293=CARTESIAN_POINT('',(2.883902112795,0.870994188709267,0.987372054247409));
#11294=CARTESIAN_POINT('',(2.883902112795,0.870994188709267,0.987372054247409));
#11295=CARTESIAN_POINT('',(2.883902112795,0.870994188709267,3.00763739557355));
#11296=CARTESIAN_POINT('',(2.383902112795,0.698928839369233,2.90034614557355));
#11297=CARTESIAN_POINT('',(2.383902112795,0.83860713903925,3.04002444524357));
#11298=CARTESIAN_POINT('',(2.383902112795,0.806220089369233,3.00763739557355));
#11299=CARTESIAN_POINT('',(2.383902112795,0.698928839369233,2.90034614557355));
#11300=CARTESIAN_POINT('',(2.24766533380887,0.806220089369233,3.00763739557355));
#11301=CARTESIAN_POINT('',(2.11142855482274,0.806220089369233,3.00763739557355));
#11302=CARTESIAN_POINT('',(2.11142855482274,0.752574464369233,2.95399177057355));
#11303=CARTESIAN_POINT('',(2.11142855482274,0.698928839369233,2.90034614557355));
#11304=CARTESIAN_POINT('',(2.383902112795,0.698928839369233,2.90034614557355));
#11305=CARTESIAN_POINT('',(2.24766533380887,0.870994188709267,3.00763739557355));
#11306=CARTESIAN_POINT('',(2.11142855482274,0.698928839369233,3.00763739557355));
#11307=CARTESIAN_POINT('',(2.11142855482274,0.870994188709267,3.00763739557355));
#11308=CARTESIAN_POINT('',(2.383902112795,0.870994188709267,3.00763739557355));
#11309=CARTESIAN_POINT('',(2.383902112795,0.870994188709267,3.00763739557355));
#11310=CARTESIAN_POINT('',(8.95,0.870994188709267,3.00763739557355));
#11311=CARTESIAN_POINT('',(2.11142855482274,0.698928839369233,3.00763739557355));
#11312=CARTESIAN_POINT('',(2.11142855482274,0.698928839369233,3.00763739557355));
#11313=CARTESIAN_POINT('',(2.11142855482274,0.698928839369233,0.987372054247409));
#11314=CARTESIAN_POINT('',(2.11142855482274,0.870994188709267,3.00763739557355));
#11315=CARTESIAN_POINT('',(2.11142855482274,0.870994188709267,0.987372054247408));
#11316=CARTESIAN_POINT('',(2.11142855482274,0.698928839369233,0.987372054247409));
#11317=CARTESIAN_POINT('',(2.383902112795,0.698928839369233,3.00763739557355));
#11318=CARTESIAN_POINT('',(2.383902112795,0.698928839369233,3.00763739557355));
#11319=CARTESIAN_POINT('',(2.383902112795,0.698928839369233,0.987372054247409));
#11320=CARTESIAN_POINT('',(2.383902112795,0.698928839369233,0.987372054247409));
#11321=CARTESIAN_POINT('',(2.383902112795,0.870994188709267,3.00763739557355));
#11322=CARTESIAN_POINT('',(2.383902112795,0.870994188709267,0.987372054247409));
#11323=CARTESIAN_POINT('',(2.383902112795,0.870994188709267,0.987372054247409));
#11324=CARTESIAN_POINT('',(2.383902112795,0.870994188709267,3.00763739557355));
#11325=CARTESIAN_POINT('',(1.883902112795,0.698928839369233,2.90034614557355));
#11326=CARTESIAN_POINT('',(1.883902112795,0.83860713903925,3.04002444524357));
#11327=CARTESIAN_POINT('',(1.883902112795,0.806220089369234,3.00763739557355));
#11328=CARTESIAN_POINT('',(1.883902112795,0.698928839369233,2.90034614557355));
#11329=CARTESIAN_POINT('',(1.74766533380887,0.806220089369234,3.00763739557355));
#11330=CARTESIAN_POINT('',(1.61142855482274,0.806220089369234,3.00763739557355));
#11331=CARTESIAN_POINT('',(1.61142855482274,0.752574464369233,2.95399177057355));
#11332=CARTESIAN_POINT('',(1.61142855482274,0.698928839369233,2.90034614557355));
#11333=CARTESIAN_POINT('',(1.883902112795,0.698928839369233,2.90034614557355));
#11334=CARTESIAN_POINT('',(1.74766533380887,0.870994188709267,3.00763739557355));
#11335=CARTESIAN_POINT('',(1.61142855482274,0.698928839369233,3.00763739557355));
#11336=CARTESIAN_POINT('',(1.61142855482274,0.870994188709267,3.00763739557355));
#11337=CARTESIAN_POINT('',(1.883902112795,0.870994188709267,3.00763739557355));
#11338=CARTESIAN_POINT('',(1.883902112795,0.870994188709267,3.00763739557355));
#11339=CARTESIAN_POINT('',(8.45,0.870994188709267,3.00763739557355));
#11340=CARTESIAN_POINT('',(1.61142855482274,0.698928839369233,3.00763739557355));
#11341=CARTESIAN_POINT('',(1.61142855482274,0.698928839369233,3.00763739557355));
#11342=CARTESIAN_POINT('',(1.61142855482274,0.698928839369233,0.987372054247409));
#11343=CARTESIAN_POINT('',(1.61142855482274,0.870994188709267,3.00763739557355));
#11344=CARTESIAN_POINT('',(1.61142855482274,0.870994188709267,0.987372054247408));
#11345=CARTESIAN_POINT('',(1.61142855482274,0.698928839369233,0.987372054247409));
#11346=CARTESIAN_POINT('',(1.883902112795,0.698928839369233,3.00763739557355));
#11347=CARTESIAN_POINT('',(1.883902112795,0.698928839369233,3.00763739557355));
#11348=CARTESIAN_POINT('',(1.883902112795,0.698928839369233,0.987372054247409));
#11349=CARTESIAN_POINT('',(1.883902112795,0.698928839369233,0.987372054247409));
#11350=CARTESIAN_POINT('',(1.883902112795,0.870994188709267,3.00763739557355));
#11351=CARTESIAN_POINT('',(1.883902112795,0.870994188709267,0.987372054247409));
#11352=CARTESIAN_POINT('',(1.883902112795,0.870994188709267,0.987372054247409));
#11353=CARTESIAN_POINT('',(1.883902112795,0.870994188709267,3.00763739557355));
#11354=CARTESIAN_POINT('',(1.383902112795,0.698928839369233,2.90034614557355));
#11355=CARTESIAN_POINT('',(1.383902112795,0.83860713903925,3.04002444524357));
#11356=CARTESIAN_POINT('',(1.383902112795,0.806220089369234,3.00763739557355));
#11357=CARTESIAN_POINT('',(1.383902112795,0.698928839369233,2.90034614557355));
#11358=CARTESIAN_POINT('',(1.24766533380887,0.806220089369234,3.00763739557355));
#11359=CARTESIAN_POINT('',(1.11142855482274,0.806220089369234,3.00763739557355));
#11360=CARTESIAN_POINT('',(1.11142855482274,0.752574464369233,2.95399177057355));
#11361=CARTESIAN_POINT('',(1.11142855482274,0.698928839369233,2.90034614557355));
#11362=CARTESIAN_POINT('',(1.383902112795,0.698928839369233,2.90034614557355));
#11363=CARTESIAN_POINT('',(1.24766533380887,0.870994188709267,3.00763739557355));
#11364=CARTESIAN_POINT('',(1.11142855482274,0.698928839369233,3.00763739557355));
#11365=CARTESIAN_POINT('',(1.11142855482274,0.870994188709267,3.00763739557355));
#11366=CARTESIAN_POINT('',(1.383902112795,0.870994188709267,3.00763739557355));
#11367=CARTESIAN_POINT('',(1.383902112795,0.870994188709267,3.00763739557355));
#11368=CARTESIAN_POINT('',(7.95,0.870994188709267,3.00763739557355));
#11369=CARTESIAN_POINT('',(1.11142855482274,0.698928839369233,3.00763739557355));
#11370=CARTESIAN_POINT('',(1.11142855482274,0.698928839369233,3.00763739557355));
#11371=CARTESIAN_POINT('',(1.11142855482274,0.698928839369233,0.987372054247409));
#11372=CARTESIAN_POINT('',(1.11142855482274,0.870994188709267,3.00763739557355));
#11373=CARTESIAN_POINT('',(1.11142855482274,0.870994188709267,0.987372054247408));
#11374=CARTESIAN_POINT('',(1.11142855482274,0.698928839369233,0.987372054247409));
#11375=CARTESIAN_POINT('',(1.383902112795,0.698928839369233,3.00763739557355));
#11376=CARTESIAN_POINT('',(1.383902112795,0.698928839369233,3.00763739557355));
#11377=CARTESIAN_POINT('',(1.383902112795,0.698928839369233,0.987372054247409));
#11378=CARTESIAN_POINT('',(1.383902112795,0.698928839369233,0.987372054247409));
#11379=CARTESIAN_POINT('',(1.383902112795,0.870994188709267,3.00763739557355));
#11380=CARTESIAN_POINT('',(1.383902112795,0.870994188709267,0.987372054247409));
#11381=CARTESIAN_POINT('',(1.383902112795,0.870994188709267,0.987372054247409));
#11382=CARTESIAN_POINT('',(1.383902112795,0.870994188709267,3.00763739557355));
#11383=CARTESIAN_POINT('',(0.883902112795,0.698928839369234,2.90034614557355));
#11384=CARTESIAN_POINT('',(0.883902112795,0.838607139039251,3.04002444524357));
#11385=CARTESIAN_POINT('',(0.883902112795,0.806220089369234,3.00763739557355));
#11386=CARTESIAN_POINT('',(0.883902112795,0.698928839369234,2.90034614557355));
#11387=CARTESIAN_POINT('',(0.74766533380887,0.806220089369234,3.00763739557355));
#11388=CARTESIAN_POINT('',(0.611428554822739,0.806220089369234,3.00763739557355));
#11389=CARTESIAN_POINT('',(0.611428554822739,0.752574464369234,2.95399177057355));
#11390=CARTESIAN_POINT('',(0.611428554822739,0.698928839369234,2.90034614557355));
#11391=CARTESIAN_POINT('',(0.883902112795,0.698928839369234,2.90034614557355));
#11392=CARTESIAN_POINT('',(0.74766533380887,0.870994188709268,3.00763739557355));
#11393=CARTESIAN_POINT('',(0.611428554822739,0.698928839369234,3.00763739557355));
#11394=CARTESIAN_POINT('',(0.611428554822739,0.870994188709268,3.00763739557355));
#11395=CARTESIAN_POINT('',(0.883902112795,0.870994188709268,3.00763739557355));
#11396=CARTESIAN_POINT('',(0.883902112795,0.870994188709268,3.00763739557355));
#11397=CARTESIAN_POINT('',(7.45,0.870994188709268,3.00763739557355));
#11398=CARTESIAN_POINT('',(0.611428554822739,0.698928839369234,3.00763739557355));
#11399=CARTESIAN_POINT('',(0.611428554822739,0.698928839369234,3.00763739557355));
#11400=CARTESIAN_POINT('',(0.611428554822739,0.698928839369234,0.987372054247409));
#11401=CARTESIAN_POINT('',(0.611428554822739,0.870994188709268,3.00763739557355));
#11402=CARTESIAN_POINT('',(0.611428554822738,0.870994188709268,0.987372054247408));
#11403=CARTESIAN_POINT('',(0.611428554822739,0.698928839369234,0.987372054247409));
#11404=CARTESIAN_POINT('',(0.883902112795,0.698928839369234,3.00763739557355));
#11405=CARTESIAN_POINT('',(0.883902112795,0.698928839369234,3.00763739557355));
#11406=CARTESIAN_POINT('',(0.883902112795,0.698928839369234,0.987372054247409));
#11407=CARTESIAN_POINT('',(0.883902112795,0.698928839369234,0.987372054247409));
#11408=CARTESIAN_POINT('',(0.883902112795,0.870994188709268,3.00763739557355));
#11409=CARTESIAN_POINT('',(0.883902112795,0.870994188709268,0.987372054247409));
#11410=CARTESIAN_POINT('',(0.883902112795,0.870994188709268,0.987372054247409));
#11411=CARTESIAN_POINT('',(0.883902112795,0.870994188709268,3.00763739557355));
#11412=CARTESIAN_POINT('',(0.383902112795,0.698928839369234,2.90034614557355));
#11413=CARTESIAN_POINT('',(0.383902112795,0.838607139039251,3.04002444524357));
#11414=CARTESIAN_POINT('',(0.383902112795,0.806220089369234,3.00763739557355));
#11415=CARTESIAN_POINT('',(0.383902112795,0.698928839369234,2.90034614557355));
#11416=CARTESIAN_POINT('',(0.24766533380887,0.806220089369234,3.00763739557355));
#11417=CARTESIAN_POINT('',(0.111428554822739,0.806220089369234,3.00763739557355));
#11418=CARTESIAN_POINT('',(0.111428554822739,0.752574464369234,2.95399177057355));
#11419=CARTESIAN_POINT('',(0.111428554822739,0.698928839369234,2.90034614557355));
#11420=CARTESIAN_POINT('',(0.383902112795,0.698928839369234,2.90034614557355));
#11421=CARTESIAN_POINT('',(0.24766533380887,0.870994188709268,3.00763739557355));
#11422=CARTESIAN_POINT('',(0.111428554822739,0.698928839369234,3.00763739557355));
#11423=CARTESIAN_POINT('',(0.111428554822739,0.870994188709268,3.00763739557355));
#11424=CARTESIAN_POINT('',(0.383902112795,0.870994188709268,3.00763739557355));
#11425=CARTESIAN_POINT('',(0.383902112795,0.870994188709268,3.00763739557355));
#11426=CARTESIAN_POINT('',(6.95,0.870994188709268,3.00763739557355));
#11427=CARTESIAN_POINT('',(0.111428554822739,0.698928839369234,3.00763739557355));
#11428=CARTESIAN_POINT('',(0.111428554822739,0.698928839369234,3.00763739557355));
#11429=CARTESIAN_POINT('',(0.111428554822739,0.698928839369234,0.987372054247409));
#11430=CARTESIAN_POINT('',(0.111428554822739,0.870994188709268,3.00763739557355));
#11431=CARTESIAN_POINT('',(0.111428554822738,0.870994188709268,0.987372054247408));
#11432=CARTESIAN_POINT('',(0.111428554822739,0.698928839369234,0.987372054247409));
#11433=CARTESIAN_POINT('',(0.383902112795,0.698928839369234,3.00763739557355));
#11434=CARTESIAN_POINT('',(0.383902112795,0.698928839369234,3.00763739557355));
#11435=CARTESIAN_POINT('',(0.383902112795,0.698928839369234,0.987372054247409));
#11436=CARTESIAN_POINT('',(0.383902112795,0.698928839369234,0.987372054247409));
#11437=CARTESIAN_POINT('',(0.383902112795,0.870994188709268,3.00763739557355));
#11438=CARTESIAN_POINT('',(0.383902112795,0.870994188709268,0.987372054247409));
#11439=CARTESIAN_POINT('',(0.383902112795,0.870994188709268,0.987372054247409));
#11440=CARTESIAN_POINT('',(0.383902112795,0.870994188709268,3.00763739557355));
#11441=CARTESIAN_POINT('',(-0.116097887205,0.698928839369234,2.90034614557355));
#11442=CARTESIAN_POINT('',(-0.116097887205,0.838607139039251,3.04002444524357));
#11443=CARTESIAN_POINT('',(-0.116097887205,0.806220089369234,3.00763739557355));
#11444=CARTESIAN_POINT('',(-0.116097887205,0.698928839369234,2.90034614557355));
#11445=CARTESIAN_POINT('',(-0.25233466619113,0.806220089369234,3.00763739557355));
#11446=CARTESIAN_POINT('',(-0.388571445177261,0.806220089369234,3.00763739557355));
#11447=CARTESIAN_POINT('',(-0.388571445177261,0.752574464369234,2.95399177057355));
#11448=CARTESIAN_POINT('',(-0.388571445177261,0.698928839369234,2.90034614557355));
#11449=CARTESIAN_POINT('',(-0.116097887205,0.698928839369234,2.90034614557355));
#11450=CARTESIAN_POINT('',(-0.25233466619113,0.870994188709268,3.00763739557355));
#11451=CARTESIAN_POINT('',(-0.388571445177261,0.698928839369234,3.00763739557355));
#11452=CARTESIAN_POINT('',(-0.388571445177261,0.870994188709268,3.00763739557355));
#11453=CARTESIAN_POINT('',(-0.116097887205,0.870994188709268,3.00763739557355));
#11454=CARTESIAN_POINT('',(-0.116097887205,0.870994188709268,3.00763739557355));
#11455=CARTESIAN_POINT('',(6.45,0.870994188709268,3.00763739557355));
#11456=CARTESIAN_POINT('',(-0.388571445177261,0.698928839369234,3.00763739557355));
#11457=CARTESIAN_POINT('',(-0.388571445177261,0.698928839369234,3.00763739557355));
#11458=CARTESIAN_POINT('',(-0.388571445177261,0.698928839369234,0.987372054247409));
#11459=CARTESIAN_POINT('',(-0.388571445177261,0.870994188709268,3.00763739557355));
#11460=CARTESIAN_POINT('',(-0.388571445177262,0.870994188709268,0.987372054247408));
#11461=CARTESIAN_POINT('',(-0.388571445177261,0.698928839369234,0.987372054247409));
#11462=CARTESIAN_POINT('',(-0.116097887205,0.698928839369234,3.00763739557355));
#11463=CARTESIAN_POINT('',(-0.116097887205,0.698928839369234,3.00763739557355));
#11464=CARTESIAN_POINT('',(-0.116097887205,0.698928839369234,0.987372054247409));
#11465=CARTESIAN_POINT('',(-0.116097887205,0.698928839369234,0.987372054247409));
#11466=CARTESIAN_POINT('',(-0.116097887205,0.870994188709268,3.00763739557355));
#11467=CARTESIAN_POINT('',(-0.116097887205,0.870994188709268,0.987372054247409));
#11468=CARTESIAN_POINT('',(-0.116097887205,0.870994188709268,0.987372054247409));
#11469=CARTESIAN_POINT('',(-0.116097887205,0.870994188709268,3.00763739557355));
#11470=CARTESIAN_POINT('',(-0.616097887205,0.698928839369234,2.90034614557355));
#11471=CARTESIAN_POINT('',(-0.616097887205,0.838607139039251,3.04002444524357));
#11472=CARTESIAN_POINT('',(-0.616097887205,0.806220089369234,3.00763739557355));
#11473=CARTESIAN_POINT('',(-0.616097887205,0.698928839369234,2.90034614557355));
#11474=CARTESIAN_POINT('',(-0.75233466619113,0.806220089369234,3.00763739557355));
#11475=CARTESIAN_POINT('',(-0.888571445177261,0.806220089369234,3.00763739557355));
#11476=CARTESIAN_POINT('',(-0.888571445177261,0.752574464369234,2.95399177057355));
#11477=CARTESIAN_POINT('',(-0.888571445177261,0.698928839369234,2.90034614557355));
#11478=CARTESIAN_POINT('',(-0.616097887205,0.698928839369234,2.90034614557355));
#11479=CARTESIAN_POINT('',(-0.75233466619113,0.870994188709268,3.00763739557355));
#11480=CARTESIAN_POINT('',(-0.888571445177261,0.698928839369234,3.00763739557355));
#11481=CARTESIAN_POINT('',(-0.888571445177261,0.870994188709268,3.00763739557355));
#11482=CARTESIAN_POINT('',(-0.616097887205,0.870994188709268,3.00763739557355));
#11483=CARTESIAN_POINT('',(-0.616097887205,0.870994188709268,3.00763739557355));
#11484=CARTESIAN_POINT('',(5.95,0.870994188709268,3.00763739557355));
#11485=CARTESIAN_POINT('',(-0.888571445177261,0.698928839369234,3.00763739557355));
#11486=CARTESIAN_POINT('',(-0.888571445177261,0.698928839369234,3.00763739557355));
#11487=CARTESIAN_POINT('',(-0.888571445177261,0.698928839369234,0.987372054247409));
#11488=CARTESIAN_POINT('',(-0.888571445177261,0.870994188709268,3.00763739557355));
#11489=CARTESIAN_POINT('',(-0.888571445177262,0.870994188709268,0.987372054247408));
#11490=CARTESIAN_POINT('',(-0.888571445177261,0.698928839369234,0.987372054247409));
#11491=CARTESIAN_POINT('',(-0.616097887205,0.698928839369234,3.00763739557355));
#11492=CARTESIAN_POINT('',(-0.616097887205,0.698928839369234,3.00763739557355));
#11493=CARTESIAN_POINT('',(-0.616097887205,0.698928839369234,0.987372054247409));
#11494=CARTESIAN_POINT('',(-0.616097887205,0.698928839369234,0.987372054247409));
#11495=CARTESIAN_POINT('',(-0.616097887205,0.870994188709268,3.00763739557355));
#11496=CARTESIAN_POINT('',(-0.616097887205,0.870994188709268,0.987372054247409));
#11497=CARTESIAN_POINT('',(-0.616097887205,0.870994188709268,0.987372054247409));
#11498=CARTESIAN_POINT('',(-0.616097887205,0.870994188709268,3.00763739557355));
#11499=CARTESIAN_POINT('',(-1.116097887205,0.698928839369234,2.90034614557355));
#11500=CARTESIAN_POINT('',(-1.116097887205,0.838607139039251,3.04002444524357));
#11501=CARTESIAN_POINT('',(-1.116097887205,0.806220089369234,3.00763739557355));
#11502=CARTESIAN_POINT('',(-1.116097887205,0.698928839369234,2.90034614557355));
#11503=CARTESIAN_POINT('',(-1.25233466619113,0.806220089369234,3.00763739557355));
#11504=CARTESIAN_POINT('',(-1.38857144517726,0.806220089369234,3.00763739557355));
#11505=CARTESIAN_POINT('',(-1.38857144517726,0.752574464369234,2.95399177057355));
#11506=CARTESIAN_POINT('',(-1.38857144517726,0.698928839369234,2.90034614557355));
#11507=CARTESIAN_POINT('',(-1.116097887205,0.698928839369234,2.90034614557355));
#11508=CARTESIAN_POINT('',(-1.25233466619113,0.870994188709268,3.00763739557355));
#11509=CARTESIAN_POINT('',(-1.38857144517726,0.698928839369234,3.00763739557355));
#11510=CARTESIAN_POINT('',(-1.38857144517726,0.870994188709268,3.00763739557355));
#11511=CARTESIAN_POINT('',(-1.116097887205,0.870994188709268,3.00763739557355));
#11512=CARTESIAN_POINT('',(-1.116097887205,0.870994188709268,3.00763739557355));
#11513=CARTESIAN_POINT('',(5.45,0.870994188709268,3.00763739557355));
#11514=CARTESIAN_POINT('',(-1.38857144517726,0.698928839369234,3.00763739557355));
#11515=CARTESIAN_POINT('',(-1.38857144517726,0.698928839369234,3.00763739557355));
#11516=CARTESIAN_POINT('',(-1.38857144517726,0.698928839369234,0.987372054247409));
#11517=CARTESIAN_POINT('',(-1.38857144517726,0.870994188709268,3.00763739557355));
#11518=CARTESIAN_POINT('',(-1.38857144517726,0.870994188709268,0.987372054247408));
#11519=CARTESIAN_POINT('',(-1.38857144517726,0.698928839369234,0.987372054247409));
#11520=CARTESIAN_POINT('',(-1.116097887205,0.698928839369234,3.00763739557355));
#11521=CARTESIAN_POINT('',(-1.116097887205,0.698928839369234,3.00763739557355));
#11522=CARTESIAN_POINT('',(-1.116097887205,0.698928839369234,0.987372054247409));
#11523=CARTESIAN_POINT('',(-1.116097887205,0.698928839369234,0.987372054247409));
#11524=CARTESIAN_POINT('',(-1.116097887205,0.870994188709268,3.00763739557355));
#11525=CARTESIAN_POINT('',(-1.116097887205,0.870994188709268,0.987372054247409));
#11526=CARTESIAN_POINT('',(-1.116097887205,0.870994188709268,0.987372054247409));
#11527=CARTESIAN_POINT('',(-1.116097887205,0.870994188709268,3.00763739557355));
#11528=CARTESIAN_POINT('',(-1.616097887205,0.698928839369234,2.90034614557355));
#11529=CARTESIAN_POINT('',(-1.616097887205,0.838607139039251,3.04002444524357));
#11530=CARTESIAN_POINT('',(-1.616097887205,0.806220089369234,3.00763739557355));
#11531=CARTESIAN_POINT('',(-1.616097887205,0.698928839369234,2.90034614557355));
#11532=CARTESIAN_POINT('',(-1.75233466619113,0.806220089369234,3.00763739557355));
#11533=CARTESIAN_POINT('',(-1.88857144517726,0.806220089369234,3.00763739557355));
#11534=CARTESIAN_POINT('',(-1.88857144517726,0.752574464369234,2.95399177057355));
#11535=CARTESIAN_POINT('',(-1.88857144517726,0.698928839369234,2.90034614557355));
#11536=CARTESIAN_POINT('',(-1.616097887205,0.698928839369234,2.90034614557355));
#11537=CARTESIAN_POINT('',(-1.75233466619113,0.870994188709268,3.00763739557355));
#11538=CARTESIAN_POINT('',(-1.88857144517726,0.698928839369234,3.00763739557355));
#11539=CARTESIAN_POINT('',(-1.88857144517726,0.870994188709268,3.00763739557355));
#11540=CARTESIAN_POINT('',(-1.616097887205,0.870994188709268,3.00763739557355));
#11541=CARTESIAN_POINT('',(-1.616097887205,0.870994188709268,3.00763739557355));
#11542=CARTESIAN_POINT('',(4.95,0.870994188709268,3.00763739557355));
#11543=CARTESIAN_POINT('',(-1.88857144517726,0.698928839369234,3.00763739557355));
#11544=CARTESIAN_POINT('',(-1.88857144517726,0.698928839369234,3.00763739557355));
#11545=CARTESIAN_POINT('',(-1.88857144517726,0.698928839369234,0.987372054247409));
#11546=CARTESIAN_POINT('',(-1.88857144517726,0.870994188709268,3.00763739557355));
#11547=CARTESIAN_POINT('',(-1.88857144517726,0.870994188709268,0.987372054247408));
#11548=CARTESIAN_POINT('',(-1.88857144517726,0.698928839369234,0.987372054247409));
#11549=CARTESIAN_POINT('',(-1.616097887205,0.698928839369234,3.00763739557355));
#11550=CARTESIAN_POINT('',(-1.616097887205,0.698928839369234,3.00763739557355));
#11551=CARTESIAN_POINT('',(-1.616097887205,0.698928839369234,0.987372054247409));
#11552=CARTESIAN_POINT('',(-1.616097887205,0.698928839369234,0.987372054247409));
#11553=CARTESIAN_POINT('',(-1.616097887205,0.870994188709268,3.00763739557355));
#11554=CARTESIAN_POINT('',(-1.616097887205,0.870994188709268,0.987372054247409));
#11555=CARTESIAN_POINT('',(-1.616097887205,0.870994188709268,0.987372054247409));
#11556=CARTESIAN_POINT('',(-1.616097887205,0.870994188709268,3.00763739557355));
#11557=CARTESIAN_POINT('',(-2.116097887205,0.698928839369234,2.90034614557355));
#11558=CARTESIAN_POINT('',(-2.116097887205,0.838607139039251,3.04002444524357));
#11559=CARTESIAN_POINT('',(-2.116097887205,0.806220089369234,3.00763739557355));
#11560=CARTESIAN_POINT('',(-2.116097887205,0.698928839369234,2.90034614557355));
#11561=CARTESIAN_POINT('',(-2.25233466619113,0.806220089369234,3.00763739557355));
#11562=CARTESIAN_POINT('',(-2.38857144517726,0.806220089369234,3.00763739557355));
#11563=CARTESIAN_POINT('',(-2.38857144517726,0.752574464369234,2.95399177057355));
#11564=CARTESIAN_POINT('',(-2.38857144517726,0.698928839369234,2.90034614557355));
#11565=CARTESIAN_POINT('',(-2.116097887205,0.698928839369234,2.90034614557355));
#11566=CARTESIAN_POINT('',(-2.25233466619113,0.870994188709268,3.00763739557355));
#11567=CARTESIAN_POINT('',(-2.38857144517726,0.698928839369234,3.00763739557355));
#11568=CARTESIAN_POINT('',(-2.38857144517726,0.870994188709268,3.00763739557355));
#11569=CARTESIAN_POINT('',(-2.116097887205,0.870994188709268,3.00763739557355));
#11570=CARTESIAN_POINT('',(-2.116097887205,0.870994188709268,3.00763739557355));
#11571=CARTESIAN_POINT('',(4.45,0.870994188709268,3.00763739557355));
#11572=CARTESIAN_POINT('',(-2.38857144517726,0.698928839369234,3.00763739557355));
#11573=CARTESIAN_POINT('',(-2.38857144517726,0.698928839369234,3.00763739557355));
#11574=CARTESIAN_POINT('',(-2.38857144517726,0.698928839369234,0.987372054247409));
#11575=CARTESIAN_POINT('',(-2.38857144517726,0.870994188709268,3.00763739557355));
#11576=CARTESIAN_POINT('',(-2.38857144517726,0.870994188709268,0.987372054247408));
#11577=CARTESIAN_POINT('',(-2.38857144517726,0.698928839369234,0.987372054247409));
#11578=CARTESIAN_POINT('',(-2.116097887205,0.698928839369234,3.00763739557355));
#11579=CARTESIAN_POINT('',(-2.116097887205,0.698928839369234,3.00763739557355));
#11580=CARTESIAN_POINT('',(-2.116097887205,0.698928839369234,0.987372054247409));
#11581=CARTESIAN_POINT('',(-2.116097887205,0.698928839369234,0.987372054247409));
#11582=CARTESIAN_POINT('',(-2.116097887205,0.870994188709268,3.00763739557355));
#11583=CARTESIAN_POINT('',(-2.116097887205,0.870994188709268,0.987372054247409));
#11584=CARTESIAN_POINT('',(-2.116097887205,0.870994188709268,0.987372054247409));
#11585=CARTESIAN_POINT('',(-2.116097887205,0.870994188709268,3.00763739557355));
#11586=CARTESIAN_POINT('',(-2.32733466619113,1.26665611051934,5.96311194867027E-16));
#11587=CARTESIAN_POINT('',(-2.17733466619113,1.26665611051934,5.96311194867027E-16));
#11588=CARTESIAN_POINT('',(-2.17733466619113,1.1476044334132,0.259057623487154));
#11589=CARTESIAN_POINT('',(-2.17733466619113,1.26665611051934,5.96311194867027E-16));
#11590=CARTESIAN_POINT('',(-2.32733466619113,1.1476044334132,0.259057623487154));
#11591=CARTESIAN_POINT('',(-2.32733466619113,1.1476044334132,0.259057623487154));
#11592=CARTESIAN_POINT('',(-2.32733466619113,1.26665611051934,5.96311194867027E-16));
#11593=CARTESIAN_POINT('',(-2.32733466619113,1.26665611051934,5.96311194867027E-16));
#11594=CARTESIAN_POINT('',(-2.32733466619113,1.26665611051934,5.96311194867027E-16));
#11595=CARTESIAN_POINT('',(-2.32733466619113,1.9,5.96311194867027E-16));
#11596=CARTESIAN_POINT('',(-2.17733466619113,1.9,5.96311194867027E-16));
#11597=CARTESIAN_POINT('',(-2.17733466619113,1.9,5.96311194867027E-16));
#11598=CARTESIAN_POINT('',(-2.32733466619113,1.9,5.96311194867027E-16));
#11599=CARTESIAN_POINT('',(-2.32733466619113,1.9,5.96311194867027E-16));
#11600=CARTESIAN_POINT('',(-2.32733466619113,1.9,5.96311194867027E-16));
#11601=CARTESIAN_POINT('',(-2.32733466619113,1.9,0.303025521645455));
#11602=CARTESIAN_POINT('',(-2.17733466619113,1.9,0.303025521645455));
#11603=CARTESIAN_POINT('',(-2.17733466619113,1.9,0.303025521645455));
#11604=CARTESIAN_POINT('',(-2.32733466619113,1.9,0.303025521645455));
#11605=CARTESIAN_POINT('',(-2.32733466619113,1.9,0.303025521645455));
#11606=CARTESIAN_POINT('',(-2.32733466619113,1.9,0.303025521645455));
#11607=CARTESIAN_POINT('',(-2.32733466619113,1.54456050773954,0.303025521645455));
#11608=CARTESIAN_POINT('',(-2.17733466619113,1.54456050773954,0.303025521645455));
#11609=CARTESIAN_POINT('',(-2.17733466619113,1.54456050773954,0.303025521645455));
#11610=CARTESIAN_POINT('',(-2.32733466619113,1.54456050773954,0.303025521645455));
#11611=CARTESIAN_POINT('',(-2.32733466619113,1.54456050773954,0.303025521645455));
#11612=CARTESIAN_POINT('',(-2.32733466619113,1.54456050773954,0.303025521645455));
#11613=CARTESIAN_POINT('',(-2.32733466619113,1.54456050773954,0.406648186640708));
#11614=CARTESIAN_POINT('',(-2.17733466619113,1.54456050773954,0.406648186640708));
#11615=CARTESIAN_POINT('',(-2.17733466619113,1.44093784274429,0.406648186640708));
#11616=CARTESIAN_POINT('',(-2.32733466619113,1.54456050773954,0.406648186640708));
#11617=CARTESIAN_POINT('',(-2.32733466619113,1.44093784274429,0.406648186640708));
#11618=CARTESIAN_POINT('',(-2.32733466619113,1.44093784274429,0.406648186640708));
#11619=CARTESIAN_POINT('',(-2.32733466619113,1.44093784274429,0.558986298533598));
#11620=CARTESIAN_POINT('',(-2.17733466619113,1.44093784274429,0.558986298533598));
#11621=CARTESIAN_POINT('',(-2.17733466619113,1.44093784274429,0.558986298533598));
#11622=CARTESIAN_POINT('',(-2.32733466619113,1.44093784274429,0.558986298533598));
#11623=CARTESIAN_POINT('',(-2.32733466619113,1.44093784274429,0.558986298533598));
#11624=CARTESIAN_POINT('',(-2.32733466619113,1.44093784274429,0.558986298533598));
#11625=CARTESIAN_POINT('',(-2.32733466619113,1.3373756082064,0.558986298533598));
#11626=CARTESIAN_POINT('',(-2.17733466619113,1.3373756082064,0.558986298533598));
#11627=CARTESIAN_POINT('',(-2.17733466619113,1.3373756082064,0.662548533071488));
#11628=CARTESIAN_POINT('',(-2.32733466619113,1.3373756082064,0.558986298533598));
#11629=CARTESIAN_POINT('',(-2.32733466619113,1.3373756082064,0.662548533071488));
#11630=CARTESIAN_POINT('',(-2.32733466619113,1.3373756082064,0.662548533071488));
#11631=CARTESIAN_POINT('',(-2.32733466619113,1.25565883965215,0.662548533071488));
#11632=CARTESIAN_POINT('',(-2.17733466619113,1.25565883965215,0.662548533071488));
#11633=CARTESIAN_POINT('',(-2.17733466619113,1.25565883965215,0.662548533071488));
#11634=CARTESIAN_POINT('',(-2.32733466619113,1.25565883965215,0.662548533071488));
#11635=CARTESIAN_POINT('',(-2.32733466619113,1.25565883965215,0.662548533071488));
#11636=CARTESIAN_POINT('',(-2.32733466619113,1.25565883965215,0.662548533071488));
#11637=CARTESIAN_POINT('',(-2.32733466619113,1.54456050773954,0.406648186640708));
#11638=CARTESIAN_POINT('',(-2.32733466619113,1.25565883965215,0.662548533071488));
#11639=CARTESIAN_POINT('',(-2.32733466619113,1.25565883965215,0.259057623487154));
#11640=CARTESIAN_POINT('',(-2.32733466619113,1.25565883965215,0.259057623487154));
#11641=CARTESIAN_POINT('',(-2.17733466619113,1.54456050773954,0.406648186640708));
#11642=CARTESIAN_POINT('',(-2.17733466619113,1.25565883965215,0.662548533071488));
#11643=CARTESIAN_POINT('',(-2.17733466619113,1.25565883965215,0.259057623487154));
#11644=CARTESIAN_POINT('',(-2.17733466619113,1.25565883965215,0.259057623487154));
#11645=CARTESIAN_POINT('',(-2.67733466619113,-1.54456050773954,0.406648186640708));
#11646=CARTESIAN_POINT('',(-2.67733466619113,-1.54456050773954,0.406648186640708));
#11647=CARTESIAN_POINT('',(-2.67733466619113,-1.44093784274429,0.406648186640708));
#11648=CARTESIAN_POINT('',(-2.67733466619113,-1.54456050773954,0.303025521645455));
#11649=CARTESIAN_POINT('',(-2.67733466619113,-1.54456050773954,0.303025521645455));
#11650=CARTESIAN_POINT('',(-2.67733466619113,-1.9,0.303025521645455));
#11651=CARTESIAN_POINT('',(-2.67733466619113,-1.9,0.303025521645455));
#11652=CARTESIAN_POINT('',(-2.67733466619113,-1.9,5.96311194867027E-16));
#11653=CARTESIAN_POINT('',(-2.67733466619113,-1.9,5.96311194867027E-16));
#11654=CARTESIAN_POINT('',(-2.67733466619113,-1.26665611051934,5.96311194867027E-16));
#11655=CARTESIAN_POINT('',(-2.67733466619113,-1.26665611051934,5.96311194867027E-16));
#11656=CARTESIAN_POINT('',(-2.67733466619113,-1.1476044334132,0.259057623487154));
#11657=CARTESIAN_POINT('',(-2.67733466619113,-1.25565883965215,0.259057623487154));
#11658=CARTESIAN_POINT('',(-2.67733466619113,-1.24279444622358,0.259057623487154));
#11659=CARTESIAN_POINT('',(-2.67733466619113,-1.25565883965215,0.259057623487154));
#11660=CARTESIAN_POINT('',(-2.67733466619113,-1.25565883965215,0.259057623487154));
#11661=CARTESIAN_POINT('',(-2.67733466619113,-1.25565883965215,0.662548533071488));
#11662=CARTESIAN_POINT('',(-2.67733466619113,-1.25565883965215,0.662548533071488));
#11663=CARTESIAN_POINT('',(-2.67733466619113,-1.25565883965215,0.662548533071488));
#11664=CARTESIAN_POINT('',(-2.67733466619113,-1.3373756082064,0.662548533071488));
#11665=CARTESIAN_POINT('',(-2.67733466619113,-1.3373756082064,0.558986298533598));
#11666=CARTESIAN_POINT('',(-2.67733466619113,-1.44093784274429,0.558986298533598));
#11667=CARTESIAN_POINT('',(-2.67733466619113,-1.44093784274429,0.558986298533598));
#11668=CARTESIAN_POINT('',(-2.82733466619113,-1.54456050773954,0.303025521645455));
#11669=CARTESIAN_POINT('',(-2.82733466619113,-1.54456050773954,0.303025521645455));
#11670=CARTESIAN_POINT('',(-2.82733466619113,-1.54456050773954,0.303025521645455));
#11671=CARTESIAN_POINT('',(-2.82733466619113,-1.54456050773954,0.303025521645455));
#11672=CARTESIAN_POINT('',(-2.82733466619113,-1.9,0.303025521645455));
#11673=CARTESIAN_POINT('',(-2.82733466619113,-1.9,0.303025521645455));
#11674=CARTESIAN_POINT('',(-2.82733466619113,-1.9,0.303025521645455));
#11675=CARTESIAN_POINT('',(-2.82733466619113,-1.9,0.303025521645455));
#11676=CARTESIAN_POINT('',(-2.82733466619113,-1.9,5.96311194867027E-16));
#11677=CARTESIAN_POINT('',(-2.82733466619113,-1.9,5.96311194867027E-16));
#11678=CARTESIAN_POINT('',(-2.82733466619113,-1.9,5.96311194867027E-16));
#11679=CARTESIAN_POINT('',(-2.82733466619113,-1.9,5.96311194867027E-16));
#11680=CARTESIAN_POINT('',(-2.82733466619113,-1.26665611051934,5.96311194867027E-16));
#11681=CARTESIAN_POINT('',(-2.82733466619113,-1.26665611051934,5.96311194867027E-16));
#11682=CARTESIAN_POINT('',(-2.82733466619113,-1.26665611051934,5.96311194867027E-16));
#11683=CARTESIAN_POINT('',(-2.82733466619113,-1.26665611051934,5.96311194867027E-16));
#11684=CARTESIAN_POINT('',(-2.82733466619113,-1.1476044334132,0.259057623487154));
#11685=CARTESIAN_POINT('',(-0.4,-1.1476044334132,0.259057623487154));
#11686=CARTESIAN_POINT('',(-2.82733466619113,-1.25565883965215,0.259057623487154));
#11687=CARTESIAN_POINT('',(-0.4,-1.24279444622358,0.259057623487154));
#11688=CARTESIAN_POINT('',(-2.82733466619113,-1.24279444622358,0.259057623487154));
#11689=CARTESIAN_POINT('',(-2.82733466619113,-1.25565883965215,0.259057623487154));
#11690=CARTESIAN_POINT('',(-2.82733466619113,-1.25565883965215,0.259057623487154));
#11691=CARTESIAN_POINT('',(-2.82733466619113,-1.25565883965215,0.259057623487154));
#11692=CARTESIAN_POINT('',(-2.82733466619113,-1.25565883965215,0.662548533071488));
#11693=CARTESIAN_POINT('',(-2.82733466619113,-1.25565883965215,0.662548533071488));
#11694=CARTESIAN_POINT('',(-2.82733466619113,-1.25565883965215,0.662548533071488));
#11695=CARTESIAN_POINT('',(-2.82733466619113,-1.25565883965215,0.662548533071488));
#11696=CARTESIAN_POINT('',(-2.82733466619113,-1.25565883965215,0.662548533071488));
#11697=CARTESIAN_POINT('',(-2.82733466619113,-1.25565883965215,0.662548533071488));
#11698=CARTESIAN_POINT('',(-2.82733466619113,-1.3373756082064,0.662548533071488));
#11699=CARTESIAN_POINT('',(-2.82733466619113,-1.3373756082064,0.662548533071488));
#11700=CARTESIAN_POINT('',(-2.82733466619113,-1.3373756082064,0.558986298533598));
#11701=CARTESIAN_POINT('',(-2.82733466619113,-1.3373756082064,0.558986298533598));
#11702=CARTESIAN_POINT('',(-2.82733466619113,-1.44093784274429,0.558986298533598));
#11703=CARTESIAN_POINT('',(-2.82733466619113,-1.44093784274429,0.558986298533598));
#11704=CARTESIAN_POINT('',(-2.82733466619113,-1.44093784274429,0.558986298533598));
#11705=CARTESIAN_POINT('',(-2.82733466619113,-1.44093784274429,0.558986298533598));
#11706=CARTESIAN_POINT('',(-2.82733466619113,-1.44093784274429,0.406648186640708));
#11707=CARTESIAN_POINT('',(-2.82733466619113,-1.44093784274429,0.406648186640708));
#11708=CARTESIAN_POINT('',(-2.82733466619113,-1.54456050773954,0.406648186640708));
#11709=CARTESIAN_POINT('',(-2.82733466619113,-1.54456050773954,0.406648186640708));
#11710=CARTESIAN_POINT('',(-2.82733466619113,-1.54456050773954,0.406648186640708));
#11711=CARTESIAN_POINT('',(-2.82733466619113,-1.25565883965215,0.259057623487154));
#11712=CARTESIAN_POINT('',(-1.32733466619113,1.26665611051934,4.87890977618477E-16));
#11713=CARTESIAN_POINT('',(-1.17733466619113,1.26665611051934,4.87890977618477E-16));
#11714=CARTESIAN_POINT('',(-1.17733466619113,1.1476044334132,0.259057623487154));
#11715=CARTESIAN_POINT('',(-1.17733466619113,1.26665611051934,4.87890977618477E-16));
#11716=CARTESIAN_POINT('',(-1.32733466619113,1.1476044334132,0.259057623487154));
#11717=CARTESIAN_POINT('',(-1.32733466619113,1.1476044334132,0.259057623487154));
#11718=CARTESIAN_POINT('',(-1.32733466619113,1.26665611051934,4.87890977618477E-16));
#11719=CARTESIAN_POINT('',(-1.32733466619113,1.26665611051934,4.87890977618477E-16));
#11720=CARTESIAN_POINT('',(-1.32733466619113,1.26665611051934,4.87890977618477E-16));
#11721=CARTESIAN_POINT('',(-1.32733466619113,1.9,4.87890977618477E-16));
#11722=CARTESIAN_POINT('',(-1.17733466619113,1.9,4.87890977618477E-16));
#11723=CARTESIAN_POINT('',(-1.17733466619113,1.9,4.87890977618477E-16));
#11724=CARTESIAN_POINT('',(-1.32733466619113,1.9,4.87890977618477E-16));
#11725=CARTESIAN_POINT('',(-1.32733466619113,1.9,4.87890977618477E-16));
#11726=CARTESIAN_POINT('',(-1.32733466619113,1.9,4.87890977618477E-16));
#11727=CARTESIAN_POINT('',(-1.32733466619113,1.9,0.303025521645455));
#11728=CARTESIAN_POINT('',(-1.17733466619113,1.9,0.303025521645455));
#11729=CARTESIAN_POINT('',(-1.17733466619113,1.9,0.303025521645455));
#11730=CARTESIAN_POINT('',(-1.32733466619113,1.9,0.303025521645455));
#11731=CARTESIAN_POINT('',(-1.32733466619113,1.9,0.303025521645455));
#11732=CARTESIAN_POINT('',(-1.32733466619113,1.9,0.303025521645455));
#11733=CARTESIAN_POINT('',(-1.32733466619113,1.54456050773954,0.303025521645455));
#11734=CARTESIAN_POINT('',(-1.17733466619113,1.54456050773954,0.303025521645455));
#11735=CARTESIAN_POINT('',(-1.17733466619113,1.54456050773954,0.303025521645455));
#11736=CARTESIAN_POINT('',(-1.32733466619113,1.54456050773954,0.303025521645455));
#11737=CARTESIAN_POINT('',(-1.32733466619113,1.54456050773954,0.303025521645455));
#11738=CARTESIAN_POINT('',(-1.32733466619113,1.54456050773954,0.303025521645455));
#11739=CARTESIAN_POINT('',(-1.32733466619113,1.54456050773954,0.406648186640708));
#11740=CARTESIAN_POINT('',(-1.17733466619113,1.54456050773954,0.406648186640708));
#11741=CARTESIAN_POINT('',(-1.17733466619113,1.44093784274429,0.406648186640708));
#11742=CARTESIAN_POINT('',(-1.32733466619113,1.54456050773954,0.406648186640708));
#11743=CARTESIAN_POINT('',(-1.32733466619113,1.44093784274429,0.406648186640708));
#11744=CARTESIAN_POINT('',(-1.32733466619113,1.44093784274429,0.406648186640708));
#11745=CARTESIAN_POINT('',(-1.32733466619113,1.44093784274429,0.558986298533598));
#11746=CARTESIAN_POINT('',(-1.17733466619113,1.44093784274429,0.558986298533598));
#11747=CARTESIAN_POINT('',(-1.17733466619113,1.44093784274429,0.558986298533598));
#11748=CARTESIAN_POINT('',(-1.32733466619113,1.44093784274429,0.558986298533598));
#11749=CARTESIAN_POINT('',(-1.32733466619113,1.44093784274429,0.558986298533598));
#11750=CARTESIAN_POINT('',(-1.32733466619113,1.44093784274429,0.558986298533598));
#11751=CARTESIAN_POINT('',(-1.32733466619113,1.3373756082064,0.558986298533598));
#11752=CARTESIAN_POINT('',(-1.17733466619113,1.3373756082064,0.558986298533598));
#11753=CARTESIAN_POINT('',(-1.17733466619113,1.3373756082064,0.662548533071488));
#11754=CARTESIAN_POINT('',(-1.32733466619113,1.3373756082064,0.558986298533598));
#11755=CARTESIAN_POINT('',(-1.32733466619113,1.3373756082064,0.662548533071488));
#11756=CARTESIAN_POINT('',(-1.32733466619113,1.3373756082064,0.662548533071488));
#11757=CARTESIAN_POINT('',(-1.32733466619113,1.25565883965215,0.662548533071488));
#11758=CARTESIAN_POINT('',(-1.17733466619113,1.25565883965215,0.662548533071488));
#11759=CARTESIAN_POINT('',(-1.17733466619113,1.25565883965215,0.662548533071488));
#11760=CARTESIAN_POINT('',(-1.32733466619113,1.25565883965215,0.662548533071488));
#11761=CARTESIAN_POINT('',(-1.32733466619113,1.25565883965215,0.662548533071488));
#11762=CARTESIAN_POINT('',(-1.32733466619113,1.25565883965215,0.662548533071488));
#11763=CARTESIAN_POINT('',(-1.32733466619113,1.54456050773954,0.406648186640708));
#11764=CARTESIAN_POINT('',(-1.32733466619113,1.25565883965215,0.662548533071488));
#11765=CARTESIAN_POINT('',(-1.32733466619113,1.25565883965215,0.259057623487154));
#11766=CARTESIAN_POINT('',(-1.32733466619113,1.25565883965215,0.259057623487154));
#11767=CARTESIAN_POINT('',(-1.17733466619113,1.54456050773954,0.406648186640708));
#11768=CARTESIAN_POINT('',(-1.17733466619113,1.25565883965215,0.662548533071488));
#11769=CARTESIAN_POINT('',(-1.17733466619113,1.25565883965215,0.259057623487154));
#11770=CARTESIAN_POINT('',(-1.17733466619113,1.25565883965215,0.259057623487154));
#11771=CARTESIAN_POINT('',(-1.67733466619113,-1.54456050773954,0.406648186640708));
#11772=CARTESIAN_POINT('',(-1.67733466619113,-1.54456050773954,0.406648186640708));
#11773=CARTESIAN_POINT('',(-1.67733466619113,-1.44093784274429,0.406648186640708));
#11774=CARTESIAN_POINT('',(-1.67733466619113,-1.54456050773954,0.303025521645455));
#11775=CARTESIAN_POINT('',(-1.67733466619113,-1.54456050773954,0.303025521645455));
#11776=CARTESIAN_POINT('',(-1.67733466619113,-1.9,0.303025521645455));
#11777=CARTESIAN_POINT('',(-1.67733466619113,-1.9,0.303025521645455));
#11778=CARTESIAN_POINT('',(-1.67733466619113,-1.9,4.87890977618477E-16));
#11779=CARTESIAN_POINT('',(-1.67733466619113,-1.9,4.87890977618477E-16));
#11780=CARTESIAN_POINT('',(-1.67733466619113,-1.26665611051934,4.87890977618477E-16));
#11781=CARTESIAN_POINT('',(-1.67733466619113,-1.26665611051934,4.87890977618477E-16));
#11782=CARTESIAN_POINT('',(-1.67733466619113,-1.1476044334132,0.259057623487153));
#11783=CARTESIAN_POINT('',(-1.67733466619113,-1.25565883965215,0.259057623487154));
#11784=CARTESIAN_POINT('',(-1.67733466619113,-1.24279444622358,0.259057623487153));
#11785=CARTESIAN_POINT('',(-1.67733466619113,-1.25565883965215,0.259057623487154));
#11786=CARTESIAN_POINT('',(-1.67733466619113,-1.25565883965215,0.259057623487154));
#11787=CARTESIAN_POINT('',(-1.67733466619113,-1.25565883965215,0.662548533071488));
#11788=CARTESIAN_POINT('',(-1.67733466619113,-1.25565883965215,0.662548533071488));
#11789=CARTESIAN_POINT('',(-1.67733466619113,-1.25565883965215,0.662548533071488));
#11790=CARTESIAN_POINT('',(-1.67733466619113,-1.3373756082064,0.662548533071488));
#11791=CARTESIAN_POINT('',(-1.67733466619113,-1.3373756082064,0.558986298533598));
#11792=CARTESIAN_POINT('',(-1.67733466619113,-1.44093784274429,0.558986298533598));
#11793=CARTESIAN_POINT('',(-1.67733466619113,-1.44093784274429,0.558986298533598));
#11794=CARTESIAN_POINT('',(-1.82733466619113,-1.54456050773954,0.303025521645455));
#11795=CARTESIAN_POINT('',(-1.82733466619113,-1.54456050773954,0.303025521645455));
#11796=CARTESIAN_POINT('',(-1.82733466619113,-1.54456050773954,0.303025521645455));
#11797=CARTESIAN_POINT('',(-1.82733466619113,-1.54456050773954,0.303025521645455));
#11798=CARTESIAN_POINT('',(-1.82733466619113,-1.9,0.303025521645455));
#11799=CARTESIAN_POINT('',(-1.82733466619113,-1.9,0.303025521645455));
#11800=CARTESIAN_POINT('',(-1.82733466619113,-1.9,0.303025521645455));
#11801=CARTESIAN_POINT('',(-1.82733466619113,-1.9,0.303025521645455));
#11802=CARTESIAN_POINT('',(-1.82733466619113,-1.9,4.87890977618477E-16));
#11803=CARTESIAN_POINT('',(-1.82733466619113,-1.9,4.87890977618477E-16));
#11804=CARTESIAN_POINT('',(-1.82733466619113,-1.9,4.87890977618477E-16));
#11805=CARTESIAN_POINT('',(-1.82733466619113,-1.9,4.87890977618477E-16));
#11806=CARTESIAN_POINT('',(-1.82733466619113,-1.26665611051934,4.87890977618477E-16));
#11807=CARTESIAN_POINT('',(-1.82733466619113,-1.26665611051934,4.87890977618477E-16));
#11808=CARTESIAN_POINT('',(-1.82733466619113,-1.26665611051934,4.87890977618477E-16));
#11809=CARTESIAN_POINT('',(-1.82733466619113,-1.26665611051934,4.87890977618477E-16));
#11810=CARTESIAN_POINT('',(-1.82733466619113,-1.1476044334132,0.259057623487153));
#11811=CARTESIAN_POINT('',(0.6,-1.1476044334132,0.259057623487153));
#11812=CARTESIAN_POINT('',(-1.82733466619113,-1.25565883965215,0.259057623487154));
#11813=CARTESIAN_POINT('',(0.6,-1.24279444622358,0.259057623487153));
#11814=CARTESIAN_POINT('',(-1.82733466619113,-1.24279444622358,0.259057623487153));
#11815=CARTESIAN_POINT('',(-1.82733466619113,-1.25565883965215,0.259057623487154));
#11816=CARTESIAN_POINT('',(-1.82733466619113,-1.25565883965215,0.259057623487154));
#11817=CARTESIAN_POINT('',(-1.82733466619113,-1.25565883965215,0.259057623487154));
#11818=CARTESIAN_POINT('',(-1.82733466619113,-1.25565883965215,0.662548533071488));
#11819=CARTESIAN_POINT('',(-1.82733466619113,-1.25565883965215,0.662548533071488));
#11820=CARTESIAN_POINT('',(-1.82733466619113,-1.25565883965215,0.662548533071488));
#11821=CARTESIAN_POINT('',(-1.82733466619113,-1.25565883965215,0.662548533071488));
#11822=CARTESIAN_POINT('',(-1.82733466619113,-1.25565883965215,0.662548533071488));
#11823=CARTESIAN_POINT('',(-1.82733466619113,-1.25565883965215,0.662548533071488));
#11824=CARTESIAN_POINT('',(-1.82733466619113,-1.3373756082064,0.662548533071488));
#11825=CARTESIAN_POINT('',(-1.82733466619113,-1.3373756082064,0.662548533071488));
#11826=CARTESIAN_POINT('',(-1.82733466619113,-1.3373756082064,0.558986298533598));
#11827=CARTESIAN_POINT('',(-1.82733466619113,-1.3373756082064,0.558986298533598));
#11828=CARTESIAN_POINT('',(-1.82733466619113,-1.44093784274429,0.558986298533598));
#11829=CARTESIAN_POINT('',(-1.82733466619113,-1.44093784274429,0.558986298533598));
#11830=CARTESIAN_POINT('',(-1.82733466619113,-1.44093784274429,0.558986298533598));
#11831=CARTESIAN_POINT('',(-1.82733466619113,-1.44093784274429,0.558986298533598));
#11832=CARTESIAN_POINT('',(-1.82733466619113,-1.44093784274429,0.406648186640708));
#11833=CARTESIAN_POINT('',(-1.82733466619113,-1.44093784274429,0.406648186640708));
#11834=CARTESIAN_POINT('',(-1.82733466619113,-1.54456050773954,0.406648186640708));
#11835=CARTESIAN_POINT('',(-1.82733466619113,-1.54456050773954,0.406648186640708));
#11836=CARTESIAN_POINT('',(-1.82733466619113,-1.54456050773954,0.406648186640708));
#11837=CARTESIAN_POINT('',(-1.82733466619113,-1.25565883965215,0.259057623487154));
#11838=CARTESIAN_POINT('',(-0.327334666191131,1.26665611051934,3.79470760369927E-16));
#11839=CARTESIAN_POINT('',(-0.177334666191131,1.26665611051934,3.79470760369927E-16));
#11840=CARTESIAN_POINT('',(-0.177334666191131,1.1476044334132,0.259057623487153));
#11841=CARTESIAN_POINT('',(-0.177334666191131,1.26665611051934,3.79470760369927E-16));
#11842=CARTESIAN_POINT('',(-0.327334666191131,1.1476044334132,0.259057623487153));
#11843=CARTESIAN_POINT('',(-0.327334666191131,1.1476044334132,0.259057623487153));
#11844=CARTESIAN_POINT('',(-0.327334666191131,1.26665611051934,3.79470760369927E-16));
#11845=CARTESIAN_POINT('',(-0.327334666191131,1.26665611051934,3.79470760369927E-16));
#11846=CARTESIAN_POINT('',(-0.327334666191131,1.26665611051934,3.79470760369927E-16));
#11847=CARTESIAN_POINT('',(-0.327334666191131,1.9,3.79470760369927E-16));
#11848=CARTESIAN_POINT('',(-0.177334666191131,1.9,3.79470760369927E-16));
#11849=CARTESIAN_POINT('',(-0.177334666191131,1.9,3.79470760369927E-16));
#11850=CARTESIAN_POINT('',(-0.327334666191131,1.9,3.79470760369927E-16));
#11851=CARTESIAN_POINT('',(-0.327334666191131,1.9,3.79470760369927E-16));
#11852=CARTESIAN_POINT('',(-0.327334666191131,1.9,3.79470760369927E-16));
#11853=CARTESIAN_POINT('',(-0.327334666191131,1.9,0.303025521645455));
#11854=CARTESIAN_POINT('',(-0.177334666191131,1.9,0.303025521645455));
#11855=CARTESIAN_POINT('',(-0.177334666191131,1.9,0.303025521645455));
#11856=CARTESIAN_POINT('',(-0.327334666191131,1.9,0.303025521645455));
#11857=CARTESIAN_POINT('',(-0.327334666191131,1.9,0.303025521645455));
#11858=CARTESIAN_POINT('',(-0.327334666191131,1.9,0.303025521645455));
#11859=CARTESIAN_POINT('',(-0.327334666191131,1.54456050773954,0.303025521645455));
#11860=CARTESIAN_POINT('',(-0.177334666191131,1.54456050773954,0.303025521645455));
#11861=CARTESIAN_POINT('',(-0.177334666191131,1.54456050773954,0.303025521645455));
#11862=CARTESIAN_POINT('',(-0.327334666191131,1.54456050773954,0.303025521645455));
#11863=CARTESIAN_POINT('',(-0.327334666191131,1.54456050773954,0.303025521645455));
#11864=CARTESIAN_POINT('',(-0.327334666191131,1.54456050773954,0.303025521645455));
#11865=CARTESIAN_POINT('',(-0.327334666191131,1.54456050773954,0.406648186640708));
#11866=CARTESIAN_POINT('',(-0.177334666191131,1.54456050773954,0.406648186640708));
#11867=CARTESIAN_POINT('',(-0.177334666191131,1.44093784274429,0.406648186640708));
#11868=CARTESIAN_POINT('',(-0.327334666191131,1.54456050773954,0.406648186640708));
#11869=CARTESIAN_POINT('',(-0.327334666191131,1.44093784274429,0.406648186640708));
#11870=CARTESIAN_POINT('',(-0.327334666191131,1.44093784274429,0.406648186640708));
#11871=CARTESIAN_POINT('',(-0.327334666191131,1.44093784274429,0.558986298533598));
#11872=CARTESIAN_POINT('',(-0.177334666191131,1.44093784274429,0.558986298533598));
#11873=CARTESIAN_POINT('',(-0.177334666191131,1.44093784274429,0.558986298533598));
#11874=CARTESIAN_POINT('',(-0.327334666191131,1.44093784274429,0.558986298533598));
#11875=CARTESIAN_POINT('',(-0.327334666191131,1.44093784274429,0.558986298533598));
#11876=CARTESIAN_POINT('',(-0.327334666191131,1.44093784274429,0.558986298533598));
#11877=CARTESIAN_POINT('',(-0.327334666191131,1.3373756082064,0.558986298533598));
#11878=CARTESIAN_POINT('',(-0.177334666191131,1.3373756082064,0.558986298533598));
#11879=CARTESIAN_POINT('',(-0.177334666191131,1.3373756082064,0.662548533071488));
#11880=CARTESIAN_POINT('',(-0.327334666191131,1.3373756082064,0.558986298533598));
#11881=CARTESIAN_POINT('',(-0.327334666191131,1.3373756082064,0.662548533071488));
#11882=CARTESIAN_POINT('',(-0.327334666191131,1.3373756082064,0.662548533071488));
#11883=CARTESIAN_POINT('',(-0.327334666191131,1.25565883965215,0.662548533071488));
#11884=CARTESIAN_POINT('',(-0.177334666191131,1.25565883965215,0.662548533071488));
#11885=CARTESIAN_POINT('',(-0.177334666191131,1.25565883965215,0.662548533071488));
#11886=CARTESIAN_POINT('',(-0.327334666191131,1.25565883965215,0.662548533071488));
#11887=CARTESIAN_POINT('',(-0.327334666191131,1.25565883965215,0.662548533071488));
#11888=CARTESIAN_POINT('',(-0.327334666191131,1.25565883965215,0.662548533071488));
#11889=CARTESIAN_POINT('',(-0.327334666191131,1.54456050773954,0.406648186640708));
#11890=CARTESIAN_POINT('',(-0.327334666191131,1.25565883965215,0.662548533071488));
#11891=CARTESIAN_POINT('',(-0.327334666191131,1.25565883965215,0.259057623487153));
#11892=CARTESIAN_POINT('',(-0.327334666191131,1.25565883965215,0.259057623487153));
#11893=CARTESIAN_POINT('',(-0.177334666191131,1.54456050773954,0.406648186640708));
#11894=CARTESIAN_POINT('',(-0.177334666191131,1.25565883965215,0.662548533071488));
#11895=CARTESIAN_POINT('',(-0.177334666191131,1.25565883965215,0.259057623487153));
#11896=CARTESIAN_POINT('',(-0.177334666191131,1.25565883965215,0.259057623487153));
#11897=CARTESIAN_POINT('',(-0.677334666191131,-1.54456050773954,0.406648186640708));
#11898=CARTESIAN_POINT('',(-0.677334666191131,-1.54456050773954,0.406648186640708));
#11899=CARTESIAN_POINT('',(-0.677334666191131,-1.44093784274429,0.406648186640708));
#11900=CARTESIAN_POINT('',(-0.677334666191131,-1.54456050773954,0.303025521645455));
#11901=CARTESIAN_POINT('',(-0.677334666191131,-1.54456050773954,0.303025521645455));
#11902=CARTESIAN_POINT('',(-0.677334666191131,-1.9,0.303025521645455));
#11903=CARTESIAN_POINT('',(-0.677334666191131,-1.9,0.303025521645455));
#11904=CARTESIAN_POINT('',(-0.677334666191131,-1.9,3.79470760369927E-16));
#11905=CARTESIAN_POINT('',(-0.677334666191131,-1.9,3.79470760369927E-16));
#11906=CARTESIAN_POINT('',(-0.677334666191131,-1.26665611051934,3.79470760369927E-16));
#11907=CARTESIAN_POINT('',(-0.677334666191131,-1.26665611051934,3.79470760369927E-16));
#11908=CARTESIAN_POINT('',(-0.677334666191131,-1.1476044334132,0.259057623487153));
#11909=CARTESIAN_POINT('',(-0.677334666191131,-1.25565883965215,0.259057623487153));
#11910=CARTESIAN_POINT('',(-0.677334666191131,-1.24279444622358,0.259057623487153));
#11911=CARTESIAN_POINT('',(-0.677334666191131,-1.25565883965215,0.259057623487153));
#11912=CARTESIAN_POINT('',(-0.677334666191131,-1.25565883965215,0.259057623487153));
#11913=CARTESIAN_POINT('',(-0.677334666191131,-1.25565883965215,0.662548533071488));
#11914=CARTESIAN_POINT('',(-0.677334666191131,-1.25565883965215,0.662548533071488));
#11915=CARTESIAN_POINT('',(-0.677334666191131,-1.25565883965215,0.662548533071488));
#11916=CARTESIAN_POINT('',(-0.677334666191131,-1.3373756082064,0.662548533071488));
#11917=CARTESIAN_POINT('',(-0.677334666191131,-1.3373756082064,0.558986298533598));
#11918=CARTESIAN_POINT('',(-0.677334666191131,-1.44093784274429,0.558986298533598));
#11919=CARTESIAN_POINT('',(-0.677334666191131,-1.44093784274429,0.558986298533598));
#11920=CARTESIAN_POINT('',(-0.827334666191131,-1.54456050773954,0.303025521645455));
#11921=CARTESIAN_POINT('',(-0.827334666191131,-1.54456050773954,0.303025521645455));
#11922=CARTESIAN_POINT('',(-0.827334666191131,-1.54456050773954,0.303025521645455));
#11923=CARTESIAN_POINT('',(-0.827334666191131,-1.54456050773954,0.303025521645455));
#11924=CARTESIAN_POINT('',(-0.827334666191131,-1.9,0.303025521645455));
#11925=CARTESIAN_POINT('',(-0.827334666191131,-1.9,0.303025521645455));
#11926=CARTESIAN_POINT('',(-0.827334666191131,-1.9,0.303025521645455));
#11927=CARTESIAN_POINT('',(-0.827334666191131,-1.9,0.303025521645455));
#11928=CARTESIAN_POINT('',(-0.827334666191131,-1.9,3.79470760369927E-16));
#11929=CARTESIAN_POINT('',(-0.827334666191131,-1.9,3.79470760369927E-16));
#11930=CARTESIAN_POINT('',(-0.827334666191131,-1.9,3.79470760369927E-16));
#11931=CARTESIAN_POINT('',(-0.827334666191131,-1.9,3.79470760369927E-16));
#11932=CARTESIAN_POINT('',(-0.827334666191131,-1.26665611051934,3.79470760369927E-16));
#11933=CARTESIAN_POINT('',(-0.827334666191131,-1.26665611051934,3.79470760369927E-16));
#11934=CARTESIAN_POINT('',(-0.827334666191131,-1.26665611051934,3.79470760369927E-16));
#11935=CARTESIAN_POINT('',(-0.827334666191131,-1.26665611051934,3.79470760369927E-16));
#11936=CARTESIAN_POINT('',(-0.827334666191131,-1.1476044334132,0.259057623487153));
#11937=CARTESIAN_POINT('',(1.6,-1.1476044334132,0.259057623487153));
#11938=CARTESIAN_POINT('',(-0.827334666191131,-1.25565883965215,0.259057623487153));
#11939=CARTESIAN_POINT('',(1.6,-1.24279444622358,0.259057623487153));
#11940=CARTESIAN_POINT('',(-0.827334666191131,-1.24279444622358,0.259057623487153));
#11941=CARTESIAN_POINT('',(-0.827334666191131,-1.25565883965215,0.259057623487153));
#11942=CARTESIAN_POINT('',(-0.827334666191131,-1.25565883965215,0.259057623487153));
#11943=CARTESIAN_POINT('',(-0.827334666191131,-1.25565883965215,0.259057623487153));
#11944=CARTESIAN_POINT('',(-0.827334666191131,-1.25565883965215,0.662548533071488));
#11945=CARTESIAN_POINT('',(-0.827334666191131,-1.25565883965215,0.662548533071488));
#11946=CARTESIAN_POINT('',(-0.827334666191131,-1.25565883965215,0.662548533071488));
#11947=CARTESIAN_POINT('',(-0.827334666191131,-1.25565883965215,0.662548533071488));
#11948=CARTESIAN_POINT('',(-0.827334666191131,-1.25565883965215,0.662548533071488));
#11949=CARTESIAN_POINT('',(-0.827334666191131,-1.25565883965215,0.662548533071488));
#11950=CARTESIAN_POINT('',(-0.827334666191131,-1.3373756082064,0.662548533071488));
#11951=CARTESIAN_POINT('',(-0.827334666191131,-1.3373756082064,0.662548533071488));
#11952=CARTESIAN_POINT('',(-0.827334666191131,-1.3373756082064,0.558986298533598));
#11953=CARTESIAN_POINT('',(-0.827334666191131,-1.3373756082064,0.558986298533598));
#11954=CARTESIAN_POINT('',(-0.827334666191131,-1.44093784274429,0.558986298533598));
#11955=CARTESIAN_POINT('',(-0.827334666191131,-1.44093784274429,0.558986298533598));
#11956=CARTESIAN_POINT('',(-0.827334666191131,-1.44093784274429,0.558986298533598));
#11957=CARTESIAN_POINT('',(-0.827334666191131,-1.44093784274429,0.558986298533598));
#11958=CARTESIAN_POINT('',(-0.827334666191131,-1.44093784274429,0.406648186640708));
#11959=CARTESIAN_POINT('',(-0.827334666191131,-1.44093784274429,0.406648186640708));
#11960=CARTESIAN_POINT('',(-0.827334666191131,-1.54456050773954,0.406648186640708));
#11961=CARTESIAN_POINT('',(-0.827334666191131,-1.54456050773954,0.406648186640708));
#11962=CARTESIAN_POINT('',(-0.827334666191131,-1.54456050773954,0.406648186640708));
#11963=CARTESIAN_POINT('',(-0.827334666191131,-1.25565883965215,0.259057623487153));
#11964=CARTESIAN_POINT('',(0.672665333808869,1.26665611051934,2.71050543121376E-16));
#11965=CARTESIAN_POINT('',(0.822665333808869,1.26665611051934,2.71050543121376E-16));
#11966=CARTESIAN_POINT('',(0.822665333808869,1.1476044334132,0.259057623487153));
#11967=CARTESIAN_POINT('',(0.822665333808869,1.26665611051934,2.71050543121376E-16));
#11968=CARTESIAN_POINT('',(0.672665333808869,1.1476044334132,0.259057623487153));
#11969=CARTESIAN_POINT('',(0.672665333808869,1.1476044334132,0.259057623487153));
#11970=CARTESIAN_POINT('',(0.672665333808869,1.26665611051934,2.71050543121376E-16));
#11971=CARTESIAN_POINT('',(0.672665333808869,1.26665611051934,2.71050543121376E-16));
#11972=CARTESIAN_POINT('',(0.672665333808869,1.26665611051934,2.71050543121376E-16));
#11973=CARTESIAN_POINT('',(0.672665333808869,1.9,2.71050543121376E-16));
#11974=CARTESIAN_POINT('',(0.822665333808869,1.9,2.71050543121376E-16));
#11975=CARTESIAN_POINT('',(0.822665333808869,1.9,2.71050543121376E-16));
#11976=CARTESIAN_POINT('',(0.672665333808869,1.9,2.71050543121376E-16));
#11977=CARTESIAN_POINT('',(0.672665333808869,1.9,2.71050543121376E-16));
#11978=CARTESIAN_POINT('',(0.672665333808869,1.9,2.71050543121376E-16));
#11979=CARTESIAN_POINT('',(0.672665333808869,1.9,0.303025521645455));
#11980=CARTESIAN_POINT('',(0.822665333808869,1.9,0.303025521645455));
#11981=CARTESIAN_POINT('',(0.822665333808869,1.9,0.303025521645455));
#11982=CARTESIAN_POINT('',(0.672665333808869,1.9,0.303025521645455));
#11983=CARTESIAN_POINT('',(0.672665333808869,1.9,0.303025521645455));
#11984=CARTESIAN_POINT('',(0.672665333808869,1.9,0.303025521645455));
#11985=CARTESIAN_POINT('',(0.672665333808869,1.54456050773954,0.303025521645455));
#11986=CARTESIAN_POINT('',(0.822665333808869,1.54456050773954,0.303025521645455));
#11987=CARTESIAN_POINT('',(0.822665333808869,1.54456050773954,0.303025521645455));
#11988=CARTESIAN_POINT('',(0.672665333808869,1.54456050773954,0.303025521645455));
#11989=CARTESIAN_POINT('',(0.672665333808869,1.54456050773954,0.303025521645455));
#11990=CARTESIAN_POINT('',(0.672665333808869,1.54456050773954,0.303025521645455));
#11991=CARTESIAN_POINT('',(0.672665333808869,1.54456050773954,0.406648186640708));
#11992=CARTESIAN_POINT('',(0.822665333808869,1.54456050773954,0.406648186640708));
#11993=CARTESIAN_POINT('',(0.822665333808869,1.44093784274429,0.406648186640708));
#11994=CARTESIAN_POINT('',(0.672665333808869,1.54456050773954,0.406648186640708));
#11995=CARTESIAN_POINT('',(0.672665333808869,1.44093784274429,0.406648186640708));
#11996=CARTESIAN_POINT('',(0.672665333808869,1.44093784274429,0.406648186640708));
#11997=CARTESIAN_POINT('',(0.672665333808869,1.44093784274429,0.558986298533597));
#11998=CARTESIAN_POINT('',(0.822665333808869,1.44093784274429,0.558986298533597));
#11999=CARTESIAN_POINT('',(0.822665333808869,1.44093784274429,0.558986298533597));
#12000=CARTESIAN_POINT('',(0.672665333808869,1.44093784274429,0.558986298533597));
#12001=CARTESIAN_POINT('',(0.672665333808869,1.44093784274429,0.558986298533597));
#12002=CARTESIAN_POINT('',(0.672665333808869,1.44093784274429,0.558986298533597));
#12003=CARTESIAN_POINT('',(0.672665333808869,1.3373756082064,0.558986298533597));
#12004=CARTESIAN_POINT('',(0.822665333808869,1.3373756082064,0.558986298533597));
#12005=CARTESIAN_POINT('',(0.822665333808869,1.3373756082064,0.662548533071488));
#12006=CARTESIAN_POINT('',(0.672665333808869,1.3373756082064,0.558986298533597));
#12007=CARTESIAN_POINT('',(0.672665333808869,1.3373756082064,0.662548533071488));
#12008=CARTESIAN_POINT('',(0.672665333808869,1.3373756082064,0.662548533071488));
#12009=CARTESIAN_POINT('',(0.672665333808869,1.25565883965215,0.662548533071488));
#12010=CARTESIAN_POINT('',(0.822665333808869,1.25565883965215,0.662548533071488));
#12011=CARTESIAN_POINT('',(0.822665333808869,1.25565883965215,0.662548533071488));
#12012=CARTESIAN_POINT('',(0.672665333808869,1.25565883965215,0.662548533071488));
#12013=CARTESIAN_POINT('',(0.672665333808869,1.25565883965215,0.662548533071488));
#12014=CARTESIAN_POINT('',(0.672665333808869,1.25565883965215,0.662548533071488));
#12015=CARTESIAN_POINT('',(0.672665333808869,1.54456050773954,0.406648186640708));
#12016=CARTESIAN_POINT('',(0.672665333808869,1.25565883965215,0.662548533071488));
#12017=CARTESIAN_POINT('',(0.672665333808869,1.25565883965215,0.259057623487153));
#12018=CARTESIAN_POINT('',(0.672665333808869,1.25565883965215,0.259057623487153));
#12019=CARTESIAN_POINT('',(0.822665333808869,1.54456050773954,0.406648186640708));
#12020=CARTESIAN_POINT('',(0.822665333808869,1.25565883965215,0.662548533071488));
#12021=CARTESIAN_POINT('',(0.822665333808869,1.25565883965215,0.259057623487153));
#12022=CARTESIAN_POINT('',(0.822665333808869,1.25565883965215,0.259057623487153));
#12023=CARTESIAN_POINT('',(0.322665333808869,-1.54456050773954,0.406648186640708));
#12024=CARTESIAN_POINT('',(0.322665333808869,-1.54456050773954,0.406648186640708));
#12025=CARTESIAN_POINT('',(0.322665333808869,-1.44093784274429,0.406648186640708));
#12026=CARTESIAN_POINT('',(0.322665333808869,-1.54456050773954,0.303025521645455));
#12027=CARTESIAN_POINT('',(0.322665333808869,-1.54456050773954,0.303025521645455));
#12028=CARTESIAN_POINT('',(0.322665333808869,-1.9,0.303025521645455));
#12029=CARTESIAN_POINT('',(0.322665333808869,-1.9,0.303025521645455));
#12030=CARTESIAN_POINT('',(0.322665333808869,-1.9,2.71050543121376E-16));
#12031=CARTESIAN_POINT('',(0.322665333808869,-1.9,2.71050543121376E-16));
#12032=CARTESIAN_POINT('',(0.322665333808869,-1.26665611051934,2.71050543121376E-16));
#12033=CARTESIAN_POINT('',(0.322665333808869,-1.26665611051934,2.71050543121376E-16));
#12034=CARTESIAN_POINT('',(0.322665333808869,-1.1476044334132,0.259057623487153));
#12035=CARTESIAN_POINT('',(0.322665333808869,-1.25565883965215,0.259057623487153));
#12036=CARTESIAN_POINT('',(0.322665333808869,-1.24279444622358,0.259057623487153));
#12037=CARTESIAN_POINT('',(0.322665333808869,-1.25565883965215,0.259057623487153));
#12038=CARTESIAN_POINT('',(0.322665333808869,-1.25565883965215,0.259057623487153));
#12039=CARTESIAN_POINT('',(0.322665333808869,-1.25565883965215,0.662548533071488));
#12040=CARTESIAN_POINT('',(0.322665333808869,-1.25565883965215,0.662548533071488));
#12041=CARTESIAN_POINT('',(0.322665333808869,-1.25565883965215,0.662548533071488));
#12042=CARTESIAN_POINT('',(0.322665333808869,-1.3373756082064,0.662548533071488));
#12043=CARTESIAN_POINT('',(0.322665333808869,-1.3373756082064,0.558986298533597));
#12044=CARTESIAN_POINT('',(0.322665333808869,-1.44093784274429,0.558986298533597));
#12045=CARTESIAN_POINT('',(0.322665333808869,-1.44093784274429,0.558986298533597));
#12046=CARTESIAN_POINT('',(0.172665333808869,-1.54456050773954,0.303025521645455));
#12047=CARTESIAN_POINT('',(0.172665333808869,-1.54456050773954,0.303025521645455));
#12048=CARTESIAN_POINT('',(0.172665333808869,-1.54456050773954,0.303025521645455));
#12049=CARTESIAN_POINT('',(0.172665333808869,-1.54456050773954,0.303025521645455));
#12050=CARTESIAN_POINT('',(0.172665333808869,-1.9,0.303025521645455));
#12051=CARTESIAN_POINT('',(0.172665333808869,-1.9,0.303025521645455));
#12052=CARTESIAN_POINT('',(0.172665333808869,-1.9,0.303025521645455));
#12053=CARTESIAN_POINT('',(0.172665333808869,-1.9,0.303025521645455));
#12054=CARTESIAN_POINT('',(0.172665333808869,-1.9,2.71050543121376E-16));
#12055=CARTESIAN_POINT('',(0.172665333808869,-1.9,2.71050543121376E-16));
#12056=CARTESIAN_POINT('',(0.172665333808869,-1.9,2.71050543121376E-16));
#12057=CARTESIAN_POINT('',(0.172665333808869,-1.9,2.71050543121376E-16));
#12058=CARTESIAN_POINT('',(0.172665333808869,-1.26665611051934,2.71050543121376E-16));
#12059=CARTESIAN_POINT('',(0.172665333808869,-1.26665611051934,2.71050543121376E-16));
#12060=CARTESIAN_POINT('',(0.172665333808869,-1.26665611051934,2.71050543121376E-16));
#12061=CARTESIAN_POINT('',(0.172665333808869,-1.26665611051934,2.71050543121376E-16));
#12062=CARTESIAN_POINT('',(0.172665333808869,-1.1476044334132,0.259057623487153));
#12063=CARTESIAN_POINT('',(2.6,-1.1476044334132,0.259057623487153));
#12064=CARTESIAN_POINT('',(0.172665333808869,-1.25565883965215,0.259057623487153));
#12065=CARTESIAN_POINT('',(2.6,-1.24279444622358,0.259057623487153));
#12066=CARTESIAN_POINT('',(0.172665333808869,-1.24279444622358,0.259057623487153));
#12067=CARTESIAN_POINT('',(0.172665333808869,-1.25565883965215,0.259057623487153));
#12068=CARTESIAN_POINT('',(0.172665333808869,-1.25565883965215,0.259057623487153));
#12069=CARTESIAN_POINT('',(0.172665333808869,-1.25565883965215,0.259057623487153));
#12070=CARTESIAN_POINT('',(0.172665333808869,-1.25565883965215,0.662548533071488));
#12071=CARTESIAN_POINT('',(0.172665333808869,-1.25565883965215,0.662548533071488));
#12072=CARTESIAN_POINT('',(0.172665333808869,-1.25565883965215,0.662548533071488));
#12073=CARTESIAN_POINT('',(0.172665333808869,-1.25565883965215,0.662548533071488));
#12074=CARTESIAN_POINT('',(0.172665333808869,-1.25565883965215,0.662548533071488));
#12075=CARTESIAN_POINT('',(0.172665333808869,-1.25565883965215,0.662548533071488));
#12076=CARTESIAN_POINT('',(0.172665333808869,-1.3373756082064,0.662548533071488));
#12077=CARTESIAN_POINT('',(0.172665333808869,-1.3373756082064,0.662548533071488));
#12078=CARTESIAN_POINT('',(0.172665333808869,-1.3373756082064,0.558986298533597));
#12079=CARTESIAN_POINT('',(0.172665333808869,-1.3373756082064,0.558986298533597));
#12080=CARTESIAN_POINT('',(0.172665333808869,-1.44093784274429,0.558986298533597));
#12081=CARTESIAN_POINT('',(0.172665333808869,-1.44093784274429,0.558986298533597));
#12082=CARTESIAN_POINT('',(0.172665333808869,-1.44093784274429,0.558986298533597));
#12083=CARTESIAN_POINT('',(0.172665333808869,-1.44093784274429,0.558986298533597));
#12084=CARTESIAN_POINT('',(0.172665333808869,-1.44093784274429,0.406648186640708));
#12085=CARTESIAN_POINT('',(0.172665333808869,-1.44093784274429,0.406648186640708));
#12086=CARTESIAN_POINT('',(0.172665333808869,-1.54456050773954,0.406648186640708));
#12087=CARTESIAN_POINT('',(0.172665333808869,-1.54456050773954,0.406648186640708));
#12088=CARTESIAN_POINT('',(0.172665333808869,-1.54456050773954,0.406648186640708));
#12089=CARTESIAN_POINT('',(0.172665333808869,-1.25565883965215,0.259057623487153));
#12090=CARTESIAN_POINT('',(1.67266533380887,1.26665611051934,1.0842021724855E-16));
#12091=CARTESIAN_POINT('',(1.82266533380887,1.26665611051934,1.0842021724855E-16));
#12092=CARTESIAN_POINT('',(1.82266533380887,1.1476044334132,0.259057623487153));
#12093=CARTESIAN_POINT('',(1.82266533380887,1.26665611051934,1.0842021724855E-16));
#12094=CARTESIAN_POINT('',(1.67266533380887,1.1476044334132,0.259057623487153));
#12095=CARTESIAN_POINT('',(1.67266533380887,1.1476044334132,0.259057623487153));
#12096=CARTESIAN_POINT('',(1.67266533380887,1.26665611051934,1.0842021724855E-16));
#12097=CARTESIAN_POINT('',(1.67266533380887,1.26665611051934,1.0842021724855E-16));
#12098=CARTESIAN_POINT('',(1.67266533380887,1.26665611051934,1.0842021724855E-16));
#12099=CARTESIAN_POINT('',(1.67266533380887,1.9,1.0842021724855E-16));
#12100=CARTESIAN_POINT('',(1.82266533380887,1.9,1.0842021724855E-16));
#12101=CARTESIAN_POINT('',(1.82266533380887,1.9,1.0842021724855E-16));
#12102=CARTESIAN_POINT('',(1.67266533380887,1.9,1.0842021724855E-16));
#12103=CARTESIAN_POINT('',(1.67266533380887,1.9,1.0842021724855E-16));
#12104=CARTESIAN_POINT('',(1.67266533380887,1.9,1.0842021724855E-16));
#12105=CARTESIAN_POINT('',(1.67266533380887,1.9,0.303025521645455));
#12106=CARTESIAN_POINT('',(1.82266533380887,1.9,0.303025521645455));
#12107=CARTESIAN_POINT('',(1.82266533380887,1.9,0.303025521645455));
#12108=CARTESIAN_POINT('',(1.67266533380887,1.9,0.303025521645455));
#12109=CARTESIAN_POINT('',(1.67266533380887,1.9,0.303025521645455));
#12110=CARTESIAN_POINT('',(1.67266533380887,1.9,0.303025521645455));
#12111=CARTESIAN_POINT('',(1.67266533380887,1.54456050773954,0.303025521645455));
#12112=CARTESIAN_POINT('',(1.82266533380887,1.54456050773954,0.303025521645455));
#12113=CARTESIAN_POINT('',(1.82266533380887,1.54456050773954,0.303025521645455));
#12114=CARTESIAN_POINT('',(1.67266533380887,1.54456050773954,0.303025521645455));
#12115=CARTESIAN_POINT('',(1.67266533380887,1.54456050773954,0.303025521645455));
#12116=CARTESIAN_POINT('',(1.67266533380887,1.54456050773954,0.303025521645455));
#12117=CARTESIAN_POINT('',(1.67266533380887,1.54456050773954,0.406648186640708));
#12118=CARTESIAN_POINT('',(1.82266533380887,1.54456050773954,0.406648186640708));
#12119=CARTESIAN_POINT('',(1.82266533380887,1.44093784274429,0.406648186640708));
#12120=CARTESIAN_POINT('',(1.67266533380887,1.54456050773954,0.406648186640708));
#12121=CARTESIAN_POINT('',(1.67266533380887,1.44093784274429,0.406648186640708));
#12122=CARTESIAN_POINT('',(1.67266533380887,1.44093784274429,0.406648186640708));
#12123=CARTESIAN_POINT('',(1.67266533380887,1.44093784274429,0.558986298533597));
#12124=CARTESIAN_POINT('',(1.82266533380887,1.44093784274429,0.558986298533597));
#12125=CARTESIAN_POINT('',(1.82266533380887,1.44093784274429,0.558986298533597));
#12126=CARTESIAN_POINT('',(1.67266533380887,1.44093784274429,0.558986298533597));
#12127=CARTESIAN_POINT('',(1.67266533380887,1.44093784274429,0.558986298533597));
#12128=CARTESIAN_POINT('',(1.67266533380887,1.44093784274429,0.558986298533597));
#12129=CARTESIAN_POINT('',(1.67266533380887,1.3373756082064,0.558986298533597));
#12130=CARTESIAN_POINT('',(1.82266533380887,1.3373756082064,0.558986298533597));
#12131=CARTESIAN_POINT('',(1.82266533380887,1.3373756082064,0.662548533071488));
#12132=CARTESIAN_POINT('',(1.67266533380887,1.3373756082064,0.558986298533597));
#12133=CARTESIAN_POINT('',(1.67266533380887,1.3373756082064,0.662548533071488));
#12134=CARTESIAN_POINT('',(1.67266533380887,1.3373756082064,0.662548533071488));
#12135=CARTESIAN_POINT('',(1.67266533380887,1.25565883965215,0.662548533071488));
#12136=CARTESIAN_POINT('',(1.82266533380887,1.25565883965215,0.662548533071488));
#12137=CARTESIAN_POINT('',(1.82266533380887,1.25565883965215,0.662548533071488));
#12138=CARTESIAN_POINT('',(1.67266533380887,1.25565883965215,0.662548533071488));
#12139=CARTESIAN_POINT('',(1.67266533380887,1.25565883965215,0.662548533071488));
#12140=CARTESIAN_POINT('',(1.67266533380887,1.25565883965215,0.662548533071488));
#12141=CARTESIAN_POINT('',(1.67266533380887,1.54456050773954,0.406648186640708));
#12142=CARTESIAN_POINT('',(1.67266533380887,1.25565883965215,0.662548533071488));
#12143=CARTESIAN_POINT('',(1.67266533380887,1.25565883965215,0.259057623487153));
#12144=CARTESIAN_POINT('',(1.67266533380887,1.25565883965215,0.259057623487153));
#12145=CARTESIAN_POINT('',(1.82266533380887,1.54456050773954,0.406648186640708));
#12146=CARTESIAN_POINT('',(1.82266533380887,1.25565883965215,0.662548533071488));
#12147=CARTESIAN_POINT('',(1.82266533380887,1.25565883965215,0.259057623487153));
#12148=CARTESIAN_POINT('',(1.82266533380887,1.25565883965215,0.259057623487153));
#12149=CARTESIAN_POINT('',(1.32266533380887,-1.54456050773954,0.406648186640708));
#12150=CARTESIAN_POINT('',(1.32266533380887,-1.54456050773954,0.406648186640708));
#12151=CARTESIAN_POINT('',(1.32266533380887,-1.44093784274429,0.406648186640708));
#12152=CARTESIAN_POINT('',(1.32266533380887,-1.54456050773954,0.303025521645455));
#12153=CARTESIAN_POINT('',(1.32266533380887,-1.54456050773954,0.303025521645455));
#12154=CARTESIAN_POINT('',(1.32266533380887,-1.9,0.303025521645455));
#12155=CARTESIAN_POINT('',(1.32266533380887,-1.9,0.303025521645455));
#12156=CARTESIAN_POINT('',(1.32266533380887,-1.9,1.0842021724855E-16));
#12157=CARTESIAN_POINT('',(1.32266533380887,-1.9,1.0842021724855E-16));
#12158=CARTESIAN_POINT('',(1.32266533380887,-1.26665611051934,1.0842021724855E-16));
#12159=CARTESIAN_POINT('',(1.32266533380887,-1.26665611051934,1.0842021724855E-16));
#12160=CARTESIAN_POINT('',(1.32266533380887,-1.1476044334132,0.259057623487153));
#12161=CARTESIAN_POINT('',(1.32266533380887,-1.25565883965215,0.259057623487153));
#12162=CARTESIAN_POINT('',(1.32266533380887,-1.24279444622358,0.259057623487153));
#12163=CARTESIAN_POINT('',(1.32266533380887,-1.25565883965215,0.259057623487153));
#12164=CARTESIAN_POINT('',(1.32266533380887,-1.25565883965215,0.259057623487153));
#12165=CARTESIAN_POINT('',(1.32266533380887,-1.25565883965215,0.662548533071488));
#12166=CARTESIAN_POINT('',(1.32266533380887,-1.25565883965215,0.662548533071488));
#12167=CARTESIAN_POINT('',(1.32266533380887,-1.25565883965215,0.662548533071488));
#12168=CARTESIAN_POINT('',(1.32266533380887,-1.3373756082064,0.662548533071488));
#12169=CARTESIAN_POINT('',(1.32266533380887,-1.3373756082064,0.558986298533597));
#12170=CARTESIAN_POINT('',(1.32266533380887,-1.44093784274429,0.558986298533597));
#12171=CARTESIAN_POINT('',(1.32266533380887,-1.44093784274429,0.558986298533597));
#12172=CARTESIAN_POINT('',(1.17266533380887,-1.54456050773954,0.303025521645455));
#12173=CARTESIAN_POINT('',(1.17266533380887,-1.54456050773954,0.303025521645455));
#12174=CARTESIAN_POINT('',(1.17266533380887,-1.54456050773954,0.303025521645455));
#12175=CARTESIAN_POINT('',(1.17266533380887,-1.54456050773954,0.303025521645455));
#12176=CARTESIAN_POINT('',(1.17266533380887,-1.9,0.303025521645455));
#12177=CARTESIAN_POINT('',(1.17266533380887,-1.9,0.303025521645455));
#12178=CARTESIAN_POINT('',(1.17266533380887,-1.9,0.303025521645455));
#12179=CARTESIAN_POINT('',(1.17266533380887,-1.9,0.303025521645455));
#12180=CARTESIAN_POINT('',(1.17266533380887,-1.9,1.0842021724855E-16));
#12181=CARTESIAN_POINT('',(1.17266533380887,-1.9,1.0842021724855E-16));
#12182=CARTESIAN_POINT('',(1.17266533380887,-1.9,1.0842021724855E-16));
#12183=CARTESIAN_POINT('',(1.17266533380887,-1.9,1.0842021724855E-16));
#12184=CARTESIAN_POINT('',(1.17266533380887,-1.26665611051934,1.0842021724855E-16));
#12185=CARTESIAN_POINT('',(1.17266533380887,-1.26665611051934,1.0842021724855E-16));
#12186=CARTESIAN_POINT('',(1.17266533380887,-1.26665611051934,1.0842021724855E-16));
#12187=CARTESIAN_POINT('',(1.17266533380887,-1.26665611051934,1.0842021724855E-16));
#12188=CARTESIAN_POINT('',(1.17266533380887,-1.1476044334132,0.259057623487153));
#12189=CARTESIAN_POINT('',(3.6,-1.1476044334132,0.259057623487153));
#12190=CARTESIAN_POINT('',(1.17266533380887,-1.25565883965215,0.259057623487153));
#12191=CARTESIAN_POINT('',(3.6,-1.24279444622358,0.259057623487153));
#12192=CARTESIAN_POINT('',(1.17266533380887,-1.24279444622358,0.259057623487153));
#12193=CARTESIAN_POINT('',(1.17266533380887,-1.25565883965215,0.259057623487153));
#12194=CARTESIAN_POINT('',(1.17266533380887,-1.25565883965215,0.259057623487153));
#12195=CARTESIAN_POINT('',(1.17266533380887,-1.25565883965215,0.259057623487153));
#12196=CARTESIAN_POINT('',(1.17266533380887,-1.25565883965215,0.662548533071488));
#12197=CARTESIAN_POINT('',(1.17266533380887,-1.25565883965215,0.662548533071488));
#12198=CARTESIAN_POINT('',(1.17266533380887,-1.25565883965215,0.662548533071488));
#12199=CARTESIAN_POINT('',(1.17266533380887,-1.25565883965215,0.662548533071488));
#12200=CARTESIAN_POINT('',(1.17266533380887,-1.25565883965215,0.662548533071488));
#12201=CARTESIAN_POINT('',(1.17266533380887,-1.25565883965215,0.662548533071488));
#12202=CARTESIAN_POINT('',(1.17266533380887,-1.3373756082064,0.662548533071488));
#12203=CARTESIAN_POINT('',(1.17266533380887,-1.3373756082064,0.662548533071488));
#12204=CARTESIAN_POINT('',(1.17266533380887,-1.3373756082064,0.558986298533597));
#12205=CARTESIAN_POINT('',(1.17266533380887,-1.3373756082064,0.558986298533597));
#12206=CARTESIAN_POINT('',(1.17266533380887,-1.44093784274429,0.558986298533597));
#12207=CARTESIAN_POINT('',(1.17266533380887,-1.44093784274429,0.558986298533597));
#12208=CARTESIAN_POINT('',(1.17266533380887,-1.44093784274429,0.558986298533597));
#12209=CARTESIAN_POINT('',(1.17266533380887,-1.44093784274429,0.558986298533597));
#12210=CARTESIAN_POINT('',(1.17266533380887,-1.44093784274429,0.406648186640708));
#12211=CARTESIAN_POINT('',(1.17266533380887,-1.44093784274429,0.406648186640708));
#12212=CARTESIAN_POINT('',(1.17266533380887,-1.54456050773954,0.406648186640708));
#12213=CARTESIAN_POINT('',(1.17266533380887,-1.54456050773954,0.406648186640708));
#12214=CARTESIAN_POINT('',(1.17266533380887,-1.54456050773954,0.406648186640708));
#12215=CARTESIAN_POINT('',(1.17266533380887,-1.25565883965215,0.259057623487153));
#12216=CARTESIAN_POINT('',(2.,-1.76768073385622,5.30839203484315));
#12217=CARTESIAN_POINT('',(-2.,-1.76768073385622,5.30839203484315));
#12218=CARTESIAN_POINT('',(-2.,-1.76768073385622,5.30839203484315));
#12219=CARTESIAN_POINT('',(-2.,-1.54074832951941,5.48704552884288));
#12220=CARTESIAN_POINT('',(2.,-1.76768073385622,5.30839203484315));
#12221=CARTESIAN_POINT('',(2.,-1.76768073385622,5.30839203484315));
#12222=CARTESIAN_POINT('',(2.,-1.76768073385622,5.30839203484315));
#12223=CARTESIAN_POINT('',(2.,-1.54074832951941,5.48704552884288));
#12224=CARTESIAN_POINT('',(2.,-1.54074832951941,5.48704552884288));
#12225=CARTESIAN_POINT('',(2.,-1.54074832951941,5.48704552884288));
#12226=CARTESIAN_POINT('',(2.,-1.54074832951941,5.48704552884288));
#12227=CARTESIAN_POINT('',(2.,-1.12603102610363,5.48704552884288));
#12228=CARTESIAN_POINT('',(2.,-1.54074832951941,5.48704552884288));
#12229=CARTESIAN_POINT('',(2.,0.183395275080398,5.48704552884288));
#12230=CARTESIAN_POINT('',(2.,0.183395275080398,5.48704552884288));
#12231=CARTESIAN_POINT('',(-2.,0.183395275080398,5.48704552884288));
#12232=CARTESIAN_POINT('',(-2.,-1.54074832951941,5.48704552884288));
#12233=CARTESIAN_POINT('',(-2.,-1.12603102610363,5.48704552884288));
#12234=CARTESIAN_POINT('',(-2.,-1.54074832951941,5.48704552884288));
#12235=CARTESIAN_POINT('',(2.,0.183395275080398,5.48704552884288));
#12236=CARTESIAN_POINT('',(-2.,0.183395275080398,5.48704552884288));
#12237=CARTESIAN_POINT('',(-2.,0.30233001917308,5.30839203484315));
#12238=CARTESIAN_POINT('',(2.,0.183395275080398,5.48704552884288));
#12239=CARTESIAN_POINT('',(2.,0.30233001917308,5.30839203484315));
#12240=CARTESIAN_POINT('',(2.,0.30233001917308,5.30839203484315));
#12241=CARTESIAN_POINT('',(2.,0.30233001917308,5.30839203484315));
#12242=CARTESIAN_POINT('',(-2.,0.30233001917308,5.30839203484315));
#12243=CARTESIAN_POINT('',(-2.,0.30233001917308,5.10682754882196));
#12244=CARTESIAN_POINT('',(2.,0.30233001917308,5.30839203484315));
#12245=CARTESIAN_POINT('',(2.,0.30233001917308,5.10682754882196));
#12246=CARTESIAN_POINT('',(2.,0.30233001917308,5.10682754882196));
#12247=CARTESIAN_POINT('',(2.,0.30233001917308,5.10682754882196));
#12248=CARTESIAN_POINT('',(-2.,0.30233001917308,5.10682754882196));
#12249=CARTESIAN_POINT('',(-2.,-0.232621848447951,4.68568443111043));
#12250=CARTESIAN_POINT('',(2.,0.30233001917308,5.10682754882196));
#12251=CARTESIAN_POINT('',(2.,-0.232621848447951,4.68568443111043));
#12252=CARTESIAN_POINT('',(2.,-0.232621848447951,4.68568443111043));
#12253=CARTESIAN_POINT('',(3.82269477071129,1.25565883965215,3.30168172264844));
#12254=CARTESIAN_POINT('',(3.67263589690645,1.25565883965215,3.30168172264844));
#12255=CARTESIAN_POINT('',(3.67263589690645,1.04955738756933,3.30168172264844));
#12256=CARTESIAN_POINT('',(3.67263589690645,1.25565883965215,3.30168172264844));
#12257=CARTESIAN_POINT('',(3.82269477071129,1.04955738756933,3.30168172264844));
#12258=CARTESIAN_POINT('',(3.82269477071129,1.04955738756933,3.30168172264844));
#12259=CARTESIAN_POINT('',(3.82269477071129,1.04955738756933,3.30168172264844));
#12260=CARTESIAN_POINT('',(3.82269477071129,1.81209124114943,3.30168172264844));
#12261=CARTESIAN_POINT('',(3.82269477071129,1.81209124114943,3.30168172264844));
#12262=CARTESIAN_POINT('',(3.67263589690645,1.81209124114943,3.30168172264844));
#12263=CARTESIAN_POINT('',(3.67263589690645,1.25565883965215,3.30168172264844));
#12264=CARTESIAN_POINT('',(3.82269477071129,1.81209124114943,3.21458200336646));
#12265=CARTESIAN_POINT('',(3.67263589690645,1.81209124114943,3.21458200336646));
#12266=CARTESIAN_POINT('',(3.67263589690645,1.8991909604314,3.21458200336646));
#12267=CARTESIAN_POINT('',(3.82269477071129,1.81209124114943,3.21458200336646));
#12268=CARTESIAN_POINT('',(3.82269477071129,1.8991909604314,3.21458200336646));
#12269=CARTESIAN_POINT('',(3.82269477071129,1.8991909604314,3.21458200336646));
#12270=CARTESIAN_POINT('',(3.82269477071129,1.8991909604314,3.21458200336646));
#12271=CARTESIAN_POINT('',(3.67263589690645,1.8991909604314,3.21458200336646));
#12272=CARTESIAN_POINT('',(3.67263589690645,1.8991909604314,1.79173719537878));
#12273=CARTESIAN_POINT('',(3.82269477071129,1.8991909604314,3.21458200336646));
#12274=CARTESIAN_POINT('',(3.82269477071129,1.8991909604314,1.79173719537878));
#12275=CARTESIAN_POINT('',(3.82269477071129,1.8991909604314,1.79173719537878));
#12276=CARTESIAN_POINT('',(3.82269477071129,1.8991909604314,1.79173719537878));
#12277=CARTESIAN_POINT('',(3.67263589690645,1.8991909604314,1.79173719537878));
#12278=CARTESIAN_POINT('',(3.67263589690645,1.26281972379785,1.30634344564358));
#12279=CARTESIAN_POINT('',(3.82269477071129,1.8991909604314,1.79173719537878));
#12280=CARTESIAN_POINT('',(3.82269477071129,1.26281972379785,1.30634344564358));
#12281=CARTESIAN_POINT('',(3.82269477071129,1.26281972379785,1.30634344564358));
#12282=CARTESIAN_POINT('',(3.82269477071129,1.26281972379785,1.30634344564358));
#12283=CARTESIAN_POINT('',(3.67263589690645,1.26281972379785,1.30634344564358));
#12284=CARTESIAN_POINT('',(3.67263589690645,1.25565883965215,0.662548533071488));
#12285=CARTESIAN_POINT('',(3.82269477071129,1.26281972379785,1.30634344564358));
#12286=CARTESIAN_POINT('',(3.82269477071129,1.25565883965215,0.662548533071488));
#12287=CARTESIAN_POINT('',(-4.6,1.25565883965215,0.662548533071488));
#12288=CARTESIAN_POINT('',(3.82269477071129,1.9,0.));
#12289=CARTESIAN_POINT('',(3.67263589690645,1.9,0.));
#12290=CARTESIAN_POINT('',(3.67263589690645,1.9,0.));
#12291=CARTESIAN_POINT('',(3.67263589690645,1.26665611051934,0.));
#12292=CARTESIAN_POINT('',(3.82269477071129,1.9,0.));
#12293=CARTESIAN_POINT('',(3.82269477071129,1.9,0.));
#12294=CARTESIAN_POINT('',(3.82269477071129,1.9,0.));
#12295=CARTESIAN_POINT('',(3.82269477071129,1.26665611051934,0.));
#12296=CARTESIAN_POINT('',(3.82269477071129,1.26665611051934,0.));
#12297=CARTESIAN_POINT('',(3.82269477071129,1.9,0.303025521645454));
#12298=CARTESIAN_POINT('',(3.67263589690645,1.9,0.303025521645454));
#12299=CARTESIAN_POINT('',(3.67263589690645,1.9,0.303025521645454));
#12300=CARTESIAN_POINT('',(3.82269477071129,1.9,0.303025521645454));
#12301=CARTESIAN_POINT('',(3.82269477071129,1.9,0.303025521645454));
#12302=CARTESIAN_POINT('',(3.82269477071129,1.9,0.303025521645454));
#12303=CARTESIAN_POINT('',(3.82269477071129,1.54456050773954,0.303025521645454));
#12304=CARTESIAN_POINT('',(3.67263589690645,1.54456050773954,0.303025521645454));
#12305=CARTESIAN_POINT('',(3.67263589690645,1.54456050773954,0.303025521645454));
#12306=CARTESIAN_POINT('',(3.82269477071129,1.54456050773954,0.303025521645454));
#12307=CARTESIAN_POINT('',(3.82269477071129,1.54456050773954,0.303025521645454));
#12308=CARTESIAN_POINT('',(3.82269477071129,1.54456050773954,0.303025521645454));
#12309=CARTESIAN_POINT('',(3.82269477071129,1.54456050773954,0.406648186640708));
#12310=CARTESIAN_POINT('',(3.67263589690645,1.54456050773954,0.406648186640708));
#12311=CARTESIAN_POINT('',(3.67263589690645,1.44093784274429,0.406648186640708));
#12312=CARTESIAN_POINT('',(3.82269477071129,1.44093784274429,0.406648186640708));
#12313=CARTESIAN_POINT('',(3.82269477071129,1.44093784274429,0.406648186640708));
#12314=CARTESIAN_POINT('',(3.82269477071129,1.54456050773954,0.406648186640708));
#12315=CARTESIAN_POINT('',(3.82269477071129,1.44093784274429,0.558986298533597));
#12316=CARTESIAN_POINT('',(3.67263589690645,1.44093784274429,0.558986298533597));
#12317=CARTESIAN_POINT('',(3.67263589690645,1.44093784274429,0.558986298533597));
#12318=CARTESIAN_POINT('',(3.82269477071129,1.44093784274429,0.558986298533597));
#12319=CARTESIAN_POINT('',(3.82269477071129,1.44093784274429,0.558986298533597));
#12320=CARTESIAN_POINT('',(3.82269477071129,1.44093784274429,0.558986298533597));
#12321=CARTESIAN_POINT('',(3.82269477071129,1.3373756082064,0.558986298533597));
#12322=CARTESIAN_POINT('',(3.67263589690645,1.3373756082064,0.558986298533597));
#12323=CARTESIAN_POINT('',(3.67263589690645,1.3373756082064,0.662548533071488));
#12324=CARTESIAN_POINT('',(3.82269477071129,1.3373756082064,0.662548533071488));
#12325=CARTESIAN_POINT('',(3.82269477071129,1.3373756082064,0.662548533071488));
#12326=CARTESIAN_POINT('',(3.82269477071129,1.3373756082064,0.558986298533597));
#12327=CARTESIAN_POINT('',(3.82269477071129,1.25565883965215,0.662548533071488));
#12328=CARTESIAN_POINT('',(3.67263589690645,1.25565883965215,0.662548533071488));
#12329=CARTESIAN_POINT('',(3.82269477071129,1.25565883965215,0.662548533071488));
#12330=CARTESIAN_POINT('',(2.67266533380887,1.9,0.));
#12331=CARTESIAN_POINT('',(2.82266533380887,1.9,0.));
#12332=CARTESIAN_POINT('',(2.82266533380887,1.26665611051934,0.));
#12333=CARTESIAN_POINT('',(2.82266533380887,1.9,0.));
#12334=CARTESIAN_POINT('',(2.67266533380887,1.26665611051934,0.));
#12335=CARTESIAN_POINT('',(2.67266533380887,1.26665611051934,0.));
#12336=CARTESIAN_POINT('',(2.67266533380887,1.9,0.));
#12337=CARTESIAN_POINT('',(2.67266533380887,1.9,0.));
#12338=CARTESIAN_POINT('',(2.67266533380887,1.9,0.));
#12339=CARTESIAN_POINT('',(2.67266533380887,1.9,0.303025521645454));
#12340=CARTESIAN_POINT('',(2.82266533380887,1.9,0.303025521645454));
#12341=CARTESIAN_POINT('',(2.82266533380887,1.9,0.303025521645454));
#12342=CARTESIAN_POINT('',(2.67266533380887,1.9,0.303025521645454));
#12343=CARTESIAN_POINT('',(2.67266533380887,1.9,0.303025521645454));
#12344=CARTESIAN_POINT('',(2.67266533380887,1.9,0.303025521645454));
#12345=CARTESIAN_POINT('',(2.67266533380887,1.54456050773954,0.303025521645454));
#12346=CARTESIAN_POINT('',(2.82266533380887,1.54456050773954,0.303025521645454));
#12347=CARTESIAN_POINT('',(2.82266533380887,1.54456050773954,0.303025521645454));
#12348=CARTESIAN_POINT('',(2.67266533380887,1.54456050773954,0.303025521645454));
#12349=CARTESIAN_POINT('',(2.67266533380887,1.54456050773954,0.303025521645454));
#12350=CARTESIAN_POINT('',(2.67266533380887,1.54456050773954,0.303025521645454));
#12351=CARTESIAN_POINT('',(2.67266533380887,1.54456050773954,0.406648186640708));
#12352=CARTESIAN_POINT('',(2.82266533380887,1.54456050773954,0.406648186640708));
#12353=CARTESIAN_POINT('',(2.82266533380887,1.44093784274429,0.406648186640708));
#12354=CARTESIAN_POINT('',(2.67266533380887,1.54456050773954,0.406648186640708));
#12355=CARTESIAN_POINT('',(2.67266533380887,1.44093784274429,0.406648186640708));
#12356=CARTESIAN_POINT('',(2.67266533380887,1.44093784274429,0.406648186640708));
#12357=CARTESIAN_POINT('',(2.67266533380887,1.44093784274429,0.558986298533597));
#12358=CARTESIAN_POINT('',(2.82266533380887,1.44093784274429,0.558986298533597));
#12359=CARTESIAN_POINT('',(2.82266533380887,1.44093784274429,0.558986298533597));
#12360=CARTESIAN_POINT('',(2.67266533380887,1.44093784274429,0.558986298533597));
#12361=CARTESIAN_POINT('',(2.67266533380887,1.44093784274429,0.558986298533597));
#12362=CARTESIAN_POINT('',(2.67266533380887,1.44093784274429,0.558986298533597));
#12363=CARTESIAN_POINT('',(2.67266533380887,1.3373756082064,0.558986298533597));
#12364=CARTESIAN_POINT('',(2.82266533380887,1.3373756082064,0.558986298533597));
#12365=CARTESIAN_POINT('',(2.82266533380887,1.3373756082064,0.662548533071488));
#12366=CARTESIAN_POINT('',(2.67266533380887,1.3373756082064,0.558986298533597));
#12367=CARTESIAN_POINT('',(2.67266533380887,1.3373756082064,0.662548533071488));
#12368=CARTESIAN_POINT('',(2.67266533380887,1.3373756082064,0.662548533071488));
#12369=CARTESIAN_POINT('',(3.67263589690645,1.04955738756933,3.36855438516059));
#12370=CARTESIAN_POINT('',(3.67263589690645,1.25565883965215,0.259057623487153));
#12371=CARTESIAN_POINT('',(-3.67263589690645,1.04955738756933,3.36855438516059));
#12372=CARTESIAN_POINT('',(-3.67263589690645,1.25565883965215,0.259057623487153));
#12373=CARTESIAN_POINT('',(-3.67263589690645,1.25565883965215,0.662548533071488));
#12374=CARTESIAN_POINT('',(-3.67263589690645,1.25565883965215,3.30168172264844));
#12375=CARTESIAN_POINT('',(-3.67263589690645,1.26281972379785,1.30634344564358));
#12376=CARTESIAN_POINT('',(-3.67263589690645,1.26281972379785,1.30634344564358));
#12377=CARTESIAN_POINT('',(-3.67263589690645,1.8991909604314,1.79173719537878));
#12378=CARTESIAN_POINT('',(-3.67263589690645,1.8991909604314,1.79173719537878));
#12379=CARTESIAN_POINT('',(-3.67263589690645,1.8991909604314,3.21458200336646));
#12380=CARTESIAN_POINT('',(-3.67263589690645,1.8991909604314,3.21458200336646));
#12381=CARTESIAN_POINT('',(-3.67263589690645,1.81209124114943,3.21458200336646));
#12382=CARTESIAN_POINT('',(-3.67263589690645,1.81209124114943,3.30168172264844));
#12383=CARTESIAN_POINT('',(-3.67263589690645,1.25565883965215,3.30168172264844));
#12384=CARTESIAN_POINT('',(2.67266533380887,1.25565883965215,0.662548533071488));
#12385=CARTESIAN_POINT('',(2.82266533380887,1.25565883965215,0.662548533071488));
#12386=CARTESIAN_POINT('',(2.82266533380887,1.25565883965215,0.662548533071488));
#12387=CARTESIAN_POINT('',(2.67266533380887,1.25565883965215,0.662548533071488));
#12388=CARTESIAN_POINT('',(2.67266533380887,1.25565883965215,0.662548533071488));
#12389=CARTESIAN_POINT('',(2.67266533380887,1.25565883965215,0.662548533071488));
#12390=CARTESIAN_POINT('',(-3.82269477071129,1.9,0.));
#12391=CARTESIAN_POINT('',(-3.67263589690645,1.9,0.));
#12392=CARTESIAN_POINT('',(-3.67263589690645,1.9,0.));
#12393=CARTESIAN_POINT('',(-3.67263589690645,1.26665611051934,0.));
#12394=CARTESIAN_POINT('',(-3.82269477071129,1.26665611051934,0.));
#12395=CARTESIAN_POINT('',(-3.82269477071129,1.26665611051934,0.));
#12396=CARTESIAN_POINT('',(-3.82269477071129,1.9,0.));
#12397=CARTESIAN_POINT('',(-3.82269477071129,1.9,0.));
#12398=CARTESIAN_POINT('',(-3.82269477071129,1.9,0.));
#12399=CARTESIAN_POINT('',(-3.82269477071129,1.9,0.303025521645454));
#12400=CARTESIAN_POINT('',(-3.67263589690645,1.9,0.303025521645454));
#12401=CARTESIAN_POINT('',(-3.67263589690645,1.9,0.303025521645454));
#12402=CARTESIAN_POINT('',(-3.82269477071129,1.9,0.303025521645454));
#12403=CARTESIAN_POINT('',(-3.82269477071129,1.9,0.303025521645454));
#12404=CARTESIAN_POINT('',(-3.82269477071129,1.9,0.303025521645454));
#12405=CARTESIAN_POINT('',(-3.82269477071129,1.54456050773954,0.303025521645454));
#12406=CARTESIAN_POINT('',(-3.67263589690645,1.54456050773954,0.303025521645454));
#12407=CARTESIAN_POINT('',(-3.67263589690645,1.54456050773954,0.303025521645454));
#12408=CARTESIAN_POINT('',(-3.82269477071129,1.54456050773954,0.303025521645454));
#12409=CARTESIAN_POINT('',(-3.82269477071129,1.54456050773954,0.303025521645454));
#12410=CARTESIAN_POINT('',(-3.82269477071129,1.54456050773954,0.303025521645454));
#12411=CARTESIAN_POINT('',(-3.82269477071129,1.54456050773954,0.406648186640708));
#12412=CARTESIAN_POINT('',(-3.67263589690645,1.54456050773954,0.406648186640708));
#12413=CARTESIAN_POINT('',(-3.67263589690645,1.44093784274429,0.406648186640708));
#12414=CARTESIAN_POINT('',(-3.82269477071129,1.54456050773954,0.406648186640708));
#12415=CARTESIAN_POINT('',(-3.82269477071129,1.44093784274429,0.406648186640708));
#12416=CARTESIAN_POINT('',(-3.82269477071129,1.44093784274429,0.406648186640708));
#12417=CARTESIAN_POINT('',(-3.82269477071129,1.44093784274429,0.558986298533597));
#12418=CARTESIAN_POINT('',(-3.67263589690645,1.44093784274429,0.558986298533597));
#12419=CARTESIAN_POINT('',(-3.67263589690645,1.44093784274429,0.558986298533597));
#12420=CARTESIAN_POINT('',(-3.82269477071129,1.44093784274429,0.558986298533597));
#12421=CARTESIAN_POINT('',(-3.82269477071129,1.44093784274429,0.558986298533597));
#12422=CARTESIAN_POINT('',(-3.82269477071129,1.44093784274429,0.558986298533597));
#12423=CARTESIAN_POINT('',(-3.82269477071129,1.3373756082064,0.558986298533597));
#12424=CARTESIAN_POINT('',(-3.67263589690645,1.3373756082064,0.558986298533597));
#12425=CARTESIAN_POINT('',(-3.67263589690645,1.3373756082064,0.662548533071488));
#12426=CARTESIAN_POINT('',(-3.82269477071129,1.3373756082064,0.558986298533597));
#12427=CARTESIAN_POINT('',(-3.82269477071129,1.3373756082064,0.662548533071488));
#12428=CARTESIAN_POINT('',(-3.82269477071129,1.3373756082064,0.662548533071488));
#12429=CARTESIAN_POINT('',(-3.82269477071129,1.25565883965215,0.662548533071488));
#12430=CARTESIAN_POINT('',(-3.67263589690645,1.25565883965215,0.662548533071488));
#12431=CARTESIAN_POINT('',(-3.82269477071129,1.25565883965215,0.662548533071488));
#12432=CARTESIAN_POINT('',(-3.82269477071129,1.25565883965215,0.662548533071488));
#12433=CARTESIAN_POINT('',(-3.82269477071129,1.25565883965215,0.662548533071488));
#12434=CARTESIAN_POINT('',(-3.82269477071129,1.26281972379785,1.30634344564358));
#12435=CARTESIAN_POINT('',(-3.82269477071129,1.26281972379785,1.30634344564358));
#12436=CARTESIAN_POINT('',(-3.82269477071129,1.26281972379785,1.30634344564358));
#12437=CARTESIAN_POINT('',(-3.82269477071129,1.26281972379785,1.30634344564358));
#12438=CARTESIAN_POINT('',(-3.82269477071129,1.8991909604314,1.79173719537878));
#12439=CARTESIAN_POINT('',(-3.82269477071129,1.8991909604314,1.79173719537878));
#12440=CARTESIAN_POINT('',(-3.82269477071129,1.8991909604314,1.79173719537878));
#12441=CARTESIAN_POINT('',(-3.82269477071129,1.8991909604314,1.79173719537878));
#12442=CARTESIAN_POINT('',(-3.82269477071129,1.8991909604314,3.21458200336646));
#12443=CARTESIAN_POINT('',(-3.82269477071129,1.8991909604314,3.21458200336646));
#12444=CARTESIAN_POINT('',(-3.82269477071129,1.8991909604314,3.21458200336646));
#12445=CARTESIAN_POINT('',(-3.82269477071129,1.8991909604314,3.21458200336646));
#12446=CARTESIAN_POINT('',(-3.82269477071129,1.81209124114943,3.21458200336646));
#12447=CARTESIAN_POINT('',(-3.82269477071129,1.81209124114943,3.21458200336646));
#12448=CARTESIAN_POINT('',(-3.82269477071129,1.81209124114943,3.30168172264844));
#12449=CARTESIAN_POINT('',(-3.82269477071129,1.81209124114943,3.30168172264844));
#12450=CARTESIAN_POINT('',(-3.82269477071129,1.25565883965215,3.30168172264844));
#12451=CARTESIAN_POINT('',(-3.67263589690645,1.25565883965215,3.30168172264844));
#12452=CARTESIAN_POINT('',(-3.67263589690645,1.04955738756933,3.30168172264844));
#12453=CARTESIAN_POINT('',(-3.82269477071129,1.04955738756933,3.30168172264844));
#12454=CARTESIAN_POINT('',(-3.82269477071129,1.04955738756933,3.30168172264844));
#12455=CARTESIAN_POINT('',(-3.82269477071129,1.04955738756933,3.30168172264844));
#12456=CARTESIAN_POINT('',(3.82269477071129,1.04955738756933,3.36855438516059));
#12457=CARTESIAN_POINT('',(3.67263589690645,1.04955738756933,3.36855438516059));
#12458=CARTESIAN_POINT('',(3.67263589690645,0.982684725057178,3.36855438516059));
#12459=CARTESIAN_POINT('',(3.82269477071129,0.982684725057178,3.36855438516059));
#12460=CARTESIAN_POINT('',(3.82269477071129,0.982684725057178,3.36855438516059));
#12461=CARTESIAN_POINT('',(3.82269477071129,1.04955738756933,3.36855438516059));
#12462=CARTESIAN_POINT('',(-3.82269477071129,1.04955738756933,3.36855438516059));
#12463=CARTESIAN_POINT('',(-3.67263589690645,1.04955738756933,3.36855438516059));
#12464=CARTESIAN_POINT('',(-3.67263589690645,0.982684725057178,3.36855438516059));
#12465=CARTESIAN_POINT('',(-3.82269477071129,1.04955738756933,3.36855438516059));
#12466=CARTESIAN_POINT('',(-3.82269477071129,0.982684725057178,3.36855438516059));
#12467=CARTESIAN_POINT('',(-3.82269477071129,0.982684725057178,3.36855438516059));
#12468=CARTESIAN_POINT('',(-3.67263589690645,0.,0.));
#12469=CARTESIAN_POINT('',(-3.67263589690645,0.870994188709268,0.));
#12470=CARTESIAN_POINT('',(-3.67263589690645,0.870994188709268,3.6));
#12471=CARTESIAN_POINT('',(-3.67263589690645,0.870994188709268,3.40771597890267));
#12472=CARTESIAN_POINT('',(-3.67263589690645,0.,3.6));
#12473=CARTESIAN_POINT('',(-3.67263589690645,1.25565883965215,3.6));
#12474=CARTESIAN_POINT('',(-3.67263589690645,1.25565883965215,0.259057623487153));
#12475=CARTESIAN_POINT('',(-3.67263589690645,0.982684725057178,3.40771597890267));
#12476=CARTESIAN_POINT('',(-3.67263589690645,0.982684725057178,3.40771597890267));
#12477=CARTESIAN_POINT('',(-3.67263589690645,0.709710610462202,3.40771597890267));
#12478=CARTESIAN_POINT('',(4.6,0.,3.6));
#12479=CARTESIAN_POINT('',(4.6,0.870994188709268,3.6));
#12480=CARTESIAN_POINT('',(3.67263589690645,0.870994188709268,3.6));
#12481=CARTESIAN_POINT('',(3.67263589690645,0.,3.6));
#12482=CARTESIAN_POINT('',(3.67263589690645,1.25565883965215,3.6));
#12483=CARTESIAN_POINT('',(4.6,1.25565883965215,3.6));
#12484=CARTESIAN_POINT('',(3.67263589690645,0.,0.));
#12485=CARTESIAN_POINT('',(3.67263589690645,0.870994188709268,0.));
#12486=CARTESIAN_POINT('',(3.67263589690645,0.870994188709268,3.40771597890267));
#12487=CARTESIAN_POINT('',(3.67263589690645,0.709710610462202,3.40771597890267));
#12488=CARTESIAN_POINT('',(3.67263589690645,0.982684725057178,3.40771597890267));
#12489=CARTESIAN_POINT('',(3.67263589690645,0.982684725057178,0.));
#12490=CARTESIAN_POINT('',(3.67263589690645,1.25565883965215,0.259057623487153));
#12491=CARTESIAN_POINT('',(3.82269477071129,0.709710610462202,3.40771597890267));
#12492=CARTESIAN_POINT('',(3.82269477071129,0.870994188709268,3.40771597890267));
#12493=CARTESIAN_POINT('',(3.82269477071129,0.870994188709268,3.40771597890267));
#12494=CARTESIAN_POINT('',(3.82269477071129,0.709710610462202,3.40771597890267));
#12495=CARTESIAN_POINT('',(3.82269477071129,0.982684725057178,3.40771597890267));
#12496=CARTESIAN_POINT('',(3.82269477071129,0.982684725057178,3.40771597890267));
#12497=CARTESIAN_POINT('',(-3.82269477071129,0.709710610462202,3.40771597890267));
#12498=CARTESIAN_POINT('',(-3.82269477071129,0.709710610462202,3.40771597890267));
#12499=CARTESIAN_POINT('',(-3.82269477071129,0.870994188709268,3.40771597890267));
#12500=CARTESIAN_POINT('',(-3.82269477071129,0.982684725057178,3.40771597890267));
#12501=CARTESIAN_POINT('',(-3.82269477071129,0.870994188709268,3.40771597890267));
#12502=CARTESIAN_POINT('',(-3.82269477071129,0.982684725057178,3.40771597890267));
#12503=CARTESIAN_POINT('',(3.95,0.0947421029783855,3.52364876402537));
#12504=CARTESIAN_POINT('',(-3.95,0.0947421029783855,3.52364876402537));
#12505=CARTESIAN_POINT('',(-3.95,0.0947421029783855,3.52364876402537));
#12506=CARTESIAN_POINT('',(-3.95,0.0947421029783855,3.42224300403324));
#12507=CARTESIAN_POINT('',(3.95,0.0947421029783855,3.42224300403324));
#12508=CARTESIAN_POINT('',(3.95,0.0947421029783855,3.42224300403324));
#12509=CARTESIAN_POINT('',(3.95,0.0947421029783855,3.52364876402537));
#12510=CARTESIAN_POINT('',(3.95,0.0947421029783855,3.52364876402537));
#12511=CARTESIAN_POINT('',(3.95,0.0947421029783855,3.52364876402537));
#12512=CARTESIAN_POINT('',(3.95,0.,0.987372054247408));
#12513=CARTESIAN_POINT('',(3.95,0.870994188709268,0.987372054247408));
#12514=CARTESIAN_POINT('',(3.95,0.870994188709268,0.987372054247408));
#12515=CARTESIAN_POINT('',(3.95,0.870994188709268,0.987372054247408));
#12516=CARTESIAN_POINT('',(3.95,0.870994188709268,0.987372054247408));
#12517=CARTESIAN_POINT('',(3.95,0.870994188709268,0.987372054247408));
#12518=CARTESIAN_POINT('',(3.95,0.870994188709268,0.987372054247408));
#12519=CARTESIAN_POINT('',(3.95,0.870994188709268,0.987372054247408));
#12520=CARTESIAN_POINT('',(3.95,0.870994188709268,0.987372054247408));
#12521=CARTESIAN_POINT('',(3.95,0.870994188709268,0.987372054247408));
#12522=CARTESIAN_POINT('',(3.95,0.870994188709268,0.987372054247408));
#12523=CARTESIAN_POINT('',(3.95,0.870994188709268,0.987372054247408));
#12524=CARTESIAN_POINT('',(3.95,0.870994188709268,0.987372054247408));
#12525=CARTESIAN_POINT('',(3.95,0.870994188709268,0.987372054247408));
#12526=CARTESIAN_POINT('',(-2.616097887205,0.870994188709268,0.987372054247409));
#12527=CARTESIAN_POINT('',(-2.616097887205,0.870994188709268,0.987372054247409));
#12528=CARTESIAN_POINT('',(-2.616097887205,0.698928839369234,0.987372054247409));
#12529=CARTESIAN_POINT('',(-2.616097887205,0.698928839369234,0.987372054247409));
#12530=CARTESIAN_POINT('',(-2.88857144517726,0.698928839369234,0.987372054247409));
#12531=CARTESIAN_POINT('',(-2.88857144517726,0.698928839369234,0.987372054247409));
#12532=CARTESIAN_POINT('',(-2.88857144517726,0.870994188709268,0.987372054247408));
#12533=CARTESIAN_POINT('',(3.95,0.870994188709268,0.987372054247408));
#12534=CARTESIAN_POINT('',(-3.95,0.870994188709268,0.987372054247408));
#12535=CARTESIAN_POINT('',(-3.95,0.,0.987372054247408));
#12536=CARTESIAN_POINT('',(-3.95,-0.16123916517187,0.987372054247408));
#12537=CARTESIAN_POINT('',(3.95,-0.16123916517187,0.987372054247408));
#12538=CARTESIAN_POINT('',(3.95,-0.16123916517187,0.987372054247408));
#12539=CARTESIAN_POINT('',(3.95,0.870994188709268,0.987372054247408));
#12540=CARTESIAN_POINT('',(3.95,-0.16123916517187,0.987372054247408));
#12541=CARTESIAN_POINT('',(-3.95,-0.16123916517187,0.987372054247408));
#12542=CARTESIAN_POINT('',(-3.95,-0.16123916517187,3.2533193220915));
#12543=CARTESIAN_POINT('',(3.95,-0.16123916517187,3.2533193220915));
#12544=CARTESIAN_POINT('',(3.95,-0.16123916517187,3.2533193220915));
#12545=CARTESIAN_POINT('',(3.95,-0.16123916517187,0.987372054247408));
#12546=CARTESIAN_POINT('',(3.95,-0.16123916517187,3.2533193220915));
#12547=CARTESIAN_POINT('',(-3.95,-0.16123916517187,3.2533193220915));
#12548=CARTESIAN_POINT('',(-3.95,-0.783212901056429,3.2533193220915));
#12549=CARTESIAN_POINT('',(3.95,-0.783212901056429,3.2533193220915));
#12550=CARTESIAN_POINT('',(3.95,-0.783212901056429,3.2533193220915));
#12551=CARTESIAN_POINT('',(3.95,-0.16123916517187,3.2533193220915));
#12552=CARTESIAN_POINT('',(3.95,-0.783212901056429,3.2533193220915));
#12553=CARTESIAN_POINT('',(3.95,-0.783212901056429,3.52364876402537));
#12554=CARTESIAN_POINT('',(3.95,-0.783212901056429,3.52364876402537));
#12555=CARTESIAN_POINT('',(-3.95,-0.783212901056429,3.52364876402537));
#12556=CARTESIAN_POINT('',(3.95,-0.783212901056429,3.2533193220915));
#12557=CARTESIAN_POINT('',(-3.95,-0.783212901056429,3.2533193220915));
#12558=CARTESIAN_POINT('',(3.95,0.,3.52364876402537));
#12559=CARTESIAN_POINT('',(3.95,0.,3.52364876402537));
#12560=CARTESIAN_POINT('',(-3.95,0.,3.52364876402537));
#12561=CARTESIAN_POINT('',(-2.,-0.105022675775366,4.52360315076323));
#12562=CARTESIAN_POINT('',(-2.,-1.12603102610363,5.48704552884288));
#12563=CARTESIAN_POINT('',(-2.,-1.60899824071832,5.10682754882196));
#12564=CARTESIAN_POINT('',(-2.,-1.60899824071832,5.10682754882196));
#12565=CARTESIAN_POINT('',(2.,-1.60899824071832,5.10682754882196));
#12566=CARTESIAN_POINT('',(2.,-1.60899824071832,5.10682754882196));
#12567=CARTESIAN_POINT('',(2.,-1.60899824071832,5.10682754882196));
#12568=CARTESIAN_POINT('',(2.,-1.60899824071832,5.10682754882196));
#12569=CARTESIAN_POINT('',(2.,-0.105022675775366,4.52360315076323));
#12570=CARTESIAN_POINT('',(2.,-1.12603102610363,5.48704552884288));
#12571=CARTESIAN_POINT('',(-2.,-0.105022675775366,4.52360315076323));
#12572=CARTESIAN_POINT('',(-2.,-0.105022675775366,4.52360315076323));
#12573=CARTESIAN_POINT('',(-2.,-0.267103956122567,4.39600397809064));
#12574=CARTESIAN_POINT('',(-2.,0.301659007942684,3.67353981551876));
#12575=CARTESIAN_POINT('',(2.,-0.105022675775366,4.52360315076323));
#12576=CARTESIAN_POINT('',(2.,0.301659007942684,3.67353981551876));
#12577=CARTESIAN_POINT('',(2.,-0.267103956122566,4.39600397809064));
#12578=CARTESIAN_POINT('',(2.,-0.105022675775366,4.52360315076323));
#12579=CARTESIAN_POINT('',(2.,-0.105022675775366,4.52360315076323));
#12580=CARTESIAN_POINT('',(2.,-0.267103956122566,4.39600397809064));
#12581=CARTESIAN_POINT('',(3.95,0.0947421029783855,3.42224300403324));
#12582=CARTESIAN_POINT('',(-3.95,0.0947421029783855,3.42224300403324));
#12583=CARTESIAN_POINT('',(-3.95,0.301659007942684,3.42224300403324));
#12584=CARTESIAN_POINT('',(3.95,0.301659007942684,3.42224300403324));
#12585=CARTESIAN_POINT('',(3.95,0.301659007942684,3.42224300403324));
#12586=CARTESIAN_POINT('',(3.95,0.0947421029783855,3.42224300403324));
#12587=CARTESIAN_POINT('',(3.82269477071129,1.04955738756933,3.36855438516059));
#12588=CARTESIAN_POINT('',(3.82269477071129,0.982684725057178,3.6));
#12589=CARTESIAN_POINT('',(3.82269477071129,0.982684725057178,1.35348870801915));
#12590=CARTESIAN_POINT('',(3.82269477071129,1.00566550806848,1.35348870801915));
#12591=CARTESIAN_POINT('',(3.82269477071129,1.00566550806848,1.35348870801915));
#12592=CARTESIAN_POINT('',(3.82269477071129,1.00566550806848,0.662548533071488));
#12593=CARTESIAN_POINT('',(3.82269477071129,1.00566550806848,0.662548533071488));
#12594=CARTESIAN_POINT('',(3.82269477071129,1.25565883965215,0.662548533071488));
#12595=CARTESIAN_POINT('',(-3.67263589690645,1.04955738756933,3.36855438516059));
#12596=CARTESIAN_POINT('',(-3.67263589690645,1.25565883965215,0.259057623487153));
#12597=CARTESIAN_POINT('',(-3.67263589690645,1.25565883965215,0.259057623487153));
#12598=CARTESIAN_POINT('',(-3.67263589690645,1.15735044314536,0.259057623487153));
#12599=CARTESIAN_POINT('',(-3.67263589690645,1.1476044334132,0.259057623487153));
#12600=CARTESIAN_POINT('',(-3.67263589690645,1.26665611051934,0.));
#12601=CARTESIAN_POINT('',(-3.82269477071129,1.26665611051934,0.));
#12602=CARTESIAN_POINT('',(-3.82269477071129,1.1476044334132,0.259057623487153));
#12603=CARTESIAN_POINT('',(-3.82269477071129,1.1476044334132,0.259057623487153));
#12604=CARTESIAN_POINT('',(-3.82269477071129,1.26665611051934,0.));
#12605=CARTESIAN_POINT('',(3.82269477071129,1.04955738756933,3.36855438516059));
#12606=CARTESIAN_POINT('',(3.82269477071129,1.15735044314536,0.259057623487153));
#12607=CARTESIAN_POINT('',(3.82269477071129,1.25565883965215,0.259057623487153));
#12608=CARTESIAN_POINT('',(3.82269477071129,1.1476044334132,0.259057623487153));
#12609=CARTESIAN_POINT('',(3.82269477071129,1.26665611051934,0.));
#12610=CARTESIAN_POINT('',(3.82269477071129,1.25565883965215,0.259057623487153));
#12611=CARTESIAN_POINT('',(3.82269477071129,1.26665611051934,0.));
#12612=CARTESIAN_POINT('',(3.67263589690645,1.26665611051934,0.));
#12613=CARTESIAN_POINT('',(3.67263589690645,1.1476044334132,0.259057623487153));
#12614=CARTESIAN_POINT('',(4.6,1.1476044334132,0.259057623487153));
#12615=CARTESIAN_POINT('',(3.67263589690645,1.04955738756933,3.36855438516059));
#12616=CARTESIAN_POINT('',(3.67263589690645,1.25565883965215,0.259057623487153));
#12617=CARTESIAN_POINT('',(3.67263589690645,1.25565883965215,0.259057623487153));
#12618=CARTESIAN_POINT('',(3.67263589690645,1.15735044314536,0.259057623487153));
#12619=CARTESIAN_POINT('',(2.82266533380887,1.54456050773954,0.406648186640708));
#12620=CARTESIAN_POINT('',(2.82266533380887,1.25565883965215,0.662548533071488));
#12621=CARTESIAN_POINT('',(2.82266533380887,1.25565883965215,0.259057623487153));
#12622=CARTESIAN_POINT('',(2.82266533380887,1.25565883965215,0.259057623487153));
#12623=CARTESIAN_POINT('',(2.82266533380887,1.1476044334132,0.259057623487153));
#12624=CARTESIAN_POINT('',(2.82266533380887,1.26665611051934,0.));
#12625=CARTESIAN_POINT('',(2.67266533380887,1.26665611051934,0.));
#12626=CARTESIAN_POINT('',(2.67266533380887,1.1476044334132,0.259057623487153));
#12627=CARTESIAN_POINT('',(2.67266533380887,1.1476044334132,0.259057623487153));
#12628=CARTESIAN_POINT('',(2.67266533380887,1.26665611051934,0.));
#12629=CARTESIAN_POINT('',(2.67266533380887,1.54456050773954,0.406648186640708));
#12630=CARTESIAN_POINT('',(2.67266533380887,1.25565883965215,0.662548533071488));
#12631=CARTESIAN_POINT('',(2.67266533380887,1.25565883965215,0.259057623487153));
#12632=CARTESIAN_POINT('',(2.67266533380887,1.25565883965215,0.259057623487153));
#12633=CARTESIAN_POINT('',(4.6,1.25565883965215,0.259057623487153));
#12634=CARTESIAN_POINT('',(4.6,1.25565883965215,0.259057623487153));
#12635=CARTESIAN_POINT('',(4.6,1.25565883965215,0.259057623487153));
#12636=CARTESIAN_POINT('',(4.6,1.25565883965215,0.259057623487153));
#12637=CARTESIAN_POINT('',(4.6,1.25565883965215,0.259057623487153));
#12638=CARTESIAN_POINT('',(4.6,1.25565883965215,0.259057623487153));
#12639=CARTESIAN_POINT('',(4.6,1.25565883965215,0.259057623487153));
#12640=CARTESIAN_POINT('',(4.6,1.25565883965215,0.259057623487153));
#12641=CARTESIAN_POINT('',(-3.82269477071129,1.04955738756933,3.36855438516059));
#12642=CARTESIAN_POINT('',(-3.82269477071129,1.15735044314536,0.259057623487153));
#12643=CARTESIAN_POINT('',(-3.82269477071129,1.25565883965215,0.259057623487153));
#12644=CARTESIAN_POINT('',(-3.82269477071129,1.25565883965215,0.259057623487153));
#12645=CARTESIAN_POINT('',(-3.82269477071129,1.04955738756933,3.36855438516059));
#12646=CARTESIAN_POINT('',(-3.82269477071129,0.982684725057178,3.6));
#12647=CARTESIAN_POINT('',(-3.82269477071129,0.982684725057178,1.35348870801915));
#12648=CARTESIAN_POINT('',(-3.82269477071129,1.25565883965215,0.662548533071488));
#12649=CARTESIAN_POINT('',(-3.82269477071129,1.00566550806848,0.662548533071488));
#12650=CARTESIAN_POINT('',(-3.82269477071129,1.00566550806848,0.662548533071488));
#12651=CARTESIAN_POINT('',(-3.82269477071129,1.00566550806848,1.35348870801915));
#12652=CARTESIAN_POINT('',(-3.82269477071129,1.00566550806848,1.35348870801915));
#12653=CARTESIAN_POINT('',(3.95,0.,0.));
#12654=CARTESIAN_POINT('',(3.95,0.301659007942684,3.42224300403324));
#12655=CARTESIAN_POINT('',(3.95,0.301659007942684,3.6));
#12656=CARTESIAN_POINT('',(3.95,3.97997064992272E-17,3.6));
#12657=CARTESIAN_POINT('',(3.95,0.870994188709268,3.6));
#12658=CARTESIAN_POINT('',(3.95,0.870994188709268,3.77967561547977));
#12659=CARTESIAN_POINT('',(3.82269477071129,0.870994188709268,3.6));
#12660=CARTESIAN_POINT('',(3.82269477071129,0.870994188709268,3.6));
#12661=CARTESIAN_POINT('',(3.82269477071129,0.870994188709268,3.6));
#12662=CARTESIAN_POINT('',(3.82269477071129,0.870994188709268,3.6));
#12663=CARTESIAN_POINT('',(3.82269477071129,0.982684725057178,3.6));
#12664=CARTESIAN_POINT('',(3.82269477071129,0.982684725057178,3.6));
#12665=CARTESIAN_POINT('',(3.82269477071129,0.982684725057178,3.40771597890267));
#12666=CARTESIAN_POINT('',(3.82269477071129,0.982684725057178,3.6));
#12667=CARTESIAN_POINT('',(4.06693615449489,0.982684725057178,3.6));
#12668=CARTESIAN_POINT('',(4.06693615449489,0.982684725057178,3.6));
#12669=CARTESIAN_POINT('',(4.06693615449489,0.982684725057178,1.35348870801915));
#12670=CARTESIAN_POINT('',(3.82269477071129,0.982684725057178,1.35348870801915));
#12671=CARTESIAN_POINT('',(4.06693615449489,0.982684725057178,3.6));
#12672=CARTESIAN_POINT('',(4.06693615449489,0.982684725057178,1.35348870801915));
#12673=CARTESIAN_POINT('',(4.06693615449489,0.709710610462202,1.35348870801915));
#12674=CARTESIAN_POINT('',(4.06693615449489,0.982684725057178,3.6));
#12675=CARTESIAN_POINT('',(4.06693615449489,0.709710610462202,3.6));
#12676=CARTESIAN_POINT('',(4.06693615449489,0.709710610462202,3.6));
#12677=CARTESIAN_POINT('',(-4.06693615449489,0.982684725057178,3.6));
#12678=CARTESIAN_POINT('',(-4.06693615449489,0.982684725057178,1.35348870801915));
#12679=CARTESIAN_POINT('',(-4.06693615449489,0.982684725057178,1.35348870801915));
#12680=CARTESIAN_POINT('',(-4.06693615449489,0.709710610462202,1.35348870801915));
#12681=CARTESIAN_POINT('',(-4.06693615449489,0.709710610462202,3.6));
#12682=CARTESIAN_POINT('',(-4.06693615449489,0.709710610462202,3.6));
#12683=CARTESIAN_POINT('',(-4.06693615449489,0.982684725057178,3.6));
#12684=CARTESIAN_POINT('',(-4.06693615449489,0.982684725057178,3.6));
#12685=CARTESIAN_POINT('',(-4.06693615449489,0.982684725057178,3.6));
#12686=CARTESIAN_POINT('',(-3.82269477071129,0.982684725057178,3.40771597890267));
#12687=CARTESIAN_POINT('',(-3.82269477071129,0.982684725057178,1.35348870801915));
#12688=CARTESIAN_POINT('',(-3.82269477071129,0.982684725057178,3.6));
#12689=CARTESIAN_POINT('',(-3.82269477071129,0.982684725057178,3.6));
#12690=CARTESIAN_POINT('',(-3.82269477071129,0.982684725057178,3.6));
#12691=CARTESIAN_POINT('',(-3.82269477071129,0.982684725057178,3.6));
#12692=CARTESIAN_POINT('',(-3.82269477071129,0.870994188709268,3.6));
#12693=CARTESIAN_POINT('',(-3.82269477071129,0.870994188709268,3.6));
#12694=CARTESIAN_POINT('',(-3.82269477071129,0.982684725057178,3.6));
#12695=CARTESIAN_POINT('',(3.95,0.870994188709268,3.77967561547977));
#12696=CARTESIAN_POINT('',(3.82269477071129,0.870994188709268,3.6));
#12697=CARTESIAN_POINT('',(-3.95,0.870994188709268,3.6));
#12698=CARTESIAN_POINT('',(-3.95,0.870994188709268,3.6));
#12699=CARTESIAN_POINT('',(-3.95,0.870994188709268,3.77967561547977));
#12700=CARTESIAN_POINT('',(-2.88857144517726,0.870994188709268,3.00763739557355));
#12701=CARTESIAN_POINT('',(-2.88857144517726,0.870994188709268,3.00763739557355));
#12702=CARTESIAN_POINT('',(3.95,0.870994188709268,3.00763739557355));
#12703=CARTESIAN_POINT('',(-2.616097887205,0.870994188709268,3.00763739557355));
#12704=CARTESIAN_POINT('',(-2.616097887205,0.870994188709268,3.00763739557355));
#12705=CARTESIAN_POINT('',(-3.95,0.,0.));
#12706=CARTESIAN_POINT('',(-3.95,5.23519216259066E-16,3.6));
#12707=CARTESIAN_POINT('',(-3.95,0.301659007942684,3.6));
#12708=CARTESIAN_POINT('',(-3.95,0.301659007942684,3.42224300403324));
#12709=CARTESIAN_POINT('',(3.95,-1.33013639580713,4.42611876962462));
#12710=CARTESIAN_POINT('',(-3.95,-1.33013639580713,4.42611876962462));
#12711=CARTESIAN_POINT('',(-3.95,-1.33013639580713,4.42611876962462));
#12712=CARTESIAN_POINT('',(-3.95,-1.70436919202562,4.10995841015054));
#12713=CARTESIAN_POINT('',(3.95,-1.70436919202562,4.10995841015054));
#12714=CARTESIAN_POINT('',(3.95,-1.70436919202562,4.10995841015054));
#12715=CARTESIAN_POINT('',(3.95,-1.33013639580713,4.42611876962462));
#12716=CARTESIAN_POINT('',(3.95,-1.33013639580713,4.42611876962462));
#12717=CARTESIAN_POINT('',(3.95,-1.33013639580713,4.42611876962462));
#12718=CARTESIAN_POINT('',(3.95,-1.76768073385622,4.98190408573822));
#12719=CARTESIAN_POINT('',(-3.95,-1.76768073385622,4.98190408573822));
#12720=CARTESIAN_POINT('',(-3.95,-1.76768073385622,4.98190408573822));
#12721=CARTESIAN_POINT('',(3.95,-1.76768073385622,4.98190408573822));
#12722=CARTESIAN_POINT('',(3.95,-1.76768073385622,4.98190408573822));
#12723=CARTESIAN_POINT('',(3.95,-1.76768073385622,4.98190408573822));
#12724=CARTESIAN_POINT('',(3.95,-1.12603102610363,5.48704552884288));
#12725=CARTESIAN_POINT('',(3.95,-1.12603102610363,5.48704552884288));
#12726=CARTESIAN_POINT('',(3.95,-1.12603102610363,5.48704552884288));
#12727=CARTESIAN_POINT('',(3.95,-1.12603102610363,5.48704552884288));
#12728=CARTESIAN_POINT('',(-3.95,-1.12603102610363,5.48704552884288));
#12729=CARTESIAN_POINT('',(-3.95,-1.12603102610363,5.48704552884288));
#12730=CARTESIAN_POINT('',(3.95,-1.12603102610363,5.48704552884288));
#12731=CARTESIAN_POINT('',(3.95,0.301659007942684,3.67353981551876));
#12732=CARTESIAN_POINT('',(3.95,0.301659007942684,3.67353981551876));
#12733=CARTESIAN_POINT('',(3.95,0.301659007942684,3.67353981551876));
#12734=CARTESIAN_POINT('',(3.95,0.301659007942684,3.67353981551876));
#12735=CARTESIAN_POINT('',(-3.95,0.301659007942684,3.67353981551876));
#12736=CARTESIAN_POINT('',(-3.95,0.301659007942684,3.67353981551876));
#12737=CARTESIAN_POINT('',(3.95,0.301659007942684,3.42224300403324));
#12738=CARTESIAN_POINT('',(-3.95,0.301659007942684,3.42224300403324));
#12739=CARTESIAN_POINT('',(3.95,0.301659007942684,3.42224300403324));
#12740=CARTESIAN_POINT('',(3.82269477071129,-0.950025721163271,0.));
#12741=CARTESIAN_POINT('',(3.67263589690645,-0.950025721163271,0.));
#12742=CARTESIAN_POINT('',(3.67263589690645,-0.950025721163271,0.));
#12743=CARTESIAN_POINT('',(3.67263589690645,-1.9,0.));
#12744=CARTESIAN_POINT('',(3.82269477071129,-0.950025721163271,0.));
#12745=CARTESIAN_POINT('',(3.82269477071129,-0.950025721163271,0.));
#12746=CARTESIAN_POINT('',(3.82269477071129,-0.950025721163271,0.));
#12747=CARTESIAN_POINT('',(3.82269477071129,-1.9,0.));
#12748=CARTESIAN_POINT('',(3.82269477071129,-1.9,0.));
#12749=CARTESIAN_POINT('',(3.82269477071129,-1.9,0.302458793665267));
#12750=CARTESIAN_POINT('',(3.67263589690645,-1.9,0.302458793665267));
#12751=CARTESIAN_POINT('',(3.67263589690645,-1.9,0.302458793665267));
#12752=CARTESIAN_POINT('',(3.82269477071129,-1.9,0.302458793665267));
#12753=CARTESIAN_POINT('',(3.82269477071129,-1.9,0.302458793665267));
#12754=CARTESIAN_POINT('',(3.82269477071129,-1.9,0.302458793665267));
#12755=CARTESIAN_POINT('',(3.82269477071129,-1.53007973673412,0.302458793665267));
#12756=CARTESIAN_POINT('',(3.67263589690645,-1.53007973673412,0.302458793665267));
#12757=CARTESIAN_POINT('',(3.67263589690645,-1.53007973673412,0.302458793665267));
#12758=CARTESIAN_POINT('',(3.82269477071129,-1.53007973673412,0.302458793665267));
#12759=CARTESIAN_POINT('',(3.82269477071129,-1.53007973673412,0.302458793665267));
#12760=CARTESIAN_POINT('',(3.82269477071129,-1.53007973673412,0.302458793665267));
#12761=CARTESIAN_POINT('',(3.82269477071129,-1.53007973673412,0.377535864049783));
#12762=CARTESIAN_POINT('',(3.67263589690645,-1.53007973673412,0.377535864049783));
#12763=CARTESIAN_POINT('',(3.67263589690645,-1.4550026663496,0.377535864049783));
#12764=CARTESIAN_POINT('',(3.82269477071129,-1.53007973673412,0.377535864049783));
#12765=CARTESIAN_POINT('',(3.82269477071129,-1.4550026663496,0.377535864049783));
#12766=CARTESIAN_POINT('',(3.82269477071129,-1.4550026663496,0.377535864049783));
#12767=CARTESIAN_POINT('',(3.82269477071129,-1.4550026663496,0.544746823174501));
#12768=CARTESIAN_POINT('',(3.67263589690645,-1.4550026663496,0.544746823174501));
#12769=CARTESIAN_POINT('',(3.67263589690645,-1.4550026663496,0.544746823174501));
#12770=CARTESIAN_POINT('',(3.82269477071129,-1.4550026663496,0.544746823174501));
#12771=CARTESIAN_POINT('',(3.82269477071129,-1.4550026663496,0.544746823174501));
#12772=CARTESIAN_POINT('',(3.82269477071129,-1.4550026663496,0.544746823174501));
#12773=CARTESIAN_POINT('',(3.82269477071129,-1.34142827070315,0.544746823174501));
#12774=CARTESIAN_POINT('',(3.67263589690645,-1.34142827070315,0.544746823174501));
#12775=CARTESIAN_POINT('',(3.67263589690645,-1.34142827070316,0.658321218820948));
#12776=CARTESIAN_POINT('',(3.82269477071129,-1.34142827070315,0.544746823174501));
#12777=CARTESIAN_POINT('',(3.82269477071129,-1.34142827070316,0.658321218820948));
#12778=CARTESIAN_POINT('',(3.82269477071129,-1.34142827070316,0.658321218820948));
#12779=CARTESIAN_POINT('',(3.82269477071129,-1.23328525535493,0.658321218820948));
#12780=CARTESIAN_POINT('',(3.82269477071129,-1.23328525535493,0.658321218820948));
#12781=CARTESIAN_POINT('',(3.82269477071129,-1.30290708291761,0.658321218820948));
#12782=CARTESIAN_POINT('',(3.67263589690645,-1.30290708291761,0.658321218820948));
#12783=CARTESIAN_POINT('',(3.67263589690645,-1.30290708291761,0.658321218820948));
#12784=CARTESIAN_POINT('',(3.67263589690645,-1.23328525535493,0.658321218820948));
#12785=CARTESIAN_POINT('',(3.82269477071129,-1.30290708291761,0.727943046383629));
#12786=CARTESIAN_POINT('',(3.82269477071129,-1.30290708291761,0.727943046383629));
#12787=CARTESIAN_POINT('',(3.82269477071129,-1.23328525535493,0.727943046383629));
#12788=CARTESIAN_POINT('',(3.82269477071129,-1.23328525535493,0.727943046383629));
#12789=CARTESIAN_POINT('',(3.67263589690645,-1.23328525535493,0.727943046383629));
#12790=CARTESIAN_POINT('',(3.67263589690645,-1.30290708291761,0.727943046383629));
#12791=CARTESIAN_POINT('',(3.67263589690645,-1.24279444622358,0.69281941071105));
#12792=CARTESIAN_POINT('',(3.67263589690645,-1.30290708291761,0.727943046383629));
#12793=CARTESIAN_POINT('',(3.82269477071129,-1.23328525535493,1.29428629530183));
#12794=CARTESIAN_POINT('',(3.67263589690645,-1.23328525535493,1.29428629530183));
#12795=CARTESIAN_POINT('',(3.67263589690645,-1.23328525535493,1.29428629530183));
#12796=CARTESIAN_POINT('',(3.82269477071129,-1.23328525535493,1.29428629530183));
#12797=CARTESIAN_POINT('',(3.82269477071129,-1.23328525535493,1.29428629530183));
#12798=CARTESIAN_POINT('',(3.82269477071129,-1.23328525535493,1.29428629530183));
#12799=CARTESIAN_POINT('',(3.82269477071129,-1.24279444622358,1.30205521535545));
#12800=CARTESIAN_POINT('',(3.67263589690645,-1.24279444622358,1.30205521535545));
#12801=CARTESIAN_POINT('',(3.67263589690645,-1.24279444622358,1.30205521535545));
#12802=CARTESIAN_POINT('',(3.82269477071129,-1.24279444622358,1.30205521535545));
#12803=CARTESIAN_POINT('',(3.82269477071129,-1.24279444622358,1.30205521535545));
#12804=CARTESIAN_POINT('',(3.82269477071129,-1.24279444622358,1.30205521535545));
#12805=CARTESIAN_POINT('',(3.82269477071129,-1.89892808885243,1.79703894446471));
#12806=CARTESIAN_POINT('',(3.67263589690645,-1.89892808885243,1.79703894446471));
#12807=CARTESIAN_POINT('',(3.67263589690645,-1.89892808885243,1.79703894446471));
#12808=CARTESIAN_POINT('',(3.82269477071129,-1.89892808885243,1.79703894446471));
#12809=CARTESIAN_POINT('',(3.82269477071129,-1.89892808885243,1.79703894446471));
#12810=CARTESIAN_POINT('',(3.82269477071129,-1.89892808885243,1.79703894446471));
#12811=CARTESIAN_POINT('',(3.82269477071129,-1.89892808885243,2.48698101083993));
#12812=CARTESIAN_POINT('',(3.67263589690645,-1.89892808885243,2.48698101083993));
#12813=CARTESIAN_POINT('',(3.67263589690645,-1.89892808885243,2.48698101083993));
#12814=CARTESIAN_POINT('',(3.82269477071129,-1.89892808885243,2.48698101083993));
#12815=CARTESIAN_POINT('',(3.82269477071129,-1.89892808885243,2.48698101083993));
#12816=CARTESIAN_POINT('',(3.82269477071129,-1.89892808885243,2.48698101083993));
#12817=CARTESIAN_POINT('',(3.82269477071129,-1.7886539259413,2.48698101083993));
#12818=CARTESIAN_POINT('',(3.67263589690645,-1.7886539259413,2.48698101083993));
#12819=CARTESIAN_POINT('',(3.67263589690645,-1.7886539259413,2.59725517375106));
#12820=CARTESIAN_POINT('',(3.82269477071129,-1.7886539259413,2.48698101083993));
#12821=CARTESIAN_POINT('',(3.82269477071129,-1.7886539259413,2.59725517375106));
#12822=CARTESIAN_POINT('',(3.82269477071129,-1.7886539259413,2.59725517375106));
#12823=CARTESIAN_POINT('',(3.82269477071129,-0.643467652614956,2.59725517375105));
#12824=CARTESIAN_POINT('',(3.67263589690645,-0.993184563680376,2.59725517375105));
#12825=CARTESIAN_POINT('',(3.67263589690645,-0.993184563680376,2.59725517375105));
#12826=CARTESIAN_POINT('',(3.82269477071129,-0.993184563680376,2.59725517375106));
#12827=CARTESIAN_POINT('',(3.67263589690645,-0.643467652614956,2.59725517375105));
#12828=CARTESIAN_POINT('',(3.67263589690645,-1.24279444622358,2.59725517375105));
#12829=CARTESIAN_POINT('',(3.67263589690645,-0.643467652614956,2.59725517375105));
#12830=CARTESIAN_POINT('',(3.82269477071129,-0.993184563680376,2.59725517375105));
#12831=CARTESIAN_POINT('',(3.8,0.709710610462202,3.6));
#12832=CARTESIAN_POINT('',(-4.6,0.709710610462202,3.6));
#12833=CARTESIAN_POINT('',(4.6,0.709710610462202,3.6));
#12834=CARTESIAN_POINT('',(4.6,0.709710610462202,3.6));
#12835=CARTESIAN_POINT('',(4.6,0.709710610462202,1.35348870801915));
#12836=CARTESIAN_POINT('',(3.8,0.709710610462202,1.35348870801915));
#12837=CARTESIAN_POINT('',(3.8,1.00566550806848,1.35348870801915));
#12838=CARTESIAN_POINT('',(4.6,0.,1.35348870801915));
#12839=CARTESIAN_POINT('',(4.6,1.00566550806848,1.35348870801915));
#12840=CARTESIAN_POINT('',(3.8,1.00566550806848,1.35348870801915));
#12841=CARTESIAN_POINT('',(3.8,1.00566550806848,0.662548533071488));
#12842=CARTESIAN_POINT('',(4.6,1.00566550806848,3.15611906262123E-16));
#12843=CARTESIAN_POINT('',(4.6,1.00566550806848,0.662548533071488));
#12844=CARTESIAN_POINT('',(3.8,1.00566550806848,0.662548533071488));
#12845=CARTESIAN_POINT('',(3.8,1.25565883965215,0.662548533071488));
#12846=CARTESIAN_POINT('',(-4.6,1.25565883965215,0.662548533071488));
#12847=CARTESIAN_POINT('',(4.6,1.25565883965215,0.662548533071488));
#12848=CARTESIAN_POINT('',(4.6,1.25565883965215,0.662548533071488));
#12849=CARTESIAN_POINT('',(4.6,1.25565883965215,0.259057623487153));
#12850=CARTESIAN_POINT('',(4.6,1.25565883965215,0.259057623487153));
#12851=CARTESIAN_POINT('',(4.6,1.25565883965215,0.259057623487153));
#12852=CARTESIAN_POINT('',(4.6,1.25565883965215,0.259057623487153));
#12853=CARTESIAN_POINT('',(3.67263589690645,-0.993184563680376,0.642919720342613));
#12854=CARTESIAN_POINT('',(3.67263589690645,-0.993184563680376,0.642919720342613));
#12855=CARTESIAN_POINT('',(3.82269477071129,-0.993184563680376,0.642919720342613));
#12856=CARTESIAN_POINT('',(4.6,-0.993184563680376,0.642919720342613));
#12857=CARTESIAN_POINT('',(3.82269477071129,-0.993184563680376,0.642919720342613));
#12858=CARTESIAN_POINT('',(3.82269477071129,-1.24279444622358,0.642919720342613));
#12859=CARTESIAN_POINT('',(-4.6,-1.24279444622358,0.642919720342613));
#12860=CARTESIAN_POINT('',(4.6,-1.24279444622358,0.642919720342613));
#12861=CARTESIAN_POINT('',(4.6,-0.993184563680376,0.642919720342613));
#12862=CARTESIAN_POINT('',(3.67263589690645,-0.993184563680376,3.0007743606173));
#12863=CARTESIAN_POINT('',(3.67263589690645,-0.993184563680376,3.0007743606173));
#12864=CARTESIAN_POINT('',(3.67263589690645,-0.993184563680376,3.0007743606173));
#12865=CARTESIAN_POINT('',(3.82269477071129,-0.993184563680376,3.0007743606173));
#12866=CARTESIAN_POINT('',(4.6,-0.993184563680376,3.89024830798043E-17));
#12867=CARTESIAN_POINT('',(4.6,-0.993184563680376,3.0007743606173));
#12868=CARTESIAN_POINT('',(3.67263589690645,-0.993184563680376,3.0007743606173));
#12869=CARTESIAN_POINT('',(4.6,0.,0.149937790299981));
#12870=CARTESIAN_POINT('',(-4.6,0.,0.149937790299981));
#12871=CARTESIAN_POINT('',(-4.6,-0.205783550496563,0.149937790299981));
#12872=CARTESIAN_POINT('',(-4.6,0.228868637463761,0.149937790299981));
#12873=CARTESIAN_POINT('',(4.6,0.228868637463761,0.149937790299981));
#12874=CARTESIAN_POINT('',(4.6,0.228868637463761,0.149937790299981));
#12875=CARTESIAN_POINT('',(4.6,-0.205783550496563,0.149937790299981));
#12876=CARTESIAN_POINT('',(4.6,-0.205783550496563,0.149937790299981));
#12877=CARTESIAN_POINT('',(4.6,-0.205783550496563,0.149937790299981));
#12878=CARTESIAN_POINT('',(4.6,0.228868637463761,0.149937790299981));
#12879=CARTESIAN_POINT('',(-4.6,0.228868637463761,0.149937790299981));
#12880=CARTESIAN_POINT('',(-4.6,0.228868637463761,0.259057623487153));
#12881=CARTESIAN_POINT('',(4.6,0.228868637463761,0.259057623487153));
#12882=CARTESIAN_POINT('',(4.6,0.228868637463761,0.259057623487153));
#12883=CARTESIAN_POINT('',(4.6,0.228868637463761,0.149937790299981));
#12884=CARTESIAN_POINT('',(4.6,1.15735044314536,0.259057623487153));
#12885=CARTESIAN_POINT('',(4.6,0.228868637463761,0.259057623487153));
#12886=CARTESIAN_POINT('',(-4.6,1.15735044314536,0.259057623487153));
#12887=CARTESIAN_POINT('',(-4.6,1.25565883965215,0.259057623487153));
#12888=CARTESIAN_POINT('',(4.6,1.25565883965215,0.259057623487153));
#12889=CARTESIAN_POINT('',(4.6,1.25565883965215,0.259057623487153));
#12890=CARTESIAN_POINT('',(-4.6,1.25565883965215,0.259057623487153));
#12891=CARTESIAN_POINT('',(-4.6,1.25565883965215,0.662548533071488));
#12892=CARTESIAN_POINT('',(4.6,1.25565883965215,0.662548533071488));
#12893=CARTESIAN_POINT('',(-3.8,1.25565883965215,0.662548533071488));
#12894=CARTESIAN_POINT('',(-4.6,1.25565883965215,0.662548533071488));
#12895=CARTESIAN_POINT('',(-4.6,1.00566550806848,0.662548533071488));
#12896=CARTESIAN_POINT('',(-3.8,1.00566550806848,0.662548533071488));
#12897=CARTESIAN_POINT('',(-3.8,1.00566550806848,0.662548533071488));
#12898=CARTESIAN_POINT('',(-4.6,1.00566550806848,0.662548533071488));
#12899=CARTESIAN_POINT('',(-4.6,1.00566550806848,1.35348870801915));
#12900=CARTESIAN_POINT('',(-3.8,1.00566550806848,1.35348870801915));
#12901=CARTESIAN_POINT('',(-3.8,1.00566550806848,1.35348870801915));
#12902=CARTESIAN_POINT('',(-4.6,1.00566550806848,1.35348870801915));
#12903=CARTESIAN_POINT('',(-4.6,0.709710610462202,1.35348870801915));
#12904=CARTESIAN_POINT('',(-3.8,0.709710610462202,1.35348870801915));
#12905=CARTESIAN_POINT('',(-3.8,0.709710610462202,3.6));
#12906=CARTESIAN_POINT('',(4.6,0.709710610462202,3.6));
#12907=CARTESIAN_POINT('',(-4.6,0.709710610462202,3.6));
#12908=CARTESIAN_POINT('',(-4.6,0.709710610462202,3.6));
#12909=CARTESIAN_POINT('',(-3.82269477071129,-1.7886539259413,2.48698101083993));
#12910=CARTESIAN_POINT('',(-3.67263589690645,-1.7886539259413,2.48698101083993));
#12911=CARTESIAN_POINT('',(-3.67263589690645,-1.7886539259413,2.59725517375105));
#12912=CARTESIAN_POINT('',(-3.67263589690645,-1.89892808885243,2.48698101083993));
#12913=CARTESIAN_POINT('',(-3.82269477071129,-1.7886539259413,2.59725517375105));
#12914=CARTESIAN_POINT('',(-3.82269477071129,-1.7886539259413,2.59725517375105));
#12915=CARTESIAN_POINT('',(-3.82269477071129,-1.7886539259413,2.48698101083993));
#12916=CARTESIAN_POINT('',(-3.82269477071129,-1.89892808885243,2.48698101083993));
#12917=CARTESIAN_POINT('',(-3.82269477071129,-1.89892808885243,2.48698101083993));
#12918=CARTESIAN_POINT('',(-3.82269477071129,-1.89892808885243,2.48698101083993));
#12919=CARTESIAN_POINT('',(-3.67263589690645,-1.89892808885243,2.48698101083993));
#12920=CARTESIAN_POINT('',(-3.67263589690645,-1.89892808885243,1.79703894446471));
#12921=CARTESIAN_POINT('',(-3.82269477071129,-1.89892808885243,2.48698101083993));
#12922=CARTESIAN_POINT('',(-3.82269477071129,-1.89892808885243,1.79703894446471));
#12923=CARTESIAN_POINT('',(-3.82269477071129,-1.89892808885243,1.79703894446471));
#12924=CARTESIAN_POINT('',(-3.82269477071129,-1.89892808885243,1.79703894446471));
#12925=CARTESIAN_POINT('',(-3.67263589690645,-1.89892808885243,1.79703894446471));
#12926=CARTESIAN_POINT('',(-3.67263589690645,-1.24279444622358,1.30205521535545));
#12927=CARTESIAN_POINT('',(-3.82269477071129,-1.89892808885243,1.79703894446471));
#12928=CARTESIAN_POINT('',(-3.82269477071129,-1.24279444622358,1.30205521535545));
#12929=CARTESIAN_POINT('',(-3.82269477071129,-1.24279444622358,1.30205521535545));
#12930=CARTESIAN_POINT('',(-3.82269477071129,-1.24279444622358,1.30205521535545));
#12931=CARTESIAN_POINT('',(-3.67263589690645,-1.24279444622358,1.30205521535545));
#12932=CARTESIAN_POINT('',(-3.67263589690645,-1.23328525535493,1.29428629530183));
#12933=CARTESIAN_POINT('',(-3.82269477071129,-1.24279444622358,1.30205521535545));
#12934=CARTESIAN_POINT('',(-3.82269477071129,-1.23328525535493,1.29428629530183));
#12935=CARTESIAN_POINT('',(-3.82269477071129,-1.23328525535493,1.29428629530183));
#12936=CARTESIAN_POINT('',(-3.82269477071129,-1.23328525535493,1.29428629530183));
#12937=CARTESIAN_POINT('',(-3.82269477071129,-1.23328525535493,1.29428629530183));
#12938=CARTESIAN_POINT('',(-3.82269477071129,-1.23328525535493,0.727943046383629));
#12939=CARTESIAN_POINT('',(-3.67263589690645,-1.23328525535493,0.727943046383629));
#12940=CARTESIAN_POINT('',(-3.67263589690645,-1.23328525535493,0.727943046383629));
#12941=CARTESIAN_POINT('',(-3.67263589690645,-1.23328525535493,1.29428629530183));
#12942=CARTESIAN_POINT('',(-3.67263589690645,-0.993184563680376,0.642919720342613));
#12943=CARTESIAN_POINT('',(-3.82269477071129,-0.993184563680376,0.642919720342613));
#12944=CARTESIAN_POINT('',(-3.82269477071129,-0.993184563680376,0.642919720342613));
#12945=CARTESIAN_POINT('',(-3.82269477071129,-1.24279444622358,0.642919720342613));
#12946=CARTESIAN_POINT('',(-3.67263589690645,-0.993184563680376,0.642919720342613));
#12947=CARTESIAN_POINT('',(-4.6,-0.993184563680376,0.642919720342613));
#12948=CARTESIAN_POINT('',(-4.6,-0.993184563680376,0.642919720342613));
#12949=CARTESIAN_POINT('',(-4.6,-1.24279444622358,0.642919720342613));
#12950=CARTESIAN_POINT('',(4.6,-1.24279444622358,0.642919720342613));
#12951=CARTESIAN_POINT('',(-3.67263589690645,-0.993184563680376,3.0007743606173));
#12952=CARTESIAN_POINT('',(-3.82269477071129,-0.993184563680376,3.0007743606173));
#12953=CARTESIAN_POINT('',(-3.82269477071129,-0.993184563680376,2.59725517375105));
#12954=CARTESIAN_POINT('',(-3.67263589690645,-0.993184563680376,2.59725517375105));
#12955=CARTESIAN_POINT('',(-3.67263589690645,-0.993184563680376,2.59725517375105));
#12956=CARTESIAN_POINT('',(-3.67263589690645,-0.993184563680376,3.0007743606173));
#12957=CARTESIAN_POINT('',(-3.67263589690645,-0.993184563680376,3.0007743606173));
#12958=CARTESIAN_POINT('',(-3.67263589690645,-0.993184563680376,3.0007743606173));
#12959=CARTESIAN_POINT('',(-4.6,-0.993184563680376,3.0007743606173));
#12960=CARTESIAN_POINT('',(-4.6,-0.993184563680376,3.0007743606173));
#12961=CARTESIAN_POINT('',(-3.82269477071129,-0.993184563680376,2.59725517375105));
#12962=CARTESIAN_POINT('',(-3.82269477071129,-0.643467652614956,2.59725517375105));
#12963=CARTESIAN_POINT('',(-3.67263589690645,-0.993184563680376,2.59725517375105));
#12964=CARTESIAN_POINT('',(-3.67263589690645,-1.24279444622358,2.59725517375105));
#12965=CARTESIAN_POINT('',(-3.67263589690645,-0.993184563680376,2.59725517375105));
#12966=CARTESIAN_POINT('',(-3.82269477071129,-0.950025721163271,0.));
#12967=CARTESIAN_POINT('',(-3.67263589690645,-0.950025721163271,0.));
#12968=CARTESIAN_POINT('',(-3.67263589690645,-1.9,0.));
#12969=CARTESIAN_POINT('',(-3.67263589690645,-0.950025721163271,0.));
#12970=CARTESIAN_POINT('',(-3.82269477071129,-1.9,0.));
#12971=CARTESIAN_POINT('',(-3.82269477071129,-1.9,0.));
#12972=CARTESIAN_POINT('',(-3.82269477071129,-0.950025721163271,0.));
#12973=CARTESIAN_POINT('',(-3.82269477071129,-0.950025721163271,0.));
#12974=CARTESIAN_POINT('',(-3.82269477071129,-0.950025721163271,0.));
#12975=CARTESIAN_POINT('',(-3.82269477071129,-1.9,0.302458793665267));
#12976=CARTESIAN_POINT('',(-3.67263589690645,-1.9,0.302458793665267));
#12977=CARTESIAN_POINT('',(-3.67263589690645,-1.9,0.302458793665267));
#12978=CARTESIAN_POINT('',(-3.82269477071129,-1.9,0.302458793665267));
#12979=CARTESIAN_POINT('',(-3.82269477071129,-1.9,0.302458793665267));
#12980=CARTESIAN_POINT('',(-3.82269477071129,-1.9,0.302458793665267));
#12981=CARTESIAN_POINT('',(-3.82269477071129,-1.53007973673412,0.302458793665267));
#12982=CARTESIAN_POINT('',(-3.67263589690645,-1.53007973673412,0.302458793665267));
#12983=CARTESIAN_POINT('',(-3.67263589690645,-1.53007973673412,0.302458793665267));
#12984=CARTESIAN_POINT('',(-3.82269477071129,-1.53007973673412,0.302458793665267));
#12985=CARTESIAN_POINT('',(-3.82269477071129,-1.53007973673412,0.302458793665267));
#12986=CARTESIAN_POINT('',(-3.82269477071129,-1.53007973673412,0.302458793665267));
#12987=CARTESIAN_POINT('',(-3.82269477071129,-1.53007973673412,0.377535864049783));
#12988=CARTESIAN_POINT('',(-3.67263589690645,-1.53007973673412,0.377535864049783));
#12989=CARTESIAN_POINT('',(-3.67263589690645,-1.4550026663496,0.377535864049783));
#12990=CARTESIAN_POINT('',(-3.82269477071129,-1.4550026663496,0.377535864049783));
#12991=CARTESIAN_POINT('',(-3.82269477071129,-1.4550026663496,0.377535864049783));
#12992=CARTESIAN_POINT('',(-3.82269477071129,-1.53007973673412,0.377535864049783));
#12993=CARTESIAN_POINT('',(-3.82269477071129,-1.4550026663496,0.544746823174501));
#12994=CARTESIAN_POINT('',(-3.67263589690645,-1.4550026663496,0.544746823174501));
#12995=CARTESIAN_POINT('',(-3.67263589690645,-1.4550026663496,0.544746823174501));
#12996=CARTESIAN_POINT('',(-3.82269477071129,-1.4550026663496,0.544746823174501));
#12997=CARTESIAN_POINT('',(-3.82269477071129,-1.4550026663496,0.544746823174501));
#12998=CARTESIAN_POINT('',(-3.82269477071129,-1.4550026663496,0.544746823174501));
#12999=CARTESIAN_POINT('',(-3.82269477071129,-1.34142827070315,0.544746823174501));
#13000=CARTESIAN_POINT('',(-3.67263589690645,-1.34142827070315,0.544746823174501));
#13001=CARTESIAN_POINT('',(-3.67263589690645,-1.34142827070316,0.658321218820948));
#13002=CARTESIAN_POINT('',(-3.82269477071129,-1.34142827070316,0.658321218820948));
#13003=CARTESIAN_POINT('',(-3.82269477071129,-1.34142827070316,0.658321218820948));
#13004=CARTESIAN_POINT('',(-3.82269477071129,-1.34142827070315,0.544746823174501));
#13005=CARTESIAN_POINT('',(-3.82269477071129,-1.23328525535493,0.658321218820948));
#13006=CARTESIAN_POINT('',(-3.67263589690645,-1.23328525535493,0.658321218820948));
#13007=CARTESIAN_POINT('',(-3.67263589690645,-1.30290708291761,0.658321218820948));
#13008=CARTESIAN_POINT('',(-3.82269477071129,-1.30290708291761,0.658321218820948));
#13009=CARTESIAN_POINT('',(-3.82269477071129,-1.30290708291761,0.658321218820948));
#13010=CARTESIAN_POINT('',(-3.82269477071129,-1.23328525535493,0.658321218820948));
#13011=CARTESIAN_POINT('',(-3.82269477071129,-1.30290708291761,0.727943046383629));
#13012=CARTESIAN_POINT('',(-3.82269477071129,-1.30290708291761,0.727943046383629));
#13013=CARTESIAN_POINT('',(-3.67263589690645,-1.30290708291761,0.727943046383629));
#13014=CARTESIAN_POINT('',(-3.67263589690645,-1.24279444622358,0.69281941071105));
#13015=CARTESIAN_POINT('',(-3.67263589690645,-1.30290708291761,0.727943046383629));
#13016=CARTESIAN_POINT('',(4.6,0.,3.6));
#13017=CARTESIAN_POINT('',(3.95,3.97997064992272E-17,3.6));
#13018=CARTESIAN_POINT('',(3.95,-1.24279444622358,3.6));
#13019=CARTESIAN_POINT('',(4.6,-1.24279444622358,3.6));
#13020=CARTESIAN_POINT('',(4.6,-1.24279444622358,3.6));
#13021=CARTESIAN_POINT('',(4.6,1.25565883965215,3.6));
#13022=CARTESIAN_POINT('',(3.67263589690645,-1.24279444622358,3.0007743606173));
#13023=CARTESIAN_POINT('',(4.6,-1.24279444622358,3.0007743606173));
#13024=CARTESIAN_POINT('',(4.6,-1.24279444622358,3.0007743606173));
#13025=CARTESIAN_POINT('',(-4.6,-1.24279444622358,3.0007743606173));
#13026=CARTESIAN_POINT('',(3.67263589690645,-1.24279444622358,3.0007743606173));
#13027=CARTESIAN_POINT('',(3.67263589690645,-1.41729977902017,3.0007743606173));
#13028=CARTESIAN_POINT('',(3.67263589690645,5.38371572350446E-49,-9.75850809991042E-33));
#13029=CARTESIAN_POINT('',(3.67263589690645,-1.24279444622358,3.6));
#13030=CARTESIAN_POINT('',(3.67263589690645,-1.53007973673412,0.377535864049783));
#13031=CARTESIAN_POINT('',(3.67263589690645,-1.24279444622358,3.6));
#13032=CARTESIAN_POINT('',(3.67263589690645,5.38371572350446E-49,-9.75850809991042E-33));
#13033=CARTESIAN_POINT('',(3.67263589690645,-1.24279444622358,3.6));
#13034=CARTESIAN_POINT('',(-3.67263589690645,5.38371572350446E-49,-9.75850809991042E-33));
#13035=CARTESIAN_POINT('',(-3.67263589690645,-1.24279444622358,3.6));
#13036=CARTESIAN_POINT('',(-3.67263589690645,-1.7886539259413,2.48698101083993));
#13037=CARTESIAN_POINT('',(-3.67263589690645,-1.24279444622358,3.6));
#13038=CARTESIAN_POINT('',(-3.67263589690645,5.38371572350446E-49,-9.75850809991042E-33));
#13039=CARTESIAN_POINT('',(-3.67263589690645,-1.24279444622358,3.6));
#13040=CARTESIAN_POINT('',(-3.67263589690645,-1.24279444622358,3.0007743606173));
#13041=CARTESIAN_POINT('',(-3.67263589690645,-1.41729977902017,3.0007743606173));
#13042=CARTESIAN_POINT('',(-3.67263589690645,-1.24279444622358,3.0007743606173));
#13043=CARTESIAN_POINT('',(-4.6,-1.24279444622358,3.0007743606173));
#13044=CARTESIAN_POINT('',(-4.6,-1.24279444622358,3.0007743606173));
#13045=CARTESIAN_POINT('',(4.6,-1.24279444622358,3.0007743606173));
#13046=CARTESIAN_POINT('',(4.6,0.,3.6));
#13047=CARTESIAN_POINT('',(4.6,-1.24279444622358,3.6));
#13048=CARTESIAN_POINT('',(-3.95,-1.24279444622358,3.6));
#13049=CARTESIAN_POINT('',(-4.6,-1.24279444622358,3.6));
#13050=CARTESIAN_POINT('',(-3.95,5.23519216259066E-16,3.6));
#13051=CARTESIAN_POINT('',(-4.6,0.,3.6));
#13052=CARTESIAN_POINT('',(-3.95,0.,0.));
#13053=CARTESIAN_POINT('',(-3.95,-1.24279444622358,3.6));
#13054=CARTESIAN_POINT('',(-3.95,-1.24279444622358,3.52364876402537));
#13055=CARTESIAN_POINT('',(-3.95,-1.70436919202562,4.10995841015054));
#13056=CARTESIAN_POINT('',(3.95,-1.70436919202562,4.10995841015054));
#13057=CARTESIAN_POINT('',(3.95,-1.24279444622358,3.52364876402537));
#13058=CARTESIAN_POINT('',(3.95,-1.24279444622358,3.52364876402537));
#13059=CARTESIAN_POINT('',(3.95,-1.70436919202562,4.10995841015054));
#13060=CARTESIAN_POINT('',(3.95,0.,0.));
#13061=CARTESIAN_POINT('',(3.95,-1.24279444622358,3.6));
#13062=CARTESIAN_POINT('',(3.67263589690645,-1.53007973673412,0.377535864049783));
#13063=CARTESIAN_POINT('',(3.67263589690645,-1.24279444622358,3.6));
#13064=CARTESIAN_POINT('',(3.67263589690645,-1.24279444622358,0.259057623487153));
#13065=CARTESIAN_POINT('',(3.67263589690645,-1.24279444622358,0.259057623487153));
#13066=CARTESIAN_POINT('',(3.67263589690645,-0.765632486539615,0.259057623487153));
#13067=CARTESIAN_POINT('',(3.67263589690645,-0.950025721163271,0.));
#13068=CARTESIAN_POINT('',(3.82269477071129,-0.950025721163271,0.));
#13069=CARTESIAN_POINT('',(4.6,-0.765632486539615,0.259057623487153));
#13070=CARTESIAN_POINT('',(3.82269477071129,-0.765632486539615,0.259057623487153));
#13071=CARTESIAN_POINT('',(3.82269477071129,-0.950025721163271,0.));
#13072=CARTESIAN_POINT('',(3.82269477071129,-1.53007973673412,0.377535864049783));
#13073=CARTESIAN_POINT('',(3.82269477071129,-1.24279444622358,0.259057623487153));
#13074=CARTESIAN_POINT('',(3.82269477071129,-1.24279444622358,0.259057623487153));
#13075=CARTESIAN_POINT('',(3.82269477071129,-1.24279444622358,3.6));
#13076=CARTESIAN_POINT('',(4.6,-1.24279444622358,3.6));
#13077=CARTESIAN_POINT('',(4.6,-1.24279444622358,0.259057623487153));
#13078=CARTESIAN_POINT('',(4.6,-1.24279444622358,0.259057623487153));
#13079=CARTESIAN_POINT('',(4.6,-1.24279444622358,3.6));
#13080=CARTESIAN_POINT('',(4.6,0.,0.));
#13081=CARTESIAN_POINT('',(4.6,-1.24279444622358,0.259057623487153));
#13082=CARTESIAN_POINT('',(4.6,-0.205783550496563,0.259057623487153));
#13083=CARTESIAN_POINT('',(4.6,-0.205783550496563,0.259057623487153));
#13084=CARTESIAN_POINT('',(4.6,-1.24279444622358,3.6));
#13085=CARTESIAN_POINT('',(4.6,-0.205783550496563,0.259057623487153));
#13086=CARTESIAN_POINT('',(-4.6,-0.205783550496563,0.259057623487153));
#13087=CARTESIAN_POINT('',(-4.6,-0.205783550496563,0.259057623487153));
#13088=CARTESIAN_POINT('',(4.6,-0.205783550496563,0.259057623487153));
#13089=CARTESIAN_POINT('',(-4.6,0.,0.));
#13090=CARTESIAN_POINT('',(-4.6,-1.24279444622358,3.6));
#13091=CARTESIAN_POINT('',(-4.6,-1.24279444622358,0.259057623487153));
#13092=CARTESIAN_POINT('',(-4.6,-1.24279444622358,0.259057623487153));
#13093=CARTESIAN_POINT('',(-4.6,-1.24279444622358,3.6));
#13094=CARTESIAN_POINT('',(4.6,-1.24279444622358,3.6));
#13095=CARTESIAN_POINT('',(-3.82269477071129,-1.24279444622358,3.6));
#13096=CARTESIAN_POINT('',(-3.82269477071129,-1.24279444622358,0.259057623487153));
#13097=CARTESIAN_POINT('',(4.6,-1.24279444622358,0.259057623487153));
#13098=CARTESIAN_POINT('',(-3.82269477071129,-1.7886539259413,2.48698101083993));
#13099=CARTESIAN_POINT('',(-3.82269477071129,-1.24279444622358,0.259057623487153));
#13100=CARTESIAN_POINT('',(-3.82269477071129,-0.765632486539615,0.259057623487153));
#13101=CARTESIAN_POINT('',(-3.82269477071129,-0.950025721163271,0.));
#13102=CARTESIAN_POINT('',(-3.82269477071129,-0.950025721163271,0.));
#13103=CARTESIAN_POINT('',(4.6,-0.765632486539615,0.259057623487153));
#13104=CARTESIAN_POINT('',(-3.67263589690645,-0.765632486539615,0.259057623487153));
#13105=CARTESIAN_POINT('',(-3.67263589690645,-0.950025721163271,0.));
#13106=CARTESIAN_POINT('',(-3.67263589690645,-1.7886539259413,2.48698101083993));
#13107=CARTESIAN_POINT('',(-3.67263589690645,-1.24279444622358,3.6));
#13108=CARTESIAN_POINT('',(-3.67263589690645,-1.24279444622358,0.259057623487153));
#13109=CARTESIAN_POINT('',(-3.67263589690645,-1.24279444622358,0.259057623487153));
#13110=CARTESIAN_POINT('',(4.6,-1.24279444622358,3.6));
#13111=CARTESIAN_POINT('',(4.6,-1.24279444622358,0.259057623487153));
#13112=CARTESIAN_POINT('',(4.6,-1.24279444622358,0.259057623487153));
#13113=CARTESIAN_POINT('',(4.6,-1.24279444622358,0.259057623487153));
#13114=CARTESIAN_POINT('',(4.6,-1.24279444622358,0.259057623487153));
#13115=CARTESIAN_POINT('',(4.6,-1.24279444622358,0.259057623487153));
#13116=CARTESIAN_POINT('',(2.17266533380887,-1.24279444622358,0.259057623487153));
#13117=CARTESIAN_POINT('',(4.6,-1.24279444622358,0.259057623487153));
#13118=CARTESIAN_POINT('',(2.32266533380887,-1.24279444622358,0.259057623487153));
#13119=CARTESIAN_POINT('',(4.6,-1.24279444622358,0.259057623487153));
#13120=CARTESIAN_POINT('',(4.6,-1.24279444622358,0.259057623487153));
#13121=CARTESIAN_POINT('',(4.6,-1.24279444622358,0.259057623487153));
#13122=CARTESIAN_POINT('',(2.32266533380887,-1.25565883965215,0.259057623487153));
#13123=CARTESIAN_POINT('',(2.32266533380887,-1.1476044334132,0.259057623487153));
#13124=CARTESIAN_POINT('',(4.6,-1.1476044334132,0.259057623487153));
#13125=CARTESIAN_POINT('',(2.17266533380887,-1.1476044334132,0.259057623487153));
#13126=CARTESIAN_POINT('',(2.17266533380887,-1.25565883965215,0.259057623487153));
#13127=CARTESIAN_POINT('',(2.32266533380887,-1.54456050773954,0.406648186640708));
#13128=CARTESIAN_POINT('',(2.32266533380887,-1.54456050773954,0.406648186640708));
#13129=CARTESIAN_POINT('',(2.32266533380887,-1.44093784274429,0.406648186640708));
#13130=CARTESIAN_POINT('',(2.32266533380887,-1.54456050773954,0.303025521645454));
#13131=CARTESIAN_POINT('',(2.32266533380887,-1.54456050773954,0.303025521645454));
#13132=CARTESIAN_POINT('',(2.32266533380887,-1.9,0.303025521645454));
#13133=CARTESIAN_POINT('',(2.32266533380887,-1.9,0.303025521645454));
#13134=CARTESIAN_POINT('',(2.32266533380887,-1.9,0.));
#13135=CARTESIAN_POINT('',(2.32266533380887,-1.9,0.));
#13136=CARTESIAN_POINT('',(2.32266533380887,-1.26665611051934,0.));
#13137=CARTESIAN_POINT('',(2.32266533380887,-1.26665611051934,0.));
#13138=CARTESIAN_POINT('',(2.32266533380887,-1.25565883965215,0.259057623487153));
#13139=CARTESIAN_POINT('',(2.32266533380887,-1.25565883965215,0.259057623487153));
#13140=CARTESIAN_POINT('',(2.32266533380887,-1.25565883965215,0.662548533071488));
#13141=CARTESIAN_POINT('',(2.32266533380887,-1.25565883965215,0.662548533071488));
#13142=CARTESIAN_POINT('',(2.32266533380887,-1.25565883965215,0.662548533071488));
#13143=CARTESIAN_POINT('',(2.32266533380887,-1.3373756082064,0.662548533071488));
#13144=CARTESIAN_POINT('',(2.32266533380887,-1.3373756082064,0.558986298533597));
#13145=CARTESIAN_POINT('',(2.32266533380887,-1.44093784274429,0.558986298533597));
#13146=CARTESIAN_POINT('',(2.32266533380887,-1.44093784274429,0.558986298533597));
#13147=CARTESIAN_POINT('',(2.17266533380887,-1.54456050773954,0.303025521645454));
#13148=CARTESIAN_POINT('',(2.17266533380887,-1.54456050773954,0.303025521645454));
#13149=CARTESIAN_POINT('',(2.17266533380887,-1.54456050773954,0.303025521645454));
#13150=CARTESIAN_POINT('',(2.17266533380887,-1.54456050773954,0.303025521645454));
#13151=CARTESIAN_POINT('',(2.17266533380887,-1.9,0.303025521645454));
#13152=CARTESIAN_POINT('',(2.17266533380887,-1.9,0.303025521645454));
#13153=CARTESIAN_POINT('',(2.17266533380887,-1.9,0.303025521645454));
#13154=CARTESIAN_POINT('',(2.17266533380887,-1.9,0.303025521645454));
#13155=CARTESIAN_POINT('',(2.17266533380887,-1.9,0.));
#13156=CARTESIAN_POINT('',(2.17266533380887,-1.9,0.));
#13157=CARTESIAN_POINT('',(2.17266533380887,-1.9,0.));
#13158=CARTESIAN_POINT('',(2.17266533380887,-1.9,0.));
#13159=CARTESIAN_POINT('',(2.17266533380887,-1.26665611051934,0.));
#13160=CARTESIAN_POINT('',(2.17266533380887,-1.26665611051934,0.));
#13161=CARTESIAN_POINT('',(2.17266533380887,-1.26665611051934,0.));
#13162=CARTESIAN_POINT('',(2.17266533380887,-1.26665611051934,0.));
#13163=CARTESIAN_POINT('',(2.17266533380887,-1.25565883965215,0.259057623487153));
#13164=CARTESIAN_POINT('',(2.17266533380887,-1.25565883965215,0.259057623487153));
#13165=CARTESIAN_POINT('',(2.17266533380887,-1.25565883965215,0.259057623487153));
#13166=CARTESIAN_POINT('',(2.17266533380887,-1.25565883965215,0.259057623487153));
#13167=CARTESIAN_POINT('',(2.17266533380887,-1.25565883965215,0.662548533071488));
#13168=CARTESIAN_POINT('',(2.17266533380887,-1.25565883965215,0.662548533071488));
#13169=CARTESIAN_POINT('',(2.17266533380887,-1.25565883965215,0.662548533071488));
#13170=CARTESIAN_POINT('',(2.17266533380887,-1.25565883965215,0.662548533071488));
#13171=CARTESIAN_POINT('',(2.17266533380887,-1.25565883965215,0.662548533071488));
#13172=CARTESIAN_POINT('',(2.17266533380887,-1.25565883965215,0.662548533071488));
#13173=CARTESIAN_POINT('',(2.17266533380887,-1.3373756082064,0.662548533071488));
#13174=CARTESIAN_POINT('',(2.17266533380887,-1.3373756082064,0.662548533071488));
#13175=CARTESIAN_POINT('',(2.17266533380887,-1.3373756082064,0.558986298533597));
#13176=CARTESIAN_POINT('',(2.17266533380887,-1.3373756082064,0.558986298533597));
#13177=CARTESIAN_POINT('',(2.17266533380887,-1.44093784274429,0.558986298533597));
#13178=CARTESIAN_POINT('',(2.17266533380887,-1.44093784274429,0.558986298533597));
#13179=CARTESIAN_POINT('',(2.17266533380887,-1.44093784274429,0.558986298533597));
#13180=CARTESIAN_POINT('',(2.17266533380887,-1.44093784274429,0.558986298533597));
#13181=CARTESIAN_POINT('',(2.17266533380887,-1.44093784274429,0.406648186640708));
#13182=CARTESIAN_POINT('',(2.17266533380887,-1.44093784274429,0.406648186640708));
#13183=CARTESIAN_POINT('',(2.17266533380887,-1.54456050773954,0.406648186640708));
#13184=CARTESIAN_POINT('',(2.17266533380887,-1.54456050773954,0.406648186640708));
#13185=CARTESIAN_POINT('',(2.17266533380887,-1.54456050773954,0.406648186640708));
#13186=CARTESIAN_POINT('',(-2.75233466619113,0.870994188709268,3.00763739557355));
#13187=CARTESIAN_POINT('',(-2.88857144517726,0.698928839369234,3.00763739557355));
#13188=CARTESIAN_POINT('',(-2.88857144517726,0.806220089369234,3.00763739557355));
#13189=CARTESIAN_POINT('',(-2.75233466619113,0.806220089369234,3.00763739557355));
#13190=CARTESIAN_POINT('',(-2.616097887205,0.806220089369234,3.00763739557355));
#13191=CARTESIAN_POINT('',(-2.616097887205,0.870994188709268,3.00763739557355));
#13192=CARTESIAN_POINT('',(-2.88857144517726,0.698928839369234,3.00763739557355));
#13193=CARTESIAN_POINT('',(-2.88857144517726,0.698928839369234,3.00763739557355));
#13194=CARTESIAN_POINT('',(-2.88857144517726,0.698928839369234,2.90034614557355));
#13195=CARTESIAN_POINT('',(-2.88857144517726,0.752574464369234,2.95399177057355));
#13196=CARTESIAN_POINT('',(-2.616097887205,0.698928839369234,3.00763739557355));
#13197=CARTESIAN_POINT('',(-2.616097887205,0.698928839369234,3.00763739557355));
#13198=CARTESIAN_POINT('',(-2.616097887205,0.698928839369234,2.90034614557355));
#13199=CARTESIAN_POINT('',(-2.616097887205,0.698928839369234,2.90034614557355));
#13200=CARTESIAN_POINT('',(-2.616097887205,0.870994188709268,3.00763739557355));
#13201=CARTESIAN_POINT('',(-2.616097887205,0.838607139039251,3.04002444524357));
#13202=CARTESIAN_POINT('',(-2.616097887205,0.698928839369234,2.90034614557355));
#13203=MECHANICAL_DESIGN_GEOMETRIC_PRESENTATION_REPRESENTATION('',(#6414,
#6415,#6416,#6417,#6418,#6419,#6420,#6421,#6422,#6423,#6424,#6425,#6426,
#6427,#6428,#6429,#6430,#6431,#6432,#6433,#6434,#6435,#6436,#6437,#6438,
#6439,#6440,#6441,#6442,#6443,#6444,#6445,#6446,#6447,#6448,#6449,#6450,
#6451,#6452,#6453,#6454,#6455,#6456,#6457,#6458,#6459,#6460,#6461,#6462,
#6463,#6464,#6465,#6466,#6467,#6468,#6469,#6470,#6471,#6472,#6473,#6474,
#6475,#6476,#6477,#6478,#6479,#6480,#6481,#6482,#6483,#6484,#6485,#6486,
#6487,#6488,#6489,#6490,#6491,#6492,#6493,#6494,#6495,#6496,#6497,#6498,
#6499,#6500,#6501,#6502,#6503,#6504,#6505,#6506,#6507,#6508,#6509,#6510,
#6511,#6512,#6513,#6514,#6515,#6516,#6517,#6518,#6519,#6520,#6521,#6522,
#6523,#6524,#6525,#6526,#6527,#6528,#6529,#6530,#6531,#6532,#6533,#6534,
#6535,#6536,#6537,#6538,#6539,#6540,#6541,#6542,#6543,#6544,#6545,#6546,
#6547,#6548,#6549,#6550,#6551,#6552,#6553,#6554,#6555,#6556,#6557,#6558,
#6559,#6560,#6561,#6562,#6563,#6564,#6565,#6566,#6567,#6568,#6569,#6570,
#6571,#6572,#6573,#6574,#6575,#6576,#6577,#6578,#6579,#6580,#6581,#6582,
#6583,#6584,#6585,#6586,#6587,#6588,#6589,#6590,#6591,#6592,#6593,#6594,
#6595,#6596,#6597,#6598,#6599,#6600,#6601,#6602,#6603,#6604,#6605,#6606,
#6607,#6608,#6609,#6610,#6611,#6612,#6613,#6614,#6615,#6616,#6617,#6618,
#6619,#6620,#6621,#6622,#6623,#6624,#6625,#6626,#6627,#6628,#6629,#6630,
#6631,#6632,#6633,#6634,#6635,#6636,#6637,#6638,#6639,#6640,#6641,#6642,
#6643,#6644,#6645,#6646,#6647,#6648,#6649,#6650,#6651,#6652,#6653,#6654,
#6655,#6656,#6657,#6658,#6659,#6660,#6661,#6662,#6663,#6664,#6665,#6666,
#6667,#6668,#6669,#6670,#6671,#6672,#6673,#6674,#6675,#6676,#6677,#6678,
#6679,#6680,#6681,#6682,#6683,#6684,#6685,#6686,#6687,#6688,#6689,#6690,
#6691,#6692,#6693,#6694,#6695,#6696,#6697,#6698,#6699,#6700,#6701,#6702,
#6703,#6704,#6705,#6706,#6707,#6708,#6709,#6710,#6711,#6712,#6713,#6714,
#6715,#6716,#6717,#6718,#6719,#6720,#6721,#6722,#6723,#6724,#6725,#6726,
#6727,#6728,#6729,#6730,#6731,#6732,#6733,#6734,#6735,#6736,#6737,#6738,
#6739,#6740,#6741,#6742,#6743,#6744,#6745,#6746,#6747,#6748,#6749,#6750),
#13204);
#13204=(
GEOMETRIC_REPRESENTATION_CONTEXT(3)
GLOBAL_UNCERTAINTY_ASSIGNED_CONTEXT((#13205))
GLOBAL_UNIT_ASSIGNED_CONTEXT((#13208,#13207,#13206))
REPRESENTATION_CONTEXT('FH12-12S-0.5SVA(54)','TOP_LEVEL_ASSEMBLY_PART')
);
#13205=UNCERTAINTY_MEASURE_WITH_UNIT(LENGTH_MEASURE(0.005),#13208,
'DISTANCE_ACCURACY_VALUE','Maximum Tolerance applied to model');
#13206=(
NAMED_UNIT(*)
SI_UNIT($,.STERADIAN.)
SOLID_ANGLE_UNIT()
);
#13207=(
NAMED_UNIT(*)
PLANE_ANGLE_UNIT()
SI_UNIT($,.RADIAN.)
);
#13208=(
LENGTH_UNIT()
NAMED_UNIT(*)
SI_UNIT(.MILLI.,.METRE.)
);
#13209=PRODUCT_DEFINITION_SHAPE('','',#13210);
#13210=PRODUCT_DEFINITION('','',#13212,#13211);
#13211=PRODUCT_DEFINITION_CONTEXT('',#13218,'design');
#13212=PRODUCT_DEFINITION_FORMATION_WITH_SPECIFIED_SOURCE('','',#13214,
 .NOT_KNOWN.);
#13213=PRODUCT_RELATED_PRODUCT_CATEGORY('','',(#13214));
#13214=PRODUCT('FH12-12S-0.5SVA(54)','FH12-12S-0.5SVA(54)',
'FH12-12S-0.5SVA(54)',(#13216));
#13215=PRODUCT_CATEGORY('','');
#13216=PRODUCT_CONTEXT('',#13218,'mechanical');
#13217=APPLICATION_PROTOCOL_DEFINITION('international standard',
'automotive_design',2010,#13218);
#13218=APPLICATION_CONTEXT(
'core data for automotive mechanical design processes');
ENDSEC;
END-ISO-10303-21;
