#VRML V2.0 utf8
# 3D model generated by easyeda2kicad.py (https://github.com/uPesy/easyeda2kicad.py)

Shape{
    appearance Appearance {
        material  Material 	{
            diffuseColor 0.8313725490196079 0.8313725490196079 0.8196078431372549
            specularColor 0.6666666666666666 0.6666666666666666 0.6549019607843137
            ambientIntensity 0.2
            transparency 0
            shininess 0.5
        }
    }
    geometry IndexedFaceSet {
        ccw TRUE
        solid FALSE
        coord DEF co Coordinate {
            point [
                -0.7283 -0.8937 -0.8465, -0.7283 -0.8937 0.1575, -0.6496 -0.8937 -0.8465, -0.6496 -0.8937 0.1575, -0.6496 -1.3122 0.2646, -0.6496 -1.3222 0.2661, -0.6496 -1.2925 0.1411, -0.6496 -0.9921 -0.5669, -0.6496 -0.9948 -0.5873, -0.6496 -1.751 -0.8771, -0.6496 -1.7126 -0.8465, -0.6496 -1.7214 -0.8474, -0.6496 -1.0027 -0.6063, -0.6496 -1.0152 -0.6226, -0.6496 -1.0315 -0.6351, -0.6496 -1.2805 -0.5757, -0.6496 -1.2951 -0.5485, -0.6496 -1.437 -0.4724, -0.6496 -1.7434 -0.8613, -0.6496 -1.7481 -0.8687, -0.6496 -1.7371 -0.855, -0.6496 -1.7297 -0.8504, -0.6496 -1.3041 -0.5189, -0.6496 -1.3071 -0.4882, -0.6496 -1.3495 0.1633, -0.6496 -1.3071 0.122, -0.6496 -1.3563 0.2477, -0.6496 -1.2972 0.1391, -0.6496 -1.3498 0.2555, -0.6496 -1.2283 0.1417, -0.6496 -1.2888 0.2464, -0.6496 -1.2874 0.1417, -0.6496 -1.2949 0.2545, -0.6496 -1.3029 0.2607, -0.6496 -1.1803 -0.6426, -0.6496 -1.2099 -0.6337, -0.6496 -1.3583 -0.8465, -0.6496 -1.2371 -0.6191, -0.6496 -1.261 -0.5995, -0.6496 -1.3064 0.1271, -0.6496 -1.3044 0.1319, -0.6496 -1.3614 0.2185, -0.6496 -1.3013 0.136, -0.6496 -1.3622 0.2285, -0.6496 -1.3605 0.2385, -0.6496 -1.3322 0.265, -0.6496 -1.3417 0.2614, -0.6496 -0.9855 0.1821, -0.6496 -0.9904 0.1702, -0.6496 -0.9003 0.1821, -0.6496 -1.0505 -0.643, -0.6496 -1.0709 -0.6457, -0.6496 -1.1496 -0.6457, -0.6496 -1.377 -0.9646, -0.6496 -1.437 -0.8465, -0.6496 -1.752 -0.9646, -0.6496 -1.752 -0.8858, -0.6496 -0.9921 0.1575, -0.6496 -0.8954 0.1702, -0.6496 -0.9081 0.1923, -0.6496 -0.9183 0.2001, -0.6496 -0.9302 0.205, -0.6496 -0.9557 0.205, -0.6496 -0.9675 0.2001, -0.6496 -0.9777 0.1923, -0.6496 -0.9429 0.2067, -0.7283 -0.9921 0.1575, -0.7283 -0.9904 0.1702, -0.7283 -0.9855 0.1821, -0.7283 -0.9777 0.1923, -0.7283 -0.9675 0.2001, -0.7283 -0.9557 0.205, -0.7283 -0.9429 0.2067, -0.7283 -0.9302 0.205, -0.7283 -0.9183 0.2001, -0.7283 -0.9081 0.1923, -0.7283 -0.9003 0.1821, -0.7283 -0.8954 0.1702, -0.7283 -0.9921 -0.5669, -0.7283 -1.0709 -0.6457, -0.7283 -1.0505 -0.643, -0.7283 -1.0315 -0.6351, -0.7283 -1.0152 -0.6226, -0.7283 -1.0027 -0.6063, -0.7283 -0.9948 -0.5873, -0.7283 -1.1496 -0.6457, -0.7283 -1.3071 -0.4882, -0.7283 -1.3041 -0.5189, -0.7283 -1.2951 -0.5485, -0.7283 -1.2805 -0.5757, -0.7283 -1.261 -0.5995, -0.7283 -1.2371 -0.6191, -0.7283 -1.2099 -0.6337, -0.7283 -1.1803 -0.6426, -0.7283 -1.3071 0.122, -0.7283 -1.2874 0.1417, -0.7283 -1.2925 0.1411, -0.7283 -1.2972 0.1391, -0.7283 -1.3013 0.136, -0.7283 -1.3044 0.1319, -0.7283 -1.3064 0.1271, -0.7283 -1.2283 0.1417, -0.7283 -1.2888 0.2464, -0.7283 -1.3614 0.2185, -0.7283 -1.3622 0.2285, -0.7283 -1.3605 0.2385, -0.7283 -1.3563 0.2477, -0.7283 -1.3498 0.2555, -0.7283 -1.3417 0.2614, -0.7283 -1.3322 0.265, -0.7283 -1.3222 0.2661, -0.7283 -1.3122 0.2646, -0.7283 -1.3029 0.2607, -0.7283 -1.2949 0.2545, -0.7283 -1.3495 0.1633, -0.7283 -1.437 -0.4724, -0.7283 -1.437 -0.8465, -0.7283 -1.7126 -0.8465, -0.7283 -1.752 -0.8858, -0.7283 -1.751 -0.8771, -0.7283 -1.7481 -0.8687, -0.7283 -1.7434 -0.8613, -0.7283 -1.7371 -0.855, -0.7283 -1.7297 -0.8504, -0.7283 -1.7214 -0.8474, -0.7283 -1.752 -0.9646, -0.7283 -1.377 -0.9646, -0.7283 -1.3583 -0.8465, -0.7283 -1.3583 -0.8465
            ]
        }
        coordIndex [
            0,1,2,-1,2,1,3,-1,4,5,6,-1,7,8,2,-1,9,10,11,-1,8,12,2,-1,2,12,13,-1,2,13,14,-1,15,16,17,-1,18,19,20,-1,20,19,9,-1,20,9,21,-1,21,9,11,-1,16,22,17,-1,17,22,23,-1,17,23,24,-1,24,23,25,-1,26,27,28,-1,28,27,6,-1,29,30,31,-1,31,30,32,-1,31,32,6,-1,6,32,33,-1,6,33,4,-1,34,35,36,-1,36,35,37,-1,36,37,38,-1,25,39,24,-1,24,39,40,-1,24,40,41,-1,41,40,42,-1,41,42,43,-1,43,42,27,-1,43,27,44,-1,44,27,26,-1,5,45,6,-1,6,45,46,-1,6,46,28,-1,47,48,49,-1,14,50,2,-1,2,50,51,-1,2,51,36,-1,36,51,52,-1,36,52,34,-1,38,15,36,-1,36,15,17,-1,36,17,53,-1,53,17,54,-1,53,54,55,-1,55,54,10,-1,55,10,56,-1,56,10,9,-1,7,2,57,-1,57,2,3,-1,57,3,48,-1,48,3,58,-1,48,58,49,-1,59,60,61,-1,62,63,49,-1,49,63,64,-1,49,64,47,-1,59,61,49,-1,49,61,65,-1,49,65,62,-1,66,57,48,-1,66,48,67,-1,67,48,47,-1,67,47,68,-1,68,47,64,-1,68,64,69,-1,69,64,63,-1,69,63,70,-1,70,63,62,-1,70,62,71,-1,71,62,65,-1,71,65,72,-1,72,65,61,-1,72,61,73,-1,73,61,60,-1,73,60,74,-1,74,60,59,-1,74,59,75,-1,75,59,49,-1,75,49,76,-1,76,49,58,-1,76,58,77,-1,77,58,3,-1,77,3,1,-1,66,78,57,-1,57,78,7,-1,79,51,80,-1,80,51,50,-1,80,50,81,-1,81,50,14,-1,81,14,82,-1,82,14,13,-1,82,13,83,-1,83,13,12,-1,83,12,84,-1,84,12,8,-1,84,8,78,-1,78,8,7,-1,79,85,51,-1,51,85,52,-1,86,23,87,-1,87,23,22,-1,87,22,88,-1,88,22,16,-1,88,16,89,-1,89,16,15,-1,89,15,90,-1,90,15,38,-1,90,38,91,-1,91,38,37,-1,91,37,92,-1,92,37,35,-1,92,35,93,-1,93,35,34,-1,93,34,85,-1,85,34,52,-1,86,94,23,-1,23,94,25,-1,95,31,96,-1,96,31,6,-1,96,6,97,-1,97,6,27,-1,97,27,98,-1,98,27,42,-1,98,42,99,-1,99,42,40,-1,99,40,100,-1,100,40,39,-1,100,39,94,-1,94,39,25,-1,95,101,31,-1,31,101,29,-1,101,102,29,-1,29,102,30,-1,103,41,43,-1,103,43,104,-1,104,43,44,-1,104,44,105,-1,105,44,26,-1,105,26,106,-1,106,26,28,-1,106,28,107,-1,107,28,46,-1,107,46,108,-1,108,46,45,-1,108,45,109,-1,109,45,5,-1,109,5,110,-1,110,5,4,-1,110,4,111,-1,111,4,33,-1,111,33,112,-1,112,33,32,-1,112,32,113,-1,113,32,30,-1,113,30,102,-1,103,114,41,-1,41,114,24,-1,114,115,24,-1,24,115,17,-1,115,116,17,-1,17,116,54,-1,116,117,54,-1,54,117,10,-1,118,56,9,-1,118,9,119,-1,119,9,19,-1,119,19,120,-1,120,19,18,-1,120,18,121,-1,121,18,20,-1,121,20,122,-1,122,20,21,-1,122,21,123,-1,123,21,11,-1,123,11,124,-1,124,11,10,-1,124,10,117,-1,118,125,56,-1,56,125,55,-1,55,125,53,-1,53,125,126,-1,125,117,126,-1,126,117,116,-1,126,116,127,-1,127,116,115,-1,125,118,117,-1,117,118,119,-1,117,119,124,-1,120,121,122,-1,96,114,95,-1,95,114,101,-1,101,114,102,-1,102,114,103,-1,102,103,104,-1,120,122,119,-1,119,122,123,-1,119,123,124,-1,96,97,114,-1,114,97,98,-1,114,98,99,-1,104,105,102,-1,102,105,106,-1,102,106,107,-1,80,81,0,-1,0,81,82,-1,0,82,83,-1,107,108,102,-1,102,108,109,-1,102,109,110,-1,83,84,0,-1,0,84,78,-1,0,78,1,-1,1,78,66,-1,1,66,67,-1,110,111,102,-1,102,111,112,-1,102,112,113,-1,92,127,91,-1,91,127,90,-1,99,100,114,-1,114,100,94,-1,114,94,115,-1,115,94,86,-1,86,87,115,-1,115,87,88,-1,115,88,127,-1,127,88,89,-1,127,89,90,-1,92,93,127,-1,127,93,85,-1,127,85,0,-1,0,85,79,-1,0,79,80,-1,68,76,67,-1,67,76,77,-1,67,77,1,-1,68,69,76,-1,76,69,70,-1,76,70,71,-1,71,72,76,-1,76,72,73,-1,76,73,75,-1,75,73,74,-1,127,36,126,-1,126,36,53,-1,127,0,36,-1,36,0,2,-1,
        ]
    }
}
Shape{
    appearance Appearance {
        material  Material 	{
            diffuseColor 0.6784313725490196 0.6784313725490196 0.6784313725490196
            specularColor 0.047058823529411764 0.047058823529411764 0.047058823529411764
            ambientIntensity 0.2
            transparency 0
            shininess 0.5
        }
    }
    geometry IndexedFaceSet {
        ccw TRUE
        solid FALSE
        coord DEF co Coordinate {
            point [
                -1.9685 -1.2992 -0.7638, -1.9685 -1.3504 -0.7638, -1.9685 -1.2992 0.3346, -1.9685 -1.3504 0.3346, -1.9658 -1.2992 -0.7842, -1.9658 -1.3708 -0.7842, -1.958 -1.2992 -0.8031, -1.958 -1.3898 -0.8031, -1.9454 -1.2992 -0.8195, -1.9454 -1.4061 -0.8195, -1.9377 -1.4129 -0.8262, -1.9291 -1.2992 -0.832, -1.9291 -1.4186 -0.832, -1.9199 -1.4231 -0.8365, -1.9101 -1.2992 -0.8398, -1.9101 -1.4265 -0.8398, -1.9 -1.4285 -0.8418, -1.8898 -1.2992 -0.8425, -1.8898 -1.4291 -0.8425, -1.2041 -1.2891 -0.8425, -1.213 -1.2938 -0.8425, -1.2327 -1.2419 -0.8425, -1.2714 -1.2419 -0.8425, -1.2327 -1.2216 -0.8425, -1.1758 -1.2783 -0.8425, -1.1756 -1.2762 -0.8425, -1.1765 -1.4159 -0.8425, -1.3073 -1.2269 -0.8425, -1.3171 -1.2322 -0.8425, -1.334 -1.1995 -0.8425, -1.3257 -1.2403 -0.8425, -1.3318 -1.2498 -0.8425, -1.3386 -1.5551 -0.8425, -1.3386 -1.095 -0.8425, -1.3358 -1.2686 -0.8425, -1.3349 -1.2592 -0.8425, -1.1765 -1.1102 -0.8425, -1.194 -1.1102 -0.8425, -1.1756 -1.095 -0.8425, -1.3165 -1.1056 -0.8425, -1.334 -1.1056 -0.8425, -1.2291 -1.2979 -0.8425, -1.2585 -1.2999 -0.8425, -1.2875 -1.2428 -0.8425, -1.2872 -1.2976 -0.8425, -1.1765 -1.4371 -0.8425, -1.1756 -1.5551 -0.8425, -1.334 -1.4371 -0.8425, -1.334 -1.3413 -0.8425, -1.1765 -1.1995 -0.8425, -1.2714 -1.2207 -0.8425, -1.2927 -1.2228 -0.8425, -1.3111 -1.2525 -0.8425, -1.2992 -1.2942 -0.8425, -1.1756 -1.2604 -0.8425, -1.1762 -1.2555 -0.8425, -1.1799 -1.2462 -0.8425, -1.2205 -1.222 -0.8425, -1.2054 -1.2251 -0.8425, -1.2603 -1.1783 -0.8425, -1.3165 -1.1783 -0.8425, -1.2603 -1.1157 -0.8425, -1.2428 -1.1157 -0.8425, -1.2428 -1.1783 -0.8425, -1.194 -1.1783 -0.8425, -1.3064 -1.2485 -0.8425, -1.3001 -1.2455 -0.8425, -1.2085 -1.3138 -0.8425, -1.1945 -1.3058 -0.8425, -1.3343 -1.2807 -0.8425, -1.3304 -1.2909 -0.8425, -1.1858 -1.238 -0.8425, -1.1948 -1.2303 -0.8425, -1.3177 -1.2742 -0.8425, -1.3183 -1.2686 -0.8425, -1.1851 -1.297 -0.8425, -1.1792 -1.288 -0.8425, -1.324 -1.3003 -0.8425, -1.3149 -1.3087 -0.8425, -1.3165 -1.3413 -0.8425, -1.3159 -1.2793 -0.8425, -1.3065 -1.2901 -0.8425, -1.3127 -1.2844 -0.8425, -1.2172 -1.2431 -0.8425, -1.2074 -1.2457 -0.8425, -1.1922 -1.2663 -0.8425, -1.2023 -1.2483 -0.8425, -1.1931 -1.2603 -0.8425, -1.1982 -1.2516 -0.8425, -1.1951 -1.2556 -0.8425, -1.193 -1.2744 -0.8425, -1.1952 -1.2797 -0.8425, -1.1988 -1.2846 -0.8425, -1.3039 -1.3149 -0.8425, -1.2859 -1.32 -0.8425, -1.3165 -1.4159 -0.8425, -1.2603 -1.322 -0.8425, -1.2293 -1.3196 -0.8425, -1.3175 -1.2629 -0.8425, -1.3153 -1.2578 -0.8425, -1.1922 -1.2677 -0.8425, -1.1319 -1.5551 -0.8425, -1.1747 -1.2677 -0.8425, -1.1319 -1.095 -0.8425, -1.334 -0.9518 -0.8425, -1.334 -0.9739 -0.8425, -1.1874 -1.0113 -0.8425, -1.1946 -1.0032 -0.8425, -1.1756 -0.9281 -0.8425, -1.2045 -0.9964 -0.8425, -1.2206 -0.9905 -0.8425, -1.2948 -0.9922 -0.8425, -1.3071 -0.9978 -0.8425, -1.2852 -0.8984 -0.8425, -1.2852 -0.9389 -0.8425, -1.334 -0.8855 -0.8425, -1.3386 -0.7677 -0.8425, -1.2509 -0.9868 -0.8425, -1.2557 -0.9868 -0.8425, -1.2783 -0.9883 -0.8425, -1.3158 -1.0046 -0.8425, -1.3234 -1.0138 -0.8425, -1.3296 -1.0261 -0.8425, -1.1765 -1.0531 -0.8425, -1.1779 -1.0359 -0.8425, -1.1817 -1.0218 -0.8425, -1.3331 -1.0406 -0.8425, -1.334 -1.0531 -0.8425, -1.334 -1.0844 -0.8425, -1.1765 -1.0844 -0.8425, -1.1747 -0.9278 -0.8425, -1.1319 -0.7677 -0.8425, -1.1747 -0.9094 -0.8425, -1.1756 -0.7677 -0.8425, -1.1756 -0.9092 -0.8425, -1.334 -0.8634 -0.8425, -1.9685 -0.9724 0.3346, -1.9685 -1.0236 0.3346, -1.6339 -1.0236 0.3346, -1.6339 -1.2992 0.3346, -1.8898 -0.8937 0.3346, -1.4764 -0.8937 0.3346, -1.4764 -1.4291 0.3346, -1.8898 -1.4291 0.3346, -1.9101 -1.4265 0.3346, -1.9291 -1.4186 0.3346, -1.9658 -1.3708 0.3346, -1.958 -1.3898 0.3346, -1.9454 -1.4061 0.3346, -1.9291 -0.9042 0.3346, -1.9454 -0.9168 0.3346, -1.9101 -0.8964 0.3346, -1.958 -0.9331 0.3346, -1.9658 -0.9521 0.3346, -1.3386 -0.7677 0.3346, 0.4429 -0.7677 -0.7441, 0.4429 -0.7677 -0.8425, 0.3445 -0.7677 -0.8425, -0.935 -0.7677 -0.7441, -0.935 -0.7677 -0.8425, -1.0335 -0.7677 -0.8425, 1.0335 -0.7677 -0.7441, 1.3386 -0.7677 0.3346, 1.1319 -0.7677 -0.7441, 1.3386 -0.7677 -0.8425, 1.1319 -0.7677 -0.8425, 1.0335 -0.7677 -0.8425, 0.935 -0.7677 -0.8425, 0.935 -0.7677 -0.7441, 0.8366 -0.7677 -0.7441, 0.3445 -0.7677 -0.7441, 0.2461 -0.7677 -0.7441, -0.1476 -0.7677 -0.7441, -0.1476 -0.7677 -0.8425, -0.2461 -0.7677 -0.8425, -1.1319 -0.7677 -0.7441, -1.0335 -0.7677 -0.7441, 0.8366 -0.7677 -0.8425, 0.7382 -0.7677 -0.8425, 0.7382 -0.7677 -0.7441, 0.6398 -0.7677 -0.7441, 0.6398 -0.7677 -0.8425, 0.5413 -0.7677 -0.8425, 0.5413 -0.7677 -0.7441, 0.2461 -0.7677 -0.8425, 0.1476 -0.7677 -0.8425, 0.1476 -0.7677 -0.7441, 0.0492 -0.7677 -0.7441, -0.2461 -0.7677 -0.7441, -0.3445 -0.7677 -0.7441, -0.3445 -0.7677 -0.8425, -0.4429 -0.7677 -0.8425, -0.4429 -0.7677 -0.7441, -0.5413 -0.7677 -0.7441, 0.0492 -0.7677 -0.8425, -0.0492 -0.7677 -0.8425, -0.0492 -0.7677 -0.7441, -0.5413 -0.7677 -0.8425, -0.6398 -0.7677 -0.8425, -0.6398 -0.7677 -0.7441, -0.7382 -0.7677 -0.7441, -0.7382 -0.7677 -0.8425, -0.8366 -0.7677 -0.8425, -0.8366 -0.7677 -0.7441, -1.8898 -1.0236 -0.8425, -1.8898 -0.8937 -0.8425, -1.6339 -1.0236 -0.8425, -1.4764 -0.8937 -0.8425, -1.6339 -1.2992 -0.8425, -1.4764 -1.4291 -0.8425, 1.1811 -1.5551 0.7283, -1.1811 -1.5551 0.7283, -1.1811 -1.5551 0.3346, -1.3386 -1.5551 0.3346, -1.1319 -1.5551 -0.7441, -1.0335 -1.5551 -0.7441, -0.7382 -1.5551 -0.7441, -0.6398 -1.5551 -0.7441, -0.8366 -1.5551 -0.7441, -0.8366 -1.5551 -0.8425, -0.7382 -1.5551 -0.8425, 0.8366 -1.5551 -0.7441, 0.935 -1.5551 -0.7441, 1.3386 -1.5551 0.3346, -0.935 -1.5551 -0.7441, -0.935 -1.5551 -0.8425, -1.0335 -1.5551 -0.8425, -0.0492 -1.5551 -0.7441, -0.0492 -1.5551 -0.8425, 0.0492 -1.5551 -0.8425, 0.7382 -1.5551 -0.7441, 0.7382 -1.5551 -0.8425, 0.8366 -1.5551 -0.8425, -0.4429 -1.5551 -0.7441, -0.4429 -1.5551 -0.8425, -0.3445 -1.5551 -0.8425, 0.4429 -1.5551 -0.7441, 0.5413 -1.5551 -0.7441, 1.1319 -1.5551 -0.8425, 1.3386 -1.5551 -0.8425, 1.1319 -1.5551 -0.7441, 1.0335 -1.5551 -0.7441, 1.0335 -1.5551 -0.8425, 0.935 -1.5551 -0.8425, -0.3445 -1.5551 -0.7441, -0.5413 -1.5551 -0.7441, -0.5413 -1.5551 -0.8425, -0.6398 -1.5551 -0.8425, -0.2461 -1.5551 -0.8425, -0.1476 -1.5551 -0.8425, -0.2461 -1.5551 -0.7441, -0.1476 -1.5551 -0.7441, 0.1476 -1.5551 -0.8425, 0.2461 -1.5551 -0.8425, 0.1476 -1.5551 -0.7441, 0.2461 -1.5551 -0.7441, 0.3445 -1.5551 -0.7441, 0.3445 -1.5551 -0.8425, 0.4429 -1.5551 -0.8425, 0.0492 -1.5551 -0.7441, 1.1811 -1.5551 0.3346, 0.6398 -1.5551 -0.7441, 0.6398 -1.5551 -0.8425, 0.5413 -1.5551 -0.8425, -1.3189 -1.0039 0.3346, -1.1811 -1.0039 0.3346, -1.1811 -0.9252 0.3346, -1.1811 -1.3976 0.3346, -1.3189 -1.3976 0.3346, 0.4429 -0.8858 0.3346, 0.5413 -0.8858 0.3346, 1.1811 -1.3976 0.3346, 1.3189 -1.3976 0.3346, 1.3189 -1.0039 0.3346, 1.1811 -1.0039 0.3346, 1.1811 -0.9252 0.3346, 0.3445 -0.8858 0.3346, 0.3445 -0.9252 0.3346, 0.4429 -0.9252 0.3346, -1.1319 -0.9252 0.3346, -1.1319 -0.8858 0.3346, -1.0335 -0.8858 0.3346, -0.8366 -0.9252 0.3346, -0.7382 -0.9252 0.3346, -0.8366 -0.8858 0.3346, -0.7382 -0.8858 0.3346, 0.7382 -0.8858 0.3346, 0.7382 -0.9252 0.3346, 0.8366 -0.9252 0.3346, -1.0335 -0.9252 0.3346, -0.935 -0.9252 0.3346, -0.935 -0.8858 0.3346, -0.6398 -0.8858 0.3346, 0.8366 -0.8858 0.3346, 0.935 -0.8858 0.3346, 0.6398 -0.8858 0.3346, 0.6398 -0.9252 0.3346, 0.5413 -0.9252 0.3346, -0.4429 -0.8858 0.3346, -0.4429 -0.9252 0.3346, -0.3445 -0.9252 0.3346, -0.3445 -0.8858 0.3346, -0.2461 -0.8858 0.3346, 1.1319 -0.9252 0.3346, 1.1319 -0.8858 0.3346, 1.0335 -0.8858 0.3346, 1.0335 -0.9252 0.3346, 0.935 -0.9252 0.3346, -0.5413 -0.8858 0.3346, -0.5413 -0.9252 0.3346, -0.6398 -0.9252 0.3346, -0.0492 -0.8858 0.3346, -0.0492 -0.9252 0.3346, 0.0492 -0.9252 0.3346, 0.0492 -0.8858 0.3346, 0.1476 -0.8858 0.3346, -0.1476 -0.8858 0.3346, -0.1476 -0.9252 0.3346, -0.2461 -0.9252 0.3346, 0.2461 -0.8858 0.3346, 0.2461 -0.9252 0.3346, 0.1476 -0.9252 0.3346, -1.9685 -1.0236 -0.7638, -1.9685 -0.9724 -0.7638, -1.1811 -1.0039 0.2559, -1.4764 -1.4291 0.315, -1.4764 -1.4291 -0.8228, -1.3386 -1.4291 -0.8228, -1.3386 -1.4291 0.315, -1.4764 -0.8937 0.315, -1.4764 -0.8937 -0.8228, -1.3386 -0.8937 -0.8228, -1.3386 -0.8937 0.315, -1.9658 -0.9521 -0.7842, -1.958 -0.9331 -0.8031, -1.9454 -0.9168 -0.8195, -1.9377 -0.91 -0.8262, -1.9291 -0.9042 -0.832, -1.9199 -0.8997 -0.8365, -1.9101 -0.8964 -0.8398, -1.9 -0.8944 -0.8418, -1.9101 -1.0236 -0.8398, -1.9291 -1.0236 -0.832, -1.9454 -1.0236 -0.8195, -1.958 -1.0236 -0.8031, -1.9658 -1.0236 -0.7842, -1.1811 -1.3189 0.6102, -1.1319 -1.3189 0.6102, -1.1811 -1.3189 0.2559, -1.1319 -1.3189 -0.7047, -1.3189 -1.3189 0.2559, -1.3189 -1.3189 -0.7047, -1.3189 -1.0039 -0.7047, -1.1319 -1.0039 0.2559, -1.1319 -1.0039 -0.7047, -1.0335 -1.437 0.7283, -0.935 -1.437 0.7283, -0.935 -1.4064 0.7243, -1.0335 -1.4064 0.7243, -0.935 -1.378 0.7125, -1.0335 -1.378 0.7125, -0.935 -1.3535 0.6938, -1.0335 -1.3535 0.6938, -0.935 -1.3347 0.6693, -1.0335 -1.3347 0.6693, -0.935 -1.3229 0.6408, -1.0335 -1.3229 0.6408, -0.935 -1.3189 0.6102, -1.0335 -1.3189 0.6102, -0.935 -1.3189 -0.7047, -1.0335 -1.3189 -0.7047, -1.0335 -1.0039 -0.7047, -0.935 -1.0039 -0.7047, -1.0335 -1.0039 0.2559, -0.935 -1.0039 0.2559, 1.0335 -1.437 0.7283, 1.1319 -1.437 0.7283, 1.1811 -1.437 0.7283, 0.935 -1.437 0.7283, 0.8366 -1.437 0.7283, 0.7382 -1.437 0.7283, -0.0492 -1.437 0.7283, -0.1476 -1.437 0.7283, -0.2461 -1.437 0.7283, -0.3445 -1.437 0.7283, 0.0492 -1.437 0.7283, 0.1476 -1.437 0.7283, -0.4429 -1.437 0.7283, -0.5413 -1.437 0.7283, -0.6398 -1.437 0.7283, 0.6398 -1.437 0.7283, 0.5413 -1.437 0.7283, 0.4429 -1.437 0.7283, 0.3445 -1.437 0.7283, 0.2461 -1.437 0.7283, -0.7382 -1.437 0.7283, -0.8366 -1.437 0.7283, -1.1319 -1.437 0.7283, -1.1811 -1.437 0.7283, -1.1319 -1.4064 0.7243, -1.1811 -1.4064 0.7243, -1.1319 -1.378 0.7125, -1.1811 -1.378 0.7125, -1.1319 -1.3535 0.6938, -1.1811 -1.3535 0.6938, -1.1319 -1.3347 0.6693, -1.1811 -1.3347 0.6693, -1.1319 -1.3229 0.6408, -1.1811 -1.3229 0.6408, -1.0335 -0.8858 -0.7441, -1.1319 -0.8858 -0.7441, -1.0335 -1.437 -0.7441, -1.1319 -1.437 -0.7441, -0.7382 -1.4064 0.7243, -0.8366 -1.4064 0.7243, -0.7382 -1.378 0.7125, -0.8366 -1.378 0.7125, -0.7382 -1.3535 0.6938, -0.8366 -1.3535 0.6938, -0.7382 -1.3347 0.6693, -0.8366 -1.3347 0.6693, -0.7382 -1.3229 0.6408, -0.8366 -1.3229 0.6408, -0.7382 -1.3189 0.6102, -0.8366 -1.3189 0.6102, -0.7382 -1.3189 -0.7047, -0.8366 -1.3189 -0.7047, -0.8366 -1.0039 -0.7047, -0.7382 -1.0039 -0.7047, -0.8366 -1.0039 0.2559, -0.7382 -1.0039 0.2559, -0.8366 -0.8858 -0.7441, -0.935 -0.8858 -0.7441, -0.8366 -1.437 -0.7441, -0.935 -1.437 -0.7441, -0.5413 -1.4064 0.7243, -0.6398 -1.4064 0.7243, -0.5413 -1.378 0.7125, -0.6398 -1.378 0.7125, -0.5413 -1.3535 0.6938, -0.6398 -1.3535 0.6938, -0.5413 -1.3347 0.6693, -0.6398 -1.3347 0.6693, -0.5413 -1.3229 0.6408, -0.6398 -1.3229 0.6408, -0.5413 -1.3189 0.6102, -0.6398 -1.3189 0.6102, -0.5413 -1.3189 -0.7047, -0.6398 -1.3189 -0.7047, -0.6398 -1.0039 -0.7047, -0.5413 -1.0039 -0.7047, -0.6398 -1.0039 0.2559, -0.5413 -1.0039 0.2559, -0.6398 -0.8858 -0.7441, -0.7382 -0.8858 -0.7441, -0.6398 -1.437 -0.7441, -0.7382 -1.437 -0.7441, -0.3445 -1.4064 0.7243, -0.4429 -1.4064 0.7243, -0.3445 -1.378 0.7125, -0.4429 -1.378 0.7125, -0.3445 -1.3535 0.6938, -0.4429 -1.3535 0.6938, -0.3445 -1.3347 0.6693, -0.4429 -1.3347 0.6693, -0.3445 -1.3229 0.6408, -0.4429 -1.3229 0.6408, -0.3445 -1.3189 0.6102, -0.4429 -1.3189 0.6102, -0.3445 -1.3189 -0.7047, -0.4429 -1.3189 -0.7047, -0.4429 -1.0039 -0.7047, -0.3445 -1.0039 -0.7047, -0.4429 -1.0039 0.2559, -0.3445 -1.0039 0.2559, -0.4429 -0.8858 -0.7441, -0.5413 -0.8858 -0.7441, -0.4429 -1.437 -0.7441, -0.5413 -1.437 -0.7441, 1.1811 -1.0039 0.2559, 1.9685 -1.3504 -0.7638, 1.9685 -1.2992 -0.7638, 1.9685 -1.3504 0.3346, 1.9685 -1.2992 0.3346, 1.8898 -1.4291 -0.8425, 1.8898 -1.2992 -0.8425, 1.9 -1.4285 -0.8418, 1.9101 -1.2992 -0.8398, 1.9291 -1.2992 -0.832, 1.9199 -1.4231 -0.8365, 1.9101 -1.4265 -0.8398, 1.9454 -1.4061 -0.8195, 1.9377 -1.4129 -0.8262, 1.9291 -1.4186 -0.832, 1.9454 -1.2992 -0.8195, 1.958 -1.2992 -0.8031, 1.958 -1.3898 -0.8031, 1.9658 -1.2992 -0.7842, 1.9658 -1.3708 -0.7842, 1.6339 -1.2992 0.3346, 1.6339 -1.0236 0.3346, 1.9685 -1.0236 0.3346, 1.9685 -0.9724 0.3346, 1.8898 -0.8937 0.3346, 1.4764 -0.8937 0.3346, 1.4764 -1.4291 0.3346, 1.8898 -1.4291 0.3346, 1.9658 -1.3708 0.3346, 1.9291 -1.4186 0.3346, 1.9454 -1.4061 0.3346, 1.958 -1.3898 0.3346, 1.9658 -0.9521 0.3346, 1.958 -0.9331 0.3346, 1.9101 -0.8964 0.3346, 1.9454 -0.9168 0.3346, 1.9291 -0.9042 0.3346, 1.9101 -1.4265 0.3346, 1.6339 -1.2992 -0.8425, 1.4764 -1.4291 -0.8425, 1.6339 -1.0236 -0.8425, 1.4764 -0.8937 -0.8425, 1.8898 -1.0236 -0.8425, 1.8898 -0.8937 -0.8425, 1.9685 -0.9724 -0.7638, 1.9685 -1.0236 -0.7638, 1.4764 -1.4291 0.315, 1.4764 -1.4291 -0.8228, 1.3386 -1.4291 -0.8228, 1.3386 -1.4291 0.315, 1.4764 -0.8937 0.315, 1.4764 -0.8937 -0.8228, 1.3386 -0.8937 -0.8228, 1.3386 -0.8937 0.315, 1.9 -0.8944 -0.8418, 1.9199 -0.8997 -0.8365, 1.9101 -0.8964 -0.8398, 1.9454 -0.9168 -0.8195, 1.9377 -0.91 -0.8262, 1.9291 -0.9042 -0.832, 1.958 -0.9331 -0.8031, 1.9658 -0.9521 -0.7842, 1.9658 -1.0236 -0.7842, 1.958 -1.0236 -0.8031, 1.9454 -1.0236 -0.8195, 1.9291 -1.0236 -0.832, 1.9101 -1.0236 -0.8398, 1.1319 -1.3189 0.6102, 1.1811 -1.3189 0.6102, 1.1811 -1.3189 0.2559, 1.3189 -1.3189 0.2559, 1.3189 -1.3189 -0.7047, 1.1319 -1.3189 -0.7047, 1.3189 -1.0039 -0.7047, 1.1319 -1.0039 0.2559, 1.1319 -1.0039 -0.7047, 1.1811 -1.4064 0.7243, 1.1811 -1.3229 0.6408, 1.1811 -1.3347 0.6693, 1.1811 -1.3535 0.6938, 1.1811 -1.378 0.7125, 1.1319 -1.4064 0.7243, 1.1319 -1.378 0.7125, 1.1319 -1.3535 0.6938, 1.1319 -1.3347 0.6693, 1.1319 -1.3229 0.6408, 1.0335 -1.4064 0.7243, 0.935 -1.4064 0.7243, 1.0335 -1.378 0.7125, 0.935 -1.378 0.7125, 1.0335 -1.3535 0.6938, 0.935 -1.3535 0.6938, 1.0335 -1.3347 0.6693, 0.935 -1.3347 0.6693, 1.0335 -1.3229 0.6408, 0.935 -1.3229 0.6408, 1.0335 -1.3189 0.6102, 0.935 -1.3189 0.6102, 1.0335 -1.3189 -0.7047, 0.935 -1.3189 -0.7047, 0.935 -1.0039 -0.7047, 1.0335 -1.0039 -0.7047, 0.935 -1.0039 0.2559, 1.0335 -1.0039 0.2559, 1.1319 -0.8858 -0.7441, 1.0335 -0.8858 -0.7441, 1.1319 -1.437 -0.7441, 1.0335 -1.437 -0.7441, 0.8366 -1.4064 0.7243, 0.7382 -1.4064 0.7243, 0.8366 -1.378 0.7125, 0.7382 -1.378 0.7125, 0.8366 -1.3535 0.6938, 0.7382 -1.3535 0.6938, 0.8366 -1.3347 0.6693, 0.7382 -1.3347 0.6693, 0.8366 -1.3229 0.6408, 0.7382 -1.3229 0.6408, 0.8366 -1.3189 0.6102, 0.7382 -1.3189 0.6102, 0.8366 -1.3189 -0.7047, 0.7382 -1.3189 -0.7047, 0.7382 -1.0039 -0.7047, 0.8366 -1.0039 -0.7047, 0.7382 -1.0039 0.2559, 0.8366 -1.0039 0.2559, 0.935 -0.8858 -0.7441, 0.8366 -0.8858 -0.7441, 0.935 -1.437 -0.7441, 0.8366 -1.437 -0.7441, 0.6398 -1.4064 0.7243, 0.5413 -1.4064 0.7243, 0.6398 -1.378 0.7125, 0.5413 -1.378 0.7125, 0.6398 -1.3535 0.6938, 0.5413 -1.3535 0.6938, 0.6398 -1.3347 0.6693, 0.5413 -1.3347 0.6693, 0.6398 -1.3229 0.6408, 0.5413 -1.3229 0.6408, 0.6398 -1.3189 0.6102, 0.5413 -1.3189 0.6102, 0.6398 -1.3189 -0.7047, 0.5413 -1.3189 -0.7047, 0.5413 -1.0039 -0.7047, 0.6398 -1.0039 -0.7047, 0.5413 -1.0039 0.2559, 0.6398 -1.0039 0.2559, 0.7382 -0.8858 -0.7441, 0.6398 -0.8858 -0.7441, 0.7382 -1.437 -0.7441, 0.6398 -1.437 -0.7441, 0.4429 -1.4064 0.7243, 0.3445 -1.4064 0.7243, 0.4429 -1.378 0.7125, 0.3445 -1.378 0.7125, 0.4429 -1.3535 0.6938, 0.3445 -1.3535 0.6938, 0.4429 -1.3347 0.6693, 0.3445 -1.3347 0.6693, 0.4429 -1.3229 0.6408, 0.3445 -1.3229 0.6408, 0.4429 -1.3189 0.6102, 0.3445 -1.3189 0.6102, 0.4429 -1.3189 -0.7047, 0.3445 -1.3189 -0.7047, 0.3445 -1.0039 -0.7047, 0.4429 -1.0039 -0.7047, 0.3445 -1.0039 0.2559, 0.4429 -1.0039 0.2559, 0.5413 -0.8858 -0.7441, 0.4429 -0.8858 -0.7441, 0.5413 -1.437 -0.7441, 0.4429 -1.437 -0.7441, 0.2461 -1.4064 0.7243, 0.1476 -1.4064 0.7243, 0.2461 -1.378 0.7125, 0.1476 -1.378 0.7125, 0.2461 -1.3535 0.6938, 0.1476 -1.3535 0.6938, 0.2461 -1.3347 0.6693, 0.1476 -1.3347 0.6693, 0.2461 -1.3229 0.6408, 0.1476 -1.3229 0.6408, 0.2461 -1.3189 0.6102, 0.1476 -1.3189 0.6102, 0.2461 -1.3189 -0.7047, 0.1476 -1.3189 -0.7047, 0.1476 -1.0039 -0.7047, 0.2461 -1.0039 -0.7047, 0.1476 -1.0039 0.2559, 0.2461 -1.0039 0.2559, 0.3445 -0.8858 -0.7441, 0.2461 -0.8858 -0.7441, 0.3445 -1.437 -0.7441, 0.2461 -1.437 -0.7441, 0.0492 -1.4064 0.7243, -0.0492 -1.4064 0.7243, 0.0492 -1.378 0.7125, -0.0492 -1.378 0.7125, 0.0492 -1.3535 0.6938, -0.0492 -1.3535 0.6938, 0.0492 -1.3347 0.6693, -0.0492 -1.3347 0.6693, 0.0492 -1.3229 0.6408, -0.0492 -1.3229 0.6408, 0.0492 -1.3189 0.6102, -0.0492 -1.3189 0.6102, 0.0492 -1.3189 -0.7047, -0.0492 -1.3189 -0.7047, -0.0492 -1.0039 -0.7047, 0.0492 -1.0039 -0.7047, -0.0492 -1.0039 0.2559, 0.0492 -1.0039 0.2559, 0.1476 -0.8858 -0.7441, 0.0492 -0.8858 -0.7441, 0.1476 -1.437 -0.7441, 0.0492 -1.437 -0.7441, -0.1476 -1.4064 0.7243, -0.2461 -1.4064 0.7243, -0.1476 -1.378 0.7125, -0.2461 -1.378 0.7125, -0.1476 -1.3535 0.6938, -0.2461 -1.3535 0.6938, -0.1476 -1.3347 0.6693, -0.2461 -1.3347 0.6693, -0.1476 -1.3229 0.6408, -0.2461 -1.3229 0.6408, -0.1476 -1.3189 0.6102, -0.2461 -1.3189 0.6102, -0.1476 -1.3189 -0.7047, -0.2461 -1.3189 -0.7047, -0.2461 -1.0039 -0.7047, -0.1476 -1.0039 -0.7047, -0.2461 -1.0039 0.2559, -0.1476 -1.0039 0.2559, -0.0492 -0.8858 -0.7441, -0.1476 -0.8858 -0.7441, -0.0492 -1.437 -0.7441, -0.1476 -1.437 -0.7441, -0.2461 -0.8858 -0.7441, -0.3445 -0.8858 -0.7441, -0.2461 -1.437 -0.7441, -0.3445 -1.437 -0.7441, -0.3445 -1.437 -0.7441
            ]
        }
        coordIndex [
            0,1,2,-1,2,1,3,-1,1,0,4,-1,1,4,5,-1,5,4,6,-1,5,6,7,-1,7,6,8,-1,7,8,9,-1,9,8,10,-1,10,8,11,-1,10,11,12,-1,12,11,13,-1,13,11,14,-1,13,14,15,-1,15,14,16,-1,16,14,17,-1,16,17,18,-1,19,20,21,-1,21,20,22,-1,21,22,23,-1,24,25,26,-1,27,28,29,-1,29,28,30,-1,29,30,31,-1,32,33,34,-1,34,33,29,-1,34,29,35,-1,35,29,31,-1,36,37,38,-1,38,37,39,-1,38,39,33,-1,33,39,40,-1,33,40,29,-1,20,41,22,-1,22,41,42,-1,22,42,43,-1,43,42,44,-1,45,46,47,-1,47,46,32,-1,47,32,48,-1,49,50,29,-1,29,50,51,-1,29,51,27,-1,52,44,53,-1,54,55,49,-1,49,55,56,-1,22,50,23,-1,23,50,49,-1,23,49,57,-1,57,49,58,-1,59,60,61,-1,61,60,39,-1,61,39,62,-1,62,39,37,-1,62,37,63,-1,63,37,64,-1,52,65,44,-1,44,65,66,-1,44,66,43,-1,26,67,68,-1,32,34,48,-1,48,34,69,-1,48,69,70,-1,56,71,49,-1,49,71,72,-1,49,72,58,-1,53,73,74,-1,68,75,26,-1,26,75,76,-1,26,76,24,-1,70,77,48,-1,48,77,78,-1,48,78,79,-1,73,53,80,-1,80,53,81,-1,80,81,82,-1,83,84,85,-1,85,84,86,-1,85,86,87,-1,87,86,88,-1,87,88,89,-1,90,91,21,-1,21,91,92,-1,21,92,19,-1,78,93,79,-1,79,93,94,-1,79,94,95,-1,95,94,96,-1,95,96,26,-1,26,96,97,-1,26,97,67,-1,74,98,53,-1,53,98,99,-1,53,99,52,-1,83,85,21,-1,21,85,100,-1,21,100,90,-1,45,26,46,-1,46,26,25,-1,46,25,101,-1,101,25,102,-1,101,102,103,-1,103,102,54,-1,103,54,38,-1,38,54,49,-1,38,49,36,-1,104,105,33,-1,106,107,108,-1,108,107,109,-1,108,109,110,-1,111,112,105,-1,113,114,115,-1,115,114,104,-1,115,104,116,-1,116,104,33,-1,110,117,108,-1,108,117,118,-1,108,118,105,-1,105,118,119,-1,105,119,111,-1,112,120,105,-1,105,120,121,-1,105,121,122,-1,123,124,108,-1,108,124,125,-1,108,125,106,-1,122,126,105,-1,105,126,127,-1,105,127,33,-1,33,127,128,-1,33,128,38,-1,38,128,129,-1,129,123,38,-1,38,123,108,-1,38,108,103,-1,103,108,130,-1,103,130,131,-1,131,130,132,-1,131,132,133,-1,133,132,134,-1,133,134,116,-1,116,134,135,-1,116,135,115,-1,136,137,138,-1,139,2,3,-1,140,136,141,-1,141,136,138,-1,141,138,142,-1,142,138,139,-1,142,139,143,-1,143,139,3,-1,143,3,144,-1,144,3,145,-1,146,147,3,-1,3,147,148,-1,3,148,145,-1,149,150,151,-1,151,150,152,-1,151,152,140,-1,140,152,153,-1,140,153,136,-1,133,116,154,-1,155,156,157,-1,158,159,160,-1,161,162,163,-1,163,162,164,-1,163,164,165,-1,166,167,161,-1,161,167,168,-1,161,168,162,-1,162,168,169,-1,162,170,171,-1,172,173,174,-1,131,133,175,-1,175,133,154,-1,175,154,176,-1,176,154,162,-1,177,178,169,-1,169,178,179,-1,169,179,162,-1,162,179,180,-1,181,182,180,-1,180,182,183,-1,180,183,162,-1,162,183,155,-1,162,155,170,-1,170,155,157,-1,184,185,171,-1,171,185,186,-1,171,186,162,-1,162,186,187,-1,162,188,189,-1,190,191,189,-1,189,191,192,-1,189,192,162,-1,162,192,193,-1,194,195,187,-1,187,195,196,-1,187,196,162,-1,162,196,172,-1,162,172,188,-1,188,172,174,-1,197,198,193,-1,193,198,199,-1,193,199,162,-1,162,199,200,-1,201,202,200,-1,200,202,203,-1,200,203,162,-1,162,203,158,-1,162,158,176,-1,176,158,160,-1,204,205,206,-1,206,205,207,-1,206,207,208,-1,208,207,209,-1,208,209,17,-1,17,209,18,-1,210,211,212,-1,213,214,212,-1,212,214,215,-1,212,215,210,-1,216,217,210,-1,101,214,46,-1,46,214,213,-1,46,213,32,-1,218,219,220,-1,221,222,223,-1,220,216,218,-1,218,216,210,-1,218,210,224,-1,224,210,215,-1,224,215,225,-1,225,215,226,-1,227,228,229,-1,230,231,232,-1,233,234,235,-1,236,237,223,-1,238,239,240,-1,240,239,223,-1,240,223,241,-1,241,223,222,-1,241,222,242,-1,242,222,243,-1,235,244,233,-1,233,244,210,-1,233,210,245,-1,245,210,217,-1,245,217,246,-1,246,217,247,-1,248,249,250,-1,250,249,251,-1,252,253,254,-1,254,253,255,-1,256,257,258,-1,229,259,227,-1,227,259,260,-1,227,260,251,-1,251,260,210,-1,251,210,250,-1,250,210,244,-1,258,236,256,-1,256,236,223,-1,256,223,255,-1,255,223,260,-1,255,260,254,-1,254,260,259,-1,232,221,230,-1,230,221,223,-1,230,223,261,-1,261,223,237,-1,261,237,262,-1,262,237,263,-1,264,265,266,-1,213,212,267,-1,267,268,213,-1,213,268,264,-1,213,264,154,-1,154,264,266,-1,269,270,162,-1,271,260,272,-1,272,260,223,-1,272,223,273,-1,273,223,162,-1,273,162,274,-1,274,162,275,-1,276,277,278,-1,266,279,154,-1,154,279,280,-1,154,280,281,-1,282,283,284,-1,284,283,285,-1,286,287,288,-1,289,290,281,-1,281,290,291,-1,281,291,154,-1,154,291,284,-1,154,284,162,-1,162,284,285,-1,162,285,292,-1,293,294,162,-1,288,293,286,-1,286,293,162,-1,286,162,295,-1,295,162,270,-1,295,270,296,-1,296,270,297,-1,298,299,300,-1,301,302,162,-1,303,275,304,-1,304,275,162,-1,304,162,305,-1,305,162,294,-1,305,294,306,-1,306,294,307,-1,300,301,298,-1,298,301,162,-1,298,162,308,-1,308,162,292,-1,308,292,309,-1,309,292,310,-1,311,312,313,-1,314,315,162,-1,313,314,311,-1,311,314,162,-1,311,162,316,-1,316,162,302,-1,316,302,317,-1,317,302,318,-1,278,269,276,-1,276,269,162,-1,276,162,319,-1,319,162,315,-1,319,315,320,-1,320,315,321,-1,137,136,322,-1,322,136,323,-1,266,265,324,-1,325,142,143,-1,18,209,326,-1,327,328,326,-1,326,328,325,-1,326,325,18,-1,18,325,143,-1,140,141,205,-1,205,141,329,-1,207,205,330,-1,330,205,329,-1,330,329,331,-1,331,329,332,-1,154,116,331,-1,331,116,33,-1,331,33,327,-1,327,33,32,-1,327,32,328,-1,328,32,213,-1,328,213,332,-1,332,213,154,-1,332,154,331,-1,329,141,325,-1,325,141,142,-1,332,329,328,-1,328,329,325,-1,330,331,326,-1,326,331,327,-1,207,330,209,-1,209,330,326,-1,323,136,153,-1,323,153,333,-1,333,153,152,-1,333,152,334,-1,334,152,150,-1,334,150,335,-1,335,150,336,-1,336,150,149,-1,336,149,337,-1,337,149,338,-1,338,149,151,-1,338,151,339,-1,339,151,340,-1,340,151,140,-1,340,140,205,-1,18,143,16,-1,16,143,144,-1,145,13,144,-1,144,13,15,-1,144,15,16,-1,9,10,145,-1,145,10,12,-1,145,12,13,-1,145,148,9,-1,9,148,147,-1,9,147,7,-1,7,147,146,-1,7,146,5,-1,5,146,3,-1,5,3,1,-1,205,204,340,-1,340,204,341,-1,342,338,341,-1,341,338,339,-1,341,339,340,-1,335,336,342,-1,342,336,337,-1,342,337,338,-1,342,343,335,-1,335,343,344,-1,335,344,334,-1,334,344,345,-1,334,345,333,-1,333,345,322,-1,333,322,323,-1,139,138,208,-1,208,138,206,-1,139,208,2,-1,2,208,17,-1,2,17,0,-1,0,17,4,-1,11,8,6,-1,4,17,6,-1,6,17,14,-1,6,14,11,-1,138,137,206,-1,206,137,322,-1,206,322,204,-1,204,322,345,-1,204,345,344,-1,343,342,344,-1,344,342,341,-1,344,341,204,-1,346,347,348,-1,348,347,349,-1,348,349,350,-1,350,349,351,-1,351,352,350,-1,350,352,264,-1,350,264,268,-1,265,264,324,-1,324,264,352,-1,324,352,353,-1,353,352,354,-1,354,352,349,-1,349,352,351,-1,267,348,268,-1,268,348,350,-1,355,356,357,-1,355,357,358,-1,358,357,359,-1,358,359,360,-1,360,359,361,-1,360,361,362,-1,362,361,363,-1,362,363,364,-1,364,363,365,-1,364,365,366,-1,366,365,367,-1,366,367,368,-1,367,369,368,-1,368,369,370,-1,370,369,371,-1,371,369,372,-1,371,372,373,-1,373,372,374,-1,373,374,289,-1,289,374,290,-1,159,225,160,-1,160,225,226,-1,375,210,376,-1,376,210,377,-1,375,378,210,-1,210,378,379,-1,210,379,380,-1,381,382,211,-1,211,382,383,-1,211,383,384,-1,381,211,385,-1,385,211,210,-1,385,210,386,-1,384,387,211,-1,211,387,388,-1,211,388,389,-1,380,390,210,-1,210,390,391,-1,210,391,392,-1,392,393,210,-1,210,393,394,-1,210,394,386,-1,389,395,211,-1,211,395,396,-1,211,396,356,-1,356,355,211,-1,211,355,397,-1,211,397,398,-1,398,397,399,-1,398,399,400,-1,400,399,401,-1,400,401,402,-1,402,401,403,-1,402,403,404,-1,404,403,405,-1,404,405,406,-1,406,405,407,-1,406,407,408,-1,408,407,347,-1,408,347,346,-1,266,324,279,-1,279,324,353,-1,408,346,267,-1,267,346,348,-1,267,212,211,-1,211,398,267,-1,267,398,400,-1,267,400,402,-1,402,404,267,-1,267,404,406,-1,267,406,408,-1,409,281,410,-1,410,281,280,-1,355,411,397,-1,397,411,412,-1,411,215,412,-1,412,215,214,-1,176,409,175,-1,175,409,410,-1,176,160,409,-1,409,160,226,-1,409,226,411,-1,411,226,215,-1,366,368,355,-1,360,362,364,-1,355,368,411,-1,411,368,370,-1,411,370,409,-1,409,370,371,-1,409,371,281,-1,281,371,373,-1,281,373,289,-1,366,355,364,-1,364,355,358,-1,364,358,360,-1,354,349,101,-1,354,410,353,-1,353,410,280,-1,353,280,279,-1,175,410,131,-1,131,410,354,-1,131,354,103,-1,103,354,101,-1,407,405,397,-1,214,101,412,-1,412,101,349,-1,412,349,397,-1,397,349,347,-1,397,347,407,-1,403,401,405,-1,405,401,399,-1,405,399,397,-1,396,395,413,-1,396,413,414,-1,414,413,415,-1,414,415,416,-1,416,415,417,-1,416,417,418,-1,418,417,419,-1,418,419,420,-1,420,419,421,-1,420,421,422,-1,422,421,423,-1,422,423,424,-1,423,425,424,-1,424,425,426,-1,426,425,427,-1,427,425,428,-1,427,428,429,-1,429,428,430,-1,429,430,282,-1,282,430,283,-1,201,220,202,-1,202,220,219,-1,431,284,432,-1,432,284,291,-1,396,433,356,-1,356,433,434,-1,433,218,434,-1,434,218,224,-1,203,431,158,-1,158,431,432,-1,203,202,431,-1,431,202,219,-1,431,219,433,-1,433,219,218,-1,422,424,396,-1,396,424,433,-1,433,424,426,-1,433,426,431,-1,431,426,427,-1,431,427,284,-1,284,427,429,-1,284,429,282,-1,396,414,422,-1,422,414,416,-1,422,416,420,-1,420,416,418,-1,159,158,432,-1,372,369,225,-1,225,159,372,-1,372,159,432,-1,372,432,374,-1,374,432,291,-1,374,291,290,-1,224,225,434,-1,434,225,369,-1,434,369,356,-1,356,369,367,-1,356,367,357,-1,363,361,359,-1,357,367,359,-1,359,367,365,-1,359,365,363,-1,389,388,435,-1,389,435,436,-1,436,435,437,-1,436,437,438,-1,438,437,439,-1,438,439,440,-1,440,439,441,-1,440,441,442,-1,442,441,443,-1,442,443,444,-1,444,443,445,-1,444,445,446,-1,445,447,446,-1,446,447,448,-1,448,447,449,-1,449,447,450,-1,449,450,451,-1,451,450,452,-1,451,452,310,-1,310,452,309,-1,197,246,198,-1,198,246,247,-1,453,292,454,-1,454,292,285,-1,389,455,395,-1,395,455,456,-1,455,217,456,-1,456,217,216,-1,199,453,200,-1,200,453,454,-1,199,198,453,-1,453,198,247,-1,453,247,455,-1,455,247,217,-1,444,446,389,-1,389,446,455,-1,455,446,448,-1,455,448,453,-1,453,448,449,-1,453,449,292,-1,292,449,451,-1,292,451,310,-1,389,436,444,-1,444,436,438,-1,444,438,442,-1,442,438,440,-1,220,201,454,-1,454,201,200,-1,425,220,428,-1,428,220,454,-1,428,454,430,-1,430,454,285,-1,430,285,283,-1,216,220,456,-1,456,220,425,-1,456,425,395,-1,395,425,423,-1,395,423,413,-1,419,417,415,-1,413,423,415,-1,415,423,421,-1,415,421,419,-1,387,384,457,-1,387,457,458,-1,458,457,459,-1,458,459,460,-1,460,459,461,-1,460,461,462,-1,462,461,463,-1,462,463,464,-1,464,463,465,-1,464,465,466,-1,466,465,467,-1,466,467,468,-1,467,469,468,-1,468,469,470,-1,470,469,471,-1,471,469,472,-1,471,472,473,-1,473,472,474,-1,473,474,299,-1,299,474,300,-1,190,235,191,-1,191,235,234,-1,475,298,476,-1,476,298,308,-1,387,477,388,-1,388,477,478,-1,477,233,478,-1,478,233,245,-1,192,475,193,-1,193,475,476,-1,192,191,475,-1,475,191,234,-1,475,234,477,-1,477,234,233,-1,466,468,387,-1,460,462,464,-1,387,468,477,-1,477,468,470,-1,477,470,475,-1,475,470,471,-1,475,471,298,-1,298,471,473,-1,298,473,299,-1,466,387,464,-1,464,387,458,-1,464,458,460,-1,197,193,476,-1,450,447,246,-1,246,197,450,-1,450,197,476,-1,450,476,452,-1,452,476,308,-1,452,308,309,-1,245,246,478,-1,478,246,447,-1,478,447,388,-1,388,447,445,-1,441,439,437,-1,445,443,388,-1,388,443,441,-1,388,441,435,-1,435,441,437,-1,275,479,274,-1,480,481,482,-1,482,481,483,-1,484,485,486,-1,486,485,487,-1,488,489,487,-1,487,489,490,-1,487,490,486,-1,491,492,488,-1,488,492,493,-1,488,493,489,-1,488,494,491,-1,491,494,495,-1,491,495,496,-1,496,495,497,-1,496,497,498,-1,498,497,481,-1,498,481,480,-1,165,164,238,-1,238,164,239,-1,482,483,499,-1,500,501,502,-1,502,503,500,-1,500,503,504,-1,500,504,499,-1,499,504,505,-1,499,505,482,-1,482,505,506,-1,482,506,507,-1,508,509,510,-1,502,511,503,-1,503,511,512,-1,503,512,513,-1,513,512,514,-1,513,514,515,-1,507,506,510,-1,510,506,516,-1,510,516,508,-1,485,484,517,-1,517,484,518,-1,517,518,519,-1,519,518,520,-1,519,520,521,-1,521,520,522,-1,502,501,523,-1,523,501,524,-1,506,505,484,-1,484,505,525,-1,518,484,526,-1,526,484,525,-1,526,525,527,-1,527,525,528,-1,529,504,503,-1,522,520,530,-1,531,532,530,-1,530,532,529,-1,530,529,522,-1,522,529,503,-1,223,528,532,-1,528,223,527,-1,527,223,239,-1,527,239,531,-1,531,239,164,-1,531,164,532,-1,532,164,162,-1,532,162,223,-1,504,529,505,-1,505,529,525,-1,529,532,525,-1,525,532,528,-1,531,530,527,-1,527,530,526,-1,530,520,526,-1,526,520,518,-1,522,503,533,-1,533,503,513,-1,515,534,513,-1,513,534,535,-1,513,535,533,-1,536,537,515,-1,515,537,538,-1,515,538,534,-1,515,514,536,-1,536,514,512,-1,536,512,539,-1,539,512,511,-1,539,511,540,-1,540,511,502,-1,540,502,523,-1,480,482,507,-1,480,507,498,-1,498,507,510,-1,498,510,496,-1,496,510,509,-1,496,509,491,-1,491,509,492,-1,492,509,508,-1,492,508,493,-1,493,508,489,-1,489,508,516,-1,489,516,490,-1,490,516,486,-1,486,516,506,-1,486,506,484,-1,523,524,541,-1,523,541,540,-1,540,541,542,-1,540,542,539,-1,539,542,543,-1,539,543,536,-1,536,543,537,-1,537,543,544,-1,537,544,538,-1,538,544,534,-1,534,544,545,-1,534,545,535,-1,535,545,533,-1,533,545,521,-1,533,521,522,-1,500,499,519,-1,519,499,517,-1,517,499,485,-1,485,499,483,-1,485,483,481,-1,481,497,485,-1,485,497,495,-1,485,495,487,-1,487,495,494,-1,487,494,488,-1,541,524,521,-1,501,500,524,-1,524,500,519,-1,524,519,521,-1,544,543,542,-1,541,521,542,-1,542,521,545,-1,542,545,544,-1,546,547,548,-1,549,550,548,-1,548,550,551,-1,548,551,546,-1,552,550,273,-1,273,550,549,-1,273,549,272,-1,273,274,479,-1,553,554,479,-1,479,554,552,-1,479,552,273,-1,551,550,554,-1,554,550,552,-1,548,271,549,-1,549,271,272,-1,210,260,377,-1,377,260,271,-1,377,271,555,-1,548,547,271,-1,271,547,556,-1,271,556,557,-1,557,558,271,-1,271,558,559,-1,271,559,555,-1,376,377,555,-1,376,555,560,-1,560,555,559,-1,560,559,561,-1,561,559,558,-1,561,558,562,-1,562,558,557,-1,562,557,563,-1,563,557,556,-1,563,556,564,-1,564,556,547,-1,564,547,546,-1,553,479,303,-1,303,479,275,-1,378,375,565,-1,378,565,566,-1,566,565,567,-1,566,567,568,-1,568,567,569,-1,568,569,570,-1,570,569,571,-1,570,571,572,-1,572,571,573,-1,572,573,574,-1,574,573,575,-1,574,575,576,-1,577,578,575,-1,575,578,576,-1,579,578,580,-1,580,578,577,-1,581,579,582,-1,582,579,580,-1,307,581,306,-1,306,581,582,-1,242,243,166,-1,166,243,167,-1,583,304,584,-1,584,304,305,-1,376,585,375,-1,375,585,586,-1,585,240,586,-1,586,240,241,-1,163,583,161,-1,161,583,584,-1,163,165,583,-1,583,165,238,-1,583,238,585,-1,585,238,240,-1,564,546,376,-1,561,562,563,-1,376,546,585,-1,585,546,551,-1,585,551,583,-1,583,551,554,-1,583,554,304,-1,304,554,553,-1,304,553,303,-1,564,376,563,-1,563,376,560,-1,563,560,561,-1,166,161,584,-1,580,577,242,-1,242,166,580,-1,580,166,584,-1,580,584,582,-1,582,584,305,-1,582,305,306,-1,573,571,375,-1,241,242,586,-1,586,242,577,-1,586,577,375,-1,375,577,575,-1,375,575,573,-1,569,567,571,-1,571,567,565,-1,571,565,375,-1,380,379,587,-1,380,587,588,-1,588,587,589,-1,588,589,590,-1,590,589,591,-1,590,591,592,-1,592,591,593,-1,592,593,594,-1,594,593,595,-1,594,595,596,-1,596,595,597,-1,596,597,598,-1,599,600,597,-1,597,600,598,-1,601,600,602,-1,602,600,599,-1,603,601,604,-1,604,601,602,-1,287,603,288,-1,288,603,604,-1,232,231,177,-1,177,231,178,-1,605,294,606,-1,606,294,293,-1,378,607,379,-1,379,607,608,-1,607,222,608,-1,608,222,221,-1,168,605,169,-1,169,605,606,-1,168,167,605,-1,605,167,243,-1,605,243,607,-1,607,243,222,-1,574,576,378,-1,568,570,572,-1,378,576,607,-1,607,576,578,-1,607,578,605,-1,605,578,579,-1,605,579,294,-1,294,579,581,-1,294,581,307,-1,574,378,572,-1,572,378,566,-1,572,566,568,-1,177,169,606,-1,602,599,232,-1,232,177,602,-1,602,177,606,-1,602,606,604,-1,604,606,293,-1,604,293,288,-1,595,593,379,-1,221,232,608,-1,608,232,599,-1,608,599,379,-1,379,599,597,-1,379,597,595,-1,591,589,593,-1,593,589,587,-1,593,587,379,-1,391,390,609,-1,391,609,610,-1,610,609,611,-1,610,611,612,-1,612,611,613,-1,612,613,614,-1,614,613,615,-1,614,615,616,-1,616,615,617,-1,616,617,618,-1,618,617,619,-1,618,619,620,-1,621,622,619,-1,619,622,620,-1,623,622,624,-1,624,622,621,-1,625,623,626,-1,626,623,624,-1,297,625,296,-1,296,625,626,-1,262,263,181,-1,181,263,182,-1,627,286,628,-1,628,286,295,-1,380,629,390,-1,390,629,630,-1,629,230,630,-1,630,230,261,-1,179,627,180,-1,180,627,628,-1,179,178,627,-1,627,178,231,-1,627,231,629,-1,629,231,230,-1,596,598,380,-1,590,592,594,-1,380,598,629,-1,629,598,600,-1,629,600,627,-1,627,600,601,-1,627,601,286,-1,286,601,603,-1,286,603,287,-1,596,380,594,-1,594,380,588,-1,594,588,590,-1,262,181,628,-1,628,181,180,-1,621,262,624,-1,624,262,628,-1,624,628,626,-1,626,628,295,-1,626,295,296,-1,261,262,630,-1,630,262,621,-1,630,621,390,-1,390,621,619,-1,615,613,611,-1,619,617,390,-1,390,617,615,-1,390,615,609,-1,609,615,611,-1,393,392,631,-1,393,631,632,-1,632,631,633,-1,632,633,634,-1,634,633,635,-1,634,635,636,-1,636,635,637,-1,636,637,638,-1,638,637,639,-1,638,639,640,-1,640,639,641,-1,640,641,642,-1,643,644,641,-1,641,644,642,-1,645,644,646,-1,646,644,643,-1,647,645,648,-1,648,645,646,-1,277,647,278,-1,278,647,648,-1,258,257,156,-1,156,257,157,-1,649,270,650,-1,650,270,269,-1,391,651,392,-1,392,651,652,-1,651,237,652,-1,652,237,236,-1,183,649,155,-1,155,649,650,-1,183,182,649,-1,649,182,263,-1,649,263,651,-1,651,263,237,-1,618,620,391,-1,612,614,616,-1,391,620,651,-1,651,620,622,-1,651,622,649,-1,649,622,623,-1,649,623,270,-1,270,623,625,-1,270,625,297,-1,618,391,616,-1,616,391,610,-1,616,610,612,-1,156,155,650,-1,646,643,258,-1,258,156,646,-1,646,156,650,-1,646,650,648,-1,648,650,269,-1,648,269,278,-1,236,258,652,-1,652,258,643,-1,652,643,392,-1,392,643,641,-1,637,635,633,-1,641,639,392,-1,392,639,637,-1,392,637,631,-1,631,637,633,-1,386,394,653,-1,386,653,654,-1,654,653,655,-1,654,655,656,-1,656,655,657,-1,656,657,658,-1,658,657,659,-1,658,659,660,-1,660,659,661,-1,660,661,662,-1,662,661,663,-1,662,663,664,-1,665,666,663,-1,663,666,664,-1,667,666,668,-1,668,666,665,-1,669,667,670,-1,670,667,668,-1,321,669,320,-1,320,669,670,-1,253,252,184,-1,184,252,185,-1,671,276,672,-1,672,276,319,-1,393,673,394,-1,394,673,674,-1,673,256,674,-1,674,256,255,-1,170,671,171,-1,171,671,672,-1,170,157,671,-1,671,157,257,-1,671,257,673,-1,673,257,256,-1,640,642,393,-1,634,636,638,-1,393,642,673,-1,673,642,644,-1,673,644,671,-1,671,644,645,-1,671,645,276,-1,276,645,647,-1,276,647,277,-1,640,393,638,-1,638,393,632,-1,638,632,634,-1,184,171,672,-1,668,665,253,-1,253,184,668,-1,668,184,672,-1,668,672,670,-1,670,672,319,-1,670,319,320,-1,661,659,394,-1,255,253,674,-1,674,253,665,-1,674,665,394,-1,394,665,663,-1,394,663,661,-1,657,655,659,-1,659,655,653,-1,659,653,394,-1,381,385,675,-1,381,675,676,-1,676,675,677,-1,676,677,678,-1,678,677,679,-1,678,679,680,-1,680,679,681,-1,680,681,682,-1,682,681,683,-1,682,683,684,-1,684,683,685,-1,684,685,686,-1,687,688,685,-1,685,688,686,-1,689,688,690,-1,690,688,687,-1,691,689,692,-1,692,689,690,-1,312,691,313,-1,313,691,692,-1,229,228,194,-1,194,228,195,-1,693,315,694,-1,694,315,314,-1,386,695,385,-1,385,695,696,-1,695,254,696,-1,696,254,259,-1,186,693,187,-1,187,693,694,-1,186,185,693,-1,693,185,252,-1,693,252,695,-1,695,252,254,-1,662,664,386,-1,656,658,660,-1,386,664,695,-1,695,664,666,-1,695,666,693,-1,693,666,667,-1,693,667,315,-1,315,667,669,-1,315,669,321,-1,662,386,660,-1,660,386,654,-1,660,654,656,-1,194,187,694,-1,690,687,229,-1,229,194,690,-1,690,194,694,-1,690,694,692,-1,692,694,314,-1,692,314,313,-1,683,681,385,-1,259,229,696,-1,696,229,687,-1,696,687,385,-1,385,687,685,-1,385,685,683,-1,679,677,681,-1,681,677,675,-1,681,675,385,-1,383,382,697,-1,383,697,698,-1,698,697,699,-1,698,699,700,-1,700,699,701,-1,700,701,702,-1,702,701,703,-1,702,703,704,-1,704,703,705,-1,704,705,706,-1,706,705,707,-1,706,707,708,-1,709,710,707,-1,707,710,708,-1,711,710,712,-1,712,710,709,-1,713,711,714,-1,714,711,712,-1,318,713,317,-1,317,713,714,-1,249,248,173,-1,173,248,174,-1,715,311,716,-1,716,311,316,-1,381,717,382,-1,382,717,718,-1,717,227,718,-1,718,227,251,-1,196,715,172,-1,172,715,716,-1,196,195,715,-1,715,195,228,-1,715,228,717,-1,717,228,227,-1,684,686,381,-1,678,680,682,-1,381,686,717,-1,717,686,688,-1,717,688,715,-1,715,688,689,-1,715,689,311,-1,311,689,691,-1,311,691,312,-1,684,381,682,-1,682,381,676,-1,682,676,678,-1,173,172,716,-1,712,709,249,-1,249,173,712,-1,712,173,716,-1,712,716,714,-1,714,716,316,-1,714,316,317,-1,251,249,718,-1,718,249,709,-1,718,709,382,-1,382,709,707,-1,703,701,699,-1,707,705,382,-1,382,705,703,-1,382,703,697,-1,697,703,699,-1,719,302,720,-1,720,302,301,-1,383,721,384,-1,384,721,722,-1,721,250,722,-1,722,250,244,-1,188,719,189,-1,189,719,720,-1,188,174,719,-1,719,174,248,-1,719,248,721,-1,721,248,250,-1,706,708,383,-1,700,702,704,-1,383,708,721,-1,721,708,710,-1,721,710,719,-1,719,710,711,-1,719,711,302,-1,302,711,713,-1,302,713,318,-1,706,383,704,-1,704,383,698,-1,704,698,700,-1,190,189,720,-1,472,469,235,-1,235,190,472,-1,472,190,720,-1,472,720,474,-1,474,720,301,-1,474,301,300,-1,465,463,384,-1,244,235,722,-1,722,235,469,-1,722,469,384,-1,384,469,467,-1,384,467,465,-1,461,459,463,-1,463,459,457,-1,463,457,384,-1,
        ]
    }
}
Shape{
    appearance Appearance {
        material  Material 	{
            diffuseColor 0.07058823529411765 0.07058823529411765 0.07058823529411765
            specularColor 0.00392156862745098 0.00392156862745098 0.00392156862745098
            ambientIntensity 0.2
            transparency 0
            shininess 0.5
        }
    }
    geometry IndexedFaceSet {
        ccw TRUE
        solid FALSE
        coord DEF co Coordinate {
            point [
                -1.1765 -1.4371 -0.8386, -1.1765 -1.4371 -0.8425, -1.334 -1.4371 -0.8386, -1.334 -1.4371 -0.8425, -1.1765 -1.4159 -0.8386, -1.1765 -1.4159 -0.8425, -1.3165 -1.4159 -0.8386, -1.3165 -1.4159 -0.8425, -1.3165 -1.3413 -0.8386, -1.3165 -1.3413 -0.8425, -1.334 -1.3413 -0.8386, -1.334 -1.3413 -0.8425, -1.3358 -1.2686 -0.8425, -1.3358 -1.2686 -0.8386, -1.3343 -1.2807 -0.8386, -1.3343 -1.2807 -0.8425, -1.3304 -1.2909 -0.8386, -1.3304 -1.2909 -0.8425, -1.324 -1.3003 -0.8386, -1.324 -1.3003 -0.8425, -1.3149 -1.3087 -0.8386, -1.3149 -1.3087 -0.8425, -1.3039 -1.3149 -0.8386, -1.3039 -1.3149 -0.8425, -1.2859 -1.32 -0.8386, -1.2859 -1.32 -0.8425, -1.2603 -1.322 -0.8386, -1.2603 -1.322 -0.8425, -1.2293 -1.3196 -0.8386, -1.2293 -1.3196 -0.8425, -1.2085 -1.3138 -0.8386, -1.2085 -1.3138 -0.8425, -1.1945 -1.3058 -0.8386, -1.1945 -1.3058 -0.8425, -1.1851 -1.297 -0.8386, -1.1851 -1.297 -0.8425, -1.1792 -1.288 -0.8386, -1.1792 -1.288 -0.8425, -1.1758 -1.2783 -0.8386, -1.1758 -1.2783 -0.8425, -1.1756 -1.2762 -0.8425, -1.1747 -1.2677 -0.8386, -1.1747 -1.2677 -0.8425, -1.1756 -1.2604 -0.8425, -1.1762 -1.2555 -0.8386, -1.1762 -1.2555 -0.8425, -1.1799 -1.2462 -0.8386, -1.1799 -1.2462 -0.8425, -1.1858 -1.238 -0.8386, -1.1858 -1.238 -0.8425, -1.1948 -1.2303 -0.8386, -1.1948 -1.2303 -0.8425, -1.2054 -1.2251 -0.8386, -1.2054 -1.2251 -0.8425, -1.2205 -1.222 -0.8386, -1.2205 -1.222 -0.8425, -1.2327 -1.2216 -0.8386, -1.2327 -1.2216 -0.8425, -1.2327 -1.2419 -0.8386, -1.2327 -1.2419 -0.8425, -1.2172 -1.2431 -0.8386, -1.2172 -1.2431 -0.8425, -1.2074 -1.2457 -0.8386, -1.2074 -1.2457 -0.8425, -1.2023 -1.2483 -0.8386, -1.2023 -1.2483 -0.8425, -1.1982 -1.2516 -0.8386, -1.1982 -1.2516 -0.8425, -1.1951 -1.2556 -0.8386, -1.1951 -1.2556 -0.8425, -1.1931 -1.2603 -0.8386, -1.1931 -1.2603 -0.8425, -1.1922 -1.2663 -0.8386, -1.1922 -1.2663 -0.8425, -1.1922 -1.2677 -0.8386, -1.1922 -1.2677 -0.8425, -1.193 -1.2744 -0.8386, -1.193 -1.2744 -0.8425, -1.1952 -1.2797 -0.8386, -1.1952 -1.2797 -0.8425, -1.1988 -1.2846 -0.8386, -1.1988 -1.2846 -0.8425, -1.2041 -1.2891 -0.8386, -1.2041 -1.2891 -0.8425, -1.213 -1.2938 -0.8386, -1.213 -1.2938 -0.8425, -1.2291 -1.2979 -0.8386, -1.2291 -1.2979 -0.8425, -1.2585 -1.2999 -0.8386, -1.2585 -1.2999 -0.8425, -1.2872 -1.2976 -0.8386, -1.2872 -1.2976 -0.8425, -1.2992 -1.2942 -0.8386, -1.2992 -1.2942 -0.8425, -1.3065 -1.2901 -0.8386, -1.3065 -1.2901 -0.8425, -1.3127 -1.2844 -0.8386, -1.3127 -1.2844 -0.8425, -1.3159 -1.2793 -0.8386, -1.3159 -1.2793 -0.8425, -1.3177 -1.2742 -0.8386, -1.3177 -1.2742 -0.8425, -1.3183 -1.2686 -0.8386, -1.3183 -1.2686 -0.8425, -1.3175 -1.2629 -0.8386, -1.3175 -1.2629 -0.8425, -1.3153 -1.2578 -0.8386, -1.3153 -1.2578 -0.8425, -1.3111 -1.2525 -0.8386, -1.3111 -1.2525 -0.8425, -1.3064 -1.2485 -0.8386, -1.3064 -1.2485 -0.8425, -1.3001 -1.2455 -0.8386, -1.3001 -1.2455 -0.8425, -1.2875 -1.2428 -0.8386, -1.2875 -1.2428 -0.8425, -1.2714 -1.2419 -0.8386, -1.2714 -1.2419 -0.8425, -1.2714 -1.2207 -0.8386, -1.2714 -1.2207 -0.8425, -1.2927 -1.2228 -0.8386, -1.2927 -1.2228 -0.8425, -1.3073 -1.2269 -0.8386, -1.3073 -1.2269 -0.8425, -1.3171 -1.2322 -0.8386, -1.3171 -1.2322 -0.8425, -1.3257 -1.2403 -0.8386, -1.3257 -1.2403 -0.8425, -1.3318 -1.2498 -0.8386, -1.3318 -1.2498 -0.8425, -1.3349 -1.2592 -0.8386, -1.3349 -1.2592 -0.8425, -1.1765 -1.1995 -0.8386, -1.1765 -1.1995 -0.8425, -1.334 -1.1995 -0.8386, -1.334 -1.1995 -0.8425, -1.1765 -1.1102 -0.8386, -1.1765 -1.1102 -0.8425, -1.194 -1.1102 -0.8386, -1.194 -1.1102 -0.8425, -1.194 -1.1783 -0.8386, -1.194 -1.1783 -0.8425, -1.2428 -1.1783 -0.8386, -1.2428 -1.1783 -0.8425, -1.2428 -1.1157 -0.8386, -1.2428 -1.1157 -0.8425, -1.2603 -1.1157 -0.8386, -1.2603 -1.1157 -0.8425, -1.2603 -1.1783 -0.8386, -1.2603 -1.1783 -0.8425, -1.3165 -1.1783 -0.8386, -1.3165 -1.1783 -0.8425, -1.3165 -1.1056 -0.8386, -1.3165 -1.1056 -0.8425, -1.334 -1.1056 -0.8386, -1.334 -1.1056 -0.8425, -1.334 -1.0844 -0.8386, -1.334 -1.0844 -0.8425, -1.334 -1.0531 -0.8386, -1.334 -1.0531 -0.8425, -1.1765 -1.0844 -0.8386, -1.1765 -1.0844 -0.8425, -1.1765 -1.0531 -0.8386, -1.1765 -1.0531 -0.8425, -1.1779 -1.0359 -0.8386, -1.1779 -1.0359 -0.8425, -1.1817 -1.0218 -0.8386, -1.1817 -1.0218 -0.8425, -1.1874 -1.0113 -0.8386, -1.1874 -1.0113 -0.8425, -1.1946 -1.0032 -0.8386, -1.1946 -1.0032 -0.8425, -1.2045 -0.9964 -0.8386, -1.2045 -0.9964 -0.8425, -1.2206 -0.9905 -0.8386, -1.2206 -0.9905 -0.8425, -1.2509 -0.9868 -0.8386, -1.2509 -0.9868 -0.8425, -1.2557 -0.9868 -0.8386, -1.2557 -0.9868 -0.8425, -1.2783 -0.9883 -0.8386, -1.2783 -0.9883 -0.8425, -1.2948 -0.9922 -0.8386, -1.2948 -0.9922 -0.8425, -1.3071 -0.9978 -0.8386, -1.3071 -0.9978 -0.8425, -1.3158 -1.0046 -0.8386, -1.3158 -1.0046 -0.8425, -1.3234 -1.0138 -0.8386, -1.3234 -1.0138 -0.8425, -1.3296 -1.0261 -0.8386, -1.3296 -1.0261 -0.8425, -1.3331 -1.0406 -0.8386, -1.3331 -1.0406 -0.8425, -1.2557 -1.0089 -0.8386, -1.2808 -1.0109 -0.8386, -1.2949 -1.015 -0.8386, -1.2337 -1.0103 -0.8386, -1.2191 -1.0139 -0.8386, -1.2104 -1.0181 -0.8386, -1.2043 -1.0232 -0.8386, -1.1994 -1.0298 -0.8386, -1.196 -1.0378 -0.8386, -1.1941 -1.0496 -0.8386, -1.3021 -1.0191 -0.8386, -1.3082 -1.0251 -0.8386, -1.3124 -1.032 -0.8386, -1.3152 -1.0406 -0.8386, -1.3165 -1.0531 -0.8386, -1.3165 -1.0632 -0.8386, -1.194 -1.0632 -0.8386, -1.194 -1.0531 -0.8386, -1.194 -1.0632 -0.8425, -1.194 -1.0531 -0.8425, -1.3165 -1.0632 -0.8425, -1.3165 -1.0531 -0.8425, -1.3152 -1.0406 -0.8425, -1.3124 -1.032 -0.8425, -1.3082 -1.0251 -0.8425, -1.3021 -1.0191 -0.8425, -1.2949 -1.015 -0.8425, -1.2808 -1.0109 -0.8425, -1.2557 -1.0089 -0.8425, -1.2337 -1.0103 -0.8425, -1.2191 -1.0139 -0.8425, -1.2104 -1.0181 -0.8425, -1.2043 -1.0232 -0.8425, -1.1994 -1.0298 -0.8425, -1.196 -1.0378 -0.8425, -1.1941 -1.0496 -0.8425, -1.2852 -0.8984 -0.8386, -1.2852 -0.8984 -0.8425, -1.334 -0.8855 -0.8386, -1.334 -0.8855 -0.8425, -1.2852 -0.9389 -0.8386, -1.2852 -0.9389 -0.8425, -1.334 -0.9518 -0.8386, -1.334 -0.9518 -0.8425, -1.334 -0.9739 -0.8386, -1.334 -0.9739 -0.8425, -1.1756 -0.9281 -0.8425, -1.1747 -0.9278 -0.8386, -1.1747 -0.9278 -0.8425, -1.1747 -0.9094 -0.8386, -1.1747 -0.9094 -0.8425, -1.1756 -0.9092 -0.8425, -1.334 -0.8634 -0.8386, -1.334 -0.8634 -0.8425, -1.2677 -0.903 -0.8386, -1.2677 -0.9343 -0.8386, -1.2115 -0.9195 -0.8386, -1.2115 -0.9177 -0.8386, -1.2115 -0.9195 -0.8425, -1.2115 -0.9177 -0.8425, -1.2677 -0.9343 -0.8425, -1.2677 -0.903 -0.8425, -1.2677 -0.903 -0.8425
            ]
        }
        coordIndex [
            0,1,2,-1,2,1,3,-1,4,5,0,-1,0,5,1,-1,6,7,4,-1,4,7,5,-1,8,9,6,-1,6,9,7,-1,10,11,8,-1,8,11,9,-1,10,2,11,-1,11,2,3,-1,4,0,6,-1,6,0,2,-1,6,2,8,-1,8,2,10,-1,12,13,14,-1,12,14,15,-1,15,14,16,-1,15,16,17,-1,17,16,18,-1,17,18,19,-1,19,18,20,-1,19,20,21,-1,21,20,22,-1,21,22,23,-1,23,22,24,-1,23,24,25,-1,25,24,26,-1,25,26,27,-1,27,26,28,-1,27,28,29,-1,29,28,30,-1,29,30,31,-1,31,30,32,-1,31,32,33,-1,33,32,34,-1,33,34,35,-1,35,34,36,-1,35,36,37,-1,37,36,38,-1,37,38,39,-1,39,38,40,-1,40,38,41,-1,40,41,42,-1,42,41,43,-1,43,41,44,-1,43,44,45,-1,45,44,46,-1,45,46,47,-1,47,46,48,-1,47,48,49,-1,49,48,50,-1,49,50,51,-1,51,50,52,-1,51,52,53,-1,53,52,54,-1,53,54,55,-1,55,54,56,-1,55,56,57,-1,58,59,56,-1,56,59,57,-1,59,58,60,-1,59,60,61,-1,61,60,62,-1,61,62,63,-1,63,62,64,-1,63,64,65,-1,65,64,66,-1,65,66,67,-1,67,66,68,-1,67,68,69,-1,69,68,70,-1,69,70,71,-1,71,70,72,-1,71,72,73,-1,73,72,74,-1,73,74,75,-1,75,74,76,-1,75,76,77,-1,77,76,78,-1,77,78,79,-1,79,78,80,-1,79,80,81,-1,81,80,82,-1,81,82,83,-1,83,82,84,-1,83,84,85,-1,85,84,86,-1,85,86,87,-1,87,86,88,-1,87,88,89,-1,89,88,90,-1,89,90,91,-1,91,90,92,-1,91,92,93,-1,93,92,94,-1,93,94,95,-1,95,94,96,-1,95,96,97,-1,97,96,98,-1,97,98,99,-1,99,98,100,-1,99,100,101,-1,101,100,102,-1,101,102,103,-1,103,102,104,-1,103,104,105,-1,105,104,106,-1,105,106,107,-1,107,106,108,-1,107,108,109,-1,109,108,110,-1,109,110,111,-1,111,110,112,-1,111,112,113,-1,113,112,114,-1,113,114,115,-1,115,114,116,-1,115,116,117,-1,118,119,116,-1,116,119,117,-1,119,118,120,-1,119,120,121,-1,121,120,122,-1,121,122,123,-1,123,122,124,-1,123,124,125,-1,125,124,126,-1,125,126,127,-1,127,126,128,-1,127,128,129,-1,129,128,130,-1,129,130,131,-1,131,130,13,-1,131,13,12,-1,58,56,60,-1,60,56,54,-1,60,54,62,-1,62,54,52,-1,62,52,64,-1,64,52,50,-1,64,50,66,-1,66,50,48,-1,66,48,68,-1,68,48,46,-1,68,46,70,-1,70,46,44,-1,70,44,72,-1,72,44,41,-1,118,116,120,-1,120,116,114,-1,120,114,122,-1,122,114,112,-1,122,112,124,-1,124,112,110,-1,124,110,126,-1,126,110,108,-1,126,108,128,-1,128,108,106,-1,128,106,130,-1,130,106,104,-1,130,104,13,-1,13,104,102,-1,13,102,14,-1,14,102,100,-1,14,100,16,-1,16,100,98,-1,16,98,18,-1,18,98,96,-1,18,96,20,-1,20,96,94,-1,20,94,22,-1,22,94,92,-1,22,92,24,-1,24,92,90,-1,24,90,26,-1,26,90,88,-1,26,88,28,-1,28,88,86,-1,28,86,30,-1,30,86,84,-1,30,84,32,-1,32,84,82,-1,32,82,34,-1,34,82,80,-1,34,80,36,-1,36,80,78,-1,36,78,38,-1,38,78,76,-1,38,76,41,-1,41,76,74,-1,41,74,72,-1,132,133,134,-1,134,133,135,-1,136,137,132,-1,132,137,133,-1,138,139,136,-1,136,139,137,-1,140,141,138,-1,138,141,139,-1,142,143,140,-1,140,143,141,-1,144,145,142,-1,142,145,143,-1,146,147,144,-1,144,147,145,-1,148,149,146,-1,146,149,147,-1,150,151,148,-1,148,151,149,-1,152,153,150,-1,150,153,151,-1,154,155,152,-1,152,155,153,-1,154,134,155,-1,155,134,135,-1,138,136,140,-1,140,136,132,-1,140,132,142,-1,154,152,134,-1,134,152,150,-1,134,150,148,-1,146,144,148,-1,148,144,142,-1,148,142,134,-1,134,142,132,-1,156,157,158,-1,158,157,159,-1,160,161,156,-1,156,161,157,-1,162,163,160,-1,160,163,161,-1,163,162,164,-1,163,164,165,-1,165,164,166,-1,165,166,167,-1,167,166,168,-1,167,168,169,-1,169,168,170,-1,169,170,171,-1,171,170,172,-1,171,172,173,-1,173,172,174,-1,173,174,175,-1,175,174,176,-1,175,176,177,-1,177,176,178,-1,177,178,179,-1,179,178,180,-1,179,180,181,-1,181,180,182,-1,181,182,183,-1,183,182,184,-1,183,184,185,-1,185,184,186,-1,185,186,187,-1,187,186,188,-1,187,188,189,-1,189,188,190,-1,189,190,191,-1,191,190,192,-1,191,192,193,-1,193,192,158,-1,193,158,159,-1,194,195,180,-1,180,195,182,-1,182,195,196,-1,182,196,184,-1,180,178,194,-1,194,178,176,-1,194,176,197,-1,197,176,174,-1,197,174,198,-1,198,174,172,-1,198,172,199,-1,199,172,170,-1,199,170,200,-1,200,170,168,-1,200,168,201,-1,201,168,166,-1,201,166,202,-1,202,166,164,-1,202,164,203,-1,203,164,162,-1,184,196,186,-1,186,196,204,-1,186,204,188,-1,188,204,205,-1,188,205,190,-1,190,205,206,-1,190,206,192,-1,192,206,207,-1,192,207,158,-1,158,207,208,-1,158,208,156,-1,156,208,209,-1,156,209,160,-1,160,209,210,-1,160,210,162,-1,162,210,211,-1,162,211,203,-1,210,212,211,-1,211,212,213,-1,209,214,210,-1,210,214,212,-1,208,215,209,-1,209,215,214,-1,215,208,207,-1,215,207,216,-1,216,207,206,-1,216,206,217,-1,217,206,205,-1,217,205,218,-1,218,205,204,-1,218,204,219,-1,219,204,196,-1,219,196,220,-1,220,196,195,-1,220,195,221,-1,221,195,194,-1,221,194,222,-1,222,194,197,-1,222,197,223,-1,223,197,198,-1,223,198,224,-1,224,198,199,-1,224,199,225,-1,225,199,200,-1,225,200,226,-1,226,200,201,-1,226,201,227,-1,227,201,202,-1,227,202,228,-1,228,202,203,-1,228,203,229,-1,229,203,211,-1,229,211,213,-1,230,231,232,-1,232,231,233,-1,234,235,230,-1,230,235,231,-1,236,237,234,-1,234,237,235,-1,238,239,236,-1,236,239,237,-1,239,238,240,-1,240,238,241,-1,240,241,242,-1,243,244,241,-1,241,244,242,-1,244,243,245,-1,245,243,246,-1,245,246,247,-1,246,232,247,-1,247,232,233,-1,248,246,243,-1,232,246,230,-1,230,246,248,-1,230,248,234,-1,234,248,249,-1,236,234,238,-1,238,234,249,-1,238,249,241,-1,241,249,250,-1,241,250,243,-1,243,250,251,-1,243,251,248,-1,250,252,251,-1,251,252,253,-1,249,254,250,-1,250,254,252,-1,248,255,249,-1,249,255,254,-1,253,255,251,-1,251,255,248,-1,
        ]
    }
}
Shape{
    appearance Appearance {
        material  Material 	{
            diffuseColor 0.6784313725490196 0.6784313725490196 0.6784313725490196
            specularColor 0.047058823529411764 0.047058823529411764 0.047058823529411764
            ambientIntensity 0.2
            transparency 0
            shininess 0.5
        }
    }
    geometry IndexedFaceSet {
        ccw TRUE
        solid FALSE
        coord DEF co Coordinate {
            point [
                -1.196 -1.0378 -0.8425, -1.1941 -1.0496 -0.8425, -1.2191 -1.0139 -0.8425, -1.194 -1.0632 -0.8425, -1.3165 -1.0632 -0.8425, -1.194 -1.0531 -0.8425, -1.3165 -1.0531 -0.8425, -1.2808 -1.0109 -0.8425, -1.2557 -1.0089 -0.8425, -1.2337 -1.0103 -0.8425, -1.3152 -1.0406 -0.8425, -1.3124 -1.032 -0.8425, -1.2949 -1.015 -0.8425, -1.3082 -1.0251 -0.8425, -1.3021 -1.0191 -0.8425, -1.2104 -1.0181 -0.8425, -1.2043 -1.0232 -0.8425, -1.1994 -1.0298 -0.8425, -1.2677 -0.9343 -0.8425, -1.2677 -0.903 -0.8425, -1.2115 -0.9195 -0.8425, -1.2115 -0.9177 -0.8425, -1.2115 -0.9177 -0.8425
            ]
        }
        coordIndex [
            0,1,2,-1,3,4,5,-1,5,4,6,-1,5,6,1,-1,7,8,6,-1,6,8,1,-1,1,8,9,-1,1,9,2,-1,6,10,7,-1,7,10,11,-1,7,11,12,-1,12,11,13,-1,12,13,14,-1,15,16,2,-1,2,16,17,-1,2,17,0,-1,18,19,20,-1,20,19,21,-1,
        ]
    }
}
Shape{
    appearance Appearance {
        material  Material 	{
            diffuseColor 0.8313725490196079 0.8313725490196079 0.8196078431372549
            specularColor 0.6666666666666666 0.6666666666666666 0.6549019607843137
            ambientIntensity 0.2
            transparency 0
            shininess 0.5
        }
    }
    geometry IndexedFaceSet {
        ccw TRUE
        solid FALSE
        coord DEF co Coordinate {
            point [
                -1.122 -0.8937 -0.8465, -1.122 -0.8937 0.1575, -1.0433 -0.8937 -0.8465, -1.0433 -0.8937 0.1575, -1.0433 -0.9921 -0.5669, -1.0433 -0.9948 -0.5873, -1.0433 -1.7371 -0.855, -1.0433 -1.7126 -0.8465, -1.0433 -1.7297 -0.8504, -1.0433 -1.7214 -0.8474, -1.0433 -1.7434 -0.8613, -1.0433 -1.7481 -0.8687, -1.0433 -1.751 -0.8771, -1.0433 -1.2283 0.1417, -1.0433 -1.2888 0.2464, -1.0433 -1.2874 0.1417, -1.0433 -1.2949 0.2545, -1.0433 -1.2925 0.1411, -1.0433 -1.3029 0.2607, -1.0433 -1.0027 -0.6063, -1.0433 -1.0152 -0.6226, -1.0433 -1.0315 -0.6351, -1.0433 -1.3122 0.2646, -1.0433 -1.3222 0.2661, -1.0433 -1.3322 0.265, -1.0433 -0.9855 0.1821, -1.0433 -0.9904 0.1702, -1.0433 -0.9003 0.1821, -1.0433 -1.1803 -0.6426, -1.0433 -1.2099 -0.6337, -1.0433 -1.3583 -0.8465, -1.0433 -1.2371 -0.6191, -1.0433 -1.261 -0.5995, -1.0433 -1.2805 -0.5757, -1.0433 -1.2951 -0.5485, -1.0433 -1.437 -0.4724, -1.0433 -1.3041 -0.5189, -1.0433 -1.3071 -0.4882, -1.0433 -1.3495 0.1633, -1.0433 -1.3071 0.122, -1.0433 -1.3064 0.1271, -1.0433 -1.3044 0.1319, -1.0433 -1.3614 0.2185, -1.0433 -1.3013 0.136, -1.0433 -1.3622 0.2285, -1.0433 -1.2972 0.1391, -1.0433 -1.3605 0.2385, -1.0433 -1.3417 0.2614, -1.0433 -1.3498 0.2555, -1.0433 -1.3563 0.2477, -1.0433 -0.9921 0.1575, -1.0433 -0.8954 0.1702, -1.0433 -1.377 -0.9646, -1.0433 -1.437 -0.8465, -1.0433 -1.752 -0.9646, -1.0433 -1.752 -0.8858, -1.0433 -1.0505 -0.643, -1.0433 -1.0709 -0.6457, -1.0433 -1.1496 -0.6457, -1.0433 -0.9081 0.1923, -1.0433 -0.9183 0.2001, -1.0433 -0.9302 0.205, -1.0433 -0.9557 0.205, -1.0433 -0.9675 0.2001, -1.0433 -0.9777 0.1923, -1.0433 -0.9429 0.2067, -1.122 -0.9921 0.1575, -1.122 -0.9904 0.1702, -1.122 -0.9855 0.1821, -1.122 -0.9777 0.1923, -1.122 -0.9675 0.2001, -1.122 -0.9557 0.205, -1.122 -0.9429 0.2067, -1.122 -0.9302 0.205, -1.122 -0.9183 0.2001, -1.122 -0.9081 0.1923, -1.122 -0.9003 0.1821, -1.122 -0.8954 0.1702, -1.122 -0.9921 -0.5669, -1.122 -1.0709 -0.6457, -1.122 -1.0505 -0.643, -1.122 -1.0315 -0.6351, -1.122 -1.0152 -0.6226, -1.122 -1.0027 -0.6063, -1.122 -0.9948 -0.5873, -1.122 -1.1496 -0.6457, -1.122 -1.3071 -0.4882, -1.122 -1.3041 -0.5189, -1.122 -1.2951 -0.5485, -1.122 -1.2805 -0.5757, -1.122 -1.261 -0.5995, -1.122 -1.2371 -0.6191, -1.122 -1.2099 -0.6337, -1.122 -1.1803 -0.6426, -1.122 -1.3071 0.122, -1.122 -1.2874 0.1417, -1.122 -1.2925 0.1411, -1.122 -1.2972 0.1391, -1.122 -1.3013 0.136, -1.122 -1.3044 0.1319, -1.122 -1.3064 0.1271, -1.122 -1.2283 0.1417, -1.122 -1.2888 0.2464, -1.122 -1.3614 0.2185, -1.122 -1.3622 0.2285, -1.122 -1.3605 0.2385, -1.122 -1.3563 0.2477, -1.122 -1.3498 0.2555, -1.122 -1.3417 0.2614, -1.122 -1.3322 0.265, -1.122 -1.3222 0.2661, -1.122 -1.3122 0.2646, -1.122 -1.3029 0.2607, -1.122 -1.2949 0.2545, -1.122 -1.3495 0.1633, -1.122 -1.437 -0.4724, -1.122 -1.437 -0.8465, -1.122 -1.7126 -0.8465, -1.122 -1.752 -0.8858, -1.122 -1.751 -0.8771, -1.122 -1.7481 -0.8687, -1.122 -1.7434 -0.8613, -1.122 -1.7371 -0.855, -1.122 -1.7297 -0.8504, -1.122 -1.7214 -0.8474, -1.122 -1.752 -0.9646, -1.122 -1.377 -0.9646, -1.122 -1.3583 -0.8465, -1.122 -1.3583 -0.8465
            ]
        }
        coordIndex [
            0,1,2,-1,2,1,3,-1,4,5,2,-1,6,7,8,-1,8,7,9,-1,6,10,7,-1,7,10,11,-1,7,11,12,-1,13,14,15,-1,15,14,16,-1,15,16,17,-1,17,16,18,-1,5,19,2,-1,2,19,20,-1,2,20,21,-1,18,22,17,-1,17,22,23,-1,17,23,24,-1,25,26,27,-1,28,29,30,-1,30,29,31,-1,30,31,32,-1,33,34,35,-1,34,36,35,-1,35,36,37,-1,35,37,38,-1,38,37,39,-1,39,40,38,-1,38,40,41,-1,38,41,42,-1,42,41,43,-1,42,43,44,-1,44,43,45,-1,44,45,46,-1,24,47,17,-1,17,47,48,-1,17,48,45,-1,45,48,49,-1,45,49,46,-1,4,2,50,-1,50,2,3,-1,50,3,26,-1,26,3,51,-1,26,51,27,-1,32,33,30,-1,30,33,35,-1,30,35,52,-1,52,35,53,-1,52,53,54,-1,54,53,7,-1,54,7,55,-1,55,7,12,-1,21,56,2,-1,2,56,57,-1,2,57,30,-1,30,57,58,-1,30,58,28,-1,59,60,61,-1,62,63,27,-1,27,63,64,-1,27,64,25,-1,59,61,27,-1,27,61,65,-1,27,65,62,-1,66,50,26,-1,66,26,67,-1,67,26,25,-1,67,25,68,-1,68,25,64,-1,68,64,69,-1,69,64,63,-1,69,63,70,-1,70,63,62,-1,70,62,71,-1,71,62,65,-1,71,65,72,-1,72,65,61,-1,72,61,73,-1,73,61,60,-1,73,60,74,-1,74,60,59,-1,74,59,75,-1,75,59,27,-1,75,27,76,-1,76,27,51,-1,76,51,77,-1,77,51,3,-1,77,3,1,-1,66,78,50,-1,50,78,4,-1,79,57,80,-1,80,57,56,-1,80,56,81,-1,81,56,21,-1,81,21,82,-1,82,21,20,-1,82,20,83,-1,83,20,19,-1,83,19,84,-1,84,19,5,-1,84,5,78,-1,78,5,4,-1,79,85,57,-1,57,85,58,-1,86,37,87,-1,87,37,36,-1,87,36,88,-1,88,36,34,-1,88,34,89,-1,89,34,33,-1,89,33,90,-1,90,33,32,-1,90,32,91,-1,91,32,31,-1,91,31,92,-1,92,31,29,-1,92,29,93,-1,93,29,28,-1,93,28,85,-1,85,28,58,-1,86,94,37,-1,37,94,39,-1,95,15,96,-1,96,15,17,-1,96,17,97,-1,97,17,45,-1,97,45,98,-1,98,45,43,-1,98,43,99,-1,99,43,41,-1,99,41,100,-1,100,41,40,-1,100,40,94,-1,94,40,39,-1,95,101,15,-1,15,101,13,-1,101,102,13,-1,13,102,14,-1,103,42,44,-1,103,44,104,-1,104,44,46,-1,104,46,105,-1,105,46,49,-1,105,49,106,-1,106,49,48,-1,106,48,107,-1,107,48,47,-1,107,47,108,-1,108,47,24,-1,108,24,109,-1,109,24,23,-1,109,23,110,-1,110,23,22,-1,110,22,111,-1,111,22,18,-1,111,18,112,-1,112,18,16,-1,112,16,113,-1,113,16,14,-1,113,14,102,-1,103,114,42,-1,42,114,38,-1,114,115,38,-1,38,115,35,-1,115,116,35,-1,35,116,53,-1,116,117,53,-1,53,117,7,-1,118,55,12,-1,118,12,119,-1,119,12,11,-1,119,11,120,-1,120,11,10,-1,120,10,121,-1,121,10,6,-1,121,6,122,-1,122,6,8,-1,122,8,123,-1,123,8,9,-1,123,9,124,-1,124,9,7,-1,124,7,117,-1,118,125,55,-1,55,125,54,-1,54,125,52,-1,52,125,126,-1,125,117,126,-1,126,117,116,-1,126,116,127,-1,127,116,115,-1,96,114,95,-1,95,114,101,-1,125,118,117,-1,117,118,119,-1,117,119,120,-1,101,114,102,-1,102,114,103,-1,102,103,104,-1,120,121,117,-1,117,121,122,-1,117,122,124,-1,124,122,123,-1,104,105,102,-1,102,105,106,-1,102,106,107,-1,96,97,114,-1,114,97,98,-1,114,98,99,-1,80,81,0,-1,0,81,82,-1,0,82,83,-1,83,84,0,-1,0,84,78,-1,0,78,1,-1,1,78,66,-1,1,66,67,-1,108,112,107,-1,107,112,113,-1,107,113,102,-1,108,109,112,-1,112,109,110,-1,112,110,111,-1,92,127,91,-1,91,127,90,-1,68,76,67,-1,67,76,77,-1,67,77,1,-1,68,69,76,-1,76,69,70,-1,76,70,71,-1,99,100,114,-1,114,100,94,-1,114,94,115,-1,115,94,86,-1,86,87,115,-1,115,87,88,-1,115,88,127,-1,127,88,89,-1,127,89,90,-1,71,72,76,-1,76,72,73,-1,76,73,75,-1,75,73,74,-1,92,93,127,-1,127,93,85,-1,127,85,0,-1,0,85,79,-1,0,79,80,-1,127,30,126,-1,126,30,52,-1,30,127,2,-1,2,127,0,-1,
        ]
    }
}
Shape{
    appearance Appearance {
        material  Material 	{
            diffuseColor 0.10980392156862745 0.10980392156862745 0.10980392156862745
            specularColor 0.00784313725490196 0.00784313725490196 0.00784313725490196
            ambientIntensity 0.2
            transparency 0
            shininess 0.5
        }
    }
    geometry IndexedFaceSet {
        ccw TRUE
        solid FALSE
        coord DEF co Coordinate {
            point [
                2.2441 -1.5551 0.7677, 1.378 -1.5551 0.7677, 2.2441 -1.5551 0.374, 1.2992 -1.5551 0.689, 1.2992 -1.5551 0.374, 1.9173 -1.0236 0.0591, 1.6732 -1.0236 0.0591, 1.9173 -1.0236 0.374, 1.6732 -1.0236 0.374, 1.2795 -1.0236 0.0591, -1.2795 -1.0236 0.0591, 1.2795 -1.0236 0.374, -1.2795 -1.0236 0.374, 1.6732 -1.3189 0.374, 1.6732 -1.2402 0.3346, 1.9173 -1.3189 0.374, 1.9173 -1.2402 0.3346, 1.6732 -1.2402 -0.4134, 1.9173 -1.2402 -0.4134, 1.2795 -1.2402 0.374, 1.2992 -1.2402 0.374, 1.2992 -1.2402 0.689, -1.2992 -1.2402 0.689, -1.2992 -1.2402 0.374, -1.2795 -1.2402 0.374, -1.2795 -1.2402 -0.4134, 1.2795 -1.2402 -0.4134, 1.9173 -1.0827 -0.4134, 1.6732 -1.0827 -0.4134, 1.2795 -1.0827 -0.4134, -1.2795 -1.0827 -0.4134, 1.9173 -1.0827 -0.0, 1.6732 -1.0827 -0.0, 1.2795 -1.0827 -0.0, -1.2795 -1.0827 -0.0, -1.9173 -1.0236 0.374, -1.6732 -1.0236 0.374, -1.9173 -1.0236 0.0591, -1.6732 -1.0236 0.0591, 2.2441 -0.8661 0.374, -1.6732 -1.3189 0.374, -1.2992 -1.5551 0.374, -1.9173 -1.3189 0.374, -2.2441 -1.5551 0.374, -2.2441 -0.8661 0.374, -2.2441 -0.8268 0.4134, -2.2441 -0.8268 0.7283, 2.2441 -0.8268 0.4134, 2.2441 -0.8268 0.7283, 1.378 -1.1614 0.7677, 2.2441 -0.8661 0.7677, -1.378 -1.1614 0.7677, -2.2441 -0.8661 0.7677, -1.378 -1.5551 0.7677, -2.2441 -1.5551 0.7677, -1.2992 -1.5551 0.689, -1.6732 -1.2402 0.3346, -1.9173 -1.2402 0.3346, -1.6732 -1.2402 -0.4134, -1.9173 -1.2402 -0.4134, -1.9173 -1.0827 -0.4134, -1.6732 -1.0827 -0.4134, -1.9173 -1.0827 -0.0, -1.6732 -1.0827 -0.0, 2.2835 -1.5157 0.4134, 2.2835 -0.8661 0.4134, 2.2835 -1.5157 0.7283, 2.2835 -0.8661 0.7283, -2.2835 -0.8661 0.7283, -2.2835 -0.8661 0.4134, -2.2835 -1.5157 0.7283, -2.2835 -1.5157 0.4134, 2.2492 -1.5548 0.3744, 2.2543 -0.8661 0.3754, 2.2638 -0.8661 0.3793, 2.2592 -1.5521 0.377, 2.2543 -1.5538 0.3754, 2.2719 -1.5436 0.3855, 2.2681 -1.547 0.3822, 2.2638 -1.5498 0.3793, 2.2719 -0.8661 0.3855, 2.2782 -0.8661 0.3937, 2.2782 -1.5354 0.3937, 2.2821 -0.8661 0.4032, 2.2821 -1.5259 0.4032, 2.2492 -1.5548 0.7674, 2.2543 -1.5538 0.7664, 2.2592 -1.5521 0.7647, 2.2638 -1.5498 0.7624, 2.2681 -1.547 0.7596, 2.2719 -1.5436 0.7562, 2.2782 -1.5354 0.748, 2.2821 -1.5259 0.7385, 2.2441 -0.856 0.3754, 2.2539 -0.856 0.3767, 2.2539 -0.832 0.3963, 2.2492 -0.8281 0.4046, 2.2513 -0.8281 0.4062, 2.2543 -0.8281 0.4134, 2.2539 -0.8281 0.4107, 2.2467 -0.8281 0.4035, 2.2492 -0.832 0.3944, 2.2513 -0.8383 0.3865, 2.2441 -0.8281 0.4032, 2.258 -0.832 0.3995, 2.2529 -0.8281 0.4083, 2.2611 -0.832 0.4035, 2.2631 -0.832 0.4083, 2.2638 -0.832 0.4134, 2.2441 -0.832 0.3937, 2.2441 -0.8383 0.3855, 2.2441 -0.8465 0.3793, 2.258 -0.8383 0.3893, 2.2638 -0.8383 0.3937, 2.2682 -0.8383 0.3995, 2.271 -0.8383 0.4062, 2.2719 -0.8383 0.4134, 2.2529 -0.8465 0.3805, 2.2611 -0.8465 0.3839, 2.2682 -0.8465 0.3893, 2.2736 -0.8465 0.3963, 2.277 -0.8465 0.4046, 2.2782 -0.8465 0.4134, 2.2631 -0.856 0.3805, 2.271 -0.856 0.3865, 2.277 -0.856 0.3944, 2.2808 -0.856 0.4035, 2.2821 -0.856 0.4134, 2.2543 -0.8281 0.7283, 2.2638 -0.832 0.7283, 2.2719 -0.8383 0.7283, 2.2782 -0.8465 0.7283, 2.2821 -0.856 0.7283, 2.2821 -0.8661 0.7385, 2.2782 -0.8661 0.748, 2.2719 -0.8661 0.7562, 2.2638 -0.8661 0.7624, 2.2543 -0.8661 0.7664, -2.2441 -0.856 0.3754, -2.2441 -0.8465 0.3793, -2.2441 -0.8383 0.3855, -2.2441 -0.832 0.3937, -2.2441 -0.8281 0.4032, 2.2808 -0.856 0.7382, 2.2611 -0.832 0.7382, 2.2529 -0.8281 0.7334, 2.2513 -0.8281 0.7356, 2.2441 -0.8281 0.7385, 2.2467 -0.8281 0.7382, 2.2539 -0.8281 0.731, 2.2631 -0.832 0.7334, 2.271 -0.8383 0.7356, 2.258 -0.832 0.7423, 2.2492 -0.8281 0.7372, 2.2539 -0.832 0.7454, 2.2492 -0.832 0.7474, 2.2441 -0.832 0.748, 2.2682 -0.8383 0.7423, 2.2638 -0.8383 0.748, 2.258 -0.8383 0.7525, 2.2513 -0.8383 0.7552, 2.2441 -0.8383 0.7562, 2.277 -0.8465 0.7372, 2.2736 -0.8465 0.7454, 2.2682 -0.8465 0.7525, 2.2611 -0.8465 0.7579, 2.2529 -0.8465 0.7613, 2.2441 -0.8465 0.7624, 2.277 -0.856 0.7474, 2.271 -0.856 0.7552, 2.2631 -0.856 0.7613, 2.2539 -0.856 0.7651, 2.2441 -0.856 0.7664, -2.2821 -0.856 0.4134, -2.2808 -0.856 0.4035, -2.2611 -0.832 0.4035, -2.2529 -0.8281 0.4083, -2.2513 -0.8281 0.4062, -2.2467 -0.8281 0.4035, -2.2539 -0.8281 0.4107, -2.2631 -0.832 0.4083, -2.271 -0.8383 0.4062, -2.2543 -0.8281 0.4134, -2.258 -0.832 0.3995, -2.2492 -0.8281 0.4046, -2.2539 -0.832 0.3963, -2.2492 -0.832 0.3944, -2.2638 -0.832 0.4134, -2.2719 -0.8383 0.4134, -2.2782 -0.8465 0.4134, -2.2682 -0.8383 0.3995, -2.2638 -0.8383 0.3937, -2.258 -0.8383 0.3893, -2.2513 -0.8383 0.3865, -2.277 -0.8465 0.4046, -2.2736 -0.8465 0.3963, -2.2682 -0.8465 0.3893, -2.2611 -0.8465 0.3839, -2.2529 -0.8465 0.3805, -2.277 -0.856 0.3944, -2.271 -0.856 0.3865, -2.2631 -0.856 0.3805, -2.2539 -0.856 0.3767, -2.2821 -0.8661 0.4032, -2.2782 -0.8661 0.3937, -2.2719 -0.8661 0.3855, -2.2638 -0.8661 0.3793, -2.2543 -0.8661 0.3754, -2.2543 -0.8281 0.7283, -2.2638 -0.832 0.7283, -2.2719 -0.8383 0.7283, -2.2782 -0.8465 0.7283, -2.2821 -0.856 0.7283, -2.2441 -0.856 0.7664, -2.2441 -0.8465 0.7624, -2.2441 -0.8383 0.7562, -2.2441 -0.832 0.748, -2.2441 -0.8281 0.7385, -2.2821 -1.5259 0.4032, -2.2823 -1.5245 0.4046, -2.2746 -1.5401 0.389, -2.2782 -1.5354 0.3937, -2.2793 -1.5327 0.3964, -2.2686 -1.5465 0.3826, -2.2719 -1.5436 0.3855, -2.2612 -1.5512 0.3779, -2.2637 -1.5497 0.3795, -2.2485 -1.5549 0.3743, -2.2529 -1.5541 0.375, -2.2543 -1.5538 0.3754, -2.2539 -0.856 0.7651, -2.2539 -0.832 0.7454, -2.2492 -0.8281 0.7372, -2.2513 -0.8281 0.7356, -2.2539 -0.8281 0.731, -2.2467 -0.8281 0.7382, -2.2492 -0.832 0.7474, -2.2513 -0.8383 0.7552, -2.258 -0.832 0.7423, -2.2529 -0.8281 0.7334, -2.2611 -0.832 0.7382, -2.2631 -0.832 0.7334, -2.258 -0.8383 0.7525, -2.2638 -0.8383 0.748, -2.2682 -0.8383 0.7423, -2.271 -0.8383 0.7356, -2.2529 -0.8465 0.7613, -2.2611 -0.8465 0.7579, -2.2682 -0.8465 0.7525, -2.2736 -0.8465 0.7454, -2.277 -0.8465 0.7372, -2.2631 -0.856 0.7613, -2.271 -0.856 0.7552, -2.277 -0.856 0.7474, -2.2808 -0.856 0.7382, -2.2543 -0.8661 0.7664, -2.2638 -0.8661 0.7624, -2.2719 -0.8661 0.7562, -2.2782 -0.8661 0.748, -2.2821 -0.8661 0.7385, -2.2823 -1.5245 0.7371, -2.2746 -1.5401 0.7527, -2.2782 -1.5354 0.748, -2.2821 -1.5259 0.7385, -2.2793 -1.5327 0.7453, -2.2719 -1.5436 0.7562, -2.2686 -1.5465 0.7591, -2.2637 -1.5497 0.7623, -2.2612 -1.5512 0.7638, -2.2543 -1.5538 0.7664, -2.2485 -1.5549 0.7675, -2.2529 -1.5541 0.7667, -2.2529 -1.5541 0.7667
            ]
        }
        coordIndex [
            0,1,2,-1,2,1,3,-1,2,3,4,-1,5,6,7,-1,7,6,8,-1,9,10,11,-1,11,10,12,-1,13,14,15,-1,15,14,16,-1,14,17,16,-1,16,17,18,-1,19,20,21,-1,22,23,24,-1,25,26,24,-1,24,26,19,-1,24,19,22,-1,22,19,21,-1,18,17,27,-1,27,17,28,-1,26,25,29,-1,29,25,30,-1,27,28,31,-1,31,28,32,-1,29,30,33,-1,33,30,34,-1,31,32,5,-1,5,32,6,-1,33,34,9,-1,9,34,10,-1,35,36,37,-1,37,36,38,-1,39,8,11,-1,19,11,20,-1,20,11,8,-1,20,8,4,-1,4,8,13,-1,4,13,2,-1,2,13,15,-1,2,15,39,-1,39,15,7,-1,39,7,8,-1,12,24,36,-1,36,24,23,-1,36,23,40,-1,40,23,41,-1,40,41,42,-1,42,41,43,-1,42,43,35,-1,35,43,44,-1,35,44,36,-1,36,44,39,-1,36,39,12,-1,12,39,11,-1,45,46,47,-1,47,46,48,-1,1,0,49,-1,49,0,50,-1,49,50,51,-1,51,50,52,-1,51,52,53,-1,53,52,54,-1,53,54,55,-1,55,54,43,-1,55,43,41,-1,56,40,57,-1,57,40,42,-1,58,56,59,-1,59,56,57,-1,60,61,59,-1,59,61,58,-1,62,63,60,-1,60,63,61,-1,37,38,62,-1,62,38,63,-1,64,65,66,-1,66,65,67,-1,68,69,70,-1,70,69,71,-1,57,42,35,-1,60,59,62,-1,62,59,57,-1,62,57,37,-1,37,57,35,-1,7,15,16,-1,5,7,31,-1,31,7,16,-1,31,16,27,-1,27,16,18,-1,30,25,34,-1,34,25,24,-1,34,24,10,-1,10,24,12,-1,36,40,56,-1,38,36,63,-1,63,36,56,-1,63,56,61,-1,61,56,58,-1,14,13,8,-1,28,17,32,-1,32,17,14,-1,32,14,6,-1,6,14,8,-1,9,11,33,-1,33,11,19,-1,33,19,29,-1,29,19,26,-1,21,20,3,-1,3,20,4,-1,55,41,22,-1,22,41,23,-1,22,51,55,-1,55,51,53,-1,21,49,22,-1,22,49,51,-1,3,1,21,-1,21,1,49,-1,2,39,72,-1,72,39,73,-1,74,75,73,-1,73,75,76,-1,73,76,72,-1,77,78,74,-1,74,78,79,-1,74,79,75,-1,74,80,77,-1,77,80,81,-1,77,81,82,-1,82,81,83,-1,82,83,84,-1,84,83,65,-1,84,65,64,-1,0,2,85,-1,85,2,72,-1,85,72,86,-1,86,72,76,-1,86,76,87,-1,87,76,75,-1,87,75,88,-1,75,79,88,-1,88,79,78,-1,88,78,89,-1,89,78,90,-1,78,77,90,-1,90,77,82,-1,90,82,91,-1,91,82,84,-1,91,84,92,-1,92,84,64,-1,92,64,66,-1,39,93,94,-1,95,96,97,-1,47,98,99,-1,97,96,47,-1,100,47,96,-1,100,96,101,-1,101,96,95,-1,101,95,102,-1,103,47,100,-1,104,105,106,-1,106,105,99,-1,106,99,107,-1,107,99,98,-1,107,98,108,-1,103,100,109,-1,109,100,101,-1,109,101,110,-1,110,101,102,-1,110,102,111,-1,112,104,113,-1,113,104,106,-1,113,106,114,-1,114,106,107,-1,114,107,115,-1,115,107,108,-1,115,108,116,-1,117,112,118,-1,118,112,113,-1,118,113,119,-1,119,113,114,-1,119,114,120,-1,120,114,115,-1,120,115,121,-1,121,115,116,-1,121,116,122,-1,93,117,94,-1,94,117,118,-1,94,118,123,-1,123,118,119,-1,123,119,124,-1,124,119,120,-1,124,120,125,-1,125,120,121,-1,125,121,126,-1,126,121,122,-1,126,122,127,-1,39,94,73,-1,73,94,123,-1,73,123,74,-1,74,123,124,-1,74,124,80,-1,80,124,125,-1,80,125,81,-1,81,125,126,-1,81,126,83,-1,83,126,127,-1,83,127,65,-1,105,47,99,-1,93,111,117,-1,117,111,102,-1,117,102,112,-1,112,102,95,-1,112,95,104,-1,104,95,97,-1,104,97,105,-1,105,97,47,-1,47,48,128,-1,47,128,98,-1,98,128,129,-1,98,129,108,-1,108,129,130,-1,108,130,116,-1,116,130,131,-1,116,131,122,-1,122,131,132,-1,122,132,127,-1,127,132,67,-1,127,67,65,-1,66,67,133,-1,66,133,92,-1,92,133,134,-1,92,134,91,-1,91,134,135,-1,91,135,90,-1,90,135,89,-1,89,135,136,-1,89,136,88,-1,88,136,87,-1,87,136,137,-1,87,137,86,-1,86,137,85,-1,85,137,50,-1,85,50,0,-1,39,44,138,-1,39,138,93,-1,93,138,139,-1,93,139,111,-1,111,139,140,-1,111,140,110,-1,110,140,141,-1,110,141,109,-1,109,141,142,-1,109,142,103,-1,103,142,45,-1,103,45,47,-1,67,132,143,-1,144,145,146,-1,48,147,148,-1,146,145,48,-1,149,48,145,-1,149,145,150,-1,150,145,144,-1,150,144,151,-1,128,48,149,-1,152,153,154,-1,154,153,148,-1,154,148,155,-1,155,148,147,-1,155,147,156,-1,128,149,129,-1,129,149,150,-1,129,150,130,-1,130,150,151,-1,130,151,131,-1,157,152,158,-1,158,152,154,-1,158,154,159,-1,159,154,155,-1,159,155,160,-1,160,155,156,-1,160,156,161,-1,162,157,163,-1,163,157,158,-1,163,158,164,-1,164,158,159,-1,164,159,165,-1,165,159,160,-1,165,160,166,-1,166,160,161,-1,166,161,167,-1,132,162,143,-1,143,162,163,-1,143,163,168,-1,168,163,164,-1,168,164,169,-1,169,164,165,-1,169,165,170,-1,170,165,166,-1,170,166,171,-1,171,166,167,-1,171,167,172,-1,67,143,133,-1,133,143,168,-1,133,168,134,-1,134,168,169,-1,134,169,135,-1,135,169,170,-1,135,170,136,-1,136,170,171,-1,136,171,137,-1,137,171,172,-1,137,172,50,-1,153,48,148,-1,132,131,162,-1,162,131,151,-1,162,151,157,-1,157,151,144,-1,157,144,152,-1,152,144,146,-1,152,146,153,-1,153,146,48,-1,69,173,174,-1,175,176,177,-1,45,142,178,-1,177,176,45,-1,179,45,176,-1,179,176,180,-1,180,176,175,-1,180,175,181,-1,182,45,179,-1,183,184,185,-1,185,184,178,-1,185,178,186,-1,186,178,142,-1,186,142,141,-1,182,179,187,-1,187,179,180,-1,187,180,188,-1,188,180,181,-1,188,181,189,-1,190,183,191,-1,191,183,185,-1,191,185,192,-1,192,185,186,-1,192,186,193,-1,193,186,141,-1,193,141,140,-1,194,190,195,-1,195,190,191,-1,195,191,196,-1,196,191,192,-1,196,192,197,-1,197,192,193,-1,197,193,198,-1,198,193,140,-1,198,140,139,-1,173,194,174,-1,174,194,195,-1,174,195,199,-1,199,195,196,-1,199,196,200,-1,200,196,197,-1,200,197,201,-1,201,197,198,-1,201,198,202,-1,202,198,139,-1,202,139,138,-1,69,174,203,-1,203,174,199,-1,203,199,204,-1,204,199,200,-1,204,200,205,-1,205,200,201,-1,205,201,206,-1,206,201,202,-1,206,202,207,-1,207,202,138,-1,207,138,44,-1,184,45,178,-1,173,189,194,-1,194,189,181,-1,194,181,190,-1,190,181,175,-1,190,175,183,-1,183,175,177,-1,183,177,184,-1,184,177,45,-1,46,45,182,-1,46,182,208,-1,208,182,187,-1,208,187,209,-1,209,187,188,-1,209,188,210,-1,210,188,189,-1,210,189,211,-1,211,189,173,-1,211,173,212,-1,212,173,69,-1,212,69,68,-1,52,50,172,-1,52,172,213,-1,213,172,167,-1,213,167,214,-1,214,167,161,-1,214,161,215,-1,215,161,156,-1,215,156,216,-1,216,156,147,-1,216,147,217,-1,217,147,48,-1,217,48,46,-1,203,218,69,-1,69,218,219,-1,69,219,71,-1,205,220,204,-1,204,220,221,-1,204,221,203,-1,203,221,222,-1,203,222,218,-1,206,223,205,-1,205,223,224,-1,205,224,220,-1,207,225,206,-1,206,225,226,-1,206,226,223,-1,43,227,44,-1,44,227,228,-1,44,228,207,-1,207,228,229,-1,207,229,225,-1,52,213,230,-1,231,232,233,-1,46,208,234,-1,233,232,46,-1,235,46,232,-1,235,232,236,-1,236,232,231,-1,236,231,237,-1,217,46,235,-1,238,239,240,-1,240,239,234,-1,240,234,241,-1,241,234,208,-1,241,208,209,-1,217,235,216,-1,216,235,236,-1,216,236,215,-1,215,236,237,-1,215,237,214,-1,242,238,243,-1,243,238,240,-1,243,240,244,-1,244,240,241,-1,244,241,245,-1,245,241,209,-1,245,209,210,-1,246,242,247,-1,247,242,243,-1,247,243,248,-1,248,243,244,-1,248,244,249,-1,249,244,245,-1,249,245,250,-1,250,245,210,-1,250,210,211,-1,213,246,230,-1,230,246,247,-1,230,247,251,-1,251,247,248,-1,251,248,252,-1,252,248,249,-1,252,249,253,-1,253,249,250,-1,253,250,254,-1,254,250,211,-1,254,211,212,-1,52,230,255,-1,255,230,251,-1,255,251,256,-1,256,251,252,-1,256,252,257,-1,257,252,253,-1,257,253,258,-1,258,253,254,-1,258,254,259,-1,259,254,212,-1,259,212,68,-1,239,46,234,-1,213,214,246,-1,246,214,237,-1,246,237,242,-1,242,237,231,-1,242,231,238,-1,238,231,233,-1,238,233,239,-1,239,233,46,-1,71,219,70,-1,70,219,260,-1,220,261,262,-1,260,219,263,-1,263,219,218,-1,263,218,264,-1,264,218,222,-1,264,222,262,-1,262,222,221,-1,262,221,220,-1,261,220,265,-1,265,220,224,-1,265,224,266,-1,266,224,223,-1,266,223,267,-1,267,223,226,-1,267,226,268,-1,228,269,229,-1,229,269,268,-1,229,268,225,-1,225,268,226,-1,43,54,227,-1,227,54,270,-1,227,270,228,-1,228,270,271,-1,228,271,269,-1,54,52,270,-1,270,52,271,-1,271,52,269,-1,269,52,255,-1,269,255,268,-1,268,255,256,-1,268,256,267,-1,257,258,262,-1,262,261,257,-1,257,261,265,-1,257,265,256,-1,256,265,266,-1,256,266,267,-1,259,68,70,-1,70,260,259,-1,259,260,263,-1,259,263,258,-1,258,263,264,-1,258,264,262,-1,
        ]
    }
}
Shape{
    appearance Appearance {
        material  Material 	{
            diffuseColor 0.8313725490196079 0.8313725490196079 0.8196078431372549
            specularColor 0.6666666666666666 0.6666666666666666 0.6549019607843137
            ambientIntensity 0.2
            transparency 0
            shininess 0.5
        }
    }
    geometry IndexedFaceSet {
        ccw TRUE
        solid FALSE
        coord DEF co Coordinate {
            point [
                -0.5315 -0.8937 -0.8465, -0.5315 -0.8937 0.1575, -0.4528 -0.8937 -0.8465, -0.4528 -0.8937 0.1575, -0.4528 -0.9459 -0.9646, -0.4528 -0.5709 -0.9646, -0.4528 -0.5709 -0.8858, -0.4528 -0.9646 -0.8465, -0.4528 -0.6102 -0.8465, -0.4528 -0.5719 -0.8771, -0.4528 -0.5748 -0.8687, -0.4528 -0.5795 -0.8613, -0.4528 -0.6015 -0.8474, -0.4528 -0.5857 -0.855, -0.4528 -0.5932 -0.8504, -0.4528 -1.2283 0.1417, -0.4528 -1.2888 0.2464, -0.4528 -1.2874 0.1417, -0.4528 -1.2949 0.2545, -0.4528 -1.2925 0.1411, -0.4528 -1.3029 0.2607, -0.4528 -1.0027 -0.6063, -0.4528 -1.0152 -0.6226, -0.4528 -1.0315 -0.6351, -0.4528 -1.0505 -0.643, -0.4528 -1.261 -0.5995, -0.4528 -1.437 -0.8465, -0.4528 -1.2371 -0.6191, -0.4528 -1.2099 -0.6337, -0.4528 -1.437 -0.4724, -0.4528 -1.3071 -0.4882, -0.4528 -1.3495 0.1633, -0.4528 -1.3071 0.122, -0.4528 -1.3122 0.2646, -0.4528 -1.3222 0.2661, -0.4528 -1.3322 0.265, -0.4528 -1.2805 -0.5757, -0.4528 -1.2951 -0.5485, -0.4528 -1.3041 -0.5189, -0.4528 -1.3064 0.1271, -0.4528 -1.3044 0.1319, -0.4528 -1.3614 0.2185, -0.4528 -1.3013 0.136, -0.4528 -1.3622 0.2285, -0.4528 -1.2972 0.1391, -0.4528 -1.3605 0.2385, -0.4528 -1.3417 0.2614, -0.4528 -1.3498 0.2555, -0.4528 -1.3563 0.2477, -0.4528 -0.9904 0.1702, -0.4528 -0.9921 0.1575, -0.4528 -0.9921 -0.5669, -0.4528 -0.9948 -0.5873, -0.4528 -1.0709 -0.6457, -0.4528 -1.1496 -0.6457, -0.4528 -1.1803 -0.6426, -0.4528 -0.9429 0.2067, -0.4528 -0.9003 0.1821, -0.4528 -0.9302 0.205, -0.4528 -0.9081 0.1923, -0.4528 -0.9183 0.2001, -0.4528 -0.9557 0.205, -0.4528 -0.9675 0.2001, -0.4528 -0.9777 0.1923, -0.4528 -0.8954 0.1702, -0.4528 -0.9855 0.1821, -0.5315 -0.9921 0.1575, -0.5315 -0.9904 0.1702, -0.5315 -0.9855 0.1821, -0.5315 -0.9777 0.1923, -0.5315 -0.9675 0.2001, -0.5315 -0.9557 0.205, -0.5315 -0.9429 0.2067, -0.5315 -0.9302 0.205, -0.5315 -0.9183 0.2001, -0.5315 -0.9081 0.1923, -0.5315 -0.9003 0.1821, -0.5315 -0.8954 0.1702, -0.5315 -0.9921 -0.5669, -0.5315 -1.0709 -0.6457, -0.5315 -1.0505 -0.643, -0.5315 -1.0315 -0.6351, -0.5315 -1.0152 -0.6226, -0.5315 -1.0027 -0.6063, -0.5315 -0.9948 -0.5873, -0.5315 -1.1496 -0.6457, -0.5315 -1.3071 -0.4882, -0.5315 -1.3041 -0.5189, -0.5315 -1.2951 -0.5485, -0.5315 -1.2805 -0.5757, -0.5315 -1.261 -0.5995, -0.5315 -1.2371 -0.6191, -0.5315 -1.2099 -0.6337, -0.5315 -1.1803 -0.6426, -0.5315 -1.3071 0.122, -0.5315 -1.2874 0.1417, -0.5315 -1.2925 0.1411, -0.5315 -1.2972 0.1391, -0.5315 -1.3013 0.136, -0.5315 -1.3044 0.1319, -0.5315 -1.3064 0.1271, -0.5315 -1.2283 0.1417, -0.5315 -1.2888 0.2464, -0.5315 -1.3614 0.2185, -0.5315 -1.3622 0.2285, -0.5315 -1.3605 0.2385, -0.5315 -1.3563 0.2477, -0.5315 -1.3498 0.2555, -0.5315 -1.3417 0.2614, -0.5315 -1.3322 0.265, -0.5315 -1.3222 0.2661, -0.5315 -1.3122 0.2646, -0.5315 -1.3029 0.2607, -0.5315 -1.2949 0.2545, -0.5315 -1.3495 0.1633, -0.5315 -1.437 -0.4724, -0.5315 -1.437 -0.8465, -0.5315 -0.5709 -0.9646, -0.5315 -0.9459 -0.9646, -0.5315 -0.5709 -0.8858, -0.5315 -0.6102 -0.8465, -0.5315 -0.6015 -0.8474, -0.5315 -0.5932 -0.8504, -0.5315 -0.5857 -0.855, -0.5315 -0.5795 -0.8613, -0.5315 -0.5748 -0.8687, -0.5315 -0.5719 -0.8771, -0.5315 -0.9646 -0.8465, -0.9252 -0.8937 -0.8465, -0.9252 -0.8937 0.1575, -0.8465 -0.8937 -0.8465, -0.8465 -0.8937 0.1575, -0.8465 -0.9459 -0.9646, -0.8465 -0.5709 -0.9646, -0.8465 -0.5709 -0.8858, -0.8465 -0.9948 -0.5873, -0.8465 -1.0027 -0.6063, -0.8465 -0.9646 -0.8465, -0.8465 -0.5795 -0.8613, -0.8465 -0.5857 -0.855, -0.8465 -0.5932 -0.8504, -0.8465 -1.3122 0.2646, -0.8465 -1.3222 0.2661, -0.8465 -1.2925 0.1411, -0.8465 -0.9921 -0.5669, -0.8465 -0.5719 -0.8771, -0.8465 -0.5748 -0.8687, -0.8465 -0.6102 -0.8465, -0.8465 -0.6015 -0.8474, -0.8465 -0.9921 0.1575, -0.8465 -1.0152 -0.6226, -0.8465 -1.0315 -0.6351, -0.8465 -1.0505 -0.643, -0.8465 -1.437 -0.4724, -0.8465 -1.3071 -0.4882, -0.8465 -1.3495 0.1633, -0.8465 -1.3071 0.122, -0.8465 -1.3563 0.2477, -0.8465 -1.2972 0.1391, -0.8465 -1.3498 0.2555, -0.8465 -1.2283 0.1417, -0.8465 -1.2888 0.2464, -0.8465 -1.2874 0.1417, -0.8465 -1.2949 0.2545, -0.8465 -1.3029 0.2607, -0.8465 -1.261 -0.5995, -0.8465 -1.437 -0.8465, -0.8465 -1.2371 -0.6191, -0.8465 -1.2099 -0.6337, -0.8465 -1.3064 0.1271, -0.8465 -1.3044 0.1319, -0.8465 -1.3614 0.2185, -0.8465 -1.3013 0.136, -0.8465 -1.3622 0.2285, -0.8465 -1.3605 0.2385, -0.8465 -1.3322 0.265, -0.8465 -1.3417 0.2614, -0.8465 -0.9855 0.1821, -0.8465 -0.9904 0.1702, -0.8465 -0.9003 0.1821, -0.8465 -1.2805 -0.5757, -0.8465 -1.2951 -0.5485, -0.8465 -1.3041 -0.5189, -0.8465 -0.8954 0.1702, -0.8465 -1.0709 -0.6457, -0.8465 -1.1496 -0.6457, -0.8465 -1.1803 -0.6426, -0.8465 -0.9429 0.2067, -0.8465 -0.9557 0.205, -0.8465 -0.9081 0.1923, -0.8465 -0.9183 0.2001, -0.8465 -0.9302 0.205, -0.8465 -0.9675 0.2001, -0.8465 -0.9777 0.1923, -0.9252 -0.9921 0.1575, -0.9252 -0.9904 0.1702, -0.9252 -0.9855 0.1821, -0.9252 -0.9777 0.1923, -0.9252 -0.9675 0.2001, -0.9252 -0.9557 0.205, -0.9252 -0.9429 0.2067, -0.9252 -0.9302 0.205, -0.9252 -0.9183 0.2001, -0.9252 -0.9081 0.1923, -0.9252 -0.9003 0.1821, -0.9252 -0.8954 0.1702, -0.9252 -0.9921 -0.5669, -0.9252 -1.0709 -0.6457, -0.9252 -1.0505 -0.643, -0.9252 -1.0315 -0.6351, -0.9252 -1.0152 -0.6226, -0.9252 -1.0027 -0.6063, -0.9252 -0.9948 -0.5873, -0.9252 -1.1496 -0.6457, -0.9252 -1.3071 -0.4882, -0.9252 -1.3041 -0.5189, -0.9252 -1.2951 -0.5485, -0.9252 -1.2805 -0.5757, -0.9252 -1.261 -0.5995, -0.9252 -1.2371 -0.6191, -0.9252 -1.2099 -0.6337, -0.9252 -1.1803 -0.6426, -0.9252 -1.3071 0.122, -0.9252 -1.2874 0.1417, -0.9252 -1.2925 0.1411, -0.9252 -1.2972 0.1391, -0.9252 -1.3013 0.136, -0.9252 -1.3044 0.1319, -0.9252 -1.3064 0.1271, -0.9252 -1.2283 0.1417, -0.9252 -1.2888 0.2464, -0.9252 -1.3614 0.2185, -0.9252 -1.3622 0.2285, -0.9252 -1.3605 0.2385, -0.9252 -1.3563 0.2477, -0.9252 -1.3498 0.2555, -0.9252 -1.3417 0.2614, -0.9252 -1.3322 0.265, -0.9252 -1.3222 0.2661, -0.9252 -1.3122 0.2646, -0.9252 -1.3029 0.2607, -0.9252 -1.2949 0.2545, -0.9252 -1.3495 0.1633, -0.9252 -1.437 -0.4724, -0.9252 -1.437 -0.8465, -0.9252 -0.5709 -0.9646, -0.9252 -0.9459 -0.9646, -0.9252 -0.5709 -0.8858, -0.9252 -0.6102 -0.8465, -0.9252 -0.6015 -0.8474, -0.9252 -0.5932 -0.8504, -0.9252 -0.5857 -0.855, -0.9252 -0.5795 -0.8613, -0.9252 -0.5748 -0.8687, -0.9252 -0.5719 -0.8771, -0.9252 -0.9646 -0.8465, -1.9085 -0.9646 -0.9175, -1.9094 -0.9646 -0.9173, -1.9094 -0.9646 -0.8425, -1.9006 -0.9646 -0.8385, -1.8701 -0.9646 -0.8425, -1.8701 -0.9646 -0.9213, -1.9882 -0.9646 -0.7244, -1.9842 -0.9646 -0.755, -1.9882 -0.9646 -0.8425, -1.9724 -0.9646 -0.7835, -1.9291 -0.9646 -0.8267, -1.9536 -0.9646 -0.8079, -2.0276 -1.2402 -0.8425, -2.0276 -1.3583 -0.8425, -2.0338 -1.3583 -0.8338, -1.9629 -1.018 -0.898, -1.9454 -1.0005 -0.9063, -1.9629 -1.3048 -0.898, -1.9094 -1.3583 -0.9173, -1.9277 -1.34 -0.9126, -1.9277 -0.9828 -0.9126, -1.9454 -1.3223 -0.9063, -2.0338 -0.9646 -0.8338, -2.0276 -0.9646 -0.8425, -2.0276 -1.0827 -0.8425, -2.0519 -1.3583 -0.7997, -2.0519 -0.9646 -0.7997, -2.0631 -1.3583 -0.7628, -2.0631 -0.9646 -0.7628, -2.0669 -1.3583 -0.7244, -2.0669 -0.9646 -0.7244, -1.9794 -1.0346 -0.8881, -1.9794 -1.2883 -0.8881, -1.995 -1.0501 -0.8766, -1.995 -1.2728 -0.8766, -2.0093 -1.0644 -0.8636, -2.0093 -1.2584 -0.8636, -1.9085 -1.3583 -0.9175, -1.8701 -1.3583 -0.9213, -1.5157 -1.3583 -0.8425, -1.8701 -1.3583 -0.8425, -1.5157 -1.3583 -0.9213, -1.3583 -1.0827 -0.9213, -1.3583 -1.2402 -0.9213, -1.3976 -1.0827 -0.9213, -1.3976 -1.2402 -0.9213, -1.5157 -0.9646 -0.9213, -1.3976 -1.2402 -0.8425, -1.3583 -1.2402 -0.8425, -1.3583 -1.0827 -0.8425, -1.3976 -1.0827 -0.8425, -1.5157 -0.9646 -0.8425, -2.0669 -0.9646 -0.8425, -2.0669 -1.3583 -0.8425, -1.9882 -0.9646 0.3346, -1.9882 -1.3583 -0.7244, -1.9882 -1.3583 0.3346, -2.0669 -1.3583 0.3346, -2.0669 -0.9646 0.3346, -1.9842 -1.3888 0.3346, -1.8701 -1.5551 0.3346, -1.8701 -1.4764 0.3346, -1.9085 -1.5513 0.3346, -1.9006 -1.4724 0.3346, -1.9454 -1.5401 0.3346, -1.9291 -1.4606 0.3346, -2.0631 -1.3967 0.3346, -2.0519 -1.4336 0.3346, -1.9724 -1.4173 0.3346, -2.0338 -1.4676 0.3346, -1.9536 -1.4418 0.3346, -2.0093 -1.4975 0.3346, -1.9794 -1.5219 0.3346, -1.9006 -0.8505 0.3346, -1.8701 -0.8465 0.3346, -1.8701 -0.7677 0.3346, -2.0631 -0.9262 0.3346, -1.9842 -0.934 0.3346, -2.0519 -0.8892 0.3346, -1.9724 -0.9055 0.3346, -1.9085 -0.7715 0.3346, -1.9454 -0.7827 0.3346, -1.9291 -0.8623 0.3346, -1.9794 -0.8009 0.3346, -1.9536 -0.8811 0.3346, -2.0093 -0.8254 0.3346, -2.0338 -0.8552 0.3346, -1.3583 -0.8465 0.3346, -1.3583 -0.7677 0.3346, -1.3583 -0.8465 -0.8425, -1.8701 -0.8465 -0.8425, -1.9842 -0.934 -0.8425, -1.9006 -0.8505 -0.8425, -1.9291 -0.8623 -0.8425, -1.9536 -0.8811 -0.8425, -1.9724 -0.9055 -0.8425, -1.9882 -1.3583 -0.8425, -1.9842 -1.3888 -0.8425, -1.9724 -1.4173 -0.8425, -1.9536 -1.4418 -0.8425, -1.9291 -1.4606 -0.8425, -1.9006 -1.4724 -0.8425, -1.8701 -1.4764 -0.8425, -1.3583 -1.4764 -0.8425, -1.3583 -1.4764 0.3346, -1.3583 -1.5551 0.3346, -1.3583 -1.5551 -0.8425, -1.8701 -1.5551 -0.8425, -2.0631 -1.3967 -0.8425, -1.9085 -1.5513 -0.8425, -1.9454 -1.5401 -0.8425, -1.9794 -1.5219 -0.8425, -2.0093 -1.4975 -0.8425, -2.0338 -1.4676 -0.8425, -2.0519 -1.4336 -0.8425, -2.0631 -0.9262 -0.8425, -2.0519 -0.8892 -0.8425, -2.0338 -0.8552 -0.8425, -2.0093 -0.8254 -0.8425, -1.9794 -0.8009 -0.8425, -1.9454 -0.7827 -0.8425, -1.9085 -0.7715 -0.8425, -1.8701 -0.7677 -0.8425, -1.3583 -0.7677 -0.8425, -1.9094 -1.3583 -0.8425, -1.9006 -1.3583 -0.8385, -1.9291 -1.3583 -0.8267, -1.9536 -1.3583 -0.8079, -1.9724 -1.3583 -0.7835, -1.9842 -1.3583 -0.755, 1.9536 -0.9646 -0.8079, 1.9724 -0.9646 -0.7835, 1.9882 -0.9646 -0.8425, 1.9842 -0.9646 -0.755, 1.9882 -0.9646 -0.7244, 1.8701 -0.9646 -0.9213, 1.8701 -0.9646 -0.8425, 1.9085 -0.9646 -0.9175, 1.9006 -0.9646 -0.8385, 1.9094 -0.9646 -0.9173, 1.9094 -0.9646 -0.8425, 1.9291 -0.9646 -0.8267, 1.9277 -1.34 -0.9126, 1.9094 -1.3583 -0.9173, 1.9085 -1.3583 -0.9175, 2.0276 -1.0827 -0.8425, 2.0276 -0.9646 -0.8425, 2.0338 -0.9646 -0.8338, 2.0338 -1.3583 -0.8338, 2.0276 -1.3583 -0.8425, 2.0276 -1.2402 -0.8425, 2.0093 -1.2584 -0.8636, 2.0093 -1.0644 -0.8636, 1.9794 -1.2883 -0.8881, 1.9794 -1.0346 -0.8881, 1.995 -1.0501 -0.8766, 1.995 -1.2728 -0.8766, 1.9629 -1.018 -0.898, 1.9629 -1.3048 -0.898, 1.9454 -1.3223 -0.9063, 1.9277 -0.9828 -0.9126, 1.9454 -1.0005 -0.9063, 1.8701 -1.3583 -0.9213, 2.0519 -0.9646 -0.7997, 2.0519 -1.3583 -0.7997, 2.0631 -0.9646 -0.7628, 2.0631 -1.3583 -0.7628, 2.0669 -0.9646 -0.7244, 2.0669 -1.3583 -0.7244, 1.8701 -1.3583 -0.8425, 1.5157 -1.3583 -0.8425, 1.5157 -1.3583 -0.9213, 1.3583 -1.2402 -0.9213, 1.3583 -1.0827 -0.9213, 1.3976 -1.2402 -0.9213, 1.3976 -1.0827 -0.9213, 1.5157 -0.9646 -0.9213, 1.3583 -1.0827 -0.8425, 1.3583 -1.2402 -0.8425, 1.3976 -1.0827 -0.8425, 1.3976 -1.2402 -0.8425, 1.5157 -0.9646 -0.8425, 2.0669 -0.9646 -0.8425, 2.0669 -1.3583 -0.8425, 1.9882 -0.9646 0.3346, 1.9882 -1.3583 0.3346, 1.9882 -1.3583 -0.7244, 2.0669 -0.9646 0.3346, 2.0669 -1.3583 0.3346, 1.9006 -1.4724 0.3346, 1.8701 -1.4764 0.3346, 1.8701 -1.5551 0.3346, 2.0631 -1.3967 0.3346, 1.9842 -1.3888 0.3346, 2.0519 -1.4336 0.3346, 1.9724 -1.4173 0.3346, 1.9085 -1.5513 0.3346, 1.9454 -1.5401 0.3346, 1.9291 -1.4606 0.3346, 1.9794 -1.5219 0.3346, 1.9536 -1.4418 0.3346, 2.0093 -1.4975 0.3346, 2.0338 -1.4676 0.3346, 1.9842 -0.934 0.3346, 1.8701 -0.7677 0.3346, 1.8701 -0.8465 0.3346, 1.9085 -0.7715 0.3346, 1.9006 -0.8505 0.3346, 1.9454 -0.7827 0.3346, 1.9291 -0.8623 0.3346, 2.0631 -0.9262 0.3346, 2.0519 -0.8892 0.3346, 1.9724 -0.9055 0.3346, 2.0338 -0.8552 0.3346, 1.9536 -0.8811 0.3346, 2.0093 -0.8254 0.3346, 1.9794 -0.8009 0.3346, 1.3583 -0.8465 0.3346, 1.3583 -0.7677 0.3346, 1.3583 -0.8465 -0.8425, 1.8701 -0.8465 -0.8425, 1.9842 -0.934 -0.8425, 1.9724 -0.9055 -0.8425, 1.9536 -0.8811 -0.8425, 1.9291 -0.8623 -0.8425, 1.9006 -0.8505 -0.8425, 1.9882 -1.3583 -0.8425, 1.9842 -1.3888 -0.8425, 1.8701 -1.4764 -0.8425, 1.9006 -1.4724 -0.8425, 1.9291 -1.4606 -0.8425, 1.9536 -1.4418 -0.8425, 1.9724 -1.4173 -0.8425, 1.3583 -1.4764 0.3346, 1.3583 -1.4764 -0.8425, 1.3583 -1.5551 0.3346, 1.3583 -1.5551 -0.8425, 1.8701 -1.5551 -0.8425, 2.0631 -1.3967 -0.8425, 2.0519 -1.4336 -0.8425, 2.0338 -1.4676 -0.8425, 2.0093 -1.4975 -0.8425, 1.9794 -1.5219 -0.8425, 1.9454 -1.5401 -0.8425, 1.9085 -1.5513 -0.8425, 2.0631 -0.9262 -0.8425, 1.8701 -0.7677 -0.8425, 1.9085 -0.7715 -0.8425, 1.9454 -0.7827 -0.8425, 1.9794 -0.8009 -0.8425, 2.0093 -0.8254 -0.8425, 2.0338 -0.8552 -0.8425, 2.0519 -0.8892 -0.8425, 1.3583 -0.7677 -0.8425, 1.9094 -1.3583 -0.8425, 1.9006 -1.3583 -0.8385, 1.9724 -1.3583 -0.7835, 1.9842 -1.3583 -0.755, 1.9291 -1.3583 -0.8267, 1.9536 -1.3583 -0.8079, -0.3346 -0.8937 -0.8465, -0.3346 -0.8937 0.1575, -0.2559 -0.8937 -0.8465, -0.2559 -0.8937 0.1575, -0.2559 -0.9921 -0.5669, -0.2559 -0.9948 -0.5873, -0.2559 -1.751 -0.8771, -0.2559 -1.7126 -0.8465, -0.2559 -1.7214 -0.8474, -0.2559 -1.2283 0.1417, -0.2559 -1.2888 0.2464, -0.2559 -1.2874 0.1417, -0.2559 -1.2949 0.2545, -0.2559 -1.2925 0.1411, -0.2559 -1.3029 0.2607, -0.2559 -1.0027 -0.6063, -0.2559 -1.0152 -0.6226, -0.2559 -1.0315 -0.6351, -0.2559 -1.7297 -0.8504, -0.2559 -1.7371 -0.855, -0.2559 -1.7481 -0.8687, -0.2559 -1.7434 -0.8613, -0.2559 -1.3122 0.2646, -0.2559 -1.3222 0.2661, -0.2559 -1.3322 0.265, -0.2559 -0.9855 0.1821, -0.2559 -0.9904 0.1702, -0.2559 -0.9003 0.1821, -0.2559 -1.1803 -0.6426, -0.2559 -1.2099 -0.6337, -0.2559 -1.3583 -0.8465, -0.2559 -1.2371 -0.6191, -0.2559 -1.261 -0.5995, -0.2559 -1.2805 -0.5757, -0.2559 -1.2951 -0.5485, -0.2559 -1.437 -0.4724, -0.2559 -1.3041 -0.5189, -0.2559 -1.3071 -0.4882, -0.2559 -1.3495 0.1633, -0.2559 -1.3071 0.122, -0.2559 -1.3064 0.1271, -0.2559 -1.3044 0.1319, -0.2559 -1.3614 0.2185, -0.2559 -1.3013 0.136, -0.2559 -1.3622 0.2285, -0.2559 -1.2972 0.1391, -0.2559 -1.3605 0.2385, -0.2559 -1.3417 0.2614, -0.2559 -1.3498 0.2555, -0.2559 -1.3563 0.2477, -0.2559 -0.9921 0.1575, -0.2559 -0.8954 0.1702, -0.2559 -1.377 -0.9646, -0.2559 -1.437 -0.8465, -0.2559 -1.752 -0.9646, -0.2559 -1.752 -0.8858, -0.2559 -1.0505 -0.643, -0.2559 -1.0709 -0.6457, -0.2559 -1.1496 -0.6457, -0.2559 -0.9081 0.1923, -0.2559 -0.9183 0.2001, -0.2559 -0.9302 0.205, -0.2559 -0.9557 0.205, -0.2559 -0.9675 0.2001, -0.2559 -0.9777 0.1923, -0.2559 -0.9429 0.2067, -0.3346 -0.9921 0.1575, -0.3346 -0.9904 0.1702, -0.3346 -0.9855 0.1821, -0.3346 -0.9777 0.1923, -0.3346 -0.9675 0.2001, -0.3346 -0.9557 0.205, -0.3346 -0.9429 0.2067, -0.3346 -0.9302 0.205, -0.3346 -0.9183 0.2001, -0.3346 -0.9081 0.1923, -0.3346 -0.9003 0.1821, -0.3346 -0.8954 0.1702, -0.3346 -0.9921 -0.5669, -0.3346 -1.0709 -0.6457, -0.3346 -1.0505 -0.643, -0.3346 -1.0315 -0.6351, -0.3346 -1.0152 -0.6226, -0.3346 -1.0027 -0.6063, -0.3346 -0.9948 -0.5873, -0.3346 -1.1496 -0.6457, -0.3346 -1.3071 -0.4882, -0.3346 -1.3041 -0.5189, -0.3346 -1.2951 -0.5485, -0.3346 -1.2805 -0.5757, -0.3346 -1.261 -0.5995, -0.3346 -1.2371 -0.6191, -0.3346 -1.2099 -0.6337, -0.3346 -1.1803 -0.6426, -0.3346 -1.3071 0.122, -0.3346 -1.2874 0.1417, -0.3346 -1.2925 0.1411, -0.3346 -1.2972 0.1391, -0.3346 -1.3013 0.136, -0.3346 -1.3044 0.1319, -0.3346 -1.3064 0.1271, -0.3346 -1.2283 0.1417, -0.3346 -1.2888 0.2464, -0.3346 -1.3614 0.2185, -0.3346 -1.3622 0.2285, -0.3346 -1.3605 0.2385, -0.3346 -1.3563 0.2477, -0.3346 -1.3498 0.2555, -0.3346 -1.3417 0.2614, -0.3346 -1.3322 0.265, -0.3346 -1.3222 0.2661, -0.3346 -1.3122 0.2646, -0.3346 -1.3029 0.2607, -0.3346 -1.2949 0.2545, -0.3346 -1.3495 0.1633, -0.3346 -1.437 -0.4724, -0.3346 -1.437 -0.8465, -0.3346 -1.7126 -0.8465, -0.3346 -1.752 -0.8858, -0.3346 -1.751 -0.8771, -0.3346 -1.7481 -0.8687, -0.3346 -1.7434 -0.8613, -0.3346 -1.7371 -0.855, -0.3346 -1.7297 -0.8504, -0.3346 -1.7214 -0.8474, -0.3346 -1.752 -0.9646, -0.3346 -1.377 -0.9646, -0.3346 -1.3583 -0.8465, -0.1378 -0.8937 -0.8465, -0.1378 -0.8937 0.1575, -0.0591 -0.8937 -0.8465, -0.0591 -0.8937 0.1575, -0.0591 -0.9948 -0.5873, -0.0591 -1.0027 -0.6063, -0.0591 -0.9646 -0.8465, -0.0591 -0.6102 -0.8465, -0.0591 -0.5709 -0.8858, -0.0591 -0.5719 -0.8771, -0.0591 -0.5795 -0.8613, -0.0591 -0.5857 -0.855, -0.0591 -0.5932 -0.8504, -0.0591 -1.3122 0.2646, -0.0591 -1.3222 0.2661, -0.0591 -1.2925 0.1411, -0.0591 -0.9921 -0.5669, -0.0591 -0.5748 -0.8687, -0.0591 -0.6015 -0.8474, -0.0591 -0.9921 0.1575, -0.0591 -0.9459 -0.9646, -0.0591 -0.5709 -0.9646, -0.0591 -1.0152 -0.6226, -0.0591 -1.0315 -0.6351, -0.0591 -1.0505 -0.643, -0.0591 -1.437 -0.4724, -0.0591 -1.3071 -0.4882, -0.0591 -1.3495 0.1633, -0.0591 -1.3071 0.122, -0.0591 -1.3563 0.2477, -0.0591 -1.2972 0.1391, -0.0591 -1.3498 0.2555, -0.0591 -1.2283 0.1417, -0.0591 -1.2888 0.2464, -0.0591 -1.2874 0.1417, -0.0591 -1.2949 0.2545, -0.0591 -1.3029 0.2607, -0.0591 -1.261 -0.5995, -0.0591 -1.437 -0.8465, -0.0591 -1.2371 -0.6191, -0.0591 -1.2099 -0.6337, -0.0591 -1.3064 0.1271, -0.0591 -1.3044 0.1319, -0.0591 -1.3614 0.2185, -0.0591 -1.3013 0.136, -0.0591 -1.3622 0.2285, -0.0591 -1.3605 0.2385, -0.0591 -1.3322 0.265, -0.0591 -1.3417 0.2614, -0.0591 -0.9855 0.1821, -0.0591 -0.9904 0.1702, -0.0591 -0.9003 0.1821, -0.0591 -1.2805 -0.5757, -0.0591 -1.2951 -0.5485, -0.0591 -1.3041 -0.5189, -0.0591 -0.8954 0.1702, -0.0591 -1.0709 -0.6457, -0.0591 -1.1496 -0.6457, -0.0591 -1.1803 -0.6426, -0.0591 -0.9429 0.2067, -0.0591 -0.9557 0.205, -0.0591 -0.9081 0.1923, -0.0591 -0.9183 0.2001, -0.0591 -0.9302 0.205, -0.0591 -0.9675 0.2001, -0.0591 -0.9777 0.1923, -0.1378 -0.9921 0.1575, -0.1378 -0.9904 0.1702, -0.1378 -0.9855 0.1821, -0.1378 -0.9777 0.1923, -0.1378 -0.9675 0.2001, -0.1378 -0.9557 0.205, -0.1378 -0.9429 0.2067, -0.1378 -0.9302 0.205, -0.1378 -0.9183 0.2001, -0.1378 -0.9081 0.1923, -0.1378 -0.9003 0.1821, -0.1378 -0.8954 0.1702, -0.1378 -0.9921 -0.5669, -0.1378 -1.0709 -0.6457, -0.1378 -1.0505 -0.643, -0.1378 -1.0315 -0.6351, -0.1378 -1.0152 -0.6226, -0.1378 -1.0027 -0.6063, -0.1378 -0.9948 -0.5873, -0.1378 -1.1496 -0.6457, -0.1378 -1.3071 -0.4882, -0.1378 -1.3041 -0.5189, -0.1378 -1.2951 -0.5485, -0.1378 -1.2805 -0.5757, -0.1378 -1.261 -0.5995, -0.1378 -1.2371 -0.6191, -0.1378 -1.2099 -0.6337, -0.1378 -1.1803 -0.6426, -0.1378 -1.3071 0.122, -0.1378 -1.2874 0.1417, -0.1378 -1.2925 0.1411, -0.1378 -1.2972 0.1391, -0.1378 -1.3013 0.136, -0.1378 -1.3044 0.1319, -0.1378 -1.3064 0.1271, -0.1378 -1.2283 0.1417, -0.1378 -1.2888 0.2464, -0.1378 -1.3614 0.2185, -0.1378 -1.3622 0.2285, -0.1378 -1.3605 0.2385, -0.1378 -1.3563 0.2477, -0.1378 -1.3498 0.2555, -0.1378 -1.3417 0.2614, -0.1378 -1.3322 0.265, -0.1378 -1.3222 0.2661, -0.1378 -1.3122 0.2646, -0.1378 -1.3029 0.2607, -0.1378 -1.2949 0.2545, -0.1378 -1.3495 0.1633, -0.1378 -1.437 -0.4724, -0.1378 -1.437 -0.8465, -0.1378 -0.5709 -0.9646, -0.1378 -0.9459 -0.9646, -0.1378 -0.9459 -0.9646
            ]
        }
        coordIndex [
            0,1,2,-1,2,1,3,-1,4,5,6,-1,3,7,2,-1,2,7,4,-1,2,4,8,-1,8,4,6,-1,8,6,9,-1,9,10,8,-1,8,10,11,-1,8,11,12,-1,12,11,13,-1,12,13,14,-1,15,16,17,-1,17,16,18,-1,17,18,19,-1,19,18,20,-1,21,22,7,-1,7,22,23,-1,7,23,24,-1,25,26,27,-1,27,26,28,-1,29,30,31,-1,31,30,32,-1,20,33,19,-1,19,33,34,-1,19,34,35,-1,25,36,26,-1,26,36,37,-1,26,37,29,-1,29,37,38,-1,29,38,30,-1,32,39,31,-1,31,39,40,-1,31,40,41,-1,41,40,42,-1,41,42,43,-1,43,42,44,-1,43,44,45,-1,35,46,19,-1,19,46,47,-1,19,47,44,-1,44,47,48,-1,44,48,45,-1,49,50,3,-1,3,50,51,-1,3,51,7,-1,7,51,52,-1,7,52,21,-1,24,53,7,-1,7,53,54,-1,7,54,26,-1,26,54,55,-1,26,55,28,-1,56,57,58,-1,58,57,59,-1,58,59,60,-1,56,61,57,-1,57,61,62,-1,57,62,63,-1,3,64,49,-1,49,64,57,-1,49,57,65,-1,65,57,63,-1,66,50,49,-1,66,49,67,-1,67,49,65,-1,67,65,68,-1,68,65,63,-1,68,63,69,-1,69,63,62,-1,69,62,70,-1,70,62,61,-1,70,61,71,-1,71,61,56,-1,71,56,72,-1,72,56,58,-1,72,58,73,-1,73,58,60,-1,73,60,74,-1,74,60,59,-1,74,59,75,-1,75,59,57,-1,75,57,76,-1,76,57,64,-1,76,64,77,-1,77,64,3,-1,77,3,1,-1,66,78,50,-1,50,78,51,-1,79,53,80,-1,80,53,24,-1,80,24,81,-1,81,24,23,-1,81,23,82,-1,82,23,22,-1,82,22,83,-1,83,22,21,-1,83,21,84,-1,84,21,52,-1,84,52,78,-1,78,52,51,-1,79,85,53,-1,53,85,54,-1,86,30,87,-1,87,30,38,-1,87,38,88,-1,88,38,37,-1,88,37,89,-1,89,37,36,-1,89,36,90,-1,90,36,25,-1,90,25,91,-1,91,25,27,-1,91,27,92,-1,92,27,28,-1,92,28,93,-1,93,28,55,-1,93,55,85,-1,85,55,54,-1,86,94,30,-1,30,94,32,-1,95,17,96,-1,96,17,19,-1,96,19,97,-1,97,19,44,-1,97,44,98,-1,98,44,42,-1,98,42,99,-1,99,42,40,-1,99,40,100,-1,100,40,39,-1,100,39,94,-1,94,39,32,-1,95,101,17,-1,17,101,15,-1,101,102,15,-1,15,102,16,-1,103,41,43,-1,103,43,104,-1,104,43,45,-1,104,45,105,-1,105,45,48,-1,105,48,106,-1,106,48,47,-1,106,47,107,-1,107,47,46,-1,107,46,108,-1,108,46,35,-1,108,35,109,-1,109,35,34,-1,109,34,110,-1,110,34,33,-1,110,33,111,-1,111,33,20,-1,111,20,112,-1,112,20,18,-1,112,18,113,-1,113,18,16,-1,113,16,102,-1,103,114,41,-1,41,114,31,-1,114,115,31,-1,31,115,29,-1,115,116,29,-1,29,116,26,-1,117,5,118,-1,118,5,4,-1,117,119,5,-1,5,119,6,-1,120,8,12,-1,120,12,121,-1,121,12,14,-1,121,14,122,-1,122,14,13,-1,122,13,123,-1,123,13,11,-1,123,11,124,-1,124,11,10,-1,124,10,125,-1,125,10,9,-1,125,9,126,-1,126,9,6,-1,126,6,119,-1,120,0,8,-1,8,0,2,-1,119,117,118,-1,1,0,127,-1,127,0,118,-1,118,0,119,-1,119,0,120,-1,119,120,126,-1,96,114,95,-1,95,114,101,-1,79,80,127,-1,101,114,102,-1,102,114,103,-1,102,103,104,-1,122,123,121,-1,121,123,124,-1,121,124,120,-1,120,124,125,-1,120,125,126,-1,96,97,114,-1,114,97,98,-1,114,98,99,-1,104,105,102,-1,102,105,106,-1,102,106,107,-1,80,81,127,-1,127,81,82,-1,127,82,83,-1,111,112,110,-1,110,112,109,-1,107,108,102,-1,102,108,109,-1,102,109,113,-1,113,109,112,-1,99,100,114,-1,114,100,94,-1,114,94,115,-1,83,84,127,-1,127,84,78,-1,127,78,1,-1,1,78,66,-1,1,66,67,-1,94,86,115,-1,115,86,87,-1,115,87,116,-1,116,87,88,-1,88,89,116,-1,116,89,90,-1,116,90,91,-1,91,92,116,-1,116,92,93,-1,116,93,127,-1,127,93,85,-1,127,85,79,-1,68,76,67,-1,67,76,77,-1,67,77,1,-1,68,69,76,-1,76,69,70,-1,76,70,71,-1,71,72,76,-1,76,72,73,-1,76,73,75,-1,75,73,74,-1,118,4,127,-1,127,4,7,-1,127,7,116,-1,116,7,26,-1,128,129,130,-1,130,129,131,-1,132,133,134,-1,135,136,137,-1,138,139,140,-1,141,142,143,-1,135,137,144,-1,145,146,147,-1,147,146,138,-1,147,138,148,-1,148,138,140,-1,149,144,131,-1,131,144,137,-1,131,137,130,-1,130,137,132,-1,130,132,147,-1,147,132,134,-1,147,134,145,-1,136,150,137,-1,137,150,151,-1,137,151,152,-1,153,154,155,-1,155,154,156,-1,157,158,159,-1,159,158,143,-1,160,161,162,-1,162,161,163,-1,162,163,143,-1,143,163,164,-1,143,164,141,-1,165,166,167,-1,167,166,168,-1,156,169,155,-1,155,169,170,-1,155,170,171,-1,171,170,172,-1,171,172,173,-1,173,172,158,-1,173,158,174,-1,174,158,157,-1,142,175,143,-1,143,175,176,-1,143,176,159,-1,177,178,179,-1,165,180,166,-1,166,180,181,-1,166,181,153,-1,153,181,182,-1,153,182,154,-1,149,131,178,-1,178,131,183,-1,178,183,179,-1,152,184,137,-1,137,184,185,-1,137,185,166,-1,166,185,186,-1,166,186,168,-1,179,187,188,-1,189,190,179,-1,179,190,191,-1,179,191,187,-1,188,192,179,-1,179,192,193,-1,179,193,177,-1,194,149,178,-1,194,178,195,-1,195,178,177,-1,195,177,196,-1,196,177,193,-1,196,193,197,-1,197,193,192,-1,197,192,198,-1,198,192,188,-1,198,188,199,-1,199,188,187,-1,199,187,200,-1,200,187,191,-1,200,191,201,-1,201,191,190,-1,201,190,202,-1,202,190,189,-1,202,189,203,-1,203,189,179,-1,203,179,204,-1,204,179,183,-1,204,183,205,-1,205,183,131,-1,205,131,129,-1,194,206,149,-1,149,206,144,-1,207,184,208,-1,208,184,152,-1,208,152,209,-1,209,152,151,-1,209,151,210,-1,210,151,150,-1,210,150,211,-1,211,150,136,-1,211,136,212,-1,212,136,135,-1,212,135,206,-1,206,135,144,-1,207,213,184,-1,184,213,185,-1,214,154,215,-1,215,154,182,-1,215,182,216,-1,216,182,181,-1,216,181,217,-1,217,181,180,-1,217,180,218,-1,218,180,165,-1,218,165,219,-1,219,165,167,-1,219,167,220,-1,220,167,168,-1,220,168,221,-1,221,168,186,-1,221,186,213,-1,213,186,185,-1,214,222,154,-1,154,222,156,-1,223,162,224,-1,224,162,143,-1,224,143,225,-1,225,143,158,-1,225,158,226,-1,226,158,172,-1,226,172,227,-1,227,172,170,-1,227,170,228,-1,228,170,169,-1,228,169,222,-1,222,169,156,-1,223,229,162,-1,162,229,160,-1,229,230,160,-1,160,230,161,-1,231,171,173,-1,231,173,232,-1,232,173,174,-1,232,174,233,-1,233,174,157,-1,233,157,234,-1,234,157,159,-1,234,159,235,-1,235,159,176,-1,235,176,236,-1,236,176,175,-1,236,175,237,-1,237,175,142,-1,237,142,238,-1,238,142,141,-1,238,141,239,-1,239,141,164,-1,239,164,240,-1,240,164,163,-1,240,163,241,-1,241,163,161,-1,241,161,230,-1,231,242,171,-1,171,242,155,-1,242,243,155,-1,155,243,153,-1,243,244,153,-1,153,244,166,-1,245,133,246,-1,246,133,132,-1,245,247,133,-1,133,247,134,-1,248,147,148,-1,248,148,249,-1,249,148,140,-1,249,140,250,-1,250,140,139,-1,250,139,251,-1,251,139,138,-1,251,138,252,-1,252,138,146,-1,252,146,253,-1,253,146,145,-1,253,145,254,-1,254,145,134,-1,254,134,247,-1,248,128,147,-1,147,128,130,-1,255,129,128,-1,205,129,195,-1,254,247,248,-1,248,247,245,-1,248,245,128,-1,128,245,246,-1,128,246,255,-1,250,251,252,-1,224,242,223,-1,223,242,229,-1,232,233,230,-1,250,252,249,-1,207,208,255,-1,229,242,230,-1,230,242,231,-1,230,231,232,-1,249,252,248,-1,248,252,253,-1,248,253,254,-1,224,225,242,-1,242,225,226,-1,242,226,227,-1,208,209,255,-1,255,209,210,-1,255,210,211,-1,235,239,240,-1,235,236,239,-1,239,236,237,-1,239,237,238,-1,233,234,230,-1,230,234,235,-1,230,235,241,-1,241,235,240,-1,211,212,255,-1,255,212,206,-1,255,206,129,-1,129,206,194,-1,129,194,195,-1,227,228,242,-1,242,228,222,-1,242,222,243,-1,222,214,243,-1,243,214,215,-1,243,215,244,-1,244,215,216,-1,216,217,244,-1,244,217,218,-1,244,218,219,-1,205,195,204,-1,204,195,196,-1,204,196,197,-1,197,198,204,-1,204,198,199,-1,204,199,200,-1,200,201,204,-1,204,201,202,-1,204,202,203,-1,219,220,244,-1,244,220,221,-1,244,221,255,-1,255,221,213,-1,255,213,207,-1,246,132,255,-1,255,132,137,-1,137,166,255,-1,255,166,244,-1,256,257,258,-1,259,260,261,-1,262,263,264,-1,264,263,265,-1,261,256,259,-1,259,256,258,-1,259,258,266,-1,266,258,264,-1,266,264,267,-1,267,264,265,-1,268,269,270,-1,271,272,273,-1,274,275,256,-1,257,256,276,-1,276,256,275,-1,276,275,272,-1,272,275,277,-1,272,277,273,-1,278,279,280,-1,278,281,282,-1,282,281,283,-1,282,283,284,-1,284,283,285,-1,284,285,286,-1,271,273,287,-1,287,273,288,-1,287,288,289,-1,289,288,290,-1,289,290,291,-1,291,290,292,-1,291,292,280,-1,280,292,268,-1,280,268,278,-1,278,268,270,-1,278,270,281,-1,274,256,293,-1,293,256,261,-1,293,261,294,-1,295,296,297,-1,297,296,294,-1,298,299,300,-1,300,299,301,-1,300,301,302,-1,302,301,297,-1,302,297,261,-1,261,297,294,-1,303,304,305,-1,305,306,303,-1,303,306,307,-1,303,307,295,-1,295,307,260,-1,295,260,296,-1,299,298,304,-1,304,298,305,-1,308,279,278,-1,278,282,308,-1,308,282,284,-1,308,284,286,-1,309,285,283,-1,283,281,309,-1,309,281,270,-1,309,270,269,-1,262,310,311,-1,311,310,312,-1,313,314,285,-1,285,314,286,-1,315,312,313,-1,316,317,318,-1,318,317,319,-1,318,319,320,-1,320,319,321,-1,313,322,315,-1,315,322,323,-1,315,323,324,-1,324,323,325,-1,324,325,326,-1,326,325,327,-1,326,327,321,-1,321,327,328,-1,321,328,320,-1,312,310,313,-1,313,310,314,-1,329,330,331,-1,314,310,332,-1,332,310,333,-1,332,333,334,-1,334,333,335,-1,331,336,329,-1,329,336,337,-1,329,337,338,-1,338,337,339,-1,338,339,340,-1,340,339,341,-1,340,341,335,-1,335,341,342,-1,335,342,334,-1,330,343,331,-1,331,343,344,-1,345,343,346,-1,346,343,330,-1,262,264,347,-1,346,330,348,-1,348,330,329,-1,348,329,349,-1,349,329,338,-1,349,338,350,-1,350,338,340,-1,350,340,351,-1,351,340,335,-1,351,335,347,-1,347,335,333,-1,347,333,262,-1,262,333,310,-1,311,312,315,-1,352,311,353,-1,353,311,315,-1,353,315,354,-1,354,315,324,-1,354,324,355,-1,355,324,326,-1,355,326,356,-1,356,326,321,-1,356,321,357,-1,357,321,319,-1,357,319,358,-1,358,319,317,-1,358,317,359,-1,359,317,360,-1,360,361,359,-1,359,361,362,-1,361,316,362,-1,362,316,363,-1,285,309,364,-1,363,316,318,-1,363,318,365,-1,365,318,320,-1,365,320,366,-1,366,320,328,-1,366,328,367,-1,367,328,327,-1,367,327,368,-1,368,327,325,-1,368,325,369,-1,369,325,323,-1,369,323,370,-1,370,323,322,-1,370,322,364,-1,364,322,313,-1,364,313,285,-1,286,314,332,-1,371,308,286,-1,286,332,371,-1,371,332,334,-1,371,334,372,-1,372,334,342,-1,372,342,373,-1,373,342,341,-1,373,341,374,-1,374,341,339,-1,374,339,375,-1,375,339,337,-1,375,337,376,-1,376,337,336,-1,376,336,377,-1,377,336,331,-1,377,331,378,-1,331,344,378,-1,378,344,379,-1,344,343,379,-1,379,343,345,-1,316,361,317,-1,317,361,360,-1,378,379,346,-1,346,379,345,-1,363,358,362,-1,362,358,359,-1,357,358,363,-1,369,370,269,-1,269,370,364,-1,269,364,309,-1,366,269,365,-1,365,269,363,-1,353,269,352,-1,352,269,268,-1,352,268,380,-1,353,354,269,-1,269,354,355,-1,269,355,363,-1,363,355,356,-1,363,356,357,-1,366,367,269,-1,269,367,368,-1,269,368,369,-1,351,347,279,-1,279,347,264,-1,279,264,280,-1,280,264,258,-1,378,346,377,-1,377,346,348,-1,377,348,376,-1,376,348,349,-1,371,372,350,-1,372,373,350,-1,350,373,374,-1,350,374,349,-1,349,374,375,-1,349,375,376,-1,351,279,350,-1,350,279,308,-1,350,308,371,-1,294,296,293,-1,293,296,381,-1,293,381,274,-1,274,381,380,-1,380,381,352,-1,352,381,382,-1,352,382,383,-1,383,384,352,-1,352,384,385,-1,352,385,311,-1,296,260,381,-1,381,260,259,-1,381,259,382,-1,382,259,266,-1,382,266,383,-1,383,266,267,-1,383,267,384,-1,384,267,265,-1,384,265,385,-1,385,265,263,-1,385,263,311,-1,311,263,262,-1,261,260,302,-1,302,260,307,-1,298,300,305,-1,305,300,306,-1,300,302,306,-1,306,302,307,-1,299,304,301,-1,301,304,303,-1,301,303,297,-1,297,303,295,-1,258,257,276,-1,276,272,258,-1,258,272,271,-1,258,271,287,-1,287,289,258,-1,258,289,291,-1,258,291,280,-1,275,274,380,-1,288,273,380,-1,380,273,277,-1,380,277,275,-1,268,292,380,-1,380,292,290,-1,380,290,288,-1,386,387,388,-1,388,387,389,-1,388,389,390,-1,391,392,393,-1,393,392,394,-1,393,394,395,-1,395,394,396,-1,396,394,388,-1,388,394,397,-1,388,397,386,-1,398,399,400,-1,401,402,403,-1,404,405,406,-1,406,407,408,-1,409,410,411,-1,408,407,411,-1,411,407,412,-1,411,412,409,-1,410,409,413,-1,413,409,414,-1,413,414,415,-1,393,395,398,-1,398,395,416,-1,398,416,415,-1,415,416,417,-1,415,417,413,-1,398,400,393,-1,393,400,418,-1,393,418,391,-1,408,401,406,-1,406,401,403,-1,406,403,404,-1,404,403,419,-1,404,419,420,-1,420,419,421,-1,420,421,422,-1,422,421,423,-1,422,423,424,-1,425,426,418,-1,418,426,427,-1,428,429,430,-1,430,429,431,-1,430,431,427,-1,427,431,432,-1,427,432,418,-1,418,432,391,-1,433,434,435,-1,435,434,436,-1,435,436,437,-1,437,436,426,-1,437,426,392,-1,392,426,425,-1,429,428,433,-1,433,428,434,-1,438,423,421,-1,421,419,438,-1,438,419,403,-1,438,403,402,-1,422,424,439,-1,405,404,439,-1,439,404,420,-1,439,420,422,-1,440,390,441,-1,441,390,442,-1,443,444,423,-1,423,444,424,-1,445,446,447,-1,444,441,448,-1,448,441,449,-1,448,449,450,-1,450,449,451,-1,447,452,445,-1,445,452,453,-1,445,453,454,-1,454,453,455,-1,454,455,456,-1,456,455,457,-1,456,457,451,-1,451,457,458,-1,451,458,450,-1,440,441,443,-1,443,441,444,-1,459,440,443,-1,460,461,462,-1,462,461,463,-1,462,463,464,-1,464,463,465,-1,443,466,459,-1,459,466,467,-1,459,467,468,-1,468,467,469,-1,468,469,470,-1,470,469,471,-1,470,471,465,-1,465,471,472,-1,465,472,464,-1,473,461,474,-1,474,461,460,-1,473,475,461,-1,461,475,476,-1,390,440,459,-1,388,390,477,-1,477,390,459,-1,477,459,478,-1,478,459,468,-1,478,468,479,-1,479,468,470,-1,479,470,480,-1,480,470,465,-1,480,465,481,-1,481,465,463,-1,481,463,476,-1,476,463,461,-1,442,482,483,-1,484,446,485,-1,485,446,445,-1,485,445,486,-1,486,445,454,-1,486,454,487,-1,487,454,456,-1,487,456,488,-1,488,456,451,-1,488,451,483,-1,483,451,449,-1,483,449,442,-1,442,449,441,-1,446,484,489,-1,489,484,490,-1,491,489,492,-1,492,489,490,-1,447,491,493,-1,493,491,492,-1,424,444,448,-1,494,439,424,-1,424,448,494,-1,494,448,450,-1,494,450,495,-1,495,450,458,-1,495,458,496,-1,496,458,457,-1,496,457,497,-1,497,457,455,-1,497,455,498,-1,498,455,453,-1,498,453,499,-1,499,453,452,-1,499,452,500,-1,500,452,447,-1,500,447,493,-1,423,438,501,-1,502,460,462,-1,502,462,503,-1,503,462,464,-1,503,464,504,-1,504,464,472,-1,504,472,505,-1,505,472,471,-1,505,471,506,-1,506,471,469,-1,506,469,507,-1,507,469,467,-1,507,467,508,-1,508,467,466,-1,508,466,501,-1,501,466,443,-1,501,443,423,-1,474,460,509,-1,509,460,502,-1,473,474,475,-1,475,474,509,-1,491,447,489,-1,489,447,446,-1,509,502,475,-1,475,502,476,-1,484,493,490,-1,490,493,492,-1,488,483,405,-1,405,483,482,-1,405,482,406,-1,406,482,510,-1,494,495,487,-1,493,484,500,-1,500,484,485,-1,500,485,499,-1,499,485,486,-1,495,496,487,-1,487,496,497,-1,487,497,486,-1,486,497,498,-1,486,498,499,-1,488,405,487,-1,487,405,439,-1,487,439,494,-1,481,476,502,-1,501,438,402,-1,402,502,503,-1,503,504,402,-1,402,504,505,-1,402,505,506,-1,477,402,388,-1,388,402,401,-1,388,401,396,-1,506,507,402,-1,402,507,508,-1,402,508,501,-1,477,478,402,-1,402,478,479,-1,402,479,502,-1,502,479,480,-1,502,480,481,-1,400,399,510,-1,511,425,418,-1,512,482,513,-1,513,482,442,-1,418,400,511,-1,511,400,510,-1,511,510,514,-1,514,510,482,-1,514,482,515,-1,515,482,512,-1,442,390,513,-1,513,390,389,-1,513,389,512,-1,512,389,387,-1,512,387,515,-1,515,387,386,-1,515,386,514,-1,514,386,397,-1,514,397,511,-1,511,397,394,-1,511,394,425,-1,425,394,392,-1,392,391,437,-1,437,391,432,-1,431,429,435,-1,435,429,433,-1,432,431,437,-1,437,431,435,-1,434,428,436,-1,436,428,430,-1,436,430,426,-1,426,430,427,-1,416,395,396,-1,410,413,396,-1,396,413,417,-1,396,417,416,-1,401,408,396,-1,396,408,411,-1,396,411,410,-1,510,399,398,-1,398,415,510,-1,510,415,414,-1,510,414,409,-1,409,412,510,-1,510,412,407,-1,510,407,406,-1,516,517,518,-1,518,517,519,-1,520,521,518,-1,522,523,524,-1,525,526,527,-1,527,526,528,-1,527,528,529,-1,529,528,530,-1,521,531,518,-1,518,531,532,-1,518,532,533,-1,524,534,522,-1,522,534,535,-1,522,535,536,-1,536,535,537,-1,530,538,529,-1,529,538,539,-1,529,539,540,-1,541,542,543,-1,544,545,546,-1,546,545,547,-1,546,547,548,-1,549,550,551,-1,550,552,551,-1,551,552,553,-1,551,553,554,-1,554,553,555,-1,555,556,554,-1,554,556,557,-1,554,557,558,-1,558,557,559,-1,558,559,560,-1,560,559,561,-1,560,561,562,-1,540,563,529,-1,529,563,564,-1,529,564,561,-1,561,564,565,-1,561,565,562,-1,520,518,566,-1,566,518,519,-1,566,519,542,-1,542,519,567,-1,542,567,543,-1,548,549,546,-1,546,549,551,-1,546,551,568,-1,568,551,569,-1,568,569,570,-1,570,569,523,-1,570,523,571,-1,571,523,522,-1,533,572,518,-1,518,572,573,-1,518,573,546,-1,546,573,574,-1,546,574,544,-1,575,576,577,-1,578,579,543,-1,543,579,580,-1,543,580,541,-1,575,577,543,-1,543,577,581,-1,543,581,578,-1,582,566,542,-1,582,542,583,-1,583,542,541,-1,583,541,584,-1,584,541,580,-1,584,580,585,-1,585,580,579,-1,585,579,586,-1,586,579,578,-1,586,578,587,-1,587,578,581,-1,587,581,588,-1,588,581,577,-1,588,577,589,-1,589,577,576,-1,589,576,590,-1,590,576,575,-1,590,575,591,-1,591,575,543,-1,591,543,592,-1,592,543,567,-1,592,567,593,-1,593,567,519,-1,593,519,517,-1,582,594,566,-1,566,594,520,-1,595,573,596,-1,596,573,572,-1,596,572,597,-1,597,572,533,-1,597,533,598,-1,598,533,532,-1,598,532,599,-1,599,532,531,-1,599,531,600,-1,600,531,521,-1,600,521,594,-1,594,521,520,-1,595,601,573,-1,573,601,574,-1,602,553,603,-1,603,553,552,-1,603,552,604,-1,604,552,550,-1,604,550,605,-1,605,550,549,-1,605,549,606,-1,606,549,548,-1,606,548,607,-1,607,548,547,-1,607,547,608,-1,608,547,545,-1,608,545,609,-1,609,545,544,-1,609,544,601,-1,601,544,574,-1,602,610,553,-1,553,610,555,-1,611,527,612,-1,612,527,529,-1,612,529,613,-1,613,529,561,-1,613,561,614,-1,614,561,559,-1,614,559,615,-1,615,559,557,-1,615,557,616,-1,616,557,556,-1,616,556,610,-1,610,556,555,-1,611,617,527,-1,527,617,525,-1,617,618,525,-1,525,618,526,-1,619,558,560,-1,619,560,620,-1,620,560,562,-1,620,562,621,-1,621,562,565,-1,621,565,622,-1,622,565,564,-1,622,564,623,-1,623,564,563,-1,623,563,624,-1,624,563,540,-1,624,540,625,-1,625,540,539,-1,625,539,626,-1,626,539,538,-1,626,538,627,-1,627,538,530,-1,627,530,628,-1,628,530,528,-1,628,528,629,-1,629,528,526,-1,629,526,618,-1,619,630,558,-1,558,630,554,-1,630,631,554,-1,554,631,551,-1,631,632,551,-1,551,632,569,-1,632,633,569,-1,569,633,523,-1,634,571,522,-1,634,522,635,-1,635,522,536,-1,635,536,636,-1,636,536,537,-1,636,537,637,-1,637,537,535,-1,637,535,638,-1,638,535,534,-1,638,534,639,-1,639,534,524,-1,639,524,640,-1,640,524,523,-1,640,523,633,-1,634,641,571,-1,571,641,570,-1,570,641,568,-1,568,641,642,-1,641,633,642,-1,642,633,632,-1,642,632,643,-1,643,632,631,-1,641,634,633,-1,633,634,635,-1,633,635,640,-1,640,635,639,-1,612,630,611,-1,611,630,617,-1,617,630,618,-1,618,630,619,-1,618,619,620,-1,639,635,638,-1,638,635,636,-1,638,636,637,-1,612,613,630,-1,630,613,614,-1,630,614,615,-1,620,621,618,-1,618,621,622,-1,618,622,623,-1,596,597,516,-1,516,597,598,-1,516,598,599,-1,599,600,516,-1,516,600,594,-1,516,594,517,-1,517,594,582,-1,517,582,583,-1,624,628,623,-1,623,628,629,-1,623,629,618,-1,624,625,628,-1,628,625,626,-1,628,626,627,-1,608,643,607,-1,607,643,606,-1,615,616,630,-1,630,616,610,-1,630,610,631,-1,631,610,602,-1,602,603,631,-1,631,603,604,-1,631,604,643,-1,643,604,605,-1,643,605,606,-1,584,592,583,-1,583,592,593,-1,583,593,517,-1,608,609,643,-1,643,609,601,-1,643,601,516,-1,516,601,595,-1,516,595,596,-1,584,585,592,-1,592,585,586,-1,592,586,587,-1,587,588,592,-1,592,588,589,-1,592,589,591,-1,591,589,590,-1,643,546,642,-1,642,546,568,-1,643,516,546,-1,546,516,518,-1,644,645,646,-1,646,645,647,-1,648,649,650,-1,651,652,653,-1,654,655,656,-1,657,658,659,-1,648,650,660,-1,653,661,651,-1,651,661,654,-1,651,654,662,-1,662,654,656,-1,663,660,647,-1,647,660,650,-1,647,650,646,-1,646,650,664,-1,646,664,651,-1,651,664,665,-1,651,665,652,-1,649,666,650,-1,650,666,667,-1,650,667,668,-1,669,670,671,-1,671,670,672,-1,673,674,675,-1,675,674,659,-1,676,677,678,-1,678,677,679,-1,678,679,659,-1,659,679,680,-1,659,680,657,-1,681,682,683,-1,683,682,684,-1,672,685,671,-1,671,685,686,-1,671,686,687,-1,687,686,688,-1,687,688,689,-1,689,688,674,-1,689,674,690,-1,690,674,673,-1,658,691,659,-1,659,691,692,-1,659,692,675,-1,693,694,695,-1,681,696,682,-1,682,696,697,-1,682,697,669,-1,669,697,698,-1,669,698,670,-1,663,647,694,-1,694,647,699,-1,694,699,695,-1,668,700,650,-1,650,700,701,-1,650,701,682,-1,682,701,702,-1,682,702,684,-1,695,703,704,-1,705,706,695,-1,695,706,707,-1,695,707,703,-1,704,708,695,-1,695,708,709,-1,695,709,693,-1,710,663,694,-1,710,694,711,-1,711,694,693,-1,711,693,712,-1,712,693,709,-1,712,709,713,-1,713,709,708,-1,713,708,714,-1,714,708,704,-1,714,704,715,-1,715,704,703,-1,715,703,716,-1,716,703,707,-1,716,707,717,-1,717,707,706,-1,717,706,718,-1,718,706,705,-1,718,705,719,-1,719,705,695,-1,719,695,720,-1,720,695,699,-1,720,699,721,-1,721,699,647,-1,721,647,645,-1,710,722,663,-1,663,722,660,-1,723,700,724,-1,724,700,668,-1,724,668,725,-1,725,668,667,-1,725,667,726,-1,726,667,666,-1,726,666,727,-1,727,666,649,-1,727,649,728,-1,728,649,648,-1,728,648,722,-1,722,648,660,-1,723,729,700,-1,700,729,701,-1,730,670,731,-1,731,670,698,-1,731,698,732,-1,732,698,697,-1,732,697,733,-1,733,697,696,-1,733,696,734,-1,734,696,681,-1,734,681,735,-1,735,681,683,-1,735,683,736,-1,736,683,684,-1,736,684,737,-1,737,684,702,-1,737,702,729,-1,729,702,701,-1,730,738,670,-1,670,738,672,-1,739,678,740,-1,740,678,659,-1,740,659,741,-1,741,659,674,-1,741,674,742,-1,742,674,688,-1,742,688,743,-1,743,688,686,-1,743,686,744,-1,744,686,685,-1,744,685,738,-1,738,685,672,-1,739,745,678,-1,678,745,676,-1,745,746,676,-1,676,746,677,-1,747,687,689,-1,747,689,748,-1,748,689,690,-1,748,690,749,-1,749,690,673,-1,749,673,750,-1,750,673,675,-1,750,675,751,-1,751,675,692,-1,751,692,752,-1,752,692,691,-1,752,691,753,-1,753,691,658,-1,753,658,754,-1,754,658,657,-1,754,657,755,-1,755,657,680,-1,755,680,756,-1,756,680,679,-1,756,679,757,-1,757,679,677,-1,757,677,746,-1,747,758,687,-1,687,758,671,-1,758,759,671,-1,671,759,669,-1,759,760,669,-1,669,760,682,-1,761,665,762,-1,762,665,664,-1,
        ]
    }
}
Shape{
    appearance Appearance {
        material  Material 	{
            diffuseColor 0.6784313725490196 0.6784313725490196 0.6784313725490196
            specularColor 0.047058823529411764 0.047058823529411764 0.047058823529411764
            ambientIntensity 0.2
            transparency 0
            shininess 0.5
        }
    }
    geometry IndexedFaceSet {
        ccw TRUE
        solid FALSE
        coord DEF co Coordinate {
            point [
                -0.1378 -0.5709 -0.9646, -0.1378 -0.5709 -0.8858, -0.0591 -0.5709 -0.9646, -0.0591 -0.5709 -0.8858, -0.1378 -0.6102 -0.8465, -0.0591 -0.6102 -0.8465, -0.0591 -0.6015 -0.8474, -0.1378 -0.6015 -0.8474, -0.0591 -0.5932 -0.8504, -0.1378 -0.5932 -0.8504, -0.0591 -0.5857 -0.855, -0.1378 -0.5857 -0.855, -0.0591 -0.5795 -0.8613, -0.1378 -0.5795 -0.8613, -0.0591 -0.5748 -0.8687, -0.1378 -0.5748 -0.8687, -0.0591 -0.5719 -0.8771, -0.1378 -0.5719 -0.8771, -0.1378 -0.8937 -0.8465, -0.0591 -0.8937 -0.8465, -0.0591 -0.8937 -0.8465
            ]
        }
        coordIndex [
            0,1,2,-1,2,1,3,-1,4,5,6,-1,4,6,7,-1,7,6,8,-1,7,8,9,-1,9,8,10,-1,9,10,11,-1,11,10,12,-1,11,12,13,-1,13,12,14,-1,13,14,15,-1,15,14,16,-1,15,16,17,-1,17,16,3,-1,17,3,1,-1,4,18,5,-1,5,18,19,-1,
        ]
    }
}
Shape{
    appearance Appearance {
        material  Material 	{
            diffuseColor 0.8313725490196079 0.8313725490196079 0.8196078431372549
            specularColor 0.6666666666666666 0.6666666666666666 0.6549019607843137
            ambientIntensity 0.2
            transparency 0
            shininess 0.5
        }
    }
    geometry IndexedFaceSet {
        ccw TRUE
        solid FALSE
        coord DEF co Coordinate {
            point [
                -0.1378 -0.9646 -0.8465, -0.1378 -0.8937 0.1575, -0.1378 -0.8937 -0.8465, -0.1378 -0.8954 0.1702, -0.1378 -0.9904 0.1702, -0.1378 -0.5719 -0.8771, -0.1378 -0.5709 -0.8858, -0.1378 -0.6102 -0.8465, -0.1378 -0.5709 -0.9646, -0.1378 -0.9459 -0.9646, -0.1378 -0.5932 -0.8504, -0.1378 -0.5857 -0.855, -0.1378 -0.5795 -0.8613, -0.1378 -1.3622 0.2285, -0.1378 -1.3605 0.2385, -0.1378 -1.2888 0.2464, -0.1378 -0.6015 -0.8474, -0.1378 -1.2925 0.1411, -0.1378 -1.3495 0.1633, -0.1378 -1.2874 0.1417, -0.1378 -1.2283 0.1417, -0.1378 -1.3614 0.2185, -0.1378 -0.5748 -0.8687, -0.1378 -1.2972 0.1391, -0.1378 -1.3013 0.136, -0.1378 -1.3044 0.1319, -0.1378 -1.0709 -0.6457, -0.1378 -1.0505 -0.643, -0.1378 -1.0315 -0.6351, -0.1378 -1.0152 -0.6226, -0.1378 -1.0027 -0.6063, -0.1378 -1.3498 0.2555, -0.1378 -1.3122 0.2646, -0.1378 -1.3029 0.2607, -0.1378 -1.3417 0.2614, -0.1378 -1.3322 0.265, -0.1378 -1.3222 0.2661, -0.1378 -1.3563 0.2477, -0.1378 -1.2949 0.2545, -0.1378 -0.9948 -0.5873, -0.1378 -0.9921 -0.5669, -0.1378 -0.9921 0.1575, -0.1378 -1.437 -0.4724, -0.1378 -1.3041 -0.5189, -0.1378 -1.437 -0.8465, -0.1378 -1.2951 -0.5485, -0.1378 -1.2805 -0.5757, -0.1378 -1.261 -0.5995, -0.1378 -1.2371 -0.6191, -0.1378 -1.3064 0.1271, -0.1378 -1.3071 0.122, -0.1378 -1.3071 -0.4882, -0.1378 -1.2099 -0.6337, -0.1378 -1.1803 -0.6426, -0.1378 -1.1496 -0.6457, -0.1378 -0.9003 0.1821, -0.1378 -0.9855 0.1821, -0.1378 -0.9777 0.1923, -0.1378 -0.9675 0.2001, -0.1378 -0.9557 0.205, -0.1378 -0.9429 0.2067, -0.1378 -0.9302 0.205, -0.1378 -0.9183 0.2001, -0.1378 -0.9081 0.1923, -0.0591 -0.9459 -0.9646, -0.0591 -0.9646 -0.8465, -0.0591 -1.437 -0.8465, 0.0591 -0.8937 -0.8465, 0.0591 -0.8937 0.1575, 0.1378 -0.8937 -0.8465, 0.1378 -0.8937 0.1575, 0.1378 -1.3122 0.2646, 0.1378 -1.3222 0.2661, 0.1378 -1.2925 0.1411, 0.1378 -0.9921 -0.5669, 0.1378 -0.9948 -0.5873, 0.1378 -1.7297 -0.8504, 0.1378 -1.751 -0.8771, 0.1378 -1.7214 -0.8474, 0.1378 -1.7126 -0.8465, 0.1378 -1.0027 -0.6063, 0.1378 -1.0152 -0.6226, 0.1378 -1.0315 -0.6351, 0.1378 -1.7371 -0.855, 0.1378 -1.7434 -0.8613, 0.1378 -1.7481 -0.8687, 0.1378 -1.3563 0.2477, 0.1378 -1.2972 0.1391, 0.1378 -1.3498 0.2555, 0.1378 -1.2283 0.1417, 0.1378 -1.2888 0.2464, 0.1378 -1.2874 0.1417, 0.1378 -1.2949 0.2545, 0.1378 -1.3029 0.2607, 0.1378 -0.9855 0.1821, 0.1378 -0.9904 0.1702, 0.1378 -0.9003 0.1821, 0.1378 -1.1803 -0.6426, 0.1378 -1.2099 -0.6337, 0.1378 -1.3583 -0.8465, 0.1378 -1.2371 -0.6191, 0.1378 -1.261 -0.5995, 0.1378 -1.2805 -0.5757, 0.1378 -1.2951 -0.5485, 0.1378 -1.437 -0.4724, 0.1378 -1.3041 -0.5189, 0.1378 -1.3071 -0.4882, 0.1378 -1.3495 0.1633, 0.1378 -1.3071 0.122, 0.1378 -1.3064 0.1271, 0.1378 -1.3044 0.1319, 0.1378 -1.3614 0.2185, 0.1378 -1.3013 0.136, 0.1378 -1.3622 0.2285, 0.1378 -1.3605 0.2385, 0.1378 -1.3322 0.265, 0.1378 -1.3417 0.2614, 0.1378 -0.9921 0.1575, 0.1378 -0.8954 0.1702, 0.1378 -1.377 -0.9646, 0.1378 -1.437 -0.8465, 0.1378 -1.752 -0.9646, 0.1378 -1.752 -0.8858, 0.1378 -1.0505 -0.643, 0.1378 -1.0709 -0.6457, 0.1378 -1.1496 -0.6457, 0.1378 -0.9081 0.1923, 0.1378 -0.9183 0.2001, 0.1378 -0.9302 0.205, 0.1378 -0.9557 0.205, 0.1378 -0.9675 0.2001, 0.1378 -0.9777 0.1923, 0.1378 -0.9429 0.2067, 0.0591 -0.9921 0.1575, 0.0591 -0.9904 0.1702, 0.0591 -0.9855 0.1821, 0.0591 -0.9777 0.1923, 0.0591 -0.9675 0.2001, 0.0591 -0.9557 0.205, 0.0591 -0.9429 0.2067, 0.0591 -0.9302 0.205, 0.0591 -0.9183 0.2001, 0.0591 -0.9081 0.1923, 0.0591 -0.9003 0.1821, 0.0591 -0.8954 0.1702, 0.0591 -0.9921 -0.5669, 0.0591 -1.0709 -0.6457, 0.0591 -1.0505 -0.643, 0.0591 -1.0315 -0.6351, 0.0591 -1.0152 -0.6226, 0.0591 -1.0027 -0.6063, 0.0591 -0.9948 -0.5873, 0.0591 -1.1496 -0.6457, 0.0591 -1.3071 -0.4882, 0.0591 -1.3041 -0.5189, 0.0591 -1.2951 -0.5485, 0.0591 -1.2805 -0.5757, 0.0591 -1.261 -0.5995, 0.0591 -1.2371 -0.6191, 0.0591 -1.2099 -0.6337, 0.0591 -1.1803 -0.6426, 0.0591 -1.3071 0.122, 0.0591 -1.2874 0.1417, 0.0591 -1.2925 0.1411, 0.0591 -1.2972 0.1391, 0.0591 -1.3013 0.136, 0.0591 -1.3044 0.1319, 0.0591 -1.3064 0.1271, 0.0591 -1.2283 0.1417, 0.0591 -1.2888 0.2464, 0.0591 -1.3614 0.2185, 0.0591 -1.3622 0.2285, 0.0591 -1.3605 0.2385, 0.0591 -1.3563 0.2477, 0.0591 -1.3498 0.2555, 0.0591 -1.3417 0.2614, 0.0591 -1.3322 0.265, 0.0591 -1.3222 0.2661, 0.0591 -1.3122 0.2646, 0.0591 -1.3029 0.2607, 0.0591 -1.2949 0.2545, 0.0591 -1.3495 0.1633, 0.0591 -1.437 -0.4724, 0.0591 -1.437 -0.8465, 0.0591 -1.7126 -0.8465, 0.0591 -1.752 -0.8858, 0.0591 -1.751 -0.8771, 0.0591 -1.7481 -0.8687, 0.0591 -1.7434 -0.8613, 0.0591 -1.7371 -0.855, 0.0591 -1.7297 -0.8504, 0.0591 -1.7214 -0.8474, 0.0591 -1.752 -0.9646, 0.0591 -1.377 -0.9646, 0.0591 -1.3583 -0.8465, 0.2559 -0.8937 -0.8465, 0.2559 -0.8937 0.1575, 0.3346 -0.8937 -0.8465, 0.3346 -0.8937 0.1575, 0.3346 -0.9459 -0.9646, 0.3346 -0.5709 -0.9646, 0.3346 -0.5709 -0.8858, 0.3346 -0.9646 -0.8465, 0.3346 -0.6102 -0.8465, 0.3346 -0.5719 -0.8771, 0.3346 -0.5748 -0.8687, 0.3346 -0.5795 -0.8613, 0.3346 -0.6015 -0.8474, 0.3346 -0.5857 -0.855, 0.3346 -0.5932 -0.8504, 0.3346 -1.437 -0.4724, 0.3346 -1.3071 -0.4882, 0.3346 -1.3495 0.1633, 0.3346 -1.3071 0.122, 0.3346 -1.0027 -0.6063, 0.3346 -1.0152 -0.6226, 0.3346 -1.0315 -0.6351, 0.3346 -1.0505 -0.643, 0.3346 -1.3064 0.1271, 0.3346 -1.3044 0.1319, 0.3346 -1.3614 0.2185, 0.3346 -1.3013 0.136, 0.3346 -1.3622 0.2285, 0.3346 -1.2972 0.1391, 0.3346 -1.3605 0.2385, 0.3346 -1.3122 0.2646, 0.3346 -1.3222 0.2661, 0.3346 -1.2925 0.1411, 0.3346 -1.3322 0.265, 0.3346 -0.9904 0.1702, 0.3346 -0.9921 0.1575, 0.3346 -0.9921 -0.5669, 0.3346 -0.9948 -0.5873, 0.3346 -1.3417 0.2614, 0.3346 -1.3498 0.2555, 0.3346 -1.3563 0.2477, 0.3346 -1.2283 0.1417, 0.3346 -1.2888 0.2464, 0.3346 -1.2874 0.1417, 0.3346 -1.2949 0.2545, 0.3346 -1.3029 0.2607, 0.3346 -1.261 -0.5995, 0.3346 -1.437 -0.8465, 0.3346 -1.2371 -0.6191, 0.3346 -1.2099 -0.6337, 0.3346 -1.2805 -0.5757, 0.3346 -1.2951 -0.5485, 0.3346 -1.3041 -0.5189, 0.3346 -1.0709 -0.6457, 0.3346 -1.1496 -0.6457, 0.3346 -1.1803 -0.6426, 0.3346 -0.9429 0.2067, 0.3346 -0.9003 0.1821, 0.3346 -0.9302 0.205, 0.3346 -0.9081 0.1923, 0.3346 -0.9183 0.2001, 0.3346 -0.9557 0.205, 0.3346 -0.9675 0.2001, 0.3346 -0.9777 0.1923, 0.3346 -0.8954 0.1702, 0.3346 -0.9855 0.1821, 0.2559 -0.9921 0.1575, 0.2559 -0.9904 0.1702, 0.2559 -0.9855 0.1821, 0.2559 -0.9777 0.1923, 0.2559 -0.9675 0.2001, 0.2559 -0.9557 0.205, 0.2559 -0.9429 0.2067, 0.2559 -0.9302 0.205, 0.2559 -0.9183 0.2001, 0.2559 -0.9081 0.1923, 0.2559 -0.9003 0.1821, 0.2559 -0.8954 0.1702, 0.2559 -0.9921 -0.5669, 0.2559 -1.0709 -0.6457, 0.2559 -1.0505 -0.643, 0.2559 -1.0315 -0.6351, 0.2559 -1.0152 -0.6226, 0.2559 -1.0027 -0.6063, 0.2559 -0.9948 -0.5873, 0.2559 -1.1496 -0.6457, 0.2559 -1.3071 -0.4882, 0.2559 -1.3041 -0.5189, 0.2559 -1.2951 -0.5485, 0.2559 -1.2805 -0.5757, 0.2559 -1.261 -0.5995, 0.2559 -1.2371 -0.6191, 0.2559 -1.2099 -0.6337, 0.2559 -1.1803 -0.6426, 0.2559 -1.3071 0.122, 0.2559 -1.2874 0.1417, 0.2559 -1.2925 0.1411, 0.2559 -1.2972 0.1391, 0.2559 -1.3013 0.136, 0.2559 -1.3044 0.1319, 0.2559 -1.3064 0.1271, 0.2559 -1.2283 0.1417, 0.2559 -1.2888 0.2464, 0.2559 -1.3614 0.2185, 0.2559 -1.3622 0.2285, 0.2559 -1.3605 0.2385, 0.2559 -1.3563 0.2477, 0.2559 -1.3498 0.2555, 0.2559 -1.3417 0.2614, 0.2559 -1.3322 0.265, 0.2559 -1.3222 0.2661, 0.2559 -1.3122 0.2646, 0.2559 -1.3029 0.2607, 0.2559 -1.2949 0.2545, 0.2559 -1.3495 0.1633, 0.2559 -1.437 -0.4724, 0.2559 -1.437 -0.8465, 0.2559 -0.5709 -0.9646, 0.2559 -0.9459 -0.9646, 0.2559 -0.9459 -0.9646
            ]
        }
        coordIndex [
            0,1,2,-1,3,1,4,-1,5,6,7,-1,7,6,8,-1,7,8,2,-1,2,8,9,-1,2,9,0,-1,10,11,12,-1,13,14,15,-1,10,12,16,-1,17,18,19,-1,19,18,20,-1,20,18,15,-1,15,18,21,-1,15,21,13,-1,16,12,7,-1,7,12,22,-1,7,22,5,-1,17,23,18,-1,18,23,24,-1,18,24,25,-1,26,27,0,-1,27,28,0,-1,0,28,29,-1,0,29,30,-1,31,32,33,-1,31,34,32,-1,32,34,35,-1,32,35,36,-1,14,37,15,-1,15,37,31,-1,15,31,38,-1,38,31,33,-1,30,39,0,-1,0,39,40,-1,0,40,1,-1,1,40,41,-1,1,41,4,-1,42,43,44,-1,44,43,45,-1,45,46,44,-1,44,46,47,-1,44,47,48,-1,25,49,18,-1,18,49,50,-1,18,50,42,-1,42,50,51,-1,42,51,43,-1,48,52,44,-1,44,52,53,-1,44,53,0,-1,0,53,54,-1,0,54,26,-1,3,4,55,-1,55,4,56,-1,55,56,57,-1,57,58,55,-1,55,58,59,-1,55,59,60,-1,60,61,55,-1,55,61,62,-1,55,62,63,-1,9,64,0,-1,0,64,65,-1,0,65,44,-1,44,65,66,-1,67,68,69,-1,69,68,70,-1,71,72,73,-1,74,75,69,-1,76,77,78,-1,78,77,79,-1,75,80,69,-1,69,80,81,-1,69,81,82,-1,76,83,77,-1,77,83,84,-1,77,84,85,-1,86,87,88,-1,88,87,73,-1,89,90,91,-1,91,90,92,-1,91,92,73,-1,73,92,93,-1,73,93,71,-1,94,95,96,-1,97,98,99,-1,99,98,100,-1,99,100,101,-1,102,103,104,-1,103,105,104,-1,104,105,106,-1,104,106,107,-1,107,106,108,-1,108,109,107,-1,107,109,110,-1,107,110,111,-1,111,110,112,-1,111,112,113,-1,113,112,87,-1,113,87,114,-1,114,87,86,-1,72,115,73,-1,73,115,116,-1,73,116,88,-1,74,69,117,-1,117,69,70,-1,117,70,95,-1,95,70,118,-1,95,118,96,-1,101,102,99,-1,99,102,104,-1,99,104,119,-1,119,104,120,-1,119,120,121,-1,121,120,79,-1,121,79,122,-1,122,79,77,-1,82,123,69,-1,69,123,124,-1,69,124,99,-1,99,124,125,-1,99,125,97,-1,126,127,128,-1,129,130,96,-1,96,130,131,-1,96,131,94,-1,126,128,96,-1,96,128,132,-1,96,132,129,-1,133,117,95,-1,133,95,134,-1,134,95,94,-1,134,94,135,-1,135,94,131,-1,135,131,136,-1,136,131,130,-1,136,130,137,-1,137,130,129,-1,137,129,138,-1,138,129,132,-1,138,132,139,-1,139,132,128,-1,139,128,140,-1,140,128,127,-1,140,127,141,-1,141,127,126,-1,141,126,142,-1,142,126,96,-1,142,96,143,-1,143,96,118,-1,143,118,144,-1,144,118,70,-1,144,70,68,-1,133,145,117,-1,117,145,74,-1,146,124,147,-1,147,124,123,-1,147,123,148,-1,148,123,82,-1,148,82,149,-1,149,82,81,-1,149,81,150,-1,150,81,80,-1,150,80,151,-1,151,80,75,-1,151,75,145,-1,145,75,74,-1,146,152,124,-1,124,152,125,-1,153,106,154,-1,154,106,105,-1,154,105,155,-1,155,105,103,-1,155,103,156,-1,156,103,102,-1,156,102,157,-1,157,102,101,-1,157,101,158,-1,158,101,100,-1,158,100,159,-1,159,100,98,-1,159,98,160,-1,160,98,97,-1,160,97,152,-1,152,97,125,-1,153,161,106,-1,106,161,108,-1,162,91,163,-1,163,91,73,-1,163,73,164,-1,164,73,87,-1,164,87,165,-1,165,87,112,-1,165,112,166,-1,166,112,110,-1,166,110,167,-1,167,110,109,-1,167,109,161,-1,161,109,108,-1,162,168,91,-1,91,168,89,-1,168,169,89,-1,89,169,90,-1,170,111,113,-1,170,113,171,-1,171,113,114,-1,171,114,172,-1,172,114,86,-1,172,86,173,-1,173,86,88,-1,173,88,174,-1,174,88,116,-1,174,116,175,-1,175,116,115,-1,175,115,176,-1,176,115,72,-1,176,72,177,-1,177,72,71,-1,177,71,178,-1,178,71,93,-1,178,93,179,-1,179,93,92,-1,179,92,180,-1,180,92,90,-1,180,90,169,-1,170,181,111,-1,111,181,107,-1,181,182,107,-1,107,182,104,-1,182,183,104,-1,104,183,120,-1,183,184,120,-1,120,184,79,-1,185,122,77,-1,185,77,186,-1,186,77,85,-1,186,85,187,-1,187,85,84,-1,187,84,188,-1,188,84,83,-1,188,83,189,-1,189,83,76,-1,189,76,190,-1,190,76,78,-1,190,78,191,-1,191,78,79,-1,191,79,184,-1,185,192,122,-1,122,192,121,-1,121,192,119,-1,119,192,193,-1,192,184,193,-1,193,184,183,-1,193,183,194,-1,194,183,182,-1,192,185,184,-1,184,185,186,-1,184,186,191,-1,186,187,188,-1,163,181,162,-1,162,181,168,-1,168,181,169,-1,169,181,170,-1,169,170,171,-1,188,189,186,-1,186,189,190,-1,186,190,191,-1,163,164,181,-1,181,164,165,-1,181,165,166,-1,171,172,169,-1,169,172,173,-1,169,173,174,-1,147,148,67,-1,67,148,149,-1,67,149,150,-1,150,151,67,-1,67,151,145,-1,67,145,68,-1,68,145,133,-1,68,133,134,-1,174,175,169,-1,169,175,176,-1,169,176,177,-1,159,194,158,-1,158,194,157,-1,177,178,169,-1,169,178,179,-1,169,179,180,-1,166,167,181,-1,181,167,161,-1,181,161,182,-1,182,161,153,-1,153,154,182,-1,182,154,155,-1,182,155,194,-1,194,155,156,-1,194,156,157,-1,135,143,134,-1,134,143,144,-1,134,144,68,-1,159,160,194,-1,194,160,152,-1,194,152,67,-1,67,152,146,-1,67,146,147,-1,135,136,143,-1,143,136,137,-1,143,137,138,-1,138,139,143,-1,143,139,140,-1,143,140,142,-1,142,140,141,-1,194,99,193,-1,193,99,119,-1,194,67,99,-1,99,67,69,-1,195,196,197,-1,197,196,198,-1,199,200,201,-1,198,202,197,-1,197,202,199,-1,197,199,203,-1,203,199,201,-1,203,201,204,-1,204,205,203,-1,203,205,206,-1,203,206,207,-1,207,206,208,-1,207,208,209,-1,210,211,212,-1,212,211,213,-1,214,215,202,-1,202,215,216,-1,202,216,217,-1,213,218,212,-1,212,218,219,-1,212,219,220,-1,220,219,221,-1,220,221,222,-1,222,221,223,-1,222,223,224,-1,225,226,227,-1,227,226,228,-1,229,230,198,-1,198,230,231,-1,198,231,202,-1,202,231,232,-1,202,232,214,-1,228,233,227,-1,227,233,234,-1,227,234,223,-1,223,234,235,-1,223,235,224,-1,236,237,238,-1,238,237,239,-1,238,239,227,-1,227,239,240,-1,227,240,225,-1,241,242,243,-1,243,242,244,-1,241,245,242,-1,242,245,246,-1,242,246,210,-1,210,246,247,-1,210,247,211,-1,217,248,202,-1,202,248,249,-1,202,249,242,-1,242,249,250,-1,242,250,244,-1,251,252,253,-1,253,252,254,-1,253,254,255,-1,251,256,252,-1,252,256,257,-1,252,257,258,-1,198,259,229,-1,229,259,252,-1,229,252,260,-1,260,252,258,-1,261,230,229,-1,261,229,262,-1,262,229,260,-1,262,260,263,-1,263,260,258,-1,263,258,264,-1,264,258,257,-1,264,257,265,-1,265,257,256,-1,265,256,266,-1,266,256,251,-1,266,251,267,-1,267,251,253,-1,267,253,268,-1,268,253,255,-1,268,255,269,-1,269,255,254,-1,269,254,270,-1,270,254,252,-1,270,252,271,-1,271,252,259,-1,271,259,272,-1,272,259,198,-1,272,198,196,-1,261,273,230,-1,230,273,231,-1,274,248,275,-1,275,248,217,-1,275,217,276,-1,276,217,216,-1,276,216,277,-1,277,216,215,-1,277,215,278,-1,278,215,214,-1,278,214,279,-1,279,214,232,-1,279,232,273,-1,273,232,231,-1,274,280,248,-1,248,280,249,-1,281,211,282,-1,282,211,247,-1,282,247,283,-1,283,247,246,-1,283,246,284,-1,284,246,245,-1,284,245,285,-1,285,245,241,-1,285,241,286,-1,286,241,243,-1,286,243,287,-1,287,243,244,-1,287,244,288,-1,288,244,250,-1,288,250,280,-1,280,250,249,-1,281,289,211,-1,211,289,213,-1,290,238,291,-1,291,238,227,-1,291,227,292,-1,292,227,223,-1,292,223,293,-1,293,223,221,-1,293,221,294,-1,294,221,219,-1,294,219,295,-1,295,219,218,-1,295,218,289,-1,289,218,213,-1,290,296,238,-1,238,296,236,-1,296,297,236,-1,236,297,237,-1,298,220,222,-1,298,222,299,-1,299,222,224,-1,299,224,300,-1,300,224,235,-1,300,235,301,-1,301,235,234,-1,301,234,302,-1,302,234,233,-1,302,233,303,-1,303,233,228,-1,303,228,304,-1,304,228,226,-1,304,226,305,-1,305,226,225,-1,305,225,306,-1,306,225,240,-1,306,240,307,-1,307,240,239,-1,307,239,308,-1,308,239,237,-1,308,237,297,-1,298,309,220,-1,220,309,212,-1,309,310,212,-1,212,310,210,-1,310,311,210,-1,210,311,242,-1,312,200,313,-1,313,200,199,-1,
        ]
    }
}
Shape{
    appearance Appearance {
        material  Material 	{
            diffuseColor 0.6784313725490196 0.6784313725490196 0.6784313725490196
            specularColor 0.047058823529411764 0.047058823529411764 0.047058823529411764
            ambientIntensity 0.2
            transparency 0
            shininess 0.5
        }
    }
    geometry IndexedFaceSet {
        ccw TRUE
        solid FALSE
        coord DEF co Coordinate {
            point [
                0.2559 -0.5709 -0.9646, 0.2559 -0.5709 -0.8858, 0.3346 -0.5709 -0.9646, 0.3346 -0.5709 -0.8858, 0.2559 -0.6102 -0.8465, 0.3346 -0.6102 -0.8465, 0.3346 -0.6015 -0.8474, 0.2559 -0.6015 -0.8474, 0.3346 -0.5932 -0.8504, 0.2559 -0.5932 -0.8504, 0.3346 -0.5857 -0.855, 0.2559 -0.5857 -0.855, 0.3346 -0.5795 -0.8613, 0.2559 -0.5795 -0.8613, 0.3346 -0.5748 -0.8687, 0.2559 -0.5748 -0.8687, 0.3346 -0.5719 -0.8771, 0.2559 -0.5719 -0.8771, 0.2559 -0.8937 -0.8465, 0.3346 -0.8937 -0.8465, 0.3346 -0.8937 -0.8465
            ]
        }
        coordIndex [
            0,1,2,-1,2,1,3,-1,4,5,6,-1,4,6,7,-1,7,6,8,-1,7,8,9,-1,9,8,10,-1,9,10,11,-1,11,10,12,-1,11,12,13,-1,13,12,14,-1,13,14,15,-1,15,14,16,-1,15,16,17,-1,17,16,3,-1,17,3,1,-1,4,18,5,-1,5,18,19,-1,
        ]
    }
}
Shape{
    appearance Appearance {
        material  Material 	{
            diffuseColor 0.8313725490196079 0.8313725490196079 0.8196078431372549
            specularColor 0.6666666666666666 0.6666666666666666 0.6549019607843137
            ambientIntensity 0.2
            transparency 0
            shininess 0.5
        }
    }
    geometry IndexedFaceSet {
        ccw TRUE
        solid FALSE
        coord DEF co Coordinate {
            point [
                0.2559 -0.5709 -0.8858, 0.2559 -0.5709 -0.9646, 0.2559 -0.9459 -0.9646, 0.2559 -0.8937 0.1575, 0.2559 -0.8937 -0.8465, 0.2559 -0.9646 -0.8465, 0.2559 -0.6102 -0.8465, 0.2559 -0.5719 -0.8771, 0.2559 -1.2874 0.1417, 0.2559 -1.2925 0.1411, 0.2559 -1.3495 0.1633, 0.2559 -1.2972 0.1391, 0.2559 -1.3013 0.136, 0.2559 -1.3044 0.1319, 0.2559 -1.2888 0.2464, 0.2559 -1.3614 0.2185, 0.2559 -1.3622 0.2285, 0.2559 -0.5932 -0.8504, 0.2559 -0.5857 -0.855, 0.2559 -0.6015 -0.8474, 0.2559 -0.5795 -0.8613, 0.2559 -0.5748 -0.8687, 0.2559 -1.2283 0.1417, 0.2559 -1.3605 0.2385, 0.2559 -1.3563 0.2477, 0.2559 -1.3498 0.2555, 0.2559 -1.0709 -0.6457, 0.2559 -1.0505 -0.643, 0.2559 -1.0315 -0.6351, 0.2559 -1.0152 -0.6226, 0.2559 -1.0027 -0.6063, 0.2559 -1.3122 0.2646, 0.2559 -1.3029 0.2607, 0.2559 -1.3222 0.2661, 0.2559 -1.3322 0.265, 0.2559 -1.3417 0.2614, 0.2559 -1.2949 0.2545, 0.2559 -0.9948 -0.5873, 0.2559 -0.9921 -0.5669, 0.2559 -0.9921 0.1575, 0.2559 -0.9904 0.1702, 0.2559 -1.437 -0.4724, 0.2559 -1.3041 -0.5189, 0.2559 -1.437 -0.8465, 0.2559 -1.2951 -0.5485, 0.2559 -1.2805 -0.5757, 0.2559 -1.261 -0.5995, 0.2559 -1.2371 -0.6191, 0.2559 -1.3064 0.1271, 0.2559 -1.3071 0.122, 0.2559 -1.3071 -0.4882, 0.2559 -1.2099 -0.6337, 0.2559 -1.1803 -0.6426, 0.2559 -1.1496 -0.6457, 0.2559 -0.9855 0.1821, 0.2559 -0.9003 0.1821, 0.2559 -0.8954 0.1702, 0.2559 -0.9777 0.1923, 0.2559 -0.9675 0.2001, 0.2559 -0.9557 0.205, 0.2559 -0.9429 0.2067, 0.2559 -0.9302 0.205, 0.2559 -0.9081 0.1923, 0.2559 -0.9183 0.2001, 0.3346 -0.9459 -0.9646, 0.3346 -0.9646 -0.8465, 0.3346 -1.437 -0.8465, 0.4528 -0.8937 -0.8465, 0.4528 -0.8937 0.1575, 0.5315 -0.8937 -0.8465, 0.5315 -0.8937 0.1575, 0.5315 -0.9921 -0.5669, 0.5315 -0.9948 -0.5873, 0.5315 -1.751 -0.8771, 0.5315 -1.7126 -0.8465, 0.5315 -1.7214 -0.8474, 0.5315 -1.0027 -0.6063, 0.5315 -1.0152 -0.6226, 0.5315 -1.0315 -0.6351, 0.5315 -1.7297 -0.8504, 0.5315 -1.7371 -0.855, 0.5315 -1.7481 -0.8687, 0.5315 -1.7434 -0.8613, 0.5315 -1.3122 0.2646, 0.5315 -1.3222 0.2661, 0.5315 -1.2925 0.1411, 0.5315 -1.3322 0.265, 0.5315 -1.2283 0.1417, 0.5315 -1.2888 0.2464, 0.5315 -1.2874 0.1417, 0.5315 -1.2949 0.2545, 0.5315 -1.3029 0.2607, 0.5315 -0.9855 0.1821, 0.5315 -0.9904 0.1702, 0.5315 -0.9003 0.1821, 0.5315 -1.1803 -0.6426, 0.5315 -1.2099 -0.6337, 0.5315 -1.3583 -0.8465, 0.5315 -1.2371 -0.6191, 0.5315 -1.261 -0.5995, 0.5315 -1.2805 -0.5757, 0.5315 -1.2951 -0.5485, 0.5315 -1.437 -0.4724, 0.5315 -1.3041 -0.5189, 0.5315 -1.3071 -0.4882, 0.5315 -1.3495 0.1633, 0.5315 -1.3071 0.122, 0.5315 -1.3064 0.1271, 0.5315 -1.3044 0.1319, 0.5315 -1.3614 0.2185, 0.5315 -1.3013 0.136, 0.5315 -1.3622 0.2285, 0.5315 -1.2972 0.1391, 0.5315 -1.3605 0.2385, 0.5315 -1.3417 0.2614, 0.5315 -1.3498 0.2555, 0.5315 -1.3563 0.2477, 0.5315 -0.9921 0.1575, 0.5315 -0.8954 0.1702, 0.5315 -1.377 -0.9646, 0.5315 -1.437 -0.8465, 0.5315 -1.752 -0.9646, 0.5315 -1.752 -0.8858, 0.5315 -1.0505 -0.643, 0.5315 -1.0709 -0.6457, 0.5315 -1.1496 -0.6457, 0.5315 -0.9081 0.1923, 0.5315 -0.9183 0.2001, 0.5315 -0.9302 0.205, 0.5315 -0.9557 0.205, 0.5315 -0.9675 0.2001, 0.5315 -0.9777 0.1923, 0.5315 -0.9429 0.2067, 0.4528 -0.9921 0.1575, 0.4528 -0.9904 0.1702, 0.4528 -0.9855 0.1821, 0.4528 -0.9777 0.1923, 0.4528 -0.9675 0.2001, 0.4528 -0.9557 0.205, 0.4528 -0.9429 0.2067, 0.4528 -0.9302 0.205, 0.4528 -0.9183 0.2001, 0.4528 -0.9081 0.1923, 0.4528 -0.9003 0.1821, 0.4528 -0.8954 0.1702, 0.4528 -0.9921 -0.5669, 0.4528 -1.0709 -0.6457, 0.4528 -1.0505 -0.643, 0.4528 -1.0315 -0.6351, 0.4528 -1.0152 -0.6226, 0.4528 -1.0027 -0.6063, 0.4528 -0.9948 -0.5873, 0.4528 -1.1496 -0.6457, 0.4528 -1.3071 -0.4882, 0.4528 -1.3041 -0.5189, 0.4528 -1.2951 -0.5485, 0.4528 -1.2805 -0.5757, 0.4528 -1.261 -0.5995, 0.4528 -1.2371 -0.6191, 0.4528 -1.2099 -0.6337, 0.4528 -1.1803 -0.6426, 0.4528 -1.3071 0.122, 0.4528 -1.2874 0.1417, 0.4528 -1.2925 0.1411, 0.4528 -1.2972 0.1391, 0.4528 -1.3013 0.136, 0.4528 -1.3044 0.1319, 0.4528 -1.3064 0.1271, 0.4528 -1.2283 0.1417, 0.4528 -1.2888 0.2464, 0.4528 -1.3614 0.2185, 0.4528 -1.3622 0.2285, 0.4528 -1.3605 0.2385, 0.4528 -1.3563 0.2477, 0.4528 -1.3498 0.2555, 0.4528 -1.3417 0.2614, 0.4528 -1.3322 0.265, 0.4528 -1.3222 0.2661, 0.4528 -1.3122 0.2646, 0.4528 -1.3029 0.2607, 0.4528 -1.2949 0.2545, 0.4528 -1.3495 0.1633, 0.4528 -1.437 -0.4724, 0.4528 -1.437 -0.8465, 0.4528 -1.7126 -0.8465, 0.4528 -1.752 -0.8858, 0.4528 -1.751 -0.8771, 0.4528 -1.7481 -0.8687, 0.4528 -1.7434 -0.8613, 0.4528 -1.7371 -0.855, 0.4528 -1.7297 -0.8504, 0.4528 -1.7214 -0.8474, 0.4528 -1.752 -0.9646, 0.4528 -1.377 -0.9646, 0.4528 -1.3583 -0.8465, 0.6496 -0.8937 -0.8465, 0.6496 -0.8937 0.1575, 0.7283 -0.8937 -0.8465, 0.7283 -0.8937 0.1575, 0.7283 -0.9459 -0.9646, 0.7283 -0.5709 -0.9646, 0.7283 -0.5709 -0.8858, 0.7283 -0.9948 -0.5873, 0.7283 -1.0027 -0.6063, 0.7283 -0.9646 -0.8465, 0.7283 -0.5795 -0.8613, 0.7283 -0.5857 -0.855, 0.7283 -0.5932 -0.8504, 0.7283 -0.9921 -0.5669, 0.7283 -0.5719 -0.8771, 0.7283 -0.5748 -0.8687, 0.7283 -0.6102 -0.8465, 0.7283 -0.6015 -0.8474, 0.7283 -1.3495 0.1633, 0.7283 -1.3064 0.1271, 0.7283 -1.3044 0.1319, 0.7283 -1.3122 0.2646, 0.7283 -1.3222 0.2661, 0.7283 -1.2925 0.1411, 0.7283 -0.9921 0.1575, 0.7283 -1.0152 -0.6226, 0.7283 -1.0315 -0.6351, 0.7283 -1.0505 -0.643, 0.7283 -1.3614 0.2185, 0.7283 -1.3013 0.136, 0.7283 -1.3622 0.2285, 0.7283 -1.2972 0.1391, 0.7283 -1.3605 0.2385, 0.7283 -1.3498 0.2555, 0.7283 -1.3563 0.2477, 0.7283 -1.261 -0.5995, 0.7283 -1.437 -0.8465, 0.7283 -1.2371 -0.6191, 0.7283 -1.2099 -0.6337, 0.7283 -1.2805 -0.5757, 0.7283 -1.2951 -0.5485, 0.7283 -1.437 -0.4724, 0.7283 -1.3322 0.265, 0.7283 -1.3417 0.2614, 0.7283 -0.9855 0.1821, 0.7283 -0.9904 0.1702, 0.7283 -0.9003 0.1821, 0.7283 -1.3041 -0.5189, 0.7283 -1.3071 -0.4882, 0.7283 -1.3071 0.122, 0.7283 -1.2283 0.1417, 0.7283 -1.2888 0.2464, 0.7283 -1.2874 0.1417, 0.7283 -1.2949 0.2545, 0.7283 -1.3029 0.2607, 0.7283 -0.8954 0.1702, 0.7283 -1.0709 -0.6457, 0.7283 -1.1496 -0.6457, 0.7283 -1.1803 -0.6426, 0.7283 -0.9429 0.2067, 0.7283 -0.9557 0.205, 0.7283 -0.9081 0.1923, 0.7283 -0.9183 0.2001, 0.7283 -0.9302 0.205, 0.7283 -0.9675 0.2001, 0.7283 -0.9777 0.1923, 0.6496 -0.9921 0.1575, 0.6496 -0.9904 0.1702, 0.6496 -0.9855 0.1821, 0.6496 -0.9777 0.1923, 0.6496 -0.9675 0.2001, 0.6496 -0.9557 0.205, 0.6496 -0.9429 0.2067, 0.6496 -0.9302 0.205, 0.6496 -0.9183 0.2001, 0.6496 -0.9081 0.1923, 0.6496 -0.9003 0.1821, 0.6496 -0.8954 0.1702, 0.6496 -0.9921 -0.5669, 0.6496 -1.0709 -0.6457, 0.6496 -1.0505 -0.643, 0.6496 -1.0315 -0.6351, 0.6496 -1.0152 -0.6226, 0.6496 -1.0027 -0.6063, 0.6496 -0.9948 -0.5873, 0.6496 -1.1496 -0.6457, 0.6496 -1.3071 -0.4882, 0.6496 -1.3041 -0.5189, 0.6496 -1.2951 -0.5485, 0.6496 -1.2805 -0.5757, 0.6496 -1.261 -0.5995, 0.6496 -1.2371 -0.6191, 0.6496 -1.2099 -0.6337, 0.6496 -1.1803 -0.6426, 0.6496 -1.3071 0.122, 0.6496 -1.2874 0.1417, 0.6496 -1.2925 0.1411, 0.6496 -1.2972 0.1391, 0.6496 -1.3013 0.136, 0.6496 -1.3044 0.1319, 0.6496 -1.3064 0.1271, 0.6496 -1.2283 0.1417, 0.6496 -1.2888 0.2464, 0.6496 -1.3614 0.2185, 0.6496 -1.3622 0.2285, 0.6496 -1.3605 0.2385, 0.6496 -1.3563 0.2477, 0.6496 -1.3498 0.2555, 0.6496 -1.3417 0.2614, 0.6496 -1.3322 0.265, 0.6496 -1.3222 0.2661, 0.6496 -1.3122 0.2646, 0.6496 -1.3029 0.2607, 0.6496 -1.2949 0.2545, 0.6496 -1.3495 0.1633, 0.6496 -1.437 -0.4724, 0.6496 -1.437 -0.8465, 0.6496 -0.5709 -0.9646, 0.6496 -0.9459 -0.9646, 0.6496 -0.9459 -0.9646
            ]
        }
        coordIndex [
            0,1,2,-1,3,4,5,-1,5,4,2,-1,2,4,0,-1,0,4,6,-1,0,6,7,-1,8,9,10,-1,9,11,10,-1,10,11,12,-1,10,12,13,-1,14,15,16,-1,17,18,19,-1,19,18,20,-1,19,20,6,-1,6,20,21,-1,6,21,7,-1,15,14,10,-1,10,14,22,-1,10,22,8,-1,16,23,14,-1,14,23,24,-1,14,24,25,-1,26,27,5,-1,27,28,5,-1,5,28,29,-1,5,29,30,-1,31,32,33,-1,33,32,34,-1,25,35,14,-1,14,35,34,-1,14,34,36,-1,36,34,32,-1,30,37,5,-1,5,37,38,-1,5,38,3,-1,3,38,39,-1,3,39,40,-1,41,42,43,-1,43,42,44,-1,44,45,43,-1,43,45,46,-1,43,46,47,-1,13,48,10,-1,10,48,49,-1,10,49,41,-1,41,49,50,-1,41,50,42,-1,47,51,43,-1,43,51,52,-1,43,52,5,-1,5,52,53,-1,5,53,26,-1,54,55,40,-1,40,55,56,-1,40,56,3,-1,54,57,55,-1,55,57,58,-1,55,58,59,-1,59,60,55,-1,55,60,61,-1,55,61,62,-1,62,61,63,-1,2,64,5,-1,5,64,65,-1,5,65,43,-1,43,65,66,-1,67,68,69,-1,69,68,70,-1,71,72,69,-1,73,74,75,-1,72,76,69,-1,69,76,77,-1,69,77,78,-1,75,79,73,-1,73,79,80,-1,73,80,81,-1,81,80,82,-1,83,84,85,-1,85,84,86,-1,87,88,89,-1,89,88,90,-1,89,90,85,-1,85,90,91,-1,85,91,83,-1,92,93,94,-1,95,96,97,-1,97,96,98,-1,97,98,99,-1,100,101,102,-1,101,103,102,-1,102,103,104,-1,102,104,105,-1,105,104,106,-1,106,107,105,-1,105,107,108,-1,105,108,109,-1,109,108,110,-1,109,110,111,-1,111,110,112,-1,111,112,113,-1,86,114,85,-1,85,114,115,-1,85,115,112,-1,112,115,116,-1,112,116,113,-1,71,69,117,-1,117,69,70,-1,117,70,93,-1,93,70,118,-1,93,118,94,-1,99,100,97,-1,97,100,102,-1,97,102,119,-1,119,102,120,-1,119,120,121,-1,121,120,74,-1,121,74,122,-1,122,74,73,-1,78,123,69,-1,69,123,124,-1,69,124,97,-1,97,124,125,-1,97,125,95,-1,126,127,128,-1,129,130,94,-1,94,130,131,-1,94,131,92,-1,126,128,94,-1,94,128,132,-1,94,132,129,-1,133,117,93,-1,133,93,134,-1,134,93,92,-1,134,92,135,-1,135,92,131,-1,135,131,136,-1,136,131,130,-1,136,130,137,-1,137,130,129,-1,137,129,138,-1,138,129,132,-1,138,132,139,-1,139,132,128,-1,139,128,140,-1,140,128,127,-1,140,127,141,-1,141,127,126,-1,141,126,142,-1,142,126,94,-1,142,94,143,-1,143,94,118,-1,143,118,144,-1,144,118,70,-1,144,70,68,-1,133,145,117,-1,117,145,71,-1,146,124,147,-1,147,124,123,-1,147,123,148,-1,148,123,78,-1,148,78,149,-1,149,78,77,-1,149,77,150,-1,150,77,76,-1,150,76,151,-1,151,76,72,-1,151,72,145,-1,145,72,71,-1,146,152,124,-1,124,152,125,-1,153,104,154,-1,154,104,103,-1,154,103,155,-1,155,103,101,-1,155,101,156,-1,156,101,100,-1,156,100,157,-1,157,100,99,-1,157,99,158,-1,158,99,98,-1,158,98,159,-1,159,98,96,-1,159,96,160,-1,160,96,95,-1,160,95,152,-1,152,95,125,-1,153,161,104,-1,104,161,106,-1,162,89,163,-1,163,89,85,-1,163,85,164,-1,164,85,112,-1,164,112,165,-1,165,112,110,-1,165,110,166,-1,166,110,108,-1,166,108,167,-1,167,108,107,-1,167,107,161,-1,161,107,106,-1,162,168,89,-1,89,168,87,-1,168,169,87,-1,87,169,88,-1,170,109,111,-1,170,111,171,-1,171,111,113,-1,171,113,172,-1,172,113,116,-1,172,116,173,-1,173,116,115,-1,173,115,174,-1,174,115,114,-1,174,114,175,-1,175,114,86,-1,175,86,176,-1,176,86,84,-1,176,84,177,-1,177,84,83,-1,177,83,178,-1,178,83,91,-1,178,91,179,-1,179,91,90,-1,179,90,180,-1,180,90,88,-1,180,88,169,-1,170,181,109,-1,109,181,105,-1,181,182,105,-1,105,182,102,-1,182,183,102,-1,102,183,120,-1,183,184,120,-1,120,184,74,-1,185,122,73,-1,185,73,186,-1,186,73,81,-1,186,81,187,-1,187,81,82,-1,187,82,188,-1,188,82,80,-1,188,80,189,-1,189,80,79,-1,189,79,190,-1,190,79,75,-1,190,75,191,-1,191,75,74,-1,191,74,184,-1,185,192,122,-1,122,192,121,-1,121,192,119,-1,119,192,193,-1,192,184,193,-1,193,184,183,-1,193,183,194,-1,194,183,182,-1,192,185,184,-1,184,185,186,-1,184,186,191,-1,191,186,190,-1,163,181,162,-1,162,181,168,-1,163,164,181,-1,181,164,165,-1,181,165,166,-1,168,181,169,-1,169,181,170,-1,169,170,171,-1,190,186,189,-1,189,186,187,-1,189,187,188,-1,171,172,169,-1,169,172,173,-1,169,173,174,-1,147,148,67,-1,67,148,149,-1,67,149,150,-1,175,179,174,-1,174,179,180,-1,174,180,169,-1,175,176,179,-1,179,176,177,-1,179,177,178,-1,166,167,181,-1,181,167,161,-1,181,161,182,-1,182,161,153,-1,159,194,158,-1,158,194,157,-1,153,154,182,-1,182,154,155,-1,182,155,194,-1,194,155,156,-1,194,156,157,-1,150,151,67,-1,67,151,145,-1,67,145,68,-1,68,145,133,-1,68,133,134,-1,159,160,194,-1,194,160,152,-1,194,152,67,-1,67,152,146,-1,67,146,147,-1,135,143,134,-1,134,143,144,-1,134,144,68,-1,135,136,143,-1,143,136,137,-1,143,137,138,-1,138,139,143,-1,143,139,140,-1,143,140,142,-1,142,140,141,-1,194,97,193,-1,193,97,119,-1,194,67,97,-1,97,67,69,-1,195,196,197,-1,197,196,198,-1,199,200,201,-1,202,203,204,-1,205,206,207,-1,202,204,208,-1,209,210,211,-1,211,210,205,-1,211,205,212,-1,212,205,207,-1,213,214,215,-1,216,217,218,-1,219,208,198,-1,198,208,204,-1,198,204,197,-1,197,204,199,-1,197,199,211,-1,211,199,201,-1,211,201,209,-1,203,220,204,-1,204,220,221,-1,204,221,222,-1,213,215,223,-1,223,215,224,-1,223,224,225,-1,225,224,226,-1,225,226,227,-1,218,228,226,-1,226,228,229,-1,226,229,227,-1,230,231,232,-1,232,231,233,-1,230,234,231,-1,231,234,235,-1,231,235,236,-1,217,237,218,-1,218,237,238,-1,218,238,228,-1,239,240,241,-1,235,242,236,-1,236,242,243,-1,236,243,213,-1,213,243,244,-1,213,244,214,-1,245,246,247,-1,247,246,248,-1,247,248,218,-1,218,248,249,-1,218,249,216,-1,219,198,240,-1,240,198,250,-1,240,250,241,-1,222,251,204,-1,204,251,252,-1,204,252,231,-1,231,252,253,-1,231,253,233,-1,241,254,255,-1,256,257,241,-1,241,257,258,-1,241,258,254,-1,255,259,241,-1,241,259,260,-1,241,260,239,-1,261,219,240,-1,261,240,262,-1,262,240,239,-1,262,239,263,-1,263,239,260,-1,263,260,264,-1,264,260,259,-1,264,259,265,-1,265,259,255,-1,265,255,266,-1,266,255,254,-1,266,254,267,-1,267,254,258,-1,267,258,268,-1,268,258,257,-1,268,257,269,-1,269,257,256,-1,269,256,270,-1,270,256,241,-1,270,241,271,-1,271,241,250,-1,271,250,272,-1,272,250,198,-1,272,198,196,-1,261,273,219,-1,219,273,208,-1,274,251,275,-1,275,251,222,-1,275,222,276,-1,276,222,221,-1,276,221,277,-1,277,221,220,-1,277,220,278,-1,278,220,203,-1,278,203,279,-1,279,203,202,-1,279,202,273,-1,273,202,208,-1,274,280,251,-1,251,280,252,-1,281,243,282,-1,282,243,242,-1,282,242,283,-1,283,242,235,-1,283,235,284,-1,284,235,234,-1,284,234,285,-1,285,234,230,-1,285,230,286,-1,286,230,232,-1,286,232,287,-1,287,232,233,-1,287,233,288,-1,288,233,253,-1,288,253,280,-1,280,253,252,-1,281,289,243,-1,243,289,244,-1,290,247,291,-1,291,247,218,-1,291,218,292,-1,292,218,226,-1,292,226,293,-1,293,226,224,-1,293,224,294,-1,294,224,215,-1,294,215,295,-1,295,215,214,-1,295,214,289,-1,289,214,244,-1,290,296,247,-1,247,296,245,-1,296,297,245,-1,245,297,246,-1,298,223,225,-1,298,225,299,-1,299,225,227,-1,299,227,300,-1,300,227,229,-1,300,229,301,-1,301,229,228,-1,301,228,302,-1,302,228,238,-1,302,238,303,-1,303,238,237,-1,303,237,304,-1,304,237,217,-1,304,217,305,-1,305,217,216,-1,305,216,306,-1,306,216,249,-1,306,249,307,-1,307,249,248,-1,307,248,308,-1,308,248,246,-1,308,246,297,-1,298,309,223,-1,223,309,213,-1,309,310,213,-1,213,310,236,-1,310,311,236,-1,236,311,231,-1,312,200,313,-1,313,200,199,-1,
        ]
    }
}
Shape{
    appearance Appearance {
        material  Material 	{
            diffuseColor 0.6784313725490196 0.6784313725490196 0.6784313725490196
            specularColor 0.047058823529411764 0.047058823529411764 0.047058823529411764
            ambientIntensity 0.2
            transparency 0
            shininess 0.5
        }
    }
    geometry IndexedFaceSet {
        ccw TRUE
        solid FALSE
        coord DEF co Coordinate {
            point [
                0.6496 -0.5709 -0.9646, 0.6496 -0.5709 -0.8858, 0.7283 -0.5709 -0.9646, 0.7283 -0.5709 -0.8858, 0.6496 -0.6102 -0.8465, 0.7283 -0.6102 -0.8465, 0.7283 -0.6015 -0.8474, 0.6496 -0.6015 -0.8474, 0.7283 -0.5932 -0.8504, 0.6496 -0.5932 -0.8504, 0.7283 -0.5857 -0.855, 0.6496 -0.5857 -0.855, 0.7283 -0.5795 -0.8613, 0.6496 -0.5795 -0.8613, 0.7283 -0.5748 -0.8687, 0.6496 -0.5748 -0.8687, 0.7283 -0.5719 -0.8771, 0.6496 -0.5719 -0.8771, 0.6496 -0.8937 -0.8465, 0.7283 -0.8937 -0.8465, 0.7283 -0.8937 -0.8465
            ]
        }
        coordIndex [
            0,1,2,-1,2,1,3,-1,4,5,6,-1,4,6,7,-1,7,6,8,-1,7,8,9,-1,9,8,10,-1,9,10,11,-1,11,10,12,-1,11,12,13,-1,13,12,14,-1,13,14,15,-1,15,14,16,-1,15,16,17,-1,17,16,3,-1,17,3,1,-1,4,18,5,-1,5,18,19,-1,
        ]
    }
}
Shape{
    appearance Appearance {
        material  Material 	{
            diffuseColor 0.8313725490196079 0.8313725490196079 0.8196078431372549
            specularColor 0.6666666666666666 0.6666666666666666 0.6549019607843137
            ambientIntensity 0.2
            transparency 0
            shininess 0.5
        }
    }
    geometry IndexedFaceSet {
        ccw TRUE
        solid FALSE
        coord DEF co Coordinate {
            point [
                0.6496 -0.5709 -0.8858, 0.6496 -0.5709 -0.9646, 0.6496 -0.9459 -0.9646, 0.6496 -0.8937 0.1575, 0.6496 -0.8937 -0.8465, 0.6496 -0.9646 -0.8465, 0.6496 -0.8954 0.1702, 0.6496 -0.9904 0.1702, 0.6496 -0.6102 -0.8465, 0.6496 -0.5719 -0.8771, 0.6496 -0.5932 -0.8504, 0.6496 -0.5857 -0.855, 0.6496 -0.5795 -0.8613, 0.6496 -0.6015 -0.8474, 0.6496 -1.2874 0.1417, 0.6496 -1.2925 0.1411, 0.6496 -1.3495 0.1633, 0.6496 -1.2972 0.1391, 0.6496 -1.3013 0.136, 0.6496 -1.3044 0.1319, 0.6496 -1.0709 -0.6457, 0.6496 -1.0505 -0.643, 0.6496 -1.3605 0.2385, 0.6496 -1.2888 0.2464, 0.6496 -1.3622 0.2285, 0.6496 -1.3614 0.2185, 0.6496 -0.5748 -0.8687, 0.6496 -1.2283 0.1417, 0.6496 -1.3498 0.2555, 0.6496 -1.3122 0.2646, 0.6496 -1.3029 0.2607, 0.6496 -1.0315 -0.6351, 0.6496 -1.0152 -0.6226, 0.6496 -1.0027 -0.6063, 0.6496 -1.3417 0.2614, 0.6496 -1.3322 0.265, 0.6496 -1.3222 0.2661, 0.6496 -1.3563 0.2477, 0.6496 -1.2949 0.2545, 0.6496 -1.437 -0.4724, 0.6496 -1.3041 -0.5189, 0.6496 -1.437 -0.8465, 0.6496 -1.2951 -0.5485, 0.6496 -1.2805 -0.5757, 0.6496 -1.261 -0.5995, 0.6496 -1.2371 -0.6191, 0.6496 -1.3064 0.1271, 0.6496 -1.3071 0.122, 0.6496 -1.3071 -0.4882, 0.6496 -1.2099 -0.6337, 0.6496 -1.1803 -0.6426, 0.6496 -1.1496 -0.6457, 0.6496 -0.9948 -0.5873, 0.6496 -0.9921 -0.5669, 0.6496 -0.9921 0.1575, 0.6496 -0.9003 0.1821, 0.6496 -0.9855 0.1821, 0.6496 -0.9777 0.1923, 0.6496 -0.9675 0.2001, 0.6496 -0.9557 0.205, 0.6496 -0.9429 0.2067, 0.6496 -0.9302 0.205, 0.6496 -0.9183 0.2001, 0.6496 -0.9081 0.1923, 0.7283 -0.9459 -0.9646, 0.7283 -0.9646 -0.8465, 0.7283 -1.437 -0.8465, 0.8465 -0.8937 -0.8465, 0.8465 -0.8937 0.1575, 0.9252 -0.8937 -0.8465, 0.9252 -0.8937 0.1575, 0.9252 -1.7371 -0.855, 0.9252 -1.7434 -0.8613, 0.9252 -1.7481 -0.8687, 0.9252 -1.3122 0.2646, 0.9252 -1.3222 0.2661, 0.9252 -1.2925 0.1411, 0.9252 -0.9921 -0.5669, 0.9252 -0.9948 -0.5873, 0.9252 -1.2805 -0.5757, 0.9252 -1.2951 -0.5485, 0.9252 -1.437 -0.4724, 0.9252 -1.751 -0.8771, 0.9252 -1.752 -0.8858, 0.9252 -1.7297 -0.8504, 0.9252 -1.0027 -0.6063, 0.9252 -1.0152 -0.6226, 0.9252 -1.0315 -0.6351, 0.9252 -1.1803 -0.6426, 0.9252 -1.2099 -0.6337, 0.9252 -1.3583 -0.8465, 0.9252 -1.2371 -0.6191, 0.9252 -1.261 -0.5995, 0.9252 -1.3563 0.2477, 0.9252 -1.2972 0.1391, 0.9252 -1.3498 0.2555, 0.9252 -1.377 -0.9646, 0.9252 -1.437 -0.8465, 0.9252 -1.752 -0.9646, 0.9252 -1.7126 -0.8465, 0.9252 -1.7214 -0.8474, 0.9252 -1.3041 -0.5189, 0.9252 -1.3071 -0.4882, 0.9252 -1.3495 0.1633, 0.9252 -1.3071 0.122, 0.9252 -1.3064 0.1271, 0.9252 -1.3044 0.1319, 0.9252 -1.3614 0.2185, 0.9252 -1.3013 0.136, 0.9252 -1.3622 0.2285, 0.9252 -1.3605 0.2385, 0.9252 -1.3322 0.265, 0.9252 -1.3417 0.2614, 0.9252 -1.2283 0.1417, 0.9252 -1.2888 0.2464, 0.9252 -1.2874 0.1417, 0.9252 -1.2949 0.2545, 0.9252 -1.3029 0.2607, 0.9252 -0.8954 0.1702, 0.9252 -0.9003 0.1821, 0.9252 -0.9921 0.1575, 0.9252 -1.0505 -0.643, 0.9252 -1.0709 -0.6457, 0.9252 -1.1496 -0.6457, 0.9252 -0.9081 0.1923, 0.9252 -0.9183 0.2001, 0.9252 -0.9302 0.205, 0.9252 -0.9429 0.2067, 0.9252 -0.9777 0.1923, 0.9252 -0.9855 0.1821, 0.9252 -0.9904 0.1702, 0.9252 -0.9557 0.205, 0.9252 -0.9675 0.2001, 0.8465 -0.9921 0.1575, 0.8465 -0.9904 0.1702, 0.8465 -0.9855 0.1821, 0.8465 -0.9777 0.1923, 0.8465 -0.9675 0.2001, 0.8465 -0.9557 0.205, 0.8465 -0.9429 0.2067, 0.8465 -0.9302 0.205, 0.8465 -0.9183 0.2001, 0.8465 -0.9081 0.1923, 0.8465 -0.9003 0.1821, 0.8465 -0.8954 0.1702, 0.8465 -0.9921 -0.5669, 0.8465 -1.0709 -0.6457, 0.8465 -1.0505 -0.643, 0.8465 -1.0315 -0.6351, 0.8465 -1.0152 -0.6226, 0.8465 -1.0027 -0.6063, 0.8465 -0.9948 -0.5873, 0.8465 -1.1496 -0.6457, 0.8465 -1.3071 -0.4882, 0.8465 -1.3041 -0.5189, 0.8465 -1.2951 -0.5485, 0.8465 -1.2805 -0.5757, 0.8465 -1.261 -0.5995, 0.8465 -1.2371 -0.6191, 0.8465 -1.2099 -0.6337, 0.8465 -1.1803 -0.6426, 0.8465 -1.3071 0.122, 0.8465 -1.2874 0.1417, 0.8465 -1.2925 0.1411, 0.8465 -1.2972 0.1391, 0.8465 -1.3013 0.136, 0.8465 -1.3044 0.1319, 0.8465 -1.3064 0.1271, 0.8465 -1.2283 0.1417, 0.8465 -1.2888 0.2464, 0.8465 -1.3614 0.2185, 0.8465 -1.3622 0.2285, 0.8465 -1.3605 0.2385, 0.8465 -1.3563 0.2477, 0.8465 -1.3498 0.2555, 0.8465 -1.3417 0.2614, 0.8465 -1.3322 0.265, 0.8465 -1.3222 0.2661, 0.8465 -1.3122 0.2646, 0.8465 -1.3029 0.2607, 0.8465 -1.2949 0.2545, 0.8465 -1.3495 0.1633, 0.8465 -1.437 -0.4724, 0.8465 -1.437 -0.8465, 0.8465 -1.7126 -0.8465, 0.8465 -1.752 -0.8858, 0.8465 -1.751 -0.8771, 0.8465 -1.7481 -0.8687, 0.8465 -1.7434 -0.8613, 0.8465 -1.7371 -0.855, 0.8465 -1.7297 -0.8504, 0.8465 -1.7214 -0.8474, 0.8465 -1.752 -0.9646, 0.8465 -1.377 -0.9646, 0.8465 -1.3583 -0.8465, 1.0433 -0.8937 -0.8465, 1.0433 -0.8937 0.1575, 1.122 -0.8937 -0.8465, 1.122 -0.8937 0.1575, 1.122 -0.9459 -0.9646, 1.122 -0.5709 -0.9646, 1.122 -0.5709 -0.8858, 1.122 -0.9646 -0.8465, 1.122 -0.6102 -0.8465, 1.122 -0.9948 -0.5873, 1.122 -1.0027 -0.6063, 1.122 -0.5719 -0.8771, 1.122 -0.5748 -0.8687, 1.122 -0.5795 -0.8613, 1.122 -0.5857 -0.855, 1.122 -0.6015 -0.8474, 1.122 -0.5932 -0.8504, 1.122 -1.437 -0.4724, 1.122 -1.3071 -0.4882, 1.122 -1.3495 0.1633, 1.122 -1.3071 0.122, 1.122 -1.0152 -0.6226, 1.122 -1.0315 -0.6351, 1.122 -1.0505 -0.643, 1.122 -1.3064 0.1271, 1.122 -1.3044 0.1319, 1.122 -1.3614 0.2185, 1.122 -1.3013 0.136, 1.122 -1.3622 0.2285, 1.122 -1.2972 0.1391, 1.122 -1.3605 0.2385, 1.122 -1.3122 0.2646, 1.122 -1.3222 0.2661, 1.122 -1.2925 0.1411, 1.122 -1.3322 0.265, 1.122 -1.261 -0.5995, 1.122 -1.437 -0.8465, 1.122 -1.2371 -0.6191, 1.122 -1.2099 -0.6337, 1.122 -1.3417 0.2614, 1.122 -1.3498 0.2555, 1.122 -1.3563 0.2477, 1.122 -1.2283 0.1417, 1.122 -1.2888 0.2464, 1.122 -1.2874 0.1417, 1.122 -1.2949 0.2545, 1.122 -1.3029 0.2607, 1.122 -1.2805 -0.5757, 1.122 -1.2951 -0.5485, 1.122 -1.3041 -0.5189, 1.122 -0.9921 -0.5669, 1.122 -0.9921 0.1575, 1.122 -0.8954 0.1702, 1.122 -0.9003 0.1821, 1.122 -1.0709 -0.6457, 1.122 -1.1496 -0.6457, 1.122 -1.1803 -0.6426, 1.122 -0.9675 0.2001, 1.122 -0.9777 0.1923, 1.122 -0.9302 0.205, 1.122 -0.9183 0.2001, 1.122 -0.9081 0.1923, 1.122 -0.9855 0.1821, 1.122 -0.9904 0.1702, 1.122 -0.9429 0.2067, 1.122 -0.9557 0.205, 1.0433 -0.9921 0.1575, 1.0433 -0.9904 0.1702, 1.0433 -0.9855 0.1821, 1.0433 -0.9777 0.1923, 1.0433 -0.9675 0.2001, 1.0433 -0.9557 0.205, 1.0433 -0.9429 0.2067, 1.0433 -0.9302 0.205, 1.0433 -0.9183 0.2001, 1.0433 -0.9081 0.1923, 1.0433 -0.9003 0.1821, 1.0433 -0.8954 0.1702, 1.0433 -0.9921 -0.5669, 1.0433 -1.0709 -0.6457, 1.0433 -1.0505 -0.643, 1.0433 -1.0315 -0.6351, 1.0433 -1.0152 -0.6226, 1.0433 -1.0027 -0.6063, 1.0433 -0.9948 -0.5873, 1.0433 -1.1496 -0.6457, 1.0433 -1.3071 -0.4882, 1.0433 -1.3041 -0.5189, 1.0433 -1.2951 -0.5485, 1.0433 -1.2805 -0.5757, 1.0433 -1.261 -0.5995, 1.0433 -1.2371 -0.6191, 1.0433 -1.2099 -0.6337, 1.0433 -1.1803 -0.6426, 1.0433 -1.3071 0.122, 1.0433 -1.2874 0.1417, 1.0433 -1.2925 0.1411, 1.0433 -1.2972 0.1391, 1.0433 -1.3013 0.136, 1.0433 -1.3044 0.1319, 1.0433 -1.3064 0.1271, 1.0433 -1.2283 0.1417, 1.0433 -1.2888 0.2464, 1.0433 -1.3614 0.2185, 1.0433 -1.3622 0.2285, 1.0433 -1.3605 0.2385, 1.0433 -1.3563 0.2477, 1.0433 -1.3498 0.2555, 1.0433 -1.3417 0.2614, 1.0433 -1.3322 0.265, 1.0433 -1.3222 0.2661, 1.0433 -1.3122 0.2646, 1.0433 -1.3029 0.2607, 1.0433 -1.2949 0.2545, 1.0433 -1.3495 0.1633, 1.0433 -1.437 -0.4724, 1.0433 -1.437 -0.8465, 1.0433 -0.5709 -0.9646, 1.0433 -0.9459 -0.9646, 1.0433 -0.9459 -0.9646
            ]
        }
        coordIndex [
            0,1,2,-1,3,4,5,-1,5,4,2,-1,6,3,7,-1,2,4,0,-1,0,4,8,-1,0,8,9,-1,10,11,12,-1,10,12,13,-1,14,15,16,-1,15,17,16,-1,16,17,18,-1,16,18,19,-1,20,21,5,-1,22,23,24,-1,24,23,25,-1,13,12,8,-1,8,12,26,-1,8,26,9,-1,25,23,16,-1,16,23,27,-1,16,27,14,-1,28,29,30,-1,21,31,5,-1,5,31,32,-1,5,32,33,-1,28,34,29,-1,29,34,35,-1,29,35,36,-1,22,37,23,-1,23,37,28,-1,23,28,38,-1,38,28,30,-1,39,40,41,-1,41,40,42,-1,42,43,41,-1,41,43,44,-1,41,44,45,-1,19,46,16,-1,16,46,47,-1,16,47,39,-1,39,47,48,-1,39,48,40,-1,45,49,41,-1,41,49,50,-1,41,50,5,-1,5,50,51,-1,5,51,20,-1,33,52,5,-1,5,52,53,-1,5,53,3,-1,3,53,54,-1,3,54,7,-1,6,7,55,-1,55,7,56,-1,55,56,57,-1,57,58,55,-1,55,58,59,-1,55,59,60,-1,60,61,55,-1,55,61,62,-1,55,62,63,-1,2,64,5,-1,5,64,65,-1,5,65,41,-1,41,65,66,-1,67,68,69,-1,69,68,70,-1,71,72,73,-1,74,75,76,-1,77,78,69,-1,79,80,81,-1,73,82,71,-1,71,82,83,-1,71,83,84,-1,78,85,69,-1,69,85,86,-1,69,86,87,-1,88,89,90,-1,90,89,91,-1,90,91,92,-1,93,94,95,-1,95,94,76,-1,92,79,90,-1,90,79,81,-1,90,81,96,-1,96,81,97,-1,96,97,98,-1,98,97,99,-1,98,99,83,-1,83,99,100,-1,83,100,84,-1,80,101,81,-1,81,101,102,-1,81,102,103,-1,103,102,104,-1,104,105,103,-1,103,105,106,-1,103,106,107,-1,107,106,108,-1,107,108,109,-1,109,108,94,-1,109,94,110,-1,110,94,93,-1,75,111,76,-1,76,111,112,-1,76,112,95,-1,113,114,115,-1,115,114,116,-1,115,116,76,-1,76,116,117,-1,76,117,74,-1,118,119,120,-1,77,69,120,-1,120,69,70,-1,120,70,118,-1,87,121,69,-1,69,121,122,-1,69,122,90,-1,90,122,123,-1,90,123,88,-1,124,125,119,-1,119,125,126,-1,119,126,127,-1,128,129,119,-1,119,129,130,-1,119,130,120,-1,127,131,119,-1,119,131,132,-1,119,132,128,-1,133,120,130,-1,133,130,134,-1,134,130,129,-1,134,129,135,-1,135,129,128,-1,135,128,136,-1,136,128,132,-1,136,132,137,-1,137,132,131,-1,137,131,138,-1,138,131,127,-1,138,127,139,-1,139,127,126,-1,139,126,140,-1,140,126,125,-1,140,125,141,-1,141,125,124,-1,141,124,142,-1,142,124,119,-1,142,119,143,-1,143,119,118,-1,143,118,144,-1,144,118,70,-1,144,70,68,-1,133,145,120,-1,120,145,77,-1,146,122,147,-1,147,122,121,-1,147,121,148,-1,148,121,87,-1,148,87,149,-1,149,87,86,-1,149,86,150,-1,150,86,85,-1,150,85,151,-1,151,85,78,-1,151,78,145,-1,145,78,77,-1,146,152,122,-1,122,152,123,-1,153,102,154,-1,154,102,101,-1,154,101,155,-1,155,101,80,-1,155,80,156,-1,156,80,79,-1,156,79,157,-1,157,79,92,-1,157,92,158,-1,158,92,91,-1,158,91,159,-1,159,91,89,-1,159,89,160,-1,160,89,88,-1,160,88,152,-1,152,88,123,-1,153,161,102,-1,102,161,104,-1,162,115,163,-1,163,115,76,-1,163,76,164,-1,164,76,94,-1,164,94,165,-1,165,94,108,-1,165,108,166,-1,166,108,106,-1,166,106,167,-1,167,106,105,-1,167,105,161,-1,161,105,104,-1,162,168,115,-1,115,168,113,-1,168,169,113,-1,113,169,114,-1,170,107,109,-1,170,109,171,-1,171,109,110,-1,171,110,172,-1,172,110,93,-1,172,93,173,-1,173,93,95,-1,173,95,174,-1,174,95,112,-1,174,112,175,-1,175,112,111,-1,175,111,176,-1,176,111,75,-1,176,75,177,-1,177,75,74,-1,177,74,178,-1,178,74,117,-1,178,117,179,-1,179,117,116,-1,179,116,180,-1,180,116,114,-1,180,114,169,-1,170,181,107,-1,107,181,103,-1,181,182,103,-1,103,182,81,-1,182,183,81,-1,81,183,97,-1,183,184,97,-1,97,184,99,-1,185,83,82,-1,185,82,186,-1,186,82,73,-1,186,73,187,-1,187,73,72,-1,187,72,188,-1,188,72,71,-1,188,71,189,-1,189,71,84,-1,189,84,190,-1,190,84,100,-1,190,100,191,-1,191,100,99,-1,191,99,184,-1,185,192,83,-1,83,192,98,-1,98,192,96,-1,96,192,193,-1,190,191,184,-1,192,184,193,-1,193,184,183,-1,193,183,194,-1,194,183,182,-1,192,185,184,-1,184,185,186,-1,184,186,187,-1,163,181,162,-1,162,181,168,-1,163,164,181,-1,181,164,165,-1,181,165,166,-1,168,181,169,-1,169,181,170,-1,169,170,171,-1,187,188,184,-1,184,188,189,-1,184,189,190,-1,171,172,169,-1,169,172,173,-1,169,173,174,-1,159,194,158,-1,158,194,157,-1,147,148,67,-1,67,148,149,-1,67,149,150,-1,174,175,169,-1,169,175,176,-1,169,176,177,-1,166,167,181,-1,181,167,161,-1,181,161,182,-1,182,161,153,-1,153,154,182,-1,182,154,155,-1,182,155,194,-1,194,155,156,-1,194,156,157,-1,150,151,67,-1,67,151,145,-1,67,145,68,-1,68,145,133,-1,68,133,144,-1,177,178,169,-1,169,178,179,-1,169,179,180,-1,159,160,194,-1,194,160,152,-1,194,152,67,-1,67,152,146,-1,67,146,147,-1,136,137,143,-1,136,143,135,-1,144,133,143,-1,143,133,134,-1,143,134,135,-1,142,143,141,-1,141,143,140,-1,137,138,143,-1,143,138,139,-1,143,139,140,-1,194,90,193,-1,193,90,96,-1,194,67,90,-1,90,67,69,-1,195,196,197,-1,197,196,198,-1,199,200,201,-1,198,202,197,-1,197,202,199,-1,197,199,203,-1,204,205,202,-1,199,201,203,-1,203,201,206,-1,203,206,207,-1,207,208,203,-1,203,208,209,-1,203,209,210,-1,210,209,211,-1,212,213,214,-1,214,213,215,-1,205,216,202,-1,202,216,217,-1,202,217,218,-1,215,219,214,-1,214,219,220,-1,214,220,221,-1,221,220,222,-1,221,222,223,-1,223,222,224,-1,223,224,225,-1,226,227,228,-1,228,227,229,-1,230,231,232,-1,232,231,233,-1,229,234,228,-1,228,234,235,-1,228,235,224,-1,224,235,236,-1,224,236,225,-1,237,238,239,-1,239,238,240,-1,239,240,228,-1,228,240,241,-1,228,241,226,-1,230,242,231,-1,231,242,243,-1,231,243,212,-1,212,243,244,-1,212,244,213,-1,204,202,245,-1,245,202,198,-1,245,198,246,-1,246,198,247,-1,246,247,248,-1,218,249,202,-1,202,249,250,-1,202,250,231,-1,231,250,251,-1,231,251,233,-1,248,252,253,-1,254,248,255,-1,255,248,256,-1,253,257,248,-1,248,257,258,-1,248,258,246,-1,254,259,248,-1,248,259,260,-1,248,260,252,-1,261,246,258,-1,261,258,262,-1,262,258,257,-1,262,257,263,-1,263,257,253,-1,263,253,264,-1,264,253,252,-1,264,252,265,-1,265,252,260,-1,265,260,266,-1,266,260,259,-1,266,259,267,-1,267,259,254,-1,267,254,268,-1,268,254,255,-1,268,255,269,-1,269,255,256,-1,269,256,270,-1,270,256,248,-1,270,248,271,-1,271,248,247,-1,271,247,272,-1,272,247,198,-1,272,198,196,-1,261,273,246,-1,246,273,245,-1,274,249,275,-1,275,249,218,-1,275,218,276,-1,276,218,217,-1,276,217,277,-1,277,217,216,-1,277,216,278,-1,278,216,205,-1,278,205,279,-1,279,205,204,-1,279,204,273,-1,273,204,245,-1,274,280,249,-1,249,280,250,-1,281,213,282,-1,282,213,244,-1,282,244,283,-1,283,244,243,-1,283,243,284,-1,284,243,242,-1,284,242,285,-1,285,242,230,-1,285,230,286,-1,286,230,232,-1,286,232,287,-1,287,232,233,-1,287,233,288,-1,288,233,251,-1,288,251,280,-1,280,251,250,-1,281,289,213,-1,213,289,215,-1,290,239,291,-1,291,239,228,-1,291,228,292,-1,292,228,224,-1,292,224,293,-1,293,224,222,-1,293,222,294,-1,294,222,220,-1,294,220,295,-1,295,220,219,-1,295,219,289,-1,289,219,215,-1,290,296,239,-1,239,296,237,-1,296,297,237,-1,237,297,238,-1,298,221,223,-1,298,223,299,-1,299,223,225,-1,299,225,300,-1,300,225,236,-1,300,236,301,-1,301,236,235,-1,301,235,302,-1,302,235,234,-1,302,234,303,-1,303,234,229,-1,303,229,304,-1,304,229,227,-1,304,227,305,-1,305,227,226,-1,305,226,306,-1,306,226,241,-1,306,241,307,-1,307,241,240,-1,307,240,308,-1,308,240,238,-1,308,238,297,-1,298,309,221,-1,221,309,214,-1,309,310,214,-1,214,310,212,-1,310,311,212,-1,212,311,231,-1,312,200,313,-1,313,200,199,-1,
        ]
    }
}
Shape{
    appearance Appearance {
        material  Material 	{
            diffuseColor 0.6784313725490196 0.6784313725490196 0.6784313725490196
            specularColor 0.047058823529411764 0.047058823529411764 0.047058823529411764
            ambientIntensity 0.2
            transparency 0
            shininess 0.5
        }
    }
    geometry IndexedFaceSet {
        ccw TRUE
        solid FALSE
        coord DEF co Coordinate {
            point [
                1.0433 -0.5709 -0.9646, 1.0433 -0.5709 -0.8858, 1.122 -0.5709 -0.9646, 1.122 -0.5709 -0.8858, 1.0433 -0.6102 -0.8465, 1.122 -0.6102 -0.8465, 1.122 -0.6015 -0.8474, 1.0433 -0.6015 -0.8474, 1.122 -0.5932 -0.8504, 1.0433 -0.5932 -0.8504, 1.122 -0.5857 -0.855, 1.0433 -0.5857 -0.855, 1.122 -0.5795 -0.8613, 1.0433 -0.5795 -0.8613, 1.122 -0.5748 -0.8687, 1.0433 -0.5748 -0.8687, 1.122 -0.5719 -0.8771, 1.0433 -0.5719 -0.8771, 1.0433 -0.8937 -0.8465, 1.122 -0.8937 -0.8465, 1.122 -0.8937 -0.8465
            ]
        }
        coordIndex [
            0,1,2,-1,2,1,3,-1,4,5,6,-1,4,6,7,-1,7,6,8,-1,7,8,9,-1,9,8,10,-1,9,10,11,-1,11,10,12,-1,11,12,13,-1,13,12,14,-1,13,14,15,-1,15,14,16,-1,15,16,17,-1,17,16,3,-1,17,3,1,-1,4,18,5,-1,5,18,19,-1,
        ]
    }
}
Shape{
    appearance Appearance {
        material  Material 	{
            diffuseColor 0.8313725490196079 0.8313725490196079 0.8196078431372549
            specularColor 0.6666666666666666 0.6666666666666666 0.6549019607843137
            ambientIntensity 0.2
            transparency 0
            shininess 0.5
        }
    }
    geometry IndexedFaceSet {
        ccw TRUE
        solid FALSE
        coord DEF co Coordinate {
            point [
                1.0433 -0.5709 -0.8858, 1.0433 -0.5709 -0.9646, 1.0433 -0.9459 -0.9646, 1.0433 -0.5719 -0.8771, 1.0433 -0.6102 -0.8465, 1.0433 -0.8954 0.1702, 1.0433 -0.8937 0.1575, 1.0433 -0.9921 0.1575, 1.0433 -0.8937 -0.8465, 1.0433 -1.2874 0.1417, 1.0433 -1.2925 0.1411, 1.0433 -1.3495 0.1633, 1.0433 -1.2972 0.1391, 1.0433 -1.3013 0.136, 1.0433 -1.3044 0.1319, 1.0433 -1.2888 0.2464, 1.0433 -1.3614 0.2185, 1.0433 -1.3622 0.2285, 1.0433 -0.5932 -0.8504, 1.0433 -0.5857 -0.855, 1.0433 -0.6015 -0.8474, 1.0433 -0.5795 -0.8613, 1.0433 -0.5748 -0.8687, 1.0433 -1.2283 0.1417, 1.0433 -1.3605 0.2385, 1.0433 -1.3563 0.2477, 1.0433 -1.3498 0.2555, 1.0433 -1.0709 -0.6457, 1.0433 -1.0505 -0.643, 1.0433 -0.9646 -0.8465, 1.0433 -1.0315 -0.6351, 1.0433 -1.0152 -0.6226, 1.0433 -1.0027 -0.6063, 1.0433 -0.9948 -0.5873, 1.0433 -0.9921 -0.5669, 1.0433 -1.3122 0.2646, 1.0433 -1.3029 0.2607, 1.0433 -1.3222 0.2661, 1.0433 -1.3322 0.265, 1.0433 -1.3417 0.2614, 1.0433 -1.2949 0.2545, 1.0433 -1.437 -0.4724, 1.0433 -1.3041 -0.5189, 1.0433 -1.437 -0.8465, 1.0433 -1.2951 -0.5485, 1.0433 -1.2805 -0.5757, 1.0433 -1.261 -0.5995, 1.0433 -1.2371 -0.6191, 1.0433 -1.3064 0.1271, 1.0433 -1.3071 0.122, 1.0433 -1.3071 -0.4882, 1.0433 -1.2099 -0.6337, 1.0433 -1.1803 -0.6426, 1.0433 -1.1496 -0.6457, 1.0433 -0.9003 0.1821, 1.0433 -0.9904 0.1702, 1.0433 -0.9855 0.1821, 1.0433 -0.9183 0.2001, 1.0433 -0.9675 0.2001, 1.0433 -0.9302 0.205, 1.0433 -0.9557 0.205, 1.0433 -0.9429 0.2067, 1.0433 -0.9777 0.1923, 1.0433 -0.9081 0.1923, 1.122 -0.9459 -0.9646, 1.122 -0.9646 -0.8465, 1.122 -1.437 -0.8465, 1.122 -1.437 -0.8465
            ]
        }
        coordIndex [
            0,1,2,-1,3,0,4,-1,5,6,7,-1,4,0,8,-1,9,10,11,-1,10,12,11,-1,11,12,13,-1,11,13,14,-1,15,16,17,-1,18,19,20,-1,20,19,21,-1,20,21,4,-1,4,21,22,-1,4,22,3,-1,16,15,11,-1,11,15,23,-1,11,23,9,-1,17,24,15,-1,15,24,25,-1,15,25,26,-1,27,28,29,-1,29,28,30,-1,29,30,31,-1,31,32,29,-1,29,32,33,-1,29,33,34,-1,35,36,37,-1,37,36,38,-1,26,39,15,-1,15,39,38,-1,15,38,40,-1,40,38,36,-1,41,42,43,-1,43,42,44,-1,44,45,43,-1,43,45,46,-1,43,46,47,-1,14,48,11,-1,11,48,49,-1,11,49,41,-1,41,49,50,-1,41,50,42,-1,0,2,8,-1,8,2,29,-1,8,29,6,-1,6,29,34,-1,6,34,7,-1,47,51,43,-1,43,51,52,-1,43,52,29,-1,29,52,53,-1,29,53,27,-1,5,7,54,-1,54,7,55,-1,54,55,56,-1,57,58,59,-1,59,58,60,-1,59,60,61,-1,56,62,54,-1,54,62,58,-1,54,58,63,-1,63,58,57,-1,2,64,29,-1,29,64,65,-1,29,65,43,-1,43,65,66,-1,
        ]
    }
}