#VRML V2.0 utf8
# 3D model generated by easyeda2kicad.py (https://github.com/uPesy/easyeda2kicad.py)

Shape{
    appearance Appearance {
        material  Material 	{
            diffuseColor 0.2235294117647059 0.2235294117647059 0.2235294117647059
            specularColor 0.11372549019607843 0.11372549019607843 0.11372549019607843
            ambientIntensity 0.2235
            transparency 0.0
            shininess 0.5
        }
    }
    geometry IndexedFaceSet {
        ccw TRUE
        solid FALSE
        coord DEF co Coordinate {
            point [
                3.0492 0.128 0.5362, 3.0492 0.1249 0.5359, 3.0492 0.1479 0.5359, 3.0492 0.1227 0.7675, 3.0492 0.1227 0.7376, 3.0492 0.1479 0.7376, 3.0492 -0.2245 0.779, 3.0492 -0.2092 0.7688, 3.0492 -0.0693 0.779, 3.0492 -0.1872 0.7433, 3.0492 -0.1129 0.6567, 3.0492 -0.0693 0.6567, 3.0492 -0.1188 0.6713, 3.0492 -0.1323 0.6902, 3.0492 -0.1504 0.7054, 3.0492 -0.1733 0.7163, 3.0492 -0.1701 0.7152, 3.0492 -0.3324 0.7993, 3.0492 -0.2995 0.8033, 3.0492 -0.0693 1.2598, 3.0492 -0.2722 0.8004, 3.0492 -0.2388 0.7887, 3.0492 -0.363 0.7875, 3.0492 -1.5157 1.2598, 3.0492 -0.3766 0.779, 3.0492 -1.5157 0.779, 3.0492 -0.3792 0.7774, 3.0492 -1.5157 0.6567, 3.0492 -0.5296 0.6567, 3.0492 -0.5267 0.6732, 3.0492 -0.5161 0.6971, 3.0492 -0.5001 0.7176, 3.0492 -0.4499 0.7463, 3.0492 -0.4237 0.7495, 3.0492 -0.3948 0.7641, 3.0492 -0.4161 0.7491, 3.0492 -0.4085 0.7482, 3.0492 -0.4956 0.7219, 3.0492 -0.4745 0.7367, 3.0492 -0.4587 0.5402, 3.0492 -0.4827 0.5519, 3.0492 -1.5157 0.5359, 3.0492 -0.5034 0.5695, 3.0492 -0.5186 0.5911, 3.0492 -0.5281 0.6159, 3.0492 -0.5313 0.6419, 3.0492 -0.5311 0.6483, 3.0492 -0.4503 0.5377, 3.0492 -0.4495 0.5359, 3.0492 -0.4436 0.5234, 3.0492 -0.4337 0.5112, 3.0492 0.0206 0.3346, 3.0492 -0.0693 0.4989, 3.0492 -0.0693 0.3346, 3.0492 -0.3597 0.4989, 3.0492 -0.3711 0.4945, 3.0492 -0.3872 0.4925, 3.0492 -0.3897 0.4925, 3.0492 -1.5157 0.3346, 3.0492 -0.4054 0.495, 3.0492 -1.5157 0.4989, 3.0492 -0.4147 0.4989, 3.0492 -0.4207 0.5014, 3.0492 -0.325 0.5359, 3.0492 -0.3251 0.5355, 3.0492 -0.333 0.5207, 3.0492 -0.3431 0.5094, 3.0492 -0.3563 0.5002, 3.0492 -0.2402 0.575, 3.0492 -0.2356 0.5768, 3.0492 -0.2278 0.6147, 3.0492 -0.3374 0.6034, 3.0492 -0.2484 0.6499, 3.0492 -0.349 0.614, 3.0492 -0.3631 0.6215, 3.0492 -0.2442 0.5721, 3.0492 -0.119 0.5846, 3.0492 -0.1322 0.5662, 3.0492 -0.0693 0.5359, 3.0492 -0.1491 0.6346, 3.0492 -0.1523 0.6473, 3.0492 -0.1573 0.6567, 3.0492 -0.4878 0.6567, 3.0492 -0.1106 0.651, 3.0492 -0.1076 0.6293, 3.0492 -0.1106 0.6056, 3.0492 -0.2305 0.5775, 3.0492 -0.2298 0.5775, 3.0492 -0.2278 0.577, 3.0492 -0.4839 0.6167, 3.0492 -0.476 0.6033, 3.0492 -0.4423 0.5964, 3.0492 -0.4641 0.5911, 3.0492 -0.4496 0.5822, 3.0492 -0.4178 0.6184, 3.0492 -0.4313 0.609, 3.0492 -0.4895 0.6433, 3.0492 -0.4887 0.6329, 3.0492 -0.4031 0.624, 3.0492 -0.3872 0.626, 3.0492 -0.3792 0.6255, 3.0492 -0.1502 0.5509, 3.0492 -0.1705 0.541, 3.0492 -0.1926 0.5363, 3.0492 -0.2511 0.5569, 3.0492 -0.2509 0.5595, 3.0492 -0.3208 0.5655, 3.0492 -0.2495 0.5646, 3.0492 -0.247 0.5691, 3.0492 -0.1623 0.5935, 3.0492 -0.155 0.6038, 3.0492 -0.1504 0.6157, 3.0492 -0.1488 0.6286, 3.0492 -0.2318 0.5363, 3.0492 -0.2355 0.5369, 3.0492 -0.2399 0.5387, 3.0492 -0.2442 0.5417, 3.0492 -0.2458 0.5433, 3.0492 -0.2487 0.5475, 3.0492 -0.2504 0.552, 3.0492 -0.3212 0.5519, 3.0492 -0.3208 0.5589, 3.0492 -0.2265 0.5768, 3.0492 -0.1966 0.5768, 3.0492 -0.1846 0.5792, 3.0492 -0.1729 0.5846, 3.0492 -0.1631 0.5926, 3.0492 -0.2203 0.7205, 3.0492 -0.2353 0.7383, 3.0492 -0.3879 0.6997, 3.0492 -0.2368 0.7397, 3.0492 -0.2555 0.7527, 3.0492 -0.3777 0.7207, 3.0492 -0.3925 0.7022, 3.0492 -0.4074 0.7077, 3.0492 -0.1585 0.6588, 3.0492 -0.166 0.6672, 3.0492 -0.2006 0.6804, 3.0492 -0.1763 0.6744, 3.0492 -0.1879 0.6789, 3.0492 -0.2059 0.6804, 3.0492 -0.21 0.6991, 3.0492 -0.4465 0.7054, 3.0492 -0.4613 0.6975, 3.0492 -0.4301 0.7093, 3.0492 -0.4726 0.6874, 3.0492 -0.4818 0.6742, 3.0492 -0.3628 0.7385, 3.0492 -0.2763 0.7607, 3.0492 -0.345 0.7515, 3.0492 -0.2989 0.7635, 3.0492 -0.3234 0.7603, 3.0492 -0.4231 0.7097, 3.0492 -0.4875 0.6594, 3.0492 0.2867 0.7555, 3.0492 0.2953 0.7783, 3.0492 0.2867 0.779, 3.0492 0.3082 0.7783, 3.0492 0.321 0.7104, 3.0492 0.2867 0.7104, 3.0492 0.3305 0.6848, 3.0492 0.2867 0.6567, 3.0492 0.3438 0.6848, 3.0492 0.3742 0.6567, 3.0492 0.3742 0.779, 3.0492 0.2598 0.6848, 3.0492 0.2572 0.6567, 3.0492 0.2731 0.6848, 3.0492 0.2821 0.7104, 3.0492 0.1227 0.6955, 3.0492 0.1479 0.6955, 3.0492 0.1227 0.7269, 3.0492 0.1479 0.7269, 3.0492 0.1697 0.779, 3.0492 0.1479 0.779, 3.0492 0.1588 0.7783, 3.0492 0.1479 0.7783, 3.0492 0.1561 0.7269, 3.0492 0.1609 0.6955, 3.0492 0.1561 0.7376, 3.0492 0.1588 0.7675, 3.0492 0.1479 0.7675, 3.0492 0.1697 0.6567, 3.0492 0.1609 0.6848, 3.0492 0.1479 0.6567, 3.0492 0.1479 0.6848, 3.0492 0.1052 0.6567, 3.0492 0.1106 0.6848, 3.0492 0.1106 0.7783, 3.0492 0.1052 0.779, 3.0492 0.088 0.6871, 3.0492 0.088 0.6567, 3.0492 0.0903 0.6879, 3.0492 0.0919 0.6887, 3.0492 0.0919 0.7003, 3.0492 0.0358 0.7417, 3.0492 0.088 0.6984, 3.0492 0.0387 0.7502, 3.0492 0.043 0.7569, 3.0492 0.0347 0.7305, 3.0492 0.0347 0.7296, 3.0492 0.0832 0.6963, 3.0492 0.0728 0.6942, 3.0492 0.0919 0.7634, 3.0492 0.0901 0.7644, 3.0492 0.088 0.7651, 3.0492 0.0805 0.7678, 3.0492 0.0699 0.7689, 3.0492 0.0658 0.7688, 3.0492 0.0577 0.7671, 3.0492 0.0457 0.702, 3.0492 0.0518 0.6977, 3.0492 0.0504 0.7636, 3.0492 0.0445 0.7586, 3.0492 0.0438 0.7038, 3.0492 0.0361 0.7182, 3.0492 0.0391 0.7105, 3.0492 0.0584 0.6951, 3.0492 0.0678 0.694, 3.0492 0.0793 0.779, 3.0492 0.0829 0.7787, 3.0492 0.088 0.779, 3.0492 0.088 0.7772, 3.0492 0.0919 0.776, 3.0492 0.062 0.779, 3.0492 0.0698 0.7798, 3.0492 0.0262 1.2598, 3.0492 0.088 1.2598, 3.0492 0.0709 0.7798, 3.0492 0.0262 0.779, 3.0492 0.0584 0.7787, 3.0492 0.0483 0.7753, 3.0492 0.0292 0.7581, 3.0492 0.0355 0.7661, 3.0492 0.0389 0.7692, 3.0492 0.0206 0.779, 3.0492 0.0246 0.7478, 3.0492 0.0262 0.7514, 3.0492 0.0262 0.7086, 3.0492 0.0238 0.7148, 3.0492 0.0206 0.6567, 3.0492 0.022 0.7298, 3.0492 0.0223 0.7359, 3.0492 0.0501 0.6857, 3.0492 0.0413 0.6899, 3.0492 0.0262 0.6567, 3.0492 0.034 0.696, 3.0492 0.0331 0.697, 3.0492 0.0276 0.705, 3.0492 0.0803 0.6846, 3.0492 0.0661 0.6833, 3.0492 0.0601 0.6836, 3.0492 0.0206 1.2598, 3.0492 0.1052 1.2598, 3.0492 0.1479 1.2598, 3.0492 0.1697 1.2598, 3.0492 0.4134 1.2598, 3.0492 0.3742 1.2598, 3.0492 0.2867 1.2598, 3.0492 0.2572 1.2598, 3.0492 0.2572 0.779, 3.0492 0.8898 2.5394, 3.0492 0.4134 2.5394, 3.0492 0.8898 1.6713, 3.0492 0.4134 1.6713, 3.0492 0.8898 0.779, 3.0492 0.0347 0.568, 3.0492 0.0369 0.5873, 3.0492 0.0323 0.5642, 3.0492 0.0309 0.56, 3.0492 0.088 0.5359, 3.0492 0.084 0.5366, 3.0492 0.0723 0.5366, 3.0492 0.0627 0.595, 3.0492 0.0587 0.5954, 3.0492 0.0525 0.5763, 3.0492 0.0828 0.5894, 3.0492 0.084 0.5796, 3.0492 0.0381 0.5712, 3.0492 0.0429 0.5738, 3.0492 0.0449 0.5924, 3.0492 0.0522 0.5948, 3.0492 0.04 0.5376, 3.0492 0.0361 0.5403, 3.0492 0.0262 0.5359, 3.0492 0.0348 0.5417, 3.0492 0.0323 0.5452, 3.0492 0.0723 0.547, 3.0492 0.072 0.547, 3.0492 0.0701 0.5442, 3.0492 0.0664 0.5402, 3.0492 0.0309 0.5492, 3.0492 0.0304 0.5545, 3.0492 0.0369 0.5987, 3.0492 0.0723 0.5791, 3.0492 0.0719 0.5842, 3.0492 0.0706 0.5884, 3.0492 0.0693 0.5908, 3.0492 0.0403 0.6006, 3.0492 0.0492 0.6037, 3.0492 0.0598 0.6049, 3.0492 0.0679 0.604, 3.0492 0.0726 0.6024, 3.0492 0.0763 0.6001, 3.0492 0.0784 0.598, 3.0492 0.0809 0.5944, 3.0492 0.0675 0.5927, 3.0492 0.0654 0.594, 3.0492 0.0623 0.5375, 3.0492 0.0579 0.5359, 3.0492 0.088 0.4989, 3.0492 0.0575 0.5357, 3.0492 0.0515 0.5351, 3.0492 0.0262 0.4989, 3.0492 0.0447 0.5359, 3.0492 0.0445 0.5359, 3.0492 0.1052 0.5371, 3.0492 0.0998 0.539, 3.0492 0.0998 0.5511, 3.0492 0.0999 0.5854, 3.0492 0.1004 0.5895, 3.0492 0.1017 0.5772, 3.0492 0.1004 0.5808, 3.0492 0.1044 0.5482, 3.0492 0.1052 0.5479, 3.0492 0.1052 0.5727, 3.0492 0.1032 0.5748, 3.0492 0.1051 0.5728, 3.0492 0.1082 0.5361, 3.0492 0.1052 0.5359, 3.0492 0.1102 0.5359, 3.0492 0.1052 0.4989, 3.0492 0.1179 0.5351, 3.0492 0.1479 0.4989, 3.0492 0.1417 0.6019, 3.0492 0.1417 0.5906, 3.0492 0.1074 0.5996, 3.0492 0.1102 0.6013, 3.0492 0.1017 0.5933, 3.0492 0.1039 0.5965, 3.0492 0.1052 0.5977, 3.0492 0.1443 0.5501, 3.0492 0.1429 0.5464, 3.0492 0.1407 0.5433, 3.0492 0.1165 0.6038, 3.0492 0.1259 0.6049, 3.0492 0.1328 0.6044, 3.0492 0.141 0.5658, 3.0492 0.1431 0.5626, 3.0492 0.1444 0.5592, 3.0492 0.1449 0.5548, 3.0492 0.1374 0.5404, 3.0492 0.1343 0.5385, 3.0492 0.1247 0.5954, 3.0492 0.1213 0.5951, 3.0492 0.1119 0.5864, 3.0492 0.1181 0.5943, 3.0492 0.1155 0.5929, 3.0492 0.1121 0.5849, 3.0492 0.1125 0.583, 3.0492 0.1134 0.5815, 3.0492 0.1145 0.5802, 3.0492 0.1186 0.5776, 3.0492 0.1324 0.5945, 3.0492 0.1259 0.5745, 3.0492 0.139 0.5921, 3.0492 0.1304 0.5726, 3.0492 0.1382 0.5683, 3.0492 0.1137 0.5913, 3.0492 0.1127 0.5899, 3.0492 0.1122 0.5883, 3.0492 0.1117 0.5455, 3.0492 0.1176 0.566, 3.0492 0.1106 0.5692, 3.0492 0.1191 0.5446, 3.0492 0.1196 0.5446, 3.0492 0.1253 0.5628, 3.0492 0.1256 0.5453, 3.0492 0.1329 0.5537, 3.0492 0.1328 0.5551, 3.0492 0.1286 0.5464, 3.0492 0.1297 0.5471, 3.0492 0.131 0.5482, 3.0492 0.132 0.5498, 3.0492 0.1326 0.5514, 3.0492 0.1322 0.5569, 3.0492 0.1313 0.5585, 3.0492 0.1299 0.56, 3.0492 0.2276 0.6301, 3.0492 0.2572 0.6301, 3.0492 0.2779 0.5366, 3.0492 0.2572 0.5366, 3.0492 0.2572 0.5359, 3.0492 0.2276 0.5366, 3.0492 0.1815 0.5532, 3.0492 0.1829 0.5477, 3.0492 0.1832 0.5477, 3.0492 0.215 0.6034, 3.0492 0.2029 0.6034, 3.0492 0.1697 0.5871, 3.0492 0.1847 0.5531, 3.0492 0.1838 0.55, 3.0492 0.1697 0.5557, 3.0492 0.151 0.6034, 3.0492 0.1641 0.6034, 3.0492 0.1767 0.5359, 3.0492 0.1771 0.5368, 3.0492 0.1697 0.5204, 3.0492 0.1697 0.5205, 3.0492 0.1697 0.5359, 3.0492 0.172 0.5247, 3.0492 0.1534 0.5166, 3.0492 0.1534 0.5062, 3.0492 0.1558 0.5158, 3.0492 0.16 0.5153, 3.0492 0.1628 0.5156, 3.0492 0.1697 0.5073, 3.0492 0.1657 0.5058, 3.0492 0.1697 0.4989, 3.0492 0.1609 0.5052, 3.0492 0.1583 0.5053, 3.0492 0.1654 0.5165, 3.0492 0.1675 0.518, 3.0492 0.1847 0.5266, 3.0492 0.1794 0.5163, 3.0492 0.2572 0.4989, 3.0492 0.1884 0.5359, 3.0492 0.1752 0.5111, 3.0492 0.1744 0.5104, 3.0492 0.1703 0.5075, 3.0492 0.2397 0.5473, 3.0492 0.2572 0.5473, 3.0492 0.2397 0.5787, 3.0492 0.2572 0.5787, 3.0492 0.2757 0.6301, 3.0492 0.2757 0.6193, 3.0492 0.2731 0.5787, 3.0492 0.2779 0.5473, 3.0492 0.2731 0.5894, 3.0492 0.2572 0.6193, 3.0492 0.2572 0.5894, 3.0492 0.2397 0.6193, 3.0492 0.2397 0.5894, 3.0492 0.0206 0.4989, 3.0492 0.0262 0.3346, 3.0492 0.088 0.3346, 3.0492 0.2867 0.3346, 3.0492 0.2572 0.3346, 3.0492 0.1697 0.3346, 3.0492 0.1479 0.3346, 3.0492 0.1052 0.3346, 3.0492 0.2867 0.5359, 3.0492 0.2867 0.4989, 3.0492 0.3742 0.3346, 3.0492 0.8898 0.3346, 3.0492 0.3742 0.4989, 3.0492 0.8898 0.4989, 3.0492 0.3742 0.5359, 3.0492 0.8898 0.5359, 3.0492 0.0206 0.5359, 3.0492 0.0192 0.5366, 3.0492 -0.0311 0.5366, 3.0492 0.0192 0.5473, 3.0492 0.017 0.6193, 3.0492 -0.0311 0.6301, 3.0492 0.017 0.6301, 3.0492 -0.019 0.5787, 3.0492 -0.019 0.5473, 3.0492 0.0144 0.5787, 3.0492 0.0144 0.5894, 3.0492 -0.019 0.5894, 3.0492 -0.019 0.6193, 3.0492 0.3369 0.5385, 3.0492 0.3212 0.5366, 3.0492 0.2955 0.5366, 3.0492 0.3378 0.6281, 3.0492 0.3222 0.6301, 3.0492 0.2955 0.6301, 3.0492 0.364 0.5574, 3.0492 0.3575 0.5497, 3.0492 0.3476 0.5427, 3.0492 0.3489 0.6237, 3.0492 0.3575 0.6177, 3.0492 0.3617 0.6134, 3.0492 0.3716 0.5845, 3.0492 0.3712 0.5777, 3.0492 0.3688 0.5669, 3.0492 0.3673 0.6049, 3.0492 0.3704 0.5957, 3.0492 0.3901 0.5366, 3.0492 0.3767 0.5366, 3.0492 0.4475 0.5366, 3.0492 0.4379 0.5622, 3.0492 0.399 0.5622, 3.0492 0.4123 0.6301, 3.0492 0.4608 0.5366, 3.0492 0.4252 0.6301, 3.0492 0.8898 0.6567, 3.0492 -0.019 0.7783, 3.0492 -0.019 0.6955, 3.0492 0.0182 0.6955, 3.0492 -0.0311 0.6848, 3.0492 -0.0311 0.7783, 3.0492 0.0182 0.6848, 3.0492 0.2052 0.7783, 3.0492 0.2208 0.7763, 3.0492 0.2199 0.6867, 3.0492 0.2042 0.6848, 3.0492 0.1785 0.6848, 3.0492 0.1785 0.7783, 3.0492 0.2518 0.7151, 3.0492 0.247 0.7056, 3.0492 0.2542 0.7259, 3.0492 0.2405 0.6979, 3.0492 0.2306 0.6908, 3.0492 0.2319 0.7719, 3.0492 0.2405 0.7659, 3.0492 0.2447 0.7616, 3.0492 0.2503 0.7531, 3.0492 0.2534 0.7439, 3.0492 0.2546 0.7327, 3.0492 1.3189 0.3346, 3.0492 1.3189 0.4989, 3.0492 1.3189 0.5359, 3.0492 1.3189 0.6567, 3.0492 1.3189 0.779, 3.0492 1.3189 1.6713, 3.0492 1.3189 2.5394
            ]
        }
        coordIndex [
            0,1,2,-1,3,4,5,-1,6,7,8,-1,8,7,9,-1,10,11,12,-1,12,11,8,-1,12,8,13,-1,13,8,14,-1,9,15,8,-1,8,15,16,-1,8,16,14,-1,17,18,19,-1,19,18,20,-1,19,20,21,-1,17,19,22,-1,22,19,23,-1,22,23,24,-1,24,23,25,-1,24,25,26,-1,25,27,28,-1,28,29,25,-1,25,29,30,-1,25,30,31,-1,25,32,26,-1,26,32,33,-1,26,33,34,-1,34,33,35,-1,34,35,36,-1,31,37,25,-1,25,37,38,-1,25,38,32,-1,39,40,41,-1,41,40,42,-1,41,42,43,-1,43,44,41,-1,41,44,45,-1,41,45,27,-1,27,45,46,-1,27,46,28,-1,47,39,48,-1,48,39,41,-1,48,41,49,-1,49,41,50,-1,51,52,53,-1,53,52,54,-1,53,54,55,-1,55,56,53,-1,53,56,57,-1,53,57,58,-1,58,57,59,-1,58,59,60,-1,60,59,61,-1,60,61,41,-1,41,61,62,-1,41,62,50,-1,63,64,52,-1,52,64,65,-1,65,66,52,-1,52,66,67,-1,52,67,54,-1,68,69,70,-1,71,72,73,-1,73,72,74,-1,68,70,75,-1,76,77,78,-1,79,80,72,-1,72,80,81,-1,72,81,82,-1,10,83,11,-1,11,83,84,-1,11,84,78,-1,78,84,85,-1,78,85,76,-1,69,86,70,-1,70,86,87,-1,70,87,88,-1,89,90,91,-1,91,90,92,-1,91,92,93,-1,94,82,95,-1,95,82,96,-1,95,96,91,-1,91,96,97,-1,91,97,89,-1,94,98,82,-1,82,98,99,-1,82,99,72,-1,72,99,100,-1,72,100,74,-1,77,101,78,-1,78,101,102,-1,78,102,103,-1,104,105,106,-1,106,105,107,-1,106,107,70,-1,70,107,108,-1,70,108,75,-1,109,110,70,-1,70,110,111,-1,70,111,72,-1,72,111,112,-1,72,112,79,-1,113,114,63,-1,114,115,63,-1,63,115,116,-1,63,116,117,-1,117,118,63,-1,63,118,119,-1,63,119,120,-1,120,119,104,-1,120,104,121,-1,121,104,106,-1,88,122,70,-1,70,122,123,-1,70,123,124,-1,124,125,70,-1,70,125,126,-1,70,126,109,-1,127,128,129,-1,128,130,129,-1,129,130,131,-1,129,131,132,-1,81,129,82,-1,82,129,133,-1,82,133,134,-1,135,136,137,-1,137,136,138,-1,137,138,139,-1,135,137,81,-1,81,137,140,-1,81,140,129,-1,129,140,141,-1,129,141,127,-1,142,143,144,-1,144,143,145,-1,144,145,146,-1,132,131,147,-1,147,131,148,-1,147,148,149,-1,149,148,150,-1,149,150,151,-1,134,152,82,-1,82,152,144,-1,82,144,153,-1,153,144,146,-1,154,155,156,-1,156,155,157,-1,158,159,160,-1,160,159,161,-1,160,161,162,-1,162,161,163,-1,162,163,157,-1,157,163,164,-1,157,164,156,-1,165,166,167,-1,167,166,161,-1,167,161,168,-1,168,161,159,-1,169,170,171,-1,171,170,172,-1,173,174,175,-1,175,174,176,-1,172,170,177,-1,177,170,178,-1,177,178,179,-1,179,178,180,-1,179,180,5,-1,5,180,181,-1,5,181,3,-1,175,180,173,-1,173,180,178,-1,173,178,182,-1,182,178,183,-1,182,183,184,-1,184,183,185,-1,184,185,186,-1,186,185,187,-1,176,174,188,-1,188,174,189,-1,188,189,187,-1,190,191,192,-1,192,191,186,-1,192,186,193,-1,193,186,194,-1,195,196,197,-1,197,196,198,-1,195,199,196,-1,196,199,200,-1,196,200,201,-1,201,200,202,-1,187,189,186,-1,186,189,203,-1,186,203,194,-1,194,203,204,-1,194,204,196,-1,196,204,205,-1,196,205,206,-1,206,207,196,-1,196,207,208,-1,196,208,209,-1,200,210,211,-1,209,212,196,-1,196,212,213,-1,196,213,198,-1,210,200,214,-1,214,200,215,-1,214,215,216,-1,211,217,200,-1,200,217,218,-1,200,218,202,-1,219,220,221,-1,221,220,222,-1,221,222,189,-1,189,222,223,-1,189,223,203,-1,224,225,226,-1,226,225,227,-1,227,225,228,-1,227,228,219,-1,224,229,230,-1,230,229,231,-1,232,233,229,-1,229,233,234,-1,229,234,231,-1,235,236,229,-1,229,236,237,-1,229,237,232,-1,238,239,240,-1,240,239,241,-1,240,241,235,-1,235,241,242,-1,235,242,236,-1,243,244,245,-1,244,246,245,-1,245,246,247,-1,245,247,248,-1,190,249,191,-1,191,249,250,-1,191,250,245,-1,245,250,251,-1,245,251,243,-1,224,226,229,-1,229,226,252,-1,229,252,235,-1,235,252,19,-1,235,19,8,-1,8,19,21,-1,8,21,6,-1,219,221,227,-1,227,221,189,-1,227,189,253,-1,253,189,174,-1,253,174,254,-1,254,174,173,-1,254,173,255,-1,256,257,164,-1,164,257,258,-1,164,258,156,-1,156,258,259,-1,156,259,260,-1,260,259,255,-1,261,262,263,-1,263,262,264,-1,263,264,265,-1,266,267,268,-1,268,267,269,-1,270,271,272,-1,273,274,275,-1,191,276,277,-1,266,278,267,-1,267,278,279,-1,267,279,280,-1,280,279,275,-1,280,275,281,-1,281,275,274,-1,282,283,284,-1,284,283,285,-1,284,285,286,-1,287,288,272,-1,272,288,289,-1,272,289,290,-1,286,291,284,-1,284,291,292,-1,284,292,245,-1,245,292,269,-1,245,269,293,-1,293,269,267,-1,294,295,275,-1,275,295,296,-1,275,296,297,-1,293,298,245,-1,245,298,299,-1,245,299,191,-1,191,299,300,-1,300,301,191,-1,191,301,302,-1,191,302,303,-1,303,304,191,-1,191,304,305,-1,191,305,276,-1,297,306,275,-1,275,306,307,-1,275,307,273,-1,290,308,272,-1,272,308,309,-1,272,309,270,-1,270,309,310,-1,311,312,313,-1,313,312,314,-1,313,314,284,-1,284,314,315,-1,284,315,282,-1,316,317,270,-1,270,317,318,-1,319,320,191,-1,321,322,318,-1,323,324,325,-1,321,318,326,-1,322,319,318,-1,318,319,191,-1,318,191,270,-1,270,191,277,-1,270,277,271,-1,323,325,318,-1,318,325,327,-1,318,327,326,-1,328,329,330,-1,330,329,331,-1,330,331,332,-1,332,331,1,-1,1,331,333,-1,1,333,2,-1,334,335,2,-1,336,337,186,-1,320,338,191,-1,191,338,339,-1,191,339,186,-1,186,339,340,-1,186,340,336,-1,341,342,2,-1,2,342,343,-1,337,344,186,-1,186,344,345,-1,186,345,184,-1,184,345,346,-1,184,346,334,-1,347,348,335,-1,335,348,349,-1,335,349,2,-1,2,349,350,-1,2,350,341,-1,343,351,2,-1,2,351,352,-1,2,352,0,-1,353,354,355,-1,355,354,356,-1,355,356,357,-1,355,358,353,-1,353,358,359,-1,353,359,360,-1,360,361,353,-1,353,361,362,-1,353,362,363,-1,363,362,364,-1,363,364,365,-1,365,364,366,-1,365,366,335,-1,335,366,367,-1,335,367,347,-1,368,369,357,-1,357,369,370,-1,357,370,355,-1,371,372,324,-1,324,372,373,-1,324,373,325,-1,371,374,372,-1,372,374,375,-1,372,375,376,-1,376,375,377,-1,376,378,379,-1,377,380,376,-1,376,380,381,-1,376,381,382,-1,382,383,376,-1,376,383,384,-1,376,384,378,-1,379,385,376,-1,376,385,386,-1,376,386,387,-1,388,389,166,-1,390,391,392,-1,392,391,393,-1,394,395,396,-1,397,182,398,-1,398,182,399,-1,398,399,400,-1,400,399,394,-1,400,394,401,-1,401,394,396,-1,402,403,2,-1,334,2,184,-1,184,2,403,-1,184,403,182,-1,182,403,404,-1,182,404,399,-1,405,406,402,-1,407,408,409,-1,409,408,410,-1,409,410,405,-1,405,402,409,-1,409,402,2,-1,409,2,411,-1,411,2,333,-1,411,333,412,-1,411,413,409,-1,409,413,414,-1,409,414,415,-1,416,417,418,-1,418,417,419,-1,418,419,333,-1,333,419,420,-1,333,420,412,-1,415,421,409,-1,409,421,422,-1,409,422,407,-1,423,424,425,-1,423,425,426,-1,424,427,425,-1,425,427,428,-1,425,428,418,-1,418,428,429,-1,418,429,416,-1,430,431,432,-1,432,431,433,-1,166,389,161,-1,161,389,434,-1,161,434,435,-1,433,431,436,-1,436,431,437,-1,436,437,438,-1,435,439,440,-1,440,439,441,-1,440,441,442,-1,51,443,52,-1,52,443,78,-1,52,78,63,-1,63,78,103,-1,63,103,113,-1,444,445,313,-1,313,445,310,-1,313,310,311,-1,311,310,309,-1,446,425,447,-1,447,425,418,-1,447,418,448,-1,448,418,333,-1,448,333,449,-1,449,333,331,-1,449,331,450,-1,445,450,310,-1,310,450,331,-1,310,331,270,-1,270,331,329,-1,270,329,316,-1,316,329,328,-1,437,390,451,-1,451,390,392,-1,451,392,452,-1,453,454,455,-1,455,454,456,-1,455,456,457,-1,457,456,458,-1,459,460,461,-1,460,459,462,-1,462,459,240,-1,462,240,463,-1,443,459,78,-1,78,459,461,-1,78,461,11,-1,11,461,464,-1,11,464,240,-1,240,464,465,-1,240,465,463,-1,466,467,468,-1,468,467,462,-1,468,462,469,-1,469,462,463,-1,469,463,470,-1,470,463,471,-1,51,444,443,-1,443,444,313,-1,443,313,459,-1,459,313,284,-1,459,284,240,-1,240,284,245,-1,240,245,238,-1,238,245,248,-1,472,473,457,-1,457,473,451,-1,457,451,455,-1,455,451,452,-1,455,452,453,-1,453,452,446,-1,473,474,451,-1,451,474,161,-1,451,161,437,-1,437,161,435,-1,437,435,438,-1,438,435,440,-1,475,163,476,-1,476,163,161,-1,476,161,477,-1,477,161,474,-1,478,479,457,-1,457,479,480,-1,457,480,472,-1,475,481,163,-1,163,481,482,-1,163,482,483,-1,484,485,457,-1,457,485,486,-1,457,486,478,-1,483,487,163,-1,163,487,488,-1,163,488,484,-1,489,490,457,-1,491,492,493,-1,484,457,163,-1,163,457,490,-1,163,490,494,-1,493,489,491,-1,491,489,457,-1,491,457,495,-1,495,457,458,-1,495,458,496,-1,496,458,497,-1,498,499,500,-1,501,502,8,-1,8,502,498,-1,8,498,235,-1,235,498,500,-1,235,500,240,-1,240,500,503,-1,240,503,11,-1,11,503,501,-1,11,501,8,-1,255,173,260,-1,260,173,504,-1,260,504,505,-1,506,507,182,-1,182,507,508,-1,182,508,173,-1,173,508,509,-1,173,509,504,-1,510,511,166,-1,446,452,425,-1,425,452,392,-1,425,392,426,-1,426,392,393,-1,426,393,397,-1,397,393,388,-1,397,388,182,-1,182,388,166,-1,182,166,506,-1,510,166,512,-1,511,513,166,-1,166,513,514,-1,166,514,506,-1,505,515,260,-1,260,515,516,-1,260,516,517,-1,517,518,260,-1,260,518,519,-1,260,519,520,-1,154,156,165,-1,165,156,260,-1,165,260,166,-1,166,260,520,-1,166,520,512,-1,494,496,163,-1,163,496,497,-1,163,497,164,-1,164,497,265,-1,164,265,256,-1,256,265,264,-1,454,521,456,-1,456,521,522,-1,456,522,458,-1,458,522,523,-1,458,523,497,-1,497,523,524,-1,497,524,265,-1,265,524,525,-1,265,525,263,-1,263,525,526,-1,263,526,261,-1,261,526,527,-1,
        ]
    }
}
Shape{
    appearance Appearance {
        material  Material 	{
            diffuseColor 0.9882352941176471 0.3803921568627451 0.5607843137254902
            specularColor 0.8705882352941177 0.3333333333333333 0.49411764705882355
            ambientIntensity 0.5827
            transparency 0.0
            shininess 0.5
        }
    }
    geometry IndexedFaceSet {
        ccw TRUE
        solid FALSE
        coord DEF co Coordinate {
            point [
                0.8445 -0.1921 1.2205, 0.8248 -0.1921 1.2205, 0.8445 -0.2362 1.2157, 0.8248 -0.2362 1.2157, 0.8445 -0.2362 2.0127, 0.8248 -0.2362 2.0127, 0.8445 -0.1921 2.0079, 0.8248 -0.1921 2.0079
            ]
        }
        coordIndex [
            0,1,2,-1,2,1,3,-1,4,5,6,-1,6,5,7,-1,
        ]
    }
}
Shape{
    appearance Appearance {
        material  Material 	{
            diffuseColor 0.2235294117647059 0.2235294117647059 0.2235294117647059
            specularColor 0.11372549019607843 0.11372549019607843 0.11372549019607843
            ambientIntensity 0.2235
            transparency 0.0
            shininess 0.5
        }
    }
    geometry IndexedFaceSet {
        ccw TRUE
        solid FALSE
        coord DEF co Coordinate {
            point [
                1.0217 1.1024 0.3346, 1.0217 1.0925 0.3346, 0.7854 1.0925 0.3346, -0.7303 1.0236 0.3346, -0.7894 -0.1083 0.3346, -0.7894 1.0925 0.3346, 0.4508 -1.2402 0.3346, 0.4508 -1.2992 0.3346, 0.3917 -1.5157 0.3346, 0.8445 -1.2402 0.3346, 0.8445 -1.2992 0.3346, 0.7854 -1.5157 0.3346, 0.9232 -1.2402 0.3346, 0.7854 -0.1083 0.3346, 1.0217 -1.5157 0.3346, 0.9232 -1.2992 0.3346, 1.0217 -0.1083 0.3346, 0.7264 -1.2402 0.3346, 0.5886 -0.1083 0.3346, 0.6476 -1.2402 0.3346, 0.5886 -1.5157 0.3346, 0.6476 -1.2992 0.3346, 0.7264 -1.2992 0.3346, 0.5295 -1.2402 0.3346, 0.3917 -0.1083 0.3346, 0.3327 -1.2402 0.3346, 0.1949 -0.1083 0.3346, 0.2539 -1.2402 0.3346, 0.1949 -1.5157 0.3346, 0.2539 -1.2992 0.3346, 0.3327 -1.2992 0.3346, 0.1358 -1.2402 0.3346, 0.0571 -1.2402 0.3346, -0.002 -0.1083 0.3346, -0.002 -1.5157 0.3346, 0.0571 -1.2992 0.3346, -0.061 -1.2402 0.3346, -0.1398 -1.2402 0.3346, -0.3957 -0.1083 0.3346, -0.3366 -1.2402 0.3346, -0.3366 -1.2992 0.3346, -0.3957 -1.5157 0.3346, -0.2579 -1.2992 0.3346, -0.1398 -1.2992 0.3346, -0.2579 -1.2402 0.3346, -0.5925 -0.1083 0.3346, -0.4547 -1.2402 0.3346, -0.4547 -1.2992 0.3346, -0.5335 -1.2992 0.3346, -0.5925 -1.5157 0.3346, -0.5335 -1.2402 0.3346, -0.6516 -1.2992 0.3346, -0.7303 -1.2992 0.3346, -0.7894 -1.5157 0.3346, -0.7303 -1.2402 0.3346, -0.6516 -1.2402 0.3346, -0.9272 -1.2402 0.3346, -0.9764 -0.1083 0.3346, -0.8484 -1.2402 0.3346, -0.8484 -1.2992 0.3346, -0.9272 -1.2992 0.3346, -0.9764 -1.5157 0.3346, -1.0256 -1.5157 0.3346, -1.0256 -0.1083 0.3346, 0.8445 1.0827 0.3346, 0.8445 1.0236 0.3346, 0.9232 1.0827 0.3346, 0.9232 1.0236 0.3346, 0.6476 1.0827 0.3346, 0.5886 1.0925 0.3346, 0.6476 1.0236 0.3346, 0.4508 1.0236 0.3346, 0.5295 1.0236 0.3346, 0.7264 1.0236 0.3346, 0.7264 1.0827 0.3346, 0.5295 1.0827 0.3346, 0.4508 1.0827 0.3346, 0.3917 1.0925 0.3346, 0.5295 -1.2992 0.3346, 0.2539 1.0827 0.3346, 0.1949 1.0925 0.3346, 0.2539 1.0236 0.3346, 0.0571 1.0236 0.3346, 0.1358 1.0236 0.3346, 0.3327 1.0236 0.3346, 0.3327 1.0827 0.3346, 0.1358 1.0827 0.3346, 0.0571 1.0827 0.3346, -0.002 1.0925 0.3346, 0.1358 -1.2992 0.3346, -0.1398 1.0236 0.3346, -0.061 1.0236 0.3346, -0.061 1.0827 0.3346, -0.1398 1.0827 0.3346, -0.2579 1.0827 0.3346, -0.3366 1.0827 0.3346, -0.3957 1.0925 0.3346, -0.3366 1.0236 0.3346, -0.2579 1.0236 0.3346, -0.061 -1.2992 0.3346, -0.5335 1.0236 0.3346, -0.5925 1.0925 0.3346, -0.5335 1.0827 0.3346, -0.4547 1.0827 0.3346, -0.7303 1.0827 0.3346, -0.6516 1.0827 0.3346, -0.6516 1.0236 0.3346, -0.4547 1.0236 0.3346, -0.9764 1.0925 0.3346, -0.9272 1.0827 0.3346, -0.9272 1.0236 0.3346, -0.8484 1.0827 0.3346, -0.8484 1.0236 0.3346, -1.0256 1.0925 0.3346, 0.7854 1.1024 0.3346, 0.5886 1.1024 0.3346, 0.3917 1.1024 0.3346, 0.1949 1.1024 0.3346, -0.002 1.1024 0.3346, -0.3957 1.1024 0.3346, -0.5925 1.1024 0.3346, -0.7894 1.1024 0.3346, -0.9764 1.1024 0.3346, -1.0256 1.1024 0.3346
            ]
        }
        coordIndex [
            0,1,2,-1,3,4,5,-1,6,7,8,-1,9,10,11,-1,12,9,13,-1,11,10,14,-1,10,15,14,-1,14,15,12,-1,14,12,16,-1,16,12,13,-1,9,11,13,-1,13,11,17,-1,13,17,18,-1,18,17,19,-1,18,19,20,-1,20,19,21,-1,20,21,11,-1,11,21,22,-1,11,22,17,-1,23,6,24,-1,8,7,20,-1,6,8,24,-1,24,8,25,-1,24,25,26,-1,26,25,27,-1,26,27,28,-1,28,27,29,-1,28,29,8,-1,8,29,30,-1,8,30,25,-1,31,32,33,-1,33,32,34,-1,34,32,35,-1,34,35,28,-1,36,37,38,-1,39,40,41,-1,41,40,42,-1,34,41,43,-1,43,41,42,-1,43,42,37,-1,37,42,44,-1,37,44,38,-1,45,38,46,-1,47,41,48,-1,48,41,49,-1,48,49,50,-1,44,39,38,-1,38,39,41,-1,38,41,46,-1,46,41,47,-1,51,49,52,-1,52,49,53,-1,52,53,54,-1,46,50,45,-1,45,50,49,-1,45,49,55,-1,55,49,51,-1,56,57,58,-1,58,57,4,-1,59,53,60,-1,60,53,61,-1,60,61,56,-1,55,54,4,-1,4,54,53,-1,4,53,58,-1,58,53,59,-1,56,61,57,-1,57,61,62,-1,57,62,63,-1,2,64,65,-1,64,2,66,-1,66,2,1,-1,66,1,67,-1,67,1,16,-1,67,16,65,-1,65,16,13,-1,65,13,2,-1,2,68,69,-1,69,68,70,-1,71,72,18,-1,72,69,18,-1,18,69,70,-1,18,70,13,-1,13,70,73,-1,13,73,2,-1,2,73,74,-1,2,74,68,-1,72,75,69,-1,69,75,76,-1,69,76,77,-1,77,76,71,-1,77,71,24,-1,24,71,18,-1,24,18,23,-1,23,18,20,-1,23,20,78,-1,78,20,7,-1,77,79,80,-1,80,79,81,-1,82,83,26,-1,83,80,26,-1,26,80,81,-1,26,81,24,-1,24,81,84,-1,24,84,77,-1,77,84,85,-1,77,85,79,-1,83,86,80,-1,80,86,87,-1,80,87,88,-1,88,87,82,-1,88,82,33,-1,33,82,26,-1,33,26,31,-1,31,26,28,-1,31,28,89,-1,89,28,35,-1,90,91,33,-1,33,91,88,-1,88,91,92,-1,88,92,93,-1,94,95,96,-1,96,95,97,-1,96,97,38,-1,38,97,98,-1,96,88,94,-1,94,88,93,-1,94,93,98,-1,98,93,90,-1,98,90,38,-1,38,90,33,-1,38,33,36,-1,36,33,34,-1,36,34,99,-1,99,34,43,-1,100,101,102,-1,102,101,96,-1,102,96,103,-1,3,5,104,-1,104,5,101,-1,104,101,105,-1,55,4,45,-1,45,4,3,-1,45,3,106,-1,103,96,107,-1,107,96,38,-1,107,38,100,-1,100,38,45,-1,100,45,101,-1,101,45,106,-1,101,106,105,-1,108,109,110,-1,109,108,111,-1,111,108,5,-1,111,5,112,-1,112,5,4,-1,112,4,110,-1,110,4,57,-1,110,57,108,-1,108,57,63,-1,108,63,113,-1,0,2,114,-1,114,2,69,-1,114,69,115,-1,115,69,77,-1,115,77,116,-1,116,77,80,-1,116,80,117,-1,117,80,88,-1,117,88,118,-1,118,88,96,-1,118,96,119,-1,119,96,101,-1,119,101,120,-1,120,101,5,-1,120,5,121,-1,121,5,108,-1,121,108,122,-1,122,108,113,-1,122,113,123,-1,
        ]
    }
}
Shape{
    appearance Appearance {
        material  Material 	{
            diffuseColor 0.9882352941176471 0.3803921568627451 0.5607843137254902
            specularColor 0.8705882352941177 0.3333333333333333 0.49411764705882355
            ambientIntensity 0.5827
            transparency 0.0
            shininess 0.5
        }
    }
    geometry IndexedFaceSet {
        ccw TRUE
        solid FALSE
        coord DEF co Coordinate {
            point [
                0.6476 -0.1921 1.2205, 0.628 -0.1921 1.2205, 0.6476 -0.2362 1.2157, 0.628 -0.2362 1.2157, 0.6476 -0.2362 2.0127, 0.628 -0.2362 2.0127, 0.6476 -0.1921 2.0079, 0.628 -0.1921 2.0079, 0.4508 -0.1921 1.2205, 0.4311 -0.1921 1.2205, 0.4508 -0.2362 1.2157, 0.4311 -0.2362 1.2157, 0.4508 -0.2362 2.0127, 0.4311 -0.2362 2.0127, 0.4508 -0.1921 2.0079, 0.4311 -0.1921 2.0079, 0.2539 -0.1921 1.2205, 0.2343 -0.1921 1.2205, 0.2539 -0.2362 1.2157, 0.2343 -0.2362 1.2157, 0.2539 -0.2362 2.0127, 0.2343 -0.2362 2.0127, 0.2539 -0.1921 2.0079, 0.2343 -0.1921 2.0079, 0.0571 -0.1921 1.2205, 0.0374 -0.1921 1.2205, 0.0571 -0.2362 1.2157, 0.0374 -0.2362 1.2157, 0.0571 -0.2362 2.0127, 0.0374 -0.2362 2.0127, 0.0571 -0.1921 2.0079, 0.0374 -0.1921 2.0079, -0.1398 -0.1921 1.2205, -0.1594 -0.1921 1.2205, -0.1398 -0.2362 1.2157, -0.1594 -0.2362 1.2157, -0.1398 -0.2362 2.0127, -0.1594 -0.2362 2.0127, -0.1398 -0.1921 2.0079, -0.1594 -0.1921 2.0079, -0.3366 -0.1921 1.2205, -0.3563 -0.1921 1.2205, -0.3366 -0.2362 1.2157, -0.3563 -0.2362 1.2157, -0.3366 -0.2362 2.0127, -0.3563 -0.2362 2.0127, -0.3366 -0.1921 2.0079, -0.3563 -0.1921 2.0079, -0.5335 -0.1921 1.2205, -0.5531 -0.1921 1.2205, -0.5335 -0.2362 1.2157, -0.5531 -0.2362 1.2157, -0.5335 -0.2362 2.0127, -0.5531 -0.2362 2.0127, -0.5335 -0.1921 2.0079, -0.5531 -0.1921 2.0079, -0.7303 -0.1921 1.2205, -0.75 -0.1921 1.2205, -0.7303 -0.2362 1.2157, -0.75 -0.2362 1.2157, -0.7303 -0.2362 2.0127, -0.75 -0.2362 2.0127, -0.7303 -0.1921 2.0079, -0.75 -0.1921 2.0079, -0.9272 -0.1921 1.2205, -0.9469 -0.1921 1.2205, -0.9272 -0.2362 1.2157, -0.9469 -0.2362 1.2157, -0.9272 -0.2362 2.0127, -0.9469 -0.2362 2.0127, -0.9272 -0.1921 2.0079, -0.9469 -0.1921 2.0079
            ]
        }
        coordIndex [
            0,1,2,-1,2,1,3,-1,4,5,6,-1,6,5,7,-1,8,9,10,-1,10,9,11,-1,12,13,14,-1,14,13,15,-1,16,17,18,-1,18,17,19,-1,20,21,22,-1,22,21,23,-1,24,25,26,-1,26,25,27,-1,28,29,30,-1,30,29,31,-1,32,33,34,-1,34,33,35,-1,36,37,38,-1,38,37,39,-1,40,41,42,-1,42,41,43,-1,44,45,46,-1,46,45,47,-1,48,49,50,-1,50,49,51,-1,52,53,54,-1,54,53,55,-1,56,57,58,-1,58,57,59,-1,60,61,62,-1,62,61,63,-1,64,65,66,-1,66,65,67,-1,68,69,70,-1,70,69,71,-1,
        ]
    }
}
Shape{
    appearance Appearance {
        material  Material 	{
            diffuseColor 0.2235294117647059 0.2235294117647059 0.2235294117647059
            specularColor 0.11372549019607843 0.11372549019607843 0.11372549019607843
            ambientIntensity 0.2235
            transparency 0.0
            shininess 0.5
        }
    }
    geometry IndexedFaceSet {
        ccw TRUE
        solid FALSE
        coord DEF co Coordinate {
            point [
                -0.1594 -0.2362 1.2157, -0.1594 -0.2362 1.2205, -0.2382 -0.2362 1.2205, 0.4311 -0.2362 1.2157, 0.4311 -0.2362 1.2205, 0.3524 -0.2362 1.2205, 0.8248 -0.2362 1.2157, 0.8248 -0.2362 1.2205, 0.7461 -0.2362 1.2205, 0.2343 -0.2362 1.2157, 0.2343 -0.2362 1.2205, 0.1555 -0.2362 1.2205, -0.3563 -0.2362 1.2157, -0.3563 -0.2362 1.2205, -0.435 -0.2362 1.2205, -0.75 -0.2362 1.2205, -0.8287 -0.2362 1.2205, -0.75 -0.2362 1.2157, -0.8287 -0.2362 1.2157, -0.9469 -0.2362 1.2205, -1.0059 -0.2362 1.2205, -0.9469 -0.2362 1.2157, -1.0059 -0.2362 0.874, -0.9272 -0.2362 1.2157, 1.002 -0.2362 0.874, 0.3524 -0.2362 1.2157, 0.3327 -0.2362 1.2157, 0.2539 -0.2362 1.2157, 0.1555 -0.2362 1.2157, -0.2382 -0.2362 1.2157, -0.2579 -0.2362 1.2157, -0.3366 -0.2362 1.2157, -0.435 -0.2362 1.2157, -0.4547 -0.2362 1.2157, -0.5335 -0.2362 1.2157, -0.5531 -0.2362 1.2157, -0.5531 -0.2362 1.2205, -0.6319 -0.2362 1.2205, -0.6319 -0.2362 1.2157, -0.6516 -0.2362 1.2157, -0.7303 -0.2362 1.2157, 0.9232 -0.2362 1.2157, 0.9429 -0.2362 1.2157, 1.002 -0.2362 1.2205, 0.9429 -0.2362 1.2205, 0.8445 -0.2362 1.2157, 0.7461 -0.2362 1.2157, 0.7264 -0.2362 1.2157, 0.6476 -0.2362 1.2157, 0.628 -0.2362 1.2157, 0.628 -0.2362 1.2205, 0.5492 -0.2362 1.2205, 0.5492 -0.2362 1.2157, 0.5295 -0.2362 1.2157, 0.4508 -0.2362 1.2157, 0.1358 -0.2362 1.2157, 0.0571 -0.2362 1.2157, 0.0374 -0.2362 1.2157, 0.0374 -0.2362 1.2205, -0.0413 -0.2362 1.2205, -0.0413 -0.2362 1.2157, -0.061 -0.2362 1.2157, -0.1398 -0.2362 1.2157, -0.8484 -0.2362 1.2157, -0.6516 -0.2362 2.0127, -0.6319 -0.2362 2.0127, 1.002 -0.2362 2.3543, -0.4547 -0.2362 2.0127, -0.435 -0.2362 2.0127, -0.9272 -0.2362 2.0127, -1.0059 -0.2362 2.3543, -0.9469 -0.2362 2.0127, -1.0059 -0.2362 2.0079, -0.9469 -0.2362 2.0079, -0.8484 -0.2362 2.0127, -0.8287 -0.2362 2.0127, -0.2579 -0.2362 2.0127, -0.2382 -0.2362 2.0127, -0.061 -0.2362 2.0127, -0.0413 -0.2362 2.0127, -0.8287 -0.2362 2.0079, -0.75 -0.2362 2.0079, -0.75 -0.2362 2.0127, -0.7303 -0.2362 2.0127, 0.1358 -0.2362 2.0127, 0.1555 -0.2362 2.0127, -0.6319 -0.2362 2.0079, -0.5531 -0.2362 2.0079, -0.5531 -0.2362 2.0127, -0.5335 -0.2362 2.0127, 0.3327 -0.2362 2.0127, 0.3524 -0.2362 2.0127, -0.435 -0.2362 2.0079, -0.3563 -0.2362 2.0079, -0.3563 -0.2362 2.0127, -0.3366 -0.2362 2.0127, 0.7264 -0.2362 2.0127, 0.7461 -0.2362 2.0127, -0.2382 -0.2362 2.0079, -0.1594 -0.2362 2.0079, -0.1594 -0.2362 2.0127, -0.1398 -0.2362 2.0127, 0.5295 -0.2362 2.0127, 0.5492 -0.2362 2.0127, -0.0413 -0.2362 2.0079, 0.0374 -0.2362 2.0079, 0.0374 -0.2362 2.0127, 0.0571 -0.2362 2.0127, 0.9429 -0.2362 2.0079, 1.002 -0.2362 2.0079, 0.9429 -0.2362 2.0127, 0.9232 -0.2362 2.0127, 0.1555 -0.2362 2.0079, 0.2343 -0.2362 2.0079, 0.2343 -0.2362 2.0127, 0.2539 -0.2362 2.0127, 0.3524 -0.2362 2.0079, 0.4311 -0.2362 2.0079, 0.4311 -0.2362 2.0127, 0.4508 -0.2362 2.0127, 0.5492 -0.2362 2.0079, 0.628 -0.2362 2.0079, 0.628 -0.2362 2.0127, 0.6476 -0.2362 2.0127, 0.7461 -0.2362 2.0079, 0.8248 -0.2362 2.0079, 0.8248 -0.2362 2.0127, 0.8445 -0.2362 2.0127
            ]
        }
        coordIndex [
            0,1,2,-1,3,4,5,-1,6,7,8,-1,9,10,11,-1,12,13,14,-1,15,16,17,-1,17,16,18,-1,19,20,21,-1,21,20,22,-1,21,22,23,-1,24,25,26,-1,26,27,24,-1,24,27,9,-1,24,9,28,-1,28,9,11,-1,24,29,30,-1,30,31,24,-1,24,31,12,-1,24,12,32,-1,32,12,14,-1,32,33,24,-1,24,33,34,-1,24,34,35,-1,36,37,35,-1,35,37,38,-1,35,38,24,-1,24,38,39,-1,24,39,40,-1,41,24,42,-1,42,24,43,-1,42,43,44,-1,41,45,24,-1,24,45,6,-1,24,6,46,-1,46,6,8,-1,46,47,24,-1,24,47,48,-1,24,48,49,-1,50,51,49,-1,49,51,52,-1,49,52,24,-1,24,52,53,-1,53,54,24,-1,24,54,3,-1,24,3,25,-1,25,3,5,-1,28,55,24,-1,24,55,56,-1,24,56,57,-1,58,59,57,-1,57,59,60,-1,57,60,24,-1,24,60,61,-1,61,62,24,-1,24,62,0,-1,24,0,29,-1,29,0,2,-1,40,17,24,-1,24,17,18,-1,24,18,22,-1,22,18,63,-1,22,63,23,-1,64,65,66,-1,67,68,66,-1,69,70,71,-1,71,70,72,-1,71,72,73,-1,69,74,70,-1,70,74,75,-1,70,75,66,-1,76,77,66,-1,78,79,66,-1,80,81,75,-1,75,81,82,-1,75,82,66,-1,66,82,83,-1,66,83,64,-1,84,85,66,-1,86,87,65,-1,65,87,88,-1,65,88,66,-1,66,88,89,-1,66,89,67,-1,90,91,66,-1,92,93,68,-1,68,93,94,-1,68,94,66,-1,66,94,95,-1,66,95,76,-1,96,97,66,-1,98,99,77,-1,77,99,100,-1,77,100,66,-1,66,100,101,-1,66,101,78,-1,102,103,66,-1,104,105,79,-1,79,105,106,-1,79,106,66,-1,66,106,107,-1,66,107,84,-1,108,109,110,-1,110,109,66,-1,110,66,111,-1,112,113,85,-1,85,113,114,-1,85,114,66,-1,66,114,115,-1,66,115,90,-1,116,117,91,-1,91,117,118,-1,91,118,66,-1,66,118,119,-1,66,119,102,-1,120,121,103,-1,103,121,122,-1,103,122,66,-1,66,122,123,-1,66,123,96,-1,124,125,97,-1,97,125,126,-1,97,126,66,-1,66,126,127,-1,66,127,111,-1,
        ]
    }
}
Shape{
    appearance Appearance {
        material  Material 	{
            diffuseColor 0.6666666666666666 0.6980392156862745 0.7686274509803922
            specularColor 0.3333333333333333 0.34901960784313724 0.3843137254901961
            ambientIntensity 0.6967
            transparency 0.0
            shininess 0.5
        }
    }
    geometry IndexedFaceSet {
        ccw TRUE
        solid FALSE
        coord DEF co Coordinate {
            point [
                -2.8071 -1.122 -0.5512, -2.8071 -0.9646 -0.5512, -2.7087 -1.122 -0.5512, -2.7087 -0.9646 -0.5512, -1.9803 1.4469 2.3622, -1.6752 1.4469 2.3622, -1.9788 1.4453 2.3794, -1.6752 1.4444 2.3841, -1.9776 1.4441 2.384, -1.9744 1.441 2.3958, -1.6752 1.4371 2.4049, -1.9701 1.4367 2.4047, -1.6752 1.4254 2.4236, -1.9583 1.4248 2.4232, -1.966 1.4325 2.4134, -1.9243 1.3908 2.4501, -1.9305 1.397 2.4478, -1.6752 1.4098 2.4392, -1.9427 1.4093 2.4385, -1.9517 1.4182 2.4316, -1.6752 1.3911 2.4509, -1.6752 1.3703 2.4582, -1.9036 1.3702 2.4577, -1.6752 1.3484 2.4606, -1.8819 1.3484 2.4606, -1.9007 1.3673 2.4588, -2.8071 -0.8858 -0.3543, -2.8071 -0.8858 0.1378, -2.7087 -0.8858 -0.3543, -2.7087 -0.8858 0.1378
            ]
        }
        coordIndex [
            0,1,2,-1,2,1,3,-1,4,5,6,-1,6,5,7,-1,6,7,8,-1,8,7,9,-1,9,7,10,-1,9,10,11,-1,12,13,10,-1,10,13,14,-1,10,14,11,-1,15,16,17,-1,17,16,18,-1,17,18,12,-1,12,18,19,-1,12,19,13,-1,17,20,15,-1,15,20,21,-1,15,21,22,-1,23,24,21,-1,21,24,25,-1,21,25,22,-1,26,27,28,-1,28,27,29,-1,
        ]
    }
}
Shape{
    appearance Appearance {
        material  Material 	{
            diffuseColor 0.2235294117647059 0.2235294117647059 0.2235294117647059
            specularColor 0.11372549019607843 0.11372549019607843 0.11372549019607843
            ambientIntensity 0.2235
            transparency 0.0
            shininess 0.5
        }
    }
    geometry IndexedFaceSet {
        ccw TRUE
        solid FALSE
        coord DEF co Coordinate {
            point [
                -1.0256 1.6339 1.811, -1.0256 1.6339 0.3346, -1.3602 1.6339 1.811, -1.3602 1.6339 0.3346, -1.1145 -1.5144 1.2598, -1.1213 -1.5116 1.2598, -1.121 -1.511 1.2511, -1.124 -1.5105 1.2598, -1.1287 -1.5069 1.2598, -1.1283 -1.5064 1.2511, -1.1322 -1.5042 1.2598, -1.1348 -1.5007 1.2598, -1.1343 -1.5003 1.2511, -1.1384 -1.4961 1.2598, -1.1395 -1.4934 1.2598, -1.1389 -1.493 1.2511, -1.1424 -1.4866 1.2598, -1.1426 -1.4851 1.2598, -1.1418 -1.4849 1.2511, -1.1177 -1.487 1.2244, -1.1112 -1.4818 1.2215, -1.1098 -1.4832 1.2215, -1.1043 -1.4764 1.2205, -1.1122 -1.4802 1.2215, -1.1197 -1.4838 1.2244, -1.1264 -1.487 1.2291, -1.1129 -1.4783 1.2215, -1.121 -1.4802 1.2244, -1.1283 -1.4818 1.2291, -1.1343 -1.4832 1.2353, -1.1131 -1.4764 1.2215, -1.1214 -1.4764 1.2244, -1.1289 -1.4764 1.2291, -1.1351 -1.4764 1.2353, -1.1398 -1.4764 1.2428, -1.1437 -1.4764 1.2598, -1.1427 -1.4764 1.2511, -1.1389 -1.4843 1.2428, -1.1363 -1.4918 1.2428, -1.1321 -1.4897 1.2353, -1.1321 -1.4985 1.2428, -1.1284 -1.4956 1.2353, -1.1235 -1.4917 1.2291, -1.1264 -1.5041 1.2428, -1.1235 -1.5004 1.2353, -1.1196 -1.4956 1.2291, -1.115 -1.4897 1.2244, -1.1197 -1.5083 1.2428, -1.1177 -1.5041 1.2353, -1.115 -1.4985 1.2291, -1.1117 -1.4918 1.2244, -1.1081 -1.4843 1.2215, -1.1131 -1.5146 1.2598, -1.1129 -1.5138 1.2511, -1.1122 -1.511 1.2428, -1.1112 -1.5064 1.2353, -1.1098 -1.5003 1.2291, -1.1081 -1.493 1.2244, -1.1063 -1.4849 1.2215, -1.1043 -1.5157 1.2598, -1.1043 -1.5148 1.2511, -1.1043 -1.5118 1.2428, -1.1043 -1.5072 1.2353, -1.1043 -1.5009 1.2291, -1.1043 -1.4935 1.2244, -1.1043 -1.4851 1.2215, -1.1043 0.045 1.2205, -1.1127 0.0688 1.223, -1.121 0.0927 1.2255, -1.1261 0.1072 1.227, -1.1285 0.1142 1.2294, -1.1348 0.1322 1.2356, -1.1365 0.137 1.2372, -1.1397 0.146 1.2428, -1.1405 0.1483 1.2443, -1.1423 0.1535 1.2495, -1.1437 0.1575 1.2598, -1.1436 0.1571 1.2565, -1.1431 0.1558 1.2532, -1.1427 0.1545 1.2511, 1.1004 -1.4935 2.004, 1.1004 -1.4851 2.0069, -1.1043 -1.4851 2.0067, 1.1004 -1.4764 2.0079, -1.1043 -1.4764 2.0079, -1.1043 -1.4866 2.0065, -1.1043 -1.4934 2.0037, 1.1004 -1.5009 1.9993, -1.1043 -1.4961 2.0026, -1.1043 -1.5007 1.999, 1.1004 -1.5072 1.9931, -1.1043 -1.5042 1.9963, -1.1043 -1.5069 1.9929, -1.1043 -1.5105 1.9882, 1.1004 -1.5118 1.9856, -1.1043 -1.5116 1.9855, -1.1043 -1.5144 1.9787, 1.1004 -1.5148 1.9773, -1.1043 -1.5146 1.9772, -1.1043 -1.5157 1.9685, 1.1004 -1.5157 1.9685, -2.8071 -1.3681 1.5551, -2.7087 -1.3681 1.5551, -2.8071 0.3051 1.5551, -2.7087 0.3051 1.5551
            ]
        }
        coordIndex [
            0,1,2,-1,2,1,3,-1,4,5,6,-1,7,8,9,-1,10,11,12,-1,13,14,15,-1,16,17,18,-1,19,20,21,-1,21,20,22,-1,23,22,20,-1,23,20,24,-1,24,20,19,-1,24,19,25,-1,26,22,23,-1,26,23,27,-1,27,23,24,-1,27,24,28,-1,28,24,25,-1,28,25,29,-1,30,22,26,-1,30,26,31,-1,31,26,27,-1,31,27,32,-1,32,27,28,-1,32,28,33,-1,33,28,29,-1,33,29,34,-1,17,35,18,-1,18,35,36,-1,18,36,37,-1,14,16,15,-1,15,16,18,-1,15,18,38,-1,38,18,37,-1,38,37,39,-1,11,13,12,-1,12,13,15,-1,12,15,40,-1,40,15,38,-1,40,38,41,-1,41,38,39,-1,41,39,42,-1,8,10,9,-1,9,10,12,-1,9,12,43,-1,43,12,40,-1,43,40,44,-1,44,40,41,-1,44,41,45,-1,45,41,42,-1,45,42,46,-1,5,7,6,-1,6,7,9,-1,6,9,47,-1,47,9,43,-1,47,43,48,-1,48,43,44,-1,48,44,49,-1,49,44,45,-1,49,45,50,-1,50,45,46,-1,50,46,51,-1,52,4,53,-1,53,4,6,-1,53,6,54,-1,54,6,47,-1,54,47,55,-1,55,47,48,-1,55,48,56,-1,56,48,49,-1,56,49,57,-1,57,49,50,-1,57,50,58,-1,58,50,51,-1,59,52,60,-1,60,52,53,-1,60,53,61,-1,61,53,54,-1,61,54,62,-1,62,54,55,-1,62,55,63,-1,63,55,56,-1,63,56,64,-1,64,56,57,-1,64,57,65,-1,65,57,58,-1,65,58,22,-1,51,22,58,-1,36,34,37,-1,37,34,29,-1,37,29,39,-1,39,29,25,-1,39,25,42,-1,42,25,19,-1,42,19,46,-1,46,19,21,-1,46,21,51,-1,51,21,22,-1,66,22,30,-1,66,30,67,-1,67,30,31,-1,67,31,68,-1,68,31,69,-1,69,31,32,-1,69,32,70,-1,70,32,33,-1,70,33,71,-1,71,33,72,-1,72,33,34,-1,72,34,73,-1,73,34,74,-1,74,34,36,-1,74,36,75,-1,76,77,35,-1,35,77,78,-1,35,78,36,-1,36,78,79,-1,36,79,75,-1,80,81,82,-1,82,81,83,-1,82,83,84,-1,82,85,80,-1,80,85,86,-1,80,86,87,-1,86,88,87,-1,87,88,89,-1,87,89,90,-1,90,89,91,-1,91,92,90,-1,90,92,93,-1,90,93,94,-1,93,95,94,-1,94,95,96,-1,94,96,97,-1,96,98,97,-1,97,98,99,-1,97,99,100,-1,101,102,103,-1,103,102,104,-1,
        ]
    }
}
Shape{
    appearance Appearance {
        material  Material 	{
            diffuseColor 0.6666666666666666 0.6980392156862745 0.7686274509803922
            specularColor 0.3333333333333333 0.34901960784313724 0.3843137254901961
            ambientIntensity 0.6967
            transparency 0.0
            shininess 0.5
        }
    }
    geometry IndexedFaceSet {
        ccw TRUE
        solid FALSE
        coord DEF co Coordinate {
            point [
                -2.8071 -1.2008 -0.3543, -2.7087 -1.2008 -0.3543, -2.8071 -1.2008 0.1378, -2.7087 -1.2008 0.1378
            ]
        }
        coordIndex [
            0,1,2,-1,2,1,3,-1,
        ]
    }
}
Shape{
    appearance Appearance {
        material  Material 	{
            diffuseColor 0.2235294117647059 0.2235294117647059 0.2235294117647059
            specularColor 0.11372549019607843 0.11372549019607843 0.11372549019607843
            ambientIntensity 0.2235
            transparency 0.0
            shininess 0.5
        }
    }
    geometry IndexedFaceSet {
        ccw TRUE
        solid FALSE
        coord DEF co Coordinate {
            point [
                -2.4489 -1.4541 0.7782, -2.4327 -1.3813 0.851, -2.4248 -1.3455 2.3569, -2.43 -1.3691 0.8605, -2.4293 -1.3659 0.863, -2.427 -1.3554 0.8675, -2.4252 -1.3475 0.8709, -2.427 -1.3554 2.3609, -2.4289 -1.3643 2.3645, -2.43 -1.369 2.3679, -2.4323 -1.3794 2.3755, -2.4327 -1.3813 2.3774, -2.4489 -1.4541 2.4502, -2.4237 -1.3407 0.872, -2.421 -1.3288 0.874, -2.4237 -1.3407 2.3563, -2.4204 -1.3257 2.3543, -2.3051 -0.8071 2.3543, -2.4204 -1.3257 0.874, -2.3051 -0.8071 0.874, -1.2815 -1.5157 0.3346, -1.2815 1.2008 0.3346, -1.2815 -1.5157 0.2362, -1.2815 1.2008 0.2362, -1.1437 0.2756 2.1654, -1.1437 0.2756 2.3543, -2.1772 0.2756 2.1654, -2.3051 0.2756 2.3543, -2.1772 0.2756 1.063, -2.3051 0.2756 0.874, -1.1437 0.2756 1.063, -1.1437 0.2756 0.874
            ]
        }
        coordIndex [
            0,1,2,-1,2,1,3,-1,3,4,2,-1,2,4,5,-1,2,5,6,-1,2,7,0,-1,0,7,8,-1,0,8,9,-1,9,10,0,-1,0,10,11,-1,0,11,12,-1,6,13,2,-1,2,13,14,-1,2,14,15,-1,15,14,16,-1,16,14,17,-1,17,14,18,-1,17,18,19,-1,20,21,22,-1,22,21,23,-1,24,25,26,-1,26,25,27,-1,26,27,28,-1,28,27,29,-1,28,29,30,-1,30,29,31,-1,
        ]
    }
}
Shape{
    appearance Appearance {
        material  Material 	{
            diffuseColor 0.6666666666666666 0.6980392156862745 0.7686274509803922
            specularColor 0.3333333333333333 0.34901960784313724 0.3843137254901961
            ambientIntensity 0.6967
            transparency 0.0
            shininess 0.5
        }
    }
    geometry IndexedFaceSet {
        ccw TRUE
        solid FALSE
        coord DEF co Coordinate {
            point [
                -1.6752 1.3484 2.5197, -1.8819 1.3484 2.5197, -1.6752 1.2008 2.5197, -1.7343 1.2008 2.5197
            ]
        }
        coordIndex [
            0,1,2,-1,2,1,3,-1,
        ]
    }
}
Shape{
    appearance Appearance {
        material  Material 	{
            diffuseColor 0.2235294117647059 0.2235294117647059 0.2235294117647059
            specularColor 0.11372549019607843 0.11372549019607843 0.11372549019607843
            ambientIntensity 0.2235
            transparency 0.0
            shininess 0.5
        }
    }
    geometry IndexedFaceSet {
        ccw TRUE
        solid FALSE
        coord DEF co Coordinate {
            point [
                1.0217 0.8268 1.9488, -1.0256 0.8268 1.9488, 1.0217 0.8268 2.5, -1.0256 0.8268 2.5
            ]
        }
        coordIndex [
            0,1,2,-1,2,1,3,-1,
        ]
    }
}
Shape{
    appearance Appearance {
        material  Material 	{
            diffuseColor 0.6666666666666666 0.6980392156862745 0.7686274509803922
            specularColor 0.3333333333333333 0.34901960784313724 0.3843137254901961
            ambientIntensity 0.6967
            transparency 0.0
            shininess 0.5
        }
    }
    geometry IndexedFaceSet {
        ccw TRUE
        solid FALSE
        coord DEF co Coordinate {
            point [
                -2.3642 1.5059 0.3346, -2.3642 1.5059 -0.3543, -2.3642 1.4469 0.3346, -2.3642 1.4469 -0.3543, -1.4587 0.8169 -0.5512, -1.6161 0.8169 -0.5512, -1.4587 0.8169 -0.5118, -1.6161 0.8169 -0.5118, -1.3799 0.8169 -0.3543, -1.6949 0.8169 -0.3543, -1.3799 0.8169 0.3346, -1.6949 0.8169 0.1378, -1.8917 0.8169 0.3346, -2.7087 -0.8465 0.1378, -2.7087 -0.8858 0.1378, -2.8071 -0.8465 0.1378, -2.8071 -0.8858 0.1378, -1.3799 0.7579 -0.3543, -1.4587 0.7579 -0.5118, -1.4587 0.7579 -0.5512, -1.6161 0.7579 -0.5512
            ]
        }
        coordIndex [
            0,1,2,-1,2,1,3,-1,4,5,6,-1,6,5,7,-1,6,7,8,-1,8,7,9,-1,8,9,10,-1,10,9,11,-1,10,11,12,-1,13,14,15,-1,15,14,16,-1,17,18,8,-1,8,18,6,-1,19,20,4,-1,4,20,5,-1,
        ]
    }
}
Shape{
    appearance Appearance {
        material  Material 	{
            diffuseColor 0.2235294117647059 0.2235294117647059 0.2235294117647059
            specularColor 0.11372549019607843 0.11372549019607843 0.11372549019607843
            ambientIntensity 0.2235
            transparency 0.0
            shininess 0.5
        }
    }
    geometry IndexedFaceSet {
        ccw TRUE
        solid FALSE
        coord DEF co Coordinate {
            point [
                -1.2815 1.2008 0.2362, -1.0256 1.2008 0.2362, -1.2815 -1.5157 0.2362, -1.0256 -1.5157 0.2362
            ]
        }
        coordIndex [
            0,1,2,-1,2,1,3,-1,
        ]
    }
}
Shape{
    appearance Appearance {
        material  Material 	{
            diffuseColor 0.6666666666666666 0.6980392156862745 0.7686274509803922
            specularColor 0.3333333333333333 0.34901960784313724 0.3843137254901961
            ambientIntensity 0.6967
            transparency 0.0
            shininess 0.5
        }
    }
    geometry IndexedFaceSet {
        ccw TRUE
        solid FALSE
        coord DEF co Coordinate {
            point [
                -2.2854 1.4469 -0.5512, -2.2854 1.4469 -0.5118, -2.2854 1.5059 -0.5512, -2.2854 1.5059 -0.5118
            ]
        }
        coordIndex [
            0,1,2,-1,2,1,3,-1,
        ]
    }
}
Shape{
    appearance Appearance {
        material  Material 	{
            diffuseColor 0.2235294117647059 0.2235294117647059 0.2235294117647059
            specularColor 0.11372549019607843 0.11372549019607843 0.11372549019607843
            ambientIntensity 0.2235
            transparency 0.0
            shininess 0.5
        }
    }
    geometry IndexedFaceSet {
        ccw TRUE
        solid FALSE
        coord DEF co Coordinate {
            point [
                -1.0256 1.5551 1.811, -1.0256 1.6339 1.811, -1.3602 1.5551 1.811, -1.3602 1.6339 1.811
            ]
        }
        coordIndex [
            0,1,2,-1,2,1,3,-1,
        ]
    }
}
Shape{
    appearance Appearance {
        material  Material 	{
            diffuseColor 0.6666666666666666 0.6980392156862745 0.7686274509803922
            specularColor 0.3333333333333333 0.34901960784313724 0.3843137254901961
            ambientIntensity 0.6967
            transparency 0.0
            shininess 0.5
        }
    }
    geometry IndexedFaceSet {
        ccw TRUE
        solid FALSE
        coord DEF co Coordinate {
            point [
                -2.7087 -0.8071 0.2165, -2.7087 -0.8465 0.1378, -2.8071 -0.8071 0.2165, -2.8071 -0.8465 0.1378, -2.8071 -1.2008 -0.3543, -2.8071 -1.122 -0.5512, -2.7087 -1.2008 -0.3543, -2.7087 -1.122 -0.5512, -2.8071 -1.2402 0.1378, -2.8071 -1.2008 0.1378, -2.7087 -1.2402 0.1378, -2.7087 -1.2008 0.1378
            ]
        }
        coordIndex [
            0,1,2,-1,2,1,3,-1,4,5,6,-1,6,5,7,-1,8,9,10,-1,10,9,11,-1,
        ]
    }
}
Shape{
    appearance Appearance {
        material  Material 	{
            diffuseColor 0.2235294117647059 0.2235294117647059 0.2235294117647059
            specularColor 0.11372549019607843 0.11372549019607843 0.11372549019607843
            ambientIntensity 0.2235
            transparency 0.0
            shininess 0.5
        }
    }
    geometry IndexedFaceSet {
        ccw TRUE
        solid FALSE
        coord DEF co Coordinate {
            point [
                -1.0256 0.8268 2.5, -1.0256 0.8268 1.9488, -1.0256 1.1024 1.9488, -1.0256 0.5906 2.7362, -1.0256 1.2008 2.7362, -1.0256 1.2008 0.2362, -1.0256 1.1024 0.3346, -1.0256 -1.5157 0.3346, -1.0256 -1.5157 0.2362, -1.0256 -0.1083 0.3346, -1.0256 1.0925 0.3346, -2.5258 -1.5157 2.5118, -2.5258 -1.5157 0.7165, -2.5131 -1.5147 2.5108, -2.512 -1.5145 0.7178, -2.5082 -1.5135 2.5095, -2.5082 -1.5135 0.7188, -2.4989 -1.511 0.7213, -2.4998 -1.5113 2.5074, -2.4916 -1.5076 0.7247, -2.4916 -1.5076 2.5036, -2.4862 -1.5051 2.5011, -2.4862 -1.5051 0.7272, -2.4767 -1.4981 2.4942, -2.4768 -1.498 0.7342, -2.4726 -1.495 2.4911, -2.4715 -1.4941 0.7382, -2.4646 -1.4854 2.4815, -2.4646 -1.4854 0.7469, -2.4581 -1.4772 0.755, -2.4589 -1.4786 2.4747, -2.4556 -1.4704 2.4665, -2.4554 -1.4705 0.7618, -2.4489 -1.4541 0.7782, -2.4489 -1.4541 2.4502, -1.1437 0.5512 1.8898, -2.1772 0.5512 1.8898, -1.1437 0.5512 1.3386, -2.1772 0.5512 1.3386, -2.8071 0.3051 1.2598, -2.8071 -1.3681 1.2598, -2.8071 0.3051 1.5551, -2.8071 -1.3681 1.5551, -1.1437 1.2008 2.8543, -1.1437 -1.5157 2.8543, -1.0256 -1.5157 2.7362, -1.9792 1.4457 2.4842, -1.9936 1.4602 2.4732, -2.1673 1.6339 2.8543, -2.0042 1.4707 2.4597, -2.0165 1.4831 2.4439, -2.0231 1.4896 2.4302, -2.03 1.4965 2.4157, -2.035 1.5015 2.3971, -2.0394 1.5059 0.3346, -2.1673 1.6339 0.3346, -2.0394 1.5059 2.3622, -2.037 1.5035 2.3895, -1.7343 1.2008 2.8543, -1.7343 1.2008 2.5197, -1.8819 1.3484 2.5197, -1.9167 1.3832 2.5151, -1.9497 1.4163 2.5028, -1.9598 1.4263 2.4991, -1.9122 1.3788 2.5167, -1.1831 1.2008 0.3346, -1.1831 1.3583 0.3346, -1.1831 1.2008 1.4173, -1.1831 1.3583 1.4173, -1.0256 1.3583 0.3346, -1.0256 1.3583 1.6142, -1.3602 1.3583 1.4173, -1.3602 1.3583 1.6142, -1.3602 1.2008 1.4173, -1.3602 1.5551 1.811, -1.3602 1.2008 0.3346, -1.3602 1.6339 0.3346, -1.3602 1.6339 1.811, -1.0256 1.5551 1.811, -1.0256 1.6339 0.3346, -1.0256 1.6339 1.811, -1.1131 -1.5146 1.2598, -1.1043 -1.5157 1.2598, -1.1043 -1.5157 1.9685, -1.1145 -1.5144 1.2598, -1.1145 -1.5144 1.9685, -1.1213 -1.5116 1.2598, -1.124 -1.5105 1.2598, -1.124 -1.5105 1.9685, -1.1287 -1.5069 1.2598, -1.1322 -1.5042 1.9685, -1.1322 -1.5042 1.2598, -1.1348 -1.5007 1.2598, -1.1384 -1.4961 1.9685, -1.1384 -1.4961 1.2598, -1.1395 -1.4934 1.2598, -1.1424 -1.4866 1.9685, -1.1424 -1.4866 1.2598, -1.1426 -1.4851 1.2598, -1.1437 -1.4764 1.9685, -1.1437 -1.4764 1.2598
            ]
        }
        coordIndex [
            0,1,2,-1,3,0,4,-1,4,0,2,-1,4,2,5,-1,5,2,6,-1,7,8,9,-1,9,8,5,-1,9,5,10,-1,10,5,6,-1,11,12,13,-1,13,12,14,-1,13,14,15,-1,14,16,15,-1,15,16,17,-1,15,17,18,-1,18,17,19,-1,18,19,20,-1,20,19,21,-1,21,19,22,-1,21,22,23,-1,23,22,24,-1,23,24,25,-1,25,24,26,-1,25,26,27,-1,26,28,27,-1,27,28,29,-1,27,29,30,-1,30,29,31,-1,29,32,31,-1,31,32,33,-1,31,33,34,-1,35,36,37,-1,37,36,38,-1,39,40,41,-1,41,40,42,-1,4,43,3,-1,3,43,44,-1,3,44,45,-1,46,47,48,-1,48,47,49,-1,48,49,50,-1,50,51,48,-1,48,51,52,-1,48,52,53,-1,54,55,56,-1,56,55,48,-1,56,48,57,-1,57,48,53,-1,58,59,60,-1,61,62,48,-1,48,62,63,-1,48,63,46,-1,58,60,48,-1,48,60,64,-1,48,64,61,-1,65,66,67,-1,67,66,68,-1,66,69,68,-1,68,69,70,-1,68,70,71,-1,71,70,72,-1,68,71,67,-1,67,71,73,-1,71,72,74,-1,75,73,76,-1,76,73,71,-1,76,71,77,-1,77,71,74,-1,70,69,78,-1,78,69,79,-1,78,79,80,-1,81,82,83,-1,81,83,84,-1,84,83,85,-1,84,85,86,-1,86,85,87,-1,87,85,88,-1,87,88,89,-1,89,88,90,-1,89,90,91,-1,91,90,92,-1,92,90,93,-1,92,93,94,-1,94,93,95,-1,95,93,96,-1,95,96,97,-1,97,96,98,-1,98,96,99,-1,98,99,100,-1,
        ]
    }
}
Shape{
    appearance Appearance {
        material  Material 	{
            diffuseColor 0.6666666666666666 0.6980392156862745 0.7686274509803922
            specularColor 0.3333333333333333 0.34901960784313724 0.3843137254901961
            ambientIntensity 0.6967
            transparency 0.0
            shininess 0.5
        }
    }
    geometry IndexedFaceSet {
        ccw TRUE
        solid FALSE
        coord DEF co Coordinate {
            point [
                -1.8819 1.3484 2.5197, -1.6752 1.3484 2.5197, -1.9122 1.3788 2.5167, -1.6752 1.3835 2.5157, -1.9167 1.3832 2.5151, -1.6752 1.4168 2.5041, -1.9497 1.4163 2.5028, -1.9598 1.4263 2.4991, -1.6752 1.4466 2.4853, -1.9792 1.4457 2.4842, -1.9936 1.4602 2.4732, -1.6752 1.4715 2.4604, -2.0042 1.4707 2.4597, -2.0165 1.4831 2.4439, -1.6752 1.4903 2.4305, -2.0231 1.4896 2.4302, -2.03 1.4965 2.4157, -1.6752 1.502 2.3972, -2.035 1.5015 2.3971, -2.037 1.5035 2.3895, -1.6752 1.5059 2.3622, -2.0394 1.5059 2.3622, -2.2854 1.4469 -0.5118, -2.3642 1.4469 -0.3543, -2.2854 1.5059 -0.5118, -2.3642 1.5059 -0.3543, -2.0492 1.4469 0.1378, -2.0492 1.4469 -0.3543, -2.0492 1.5059 0.1378, -2.0492 1.5059 -0.3543
            ]
        }
        coordIndex [
            0,1,2,-1,2,1,3,-1,2,3,4,-1,4,3,5,-1,4,5,6,-1,6,5,7,-1,7,5,8,-1,7,8,9,-1,9,8,10,-1,10,8,11,-1,10,11,12,-1,12,11,13,-1,13,11,14,-1,13,14,15,-1,15,14,16,-1,16,14,17,-1,16,17,18,-1,18,17,19,-1,19,17,20,-1,19,20,21,-1,22,23,24,-1,24,23,25,-1,26,27,28,-1,28,27,29,-1,
        ]
    }
}
Shape{
    appearance Appearance {
        material  Material 	{
            diffuseColor 0.2235294117647059 0.2235294117647059 0.2235294117647059
            specularColor 0.11372549019607843 0.11372549019607843 0.11372549019607843
            ambientIntensity 0.2235
            transparency 0.0
            shininess 0.5
        }
    }
    geometry IndexedFaceSet {
        ccw TRUE
        solid FALSE
        coord DEF co Coordinate {
            point [
                -1.1437 0.5512 1.8898, -1.1437 0.2756 2.1654, -2.1772 0.5512 1.8898, -2.1772 0.2756 2.1654
            ]
        }
        coordIndex [
            0,1,2,-1,2,1,3,-1,
        ]
    }
}
Shape{
    appearance Appearance {
        material  Material 	{
            diffuseColor 0.6666666666666666 0.6980392156862745 0.7686274509803922
            specularColor 0.3333333333333333 0.34901960784313724 0.3843137254901961
            ambientIntensity 0.6967
            transparency 0.0
            shininess 0.5
        }
    }
    geometry IndexedFaceSet {
        ccw TRUE
        solid FALSE
        coord DEF co Coordinate {
            point [
                -2.8071 -0.9646 -0.5512, -2.8071 -0.8858 -0.3543, -2.7087 -0.9646 -0.5512, -2.7087 -0.8858 -0.3543
            ]
        }
        coordIndex [
            0,1,2,-1,2,1,3,-1,
        ]
    }
}
Shape{
    appearance Appearance {
        material  Material 	{
            diffuseColor 0.2235294117647059 0.2235294117647059 0.2235294117647059
            specularColor 0.11372549019607843 0.11372549019607843 0.11372549019607843
            ambientIntensity 0.2235
            transparency 0.0
            shininess 0.5
        }
    }
    geometry IndexedFaceSet {
        ccw TRUE
        solid FALSE
        coord DEF co Coordinate {
            point [
                -1.1437 0.1575 1.9685, -1.1436 0.1571 1.9719, -1.1437 0.1575 2.3543, -1.1431 0.1557 1.9754, -1.1427 0.1545 1.9773, -1.1421 0.1529 1.9797, -1.0059 -0.2362 2.3543, -1.1402 0.1474 1.9848, -1.1397 0.1461 1.9855, -1.1358 0.135 1.9921, -1.135 0.1326 1.9929, -1.1285 0.1141 1.9989, -1.1254 0.1051 2.0018, -1.1211 0.0929 2.003, -1.1127 0.0689 2.0055, -1.1043 0.045 2.0079, -1.0059 -0.2362 2.0079, -2.7382 1.6339 0.3346, -3.0531 1.3189 0.3346, -2.7382 1.6339 2.8543, -3.0531 1.3189 2.5394
            ]
        }
        coordIndex [
            0,1,2,-1,2,1,3,-1,3,4,2,-1,2,4,5,-1,2,5,6,-1,6,5,7,-1,7,8,6,-1,6,8,9,-1,6,9,10,-1,10,11,6,-1,6,11,12,-1,6,12,13,-1,13,14,6,-1,6,14,15,-1,6,15,16,-1,17,18,19,-1,19,18,20,-1,
        ]
    }
}
Shape{
    appearance Appearance {
        material  Material 	{
            diffuseColor 0.6666666666666666 0.6980392156862745 0.7686274509803922
            specularColor 0.3333333333333333 0.34901960784313724 0.3843137254901961
            ambientIntensity 0.6967
            transparency 0.0
            shininess 0.5
        }
    }
    geometry IndexedFaceSet {
        ccw TRUE
        solid FALSE
        coord DEF co Coordinate {
            point [
                -2.128 1.4469 -0.5118, -2.128 1.4469 -0.5512, -2.128 1.5059 -0.5118, -2.128 1.5059 -0.5512
            ]
        }
        coordIndex [
            0,1,2,-1,2,1,3,-1,
        ]
    }
}
Shape{
    appearance Appearance {
        material  Material 	{
            diffuseColor 0.2235294117647059 0.2235294117647059 0.2235294117647059
            specularColor 0.11372549019607843 0.11372549019607843 0.11372549019607843
            ambientIntensity 0.2235
            transparency 0.0
            shininess 0.5
        }
    }
    geometry IndexedFaceSet {
        ccw TRUE
        solid FALSE
        coord DEF co Coordinate {
            point [
                -3.0531 1.3189 2.5394, -3.0531 0.4134 2.5394, -2.7382 1.6339 2.8543, -2.7382 0.4134 2.8543, -2.1673 1.6339 0.3346, -2.0394 1.5059 0.3346, -2.7382 1.6339 0.3346, -2.3642 1.5059 0.3346, -2.7087 -1.2795 0.3346, -1.8917 0.7579 0.3346, -1.3799 0.7579 0.3346, -2.3642 1.4469 0.3346, -1.8917 0.8169 0.3346, -3.0531 1.3189 0.3346, -2.7087 -0.8071 0.3346, -2.8071 -0.8071 0.3346, -3.0531 -1.5157 0.3346, -1.0256 1.6339 0.3346, -1.0256 1.3583 0.3346, -1.3602 1.6339 0.3346, -1.1831 1.3583 0.3346, -1.1831 1.2008 0.3346, -1.2815 1.2008 0.3346, -1.3602 1.2008 0.3346, -1.9803 1.4469 0.3346, -1.7343 1.2008 0.3346, -1.3799 0.8169 0.3346, -2.8071 -1.2795 0.3346, -1.2815 -1.5157 0.3346
            ]
        }
        coordIndex [
            0,1,2,-1,2,1,3,-1,4,5,6,-1,6,5,7,-1,8,9,10,-1,7,11,6,-1,6,11,12,-1,6,12,13,-1,13,12,9,-1,8,14,9,-1,9,14,15,-1,9,15,13,-1,13,15,16,-1,17,18,19,-1,19,18,20,-1,20,21,19,-1,19,21,22,-1,19,22,23,-1,24,25,11,-1,11,25,26,-1,11,26,12,-1,15,27,16,-1,16,27,8,-1,16,8,28,-1,28,8,10,-1,28,10,22,-1,22,10,26,-1,22,26,23,-1,23,26,25,-1,
        ]
    }
}
Shape{
    appearance Appearance {
        material  Material 	{
            diffuseColor 0.6666666666666666 0.6980392156862745 0.7686274509803922
            specularColor 0.3333333333333333 0.34901960784313724 0.3843137254901961
            ambientIntensity 0.6967
            transparency 0.0
            shininess 0.5
        }
    }
    geometry IndexedFaceSet {
        ccw TRUE
        solid FALSE
        coord DEF co Coordinate {
            point [
                -2.0492 1.5059 0.1378, -2.0492 1.5059 -0.3543, -2.128 1.5059 -0.5118, -2.3642 1.5059 -0.3543, -2.3642 1.5059 0.3346, -2.0394 1.5059 0.3346, -2.128 1.5059 -0.5512, -2.2854 1.5059 -0.5512, -2.2854 1.5059 -0.5118, -2.0394 1.5059 2.3622, -1.6752 1.5059 2.3622, -1.6752 1.5059 0.5118
            ]
        }
        coordIndex [
            0,1,2,-1,3,4,5,-1,6,7,2,-1,2,7,8,-1,5,9,10,-1,8,3,2,-1,2,3,5,-1,2,5,0,-1,0,5,10,-1,0,10,11,-1,
        ]
    }
}
Shape{
    appearance Appearance {
        material  Material 	{
            diffuseColor 0.2235294117647059 0.2235294117647059 0.2235294117647059
            specularColor 0.11372549019607843 0.11372549019607843 0.11372549019607843
            ambientIntensity 0.2235
            transparency 0.0
            shininess 0.5
        }
    }
    geometry IndexedFaceSet {
        ccw TRUE
        solid FALSE
        coord DEF co Coordinate {
            point [
                -1.0256 1.3583 1.6142, -1.0256 1.5551 1.811, -1.3602 1.3583 1.6142, -1.3602 1.5551 1.811, -1.1043 -1.5146 1.9772, -1.1043 -1.5144 1.9787, -1.1145 -1.5131 1.9783, -1.1043 -1.5116 1.9855, -1.1043 -1.5105 1.9882, -1.1145 -1.5093 1.9875, -1.1043 -1.5069 1.9929, -1.1043 -1.5042 1.9963, -1.1145 -1.5033 1.9954, -1.1043 -1.5007 1.999, -1.1043 -1.4961 2.0026, -1.1145 -1.4954 2.0014, -1.1426 -1.4764 1.9772, -1.1437 -1.4764 1.9685, -1.1424 -1.479 1.9783, -1.1384 -1.4815 1.9875, -1.1395 -1.4764 1.9855, -1.1424 -1.4764 1.9787, -1.1322 -1.4836 1.9954, -1.1348 -1.4764 1.9929, -1.1384 -1.4764 1.9882, -1.124 -1.4852 2.0014, -1.1287 -1.4764 1.999, -1.1322 -1.4764 1.9963, -1.1131 -1.4764 2.0067, -1.1145 -1.4764 2.0065, -1.1145 -1.4862 2.0052, -1.1213 -1.4764 2.0037, -1.124 -1.4764 2.0026, -1.1043 -1.4764 2.0079, -1.1043 -1.4851 2.0067, -1.1043 -1.4866 2.0065, -1.1043 -1.4934 2.0037, -1.124 -1.4934 1.998, -1.1322 -1.4903 1.9926, -1.1384 -1.4862 1.9856, -1.1424 -1.4815 1.9773, -1.124 -1.5005 1.9926, -1.1322 -1.4961 1.9882, -1.1384 -1.4903 1.9824, -1.1424 -1.4836 1.9757, -1.124 -1.5059 1.9856, -1.1322 -1.5005 1.9824, -1.1384 -1.4934 1.9783, -1.1424 -1.4852 1.9736, -1.124 -1.5093 1.9773, -1.1322 -1.5033 1.9757, -1.1384 -1.4954 1.9736, -1.1424 -1.4862 1.9711, -1.1043 -1.5157 1.9685, -1.1145 -1.5144 1.9685, -1.124 -1.5105 1.9685, -1.1322 -1.5042 1.9685, -1.1384 -1.4961 1.9685, -1.1424 -1.4866 1.9685, -2.1772 0.5512 1.3386, -2.1772 0.2756 1.063, -1.1437 0.5512 1.3386, -1.1437 0.2756 1.063
            ]
        }
        coordIndex [
            0,1,2,-1,2,1,3,-1,4,5,6,-1,7,8,9,-1,10,11,12,-1,13,14,15,-1,16,17,18,-1,19,20,18,-1,18,20,21,-1,18,21,16,-1,22,23,19,-1,19,23,24,-1,19,24,20,-1,25,26,22,-1,22,26,27,-1,22,27,23,-1,28,29,30,-1,30,29,31,-1,30,31,25,-1,25,31,32,-1,25,32,26,-1,33,28,34,-1,34,28,30,-1,34,30,35,-1,35,30,36,-1,14,36,15,-1,15,36,30,-1,15,30,37,-1,37,30,25,-1,37,25,38,-1,38,25,22,-1,38,22,39,-1,39,22,19,-1,39,19,40,-1,40,19,18,-1,40,18,17,-1,11,13,12,-1,12,13,15,-1,12,15,41,-1,41,15,37,-1,41,37,42,-1,42,37,38,-1,42,38,43,-1,43,38,39,-1,43,39,44,-1,44,39,40,-1,44,40,17,-1,8,10,9,-1,9,10,12,-1,9,12,45,-1,45,12,41,-1,45,41,46,-1,46,41,42,-1,46,42,47,-1,47,42,43,-1,47,43,48,-1,48,43,44,-1,48,44,17,-1,5,7,6,-1,6,7,9,-1,6,9,49,-1,49,9,45,-1,49,45,50,-1,50,45,46,-1,50,46,51,-1,51,46,47,-1,51,47,52,-1,52,47,48,-1,52,48,17,-1,53,4,54,-1,54,4,6,-1,54,6,55,-1,55,6,49,-1,55,49,56,-1,56,49,50,-1,56,50,57,-1,57,50,51,-1,57,51,58,-1,58,51,52,-1,58,52,17,-1,59,60,61,-1,61,60,62,-1,
        ]
    }
}
Shape{
    appearance Appearance {
        material  Material 	{
            diffuseColor 0.6666666666666666 0.6980392156862745 0.7686274509803922
            specularColor 0.3333333333333333 0.34901960784313724 0.3843137254901961
            ambientIntensity 0.6967
            transparency 0.0
            shininess 0.5
        }
    }
    geometry IndexedFaceSet {
        ccw TRUE
        solid FALSE
        coord DEF co Coordinate {
            point [
                -1.8819 1.3484 2.4606, -1.6752 1.3484 2.4606, -1.7343 1.2008 2.4606, -1.6752 1.2008 2.4606
            ]
        }
        coordIndex [
            0,1,2,-1,2,1,3,-1,
        ]
    }
}
Shape{
    appearance Appearance {
        material  Material 	{
            diffuseColor 0.2235294117647059 0.2235294117647059 0.2235294117647059
            specularColor 0.11372549019607843 0.11372549019607843 0.11372549019607843
            ambientIntensity 0.2235
            transparency 0.0
            shininess 0.5
        }
    }
    geometry IndexedFaceSet {
        ccw TRUE
        solid FALSE
        coord DEF co Coordinate {
            point [
                -2.8071 -1.3681 1.5551, -2.8071 -1.3681 1.2598, -2.7087 -1.3681 1.5551, -2.7087 -1.3681 1.2598, -2.1772 0.5512 1.3386, -2.1772 0.5512 1.8898, -2.1772 0.2756 1.063, -2.1772 0.2756 2.1654, -1.9517 1.4182 2.4316, -1.9427 1.4093 2.4385, -1.7343 1.2008 0.3346, -1.9036 1.3702 2.4577, -1.9007 1.3673 2.4588, -1.8819 1.3484 2.4606, -1.7343 1.2008 2.4606, -1.9305 1.397 2.4478, -1.9243 1.3908 2.4501, -1.9803 1.4469 0.3346, -1.9803 1.4469 2.3622, -1.9788 1.4453 2.3794, -1.9776 1.4441 2.384, -1.9744 1.441 2.3958, -1.9701 1.4367 2.4047, -1.966 1.4325 2.4134, -1.9583 1.4248 2.4232
            ]
        }
        coordIndex [
            0,1,2,-1,2,1,3,-1,4,5,6,-1,6,5,7,-1,8,9,10,-1,11,12,10,-1,10,12,13,-1,10,13,14,-1,9,15,10,-1,10,15,16,-1,10,16,11,-1,17,18,10,-1,10,18,19,-1,19,20,10,-1,10,20,21,-1,10,21,22,-1,22,23,10,-1,10,23,24,-1,10,24,8,-1,
        ]
    }
}
Shape{
    appearance Appearance {
        material  Material 	{
            diffuseColor 0.6666666666666666 0.6980392156862745 0.7686274509803922
            specularColor 0.3333333333333333 0.34901960784313724 0.3843137254901961
            ambientIntensity 0.6967
            transparency 0.0
            shininess 0.5
        }
    }
    geometry IndexedFaceSet {
        ccw TRUE
        solid FALSE
        coord DEF co Coordinate {
            point [
                -2.8071 -0.8071 0.2165, -2.8071 -0.8071 0.3346, -2.7087 -0.8071 0.2165, -2.7087 -0.8071 0.3346
            ]
        }
        coordIndex [
            0,1,2,-1,2,1,3,-1,
        ]
    }
}
Shape{
    appearance Appearance {
        material  Material 	{
            diffuseColor 0.2235294117647059 0.2235294117647059 0.2235294117647059
            specularColor 0.11372549019607843 0.11372549019607843 0.11372549019607843
            ambientIntensity 0.2235
            transparency 0.0
            shininess 0.5
        }
    }
    geometry IndexedFaceSet {
        ccw TRUE
        solid FALSE
        coord DEF co Coordinate {
            point [
                -1.0256 1.2008 0.2362, -1.2815 1.2008 0.2362, -1.2815 1.2008 0.3346, -1.3602 1.2008 0.3346, -1.7343 1.2008 0.3346, -1.3602 1.2008 1.4173, -1.7343 1.2008 2.4606, -1.1831 1.2008 1.4173, -1.6752 1.2008 2.4606, -1.7343 1.2008 2.5197, -1.7343 1.2008 2.8543, -1.6752 1.2008 2.5197, -1.1437 1.2008 2.8543, -1.0256 1.2008 2.7362, -1.1831 1.2008 0.3346, -2.7382 1.6339 0.3346, -2.7382 1.6339 2.8543, -2.1673 1.6339 0.3346, -2.1673 1.6339 2.8543, -2.4921 0.4134 2.8543, -2.7382 0.4134 2.8543, -2.689 0.4134 2.6575, -3.0531 0.4134 2.5394, -2.689 0.4134 1.2598, -3.0531 0.4134 1.2598, -2.689 -1.5157 2.6575, -2.4921 -1.5157 2.8543, -2.7087 0.3051 1.2598, -2.7087 -1.3681 1.2598, -2.8071 0.3051 1.2598, -2.8071 -1.3681 1.2598, -3.0531 -1.5157 1.2598, -2.689 -1.5157 1.2598
            ]
        }
        coordIndex [
            0,1,2,-1,3,4,5,-1,5,4,6,-1,5,6,7,-1,7,6,8,-1,9,10,11,-1,11,10,12,-1,11,12,8,-1,8,12,13,-1,8,13,7,-1,7,13,0,-1,7,0,14,-1,14,0,2,-1,15,16,17,-1,17,16,18,-1,19,20,21,-1,21,20,22,-1,21,22,23,-1,23,22,24,-1,25,26,21,-1,21,26,19,-1,23,27,28,-1,27,23,29,-1,29,23,24,-1,29,24,30,-1,30,24,31,-1,30,31,28,-1,28,31,32,-1,28,32,23,-1,
        ]
    }
}
Shape{
    appearance Appearance {
        material  Material 	{
            diffuseColor 0.6666666666666666 0.6980392156862745 0.7686274509803922
            specularColor 0.3333333333333333 0.34901960784313724 0.3843137254901961
            ambientIntensity 0.6967
            transparency 0.0
            shininess 0.5
        }
    }
    geometry IndexedFaceSet {
        ccw TRUE
        solid FALSE
        coord DEF co Coordinate {
            point [
                -2.7087 -1.2795 0.2165, -2.8071 -1.2795 0.2165, -2.7087 -1.2402 0.1378, -2.8071 -1.2402 0.1378
            ]
        }
        coordIndex [
            0,1,2,-1,2,1,3,-1,
        ]
    }
}
Shape{
    appearance Appearance {
        material  Material 	{
            diffuseColor 0.2235294117647059 0.2235294117647059 0.2235294117647059
            specularColor 0.11372549019607843 0.11372549019607843 0.11372549019607843
            ambientIntensity 0.2235
            transparency 0.0
            shininess 0.5
        }
    }
    geometry IndexedFaceSet {
        ccw TRUE
        solid FALSE
        coord DEF co Coordinate {
            point [
                -3.0531 0.4134 2.5394, -3.0531 1.3189 2.5394, -3.0531 0.4134 1.2598, -3.0531 1.3189 0.3346, -3.0531 -1.5157 1.2598, -3.0531 -1.5157 0.3346
            ]
        }
        coordIndex [
            0,1,2,-1,2,1,3,-1,2,3,4,-1,4,3,5,-1,
        ]
    }
}
Shape{
    appearance Appearance {
        material  Material 	{
            diffuseColor 0.6666666666666666 0.6980392156862745 0.7686274509803922
            specularColor 0.3333333333333333 0.34901960784313724 0.3843137254901961
            ambientIntensity 0.6967
            transparency 0.0
            shininess 0.5
        }
    }
    geometry IndexedFaceSet {
        ccw TRUE
        solid FALSE
        coord DEF co Coordinate {
            point [
                -1.6752 1.4469 0.5118, -1.6752 1.5059 0.5118, -1.6752 1.4469 2.3622, -1.6752 1.5059 2.3622, -1.6752 1.4444 2.3841, -1.6752 1.502 2.3972, -1.6752 1.4371 2.4049, -1.6752 1.4903 2.4305, -1.6752 1.4254 2.4236, -1.6752 1.4715 2.4604, -1.6752 1.4098 2.4392, -1.6752 1.4466 2.4853, -1.6752 1.3911 2.4509, -1.6752 1.4168 2.5041, -1.6752 1.3703 2.4582, -1.6752 1.3835 2.5157, -1.6752 1.3484 2.4606, -1.6752 1.3484 2.5197, -1.6752 1.2008 2.4606, -1.6752 1.2008 2.5197
            ]
        }
        coordIndex [
            0,1,2,-1,2,1,3,-1,2,3,4,-1,4,3,5,-1,4,5,6,-1,6,5,7,-1,6,7,8,-1,8,7,9,-1,8,9,10,-1,10,9,11,-1,10,11,12,-1,12,11,13,-1,12,13,14,-1,14,13,15,-1,14,15,16,-1,16,15,17,-1,16,17,18,-1,18,17,19,-1,
        ]
    }
}
Shape{
    appearance Appearance {
        material  Material 	{
            diffuseColor 0.2235294117647059 0.2235294117647059 0.2235294117647059
            specularColor 0.11372549019607843 0.11372549019607843 0.11372549019607843
            ambientIntensity 0.2235
            transparency 0.0
            shininess 0.5
        }
    }
    geometry IndexedFaceSet {
        ccw TRUE
        solid FALSE
        coord DEF co Coordinate {
            point [
                -1.1437 -1.5157 2.8543, -1.1437 1.2008 2.8543, -1.7343 1.2008 2.8543, -2.4921 -1.5157 2.8543, -2.4921 0.4134 2.8543, -2.7382 0.4134 2.8543, -2.1673 1.6339 2.8543, -2.7382 1.6339 2.8543, -2.3051 0.2756 0.874, -2.3051 0.2756 2.3543, -2.3051 -0.8071 0.874, -2.3051 -0.8071 2.3543
            ]
        }
        coordIndex [
            0,1,2,-1,3,0,4,-1,4,0,2,-1,4,2,5,-1,5,2,6,-1,5,6,7,-1,8,9,10,-1,10,9,11,-1,
        ]
    }
}
Shape{
    appearance Appearance {
        material  Material 	{
            diffuseColor 0.6666666666666666 0.6980392156862745 0.7686274509803922
            specularColor 0.3333333333333333 0.34901960784313724 0.3843137254901961
            ambientIntensity 0.6967
            transparency 0.0
            shininess 0.5
        }
    }
    geometry IndexedFaceSet {
        ccw TRUE
        solid FALSE
        coord DEF co Coordinate {
            point [
                -2.0492 1.4469 -0.3543, -2.128 1.4469 -0.5118, -2.0492 1.5059 -0.3543, -2.128 1.5059 -0.5118
            ]
        }
        coordIndex [
            0,1,2,-1,2,1,3,-1,
        ]
    }
}
Shape{
    appearance Appearance {
        material  Material 	{
            diffuseColor 0.2235294117647059 0.2235294117647059 0.2235294117647059
            specularColor 0.11372549019607843 0.11372549019607843 0.11372549019607843
            ambientIntensity 0.2235
            transparency 0.0
            shininess 0.5
        }
    }
    geometry IndexedFaceSet {
        ccw TRUE
        solid FALSE
        coord DEF co Coordinate {
            point [
                -1.1436 0.1571 1.9719, -1.1437 0.1575 1.9685, -1.1437 -1.4764 1.9685, -1.1424 -1.4764 1.9787, -1.1421 0.1529 1.9797, -1.1426 -1.4764 1.9772, -1.1427 0.1545 1.9773, -1.1431 0.1557 1.9754, -1.135 0.1326 1.9929, -1.1358 0.135 1.9921, -1.1395 -1.4764 1.9855, -1.1397 0.1461 1.9855, -1.1402 0.1474 1.9848, -1.1384 -1.4764 1.9882, -1.1348 -1.4764 1.9929, -1.1285 0.1141 1.9989, -1.1322 -1.4764 1.9963, -1.1287 -1.4764 1.999, -1.1254 0.1051 2.0018, -1.124 -1.4764 2.0026, -1.1211 0.0929 2.003, -1.1213 -1.4764 2.0037, -1.1127 0.0689 2.0055, -1.1145 -1.4764 2.0065, -1.1131 -1.4764 2.0067, -1.1043 -1.4764 2.0079, -1.1043 0.045 2.0079, -2.7087 -1.3681 1.5551, -2.7087 -1.3681 1.2598, -2.7087 0.3051 1.5551, -2.7087 0.3051 1.2598, -1.6752 1.4469 0.5118, -2.0492 1.4469 0.1378, -1.6752 1.5059 0.5118, -2.0492 1.5059 0.1378, -2.689 -1.5157 2.6575, -2.689 0.4134 2.6575, -2.689 -1.5157 1.2598, -2.689 0.4134 1.2598
            ]
        }
        coordIndex [
            0,1,2,-1,3,4,5,-1,5,4,6,-1,5,6,2,-1,2,6,7,-1,2,7,0,-1,8,9,10,-1,10,9,11,-1,10,11,3,-1,3,11,12,-1,3,12,4,-1,10,13,8,-1,8,13,14,-1,8,14,15,-1,14,16,15,-1,15,16,17,-1,15,17,18,-1,18,17,19,-1,18,19,20,-1,20,19,21,-1,20,21,22,-1,22,21,23,-1,23,24,22,-1,22,24,25,-1,22,25,26,-1,27,28,29,-1,29,28,30,-1,31,32,33,-1,33,32,34,-1,35,36,37,-1,37,36,38,-1,
        ]
    }
}
Shape{
    appearance Appearance {
        material  Material 	{
            diffuseColor 0.6666666666666666 0.6980392156862745 0.7686274509803922
            specularColor 0.3333333333333333 0.34901960784313724 0.3843137254901961
            ambientIntensity 0.6967
            transparency 0.0
            shininess 0.5
        }
    }
    geometry IndexedFaceSet {
        ccw TRUE
        solid FALSE
        coord DEF co Coordinate {
            point [
                -1.6161 0.7579 -0.5512, -1.4587 0.7579 -0.5512, -1.6161 0.7579 -0.5118, -1.4587 0.7579 -0.5118, -1.6949 0.7579 -0.3543, -1.3799 0.7579 -0.3543, -1.6949 0.7579 0.1378, -1.3799 0.7579 0.3346, -1.8917 0.7579 0.3346
            ]
        }
        coordIndex [
            0,1,2,-1,2,1,3,-1,2,3,4,-1,4,3,5,-1,4,5,6,-1,6,5,7,-1,6,7,8,-1,
        ]
    }
}
Shape{
    appearance Appearance {
        material  Material 	{
            diffuseColor 0.2235294117647059 0.2235294117647059 0.2235294117647059
            specularColor 0.11372549019607843 0.11372549019607843 0.11372549019607843
            ambientIntensity 0.2235
            transparency 0.0
            shininess 0.5
        }
    }
    geometry IndexedFaceSet {
        ccw TRUE
        solid FALSE
        coord DEF co Coordinate {
            point [
                -1.1437 0.2756 0.874, -1.1437 0.1575 0.874, -1.1437 0.2756 1.063, -1.1437 0.1575 1.2598, -1.1437 -1.4764 1.9685, -1.1437 0.1575 1.9685, -1.1437 -1.4764 1.2598, -1.1437 0.1575 2.3543, -1.1437 0.2756 2.3543, -1.1437 0.2756 2.1654, -1.1437 0.5512 1.8898, -1.1437 0.5512 1.3386
            ]
        }
        coordIndex [
            0,1,2,-1,2,1,3,-1,4,5,6,-1,6,5,3,-1,5,7,8,-1,8,9,5,-1,5,9,10,-1,5,10,3,-1,3,10,11,-1,3,11,2,-1,
        ]
    }
}
Shape{
    appearance Appearance {
        material  Material 	{
            diffuseColor 0.6666666666666666 0.6980392156862745 0.7686274509803922
            specularColor 0.3333333333333333 0.34901960784313724 0.3843137254901961
            ambientIntensity 0.6967
            transparency 0.0
            shininess 0.5
        }
    }
    geometry IndexedFaceSet {
        ccw TRUE
        solid FALSE
        coord DEF co Coordinate {
            point [
                -2.8071 -1.2795 0.2165, -2.7087 -1.2795 0.2165, -2.8071 -1.2795 0.3346, -2.7087 -1.2795 0.3346, -2.128 1.4469 -0.5512, -2.2854 1.4469 -0.5512, -2.128 1.5059 -0.5512, -2.2854 1.5059 -0.5512, -1.6161 0.7579 -0.5512, -1.6161 0.7579 -0.5118, -1.6161 0.8169 -0.5512, -1.6161 0.8169 -0.5118, -2.7087 -0.8465 0.1378, -2.7087 -0.8071 0.2165, -2.7087 -0.8858 0.1378, -2.7087 -0.8071 0.3346, -2.7087 -1.2402 0.1378, -2.7087 -1.2008 0.1378, -2.7087 -0.8858 -0.3543, -2.7087 -1.2008 -0.3543, -2.7087 -0.9646 -0.5512, -2.7087 -1.122 -0.5512, -2.8071 -1.2008 0.1378, -2.8071 -0.8858 0.1378, -2.8071 -1.2008 -0.3543, -2.8071 -0.8858 -0.3543, -2.8071 -1.122 -0.5512, -2.8071 -0.9646 -0.5512, -2.8071 -1.2402 0.1378, -2.8071 -0.8071 0.3346, -2.8071 -0.8465 0.1378, -2.8071 -0.8071 0.2165, -1.4587 0.7579 -0.5118, -1.4587 0.7579 -0.5512, -1.4587 0.8169 -0.5118, -1.4587 0.8169 -0.5512
            ]
        }
        coordIndex [
            0,1,2,-1,2,1,3,-1,4,5,6,-1,6,5,7,-1,8,9,10,-1,10,9,11,-1,12,13,14,-1,14,13,15,-1,1,16,3,-1,3,16,17,-1,15,3,14,-1,14,3,17,-1,14,17,18,-1,18,17,19,-1,18,19,20,-1,20,19,21,-1,22,23,24,-1,24,23,25,-1,24,25,26,-1,26,25,27,-1,28,0,22,-1,22,0,2,-1,22,2,23,-1,23,2,29,-1,23,29,30,-1,30,29,31,-1,32,33,34,-1,34,33,35,-1,
        ]
    }
}
Shape{
    appearance Appearance {
        material  Material 	{
            diffuseColor 0.2235294117647059 0.2235294117647059 0.2235294117647059
            specularColor 0.11372549019607843 0.11372549019607843 0.11372549019607843
            ambientIntensity 0.2235
            transparency 0.0
            shininess 0.5
        }
    }
    geometry IndexedFaceSet {
        ccw TRUE
        solid FALSE
        coord DEF co Coordinate {
            point [
                -2.8071 0.3051 1.2598, -2.8071 0.3051 1.5551, -2.7087 0.3051 1.2598, -2.7087 0.3051 1.5551
            ]
        }
        coordIndex [
            0,1,2,-1,2,1,3,-1,
        ]
    }
}
Shape{
    appearance Appearance {
        material  Material 	{
            diffuseColor 0.6666666666666666 0.6980392156862745 0.7686274509803922
            specularColor 0.3333333333333333 0.34901960784313724 0.3843137254901961
            ambientIntensity 0.6967
            transparency 0.0
            shininess 0.5
        }
    }
    geometry IndexedFaceSet {
        ccw TRUE
        solid FALSE
        coord DEF co Coordinate {
            point [
                -1.6161 0.7579 -0.5118, -1.6949 0.7579 -0.3543, -1.6161 0.8169 -0.5118, -1.6949 0.8169 -0.3543, -1.3799 0.7579 0.3346, -1.3799 0.7579 -0.3543, -1.3799 0.8169 0.3346, -1.3799 0.8169 -0.3543, -1.6752 1.4469 2.3622, -1.9803 1.4469 2.3622, -1.6752 1.4469 0.5118, -1.9803 1.4469 0.3346, -2.0492 1.4469 0.1378, -2.3642 1.4469 0.3346, -2.0492 1.4469 -0.3543, -2.3642 1.4469 -0.3543, -2.128 1.4469 -0.5118, -2.2854 1.4469 -0.5118, -2.128 1.4469 -0.5512, -2.2854 1.4469 -0.5512, -1.6949 0.7579 0.1378, -1.6949 0.8169 0.1378, -1.8917 0.7579 0.3346, -1.8917 0.8169 0.3346
            ]
        }
        coordIndex [
            0,1,2,-1,2,1,3,-1,4,5,6,-1,6,5,7,-1,8,9,10,-1,10,9,11,-1,10,11,12,-1,12,11,13,-1,12,13,14,-1,14,13,15,-1,14,15,16,-1,16,15,17,-1,16,17,18,-1,18,17,19,-1,1,20,3,-1,3,20,21,-1,20,22,21,-1,21,22,23,-1,
        ]
    }
}
Shape{
    appearance Appearance {
        material  Material 	{
            diffuseColor 0.2235294117647059 0.2235294117647059 0.2235294117647059
            specularColor 0.11372549019607843 0.11372549019607843 0.11372549019607843
            ambientIntensity 0.2235
            transparency 0.0
            shininess 0.5
        }
    }
    geometry IndexedFaceSet {
        ccw TRUE
        solid FALSE
        coord DEF co Coordinate {
            point [
                -1.1436 0.1571 1.2565, -1.1437 0.1575 1.2598, -1.1437 0.1575 0.874, -1.1365 0.137 1.2372, -1.1397 0.146 1.2428, -1.1405 0.1483 1.2443, -1.1423 0.1535 1.2495, -1.0059 -0.2362 0.874, -1.0059 -0.2362 1.2205, -1.1043 0.045 1.2205, -1.1261 0.1072 1.227, -1.1285 0.1142 1.2294, -1.1348 0.1322 1.2356, -1.1127 0.0688 1.223, -1.121 0.0927 1.2255, -1.1427 0.1545 1.2511, -1.1431 0.1558 1.2532, 2.4882 -1.5157 2.8543, 1.1398 -1.5157 2.8543, 1.0217 -1.5157 2.7362, 3.0492 -1.5157 0.779, 3.0492 -1.5157 1.2598, 2.685 -1.5157 1.2598, 0.5886 -1.5157 0.3346, 0.7854 -1.5157 0.3346, -2.5258 -1.5157 0.7165, 1.0217 -1.5157 0.2362, 1.2776 -1.5157 0.2362, 1.0217 -1.5157 0.3346, 1.2776 -1.5157 0.3346, 2.685 -1.5157 2.6575, 2.5218 -1.5157 2.5118, -2.5258 -1.5157 2.5118, 2.5218 -1.5157 0.7165, 3.0492 -1.5157 0.3346, 3.0492 -1.5157 0.4989, -1.0256 -1.5157 2.7362, -1.1437 -1.5157 2.8543, -2.4921 -1.5157 2.8543, -3.0531 -1.5157 0.3346, -1.2815 -1.5157 0.3346, -2.689 -1.5157 2.6575, -2.689 -1.5157 1.2598, -3.0531 -1.5157 1.2598, 3.0492 -1.5157 0.5359, 3.0492 -1.5157 0.6567, -1.2815 -1.5157 0.2362, -1.0256 -1.5157 0.2362, -1.0256 -1.5157 0.3346, -0.9764 -1.5157 0.3346, -0.7894 -1.5157 0.3346, -0.5925 -1.5157 0.3346, -0.3957 -1.5157 0.3346, -0.002 -1.5157 0.3346, 0.1949 -1.5157 0.3346, 0.3917 -1.5157 0.3346, 0.7461 -0.2362 2.0079, 0.7461 -0.1921 2.0079, 0.7264 -0.1921 2.0079, 0.5492 -0.1921 2.0079, 0.5295 -0.1921 2.0079, 0.5492 -0.2362 2.0079, 0.5295 -1.2992 2.0079, 0.1555 -0.1921 2.0079, 0.1358 -0.1921 2.0079, 0.1555 -0.2362 2.0079, 0.1358 -1.2992 2.0079, -0.2382 -0.1921 2.0079, -0.2579 -0.1921 2.0079, -0.2382 -0.2362 2.0079, -0.2579 -1.2992 2.0079, -0.6319 -0.1921 2.0079, -0.6516 -0.1921 2.0079, -0.6319 -0.2362 2.0079, -0.6516 -1.2992 2.0079, 0.3327 -1.2992 2.0079, 0.2539 -1.2992 2.0079, -1.1043 -1.4764 2.0079, -0.4547 -1.2992 2.0079, -0.5335 -1.2992 2.0079, -0.061 -1.2992 2.0079, -0.1398 -1.2992 2.0079, -0.435 -0.2362 2.0079, -0.3366 -1.2992 2.0079, -0.3563 -0.2362 2.0079, -0.3366 -0.1921 2.0079, -0.3563 -0.1921 2.0079, -0.8484 -1.2992 2.0079, -0.9272 -1.2992 2.0079, 0.9429 -0.1921 2.0079, 0.9232 -0.1921 2.0079, 0.9429 -0.2362 2.0079, 0.9232 -1.2992 2.0079, 1.002 -0.2362 2.0079, 0.2539 -0.1921 2.0079, 0.2343 -0.2362 2.0079, 0.2343 -0.1921 2.0079, -0.5335 -0.1921 2.0079, -0.5531 -0.2362 2.0079, -0.5531 -0.1921 2.0079, 1.1004 -1.4764 2.0079, 1.1004 0.045 2.0079, 0.6476 -1.2992 2.0079, 0.6476 -0.1921 2.0079, 0.628 -0.2362 2.0079, 0.628 -0.1921 2.0079, 0.3524 -0.2362 2.0079, 0.4508 -1.2992 2.0079, 0.4311 -0.2362 2.0079, 0.4508 -0.1921 2.0079, 0.4311 -0.1921 2.0079, -0.0413 -0.2362 2.0079, 0.0571 -1.2992 2.0079, 0.0374 -0.2362 2.0079, 0.0571 -0.1921 2.0079, 0.0374 -0.1921 2.0079, -0.1398 -0.1921 2.0079, -0.1594 -0.2362 2.0079, -0.1594 -0.1921 2.0079, -0.8287 -0.2362 2.0079, -0.7303 -1.2992 2.0079, -0.75 -0.2362 2.0079, -0.7303 -0.1921 2.0079, -0.75 -0.1921 2.0079, -0.9272 -0.1921 2.0079, -0.9469 -0.2362 2.0079, -0.9469 -0.1921 2.0079, 0.7264 -1.2992 2.0079, 0.8445 -1.2992 2.0079, 0.8248 -0.2362 2.0079, 0.8445 -0.1921 2.0079, 0.8248 -0.1921 2.0079, 0.3524 -0.1921 2.0079, 0.3327 -0.1921 2.0079, -0.0413 -0.1921 2.0079, -0.061 -0.1921 2.0079, -0.435 -0.1921 2.0079, -0.4547 -0.1921 2.0079, -0.8287 -0.1921 2.0079, -0.8484 -0.1921 2.0079, -1.0059 -0.2362 2.0079, -1.1043 0.045 2.0079, 2.4164 -1.3257 2.3543, 2.4198 -1.3407 2.3563, -2.4204 -1.3257 2.3543, -2.4237 -1.3407 2.3563, -2.4248 -1.3455 2.3569, 2.4208 -1.3455 2.3569, -2.427 -1.3554 2.3609, 2.423 -1.3554 2.3609, 2.425 -1.3643 2.3645, -2.4289 -1.3643 2.3645, 2.4261 -1.369 2.3679, -2.43 -1.369 2.3679, 2.4284 -1.3794 2.3755, -2.4323 -1.3794 2.3755, 2.4288 -1.3813 2.3774, -2.4327 -1.3813 2.3774, 2.4686 -1.495 2.4911, 2.4728 -1.4981 2.4942, 2.4606 -1.4854 2.4815, 2.445 -1.4541 2.4502, 2.4516 -1.4704 2.4665, -2.4589 -1.4786 2.4747, 2.455 -1.4786 2.4747, -2.4646 -1.4854 2.4815, -2.4489 -1.4541 2.4502, -2.4556 -1.4704 2.4665, 2.4822 -1.5051 2.5011, 2.4877 -1.5076 2.5036, 2.4958 -1.5113 2.5074, 2.5043 -1.5135 2.5095, 2.5092 -1.5147 2.5108, -2.5131 -1.5147 2.5108, -2.5082 -1.5135 2.5095, -2.4998 -1.5113 2.5074, -2.4916 -1.5076 2.5036, -2.4862 -1.5051 2.5011, -2.4767 -1.4981 2.4942, -2.4726 -1.495 2.4911, 1.1398 0.1575 2.3543, 1.1398 0.2756 2.3543, 2.3012 0.2756 2.3543, -1.0059 -0.2362 2.3543, -2.3051 -0.8071 2.3543, -1.1437 0.1575 2.3543, -2.3051 0.2756 2.3543, -1.1437 0.2756 2.3543, 1.002 -0.2362 2.3543, 2.3012 -0.8071 2.3543, 1.3563 1.2008 1.4173, 1.3563 1.2008 0.6102, 1.3563 1.3583 1.4173, 1.3563 1.4469 0.6102, 1.3563 1.5551 1.811, 1.3563 1.3583 1.6142, 1.3563 1.6339 1.811, 1.3563 1.6339 0.3346, 1.3563 1.4469 0.3346, 1.1791 1.2008 0.3346, 1.1791 1.2008 1.4173, 1.1791 1.3583 0.3346, 1.1791 1.3583 1.4173, 1.7303 1.2008 0.6102, 1.7303 1.2008 2.4606, 1.6713 1.2008 2.4606, 1.2776 1.2008 0.3346, 1.2776 1.2008 0.2362, 1.0217 1.2008 0.2362, 1.0217 1.2008 2.7362, 1.7303 1.2008 2.8543, 1.7303 1.2008 2.5197, 1.1398 1.2008 2.8543, 1.6713 1.2008 2.5197, 2.1634 1.6339 2.8543, 2.0026 1.4731 2.4584, 2.0008 1.4713 2.4602, 1.9757 1.4461 2.4848, 1.9715 1.4419 2.4889, 1.9456 1.4161 2.5028, 2.0294 1.4999 2.4052, 2.031 1.5015 2.3972, 2.0346 1.505 2.3787, 2.0197 1.4901 2.4305, 2.0189 1.4894 2.4324, 1.9316 1.4021 2.5103, 1.9126 1.3831 2.5136, 1.878 1.3484 2.5197, 1.9764 1.4469 0.3346, 1.9764 1.4469 0.4232, 2.1634 1.6339 0.3346, 2.0354 1.5059 0.4823, 2.0354 1.5059 2.3622, 2.7343 1.6339 2.8543, 2.7343 1.6339 0.3346, 2.4882 0.4134 2.8543, 2.7343 0.4134 2.8543, -1.0256 0.5906 2.7362, 1.0217 0.5906 2.7362, 1.0217 0.8268 2.5, -1.0256 0.8268 2.5, -1.0256 1.1024 1.9488, -1.0256 0.8268 1.9488, 1.0217 1.1024 1.9488, 1.0217 0.8268 1.9488, -0.9764 1.1024 0.3346, -1.0256 1.1024 0.3346, 0.5886 1.1024 0.3346, 0.7854 1.1024 0.3346, 1.0217 1.1024 0.3346, 0.3917 1.1024 0.3346, 0.1949 1.1024 0.3346, -0.002 1.1024 0.3346, -0.3957 1.1024 0.3346, -0.5925 1.1024 0.3346, -0.7894 1.1024 0.3346, 2.8031 0.3051 1.2598, 3.0492 0.4134 1.2598, 2.7047 0.3051 1.2598, 2.685 0.4134 1.2598, 2.7047 -1.3681 1.2598, 2.8031 -1.3681 1.2598, 3.0492 -0.0693 1.2598, 3.0492 0.0206 1.2598, 3.0492 0.2572 1.2598, 3.0492 0.2867 1.2598, 3.0492 0.3742 1.2598, 3.0492 0.0262 1.2598, 3.0492 0.088 1.2598, 3.0492 0.1052 1.2598, 3.0492 0.1479 1.2598, 3.0492 0.1697 1.2598, 2.8031 -1.3681 1.5551, 2.8031 0.3051 1.5551, 2.7047 -1.3681 1.5551, 2.7047 0.3051 1.5551, 3.0492 0.4134 2.5394, 2.685 0.4134 2.6575, 3.0492 0.4134 1.6713, 3.0492 1.3189 2.5394, 3.0492 0.8898 2.5394, 3.0492 1.3189 0.779, 3.0492 1.3189 0.6567, 3.0492 1.3189 1.6713, 3.0492 1.3189 0.5359, 3.0492 1.3189 0.4989, 3.0492 1.3189 0.3346, 1.0217 1.6339 0.3346, 3.0492 0.3742 0.3346, 3.0492 0.2867 0.3346, 2.3602 0.7579 0.3346, 2.8031 -0.8071 0.3346, 2.7047 -0.8071 0.3346, 1.8484 0.7579 0.3346, 1.8484 0.8169 0.3346, 3.0492 0.2572 0.3346, 3.0492 0.1697 0.3346, 3.0492 0.1479 0.3346, 3.0492 0.1052 0.3346, 3.0492 0.088 0.3346, 3.0492 0.8898 0.3346, 2.3602 0.8169 0.3346, 3.0492 0.0262 0.3346, 3.0492 0.0206 0.3346, 3.0492 -0.0693 0.3346, 2.8031 -1.2795 0.3346, 2.7047 -1.2795 0.3346, 1.0217 1.3583 0.3346, 1.376 1.4469 0.3346, 1.8878 1.4469 0.3346
            ]
        }
        coordIndex [
            0,1,2,-1,3,4,2,-1,2,4,5,-1,2,5,6,-1,7,8,2,-1,2,8,9,-1,10,11,2,-1,2,11,12,-1,2,12,3,-1,9,13,2,-1,2,13,14,-1,2,14,10,-1,6,15,2,-1,2,15,16,-1,2,16,0,-1,17,18,19,-1,20,21,22,-1,23,24,25,-1,26,27,28,-1,28,27,29,-1,30,17,31,-1,31,17,19,-1,31,19,32,-1,30,31,22,-1,22,31,33,-1,22,33,20,-1,24,28,25,-1,25,28,29,-1,25,29,33,-1,33,29,34,-1,33,34,35,-1,19,36,32,-1,32,36,37,-1,32,37,38,-1,25,39,40,-1,38,41,32,-1,32,41,42,-1,32,42,25,-1,25,42,43,-1,25,43,39,-1,35,44,33,-1,33,44,45,-1,33,45,20,-1,46,47,40,-1,40,47,48,-1,40,48,25,-1,25,48,49,-1,25,49,50,-1,50,51,25,-1,25,51,52,-1,25,52,53,-1,53,54,25,-1,25,54,55,-1,25,55,23,-1,56,57,58,-1,59,60,61,-1,61,60,62,-1,63,64,65,-1,65,64,66,-1,67,68,69,-1,69,68,70,-1,71,72,73,-1,73,72,74,-1,75,76,77,-1,78,79,77,-1,80,81,77,-1,82,83,84,-1,84,83,85,-1,84,85,86,-1,87,88,77,-1,89,90,91,-1,91,90,92,-1,91,92,93,-1,76,94,95,-1,95,94,96,-1,79,97,98,-1,98,97,99,-1,100,101,93,-1,102,103,104,-1,104,103,105,-1,106,107,108,-1,108,107,109,-1,108,109,110,-1,111,112,113,-1,113,112,114,-1,113,114,115,-1,81,116,117,-1,117,116,118,-1,119,120,121,-1,121,120,122,-1,121,122,123,-1,88,124,125,-1,125,124,126,-1,58,127,56,-1,56,127,128,-1,56,128,129,-1,129,128,130,-1,129,130,131,-1,93,92,100,-1,100,92,128,-1,100,128,77,-1,77,128,127,-1,77,127,102,-1,132,133,106,-1,106,133,75,-1,106,75,107,-1,107,75,77,-1,107,77,62,-1,62,77,102,-1,62,102,61,-1,61,102,104,-1,134,135,111,-1,111,135,80,-1,111,80,112,-1,112,80,77,-1,112,77,66,-1,66,77,76,-1,66,76,65,-1,65,76,95,-1,136,137,82,-1,82,137,78,-1,82,78,83,-1,83,78,77,-1,83,77,70,-1,70,77,81,-1,70,81,69,-1,69,81,117,-1,138,139,119,-1,119,139,87,-1,119,87,120,-1,120,87,77,-1,120,77,74,-1,74,77,79,-1,74,79,73,-1,73,79,98,-1,88,125,77,-1,77,125,140,-1,77,140,141,-1,142,143,144,-1,144,143,145,-1,145,143,146,-1,146,143,147,-1,146,147,148,-1,147,149,148,-1,148,149,150,-1,148,150,151,-1,151,150,152,-1,151,152,153,-1,153,152,154,-1,153,154,155,-1,155,154,156,-1,155,156,157,-1,158,159,32,-1,158,32,160,-1,161,162,163,-1,163,162,164,-1,163,164,165,-1,157,156,166,-1,166,156,161,-1,166,161,167,-1,167,161,163,-1,159,168,32,-1,32,168,169,-1,32,169,170,-1,170,171,32,-1,32,171,172,-1,32,172,31,-1,160,32,164,-1,164,32,173,-1,164,173,174,-1,174,175,164,-1,164,175,176,-1,164,176,177,-1,177,178,164,-1,164,178,179,-1,164,179,165,-1,180,181,182,-1,183,184,185,-1,185,184,186,-1,185,186,187,-1,180,182,188,-1,182,189,188,-1,188,189,142,-1,188,142,183,-1,183,142,144,-1,183,144,184,-1,190,191,192,-1,192,191,193,-1,194,195,196,-1,196,195,192,-1,196,192,197,-1,197,192,193,-1,197,193,198,-1,199,200,201,-1,201,200,202,-1,203,191,204,-1,204,191,190,-1,204,190,205,-1,206,207,199,-1,199,207,208,-1,199,208,200,-1,200,208,209,-1,210,211,212,-1,212,211,213,-1,212,213,209,-1,209,213,205,-1,209,205,200,-1,200,205,190,-1,214,215,216,-1,216,217,214,-1,214,217,218,-1,214,218,219,-1,220,214,221,-1,221,214,222,-1,220,223,214,-1,214,223,224,-1,214,224,215,-1,219,225,214,-1,214,225,226,-1,214,226,210,-1,210,226,227,-1,210,227,211,-1,228,229,230,-1,230,229,231,-1,230,231,214,-1,214,231,232,-1,214,232,222,-1,233,234,214,-1,214,234,230,-1,210,212,235,-1,235,212,18,-1,235,18,17,-1,210,235,214,-1,214,235,236,-1,214,236,233,-1,36,19,237,-1,237,19,238,-1,238,239,237,-1,237,239,240,-1,241,242,243,-1,243,242,244,-1,245,246,241,-1,247,243,248,-1,248,243,249,-1,247,250,243,-1,243,250,251,-1,243,251,241,-1,241,251,252,-1,241,252,253,-1,253,254,241,-1,241,254,255,-1,241,255,245,-1,26,208,27,-1,27,208,207,-1,256,257,258,-1,258,257,259,-1,258,259,260,-1,260,259,22,-1,260,22,261,-1,261,22,21,-1,261,21,256,-1,256,21,262,-1,256,262,263,-1,264,265,256,-1,256,265,266,-1,256,266,257,-1,263,267,256,-1,256,267,268,-1,256,268,269,-1,269,270,256,-1,256,270,271,-1,256,271,264,-1,272,261,273,-1,273,261,256,-1,274,272,275,-1,275,272,273,-1,258,275,256,-1,256,275,273,-1,258,260,275,-1,275,260,274,-1,274,260,272,-1,272,260,261,-1,236,235,276,-1,276,235,277,-1,276,277,278,-1,278,277,259,-1,278,259,257,-1,279,233,280,-1,280,233,236,-1,280,236,276,-1,234,281,282,-1,281,234,283,-1,283,234,233,-1,283,233,279,-1,282,284,234,-1,234,284,285,-1,234,285,286,-1,287,197,198,-1,288,289,290,-1,291,292,293,-1,293,292,287,-1,293,287,294,-1,294,287,198,-1,206,199,201,-1,289,295,290,-1,290,295,296,-1,290,296,297,-1,297,298,290,-1,290,298,299,-1,290,299,293,-1,288,290,300,-1,300,290,301,-1,300,301,286,-1,286,301,230,-1,286,230,234,-1,299,302,293,-1,293,302,303,-1,293,303,291,-1,291,303,304,-1,291,304,305,-1,305,304,34,-1,305,34,306,-1,306,34,29,-1,306,29,292,-1,292,29,206,-1,292,206,287,-1,287,206,201,-1,287,201,307,-1,198,308,294,-1,294,308,309,-1,294,309,301,-1,301,309,228,-1,301,228,230,-1,
        ]
    }
}
Shape{
    appearance Appearance {
        material  Material 	{
            diffuseColor 0.6666666666666666 0.6980392156862745 0.7686274509803922
            specularColor 0.3333333333333333 0.34901960784313724 0.3843137254901961
            ambientIntensity 0.6967
            transparency 0.0
            shininess 0.5
        }
    }
    geometry IndexedFaceSet {
        ccw TRUE
        solid FALSE
        coord DEF co Coordinate {
            point [
                2.7047 -0.8071 0.2165, 2.7047 -0.8071 0.3346, 2.8031 -0.8071 0.2165, 2.8031 -0.8071 0.3346, 2.7047 -1.2008 0.1378, 2.7047 -0.8858 0.1378, 2.7047 -1.2008 -0.3543, 2.7047 -0.8858 -0.3543, 2.7047 -1.122 -0.5512, 2.7047 -0.9646 -0.5512, 2.7047 -1.2402 0.1378, 2.7047 -1.2795 0.2165, 2.7047 -1.2795 0.3346, 2.7047 -0.8465 0.1378, 2.8031 -0.8465 0.1378, 2.8031 -0.8858 0.1378, 2.8031 -0.8858 -0.3543, 2.8031 -0.9646 -0.5512, 2.8031 -1.2008 -0.3543, 2.8031 -1.2008 0.1378, 2.8031 -1.2402 0.1378, 2.8031 -1.122 -0.5512, 2.8031 -1.2795 0.2165, 2.8031 -1.2795 0.3346, 2.124 0.7579 -0.5512, 2.2815 0.7579 -0.5512, 2.124 0.7579 -0.5118, 2.2815 0.7579 -0.5118, 2.0453 0.7579 -0.3543, 2.3602 0.7579 -0.3543, 2.0453 0.7579 0.1378, 2.3602 0.7579 0.3346, 1.8484 0.7579 0.3346, 2.3602 0.8169 0.3346, 2.3602 0.8169 -0.3543, 2.2815 0.8169 -0.5512, 2.124 0.8169 -0.5512, 2.2815 0.8169 -0.5118, 2.124 0.8169 -0.5118, 2.0453 0.8169 -0.3543, 2.0453 0.8169 0.1378, 1.8484 0.8169 0.3346
            ]
        }
        coordIndex [
            0,1,2,-1,2,1,3,-1,4,5,6,-1,6,5,7,-1,6,7,8,-1,8,7,9,-1,10,11,4,-1,4,11,12,-1,4,12,5,-1,5,12,1,-1,5,1,13,-1,13,1,0,-1,14,15,13,-1,13,15,5,-1,7,5,16,-1,16,5,15,-1,9,7,17,-1,17,7,16,-1,6,18,4,-1,4,18,19,-1,10,4,20,-1,20,4,19,-1,6,8,18,-1,18,8,21,-1,14,2,15,-1,15,2,3,-1,22,20,23,-1,23,20,19,-1,3,23,15,-1,15,23,19,-1,15,19,16,-1,16,19,18,-1,16,18,17,-1,17,18,21,-1,22,11,20,-1,20,11,10,-1,11,22,12,-1,12,22,23,-1,8,9,21,-1,21,9,17,-1,2,14,0,-1,0,14,13,-1,24,25,26,-1,26,25,27,-1,26,27,28,-1,28,27,29,-1,28,29,30,-1,30,29,31,-1,30,31,32,-1,31,29,33,-1,33,29,34,-1,35,36,37,-1,37,36,38,-1,37,38,34,-1,34,38,39,-1,34,39,33,-1,33,39,40,-1,33,40,41,-1,28,30,39,-1,39,30,40,-1,26,28,38,-1,38,28,39,-1,24,26,36,-1,36,26,38,-1,25,24,35,-1,35,24,36,-1,27,25,37,-1,37,25,35,-1,29,27,34,-1,34,27,37,-1,30,32,40,-1,40,32,41,-1,
        ]
    }
}
Shape{
    appearance Appearance {
        material  Material 	{
            diffuseColor 0.2235294117647059 0.2235294117647059 0.2235294117647059
            specularColor 0.11372549019607843 0.11372549019607843 0.11372549019607843
            ambientIntensity 0.2235
            transparency 0.0
            shininess 0.5
        }
    }
    geometry IndexedFaceSet {
        ccw TRUE
        solid FALSE
        coord DEF co Coordinate {
            point [
                1.9764 1.4469 0.4232, 1.9764 1.4469 0.3346, 1.8878 1.4469 0.3346
            ]
        }
        coordIndex [
            0,1,2,-1,
        ]
    }
}
Shape{
    appearance Appearance {
        material  Material 	{
            diffuseColor 0.6666666666666666 0.6980392156862745 0.7686274509803922
            specularColor 0.3333333333333333 0.34901960784313724 0.3843137254901961
            ambientIntensity 0.6967
            transparency 0.0
            shininess 0.5
        }
    }
    geometry IndexedFaceSet {
        ccw TRUE
        solid FALSE
        coord DEF co Coordinate {
            point [
                1.6909 1.4469 0.1378, 1.6909 1.5059 0.1378, 1.8878 1.4469 0.3346, 2.0354 1.5059 0.4823, 1.9764 1.4469 0.4232
            ]
        }
        coordIndex [
            0,1,2,-1,2,1,3,-1,2,3,4,-1,
        ]
    }
}
Shape{
    appearance Appearance {
        material  Material 	{
            diffuseColor 0.2235294117647059 0.2235294117647059 0.2235294117647059
            specularColor 0.11372549019607843 0.11372549019607843 0.11372549019607843
            ambientIntensity 0.2235
            transparency 0.0
            shininess 0.5
        }
    }
    geometry IndexedFaceSet {
        ccw TRUE
        solid FALSE
        coord DEF co Coordinate {
            point [
                1.376 1.4469 0.3346, 1.3563 1.4469 0.3346, 1.376 1.4469 0.6102, 1.3563 1.4469 0.6102, 1.0217 1.6339 0.3346, 1.0217 1.6339 1.811, 1.3563 1.6339 0.3346, 1.3563 1.6339 1.811, 1.0217 1.5551 1.811, 1.3563 1.5551 1.811
            ]
        }
        coordIndex [
            0,1,2,-1,2,1,3,-1,4,5,6,-1,6,5,7,-1,8,9,5,-1,5,9,7,-1,
        ]
    }
}
Shape{
    appearance Appearance {
        material  Material 	{
            diffuseColor 0.6666666666666666 0.6980392156862745 0.7686274509803922
            specularColor 0.3333333333333333 0.34901960784313724 0.3843137254901961
            ambientIntensity 0.6967
            transparency 0.0
            shininess 0.5
        }
    }
    geometry IndexedFaceSet {
        ccw TRUE
        solid FALSE
        coord DEF co Coordinate {
            point [
                1.376 1.4469 0.6102, 1.3563 1.4469 0.6102, 1.3563 1.2008 0.6102, 1.7303 1.2008 0.6102, 1.9764 1.4469 0.6102, 1.6713 1.4469 0.6102, 1.6713 1.5059 0.6102, 1.376 1.5059 0.6102, 1.9764 1.4469 2.3622, 1.6713 1.4469 2.3622
            ]
        }
        coordIndex [
            0,1,2,-1,3,4,5,-1,6,7,5,-1,5,7,0,-1,5,0,3,-1,3,0,2,-1,8,9,4,-1,4,9,5,-1,
        ]
    }
}
Shape{
    appearance Appearance {
        material  Material 	{
            diffuseColor 0.2235294117647059 0.2235294117647059 0.2235294117647059
            specularColor 0.11372549019607843 0.11372549019607843 0.11372549019607843
            ambientIntensity 0.2235
            transparency 0.0
            shininess 0.5
        }
    }
    geometry IndexedFaceSet {
        ccw TRUE
        solid FALSE
        coord DEF co Coordinate {
            point [
                1.7303 1.2008 0.6102, 1.7303 1.2008 2.4606, 1.878 1.3484 2.4606, 1.954 1.4245 2.4246, 1.9548 1.4253 2.4235, 1.9661 1.4365 2.4061, 1.9665 1.437 2.4049, 1.9726 1.4431 2.3891, 1.9736 1.4441 2.384, 1.9758 1.4463 2.3725, 1.9764 1.4469 2.3622, 1.9764 1.4469 0.6102, 1.8997 1.3702 2.4572, 1.9082 1.3787 2.4559, 1.9202 1.3907 2.4499, 1.9339 1.4044 2.4432, 1.9388 1.4093 2.4386
            ]
        }
        coordIndex [
            0,1,2,-1,3,4,0,-1,0,4,5,-1,5,6,0,-1,0,6,7,-1,0,7,8,-1,8,9,0,-1,0,9,10,-1,0,10,11,-1,2,12,0,-1,0,12,13,-1,0,13,14,-1,14,15,0,-1,0,15,16,-1,0,16,3,-1,
        ]
    }
}
Shape{
    appearance Appearance {
        material  Material 	{
            diffuseColor 0.6666666666666666 0.6980392156862745 0.7686274509803922
            specularColor 0.3333333333333333 0.34901960784313724 0.3843137254901961
            ambientIntensity 0.6967
            transparency 0.0
            shininess 0.5
        }
    }
    geometry IndexedFaceSet {
        ccw TRUE
        solid FALSE
        coord DEF co Coordinate {
            point [
                1.6713 1.3484 2.4606, 1.6713 1.3703 2.4582, 1.878 1.3484 2.4606, 1.8997 1.3702 2.4572, 1.9082 1.3787 2.4559, 1.6713 1.3911 2.4509, 1.9202 1.3907 2.4499, 1.9339 1.4044 2.4432, 1.6713 1.4098 2.4392, 1.9388 1.4093 2.4386, 1.954 1.4245 2.4246, 1.6713 1.4254 2.4236, 1.9548 1.4253 2.4235, 1.9661 1.4365 2.4061, 1.6713 1.4371 2.4049, 1.9665 1.437 2.4049, 1.9726 1.4431 2.3891, 1.6713 1.4444 2.3841, 1.9736 1.4441 2.384, 1.9758 1.4463 2.3725, 1.6713 1.4469 2.3622, 1.9764 1.4469 2.3622, 1.7303 1.2008 2.4606, 1.6713 1.2008 2.4606, 1.878 1.3484 2.5197, 1.6713 1.3484 2.5197, 1.7303 1.2008 2.5197, 1.6713 1.2008 2.5197, 1.6713 1.3835 2.5157, 1.6713 1.4168 2.5041, 1.6713 1.4466 2.4853, 1.6713 1.4715 2.4604, 1.6713 1.4903 2.4305, 1.6713 1.502 2.3972, 1.6713 1.5059 2.3622, 1.6713 1.4469 0.6102, 1.6713 1.5059 0.6102, 1.376 1.4469 0.6102, 1.376 1.5059 0.6102, 1.376 1.4469 0.3346, 1.376 1.5059 -0.3543, 1.376 1.4469 -0.3543, 2.0354 1.5059 2.3622, 2.0354 1.5059 0.4823, 1.6909 1.5059 0.1378, 1.6909 1.5059 -0.3543, 1.4547 1.5059 -0.5118, 1.6122 1.5059 -0.5118, 1.4547 1.5059 -0.5512, 1.6122 1.5059 -0.5512, 2.0346 1.505 2.3787, 2.031 1.5015 2.3972, 2.0294 1.4999 2.4052, 2.0197 1.4901 2.4305, 2.0008 1.4713 2.4602, 2.0026 1.4731 2.4584, 2.0189 1.4894 2.4324, 1.9757 1.4461 2.4848, 1.9126 1.3831 2.5136, 1.9316 1.4021 2.5103, 1.9456 1.4161 2.5028, 1.9715 1.4419 2.4889, 1.6909 1.4469 0.1378, 1.6909 1.4469 -0.3543, 1.6122 1.4469 -0.5118, 1.6122 1.4469 -0.5512, 1.4547 1.4469 -0.5512, 1.4547 1.4469 -0.5118, 1.8878 1.4469 0.3346
            ]
        }
        coordIndex [
            0,1,2,-1,2,1,3,-1,3,1,4,-1,4,1,5,-1,4,5,6,-1,6,5,7,-1,7,5,8,-1,7,8,9,-1,9,8,10,-1,10,8,11,-1,10,11,12,-1,12,11,13,-1,13,11,14,-1,13,14,15,-1,15,14,16,-1,16,14,17,-1,16,17,18,-1,18,17,19,-1,19,17,20,-1,19,20,21,-1,2,22,0,-1,0,22,23,-1,24,25,26,-1,26,25,27,-1,23,27,0,-1,0,27,25,-1,0,25,1,-1,1,25,28,-1,1,28,5,-1,5,28,29,-1,5,29,8,-1,8,29,30,-1,8,30,11,-1,11,30,31,-1,11,31,14,-1,14,31,32,-1,14,32,17,-1,17,32,33,-1,17,33,20,-1,20,33,34,-1,20,34,35,-1,35,34,36,-1,37,38,39,-1,39,38,40,-1,39,40,41,-1,34,42,36,-1,36,42,43,-1,36,43,38,-1,38,43,44,-1,38,44,40,-1,40,44,45,-1,40,45,46,-1,46,45,47,-1,46,47,48,-1,48,47,49,-1,42,34,50,-1,50,34,33,-1,50,33,51,-1,51,33,52,-1,52,33,32,-1,52,32,53,-1,54,55,32,-1,32,55,56,-1,32,56,53,-1,32,31,54,-1,54,31,30,-1,54,30,57,-1,58,59,29,-1,29,59,60,-1,29,60,30,-1,30,60,61,-1,30,61,57,-1,29,28,58,-1,58,28,25,-1,58,25,24,-1,62,63,44,-1,44,63,45,-1,63,64,45,-1,45,64,47,-1,64,65,47,-1,47,65,49,-1,65,66,49,-1,49,66,48,-1,66,67,48,-1,48,67,46,-1,67,41,46,-1,46,41,40,-1,66,65,67,-1,67,65,64,-1,67,64,41,-1,41,64,63,-1,41,63,39,-1,39,63,62,-1,39,62,68,-1,
        ]
    }
}
Shape{
    appearance Appearance {
        material  Material 	{
            diffuseColor 0.2235294117647059 0.2235294117647059 0.2235294117647059
            specularColor 0.11372549019607843 0.11372549019607843 0.11372549019607843
            ambientIntensity 0.2235
            transparency 0.0
            shininess 0.5
        }
    }
    geometry IndexedFaceSet {
        ccw TRUE
        solid FALSE
        coord DEF co Coordinate {
            point [
                1.2776 -1.5157 0.3346, 1.2776 -1.5157 0.2362, 1.2776 1.2008 0.3346, 1.2776 1.2008 0.2362, 1.3563 1.3583 1.4173, 1.3563 1.3583 1.6142, 1.1791 1.3583 1.4173, 1.0217 1.3583 1.6142, 1.1791 1.3583 0.3346, 1.0217 1.3583 0.3346, 2.4882 -1.5157 2.8543, 2.685 -1.5157 2.6575, 2.4882 0.4134 2.8543, 2.685 0.4134 2.6575, 2.685 0.4134 1.2598, 2.685 -1.5157 1.2598, 1.0217 0.8268 2.5, 1.0217 0.5906 2.7362, 1.0217 1.2008 2.7362, 1.0217 1.0925 0.3346, 1.0217 1.2008 0.2362, 1.0217 -0.1083 0.3346, 1.0217 -1.5157 0.2362, 1.0217 -1.5157 0.3346, 1.0217 1.1024 0.3346, 1.0217 1.1024 1.9488, 1.0217 0.8268 1.9488, 1.1398 -1.4764 1.2598, 1.1398 -1.4764 1.9685, 1.1386 -1.4851 1.2598, 1.1388 -1.4851 1.9685, 1.1384 -1.4866 1.2598, 1.1383 -1.4865 1.9685, 1.1356 -1.4934 1.2598, 1.1359 -1.4935 1.9685, 1.1345 -1.4961 1.2598, 1.1343 -1.4959 1.9685, 1.1309 -1.5007 1.2598, 1.1312 -1.5009 1.9685, 1.1282 -1.5042 1.2598, 1.1281 -1.504 1.9685, 1.1247 -1.5069 1.2598, 1.1249 -1.5072 1.9685, 1.1201 -1.5105 1.2598, 1.12 -1.5103 1.9685, 1.1174 -1.5116 1.2598, 1.1175 -1.5118 1.9685, 1.1106 -1.5144 1.2598, 1.1105 -1.5143 1.9685, 1.1091 -1.5146 1.2598, 1.1092 -1.5148 1.9685, 1.1004 -1.5157 1.2598, 1.1004 -1.5157 1.9685, -1.1043 -1.5157 1.2598, -1.1043 -1.5157 1.9685, -1.1043 -1.4935 1.2244, -1.1043 -1.4851 1.2215, 1.1004 -1.4851 1.2215, -1.1043 -1.4764 1.2205, 1.1004 -1.4764 1.2205, 1.1004 -1.4865 1.2219, 1.1004 -1.4935 1.2244, -1.1043 -1.5009 1.2291, 1.1004 -1.4959 1.2259, 1.1004 -1.5009 1.2291, -1.1043 -1.5072 1.2353, 1.1004 -1.504 1.2322, 1.1004 -1.5072 1.2353, -1.1043 -1.5118 1.2428, 1.1004 -1.5103 1.2403, 1.1004 -1.5118 1.2428, -1.1043 -1.5148 1.2511, 1.1004 -1.5143 1.2497, 1.1004 -1.5148 1.2511, -0.8484 -1.2992 1.2205, -0.8484 -0.1921 1.2205, -0.8287 -0.2362 1.2205, -0.8287 -0.1921 1.2205, 0.9232 -1.2992 1.2205, 0.9232 -0.1921 1.2205, 0.9429 -0.2362 1.2205, 0.9429 -0.1921 1.2205, -0.6516 -1.2992 1.2205, -0.6516 -0.1921 1.2205, -0.6319 -0.2362 1.2205, -0.6319 -0.1921 1.2205, -0.2579 -1.2992 1.2205, -0.2579 -0.1921 1.2205, -0.2382 -0.2362 1.2205, -0.2382 -0.1921 1.2205, 0.5295 -1.2992 1.2205, 0.5295 -0.1921 1.2205, 0.5492 -0.2362 1.2205, 0.5492 -0.1921 1.2205, 0.1358 -1.2992 1.2205, 0.1358 -0.1921 1.2205, 0.1555 -0.2362 1.2205, 0.1555 -0.1921 1.2205, 0.3327 -1.2992 1.2205, 0.3327 -0.1921 1.2205, 0.3524 -0.2362 1.2205, 0.3524 -0.1921 1.2205, -0.061 -1.2992 1.2205, -0.061 -0.1921 1.2205, -0.0413 -0.2362 1.2205, -0.0413 -0.1921 1.2205, -0.3563 -0.2362 1.2205, -0.4547 -1.2992 1.2205, -0.435 -0.2362 1.2205, -0.4547 -0.1921 1.2205, -0.435 -0.1921 1.2205, -0.1594 -0.1921 1.2205, -0.1398 -0.1921 1.2205, -0.1594 -0.2362 1.2205, -0.1398 -1.2992 1.2205, -1.1043 0.045 1.2205, -1.0059 -0.2362 1.2205, -0.9469 -0.1921 1.2205, -0.9272 -0.1921 1.2205, -0.9469 -0.2362 1.2205, -0.9272 -1.2992 1.2205, -0.3366 -1.2992 1.2205, 0.0374 -0.1921 1.2205, 0.0571 -0.1921 1.2205, 0.0374 -0.2362 1.2205, 0.0571 -1.2992 1.2205, -0.75 -0.1921 1.2205, -0.7303 -0.1921 1.2205, -0.75 -0.2362 1.2205, -0.7303 -1.2992 1.2205, -0.5531 -0.1921 1.2205, -0.5335 -0.1921 1.2205, -0.5531 -0.2362 1.2205, -0.5335 -1.2992 1.2205, 0.2343 -0.1921 1.2205, 0.2539 -0.1921 1.2205, 0.2343 -0.2362 1.2205, 0.2539 -1.2992 1.2205, -0.3366 -0.1921 1.2205, -0.3563 -0.1921 1.2205, 0.4311 -0.1921 1.2205, 0.4508 -0.1921 1.2205, 0.4311 -0.2362 1.2205, 0.4508 -1.2992 1.2205, 0.628 -0.1921 1.2205, 0.6476 -0.1921 1.2205, 0.628 -0.2362 1.2205, 0.6476 -1.2992 1.2205, 0.8248 -0.2362 1.2205, 0.7264 -1.2992 1.2205, 0.7461 -0.2362 1.2205, 0.7264 -0.1921 1.2205, 0.7461 -0.1921 1.2205, 0.8445 -1.2992 1.2205, 0.8445 -0.1921 1.2205, 0.8248 -0.1921 1.2205, 1.002 -0.2362 1.2205, 1.1004 0.045 1.2205, -1.1437 0.1575 0.874, -1.1437 0.2756 0.874, -2.3051 0.2756 0.874, 1.002 -0.2362 0.874, -1.0059 -0.2362 0.874, -2.4204 -1.3257 0.874, -2.3051 -0.8071 0.874, 2.4164 -1.3257 0.874, 2.3012 -0.8071 0.874, 1.1398 0.1575 0.874, 2.3012 0.2756 0.874, 1.1398 0.2756 0.874, 2.423 -1.3554 2.3609, 2.4208 -1.3455 2.3569, 2.445 -1.4541 0.7782, 2.423 -1.3554 0.8675, 2.4254 -1.3659 0.863, 2.4284 -1.3794 2.3755, 2.4288 -1.3813 2.3774, 2.445 -1.4541 2.4502, 2.4261 -1.369 2.3679, 2.425 -1.3643 2.3645, 2.4261 -1.3691 0.8605, 2.4288 -1.3813 0.851, 2.4171 -1.3288 0.874, 2.4198 -1.3407 0.872, 2.4213 -1.3475 0.8709, 2.4164 -1.3257 2.3543, 2.3012 -0.8071 2.3543, 2.4198 -1.3407 2.3563, 2.3012 0.2756 2.3543, 1.1398 0.2756 1.063, 2.1732 0.2756 1.063, 2.1732 0.2756 2.1654, 1.1398 0.2756 2.1654, 1.1398 0.2756 2.3543, 1.1398 0.1575 2.3543, 1.1398 0.1575 1.9685, 1.1398 0.1575 1.2598, 1.1398 0.5512 1.3386, 1.1398 0.5512 1.8898, 2.1732 0.5512 1.8898, 2.1732 0.5512 1.3386, -2.512 -1.5145 0.7178, -2.5258 -1.5157 0.7165, 2.5218 -1.5157 0.7165, -2.4646 -1.4854 0.7469, -2.4715 -1.4941 0.7382, 2.4676 -1.4941 0.7382, 2.4728 -1.498 0.7342, -2.5082 -1.5135 0.7188, -2.4768 -1.498 0.7342, -2.4862 -1.5051 0.7272, 2.5043 -1.5135 0.7188, 2.4949 -1.511 0.7213, -2.4489 -1.4541 0.7782, -2.4554 -1.4705 0.7618, -2.4581 -1.4772 0.755, 2.4541 -1.4772 0.755, 2.4515 -1.4705 0.7618, -2.4327 -1.3813 0.851, -2.4916 -1.5076 0.7247, -2.4989 -1.511 0.7213, 2.508 -1.5145 0.7178, 2.4877 -1.5076 0.7247, 2.4822 -1.5051 0.7272, 2.4607 -1.4854 0.7469, -2.421 -1.3288 0.874, -2.4237 -1.3407 0.872, -2.4252 -1.3475 0.8709, -2.427 -1.3554 0.8675, -2.4293 -1.3659 0.863, -2.43 -1.3691 0.8605, 1.1396 0.1571 1.9719, 1.1326 0.137 1.9911, 1.1357 0.146 1.9855, 1.1366 0.1483 1.9841, 1.1384 0.1535 1.9789, 1.002 -0.2362 2.3543, 1.002 -0.2362 2.0079, 1.1004 0.045 2.0079, 1.1222 0.1072 2.0013, 1.1246 0.1142 1.9989, 1.1309 0.1322 1.9928, 1.1087 0.0688 2.0054, 1.1171 0.0927 2.0028, 1.1387 0.1545 1.9773, 1.1392 0.1558 1.9752, 1.1091 -1.4764 2.0067, 1.1004 -1.4764 2.0079, 1.1106 -1.4764 2.0065, 1.1174 -1.4764 2.0037, 1.1201 -1.4764 2.0026, 1.1247 -1.4764 1.999, 1.1282 -1.4764 1.9963, 1.1309 -1.4764 1.9929, 1.1345 -1.4764 1.9882, 1.1356 -1.4764 1.9855, 1.1384 -1.4764 1.9787, 1.1392 0.1558 1.9752, 1.1386 -1.4764 1.9772, 1.1375 -1.4851 1.9784, 1.1336 -1.4851 1.9877, 1.1275 -1.4851 1.9956, 1.1196 -1.4851 2.0017, 1.1103 -1.4851 2.0056, 1.1004 -1.4851 2.0069, 1.1089 -1.5148 1.9708, 1.1169 -1.5118 1.9729, 1.1241 -1.5072 1.9749, 1.1301 -1.5009 1.9765, 1.1347 -1.4935 1.9777, 1.1096 -1.4935 2.0028, 1.1004 -1.4935 2.004, 1.1084 -1.5009 1.9982, 1.1004 -1.5009 1.9993, 1.1067 -1.5072 1.9922, 1.1004 -1.5072 1.9931, 1.1048 -1.5118 1.985, 1.1004 -1.5118 1.9856, 1.1027 -1.5148 1.977, 1.1004 -1.5148 1.9773, 1.1181 -1.4935 1.9992, 1.1158 -1.5009 1.9952, 1.1127 -1.5072 1.9898, 1.1089 -1.5118 1.9833, 1.1048 -1.5148 1.9761, 1.1255 -1.4935 1.9936, 1.1222 -1.5009 1.9903, 1.1178 -1.5072 1.9859, 1.1125 -1.5118 1.9806, 1.1066 -1.5148 1.9747, 1.1311 -1.4935 1.9862, 1.1271 -1.5009 1.9839, 1.1217 -1.5072 1.9808, 1.1152 -1.5118 1.977, 1.108 -1.5148 1.9729, 1.1092 -1.5135 1.2499, 1.1092 -1.5096 1.2407, 1.1092 -1.5035 1.2327, 1.1092 -1.4956 1.2266, 1.1092 -1.4863 1.2228, 1.1092 -1.4764 1.2215, 1.1388 -1.4848 1.2576, 1.1359 -1.4929 1.2554, 1.1312 -1.5001 1.2535, 1.1249 -1.5061 1.2519, 1.1175 -1.5106 1.2507, 1.1175 -1.4856 1.2256, 1.1175 -1.4764 1.2244, 1.1249 -1.4843 1.2301, 1.1249 -1.4764 1.2291, 1.1312 -1.4827 1.2361, 1.1312 -1.4764 1.2353, 1.1359 -1.4808 1.2433, 1.1359 -1.4764 1.2428, 1.1388 -1.4786 1.2514, 1.1388 -1.4764 1.2511, 1.1175 -1.4941 1.2291, 1.1249 -1.4918 1.2332, 1.1312 -1.4887 1.2386, 1.1359 -1.4849 1.245, 1.1388 -1.4808 1.2523, 1.1175 -1.5015 1.2348, 1.1249 -1.4981 1.2381, 1.1312 -1.4937 1.2425, 1.1359 -1.4885 1.2478, 1.1388 -1.4826 1.2536, 1.1175 -1.5071 1.2421, 1.1249 -1.503 1.2445, 1.1312 -1.4976 1.2476, 1.1359 -1.4912 1.2513, 1.1388 -1.484 1.2555, 1.131 0.1326 1.2354, 1.1381 0.1529 1.2487, 1.1387 0.1545 1.2511, 1.1396 0.1571 1.2565, 1.1391 0.1557 1.2529, 1.1319 0.135 1.2362, 1.1358 0.1461 1.2428, 1.1362 0.1474 1.2436, 1.1171 0.0929 1.2253, 1.1214 0.1051 1.2266, 1.1246 0.1141 1.2295, 1.1088 0.0689 1.2229, 2.4676 -1.4941 0.7382, 2.4686 -1.495 2.4911, 2.4822 -1.5051 2.5011, 2.5218 -1.5157 2.5118, 2.5092 -1.5147 2.5108, 2.5043 -1.5135 2.5095, 2.4949 -1.511 0.7213, 2.4958 -1.5113 2.5074, 2.4877 -1.5076 2.5036, 2.4728 -1.4981 2.4942, 2.4606 -1.4854 2.4815, 2.455 -1.4786 2.4747, 2.4516 -1.4704 2.4665, 1.0217 -1.5157 2.7362, 1.1398 -1.5157 2.8543, 1.1398 1.2008 2.8543, 1.3563 1.2008 1.4173, 1.1791 1.2008 1.4173, 1.3563 1.5551 1.811, 1.0217 1.5551 1.811, 1.0217 1.6339 0.3346, 1.0217 1.6339 1.811
            ]
        }
        coordIndex [
            0,1,2,-1,2,1,3,-1,4,5,6,-1,6,5,7,-1,6,7,8,-1,8,7,9,-1,10,11,12,-1,12,11,13,-1,13,11,14,-1,14,11,15,-1,16,17,18,-1,19,20,21,-1,21,20,22,-1,21,22,23,-1,19,24,20,-1,20,24,25,-1,20,25,18,-1,18,25,26,-1,18,26,16,-1,27,28,29,-1,29,28,30,-1,29,30,31,-1,31,30,32,-1,31,32,33,-1,33,32,34,-1,33,34,35,-1,35,34,36,-1,35,36,37,-1,37,36,38,-1,37,38,39,-1,39,38,40,-1,39,40,41,-1,41,40,42,-1,41,42,43,-1,43,42,44,-1,43,44,45,-1,45,44,46,-1,45,46,47,-1,47,46,48,-1,47,48,49,-1,49,48,50,-1,49,50,51,-1,51,50,52,-1,51,52,53,-1,53,52,54,-1,55,56,57,-1,57,56,58,-1,57,58,59,-1,57,60,55,-1,55,60,61,-1,55,61,62,-1,61,63,62,-1,62,63,64,-1,62,64,65,-1,64,66,65,-1,65,66,67,-1,65,67,68,-1,67,69,68,-1,68,69,70,-1,68,70,71,-1,71,70,72,-1,72,73,71,-1,71,73,51,-1,71,51,53,-1,74,75,76,-1,76,75,77,-1,78,79,80,-1,80,79,81,-1,82,83,84,-1,84,83,85,-1,86,87,88,-1,88,87,89,-1,90,91,92,-1,92,91,93,-1,94,95,96,-1,96,95,97,-1,98,99,100,-1,100,99,101,-1,102,103,104,-1,104,103,105,-1,106,107,108,-1,108,107,109,-1,108,109,110,-1,111,112,113,-1,113,112,114,-1,58,115,116,-1,117,118,119,-1,119,118,120,-1,58,121,86,-1,122,123,124,-1,124,123,125,-1,126,127,128,-1,128,127,129,-1,130,131,132,-1,132,131,133,-1,88,113,86,-1,86,113,114,-1,86,114,58,-1,58,114,102,-1,134,135,136,-1,136,135,137,-1,74,58,120,-1,120,58,116,-1,120,116,119,-1,76,128,74,-1,74,128,129,-1,74,129,58,-1,58,129,82,-1,84,132,82,-1,82,132,133,-1,82,133,58,-1,58,133,107,-1,58,107,121,-1,121,107,106,-1,121,106,138,-1,138,106,139,-1,104,124,102,-1,102,124,125,-1,102,125,58,-1,58,125,94,-1,140,141,142,-1,142,141,143,-1,96,136,94,-1,94,136,137,-1,94,137,58,-1,58,137,98,-1,144,145,146,-1,146,145,147,-1,148,149,150,-1,150,149,151,-1,150,151,152,-1,100,142,98,-1,98,142,143,-1,98,143,58,-1,58,143,90,-1,78,59,153,-1,153,59,58,-1,92,146,90,-1,90,146,147,-1,90,147,58,-1,58,147,149,-1,58,149,153,-1,153,149,148,-1,153,148,154,-1,154,148,155,-1,78,80,59,-1,59,80,156,-1,59,156,157,-1,158,159,160,-1,161,162,163,-1,158,160,162,-1,162,160,164,-1,162,164,163,-1,163,165,161,-1,161,165,166,-1,161,166,167,-1,167,166,168,-1,167,168,169,-1,170,171,172,-1,173,174,171,-1,175,172,176,-1,176,172,177,-1,175,178,172,-1,172,178,179,-1,172,179,170,-1,174,180,171,-1,171,180,181,-1,171,181,172,-1,182,183,171,-1,171,183,184,-1,171,184,173,-1,185,186,166,-1,171,187,182,-1,182,187,185,-1,182,185,165,-1,165,185,166,-1,168,166,188,-1,188,166,186,-1,189,169,190,-1,190,169,168,-1,190,168,191,-1,191,168,188,-1,191,188,192,-1,192,188,193,-1,193,194,192,-1,192,194,195,-1,27,196,28,-1,28,196,195,-1,196,167,169,-1,169,189,196,-1,196,189,197,-1,196,197,195,-1,195,197,198,-1,195,198,192,-1,191,199,190,-1,190,199,200,-1,192,198,191,-1,191,198,199,-1,200,199,197,-1,197,199,198,-1,190,200,189,-1,189,200,197,-1,201,202,203,-1,204,205,206,-1,206,205,207,-1,201,203,208,-1,209,210,203,-1,211,212,205,-1,213,214,206,-1,206,214,215,-1,206,215,204,-1,216,217,218,-1,218,217,172,-1,218,172,181,-1,210,219,203,-1,203,219,220,-1,203,220,208,-1,209,203,205,-1,205,203,221,-1,205,221,211,-1,212,222,205,-1,205,222,223,-1,205,223,207,-1,213,206,218,-1,218,206,224,-1,218,224,216,-1,218,181,180,-1,165,163,182,-1,182,163,225,-1,182,225,183,-1,183,225,226,-1,183,226,184,-1,184,226,227,-1,184,227,173,-1,173,227,228,-1,173,228,174,-1,174,228,229,-1,174,229,180,-1,180,229,230,-1,180,230,218,-1,231,195,194,-1,232,233,194,-1,194,233,234,-1,194,234,235,-1,236,237,194,-1,194,237,238,-1,239,240,194,-1,194,240,241,-1,194,241,232,-1,238,242,194,-1,194,242,243,-1,194,243,239,-1,235,244,194,-1,194,244,245,-1,194,245,231,-1,243,242,246,-1,246,242,238,-1,246,238,247,-1,246,248,243,-1,243,248,249,-1,243,249,239,-1,239,249,250,-1,239,250,240,-1,240,250,251,-1,240,251,241,-1,251,252,241,-1,241,252,253,-1,241,253,232,-1,232,253,254,-1,232,254,233,-1,233,254,255,-1,233,255,234,-1,234,255,256,-1,195,231,28,-1,28,231,257,-1,28,257,258,-1,258,257,244,-1,258,244,256,-1,256,244,235,-1,256,235,234,-1,258,256,259,-1,255,254,260,-1,253,252,261,-1,251,250,262,-1,249,248,263,-1,246,247,264,-1,52,50,265,-1,265,50,48,-1,265,48,266,-1,48,46,266,-1,266,46,44,-1,266,44,267,-1,44,42,267,-1,267,42,40,-1,267,40,268,-1,40,38,268,-1,268,38,36,-1,268,36,269,-1,269,36,34,-1,269,34,259,-1,248,246,263,-1,263,246,264,-1,263,264,270,-1,270,264,271,-1,270,271,272,-1,272,271,273,-1,272,273,274,-1,274,273,275,-1,274,275,276,-1,276,275,277,-1,276,277,278,-1,278,277,279,-1,278,279,52,-1,250,249,262,-1,262,249,263,-1,262,263,280,-1,280,263,270,-1,280,270,281,-1,281,270,272,-1,281,272,282,-1,282,272,274,-1,282,274,283,-1,283,274,276,-1,283,276,284,-1,284,276,278,-1,284,278,52,-1,252,251,261,-1,261,251,262,-1,261,262,285,-1,285,262,280,-1,285,280,286,-1,286,280,281,-1,286,281,287,-1,287,281,282,-1,287,282,288,-1,288,282,283,-1,288,283,289,-1,289,283,284,-1,289,284,52,-1,254,253,260,-1,260,253,261,-1,260,261,290,-1,290,261,285,-1,290,285,291,-1,291,285,286,-1,291,286,292,-1,292,286,287,-1,292,287,293,-1,293,287,288,-1,293,288,294,-1,294,288,289,-1,294,289,52,-1,256,255,259,-1,259,255,260,-1,259,260,269,-1,269,260,290,-1,269,290,268,-1,268,290,291,-1,268,291,267,-1,267,291,292,-1,267,292,266,-1,266,292,293,-1,266,293,265,-1,265,293,294,-1,265,294,52,-1,28,258,30,-1,30,258,259,-1,30,259,32,-1,32,259,34,-1,73,72,295,-1,70,69,296,-1,67,66,297,-1,64,63,298,-1,61,60,299,-1,57,59,300,-1,27,29,301,-1,301,29,31,-1,301,31,302,-1,31,33,302,-1,302,33,35,-1,302,35,303,-1,35,37,303,-1,303,37,39,-1,303,39,304,-1,39,41,304,-1,304,41,43,-1,304,43,305,-1,60,57,299,-1,299,57,300,-1,299,300,306,-1,306,300,307,-1,306,307,308,-1,308,307,309,-1,308,309,310,-1,310,309,311,-1,310,311,312,-1,312,311,313,-1,312,313,314,-1,314,313,315,-1,314,315,27,-1,63,61,298,-1,298,61,299,-1,298,299,316,-1,316,299,306,-1,316,306,317,-1,317,306,308,-1,317,308,318,-1,318,308,310,-1,318,310,319,-1,319,310,312,-1,319,312,320,-1,320,312,314,-1,320,314,27,-1,66,64,297,-1,297,64,298,-1,297,298,321,-1,321,298,316,-1,321,316,322,-1,322,316,317,-1,322,317,323,-1,323,317,318,-1,323,318,324,-1,324,318,319,-1,324,319,325,-1,325,319,320,-1,325,320,27,-1,69,67,296,-1,296,67,297,-1,296,297,326,-1,326,297,321,-1,326,321,327,-1,327,321,322,-1,327,322,328,-1,328,322,323,-1,328,323,329,-1,329,323,324,-1,329,324,330,-1,330,324,325,-1,330,325,27,-1,72,70,295,-1,295,70,296,-1,295,296,305,-1,305,296,326,-1,305,326,304,-1,304,326,327,-1,304,327,303,-1,303,327,328,-1,303,328,302,-1,302,328,329,-1,302,329,301,-1,301,329,330,-1,301,330,27,-1,51,73,49,-1,49,73,295,-1,49,295,47,-1,47,295,305,-1,47,305,45,-1,45,305,43,-1,331,311,309,-1,332,333,315,-1,334,196,27,-1,315,333,27,-1,27,333,335,-1,27,335,334,-1,311,331,313,-1,331,336,313,-1,313,336,337,-1,313,337,315,-1,315,337,338,-1,315,338,332,-1,339,340,309,-1,309,340,341,-1,309,341,331,-1,309,307,339,-1,339,307,300,-1,339,300,342,-1,342,300,59,-1,342,59,157,-1,196,334,167,-1,167,334,335,-1,335,333,167,-1,167,333,332,-1,167,332,161,-1,161,332,338,-1,338,337,161,-1,161,337,336,-1,161,336,331,-1,331,341,161,-1,161,341,340,-1,161,340,339,-1,339,342,161,-1,161,342,157,-1,161,157,156,-1,343,207,344,-1,223,222,345,-1,203,346,347,-1,203,347,221,-1,221,347,348,-1,221,348,211,-1,211,348,349,-1,349,348,350,-1,349,350,222,-1,222,350,351,-1,222,351,345,-1,223,345,207,-1,207,345,352,-1,207,352,344,-1,343,344,224,-1,224,344,353,-1,224,353,216,-1,216,353,354,-1,216,354,217,-1,354,355,217,-1,217,355,177,-1,217,177,172,-1,356,357,17,-1,17,357,358,-1,17,358,18,-1,4,6,359,-1,359,6,360,-1,5,361,7,-1,7,361,362,-1,9,7,363,-1,363,7,362,-1,363,362,364,-1,
        ]
    }
}
Shape{
    appearance Appearance {
        material  Material 	{
            diffuseColor 0.9882352941176471 0.3803921568627451 0.5607843137254902
            specularColor 0.8705882352941177 0.3333333333333333 0.49411764705882355
            ambientIntensity 0.5827
            transparency 0.0
            shininess 0.5
        }
    }
    geometry IndexedFaceSet {
        ccw TRUE
        solid FALSE
        coord DEF co Coordinate {
            point [
                -0.8287 -0.1921 2.0079, -0.8287 -0.2362 2.0127, -0.8484 -0.1921 2.0079, -0.8484 -0.2362 2.0127, -0.9469 -0.1921 2.0079, -0.9469 -0.2362 2.0127, -0.9469 -0.2362 2.0079, -0.8287 -0.2362 2.0079, -0.8287 -0.2362 1.2157, -0.8287 -0.1921 1.2205, -0.8484 -0.2362 1.2157, -0.8484 -0.1921 1.2205, -0.9469 -0.1921 1.2205, -0.9469 -0.2362 1.2205, -0.9469 -0.2362 1.2157, -0.8287 -0.2362 1.2205, 0.9429 -0.1921 2.0079, 0.9429 -0.2362 2.0127, 0.9232 -0.1921 2.0079, 0.9232 -0.2362 2.0127, 0.8248 -0.1921 2.0079, 0.8248 -0.2362 2.0127, 0.8248 -0.2362 2.0079, 0.9429 -0.2362 2.0079, -0.2382 -0.1921 2.0079, -0.2382 -0.2362 2.0127, -0.2579 -0.1921 2.0079, -0.2579 -0.2362 2.0127, -0.3563 -0.1921 2.0079, -0.3563 -0.2362 2.0127, -0.3563 -0.2362 2.0079, -0.2382 -0.2362 2.0079, -0.0413 -0.1921 2.0079, -0.0413 -0.2362 2.0127, -0.061 -0.1921 2.0079, -0.061 -0.2362 2.0127, -0.1594 -0.1921 2.0079, -0.1594 -0.2362 2.0127, -0.1594 -0.2362 2.0079, -0.0413 -0.2362 2.0079, -0.6319 -0.1921 2.0079, -0.6319 -0.2362 2.0127, -0.6516 -0.1921 2.0079, -0.6516 -0.2362 2.0127, -0.75 -0.1921 2.0079, -0.75 -0.2362 2.0127, -0.75 -0.2362 2.0079, -0.6319 -0.2362 2.0079, -0.435 -0.1921 2.0079, -0.435 -0.2362 2.0127, -0.4547 -0.1921 2.0079, -0.4547 -0.2362 2.0127, -0.5531 -0.1921 2.0079, -0.5531 -0.2362 2.0127, -0.5531 -0.2362 2.0079, -0.435 -0.2362 2.0079, 0.5492 -0.1921 2.0079, 0.5492 -0.2362 2.0127, 0.5295 -0.1921 2.0079, 0.5295 -0.2362 2.0127, 0.4311 -0.1921 2.0079, 0.4311 -0.2362 2.0127, 0.4311 -0.2362 2.0079, 0.5492 -0.2362 2.0079, 0.7461 -0.1921 2.0079, 0.7461 -0.2362 2.0127, 0.7264 -0.1921 2.0079, 0.7264 -0.2362 2.0127, 0.628 -0.1921 2.0079, 0.628 -0.2362 2.0127, 0.628 -0.2362 2.0079, 0.7461 -0.2362 2.0079, 0.1555 -0.1921 2.0079, 0.1555 -0.2362 2.0127, 0.1358 -0.1921 2.0079, 0.1358 -0.2362 2.0127, 0.0374 -0.1921 2.0079, 0.0374 -0.2362 2.0127, 0.0374 -0.2362 2.0079, 0.1555 -0.2362 2.0079, 0.3524 -0.1921 2.0079, 0.3524 -0.2362 2.0127, 0.3327 -0.1921 2.0079, 0.3327 -0.2362 2.0127, 0.2343 -0.1921 2.0079, 0.2343 -0.2362 2.0127, 0.2343 -0.2362 2.0079, 0.3524 -0.2362 2.0079, 0.9429 -0.2362 1.2157, 0.9429 -0.1921 1.2205, 0.9232 -0.2362 1.2157, 0.9232 -0.1921 1.2205, 0.8248 -0.1921 1.2205, 0.8248 -0.2362 1.2205, 0.8248 -0.2362 1.2157, 0.9429 -0.2362 1.2205, -0.2382 -0.2362 1.2157, -0.2382 -0.1921 1.2205, -0.2579 -0.2362 1.2157, -0.2579 -0.1921 1.2205, -0.3563 -0.1921 1.2205, -0.3563 -0.2362 1.2205, -0.3563 -0.2362 1.2157, -0.2382 -0.2362 1.2205, -0.0413 -0.2362 1.2157, -0.0413 -0.1921 1.2205, -0.061 -0.2362 1.2157, -0.061 -0.1921 1.2205, -0.1594 -0.1921 1.2205, -0.1594 -0.2362 1.2205, -0.1594 -0.2362 1.2157, -0.0413 -0.2362 1.2205, -0.6319 -0.2362 1.2157, -0.6319 -0.1921 1.2205, -0.6516 -0.2362 1.2157, -0.6516 -0.1921 1.2205, -0.75 -0.1921 1.2205, -0.75 -0.2362 1.2205, -0.75 -0.2362 1.2157, -0.6319 -0.2362 1.2205, -0.435 -0.2362 1.2157, -0.435 -0.1921 1.2205, -0.4547 -0.2362 1.2157, -0.4547 -0.1921 1.2205, -0.5531 -0.1921 1.2205, -0.5531 -0.2362 1.2205, -0.5531 -0.2362 1.2157, -0.435 -0.2362 1.2205, 0.5492 -0.2362 1.2157, 0.5492 -0.1921 1.2205, 0.5295 -0.2362 1.2157, 0.5295 -0.1921 1.2205, 0.4311 -0.1921 1.2205, 0.4311 -0.2362 1.2205, 0.4311 -0.2362 1.2157, 0.5492 -0.2362 1.2205, 0.7461 -0.2362 1.2157, 0.7461 -0.1921 1.2205, 0.7264 -0.2362 1.2157, 0.7264 -0.1921 1.2205, 0.628 -0.1921 1.2205, 0.628 -0.2362 1.2205, 0.628 -0.2362 1.2157, 0.7461 -0.2362 1.2205, 0.1555 -0.2362 1.2157, 0.1555 -0.1921 1.2205, 0.1358 -0.2362 1.2157, 0.1358 -0.1921 1.2205, 0.0374 -0.1921 1.2205, 0.0374 -0.2362 1.2205, 0.0374 -0.2362 1.2157, 0.1555 -0.2362 1.2205, 0.3524 -0.2362 1.2157, 0.3524 -0.1921 1.2205, 0.3327 -0.2362 1.2157, 0.3327 -0.1921 1.2205, 0.2343 -0.1921 1.2205, 0.2343 -0.2362 1.2205, 0.2343 -0.2362 1.2157, 0.3524 -0.2362 1.2205
            ]
        }
        coordIndex [
            0,1,2,-1,2,1,3,-1,4,5,6,-1,1,0,7,-1,8,9,10,-1,10,9,11,-1,12,13,14,-1,15,9,8,-1,16,17,18,-1,18,17,19,-1,20,21,22,-1,17,16,23,-1,24,25,26,-1,26,25,27,-1,28,29,30,-1,25,24,31,-1,32,33,34,-1,34,33,35,-1,36,37,38,-1,33,32,39,-1,40,41,42,-1,42,41,43,-1,44,45,46,-1,41,40,47,-1,48,49,50,-1,50,49,51,-1,52,53,54,-1,49,48,55,-1,56,57,58,-1,58,57,59,-1,60,61,62,-1,57,56,63,-1,64,65,66,-1,66,65,67,-1,68,69,70,-1,65,64,71,-1,72,73,74,-1,74,73,75,-1,76,77,78,-1,73,72,79,-1,80,81,82,-1,82,81,83,-1,84,85,86,-1,81,80,87,-1,88,89,90,-1,90,89,91,-1,92,93,94,-1,95,89,88,-1,96,97,98,-1,98,97,99,-1,100,101,102,-1,103,97,96,-1,104,105,106,-1,106,105,107,-1,108,109,110,-1,111,105,104,-1,112,113,114,-1,114,113,115,-1,116,117,118,-1,119,113,112,-1,120,121,122,-1,122,121,123,-1,124,125,126,-1,127,121,120,-1,128,129,130,-1,130,129,131,-1,132,133,134,-1,135,129,128,-1,136,137,138,-1,138,137,139,-1,140,141,142,-1,143,137,136,-1,144,145,146,-1,146,145,147,-1,148,149,150,-1,151,145,144,-1,152,153,154,-1,154,153,155,-1,156,157,158,-1,159,153,152,-1,
        ]
    }
}
Shape{
    appearance Appearance {
        material  Material 	{
            diffuseColor 0.9686274509803922 0.8784313725490196 0.6
            specularColor 0.6784313725490196 0.615686274509804 0.4196078431372549
            ambientIntensity 0.8737
            transparency 0.0
            shininess 0.5
        }
    }
    geometry IndexedFaceSet {
        ccw TRUE
        solid FALSE
        coord DEF co Coordinate {
            point [
                -0.8484 -1.2992 0.1378, -0.8484 -1.2992 0.3346, -0.9272 -1.2992 0.1378, -0.9272 -1.2992 0.3346, -0.8484 -1.3017 0.1159, -0.9272 -1.3017 0.1159, -0.8484 -1.309 0.0951, -0.9272 -1.309 0.0951, -0.8484 -1.3207 0.0764, -0.9272 -1.3207 0.0764, -0.8484 -1.3363 0.0608, -0.9272 -1.3363 0.0608, -0.8484 -1.3549 0.0491, -0.9272 -1.3549 0.0491, -0.8484 -1.3757 0.0418, -0.9272 -1.3757 0.0418, -0.8484 -1.3976 0.0394, -0.9272 -1.3976 0.0394, -0.8484 -1.7126 0.0394, -0.9272 -1.7126 0.0394, -0.8484 -1.7126 -0.0197, -0.9272 -1.7126 -0.0197, -0.8484 -1.3976 -0.0197, -0.9272 -1.3976 -0.0197, -0.9272 -1.3626 -0.0157, -0.8484 -1.3626 -0.0157, -0.9272 -1.3293 -0.0041, -0.8484 -1.3293 -0.0041, -0.9272 -1.2995 0.0147, -0.8484 -1.2995 0.0147, -0.9272 -1.2745 0.0396, -0.8484 -1.2745 0.0396, -0.9272 -1.2558 0.0695, -0.8484 -1.2558 0.0695, -0.9272 -1.2441 0.1028, -0.8484 -1.2441 0.1028, -0.9272 -1.2402 0.1378, -0.8484 -1.2402 0.1378, -0.8484 -1.2402 0.3346, -0.9272 -1.2402 0.3346, -0.8484 1.0827 0.3346, -0.8484 1.0827 0.1378, -0.9272 1.0827 0.3346, -0.9272 1.0827 0.1378, -0.8484 1.0236 0.1378, -0.8484 1.0236 0.3346, -0.9272 1.0236 0.1378, -0.9272 1.0236 0.3346, -0.9272 1.0276 0.1028, -0.8484 1.0276 0.1028, -0.9272 1.0392 0.0695, -0.8484 1.0392 0.0695, -0.9272 1.058 0.0396, -0.8484 1.058 0.0396, -0.9272 1.0829 0.0147, -0.8484 1.0829 0.0147, -0.9272 1.1128 -0.0041, -0.8484 1.1128 -0.0041, -0.9272 1.1461 -0.0157, -0.8484 1.1461 -0.0157, -0.9272 1.1811 -0.0197, -0.8484 1.1811 -0.0197, -0.8484 1.437 -0.0197, -0.9272 1.437 -0.0197, -0.8484 1.437 0.0394, -0.9272 1.437 0.0394, -0.8484 1.1811 0.0394, -0.9272 1.1811 0.0394, -0.8484 1.1592 0.0418, -0.9272 1.1592 0.0418, -0.8484 1.1384 0.0491, -0.9272 1.1384 0.0491, -0.8484 1.1197 0.0608, -0.9272 1.1197 0.0608, -0.8484 1.1042 0.0764, -0.9272 1.1042 0.0764, -0.8484 1.0924 0.0951, -0.9272 1.0924 0.0951, -0.8484 1.0851 0.1159, -0.9272 1.0851 0.1159, -0.9272 -0.2362 2.0127, -0.9272 -1.1596 2.1133, -0.8484 -0.2362 2.0127, -0.8484 -1.1596 2.1133, -0.9272 -1.188 2.113, -0.8484 -1.188 2.113, -0.9272 -1.2154 2.1059, -0.8484 -1.2154 2.1059, -0.9272 -1.2404 2.0925, -0.8484 -1.2404 2.0925, -0.9272 -1.2614 2.0736, -0.8484 -1.2614 2.0736, -0.9272 -1.2774 2.0501, -0.8484 -1.2774 2.0501, -0.8484 -1.2992 2.0079, -0.9272 -1.2992 2.0079, -0.8484 -0.1921 2.0079, -0.9272 -0.1921 2.0079, -0.8484 -1.2774 1.1782, -0.8484 -1.2992 1.2205, -0.9272 -1.2774 1.1782, -0.9272 -1.2992 1.2205, -0.9272 -1.2614 1.1548, -0.8484 -1.2614 1.1548, -0.9272 -1.2404 1.1358, -0.8484 -1.2404 1.1358, -0.9272 -1.2154 1.1224, -0.8484 -1.2154 1.1224, -0.9272 -1.188 1.1154, -0.8484 -1.188 1.1154, -0.9272 -1.1596 1.115, -0.8484 -1.1596 1.115, -0.8484 -0.2362 1.2157, -0.9272 -0.2362 1.2157, -0.8484 -0.1921 1.2205, -0.9272 -0.1921 1.2205, -0.6516 -1.2992 0.1378, -0.6516 -1.2992 0.3346, -0.7303 -1.2992 0.1378, -0.7303 -1.2992 0.3346, -0.6516 -1.3017 0.1159, -0.7303 -1.3017 0.1159, -0.6516 -1.309 0.0951, -0.7303 -1.309 0.0951, -0.6516 -1.3207 0.0764, -0.7303 -1.3207 0.0764, -0.6516 -1.3363 0.0608, -0.7303 -1.3363 0.0608, -0.6516 -1.3549 0.0491, -0.7303 -1.3549 0.0491, -0.6516 -1.3757 0.0418, -0.7303 -1.3757 0.0418, -0.6516 -1.3976 0.0394, -0.7303 -1.3976 0.0394, -0.6516 -1.7126 0.0394, -0.7303 -1.7126 0.0394, -0.6516 -1.7126 -0.0197, -0.7303 -1.7126 -0.0197, -0.6516 -1.3976 -0.0197, -0.7303 -1.3976 -0.0197, -0.7303 -1.3626 -0.0157, -0.6516 -1.3626 -0.0157, -0.7303 -1.3293 -0.0041, -0.6516 -1.3293 -0.0041, -0.7303 -1.2995 0.0147, -0.6516 -1.2995 0.0147, -0.7303 -1.2745 0.0396, -0.6516 -1.2745 0.0396, -0.7303 -1.2558 0.0695, -0.6516 -1.2558 0.0695, -0.7303 -1.2441 0.1028, -0.6516 -1.2441 0.1028, -0.7303 -1.2402 0.1378, -0.6516 -1.2402 0.1378, -0.6516 -1.2402 0.3346, -0.7303 -1.2402 0.3346, -0.6516 1.0827 0.3346, -0.6516 1.0827 0.1378, -0.7303 1.0827 0.3346, -0.7303 1.0827 0.1378, -0.6516 1.0236 0.1378, -0.6516 1.0236 0.3346, -0.7303 1.0236 0.1378, -0.7303 1.0236 0.3346, -0.7303 1.0276 0.1028, -0.6516 1.0276 0.1028, -0.7303 1.0392 0.0695, -0.6516 1.0392 0.0695, -0.7303 1.058 0.0396, -0.6516 1.058 0.0396, -0.7303 1.0829 0.0147, -0.6516 1.0829 0.0147, -0.7303 1.1128 -0.0041, -0.6516 1.1128 -0.0041, -0.7303 1.1461 -0.0157, -0.6516 1.1461 -0.0157, -0.7303 1.1811 -0.0197, -0.6516 1.1811 -0.0197, -0.6516 1.437 -0.0197, -0.7303 1.437 -0.0197, -0.6516 1.437 0.0394, -0.7303 1.437 0.0394, -0.6516 1.1811 0.0394, -0.7303 1.1811 0.0394, -0.6516 1.1592 0.0418, -0.7303 1.1592 0.0418, -0.6516 1.1384 0.0491, -0.7303 1.1384 0.0491, -0.6516 1.1197 0.0608, -0.7303 1.1197 0.0608, -0.6516 1.1042 0.0764, -0.7303 1.1042 0.0764, -0.6516 1.0924 0.0951, -0.7303 1.0924 0.0951, -0.6516 1.0851 0.1159, -0.7303 1.0851 0.1159, -0.7303 -0.2362 2.0127, -0.7303 -1.1596 2.1133, -0.6516 -0.2362 2.0127, -0.6516 -1.1596 2.1133, -0.7303 -1.188 2.113, -0.6516 -1.188 2.113, -0.7303 -1.2154 2.1059, -0.6516 -1.2154 2.1059, -0.7303 -1.2404 2.0925, -0.6516 -1.2404 2.0925, -0.7303 -1.2614 2.0736, -0.6516 -1.2614 2.0736, -0.7303 -1.2774 2.0501, -0.6516 -1.2774 2.0501, -0.6516 -1.2992 2.0079, -0.7303 -1.2992 2.0079, -0.6516 -0.1921 2.0079, -0.7303 -0.1921 2.0079, -0.6516 -1.2774 1.1782, -0.6516 -1.2992 1.2205, -0.7303 -1.2774 1.1782, -0.7303 -1.2992 1.2205, -0.7303 -1.2614 1.1548, -0.6516 -1.2614 1.1548, -0.7303 -1.2404 1.1358, -0.6516 -1.2404 1.1358, -0.7303 -1.2154 1.1224, -0.6516 -1.2154 1.1224, -0.7303 -1.188 1.1154, -0.6516 -1.188 1.1154, -0.7303 -1.1596 1.115, -0.6516 -1.1596 1.115, -0.6516 -0.2362 1.2157, -0.7303 -0.2362 1.2157, -0.6516 -0.1921 1.2205, -0.7303 -0.1921 1.2205, -0.4547 -1.2992 0.1378, -0.4547 -1.2992 0.3346, -0.5335 -1.2992 0.1378, -0.5335 -1.2992 0.3346, -0.4547 -1.3017 0.1159, -0.5335 -1.3017 0.1159, -0.4547 -1.309 0.0951, -0.5335 -1.309 0.0951, -0.4547 -1.3207 0.0764, -0.5335 -1.3207 0.0764, -0.4547 -1.3363 0.0608, -0.5335 -1.3363 0.0608, -0.4547 -1.3549 0.0491, -0.5335 -1.3549 0.0491, -0.4547 -1.3757 0.0418, -0.5335 -1.3757 0.0418, -0.4547 -1.3976 0.0394, -0.5335 -1.3976 0.0394, -0.4547 -1.7126 0.0394, -0.5335 -1.7126 0.0394, -0.4547 -1.7126 -0.0197, -0.5335 -1.7126 -0.0197, -0.4547 -1.3976 -0.0197, -0.5335 -1.3976 -0.0197, -0.5335 -1.3626 -0.0157, -0.4547 -1.3626 -0.0157, -0.5335 -1.3293 -0.0041, -0.4547 -1.3293 -0.0041, -0.5335 -1.2995 0.0147, -0.4547 -1.2995 0.0147, -0.5335 -1.2745 0.0396, -0.4547 -1.2745 0.0396, -0.5335 -1.2558 0.0695, -0.4547 -1.2558 0.0695, -0.5335 -1.2441 0.1028, -0.4547 -1.2441 0.1028, -0.5335 -1.2402 0.1378, -0.4547 -1.2402 0.1378, -0.4547 -1.2402 0.3346, -0.5335 -1.2402 0.3346, -0.4547 1.0827 0.3346, -0.4547 1.0827 0.1378, -0.5335 1.0827 0.3346, -0.5335 1.0827 0.1378, -0.4547 1.0236 0.1378, -0.4547 1.0236 0.3346, -0.5335 1.0236 0.1378, -0.5335 1.0236 0.3346, -0.5335 1.0276 0.1028, -0.4547 1.0276 0.1028, -0.5335 1.0392 0.0695, -0.4547 1.0392 0.0695, -0.5335 1.058 0.0396, -0.4547 1.058 0.0396, -0.5335 1.0829 0.0147, -0.4547 1.0829 0.0147, -0.5335 1.1128 -0.0041, -0.4547 1.1128 -0.0041, -0.5335 1.1461 -0.0157, -0.4547 1.1461 -0.0157, -0.5335 1.1811 -0.0197, -0.4547 1.1811 -0.0197, -0.4547 1.437 -0.0197, -0.5335 1.437 -0.0197, -0.4547 1.437 0.0394, -0.5335 1.437 0.0394, -0.4547 1.1811 0.0394, -0.5335 1.1811 0.0394, -0.4547 1.1592 0.0418, -0.5335 1.1592 0.0418, -0.4547 1.1384 0.0491, -0.5335 1.1384 0.0491, -0.4547 1.1197 0.0608, -0.5335 1.1197 0.0608, -0.4547 1.1042 0.0764, -0.5335 1.1042 0.0764, -0.4547 1.0924 0.0951, -0.5335 1.0924 0.0951, -0.4547 1.0851 0.1159, -0.5335 1.0851 0.1159, -0.5335 -0.2362 2.0127, -0.5335 -1.1596 2.1133, -0.4547 -0.2362 2.0127, -0.4547 -1.1596 2.1133, -0.5335 -1.188 2.113, -0.4547 -1.188 2.113, -0.5335 -1.2154 2.1059, -0.4547 -1.2154 2.1059, -0.5335 -1.2404 2.0925, -0.4547 -1.2404 2.0925, -0.5335 -1.2614 2.0736, -0.4547 -1.2614 2.0736, -0.5335 -1.2774 2.0501, -0.4547 -1.2774 2.0501, -0.4547 -1.2992 2.0079, -0.5335 -1.2992 2.0079, -0.4547 -0.1921 2.0079, -0.5335 -0.1921 2.0079, -0.4547 -1.2774 1.1782, -0.4547 -1.2992 1.2205, -0.5335 -1.2774 1.1782, -0.5335 -1.2992 1.2205, -0.5335 -1.2614 1.1548, -0.4547 -1.2614 1.1548, -0.5335 -1.2404 1.1358, -0.4547 -1.2404 1.1358, -0.5335 -1.2154 1.1224, -0.4547 -1.2154 1.1224, -0.5335 -1.188 1.1154, -0.4547 -1.188 1.1154, -0.5335 -1.1596 1.115, -0.4547 -1.1596 1.115, -0.4547 -0.2362 1.2157, -0.5335 -0.2362 1.2157, -0.4547 -0.1921 1.2205, -0.5335 -0.1921 1.2205, -0.2579 -1.2992 0.1378, -0.2579 -1.2992 0.3346, -0.3366 -1.2992 0.1378, -0.3366 -1.2992 0.3346, -0.2579 -1.3017 0.1159, -0.3366 -1.3017 0.1159, -0.2579 -1.309 0.0951, -0.3366 -1.309 0.0951, -0.2579 -1.3207 0.0764, -0.3366 -1.3207 0.0764, -0.2579 -1.3363 0.0608, -0.3366 -1.3363 0.0608, -0.2579 -1.3549 0.0491, -0.3366 -1.3549 0.0491, -0.2579 -1.3757 0.0418, -0.3366 -1.3757 0.0418, -0.2579 -1.3976 0.0394, -0.3366 -1.3976 0.0394, -0.2579 -1.7126 0.0394, -0.3366 -1.7126 0.0394, -0.2579 -1.7126 -0.0197, -0.3366 -1.7126 -0.0197, -0.2579 -1.3976 -0.0197, -0.3366 -1.3976 -0.0197, -0.3366 -1.3626 -0.0157, -0.2579 -1.3626 -0.0157, -0.3366 -1.3293 -0.0041, -0.2579 -1.3293 -0.0041, -0.3366 -1.2995 0.0147, -0.2579 -1.2995 0.0147, -0.3366 -1.2745 0.0396, -0.2579 -1.2745 0.0396, -0.3366 -1.2558 0.0695, -0.2579 -1.2558 0.0695, -0.3366 -1.2441 0.1028, -0.2579 -1.2441 0.1028, -0.3366 -1.2402 0.1378, -0.2579 -1.2402 0.1378, -0.2579 -1.2402 0.3346, -0.3366 -1.2402 0.3346, -0.2579 1.0827 0.3346, -0.2579 1.0827 0.1378, -0.3366 1.0827 0.3346, -0.3366 1.0827 0.1378, -0.2579 1.0236 0.1378, -0.2579 1.0236 0.3346, -0.3366 1.0236 0.1378, -0.3366 1.0236 0.3346, -0.3366 1.0276 0.1028, -0.2579 1.0276 0.1028, -0.3366 1.0392 0.0695, -0.2579 1.0392 0.0695, -0.3366 1.058 0.0396, -0.2579 1.058 0.0396, -0.3366 1.0829 0.0147, -0.2579 1.0829 0.0147, -0.3366 1.1128 -0.0041, -0.2579 1.1128 -0.0041, -0.3366 1.1461 -0.0157, -0.2579 1.1461 -0.0157, -0.3366 1.1811 -0.0197, -0.2579 1.1811 -0.0197, -0.2579 1.437 -0.0197, -0.3366 1.437 -0.0197, -0.2579 1.437 0.0394, -0.3366 1.437 0.0394, -0.2579 1.1811 0.0394, -0.3366 1.1811 0.0394, -0.2579 1.1592 0.0418, -0.3366 1.1592 0.0418, -0.2579 1.1384 0.0491, -0.3366 1.1384 0.0491, -0.2579 1.1197 0.0608, -0.3366 1.1197 0.0608, -0.2579 1.1042 0.0764, -0.3366 1.1042 0.0764, -0.2579 1.0924 0.0951, -0.3366 1.0924 0.0951, -0.2579 1.0851 0.1159, -0.3366 1.0851 0.1159, -0.3366 -0.2362 2.0127, -0.3366 -1.1596 2.1133, -0.2579 -0.2362 2.0127, -0.2579 -1.1596 2.1133, -0.3366 -1.188 2.113, -0.2579 -1.188 2.113, -0.3366 -1.2154 2.1059, -0.2579 -1.2154 2.1059, -0.3366 -1.2404 2.0925, -0.2579 -1.2404 2.0925, -0.3366 -1.2614 2.0736, -0.2579 -1.2614 2.0736, -0.3366 -1.2774 2.0501, -0.2579 -1.2774 2.0501, -0.2579 -1.2992 2.0079, -0.3366 -1.2992 2.0079, -0.2579 -0.1921 2.0079, -0.3366 -0.1921 2.0079, -0.2579 -1.2774 1.1782, -0.2579 -1.2992 1.2205, -0.3366 -1.2774 1.1782, -0.3366 -1.2992 1.2205, -0.3366 -1.2614 1.1548, -0.2579 -1.2614 1.1548, -0.3366 -1.2404 1.1358, -0.2579 -1.2404 1.1358, -0.3366 -1.2154 1.1224, -0.2579 -1.2154 1.1224, -0.3366 -1.188 1.1154, -0.2579 -1.188 1.1154, -0.3366 -1.1596 1.115, -0.2579 -1.1596 1.115, -0.2579 -0.2362 1.2157, -0.3366 -0.2362 1.2157, -0.2579 -0.1921 1.2205, -0.3366 -0.1921 1.2205, -0.061 -1.2992 0.1378, -0.061 -1.2992 0.3346, -0.1398 -1.2992 0.1378, -0.1398 -1.2992 0.3346, -0.061 -1.3017 0.1159, -0.1398 -1.3017 0.1159, -0.061 -1.309 0.0951, -0.1398 -1.309 0.0951, -0.061 -1.3207 0.0764, -0.1398 -1.3207 0.0764, -0.061 -1.3363 0.0608, -0.1398 -1.3363 0.0608, -0.061 -1.3549 0.0491, -0.1398 -1.3549 0.0491, -0.061 -1.3757 0.0418, -0.1398 -1.3757 0.0418, -0.061 -1.3976 0.0394, -0.1398 -1.3976 0.0394, -0.061 -1.7126 0.0394, -0.1398 -1.7126 0.0394, -0.061 -1.7126 -0.0197, -0.1398 -1.7126 -0.0197, -0.061 -1.3976 -0.0197, -0.1398 -1.3976 -0.0197, -0.1398 -1.3626 -0.0157, -0.061 -1.3626 -0.0157, -0.1398 -1.3293 -0.0041, -0.061 -1.3293 -0.0041, -0.1398 -1.2995 0.0147, -0.061 -1.2995 0.0147, -0.1398 -1.2745 0.0396, -0.061 -1.2745 0.0396, -0.1398 -1.2558 0.0695, -0.061 -1.2558 0.0695, -0.1398 -1.2441 0.1028, -0.061 -1.2441 0.1028, -0.1398 -1.2402 0.1378, -0.061 -1.2402 0.1378, -0.061 -1.2402 0.3346, -0.1398 -1.2402 0.3346, -0.061 1.0827 0.3346, -0.061 1.0827 0.1378, -0.1398 1.0827 0.3346, -0.1398 1.0827 0.1378, -0.061 1.0236 0.1378, -0.061 1.0236 0.3346, -0.1398 1.0236 0.1378, -0.1398 1.0236 0.3346, -0.1398 1.0276 0.1028, -0.061 1.0276 0.1028, -0.1398 1.0392 0.0695, -0.061 1.0392 0.0695, -0.1398 1.058 0.0396, -0.061 1.058 0.0396, -0.1398 1.0829 0.0147, -0.061 1.0829 0.0147, -0.1398 1.1128 -0.0041, -0.061 1.1128 -0.0041, -0.1398 1.1461 -0.0157, -0.061 1.1461 -0.0157, -0.1398 1.1811 -0.0197, -0.061 1.1811 -0.0197, -0.061 1.437 -0.0197, -0.1398 1.437 -0.0197, -0.061 1.437 0.0394, -0.1398 1.437 0.0394, -0.061 1.1811 0.0394, -0.1398 1.1811 0.0394, -0.061 1.1592 0.0418, -0.1398 1.1592 0.0418, -0.061 1.1384 0.0491, -0.1398 1.1384 0.0491, -0.061 1.1197 0.0608, -0.1398 1.1197 0.0608, -0.061 1.1042 0.0764, -0.1398 1.1042 0.0764, -0.061 1.0924 0.0951, -0.1398 1.0924 0.0951, -0.061 1.0851 0.1159, -0.1398 1.0851 0.1159, -0.1398 -0.2362 2.0127, -0.1398 -1.1596 2.1133, -0.061 -0.2362 2.0127, -0.061 -1.1596 2.1133, -0.1398 -1.188 2.113, -0.061 -1.188 2.113, -0.1398 -1.2154 2.1059, -0.061 -1.2154 2.1059, -0.1398 -1.2404 2.0925, -0.061 -1.2404 2.0925, -0.1398 -1.2614 2.0736, -0.061 -1.2614 2.0736, -0.1398 -1.2774 2.0501, -0.061 -1.2774 2.0501, -0.061 -1.2992 2.0079, -0.1398 -1.2992 2.0079, -0.061 -0.1921 2.0079, -0.1398 -0.1921 2.0079, -0.061 -1.2774 1.1782, -0.061 -1.2992 1.2205, -0.1398 -1.2774 1.1782, -0.1398 -1.2992 1.2205, -0.1398 -1.2614 1.1548, -0.061 -1.2614 1.1548, -0.1398 -1.2404 1.1358, -0.061 -1.2404 1.1358, -0.1398 -1.2154 1.1224, -0.061 -1.2154 1.1224, -0.1398 -1.188 1.1154, -0.061 -1.188 1.1154, -0.1398 -1.1596 1.115, -0.061 -1.1596 1.115, -0.061 -0.2362 1.2157, -0.1398 -0.2362 1.2157, -0.061 -0.1921 1.2205, -0.1398 -0.1921 1.2205, 0.1358 -1.2992 0.1378, 0.1358 -1.2992 0.3346, 0.0571 -1.2992 0.1378, 0.0571 -1.2992 0.3346, 0.1358 -1.3017 0.1159, 0.0571 -1.3017 0.1159, 0.1358 -1.309 0.0951, 0.0571 -1.309 0.0951, 0.1358 -1.3207 0.0764, 0.0571 -1.3207 0.0764, 0.1358 -1.3363 0.0608, 0.0571 -1.3363 0.0608, 0.1358 -1.3549 0.0491, 0.0571 -1.3549 0.0491, 0.1358 -1.3757 0.0418, 0.0571 -1.3757 0.0418, 0.1358 -1.3976 0.0394, 0.0571 -1.3976 0.0394, 0.1358 -1.7126 0.0394, 0.0571 -1.7126 0.0394, 0.1358 -1.7126 -0.0197, 0.0571 -1.7126 -0.0197, 0.1358 -1.3976 -0.0197, 0.0571 -1.3976 -0.0197, 0.0571 -1.3626 -0.0157, 0.1358 -1.3626 -0.0157, 0.0571 -1.3293 -0.0041, 0.1358 -1.3293 -0.0041, 0.0571 -1.2995 0.0147, 0.1358 -1.2995 0.0147, 0.0571 -1.2745 0.0396, 0.1358 -1.2745 0.0396, 0.0571 -1.2558 0.0695, 0.1358 -1.2558 0.0695, 0.0571 -1.2441 0.1028, 0.1358 -1.2441 0.1028, 0.0571 -1.2402 0.1378, 0.1358 -1.2402 0.1378, 0.1358 -1.2402 0.3346, 0.0571 -1.2402 0.3346, 0.1358 1.0827 0.3346, 0.1358 1.0827 0.1378, 0.0571 1.0827 0.3346, 0.0571 1.0827 0.1378, 0.1358 1.0236 0.1378, 0.1358 1.0236 0.3346, 0.0571 1.0236 0.1378, 0.0571 1.0236 0.3346, 0.0571 1.0276 0.1028, 0.1358 1.0276 0.1028, 0.0571 1.0392 0.0695, 0.1358 1.0392 0.0695, 0.0571 1.058 0.0396, 0.1358 1.058 0.0396, 0.0571 1.0829 0.0147, 0.1358 1.0829 0.0147, 0.0571 1.1128 -0.0041, 0.1358 1.1128 -0.0041, 0.0571 1.1461 -0.0157, 0.1358 1.1461 -0.0157, 0.0571 1.1811 -0.0197, 0.1358 1.1811 -0.0197, 0.1358 1.437 -0.0197, 0.0571 1.437 -0.0197, 0.1358 1.437 0.0394, 0.0571 1.437 0.0394, 0.1358 1.1811 0.0394, 0.0571 1.1811 0.0394, 0.1358 1.1592 0.0418, 0.0571 1.1592 0.0418, 0.1358 1.1384 0.0491, 0.0571 1.1384 0.0491, 0.1358 1.1197 0.0608, 0.0571 1.1197 0.0608, 0.1358 1.1042 0.0764, 0.0571 1.1042 0.0764, 0.1358 1.0924 0.0951, 0.0571 1.0924 0.0951, 0.1358 1.0851 0.1159, 0.0571 1.0851 0.1159, 0.0571 -0.2362 2.0127, 0.0571 -1.1596 2.1133, 0.1358 -0.2362 2.0127, 0.1358 -1.1596 2.1133, 0.0571 -1.188 2.113, 0.1358 -1.188 2.113, 0.0571 -1.2154 2.1059, 0.1358 -1.2154 2.1059, 0.0571 -1.2404 2.0925, 0.1358 -1.2404 2.0925, 0.0571 -1.2614 2.0736, 0.1358 -1.2614 2.0736, 0.0571 -1.2774 2.0501, 0.1358 -1.2774 2.0501, 0.1358 -1.2992 2.0079, 0.0571 -1.2992 2.0079, 0.1358 -0.1921 2.0079, 0.0571 -0.1921 2.0079, 0.1358 -1.2774 1.1782, 0.1358 -1.2992 1.2205, 0.0571 -1.2774 1.1782, 0.0571 -1.2992 1.2205, 0.0571 -1.2614 1.1548, 0.1358 -1.2614 1.1548, 0.0571 -1.2404 1.1358, 0.1358 -1.2404 1.1358, 0.0571 -1.2154 1.1224, 0.1358 -1.2154 1.1224, 0.0571 -1.188 1.1154, 0.1358 -1.188 1.1154, 0.0571 -1.1596 1.115, 0.1358 -1.1596 1.115, 0.1358 -0.2362 1.2157, 0.0571 -0.2362 1.2157, 0.1358 -0.1921 1.2205, 0.0571 -0.1921 1.2205, 0.3327 -1.2992 0.1378, 0.3327 -1.2992 0.3346, 0.2539 -1.2992 0.1378, 0.2539 -1.2992 0.3346, 0.3327 -1.3017 0.1159, 0.2539 -1.3017 0.1159, 0.3327 -1.309 0.0951, 0.2539 -1.309 0.0951, 0.3327 -1.3207 0.0764, 0.2539 -1.3207 0.0764, 0.3327 -1.3363 0.0608, 0.2539 -1.3363 0.0608, 0.3327 -1.3549 0.0491, 0.2539 -1.3549 0.0491, 0.3327 -1.3757 0.0418, 0.2539 -1.3757 0.0418, 0.3327 -1.3976 0.0394, 0.2539 -1.3976 0.0394, 0.3327 -1.7126 0.0394, 0.2539 -1.7126 0.0394, 0.3327 -1.7126 -0.0197, 0.2539 -1.7126 -0.0197, 0.3327 -1.3976 -0.0197, 0.2539 -1.3976 -0.0197, 0.2539 -1.3626 -0.0157, 0.3327 -1.3626 -0.0157, 0.2539 -1.3293 -0.0041, 0.3327 -1.3293 -0.0041, 0.2539 -1.2995 0.0147, 0.3327 -1.2995 0.0147, 0.2539 -1.2745 0.0396, 0.3327 -1.2745 0.0396, 0.2539 -1.2558 0.0695, 0.3327 -1.2558 0.0695, 0.2539 -1.2441 0.1028, 0.3327 -1.2441 0.1028, 0.2539 -1.2402 0.1378, 0.3327 -1.2402 0.1378, 0.3327 -1.2402 0.3346, 0.2539 -1.2402 0.3346, 0.3327 1.0827 0.3346, 0.3327 1.0827 0.1378, 0.2539 1.0827 0.3346, 0.2539 1.0827 0.1378, 0.3327 1.0236 0.1378, 0.3327 1.0236 0.3346, 0.2539 1.0236 0.1378, 0.2539 1.0236 0.3346, 0.2539 1.0276 0.1028, 0.3327 1.0276 0.1028, 0.2539 1.0392 0.0695, 0.3327 1.0392 0.0695, 0.2539 1.058 0.0396, 0.3327 1.058 0.0396, 0.2539 1.0829 0.0147, 0.3327 1.0829 0.0147, 0.2539 1.1128 -0.0041, 0.3327 1.1128 -0.0041, 0.2539 1.1461 -0.0157, 0.3327 1.1461 -0.0157, 0.2539 1.1811 -0.0197, 0.3327 1.1811 -0.0197, 0.3327 1.437 -0.0197, 0.2539 1.437 -0.0197, 0.3327 1.437 0.0394, 0.2539 1.437 0.0394, 0.3327 1.1811 0.0394, 0.2539 1.1811 0.0394, 0.3327 1.1592 0.0418, 0.2539 1.1592 0.0418, 0.3327 1.1384 0.0491, 0.2539 1.1384 0.0491, 0.3327 1.1197 0.0608, 0.2539 1.1197 0.0608, 0.3327 1.1042 0.0764, 0.2539 1.1042 0.0764, 0.3327 1.0924 0.0951, 0.2539 1.0924 0.0951, 0.3327 1.0851 0.1159, 0.2539 1.0851 0.1159, 0.2539 -0.2362 2.0127, 0.2539 -1.1596 2.1133, 0.3327 -0.2362 2.0127, 0.3327 -1.1596 2.1133, 0.2539 -1.188 2.113, 0.3327 -1.188 2.113, 0.2539 -1.2154 2.1059, 0.3327 -1.2154 2.1059, 0.2539 -1.2404 2.0925, 0.3327 -1.2404 2.0925, 0.2539 -1.2614 2.0736, 0.3327 -1.2614 2.0736, 0.2539 -1.2774 2.0501, 0.3327 -1.2774 2.0501, 0.3327 -1.2992 2.0079, 0.2539 -1.2992 2.0079, 0.3327 -0.1921 2.0079, 0.2539 -0.1921 2.0079, 0.3327 -1.2774 1.1782, 0.3327 -1.2992 1.2205, 0.2539 -1.2774 1.1782, 0.2539 -1.2992 1.2205, 0.2539 -1.2614 1.1548, 0.3327 -1.2614 1.1548, 0.2539 -1.2404 1.1358, 0.3327 -1.2404 1.1358, 0.2539 -1.2154 1.1224, 0.3327 -1.2154 1.1224, 0.2539 -1.188 1.1154, 0.3327 -1.188 1.1154, 0.2539 -1.1596 1.115, 0.3327 -1.1596 1.115, 0.3327 -0.2362 1.2157, 0.2539 -0.2362 1.2157, 0.3327 -0.1921 1.2205, 0.2539 -0.1921 1.2205, 0.5295 -1.2992 0.1378, 0.5295 -1.2992 0.3346, 0.4508 -1.2992 0.1378, 0.4508 -1.2992 0.3346, 0.5295 -1.3017 0.1159, 0.4508 -1.3017 0.1159, 0.5295 -1.309 0.0951, 0.4508 -1.309 0.0951, 0.5295 -1.3207 0.0764, 0.4508 -1.3207 0.0764, 0.5295 -1.3363 0.0608, 0.4508 -1.3363 0.0608, 0.5295 -1.3549 0.0491, 0.4508 -1.3549 0.0491, 0.5295 -1.3757 0.0418, 0.4508 -1.3757 0.0418, 0.5295 -1.3976 0.0394, 0.4508 -1.3976 0.0394, 0.5295 -1.7126 0.0394, 0.4508 -1.7126 0.0394, 0.5295 -1.7126 -0.0197, 0.4508 -1.7126 -0.0197, 0.5295 -1.3976 -0.0197, 0.4508 -1.3976 -0.0197, 0.4508 -1.3626 -0.0157, 0.5295 -1.3626 -0.0157, 0.4508 -1.3293 -0.0041, 0.5295 -1.3293 -0.0041, 0.4508 -1.2995 0.0147, 0.5295 -1.2995 0.0147, 0.4508 -1.2745 0.0396, 0.5295 -1.2745 0.0396, 0.4508 -1.2558 0.0695, 0.5295 -1.2558 0.0695, 0.4508 -1.2441 0.1028, 0.5295 -1.2441 0.1028, 0.4508 -1.2402 0.1378, 0.5295 -1.2402 0.1378, 0.5295 -1.2402 0.3346, 0.4508 -1.2402 0.3346, 0.5295 1.0827 0.3346, 0.5295 1.0827 0.1378, 0.4508 1.0827 0.3346, 0.4508 1.0827 0.1378, 0.5295 1.0236 0.1378, 0.5295 1.0236 0.3346, 0.4508 1.0236 0.1378, 0.4508 1.0236 0.3346, 0.4508 1.0276 0.1028, 0.5295 1.0276 0.1028, 0.4508 1.0392 0.0695, 0.5295 1.0392 0.0695, 0.4508 1.058 0.0396, 0.5295 1.058 0.0396, 0.4508 1.0829 0.0147, 0.5295 1.0829 0.0147, 0.4508 1.1128 -0.0041, 0.5295 1.1128 -0.0041, 0.4508 1.1461 -0.0157, 0.5295 1.1461 -0.0157, 0.4508 1.1811 -0.0197, 0.5295 1.1811 -0.0197, 0.5295 1.437 -0.0197, 0.4508 1.437 -0.0197, 0.5295 1.437 0.0394, 0.4508 1.437 0.0394, 0.5295 1.1811 0.0394, 0.4508 1.1811 0.0394, 0.5295 1.1592 0.0418, 0.4508 1.1592 0.0418, 0.5295 1.1384 0.0491, 0.4508 1.1384 0.0491, 0.5295 1.1197 0.0608, 0.4508 1.1197 0.0608, 0.5295 1.1042 0.0764, 0.4508 1.1042 0.0764, 0.5295 1.0924 0.0951, 0.4508 1.0924 0.0951, 0.5295 1.0851 0.1159, 0.4508 1.0851 0.1159, 0.4508 -0.2362 2.0127, 0.4508 -1.1596 2.1133, 0.5295 -0.2362 2.0127, 0.5295 -1.1596 2.1133, 0.4508 -1.188 2.113, 0.5295 -1.188 2.113, 0.4508 -1.2154 2.1059, 0.5295 -1.2154 2.1059, 0.4508 -1.2404 2.0925, 0.5295 -1.2404 2.0925, 0.4508 -1.2614 2.0736, 0.5295 -1.2614 2.0736, 0.4508 -1.2774 2.0501, 0.5295 -1.2774 2.0501, 0.5295 -1.2992 2.0079, 0.4508 -1.2992 2.0079, 0.5295 -0.1921 2.0079, 0.4508 -0.1921 2.0079, 0.5295 -1.2774 1.1782, 0.5295 -1.2992 1.2205, 0.4508 -1.2774 1.1782, 0.4508 -1.2992 1.2205, 0.4508 -1.2614 1.1548, 0.5295 -1.2614 1.1548, 0.4508 -1.2404 1.1358, 0.5295 -1.2404 1.1358, 0.4508 -1.2154 1.1224, 0.5295 -1.2154 1.1224, 0.4508 -1.188 1.1154, 0.5295 -1.188 1.1154, 0.4508 -1.1596 1.115, 0.5295 -1.1596 1.115, 0.5295 -0.2362 1.2157, 0.4508 -0.2362 1.2157, 0.5295 -0.1921 1.2205, 0.4508 -0.1921 1.2205, 0.7264 -1.2992 0.1378, 0.7264 -1.2992 0.3346, 0.6476 -1.2992 0.1378, 0.6476 -1.2992 0.3346, 0.7264 -1.3017 0.1159, 0.6476 -1.3017 0.1159, 0.7264 -1.309 0.0951, 0.6476 -1.309 0.0951, 0.7264 -1.3207 0.0764, 0.6476 -1.3207 0.0764, 0.7264 -1.3363 0.0608, 0.6476 -1.3363 0.0608, 0.7264 -1.3549 0.0491, 0.6476 -1.3549 0.0491, 0.7264 -1.3757 0.0418, 0.6476 -1.3757 0.0418, 0.7264 -1.3976 0.0394, 0.6476 -1.3976 0.0394, 0.7264 -1.7126 0.0394, 0.6476 -1.7126 0.0394, 0.7264 -1.7126 -0.0197, 0.6476 -1.7126 -0.0197, 0.7264 -1.3976 -0.0197, 0.6476 -1.3976 -0.0197, 0.6476 -1.3626 -0.0157, 0.7264 -1.3626 -0.0157, 0.6476 -1.3293 -0.0041, 0.7264 -1.3293 -0.0041, 0.6476 -1.2995 0.0147, 0.7264 -1.2995 0.0147, 0.6476 -1.2745 0.0396, 0.7264 -1.2745 0.0396, 0.6476 -1.2558 0.0695, 0.7264 -1.2558 0.0695, 0.6476 -1.2441 0.1028, 0.7264 -1.2441 0.1028, 0.6476 -1.2402 0.1378, 0.7264 -1.2402 0.1378, 0.7264 -1.2402 0.3346, 0.6476 -1.2402 0.3346, 0.7264 1.0827 0.3346, 0.7264 1.0827 0.1378, 0.6476 1.0827 0.3346, 0.6476 1.0827 0.1378, 0.7264 1.0236 0.1378, 0.7264 1.0236 0.3346, 0.6476 1.0236 0.1378, 0.6476 1.0236 0.3346, 0.6476 1.0276 0.1028, 0.7264 1.0276 0.1028, 0.6476 1.0392 0.0695, 0.7264 1.0392 0.0695, 0.6476 1.058 0.0396, 0.7264 1.058 0.0396, 0.6476 1.0829 0.0147, 0.7264 1.0829 0.0147, 0.6476 1.1128 -0.0041, 0.7264 1.1128 -0.0041, 0.6476 1.1461 -0.0157, 0.7264 1.1461 -0.0157, 0.6476 1.1811 -0.0197, 0.7264 1.1811 -0.0197, 0.7264 1.437 -0.0197, 0.6476 1.437 -0.0197, 0.7264 1.437 0.0394, 0.6476 1.437 0.0394, 0.7264 1.1811 0.0394, 0.6476 1.1811 0.0394, 0.7264 1.1592 0.0418, 0.6476 1.1592 0.0418, 0.7264 1.1384 0.0491, 0.6476 1.1384 0.0491, 0.7264 1.1197 0.0608, 0.6476 1.1197 0.0608, 0.7264 1.1042 0.0764, 0.6476 1.1042 0.0764, 0.7264 1.0924 0.0951, 0.6476 1.0924 0.0951, 0.7264 1.0851 0.1159, 0.6476 1.0851 0.1159, 0.6476 -0.2362 2.0127, 0.6476 -1.1596 2.1133, 0.7264 -0.2362 2.0127, 0.7264 -1.1596 2.1133, 0.6476 -1.188 2.113, 0.7264 -1.188 2.113, 0.6476 -1.2154 2.1059, 0.7264 -1.2154 2.1059, 0.6476 -1.2404 2.0925, 0.7264 -1.2404 2.0925, 0.6476 -1.2614 2.0736, 0.7264 -1.2614 2.0736, 0.6476 -1.2774 2.0501, 0.7264 -1.2774 2.0501, 0.7264 -1.2992 2.0079, 0.6476 -1.2992 2.0079, 0.7264 -0.1921 2.0079, 0.6476 -0.1921 2.0079, 0.7264 -1.2774 1.1782, 0.7264 -1.2992 1.2205, 0.6476 -1.2774 1.1782, 0.6476 -1.2992 1.2205, 0.6476 -1.2614 1.1548, 0.7264 -1.2614 1.1548, 0.6476 -1.2404 1.1358, 0.7264 -1.2404 1.1358, 0.6476 -1.2154 1.1224, 0.7264 -1.2154 1.1224, 0.6476 -1.188 1.1154, 0.7264 -1.188 1.1154, 0.6476 -1.1596 1.115, 0.7264 -1.1596 1.115, 0.7264 -0.2362 1.2157, 0.6476 -0.2362 1.2157, 0.7264 -0.1921 1.2205, 0.6476 -0.1921 1.2205, 0.9232 -1.2992 0.1378, 0.9232 -1.2992 0.3346, 0.8445 -1.2992 0.1378, 0.8445 -1.2992 0.3346, 0.9232 -1.3017 0.1159, 0.8445 -1.3017 0.1159, 0.9232 -1.309 0.0951, 0.8445 -1.309 0.0951, 0.9232 -1.3207 0.0764, 0.8445 -1.3207 0.0764, 0.9232 -1.3363 0.0608, 0.8445 -1.3363 0.0608, 0.9232 -1.3549 0.0491, 0.8445 -1.3549 0.0491, 0.9232 -1.3757 0.0418, 0.8445 -1.3757 0.0418, 0.9232 -1.3976 0.0394, 0.8445 -1.3976 0.0394, 0.9232 -1.7126 0.0394, 0.8445 -1.7126 0.0394, 0.9232 -1.7126 -0.0197, 0.8445 -1.7126 -0.0197, 0.9232 -1.3976 -0.0197, 0.8445 -1.3976 -0.0197, 0.8445 -1.3626 -0.0157, 0.9232 -1.3626 -0.0157, 0.8445 -1.3293 -0.0041, 0.9232 -1.3293 -0.0041, 0.8445 -1.2995 0.0147, 0.9232 -1.2995 0.0147, 0.8445 -1.2745 0.0396, 0.9232 -1.2745 0.0396, 0.8445 -1.2558 0.0695, 0.9232 -1.2558 0.0695, 0.8445 -1.2441 0.1028, 0.9232 -1.2441 0.1028, 0.8445 -1.2402 0.1378, 0.9232 -1.2402 0.1378, 0.9232 -1.2402 0.3346, 0.8445 -1.2402 0.3346, 0.9232 1.0827 0.3346, 0.9232 1.0827 0.1378, 0.8445 1.0827 0.3346, 0.8445 1.0827 0.1378, 0.9232 1.0236 0.1378, 0.9232 1.0236 0.3346, 0.8445 1.0236 0.1378, 0.8445 1.0236 0.3346, 0.8445 1.0276 0.1028, 0.9232 1.0276 0.1028, 0.8445 1.0392 0.0695, 0.9232 1.0392 0.0695, 0.8445 1.058 0.0396, 0.9232 1.058 0.0396, 0.8445 1.0829 0.0147, 0.9232 1.0829 0.0147, 0.8445 1.1128 -0.0041, 0.9232 1.1128 -0.0041, 0.8445 1.1461 -0.0157, 0.9232 1.1461 -0.0157, 0.8445 1.1811 -0.0197, 0.9232 1.1811 -0.0197, 0.9232 1.437 -0.0197, 0.8445 1.437 -0.0197, 0.9232 1.437 0.0394, 0.8445 1.437 0.0394, 0.9232 1.1811 0.0394, 0.8445 1.1811 0.0394, 0.9232 1.1592 0.0418, 0.8445 1.1592 0.0418, 0.9232 1.1384 0.0491, 0.8445 1.1384 0.0491, 0.9232 1.1197 0.0608, 0.8445 1.1197 0.0608, 0.9232 1.1042 0.0764, 0.8445 1.1042 0.0764, 0.9232 1.0924 0.0951, 0.8445 1.0924 0.0951, 0.9232 1.0851 0.1159, 0.8445 1.0851 0.1159, 0.8445 -0.2362 2.0127, 0.8445 -1.1596 2.1133, 0.9232 -0.2362 2.0127, 0.9232 -1.1596 2.1133, 0.8445 -1.188 2.113, 0.9232 -1.188 2.113, 0.8445 -1.2154 2.1059, 0.9232 -1.2154 2.1059, 0.8445 -1.2404 2.0925, 0.9232 -1.2404 2.0925, 0.8445 -1.2614 2.0736, 0.9232 -1.2614 2.0736, 0.8445 -1.2774 2.0501, 0.9232 -1.2774 2.0501, 0.9232 -1.2992 2.0079, 0.8445 -1.2992 2.0079, 0.9232 -0.1921 2.0079, 0.8445 -0.1921 2.0079, 0.9232 -1.2774 1.1782, 0.9232 -1.2992 1.2205, 0.8445 -1.2774 1.1782, 0.8445 -1.2992 1.2205, 0.8445 -1.2614 1.1548, 0.9232 -1.2614 1.1548, 0.8445 -1.2404 1.1358, 0.9232 -1.2404 1.1358, 0.8445 -1.2154 1.1224, 0.9232 -1.2154 1.1224, 0.8445 -1.188 1.1154, 0.9232 -1.188 1.1154, 0.8445 -1.1596 1.115, 0.9232 -1.1596 1.115, 0.9232 -0.2362 1.2157, 0.8445 -0.2362 1.2157, 0.9232 -0.1921 1.2205, 0.8445 -0.1921 1.2205
            ]
        }
        coordIndex [
            0,1,2,-1,2,1,3,-1,0,2,4,-1,4,2,5,-1,4,5,6,-1,6,5,7,-1,6,7,8,-1,8,7,9,-1,8,9,10,-1,10,9,11,-1,10,11,12,-1,12,11,13,-1,12,13,14,-1,14,13,15,-1,14,15,16,-1,16,15,17,-1,18,16,19,-1,19,16,17,-1,20,18,21,-1,21,18,19,-1,22,20,23,-1,23,20,21,-1,22,23,24,-1,22,24,25,-1,25,24,26,-1,25,26,27,-1,27,26,28,-1,27,28,29,-1,29,28,30,-1,29,30,31,-1,31,30,32,-1,31,32,33,-1,33,32,34,-1,33,34,35,-1,35,34,36,-1,35,36,37,-1,38,37,39,-1,39,37,36,-1,18,20,16,-1,16,20,22,-1,16,22,14,-1,14,22,25,-1,14,25,12,-1,12,25,27,-1,12,27,10,-1,10,27,29,-1,10,29,8,-1,8,29,31,-1,8,31,6,-1,6,31,33,-1,6,33,4,-1,4,33,35,-1,4,35,0,-1,0,35,37,-1,0,37,1,-1,1,37,38,-1,3,39,2,-1,2,39,36,-1,2,36,5,-1,5,36,34,-1,5,34,7,-1,7,34,32,-1,7,32,9,-1,9,32,30,-1,9,30,11,-1,11,30,28,-1,11,28,13,-1,13,28,26,-1,13,26,15,-1,15,26,24,-1,15,24,17,-1,17,24,23,-1,17,23,19,-1,19,23,21,-1,40,41,42,-1,42,41,43,-1,44,45,46,-1,46,45,47,-1,44,46,48,-1,44,48,49,-1,49,48,50,-1,49,50,51,-1,51,50,52,-1,51,52,53,-1,53,52,54,-1,53,54,55,-1,55,54,56,-1,55,56,57,-1,57,56,58,-1,57,58,59,-1,59,58,60,-1,59,60,61,-1,62,61,63,-1,63,61,60,-1,64,62,65,-1,65,62,63,-1,66,64,67,-1,67,64,65,-1,66,67,68,-1,68,67,69,-1,68,69,70,-1,70,69,71,-1,70,71,72,-1,72,71,73,-1,72,73,74,-1,74,73,75,-1,74,75,76,-1,76,75,77,-1,76,77,78,-1,78,77,79,-1,78,79,41,-1,41,79,43,-1,40,45,41,-1,41,45,44,-1,41,44,78,-1,78,44,49,-1,78,49,76,-1,76,49,51,-1,76,51,74,-1,74,51,53,-1,74,53,72,-1,72,53,55,-1,72,55,70,-1,70,55,57,-1,70,57,68,-1,68,57,59,-1,68,59,66,-1,66,59,61,-1,66,61,64,-1,64,61,62,-1,65,63,67,-1,67,63,60,-1,67,60,69,-1,69,60,58,-1,69,58,71,-1,71,58,56,-1,71,56,73,-1,73,56,54,-1,73,54,75,-1,75,54,52,-1,75,52,77,-1,77,52,50,-1,77,50,79,-1,79,50,48,-1,79,48,43,-1,43,48,46,-1,43,46,42,-1,42,46,47,-1,80,81,82,-1,82,81,83,-1,83,81,84,-1,83,84,85,-1,85,84,86,-1,85,86,87,-1,87,86,88,-1,87,88,89,-1,89,88,90,-1,89,90,91,-1,91,90,92,-1,91,92,93,-1,94,93,95,-1,95,93,92,-1,83,85,87,-1,91,93,82,-1,82,93,94,-1,82,94,96,-1,83,87,82,-1,82,87,89,-1,82,89,91,-1,80,97,95,-1,80,95,81,-1,90,88,86,-1,95,92,81,-1,81,92,90,-1,81,90,84,-1,84,90,86,-1,98,99,100,-1,100,99,101,-1,98,100,102,-1,98,102,103,-1,103,102,104,-1,103,104,105,-1,105,104,106,-1,105,106,107,-1,107,106,108,-1,107,108,109,-1,109,108,110,-1,109,110,111,-1,112,111,113,-1,113,111,110,-1,112,114,99,-1,112,99,111,-1,111,99,98,-1,111,98,103,-1,103,105,111,-1,111,105,107,-1,111,107,109,-1,110,108,106,-1,102,100,113,-1,113,100,101,-1,113,101,115,-1,110,106,113,-1,113,106,104,-1,113,104,102,-1,116,117,118,-1,118,117,119,-1,116,118,120,-1,120,118,121,-1,120,121,122,-1,122,121,123,-1,122,123,124,-1,124,123,125,-1,124,125,126,-1,126,125,127,-1,126,127,128,-1,128,127,129,-1,128,129,130,-1,130,129,131,-1,130,131,132,-1,132,131,133,-1,134,132,135,-1,135,132,133,-1,136,134,137,-1,137,134,135,-1,138,136,139,-1,139,136,137,-1,138,139,140,-1,138,140,141,-1,141,140,142,-1,141,142,143,-1,143,142,144,-1,143,144,145,-1,145,144,146,-1,145,146,147,-1,147,146,148,-1,147,148,149,-1,149,148,150,-1,149,150,151,-1,151,150,152,-1,151,152,153,-1,154,153,155,-1,155,153,152,-1,134,136,132,-1,132,136,138,-1,132,138,130,-1,130,138,141,-1,130,141,128,-1,128,141,143,-1,128,143,126,-1,126,143,145,-1,126,145,124,-1,124,145,147,-1,124,147,122,-1,122,147,149,-1,122,149,120,-1,120,149,151,-1,120,151,116,-1,116,151,153,-1,116,153,117,-1,117,153,154,-1,119,155,118,-1,118,155,152,-1,118,152,121,-1,121,152,150,-1,121,150,123,-1,123,150,148,-1,123,148,125,-1,125,148,146,-1,125,146,127,-1,127,146,144,-1,127,144,129,-1,129,144,142,-1,129,142,131,-1,131,142,140,-1,131,140,133,-1,133,140,139,-1,133,139,135,-1,135,139,137,-1,156,157,158,-1,158,157,159,-1,160,161,162,-1,162,161,163,-1,160,162,164,-1,160,164,165,-1,165,164,166,-1,165,166,167,-1,167,166,168,-1,167,168,169,-1,169,168,170,-1,169,170,171,-1,171,170,172,-1,171,172,173,-1,173,172,174,-1,173,174,175,-1,175,174,176,-1,175,176,177,-1,178,177,179,-1,179,177,176,-1,180,178,181,-1,181,178,179,-1,182,180,183,-1,183,180,181,-1,182,183,184,-1,184,183,185,-1,184,185,186,-1,186,185,187,-1,186,187,188,-1,188,187,189,-1,188,189,190,-1,190,189,191,-1,190,191,192,-1,192,191,193,-1,192,193,194,-1,194,193,195,-1,194,195,157,-1,157,195,159,-1,156,161,157,-1,157,161,160,-1,157,160,194,-1,194,160,165,-1,194,165,192,-1,192,165,167,-1,192,167,190,-1,190,167,169,-1,190,169,188,-1,188,169,171,-1,188,171,186,-1,186,171,173,-1,186,173,184,-1,184,173,175,-1,184,175,182,-1,182,175,177,-1,182,177,180,-1,180,177,178,-1,181,179,183,-1,183,179,176,-1,183,176,185,-1,185,176,174,-1,185,174,187,-1,187,174,172,-1,187,172,189,-1,189,172,170,-1,189,170,191,-1,191,170,168,-1,191,168,193,-1,193,168,166,-1,193,166,195,-1,195,166,164,-1,195,164,159,-1,159,164,162,-1,159,162,158,-1,158,162,163,-1,196,197,198,-1,198,197,199,-1,199,197,200,-1,199,200,201,-1,201,200,202,-1,201,202,203,-1,203,202,204,-1,203,204,205,-1,205,204,206,-1,205,206,207,-1,207,206,208,-1,207,208,209,-1,210,209,211,-1,211,209,208,-1,199,201,203,-1,207,209,198,-1,198,209,210,-1,198,210,212,-1,199,203,198,-1,198,203,205,-1,198,205,207,-1,196,213,211,-1,196,211,197,-1,206,204,202,-1,211,208,197,-1,197,208,206,-1,197,206,200,-1,200,206,202,-1,214,215,216,-1,216,215,217,-1,214,216,218,-1,214,218,219,-1,219,218,220,-1,219,220,221,-1,221,220,222,-1,221,222,223,-1,223,222,224,-1,223,224,225,-1,225,224,226,-1,225,226,227,-1,228,227,229,-1,229,227,226,-1,228,230,215,-1,228,215,227,-1,227,215,214,-1,227,214,219,-1,219,221,227,-1,227,221,223,-1,227,223,225,-1,226,224,222,-1,218,216,229,-1,229,216,217,-1,229,217,231,-1,226,222,229,-1,229,222,220,-1,229,220,218,-1,232,233,234,-1,234,233,235,-1,232,234,236,-1,236,234,237,-1,236,237,238,-1,238,237,239,-1,238,239,240,-1,240,239,241,-1,240,241,242,-1,242,241,243,-1,242,243,244,-1,244,243,245,-1,244,245,246,-1,246,245,247,-1,246,247,248,-1,248,247,249,-1,250,248,251,-1,251,248,249,-1,252,250,253,-1,253,250,251,-1,254,252,255,-1,255,252,253,-1,254,255,256,-1,254,256,257,-1,257,256,258,-1,257,258,259,-1,259,258,260,-1,259,260,261,-1,261,260,262,-1,261,262,263,-1,263,262,264,-1,263,264,265,-1,265,264,266,-1,265,266,267,-1,267,266,268,-1,267,268,269,-1,270,269,271,-1,271,269,268,-1,250,252,248,-1,248,252,254,-1,248,254,246,-1,246,254,257,-1,246,257,244,-1,244,257,259,-1,244,259,242,-1,242,259,261,-1,242,261,240,-1,240,261,263,-1,240,263,238,-1,238,263,265,-1,238,265,236,-1,236,265,267,-1,236,267,232,-1,232,267,269,-1,232,269,233,-1,233,269,270,-1,235,271,234,-1,234,271,268,-1,234,268,237,-1,237,268,266,-1,237,266,239,-1,239,266,264,-1,239,264,241,-1,241,264,262,-1,241,262,243,-1,243,262,260,-1,243,260,245,-1,245,260,258,-1,245,258,247,-1,247,258,256,-1,247,256,249,-1,249,256,255,-1,249,255,251,-1,251,255,253,-1,272,273,274,-1,274,273,275,-1,276,277,278,-1,278,277,279,-1,276,278,280,-1,276,280,281,-1,281,280,282,-1,281,282,283,-1,283,282,284,-1,283,284,285,-1,285,284,286,-1,285,286,287,-1,287,286,288,-1,287,288,289,-1,289,288,290,-1,289,290,291,-1,291,290,292,-1,291,292,293,-1,294,293,295,-1,295,293,292,-1,296,294,297,-1,297,294,295,-1,298,296,299,-1,299,296,297,-1,298,299,300,-1,300,299,301,-1,300,301,302,-1,302,301,303,-1,302,303,304,-1,304,303,305,-1,304,305,306,-1,306,305,307,-1,306,307,308,-1,308,307,309,-1,308,309,310,-1,310,309,311,-1,310,311,273,-1,273,311,275,-1,272,277,273,-1,273,277,276,-1,273,276,310,-1,310,276,281,-1,310,281,308,-1,308,281,283,-1,308,283,306,-1,306,283,285,-1,306,285,304,-1,304,285,287,-1,304,287,302,-1,302,287,289,-1,302,289,300,-1,300,289,291,-1,300,291,298,-1,298,291,293,-1,298,293,296,-1,296,293,294,-1,297,295,299,-1,299,295,292,-1,299,292,301,-1,301,292,290,-1,301,290,303,-1,303,290,288,-1,303,288,305,-1,305,288,286,-1,305,286,307,-1,307,286,284,-1,307,284,309,-1,309,284,282,-1,309,282,311,-1,311,282,280,-1,311,280,275,-1,275,280,278,-1,275,278,274,-1,274,278,279,-1,312,313,314,-1,314,313,315,-1,315,313,316,-1,315,316,317,-1,317,316,318,-1,317,318,319,-1,319,318,320,-1,319,320,321,-1,321,320,322,-1,321,322,323,-1,323,322,324,-1,323,324,325,-1,326,325,327,-1,327,325,324,-1,315,317,319,-1,323,325,314,-1,314,325,326,-1,314,326,328,-1,315,319,314,-1,314,319,321,-1,314,321,323,-1,312,329,327,-1,312,327,313,-1,322,320,318,-1,327,324,313,-1,313,324,322,-1,313,322,316,-1,316,322,318,-1,330,331,332,-1,332,331,333,-1,330,332,334,-1,330,334,335,-1,335,334,336,-1,335,336,337,-1,337,336,338,-1,337,338,339,-1,339,338,340,-1,339,340,341,-1,341,340,342,-1,341,342,343,-1,344,343,345,-1,345,343,342,-1,344,346,331,-1,344,331,343,-1,343,331,330,-1,343,330,335,-1,335,337,343,-1,343,337,339,-1,343,339,341,-1,342,340,338,-1,334,332,345,-1,345,332,333,-1,345,333,347,-1,342,338,345,-1,345,338,336,-1,345,336,334,-1,348,349,350,-1,350,349,351,-1,348,350,352,-1,352,350,353,-1,352,353,354,-1,354,353,355,-1,354,355,356,-1,356,355,357,-1,356,357,358,-1,358,357,359,-1,358,359,360,-1,360,359,361,-1,360,361,362,-1,362,361,363,-1,362,363,364,-1,364,363,365,-1,366,364,367,-1,367,364,365,-1,368,366,369,-1,369,366,367,-1,370,368,371,-1,371,368,369,-1,370,371,372,-1,370,372,373,-1,373,372,374,-1,373,374,375,-1,375,374,376,-1,375,376,377,-1,377,376,378,-1,377,378,379,-1,379,378,380,-1,379,380,381,-1,381,380,382,-1,381,382,383,-1,383,382,384,-1,383,384,385,-1,386,385,387,-1,387,385,384,-1,366,368,364,-1,364,368,370,-1,364,370,362,-1,362,370,373,-1,362,373,360,-1,360,373,375,-1,360,375,358,-1,358,375,377,-1,358,377,356,-1,356,377,379,-1,356,379,354,-1,354,379,381,-1,354,381,352,-1,352,381,383,-1,352,383,348,-1,348,383,385,-1,348,385,349,-1,349,385,386,-1,351,387,350,-1,350,387,384,-1,350,384,353,-1,353,384,382,-1,353,382,355,-1,355,382,380,-1,355,380,357,-1,357,380,378,-1,357,378,359,-1,359,378,376,-1,359,376,361,-1,361,376,374,-1,361,374,363,-1,363,374,372,-1,363,372,365,-1,365,372,371,-1,365,371,367,-1,367,371,369,-1,388,389,390,-1,390,389,391,-1,392,393,394,-1,394,393,395,-1,392,394,396,-1,392,396,397,-1,397,396,398,-1,397,398,399,-1,399,398,400,-1,399,400,401,-1,401,400,402,-1,401,402,403,-1,403,402,404,-1,403,404,405,-1,405,404,406,-1,405,406,407,-1,407,406,408,-1,407,408,409,-1,410,409,411,-1,411,409,408,-1,412,410,413,-1,413,410,411,-1,414,412,415,-1,415,412,413,-1,414,415,416,-1,416,415,417,-1,416,417,418,-1,418,417,419,-1,418,419,420,-1,420,419,421,-1,420,421,422,-1,422,421,423,-1,422,423,424,-1,424,423,425,-1,424,425,426,-1,426,425,427,-1,426,427,389,-1,389,427,391,-1,388,393,389,-1,389,393,392,-1,389,392,426,-1,426,392,397,-1,426,397,424,-1,424,397,399,-1,424,399,422,-1,422,399,401,-1,422,401,420,-1,420,401,403,-1,420,403,418,-1,418,403,405,-1,418,405,416,-1,416,405,407,-1,416,407,414,-1,414,407,409,-1,414,409,412,-1,412,409,410,-1,413,411,415,-1,415,411,408,-1,415,408,417,-1,417,408,406,-1,417,406,419,-1,419,406,404,-1,419,404,421,-1,421,404,402,-1,421,402,423,-1,423,402,400,-1,423,400,425,-1,425,400,398,-1,425,398,427,-1,427,398,396,-1,427,396,391,-1,391,396,394,-1,391,394,390,-1,390,394,395,-1,428,429,430,-1,430,429,431,-1,431,429,432,-1,431,432,433,-1,433,432,434,-1,433,434,435,-1,435,434,436,-1,435,436,437,-1,437,436,438,-1,437,438,439,-1,439,438,440,-1,439,440,441,-1,442,441,443,-1,443,441,440,-1,431,433,435,-1,439,441,430,-1,430,441,442,-1,430,442,444,-1,431,435,430,-1,430,435,437,-1,430,437,439,-1,445,443,428,-1,428,443,440,-1,428,440,429,-1,438,436,434,-1,438,434,440,-1,440,434,432,-1,440,432,429,-1,446,447,448,-1,448,447,449,-1,446,448,450,-1,446,450,451,-1,451,450,452,-1,451,452,453,-1,453,452,454,-1,453,454,455,-1,455,454,456,-1,455,456,457,-1,457,456,458,-1,457,458,459,-1,460,459,461,-1,461,459,458,-1,460,462,447,-1,460,447,459,-1,459,447,446,-1,459,446,451,-1,451,453,459,-1,459,453,455,-1,459,455,457,-1,458,456,454,-1,450,448,461,-1,461,448,449,-1,461,449,463,-1,458,454,461,-1,461,454,452,-1,461,452,450,-1,464,465,466,-1,466,465,467,-1,464,466,468,-1,468,466,469,-1,468,469,470,-1,470,469,471,-1,470,471,472,-1,472,471,473,-1,472,473,474,-1,474,473,475,-1,474,475,476,-1,476,475,477,-1,476,477,478,-1,478,477,479,-1,478,479,480,-1,480,479,481,-1,482,480,483,-1,483,480,481,-1,484,482,485,-1,485,482,483,-1,486,484,487,-1,487,484,485,-1,486,487,488,-1,486,488,489,-1,489,488,490,-1,489,490,491,-1,491,490,492,-1,491,492,493,-1,493,492,494,-1,493,494,495,-1,495,494,496,-1,495,496,497,-1,497,496,498,-1,497,498,499,-1,499,498,500,-1,499,500,501,-1,502,501,503,-1,503,501,500,-1,482,484,480,-1,480,484,486,-1,480,486,478,-1,478,486,489,-1,478,489,476,-1,476,489,491,-1,476,491,474,-1,474,491,493,-1,474,493,472,-1,472,493,495,-1,472,495,470,-1,470,495,497,-1,470,497,468,-1,468,497,499,-1,468,499,464,-1,464,499,501,-1,464,501,465,-1,465,501,502,-1,467,503,466,-1,466,503,500,-1,466,500,469,-1,469,500,498,-1,469,498,471,-1,471,498,496,-1,471,496,473,-1,473,496,494,-1,473,494,475,-1,475,494,492,-1,475,492,477,-1,477,492,490,-1,477,490,479,-1,479,490,488,-1,479,488,481,-1,481,488,487,-1,481,487,483,-1,483,487,485,-1,504,505,506,-1,506,505,507,-1,508,509,510,-1,510,509,511,-1,508,510,512,-1,508,512,513,-1,513,512,514,-1,513,514,515,-1,515,514,516,-1,515,516,517,-1,517,516,518,-1,517,518,519,-1,519,518,520,-1,519,520,521,-1,521,520,522,-1,521,522,523,-1,523,522,524,-1,523,524,525,-1,526,525,527,-1,527,525,524,-1,528,526,529,-1,529,526,527,-1,530,528,531,-1,531,528,529,-1,530,531,532,-1,532,531,533,-1,532,533,534,-1,534,533,535,-1,534,535,536,-1,536,535,537,-1,536,537,538,-1,538,537,539,-1,538,539,540,-1,540,539,541,-1,540,541,542,-1,542,541,543,-1,542,543,505,-1,505,543,507,-1,504,509,505,-1,505,509,508,-1,505,508,542,-1,542,508,513,-1,542,513,540,-1,540,513,515,-1,540,515,538,-1,538,515,517,-1,538,517,536,-1,536,517,519,-1,536,519,534,-1,534,519,521,-1,534,521,532,-1,532,521,523,-1,532,523,530,-1,530,523,525,-1,530,525,528,-1,528,525,526,-1,529,527,531,-1,531,527,524,-1,531,524,533,-1,533,524,522,-1,533,522,535,-1,535,522,520,-1,535,520,537,-1,537,520,518,-1,537,518,539,-1,539,518,516,-1,539,516,541,-1,541,516,514,-1,541,514,543,-1,543,514,512,-1,543,512,507,-1,507,512,510,-1,507,510,506,-1,506,510,511,-1,544,545,546,-1,546,545,547,-1,547,545,548,-1,547,548,549,-1,549,548,550,-1,549,550,551,-1,551,550,552,-1,551,552,553,-1,553,552,554,-1,553,554,555,-1,555,554,556,-1,555,556,557,-1,558,557,559,-1,559,557,556,-1,547,549,551,-1,555,557,546,-1,546,557,558,-1,546,558,560,-1,547,551,546,-1,546,551,553,-1,546,553,555,-1,561,559,544,-1,544,559,556,-1,544,556,545,-1,554,552,550,-1,554,550,556,-1,556,550,548,-1,556,548,545,-1,562,563,564,-1,564,563,565,-1,562,564,566,-1,562,566,567,-1,567,566,568,-1,567,568,569,-1,569,568,570,-1,569,570,571,-1,571,570,572,-1,571,572,573,-1,573,572,574,-1,573,574,575,-1,576,575,577,-1,577,575,574,-1,576,578,563,-1,576,563,575,-1,575,563,562,-1,575,562,567,-1,567,569,575,-1,575,569,571,-1,575,571,573,-1,574,572,570,-1,566,564,577,-1,577,564,565,-1,577,565,579,-1,574,570,577,-1,577,570,568,-1,577,568,566,-1,580,581,582,-1,582,581,583,-1,580,582,584,-1,584,582,585,-1,584,585,586,-1,586,585,587,-1,586,587,588,-1,588,587,589,-1,588,589,590,-1,590,589,591,-1,590,591,592,-1,592,591,593,-1,592,593,594,-1,594,593,595,-1,594,595,596,-1,596,595,597,-1,598,596,599,-1,599,596,597,-1,600,598,601,-1,601,598,599,-1,602,600,603,-1,603,600,601,-1,602,603,604,-1,602,604,605,-1,605,604,606,-1,605,606,607,-1,607,606,608,-1,607,608,609,-1,609,608,610,-1,609,610,611,-1,611,610,612,-1,611,612,613,-1,613,612,614,-1,613,614,615,-1,615,614,616,-1,615,616,617,-1,618,617,619,-1,619,617,616,-1,598,600,596,-1,596,600,602,-1,596,602,594,-1,594,602,605,-1,594,605,592,-1,592,605,607,-1,592,607,590,-1,590,607,609,-1,590,609,588,-1,588,609,611,-1,588,611,586,-1,586,611,613,-1,586,613,584,-1,584,613,615,-1,584,615,580,-1,580,615,617,-1,580,617,581,-1,581,617,618,-1,583,619,582,-1,582,619,616,-1,582,616,585,-1,585,616,614,-1,585,614,587,-1,587,614,612,-1,587,612,589,-1,589,612,610,-1,589,610,591,-1,591,610,608,-1,591,608,593,-1,593,608,606,-1,593,606,595,-1,595,606,604,-1,595,604,597,-1,597,604,603,-1,597,603,599,-1,599,603,601,-1,620,621,622,-1,622,621,623,-1,624,625,626,-1,626,625,627,-1,624,626,628,-1,624,628,629,-1,629,628,630,-1,629,630,631,-1,631,630,632,-1,631,632,633,-1,633,632,634,-1,633,634,635,-1,635,634,636,-1,635,636,637,-1,637,636,638,-1,637,638,639,-1,639,638,640,-1,639,640,641,-1,642,641,643,-1,643,641,640,-1,644,642,645,-1,645,642,643,-1,646,644,647,-1,647,644,645,-1,646,647,648,-1,648,647,649,-1,648,649,650,-1,650,649,651,-1,650,651,652,-1,652,651,653,-1,652,653,654,-1,654,653,655,-1,654,655,656,-1,656,655,657,-1,656,657,658,-1,658,657,659,-1,658,659,621,-1,621,659,623,-1,620,625,621,-1,621,625,624,-1,621,624,658,-1,658,624,629,-1,658,629,656,-1,656,629,631,-1,656,631,654,-1,654,631,633,-1,654,633,652,-1,652,633,635,-1,652,635,650,-1,650,635,637,-1,650,637,648,-1,648,637,639,-1,648,639,646,-1,646,639,641,-1,646,641,644,-1,644,641,642,-1,645,643,647,-1,647,643,640,-1,647,640,649,-1,649,640,638,-1,649,638,651,-1,651,638,636,-1,651,636,653,-1,653,636,634,-1,653,634,655,-1,655,634,632,-1,655,632,657,-1,657,632,630,-1,657,630,659,-1,659,630,628,-1,659,628,623,-1,623,628,626,-1,623,626,622,-1,622,626,627,-1,660,661,662,-1,662,661,663,-1,663,661,664,-1,663,664,665,-1,665,664,666,-1,665,666,667,-1,667,666,668,-1,667,668,669,-1,669,668,670,-1,669,670,671,-1,671,670,672,-1,671,672,673,-1,674,673,675,-1,675,673,672,-1,663,665,667,-1,671,673,662,-1,662,673,674,-1,662,674,676,-1,663,667,662,-1,662,667,669,-1,662,669,671,-1,677,675,660,-1,660,675,672,-1,660,672,661,-1,670,668,666,-1,670,666,672,-1,672,666,664,-1,672,664,661,-1,678,679,680,-1,680,679,681,-1,678,680,682,-1,678,682,683,-1,683,682,684,-1,683,684,685,-1,685,684,686,-1,685,686,687,-1,687,686,688,-1,687,688,689,-1,689,688,690,-1,689,690,691,-1,692,691,693,-1,693,691,690,-1,692,694,679,-1,692,679,691,-1,691,679,678,-1,691,678,683,-1,683,685,691,-1,691,685,687,-1,691,687,689,-1,690,688,686,-1,682,680,693,-1,693,680,681,-1,693,681,695,-1,690,686,693,-1,693,686,684,-1,693,684,682,-1,696,697,698,-1,698,697,699,-1,696,698,700,-1,700,698,701,-1,700,701,702,-1,702,701,703,-1,702,703,704,-1,704,703,705,-1,704,705,706,-1,706,705,707,-1,706,707,708,-1,708,707,709,-1,708,709,710,-1,710,709,711,-1,710,711,712,-1,712,711,713,-1,714,712,715,-1,715,712,713,-1,716,714,717,-1,717,714,715,-1,718,716,719,-1,719,716,717,-1,718,719,720,-1,718,720,721,-1,721,720,722,-1,721,722,723,-1,723,722,724,-1,723,724,725,-1,725,724,726,-1,725,726,727,-1,727,726,728,-1,727,728,729,-1,729,728,730,-1,729,730,731,-1,731,730,732,-1,731,732,733,-1,734,733,735,-1,735,733,732,-1,714,716,712,-1,712,716,718,-1,712,718,710,-1,710,718,721,-1,710,721,708,-1,708,721,723,-1,708,723,706,-1,706,723,725,-1,706,725,704,-1,704,725,727,-1,704,727,702,-1,702,727,729,-1,702,729,700,-1,700,729,731,-1,700,731,696,-1,696,731,733,-1,696,733,697,-1,697,733,734,-1,699,735,698,-1,698,735,732,-1,698,732,701,-1,701,732,730,-1,701,730,703,-1,703,730,728,-1,703,728,705,-1,705,728,726,-1,705,726,707,-1,707,726,724,-1,707,724,709,-1,709,724,722,-1,709,722,711,-1,711,722,720,-1,711,720,713,-1,713,720,719,-1,713,719,715,-1,715,719,717,-1,736,737,738,-1,738,737,739,-1,740,741,742,-1,742,741,743,-1,740,742,744,-1,740,744,745,-1,745,744,746,-1,745,746,747,-1,747,746,748,-1,747,748,749,-1,749,748,750,-1,749,750,751,-1,751,750,752,-1,751,752,753,-1,753,752,754,-1,753,754,755,-1,755,754,756,-1,755,756,757,-1,758,757,759,-1,759,757,756,-1,760,758,761,-1,761,758,759,-1,762,760,763,-1,763,760,761,-1,762,763,764,-1,764,763,765,-1,764,765,766,-1,766,765,767,-1,766,767,768,-1,768,767,769,-1,768,769,770,-1,770,769,771,-1,770,771,772,-1,772,771,773,-1,772,773,774,-1,774,773,775,-1,774,775,737,-1,737,775,739,-1,736,741,737,-1,737,741,740,-1,737,740,774,-1,774,740,745,-1,774,745,772,-1,772,745,747,-1,772,747,770,-1,770,747,749,-1,770,749,768,-1,768,749,751,-1,768,751,766,-1,766,751,753,-1,766,753,764,-1,764,753,755,-1,764,755,762,-1,762,755,757,-1,762,757,760,-1,760,757,758,-1,761,759,763,-1,763,759,756,-1,763,756,765,-1,765,756,754,-1,765,754,767,-1,767,754,752,-1,767,752,769,-1,769,752,750,-1,769,750,771,-1,771,750,748,-1,771,748,773,-1,773,748,746,-1,773,746,775,-1,775,746,744,-1,775,744,739,-1,739,744,742,-1,739,742,738,-1,738,742,743,-1,776,777,778,-1,778,777,779,-1,779,777,780,-1,779,780,781,-1,781,780,782,-1,781,782,783,-1,783,782,784,-1,783,784,785,-1,785,784,786,-1,785,786,787,-1,787,786,788,-1,787,788,789,-1,790,789,791,-1,791,789,788,-1,779,781,783,-1,787,789,778,-1,778,789,790,-1,778,790,792,-1,779,783,778,-1,778,783,785,-1,778,785,787,-1,793,791,776,-1,776,791,788,-1,776,788,777,-1,786,784,782,-1,786,782,788,-1,788,782,780,-1,788,780,777,-1,794,795,796,-1,796,795,797,-1,794,796,798,-1,794,798,799,-1,799,798,800,-1,799,800,801,-1,801,800,802,-1,801,802,803,-1,803,802,804,-1,803,804,805,-1,805,804,806,-1,805,806,807,-1,808,807,809,-1,809,807,806,-1,808,810,795,-1,808,795,807,-1,807,795,794,-1,807,794,799,-1,799,801,807,-1,807,801,803,-1,807,803,805,-1,806,804,802,-1,798,796,809,-1,809,796,797,-1,809,797,811,-1,806,802,809,-1,809,802,800,-1,809,800,798,-1,812,813,814,-1,814,813,815,-1,812,814,816,-1,816,814,817,-1,816,817,818,-1,818,817,819,-1,818,819,820,-1,820,819,821,-1,820,821,822,-1,822,821,823,-1,822,823,824,-1,824,823,825,-1,824,825,826,-1,826,825,827,-1,826,827,828,-1,828,827,829,-1,830,828,831,-1,831,828,829,-1,832,830,833,-1,833,830,831,-1,834,832,835,-1,835,832,833,-1,834,835,836,-1,834,836,837,-1,837,836,838,-1,837,838,839,-1,839,838,840,-1,839,840,841,-1,841,840,842,-1,841,842,843,-1,843,842,844,-1,843,844,845,-1,845,844,846,-1,845,846,847,-1,847,846,848,-1,847,848,849,-1,850,849,851,-1,851,849,848,-1,830,832,828,-1,828,832,834,-1,828,834,826,-1,826,834,837,-1,826,837,824,-1,824,837,839,-1,824,839,822,-1,822,839,841,-1,822,841,820,-1,820,841,843,-1,820,843,818,-1,818,843,845,-1,818,845,816,-1,816,845,847,-1,816,847,812,-1,812,847,849,-1,812,849,813,-1,813,849,850,-1,815,851,814,-1,814,851,848,-1,814,848,817,-1,817,848,846,-1,817,846,819,-1,819,846,844,-1,819,844,821,-1,821,844,842,-1,821,842,823,-1,823,842,840,-1,823,840,825,-1,825,840,838,-1,825,838,827,-1,827,838,836,-1,827,836,829,-1,829,836,835,-1,829,835,831,-1,831,835,833,-1,852,853,854,-1,854,853,855,-1,856,857,858,-1,858,857,859,-1,856,858,860,-1,856,860,861,-1,861,860,862,-1,861,862,863,-1,863,862,864,-1,863,864,865,-1,865,864,866,-1,865,866,867,-1,867,866,868,-1,867,868,869,-1,869,868,870,-1,869,870,871,-1,871,870,872,-1,871,872,873,-1,874,873,875,-1,875,873,872,-1,876,874,877,-1,877,874,875,-1,878,876,879,-1,879,876,877,-1,878,879,880,-1,880,879,881,-1,880,881,882,-1,882,881,883,-1,882,883,884,-1,884,883,885,-1,884,885,886,-1,886,885,887,-1,886,887,888,-1,888,887,889,-1,888,889,890,-1,890,889,891,-1,890,891,853,-1,853,891,855,-1,852,857,853,-1,853,857,856,-1,853,856,890,-1,890,856,861,-1,890,861,888,-1,888,861,863,-1,888,863,886,-1,886,863,865,-1,886,865,884,-1,884,865,867,-1,884,867,882,-1,882,867,869,-1,882,869,880,-1,880,869,871,-1,880,871,878,-1,878,871,873,-1,878,873,876,-1,876,873,874,-1,877,875,879,-1,879,875,872,-1,879,872,881,-1,881,872,870,-1,881,870,883,-1,883,870,868,-1,883,868,885,-1,885,868,866,-1,885,866,887,-1,887,866,864,-1,887,864,889,-1,889,864,862,-1,889,862,891,-1,891,862,860,-1,891,860,855,-1,855,860,858,-1,855,858,854,-1,854,858,859,-1,892,893,894,-1,894,893,895,-1,895,893,896,-1,895,896,897,-1,897,896,898,-1,897,898,899,-1,899,898,900,-1,899,900,901,-1,901,900,902,-1,901,902,903,-1,903,902,904,-1,903,904,905,-1,906,905,907,-1,907,905,904,-1,895,897,899,-1,903,905,894,-1,894,905,906,-1,894,906,908,-1,895,899,894,-1,894,899,901,-1,894,901,903,-1,892,909,907,-1,892,907,893,-1,902,900,898,-1,907,904,893,-1,893,904,902,-1,893,902,896,-1,896,902,898,-1,910,911,912,-1,912,911,913,-1,910,912,914,-1,910,914,915,-1,915,914,916,-1,915,916,917,-1,917,916,918,-1,917,918,919,-1,919,918,920,-1,919,920,921,-1,921,920,922,-1,921,922,923,-1,924,923,925,-1,925,923,922,-1,924,926,911,-1,924,911,923,-1,923,911,910,-1,923,910,915,-1,915,917,923,-1,923,917,919,-1,923,919,921,-1,922,920,918,-1,914,912,925,-1,925,912,913,-1,925,913,927,-1,922,918,925,-1,925,918,916,-1,925,916,914,-1,928,929,930,-1,930,929,931,-1,928,930,932,-1,932,930,933,-1,932,933,934,-1,934,933,935,-1,934,935,936,-1,936,935,937,-1,936,937,938,-1,938,937,939,-1,938,939,940,-1,940,939,941,-1,940,941,942,-1,942,941,943,-1,942,943,944,-1,944,943,945,-1,946,944,947,-1,947,944,945,-1,948,946,949,-1,949,946,947,-1,950,948,951,-1,951,948,949,-1,950,951,952,-1,950,952,953,-1,953,952,954,-1,953,954,955,-1,955,954,956,-1,955,956,957,-1,957,956,958,-1,957,958,959,-1,959,958,960,-1,959,960,961,-1,961,960,962,-1,961,962,963,-1,963,962,964,-1,963,964,965,-1,966,965,967,-1,967,965,964,-1,946,948,944,-1,944,948,950,-1,944,950,942,-1,942,950,953,-1,942,953,940,-1,940,953,955,-1,940,955,938,-1,938,955,957,-1,938,957,936,-1,936,957,959,-1,936,959,934,-1,934,959,961,-1,934,961,932,-1,932,961,963,-1,932,963,928,-1,928,963,965,-1,928,965,929,-1,929,965,966,-1,931,967,930,-1,930,967,964,-1,930,964,933,-1,933,964,962,-1,933,962,935,-1,935,962,960,-1,935,960,937,-1,937,960,958,-1,937,958,939,-1,939,958,956,-1,939,956,941,-1,941,956,954,-1,941,954,943,-1,943,954,952,-1,943,952,945,-1,945,952,951,-1,945,951,947,-1,947,951,949,-1,968,969,970,-1,970,969,971,-1,972,973,974,-1,974,973,975,-1,972,974,976,-1,972,976,977,-1,977,976,978,-1,977,978,979,-1,979,978,980,-1,979,980,981,-1,981,980,982,-1,981,982,983,-1,983,982,984,-1,983,984,985,-1,985,984,986,-1,985,986,987,-1,987,986,988,-1,987,988,989,-1,990,989,991,-1,991,989,988,-1,992,990,993,-1,993,990,991,-1,994,992,995,-1,995,992,993,-1,994,995,996,-1,996,995,997,-1,996,997,998,-1,998,997,999,-1,998,999,1000,-1,1000,999,1001,-1,1000,1001,1002,-1,1002,1001,1003,-1,1002,1003,1004,-1,1004,1003,1005,-1,1004,1005,1006,-1,1006,1005,1007,-1,1006,1007,969,-1,969,1007,971,-1,968,973,969,-1,969,973,972,-1,969,972,1006,-1,1006,972,977,-1,1006,977,1004,-1,1004,977,979,-1,1004,979,1002,-1,1002,979,981,-1,1002,981,1000,-1,1000,981,983,-1,1000,983,998,-1,998,983,985,-1,998,985,996,-1,996,985,987,-1,996,987,994,-1,994,987,989,-1,994,989,992,-1,992,989,990,-1,993,991,995,-1,995,991,988,-1,995,988,997,-1,997,988,986,-1,997,986,999,-1,999,986,984,-1,999,984,1001,-1,1001,984,982,-1,1001,982,1003,-1,1003,982,980,-1,1003,980,1005,-1,1005,980,978,-1,1005,978,1007,-1,1007,978,976,-1,1007,976,971,-1,971,976,974,-1,971,974,970,-1,970,974,975,-1,1008,1009,1010,-1,1010,1009,1011,-1,1011,1009,1012,-1,1011,1012,1013,-1,1013,1012,1014,-1,1013,1014,1015,-1,1015,1014,1016,-1,1015,1016,1017,-1,1017,1016,1018,-1,1017,1018,1019,-1,1019,1018,1020,-1,1019,1020,1021,-1,1022,1021,1023,-1,1023,1021,1020,-1,1011,1013,1015,-1,1019,1021,1010,-1,1010,1021,1022,-1,1010,1022,1024,-1,1011,1015,1010,-1,1010,1015,1017,-1,1010,1017,1019,-1,1008,1025,1023,-1,1008,1023,1009,-1,1018,1016,1014,-1,1023,1020,1009,-1,1009,1020,1018,-1,1009,1018,1012,-1,1012,1018,1014,-1,1026,1027,1028,-1,1028,1027,1029,-1,1026,1028,1030,-1,1026,1030,1031,-1,1031,1030,1032,-1,1031,1032,1033,-1,1033,1032,1034,-1,1033,1034,1035,-1,1035,1034,1036,-1,1035,1036,1037,-1,1037,1036,1038,-1,1037,1038,1039,-1,1040,1039,1041,-1,1041,1039,1038,-1,1040,1042,1027,-1,1040,1027,1039,-1,1039,1027,1026,-1,1039,1026,1031,-1,1031,1033,1039,-1,1039,1033,1035,-1,1039,1035,1037,-1,1038,1036,1034,-1,1030,1028,1041,-1,1041,1028,1029,-1,1041,1029,1043,-1,1038,1034,1041,-1,1041,1034,1032,-1,1041,1032,1030,-1,1044,1045,1046,-1,1046,1045,1047,-1,1044,1046,1048,-1,1048,1046,1049,-1,1048,1049,1050,-1,1050,1049,1051,-1,1050,1051,1052,-1,1052,1051,1053,-1,1052,1053,1054,-1,1054,1053,1055,-1,1054,1055,1056,-1,1056,1055,1057,-1,1056,1057,1058,-1,1058,1057,1059,-1,1058,1059,1060,-1,1060,1059,1061,-1,1062,1060,1063,-1,1063,1060,1061,-1,1064,1062,1065,-1,1065,1062,1063,-1,1066,1064,1067,-1,1067,1064,1065,-1,1066,1067,1068,-1,1066,1068,1069,-1,1069,1068,1070,-1,1069,1070,1071,-1,1071,1070,1072,-1,1071,1072,1073,-1,1073,1072,1074,-1,1073,1074,1075,-1,1075,1074,1076,-1,1075,1076,1077,-1,1077,1076,1078,-1,1077,1078,1079,-1,1079,1078,1080,-1,1079,1080,1081,-1,1082,1081,1083,-1,1083,1081,1080,-1,1062,1064,1060,-1,1060,1064,1066,-1,1060,1066,1058,-1,1058,1066,1069,-1,1058,1069,1056,-1,1056,1069,1071,-1,1056,1071,1054,-1,1054,1071,1073,-1,1054,1073,1052,-1,1052,1073,1075,-1,1052,1075,1050,-1,1050,1075,1077,-1,1050,1077,1048,-1,1048,1077,1079,-1,1048,1079,1044,-1,1044,1079,1081,-1,1044,1081,1045,-1,1045,1081,1082,-1,1047,1083,1046,-1,1046,1083,1080,-1,1046,1080,1049,-1,1049,1080,1078,-1,1049,1078,1051,-1,1051,1078,1076,-1,1051,1076,1053,-1,1053,1076,1074,-1,1053,1074,1055,-1,1055,1074,1072,-1,1055,1072,1057,-1,1057,1072,1070,-1,1057,1070,1059,-1,1059,1070,1068,-1,1059,1068,1061,-1,1061,1068,1067,-1,1061,1067,1063,-1,1063,1067,1065,-1,1084,1085,1086,-1,1086,1085,1087,-1,1088,1089,1090,-1,1090,1089,1091,-1,1088,1090,1092,-1,1088,1092,1093,-1,1093,1092,1094,-1,1093,1094,1095,-1,1095,1094,1096,-1,1095,1096,1097,-1,1097,1096,1098,-1,1097,1098,1099,-1,1099,1098,1100,-1,1099,1100,1101,-1,1101,1100,1102,-1,1101,1102,1103,-1,1103,1102,1104,-1,1103,1104,1105,-1,1106,1105,1107,-1,1107,1105,1104,-1,1108,1106,1109,-1,1109,1106,1107,-1,1110,1108,1111,-1,1111,1108,1109,-1,1110,1111,1112,-1,1112,1111,1113,-1,1112,1113,1114,-1,1114,1113,1115,-1,1114,1115,1116,-1,1116,1115,1117,-1,1116,1117,1118,-1,1118,1117,1119,-1,1118,1119,1120,-1,1120,1119,1121,-1,1120,1121,1122,-1,1122,1121,1123,-1,1122,1123,1085,-1,1085,1123,1087,-1,1084,1089,1085,-1,1085,1089,1088,-1,1085,1088,1122,-1,1122,1088,1093,-1,1122,1093,1120,-1,1120,1093,1095,-1,1120,1095,1118,-1,1118,1095,1097,-1,1118,1097,1116,-1,1116,1097,1099,-1,1116,1099,1114,-1,1114,1099,1101,-1,1114,1101,1112,-1,1112,1101,1103,-1,1112,1103,1110,-1,1110,1103,1105,-1,1110,1105,1108,-1,1108,1105,1106,-1,1109,1107,1111,-1,1111,1107,1104,-1,1111,1104,1113,-1,1113,1104,1102,-1,1113,1102,1115,-1,1115,1102,1100,-1,1115,1100,1117,-1,1117,1100,1098,-1,1117,1098,1119,-1,1119,1098,1096,-1,1119,1096,1121,-1,1121,1096,1094,-1,1121,1094,1123,-1,1123,1094,1092,-1,1123,1092,1087,-1,1087,1092,1090,-1,1087,1090,1086,-1,1086,1090,1091,-1,1124,1125,1126,-1,1126,1125,1127,-1,1127,1125,1128,-1,1127,1128,1129,-1,1129,1128,1130,-1,1129,1130,1131,-1,1131,1130,1132,-1,1131,1132,1133,-1,1133,1132,1134,-1,1133,1134,1135,-1,1135,1134,1136,-1,1135,1136,1137,-1,1138,1137,1139,-1,1139,1137,1136,-1,1127,1129,1131,-1,1135,1137,1126,-1,1126,1137,1138,-1,1126,1138,1140,-1,1127,1131,1126,-1,1126,1131,1133,-1,1126,1133,1135,-1,1124,1141,1139,-1,1124,1139,1125,-1,1134,1132,1130,-1,1139,1136,1125,-1,1125,1136,1134,-1,1125,1134,1128,-1,1128,1134,1130,-1,1142,1143,1144,-1,1144,1143,1145,-1,1142,1144,1146,-1,1142,1146,1147,-1,1147,1146,1148,-1,1147,1148,1149,-1,1149,1148,1150,-1,1149,1150,1151,-1,1151,1150,1152,-1,1151,1152,1153,-1,1153,1152,1154,-1,1153,1154,1155,-1,1156,1155,1157,-1,1157,1155,1154,-1,1156,1158,1143,-1,1156,1143,1155,-1,1155,1143,1142,-1,1155,1142,1147,-1,1147,1149,1155,-1,1155,1149,1151,-1,1155,1151,1153,-1,1154,1152,1150,-1,1146,1144,1157,-1,1157,1144,1145,-1,1157,1145,1159,-1,1154,1150,1157,-1,1157,1150,1148,-1,1157,1148,1146,-1,
        ]
    }
}
Shape{
    appearance Appearance {
        material  Material 	{
            diffuseColor 1.0 1.0 1.0
            specularColor 0.5019607843137255 0.5019607843137255 0.5019607843137255
            ambientIntensity 1.0
            transparency 0.0
            shininess 0.5
        }
    }
    geometry IndexedFaceSet {
        ccw TRUE
        solid FALSE
        coord DEF co Coordinate {
            point [
                3.0531 0.0182 0.6955, 3.0531 0.0182 0.6848, 3.0492 0.0182 0.6955, 3.0492 0.0182 0.6848, 3.0531 -0.019 0.6955, 3.0492 -0.019 0.6955, 3.0531 -0.019 0.7783, 3.0492 -0.019 0.7783, 3.0531 -0.0311 0.7783, 3.0492 -0.0311 0.7783, 3.0531 -0.0311 0.6848, 3.0492 -0.0311 0.6848, 3.0531 0.0661 0.6833, 3.0492 0.0661 0.6833, 3.0492 0.0803 0.6846, 3.0492 0.088 0.6871, 3.0531 0.0903 0.6879, 3.0531 0.0803 0.6846, 3.0492 0.0903 0.6879, 3.0492 0.0919 0.6887, 3.0531 0.0919 0.6887, 3.0531 0.0919 0.7003, 3.0492 0.0919 0.7003, 3.0492 0.088 0.6984, 3.0531 0.0832 0.6963, 3.0492 0.0832 0.6963, 3.0492 0.0728 0.6942, 3.0531 0.0728 0.6942, 3.0492 0.0678 0.694, 3.0531 0.0678 0.694, 3.0492 0.0584 0.6951, 3.0531 0.0584 0.6951, 3.0492 0.0518 0.6977, 3.0531 0.0518 0.6977, 3.0492 0.0457 0.702, 3.0531 0.0457 0.702, 3.0492 0.0438 0.7038, 3.0531 0.0438 0.7038, 3.0492 0.0391 0.7105, 3.0531 0.0391 0.7105, 3.0492 0.0361 0.7182, 3.0531 0.0361 0.7182, 3.0492 0.0347 0.7296, 3.0531 0.0347 0.7296, 3.0492 0.0347 0.7305, 3.0531 0.0347 0.7305, 3.0492 0.0358 0.7417, 3.0531 0.0358 0.7417, 3.0492 0.0387 0.7502, 3.0531 0.0387 0.7502, 3.0492 0.043 0.7569, 3.0531 0.043 0.7569, 3.0492 0.0445 0.7586, 3.0531 0.0445 0.7586, 3.0492 0.0504 0.7636, 3.0531 0.0504 0.7636, 3.0492 0.0577 0.7671, 3.0531 0.0577 0.7671, 3.0492 0.0658 0.7688, 3.0531 0.0658 0.7688, 3.0492 0.0699 0.7689, 3.0531 0.0699 0.7689, 3.0492 0.0919 0.7634, 3.0531 0.0919 0.7634, 3.0531 0.0901 0.7644, 3.0492 0.0805 0.7678, 3.0531 0.0805 0.7678, 3.0492 0.088 0.7651, 3.0492 0.0901 0.7644, 3.0531 0.0919 0.776, 3.0492 0.0919 0.776, 3.0492 0.0698 0.7798, 3.0531 0.0698 0.7798, 3.0531 0.0709 0.7798, 3.0492 0.088 0.7772, 3.0531 0.0829 0.7787, 3.0492 0.0829 0.7787, 3.0492 0.0793 0.779, 3.0492 0.0709 0.7798, 3.0531 0.0584 0.7787, 3.0492 0.062 0.779, 3.0492 0.0584 0.7787, 3.0492 0.0483 0.7753, 3.0531 0.0483 0.7753, 3.0492 0.0389 0.7692, 3.0531 0.0389 0.7692, 3.0492 0.0355 0.7661, 3.0531 0.0355 0.7661, 3.0492 0.0292 0.7581, 3.0492 0.0262 0.7514, 3.0531 0.0246 0.7478, 3.0531 0.0292 0.7581, 3.0492 0.0246 0.7478, 3.0492 0.0223 0.7359, 3.0531 0.0223 0.7359, 3.0492 0.022 0.7298, 3.0531 0.022 0.7298, 3.0492 0.0238 0.7148, 3.0492 0.0262 0.7086, 3.0531 0.0276 0.705, 3.0531 0.0238 0.7148, 3.0492 0.0276 0.705, 3.0492 0.0331 0.697, 3.0531 0.0331 0.697, 3.0492 0.034 0.696, 3.0531 0.034 0.696, 3.0492 0.0413 0.6899, 3.0531 0.0413 0.6899, 3.0492 0.0501 0.6857, 3.0531 0.0501 0.6857, 3.0492 0.0601 0.6836, 3.0531 0.0601 0.6836, 3.0531 0.1609 0.6955, 3.0531 0.1609 0.6848, 3.0492 0.1609 0.6955, 3.0492 0.1609 0.6848, 3.0492 0.1227 0.6955, 3.0531 0.1227 0.6955, 3.0492 0.1479 0.6955, 3.0531 0.1227 0.7269, 3.0492 0.1227 0.7269, 3.0531 0.1561 0.7269, 3.0492 0.1479 0.7269, 3.0492 0.1561 0.7269, 3.0531 0.1561 0.7376, 3.0492 0.1561 0.7376, 3.0492 0.1227 0.7376, 3.0531 0.1227 0.7376, 3.0492 0.1479 0.7376, 3.0531 0.1227 0.7675, 3.0492 0.1227 0.7675, 3.0531 0.1588 0.7675, 3.0492 0.1479 0.7675, 3.0492 0.1588 0.7675, 3.0531 0.1588 0.7783, 3.0492 0.1588 0.7783, 3.0492 0.1106 0.7783, 3.0531 0.1106 0.7783, 3.0492 0.1479 0.7783, 3.0531 0.1106 0.6848, 3.0492 0.1106 0.6848, 3.0492 0.1479 0.6848, 3.0531 0.2368 0.7114, 3.0531 0.2319 0.7052, 3.0531 0.2405 0.6979, 3.0531 0.2299 0.7034, 3.0531 0.2306 0.6908, 3.0531 0.2236 0.6994, 3.0531 0.2199 0.6867, 3.0531 0.2155 0.6966, 3.0531 0.2042 0.6848, 3.0531 0.2041 0.6955, 3.0531 0.1785 0.6848, 3.0531 0.1906 0.6955, 3.0531 0.1785 0.7783, 3.0531 0.1906 0.7675, 3.0531 0.2052 0.7783, 3.0531 0.2047 0.7675, 3.0531 0.2208 0.7763, 3.0531 0.2163 0.7663, 3.0531 0.2319 0.7719, 3.0531 0.2245 0.7634, 3.0531 0.2405 0.7659, 3.0531 0.2317 0.7587, 3.0531 0.2447 0.7616, 3.0531 0.2347 0.7556, 3.0531 0.2503 0.7531, 3.0531 0.2382 0.7502, 3.0531 0.2534 0.7439, 3.0531 0.2408 0.7431, 3.0531 0.2546 0.7327, 3.0531 0.2419 0.7324, 3.0531 0.2542 0.7259, 3.0531 0.2417 0.7271, 3.0531 0.2518 0.7151, 3.0531 0.2399 0.7184, 3.0531 0.247 0.7056, 3.0492 0.2042 0.6848, 3.0492 0.1785 0.6848, 3.0492 0.2199 0.6867, 3.0492 0.2306 0.6908, 3.0492 0.2405 0.6979, 3.0492 0.247 0.7056, 3.0492 0.2518 0.7151, 3.0492 0.2542 0.7259, 3.0492 0.2546 0.7327, 3.0492 0.2534 0.7439, 3.0492 0.2503 0.7531, 3.0492 0.2447 0.7616, 3.0492 0.2405 0.7659, 3.0492 0.2319 0.7719, 3.0492 0.2208 0.7763, 3.0492 0.2052 0.7783, 3.0492 0.1785 0.7783, 3.0492 0.2047 0.7675, 3.0492 0.1906 0.7675, 3.0492 0.1906 0.6955, 3.0492 0.2041 0.6955, 3.0492 0.2319 0.7052, 3.0492 0.2299 0.7034, 3.0492 0.2236 0.6994, 3.0492 0.2155 0.6966, 3.0492 0.2419 0.7324, 3.0492 0.2417 0.7271, 3.0492 0.2399 0.7184, 3.0492 0.2368 0.7114, 3.0492 0.2317 0.7587, 3.0492 0.2347 0.7556, 3.0492 0.2382 0.7502, 3.0492 0.2408 0.7431, 3.0492 0.2163 0.7663, 3.0492 0.2245 0.7634
            ]
        }
        coordIndex [
            0,1,2,-1,2,1,3,-1,4,0,5,-1,5,0,2,-1,6,4,7,-1,7,4,5,-1,8,6,9,-1,9,6,7,-1,10,8,11,-1,11,8,9,-1,1,10,3,-1,3,10,11,-1,6,8,4,-1,4,8,10,-1,4,10,0,-1,0,10,1,-1,12,13,14,-1,15,16,14,-1,14,16,17,-1,14,17,12,-1,15,18,16,-1,16,18,19,-1,16,19,20,-1,21,20,22,-1,22,20,19,-1,21,22,23,-1,21,23,24,-1,23,25,24,-1,24,25,26,-1,24,26,27,-1,27,26,28,-1,27,28,29,-1,29,28,30,-1,29,30,31,-1,31,30,32,-1,31,32,33,-1,33,32,34,-1,33,34,35,-1,35,34,36,-1,35,36,37,-1,37,36,38,-1,37,38,39,-1,39,38,40,-1,39,40,41,-1,41,40,42,-1,41,42,43,-1,43,42,44,-1,43,44,45,-1,45,44,46,-1,45,46,47,-1,47,46,48,-1,47,48,49,-1,49,48,50,-1,49,50,51,-1,51,50,52,-1,51,52,53,-1,53,52,54,-1,53,54,55,-1,55,54,56,-1,55,56,57,-1,57,56,58,-1,57,58,59,-1,59,58,60,-1,59,60,61,-1,62,63,64,-1,61,60,65,-1,61,65,66,-1,66,65,67,-1,66,67,64,-1,64,67,68,-1,64,68,62,-1,69,63,70,-1,70,63,62,-1,71,72,73,-1,69,70,74,-1,69,74,75,-1,74,76,75,-1,75,76,77,-1,75,77,73,-1,73,77,78,-1,73,78,71,-1,72,71,79,-1,79,71,80,-1,80,81,79,-1,79,81,82,-1,79,82,83,-1,83,82,84,-1,83,84,85,-1,85,84,86,-1,85,86,87,-1,87,86,88,-1,89,90,88,-1,88,90,91,-1,88,91,87,-1,89,92,90,-1,90,92,93,-1,90,93,94,-1,94,93,95,-1,94,95,96,-1,96,95,97,-1,98,99,97,-1,97,99,100,-1,97,100,96,-1,98,101,99,-1,99,101,102,-1,99,102,103,-1,103,102,104,-1,103,104,105,-1,105,104,106,-1,105,106,107,-1,107,106,108,-1,107,108,109,-1,109,108,110,-1,109,110,111,-1,111,110,13,-1,111,13,12,-1,64,63,69,-1,55,57,79,-1,39,41,100,-1,47,49,91,-1,79,57,72,-1,64,69,66,-1,100,41,96,-1,91,49,87,-1,57,59,72,-1,72,59,61,-1,72,61,73,-1,73,61,66,-1,73,66,75,-1,75,66,69,-1,100,99,39,-1,39,99,103,-1,39,103,37,-1,37,103,105,-1,37,105,35,-1,35,105,107,-1,35,107,33,-1,33,107,109,-1,33,109,31,-1,31,109,111,-1,31,111,29,-1,29,111,12,-1,29,12,27,-1,27,12,17,-1,27,17,24,-1,24,17,16,-1,24,16,21,-1,21,16,20,-1,79,83,55,-1,55,83,85,-1,55,85,53,-1,53,85,87,-1,53,87,51,-1,51,87,49,-1,41,43,96,-1,96,43,45,-1,96,45,94,-1,94,45,47,-1,94,47,90,-1,90,47,91,-1,112,113,114,-1,114,113,115,-1,116,117,118,-1,118,117,112,-1,118,112,114,-1,119,117,120,-1,120,117,116,-1,119,120,121,-1,121,120,122,-1,121,122,123,-1,124,121,125,-1,125,121,123,-1,126,127,128,-1,128,127,124,-1,128,124,125,-1,129,127,130,-1,130,127,126,-1,129,130,131,-1,131,130,132,-1,131,132,133,-1,134,131,135,-1,135,131,133,-1,136,137,138,-1,138,137,134,-1,138,134,135,-1,139,137,140,-1,140,137,136,-1,115,113,141,-1,141,113,139,-1,141,139,140,-1,139,113,112,-1,112,117,139,-1,139,117,119,-1,139,119,137,-1,131,134,129,-1,129,134,137,-1,129,137,127,-1,127,137,119,-1,127,119,124,-1,124,119,121,-1,142,143,144,-1,144,143,145,-1,144,145,146,-1,146,145,147,-1,146,147,148,-1,148,147,149,-1,148,149,150,-1,150,149,151,-1,150,151,152,-1,152,151,153,-1,152,153,154,-1,154,153,155,-1,154,155,156,-1,156,155,157,-1,156,157,158,-1,158,157,159,-1,158,159,160,-1,160,159,161,-1,160,161,162,-1,162,161,163,-1,162,163,164,-1,164,163,165,-1,164,165,166,-1,166,165,167,-1,166,167,168,-1,168,167,169,-1,168,169,170,-1,170,169,171,-1,170,171,172,-1,172,171,173,-1,172,173,174,-1,174,173,175,-1,174,175,176,-1,176,175,142,-1,176,142,144,-1,150,152,177,-1,177,152,178,-1,150,177,179,-1,150,179,148,-1,148,179,180,-1,148,180,146,-1,146,180,181,-1,146,181,144,-1,144,181,182,-1,144,182,176,-1,176,182,183,-1,176,183,174,-1,174,183,184,-1,174,184,172,-1,172,184,185,-1,172,185,170,-1,170,185,186,-1,170,186,168,-1,168,186,187,-1,168,187,166,-1,166,187,188,-1,166,188,164,-1,164,188,189,-1,164,189,162,-1,162,189,190,-1,162,190,160,-1,160,190,191,-1,160,191,158,-1,158,191,192,-1,158,192,156,-1,154,156,193,-1,193,156,192,-1,152,154,178,-1,178,154,193,-1,157,155,194,-1,194,155,195,-1,155,153,195,-1,195,153,196,-1,153,151,196,-1,196,151,197,-1,143,198,199,-1,143,199,145,-1,145,199,200,-1,145,200,147,-1,147,200,201,-1,147,201,149,-1,149,201,197,-1,149,197,151,-1,171,202,203,-1,171,203,173,-1,173,203,204,-1,173,204,175,-1,175,204,205,-1,175,205,142,-1,142,205,198,-1,142,198,143,-1,163,206,207,-1,163,207,165,-1,165,207,208,-1,165,208,167,-1,167,208,209,-1,167,209,169,-1,169,209,202,-1,169,202,171,-1,157,194,210,-1,157,210,159,-1,159,210,211,-1,159,211,161,-1,161,211,206,-1,161,206,163,-1,
        ]
    }
}
Shape{
    appearance Appearance {
        material  Material 	{
            diffuseColor 0.2235294117647059 0.2235294117647059 0.2235294117647059
            specularColor 0.11372549019607843 0.11372549019607843 0.11372549019607843
            ambientIntensity 0.2235
            transparency 0.0
            shininess 0.5
        }
    }
    geometry IndexedFaceSet {
        ccw TRUE
        solid FALSE
        coord DEF co Coordinate {
            point [
                3.0492 0.1906 0.7675, 3.0492 0.1906 0.6955, 3.0492 0.2047 0.7675, 3.0492 0.2041 0.6955, 3.0492 0.2155 0.6966, 3.0492 0.2236 0.6994, 3.0492 0.2299 0.7034, 3.0492 0.2319 0.7052, 3.0492 0.2368 0.7114, 3.0492 0.2399 0.7184, 3.0492 0.2417 0.7271, 3.0492 0.2419 0.7324, 3.0492 0.2408 0.7431, 3.0492 0.2382 0.7502, 3.0492 0.2347 0.7556, 3.0492 0.2317 0.7587, 3.0492 0.2163 0.7663, 3.0492 0.2245 0.7634
            ]
        }
        coordIndex [
            0,1,2,-1,2,1,3,-1,2,3,4,-1,4,5,2,-1,2,5,6,-1,2,6,7,-1,7,8,2,-1,2,8,9,-1,2,9,10,-1,10,11,2,-1,2,11,12,-1,2,12,13,-1,13,14,2,-1,2,14,15,-1,2,15,16,-1,16,15,17,-1,
        ]
    }
}
Shape{
    appearance Appearance {
        material  Material 	{
            diffuseColor 1.0 1.0 1.0
            specularColor 0.5019607843137255 0.5019607843137255 0.5019607843137255
            ambientIntensity 1.0
            transparency 0.0
            shininess 0.5
        }
    }
    geometry IndexedFaceSet {
        ccw TRUE
        solid FALSE
        coord DEF co Coordinate {
            point [
                3.0531 0.2859 0.7209, 3.0531 0.2821 0.7104, 3.0531 0.3172 0.7209, 3.0531 0.321 0.7104, 3.0531 0.2999 0.7598, 3.0531 0.2953 0.7783, 3.0531 0.2598 0.6848, 3.0531 0.2731 0.6848, 3.0531 0.3007 0.7626, 3.0531 0.3014 0.7663, 3.0531 0.3082 0.7783, 3.0531 0.3017 0.7663, 3.0531 0.3024 0.7624, 3.0531 0.3031 0.7598, 3.0531 0.3438 0.6848, 3.0531 0.3305 0.6848, 3.0492 0.3082 0.7783, 3.0492 0.3438 0.6848, 3.0492 0.2953 0.7783, 3.0492 0.2598 0.6848, 3.0492 0.2867 0.7555, 3.0492 0.2731 0.6848, 3.0492 0.2821 0.7104, 3.0492 0.321 0.7104, 3.0492 0.2867 0.7104, 3.0492 0.3305 0.6848, 3.0492 0.2859 0.7209, 3.0492 0.3172 0.7209, 3.0492 0.3031 0.7598, 3.0492 0.3017 0.7663, 3.0492 0.3024 0.7624, 3.0492 0.3014 0.7663, 3.0492 0.2999 0.7598, 3.0492 0.3007 0.7626
            ]
        }
        coordIndex [
            0,1,2,-1,2,1,3,-1,4,5,0,-1,0,5,6,-1,0,6,1,-1,1,6,7,-1,4,8,5,-1,5,8,9,-1,5,9,10,-1,10,9,11,-1,10,11,12,-1,12,13,10,-1,10,13,2,-1,10,2,14,-1,14,2,3,-1,14,3,15,-1,10,14,16,-1,16,14,17,-1,5,10,18,-1,18,10,16,-1,19,6,20,-1,20,6,5,-1,20,5,18,-1,7,6,21,-1,21,6,19,-1,1,7,22,-1,22,7,21,-1,23,3,24,-1,24,3,1,-1,24,1,22,-1,15,3,25,-1,25,3,23,-1,14,15,17,-1,17,15,25,-1,0,2,26,-1,26,2,27,-1,2,13,27,-1,27,13,28,-1,11,29,30,-1,11,30,12,-1,12,30,28,-1,12,28,13,-1,11,9,29,-1,29,9,31,-1,4,32,33,-1,4,33,8,-1,8,33,31,-1,8,31,9,-1,4,0,32,-1,32,0,26,-1,
        ]
    }
}
Shape{
    appearance Appearance {
        material  Material 	{
            diffuseColor 0.2235294117647059 0.2235294117647059 0.2235294117647059
            specularColor 0.11372549019607843 0.11372549019607843 0.11372549019607843
            ambientIntensity 0.2235
            transparency 0.0
            shininess 0.5
        }
    }
    geometry IndexedFaceSet {
        ccw TRUE
        solid FALSE
        coord DEF co Coordinate {
            point [
                3.0492 0.3017 0.7663, 3.0492 0.3014 0.7663, 3.0492 0.3024 0.7624, 3.0492 0.3007 0.7626, 3.0492 0.3031 0.7598, 3.0492 0.2999 0.7598, 3.0492 0.3172 0.7209, 3.0492 0.2859 0.7209
            ]
        }
        coordIndex [
            0,1,2,-1,2,1,3,-1,2,3,4,-1,4,3,5,-1,4,5,6,-1,6,5,7,-1,
        ]
    }
}
Shape{
    appearance Appearance {
        material  Material 	{
            diffuseColor 1.0 1.0 1.0
            specularColor 0.5019607843137255 0.5019607843137255 0.5019607843137255
            ambientIntensity 1.0
            transparency 0.0
            shininess 0.5
        }
    }
    geometry IndexedFaceSet {
        ccw TRUE
        solid FALSE
        coord DEF co Coordinate {
            point [
                3.0531 0.0192 0.5473, 3.0531 0.0192 0.5366, 3.0492 0.0192 0.5473, 3.0492 0.0192 0.5366, 3.0531 -0.019 0.5473, 3.0492 -0.019 0.5473, 3.0531 -0.019 0.5787, 3.0492 -0.019 0.5787, 3.0531 0.0144 0.5787, 3.0492 0.0144 0.5787, 3.0531 0.0144 0.5894, 3.0492 0.0144 0.5894, 3.0531 -0.019 0.5894, 3.0492 -0.019 0.5894, 3.0531 -0.019 0.6193, 3.0492 -0.019 0.6193, 3.0531 0.017 0.6193, 3.0492 0.017 0.6193, 3.0531 0.017 0.6301, 3.0492 0.017 0.6301, 3.0531 -0.0311 0.6301, 3.0492 -0.0311 0.6301, 3.0531 -0.0311 0.5366, 3.0492 -0.0311 0.5366, 3.0531 0.072 0.547, 3.0531 0.0723 0.547, 3.0531 0.0715 0.5577, 3.0531 0.0723 0.563, 3.0531 0.084 0.5796, 3.0531 0.0723 0.5637, 3.0531 0.0723 0.5701, 3.0531 0.0723 0.5366, 3.0531 0.084 0.5366, 3.0531 0.0679 0.604, 3.0531 0.0654 0.594, 3.0531 0.0726 0.6024, 3.0531 0.0675 0.5927, 3.0531 0.0429 0.5738, 3.0531 0.047 0.5652, 3.0531 0.0498 0.5665, 3.0531 0.0698 0.5536, 3.0531 0.0672 0.5501, 3.0531 0.0701 0.5442, 3.0531 0.0658 0.5487, 3.0531 0.0664 0.5402, 3.0531 0.0625 0.5465, 3.0531 0.0623 0.5375, 3.0531 0.0589 0.5452, 3.0531 0.0575 0.5357, 3.0531 0.0545 0.5447, 3.0531 0.0515 0.5351, 3.0531 0.0506 0.5451, 3.0531 0.0445 0.5359, 3.0531 0.0479 0.5461, 3.0531 0.04 0.5376, 3.0531 0.0456 0.5477, 3.0531 0.0361 0.5403, 3.0531 0.0446 0.5487, 3.0531 0.0369 0.5987, 3.0531 0.0369 0.5873, 3.0531 0.0403 0.6006, 3.0531 0.0449 0.5924, 3.0531 0.0492 0.6037, 3.0531 0.0522 0.5948, 3.0531 0.0598 0.6049, 3.0531 0.0587 0.5954, 3.0531 0.0627 0.595, 3.0531 0.0525 0.5763, 3.0531 0.0566 0.568, 3.0531 0.0723 0.5791, 3.0531 0.0719 0.5842, 3.0531 0.0828 0.5894, 3.0531 0.0706 0.5884, 3.0531 0.0809 0.5944, 3.0531 0.0693 0.5908, 3.0531 0.0784 0.598, 3.0531 0.0763 0.6001, 3.0531 0.0453 0.5639, 3.0531 0.0381 0.5712, 3.0531 0.0439 0.5622, 3.0531 0.0347 0.568, 3.0531 0.0429 0.56, 3.0531 0.0323 0.5642, 3.0531 0.0423 0.5573, 3.0531 0.0309 0.56, 3.0531 0.0422 0.5555, 3.0531 0.0304 0.5545, 3.0531 0.0425 0.5528, 3.0531 0.0309 0.5492, 3.0531 0.0433 0.5507, 3.0531 0.0323 0.5452, 3.0531 0.0348 0.5417, 3.0492 0.0598 0.6049, 3.0492 0.0492 0.6037, 3.0492 0.0403 0.6006, 3.0492 0.0369 0.5987, 3.0492 0.0369 0.5873, 3.0492 0.0449 0.5924, 3.0492 0.0522 0.5948, 3.0492 0.0587 0.5954, 3.0492 0.0627 0.595, 3.0492 0.0654 0.594, 3.0492 0.0675 0.5927, 3.0492 0.0693 0.5908, 3.0492 0.0706 0.5884, 3.0492 0.0719 0.5842, 3.0492 0.0723 0.5791, 3.0492 0.0525 0.5763, 3.0492 0.0429 0.5738, 3.0492 0.0381 0.5712, 3.0492 0.0347 0.568, 3.0492 0.0323 0.5642, 3.0492 0.0309 0.56, 3.0492 0.0304 0.5545, 3.0492 0.0309 0.5492, 3.0492 0.0323 0.5452, 3.0492 0.0348 0.5417, 3.0492 0.0361 0.5403, 3.0492 0.0515 0.5351, 3.0492 0.0447 0.5359, 3.0492 0.0445 0.5359, 3.0492 0.04 0.5376, 3.0492 0.0575 0.5357, 3.0492 0.0579 0.5359, 3.0492 0.0623 0.5375, 3.0492 0.0664 0.5402, 3.0492 0.0701 0.5442, 3.0492 0.072 0.547, 3.0492 0.0723 0.547, 3.0492 0.0723 0.5366, 3.0492 0.084 0.5366, 3.0492 0.084 0.5796, 3.0492 0.0828 0.5894, 3.0492 0.0809 0.5944, 3.0492 0.0784 0.598, 3.0492 0.0763 0.6001, 3.0492 0.0726 0.6024, 3.0492 0.0679 0.604, 3.0492 0.0453 0.5639, 3.0492 0.047 0.5652, 3.0492 0.0498 0.5665, 3.0492 0.0566 0.568, 3.0492 0.0422 0.5555, 3.0492 0.0423 0.5573, 3.0492 0.0429 0.56, 3.0492 0.0439 0.5622, 3.0492 0.0456 0.5477, 3.0492 0.0446 0.5487, 3.0492 0.0433 0.5507, 3.0492 0.0425 0.5528, 3.0492 0.0545 0.5447, 3.0492 0.0506 0.5451, 3.0492 0.0479 0.5461, 3.0492 0.0672 0.5501, 3.0492 0.0658 0.5487, 3.0492 0.0625 0.5465, 3.0492 0.0589 0.5452, 3.0492 0.0723 0.5637, 3.0492 0.0723 0.563, 3.0492 0.0715 0.5577, 3.0492 0.0698 0.5536, 3.0492 0.0723 0.5701
            ]
        }
        coordIndex [
            0,1,2,-1,2,1,3,-1,4,0,5,-1,5,0,2,-1,6,4,7,-1,7,4,5,-1,8,6,9,-1,9,6,7,-1,10,8,11,-1,11,8,9,-1,12,10,13,-1,13,10,11,-1,14,12,15,-1,15,12,13,-1,16,14,17,-1,17,14,15,-1,18,16,19,-1,19,16,17,-1,20,18,21,-1,21,18,19,-1,22,20,23,-1,23,20,21,-1,1,22,3,-1,3,22,23,-1,22,1,0,-1,0,4,22,-1,22,4,6,-1,22,6,20,-1,16,18,14,-1,14,18,20,-1,14,20,12,-1,12,20,6,-1,12,6,10,-1,10,6,8,-1,24,25,26,-1,27,28,29,-1,29,28,30,-1,31,32,25,-1,25,32,28,-1,25,28,26,-1,26,28,27,-1,33,34,35,-1,35,34,36,-1,37,38,39,-1,26,40,24,-1,24,40,41,-1,24,41,42,-1,42,41,43,-1,42,43,44,-1,44,43,45,-1,44,45,46,-1,46,45,47,-1,46,47,48,-1,48,47,49,-1,48,49,50,-1,50,49,51,-1,50,51,52,-1,52,51,53,-1,52,53,54,-1,54,53,55,-1,54,55,56,-1,56,55,57,-1,58,59,60,-1,60,59,61,-1,60,61,62,-1,62,61,63,-1,62,63,64,-1,64,63,65,-1,64,65,33,-1,33,65,66,-1,33,66,34,-1,37,39,67,-1,67,39,68,-1,67,68,69,-1,68,30,69,-1,69,30,28,-1,69,28,70,-1,70,28,71,-1,70,71,72,-1,72,71,73,-1,72,73,74,-1,74,73,75,-1,74,75,36,-1,36,75,76,-1,36,76,35,-1,38,37,77,-1,77,37,78,-1,77,78,79,-1,79,78,80,-1,79,80,81,-1,81,80,82,-1,81,82,83,-1,83,82,84,-1,83,84,85,-1,85,84,86,-1,85,86,87,-1,87,86,88,-1,87,88,89,-1,89,88,90,-1,89,90,57,-1,57,90,91,-1,57,91,56,-1,64,92,93,-1,64,93,62,-1,62,93,94,-1,62,94,60,-1,60,94,95,-1,60,95,58,-1,59,58,96,-1,96,58,95,-1,59,96,97,-1,59,97,61,-1,61,97,98,-1,61,98,63,-1,63,98,99,-1,63,99,65,-1,65,99,100,-1,65,100,66,-1,66,100,101,-1,66,101,34,-1,34,101,102,-1,34,102,36,-1,36,102,103,-1,36,103,74,-1,74,103,104,-1,74,104,72,-1,72,104,105,-1,72,105,70,-1,70,105,106,-1,70,106,69,-1,67,69,107,-1,107,69,106,-1,67,107,108,-1,67,108,37,-1,37,108,109,-1,37,109,78,-1,78,109,110,-1,78,110,80,-1,80,110,111,-1,80,111,82,-1,82,111,112,-1,82,112,84,-1,84,112,113,-1,84,113,86,-1,86,113,114,-1,86,114,88,-1,88,114,115,-1,88,115,90,-1,90,115,116,-1,90,116,91,-1,91,116,117,-1,91,117,56,-1,118,50,119,-1,119,50,52,-1,119,52,120,-1,120,52,54,-1,120,54,121,-1,121,54,56,-1,121,56,117,-1,50,118,122,-1,50,122,48,-1,48,122,123,-1,48,123,46,-1,123,124,46,-1,46,124,125,-1,46,125,44,-1,44,125,126,-1,44,126,42,-1,42,126,127,-1,42,127,24,-1,25,24,128,-1,128,24,127,-1,31,25,129,-1,129,25,128,-1,32,31,130,-1,130,31,129,-1,28,32,131,-1,131,32,130,-1,28,131,132,-1,28,132,71,-1,71,132,133,-1,71,133,73,-1,73,133,134,-1,73,134,75,-1,75,134,135,-1,75,135,76,-1,76,135,136,-1,76,136,35,-1,35,136,137,-1,35,137,33,-1,33,137,92,-1,33,92,64,-1,77,138,139,-1,77,139,38,-1,38,139,140,-1,38,140,39,-1,39,140,141,-1,39,141,68,-1,85,142,143,-1,85,143,83,-1,83,143,144,-1,83,144,81,-1,81,144,145,-1,81,145,79,-1,79,145,138,-1,79,138,77,-1,55,146,147,-1,55,147,57,-1,57,147,148,-1,57,148,89,-1,89,148,149,-1,89,149,87,-1,87,149,142,-1,87,142,85,-1,49,150,151,-1,49,151,51,-1,51,151,152,-1,51,152,53,-1,53,152,146,-1,53,146,55,-1,41,153,154,-1,41,154,43,-1,43,154,155,-1,43,155,45,-1,45,155,156,-1,45,156,47,-1,47,156,150,-1,47,150,49,-1,29,157,158,-1,29,158,27,-1,27,158,159,-1,27,159,26,-1,26,159,160,-1,26,160,40,-1,40,160,153,-1,40,153,41,-1,29,30,157,-1,157,30,161,-1,30,68,161,-1,161,68,141,-1,
        ]
    }
}
Shape{
    appearance Appearance {
        material  Material 	{
            diffuseColor 0.2235294117647059 0.2235294117647059 0.2235294117647059
            specularColor 0.11372549019607843 0.11372549019607843 0.11372549019607843
            ambientIntensity 0.2235
            transparency 0.0
            shininess 0.5
        }
    }
    geometry IndexedFaceSet {
        ccw TRUE
        solid FALSE
        coord DEF co Coordinate {
            point [
                3.0492 0.0723 0.5701, 3.0492 0.0566 0.568, 3.0492 0.0723 0.5637, 3.0492 0.0498 0.5665, 3.0492 0.047 0.5652, 3.0492 0.0453 0.5639, 3.0492 0.0723 0.563, 3.0492 0.0715 0.5577, 3.0492 0.0439 0.5622, 3.0492 0.0698 0.5536, 3.0492 0.0446 0.5487, 3.0492 0.0456 0.5477, 3.0492 0.0658 0.5487, 3.0492 0.0433 0.5507, 3.0492 0.0625 0.5465, 3.0492 0.0589 0.5452, 3.0492 0.0545 0.5447, 3.0492 0.0429 0.56, 3.0492 0.0423 0.5573, 3.0492 0.0672 0.5501, 3.0492 0.0422 0.5555, 3.0492 0.0425 0.5528, 3.0492 0.0479 0.5461, 3.0492 0.0506 0.5451
            ]
        }
        coordIndex [
            0,1,2,-1,2,1,3,-1,3,4,2,-1,2,4,5,-1,2,5,6,-1,6,5,7,-1,7,5,8,-1,7,8,9,-1,10,11,12,-1,10,12,13,-1,14,12,15,-1,15,12,16,-1,8,17,9,-1,9,17,18,-1,9,18,19,-1,19,18,20,-1,19,20,12,-1,12,20,21,-1,12,21,13,-1,11,22,12,-1,12,22,23,-1,12,23,16,-1,
        ]
    }
}
Shape{
    appearance Appearance {
        material  Material 	{
            diffuseColor 1.0 1.0 1.0
            specularColor 0.5019607843137255 0.5019607843137255 0.5019607843137255
            ambientIntensity 1.0
            transparency 0.0
            shininess 0.5
        }
    }
    geometry IndexedFaceSet {
        ccw TRUE
        solid FALSE
        coord DEF co Coordinate {
            point [
                3.0492 0.0998 0.5511, 3.0531 0.0998 0.5511, 3.0531 0.1044 0.5482, 3.0531 0.1191 0.5446, 3.0492 0.1191 0.5446, 3.0492 0.1117 0.5455, 3.0531 0.1117 0.5455, 3.0492 0.1052 0.5479, 3.0492 0.1044 0.5482, 3.0531 0.0998 0.539, 3.0492 0.0998 0.539, 3.0531 0.1082 0.5361, 3.0492 0.1052 0.5371, 3.0492 0.1179 0.5351, 3.0531 0.1179 0.5351, 3.0492 0.1102 0.5359, 3.0492 0.1082 0.5361, 3.0531 0.128 0.5362, 3.0492 0.1249 0.5359, 3.0492 0.128 0.5362, 3.0492 0.1343 0.5385, 3.0531 0.1343 0.5385, 3.0492 0.1374 0.5404, 3.0531 0.1374 0.5404, 3.0492 0.1407 0.5433, 3.0531 0.1407 0.5433, 3.0492 0.1429 0.5464, 3.0531 0.1429 0.5464, 3.0492 0.1443 0.5501, 3.0531 0.1443 0.5501, 3.0492 0.1449 0.5548, 3.0531 0.1449 0.5548, 3.0492 0.1444 0.5592, 3.0531 0.1444 0.5592, 3.0492 0.1431 0.5626, 3.0531 0.1431 0.5626, 3.0492 0.141 0.5658, 3.0531 0.141 0.5658, 3.0492 0.1382 0.5683, 3.0531 0.1382 0.5683, 3.0492 0.1304 0.5726, 3.0531 0.1304 0.5726, 3.0492 0.1259 0.5745, 3.0531 0.1259 0.5745, 3.0492 0.1186 0.5776, 3.0531 0.1186 0.5776, 3.0492 0.1145 0.5802, 3.0531 0.1145 0.5802, 3.0492 0.1134 0.5815, 3.0531 0.1134 0.5815, 3.0492 0.1125 0.583, 3.0531 0.1125 0.583, 3.0492 0.1121 0.5849, 3.0531 0.1121 0.5849, 3.0492 0.1119 0.5864, 3.0531 0.1119 0.5864, 3.0492 0.1122 0.5883, 3.0531 0.1122 0.5883, 3.0492 0.1127 0.5899, 3.0531 0.1127 0.5899, 3.0492 0.1137 0.5913, 3.0531 0.1137 0.5913, 3.0492 0.1155 0.5929, 3.0531 0.1155 0.5929, 3.0492 0.1181 0.5943, 3.0531 0.1181 0.5943, 3.0492 0.1213 0.5951, 3.0531 0.1213 0.5951, 3.0492 0.1247 0.5954, 3.0531 0.1247 0.5954, 3.0492 0.1324 0.5945, 3.0531 0.1324 0.5945, 3.0492 0.139 0.5921, 3.0531 0.139 0.5921, 3.0492 0.1417 0.5906, 3.0531 0.1417 0.5906, 3.0531 0.1417 0.6019, 3.0492 0.1417 0.6019, 3.0492 0.1328 0.6044, 3.0531 0.1328 0.6044, 3.0492 0.1259 0.6049, 3.0531 0.1259 0.6049, 3.0492 0.1165 0.6038, 3.0531 0.1165 0.6038, 3.0492 0.1102 0.6013, 3.0531 0.1102 0.6013, 3.0492 0.1074 0.5996, 3.0531 0.1074 0.5996, 3.0492 0.1052 0.5977, 3.0531 0.1039 0.5965, 3.0492 0.1039 0.5965, 3.0492 0.1017 0.5933, 3.0531 0.1017 0.5933, 3.0492 0.1004 0.5895, 3.0531 0.1004 0.5895, 3.0492 0.0999 0.5854, 3.0531 0.0999 0.5854, 3.0492 0.1004 0.5808, 3.0531 0.1004 0.5808, 3.0492 0.1017 0.5772, 3.0531 0.1017 0.5772, 3.0492 0.1032 0.5748, 3.0531 0.1032 0.5748, 3.0492 0.1176 0.566, 3.0531 0.1176 0.566, 3.0531 0.1106 0.5692, 3.0492 0.1051 0.5728, 3.0531 0.1051 0.5728, 3.0492 0.1052 0.5727, 3.0492 0.1106 0.5692, 3.0492 0.1253 0.5628, 3.0531 0.1253 0.5628, 3.0492 0.1299 0.56, 3.0531 0.1299 0.56, 3.0492 0.1313 0.5585, 3.0531 0.1313 0.5585, 3.0492 0.1322 0.5569, 3.0531 0.1322 0.5569, 3.0492 0.1328 0.5551, 3.0531 0.1328 0.5551, 3.0492 0.1329 0.5537, 3.0531 0.1329 0.5537, 3.0492 0.1326 0.5514, 3.0531 0.1326 0.5514, 3.0492 0.132 0.5498, 3.0531 0.132 0.5498, 3.0492 0.131 0.5482, 3.0531 0.131 0.5482, 3.0492 0.1297 0.5471, 3.0531 0.1297 0.5471, 3.0492 0.1286 0.5464, 3.0531 0.1286 0.5464, 3.0492 0.1256 0.5453, 3.0531 0.1256 0.5453, 3.0492 0.1196 0.5446, 3.0531 0.1196 0.5446, 3.0531 0.2029 0.6034, 3.0531 0.215 0.6034, 3.0492 0.2029 0.6034, 3.0492 0.215 0.6034, 3.0531 0.1847 0.5531, 3.0492 0.1847 0.5531, 3.0492 0.1838 0.55, 3.0531 0.1838 0.55, 3.0492 0.1832 0.5477, 3.0531 0.1832 0.5477, 3.0531 0.1829 0.5477, 3.0492 0.1829 0.5477, 3.0531 0.1815 0.5532, 3.0492 0.1815 0.5532, 3.0492 0.1641 0.6034, 3.0531 0.1641 0.6034, 3.0492 0.1697 0.5871, 3.0531 0.151 0.6034, 3.0492 0.151 0.6034, 3.0492 0.1771 0.5368, 3.0531 0.1771 0.5368, 3.0492 0.1697 0.5557, 3.0492 0.172 0.5247, 3.0531 0.172 0.5247, 3.0492 0.1767 0.5359, 3.0492 0.1697 0.5205, 3.0531 0.1697 0.5205, 3.0492 0.1697 0.5204, 3.0531 0.1675 0.518, 3.0492 0.1675 0.518, 3.0492 0.1654 0.5165, 3.0531 0.1654 0.5165, 3.0492 0.1628 0.5156, 3.0531 0.1628 0.5156, 3.0492 0.16 0.5153, 3.0531 0.16 0.5153, 3.0492 0.1558 0.5158, 3.0531 0.1558 0.5158, 3.0492 0.1534 0.5166, 3.0531 0.1534 0.5166, 3.0531 0.1534 0.5062, 3.0492 0.1534 0.5062, 3.0492 0.1583 0.5053, 3.0531 0.1583 0.5053, 3.0492 0.1609 0.5052, 3.0531 0.1609 0.5052, 3.0492 0.1657 0.5058, 3.0531 0.1657 0.5058, 3.0492 0.1697 0.5073, 3.0531 0.1703 0.5075, 3.0492 0.1703 0.5075, 3.0492 0.1744 0.5104, 3.0531 0.1744 0.5104, 3.0492 0.1752 0.5111, 3.0531 0.1752 0.5111, 3.0492 0.1794 0.5163, 3.0531 0.1794 0.5163, 3.0492 0.1847 0.5266, 3.0531 0.1847 0.5266, 3.0492 0.1884 0.5359, 3.0531 0.2779 0.5473, 3.0531 0.2779 0.5366, 3.0492 0.2779 0.5473, 3.0492 0.2779 0.5366, 3.0492 0.2397 0.5473, 3.0531 0.2397 0.5473, 3.0492 0.2572 0.5473, 3.0531 0.2397 0.5787, 3.0492 0.2397 0.5787, 3.0492 0.2731 0.5787, 3.0531 0.2731 0.5787, 3.0492 0.2572 0.5787, 3.0531 0.2731 0.5894, 3.0492 0.2731 0.5894, 3.0492 0.2397 0.5894, 3.0531 0.2397 0.5894, 3.0492 0.2572 0.5894, 3.0531 0.2397 0.6193, 3.0492 0.2397 0.6193, 3.0492 0.2757 0.6193, 3.0531 0.2757 0.6193, 3.0492 0.2572 0.6193, 3.0531 0.2757 0.6301, 3.0492 0.2757 0.6301, 3.0492 0.2276 0.6301, 3.0531 0.2276 0.6301, 3.0492 0.2572 0.6301, 3.0531 0.2276 0.5366, 3.0492 0.2276 0.5366, 3.0492 0.2572 0.5366, 3.0531 0.3538 0.5632, 3.0531 0.3489 0.557, 3.0531 0.3575 0.5497, 3.0531 0.3469 0.5552, 3.0531 0.3476 0.5427, 3.0531 0.3406 0.5512, 3.0531 0.3369 0.5385, 3.0531 0.3324 0.5485, 3.0531 0.3212 0.5366, 3.0531 0.3211 0.5473, 3.0531 0.2955 0.5366, 3.0531 0.3076 0.5473, 3.0531 0.2955 0.6301, 3.0531 0.3076 0.6193, 3.0531 0.3222 0.6301, 3.0531 0.3217 0.6193, 3.0531 0.3378 0.6281, 3.0531 0.3333 0.6181, 3.0531 0.3489 0.6237, 3.0531 0.3415 0.6152, 3.0531 0.3575 0.6177, 3.0531 0.3486 0.6105, 3.0531 0.3617 0.6134, 3.0531 0.3517 0.6074, 3.0531 0.3673 0.6049, 3.0531 0.3552 0.602, 3.0531 0.3704 0.5957, 3.0531 0.3577 0.595, 3.0531 0.3716 0.5845, 3.0531 0.3589 0.5842, 3.0531 0.3712 0.5777, 3.0531 0.3586 0.5789, 3.0531 0.3688 0.5669, 3.0531 0.3569 0.5702, 3.0531 0.364 0.5574, 3.0492 0.3212 0.5366, 3.0492 0.2955 0.5366, 3.0492 0.3369 0.5385, 3.0492 0.3476 0.5427, 3.0492 0.3575 0.5497, 3.0492 0.364 0.5574, 3.0492 0.3688 0.5669, 3.0492 0.3712 0.5777, 3.0492 0.3716 0.5845, 3.0492 0.3704 0.5957, 3.0492 0.3673 0.6049, 3.0492 0.3617 0.6134, 3.0492 0.3575 0.6177, 3.0492 0.3489 0.6237, 3.0492 0.3378 0.6281, 3.0492 0.3222 0.6301, 3.0492 0.2955 0.6301, 3.0492 0.3217 0.6193, 3.0492 0.3076 0.6193, 3.0492 0.3076 0.5473, 3.0492 0.3211 0.5473, 3.0492 0.3489 0.557, 3.0492 0.3469 0.5552, 3.0492 0.3406 0.5512, 3.0492 0.3324 0.5485, 3.0492 0.3589 0.5842, 3.0492 0.3586 0.5789, 3.0492 0.3569 0.5702, 3.0492 0.3538 0.5632, 3.0492 0.3486 0.6105, 3.0492 0.3517 0.6074, 3.0492 0.3552 0.602, 3.0492 0.3577 0.595, 3.0492 0.3333 0.6181, 3.0492 0.3415 0.6152
            ]
        }
        coordIndex [
            0,1,2,-1,3,4,5,-1,3,5,6,-1,6,5,7,-1,6,7,2,-1,2,7,8,-1,2,8,0,-1,9,1,10,-1,10,1,0,-1,9,10,11,-1,11,10,12,-1,13,14,15,-1,15,14,11,-1,15,11,16,-1,16,11,12,-1,14,13,17,-1,17,13,18,-1,18,19,17,-1,17,19,20,-1,17,20,21,-1,21,20,22,-1,21,22,23,-1,23,22,24,-1,23,24,25,-1,25,24,26,-1,25,26,27,-1,27,26,28,-1,27,28,29,-1,29,28,30,-1,29,30,31,-1,31,30,32,-1,31,32,33,-1,33,32,34,-1,33,34,35,-1,35,34,36,-1,35,36,37,-1,37,36,38,-1,37,38,39,-1,39,38,40,-1,39,40,41,-1,41,40,42,-1,41,42,43,-1,43,42,44,-1,43,44,45,-1,45,44,46,-1,45,46,47,-1,47,46,48,-1,47,48,49,-1,49,48,50,-1,49,50,51,-1,51,50,52,-1,51,52,53,-1,53,52,54,-1,53,54,55,-1,55,54,56,-1,55,56,57,-1,57,56,58,-1,57,58,59,-1,59,58,60,-1,59,60,61,-1,61,60,62,-1,61,62,63,-1,63,62,64,-1,63,64,65,-1,65,64,66,-1,65,66,67,-1,67,66,68,-1,67,68,69,-1,69,68,70,-1,69,70,71,-1,71,70,72,-1,71,72,73,-1,73,72,74,-1,73,74,75,-1,76,75,77,-1,77,75,74,-1,76,77,78,-1,76,78,79,-1,79,78,80,-1,79,80,81,-1,81,80,82,-1,81,82,83,-1,83,82,84,-1,83,84,85,-1,85,84,86,-1,85,86,87,-1,86,88,87,-1,87,88,89,-1,88,90,89,-1,89,90,91,-1,89,91,92,-1,92,91,93,-1,92,93,94,-1,94,93,95,-1,94,95,96,-1,96,95,97,-1,96,97,98,-1,98,97,99,-1,98,99,100,-1,100,99,101,-1,100,101,102,-1,103,104,105,-1,102,101,106,-1,102,106,107,-1,107,106,108,-1,107,108,105,-1,105,108,109,-1,105,109,103,-1,104,103,110,-1,104,110,111,-1,111,110,112,-1,111,112,113,-1,113,112,114,-1,113,114,115,-1,115,114,116,-1,115,116,117,-1,117,116,118,-1,117,118,119,-1,119,118,120,-1,119,120,121,-1,121,120,122,-1,121,122,123,-1,123,122,124,-1,123,124,125,-1,125,124,126,-1,125,126,127,-1,127,126,128,-1,127,128,129,-1,129,128,130,-1,129,130,131,-1,131,130,132,-1,131,132,133,-1,133,132,134,-1,133,134,135,-1,135,134,4,-1,135,4,3,-1,61,63,85,-1,85,63,83,-1,111,43,104,-1,104,43,45,-1,21,23,127,-1,127,23,25,-1,127,25,125,-1,125,25,27,-1,125,27,123,-1,123,27,29,-1,123,29,121,-1,121,29,31,-1,121,31,119,-1,119,31,33,-1,119,33,117,-1,117,33,35,-1,117,35,115,-1,115,35,37,-1,115,37,113,-1,113,37,39,-1,113,39,111,-1,111,39,41,-1,111,41,43,-1,14,3,11,-1,11,3,6,-1,11,6,9,-1,9,6,2,-1,9,2,1,-1,63,65,83,-1,83,65,67,-1,83,67,81,-1,81,67,69,-1,81,69,79,-1,79,69,71,-1,79,71,76,-1,76,71,73,-1,76,73,75,-1,127,129,21,-1,21,129,131,-1,21,131,17,-1,17,131,133,-1,17,133,14,-1,14,133,135,-1,14,135,3,-1,85,87,61,-1,61,87,89,-1,61,89,59,-1,59,89,92,-1,59,92,57,-1,57,92,94,-1,57,94,55,-1,55,94,96,-1,55,96,53,-1,53,96,98,-1,53,98,51,-1,51,98,100,-1,51,100,49,-1,49,100,102,-1,49,102,47,-1,47,102,107,-1,47,107,45,-1,45,107,105,-1,45,105,104,-1,136,137,138,-1,138,137,139,-1,140,136,141,-1,141,136,138,-1,140,141,142,-1,140,142,143,-1,143,142,144,-1,143,144,145,-1,146,145,147,-1,147,145,144,-1,148,146,149,-1,149,146,147,-1,150,151,152,-1,152,151,148,-1,152,148,149,-1,153,151,154,-1,154,151,150,-1,155,156,157,-1,157,156,153,-1,157,153,154,-1,158,159,160,-1,160,159,156,-1,160,156,155,-1,159,158,161,-1,159,161,162,-1,162,161,163,-1,162,163,164,-1,163,165,164,-1,164,165,166,-1,164,166,167,-1,167,166,168,-1,167,168,169,-1,169,168,170,-1,169,170,171,-1,171,170,172,-1,171,172,173,-1,173,172,174,-1,173,174,175,-1,176,175,177,-1,177,175,174,-1,176,177,178,-1,176,178,179,-1,179,178,180,-1,179,180,181,-1,181,180,182,-1,181,182,183,-1,183,182,184,-1,183,184,185,-1,184,186,185,-1,185,186,187,-1,185,187,188,-1,188,187,189,-1,188,189,190,-1,190,189,191,-1,190,191,192,-1,192,191,193,-1,192,193,194,-1,139,137,195,-1,195,137,194,-1,195,194,193,-1,143,145,194,-1,137,136,194,-1,194,136,140,-1,194,140,143,-1,151,153,148,-1,148,153,156,-1,148,156,146,-1,192,162,190,-1,190,162,164,-1,175,176,173,-1,173,176,179,-1,173,179,171,-1,171,179,181,-1,171,181,169,-1,169,181,183,-1,169,183,167,-1,167,183,185,-1,167,185,164,-1,164,185,188,-1,164,188,190,-1,145,146,194,-1,194,146,156,-1,194,156,192,-1,192,156,159,-1,192,159,162,-1,196,197,198,-1,198,197,199,-1,200,201,202,-1,202,201,196,-1,202,196,198,-1,203,201,204,-1,204,201,200,-1,205,206,207,-1,207,206,203,-1,207,203,204,-1,208,206,209,-1,209,206,205,-1,210,211,212,-1,212,211,208,-1,212,208,209,-1,213,211,214,-1,214,211,210,-1,215,216,217,-1,217,216,213,-1,217,213,214,-1,218,216,219,-1,219,216,215,-1,220,221,222,-1,222,221,218,-1,222,218,219,-1,223,221,224,-1,224,221,220,-1,199,197,225,-1,225,197,223,-1,225,223,224,-1,223,197,196,-1,196,201,223,-1,223,201,203,-1,223,203,221,-1,216,218,213,-1,213,218,221,-1,213,221,211,-1,211,221,203,-1,211,203,208,-1,208,203,206,-1,226,227,228,-1,228,227,229,-1,228,229,230,-1,230,229,231,-1,230,231,232,-1,232,231,233,-1,232,233,234,-1,234,233,235,-1,234,235,236,-1,236,235,237,-1,236,237,238,-1,238,237,239,-1,238,239,240,-1,240,239,241,-1,240,241,242,-1,242,241,243,-1,242,243,244,-1,244,243,245,-1,244,245,246,-1,246,245,247,-1,246,247,248,-1,248,247,249,-1,248,249,250,-1,250,249,251,-1,250,251,252,-1,252,251,253,-1,252,253,254,-1,254,253,255,-1,254,255,256,-1,256,255,257,-1,256,257,258,-1,258,257,259,-1,258,259,260,-1,260,259,226,-1,260,226,228,-1,234,236,261,-1,261,236,262,-1,234,261,263,-1,234,263,232,-1,232,263,264,-1,232,264,230,-1,230,264,265,-1,230,265,228,-1,228,265,266,-1,228,266,260,-1,260,266,267,-1,260,267,258,-1,258,267,268,-1,258,268,256,-1,256,268,269,-1,256,269,254,-1,254,269,270,-1,254,270,252,-1,252,270,271,-1,252,271,250,-1,250,271,272,-1,250,272,248,-1,248,272,273,-1,248,273,246,-1,246,273,274,-1,246,274,244,-1,244,274,275,-1,244,275,242,-1,242,275,276,-1,242,276,240,-1,238,240,277,-1,277,240,276,-1,236,238,262,-1,262,238,277,-1,241,239,278,-1,278,239,279,-1,239,237,279,-1,279,237,280,-1,237,235,280,-1,280,235,281,-1,227,282,283,-1,227,283,229,-1,229,283,284,-1,229,284,231,-1,231,284,285,-1,231,285,233,-1,233,285,281,-1,233,281,235,-1,255,286,287,-1,255,287,257,-1,257,287,288,-1,257,288,259,-1,259,288,289,-1,259,289,226,-1,226,289,282,-1,226,282,227,-1,247,290,291,-1,247,291,249,-1,249,291,292,-1,249,292,251,-1,251,292,293,-1,251,293,253,-1,253,293,286,-1,253,286,255,-1,241,278,294,-1,241,294,243,-1,243,294,295,-1,243,295,245,-1,245,295,290,-1,245,290,247,-1,
        ]
    }
}
Shape{
    appearance Appearance {
        material  Material 	{
            diffuseColor 0.2235294117647059 0.2235294117647059 0.2235294117647059
            specularColor 0.11372549019607843 0.11372549019607843 0.11372549019607843
            ambientIntensity 0.2235
            transparency 0.0
            shininess 0.5
        }
    }
    geometry IndexedFaceSet {
        ccw TRUE
        solid FALSE
        coord DEF co Coordinate {
            point [
                3.0492 0.3076 0.6193, 3.0492 0.3076 0.5473, 3.0492 0.3217 0.6193, 3.0492 0.3211 0.5473, 3.0492 0.3324 0.5485, 3.0492 0.3406 0.5512, 3.0492 0.3469 0.5552, 3.0492 0.3489 0.557, 3.0492 0.3538 0.5632, 3.0492 0.3569 0.5702, 3.0492 0.3586 0.5789, 3.0492 0.3589 0.5842, 3.0492 0.3577 0.595, 3.0492 0.3552 0.602, 3.0492 0.3517 0.6074, 3.0492 0.3486 0.6105, 3.0492 0.3333 0.6181, 3.0492 0.3415 0.6152
            ]
        }
        coordIndex [
            0,1,2,-1,2,1,3,-1,2,3,4,-1,4,5,2,-1,2,5,6,-1,2,6,7,-1,7,8,2,-1,2,8,9,-1,2,9,10,-1,10,11,2,-1,2,11,12,-1,2,12,13,-1,13,14,2,-1,2,14,15,-1,2,15,16,-1,16,15,17,-1,
        ]
    }
}
Shape{
    appearance Appearance {
        material  Material 	{
            diffuseColor 1.0 1.0 1.0
            specularColor 0.5019607843137255 0.5019607843137255 0.5019607843137255
            ambientIntensity 1.0
            transparency 0.0
            shininess 0.5
        }
    }
    geometry IndexedFaceSet {
        ccw TRUE
        solid FALSE
        coord DEF co Coordinate {
            point [
                3.0531 0.4029 0.5728, 3.0531 0.399 0.5622, 3.0531 0.4342 0.5728, 3.0531 0.4379 0.5622, 3.0531 0.4168 0.6116, 3.0531 0.4123 0.6301, 3.0531 0.3767 0.5366, 3.0531 0.3901 0.5366, 3.0531 0.4176 0.6144, 3.0531 0.4184 0.6181, 3.0531 0.4252 0.6301, 3.0531 0.4187 0.6181, 3.0531 0.4194 0.6142, 3.0531 0.4201 0.6116, 3.0531 0.4608 0.5366, 3.0531 0.4475 0.5366, 3.0492 0.4252 0.6301, 3.0492 0.4608 0.5366, 3.0492 0.4123 0.6301, 3.0492 0.3767 0.5366, 3.0492 0.3901 0.5366, 3.0492 0.399 0.5622, 3.0492 0.4379 0.5622, 3.0492 0.4475 0.5366, 3.0492 0.4029 0.5728, 3.0492 0.4342 0.5728, 3.0492 0.4201 0.6116, 3.0492 0.4187 0.6181, 3.0492 0.4194 0.6142, 3.0492 0.4184 0.6181, 3.0492 0.4168 0.6116, 3.0492 0.4176 0.6144
            ]
        }
        coordIndex [
            0,1,2,-1,2,1,3,-1,4,5,0,-1,0,5,6,-1,0,6,1,-1,1,6,7,-1,4,8,5,-1,5,8,9,-1,5,9,10,-1,10,9,11,-1,10,11,12,-1,12,13,10,-1,10,13,2,-1,10,2,14,-1,14,2,3,-1,14,3,15,-1,10,14,16,-1,16,14,17,-1,5,10,18,-1,18,10,16,-1,6,5,19,-1,19,5,18,-1,7,6,20,-1,20,6,19,-1,1,7,21,-1,21,7,20,-1,3,1,22,-1,22,1,21,-1,15,3,23,-1,23,3,22,-1,14,15,17,-1,17,15,23,-1,0,2,24,-1,24,2,25,-1,2,13,25,-1,25,13,26,-1,11,27,28,-1,11,28,12,-1,12,28,26,-1,12,26,13,-1,11,9,27,-1,27,9,29,-1,4,30,31,-1,4,31,8,-1,8,31,29,-1,8,29,9,-1,4,0,30,-1,30,0,24,-1,
        ]
    }
}
Shape{
    appearance Appearance {
        material  Material 	{
            diffuseColor 0.2235294117647059 0.2235294117647059 0.2235294117647059
            specularColor 0.11372549019607843 0.11372549019607843 0.11372549019607843
            ambientIntensity 0.2235
            transparency 0.0
            shininess 0.5
        }
    }
    geometry IndexedFaceSet {
        ccw TRUE
        solid FALSE
        coord DEF co Coordinate {
            point [
                3.0492 0.4187 0.6181, 3.0492 0.4184 0.6181, 3.0492 0.4194 0.6142, 3.0492 0.4176 0.6144, 3.0492 0.4201 0.6116, 3.0492 0.4168 0.6116, 3.0492 0.4342 0.5728, 3.0492 0.4029 0.5728
            ]
        }
        coordIndex [
            0,1,2,-1,2,1,3,-1,2,3,4,-1,4,3,5,-1,4,5,6,-1,6,5,7,-1,
        ]
    }
}
Shape{
    appearance Appearance {
        material  Material 	{
            diffuseColor 1.0 1.0 1.0
            specularColor 0.5019607843137255 0.5019607843137255 0.5019607843137255
            ambientIntensity 1.0
            transparency 0.0
            shininess 0.5
        }
    }
    geometry IndexedFaceSet {
        ccw TRUE
        solid FALSE
        coord DEF co Coordinate {
            point [
                3.0531 -0.4613 0.6975, 3.0531 -0.4465 0.7054, 3.0531 -0.4499 0.7463, 3.0531 -0.333 0.5207, 3.0531 -0.3251 0.5355, 3.0531 -0.3212 0.5519, 3.0531 -0.4085 0.7482, 3.0531 -0.3879 0.6997, 3.0531 -0.3777 0.7207, 3.0531 -0.4125 0.5501, 3.0531 -0.4137 0.5563, 3.0531 -0.4496 0.5822, 3.0531 -0.4503 0.5377, 3.0531 -0.4587 0.5402, 3.0531 -0.4641 0.5911, 3.0531 -0.4237 0.7495, 3.0531 -0.2278 0.6147, 3.0531 -0.2484 0.6499, 3.0531 -0.3208 0.5655, 3.0531 -0.3374 0.6034, 3.0531 -0.3208 0.5589, 3.0531 -0.3563 0.5002, 3.0531 -0.3431 0.5094, 3.0531 -0.4098 0.5445, 3.0531 -0.4337 0.5112, 3.0531 -0.4436 0.5234, 3.0531 -0.2059 0.6804, 3.0531 -0.2006 0.6804, 3.0531 -0.1733 0.7163, 3.0531 -0.1879 0.6789, 3.0531 -0.1701 0.7152, 3.0531 -0.1763 0.6744, 3.0531 -0.1504 0.7054, 3.0531 -0.1323 0.6902, 3.0531 -0.3948 0.7641, 3.0531 -0.3628 0.7385, 3.0531 -0.3792 0.7774, 3.0531 -0.345 0.7515, 3.0531 -0.363 0.7875, 3.0531 -0.4301 0.7093, 3.0531 -0.4231 0.7097, 3.0531 -0.4161 0.7491, 3.0531 -0.4074 0.7077, 3.0531 -0.3925 0.7022, 3.0531 -0.3668 0.5432, 3.0531 -0.3704 0.5391, 3.0531 -0.3755 0.5355, 3.0531 -0.3711 0.4945, 3.0531 -0.3812 0.5332, 3.0531 -0.3872 0.4925, 3.0531 -0.3879 0.5323, 3.0531 -0.3897 0.4925, 3.0531 -0.389 0.5324, 3.0531 -0.4054 0.495, 3.0531 -0.395 0.5333, 3.0531 -0.4207 0.5014, 3.0531 -0.401 0.5359, 3.0531 -0.4061 0.5398, 3.0531 -0.3637 0.5675, 3.0531 -0.3621 0.5613, 3.0531 -0.3621 0.5553, 3.0531 -0.3637 0.5489, 3.0531 -0.1322 0.5662, 3.0531 -0.1631 0.5926, 3.0531 -0.1502 0.5509, 3.0531 -0.1729 0.5846, 3.0531 -0.1705 0.541, 3.0531 -0.1846 0.5792, 3.0531 -0.1926 0.5363, 3.0531 -0.1966 0.5768, 3.0531 -0.2318 0.5363, 3.0531 -0.2265 0.5768, 3.0531 -0.2355 0.5369, 3.0531 -0.4134 0.5628, 3.0531 -0.4114 0.5691, 3.0531 -0.4423 0.5964, 3.0531 -0.408 0.5746, 3.0531 -0.4313 0.609, 3.0531 -0.4054 0.5773, 3.0531 -0.4178 0.6184, 3.0531 -0.4002 0.581, 3.0531 -0.4031 0.624, 3.0531 -0.3944 0.5833, 3.0531 -0.3872 0.626, 3.0531 -0.3879 0.5841, 3.0531 -0.3792 0.6255, 3.0531 -0.3823 0.5835, 3.0531 -0.3631 0.6215, 3.0531 -0.3762 0.5813, 3.0531 -0.349 0.614, 3.0531 -0.3708 0.5777, 3.0531 -0.3666 0.573, 3.0531 -0.166 0.6672, 3.0531 -0.1585 0.6588, 3.0531 -0.1188 0.6713, 3.0531 -0.1523 0.6473, 3.0531 -0.1106 0.651, 3.0531 -0.1491 0.6346, 3.0531 -0.1076 0.6293, 3.0531 -0.1488 0.6286, 3.0531 -0.1106 0.6056, 3.0531 -0.1504 0.6157, 3.0531 -0.119 0.5846, 3.0531 -0.155 0.6038, 3.0531 -0.1623 0.5935, 3.0531 -0.2092 0.7688, 3.0531 -0.2353 0.7383, 3.0531 -0.1872 0.7433, 3.0531 -0.2203 0.7205, 3.0531 -0.21 0.6991, 3.0531 -0.4875 0.6594, 3.0531 -0.5311 0.6483, 3.0531 -0.4895 0.6433, 3.0531 -0.5313 0.6419, 3.0531 -0.4887 0.6329, 3.0531 -0.5281 0.6159, 3.0531 -0.4839 0.6167, 3.0531 -0.5186 0.5911, 3.0531 -0.476 0.6033, 3.0531 -0.5034 0.5695, 3.0531 -0.4827 0.5519, 3.0531 -0.3324 0.7993, 3.0531 -0.3234 0.7603, 3.0531 -0.2995 0.8033, 3.0531 -0.2989 0.7635, 3.0531 -0.2722 0.8004, 3.0531 -0.2763 0.7607, 3.0531 -0.2388 0.7887, 3.0531 -0.2555 0.7527, 3.0531 -0.2368 0.7397, 3.0531 -0.4745 0.7367, 3.0531 -0.4956 0.7219, 3.0531 -0.4726 0.6874, 3.0531 -0.5001 0.7176, 3.0531 -0.4818 0.6742, 3.0531 -0.5161 0.6971, 3.0531 -0.5267 0.6732, 3.0531 -0.2298 0.5775, 3.0531 -0.2458 0.5433, 3.0531 -0.2442 0.5417, 3.0531 -0.2278 0.577, 3.0531 -0.2399 0.5387, 3.0531 -0.2511 0.5569, 3.0531 -0.2504 0.552, 3.0531 -0.2487 0.5475, 3.0531 -0.2356 0.5768, 3.0531 -0.2402 0.575, 3.0531 -0.2509 0.5595, 3.0531 -0.2442 0.5721, 3.0531 -0.247 0.5691, 3.0531 -0.2495 0.5646, 3.0531 -0.2305 0.5775, 3.0492 -0.1076 0.6293, 3.0492 -0.1106 0.651, 3.0492 -0.1129 0.6567, 3.0492 -0.1188 0.6713, 3.0492 -0.1323 0.6902, 3.0492 -0.1504 0.7054, 3.0492 -0.1701 0.7152, 3.0492 -0.1733 0.7163, 3.0492 -0.1872 0.7433, 3.0492 -0.2092 0.7688, 3.0492 -0.2245 0.779, 3.0492 -0.2388 0.7887, 3.0492 -0.2722 0.8004, 3.0492 -0.2995 0.8033, 3.0492 -0.3324 0.7993, 3.0492 -0.363 0.7875, 3.0492 -0.3766 0.779, 3.0492 -0.3792 0.7774, 3.0492 -0.3948 0.7641, 3.0492 -0.4085 0.7482, 3.0492 -0.4161 0.7491, 3.0492 -0.4237 0.7495, 3.0492 -0.4499 0.7463, 3.0492 -0.4745 0.7367, 3.0492 -0.4956 0.7219, 3.0492 -0.5001 0.7176, 3.0492 -0.5267 0.6732, 3.0492 -0.5161 0.6971, 3.0492 -0.5296 0.6567, 3.0492 -0.5311 0.6483, 3.0492 -0.5313 0.6419, 3.0492 -0.5281 0.6159, 3.0492 -0.5186 0.5911, 3.0492 -0.5034 0.5695, 3.0492 -0.4827 0.5519, 3.0492 -0.4587 0.5402, 3.0492 -0.4503 0.5377, 3.0492 -0.4495 0.5359, 3.0492 -0.4436 0.5234, 3.0492 -0.4337 0.5112, 3.0492 -0.4207 0.5014, 3.0492 -0.4147 0.4989, 3.0492 -0.4054 0.495, 3.0492 -0.3897 0.4925, 3.0492 -0.3872 0.4925, 3.0492 -0.3208 0.5589, 3.0492 -0.3711 0.4945, 3.0492 -0.3597 0.4989, 3.0492 -0.3563 0.5002, 3.0492 -0.3431 0.5094, 3.0492 -0.333 0.5207, 3.0492 -0.3251 0.5355, 3.0492 -0.325 0.5359, 3.0492 -0.3212 0.5519, 3.0492 -0.3208 0.5655, 3.0492 -0.2278 0.6147, 3.0492 -0.2484 0.6499, 3.0492 -0.3374 0.6034, 3.0492 -0.349 0.614, 3.0492 -0.3631 0.6215, 3.0492 -0.3792 0.6255, 3.0492 -0.3872 0.626, 3.0492 -0.4031 0.624, 3.0492 -0.4178 0.6184, 3.0492 -0.4313 0.609, 3.0492 -0.4423 0.5964, 3.0492 -0.4496 0.5822, 3.0492 -0.4641 0.5911, 3.0492 -0.476 0.6033, 3.0492 -0.4839 0.6167, 3.0492 -0.4887 0.6329, 3.0492 -0.4895 0.6433, 3.0492 -0.4878 0.6567, 3.0492 -0.4875 0.6594, 3.0492 -0.4818 0.6742, 3.0492 -0.4726 0.6874, 3.0492 -0.4613 0.6975, 3.0492 -0.4465 0.7054, 3.0492 -0.4301 0.7093, 3.0492 -0.4231 0.7097, 3.0492 -0.4074 0.7077, 3.0492 -0.3925 0.7022, 3.0492 -0.3879 0.6997, 3.0492 -0.3777 0.7207, 3.0492 -0.3628 0.7385, 3.0492 -0.345 0.7515, 3.0492 -0.3234 0.7603, 3.0492 -0.2989 0.7635, 3.0492 -0.2763 0.7607, 3.0492 -0.2555 0.7527, 3.0492 -0.2368 0.7397, 3.0492 -0.2353 0.7383, 3.0492 -0.2203 0.7205, 3.0492 -0.21 0.6991, 3.0492 -0.2059 0.6804, 3.0492 -0.2006 0.6804, 3.0492 -0.1879 0.6789, 3.0492 -0.1763 0.6744, 3.0492 -0.166 0.6672, 3.0492 -0.1585 0.6588, 3.0492 -0.1573 0.6567, 3.0492 -0.1523 0.6473, 3.0492 -0.1491 0.6346, 3.0492 -0.1488 0.6286, 3.0492 -0.1504 0.6157, 3.0492 -0.155 0.6038, 3.0492 -0.1623 0.5935, 3.0492 -0.1631 0.5926, 3.0492 -0.1729 0.5846, 3.0492 -0.1846 0.5792, 3.0492 -0.1966 0.5768, 3.0492 -0.2265 0.5768, 3.0492 -0.2278 0.577, 3.0492 -0.2298 0.5775, 3.0492 -0.2305 0.5775, 3.0492 -0.2356 0.5768, 3.0492 -0.2402 0.575, 3.0492 -0.2442 0.5721, 3.0492 -0.247 0.5691, 3.0492 -0.2495 0.5646, 3.0492 -0.2509 0.5595, 3.0492 -0.2511 0.5569, 3.0492 -0.2504 0.552, 3.0492 -0.2487 0.5475, 3.0492 -0.2458 0.5433, 3.0492 -0.2442 0.5417, 3.0492 -0.2399 0.5387, 3.0492 -0.2355 0.5369, 3.0492 -0.2318 0.5363, 3.0492 -0.1926 0.5363, 3.0492 -0.1705 0.541, 3.0492 -0.1502 0.5509, 3.0492 -0.1322 0.5662, 3.0492 -0.119 0.5846, 3.0492 -0.1106 0.6056, 3.0492 -0.3879 0.5841, 3.0492 -0.3823 0.5835, 3.0492 -0.3762 0.5813, 3.0492 -0.3708 0.5777, 3.0492 -0.3666 0.573, 3.0492 -0.3637 0.5675, 3.0492 -0.3621 0.5613, 3.0492 -0.3621 0.5553, 3.0492 -0.3637 0.5489, 3.0492 -0.3668 0.5432, 3.0492 -0.3704 0.5391, 3.0492 -0.3755 0.5355, 3.0492 -0.3812 0.5332, 3.0492 -0.3879 0.5323, 3.0492 -0.389 0.5324, 3.0492 -0.395 0.5333, 3.0492 -0.401 0.5359, 3.0492 -0.4061 0.5398, 3.0492 -0.4098 0.5445, 3.0492 -0.4125 0.5501, 3.0492 -0.4137 0.5563, 3.0492 -0.4134 0.5628, 3.0492 -0.4114 0.5691, 3.0492 -0.408 0.5746, 3.0492 -0.4054 0.5773, 3.0492 -0.4002 0.581, 3.0492 -0.3944 0.5833
            ]
        }
        coordIndex [
            0,1,2,-1,3,4,5,-1,6,7,8,-1,9,10,11,-1,12,11,13,-1,13,11,14,-1,2,1,15,-1,16,17,18,-1,18,17,19,-1,18,19,20,-1,20,19,21,-1,20,21,5,-1,5,21,22,-1,5,22,3,-1,23,9,24,-1,24,9,11,-1,24,11,25,-1,25,11,12,-1,26,27,28,-1,28,27,29,-1,28,29,30,-1,30,29,31,-1,30,31,32,-1,32,31,33,-1,6,8,34,-1,34,8,35,-1,34,35,36,-1,36,35,37,-1,36,37,38,-1,1,39,15,-1,15,39,40,-1,15,40,41,-1,41,40,42,-1,41,42,6,-1,6,42,43,-1,6,43,7,-1,44,45,21,-1,21,45,46,-1,21,46,47,-1,47,46,48,-1,47,48,49,-1,49,48,50,-1,49,50,51,-1,51,50,52,-1,51,52,53,-1,53,52,54,-1,53,54,55,-1,55,54,56,-1,55,56,24,-1,24,56,57,-1,24,57,23,-1,58,59,19,-1,19,59,60,-1,19,60,21,-1,21,60,61,-1,21,61,44,-1,62,63,64,-1,64,63,65,-1,64,65,66,-1,66,65,67,-1,66,67,68,-1,68,67,69,-1,68,69,70,-1,70,69,71,-1,70,71,72,-1,10,73,11,-1,11,73,74,-1,11,74,75,-1,75,74,76,-1,75,76,77,-1,77,76,78,-1,77,78,79,-1,79,78,80,-1,79,80,81,-1,81,80,82,-1,81,82,83,-1,83,82,84,-1,83,84,85,-1,85,84,86,-1,85,86,87,-1,87,86,88,-1,87,88,89,-1,89,88,90,-1,89,90,19,-1,19,90,91,-1,19,91,58,-1,31,92,33,-1,33,92,93,-1,33,93,94,-1,94,93,95,-1,94,95,96,-1,96,95,97,-1,96,97,98,-1,98,97,99,-1,98,99,100,-1,100,99,101,-1,100,101,102,-1,102,101,103,-1,102,103,62,-1,62,103,104,-1,62,104,63,-1,105,106,107,-1,107,106,108,-1,107,108,28,-1,28,108,109,-1,28,109,26,-1,110,111,112,-1,112,111,113,-1,112,113,114,-1,114,113,115,-1,114,115,116,-1,116,115,117,-1,116,117,118,-1,118,117,119,-1,118,119,14,-1,14,119,120,-1,14,120,13,-1,38,37,121,-1,121,37,122,-1,121,122,123,-1,123,122,124,-1,123,124,125,-1,125,124,126,-1,125,126,127,-1,127,126,128,-1,127,128,105,-1,105,128,129,-1,105,129,106,-1,2,130,0,-1,0,130,131,-1,0,131,132,-1,132,131,133,-1,132,133,134,-1,134,133,135,-1,134,135,110,-1,110,135,136,-1,110,136,111,-1,137,138,139,-1,71,140,72,-1,72,140,137,-1,72,137,141,-1,141,137,139,-1,142,143,137,-1,137,143,144,-1,137,144,138,-1,145,146,147,-1,146,148,147,-1,147,148,149,-1,147,149,150,-1,142,137,147,-1,147,137,151,-1,147,151,145,-1,98,152,153,-1,98,153,96,-1,96,153,154,-1,96,154,94,-1,154,155,94,-1,94,155,156,-1,94,156,33,-1,33,156,157,-1,33,157,32,-1,32,157,158,-1,32,158,30,-1,30,158,159,-1,30,159,28,-1,28,159,160,-1,28,160,107,-1,107,160,161,-1,107,161,105,-1,127,105,162,-1,162,105,161,-1,162,163,127,-1,127,163,164,-1,127,164,125,-1,125,164,165,-1,125,165,123,-1,123,165,166,-1,123,166,121,-1,121,166,167,-1,121,167,38,-1,38,167,36,-1,36,167,168,-1,36,168,169,-1,36,169,170,-1,36,170,34,-1,34,170,171,-1,34,171,6,-1,6,171,172,-1,6,172,41,-1,41,172,173,-1,41,173,15,-1,15,173,174,-1,15,174,2,-1,2,174,175,-1,2,175,130,-1,130,175,176,-1,130,176,131,-1,131,176,177,-1,131,177,133,-1,178,135,179,-1,179,135,133,-1,179,133,177,-1,180,111,178,-1,178,111,136,-1,178,136,135,-1,180,181,111,-1,111,181,182,-1,111,182,113,-1,113,182,183,-1,113,183,115,-1,115,183,184,-1,115,184,117,-1,117,184,185,-1,117,185,119,-1,119,185,186,-1,119,186,120,-1,120,186,187,-1,120,187,13,-1,13,187,188,-1,13,188,12,-1,12,188,189,-1,12,189,25,-1,189,190,25,-1,25,190,191,-1,25,191,24,-1,24,191,192,-1,24,192,55,-1,55,192,193,-1,55,193,53,-1,193,194,53,-1,53,194,195,-1,53,195,51,-1,51,195,196,-1,51,196,49,-1,197,20,5,-1,49,196,198,-1,199,21,198,-1,198,21,47,-1,198,47,49,-1,199,200,21,-1,21,200,201,-1,21,201,22,-1,22,201,202,-1,22,202,3,-1,3,202,203,-1,3,203,4,-1,4,203,204,-1,4,204,5,-1,5,204,205,-1,5,205,197,-1,18,20,206,-1,206,20,197,-1,16,18,207,-1,207,18,206,-1,17,16,208,-1,208,16,207,-1,19,17,209,-1,209,17,208,-1,19,209,210,-1,19,210,89,-1,89,210,211,-1,89,211,87,-1,87,211,212,-1,87,212,85,-1,85,212,213,-1,85,213,83,-1,83,213,214,-1,83,214,81,-1,81,214,215,-1,81,215,79,-1,79,215,216,-1,79,216,77,-1,77,216,217,-1,77,217,75,-1,75,217,218,-1,75,218,11,-1,11,218,219,-1,11,219,14,-1,14,219,220,-1,14,220,118,-1,118,220,221,-1,118,221,116,-1,116,221,222,-1,116,222,114,-1,114,222,223,-1,114,223,112,-1,112,223,110,-1,110,223,224,-1,224,225,110,-1,110,225,226,-1,110,226,134,-1,134,226,227,-1,134,227,132,-1,132,227,228,-1,132,228,0,-1,0,228,229,-1,0,229,1,-1,1,229,230,-1,1,230,39,-1,39,230,231,-1,39,231,40,-1,40,231,232,-1,40,232,42,-1,42,232,233,-1,42,233,43,-1,43,233,234,-1,43,234,7,-1,7,234,235,-1,7,235,8,-1,8,235,236,-1,8,236,35,-1,35,236,237,-1,35,237,37,-1,37,237,238,-1,37,238,122,-1,122,238,239,-1,122,239,124,-1,124,239,240,-1,124,240,126,-1,126,240,241,-1,126,241,128,-1,128,241,242,-1,128,242,129,-1,129,242,243,-1,129,243,106,-1,106,243,244,-1,106,244,108,-1,108,244,245,-1,108,245,109,-1,109,245,246,-1,109,246,26,-1,27,26,247,-1,247,26,246,-1,27,247,248,-1,27,248,29,-1,29,248,249,-1,29,249,31,-1,31,249,250,-1,31,250,92,-1,92,250,251,-1,92,251,93,-1,93,251,252,-1,93,252,95,-1,252,253,95,-1,95,253,254,-1,95,254,97,-1,97,254,255,-1,97,255,99,-1,99,255,256,-1,99,256,101,-1,101,256,257,-1,101,257,103,-1,103,257,258,-1,103,258,104,-1,104,258,259,-1,104,259,63,-1,63,259,260,-1,63,260,65,-1,65,260,261,-1,65,261,67,-1,67,261,262,-1,67,262,69,-1,71,69,263,-1,263,69,262,-1,71,263,264,-1,71,264,140,-1,140,264,265,-1,140,265,137,-1,137,265,266,-1,137,266,151,-1,151,266,267,-1,151,267,145,-1,145,267,268,-1,145,268,146,-1,146,268,269,-1,146,269,148,-1,148,269,270,-1,148,270,149,-1,149,270,271,-1,149,271,150,-1,150,271,272,-1,150,272,147,-1,147,272,273,-1,147,273,142,-1,142,273,274,-1,142,274,143,-1,143,274,275,-1,143,275,144,-1,144,275,276,-1,144,276,138,-1,138,276,277,-1,138,277,139,-1,139,277,278,-1,139,278,141,-1,141,278,279,-1,141,279,72,-1,72,279,280,-1,72,280,70,-1,68,70,281,-1,281,70,280,-1,68,281,282,-1,68,282,66,-1,66,282,283,-1,66,283,64,-1,64,283,284,-1,64,284,62,-1,62,284,285,-1,62,285,102,-1,102,285,286,-1,102,286,100,-1,100,286,152,-1,100,152,98,-1,84,287,288,-1,84,288,86,-1,86,288,289,-1,86,289,88,-1,88,289,290,-1,88,290,90,-1,90,290,291,-1,90,291,91,-1,91,291,292,-1,91,292,58,-1,58,292,293,-1,58,293,59,-1,59,293,294,-1,59,294,60,-1,60,294,295,-1,60,295,61,-1,61,295,296,-1,61,296,44,-1,44,296,297,-1,44,297,45,-1,45,297,298,-1,45,298,46,-1,46,298,299,-1,46,299,48,-1,48,299,300,-1,48,300,50,-1,50,300,301,-1,50,301,52,-1,52,301,302,-1,52,302,54,-1,54,302,303,-1,54,303,56,-1,56,303,304,-1,56,304,57,-1,57,304,305,-1,57,305,23,-1,23,305,306,-1,23,306,9,-1,9,306,307,-1,9,307,10,-1,10,307,308,-1,10,308,73,-1,73,308,309,-1,73,309,74,-1,74,309,310,-1,74,310,76,-1,76,310,311,-1,76,311,78,-1,78,311,312,-1,78,312,80,-1,80,312,313,-1,80,313,82,-1,82,313,287,-1,82,287,84,-1,
        ]
    }
}
Shape{
    appearance Appearance {
        material  Material 	{
            diffuseColor 0.2235294117647059 0.2235294117647059 0.2235294117647059
            specularColor 0.11372549019607843 0.11372549019607843 0.11372549019607843
            ambientIntensity 0.2235
            transparency 0.0
            shininess 0.5
        }
    }
    geometry IndexedFaceSet {
        ccw TRUE
        solid FALSE
        coord DEF co Coordinate {
            point [
                3.0492 -0.389 0.5324, 3.0492 -0.4054 0.5773, 3.0492 -0.408 0.5746, 3.0492 -0.3812 0.5332, 3.0492 -0.3755 0.5355, 3.0492 -0.3823 0.5835, 3.0492 -0.3879 0.5841, 3.0492 -0.3944 0.5833, 3.0492 -0.4002 0.581, 3.0492 -0.4125 0.5501, 3.0492 -0.4098 0.5445, 3.0492 -0.4061 0.5398, 3.0492 -0.3879 0.5323, 3.0492 -0.4114 0.5691, 3.0492 -0.4134 0.5628, 3.0492 -0.4137 0.5563, 3.0492 -0.401 0.5359, 3.0492 -0.395 0.5333, 3.0492 -0.3704 0.5391, 3.0492 -0.3668 0.5432, 3.0492 -0.3637 0.5489, 3.0492 -0.3621 0.5553, 3.0492 -0.3621 0.5613, 3.0492 -0.3637 0.5675, 3.0492 -0.3666 0.573, 3.0492 -0.3708 0.5777, 3.0492 -0.3762 0.5813
            ]
        }
        coordIndex [
            0,1,2,-1,3,4,5,-1,6,7,0,-1,0,7,8,-1,0,8,1,-1,9,10,2,-1,2,10,11,-1,6,0,5,-1,5,0,12,-1,5,12,3,-1,13,14,2,-1,2,14,15,-1,2,15,9,-1,11,16,2,-1,2,16,17,-1,2,17,0,-1,4,18,5,-1,5,18,19,-1,5,19,20,-1,20,21,5,-1,5,21,22,-1,5,22,23,-1,23,24,5,-1,5,24,25,-1,5,25,26,-1,
        ]
    }
}