#VRML V2.0 utf8
# 3D model generated by easyeda2kicad.py (https://github.com/uPesy/easyeda2kicad.py)

Shape{
    appearance Appearance {
        material  Material 	{
            diffuseColor 0.5882352941176471 0.5725490196078431 0.5254901960784314
            specularColor 0.043137254901960784 0.0392156862745098 0.0392156862745098
            ambientIntensity 0.2
            transparency 0
            shininess 0.5
        }
    }
    geometry IndexedFaceSet {
        ccw TRUE
        solid FALSE
        coord DEF co Coordinate {
            point [
                0.0231 0.1018 0.7756, 0.0231 0.0596 0.7756, 0.042 0.0596 0.7756, 0.0978 -0.0218 0.7756, 0.0968 -0.0219 0.7756, 0.1082 -0.0219 0.7756, 0.0466 0.0649 0.7756, 0.0461 0.0662 0.7756, 0.0461 0.0537 0.7756, 0.2014 0.0541 0.7756, 0.1965 0.0672 0.7756, 0.179 0.0672 0.7756, 0.19 0.1018 0.7756, 0.2082 0.0541 0.7756, 0.2237 0.0537 0.7756, 0.179 0.0537 0.7756, 0.1767 0.0672 0.7756, 0.1721 0.0541 0.7756, 0.164 0.0537 0.7756, 0.1653 0.0541 0.7756, 0.164 0.1022 0.7756, 0.179 0.0902 0.7756, 0.179 0.1022 0.7756, 0.0511 0.0834 0.7756, 0.0776 0.0611 0.7756, 0.0526 0.0876 0.7756, 0.0548 0.091 0.7756, 0.0504 0.0774 0.7756, 0.0504 0.077 0.7756, 0.0748 0.0599 0.7756, 0.0694 0.0589 0.7756, 0.0663 0.097 0.7756, 0.0622 0.0961 0.7756, 0.0776 0.0951 0.7756, 0.074 0.0964 0.7756, 0.0684 0.0971 0.7756, 0.0585 0.0943 0.7756, 0.0555 0.0918 0.7756, 0.0512 0.0711 0.7756, 0.0527 0.0673 0.7756, 0.0551 0.0638 0.7756, 0.0595 0.0606 0.7756, 0.0629 0.0593 0.7756, 0.0674 0.0588 0.7756, 0.0563 0.0627 0.7756, 0.0797 0.0942 0.7756, 0.0865 0.0537 0.7756, 0.0865 0.1022 0.7756, 0.0789 0.0946 0.7756, 0.0797 0.062 0.7756, 0.0733 0.1022 0.7756, 0.075 0.1021 0.7756, 0.0776 0.1022 0.7756, 0.0776 0.1013 0.7756, 0.0797 0.1007 0.7756, 0.0688 0.1026 0.7756, 0.0776 1.0335 0.7756, 0.0684 0.1026 0.7756, 0.0461 1.0335 0.7756, 0.0648 0.1022 0.7756, 0.0461 0.1022 0.7756, 0.057 0.1001 0.7756, 0.062 0.1019 0.7756, 0.0476 0.0913 0.7756, 0.0509 0.0956 0.7756, 0.0523 0.0969 0.7756, 0.0433 0.1022 0.7756, 0.0452 0.0861 0.7756, 0.0461 0.0881 0.7756, 0.0447 0.0701 0.7756, 0.0433 0.0537 0.7756, 0.044 0.0771 0.7756, 0.0441 0.0799 0.7756, 0.0582 0.0546 0.7756, 0.0537 0.0568 0.7756, 0.0501 0.0598 0.7756, 0.0493 0.0607 0.7756, 0.0622 0.0537 0.7756, 0.0461 0.0398 0.7756, 0.0633 0.0535 0.7756, 0.0665 0.0533 0.7756, 0.0776 0.0398 0.7756, 0.0704 0.0537 0.7756, 0.0797 0.0561 0.7756, 0.0776 0.0537 0.7756, 0.0776 0.0554 0.7756, 0.0742 0.0541 0.7756, 0.1489 0.0262 0.7756, 0.164 0.0262 0.7756, 0.164 0.0398 0.7756, 0.164 -0.0219 0.7756, 0.164 -0.0215 0.7756, 0.1489 -0.0215 0.7756, 0.1254 -0.013 0.7756, 0.1261 -0.0158 0.7756, 0.1263 -0.0158 0.7756, 0.1425 0.0126 0.7756, 0.1194 0.0398 0.7756, 0.1363 0.0126 0.7756, 0.1194 0.0043 0.7756, 0.127 -0.0131 0.7756, 0.1265 -0.0146 0.7756, 0.1098 0.0126 0.7756, 0.1082 0.0398 0.7756, 0.1194 -0.0117 0.7756, 0.1165 0.0126 0.7756, 0.1194 -0.0219 0.7756, 0.1229 -0.0219 0.7756, 0.1231 -0.0214 0.7756, 0.1194 -0.0297 0.7756, 0.1194 -0.0297 0.7756, 0.1205 -0.0276 0.7756, 0.1082 -0.0408 0.7756, 0.111 -0.037 0.7756, 0.111 -0.0317 0.7756, 0.1144 -0.0324 0.7756, 0.1158 -0.0322 0.7756, 0.1194 -0.0364 0.7756, 0.1173 -0.0372 0.7756, 0.1194 -0.0408 0.7756, 0.1149 -0.0375 0.7756, 0.1136 -0.0375 0.7756, 0.1172 -0.0317 0.7756, 0.1182 -0.031 0.7756, 0.127 -0.0266 0.7756, 0.1243 -0.0319 0.7756, 0.164 -0.0408 0.7756, 0.1289 -0.0219 0.7756, 0.1221 -0.0345 0.7756, 0.1217 -0.0349 0.7756, 0.1196 -0.0363 0.7756, 4.311 -0.0219 0.7756, 3.9567 -0.0408 0.7756, 4.311 -0.0408 0.7756, 3.9567 -0.6791 0.7756, 4.311 -0.6791 0.7756, 2.2895 -0.0219 0.7756, 3.5236 -0.0219 0.7756, 2.2895 0.0398 0.7756, 3.5236 0.0295 0.7756, 4.311 0.0398 0.7756, 3.9567 0.0295 0.7756, 3.9567 -0.0219 0.7756, 3.5236 -0.128 0.7756, 3.5236 -0.0408 0.7756, 2.2895 -0.128 0.7756, 2.2895 -0.0408 0.7756, 0.2237 -0.128 0.7756, 0.2237 -0.0408 0.7756, 0.179 -0.128 0.7756, 0.179 -0.0408 0.7756, 0.164 -0.128 0.7756, 0.1194 -0.128 0.7756, 0.1082 -0.128 0.7756, 0.0865 -0.128 0.7756, 0.0865 -0.0408 0.7756, 0.0776 -0.128 0.7756, 0.0776 -0.0408 0.7756, -0.0026 -0.0408 0.7756, -0.1508 -0.0408 0.7756, -0.0026 -0.128 0.7756, -0.1563 -0.0429 0.7756, -0.1648 -0.044 0.7756, -0.1658 -0.044 0.7756, -3.5236 -0.128 0.7756, -0.1738 -0.0428 0.7756, -3.5236 -0.0408 0.7756, -0.1788 -0.0408 0.7756, -3.5236 -0.0219 0.7756, -0.1817 -0.0396 0.7756, -0.1883 -0.0347 0.7756, -3.9567 -0.0219 0.7756, -3.9567 0.0295 0.7756, -4.311 0.0398 0.7756, -3.5236 0.0295 0.7756, -0.1966 -0.0219 0.7756, -0.197 -0.021 0.7756, -0.2029 -0.0191 0.7756, -0.2241 -0.0047 0.7756, -0.2254 -0.0032 0.7756, -0.2149 -0.0127 0.7756, -0.2326 0.0078 0.7756, -0.2371 0.0205 0.7756, -0.2383 0.0322 0.7756, -0.1934 -0.0285 0.7756, -4.311 -0.0219 0.7756, -4.311 -0.0408 0.7756, -3.9567 -0.0408 0.7756, -4.311 -0.6791 0.7756, -3.9567 -0.6791 0.7756, 0.1047 -0.0066 0.7756, 0.1058 -0.0082 0.7756, 0.1051 0.006 0.7756, 0.1057 -0.0165 0.7756, 0.1046 -0.0181 0.7756, 0.0893 0.0117 0.7756, 0.0865 0.0398 0.7756, 0.0876 0.0106 0.7756, 0.0865 0.0097 0.7756, 0.1064 -0.01 0.7756, 0.1067 -0.0122 0.7756, 0.1064 -0.0146 0.7756, 0.0926 0.0129 0.7756, 0.097 0.0134 0.7756, 0.1051 0.0118 0.7756, 0.1003 0.0131 0.7756, 0.1028 -0.0196 0.7756, 0.1011 -0.0206 0.7756, 0.0964 0.0085 0.7756, 0.0946 0.0084 0.7756, 0.0899 0.0039 0.7756, 0.093 0.0079 0.7756, 0.0917 0.0072 0.7756, 0.0899 0.0031 0.7756, 0.0902 0.0022 0.7756, 0.0906 0.0014 0.7756, 0.0912 0.0008 0.7756, 0.0933 -0.0006 0.7756, 0.1003 0.0081 0.7756, 0.097 -0.0022 0.7756, 0.1037 0.0068 0.7756, 0.0993 -0.0031 0.7756, 0.1033 -0.0053 0.7756, 0.0908 0.0064 0.7756, 0.0903 0.0057 0.7756, 0.09 0.0049 0.7756, 0.0837 -0.0141 0.7756, 0.0776 -0.0219 0.7756, 0.0858 0.0091 0.7756, 0.0847 0.0074 0.7756, 0.086 -0.0156 0.7756, 0.0865 -0.0157 0.7756, 0.0865 -0.0031 0.7756, 0.0854 -0.002 0.7756, 0.0846 -0.0008 0.7756, 0.084 0.0011 0.7756, 0.0837 0.0034 0.7756, 0.084 0.0055 0.7756, 0.0864 -0.003 0.7756, 0.0898 -0.017 0.7756, 0.0928 -0.0065 0.7756, 0.0892 -0.0049 0.7756, 0.0935 -0.0174 0.7756, 0.0938 -0.0174 0.7756, 0.0967 -0.0081 0.7756, 0.0968 -0.0171 0.7756, 0.1006 -0.0128 0.7756, 0.1005 -0.0121 0.7756, 0.0984 -0.0165 0.7756, 0.0989 -0.0162 0.7756, 0.0996 -0.0156 0.7756, 0.1001 -0.0148 0.7756, 0.1004 -0.0139 0.7756, 0.1002 -0.0111 0.7756, 0.0998 -0.0103 0.7756, 0.099 -0.0096 0.7756, 0.089 -0.0219 0.7756, 0.088 -0.0218 0.7756, 0.0865 -0.0219 0.7756, 0.0865 -0.0212 0.7756, 0.0837 -0.0203 0.7756, 0.0929 -0.0223 0.7756, 0.1122 -0.0321 0.7756, 0.0507 -0.0052 0.7756, 0.0516 0.0044 0.7756, 0.0495 -0.0069 0.7756, 0.0487 -0.009 0.7756, 0.0461 -0.0219 0.7756, 0.0493 -0.0171 0.7756, 0.0485 -0.0151 0.7756, 0.067 0.013 0.7756, 0.0695 0.0122 0.7756, 0.0714 0.0111 0.7756, 0.073 0.0096 0.7756, 0.0742 0.0076 0.7756, 0.0526 -0.0036 0.7756, 0.0552 -0.0023 0.7756, 0.0554 0.0068 0.7756, 0.0595 -0.0012 0.7756, 0.0648 0.0083 0.7756, 0.0627 0.0085 0.7756, 0.0591 0.0081 0.7756, 0.0532 -0.021 0.7756, 0.0512 -0.0196 0.7756, 0.0505 -0.0189 0.7756, 0.0696 -0.0162 0.7756, 0.0695 -0.0162 0.7756, 0.0696 -0.0215 0.7756, 0.0685 -0.0176 0.7756, 0.0667 -0.0197 0.7756, 0.0483 -0.0124 0.7756, 0.0483 -0.0115 0.7756, 0.0516 0.0102 0.7756, 0.0532 0.0111 0.7756, 0.0577 0.0127 0.7756, 0.0633 0.0134 0.7756, 0.0752 0.0049 0.7756, 0.0756 0.0004 0.7756, 0.0756 -0.0215 0.7756, 0.0696 0.0002 0.7756, 0.0694 0.0028 0.7756, 0.0688 0.0049 0.7756, 0.0681 0.0062 0.7756, 0.0672 0.0071 0.7756, 0.0661 0.0078 0.7756, 0.0623 -0.0219 0.7756, 0.0621 -0.0219 0.7756, 0.0461 -0.0408 0.7756, 0.0461 -0.128 0.7756, 0.059 -0.0223 0.7756, 0.0556 -0.0219 0.7756, 0.0555 -0.0219 0.7756, -0.0435 0.0644 0.7756, -0.0344 0.0565 0.7756, -0.0026 0.1022 0.7756, -0.0026 0.0537 0.7756, -0.0891 0.1071 0.7756, -0.0818 0.1022 0.7756, -0.074 0.097 0.7756, -0.0629 0.0842 0.7756, -0.0557 0.0702 0.7756, -0.0536 0.0695 0.7756, -0.1594 0.1022 0.7756, -0.1525 0.1065 0.7756, -0.0026 1.0335 0.7756, -0.1369 0.1125 0.7756, -0.1201 0.1146 0.7756, -0.1061 0.1131 0.7756, -0.1795 0.0869 0.7756, -0.1756 0.0865 0.7756, -0.1687 0.0946 0.7756, -4.311 1.0335 0.7756, -4.311 0.1022 0.7756, -0.1607 0.1014 0.7756, -4.311 0.0537 0.7756, -0.2336 0.0537 0.7756, -0.2298 0.0617 0.7756, -0.2224 0.0709 0.7756, -0.2193 0.0738 0.7756, -0.2079 0.0814 0.7756, -0.1953 0.0859 0.7756, -0.1834 0.0871 0.7756, -0.2382 0.0363 0.7756, -0.2375 0.0398 0.7756, -0.2355 0.0497 0.7756, -0.0026 -0.0219 0.7756, -0.1332 -0.0219 0.7756, -0.1335 -0.0231 0.7756, -0.1377 -0.0304 0.7756, -0.142 -0.0351 0.7756, -0.1487 -0.0399 0.7756, -0.0347 -0.0064 0.7756, -0.0444 -0.0145 0.7756, -0.1456 0.0182 0.7756, -0.1394 0.0126 0.7756, -0.094 0.0363 0.7756, -0.0282 0.0025 0.7756, -0.0919 -0.0034 0.7756, -0.0898 -0.0019 0.7756, -0.0835 0.0184 0.7756, -0.0434 0.0293 0.7756, -0.0452 0.0358 0.7756, -0.0476 0.0398 0.7756, -0.2161 0.0398 0.7756, -0.0875 -0.001 0.7756, -0.0848 -0.0006 0.7756, -0.0845 -0.0006 0.7756, -0.0874 -0.0213 0.7756, -0.0897 -0.0204 0.7756, -0.0919 -0.0189 0.7756, -0.1309 -0.0067 0.7756, -0.0952 -0.0098 0.7756, -0.0946 -0.0072 0.7756, -0.0933 -0.0049 0.7756, -0.0926 -0.0181 0.7756, -0.0941 -0.0159 0.7756, -0.095 -0.0137 0.7756, -0.0953 -0.0111 0.7756, -0.1309 -0.0101 0.7756, -0.1312 -0.0148 0.7756, -0.0236 0.0364 0.7756, -0.0221 0.0258 0.7756, -0.0026 0.0398 0.7756, -0.0222 0.0242 0.7756, -0.0238 0.0131 0.7756, -0.1732 0.023 0.7756, -0.1648 0.0241 0.7756, -0.161 0.0239 0.7756, -0.1528 0.022 0.7756, -0.0835 -0.0009 0.7756, -0.0828 -0.001 0.7756, -0.0675 -0.001 0.7756, -0.0548 -0.0194 0.7756, -0.0655 -0.0216 0.7756, -0.0855 -0.0216 0.7756, -0.1931 0.0088 0.7756, -0.2164 0.0266 0.7756, -0.2137 0.0184 0.7756, -0.2103 0.0128 0.7756, -0.2043 0.0065 0.7756, -0.1967 0.0017 0.7756, -0.217 0.0329 0.7756, -0.1876 0.0152 0.7756, -0.1807 0.0201 0.7756, -0.0501 0.0074 0.7756, -0.0464 0.0126 0.7756, -0.044 0.0186 0.7756, -0.0431 0.0255 0.7756, -0.061 0.0003 0.7756, -0.0551 0.0032 0.7756, -0.0723 0.0519 0.7756, -0.2129 0.049 0.7756, -0.2159 0.0415 0.7756, -0.0696 0.0519 0.7756, -0.0486 0.0415 0.7756, -0.0518 0.045 0.7756, -0.057 0.0487 0.7756, -0.0629 0.051 0.7756, -0.2095 0.0537 0.7756, -0.1651 0.0617 0.7756, -0.1677 0.0631 0.7756, -0.0785 0.0705 0.7756, -0.0858 0.08 0.7756, -0.0886 0.0826 0.7756, -0.0982 0.0891 0.7756, -0.1089 0.093 0.7756, -0.1753 0.0659 0.7756, -0.1831 0.0668 0.7756, -0.1878 0.0665 0.7756, -0.0726 0.0537 0.7756, -0.0738 0.0593 0.7756, -0.1197 0.0943 0.7756, -0.1212 0.0942 0.7756, -0.1604 0.0718 0.7756, -0.1325 0.0926 0.7756, -0.1529 0.081 0.7756, -0.1436 0.088 0.7756, -0.196 0.0642 0.7756, -0.2034 0.06 0.7756, -0.2081 0.0557 0.7756, -0.0325 0.0537 0.7756, -0.0276 0.0468 0.7756, -0.0249 0.0398 0.7756, 0.1745 -0.0215 0.7756, 0.179 -0.0219 0.7756, 0.1745 -0.016 0.7756, 0.179 0.0398 0.7756, 0.1735 0.0262 0.7756, 0.1735 0.0207 0.7756, 0.1551 0.0 0.7756, 0.1551 -0.016 0.7756, 0.164 0.0 0.7756, 0.164 -0.016 0.7756, 0.1721 0.0 0.7756, 0.1721 0.0055 0.7756, 0.1551 0.0207 0.7756, 0.1551 0.0055 0.7756, 0.164 0.0207 0.7756, 0.164 0.0055 0.7756, 0.1194 0.1022 0.7756, 0.1082 0.1022 0.7756, 0.1138 0.1018 0.7756, 0.1082 0.1018 0.7756, 0.0954 0.0756 0.7756, 0.0954 0.0596 0.7756, 0.1082 0.0756 0.7756, 0.1082 0.0596 0.7756, 0.1124 0.0756 0.7756, 0.1148 0.0596 0.7756, 0.1124 0.0811 0.7756, 0.1138 0.0963 0.7756, 0.1082 0.0811 0.7756, 0.1082 0.0963 0.7756, 0.0954 0.0811 0.7756, 0.0954 0.0963 0.7756, 0.1194 0.0537 0.7756, 0.1148 0.0541 0.7756, 0.1082 0.0537 0.7756, 0.1082 0.0541 0.7756, 0.0892 0.0541 0.7756, 0.0892 0.1018 0.7756, 0.0645 -0.0211 0.7756, 0.2237 -0.0219 0.7756, 0.0169 0.0262 0.7756, 0.0169 -0.0215 0.7756, 0.0433 -0.0219 0.7756, 0.0433 -0.0408 0.7756, 0.0433 -0.128 0.7756, 0.0415 0.0262 0.7756, 0.0433 0.0398 0.7756, 0.0415 0.0207 0.7756, 0.0425 -0.016 0.7756, 0.0425 -0.0215 0.7756, 0.0231 0.0 0.7756, 0.0231 -0.016 0.7756, 0.0401 0.0 0.7756, 0.0401 0.0055 0.7756, 0.0231 0.0055 0.7756, 0.0231 0.0207 0.7756, 0.1835 -0.0215 0.7756, 0.22 0.0137 0.7756, 0.2217 0.009 0.7756, 0.2237 0.0398 0.7756, 0.2223 0.003 0.7756, 0.2222 -0.0004 0.7756, 0.221 -0.0059 0.7756, 0.2185 -0.0108 0.7756, 0.2152 -0.0148 0.7756, 0.2143 -0.0156 0.7756, 0.2096 -0.0187 0.7756, 0.204 -0.0207 0.7756, 0.1967 -0.0215 0.7756, 0.1835 0.0262 0.7756, 0.1971 0.0262 0.7756, 0.2047 0.0253 0.7756, 0.2104 0.0232 0.7756, 0.2152 0.0199 0.7756, 0.2171 0.0179 0.7756, 0.2318 -0.0215 0.7756, 0.225 -0.0215 0.7756, 0.2562 -0.0084 0.7756, 0.2364 -0.0084 0.7756, 0.2431 0.0262 0.7756, 0.2497 0.0262 0.7756, 0.2611 -0.0215 0.7756, 0.2679 -0.0215 0.7756, 4.311 0.0537 0.7756, 2.2895 0.0537 0.7756, 0.0169 0.0541 0.7756, 0.0169 0.1018 0.7756, 0.042 0.0541 0.7756, 0.1613 0.0697 0.7756, 0.1588 0.0648 0.7756, 0.1603 0.0893 0.7756, 0.162 0.0846 0.7756, 0.1627 0.0786 0.7756, 0.1625 0.0752 0.7756, 0.1555 0.0608 0.7756, 0.1546 0.06 0.7756, 0.1499 0.0569 0.7756, 0.1375 0.1018 0.7756, 0.145 0.1009 0.7756, 0.1507 0.0988 0.7756, 0.1443 0.0549 0.7756, 0.137 0.0541 0.7756, 0.1239 0.0541 0.7756, 0.1239 0.1018 0.7756, 0.1555 0.0955 0.7756, 0.1575 0.0935 0.7756, 4.311 0.1022 0.7756, 2.2895 0.1022 0.7756, 0.2237 0.1022 0.7756, 0.1835 0.1018 0.7756, 0.0433 1.0335 0.7756, 4.311 1.0335 0.7756, 2.2895 1.0335 0.7756, 0.2237 1.0335 0.7756, 0.179 1.0335 0.7756, 0.164 1.0335 0.7756, 0.1194 1.0335 0.7756, 0.1082 1.0335 0.7756, 0.0865 1.0335 0.7756, 0.0865 1.0335 0.7756
            ]
        }
        coordIndex [
            0,1,2,-1,3,4,5,-1,6,7,8,-1,9,10,11,-1,12,13,14,-1,14,13,9,-1,14,9,15,-1,15,9,11,-1,11,16,15,-1,15,16,17,-1,15,17,18,-1,18,17,19,-1,18,19,20,-1,20,19,21,-1,20,21,22,-1,23,24,25,-1,25,24,26,-1,23,27,24,-1,24,27,28,-1,24,28,29,-1,29,28,30,-1,24,31,32,-1,33,34,24,-1,24,34,35,-1,24,35,31,-1,32,36,24,-1,24,36,37,-1,24,37,26,-1,38,39,40,-1,41,42,28,-1,28,42,43,-1,28,43,30,-1,38,40,28,-1,28,40,44,-1,28,44,41,-1,45,46,47,-1,33,24,48,-1,48,24,49,-1,48,49,45,-1,50,51,52,-1,52,51,53,-1,52,53,47,-1,47,53,54,-1,47,54,45,-1,55,56,57,-1,57,56,58,-1,57,58,59,-1,60,61,62,-1,63,64,60,-1,60,64,65,-1,60,65,61,-1,66,67,60,-1,60,67,68,-1,60,68,63,-1,7,69,70,-1,70,69,71,-1,70,71,66,-1,66,71,72,-1,66,72,67,-1,73,74,8,-1,74,75,8,-1,8,75,76,-1,8,76,6,-1,73,8,77,-1,77,8,78,-1,77,78,79,-1,79,78,80,-1,80,78,81,-1,80,81,82,-1,45,49,46,-1,46,49,83,-1,46,83,84,-1,84,83,85,-1,84,85,86,-1,87,88,89,-1,90,91,92,-1,93,94,95,-1,96,97,98,-1,98,97,99,-1,98,99,100,-1,100,99,93,-1,100,93,101,-1,101,93,95,-1,102,103,5,-1,102,5,104,-1,103,102,97,-1,97,102,105,-1,97,105,99,-1,5,106,104,-1,104,106,107,-1,104,107,108,-1,109,110,106,-1,106,110,111,-1,106,111,107,-1,112,113,114,-1,106,115,116,-1,117,118,119,-1,119,118,120,-1,119,120,112,-1,112,120,121,-1,112,121,113,-1,116,122,106,-1,106,122,123,-1,106,123,109,-1,124,125,126,-1,124,126,127,-1,125,128,126,-1,126,128,129,-1,126,129,119,-1,119,129,130,-1,119,130,117,-1,131,132,133,-1,133,132,134,-1,133,134,135,-1,136,137,138,-1,138,137,139,-1,138,139,140,-1,140,139,141,-1,140,141,131,-1,131,141,142,-1,131,142,132,-1,143,144,145,-1,145,144,146,-1,145,146,147,-1,147,146,148,-1,147,148,149,-1,149,150,151,-1,151,150,126,-1,151,126,152,-1,152,126,119,-1,152,119,153,-1,153,119,112,-1,153,112,154,-1,154,112,155,-1,154,155,156,-1,156,155,157,-1,158,159,160,-1,160,159,161,-1,161,162,160,-1,160,162,163,-1,160,163,164,-1,164,163,165,-1,164,165,166,-1,166,165,167,-1,166,167,168,-1,168,167,169,-1,168,169,170,-1,171,172,173,-1,173,172,174,-1,175,176,177,-1,174,178,179,-1,178,174,180,-1,179,181,174,-1,174,181,182,-1,174,182,173,-1,173,182,183,-1,170,184,168,-1,168,184,175,-1,168,175,174,-1,174,175,177,-1,174,177,180,-1,173,185,171,-1,171,185,186,-1,171,186,187,-1,187,186,188,-1,187,188,189,-1,190,191,192,-1,5,193,194,-1,195,196,197,-1,197,196,198,-1,199,200,5,-1,5,200,201,-1,5,201,193,-1,195,202,196,-1,196,202,203,-1,196,203,103,-1,191,199,192,-1,192,199,5,-1,192,5,204,-1,204,5,103,-1,204,103,205,-1,205,103,203,-1,194,206,5,-1,5,206,207,-1,5,207,3,-1,208,209,210,-1,210,209,211,-1,210,211,212,-1,210,213,208,-1,208,213,214,-1,208,214,215,-1,215,216,208,-1,208,216,217,-1,208,217,218,-1,218,217,219,-1,218,219,220,-1,220,219,221,-1,220,221,192,-1,192,221,222,-1,192,222,190,-1,223,224,212,-1,212,224,225,-1,212,225,210,-1,226,81,227,-1,198,196,228,-1,228,196,81,-1,228,81,229,-1,230,231,232,-1,233,234,226,-1,234,235,226,-1,226,235,236,-1,226,236,81,-1,81,236,237,-1,81,237,229,-1,230,232,226,-1,226,232,238,-1,226,238,233,-1,239,240,231,-1,231,240,241,-1,231,241,232,-1,239,242,240,-1,240,242,243,-1,240,243,244,-1,244,243,245,-1,244,246,247,-1,245,248,244,-1,244,248,249,-1,244,249,250,-1,250,251,244,-1,244,251,252,-1,244,252,246,-1,247,253,244,-1,244,253,254,-1,244,254,255,-1,256,257,258,-1,258,257,259,-1,258,259,227,-1,227,259,260,-1,227,260,226,-1,261,155,4,-1,4,155,112,-1,4,112,5,-1,5,112,114,-1,5,114,106,-1,106,114,262,-1,106,262,115,-1,263,264,265,-1,265,264,266,-1,267,268,269,-1,270,271,81,-1,271,272,81,-1,81,272,273,-1,81,273,274,-1,263,275,264,-1,264,275,276,-1,264,276,277,-1,277,276,278,-1,279,280,278,-1,278,280,281,-1,278,281,277,-1,282,283,267,-1,267,283,284,-1,267,284,268,-1,285,286,287,-1,287,286,288,-1,287,288,289,-1,269,290,267,-1,267,290,291,-1,267,291,78,-1,78,291,266,-1,78,266,292,-1,292,266,264,-1,292,293,78,-1,78,293,294,-1,78,294,81,-1,81,294,295,-1,81,295,270,-1,274,296,81,-1,81,296,297,-1,81,297,227,-1,227,297,298,-1,227,298,287,-1,299,300,278,-1,278,300,301,-1,278,301,302,-1,302,303,278,-1,278,303,304,-1,278,304,279,-1,305,306,157,-1,306,307,157,-1,157,307,308,-1,157,308,156,-1,306,309,307,-1,307,309,310,-1,307,310,267,-1,267,310,311,-1,267,311,282,-1,312,313,314,-1,314,313,315,-1,316,317,314,-1,314,317,318,-1,314,318,319,-1,319,320,314,-1,314,320,321,-1,314,321,312,-1,322,323,324,-1,323,325,324,-1,324,325,326,-1,324,326,327,-1,328,329,330,-1,324,331,322,-1,322,331,332,-1,322,332,333,-1,334,335,332,-1,332,335,336,-1,332,336,337,-1,337,338,332,-1,332,338,339,-1,332,339,333,-1,333,339,340,-1,333,340,330,-1,330,340,341,-1,330,341,328,-1,183,342,173,-1,173,342,343,-1,173,343,334,-1,334,343,344,-1,334,344,335,-1,345,346,158,-1,158,346,347,-1,158,347,348,-1,348,349,158,-1,158,349,350,-1,158,350,159,-1,351,352,345,-1,353,354,355,-1,351,345,356,-1,357,358,359,-1,360,361,355,-1,355,361,362,-1,355,362,363,-1,358,364,359,-1,359,364,365,-1,359,365,366,-1,367,368,346,-1,346,368,369,-1,370,371,372,-1,370,372,359,-1,359,372,373,-1,359,373,357,-1,369,374,346,-1,346,374,375,-1,346,375,376,-1,371,370,377,-1,377,370,378,-1,377,378,376,-1,376,378,379,-1,376,379,346,-1,380,381,382,-1,382,381,383,-1,382,383,345,-1,345,383,384,-1,345,384,356,-1,385,386,363,-1,363,386,387,-1,363,387,355,-1,355,387,388,-1,355,388,353,-1,366,389,359,-1,359,389,390,-1,359,390,391,-1,352,392,345,-1,345,392,393,-1,345,393,346,-1,346,393,394,-1,346,394,367,-1,395,396,397,-1,397,398,395,-1,395,398,399,-1,395,399,400,-1,396,395,401,-1,401,395,402,-1,401,402,363,-1,363,402,403,-1,363,403,385,-1,404,405,359,-1,359,405,406,-1,359,406,355,-1,355,406,407,-1,355,407,360,-1,391,408,359,-1,359,408,409,-1,359,409,404,-1,410,411,412,-1,412,363,410,-1,410,363,362,-1,410,362,413,-1,413,362,414,-1,414,415,413,-1,413,415,416,-1,413,416,417,-1,418,419,420,-1,421,422,419,-1,422,423,419,-1,419,423,424,-1,419,424,425,-1,420,426,418,-1,418,426,427,-1,418,427,428,-1,411,410,418,-1,418,410,429,-1,418,429,419,-1,419,429,430,-1,419,430,421,-1,425,431,419,-1,419,431,432,-1,419,432,433,-1,433,432,434,-1,433,434,435,-1,435,434,436,-1,437,438,428,-1,428,438,439,-1,428,439,418,-1,313,440,315,-1,315,440,441,-1,315,441,382,-1,382,441,442,-1,382,442,380,-1,91,90,443,-1,443,90,444,-1,443,444,445,-1,89,88,446,-1,446,88,447,-1,446,447,448,-1,449,450,451,-1,451,450,452,-1,451,452,453,-1,453,452,445,-1,453,445,454,-1,455,456,457,-1,457,456,458,-1,457,458,448,-1,459,460,461,-1,461,460,462,-1,463,464,465,-1,465,464,466,-1,465,466,467,-1,467,466,468,-1,467,468,469,-1,469,468,470,-1,469,470,471,-1,471,470,472,-1,471,472,473,-1,473,472,474,-1,461,470,459,-1,459,470,468,-1,459,468,475,-1,475,468,476,-1,475,476,477,-1,477,476,478,-1,477,478,479,-1,462,460,480,-1,480,460,47,-1,480,47,479,-1,479,47,46,-1,479,46,477,-1,261,256,155,-1,155,256,258,-1,155,258,157,-1,157,258,227,-1,157,227,305,-1,305,227,287,-1,305,287,481,-1,481,287,289,-1,150,444,126,-1,126,444,90,-1,126,90,127,-1,127,90,92,-1,127,92,96,-1,96,92,87,-1,96,87,97,-1,97,87,89,-1,144,137,146,-1,146,137,136,-1,146,136,148,-1,148,136,482,-1,483,382,484,-1,484,382,345,-1,484,345,485,-1,485,345,158,-1,485,158,486,-1,486,158,160,-1,486,160,487,-1,483,488,489,-1,488,490,489,-1,489,490,491,-1,489,491,485,-1,485,491,492,-1,485,492,484,-1,493,494,495,-1,495,494,491,-1,495,491,496,-1,496,491,490,-1,496,490,497,-1,497,490,498,-1,458,454,448,-1,448,454,445,-1,448,445,446,-1,446,445,444,-1,446,444,499,-1,500,501,502,-1,502,501,503,-1,502,503,482,-1,482,503,504,-1,482,504,505,-1,505,506,482,-1,482,506,507,-1,482,507,508,-1,508,509,482,-1,482,509,510,-1,482,510,511,-1,149,148,150,-1,150,148,482,-1,150,482,444,-1,444,482,511,-1,444,511,499,-1,499,512,446,-1,446,512,513,-1,446,513,502,-1,502,513,514,-1,502,514,515,-1,515,516,502,-1,502,516,517,-1,502,517,500,-1,518,519,482,-1,520,521,518,-1,482,519,502,-1,502,519,522,-1,502,522,523,-1,520,518,524,-1,524,518,482,-1,524,482,525,-1,525,482,136,-1,525,136,523,-1,523,136,138,-1,523,138,502,-1,7,70,8,-1,8,70,489,-1,8,489,78,-1,78,489,485,-1,78,485,267,-1,267,485,486,-1,267,486,307,-1,307,486,487,-1,307,487,308,-1,140,526,138,-1,138,526,527,-1,138,527,502,-1,502,527,14,-1,502,14,446,-1,446,14,15,-1,446,15,89,-1,89,15,18,-1,89,18,97,-1,97,18,475,-1,97,475,103,-1,103,475,477,-1,103,477,196,-1,196,477,46,-1,196,46,81,-1,81,46,84,-1,81,84,82,-1,82,84,86,-1,483,489,382,-1,382,489,70,-1,382,70,315,-1,315,70,528,-1,315,528,314,-1,528,529,314,-1,314,529,0,-1,314,0,66,-1,66,0,2,-1,66,2,70,-1,70,2,530,-1,70,530,528,-1,531,532,18,-1,533,534,20,-1,20,534,535,-1,20,535,18,-1,18,535,536,-1,18,536,531,-1,532,537,18,-1,18,537,538,-1,18,538,539,-1,459,540,20,-1,20,540,541,-1,20,541,542,-1,539,543,18,-1,18,543,544,-1,18,544,475,-1,475,544,545,-1,475,545,459,-1,459,545,546,-1,459,546,540,-1,542,547,20,-1,20,547,548,-1,20,548,533,-1,526,549,527,-1,527,549,550,-1,527,550,14,-1,14,550,551,-1,14,551,12,-1,12,551,22,-1,12,22,552,-1,552,22,21,-1,62,59,60,-1,60,59,58,-1,60,58,66,-1,66,58,553,-1,66,553,314,-1,314,553,324,-1,314,324,316,-1,316,324,327,-1,549,554,550,-1,550,554,555,-1,550,555,551,-1,551,555,556,-1,551,556,22,-1,22,556,557,-1,22,557,20,-1,20,557,558,-1,20,558,459,-1,459,558,559,-1,459,559,460,-1,460,559,560,-1,460,560,47,-1,47,560,561,-1,47,561,52,-1,52,561,56,-1,52,56,50,-1,50,56,55,-1,
        ]
    }
}
Shape{
    appearance Appearance {
        material  Material 	{
            diffuseColor 0.20784313725490197 0.20784313725490197 0.20784313725490197
            specularColor 0.01568627450980392 0.01568627450980392 0.01568627450980392
            ambientIntensity 0.2
            transparency 0
            shininess 0.5
        }
    }
    geometry IndexedFaceSet {
        ccw TRUE
        solid FALSE
        coord DEF co Coordinate {
            point [
                3.563 -0.561 0.7559, -3.563 -0.561 0.7559, -4.1535 -1.0335 0.7559, 4.1535 -1.0335 0.7559, 4.1535 -0.7185 0.7559, 3.9567 -0.7185 0.7559, -4.1535 -0.7185 0.7559, -3.9567 -0.7185 0.7559, -3.9567 -0.6791 0.7559, -3.563 -0.1673 0.7559, -3.9567 -0.1673 0.7559, 3.9567 -0.1673 0.7559, 3.563 -0.1673 0.7559, 3.9567 -0.6791 0.7559, -3.9567 -0.2461 0.5984, -3.563 -0.2461 0.5984, -3.9567 -0.2461 0.5787, -3.1693 -0.2461 0.5984, -3.1102 -0.2461 0.5984, -2.7756 -0.2461 0.5984, -2.7165 -0.2461 0.5984, -2.3819 -0.2461 0.5984, -2.3228 -0.2461 0.5984, -1.9882 -0.2461 0.5984, -1.9291 -0.2461 0.5984, -1.5945 -0.2461 0.5984, -1.5354 -0.2461 0.5984, 3.9567 -0.2461 0.5787, 2.3425 -0.2461 0.5984, 2.4016 -0.2461 0.5984, 2.7362 -0.2461 0.5984, 2.7953 -0.2461 0.5984, 3.1299 -0.2461 0.5984, 3.189 -0.2461 0.5984, 3.563 -0.2461 0.5984, 3.9567 -0.2461 0.5984, 0.4331 -0.2461 0.5984, 0.7677 -0.2461 0.5984, 0.8268 -0.2461 0.5984, 1.1614 -0.2461 0.5984, -1.2008 -0.2461 0.5984, -1.1417 -0.2461 0.5984, -0.8071 -0.2461 0.5984, 1.2205 -0.2461 0.5984, 1.5551 -0.2461 0.5984, 1.6142 -0.2461 0.5984, -0.748 -0.2461 0.5984, -0.4134 -0.2461 0.5984, -0.3543 -0.2461 0.5984, 1.9488 -0.2461 0.5984, 2.0079 -0.2461 0.5984, -0.0197 -0.2461 0.5984, 0.0394 -0.2461 0.5984, 0.374 -0.2461 0.5984, -3.563 -0.561 0.5984, 3.563 -0.561 0.5984, 3.563 -0.561 0.5984
            ]
        }
        coordIndex [
            0,1,2,-1,3,4,5,-1,6,2,7,-1,7,2,1,-1,7,1,8,-1,8,1,9,-1,8,9,10,-1,11,12,13,-1,13,12,0,-1,13,0,5,-1,5,0,2,-1,5,2,3,-1,14,15,16,-1,16,15,17,-1,17,18,16,-1,16,18,19,-1,16,19,20,-1,20,21,16,-1,16,21,22,-1,16,22,23,-1,23,24,16,-1,16,24,25,-1,16,25,26,-1,27,28,29,-1,29,30,27,-1,27,30,31,-1,27,31,32,-1,32,33,27,-1,27,33,34,-1,27,34,35,-1,36,37,27,-1,27,37,38,-1,27,38,39,-1,26,40,16,-1,16,40,41,-1,16,41,42,-1,39,43,27,-1,27,43,44,-1,27,44,45,-1,42,46,16,-1,16,46,47,-1,16,47,48,-1,45,49,27,-1,27,49,50,-1,27,50,28,-1,48,51,16,-1,16,51,52,-1,16,52,27,-1,27,52,53,-1,27,53,36,-1,1,0,54,-1,54,0,55,-1,
        ]
    }
}
Shape{
    appearance Appearance {
        material  Material 	{
            diffuseColor 0.5882352941176471 0.5725490196078431 0.5254901960784314
            specularColor 0.043137254901960784 0.0392156862745098 0.0392156862745098
            ambientIntensity 0.2
            transparency 0
            shininess 0.5
        }
    }
    geometry IndexedFaceSet {
        ccw TRUE
        solid FALSE
        coord DEF co Coordinate {
            point [
                3.5236 -0.128 0.5787, 3.5236 -0.128 0.5886, 2.5689 -0.128 0.5886, 3.1299 -0.128 0.5984, 3.5236 -0.128 0.7756, 2.5689 -0.128 0.7756, 2.7953 -0.128 0.6772, 2.7362 -0.128 0.6772, 2.7362 -0.128 0.5984, 2.7953 -0.128 0.5984, 3.1299 -0.128 0.6772, 3.189 -0.128 0.6772, 3.189 -0.128 0.5984, 2.3425 -0.128 0.6772, 2.1752 -0.128 0.7756, 2.3425 -0.128 0.5984, 2.1752 -0.128 0.5886, 2.4016 -0.128 0.5984, 2.4016 -0.128 0.6772, 1.9488 -0.128 0.6772, 1.7815 -0.128 0.7756, 1.9488 -0.128 0.5984, 1.7815 -0.128 0.5886, 2.0079 -0.128 0.5984, 2.0079 -0.128 0.6772, 1.6142 -0.128 0.5984, 1.5551 -0.128 0.5984, 1.6142 -0.128 0.6772, 1.5551 -0.128 0.6772, 1.3878 -0.128 0.7756, 1.3878 -0.128 0.5886, 1.2205 -0.128 0.5984, 1.1614 -0.128 0.5984, 1.2205 -0.128 0.6772, 1.1614 -0.128 0.6772, 0.9941 -0.128 0.7756, 0.9941 -0.128 0.5886, 0.7677 -0.128 0.6772, 0.6004 -0.128 0.7756, 0.7677 -0.128 0.5984, 0.6004 -0.128 0.5886, 0.8268 -0.128 0.5984, 0.8268 -0.128 0.6772, 0.374 -0.128 0.6772, 0.2067 -0.128 0.7756, 0.374 -0.128 0.5984, 0.2067 -0.128 0.5886, 0.4331 -0.128 0.5984, 0.4331 -0.128 0.6772, 0.0394 -0.128 0.6772, -0.0197 -0.128 0.6772, -0.187 -0.128 0.7756, -0.0197 -0.128 0.5984, -0.187 -0.128 0.5886, 0.0394 -0.128 0.5984, -0.8071 -0.128 0.6772, -0.9744 -0.128 0.7756, -0.8071 -0.128 0.5984, -0.9744 -0.128 0.5886, -0.748 -0.128 0.5984, -0.4134 -0.128 0.5984, -0.748 -0.128 0.6772, -0.4134 -0.128 0.6772, -0.3543 -0.128 0.6772, -0.3543 -0.128 0.5984, -1.2008 -0.128 0.6772, -1.3681 -0.128 0.7756, -1.2008 -0.128 0.5984, -1.3681 -0.128 0.5886, -1.1417 -0.128 0.5984, -1.1417 -0.128 0.6772, -1.5945 -0.128 0.6772, -1.7618 -0.128 0.7756, -1.5945 -0.128 0.5984, -1.7618 -0.128 0.5886, -1.5354 -0.128 0.5984, -1.5354 -0.128 0.6772, -1.9882 -0.128 0.6772, -2.1555 -0.128 0.7756, -1.9882 -0.128 0.5984, -2.1555 -0.128 0.5886, -1.9291 -0.128 0.5984, -1.9291 -0.128 0.6772, -2.3819 -0.128 0.6772, -2.5492 -0.128 0.7756, -2.3819 -0.128 0.5984, -2.5492 -0.128 0.5886, -2.3228 -0.128 0.5984, -2.3228 -0.128 0.6772, -2.7165 -0.128 0.5984, -2.7756 -0.128 0.5984, -2.7165 -0.128 0.6772, -2.7756 -0.128 0.6772, -2.9429 -0.128 0.7756, -2.9429 -0.128 0.5886, -3.3465 -0.128 0.5886, -3.1693 -0.128 0.5984, -3.1102 -0.128 0.5984, -3.1102 -0.128 0.6772, -3.1693 -0.128 0.6772, -3.3465 -0.128 0.7756, -3.5236 -0.128 0.7756, -3.5236 -0.128 0.5886, 2.5689 -0.128 0.5787, 2.1752 -0.128 0.5787, 1.7815 -0.128 0.5787, 1.3878 -0.128 0.5787, 0.9941 -0.128 0.5787, 0.6004 -0.128 0.5787, 0.2067 -0.128 0.5787, -0.187 -0.128 0.5787, -0.9744 -0.128 0.5787, -1.3681 -0.128 0.5787, -1.7618 -0.128 0.5787, -2.1555 -0.128 0.5787, -2.5492 -0.128 0.5787, -2.9429 -0.128 0.5787, -3.3465 -0.128 0.5787, -3.5236 -0.128 0.5787, 4.2323 1.0335 0.2362, 4.2323 1.0335 0.0787, 3.7598 1.0335 0.0787, -4.2323 1.0335 0.2362, -4.311 1.0335 0.2362, -4.311 1.0335 0.7756, -2.7953 1.0335 0.4773, -2.7953 1.0335 0.0787, -3.1102 1.0335 0.0787, -3.1102 1.0335 0.4773, -3.189 1.0335 0.4773, 3.7598 1.0335 0.5118, 4.311 1.0335 0.7756, 4.311 1.0335 0.2362, -2.7165 1.0335 0.4773, 3.6811 1.0335 0.5118, -3.7598 1.0335 0.5118, -3.7598 1.0335 0.0787, -4.2323 1.0335 0.0787, -3.6811 1.0335 0.5118, -3.6811 1.0335 0.0787, -3.189 1.0335 0.0787, 1.5354 1.0335 0.4773, 1.5354 1.0335 0.0787, 1.2205 1.0335 0.0787, -0.0394 1.0335 0.4773, -0.0394 1.0335 0.0787, -0.3543 1.0335 0.0787, -2.4016 1.0335 0.4773, -2.4016 1.0335 0.0787, -2.7165 1.0335 0.0787, 3.6811 1.0335 0.0787, 3.189 1.0335 0.0787, 3.189 1.0335 0.4773, 3.1102 1.0335 0.4773, 3.1102 1.0335 0.0787, 2.7953 1.0335 0.0787, 2.7953 1.0335 0.4773, 2.7165 1.0335 0.4773, 2.7165 1.0335 0.0787, 2.4016 1.0335 0.0787, 2.4016 1.0335 0.4773, 2.3228 1.0335 0.4773, 2.3228 1.0335 0.0787, 2.0079 1.0335 0.0787, 2.0079 1.0335 0.4773, 1.9291 1.0335 0.4773, 1.2205 1.0335 0.4773, 1.1417 1.0335 0.4773, -0.3543 1.0335 0.4773, -0.4331 1.0335 0.4773, 1.9291 1.0335 0.0787, 1.6142 1.0335 0.0787, 1.6142 1.0335 0.4773, 1.1417 1.0335 0.0787, 0.8268 1.0335 0.0787, 0.8268 1.0335 0.4773, 0.748 1.0335 0.4773, -0.4331 1.0335 0.0787, -0.748 1.0335 0.0787, -0.748 1.0335 0.4773, -0.8268 1.0335 0.4773, 0.748 1.0335 0.0787, 0.4331 1.0335 0.0787, 0.4331 1.0335 0.4773, 0.3543 1.0335 0.4773, -0.8268 1.0335 0.0787, -1.1417 1.0335 0.0787, -1.1417 1.0335 0.4773, -1.2205 1.0335 0.4773, 0.3543 1.0335 0.0787, 0.0394 1.0335 0.0787, 0.0394 1.0335 0.4773, -1.2205 1.0335 0.0787, -1.5354 1.0335 0.0787, -1.5354 1.0335 0.4773, -1.6142 1.0335 0.4773, -1.6142 1.0335 0.0787, -1.9291 1.0335 0.0787, -1.9291 1.0335 0.4773, -2.0079 1.0335 0.4773, -2.0079 1.0335 0.0787, -2.3228 1.0335 0.0787, -2.3228 1.0335 0.4773, -3.5984 -0.6791 0.5709, -3.5984 0.502 0.5709, -3.189 0.502 0.5709, -3.1102 0.502 0.5709, -2.7953 0.502 0.5709, -3.1102 0.498 0.5709, -2.7953 0.498 0.5709, -3.189 0.498 0.5709, 3.5984 -0.6791 0.5709, -2.7165 0.498 0.5709, -2.3228 0.498 0.5709, -2.3228 0.502 0.5709, -2.0079 0.502 0.5709, -2.0079 0.498 0.5709, -1.9291 0.498 0.5709, -2.4016 0.498 0.5709, -2.4016 0.502 0.5709, -2.7165 0.502 0.5709, -1.5354 0.498 0.5709, -1.5354 0.502 0.5709, -1.2205 0.502 0.5709, -1.2205 0.498 0.5709, -1.1417 0.498 0.5709, -1.6142 0.498 0.5709, -1.6142 0.502 0.5709, -1.9291 0.502 0.5709, -0.748 0.498 0.5709, -0.748 0.502 0.5709, -0.4331 0.502 0.5709, -0.4331 0.498 0.5709, -0.3543 0.498 0.5709, -0.8268 0.498 0.5709, -0.8268 0.502 0.5709, -1.1417 0.502 0.5709, 0.0394 0.498 0.5709, 0.0394 0.502 0.5709, 0.3543 0.502 0.5709, 0.3543 0.498 0.5709, 0.4331 0.498 0.5709, -0.0394 0.498 0.5709, -0.0394 0.502 0.5709, -0.3543 0.502 0.5709, 0.8268 0.498 0.5709, 0.8268 0.502 0.5709, 1.1417 0.502 0.5709, 1.1417 0.498 0.5709, 1.2205 0.498 0.5709, 0.748 0.498 0.5709, 0.748 0.502 0.5709, 0.4331 0.502 0.5709, 1.6142 0.498 0.5709, 1.6142 0.502 0.5709, 1.9291 0.502 0.5709, 1.9291 0.498 0.5709, 2.0079 0.498 0.5709, 1.5354 0.498 0.5709, 1.5354 0.502 0.5709, 1.2205 0.502 0.5709, 2.4016 0.498 0.5709, 2.4016 0.502 0.5709, 2.7165 0.502 0.5709, 2.7165 0.498 0.5709, 2.7953 0.498 0.5709, 2.3228 0.498 0.5709, 2.3228 0.502 0.5709, 2.0079 0.502 0.5709, 3.189 0.502 0.5709, 3.5984 0.502 0.5709, 3.189 0.498 0.5709, 3.1102 0.498 0.5709, 3.1102 0.502 0.5709, 2.7953 0.502 0.5709, -0.0433 -0.6791 0.1181, -0.0433 -0.6791 0.1772, -0.3504 -0.6791 0.1772, 4.2323 -0.6791 0.2362, 3.9567 -0.6791 0.7559, 4.2323 -0.6791 0.0787, 3.9567 -0.6791 0.1969, 4.311 -0.6791 0.2362, 4.311 -0.6791 0.7756, 3.9567 -0.6791 0.7756, 3.1063 -0.6791 0.1772, 2.7992 -0.6791 0.1772, 3.1063 -0.6791 0.1181, 2.7992 -0.6791 0.1181, -0.8307 -0.6791 0.1181, -0.8307 -0.6791 0.1772, -1.1378 -0.6791 0.1772, 3.6024 -0.6791 0.3819, 3.5984 -0.6791 0.3819, 3.6024 -0.6791 0.1969, 3.5984 -0.6791 0.1772, 3.6811 -0.6791 0.0787, -1.1378 -0.6791 0.1181, -1.2244 -0.6791 0.1181, -3.6811 -0.6791 -0.0, -0.3504 -0.6791 0.1181, -0.437 -0.6791 0.1181, -0.7441 -0.6791 0.1181, -0.7441 -0.6791 0.1772, -0.437 -0.6791 0.1772, 1.9252 -0.6791 0.1181, 1.9252 -0.6791 0.1772, 1.6181 -0.6791 0.1772, -1.6181 -0.6791 0.1181, -1.6181 -0.6791 0.1772, -1.9252 -0.6791 0.1772, -1.9252 -0.6791 0.1181, -2.0118 -0.6791 0.1181, -1.5315 -0.6791 0.1181, -1.5315 -0.6791 0.1772, -1.2244 -0.6791 0.1772, 3.1929 -0.6791 0.1772, 3.1929 -0.6791 0.1181, 3.6811 -0.6791 -0.0, 2.7126 -0.6791 0.1181, -2.4055 -0.6791 0.1181, -2.4055 -0.6791 0.1772, -2.7126 -0.6791 0.1772, -2.7126 -0.6791 0.1181, -2.7992 -0.6791 0.1181, 2.7126 -0.6791 0.1772, 2.4055 -0.6791 0.1772, 2.4055 -0.6791 0.1181, 2.3189 -0.6791 0.1181, 0.7441 -0.6791 0.1181, 0.7441 -0.6791 0.1772, 0.437 -0.6791 0.1772, -2.3189 -0.6791 0.1181, -2.3189 -0.6791 0.1772, -2.0118 -0.6791 0.1772, 1.6181 -0.6791 0.1181, 1.5315 -0.6791 0.1181, -2.7992 -0.6791 0.1772, -3.1063 -0.6791 0.1772, -3.1063 -0.6791 0.1181, -3.1929 -0.6791 0.1181, -3.6811 -0.6791 0.0787, 2.0118 -0.6791 0.1181, 2.0118 -0.6791 0.1772, 2.3189 -0.6791 0.1772, 0.437 -0.6791 0.1181, 0.3504 -0.6791 0.1181, -3.1929 -0.6791 0.1772, -3.5984 -0.6791 0.1772, 0.0433 -0.6791 0.1181, 0.0433 -0.6791 0.1772, 0.3504 -0.6791 0.1772, -3.5984 -0.6791 0.3819, -3.6024 -0.6791 0.1969, -3.6024 -0.6791 0.3819, 1.5315 -0.6791 0.1772, 1.2244 -0.6791 0.1772, 1.2244 -0.6791 0.1181, 1.1378 -0.6791 0.1181, -3.9567 -0.6791 0.7559, -3.9567 -0.6791 0.7756, -4.311 -0.6791 0.7756, -3.9567 -0.6791 0.1969, -4.311 -0.6791 0.2362, -4.2323 -0.6791 0.2362, -4.2323 -0.6791 0.0787, 1.1378 -0.6791 0.1772, 0.8307 -0.6791 0.1772, 0.8307 -0.6791 0.1181, 0.8307 -0.6791 0.1181
            ]
        }
        coordIndex [
            0,1,2,-1,2,1,3,-1,4,5,6,-1,6,5,7,-1,7,5,8,-1,8,5,2,-1,8,2,9,-1,9,2,3,-1,9,3,6,-1,6,3,10,-1,6,10,4,-1,4,10,11,-1,4,11,1,-1,1,11,12,-1,1,12,3,-1,13,14,15,-1,15,14,16,-1,15,16,17,-1,17,16,2,-1,17,2,18,-1,18,2,5,-1,18,5,13,-1,13,5,14,-1,19,20,21,-1,21,20,22,-1,21,22,23,-1,23,22,16,-1,23,16,24,-1,24,16,14,-1,24,14,19,-1,19,14,20,-1,22,25,26,-1,25,22,27,-1,27,22,20,-1,27,20,28,-1,28,20,29,-1,28,29,26,-1,26,29,30,-1,26,30,22,-1,30,31,32,-1,31,30,33,-1,33,30,29,-1,33,29,34,-1,34,29,35,-1,34,35,32,-1,32,35,36,-1,32,36,30,-1,37,38,39,-1,39,38,40,-1,39,40,41,-1,41,40,36,-1,41,36,42,-1,42,36,35,-1,42,35,37,-1,37,35,38,-1,43,44,45,-1,45,44,46,-1,45,46,47,-1,47,46,40,-1,47,40,48,-1,48,40,38,-1,48,38,43,-1,43,38,44,-1,49,44,50,-1,50,44,51,-1,50,51,52,-1,52,51,53,-1,52,53,54,-1,54,53,46,-1,54,46,49,-1,49,46,44,-1,55,56,57,-1,57,56,58,-1,57,58,59,-1,58,53,59,-1,59,53,60,-1,59,60,61,-1,61,60,62,-1,55,61,56,-1,56,61,62,-1,56,62,51,-1,51,62,63,-1,51,63,53,-1,53,63,64,-1,53,64,60,-1,65,66,67,-1,67,66,68,-1,67,68,69,-1,69,68,58,-1,69,58,70,-1,70,58,56,-1,70,56,65,-1,65,56,66,-1,71,72,73,-1,73,72,74,-1,73,74,75,-1,75,74,68,-1,75,68,76,-1,76,68,66,-1,76,66,71,-1,71,66,72,-1,77,78,79,-1,79,78,80,-1,79,80,81,-1,81,80,74,-1,81,74,82,-1,82,74,72,-1,82,72,77,-1,77,72,78,-1,83,84,85,-1,85,84,86,-1,85,86,87,-1,87,86,80,-1,87,80,88,-1,88,80,78,-1,88,78,83,-1,83,78,84,-1,86,89,90,-1,89,86,91,-1,91,86,84,-1,91,84,92,-1,92,84,93,-1,92,93,90,-1,90,93,94,-1,90,94,86,-1,95,94,96,-1,96,94,97,-1,97,94,98,-1,98,94,93,-1,98,93,99,-1,99,93,100,-1,99,100,96,-1,96,100,95,-1,95,100,101,-1,95,101,102,-1,0,2,103,-1,103,2,16,-1,103,16,104,-1,104,16,22,-1,104,22,105,-1,105,22,30,-1,105,30,106,-1,106,30,36,-1,106,36,107,-1,107,36,40,-1,107,40,108,-1,108,40,46,-1,108,46,109,-1,109,46,53,-1,109,53,110,-1,110,53,58,-1,110,58,111,-1,111,58,68,-1,111,68,112,-1,112,68,74,-1,112,74,113,-1,113,74,80,-1,113,80,114,-1,114,80,86,-1,114,86,115,-1,115,86,94,-1,115,94,116,-1,116,94,95,-1,116,95,117,-1,117,95,102,-1,117,102,118,-1,119,120,121,-1,122,123,124,-1,125,126,127,-1,128,129,124,-1,121,130,119,-1,119,130,131,-1,119,131,132,-1,127,128,125,-1,125,128,124,-1,125,124,133,-1,133,124,131,-1,133,131,134,-1,134,131,130,-1,135,136,137,-1,137,122,135,-1,135,122,124,-1,135,124,138,-1,138,124,129,-1,138,129,139,-1,139,129,140,-1,141,142,143,-1,144,145,146,-1,147,148,149,-1,150,151,134,-1,134,151,152,-1,134,152,153,-1,154,155,153,-1,153,155,156,-1,153,156,134,-1,134,156,157,-1,158,159,157,-1,157,159,160,-1,157,160,134,-1,134,160,161,-1,162,163,161,-1,161,163,164,-1,161,164,134,-1,134,164,165,-1,134,166,167,-1,134,168,169,-1,170,171,165,-1,165,171,172,-1,165,172,134,-1,134,172,141,-1,134,141,166,-1,166,141,143,-1,173,174,167,-1,167,174,175,-1,167,175,134,-1,134,175,176,-1,177,178,169,-1,169,178,179,-1,169,179,134,-1,134,179,180,-1,181,182,176,-1,176,182,183,-1,176,183,134,-1,134,183,184,-1,185,186,180,-1,180,186,187,-1,180,187,134,-1,134,187,188,-1,189,190,184,-1,184,190,191,-1,184,191,134,-1,134,191,144,-1,134,144,168,-1,168,144,146,-1,192,193,188,-1,188,193,194,-1,188,194,134,-1,134,194,195,-1,196,197,195,-1,195,197,198,-1,195,198,134,-1,134,198,199,-1,200,201,199,-1,199,201,202,-1,199,202,134,-1,134,202,147,-1,134,147,133,-1,133,147,149,-1,203,204,205,-1,206,207,208,-1,208,207,209,-1,205,210,203,-1,203,210,208,-1,203,208,211,-1,211,208,209,-1,211,209,212,-1,213,214,215,-1,216,217,211,-1,215,216,213,-1,213,216,211,-1,213,211,218,-1,218,211,212,-1,218,212,219,-1,219,212,220,-1,221,222,223,-1,224,225,211,-1,223,224,221,-1,221,224,211,-1,221,211,226,-1,226,211,217,-1,226,217,227,-1,227,217,228,-1,229,230,231,-1,232,233,211,-1,231,232,229,-1,229,232,211,-1,229,211,234,-1,234,211,225,-1,234,225,235,-1,235,225,236,-1,237,238,239,-1,240,241,211,-1,239,240,237,-1,237,240,211,-1,237,211,242,-1,242,211,233,-1,242,233,243,-1,243,233,244,-1,245,246,247,-1,248,249,211,-1,247,248,245,-1,245,248,211,-1,245,211,250,-1,250,211,241,-1,250,241,251,-1,251,241,252,-1,253,254,255,-1,256,257,211,-1,255,256,253,-1,253,256,211,-1,253,211,258,-1,258,211,249,-1,258,249,259,-1,259,249,260,-1,261,262,263,-1,264,265,211,-1,263,264,261,-1,261,264,211,-1,261,211,266,-1,266,211,257,-1,266,257,267,-1,267,257,268,-1,269,270,271,-1,271,270,211,-1,271,211,272,-1,272,211,265,-1,272,265,273,-1,273,265,274,-1,275,276,277,-1,278,279,280,-1,280,279,281,-1,278,282,279,-1,279,282,283,-1,279,283,284,-1,285,286,287,-1,287,286,288,-1,289,290,291,-1,292,293,294,-1,294,293,295,-1,294,295,281,-1,281,295,296,-1,281,296,280,-1,297,298,299,-1,299,300,301,-1,291,297,289,-1,289,297,299,-1,289,299,302,-1,302,299,301,-1,302,301,303,-1,303,301,304,-1,305,306,307,-1,308,309,310,-1,311,312,299,-1,310,311,308,-1,308,311,299,-1,308,299,313,-1,313,299,298,-1,313,298,314,-1,314,298,315,-1,295,316,296,-1,296,316,317,-1,296,317,318,-1,318,317,287,-1,318,287,299,-1,299,287,288,-1,299,288,319,-1,320,321,322,-1,323,324,299,-1,325,326,319,-1,319,326,327,-1,319,327,299,-1,299,327,328,-1,329,330,331,-1,322,323,320,-1,320,323,299,-1,320,299,332,-1,332,299,312,-1,332,312,333,-1,333,312,334,-1,335,336,299,-1,337,338,324,-1,324,338,339,-1,324,339,299,-1,299,339,340,-1,299,340,341,-1,307,335,305,-1,305,335,299,-1,305,299,342,-1,342,299,328,-1,342,328,343,-1,343,328,344,-1,345,346,299,-1,340,347,348,-1,277,300,275,-1,275,300,299,-1,275,299,349,-1,349,299,346,-1,349,346,350,-1,350,346,351,-1,348,352,353,-1,353,352,354,-1,355,356,336,-1,336,356,357,-1,336,357,299,-1,299,357,358,-1,359,360,361,-1,340,348,341,-1,341,348,353,-1,341,353,362,-1,361,363,359,-1,359,363,364,-1,359,364,362,-1,362,364,365,-1,362,365,341,-1,366,367,358,-1,358,367,368,-1,358,368,299,-1,299,368,329,-1,299,329,345,-1,345,329,331,-1,
        ]
    }
}
Shape{
    appearance Appearance {
        material  Material 	{
            diffuseColor 0.20784313725490197 0.20784313725490197 0.20784313725490197
            specularColor 0.01568627450980392 0.01568627450980392 0.01568627450980392
            ambientIntensity 0.2
            transparency 0
            shininess 0.5
        }
    }
    geometry IndexedFaceSet {
        ccw TRUE
        solid FALSE
        coord DEF co Coordinate {
            point [
                3.6024 -1.0335 0.1969, 4.1535 -1.0335 0.1969, 3.6024 -1.0335 0.6378, 4.1535 -1.0335 0.7559, -3.6024 -1.0335 0.6378, -4.1535 -1.0335 0.7559, -3.6024 -1.0335 0.1969, -4.1535 -1.0335 0.1969, -4.1535 -1.0335 0.1969
            ]
        }
        coordIndex [
            0,1,2,-1,2,1,3,-1,2,3,4,-1,4,3,5,-1,4,5,6,-1,6,5,7,-1,
        ]
    }
}
Shape{
    appearance Appearance {
        material  Material 	{
            diffuseColor 0.5882352941176471 0.5725490196078431 0.5254901960784314
            specularColor 0.043137254901960784 0.0392156862745098 0.0392156862745098
            ambientIntensity 0.2
            transparency 0
            shininess 0.5
        }
    }
    geometry IndexedFaceSet {
        ccw TRUE
        solid FALSE
        coord DEF co Coordinate {
            point [
                -3.6811 0.9154 0.0, 3.6811 0.9154 0.0, -3.6811 -0.6791 -0.0, 3.6811 -0.6791 -0.0, -3.6811 0.9154 0.0669, -3.6811 0.9154 0.0787, -3.189 0.9154 0.0787, -3.1102 0.9154 0.0787, -2.7953 0.9154 0.0787, -2.7165 0.9154 0.0787, -2.4016 0.9154 0.0787, -2.3228 0.9154 0.0787, -2.0079 0.9154 0.0787, -1.9291 0.9154 0.0787, -1.6142 0.9154 0.0787, -1.5354 0.9154 0.0787, 2.7953 0.9154 0.0787, 3.1102 0.9154 0.0787, 3.6811 0.9154 0.0669, 3.189 0.9154 0.0787, 3.6811 0.9154 0.0787, 1.6142 0.9154 0.0787, 1.9291 0.9154 0.0787, 2.0079 0.9154 0.0787, 2.3228 0.9154 0.0787, -1.2205 0.9154 0.0787, -1.1417 0.9154 0.0787, -0.8268 0.9154 0.0787, 2.4016 0.9154 0.0787, 2.7165 0.9154 0.0787, -0.748 0.9154 0.0787, -0.4331 0.9154 0.0787, -0.3543 0.9154 0.0787, -0.0394 0.9154 0.0787, 0.0394 0.9154 0.0787, 0.3543 0.9154 0.0787, 0.4331 0.9154 0.0787, 0.748 0.9154 0.0787, 0.8268 0.9154 0.0787, 1.1417 0.9154 0.0787, 1.2205 0.9154 0.0787, 1.5354 0.9154 0.0787, 1.5354 0.9154 0.0787
            ]
        }
        coordIndex [
            0,1,2,-1,2,1,3,-1,4,5,6,-1,6,7,4,-1,4,7,8,-1,4,8,9,-1,9,10,4,-1,4,10,11,-1,4,11,12,-1,12,13,4,-1,4,13,14,-1,4,14,15,-1,16,17,18,-1,18,17,19,-1,18,19,20,-1,21,22,18,-1,18,22,23,-1,18,23,24,-1,15,25,4,-1,4,25,26,-1,4,26,27,-1,24,28,18,-1,18,28,29,-1,18,29,16,-1,27,30,4,-1,4,30,31,-1,4,31,32,-1,32,33,4,-1,4,33,18,-1,4,18,0,-1,0,18,1,-1,33,34,18,-1,18,34,35,-1,18,35,36,-1,36,37,18,-1,18,37,38,-1,18,38,39,-1,39,40,18,-1,18,40,41,-1,18,41,21,-1,
        ]
    }
}
Shape{
    appearance Appearance {
        material  Material 	{
            diffuseColor 0.20784313725490197 0.20784313725490197 0.20784313725490197
            specularColor 0.01568627450980392 0.01568627450980392 0.01568627450980392
            ambientIntensity 0.2
            transparency 0
            shininess 0.5
        }
    }
    geometry IndexedFaceSet {
        ccw TRUE
        solid FALSE
        coord DEF co Coordinate {
            point [
                3.6024 -1.0335 0.6378, -3.6024 -1.0335 0.6378, -2.4206 -0.9941 0.6378, -3.6024 -0.9941 0.6378, 3.6024 -0.9941 0.6378, 2.4206 -0.9941 0.6378, 2.3092 -0.9154 0.6378, -2.3092 -0.9154 0.6378, -2.3092 -0.9154 0.6378
            ]
        }
        coordIndex [
            0,1,2,-1,2,1,3,-1,4,0,5,-1,5,0,2,-1,5,2,6,-1,6,2,7,-1,
        ]
    }
}
Shape{
    appearance Appearance {
        material  Material 	{
            diffuseColor 1.0 1.0 1.0
            specularColor 0.8784313725490196 0.8784313725490196 0.8784313725490196
            ambientIntensity 0.2
            transparency 0
            shininess 0.5
        }
    }
    geometry IndexedFaceSet {
        ccw TRUE
        solid FALSE
        coord DEF co Coordinate {
            point [
                -2.3099 -0.9154 0.6374, 2.3099 -0.9154 0.6374, -2.3092 -0.9154 0.6378, 2.3092 -0.9154 0.6378, 2.3092 -0.9154 0.6378
            ]
        }
        coordIndex [
            0,1,2,-1,2,1,3,-1,
        ]
    }
}
Shape{
    appearance Appearance {
        material  Material 	{
            diffuseColor 0.20784313725490197 0.20784313725490197 0.20784313725490197
            specularColor 0.01568627450980392 0.01568627450980392 0.01568627450980392
            ambientIntensity 0.2
            transparency 0
            shininess 0.5
        }
    }
    geometry IndexedFaceSet {
        ccw TRUE
        solid FALSE
        coord DEF co Coordinate {
            point [
                -2.385 -0.6791 0.4012, 2.385 -0.6791 0.4012, -2.3099 -0.9154 0.6374, 2.3099 -0.9154 0.6374, 2.3099 -0.9154 0.6374
            ]
        }
        coordIndex [
            0,1,2,-1,2,1,3,-1,
        ]
    }
}
Shape{
    appearance Appearance {
        material  Material 	{
            diffuseColor 0.5882352941176471 0.5725490196078431 0.5254901960784314
            specularColor 0.043137254901960784 0.0392156862745098 0.0392156862745098
            ambientIntensity 0.2
            transparency 0
            shininess 0.5
        }
    }
    geometry IndexedFaceSet {
        ccw TRUE
        solid FALSE
        coord DEF co Coordinate {
            point [
                -2.385 -0.6791 0.4012, -2.4184 -0.6791 0.3819, -3.5984 -0.6791 0.3819, 3.5984 -0.6791 0.5709, 3.5984 -0.6791 0.3819, 2.4184 -0.6791 0.3819, 2.385 -0.6791 0.4012, -3.5984 -0.6791 0.5709, 3.9567 0.0295 0.5787, 3.5236 0.0295 0.5787, 3.9567 -0.2461 0.5787, 3.5236 -0.128 0.5787, 2.5689 -0.128 0.5787, 2.1752 -0.128 0.5787, 1.7815 -0.128 0.5787, 1.3878 -0.128 0.5787, 0.9941 -0.128 0.5787, 0.6004 -0.128 0.5787, -3.9567 -0.2461 0.5787, 0.2067 -0.128 0.5787, -0.187 -0.128 0.5787, -0.9744 -0.128 0.5787, -1.3681 -0.128 0.5787, -1.7618 -0.128 0.5787, -2.1555 -0.128 0.5787, -2.5492 -0.128 0.5787, -2.9429 -0.128 0.5787, -3.5236 0.0295 0.5787, -3.9567 0.0295 0.5787, -3.5236 -0.128 0.5787, -3.3465 -0.128 0.5787, -3.3465 -0.128 0.5787
            ]
        }
        coordIndex [
            0,1,2,-1,3,4,5,-1,5,6,3,-1,3,6,0,-1,3,0,7,-1,7,0,2,-1,8,9,10,-1,10,9,11,-1,10,11,12,-1,12,13,10,-1,10,13,14,-1,10,14,15,-1,15,16,10,-1,10,16,17,-1,10,17,18,-1,18,17,19,-1,18,19,20,-1,20,21,18,-1,18,21,22,-1,18,22,23,-1,23,24,18,-1,18,24,25,-1,18,25,26,-1,27,28,29,-1,29,28,18,-1,29,18,30,-1,30,18,26,-1,
        ]
    }
}
Shape{
    appearance Appearance {
        material  Material 	{
            diffuseColor 0.20784313725490197 0.20784313725490197 0.20784313725490197
            specularColor 0.01568627450980392 0.01568627450980392 0.01568627450980392
            ambientIntensity 0.2
            transparency 0
            shininess 0.5
        }
    }
    geometry IndexedFaceSet {
        ccw TRUE
        solid FALSE
        coord DEF co Coordinate {
            point [
                3.563 -0.561 0.5984, 3.563 -0.2461 0.5984, 3.189 -0.2461 0.5984, -0.0197 -0.4823 0.5984, -0.0197 -0.2461 0.5984, -0.3543 -0.2461 0.5984, -0.4134 -0.2461 0.5984, -0.748 -0.2461 0.5984, -0.4134 -0.4823 0.5984, -0.748 -0.4823 0.5984, 3.1299 -0.2461 0.5984, 2.7953 -0.2461 0.5984, 3.1299 -0.4823 0.5984, 2.7953 -0.4823 0.5984, -0.3543 -0.4823 0.5984, -3.563 -0.561 0.5984, -0.8071 -0.4823 0.5984, -1.5945 -0.4823 0.5984, -1.5945 -0.2461 0.5984, -1.9291 -0.2461 0.5984, -1.9291 -0.4823 0.5984, -1.9882 -0.4823 0.5984, -0.8071 -0.2461 0.5984, -1.1417 -0.2461 0.5984, -1.1417 -0.4823 0.5984, -1.2008 -0.4823 0.5984, -1.5354 -0.4823 0.5984, -1.5354 -0.2461 0.5984, -1.2008 -0.2461 0.5984, 1.1614 -0.4823 0.5984, 1.1614 -0.2461 0.5984, 0.8268 -0.2461 0.5984, -2.3819 -0.4823 0.5984, -2.3819 -0.2461 0.5984, -2.7165 -0.2461 0.5984, -2.7165 -0.4823 0.5984, -2.7756 -0.4823 0.5984, 0.8268 -0.4823 0.5984, 0.7677 -0.4823 0.5984, -2.3228 -0.4823 0.5984, -2.3228 -0.2461 0.5984, -1.9882 -0.2461 0.5984, 0.374 -0.4823 0.5984, 0.374 -0.2461 0.5984, 0.0394 -0.2461 0.5984, 3.189 -0.4823 0.5984, 2.7362 -0.4823 0.5984, -3.1693 -0.2461 0.5984, -3.563 -0.2461 0.5984, -3.1693 -0.4823 0.5984, -3.1102 -0.4823 0.5984, -3.1102 -0.2461 0.5984, -2.7756 -0.2461 0.5984, 0.0394 -0.4823 0.5984, 2.7362 -0.2461 0.5984, 2.4016 -0.2461 0.5984, 2.4016 -0.4823 0.5984, 2.3425 -0.4823 0.5984, 0.7677 -0.2461 0.5984, 0.4331 -0.2461 0.5984, 0.4331 -0.4823 0.5984, 2.3425 -0.2461 0.5984, 2.0079 -0.2461 0.5984, 2.0079 -0.4823 0.5984, 1.9488 -0.4823 0.5984, 1.9488 -0.2461 0.5984, 1.6142 -0.2461 0.5984, 1.6142 -0.4823 0.5984, 1.5551 -0.4823 0.5984, 1.5551 -0.2461 0.5984, 1.2205 -0.2461 0.5984, 1.2205 -0.4823 0.5984, 4.1535 -0.7185 0.7559, 4.1535 -1.0335 0.7559, 4.1535 -0.7185 0.1969, 4.1535 -1.0335 0.1969, 4.1535 -1.0335 0.1969
            ]
        }
        coordIndex [
            0,1,2,-1,3,4,5,-1,6,7,8,-1,8,7,9,-1,10,11,12,-1,12,11,13,-1,14,8,15,-1,15,8,9,-1,15,9,16,-1,17,18,19,-1,20,21,15,-1,22,23,16,-1,16,23,24,-1,16,24,15,-1,15,24,25,-1,19,20,17,-1,17,20,15,-1,17,15,26,-1,26,15,25,-1,26,25,27,-1,27,25,28,-1,29,30,31,-1,32,33,34,-1,35,36,15,-1,37,38,15,-1,34,35,32,-1,32,35,15,-1,32,15,39,-1,39,15,21,-1,39,21,40,-1,40,21,41,-1,42,43,44,-1,2,45,0,-1,0,45,12,-1,0,12,15,-1,15,12,13,-1,15,13,46,-1,47,48,49,-1,49,48,15,-1,49,15,50,-1,50,15,36,-1,50,36,51,-1,51,36,52,-1,5,14,3,-1,3,14,15,-1,3,15,53,-1,54,55,46,-1,46,55,56,-1,46,56,15,-1,15,56,57,-1,58,59,38,-1,38,59,60,-1,38,60,15,-1,15,60,42,-1,15,42,53,-1,53,42,44,-1,61,62,57,-1,57,62,63,-1,57,63,15,-1,15,63,64,-1,65,66,64,-1,64,66,67,-1,64,67,15,-1,15,67,68,-1,69,70,68,-1,68,70,71,-1,68,71,15,-1,15,71,29,-1,15,29,37,-1,37,29,31,-1,72,73,74,-1,74,73,75,-1,
        ]
    }
}
Shape{
    appearance Appearance {
        material  Material 	{
            diffuseColor 1.0 1.0 1.0
            specularColor 0.8784313725490196 0.8784313725490196 0.8784313725490196
            ambientIntensity 0.2
            transparency 0
            shininess 0.5
        }
    }
    geometry IndexedFaceSet {
        ccw TRUE
        solid FALSE
        coord DEF co Coordinate {
            point [
                4.1535 -0.7185 0.1969, 4.1535 -1.0335 0.1969, 3.9567 -0.7185 0.1969, 3.6024 -1.0335 0.1969, 3.9567 -0.6791 0.1969, 3.6024 -0.6791 0.1969, 3.6024 -0.6791 0.1969
            ]
        }
        coordIndex [
            0,1,2,-1,2,1,3,-1,2,3,4,-1,4,3,5,-1,
        ]
    }
}
Shape{
    appearance Appearance {
        material  Material 	{
            diffuseColor 0.5882352941176471 0.5725490196078431 0.5254901960784314
            specularColor 0.043137254901960784 0.0392156862745098 0.0392156862745098
            ambientIntensity 0.2
            transparency 0
            shininess 0.5
        }
    }
    geometry IndexedFaceSet {
        ccw TRUE
        solid FALSE
        coord DEF co Coordinate {
            point [
                3.9567 -0.6791 0.7559, 3.9567 -0.6791 0.7756, 3.9567 -0.1673 0.7559, 3.9567 0.0295 0.7756, 3.9567 -0.0098 0.5984, 3.9567 0.0295 0.5787, 3.9567 -0.2461 0.5984, 3.9567 -0.2461 0.5787, 3.6811 -0.0098 0.0669, 3.6811 -0.0098 0.0787, 3.6811 -0.6791 0.0787, 3.6811 0.9154 0.0669, 3.6811 0.3839 0.0669, 3.6811 0.9154 0.0, 3.6811 -0.6791 -0.0, 3.6811 -0.6791 -0.0
            ]
        }
        coordIndex [
            0,1,2,-1,2,1,3,-1,2,3,4,-1,4,3,5,-1,4,5,6,-1,6,5,7,-1,8,9,10,-1,11,12,13,-1,13,12,8,-1,13,8,14,-1,14,8,10,-1,
        ]
    }
}
Shape{
    appearance Appearance {
        material  Material 	{
            diffuseColor 0.6666666666666666 0.6666666666666666 0.6666666666666666
            specularColor 0.4666666666666667 0.4666666666666667 0.4666666666666667
            ambientIntensity 0.2
            transparency 0
            shininess 0.5
        }
    }
    geometry IndexedFaceSet {
        ccw TRUE
        solid FALSE
        coord DEF co Coordinate {
            point [
                4.1772 0.3839 0.0669, 4.1772 0.3839 -0.0118, 3.7598 0.3839 0.0669, 3.7598 0.3839 -0.0118, 3.7395 0.3839 -0.0091, 3.7205 0.3839 -0.0013, 3.7042 0.3839 0.0113, 3.6917 0.3839 0.0276, 3.6838 0.3839 0.0465, 3.6811 0.3839 0.0669, 3.6811 0.3839 0.0669
            ]
        }
        coordIndex [
            0,1,2,-1,2,1,3,-1,3,4,2,-1,2,4,5,-1,2,5,6,-1,6,7,2,-1,2,7,8,-1,2,8,9,-1,
        ]
    }
}
Shape{
    appearance Appearance {
        material  Material 	{
            diffuseColor 0.5882352941176471 0.5725490196078431 0.5254901960784314
            specularColor 0.043137254901960784 0.0392156862745098 0.0392156862745098
            ambientIntensity 0.2
            transparency 0
            shininess 0.5
        }
    }
    geometry IndexedFaceSet {
        ccw TRUE
        solid FALSE
        coord DEF co Coordinate {
            point [
                3.6811 0.9154 0.0787, 3.189 0.9154 0.0787, 3.6811 0.9744 0.0787, 3.189 1.0335 0.0787, 3.6811 1.0335 0.0787, 3.6811 -0.6791 0.0787, 3.6811 -0.0098 0.0787, 4.2323 -0.6791 0.0787, 3.7598 -0.0098 0.0787, 4.2323 1.0335 0.0787, 3.7598 0.9744 0.0787, 3.7598 1.0335 0.0787, 0.0433 0.502 0.1181, 0.0394 0.502 0.1181, 0.0394 -0.5317 0.1181, -0.0394 0.502 0.1181, -0.0433 0.502 0.1181, -0.0394 -0.5317 0.1181, -0.0433 -0.6791 0.1181, 0.0433 -0.6791 0.1181, 0.0433 0.502 0.1772, 0.3504 0.502 0.1181, 0.3543 0.502 0.1181, 0.3504 0.502 0.1772, 0.3543 0.502 0.5709, 0.0394 0.502 0.5709, 0.437 0.502 0.1181, 0.4331 0.502 0.1181, 0.4331 -0.5317 0.1181, 0.3543 -0.5317 0.1181, 0.3504 -0.6791 0.1181, 0.437 -0.6791 0.1181, 0.437 0.502 0.1772, 0.7441 0.502 0.1181, 0.748 0.502 0.1181, 0.7441 0.502 0.1772, 0.748 0.502 0.5709, 0.4331 0.502 0.5709, 0.8307 0.502 0.1181, 0.8268 0.502 0.1181, 0.8268 -0.5317 0.1181, 0.748 -0.5317 0.1181, 0.7441 -0.6791 0.1181, 0.8307 -0.6791 0.1181, 0.8307 0.502 0.1772, 1.1378 0.502 0.1181, 1.1417 0.502 0.1181, 1.1378 0.502 0.1772, 1.1417 0.502 0.5709, 0.8268 0.502 0.5709, 1.2244 0.502 0.1181, 1.2205 0.502 0.1181, 1.2205 -0.5317 0.1181, 1.1417 -0.5317 0.1181, 1.1378 -0.6791 0.1181, 1.2244 -0.6791 0.1181, 1.2244 0.502 0.1772, 1.5315 0.502 0.1181, 1.5354 0.502 0.1181, 1.5315 0.502 0.1772, 1.5354 0.502 0.5709, 1.2205 0.502 0.5709, 1.6181 0.502 0.1181, 1.6142 0.502 0.1181, 1.6142 -0.5317 0.1181, 1.5354 -0.5317 0.1181, 1.5315 -0.6791 0.1181, 1.6181 -0.6791 0.1181, 1.6181 0.502 0.1772, 1.9252 0.502 0.1181, 1.9291 0.502 0.1181, 1.9252 0.502 0.1772, 1.9291 0.502 0.5709, 1.6142 0.502 0.5709, 2.0118 0.502 0.1181, 2.0079 0.502 0.1181, 2.0079 -0.5317 0.1181, 1.9291 -0.5317 0.1181, 1.9252 -0.6791 0.1181, 2.0118 -0.6791 0.1181, 2.0118 0.502 0.1772, 2.3189 0.502 0.1181, 2.3228 0.502 0.1181, 2.3189 0.502 0.1772, 2.3228 0.502 0.5709, 2.0079 0.502 0.5709, 2.4055 0.502 0.1181, 2.4016 0.502 0.1181, 2.4016 -0.5317 0.1181, 2.3228 -0.5317 0.1181, 2.3189 -0.6791 0.1181, 2.4055 -0.6791 0.1181, 2.4055 0.502 0.1772, 2.7126 0.502 0.1181, 2.7165 0.502 0.1181, 2.7126 0.502 0.1772, 2.7165 0.502 0.5709, 2.4016 0.502 0.5709, 2.7992 0.502 0.1181, 2.7953 0.502 0.1181, 2.7953 -0.5317 0.1181, 2.7165 -0.5317 0.1181, 2.7126 -0.6791 0.1181, 2.7992 -0.6791 0.1181, 2.7992 0.502 0.1772, 3.1063 0.502 0.1181, 3.1102 0.502 0.1181, 3.1063 0.502 0.1772, 3.1102 0.502 0.5709, 2.7953 0.502 0.5709, 3.1929 0.502 0.1181, 3.189 0.502 0.1181, 3.189 -0.5317 0.1181, 3.1102 -0.5317 0.1181, 3.1063 -0.6791 0.1181, 3.1929 -0.6791 0.1181, 2.7126 -0.6791 0.1772, 2.4055 -0.6791 0.1772, 2.3189 -0.6791 0.1772, 2.0118 -0.6791 0.1772, 1.9252 -0.6791 0.1772, 1.6181 -0.6791 0.1772, 1.5315 -0.6791 0.1772, 1.2244 -0.6791 0.1772, 1.1378 -0.6791 0.1772, 0.8307 -0.6791 0.1772, 0.7441 -0.6791 0.1772, 0.437 -0.6791 0.1772, 0.3504 -0.6791 0.1772, 0.0433 -0.6791 0.1772, 2.7992 -0.6791 0.1772, 3.1063 -0.6791 0.1772, 3.1063 -0.6791 0.1772
            ]
        }
        coordIndex [
            0,1,2,-1,2,1,3,-1,2,3,4,-1,5,6,7,-1,7,6,8,-1,7,8,9,-1,9,8,10,-1,9,10,11,-1,12,13,14,-1,15,16,17,-1,17,16,18,-1,17,18,14,-1,14,18,19,-1,14,19,12,-1,13,12,20,-1,21,22,23,-1,23,22,24,-1,23,24,20,-1,20,24,25,-1,20,25,13,-1,26,27,28,-1,22,21,29,-1,29,21,30,-1,29,30,28,-1,28,30,31,-1,28,31,26,-1,27,26,32,-1,33,34,35,-1,35,34,36,-1,35,36,32,-1,32,36,37,-1,32,37,27,-1,38,39,40,-1,34,33,41,-1,41,33,42,-1,41,42,40,-1,40,42,43,-1,40,43,38,-1,39,38,44,-1,45,46,47,-1,47,46,48,-1,47,48,44,-1,44,48,49,-1,44,49,39,-1,50,51,52,-1,46,45,53,-1,53,45,54,-1,53,54,52,-1,52,54,55,-1,52,55,50,-1,51,50,56,-1,57,58,59,-1,59,58,60,-1,59,60,56,-1,56,60,61,-1,56,61,51,-1,62,63,64,-1,58,57,65,-1,65,57,66,-1,65,66,64,-1,64,66,67,-1,64,67,62,-1,63,62,68,-1,69,70,71,-1,71,70,72,-1,71,72,68,-1,68,72,73,-1,68,73,63,-1,74,75,76,-1,70,69,77,-1,77,69,78,-1,77,78,76,-1,76,78,79,-1,76,79,74,-1,75,74,80,-1,81,82,83,-1,83,82,84,-1,83,84,80,-1,80,84,85,-1,80,85,75,-1,86,87,88,-1,82,81,89,-1,89,81,90,-1,89,90,88,-1,88,90,91,-1,88,91,86,-1,87,86,92,-1,93,94,95,-1,95,94,96,-1,95,96,92,-1,92,96,97,-1,92,97,87,-1,98,99,100,-1,94,93,101,-1,101,93,102,-1,101,102,100,-1,100,102,103,-1,100,103,98,-1,99,98,104,-1,105,106,107,-1,107,106,108,-1,107,108,104,-1,104,108,109,-1,104,109,99,-1,110,111,112,-1,106,105,113,-1,113,105,114,-1,113,114,112,-1,112,114,115,-1,112,115,110,-1,95,92,116,-1,116,92,117,-1,83,80,118,-1,118,80,119,-1,71,68,120,-1,120,68,121,-1,59,56,122,-1,122,56,123,-1,47,44,124,-1,124,44,125,-1,35,32,126,-1,126,32,127,-1,23,20,128,-1,128,20,129,-1,130,131,104,-1,104,131,107,-1,
        ]
    }
}
Shape{
    appearance Appearance {
        material  Material 	{
            diffuseColor 0.20784313725490197 0.20784313725490197 0.20784313725490197
            specularColor 0.01568627450980392 0.01568627450980392 0.01568627450980392
            ambientIntensity 0.2
            transparency 0
            shininess 0.5
        }
    }
    geometry IndexedFaceSet {
        ccw TRUE
        solid FALSE
        coord DEF co Coordinate {
            point [
                2.8638 -0.9941 0.3819, 2.4184 -0.6791 0.3819, 3.6024 -0.9941 0.3819, 3.5984 -0.6791 0.3819, 3.6024 -0.6791 0.3819, 3.6024 -1.0335 0.6378, 3.6024 -0.9941 0.6378, 3.6024 -0.6791 0.1969, 3.6024 -1.0335 0.1969, 3.6024 -1.0335 0.1969
            ]
        }
        coordIndex [
            0,1,2,-1,2,1,3,-1,2,3,4,-1,5,6,2,-1,4,7,2,-1,2,7,8,-1,2,8,5,-1,
        ]
    }
}
Shape{
    appearance Appearance {
        material  Material 	{
            diffuseColor 0.5882352941176471 0.5725490196078431 0.5254901960784314
            specularColor 0.043137254901960784 0.0392156862745098 0.0392156862745098
            ambientIntensity 0.2
            transparency 0
            shininess 0.5
        }
    }
    geometry IndexedFaceSet {
        ccw TRUE
        solid FALSE
        coord DEF co Coordinate {
            point [
                4.311 1.0335 0.7756, 4.311 -0.6791 0.7756, 4.311 1.0335 0.2362, 4.311 -0.6791 0.2362, 0.3543 1.0335 0.0787, 0.3543 0.9154 0.0787, 0.0394 1.0335 0.0787, 0.0394 0.9154 0.0787, 0.748 1.0335 0.0787, 0.748 0.9154 0.0787, 0.4331 1.0335 0.0787, 0.4331 0.9154 0.0787, 1.1417 1.0335 0.0787, 1.1417 0.9154 0.0787, 0.8268 1.0335 0.0787, 0.8268 0.9154 0.0787, 1.5354 1.0335 0.0787, 1.5354 0.9154 0.0787, 1.2205 1.0335 0.0787, 1.2205 0.9154 0.0787, 1.9291 1.0335 0.0787, 1.9291 0.9154 0.0787, 1.6142 1.0335 0.0787, 1.6142 0.9154 0.0787, 2.3228 1.0335 0.0787, 2.3228 0.9154 0.0787, 2.0079 1.0335 0.0787, 2.0079 0.9154 0.0787, 2.7165 1.0335 0.0787, 2.7165 0.9154 0.0787, 2.4016 1.0335 0.0787, 2.4016 0.9154 0.0787, 3.1102 1.0335 0.0787, 3.1102 0.9154 0.0787, 2.7953 1.0335 0.0787, 2.7953 0.9154 0.0787, 3.6811 0.9744 0.0787, 3.6811 1.0335 0.0787, 3.6811 0.9744 0.5118, 3.6811 1.0335 0.5118, 3.6811 1.0335 0.5118
            ]
        }
        coordIndex [
            0,1,2,-1,2,1,3,-1,4,5,6,-1,6,5,7,-1,8,9,10,-1,10,9,11,-1,12,13,14,-1,14,13,15,-1,16,17,18,-1,18,17,19,-1,20,21,22,-1,22,21,23,-1,24,25,26,-1,26,25,27,-1,28,29,30,-1,30,29,31,-1,32,33,34,-1,34,33,35,-1,36,37,38,-1,38,37,39,-1,
        ]
    }
}
Shape{
    appearance Appearance {
        material  Material 	{
            diffuseColor 0.6666666666666666 0.6666666666666666 0.6666666666666666
            specularColor 0.4666666666666667 0.4666666666666667 0.4666666666666667
            ambientIntensity 0.2
            transparency 0
            shininess 0.5
        }
    }
    geometry IndexedFaceSet {
        ccw TRUE
        solid FALSE
        coord DEF co Coordinate {
            point [
                4.145 0.1414 -0.0118, 4.1584 0.1219 -0.0118, 3.7598 -0.0098 -0.0118, 4.1772 -0.0098 -0.0118, 4.197 0.2789 -0.0118, 4.1761 0.2678 -0.0118, 4.1772 0.3839 -0.0118, 3.7598 0.3839 -0.0118, 4.1584 0.2521 -0.0118, 4.145 0.2326 -0.0118, 4.1367 0.2105 -0.0118, 4.1339 0.187 -0.0118, 4.1367 0.1635 -0.0118, 4.2305 0.3166 -0.0118, 4.2258 0.3044 -0.0118, 4.1761 0.1062 -0.0118, 4.197 0.0951 -0.0118, 4.2085 0.089 -0.0118, 4.2183 0.0804 -0.0118, 4.2258 0.0696 -0.0118, 4.2305 0.0575 -0.0118, 4.2045 -0.0026 -0.0118, 4.2302 0.0304 -0.0118, 4.2159 0.006 -0.0118, 4.2246 0.0173 -0.0118, 4.2323 0.0445 -0.0118, 4.1913 -0.008 -0.0118, 4.1913 0.382 -0.0118, 4.2302 0.3436 -0.0118, 4.2323 0.3295 -0.0118, 4.2045 0.3766 -0.0118, 4.2159 0.368 -0.0118, 4.2246 0.3568 -0.0118, 4.2183 0.2936 -0.0118, 4.2085 0.285 -0.0118, 3.7395 -0.0098 -0.0091, 3.7395 0.3839 -0.0091, 3.7205 -0.0098 -0.0013, 3.7205 0.3839 -0.0013, 3.7042 -0.0098 0.0113, 3.7042 0.3839 0.0113, 3.6917 -0.0098 0.0276, 3.6917 0.3839 0.0276, 3.6838 -0.0098 0.0465, 3.6838 0.3839 0.0465, 3.6811 -0.0098 0.0669, 3.6811 0.3839 0.0669, 3.7598 0.9744 0.0669, 3.7598 0.9744 0.0787, 3.7598 0.3839 0.0669, 3.7598 -0.0098 0.0787, 3.7598 -0.0098 0.0669, 4.1584 0.1219 0.0669, 4.1761 0.1062 0.0669, 4.1772 -0.0098 0.0669, 4.197 0.0951 0.0669, 4.145 0.1414 0.0669, 4.1367 0.1635 0.0669, 4.1339 0.187 0.0669, 4.1367 0.2105 0.0669, 4.2305 0.0575 0.0669, 4.2258 0.0696 0.0669, 4.145 0.2326 0.0669, 4.1584 0.2521 0.0669, 4.1772 0.3839 0.0669, 4.1913 -0.008 0.0669, 4.2302 0.0304 0.0669, 4.2323 0.0445 0.0669, 4.2045 -0.0026 0.0669, 4.2159 0.006 0.0669, 4.2246 0.0173 0.0669, 4.2183 0.0804 0.0669, 4.2085 0.089 0.0669, 4.1761 0.2678 0.0669, 4.197 0.2789 0.0669, 4.2085 0.285 0.0669, 4.2183 0.2936 0.0669, 4.2258 0.3044 0.0669, 4.2305 0.3166 0.0669, 4.2045 0.3766 0.0669, 4.2302 0.3436 0.0669, 4.2159 0.368 0.0669, 4.2246 0.3568 0.0669, 4.2323 0.3295 0.0669, 4.1913 0.382 0.0669, 3.6811 -0.0098 0.0787, 3.189 1.0335 0.4773, 3.189 1.0339 0.4773, 3.1102 1.0335 0.4773, 3.1102 1.0339 0.4773, 3.189 1.0339 0.1689, 3.189 1.0335 0.0787, 3.189 1.1319 0.0866, 3.189 0.9154 0.0787, 3.189 0.9941 -0.0118, 3.189 1.3287 -0.0118, 3.189 1.3287 0.0472, 3.189 1.2894 0.0866, 3.189 1.3274 0.0574, 3.189 1.3235 0.0669, 3.189 1.3172 0.0751, 3.189 1.3091 0.0813, 3.189 1.2996 0.0853, 3.1102 0.9941 -0.0118, 3.1102 0.9154 0.0787, 3.1102 1.0335 0.0787, 3.1102 1.1319 0.0866, 3.1102 1.0339 0.1689, 3.1102 1.3287 -0.0118, 3.1102 1.3287 0.0472, 3.1102 1.2894 0.0866, 3.1102 1.3274 0.0574, 3.1102 1.3091 0.0813, 3.1102 1.3172 0.0751, 3.1102 1.3235 0.0669, 3.1102 1.2996 0.0853, 2.7953 1.0335 0.4773, 2.7953 1.0339 0.4773, 2.7165 1.0335 0.4773, 2.7165 1.0339 0.4773, 2.7953 1.0339 0.1689, 2.7953 1.0335 0.0787, 2.7953 1.1319 0.0866, 2.7953 0.9154 0.0787, 2.7953 0.9941 -0.0118, 2.7953 1.3287 -0.0118, 2.7953 1.3287 0.0472, 2.7953 1.2894 0.0866, 2.7953 1.3274 0.0574, 2.7953 1.3235 0.0669, 2.7953 1.3172 0.0751, 2.7953 1.3091 0.0813, 2.7953 1.2996 0.0853, 2.7165 0.9941 -0.0118, 2.7165 0.9154 0.0787, 2.7165 1.0335 0.0787, 2.7165 1.1319 0.0866, 2.7165 1.0339 0.1689, 2.7165 1.3287 -0.0118, 2.7165 1.3287 0.0472, 2.7165 1.2894 0.0866, 2.7165 1.3274 0.0574, 2.7165 1.3091 0.0813, 2.7165 1.3172 0.0751, 2.7165 1.3235 0.0669, 2.7165 1.2996 0.0853, 2.4016 1.0335 0.4773, 2.4016 1.0339 0.4773, 2.3228 1.0335 0.4773, 2.3228 1.0339 0.4773, 2.4016 1.0339 0.1689, 2.4016 1.0335 0.0787, 2.4016 1.1319 0.0866, 2.4016 0.9154 0.0787, 2.4016 0.9941 -0.0118, 2.4016 1.3287 -0.0118, 2.4016 1.3287 0.0472, 2.4016 1.2894 0.0866, 2.4016 1.3274 0.0574, 2.4016 1.3235 0.0669, 2.4016 1.3172 0.0751, 2.4016 1.3091 0.0813, 2.4016 1.2996 0.0853, 2.3228 0.9941 -0.0118, 2.3228 0.9154 0.0787, 2.3228 1.0335 0.0787, 2.3228 1.1319 0.0866, 2.3228 1.0339 0.1689, 2.3228 1.3287 -0.0118, 2.3228 1.3287 0.0472, 2.3228 1.2894 0.0866, 2.3228 1.3274 0.0574, 2.3228 1.3091 0.0813, 2.3228 1.3172 0.0751, 2.3228 1.3235 0.0669, 2.3228 1.2996 0.0853, 2.0079 1.0335 0.4773, 2.0079 1.0339 0.4773, 1.9291 1.0335 0.4773, 1.9291 1.0339 0.4773, 2.0079 1.0339 0.1689, 2.0079 1.0335 0.0787, 2.0079 1.1319 0.0866, 2.0079 0.9154 0.0787, 2.0079 0.9941 -0.0118, 2.0079 1.3287 -0.0118, 2.0079 1.3287 0.0472, 2.0079 1.2894 0.0866, 2.0079 1.3274 0.0574, 2.0079 1.3235 0.0669, 2.0079 1.3172 0.0751, 2.0079 1.3091 0.0813, 2.0079 1.2996 0.0853, 1.9291 0.9941 -0.0118, 1.9291 0.9154 0.0787, 1.9291 1.0335 0.0787, 1.9291 1.1319 0.0866, 1.9291 1.0339 0.1689, 1.9291 1.3287 -0.0118, 1.9291 1.3287 0.0472, 1.9291 1.2894 0.0866, 1.9291 1.3274 0.0574, 1.9291 1.3091 0.0813, 1.9291 1.3172 0.0751, 1.9291 1.3235 0.0669, 1.9291 1.2996 0.0853, 1.6142 1.0335 0.4773, 1.6142 1.0339 0.4773, 1.5354 1.0335 0.4773, 1.5354 1.0339 0.4773, 1.6142 1.0339 0.1689, 1.6142 1.0335 0.0787, 1.6142 1.1319 0.0866, 1.6142 0.9154 0.0787, 1.6142 0.9941 -0.0118, 1.6142 1.3287 -0.0118, 1.6142 1.3287 0.0472, 1.6142 1.2894 0.0866, 1.6142 1.3274 0.0574, 1.6142 1.3235 0.0669, 1.6142 1.3172 0.0751, 1.6142 1.3091 0.0813, 1.6142 1.2996 0.0853, 1.5354 0.9941 -0.0118, 1.5354 0.9154 0.0787, 1.5354 1.0335 0.0787, 1.5354 1.1319 0.0866, 1.5354 1.0339 0.1689, 1.5354 1.3287 -0.0118, 1.5354 1.3287 0.0472, 1.5354 1.2894 0.0866, 1.5354 1.3274 0.0574, 1.5354 1.3091 0.0813, 1.5354 1.3172 0.0751, 1.5354 1.3235 0.0669, 1.5354 1.2996 0.0853, 1.2205 1.0335 0.4773, 1.2205 1.0339 0.4773, 1.1417 1.0335 0.4773, 1.1417 1.0339 0.4773, 1.2205 1.0339 0.1689, 1.2205 1.0335 0.0787, 1.2205 1.1319 0.0866, 1.2205 0.9154 0.0787, 1.2205 0.9941 -0.0118, 1.2205 1.3287 -0.0118, 1.2205 1.3287 0.0472, 1.2205 1.2894 0.0866, 1.2205 1.3274 0.0574, 1.2205 1.3235 0.0669, 1.2205 1.3172 0.0751, 1.2205 1.3091 0.0813, 1.2205 1.2996 0.0853, 1.1417 0.9941 -0.0118, 1.1417 0.9154 0.0787, 1.1417 1.0335 0.0787, 1.1417 1.1319 0.0866, 1.1417 1.0339 0.1689, 1.1417 1.3287 -0.0118, 1.1417 1.3287 0.0472, 1.1417 1.2894 0.0866, 1.1417 1.3274 0.0574, 1.1417 1.3091 0.0813, 1.1417 1.3172 0.0751, 1.1417 1.3235 0.0669, 1.1417 1.2996 0.0853, 0.8268 1.0335 0.4773, 0.8268 1.0339 0.4773, 0.748 1.0335 0.4773, 0.748 1.0339 0.4773, 0.8268 1.0339 0.1689, 0.8268 1.0335 0.0787, 0.8268 1.1319 0.0866, 0.8268 0.9154 0.0787, 0.8268 0.9941 -0.0118, 0.8268 1.3287 -0.0118, 0.8268 1.3287 0.0472, 0.8268 1.2894 0.0866, 0.8268 1.3274 0.0574, 0.8268 1.3235 0.0669, 0.8268 1.3172 0.0751, 0.8268 1.3091 0.0813, 0.8268 1.2996 0.0853, 0.748 0.9941 -0.0118, 0.748 0.9154 0.0787, 0.748 1.0335 0.0787, 0.748 1.1319 0.0866, 0.748 1.0339 0.1689, 0.748 1.3287 -0.0118, 0.748 1.3287 0.0472, 0.748 1.2894 0.0866, 0.748 1.3274 0.0574, 0.748 1.3091 0.0813, 0.748 1.3172 0.0751, 0.748 1.3235 0.0669, 0.748 1.2996 0.0853, 0.4331 1.0335 0.4773, 0.4331 1.0339 0.4773, 0.3543 1.0335 0.4773, 0.3543 1.0339 0.4773, 0.4331 1.0339 0.1689, 0.4331 1.0335 0.0787, 0.4331 1.1319 0.0866, 0.4331 0.9154 0.0787, 0.4331 0.9941 -0.0118, 0.4331 1.3287 -0.0118, 0.4331 1.3287 0.0472, 0.4331 1.2894 0.0866, 0.4331 1.3274 0.0574, 0.4331 1.3235 0.0669, 0.4331 1.3172 0.0751, 0.4331 1.3091 0.0813, 0.4331 1.2996 0.0853, 0.3543 0.9941 -0.0118, 0.3543 0.9154 0.0787, 0.3543 1.0335 0.0787, 0.3543 1.1319 0.0866, 0.3543 1.0339 0.1689, 0.3543 1.3287 -0.0118, 0.3543 1.3287 0.0472, 0.3543 1.2894 0.0866, 0.3543 1.3274 0.0574, 0.3543 1.3091 0.0813, 0.3543 1.3172 0.0751, 0.3543 1.3235 0.0669, 0.3543 1.2996 0.0853, -0.0394 1.0335 0.4773, 0.0394 1.0335 0.4773, -0.0394 1.0339 0.4773, 0.0394 1.0339 0.4773, 0.0394 1.0339 0.1689, 0.0394 1.0335 0.0787, 0.0394 1.1319 0.0866, 0.0394 0.9154 0.0787, 0.0394 0.9941 -0.0118, 0.0394 1.3287 -0.0118, 0.0394 1.3287 0.0472, 0.0394 1.2894 0.0866, 0.0394 1.3274 0.0574, 0.0394 1.3235 0.0669, 0.0394 1.3172 0.0751, 0.0394 1.3091 0.0813, 0.0394 1.2996 0.0853, -0.0394 1.0339 0.1689, -0.0394 0.9941 -0.0118, -0.0394 0.9154 0.0787, -0.0394 1.3287 -0.0118, -0.0394 1.3287 0.0472, -0.0394 1.3274 0.0574, -0.0394 1.3235 0.0669, -0.0394 1.3172 0.0751, -0.0394 1.3091 0.0813, -0.0394 1.2996 0.0853, -0.0394 1.2894 0.0866, -0.0394 1.1319 0.0866, -0.0394 1.1319 0.0866
            ]
        }
        coordIndex [
            0,1,2,-1,2,1,3,-1,4,5,6,-1,6,5,7,-1,7,5,8,-1,7,8,9,-1,9,10,7,-1,7,10,11,-1,7,11,2,-1,2,11,12,-1,2,12,0,-1,6,13,14,-1,1,15,3,-1,3,15,16,-1,3,16,17,-1,17,18,3,-1,3,18,19,-1,3,19,20,-1,21,22,23,-1,23,22,24,-1,20,25,3,-1,3,25,22,-1,3,22,26,-1,26,22,21,-1,27,28,6,-1,6,28,29,-1,6,29,13,-1,27,30,28,-1,28,30,31,-1,28,31,32,-1,14,33,6,-1,6,33,34,-1,6,34,4,-1,7,2,35,-1,7,35,36,-1,36,35,37,-1,36,37,38,-1,38,37,39,-1,38,39,40,-1,40,39,41,-1,40,41,42,-1,42,41,43,-1,42,43,44,-1,44,43,45,-1,44,45,46,-1,47,48,49,-1,49,48,50,-1,49,50,51,-1,52,51,53,-1,53,51,54,-1,53,54,55,-1,52,56,51,-1,51,56,57,-1,51,57,49,-1,49,57,58,-1,49,58,59,-1,54,60,61,-1,59,62,49,-1,49,62,63,-1,49,63,64,-1,65,66,54,-1,54,66,67,-1,54,67,60,-1,65,68,66,-1,66,68,69,-1,66,69,70,-1,61,71,54,-1,54,71,72,-1,54,72,55,-1,63,73,64,-1,64,73,74,-1,64,74,75,-1,75,76,64,-1,64,76,77,-1,64,77,78,-1,79,80,81,-1,81,80,82,-1,78,83,64,-1,64,83,80,-1,64,80,84,-1,84,80,79,-1,51,39,37,-1,50,85,51,-1,51,85,45,-1,3,54,2,-1,2,54,51,-1,2,51,35,-1,35,51,37,-1,45,43,51,-1,51,43,41,-1,51,41,39,-1,86,87,88,-1,88,87,89,-1,87,86,90,-1,90,86,91,-1,90,91,92,-1,93,94,91,-1,91,94,95,-1,91,95,92,-1,92,95,96,-1,92,96,97,-1,97,96,98,-1,97,98,99,-1,100,101,99,-1,99,101,102,-1,99,102,97,-1,103,104,105,-1,106,105,107,-1,107,105,88,-1,107,88,89,-1,103,105,108,-1,108,105,106,-1,108,106,109,-1,109,106,110,-1,109,110,111,-1,112,113,114,-1,111,110,114,-1,114,110,115,-1,114,115,112,-1,87,90,89,-1,89,90,107,-1,94,93,103,-1,103,93,104,-1,95,94,108,-1,108,94,103,-1,96,95,109,-1,109,95,108,-1,96,109,111,-1,96,111,98,-1,98,111,114,-1,98,114,99,-1,99,114,113,-1,99,113,100,-1,100,113,112,-1,100,112,101,-1,101,112,115,-1,101,115,102,-1,102,115,110,-1,102,110,97,-1,92,97,106,-1,106,97,110,-1,90,92,107,-1,107,92,106,-1,116,117,118,-1,118,117,119,-1,117,116,120,-1,120,116,121,-1,120,121,122,-1,123,124,121,-1,121,124,125,-1,121,125,122,-1,122,125,126,-1,122,126,127,-1,127,126,128,-1,127,128,129,-1,130,131,129,-1,129,131,132,-1,129,132,127,-1,133,134,135,-1,136,135,137,-1,137,135,118,-1,137,118,119,-1,133,135,138,-1,138,135,136,-1,138,136,139,-1,139,136,140,-1,139,140,141,-1,142,143,144,-1,141,140,144,-1,144,140,145,-1,144,145,142,-1,117,120,119,-1,119,120,137,-1,124,123,133,-1,133,123,134,-1,125,124,138,-1,138,124,133,-1,126,125,139,-1,139,125,138,-1,126,139,141,-1,126,141,128,-1,128,141,144,-1,128,144,129,-1,129,144,143,-1,129,143,130,-1,130,143,142,-1,130,142,131,-1,131,142,145,-1,131,145,132,-1,132,145,140,-1,132,140,127,-1,122,127,136,-1,136,127,140,-1,120,122,137,-1,137,122,136,-1,146,147,148,-1,148,147,149,-1,147,146,150,-1,150,146,151,-1,150,151,152,-1,153,154,151,-1,151,154,155,-1,151,155,152,-1,152,155,156,-1,152,156,157,-1,157,156,158,-1,157,158,159,-1,160,161,159,-1,159,161,162,-1,159,162,157,-1,163,164,165,-1,166,165,167,-1,167,165,148,-1,167,148,149,-1,163,165,168,-1,168,165,166,-1,168,166,169,-1,169,166,170,-1,169,170,171,-1,172,173,174,-1,171,170,174,-1,174,170,175,-1,174,175,172,-1,147,150,149,-1,149,150,167,-1,154,153,163,-1,163,153,164,-1,155,154,168,-1,168,154,163,-1,156,155,169,-1,169,155,168,-1,156,169,171,-1,156,171,158,-1,158,171,174,-1,158,174,159,-1,159,174,173,-1,159,173,160,-1,160,173,172,-1,160,172,161,-1,161,172,175,-1,161,175,162,-1,162,175,170,-1,162,170,157,-1,152,157,166,-1,166,157,170,-1,150,152,167,-1,167,152,166,-1,176,177,178,-1,178,177,179,-1,177,176,180,-1,180,176,181,-1,180,181,182,-1,183,184,181,-1,181,184,185,-1,181,185,182,-1,182,185,186,-1,182,186,187,-1,187,186,188,-1,187,188,189,-1,190,191,189,-1,189,191,192,-1,189,192,187,-1,193,194,195,-1,196,195,197,-1,197,195,178,-1,197,178,179,-1,193,195,198,-1,198,195,196,-1,198,196,199,-1,199,196,200,-1,199,200,201,-1,202,203,204,-1,201,200,204,-1,204,200,205,-1,204,205,202,-1,177,180,179,-1,179,180,197,-1,184,183,193,-1,193,183,194,-1,185,184,198,-1,198,184,193,-1,186,185,199,-1,199,185,198,-1,186,199,201,-1,186,201,188,-1,188,201,204,-1,188,204,189,-1,189,204,203,-1,189,203,190,-1,190,203,202,-1,190,202,191,-1,191,202,205,-1,191,205,192,-1,192,205,200,-1,192,200,187,-1,182,187,196,-1,196,187,200,-1,180,182,197,-1,197,182,196,-1,206,207,208,-1,208,207,209,-1,207,206,210,-1,210,206,211,-1,210,211,212,-1,213,214,211,-1,211,214,215,-1,211,215,212,-1,212,215,216,-1,212,216,217,-1,217,216,218,-1,217,218,219,-1,220,221,219,-1,219,221,222,-1,219,222,217,-1,223,224,225,-1,226,225,227,-1,227,225,208,-1,227,208,209,-1,223,225,228,-1,228,225,226,-1,228,226,229,-1,229,226,230,-1,229,230,231,-1,232,233,234,-1,231,230,234,-1,234,230,235,-1,234,235,232,-1,207,210,209,-1,209,210,227,-1,214,213,223,-1,223,213,224,-1,215,214,228,-1,228,214,223,-1,216,215,229,-1,229,215,228,-1,216,229,231,-1,216,231,218,-1,218,231,234,-1,218,234,219,-1,219,234,233,-1,219,233,220,-1,220,233,232,-1,220,232,221,-1,221,232,235,-1,221,235,222,-1,222,235,230,-1,222,230,217,-1,212,217,226,-1,226,217,230,-1,210,212,227,-1,227,212,226,-1,236,237,238,-1,238,237,239,-1,237,236,240,-1,240,236,241,-1,240,241,242,-1,243,244,241,-1,241,244,245,-1,241,245,242,-1,242,245,246,-1,242,246,247,-1,247,246,248,-1,247,248,249,-1,250,251,249,-1,249,251,252,-1,249,252,247,-1,253,254,255,-1,256,255,257,-1,257,255,238,-1,257,238,239,-1,253,255,258,-1,258,255,256,-1,258,256,259,-1,259,256,260,-1,259,260,261,-1,262,263,264,-1,261,260,264,-1,264,260,265,-1,264,265,262,-1,237,240,239,-1,239,240,257,-1,244,243,253,-1,253,243,254,-1,245,244,258,-1,258,244,253,-1,246,245,259,-1,259,245,258,-1,246,259,261,-1,246,261,248,-1,248,261,264,-1,248,264,249,-1,249,264,263,-1,249,263,250,-1,250,263,262,-1,250,262,251,-1,251,262,265,-1,251,265,252,-1,252,265,260,-1,252,260,247,-1,242,247,256,-1,256,247,260,-1,240,242,257,-1,257,242,256,-1,266,267,268,-1,268,267,269,-1,267,266,270,-1,270,266,271,-1,270,271,272,-1,273,274,271,-1,271,274,275,-1,271,275,272,-1,272,275,276,-1,272,276,277,-1,277,276,278,-1,277,278,279,-1,280,281,279,-1,279,281,282,-1,279,282,277,-1,283,284,285,-1,286,285,287,-1,287,285,268,-1,287,268,269,-1,283,285,288,-1,288,285,286,-1,288,286,289,-1,289,286,290,-1,289,290,291,-1,292,293,294,-1,291,290,294,-1,294,290,295,-1,294,295,292,-1,267,270,269,-1,269,270,287,-1,274,273,283,-1,283,273,284,-1,275,274,288,-1,288,274,283,-1,276,275,289,-1,289,275,288,-1,276,289,291,-1,276,291,278,-1,278,291,294,-1,278,294,279,-1,279,294,293,-1,279,293,280,-1,280,293,292,-1,280,292,281,-1,281,292,295,-1,281,295,282,-1,282,295,290,-1,282,290,277,-1,272,277,286,-1,286,277,290,-1,270,272,287,-1,287,272,286,-1,296,297,298,-1,298,297,299,-1,297,296,300,-1,300,296,301,-1,300,301,302,-1,303,304,301,-1,301,304,305,-1,301,305,302,-1,302,305,306,-1,302,306,307,-1,307,306,308,-1,307,308,309,-1,310,311,309,-1,309,311,312,-1,309,312,307,-1,313,314,315,-1,316,315,317,-1,317,315,298,-1,317,298,299,-1,313,315,318,-1,318,315,316,-1,318,316,319,-1,319,316,320,-1,319,320,321,-1,322,323,324,-1,321,320,324,-1,324,320,325,-1,324,325,322,-1,297,300,299,-1,299,300,317,-1,304,303,313,-1,313,303,314,-1,305,304,318,-1,318,304,313,-1,306,305,319,-1,319,305,318,-1,306,319,321,-1,306,321,308,-1,308,321,324,-1,308,324,309,-1,309,324,323,-1,309,323,310,-1,310,323,322,-1,310,322,311,-1,311,322,325,-1,311,325,312,-1,312,325,320,-1,312,320,307,-1,302,307,316,-1,316,307,320,-1,300,302,317,-1,317,302,316,-1,326,327,328,-1,328,327,329,-1,329,327,330,-1,330,327,331,-1,330,331,332,-1,333,334,331,-1,331,334,335,-1,331,335,332,-1,332,335,336,-1,332,336,337,-1,337,336,338,-1,337,338,339,-1,340,341,339,-1,339,341,342,-1,339,342,337,-1,328,329,343,-1,343,329,330,-1,344,334,345,-1,345,334,333,-1,346,335,344,-1,344,335,334,-1,347,336,346,-1,346,336,335,-1,336,347,348,-1,336,348,338,-1,338,348,349,-1,338,349,339,-1,339,349,350,-1,339,350,340,-1,340,350,351,-1,340,351,341,-1,341,351,352,-1,341,352,342,-1,342,352,353,-1,342,353,337,-1,354,332,353,-1,353,332,337,-1,343,330,354,-1,354,330,332,-1,
        ]
    }
}
Shape{
    appearance Appearance {
        material  Material 	{
            diffuseColor 0.5882352941176471 0.5725490196078431 0.5254901960784314
            specularColor 0.043137254901960784 0.0392156862745098 0.0392156862745098
            ambientIntensity 0.2
            transparency 0
            shininess 0.5
        }
    }
    geometry IndexedFaceSet {
        ccw TRUE
        solid FALSE
        coord DEF co Coordinate {
            point [
                4.2323 1.0335 0.2362, 4.2323 -0.6791 0.2362, 4.2323 1.0335 0.0787, 4.2323 -0.6791 0.0787, 4.311 -0.6791 0.2362, 4.311 1.0335 0.2362, 4.311 1.0335 0.2362
            ]
        }
        coordIndex [
            0,1,2,-1,2,1,3,-1,1,0,4,-1,4,0,5,-1,
        ]
    }
}
Shape{
    appearance Appearance {
        material  Material 	{
            diffuseColor 0.20784313725490197 0.20784313725490197 0.20784313725490197
            specularColor 0.01568627450980392 0.01568627450980392 0.01568627450980392
            ambientIntensity 0.2
            transparency 0
            shininess 0.5
        }
    }
    geometry IndexedFaceSet {
        ccw TRUE
        solid FALSE
        coord DEF co Coordinate {
            point [
                2.8638 -0.9941 0.3819, 3.6024 -0.9941 0.3819, 2.4206 -0.9941 0.6378, 3.6024 -0.9941 0.6378, 2.3099 -0.9154 0.6374, 2.385 -0.6791 0.4012, 2.4184 -0.6791 0.3819, 2.3092 -0.9154 0.6378, 2.3092 -0.9154 0.6378
            ]
        }
        coordIndex [
            0,1,2,-1,2,1,3,-1,4,5,6,-1,6,0,4,-1,4,0,2,-1,4,2,7,-1,
        ]
    }
}
Shape{
    appearance Appearance {
        material  Material 	{
            diffuseColor 0.5882352941176471 0.5725490196078431 0.5254901960784314
            specularColor 0.043137254901960784 0.0392156862745098 0.0392156862745098
            ambientIntensity 0.2
            transparency 0
            shininess 0.5
        }
    }
    geometry IndexedFaceSet {
        ccw TRUE
        solid FALSE
        coord DEF co Coordinate {
            point [
                3.5984 -0.6791 0.5709, 3.5984 0.502 0.5709, 3.5984 -0.6791 0.3819, 3.5984 0.502 0.1772, 3.5984 -0.6791 0.1772, 3.1929 -0.6791 0.1772, 3.1929 0.502 0.1772, 3.189 0.502 0.1181, 3.1929 0.502 0.1181, 3.189 0.502 0.5709, 3.1063 0.502 0.1181, 3.1063 0.502 0.1772, 3.1063 -0.6791 0.1181, 3.1063 -0.6791 0.1772, 3.1929 -0.6791 0.1181, 0.0433 0.502 0.1772, 0.0433 0.502 0.1181, 0.0433 -0.6791 0.1772, 0.0433 -0.6791 0.1181, 0.3504 0.502 0.1181, 0.3504 0.502 0.1772, 0.3504 -0.6791 0.1181, 0.3504 -0.6791 0.1772, 0.437 0.502 0.1772, 0.437 0.502 0.1181, 0.437 -0.6791 0.1772, 0.437 -0.6791 0.1181, 0.7441 0.502 0.1181, 0.7441 0.502 0.1772, 0.7441 -0.6791 0.1181, 0.7441 -0.6791 0.1772, 0.8307 0.502 0.1772, 0.8307 0.502 0.1181, 0.8307 -0.6791 0.1772, 0.8307 -0.6791 0.1181, 1.1378 0.502 0.1181, 1.1378 0.502 0.1772, 1.1378 -0.6791 0.1181, 1.1378 -0.6791 0.1772, 1.2244 0.502 0.1772, 1.2244 0.502 0.1181, 1.2244 -0.6791 0.1772, 1.2244 -0.6791 0.1181, 1.5315 0.502 0.1181, 1.5315 0.502 0.1772, 1.5315 -0.6791 0.1181, 1.5315 -0.6791 0.1772, 1.6181 0.502 0.1772, 1.6181 0.502 0.1181, 1.6181 -0.6791 0.1772, 1.6181 -0.6791 0.1181, 1.9252 0.502 0.1181, 1.9252 0.502 0.1772, 1.9252 -0.6791 0.1181, 1.9252 -0.6791 0.1772, 2.0118 0.502 0.1772, 2.0118 0.502 0.1181, 2.0118 -0.6791 0.1772, 2.0118 -0.6791 0.1181, 2.3189 0.502 0.1181, 2.3189 0.502 0.1772, 2.3189 -0.6791 0.1181, 2.3189 -0.6791 0.1772, 2.4055 0.502 0.1772, 2.4055 0.502 0.1181, 2.4055 -0.6791 0.1772, 2.4055 -0.6791 0.1181, 2.7126 0.502 0.1181, 2.7126 0.502 0.1772, 2.7126 -0.6791 0.1181, 2.7126 -0.6791 0.1772, 2.7992 0.502 0.1772, 2.7992 0.502 0.1181, 2.7992 -0.6791 0.1772, 2.7992 -0.6791 0.1181, 2.7992 -0.6791 0.1181
            ]
        }
        coordIndex [
            0,1,2,-1,2,1,3,-1,2,3,4,-1,5,4,6,-1,6,4,3,-1,7,8,6,-1,3,1,6,-1,6,1,9,-1,6,9,7,-1,10,11,12,-1,12,11,13,-1,6,8,5,-1,5,8,14,-1,15,16,17,-1,17,16,18,-1,19,20,21,-1,21,20,22,-1,23,24,25,-1,25,24,26,-1,27,28,29,-1,29,28,30,-1,31,32,33,-1,33,32,34,-1,35,36,37,-1,37,36,38,-1,39,40,41,-1,41,40,42,-1,43,44,45,-1,45,44,46,-1,47,48,49,-1,49,48,50,-1,51,52,53,-1,53,52,54,-1,55,56,57,-1,57,56,58,-1,59,60,61,-1,61,60,62,-1,63,64,65,-1,65,64,66,-1,67,68,69,-1,69,68,70,-1,71,72,73,-1,73,72,74,-1,
        ]
    }
}
Shape{
    appearance Appearance {
        material  Material 	{
            diffuseColor 0.6666666666666666 0.6666666666666666 0.6666666666666666
            specularColor 0.4666666666666667 0.4666666666666667 0.4666666666666667
            ambientIntensity 0.2
            transparency 0
            shininess 0.5
        }
    }
    geometry IndexedFaceSet {
        ccw TRUE
        solid FALSE
        coord DEF co Coordinate {
            point [
                3.1102 0.498 0.5709, 3.1102 0.498 0.1969, 3.189 0.498 0.5709, 3.189 0.498 0.1969, 3.1102 -0.5484 0.1931, 3.1102 -0.3247 0.2982, 3.1102 -0.3984 0.1969, 3.1102 0.502 0.5709, 3.1102 0.502 0.1181, 3.1102 -0.5317 0.1181, 3.1102 -0.5413 0.1193, 3.1102 -0.5503 0.1228, 3.1102 -0.5582 0.1283, 3.1102 -0.5644 0.1356, 3.1102 -0.5688 0.1443, 3.1102 -0.5709 0.1537, 3.1102 -0.5706 0.1633, 3.1102 -0.568 0.1726, 3.1102 -0.5566 0.188, 3.1102 -0.5633 0.181, 3.189 0.502 0.5709, 3.189 -0.5503 0.1228, 3.189 -0.5413 0.1193, 3.189 -0.3984 0.1969, 3.189 -0.5317 0.1181, 3.189 0.502 0.1181, 3.189 -0.5706 0.1633, 3.189 -0.5484 0.1931, 3.189 -0.568 0.1726, 3.189 -0.5566 0.188, 3.189 -0.5633 0.181, 3.189 -0.5709 0.1537, 3.189 -0.5688 0.1443, 3.189 -0.5644 0.1356, 3.189 -0.3247 0.2982, 3.189 -0.5582 0.1283, 2.7165 0.498 0.5709, 2.7165 0.498 0.1969, 2.7953 0.498 0.5709, 2.7953 0.498 0.1969, 2.7165 -0.5484 0.1931, 2.7165 -0.3247 0.2982, 2.7165 -0.3984 0.1969, 2.7165 0.502 0.5709, 2.7165 0.502 0.1181, 2.7165 -0.5317 0.1181, 2.7165 -0.5413 0.1193, 2.7165 -0.5503 0.1228, 2.7165 -0.5582 0.1283, 2.7165 -0.5644 0.1356, 2.7165 -0.5688 0.1443, 2.7165 -0.5709 0.1537, 2.7165 -0.5706 0.1633, 2.7165 -0.568 0.1726, 2.7165 -0.5566 0.188, 2.7165 -0.5633 0.181, 2.7953 0.502 0.5709, 2.7953 -0.5503 0.1228, 2.7953 -0.5413 0.1193, 2.7953 -0.3984 0.1969, 2.7953 -0.5317 0.1181, 2.7953 0.502 0.1181, 2.7953 -0.5706 0.1633, 2.7953 -0.5484 0.1931, 2.7953 -0.568 0.1726, 2.7953 -0.5566 0.188, 2.7953 -0.5633 0.181, 2.7953 -0.5709 0.1537, 2.7953 -0.5688 0.1443, 2.7953 -0.5644 0.1356, 2.7953 -0.3247 0.2982, 2.7953 -0.5582 0.1283, 2.3228 0.498 0.5709, 2.3228 0.498 0.1969, 2.4016 0.498 0.5709, 2.4016 0.498 0.1969, 2.3228 -0.5484 0.1931, 2.3228 -0.3247 0.2982, 2.3228 -0.3984 0.1969, 2.3228 0.502 0.5709, 2.3228 0.502 0.1181, 2.3228 -0.5317 0.1181, 2.3228 -0.5413 0.1193, 2.3228 -0.5503 0.1228, 2.3228 -0.5582 0.1283, 2.3228 -0.5644 0.1356, 2.3228 -0.5688 0.1443, 2.3228 -0.5709 0.1537, 2.3228 -0.5706 0.1633, 2.3228 -0.568 0.1726, 2.3228 -0.5566 0.188, 2.3228 -0.5633 0.181, 2.4016 0.502 0.5709, 2.4016 -0.5503 0.1228, 2.4016 -0.5413 0.1193, 2.4016 -0.3984 0.1969, 2.4016 -0.5317 0.1181, 2.4016 0.502 0.1181, 2.4016 -0.5706 0.1633, 2.4016 -0.5484 0.1931, 2.4016 -0.568 0.1726, 2.4016 -0.5566 0.188, 2.4016 -0.5633 0.181, 2.4016 -0.5709 0.1537, 2.4016 -0.5688 0.1443, 2.4016 -0.5644 0.1356, 2.4016 -0.3247 0.2982, 2.4016 -0.5582 0.1283, 1.9291 0.498 0.5709, 1.9291 0.498 0.1969, 2.0079 0.498 0.5709, 2.0079 0.498 0.1969, 1.9291 -0.5484 0.1931, 1.9291 -0.3247 0.2982, 1.9291 -0.3984 0.1969, 1.9291 0.502 0.5709, 1.9291 0.502 0.1181, 1.9291 -0.5317 0.1181, 1.9291 -0.5413 0.1193, 1.9291 -0.5503 0.1228, 1.9291 -0.5582 0.1283, 1.9291 -0.5644 0.1356, 1.9291 -0.5688 0.1443, 1.9291 -0.5709 0.1537, 1.9291 -0.5706 0.1633, 1.9291 -0.568 0.1726, 1.9291 -0.5566 0.188, 1.9291 -0.5633 0.181, 2.0079 0.502 0.5709, 2.0079 -0.5503 0.1228, 2.0079 -0.5413 0.1193, 2.0079 -0.3984 0.1969, 2.0079 -0.5317 0.1181, 2.0079 0.502 0.1181, 2.0079 -0.5706 0.1633, 2.0079 -0.5484 0.1931, 2.0079 -0.568 0.1726, 2.0079 -0.5566 0.188, 2.0079 -0.5633 0.181, 2.0079 -0.5709 0.1537, 2.0079 -0.5688 0.1443, 2.0079 -0.5644 0.1356, 2.0079 -0.3247 0.2982, 2.0079 -0.5582 0.1283, 1.5354 0.498 0.5709, 1.5354 0.498 0.1969, 1.6142 0.498 0.5709, 1.6142 0.498 0.1969, 1.5354 -0.5484 0.1931, 1.5354 -0.3247 0.2982, 1.5354 -0.3984 0.1969, 1.5354 0.502 0.5709, 1.5354 0.502 0.1181, 1.5354 -0.5317 0.1181, 1.5354 -0.5413 0.1193, 1.5354 -0.5503 0.1228, 1.5354 -0.5582 0.1283, 1.5354 -0.5644 0.1356, 1.5354 -0.5688 0.1443, 1.5354 -0.5709 0.1537, 1.5354 -0.5706 0.1633, 1.5354 -0.568 0.1726, 1.5354 -0.5566 0.188, 1.5354 -0.5633 0.181, 1.6142 0.502 0.5709, 1.6142 -0.5503 0.1228, 1.6142 -0.5413 0.1193, 1.6142 -0.3984 0.1969, 1.6142 -0.5317 0.1181, 1.6142 0.502 0.1181, 1.6142 -0.5706 0.1633, 1.6142 -0.5484 0.1931, 1.6142 -0.568 0.1726, 1.6142 -0.5566 0.188, 1.6142 -0.5633 0.181, 1.6142 -0.5709 0.1537, 1.6142 -0.5688 0.1443, 1.6142 -0.5644 0.1356, 1.6142 -0.3247 0.2982, 1.6142 -0.5582 0.1283, 1.1417 0.498 0.5709, 1.1417 0.498 0.1969, 1.2205 0.498 0.5709, 1.2205 0.498 0.1969, 1.1417 -0.5484 0.1931, 1.1417 -0.3247 0.2982, 1.1417 -0.3984 0.1969, 1.1417 0.502 0.5709, 1.1417 0.502 0.1181, 1.1417 -0.5317 0.1181, 1.1417 -0.5413 0.1193, 1.1417 -0.5503 0.1228, 1.1417 -0.5582 0.1283, 1.1417 -0.5644 0.1356, 1.1417 -0.5688 0.1443, 1.1417 -0.5709 0.1537, 1.1417 -0.5706 0.1633, 1.1417 -0.568 0.1726, 1.1417 -0.5566 0.188, 1.1417 -0.5633 0.181, 1.2205 0.502 0.5709, 1.2205 -0.5503 0.1228, 1.2205 -0.5413 0.1193, 1.2205 -0.3984 0.1969, 1.2205 -0.5317 0.1181, 1.2205 0.502 0.1181, 1.2205 -0.5706 0.1633, 1.2205 -0.5484 0.1931, 1.2205 -0.568 0.1726, 1.2205 -0.5566 0.188, 1.2205 -0.5633 0.181, 1.2205 -0.5709 0.1537, 1.2205 -0.5688 0.1443, 1.2205 -0.5644 0.1356, 1.2205 -0.3247 0.2982, 1.2205 -0.5582 0.1283, 0.748 0.498 0.5709, 0.748 0.498 0.1969, 0.8268 0.498 0.5709, 0.8268 0.498 0.1969, 0.748 -0.5484 0.1931, 0.748 -0.3247 0.2982, 0.748 -0.3984 0.1969, 0.748 0.502 0.5709, 0.748 0.502 0.1181, 0.748 -0.5317 0.1181, 0.748 -0.5413 0.1193, 0.748 -0.5503 0.1228, 0.748 -0.5582 0.1283, 0.748 -0.5644 0.1356, 0.748 -0.5688 0.1443, 0.748 -0.5709 0.1537, 0.748 -0.5706 0.1633, 0.748 -0.568 0.1726, 0.748 -0.5566 0.188, 0.748 -0.5633 0.181, 0.8268 0.502 0.5709, 0.8268 -0.5503 0.1228, 0.8268 -0.5413 0.1193, 0.8268 -0.3984 0.1969, 0.8268 -0.5317 0.1181, 0.8268 0.502 0.1181, 0.8268 -0.5706 0.1633, 0.8268 -0.5484 0.1931, 0.8268 -0.568 0.1726, 0.8268 -0.5566 0.188, 0.8268 -0.5633 0.181, 0.8268 -0.5709 0.1537, 0.8268 -0.5688 0.1443, 0.8268 -0.5644 0.1356, 0.8268 -0.3247 0.2982, 0.8268 -0.5582 0.1283, 0.3543 0.498 0.5709, 0.3543 0.498 0.1969, 0.4331 0.498 0.5709, 0.4331 0.498 0.1969, 0.3543 -0.5484 0.1931, 0.3543 -0.3247 0.2982, 0.3543 -0.3984 0.1969, 0.3543 0.502 0.5709, 0.3543 0.502 0.1181, 0.3543 -0.5317 0.1181, 0.3543 -0.5413 0.1193, 0.3543 -0.5503 0.1228, 0.3543 -0.5582 0.1283, 0.3543 -0.5644 0.1356, 0.3543 -0.5688 0.1443, 0.3543 -0.5709 0.1537, 0.3543 -0.5706 0.1633, 0.3543 -0.568 0.1726, 0.3543 -0.5566 0.188, 0.3543 -0.5633 0.181, 0.4331 0.502 0.5709, 0.4331 -0.5503 0.1228, 0.4331 -0.5413 0.1193, 0.4331 -0.3984 0.1969, 0.4331 -0.5317 0.1181, 0.4331 0.502 0.1181, 0.4331 -0.5706 0.1633, 0.4331 -0.5484 0.1931, 0.4331 -0.568 0.1726, 0.4331 -0.5566 0.188, 0.4331 -0.5633 0.181, 0.4331 -0.5709 0.1537, 0.4331 -0.5688 0.1443, 0.4331 -0.5644 0.1356, 0.4331 -0.3247 0.2982, 0.4331 -0.5582 0.1283, -0.0394 0.498 0.1969, 0.0394 0.498 0.1969, -0.0394 0.498 0.5709, 0.0394 0.498 0.5709, 0.0394 0.502 0.5709, 0.0394 -0.5503 0.1228, 0.0394 -0.5413 0.1193, 0.0394 -0.3984 0.1969, 0.0394 -0.5317 0.1181, 0.0394 0.502 0.1181, 0.0394 -0.5706 0.1633, 0.0394 -0.5484 0.1931, 0.0394 -0.568 0.1726, 0.0394 -0.5566 0.188, 0.0394 -0.5633 0.181, 0.0394 -0.5709 0.1537, 0.0394 -0.5688 0.1443, 0.0394 -0.5644 0.1356, 0.0394 -0.3247 0.2982, 0.0394 -0.5582 0.1283, -0.0394 -0.3247 0.2982, -0.0394 -0.3984 0.1969, -0.0394 -0.5317 0.1181, -0.0394 -0.5413 0.1193, -0.0394 -0.5503 0.1228, -0.0394 -0.5582 0.1283, -0.0394 -0.5644 0.1356, -0.0394 -0.5688 0.1443, -0.0394 -0.5709 0.1537, -0.0394 -0.5706 0.1633, -0.0394 -0.568 0.1726, -0.0394 -0.5633 0.181, -0.0394 -0.5566 0.188, -0.0394 -0.5484 0.1931, -0.0394 -0.5484 0.1931
            ]
        }
        coordIndex [
            0,1,2,-1,2,1,3,-1,4,5,6,-1,0,7,1,-1,1,7,8,-1,1,8,6,-1,6,8,9,-1,9,10,6,-1,6,10,11,-1,6,11,4,-1,4,11,12,-1,12,13,4,-1,4,13,14,-1,4,14,15,-1,15,16,4,-1,4,16,17,-1,4,17,18,-1,18,17,19,-1,20,2,3,-1,21,22,23,-1,23,22,24,-1,23,24,3,-1,3,24,25,-1,3,25,20,-1,26,27,28,-1,28,27,29,-1,28,29,30,-1,26,31,27,-1,27,31,32,-1,27,32,33,-1,23,34,21,-1,21,34,27,-1,21,27,35,-1,35,27,33,-1,6,5,23,-1,23,5,34,-1,1,6,3,-1,3,6,23,-1,9,24,22,-1,9,22,10,-1,10,22,21,-1,10,21,11,-1,11,21,35,-1,11,35,12,-1,12,35,33,-1,12,33,13,-1,13,33,32,-1,13,32,14,-1,14,32,31,-1,14,31,15,-1,15,31,26,-1,15,26,16,-1,16,26,28,-1,16,28,17,-1,17,28,30,-1,17,30,19,-1,19,30,29,-1,19,29,18,-1,18,29,27,-1,18,27,4,-1,5,4,34,-1,34,4,27,-1,36,37,38,-1,38,37,39,-1,40,41,42,-1,36,43,37,-1,37,43,44,-1,37,44,42,-1,42,44,45,-1,45,46,42,-1,42,46,47,-1,42,47,40,-1,40,47,48,-1,48,49,40,-1,40,49,50,-1,40,50,51,-1,51,52,40,-1,40,52,53,-1,40,53,54,-1,54,53,55,-1,56,38,39,-1,57,58,59,-1,59,58,60,-1,59,60,39,-1,39,60,61,-1,39,61,56,-1,62,63,64,-1,64,63,65,-1,64,65,66,-1,62,67,63,-1,63,67,68,-1,63,68,69,-1,59,70,57,-1,57,70,63,-1,57,63,71,-1,71,63,69,-1,42,41,59,-1,59,41,70,-1,37,42,39,-1,39,42,59,-1,45,60,58,-1,45,58,46,-1,46,58,57,-1,46,57,47,-1,47,57,71,-1,47,71,48,-1,48,71,69,-1,48,69,49,-1,49,69,68,-1,49,68,50,-1,50,68,67,-1,50,67,51,-1,51,67,62,-1,51,62,52,-1,52,62,64,-1,52,64,53,-1,53,64,66,-1,53,66,55,-1,55,66,65,-1,55,65,54,-1,54,65,63,-1,54,63,40,-1,41,40,70,-1,70,40,63,-1,72,73,74,-1,74,73,75,-1,76,77,78,-1,72,79,73,-1,73,79,80,-1,73,80,78,-1,78,80,81,-1,81,82,78,-1,78,82,83,-1,78,83,76,-1,76,83,84,-1,84,85,76,-1,76,85,86,-1,76,86,87,-1,87,88,76,-1,76,88,89,-1,76,89,90,-1,90,89,91,-1,92,74,75,-1,93,94,95,-1,95,94,96,-1,95,96,75,-1,75,96,97,-1,75,97,92,-1,98,99,100,-1,100,99,101,-1,100,101,102,-1,98,103,99,-1,99,103,104,-1,99,104,105,-1,95,106,93,-1,93,106,99,-1,93,99,107,-1,107,99,105,-1,78,77,95,-1,95,77,106,-1,73,78,75,-1,75,78,95,-1,81,96,94,-1,81,94,82,-1,82,94,93,-1,82,93,83,-1,83,93,107,-1,83,107,84,-1,84,107,105,-1,84,105,85,-1,85,105,104,-1,85,104,86,-1,86,104,103,-1,86,103,87,-1,87,103,98,-1,87,98,88,-1,88,98,100,-1,88,100,89,-1,89,100,102,-1,89,102,91,-1,91,102,101,-1,91,101,90,-1,90,101,99,-1,90,99,76,-1,77,76,106,-1,106,76,99,-1,108,109,110,-1,110,109,111,-1,112,113,114,-1,108,115,109,-1,109,115,116,-1,109,116,114,-1,114,116,117,-1,117,118,114,-1,114,118,119,-1,114,119,112,-1,112,119,120,-1,120,121,112,-1,112,121,122,-1,112,122,123,-1,123,124,112,-1,112,124,125,-1,112,125,126,-1,126,125,127,-1,128,110,111,-1,129,130,131,-1,131,130,132,-1,131,132,111,-1,111,132,133,-1,111,133,128,-1,134,135,136,-1,136,135,137,-1,136,137,138,-1,134,139,135,-1,135,139,140,-1,135,140,141,-1,131,142,129,-1,129,142,135,-1,129,135,143,-1,143,135,141,-1,114,113,131,-1,131,113,142,-1,109,114,111,-1,111,114,131,-1,117,132,130,-1,117,130,118,-1,118,130,129,-1,118,129,119,-1,119,129,143,-1,119,143,120,-1,120,143,141,-1,120,141,121,-1,121,141,140,-1,121,140,122,-1,122,140,139,-1,122,139,123,-1,123,139,134,-1,123,134,124,-1,124,134,136,-1,124,136,125,-1,125,136,138,-1,125,138,127,-1,127,138,137,-1,127,137,126,-1,126,137,135,-1,126,135,112,-1,113,112,142,-1,142,112,135,-1,144,145,146,-1,146,145,147,-1,148,149,150,-1,144,151,145,-1,145,151,152,-1,145,152,150,-1,150,152,153,-1,153,154,150,-1,150,154,155,-1,150,155,148,-1,148,155,156,-1,156,157,148,-1,148,157,158,-1,148,158,159,-1,159,160,148,-1,148,160,161,-1,148,161,162,-1,162,161,163,-1,164,146,147,-1,165,166,167,-1,167,166,168,-1,167,168,147,-1,147,168,169,-1,147,169,164,-1,170,171,172,-1,172,171,173,-1,172,173,174,-1,170,175,171,-1,171,175,176,-1,171,176,177,-1,167,178,165,-1,165,178,171,-1,165,171,179,-1,179,171,177,-1,150,149,167,-1,167,149,178,-1,145,150,147,-1,147,150,167,-1,153,168,166,-1,153,166,154,-1,154,166,165,-1,154,165,155,-1,155,165,179,-1,155,179,156,-1,156,179,177,-1,156,177,157,-1,157,177,176,-1,157,176,158,-1,158,176,175,-1,158,175,159,-1,159,175,170,-1,159,170,160,-1,160,170,172,-1,160,172,161,-1,161,172,174,-1,161,174,163,-1,163,174,173,-1,163,173,162,-1,162,173,171,-1,162,171,148,-1,149,148,178,-1,178,148,171,-1,180,181,182,-1,182,181,183,-1,184,185,186,-1,180,187,181,-1,181,187,188,-1,181,188,186,-1,186,188,189,-1,189,190,186,-1,186,190,191,-1,186,191,184,-1,184,191,192,-1,192,193,184,-1,184,193,194,-1,184,194,195,-1,195,196,184,-1,184,196,197,-1,184,197,198,-1,198,197,199,-1,200,182,183,-1,201,202,203,-1,203,202,204,-1,203,204,183,-1,183,204,205,-1,183,205,200,-1,206,207,208,-1,208,207,209,-1,208,209,210,-1,206,211,207,-1,207,211,212,-1,207,212,213,-1,203,214,201,-1,201,214,207,-1,201,207,215,-1,215,207,213,-1,186,185,203,-1,203,185,214,-1,181,186,183,-1,183,186,203,-1,189,204,202,-1,189,202,190,-1,190,202,201,-1,190,201,191,-1,191,201,215,-1,191,215,192,-1,192,215,213,-1,192,213,193,-1,193,213,212,-1,193,212,194,-1,194,212,211,-1,194,211,195,-1,195,211,206,-1,195,206,196,-1,196,206,208,-1,196,208,197,-1,197,208,210,-1,197,210,199,-1,199,210,209,-1,199,209,198,-1,198,209,207,-1,198,207,184,-1,185,184,214,-1,214,184,207,-1,216,217,218,-1,218,217,219,-1,220,221,222,-1,216,223,217,-1,217,223,224,-1,217,224,222,-1,222,224,225,-1,225,226,222,-1,222,226,227,-1,222,227,220,-1,220,227,228,-1,228,229,220,-1,220,229,230,-1,220,230,231,-1,231,232,220,-1,220,232,233,-1,220,233,234,-1,234,233,235,-1,236,218,219,-1,237,238,239,-1,239,238,240,-1,239,240,219,-1,219,240,241,-1,219,241,236,-1,242,243,244,-1,244,243,245,-1,244,245,246,-1,242,247,243,-1,243,247,248,-1,243,248,249,-1,239,250,237,-1,237,250,243,-1,237,243,251,-1,251,243,249,-1,222,221,239,-1,239,221,250,-1,217,222,219,-1,219,222,239,-1,225,240,238,-1,225,238,226,-1,226,238,237,-1,226,237,227,-1,227,237,251,-1,227,251,228,-1,228,251,249,-1,228,249,229,-1,229,249,248,-1,229,248,230,-1,230,248,247,-1,230,247,231,-1,231,247,242,-1,231,242,232,-1,232,242,244,-1,232,244,233,-1,233,244,246,-1,233,246,235,-1,235,246,245,-1,235,245,234,-1,234,245,243,-1,234,243,220,-1,221,220,250,-1,250,220,243,-1,252,253,254,-1,254,253,255,-1,256,257,258,-1,252,259,253,-1,253,259,260,-1,253,260,258,-1,258,260,261,-1,261,262,258,-1,258,262,263,-1,258,263,256,-1,256,263,264,-1,264,265,256,-1,256,265,266,-1,256,266,267,-1,267,268,256,-1,256,268,269,-1,256,269,270,-1,270,269,271,-1,272,254,255,-1,273,274,275,-1,275,274,276,-1,275,276,255,-1,255,276,277,-1,255,277,272,-1,278,279,280,-1,280,279,281,-1,280,281,282,-1,278,283,279,-1,279,283,284,-1,279,284,285,-1,275,286,273,-1,273,286,279,-1,273,279,287,-1,287,279,285,-1,258,257,275,-1,275,257,286,-1,253,258,255,-1,255,258,275,-1,261,276,274,-1,261,274,262,-1,262,274,273,-1,262,273,263,-1,263,273,287,-1,263,287,264,-1,264,287,285,-1,264,285,265,-1,265,285,284,-1,265,284,266,-1,266,284,283,-1,266,283,267,-1,267,283,278,-1,267,278,268,-1,268,278,280,-1,268,280,269,-1,269,280,282,-1,269,282,271,-1,271,282,281,-1,271,281,270,-1,270,281,279,-1,270,279,256,-1,257,256,286,-1,286,256,279,-1,288,289,290,-1,290,289,291,-1,292,291,289,-1,293,294,295,-1,295,294,296,-1,295,296,289,-1,289,296,297,-1,289,297,292,-1,298,299,300,-1,300,299,301,-1,300,301,302,-1,298,303,299,-1,299,303,304,-1,299,304,305,-1,295,306,293,-1,293,306,299,-1,293,299,307,-1,307,299,305,-1,308,306,309,-1,309,306,295,-1,309,295,288,-1,288,295,289,-1,310,296,294,-1,310,294,311,-1,311,294,293,-1,311,293,312,-1,312,293,307,-1,312,307,313,-1,313,307,305,-1,313,305,314,-1,314,305,304,-1,314,304,315,-1,315,304,303,-1,315,303,316,-1,316,303,298,-1,316,298,317,-1,317,298,300,-1,317,300,318,-1,318,300,302,-1,318,302,319,-1,319,302,301,-1,319,301,320,-1,320,301,299,-1,320,299,321,-1,321,299,308,-1,308,299,306,-1,
        ]
    }
}
Shape{
    appearance Appearance {
        material  Material 	{
            diffuseColor 0.5882352941176471 0.5725490196078431 0.5254901960784314
            specularColor 0.043137254901960784 0.0392156862745098 0.0392156862745098
            ambientIntensity 0.2
            transparency 0
            shininess 0.5
        }
    }
    geometry IndexedFaceSet {
        ccw TRUE
        solid FALSE
        coord DEF co Coordinate {
            point [
                3.7598 1.0335 0.5118, 3.7598 1.0335 0.0787, 3.7598 0.9744 0.5118, 3.7598 0.9744 0.0787, 3.6811 0.9744 0.5118, 3.6811 1.0335 0.5118, 3.6811 1.0335 0.5118
            ]
        }
        coordIndex [
            0,1,2,-1,2,1,3,-1,4,5,2,-1,2,5,0,-1,
        ]
    }
}
Shape{
    appearance Appearance {
        material  Material 	{
            diffuseColor 0.6666666666666666 0.6666666666666666 0.6666666666666666
            specularColor 0.4666666666666667 0.4666666666666667 0.4666666666666667
            ambientIntensity 0.2
            transparency 0
            shininess 0.5
        }
    }
    geometry IndexedFaceSet {
        ccw TRUE
        solid FALSE
        coord DEF co Coordinate {
            point [
                3.6811 0.9744 0.0669, 3.6811 0.9154 0.0669, 3.6811 0.9744 0.0787, 3.6811 0.9154 0.0787, 3.7598 0.9744 0.0669, 3.7598 0.9744 0.0787, 3.7598 0.9744 0.5118, 3.6811 0.9744 0.5118, 3.7598 0.3839 0.0669, 3.6811 0.3839 0.0669, 4.197 0.0951 0.0669, 4.197 0.0951 -0.0118, 4.1761 0.1062 0.0669, 4.1761 0.1062 -0.0118, 4.1584 0.1219 0.0669, 4.1584 0.1219 -0.0118, 4.145 0.1414 0.0669, 4.145 0.1414 -0.0118, 4.1367 0.1635 0.0669, 4.1367 0.1635 -0.0118, 4.1339 0.187 0.0669, 4.1339 0.187 -0.0118, 4.1367 0.2105 0.0669, 4.1367 0.2105 -0.0118, 4.145 0.2326 0.0669, 4.145 0.2326 -0.0118, 4.1584 0.2521 0.0669, 4.1584 0.2521 -0.0118, 4.1761 0.2678 0.0669, 4.1761 0.2678 -0.0118, 4.197 0.2789 0.0669, 4.197 0.2789 -0.0118, 4.197 0.2789 -0.0118
            ]
        }
        coordIndex [
            0,1,2,-1,2,1,3,-1,4,0,5,-1,5,0,2,-1,5,2,6,-1,6,2,7,-1,8,9,4,-1,4,9,1,-1,4,1,0,-1,10,11,12,-1,12,11,13,-1,12,13,14,-1,14,13,15,-1,14,15,16,-1,16,15,17,-1,16,17,18,-1,18,17,19,-1,18,19,20,-1,20,19,21,-1,20,21,22,-1,22,21,23,-1,22,23,24,-1,24,23,25,-1,24,25,26,-1,26,25,27,-1,26,27,28,-1,28,27,29,-1,28,29,30,-1,30,29,31,-1,
        ]
    }
}
Shape{
    appearance Appearance {
        material  Material 	{
            diffuseColor 0.5882352941176471 0.5725490196078431 0.5254901960784314
            specularColor 0.043137254901960784 0.0392156862745098 0.0392156862745098
            ambientIntensity 0.2
            transparency 0
            shininess 0.5
        }
    }
    geometry IndexedFaceSet {
        ccw TRUE
        solid FALSE
        coord DEF co Coordinate {
            point [
                3.5236 -0.128 0.5787, 3.5236 0.0295 0.5787, 3.5236 -0.128 0.5886, 3.5236 0.0295 0.7756, 3.5236 -0.128 0.7756, 3.9567 0.0295 0.5787, 3.9567 0.0295 0.7756, 3.9567 0.0295 0.7756
            ]
        }
        coordIndex [
            0,1,2,-1,2,1,3,-1,2,3,4,-1,1,5,3,-1,3,5,6,-1,
        ]
    }
}
Shape{
    appearance Appearance {
        material  Material 	{
            diffuseColor 0.20784313725490197 0.20784313725490197 0.20784313725490197
            specularColor 0.01568627450980392 0.01568627450980392 0.01568627450980392
            ambientIntensity 0.2
            transparency 0
            shininess 0.5
        }
    }
    geometry IndexedFaceSet {
        ccw TRUE
        solid FALSE
        coord DEF co Coordinate {
            point [
                3.563 -0.561 0.5984, 3.563 -0.561 0.7559, 3.563 -0.2461 0.5984, 3.563 -0.1673 0.7559, 3.563 -0.0098 0.5984, 3.563 -0.0098 0.5984
            ]
        }
        coordIndex [
            0,1,2,-1,2,1,3,-1,2,3,4,-1,
        ]
    }
}
Shape{
    appearance Appearance {
        material  Material 	{
            diffuseColor 0.6666666666666666 0.6666666666666666 0.6666666666666666
            specularColor 0.4666666666666667 0.4666666666666667 0.4666666666666667
            ambientIntensity 0.2
            transparency 0
            shininess 0.5
        }
    }
    geometry IndexedFaceSet {
        ccw TRUE
        solid FALSE
        coord DEF co Coordinate {
            point [
                3.1299 -0.2461 0.5984, 3.1299 -0.128 0.5984, 3.189 -0.2461 0.5984, 3.189 -0.128 0.5984, 3.189 -0.4035 0.6772, 3.189 -0.128 0.6772, 3.1299 -0.4035 0.6772, 3.1299 -0.128 0.6772, 3.1299 -0.4429 0.6666, 3.1299 -0.4823 0.5984, 3.1299 -0.4592 0.6541, 3.1299 -0.4796 0.6188, 3.1299 -0.4717 0.6378, 3.1299 -0.4239 0.6745, 3.189 -0.4823 0.5984, 3.189 -0.4796 0.6188, 3.189 -0.4239 0.6745, 3.189 -0.4429 0.6666, 3.189 -0.4592 0.6541, 3.189 -0.4717 0.6378, 2.7362 -0.2461 0.5984, 2.7362 -0.128 0.5984, 2.7953 -0.2461 0.5984, 2.7953 -0.128 0.5984, 2.7953 -0.4035 0.6772, 2.7953 -0.128 0.6772, 2.7362 -0.4035 0.6772, 2.7362 -0.128 0.6772, 2.7362 -0.4429 0.6666, 2.7362 -0.4823 0.5984, 2.7362 -0.4592 0.6541, 2.7362 -0.4796 0.6188, 2.7362 -0.4717 0.6378, 2.7362 -0.4239 0.6745, 2.7953 -0.4823 0.5984, 2.7953 -0.4796 0.6188, 2.7953 -0.4239 0.6745, 2.7953 -0.4429 0.6666, 2.7953 -0.4592 0.6541, 2.7953 -0.4717 0.6378, 2.3425 -0.2461 0.5984, 2.3425 -0.128 0.5984, 2.4016 -0.2461 0.5984, 2.4016 -0.128 0.5984, 2.4016 -0.4035 0.6772, 2.4016 -0.128 0.6772, 2.3425 -0.4035 0.6772, 2.3425 -0.128 0.6772, 2.3425 -0.4429 0.6666, 2.3425 -0.4823 0.5984, 2.3425 -0.4592 0.6541, 2.3425 -0.4796 0.6188, 2.3425 -0.4717 0.6378, 2.3425 -0.4239 0.6745, 2.4016 -0.4823 0.5984, 2.4016 -0.4796 0.6188, 2.4016 -0.4239 0.6745, 2.4016 -0.4429 0.6666, 2.4016 -0.4592 0.6541, 2.4016 -0.4717 0.6378, 1.9488 -0.2461 0.5984, 1.9488 -0.128 0.5984, 2.0079 -0.2461 0.5984, 2.0079 -0.128 0.5984, 2.0079 -0.4035 0.6772, 2.0079 -0.128 0.6772, 1.9488 -0.4035 0.6772, 1.9488 -0.128 0.6772, 1.9488 -0.4429 0.6666, 1.9488 -0.4823 0.5984, 1.9488 -0.4592 0.6541, 1.9488 -0.4796 0.6188, 1.9488 -0.4717 0.6378, 1.9488 -0.4239 0.6745, 2.0079 -0.4823 0.5984, 2.0079 -0.4796 0.6188, 2.0079 -0.4239 0.6745, 2.0079 -0.4429 0.6666, 2.0079 -0.4592 0.6541, 2.0079 -0.4717 0.6378, 1.5551 -0.2461 0.5984, 1.5551 -0.128 0.5984, 1.6142 -0.2461 0.5984, 1.6142 -0.128 0.5984, 1.6142 -0.4035 0.6772, 1.6142 -0.128 0.6772, 1.5551 -0.4035 0.6772, 1.5551 -0.128 0.6772, 1.5551 -0.4429 0.6666, 1.5551 -0.4823 0.5984, 1.5551 -0.4592 0.6541, 1.5551 -0.4796 0.6188, 1.5551 -0.4717 0.6378, 1.5551 -0.4239 0.6745, 1.6142 -0.4823 0.5984, 1.6142 -0.4796 0.6188, 1.6142 -0.4239 0.6745, 1.6142 -0.4429 0.6666, 1.6142 -0.4592 0.6541, 1.6142 -0.4717 0.6378, 1.1614 -0.2461 0.5984, 1.1614 -0.128 0.5984, 1.2205 -0.2461 0.5984, 1.2205 -0.128 0.5984, 1.2205 -0.4035 0.6772, 1.2205 -0.128 0.6772, 1.1614 -0.4035 0.6772, 1.1614 -0.128 0.6772, 1.1614 -0.4429 0.6666, 1.1614 -0.4823 0.5984, 1.1614 -0.4592 0.6541, 1.1614 -0.4796 0.6188, 1.1614 -0.4717 0.6378, 1.1614 -0.4239 0.6745, 1.2205 -0.4823 0.5984, 1.2205 -0.4796 0.6188, 1.2205 -0.4239 0.6745, 1.2205 -0.4429 0.6666, 1.2205 -0.4592 0.6541, 1.2205 -0.4717 0.6378, 0.7677 -0.2461 0.5984, 0.7677 -0.128 0.5984, 0.8268 -0.2461 0.5984, 0.8268 -0.128 0.5984, 0.8268 -0.4035 0.6772, 0.8268 -0.128 0.6772, 0.7677 -0.4035 0.6772, 0.7677 -0.128 0.6772, 0.7677 -0.4429 0.6666, 0.7677 -0.4823 0.5984, 0.7677 -0.4592 0.6541, 0.7677 -0.4796 0.6188, 0.7677 -0.4717 0.6378, 0.7677 -0.4239 0.6745, 0.8268 -0.4823 0.5984, 0.8268 -0.4796 0.6188, 0.8268 -0.4239 0.6745, 0.8268 -0.4429 0.6666, 0.8268 -0.4592 0.6541, 0.8268 -0.4717 0.6378, 0.374 -0.2461 0.5984, 0.374 -0.128 0.5984, 0.4331 -0.2461 0.5984, 0.4331 -0.128 0.5984, 0.4331 -0.4035 0.6772, 0.4331 -0.128 0.6772, 0.374 -0.4035 0.6772, 0.374 -0.128 0.6772, 0.374 -0.4429 0.6666, 0.374 -0.4823 0.5984, 0.374 -0.4592 0.6541, 0.374 -0.4796 0.6188, 0.374 -0.4717 0.6378, 0.374 -0.4239 0.6745, 0.4331 -0.4823 0.5984, 0.4331 -0.4796 0.6188, 0.4331 -0.4239 0.6745, 0.4331 -0.4429 0.6666, 0.4331 -0.4592 0.6541, 0.4331 -0.4717 0.6378, -0.0197 -0.128 0.5984, 0.0394 -0.128 0.5984, -0.0197 -0.2461 0.5984, 0.0394 -0.2461 0.5984, -0.0197 -0.4035 0.6772, 0.0394 -0.4035 0.6772, -0.0197 -0.128 0.6772, 0.0394 -0.128 0.6772, 0.0394 -0.4823 0.5984, 0.0394 -0.4796 0.6188, 0.0394 -0.4239 0.6745, 0.0394 -0.4429 0.6666, 0.0394 -0.4592 0.6541, 0.0394 -0.4717 0.6378, -0.0197 -0.4239 0.6745, -0.0197 -0.4429 0.6666, -0.0197 -0.4592 0.6541, -0.0197 -0.4717 0.6378, -0.0197 -0.4796 0.6188, -0.0197 -0.4823 0.5984, -0.0197 -0.4823 0.5984
            ]
        }
        coordIndex [
            0,1,2,-1,2,1,3,-1,4,5,6,-1,6,5,7,-1,8,9,10,-1,10,9,11,-1,10,11,12,-1,8,13,9,-1,9,13,6,-1,9,6,0,-1,0,6,7,-1,0,7,1,-1,2,3,5,-1,2,5,14,-1,14,5,4,-1,14,4,15,-1,16,17,18,-1,16,18,4,-1,4,18,19,-1,4,19,15,-1,4,6,13,-1,4,13,16,-1,16,13,8,-1,16,8,17,-1,17,8,10,-1,17,10,18,-1,18,10,12,-1,18,12,19,-1,19,12,11,-1,19,11,15,-1,15,11,9,-1,15,9,14,-1,20,21,22,-1,22,21,23,-1,24,25,26,-1,26,25,27,-1,28,29,30,-1,30,29,31,-1,30,31,32,-1,28,33,29,-1,29,33,26,-1,29,26,20,-1,20,26,27,-1,20,27,21,-1,22,23,25,-1,22,25,34,-1,34,25,24,-1,34,24,35,-1,36,37,38,-1,36,38,24,-1,24,38,39,-1,24,39,35,-1,40,41,42,-1,42,41,43,-1,44,45,46,-1,46,45,47,-1,48,49,50,-1,50,49,51,-1,50,51,52,-1,48,53,49,-1,49,53,46,-1,49,46,40,-1,40,46,47,-1,40,47,41,-1,42,43,45,-1,42,45,54,-1,54,45,44,-1,54,44,55,-1,56,57,58,-1,56,58,44,-1,44,58,59,-1,44,59,55,-1,60,61,62,-1,62,61,63,-1,64,65,66,-1,66,65,67,-1,68,69,70,-1,70,69,71,-1,70,71,72,-1,68,73,69,-1,69,73,66,-1,69,66,60,-1,60,66,67,-1,60,67,61,-1,62,63,65,-1,62,65,74,-1,74,65,64,-1,74,64,75,-1,76,77,78,-1,76,78,64,-1,64,78,79,-1,64,79,75,-1,80,81,82,-1,82,81,83,-1,84,85,86,-1,86,85,87,-1,88,89,90,-1,90,89,91,-1,90,91,92,-1,88,93,89,-1,89,93,86,-1,89,86,80,-1,80,86,87,-1,80,87,81,-1,82,83,85,-1,82,85,94,-1,94,85,84,-1,94,84,95,-1,96,97,98,-1,96,98,84,-1,84,98,99,-1,84,99,95,-1,100,101,102,-1,102,101,103,-1,104,105,106,-1,106,105,107,-1,108,109,110,-1,110,109,111,-1,110,111,112,-1,108,113,109,-1,109,113,106,-1,109,106,100,-1,100,106,107,-1,100,107,101,-1,102,103,105,-1,102,105,114,-1,114,105,104,-1,114,104,115,-1,116,117,118,-1,116,118,104,-1,104,118,119,-1,104,119,115,-1,120,121,122,-1,122,121,123,-1,124,125,126,-1,126,125,127,-1,128,129,130,-1,130,129,131,-1,130,131,132,-1,128,133,129,-1,129,133,126,-1,129,126,120,-1,120,126,127,-1,120,127,121,-1,122,123,125,-1,122,125,134,-1,134,125,124,-1,134,124,135,-1,136,137,138,-1,136,138,124,-1,124,138,139,-1,124,139,135,-1,140,141,142,-1,142,141,143,-1,144,145,146,-1,146,145,147,-1,148,149,150,-1,150,149,151,-1,150,151,152,-1,148,153,149,-1,149,153,146,-1,149,146,140,-1,140,146,147,-1,140,147,141,-1,142,143,145,-1,142,145,154,-1,154,145,144,-1,154,144,155,-1,156,157,158,-1,156,158,144,-1,144,158,159,-1,144,159,155,-1,160,161,162,-1,162,161,163,-1,164,165,166,-1,166,165,167,-1,163,161,167,-1,163,167,168,-1,168,167,165,-1,168,165,169,-1,170,171,172,-1,170,172,165,-1,165,172,173,-1,165,173,169,-1,24,26,33,-1,24,33,36,-1,36,33,28,-1,36,28,37,-1,37,28,30,-1,37,30,38,-1,38,30,32,-1,38,32,39,-1,39,32,31,-1,39,31,35,-1,35,31,29,-1,35,29,34,-1,44,46,53,-1,44,53,56,-1,56,53,48,-1,56,48,57,-1,57,48,50,-1,57,50,58,-1,58,50,52,-1,58,52,59,-1,59,52,51,-1,59,51,55,-1,55,51,49,-1,55,49,54,-1,64,66,73,-1,64,73,76,-1,76,73,68,-1,76,68,77,-1,77,68,70,-1,77,70,78,-1,78,70,72,-1,78,72,79,-1,79,72,71,-1,79,71,75,-1,75,71,69,-1,75,69,74,-1,84,86,93,-1,84,93,96,-1,96,93,88,-1,96,88,97,-1,97,88,90,-1,97,90,98,-1,98,90,92,-1,98,92,99,-1,99,92,91,-1,99,91,95,-1,95,91,89,-1,95,89,94,-1,104,106,113,-1,104,113,116,-1,116,113,108,-1,116,108,117,-1,117,108,110,-1,117,110,118,-1,118,110,112,-1,118,112,119,-1,119,112,111,-1,119,111,115,-1,115,111,109,-1,115,109,114,-1,124,126,133,-1,124,133,136,-1,136,133,128,-1,136,128,137,-1,137,128,130,-1,137,130,138,-1,138,130,132,-1,138,132,139,-1,139,132,131,-1,139,131,135,-1,135,131,129,-1,135,129,134,-1,144,146,153,-1,144,153,156,-1,156,153,148,-1,156,148,157,-1,157,148,150,-1,157,150,158,-1,158,150,152,-1,158,152,159,-1,159,152,151,-1,159,151,155,-1,155,151,149,-1,155,149,154,-1,165,164,174,-1,165,174,170,-1,170,174,175,-1,170,175,171,-1,171,175,176,-1,171,176,172,-1,172,176,177,-1,172,177,173,-1,173,177,178,-1,173,178,169,-1,169,178,179,-1,169,179,168,-1,
        ]
    }
}
Shape{
    appearance Appearance {
        material  Material 	{
            diffuseColor 0.20784313725490197 0.20784313725490197 0.20784313725490197
            specularColor 0.01568627450980392 0.01568627450980392 0.01568627450980392
            ambientIntensity 0.2
            transparency 0
            shininess 0.5
        }
    }
    geometry IndexedFaceSet {
        ccw TRUE
        solid FALSE
        coord DEF co Coordinate {
            point [
                3.563 -0.0098 0.5984, 3.9567 -0.0098 0.5984, 3.563 -0.2461 0.5984, 3.9567 -0.2461 0.5984, 3.9567 -0.1673 0.7559, 3.563 -0.1673 0.7559, 3.563 -0.1673 0.7559
            ]
        }
        coordIndex [
            0,1,2,-1,2,1,3,-1,4,1,5,-1,5,1,0,-1,
        ]
    }
}
Shape{
    appearance Appearance {
        material  Material 	{
            diffuseColor 0.6666666666666666 0.6666666666666666 0.6666666666666666
            specularColor 0.4666666666666667 0.4666666666666667 0.4666666666666667
            ambientIntensity 0.2
            transparency 0
            shininess 0.5
        }
    }
    geometry IndexedFaceSet {
        ccw TRUE
        solid FALSE
        coord DEF co Coordinate {
            point [
                4.2323 0.0445 0.0669, 4.2323 0.0445 -0.0118, 4.2305 0.0575 -0.0118, 4.2305 0.0575 0.0669, 4.2258 0.0696 -0.0118, 4.2258 0.0696 0.0669, 4.2183 0.0804 -0.0118, 4.2183 0.0804 0.0669, 4.2085 0.089 -0.0118, 4.2085 0.089 0.0669, 4.197 0.0951 -0.0118, 4.197 0.0951 0.0669, 4.2302 0.0304 0.0669, 4.2302 0.0304 -0.0118, 4.2246 0.0173 0.0669, 4.2246 0.0173 -0.0118, 4.2159 0.006 0.0669, 4.2159 0.006 -0.0118, 4.2045 -0.0026 0.0669, 4.2045 -0.0026 -0.0118, 4.1913 -0.008 0.0669, 4.1913 -0.008 -0.0118, 4.1772 -0.0098 0.0669, 4.1772 -0.0098 -0.0118, 4.2323 0.3295 0.0669, 4.2323 0.3295 -0.0118, 4.2302 0.3436 -0.0118, 4.2302 0.3436 0.0669, 4.2246 0.3568 -0.0118, 4.2246 0.3568 0.0669, 4.2159 0.368 -0.0118, 4.2159 0.368 0.0669, 4.2045 0.3766 -0.0118, 4.2045 0.3766 0.0669, 4.1913 0.382 -0.0118, 4.1913 0.382 0.0669, 4.1772 0.3839 -0.0118, 4.1772 0.3839 0.0669, 4.197 0.2789 0.0669, 4.197 0.2789 -0.0118, 4.2085 0.285 -0.0118, 4.2085 0.285 0.0669, 4.2183 0.2936 -0.0118, 4.2183 0.2936 0.0669, 4.2258 0.3044 -0.0118, 4.2258 0.3044 0.0669, 4.2305 0.3166 -0.0118, 4.2305 0.3166 0.0669, 4.2305 0.3166 0.0669
            ]
        }
        coordIndex [
            0,1,2,-1,0,2,3,-1,3,2,4,-1,3,4,5,-1,5,4,6,-1,5,6,7,-1,7,6,8,-1,7,8,9,-1,9,8,10,-1,9,10,11,-1,1,0,12,-1,1,12,13,-1,13,12,14,-1,13,14,15,-1,15,14,16,-1,15,16,17,-1,17,16,18,-1,17,18,19,-1,19,18,20,-1,19,20,21,-1,21,20,22,-1,21,22,23,-1,24,25,26,-1,24,26,27,-1,27,26,28,-1,27,28,29,-1,29,28,30,-1,29,30,31,-1,31,30,32,-1,31,32,33,-1,33,32,34,-1,33,34,35,-1,35,34,36,-1,35,36,37,-1,38,39,40,-1,38,40,41,-1,41,40,42,-1,41,42,43,-1,43,42,44,-1,43,44,45,-1,45,44,46,-1,45,46,47,-1,47,46,25,-1,47,25,24,-1,
        ]
    }
}
Shape{
    appearance Appearance {
        material  Material 	{
            diffuseColor 0.20784313725490197 0.20784313725490197 0.20784313725490197
            specularColor 0.01568627450980392 0.01568627450980392 0.01568627450980392
            ambientIntensity 0.2
            transparency 0
            shininess 0.5
        }
    }
    geometry IndexedFaceSet {
        ccw TRUE
        solid FALSE
        coord DEF co Coordinate {
            point [
                3.9567 -0.7185 0.7559, 4.1535 -0.7185 0.7559, 3.9567 -0.7185 0.1969, 4.1535 -0.7185 0.1969, 3.9567 -0.6791 0.7559, 3.9567 -0.6791 0.1969, 3.9567 -0.6791 0.1969
            ]
        }
        coordIndex [
            0,1,2,-1,2,1,3,-1,4,0,5,-1,5,0,2,-1,
        ]
    }
}
Shape{
    appearance Appearance {
        material  Material 	{
            diffuseColor 0.6666666666666666 0.6666666666666666 0.6666666666666666
            specularColor 0.4666666666666667 0.4666666666666667 0.4666666666666667
            ambientIntensity 0.2
            transparency 0
            shininess 0.5
        }
    }
    geometry IndexedFaceSet {
        ccw TRUE
        solid FALSE
        coord DEF co Coordinate {
            point [
                -4.197 0.2789 0.0669, -4.197 0.2789 -0.0118, -4.1761 0.2678 0.0669, -4.1761 0.2678 -0.0118, -4.1584 0.2521 0.0669, -4.1584 0.2521 -0.0118, -4.145 0.2326 0.0669, -4.145 0.2326 -0.0118, -4.1367 0.2105 0.0669, -4.1367 0.2105 -0.0118, -4.1339 0.187 0.0669, -4.1339 0.187 -0.0118, -4.1367 0.1635 0.0669, -4.1367 0.1635 -0.0118, -4.145 0.1414 0.0669, -4.145 0.1414 -0.0118, -4.1584 0.1219 0.0669, -4.1584 0.1219 -0.0118, -4.1761 0.1062 0.0669, -4.1761 0.1062 -0.0118, -4.197 0.0951 0.0669, -4.197 0.0951 -0.0118, -4.2323 0.3295 0.0669, -4.2323 0.3295 -0.0118, -4.2305 0.3166 -0.0118, -4.2305 0.3166 0.0669, -4.2258 0.3044 -0.0118, -4.2258 0.3044 0.0669, -4.2183 0.2936 -0.0118, -4.2183 0.2936 0.0669, -4.2085 0.285 -0.0118, -4.2085 0.285 0.0669, -4.2085 0.089 -0.0118, -4.2085 0.089 0.0669, -4.2183 0.0804 -0.0118, -4.2183 0.0804 0.0669, -4.2258 0.0696 -0.0118, -4.2258 0.0696 0.0669, -4.2305 0.0575 -0.0118, -4.2305 0.0575 0.0669, -4.2323 0.0445 -0.0118, -4.2323 0.0445 0.0669, -4.2302 0.3436 0.0669, -4.2302 0.3436 -0.0118, -4.2246 0.3568 0.0669, -4.2246 0.3568 -0.0118, -4.2159 0.368 0.0669, -4.2159 0.368 -0.0118, -4.2045 0.3766 0.0669, -4.2045 0.3766 -0.0118, -4.1913 0.382 0.0669, -4.1913 0.382 -0.0118, -4.1772 0.3839 0.0669, -4.1772 0.3839 -0.0118, -4.1772 -0.0098 -0.0118, -3.7598 0.3839 -0.0118, -3.7598 -0.0098 -0.0118, -4.1913 -0.008 -0.0118, -4.2302 0.0304 -0.0118, -4.2045 -0.0026 -0.0118, -4.2159 0.006 -0.0118, -4.2246 0.0173 -0.0118, -4.2302 0.0304 0.0669, -4.2246 0.0173 0.0669, -4.2159 0.006 0.0669, -4.2045 -0.0026 0.0669, -4.1913 -0.008 0.0669, -4.1772 -0.0098 0.0669, -3.7598 -0.0098 0.0669, -3.7598 0.3839 0.0669, -3.7395 0.3839 -0.0091, -3.6917 0.3839 0.0276, -3.6838 0.3839 0.0465, -3.6811 0.3839 0.0669, -3.7042 0.3839 0.0113, -3.7205 0.3839 -0.0013, -3.1102 1.0339 0.4773, -3.1102 1.0339 0.1689, -3.189 1.0339 0.4773, -3.189 1.0339 0.1689, -3.1102 1.1319 0.0866, -3.189 1.1319 0.0866, -3.1102 1.2894 0.0866, -3.189 1.2894 0.0866, -3.1102 1.3287 0.0472, -3.189 1.3287 0.0472, -3.189 1.3274 0.0574, -3.1102 1.3274 0.0574, -3.189 1.3235 0.0669, -3.1102 1.3235 0.0669, -3.189 1.3172 0.0751, -3.1102 1.3172 0.0751, -3.189 1.3091 0.0813, -3.1102 1.3091 0.0813, -3.189 1.2996 0.0853, -3.1102 1.2996 0.0853, -3.1102 1.3287 -0.0118, -3.189 1.3287 -0.0118, -2.7165 1.0339 0.4773, -2.7165 1.0339 0.1689, -2.7953 1.0339 0.4773, -2.7953 1.0339 0.1689, -2.7165 1.1319 0.0866, -2.7953 1.1319 0.0866, -2.7165 1.2894 0.0866, -2.7953 1.2894 0.0866, -2.7165 1.3287 0.0472, -2.7953 1.3287 0.0472, -2.7953 1.3274 0.0574, -2.7165 1.3274 0.0574, -2.7953 1.3235 0.0669, -2.7165 1.3235 0.0669, -2.7953 1.3172 0.0751, -2.7165 1.3172 0.0751, -2.7953 1.3091 0.0813, -2.7165 1.3091 0.0813, -2.7953 1.2996 0.0853, -2.7165 1.2996 0.0853, -2.7165 1.3287 -0.0118, -2.7953 1.3287 -0.0118, -2.3228 1.0339 0.4773, -2.3228 1.0339 0.1689, -2.4016 1.0339 0.4773, -2.4016 1.0339 0.1689, -2.3228 1.1319 0.0866, -2.4016 1.1319 0.0866, -2.3228 1.2894 0.0866, -2.4016 1.2894 0.0866, -2.3228 1.3287 0.0472, -2.4016 1.3287 0.0472, -2.4016 1.3274 0.0574, -2.3228 1.3274 0.0574, -2.4016 1.3235 0.0669, -2.3228 1.3235 0.0669, -2.4016 1.3172 0.0751, -2.3228 1.3172 0.0751, -2.4016 1.3091 0.0813, -2.3228 1.3091 0.0813, -2.4016 1.2996 0.0853, -2.3228 1.2996 0.0853, -2.3228 1.3287 -0.0118, -2.4016 1.3287 -0.0118, -1.9291 1.0339 0.4773, -1.9291 1.0339 0.1689, -2.0079 1.0339 0.4773, -2.0079 1.0339 0.1689, -1.9291 1.1319 0.0866, -2.0079 1.1319 0.0866, -1.9291 1.2894 0.0866, -2.0079 1.2894 0.0866, -1.9291 1.3287 0.0472, -2.0079 1.3287 0.0472, -2.0079 1.3274 0.0574, -1.9291 1.3274 0.0574, -2.0079 1.3235 0.0669, -1.9291 1.3235 0.0669, -2.0079 1.3172 0.0751, -1.9291 1.3172 0.0751, -2.0079 1.3091 0.0813, -1.9291 1.3091 0.0813, -2.0079 1.2996 0.0853, -1.9291 1.2996 0.0853, -1.9291 1.3287 -0.0118, -2.0079 1.3287 -0.0118, -1.5354 1.0339 0.4773, -1.5354 1.0339 0.1689, -1.6142 1.0339 0.4773, -1.6142 1.0339 0.1689, -1.5354 1.1319 0.0866, -1.6142 1.1319 0.0866, -1.5354 1.2894 0.0866, -1.6142 1.2894 0.0866, -1.5354 1.3287 0.0472, -1.6142 1.3287 0.0472, -1.6142 1.3274 0.0574, -1.5354 1.3274 0.0574, -1.6142 1.3235 0.0669, -1.5354 1.3235 0.0669, -1.6142 1.3172 0.0751, -1.5354 1.3172 0.0751, -1.6142 1.3091 0.0813, -1.5354 1.3091 0.0813, -1.6142 1.2996 0.0853, -1.5354 1.2996 0.0853, -1.5354 1.3287 -0.0118, -1.6142 1.3287 -0.0118, -1.1417 1.0339 0.4773, -1.1417 1.0339 0.1689, -1.2205 1.0339 0.4773, -1.2205 1.0339 0.1689, -1.1417 1.1319 0.0866, -1.2205 1.1319 0.0866, -1.1417 1.2894 0.0866, -1.2205 1.2894 0.0866, -1.1417 1.3287 0.0472, -1.2205 1.3287 0.0472, -1.2205 1.3274 0.0574, -1.1417 1.3274 0.0574, -1.2205 1.3235 0.0669, -1.1417 1.3235 0.0669, -1.2205 1.3172 0.0751, -1.1417 1.3172 0.0751, -1.2205 1.3091 0.0813, -1.1417 1.3091 0.0813, -1.2205 1.2996 0.0853, -1.1417 1.2996 0.0853, -1.1417 1.3287 -0.0118, -1.2205 1.3287 -0.0118, -0.748 1.0339 0.4773, -0.748 1.0339 0.1689, -0.8268 1.0339 0.4773, -0.8268 1.0339 0.1689, -0.748 1.1319 0.0866, -0.8268 1.1319 0.0866, -0.748 1.2894 0.0866, -0.8268 1.2894 0.0866, -0.748 1.3287 0.0472, -0.8268 1.3287 0.0472, -0.8268 1.3274 0.0574, -0.748 1.3274 0.0574, -0.8268 1.3235 0.0669, -0.748 1.3235 0.0669, -0.8268 1.3172 0.0751, -0.748 1.3172 0.0751, -0.8268 1.3091 0.0813, -0.748 1.3091 0.0813, -0.8268 1.2996 0.0853, -0.748 1.2996 0.0853, -0.748 1.3287 -0.0118, -0.8268 1.3287 -0.0118, -0.3543 1.0339 0.4773, -0.3543 1.0339 0.1689, -0.4331 1.0339 0.4773, -0.4331 1.0339 0.1689, -0.3543 1.1319 0.0866, -0.4331 1.1319 0.0866, -0.3543 1.2894 0.0866, -0.4331 1.2894 0.0866, -0.3543 1.3287 0.0472, -0.4331 1.3287 0.0472, -0.4331 1.3274 0.0574, -0.3543 1.3274 0.0574, -0.4331 1.3235 0.0669, -0.3543 1.3235 0.0669, -0.4331 1.3172 0.0751, -0.3543 1.3172 0.0751, -0.4331 1.3091 0.0813, -0.3543 1.3091 0.0813, -0.4331 1.2996 0.0853, -0.3543 1.2996 0.0853, -0.3543 1.3287 -0.0118, -0.4331 1.3287 -0.0118, -0.4331 0.498 0.1969, -0.4331 -0.3984 0.1969, -0.3543 0.498 0.1969, -0.3543 -0.3984 0.1969, -0.4331 -0.3247 0.2982, -0.3543 -0.3247 0.2982, -0.4331 -0.5484 0.1931, -0.3543 -0.5484 0.1931, -0.8268 0.498 0.1969, -0.8268 -0.3984 0.1969, -0.748 0.498 0.1969, -0.748 -0.3984 0.1969, -0.8268 -0.3247 0.2982, -0.748 -0.3247 0.2982, -0.8268 -0.5484 0.1931, -0.748 -0.5484 0.1931, -1.2205 0.498 0.1969, -1.2205 -0.3984 0.1969, -1.1417 0.498 0.1969, -1.1417 -0.3984 0.1969, -1.2205 -0.3247 0.2982, -1.1417 -0.3247 0.2982, -1.2205 -0.5484 0.1931, -1.1417 -0.5484 0.1931, -1.6142 0.498 0.1969, -1.6142 -0.3984 0.1969, -1.5354 0.498 0.1969, -1.5354 -0.3984 0.1969, -1.6142 -0.3247 0.2982, -1.5354 -0.3247 0.2982, -1.6142 -0.5484 0.1931, -1.5354 -0.5484 0.1931, -2.0079 0.498 0.1969, -2.0079 -0.3984 0.1969, -1.9291 0.498 0.1969, -1.9291 -0.3984 0.1969, -2.0079 -0.3247 0.2982, -1.9291 -0.3247 0.2982, -2.0079 -0.5484 0.1931, -1.9291 -0.5484 0.1931, -2.4016 0.498 0.1969, -2.4016 -0.3984 0.1969, -2.3228 0.498 0.1969, -2.3228 -0.3984 0.1969, -2.4016 -0.3247 0.2982, -2.3228 -0.3247 0.2982, -2.4016 -0.5484 0.1931, -2.3228 -0.5484 0.1931, -2.7953 0.498 0.1969, -2.7953 -0.3984 0.1969, -2.7165 0.498 0.1969, -2.7165 -0.3984 0.1969, -2.7953 -0.3247 0.2982, -2.7165 -0.3247 0.2982, -2.7953 -0.5484 0.1931, -2.7165 -0.5484 0.1931, -3.189 0.498 0.1969, -3.189 -0.3984 0.1969, -3.1102 0.498 0.1969, -3.1102 -0.3984 0.1969, -3.189 -0.3247 0.2982, -3.1102 -0.3247 0.2982, -3.189 -0.5484 0.1931, -3.1102 -0.5484 0.1931, -3.7598 -0.0098 0.0787, -3.7598 0.9744 0.0787, -3.7598 0.9744 0.0669, -3.189 -0.5317 0.1181, -3.1102 -0.5317 0.1181, -3.1102 -0.5413 0.1193, -3.189 -0.5413 0.1193, -3.1102 -0.5503 0.1228, -3.189 -0.5503 0.1228, -3.1102 -0.5582 0.1283, -3.189 -0.5582 0.1283, -3.1102 -0.5644 0.1356, -3.189 -0.5644 0.1356, -3.1102 -0.5688 0.1443, -3.189 -0.5688 0.1443, -3.1102 -0.5709 0.1537, -3.189 -0.5709 0.1537, -3.1102 -0.5706 0.1633, -3.189 -0.5706 0.1633, -3.1102 -0.568 0.1726, -3.189 -0.568 0.1726, -3.1102 -0.5633 0.181, -3.189 -0.5633 0.181, -3.1102 -0.5566 0.188, -3.189 -0.5566 0.188, -2.7953 -0.5317 0.1181, -2.7165 -0.5317 0.1181, -2.7165 -0.5413 0.1193, -2.7953 -0.5413 0.1193, -2.7165 -0.5503 0.1228, -2.7953 -0.5503 0.1228, -2.7165 -0.5582 0.1283, -2.7953 -0.5582 0.1283, -2.7165 -0.5644 0.1356, -2.7953 -0.5644 0.1356, -2.7165 -0.5688 0.1443, -2.7953 -0.5688 0.1443, -2.7165 -0.5709 0.1537, -2.7953 -0.5709 0.1537, -2.7165 -0.5706 0.1633, -2.7953 -0.5706 0.1633, -2.7165 -0.568 0.1726, -2.7953 -0.568 0.1726, -2.7165 -0.5633 0.181, -2.7953 -0.5633 0.181, -2.7165 -0.5566 0.188, -2.7953 -0.5566 0.188, -2.4016 -0.5317 0.1181, -2.3228 -0.5317 0.1181, -2.3228 -0.5413 0.1193, -2.4016 -0.5413 0.1193, -2.3228 -0.5503 0.1228, -2.4016 -0.5503 0.1228, -2.3228 -0.5582 0.1283, -2.4016 -0.5582 0.1283, -2.3228 -0.5644 0.1356, -2.4016 -0.5644 0.1356, -2.3228 -0.5688 0.1443, -2.4016 -0.5688 0.1443, -2.3228 -0.5709 0.1537, -2.4016 -0.5709 0.1537, -2.3228 -0.5706 0.1633, -2.4016 -0.5706 0.1633, -2.3228 -0.568 0.1726, -2.4016 -0.568 0.1726, -2.3228 -0.5633 0.181, -2.4016 -0.5633 0.181, -2.3228 -0.5566 0.188, -2.4016 -0.5566 0.188, -2.0079 -0.5317 0.1181, -1.9291 -0.5317 0.1181, -1.9291 -0.5413 0.1193, -2.0079 -0.5413 0.1193, -1.9291 -0.5503 0.1228, -2.0079 -0.5503 0.1228, -1.9291 -0.5582 0.1283, -2.0079 -0.5582 0.1283, -1.9291 -0.5644 0.1356, -2.0079 -0.5644 0.1356, -1.9291 -0.5688 0.1443, -2.0079 -0.5688 0.1443, -1.9291 -0.5709 0.1537, -2.0079 -0.5709 0.1537, -1.9291 -0.5706 0.1633, -2.0079 -0.5706 0.1633, -1.9291 -0.568 0.1726, -2.0079 -0.568 0.1726, -1.9291 -0.5633 0.181, -2.0079 -0.5633 0.181, -1.9291 -0.5566 0.188, -2.0079 -0.5566 0.188, -1.6142 -0.5317 0.1181, -1.5354 -0.5317 0.1181, -1.5354 -0.5413 0.1193, -1.6142 -0.5413 0.1193, -1.5354 -0.5503 0.1228, -1.6142 -0.5503 0.1228, -1.5354 -0.5582 0.1283, -1.6142 -0.5582 0.1283, -1.5354 -0.5644 0.1356, -1.6142 -0.5644 0.1356, -1.5354 -0.5688 0.1443, -1.6142 -0.5688 0.1443, -1.5354 -0.5709 0.1537, -1.6142 -0.5709 0.1537, -1.5354 -0.5706 0.1633, -1.6142 -0.5706 0.1633, -1.5354 -0.568 0.1726, -1.6142 -0.568 0.1726, -1.5354 -0.5633 0.181, -1.6142 -0.5633 0.181, -1.5354 -0.5566 0.188, -1.6142 -0.5566 0.188, -1.2205 -0.5317 0.1181, -1.1417 -0.5317 0.1181, -1.1417 -0.5413 0.1193, -1.2205 -0.5413 0.1193, -1.1417 -0.5503 0.1228, -1.2205 -0.5503 0.1228, -1.1417 -0.5582 0.1283, -1.2205 -0.5582 0.1283, -1.1417 -0.5644 0.1356, -1.2205 -0.5644 0.1356, -1.1417 -0.5688 0.1443, -1.2205 -0.5688 0.1443, -1.1417 -0.5709 0.1537, -1.2205 -0.5709 0.1537, -1.1417 -0.5706 0.1633, -1.2205 -0.5706 0.1633, -1.1417 -0.568 0.1726, -1.2205 -0.568 0.1726, -1.1417 -0.5633 0.181, -1.2205 -0.5633 0.181, -1.1417 -0.5566 0.188, -1.2205 -0.5566 0.188, -0.8268 -0.5317 0.1181, -0.748 -0.5317 0.1181, -0.748 -0.5413 0.1193, -0.8268 -0.5413 0.1193, -0.748 -0.5503 0.1228, -0.8268 -0.5503 0.1228, -0.748 -0.5582 0.1283, -0.8268 -0.5582 0.1283, -0.748 -0.5644 0.1356, -0.8268 -0.5644 0.1356, -0.748 -0.5688 0.1443, -0.8268 -0.5688 0.1443, -0.748 -0.5709 0.1537, -0.8268 -0.5709 0.1537, -0.748 -0.5706 0.1633, -0.8268 -0.5706 0.1633, -0.748 -0.568 0.1726, -0.8268 -0.568 0.1726, -0.748 -0.5633 0.181, -0.8268 -0.5633 0.181, -0.748 -0.5566 0.188, -0.8268 -0.5566 0.188, -0.4331 -0.5317 0.1181, -0.3543 -0.5317 0.1181, -0.3543 -0.5413 0.1193, -0.4331 -0.5413 0.1193, -0.3543 -0.5503 0.1228, -0.4331 -0.5503 0.1228, -0.3543 -0.5582 0.1283, -0.4331 -0.5582 0.1283, -0.3543 -0.5644 0.1356, -0.4331 -0.5644 0.1356, -0.3543 -0.5688 0.1443, -0.4331 -0.5688 0.1443, -0.3543 -0.5709 0.1537, -0.4331 -0.5709 0.1537, -0.3543 -0.5706 0.1633, -0.4331 -0.5706 0.1633, -0.3543 -0.568 0.1726, -0.4331 -0.568 0.1726, -0.3543 -0.5633 0.181, -0.4331 -0.5633 0.181, -0.3543 -0.5566 0.188, -0.4331 -0.5566 0.188, -0.3543 0.9941 -0.0118, -0.4331 0.9941 -0.0118, -0.748 0.9941 -0.0118, -0.8268 0.9941 -0.0118, -1.1417 0.9941 -0.0118, -1.2205 0.9941 -0.0118, -1.5354 0.9941 -0.0118, -1.6142 0.9941 -0.0118, -1.9291 0.9941 -0.0118, -2.0079 0.9941 -0.0118, -2.3228 0.9941 -0.0118, -2.4016 0.9941 -0.0118, -2.7165 0.9941 -0.0118, -2.7953 0.9941 -0.0118, -3.1102 0.9941 -0.0118, -3.189 0.9941 -0.0118, -3.7598 0.9744 0.5118, -3.6811 0.9744 0.5118, -3.6811 0.9744 0.0787, -3.6811 0.9744 0.0669, -3.6811 -0.0098 0.0669, -3.6838 -0.0098 0.0465, -3.6917 -0.0098 0.0276, -3.7042 -0.0098 0.0113, -3.7205 -0.0098 -0.0013, -3.7395 -0.0098 -0.0091, -3.6811 -0.0098 0.0787, -3.6811 0.9154 0.0669, -3.6811 0.9154 0.0669
            ]
        }
        coordIndex [
            0,1,2,-1,2,1,3,-1,2,3,4,-1,4,3,5,-1,4,5,6,-1,6,5,7,-1,6,7,8,-1,8,7,9,-1,8,9,10,-1,10,9,11,-1,10,11,12,-1,12,11,13,-1,12,13,14,-1,14,13,15,-1,14,15,16,-1,16,15,17,-1,16,17,18,-1,18,17,19,-1,18,19,20,-1,20,19,21,-1,22,23,24,-1,22,24,25,-1,25,24,26,-1,25,26,27,-1,27,26,28,-1,27,28,29,-1,29,28,30,-1,29,30,31,-1,31,30,1,-1,31,1,0,-1,20,21,32,-1,20,32,33,-1,33,32,34,-1,33,34,35,-1,35,34,36,-1,35,36,37,-1,37,36,38,-1,37,38,39,-1,39,38,40,-1,39,40,41,-1,23,22,42,-1,23,42,43,-1,43,42,44,-1,43,44,45,-1,45,44,46,-1,45,46,47,-1,47,46,48,-1,47,48,49,-1,49,48,50,-1,49,50,51,-1,51,50,52,-1,51,52,53,-1,21,19,54,-1,7,5,55,-1,54,19,56,-1,56,19,17,-1,56,17,15,-1,55,5,53,-1,54,38,36,-1,15,13,56,-1,56,13,11,-1,56,11,55,-1,55,11,9,-1,55,9,7,-1,57,58,54,-1,54,58,40,-1,54,40,38,-1,57,59,58,-1,58,59,60,-1,58,60,61,-1,36,34,54,-1,54,34,32,-1,54,32,21,-1,5,3,53,-1,53,3,1,-1,53,1,30,-1,30,28,53,-1,53,28,26,-1,53,26,24,-1,49,43,47,-1,47,43,45,-1,24,23,53,-1,53,23,43,-1,53,43,51,-1,51,43,49,-1,41,40,58,-1,41,58,62,-1,62,58,61,-1,62,61,63,-1,63,61,60,-1,63,60,64,-1,64,60,59,-1,64,59,65,-1,65,59,57,-1,65,57,66,-1,66,57,54,-1,66,54,67,-1,14,16,68,-1,68,16,67,-1,0,2,52,-1,6,8,69,-1,69,8,10,-1,69,10,68,-1,68,10,12,-1,68,12,14,-1,52,2,69,-1,69,2,4,-1,69,4,6,-1,16,18,67,-1,67,18,20,-1,67,20,33,-1,52,25,27,-1,33,35,67,-1,67,35,37,-1,67,37,39,-1,65,62,64,-1,64,62,63,-1,39,41,67,-1,67,41,62,-1,67,62,66,-1,66,62,65,-1,50,42,52,-1,52,42,22,-1,52,22,25,-1,50,48,42,-1,42,48,46,-1,42,46,44,-1,27,29,52,-1,52,29,31,-1,52,31,0,-1,53,52,55,-1,55,52,69,-1,55,69,70,-1,71,69,72,-1,72,69,73,-1,71,74,69,-1,69,74,75,-1,69,75,70,-1,76,77,78,-1,78,77,79,-1,77,80,79,-1,79,80,81,-1,80,82,81,-1,81,82,83,-1,84,85,86,-1,84,86,87,-1,87,86,88,-1,87,88,89,-1,89,88,90,-1,89,90,91,-1,91,90,92,-1,91,92,93,-1,93,92,94,-1,93,94,95,-1,95,94,83,-1,95,83,82,-1,84,96,85,-1,85,96,97,-1,98,99,100,-1,100,99,101,-1,99,102,101,-1,101,102,103,-1,102,104,103,-1,103,104,105,-1,106,107,108,-1,106,108,109,-1,109,108,110,-1,109,110,111,-1,111,110,112,-1,111,112,113,-1,113,112,114,-1,113,114,115,-1,115,114,116,-1,115,116,117,-1,117,116,105,-1,117,105,104,-1,106,118,107,-1,107,118,119,-1,120,121,122,-1,122,121,123,-1,121,124,123,-1,123,124,125,-1,124,126,125,-1,125,126,127,-1,128,129,130,-1,128,130,131,-1,131,130,132,-1,131,132,133,-1,133,132,134,-1,133,134,135,-1,135,134,136,-1,135,136,137,-1,137,136,138,-1,137,138,139,-1,139,138,127,-1,139,127,126,-1,128,140,129,-1,129,140,141,-1,142,143,144,-1,144,143,145,-1,143,146,145,-1,145,146,147,-1,146,148,147,-1,147,148,149,-1,150,151,152,-1,150,152,153,-1,153,152,154,-1,153,154,155,-1,155,154,156,-1,155,156,157,-1,157,156,158,-1,157,158,159,-1,159,158,160,-1,159,160,161,-1,161,160,149,-1,161,149,148,-1,150,162,151,-1,151,162,163,-1,164,165,166,-1,166,165,167,-1,165,168,167,-1,167,168,169,-1,168,170,169,-1,169,170,171,-1,172,173,174,-1,172,174,175,-1,175,174,176,-1,175,176,177,-1,177,176,178,-1,177,178,179,-1,179,178,180,-1,179,180,181,-1,181,180,182,-1,181,182,183,-1,183,182,171,-1,183,171,170,-1,172,184,173,-1,173,184,185,-1,186,187,188,-1,188,187,189,-1,187,190,189,-1,189,190,191,-1,190,192,191,-1,191,192,193,-1,194,195,196,-1,194,196,197,-1,197,196,198,-1,197,198,199,-1,199,198,200,-1,199,200,201,-1,201,200,202,-1,201,202,203,-1,203,202,204,-1,203,204,205,-1,205,204,193,-1,205,193,192,-1,194,206,195,-1,195,206,207,-1,208,209,210,-1,210,209,211,-1,209,212,211,-1,211,212,213,-1,212,214,213,-1,213,214,215,-1,216,217,218,-1,216,218,219,-1,219,218,220,-1,219,220,221,-1,221,220,222,-1,221,222,223,-1,223,222,224,-1,223,224,225,-1,225,224,226,-1,225,226,227,-1,227,226,215,-1,227,215,214,-1,216,228,217,-1,217,228,229,-1,230,231,232,-1,232,231,233,-1,231,234,233,-1,233,234,235,-1,234,236,235,-1,235,236,237,-1,238,239,240,-1,238,240,241,-1,241,240,242,-1,241,242,243,-1,243,242,244,-1,243,244,245,-1,245,244,246,-1,245,246,247,-1,247,246,248,-1,247,248,249,-1,249,248,237,-1,249,237,236,-1,238,250,239,-1,239,250,251,-1,252,253,254,-1,254,253,255,-1,253,256,255,-1,255,256,257,-1,256,258,257,-1,257,258,259,-1,260,261,262,-1,262,261,263,-1,261,264,263,-1,263,264,265,-1,264,266,265,-1,265,266,267,-1,268,269,270,-1,270,269,271,-1,269,272,271,-1,271,272,273,-1,272,274,273,-1,273,274,275,-1,276,277,278,-1,278,277,279,-1,277,280,279,-1,279,280,281,-1,280,282,281,-1,281,282,283,-1,284,285,286,-1,286,285,287,-1,285,288,287,-1,287,288,289,-1,288,290,289,-1,289,290,291,-1,292,293,294,-1,294,293,295,-1,293,296,295,-1,295,296,297,-1,296,298,297,-1,297,298,299,-1,300,301,302,-1,302,301,303,-1,301,304,303,-1,303,304,305,-1,304,306,305,-1,305,306,307,-1,308,309,310,-1,310,309,311,-1,309,312,311,-1,311,312,313,-1,312,314,313,-1,313,314,315,-1,68,316,69,-1,69,316,317,-1,69,317,318,-1,319,320,321,-1,319,321,322,-1,322,321,323,-1,322,323,324,-1,324,323,325,-1,324,325,326,-1,326,325,327,-1,326,327,328,-1,328,327,329,-1,328,329,330,-1,330,329,331,-1,330,331,332,-1,332,331,333,-1,332,333,334,-1,334,333,335,-1,334,335,336,-1,336,335,337,-1,336,337,338,-1,338,337,339,-1,338,339,340,-1,340,339,315,-1,340,315,314,-1,341,342,343,-1,341,343,344,-1,344,343,345,-1,344,345,346,-1,346,345,347,-1,346,347,348,-1,348,347,349,-1,348,349,350,-1,350,349,351,-1,350,351,352,-1,352,351,353,-1,352,353,354,-1,354,353,355,-1,354,355,356,-1,356,355,357,-1,356,357,358,-1,358,357,359,-1,358,359,360,-1,360,359,361,-1,360,361,362,-1,362,361,307,-1,362,307,306,-1,363,364,365,-1,363,365,366,-1,366,365,367,-1,366,367,368,-1,368,367,369,-1,368,369,370,-1,370,369,371,-1,370,371,372,-1,372,371,373,-1,372,373,374,-1,374,373,375,-1,374,375,376,-1,376,375,377,-1,376,377,378,-1,378,377,379,-1,378,379,380,-1,380,379,381,-1,380,381,382,-1,382,381,383,-1,382,383,384,-1,384,383,299,-1,384,299,298,-1,385,386,387,-1,385,387,388,-1,388,387,389,-1,388,389,390,-1,390,389,391,-1,390,391,392,-1,392,391,393,-1,392,393,394,-1,394,393,395,-1,394,395,396,-1,396,395,397,-1,396,397,398,-1,398,397,399,-1,398,399,400,-1,400,399,401,-1,400,401,402,-1,402,401,403,-1,402,403,404,-1,404,403,405,-1,404,405,406,-1,406,405,291,-1,406,291,290,-1,407,408,409,-1,407,409,410,-1,410,409,411,-1,410,411,412,-1,412,411,413,-1,412,413,414,-1,414,413,415,-1,414,415,416,-1,416,415,417,-1,416,417,418,-1,418,417,419,-1,418,419,420,-1,420,419,421,-1,420,421,422,-1,422,421,423,-1,422,423,424,-1,424,423,425,-1,424,425,426,-1,426,425,427,-1,426,427,428,-1,428,427,283,-1,428,283,282,-1,429,430,431,-1,429,431,432,-1,432,431,433,-1,432,433,434,-1,434,433,435,-1,434,435,436,-1,436,435,437,-1,436,437,438,-1,438,437,439,-1,438,439,440,-1,440,439,441,-1,440,441,442,-1,442,441,443,-1,442,443,444,-1,444,443,445,-1,444,445,446,-1,446,445,447,-1,446,447,448,-1,448,447,449,-1,448,449,450,-1,450,449,275,-1,450,275,274,-1,451,452,453,-1,451,453,454,-1,454,453,455,-1,454,455,456,-1,456,455,457,-1,456,457,458,-1,458,457,459,-1,458,459,460,-1,460,459,461,-1,460,461,462,-1,462,461,463,-1,462,463,464,-1,464,463,465,-1,464,465,466,-1,466,465,467,-1,466,467,468,-1,468,467,469,-1,468,469,470,-1,470,469,471,-1,470,471,472,-1,472,471,267,-1,472,267,266,-1,473,474,475,-1,473,475,476,-1,476,475,477,-1,476,477,478,-1,478,477,479,-1,478,479,480,-1,480,479,481,-1,480,481,482,-1,482,481,483,-1,482,483,484,-1,484,483,485,-1,484,485,486,-1,486,485,487,-1,486,487,488,-1,488,487,489,-1,488,489,490,-1,490,489,491,-1,490,491,492,-1,492,491,493,-1,492,493,494,-1,494,493,259,-1,494,259,258,-1,250,495,251,-1,251,495,496,-1,228,497,229,-1,229,497,498,-1,206,499,207,-1,207,499,500,-1,184,501,185,-1,185,501,502,-1,162,503,163,-1,163,503,504,-1,140,505,141,-1,141,505,506,-1,118,507,119,-1,119,507,508,-1,96,509,97,-1,97,509,510,-1,511,512,317,-1,317,512,513,-1,317,513,318,-1,318,513,514,-1,73,515,516,-1,73,516,72,-1,72,516,517,-1,72,517,71,-1,71,517,518,-1,71,518,74,-1,74,518,519,-1,74,519,75,-1,75,519,520,-1,75,520,70,-1,70,520,56,-1,70,56,55,-1,68,518,517,-1,67,54,68,-1,68,54,56,-1,521,316,515,-1,515,316,68,-1,515,68,516,-1,516,68,517,-1,56,520,68,-1,68,520,519,-1,68,519,518,-1,73,69,522,-1,522,69,318,-1,522,318,514,-1,
        ]
    }
}
Shape{
    appearance Appearance {
        material  Material 	{
            diffuseColor 0.20784313725490197 0.20784313725490197 0.20784313725490197
            specularColor 0.01568627450980392 0.01568627450980392 0.01568627450980392
            ambientIntensity 0.2
            transparency 0
            shininess 0.5
        }
    }
    geometry IndexedFaceSet {
        ccw TRUE
        solid FALSE
        coord DEF co Coordinate {
            point [
                -3.9567 -0.7185 0.7559, -3.9567 -0.7185 0.1969, -4.1535 -0.7185 0.7559, -4.1535 -0.7185 0.1969, -3.9567 -0.0098 0.5984, -3.9567 -0.1673 0.7559, -3.563 -0.0098 0.5984, -3.563 -0.1673 0.7559, -3.9567 -0.2461 0.5984, -3.563 -0.2461 0.5984, -3.563 -0.2461 0.5984
            ]
        }
        coordIndex [
            0,1,2,-1,2,1,3,-1,4,5,6,-1,6,5,7,-1,4,6,8,-1,8,6,9,-1,
        ]
    }
}
Shape{
    appearance Appearance {
        material  Material 	{
            diffuseColor 0.6666666666666666 0.6666666666666666 0.6666666666666666
            specularColor 0.4666666666666667 0.4666666666666667 0.4666666666666667
            ambientIntensity 0.2
            transparency 0
            shininess 0.5
        }
    }
    geometry IndexedFaceSet {
        ccw TRUE
        solid FALSE
        coord DEF co Coordinate {
            point [
                -0.4134 -0.2461 0.5984, -0.4134 -0.128 0.5984, -0.3543 -0.2461 0.5984, -0.3543 -0.128 0.5984, -0.3543 -0.4035 0.6772, -0.3543 -0.128 0.6772, -0.4134 -0.4035 0.6772, -0.4134 -0.128 0.6772, -0.8071 -0.2461 0.5984, -0.8071 -0.128 0.5984, -0.748 -0.2461 0.5984, -0.748 -0.128 0.5984, -0.748 -0.4035 0.6772, -0.748 -0.128 0.6772, -0.8071 -0.4035 0.6772, -0.8071 -0.128 0.6772, -1.2008 -0.2461 0.5984, -1.2008 -0.128 0.5984, -1.1417 -0.2461 0.5984, -1.1417 -0.128 0.5984, -1.1417 -0.4035 0.6772, -1.1417 -0.128 0.6772, -1.2008 -0.4035 0.6772, -1.2008 -0.128 0.6772, -1.5945 -0.2461 0.5984, -1.5945 -0.128 0.5984, -1.5354 -0.2461 0.5984, -1.5354 -0.128 0.5984, -1.5354 -0.4035 0.6772, -1.5354 -0.128 0.6772, -1.5945 -0.4035 0.6772, -1.5945 -0.128 0.6772, -1.9882 -0.2461 0.5984, -1.9882 -0.128 0.5984, -1.9291 -0.2461 0.5984, -1.9291 -0.128 0.5984, -1.9291 -0.4035 0.6772, -1.9291 -0.128 0.6772, -1.9882 -0.4035 0.6772, -1.9882 -0.128 0.6772, -2.3819 -0.2461 0.5984, -2.3819 -0.128 0.5984, -2.3228 -0.2461 0.5984, -2.3228 -0.128 0.5984, -2.3228 -0.4035 0.6772, -2.3228 -0.128 0.6772, -2.3819 -0.4035 0.6772, -2.3819 -0.128 0.6772, -2.7756 -0.2461 0.5984, -2.7756 -0.128 0.5984, -2.7165 -0.2461 0.5984, -2.7165 -0.128 0.5984, -2.7165 -0.4035 0.6772, -2.7165 -0.128 0.6772, -2.7756 -0.4035 0.6772, -2.7756 -0.128 0.6772, -3.1693 -0.2461 0.5984, -3.1693 -0.128 0.5984, -3.1102 -0.2461 0.5984, -3.1102 -0.128 0.5984, -3.1102 -0.4035 0.6772, -3.1102 -0.128 0.6772, -3.1693 -0.4035 0.6772, -3.1693 -0.128 0.6772, -3.1693 -0.128 0.6772
            ]
        }
        coordIndex [
            0,1,2,-1,2,1,3,-1,4,5,6,-1,6,5,7,-1,8,9,10,-1,10,9,11,-1,12,13,14,-1,14,13,15,-1,16,17,18,-1,18,17,19,-1,20,21,22,-1,22,21,23,-1,24,25,26,-1,26,25,27,-1,28,29,30,-1,30,29,31,-1,32,33,34,-1,34,33,35,-1,36,37,38,-1,38,37,39,-1,40,41,42,-1,42,41,43,-1,44,45,46,-1,46,45,47,-1,48,49,50,-1,50,49,51,-1,52,53,54,-1,54,53,55,-1,56,57,58,-1,58,57,59,-1,60,61,62,-1,62,61,63,-1,
        ]
    }
}
Shape{
    appearance Appearance {
        material  Material 	{
            diffuseColor 0.5882352941176471 0.5725490196078431 0.5254901960784314
            specularColor 0.043137254901960784 0.0392156862745098 0.0392156862745098
            ambientIntensity 0.2
            transparency 0
            shininess 0.5
        }
    }
    geometry IndexedFaceSet {
        ccw TRUE
        solid FALSE
        coord DEF co Coordinate {
            point [
                -3.7598 1.0335 0.0787, -3.7598 1.0335 0.5118, -3.7598 0.9744 0.0787, -3.7598 0.9744 0.5118, -3.6811 1.0335 0.5118, -3.6811 0.9744 0.5118, -3.6811 1.0335 0.0787, -3.6811 0.9744 0.0787, -3.6811 0.9744 0.0787
            ]
        }
        coordIndex [
            0,1,2,-1,2,1,3,-1,1,4,3,-1,3,4,5,-1,4,6,5,-1,5,6,7,-1,
        ]
    }
}
Shape{
    appearance Appearance {
        material  Material 	{
            diffuseColor 0.6666666666666666 0.6666666666666666 0.6666666666666666
            specularColor 0.4666666666666667 0.4666666666666667 0.4666666666666667
            ambientIntensity 0.2
            transparency 0
            shininess 0.5
        }
    }
    geometry IndexedFaceSet {
        ccw TRUE
        solid FALSE
        coord DEF co Coordinate {
            point [
                -3.189 0.9941 -0.0118, -3.189 0.9154 0.0787, -3.189 1.0335 0.0787, -3.189 1.1319 0.0866, -3.189 1.0339 0.1689, -3.189 1.0335 0.4773, -3.189 1.0339 0.4773, -3.189 1.3287 -0.0118, -3.189 1.3287 0.0472, -3.189 1.2894 0.0866, -3.189 1.3274 0.0574, -3.189 1.3091 0.0813, -3.189 1.3172 0.0751, -3.189 1.3235 0.0669, -3.189 1.2996 0.0853, -3.1102 1.0335 0.4773, -3.1102 1.0339 0.4773, -3.1102 1.0339 0.1689, -3.1102 1.0335 0.0787, -3.1102 1.1319 0.0866, -3.1102 0.9154 0.0787, -3.1102 0.9941 -0.0118, -3.1102 1.3287 -0.0118, -3.1102 1.3287 0.0472, -3.1102 1.2894 0.0866, -3.1102 1.3274 0.0574, -3.1102 1.3235 0.0669, -3.1102 1.3172 0.0751, -3.1102 1.3091 0.0813, -3.1102 1.2996 0.0853, -2.7953 0.9941 -0.0118, -2.7953 0.9154 0.0787, -2.7953 1.0335 0.0787, -2.7953 1.1319 0.0866, -2.7953 1.0339 0.1689, -2.7953 1.0335 0.4773, -2.7953 1.0339 0.4773, -2.7953 1.3287 -0.0118, -2.7953 1.3287 0.0472, -2.7953 1.2894 0.0866, -2.7953 1.3274 0.0574, -2.7953 1.3091 0.0813, -2.7953 1.3172 0.0751, -2.7953 1.3235 0.0669, -2.7953 1.2996 0.0853, -2.7165 1.0335 0.4773, -2.7165 1.0339 0.4773, -2.7165 1.0339 0.1689, -2.7165 1.0335 0.0787, -2.7165 1.1319 0.0866, -2.7165 0.9154 0.0787, -2.7165 0.9941 -0.0118, -2.7165 1.3287 -0.0118, -2.7165 1.3287 0.0472, -2.7165 1.2894 0.0866, -2.7165 1.3274 0.0574, -2.7165 1.3235 0.0669, -2.7165 1.3172 0.0751, -2.7165 1.3091 0.0813, -2.7165 1.2996 0.0853, -2.4016 0.9941 -0.0118, -2.4016 0.9154 0.0787, -2.4016 1.0335 0.0787, -2.4016 1.1319 0.0866, -2.4016 1.0339 0.1689, -2.4016 1.0335 0.4773, -2.4016 1.0339 0.4773, -2.4016 1.3287 -0.0118, -2.4016 1.3287 0.0472, -2.4016 1.2894 0.0866, -2.4016 1.3274 0.0574, -2.4016 1.3091 0.0813, -2.4016 1.3172 0.0751, -2.4016 1.3235 0.0669, -2.4016 1.2996 0.0853, -2.3228 1.0335 0.4773, -2.3228 1.0339 0.4773, -2.3228 1.0339 0.1689, -2.3228 1.0335 0.0787, -2.3228 1.1319 0.0866, -2.3228 0.9154 0.0787, -2.3228 0.9941 -0.0118, -2.3228 1.3287 -0.0118, -2.3228 1.3287 0.0472, -2.3228 1.2894 0.0866, -2.3228 1.3274 0.0574, -2.3228 1.3235 0.0669, -2.3228 1.3172 0.0751, -2.3228 1.3091 0.0813, -2.3228 1.2996 0.0853, -2.0079 0.9941 -0.0118, -2.0079 0.9154 0.0787, -2.0079 1.0335 0.0787, -2.0079 1.1319 0.0866, -2.0079 1.0339 0.1689, -2.0079 1.0335 0.4773, -2.0079 1.0339 0.4773, -2.0079 1.3287 -0.0118, -2.0079 1.3287 0.0472, -2.0079 1.2894 0.0866, -2.0079 1.3274 0.0574, -2.0079 1.3091 0.0813, -2.0079 1.3172 0.0751, -2.0079 1.3235 0.0669, -2.0079 1.2996 0.0853, -1.9291 1.0335 0.4773, -1.9291 1.0339 0.4773, -1.9291 1.0339 0.1689, -1.9291 1.0335 0.0787, -1.9291 1.1319 0.0866, -1.9291 0.9154 0.0787, -1.9291 0.9941 -0.0118, -1.9291 1.3287 -0.0118, -1.9291 1.3287 0.0472, -1.9291 1.2894 0.0866, -1.9291 1.3274 0.0574, -1.9291 1.3235 0.0669, -1.9291 1.3172 0.0751, -1.9291 1.3091 0.0813, -1.9291 1.2996 0.0853, -1.6142 0.9941 -0.0118, -1.6142 0.9154 0.0787, -1.6142 1.0335 0.0787, -1.6142 1.1319 0.0866, -1.6142 1.0339 0.1689, -1.6142 1.0335 0.4773, -1.6142 1.0339 0.4773, -1.6142 1.3287 -0.0118, -1.6142 1.3287 0.0472, -1.6142 1.2894 0.0866, -1.6142 1.3274 0.0574, -1.6142 1.3091 0.0813, -1.6142 1.3172 0.0751, -1.6142 1.3235 0.0669, -1.6142 1.2996 0.0853, -1.5354 1.0335 0.4773, -1.5354 1.0339 0.4773, -1.5354 1.0339 0.1689, -1.5354 1.0335 0.0787, -1.5354 1.1319 0.0866, -1.5354 0.9154 0.0787, -1.5354 0.9941 -0.0118, -1.5354 1.3287 -0.0118, -1.5354 1.3287 0.0472, -1.5354 1.2894 0.0866, -1.5354 1.3274 0.0574, -1.5354 1.3235 0.0669, -1.5354 1.3172 0.0751, -1.5354 1.3091 0.0813, -1.5354 1.2996 0.0853, -1.2205 0.9941 -0.0118, -1.2205 0.9154 0.0787, -1.2205 1.0335 0.0787, -1.2205 1.1319 0.0866, -1.2205 1.0339 0.1689, -1.2205 1.0335 0.4773, -1.2205 1.0339 0.4773, -1.2205 1.3287 -0.0118, -1.2205 1.3287 0.0472, -1.2205 1.2894 0.0866, -1.2205 1.3274 0.0574, -1.2205 1.3091 0.0813, -1.2205 1.3172 0.0751, -1.2205 1.3235 0.0669, -1.2205 1.2996 0.0853, -1.1417 1.0335 0.4773, -1.1417 1.0339 0.4773, -1.1417 1.0339 0.1689, -1.1417 1.0335 0.0787, -1.1417 1.1319 0.0866, -1.1417 0.9154 0.0787, -1.1417 0.9941 -0.0118, -1.1417 1.3287 -0.0118, -1.1417 1.3287 0.0472, -1.1417 1.2894 0.0866, -1.1417 1.3274 0.0574, -1.1417 1.3235 0.0669, -1.1417 1.3172 0.0751, -1.1417 1.3091 0.0813, -1.1417 1.2996 0.0853, -0.8268 0.9941 -0.0118, -0.8268 0.9154 0.0787, -0.8268 1.0335 0.0787, -0.8268 1.1319 0.0866, -0.8268 1.0339 0.1689, -0.8268 1.0335 0.4773, -0.8268 1.0339 0.4773, -0.8268 1.3287 -0.0118, -0.8268 1.3287 0.0472, -0.8268 1.2894 0.0866, -0.8268 1.3274 0.0574, -0.8268 1.3091 0.0813, -0.8268 1.3172 0.0751, -0.8268 1.3235 0.0669, -0.8268 1.2996 0.0853, -0.748 1.0335 0.4773, -0.748 1.0339 0.4773, -0.748 1.0339 0.1689, -0.748 1.0335 0.0787, -0.748 1.1319 0.0866, -0.748 0.9154 0.0787, -0.748 0.9941 -0.0118, -0.748 1.3287 -0.0118, -0.748 1.3287 0.0472, -0.748 1.2894 0.0866, -0.748 1.3274 0.0574, -0.748 1.3235 0.0669, -0.748 1.3172 0.0751, -0.748 1.3091 0.0813, -0.748 1.2996 0.0853, -0.4331 0.9941 -0.0118, -0.4331 0.9154 0.0787, -0.4331 1.0335 0.0787, -0.4331 1.1319 0.0866, -0.4331 1.0339 0.1689, -0.4331 1.0335 0.4773, -0.4331 1.0339 0.4773, -0.4331 1.3287 -0.0118, -0.4331 1.3287 0.0472, -0.4331 1.2894 0.0866, -0.4331 1.3274 0.0574, -0.4331 1.3091 0.0813, -0.4331 1.3172 0.0751, -0.4331 1.3235 0.0669, -0.4331 1.2996 0.0853, -0.3543 1.0335 0.4773, -0.3543 1.0339 0.4773, -0.3543 1.0339 0.1689, -0.3543 1.0335 0.0787, -0.3543 1.1319 0.0866, -0.3543 0.9154 0.0787, -0.3543 0.9941 -0.0118, -0.3543 1.3287 -0.0118, -0.3543 1.3287 0.0472, -0.3543 1.2894 0.0866, -0.3543 1.3274 0.0574, -0.3543 1.3235 0.0669, -0.3543 1.3172 0.0751, -0.3543 1.3091 0.0813, -0.3543 1.2996 0.0853, -0.3543 0.502 0.5709, -0.3543 0.498 0.5709, -0.3543 0.498 0.1969, -0.3543 -0.5503 0.1228, -0.3543 -0.5413 0.1193, -0.3543 -0.3984 0.1969, -0.3543 -0.5317 0.1181, -0.3543 0.502 0.1181, -0.3543 -0.5706 0.1633, -0.3543 -0.5484 0.1931, -0.3543 -0.568 0.1726, -0.3543 -0.5566 0.188, -0.3543 -0.5633 0.181, -0.3543 -0.5709 0.1537, -0.3543 -0.5688 0.1443, -0.3543 -0.5644 0.1356, -0.3543 -0.3247 0.2982, -0.3543 -0.5582 0.1283, -0.4331 0.498 0.5709, -0.4331 0.498 0.1969, -0.4331 -0.5484 0.1931, -0.4331 -0.3247 0.2982, -0.4331 -0.3984 0.1969, -0.4331 0.502 0.5709, -0.4331 0.502 0.1181, -0.4331 -0.5317 0.1181, -0.4331 -0.5413 0.1193, -0.4331 -0.5503 0.1228, -0.4331 -0.5582 0.1283, -0.4331 -0.5644 0.1356, -0.4331 -0.5688 0.1443, -0.4331 -0.5709 0.1537, -0.4331 -0.5706 0.1633, -0.4331 -0.568 0.1726, -0.4331 -0.5566 0.188, -0.4331 -0.5633 0.181, -0.4331 -0.5633 0.181
            ]
        }
        coordIndex [
            0,1,2,-1,3,2,4,-1,4,2,5,-1,4,5,6,-1,0,2,7,-1,7,2,3,-1,7,3,8,-1,8,3,9,-1,8,9,10,-1,11,12,13,-1,10,9,13,-1,13,9,14,-1,13,14,11,-1,15,16,5,-1,5,16,6,-1,16,15,17,-1,17,15,18,-1,17,18,19,-1,20,21,18,-1,18,21,22,-1,18,22,19,-1,19,22,23,-1,19,23,24,-1,24,23,25,-1,24,25,26,-1,27,28,26,-1,26,28,29,-1,26,29,24,-1,30,31,32,-1,33,32,34,-1,34,32,35,-1,34,35,36,-1,30,32,37,-1,37,32,33,-1,37,33,38,-1,38,33,39,-1,38,39,40,-1,41,42,43,-1,40,39,43,-1,43,39,44,-1,43,44,41,-1,45,46,35,-1,35,46,36,-1,46,45,47,-1,47,45,48,-1,47,48,49,-1,50,51,48,-1,48,51,52,-1,48,52,49,-1,49,52,53,-1,49,53,54,-1,54,53,55,-1,54,55,56,-1,57,58,56,-1,56,58,59,-1,56,59,54,-1,60,61,62,-1,63,62,64,-1,64,62,65,-1,64,65,66,-1,60,62,67,-1,67,62,63,-1,67,63,68,-1,68,63,69,-1,68,69,70,-1,71,72,73,-1,70,69,73,-1,73,69,74,-1,73,74,71,-1,75,76,65,-1,65,76,66,-1,76,75,77,-1,77,75,78,-1,77,78,79,-1,80,81,78,-1,78,81,82,-1,78,82,79,-1,79,82,83,-1,79,83,84,-1,84,83,85,-1,84,85,86,-1,87,88,86,-1,86,88,89,-1,86,89,84,-1,90,91,92,-1,93,92,94,-1,94,92,95,-1,94,95,96,-1,90,92,97,-1,97,92,93,-1,97,93,98,-1,98,93,99,-1,98,99,100,-1,101,102,103,-1,100,99,103,-1,103,99,104,-1,103,104,101,-1,105,106,95,-1,95,106,96,-1,106,105,107,-1,107,105,108,-1,107,108,109,-1,110,111,108,-1,108,111,112,-1,108,112,109,-1,109,112,113,-1,109,113,114,-1,114,113,115,-1,114,115,116,-1,117,118,116,-1,116,118,119,-1,116,119,114,-1,120,121,122,-1,123,122,124,-1,124,122,125,-1,124,125,126,-1,120,122,127,-1,127,122,123,-1,127,123,128,-1,128,123,129,-1,128,129,130,-1,131,132,133,-1,130,129,133,-1,133,129,134,-1,133,134,131,-1,135,136,125,-1,125,136,126,-1,136,135,137,-1,137,135,138,-1,137,138,139,-1,140,141,138,-1,138,141,142,-1,138,142,139,-1,139,142,143,-1,139,143,144,-1,144,143,145,-1,144,145,146,-1,147,148,146,-1,146,148,149,-1,146,149,144,-1,150,151,152,-1,153,152,154,-1,154,152,155,-1,154,155,156,-1,150,152,157,-1,157,152,153,-1,157,153,158,-1,158,153,159,-1,158,159,160,-1,161,162,163,-1,160,159,163,-1,163,159,164,-1,163,164,161,-1,165,166,155,-1,155,166,156,-1,166,165,167,-1,167,165,168,-1,167,168,169,-1,170,171,168,-1,168,171,172,-1,168,172,169,-1,169,172,173,-1,169,173,174,-1,174,173,175,-1,174,175,176,-1,177,178,176,-1,176,178,179,-1,176,179,174,-1,180,181,182,-1,183,182,184,-1,184,182,185,-1,184,185,186,-1,180,182,187,-1,187,182,183,-1,187,183,188,-1,188,183,189,-1,188,189,190,-1,191,192,193,-1,190,189,193,-1,193,189,194,-1,193,194,191,-1,195,196,185,-1,185,196,186,-1,196,195,197,-1,197,195,198,-1,197,198,199,-1,200,201,198,-1,198,201,202,-1,198,202,199,-1,199,202,203,-1,199,203,204,-1,204,203,205,-1,204,205,206,-1,207,208,206,-1,206,208,209,-1,206,209,204,-1,210,211,212,-1,213,212,214,-1,214,212,215,-1,214,215,216,-1,210,212,217,-1,217,212,213,-1,217,213,218,-1,218,213,219,-1,218,219,220,-1,221,222,223,-1,220,219,223,-1,223,219,224,-1,223,224,221,-1,225,226,215,-1,215,226,216,-1,226,225,227,-1,227,225,228,-1,227,228,229,-1,230,231,228,-1,228,231,232,-1,228,232,229,-1,229,232,233,-1,229,233,234,-1,234,233,235,-1,234,235,236,-1,237,238,236,-1,236,238,239,-1,236,239,234,-1,240,241,242,-1,243,244,245,-1,245,244,246,-1,245,246,242,-1,242,246,247,-1,242,247,240,-1,248,249,250,-1,250,249,251,-1,250,251,252,-1,248,253,249,-1,249,253,254,-1,249,254,255,-1,245,256,243,-1,243,256,249,-1,243,249,257,-1,257,249,255,-1,258,259,241,-1,241,259,242,-1,260,261,262,-1,258,263,259,-1,259,263,264,-1,259,264,262,-1,262,264,265,-1,265,266,262,-1,262,266,267,-1,262,267,260,-1,260,267,268,-1,268,269,260,-1,260,269,270,-1,260,270,271,-1,271,272,260,-1,260,272,273,-1,260,273,274,-1,274,273,275,-1,
        ]
    }
}
Shape{
    appearance Appearance {
        material  Material 	{
            diffuseColor 0.5882352941176471 0.5725490196078431 0.5254901960784314
            specularColor 0.043137254901960784 0.0392156862745098 0.0392156862745098
            ambientIntensity 0.2
            transparency 0
            shininess 0.5
        }
    }
    geometry IndexedFaceSet {
        ccw TRUE
        solid FALSE
        coord DEF co Coordinate {
            point [
                -0.748 0.502 0.1181, -0.7441 0.502 0.1181, -0.7441 0.502 0.1772, -0.437 0.502 0.1181, -0.4331 0.502 0.1181, -0.437 0.502 0.1772, -0.4331 0.502 0.5709, -0.748 0.502 0.5709, -0.748 0.502 0.5709
            ]
        }
        coordIndex [
            0,1,2,-1,3,4,5,-1,5,4,6,-1,5,6,2,-1,2,6,7,-1,2,7,0,-1,
        ]
    }
}
Shape{
    appearance Appearance {
        material  Material 	{
            diffuseColor 0.6666666666666666 0.6666666666666666 0.6666666666666666
            specularColor 0.4666666666666667 0.4666666666666667 0.4666666666666667
            ambientIntensity 0.2
            transparency 0
            shininess 0.5
        }
    }
    geometry IndexedFaceSet {
        ccw TRUE
        solid FALSE
        coord DEF co Coordinate {
            point [
                -0.748 0.502 0.5709, -0.748 0.498 0.5709, -0.748 0.498 0.1969, -0.748 -0.5503 0.1228, -0.748 -0.5413 0.1193, -0.748 -0.3984 0.1969, -0.748 -0.5317 0.1181, -0.748 0.502 0.1181, -0.748 -0.5706 0.1633, -0.748 -0.5484 0.1931, -0.748 -0.568 0.1726, -0.748 -0.5566 0.188, -0.748 -0.5633 0.181, -0.748 -0.5709 0.1537, -0.748 -0.5688 0.1443, -0.748 -0.5644 0.1356, -0.748 -0.3247 0.2982, -0.748 -0.5582 0.1283, -0.8268 0.498 0.5709, -0.8268 0.498 0.1969, -0.8268 -0.5484 0.1931, -0.8268 -0.3247 0.2982, -0.8268 -0.3984 0.1969, -0.8268 0.502 0.5709, -0.8268 0.502 0.1181, -0.8268 -0.5317 0.1181, -0.8268 -0.5413 0.1193, -0.8268 -0.5503 0.1228, -0.8268 -0.5582 0.1283, -0.8268 -0.5644 0.1356, -0.8268 -0.5688 0.1443, -0.8268 -0.5709 0.1537, -0.8268 -0.5706 0.1633, -0.8268 -0.568 0.1726, -0.8268 -0.5566 0.188, -0.8268 -0.5633 0.181, -0.8268 -0.5633 0.181
            ]
        }
        coordIndex [
            0,1,2,-1,3,4,5,-1,5,4,6,-1,5,6,2,-1,2,6,7,-1,2,7,0,-1,8,9,10,-1,10,9,11,-1,10,11,12,-1,8,13,9,-1,9,13,14,-1,9,14,15,-1,5,16,3,-1,3,16,9,-1,3,9,17,-1,17,9,15,-1,18,19,1,-1,1,19,2,-1,20,21,22,-1,18,23,19,-1,19,23,24,-1,19,24,22,-1,22,24,25,-1,25,26,22,-1,22,26,27,-1,22,27,20,-1,20,27,28,-1,28,29,20,-1,20,29,30,-1,20,30,31,-1,31,32,20,-1,20,32,33,-1,20,33,34,-1,34,33,35,-1,
        ]
    }
}
Shape{
    appearance Appearance {
        material  Material 	{
            diffuseColor 0.5882352941176471 0.5725490196078431 0.5254901960784314
            specularColor 0.043137254901960784 0.0392156862745098 0.0392156862745098
            ambientIntensity 0.2
            transparency 0
            shininess 0.5
        }
    }
    geometry IndexedFaceSet {
        ccw TRUE
        solid FALSE
        coord DEF co Coordinate {
            point [
                -1.1417 0.502 0.1181, -1.1378 0.502 0.1181, -1.1378 0.502 0.1772, -0.8307 0.502 0.1181, -0.8268 0.502 0.1181, -0.8307 0.502 0.1772, -0.8268 0.502 0.5709, -1.1417 0.502 0.5709, -1.1417 0.502 0.5709
            ]
        }
        coordIndex [
            0,1,2,-1,3,4,5,-1,5,4,6,-1,5,6,2,-1,2,6,7,-1,2,7,0,-1,
        ]
    }
}
Shape{
    appearance Appearance {
        material  Material 	{
            diffuseColor 0.6666666666666666 0.6666666666666666 0.6666666666666666
            specularColor 0.4666666666666667 0.4666666666666667 0.4666666666666667
            ambientIntensity 0.2
            transparency 0
            shininess 0.5
        }
    }
    geometry IndexedFaceSet {
        ccw TRUE
        solid FALSE
        coord DEF co Coordinate {
            point [
                -1.1417 0.502 0.5709, -1.1417 0.498 0.5709, -1.1417 0.498 0.1969, -1.1417 -0.5503 0.1228, -1.1417 -0.5413 0.1193, -1.1417 -0.3984 0.1969, -1.1417 -0.5317 0.1181, -1.1417 0.502 0.1181, -1.1417 -0.5706 0.1633, -1.1417 -0.5484 0.1931, -1.1417 -0.568 0.1726, -1.1417 -0.5566 0.188, -1.1417 -0.5633 0.181, -1.1417 -0.5709 0.1537, -1.1417 -0.5688 0.1443, -1.1417 -0.5644 0.1356, -1.1417 -0.3247 0.2982, -1.1417 -0.5582 0.1283, -1.2205 0.498 0.5709, -1.2205 0.498 0.1969, -1.2205 -0.5484 0.1931, -1.2205 -0.3247 0.2982, -1.2205 -0.3984 0.1969, -1.2205 0.502 0.5709, -1.2205 0.502 0.1181, -1.2205 -0.5317 0.1181, -1.2205 -0.5413 0.1193, -1.2205 -0.5503 0.1228, -1.2205 -0.5582 0.1283, -1.2205 -0.5644 0.1356, -1.2205 -0.5688 0.1443, -1.2205 -0.5709 0.1537, -1.2205 -0.5706 0.1633, -1.2205 -0.568 0.1726, -1.2205 -0.5566 0.188, -1.2205 -0.5633 0.181, -1.2205 -0.5633 0.181
            ]
        }
        coordIndex [
            0,1,2,-1,3,4,5,-1,5,4,6,-1,5,6,2,-1,2,6,7,-1,2,7,0,-1,8,9,10,-1,10,9,11,-1,10,11,12,-1,8,13,9,-1,9,13,14,-1,9,14,15,-1,5,16,3,-1,3,16,9,-1,3,9,17,-1,17,9,15,-1,18,19,1,-1,1,19,2,-1,20,21,22,-1,18,23,19,-1,19,23,24,-1,19,24,22,-1,22,24,25,-1,25,26,22,-1,22,26,27,-1,22,27,20,-1,20,27,28,-1,28,29,20,-1,20,29,30,-1,20,30,31,-1,31,32,20,-1,20,32,33,-1,20,33,34,-1,34,33,35,-1,
        ]
    }
}
Shape{
    appearance Appearance {
        material  Material 	{
            diffuseColor 0.5882352941176471 0.5725490196078431 0.5254901960784314
            specularColor 0.043137254901960784 0.0392156862745098 0.0392156862745098
            ambientIntensity 0.2
            transparency 0
            shininess 0.5
        }
    }
    geometry IndexedFaceSet {
        ccw TRUE
        solid FALSE
        coord DEF co Coordinate {
            point [
                -1.5354 0.502 0.1181, -1.5315 0.502 0.1181, -1.5315 0.502 0.1772, -1.2244 0.502 0.1181, -1.2205 0.502 0.1181, -1.2244 0.502 0.1772, -1.2205 0.502 0.5709, -1.5354 0.502 0.5709, -1.5354 0.502 0.5709
            ]
        }
        coordIndex [
            0,1,2,-1,3,4,5,-1,5,4,6,-1,5,6,2,-1,2,6,7,-1,2,7,0,-1,
        ]
    }
}
Shape{
    appearance Appearance {
        material  Material 	{
            diffuseColor 0.6666666666666666 0.6666666666666666 0.6666666666666666
            specularColor 0.4666666666666667 0.4666666666666667 0.4666666666666667
            ambientIntensity 0.2
            transparency 0
            shininess 0.5
        }
    }
    geometry IndexedFaceSet {
        ccw TRUE
        solid FALSE
        coord DEF co Coordinate {
            point [
                -1.5354 0.502 0.5709, -1.5354 0.498 0.5709, -1.5354 0.498 0.1969, -1.5354 -0.5503 0.1228, -1.5354 -0.5413 0.1193, -1.5354 -0.3984 0.1969, -1.5354 -0.5317 0.1181, -1.5354 0.502 0.1181, -1.5354 -0.5706 0.1633, -1.5354 -0.5484 0.1931, -1.5354 -0.568 0.1726, -1.5354 -0.5566 0.188, -1.5354 -0.5633 0.181, -1.5354 -0.5709 0.1537, -1.5354 -0.5688 0.1443, -1.5354 -0.5644 0.1356, -1.5354 -0.3247 0.2982, -1.5354 -0.5582 0.1283, -1.6142 0.498 0.5709, -1.6142 0.498 0.1969, -1.6142 -0.5484 0.1931, -1.6142 -0.3247 0.2982, -1.6142 -0.3984 0.1969, -1.6142 0.502 0.5709, -1.6142 0.502 0.1181, -1.6142 -0.5317 0.1181, -1.6142 -0.5413 0.1193, -1.6142 -0.5503 0.1228, -1.6142 -0.5582 0.1283, -1.6142 -0.5644 0.1356, -1.6142 -0.5688 0.1443, -1.6142 -0.5709 0.1537, -1.6142 -0.5706 0.1633, -1.6142 -0.568 0.1726, -1.6142 -0.5566 0.188, -1.6142 -0.5633 0.181, -1.6142 -0.5633 0.181
            ]
        }
        coordIndex [
            0,1,2,-1,3,4,5,-1,5,4,6,-1,5,6,2,-1,2,6,7,-1,2,7,0,-1,8,9,10,-1,10,9,11,-1,10,11,12,-1,8,13,9,-1,9,13,14,-1,9,14,15,-1,5,16,3,-1,3,16,9,-1,3,9,17,-1,17,9,15,-1,18,19,1,-1,1,19,2,-1,20,21,22,-1,18,23,19,-1,19,23,24,-1,19,24,22,-1,22,24,25,-1,25,26,22,-1,22,26,27,-1,22,27,20,-1,20,27,28,-1,28,29,20,-1,20,29,30,-1,20,30,31,-1,31,32,20,-1,20,32,33,-1,20,33,34,-1,34,33,35,-1,
        ]
    }
}
Shape{
    appearance Appearance {
        material  Material 	{
            diffuseColor 0.5882352941176471 0.5725490196078431 0.5254901960784314
            specularColor 0.043137254901960784 0.0392156862745098 0.0392156862745098
            ambientIntensity 0.2
            transparency 0
            shininess 0.5
        }
    }
    geometry IndexedFaceSet {
        ccw TRUE
        solid FALSE
        coord DEF co Coordinate {
            point [
                -1.9291 0.502 0.1181, -1.9252 0.502 0.1181, -1.9252 0.502 0.1772, -1.6181 0.502 0.1181, -1.6142 0.502 0.1181, -1.6181 0.502 0.1772, -1.6142 0.502 0.5709, -1.9291 0.502 0.5709, -1.9291 0.502 0.5709
            ]
        }
        coordIndex [
            0,1,2,-1,3,4,5,-1,5,4,6,-1,5,6,2,-1,2,6,7,-1,2,7,0,-1,
        ]
    }
}
Shape{
    appearance Appearance {
        material  Material 	{
            diffuseColor 0.6666666666666666 0.6666666666666666 0.6666666666666666
            specularColor 0.4666666666666667 0.4666666666666667 0.4666666666666667
            ambientIntensity 0.2
            transparency 0
            shininess 0.5
        }
    }
    geometry IndexedFaceSet {
        ccw TRUE
        solid FALSE
        coord DEF co Coordinate {
            point [
                -1.9291 0.502 0.5709, -1.9291 0.498 0.5709, -1.9291 0.498 0.1969, -1.9291 -0.5503 0.1228, -1.9291 -0.5413 0.1193, -1.9291 -0.3984 0.1969, -1.9291 -0.5317 0.1181, -1.9291 0.502 0.1181, -1.9291 -0.5706 0.1633, -1.9291 -0.5484 0.1931, -1.9291 -0.568 0.1726, -1.9291 -0.5566 0.188, -1.9291 -0.5633 0.181, -1.9291 -0.5709 0.1537, -1.9291 -0.5688 0.1443, -1.9291 -0.5644 0.1356, -1.9291 -0.3247 0.2982, -1.9291 -0.5582 0.1283, -2.0079 0.498 0.5709, -2.0079 0.498 0.1969, -2.0079 -0.5484 0.1931, -2.0079 -0.3247 0.2982, -2.0079 -0.3984 0.1969, -2.0079 0.502 0.5709, -2.0079 0.502 0.1181, -2.0079 -0.5317 0.1181, -2.0079 -0.5413 0.1193, -2.0079 -0.5503 0.1228, -2.0079 -0.5582 0.1283, -2.0079 -0.5644 0.1356, -2.0079 -0.5688 0.1443, -2.0079 -0.5709 0.1537, -2.0079 -0.5706 0.1633, -2.0079 -0.568 0.1726, -2.0079 -0.5566 0.188, -2.0079 -0.5633 0.181, -2.0079 -0.5633 0.181
            ]
        }
        coordIndex [
            0,1,2,-1,3,4,5,-1,5,4,6,-1,5,6,2,-1,2,6,7,-1,2,7,0,-1,8,9,10,-1,10,9,11,-1,10,11,12,-1,8,13,9,-1,9,13,14,-1,9,14,15,-1,5,16,3,-1,3,16,9,-1,3,9,17,-1,17,9,15,-1,18,19,1,-1,1,19,2,-1,20,21,22,-1,18,23,19,-1,19,23,24,-1,19,24,22,-1,22,24,25,-1,25,26,22,-1,22,26,27,-1,22,27,20,-1,20,27,28,-1,28,29,20,-1,20,29,30,-1,20,30,31,-1,31,32,20,-1,20,32,33,-1,20,33,34,-1,34,33,35,-1,
        ]
    }
}
Shape{
    appearance Appearance {
        material  Material 	{
            diffuseColor 0.5882352941176471 0.5725490196078431 0.5254901960784314
            specularColor 0.043137254901960784 0.0392156862745098 0.0392156862745098
            ambientIntensity 0.2
            transparency 0
            shininess 0.5
        }
    }
    geometry IndexedFaceSet {
        ccw TRUE
        solid FALSE
        coord DEF co Coordinate {
            point [
                -2.3228 0.502 0.1181, -2.3189 0.502 0.1181, -2.3189 0.502 0.1772, -2.0118 0.502 0.1181, -2.0079 0.502 0.1181, -2.0118 0.502 0.1772, -2.0079 0.502 0.5709, -2.3228 0.502 0.5709, -2.3228 0.502 0.5709
            ]
        }
        coordIndex [
            0,1,2,-1,3,4,5,-1,5,4,6,-1,5,6,2,-1,2,6,7,-1,2,7,0,-1,
        ]
    }
}
Shape{
    appearance Appearance {
        material  Material 	{
            diffuseColor 0.6666666666666666 0.6666666666666666 0.6666666666666666
            specularColor 0.4666666666666667 0.4666666666666667 0.4666666666666667
            ambientIntensity 0.2
            transparency 0
            shininess 0.5
        }
    }
    geometry IndexedFaceSet {
        ccw TRUE
        solid FALSE
        coord DEF co Coordinate {
            point [
                -2.3228 0.502 0.5709, -2.3228 0.498 0.5709, -2.3228 0.498 0.1969, -2.3228 -0.5503 0.1228, -2.3228 -0.5413 0.1193, -2.3228 -0.3984 0.1969, -2.3228 -0.5317 0.1181, -2.3228 0.502 0.1181, -2.3228 -0.5706 0.1633, -2.3228 -0.5484 0.1931, -2.3228 -0.568 0.1726, -2.3228 -0.5566 0.188, -2.3228 -0.5633 0.181, -2.3228 -0.5709 0.1537, -2.3228 -0.5688 0.1443, -2.3228 -0.5644 0.1356, -2.3228 -0.3247 0.2982, -2.3228 -0.5582 0.1283, -2.4016 0.498 0.5709, -2.4016 0.498 0.1969, -2.4016 -0.5484 0.1931, -2.4016 -0.3247 0.2982, -2.4016 -0.3984 0.1969, -2.4016 0.502 0.5709, -2.4016 0.502 0.1181, -2.4016 -0.5317 0.1181, -2.4016 -0.5413 0.1193, -2.4016 -0.5503 0.1228, -2.4016 -0.5582 0.1283, -2.4016 -0.5644 0.1356, -2.4016 -0.5688 0.1443, -2.4016 -0.5709 0.1537, -2.4016 -0.5706 0.1633, -2.4016 -0.568 0.1726, -2.4016 -0.5566 0.188, -2.4016 -0.5633 0.181, -2.4016 -0.5633 0.181
            ]
        }
        coordIndex [
            0,1,2,-1,3,4,5,-1,5,4,6,-1,5,6,2,-1,2,6,7,-1,2,7,0,-1,8,9,10,-1,10,9,11,-1,10,11,12,-1,8,13,9,-1,9,13,14,-1,9,14,15,-1,5,16,3,-1,3,16,9,-1,3,9,17,-1,17,9,15,-1,18,19,1,-1,1,19,2,-1,20,21,22,-1,18,23,19,-1,19,23,24,-1,19,24,22,-1,22,24,25,-1,25,26,22,-1,22,26,27,-1,22,27,20,-1,20,27,28,-1,28,29,20,-1,20,29,30,-1,20,30,31,-1,31,32,20,-1,20,32,33,-1,20,33,34,-1,34,33,35,-1,
        ]
    }
}
Shape{
    appearance Appearance {
        material  Material 	{
            diffuseColor 0.5882352941176471 0.5725490196078431 0.5254901960784314
            specularColor 0.043137254901960784 0.0392156862745098 0.0392156862745098
            ambientIntensity 0.2
            transparency 0
            shininess 0.5
        }
    }
    geometry IndexedFaceSet {
        ccw TRUE
        solid FALSE
        coord DEF co Coordinate {
            point [
                -2.7165 0.502 0.1181, -2.7126 0.502 0.1181, -2.7126 0.502 0.1772, -2.4055 0.502 0.1181, -2.4016 0.502 0.1181, -2.4055 0.502 0.1772, -2.4016 0.502 0.5709, -2.7165 0.502 0.5709, -2.7165 0.502 0.5709
            ]
        }
        coordIndex [
            0,1,2,-1,3,4,5,-1,5,4,6,-1,5,6,2,-1,2,6,7,-1,2,7,0,-1,
        ]
    }
}
Shape{
    appearance Appearance {
        material  Material 	{
            diffuseColor 0.6666666666666666 0.6666666666666666 0.6666666666666666
            specularColor 0.4666666666666667 0.4666666666666667 0.4666666666666667
            ambientIntensity 0.2
            transparency 0
            shininess 0.5
        }
    }
    geometry IndexedFaceSet {
        ccw TRUE
        solid FALSE
        coord DEF co Coordinate {
            point [
                -2.7165 0.502 0.5709, -2.7165 0.498 0.5709, -2.7165 0.498 0.1969, -2.7165 -0.5503 0.1228, -2.7165 -0.5413 0.1193, -2.7165 -0.3984 0.1969, -2.7165 -0.5317 0.1181, -2.7165 0.502 0.1181, -2.7165 -0.5706 0.1633, -2.7165 -0.5484 0.1931, -2.7165 -0.568 0.1726, -2.7165 -0.5566 0.188, -2.7165 -0.5633 0.181, -2.7165 -0.5709 0.1537, -2.7165 -0.5688 0.1443, -2.7165 -0.5644 0.1356, -2.7165 -0.3247 0.2982, -2.7165 -0.5582 0.1283, -2.7953 0.498 0.5709, -2.7953 0.498 0.1969, -2.7953 -0.5484 0.1931, -2.7953 -0.3247 0.2982, -2.7953 -0.3984 0.1969, -2.7953 0.502 0.5709, -2.7953 0.502 0.1181, -2.7953 -0.5317 0.1181, -2.7953 -0.5413 0.1193, -2.7953 -0.5503 0.1228, -2.7953 -0.5582 0.1283, -2.7953 -0.5644 0.1356, -2.7953 -0.5688 0.1443, -2.7953 -0.5709 0.1537, -2.7953 -0.5706 0.1633, -2.7953 -0.568 0.1726, -2.7953 -0.5566 0.188, -2.7953 -0.5633 0.181, -2.7953 -0.5633 0.181
            ]
        }
        coordIndex [
            0,1,2,-1,3,4,5,-1,5,4,6,-1,5,6,2,-1,2,6,7,-1,2,7,0,-1,8,9,10,-1,10,9,11,-1,10,11,12,-1,8,13,9,-1,9,13,14,-1,9,14,15,-1,5,16,3,-1,3,16,9,-1,3,9,17,-1,17,9,15,-1,18,19,1,-1,1,19,2,-1,20,21,22,-1,18,23,19,-1,19,23,24,-1,19,24,22,-1,22,24,25,-1,25,26,22,-1,22,26,27,-1,22,27,20,-1,20,27,28,-1,28,29,20,-1,20,29,30,-1,20,30,31,-1,31,32,20,-1,20,32,33,-1,20,33,34,-1,34,33,35,-1,
        ]
    }
}
Shape{
    appearance Appearance {
        material  Material 	{
            diffuseColor 0.5882352941176471 0.5725490196078431 0.5254901960784314
            specularColor 0.043137254901960784 0.0392156862745098 0.0392156862745098
            ambientIntensity 0.2
            transparency 0
            shininess 0.5
        }
    }
    geometry IndexedFaceSet {
        ccw TRUE
        solid FALSE
        coord DEF co Coordinate {
            point [
                -3.1102 0.502 0.1181, -3.1063 0.502 0.1181, -3.1063 0.502 0.1772, -2.7992 0.502 0.1181, -2.7953 0.502 0.1181, -2.7992 0.502 0.1772, -2.7953 0.502 0.5709, -3.1102 0.502 0.5709, -3.1102 0.502 0.5709
            ]
        }
        coordIndex [
            0,1,2,-1,3,4,5,-1,5,4,6,-1,5,6,2,-1,2,6,7,-1,2,7,0,-1,
        ]
    }
}
Shape{
    appearance Appearance {
        material  Material 	{
            diffuseColor 0.6666666666666666 0.6666666666666666 0.6666666666666666
            specularColor 0.4666666666666667 0.4666666666666667 0.4666666666666667
            ambientIntensity 0.2
            transparency 0
            shininess 0.5
        }
    }
    geometry IndexedFaceSet {
        ccw TRUE
        solid FALSE
        coord DEF co Coordinate {
            point [
                -3.1102 0.502 0.5709, -3.1102 0.498 0.5709, -3.1102 0.498 0.1969, -3.1102 -0.5503 0.1228, -3.1102 -0.5413 0.1193, -3.1102 -0.3984 0.1969, -3.1102 -0.5317 0.1181, -3.1102 0.502 0.1181, -3.1102 -0.5706 0.1633, -3.1102 -0.5484 0.1931, -3.1102 -0.568 0.1726, -3.1102 -0.5566 0.188, -3.1102 -0.5633 0.181, -3.1102 -0.5709 0.1537, -3.1102 -0.5688 0.1443, -3.1102 -0.5644 0.1356, -3.1102 -0.3247 0.2982, -3.1102 -0.5582 0.1283, -3.189 0.498 0.5709, -3.189 0.498 0.1969, -3.189 -0.5484 0.1931, -3.189 -0.3247 0.2982, -3.189 -0.3984 0.1969, -3.189 0.502 0.5709, -3.189 0.502 0.1181, -3.189 -0.5317 0.1181, -3.189 -0.5413 0.1193, -3.189 -0.5503 0.1228, -3.189 -0.5582 0.1283, -3.189 -0.5644 0.1356, -3.189 -0.5688 0.1443, -3.189 -0.5709 0.1537, -3.189 -0.5706 0.1633, -3.189 -0.568 0.1726, -3.189 -0.5566 0.188, -3.189 -0.5633 0.181, -3.189 -0.5633 0.181
            ]
        }
        coordIndex [
            0,1,2,-1,3,4,5,-1,5,4,6,-1,5,6,2,-1,2,6,7,-1,2,7,0,-1,8,9,10,-1,10,9,11,-1,10,11,12,-1,8,13,9,-1,9,13,14,-1,9,14,15,-1,5,16,3,-1,3,16,9,-1,3,9,17,-1,17,9,15,-1,18,19,1,-1,1,19,2,-1,20,21,22,-1,18,23,19,-1,19,23,24,-1,19,24,22,-1,22,24,25,-1,25,26,22,-1,22,26,27,-1,22,27,20,-1,20,27,28,-1,28,29,20,-1,20,29,30,-1,20,30,31,-1,31,32,20,-1,20,32,33,-1,20,33,34,-1,34,33,35,-1,
        ]
    }
}
Shape{
    appearance Appearance {
        material  Material 	{
            diffuseColor 0.5882352941176471 0.5725490196078431 0.5254901960784314
            specularColor 0.043137254901960784 0.0392156862745098 0.0392156862745098
            ambientIntensity 0.2
            transparency 0
            shininess 0.5
        }
    }
    geometry IndexedFaceSet {
        ccw TRUE
        solid FALSE
        coord DEF co Coordinate {
            point [
                -3.1929 0.502 0.1181, -3.189 0.502 0.1181, -3.1929 0.502 0.1772, -3.189 0.502 0.5709, -3.5984 0.502 0.1772, -3.5984 0.502 0.5709, -0.3543 0.502 0.1181, -0.3504 0.502 0.1181, -0.3504 0.502 0.1772, -0.0433 0.502 0.1181, -0.0394 0.502 0.1181, -0.0433 0.502 0.1772, -0.0394 0.502 0.5709, -0.3543 0.502 0.5709, -3.6811 -0.0098 0.0787, -3.6811 -0.6791 0.0787, -3.7598 -0.0098 0.0787, -4.2323 -0.6791 0.0787, -3.7598 0.9744 0.0787, -4.2323 1.0335 0.0787, -3.7598 1.0335 0.0787, -4.2323 -0.6791 0.2362, -4.2323 1.0335 0.2362, -4.311 -0.6791 0.2362, -4.311 1.0335 0.2362, -4.311 -0.6791 0.7756, -4.311 1.0335 0.7756, -4.311 1.0335 0.7756
            ]
        }
        coordIndex [
            0,1,2,-1,2,1,3,-1,2,3,4,-1,4,3,5,-1,6,7,8,-1,9,10,11,-1,11,10,12,-1,11,12,8,-1,8,12,13,-1,8,13,6,-1,14,15,16,-1,16,15,17,-1,16,17,18,-1,18,17,19,-1,18,19,20,-1,21,22,17,-1,17,22,19,-1,21,23,22,-1,22,23,24,-1,25,26,23,-1,23,26,24,-1,
        ]
    }
}
Shape{
    appearance Appearance {
        material  Material 	{
            diffuseColor 0.20784313725490197 0.20784313725490197 0.20784313725490197
            specularColor 0.01568627450980392 0.01568627450980392 0.01568627450980392
            ambientIntensity 0.2
            transparency 0
            shininess 0.5
        }
    }
    geometry IndexedFaceSet {
        ccw TRUE
        solid FALSE
        coord DEF co Coordinate {
            point [
                -3.9567 -0.6791 0.7559, -3.9567 -0.6791 0.1969, -3.9567 -0.7185 0.7559, -3.9567 -0.7185 0.1969, -3.9567 -0.7185 0.1969
            ]
        }
        coordIndex [
            0,1,2,-1,2,1,3,-1,
        ]
    }
}
Shape{
    appearance Appearance {
        material  Material 	{
            diffuseColor 0.5882352941176471 0.5725490196078431 0.5254901960784314
            specularColor 0.043137254901960784 0.0392156862745098 0.0392156862745098
            ambientIntensity 0.2
            transparency 0
            shininess 0.5
        }
    }
    geometry IndexedFaceSet {
        ccw TRUE
        solid FALSE
        coord DEF co Coordinate {
            point [
                -3.1929 0.502 0.1772, -3.5984 0.502 0.1772, -3.1929 -0.6791 0.1772, -3.5984 -0.6791 0.1772, -3.1929 0.502 0.1181, -3.1929 -0.6791 0.1181, -3.1063 0.502 0.1181, -3.1102 0.502 0.1181, -3.1102 -0.5317 0.1181, -3.189 0.502 0.1181, -3.189 -0.5317 0.1181, -3.1063 -0.6791 0.1181, -3.1063 0.502 0.1772, -3.1063 -0.6791 0.1772, -2.7992 0.502 0.1772, -2.7992 -0.6791 0.1772, -2.7992 0.502 0.1181, -2.7992 -0.6791 0.1181, -2.7126 0.502 0.1181, -2.7165 0.502 0.1181, -2.7165 -0.5317 0.1181, -2.7953 0.502 0.1181, -2.7953 -0.5317 0.1181, -2.7126 -0.6791 0.1181, -2.7126 0.502 0.1772, -2.7126 -0.6791 0.1772, -2.4055 0.502 0.1772, -2.4055 -0.6791 0.1772, -2.4055 0.502 0.1181, -2.4055 -0.6791 0.1181, -2.3189 0.502 0.1181, -2.3228 0.502 0.1181, -2.3228 -0.5317 0.1181, -2.4016 0.502 0.1181, -2.4016 -0.5317 0.1181, -2.3189 -0.6791 0.1181, -2.3189 0.502 0.1772, -2.3189 -0.6791 0.1772, -2.0118 0.502 0.1772, -2.0118 -0.6791 0.1772, -2.0118 0.502 0.1181, -2.0118 -0.6791 0.1181, -1.9252 0.502 0.1181, -1.9291 0.502 0.1181, -1.9291 -0.5317 0.1181, -2.0079 0.502 0.1181, -2.0079 -0.5317 0.1181, -1.9252 -0.6791 0.1181, -1.9252 0.502 0.1772, -1.9252 -0.6791 0.1772, -1.6181 0.502 0.1772, -1.6181 -0.6791 0.1772, -1.6181 0.502 0.1181, -1.6181 -0.6791 0.1181, -1.5315 0.502 0.1181, -1.5354 0.502 0.1181, -1.5354 -0.5317 0.1181, -1.6142 0.502 0.1181, -1.6142 -0.5317 0.1181, -1.5315 -0.6791 0.1181, -1.5315 0.502 0.1772, -1.5315 -0.6791 0.1772, -1.2244 0.502 0.1772, -1.2244 -0.6791 0.1772, -1.2244 0.502 0.1181, -1.2244 -0.6791 0.1181, -1.1378 0.502 0.1181, -1.1417 0.502 0.1181, -1.1417 -0.5317 0.1181, -1.2205 0.502 0.1181, -1.2205 -0.5317 0.1181, -1.1378 -0.6791 0.1181, -1.1378 0.502 0.1772, -1.1378 -0.6791 0.1772, -0.8307 0.502 0.1772, -0.8307 -0.6791 0.1772, -0.8307 0.502 0.1181, -0.8307 -0.6791 0.1181, -0.7441 0.502 0.1181, -0.748 0.502 0.1181, -0.748 -0.5317 0.1181, -0.8268 0.502 0.1181, -0.8268 -0.5317 0.1181, -0.7441 -0.6791 0.1181, -0.7441 0.502 0.1772, -0.7441 -0.6791 0.1772, -0.437 0.502 0.1772, -0.437 -0.6791 0.1772, -0.437 0.502 0.1181, -0.437 -0.6791 0.1181, -0.3504 0.502 0.1181, -0.3543 0.502 0.1181, -0.3543 -0.5317 0.1181, -0.4331 0.502 0.1181, -0.4331 -0.5317 0.1181, -0.3504 -0.6791 0.1181, -0.3504 0.502 0.1772, -0.3504 -0.6791 0.1772, -0.0433 0.502 0.1772, -0.0433 -0.6791 0.1772, -0.0433 0.502 0.1181, -0.0433 -0.6791 0.1181, -0.0433 -0.6791 0.1181
            ]
        }
        coordIndex [
            0,1,2,-1,2,1,3,-1,4,0,5,-1,5,0,2,-1,6,7,8,-1,9,4,10,-1,10,4,5,-1,10,5,8,-1,8,5,11,-1,8,11,6,-1,12,6,13,-1,13,6,11,-1,14,12,15,-1,15,12,13,-1,16,14,17,-1,17,14,15,-1,18,19,20,-1,21,16,22,-1,22,16,17,-1,22,17,20,-1,20,17,23,-1,20,23,18,-1,24,18,25,-1,25,18,23,-1,26,24,27,-1,27,24,25,-1,28,26,29,-1,29,26,27,-1,30,31,32,-1,33,28,34,-1,34,28,29,-1,34,29,32,-1,32,29,35,-1,32,35,30,-1,36,30,37,-1,37,30,35,-1,38,36,39,-1,39,36,37,-1,40,38,41,-1,41,38,39,-1,42,43,44,-1,45,40,46,-1,46,40,41,-1,46,41,44,-1,44,41,47,-1,44,47,42,-1,48,42,49,-1,49,42,47,-1,50,48,51,-1,51,48,49,-1,52,50,53,-1,53,50,51,-1,54,55,56,-1,57,52,58,-1,58,52,53,-1,58,53,56,-1,56,53,59,-1,56,59,54,-1,60,54,61,-1,61,54,59,-1,62,60,63,-1,63,60,61,-1,64,62,65,-1,65,62,63,-1,66,67,68,-1,69,64,70,-1,70,64,65,-1,70,65,68,-1,68,65,71,-1,68,71,66,-1,72,66,73,-1,73,66,71,-1,74,72,75,-1,75,72,73,-1,76,74,77,-1,77,74,75,-1,78,79,80,-1,81,76,82,-1,82,76,77,-1,82,77,80,-1,80,77,83,-1,80,83,78,-1,84,78,85,-1,85,78,83,-1,86,84,87,-1,87,84,85,-1,88,86,89,-1,89,86,87,-1,90,91,92,-1,93,88,94,-1,94,88,89,-1,94,89,92,-1,92,89,95,-1,92,95,90,-1,96,90,97,-1,97,90,95,-1,98,96,99,-1,99,96,97,-1,100,98,101,-1,101,98,99,-1,
        ]
    }
}
Shape{
    appearance Appearance {
        material  Material 	{
            diffuseColor 1.0 1.0 1.0
            specularColor 0.8784313725490196 0.8784313725490196 0.8784313725490196
            ambientIntensity 0.2
            transparency 0
            shininess 0.5
        }
    }
    geometry IndexedFaceSet {
        ccw TRUE
        solid FALSE
        coord DEF co Coordinate {
            point [
                -3.9567 -0.6791 0.1969, -3.6024 -0.6791 0.1969, -3.9567 -0.7185 0.1969, -3.6024 -1.0335 0.1969, -4.1535 -0.7185 0.1969, -4.1535 -1.0335 0.1969, -4.1535 -1.0335 0.1969
            ]
        }
        coordIndex [
            0,1,2,-1,2,1,3,-1,2,3,4,-1,4,3,5,-1,
        ]
    }
}
Shape{
    appearance Appearance {
        material  Material 	{
            diffuseColor 0.20784313725490197 0.20784313725490197 0.20784313725490197
            specularColor 0.01568627450980392 0.01568627450980392 0.01568627450980392
            ambientIntensity 0.2
            transparency 0
            shininess 0.5
        }
    }
    geometry IndexedFaceSet {
        ccw TRUE
        solid FALSE
        coord DEF co Coordinate {
            point [
                -4.1535 -0.7185 0.1969, -4.1535 -1.0335 0.1969, -4.1535 -0.7185 0.7559, -4.1535 -1.0335 0.7559, -4.1535 -1.0335 0.7559
            ]
        }
        coordIndex [
            0,1,2,-1,2,1,3,-1,
        ]
    }
}
Shape{
    appearance Appearance {
        material  Material 	{
            diffuseColor 0.5882352941176471 0.5725490196078431 0.5254901960784314
            specularColor 0.043137254901960784 0.0392156862745098 0.0392156862745098
            ambientIntensity 0.2
            transparency 0
            shininess 0.5
        }
    }
    geometry IndexedFaceSet {
        ccw TRUE
        solid FALSE
        coord DEF co Coordinate {
            point [
                -0.0394 1.0335 0.0787, -0.0394 0.9154 0.0787, -0.3543 1.0335 0.0787, -0.3543 0.9154 0.0787, -0.3543 0.9154 0.0787
            ]
        }
        coordIndex [
            0,1,2,-1,2,1,3,-1,
        ]
    }
}
Shape{
    appearance Appearance {
        material  Material 	{
            diffuseColor 0.6666666666666666 0.6666666666666666 0.6666666666666666
            specularColor 0.4666666666666667 0.4666666666666667 0.4666666666666667
            ambientIntensity 0.2
            transparency 0
            shininess 0.5
        }
    }
    geometry IndexedFaceSet {
        ccw TRUE
        solid FALSE
        coord DEF co Coordinate {
            point [
                -0.3543 0.9941 -0.0118, -0.3543 0.9154 0.0787, -0.4331 0.9941 -0.0118, -0.4331 0.9154 0.0787, -0.4331 0.9154 0.0787
            ]
        }
        coordIndex [
            0,1,2,-1,2,1,3,-1,
        ]
    }
}
Shape{
    appearance Appearance {
        material  Material 	{
            diffuseColor 0.5882352941176471 0.5725490196078431 0.5254901960784314
            specularColor 0.043137254901960784 0.0392156862745098 0.0392156862745098
            ambientIntensity 0.2
            transparency 0
            shininess 0.5
        }
    }
    geometry IndexedFaceSet {
        ccw TRUE
        solid FALSE
        coord DEF co Coordinate {
            point [
                -0.4331 1.0335 0.0787, -0.4331 0.9154 0.0787, -0.748 1.0335 0.0787, -0.748 0.9154 0.0787, -0.748 0.9154 0.0787
            ]
        }
        coordIndex [
            0,1,2,-1,2,1,3,-1,
        ]
    }
}
Shape{
    appearance Appearance {
        material  Material 	{
            diffuseColor 0.6666666666666666 0.6666666666666666 0.6666666666666666
            specularColor 0.4666666666666667 0.4666666666666667 0.4666666666666667
            ambientIntensity 0.2
            transparency 0
            shininess 0.5
        }
    }
    geometry IndexedFaceSet {
        ccw TRUE
        solid FALSE
        coord DEF co Coordinate {
            point [
                -0.748 0.9941 -0.0118, -0.748 0.9154 0.0787, -0.8268 0.9941 -0.0118, -0.8268 0.9154 0.0787, -0.8268 0.9154 0.0787
            ]
        }
        coordIndex [
            0,1,2,-1,2,1,3,-1,
        ]
    }
}
Shape{
    appearance Appearance {
        material  Material 	{
            diffuseColor 0.5882352941176471 0.5725490196078431 0.5254901960784314
            specularColor 0.043137254901960784 0.0392156862745098 0.0392156862745098
            ambientIntensity 0.2
            transparency 0
            shininess 0.5
        }
    }
    geometry IndexedFaceSet {
        ccw TRUE
        solid FALSE
        coord DEF co Coordinate {
            point [
                -0.8268 1.0335 0.0787, -0.8268 0.9154 0.0787, -1.1417 1.0335 0.0787, -1.1417 0.9154 0.0787, -1.1417 0.9154 0.0787
            ]
        }
        coordIndex [
            0,1,2,-1,2,1,3,-1,
        ]
    }
}
Shape{
    appearance Appearance {
        material  Material 	{
            diffuseColor 0.6666666666666666 0.6666666666666666 0.6666666666666666
            specularColor 0.4666666666666667 0.4666666666666667 0.4666666666666667
            ambientIntensity 0.2
            transparency 0
            shininess 0.5
        }
    }
    geometry IndexedFaceSet {
        ccw TRUE
        solid FALSE
        coord DEF co Coordinate {
            point [
                -1.1417 0.9941 -0.0118, -1.1417 0.9154 0.0787, -1.2205 0.9941 -0.0118, -1.2205 0.9154 0.0787, -1.2205 0.9154 0.0787
            ]
        }
        coordIndex [
            0,1,2,-1,2,1,3,-1,
        ]
    }
}
Shape{
    appearance Appearance {
        material  Material 	{
            diffuseColor 0.5882352941176471 0.5725490196078431 0.5254901960784314
            specularColor 0.043137254901960784 0.0392156862745098 0.0392156862745098
            ambientIntensity 0.2
            transparency 0
            shininess 0.5
        }
    }
    geometry IndexedFaceSet {
        ccw TRUE
        solid FALSE
        coord DEF co Coordinate {
            point [
                -1.2205 1.0335 0.0787, -1.2205 0.9154 0.0787, -1.5354 1.0335 0.0787, -1.5354 0.9154 0.0787, -1.5354 0.9154 0.0787
            ]
        }
        coordIndex [
            0,1,2,-1,2,1,3,-1,
        ]
    }
}
Shape{
    appearance Appearance {
        material  Material 	{
            diffuseColor 0.6666666666666666 0.6666666666666666 0.6666666666666666
            specularColor 0.4666666666666667 0.4666666666666667 0.4666666666666667
            ambientIntensity 0.2
            transparency 0
            shininess 0.5
        }
    }
    geometry IndexedFaceSet {
        ccw TRUE
        solid FALSE
        coord DEF co Coordinate {
            point [
                -1.5354 0.9941 -0.0118, -1.5354 0.9154 0.0787, -1.6142 0.9941 -0.0118, -1.6142 0.9154 0.0787, -1.6142 0.9154 0.0787
            ]
        }
        coordIndex [
            0,1,2,-1,2,1,3,-1,
        ]
    }
}
Shape{
    appearance Appearance {
        material  Material 	{
            diffuseColor 0.5882352941176471 0.5725490196078431 0.5254901960784314
            specularColor 0.043137254901960784 0.0392156862745098 0.0392156862745098
            ambientIntensity 0.2
            transparency 0
            shininess 0.5
        }
    }
    geometry IndexedFaceSet {
        ccw TRUE
        solid FALSE
        coord DEF co Coordinate {
            point [
                -1.6142 1.0335 0.0787, -1.6142 0.9154 0.0787, -1.9291 1.0335 0.0787, -1.9291 0.9154 0.0787, -1.9291 0.9154 0.0787
            ]
        }
        coordIndex [
            0,1,2,-1,2,1,3,-1,
        ]
    }
}
Shape{
    appearance Appearance {
        material  Material 	{
            diffuseColor 0.6666666666666666 0.6666666666666666 0.6666666666666666
            specularColor 0.4666666666666667 0.4666666666666667 0.4666666666666667
            ambientIntensity 0.2
            transparency 0
            shininess 0.5
        }
    }
    geometry IndexedFaceSet {
        ccw TRUE
        solid FALSE
        coord DEF co Coordinate {
            point [
                -1.9291 0.9941 -0.0118, -1.9291 0.9154 0.0787, -2.0079 0.9941 -0.0118, -2.0079 0.9154 0.0787, -2.0079 0.9154 0.0787
            ]
        }
        coordIndex [
            0,1,2,-1,2,1,3,-1,
        ]
    }
}
Shape{
    appearance Appearance {
        material  Material 	{
            diffuseColor 0.5882352941176471 0.5725490196078431 0.5254901960784314
            specularColor 0.043137254901960784 0.0392156862745098 0.0392156862745098
            ambientIntensity 0.2
            transparency 0
            shininess 0.5
        }
    }
    geometry IndexedFaceSet {
        ccw TRUE
        solid FALSE
        coord DEF co Coordinate {
            point [
                -2.0079 1.0335 0.0787, -2.0079 0.9154 0.0787, -2.3228 1.0335 0.0787, -2.3228 0.9154 0.0787, -2.3228 0.9154 0.0787
            ]
        }
        coordIndex [
            0,1,2,-1,2,1,3,-1,
        ]
    }
}
Shape{
    appearance Appearance {
        material  Material 	{
            diffuseColor 0.6666666666666666 0.6666666666666666 0.6666666666666666
            specularColor 0.4666666666666667 0.4666666666666667 0.4666666666666667
            ambientIntensity 0.2
            transparency 0
            shininess 0.5
        }
    }
    geometry IndexedFaceSet {
        ccw TRUE
        solid FALSE
        coord DEF co Coordinate {
            point [
                -2.3228 0.9941 -0.0118, -2.3228 0.9154 0.0787, -2.4016 0.9941 -0.0118, -2.4016 0.9154 0.0787, -2.4016 0.9154 0.0787
            ]
        }
        coordIndex [
            0,1,2,-1,2,1,3,-1,
        ]
    }
}
Shape{
    appearance Appearance {
        material  Material 	{
            diffuseColor 0.5882352941176471 0.5725490196078431 0.5254901960784314
            specularColor 0.043137254901960784 0.0392156862745098 0.0392156862745098
            ambientIntensity 0.2
            transparency 0
            shininess 0.5
        }
    }
    geometry IndexedFaceSet {
        ccw TRUE
        solid FALSE
        coord DEF co Coordinate {
            point [
                -2.4016 1.0335 0.0787, -2.4016 0.9154 0.0787, -2.7165 1.0335 0.0787, -2.7165 0.9154 0.0787, -2.7165 0.9154 0.0787
            ]
        }
        coordIndex [
            0,1,2,-1,2,1,3,-1,
        ]
    }
}
Shape{
    appearance Appearance {
        material  Material 	{
            diffuseColor 0.6666666666666666 0.6666666666666666 0.6666666666666666
            specularColor 0.4666666666666667 0.4666666666666667 0.4666666666666667
            ambientIntensity 0.2
            transparency 0
            shininess 0.5
        }
    }
    geometry IndexedFaceSet {
        ccw TRUE
        solid FALSE
        coord DEF co Coordinate {
            point [
                -2.7165 0.9941 -0.0118, -2.7165 0.9154 0.0787, -2.7953 0.9941 -0.0118, -2.7953 0.9154 0.0787, -2.7953 0.9154 0.0787
            ]
        }
        coordIndex [
            0,1,2,-1,2,1,3,-1,
        ]
    }
}
Shape{
    appearance Appearance {
        material  Material 	{
            diffuseColor 0.5882352941176471 0.5725490196078431 0.5254901960784314
            specularColor 0.043137254901960784 0.0392156862745098 0.0392156862745098
            ambientIntensity 0.2
            transparency 0
            shininess 0.5
        }
    }
    geometry IndexedFaceSet {
        ccw TRUE
        solid FALSE
        coord DEF co Coordinate {
            point [
                -2.7953 1.0335 0.0787, -2.7953 0.9154 0.0787, -3.1102 1.0335 0.0787, -3.1102 0.9154 0.0787, -3.1102 0.9154 0.0787
            ]
        }
        coordIndex [
            0,1,2,-1,2,1,3,-1,
        ]
    }
}
Shape{
    appearance Appearance {
        material  Material 	{
            diffuseColor 0.6666666666666666 0.6666666666666666 0.6666666666666666
            specularColor 0.4666666666666667 0.4666666666666667 0.4666666666666667
            ambientIntensity 0.2
            transparency 0
            shininess 0.5
        }
    }
    geometry IndexedFaceSet {
        ccw TRUE
        solid FALSE
        coord DEF co Coordinate {
            point [
                -3.1102 0.9941 -0.0118, -3.1102 0.9154 0.0787, -3.189 0.9941 -0.0118, -3.189 0.9154 0.0787, -3.189 0.9154 0.0787
            ]
        }
        coordIndex [
            0,1,2,-1,2,1,3,-1,
        ]
    }
}
Shape{
    appearance Appearance {
        material  Material 	{
            diffuseColor 0.5882352941176471 0.5725490196078431 0.5254901960784314
            specularColor 0.043137254901960784 0.0392156862745098 0.0392156862745098
            ambientIntensity 0.2
            transparency 0
            shininess 0.5
        }
    }
    geometry IndexedFaceSet {
        ccw TRUE
        solid FALSE
        coord DEF co Coordinate {
            point [
                -3.6811 1.0335 0.0787, -3.189 1.0335 0.0787, -3.6811 0.9744 0.0787, -3.189 0.9154 0.0787, -3.6811 0.9154 0.0787, -3.6811 0.9154 0.0787
            ]
        }
        coordIndex [
            0,1,2,-1,2,1,3,-1,2,3,4,-1,
        ]
    }
}
Shape{
    appearance Appearance {
        material  Material 	{
            diffuseColor 0.6666666666666666 0.6666666666666666 0.6666666666666666
            specularColor 0.4666666666666667 0.4666666666666667 0.4666666666666667
            ambientIntensity 0.2
            transparency 0
            shininess 0.5
        }
    }
    geometry IndexedFaceSet {
        ccw TRUE
        solid FALSE
        coord DEF co Coordinate {
            point [
                -3.6811 0.9154 0.0787, -3.6811 0.9154 0.0669, -3.6811 0.9744 0.0787, -3.6811 0.9744 0.0669, -3.6811 0.9744 0.0669
            ]
        }
        coordIndex [
            0,1,2,-1,2,1,3,-1,
        ]
    }
}
Shape{
    appearance Appearance {
        material  Material 	{
            diffuseColor 0.5882352941176471 0.5725490196078431 0.5254901960784314
            specularColor 0.043137254901960784 0.0392156862745098 0.0392156862745098
            ambientIntensity 0.2
            transparency 0
            shininess 0.5
        }
    }
    geometry IndexedFaceSet {
        ccw TRUE
        solid FALSE
        coord DEF co Coordinate {
            point [
                -3.6811 -0.6791 0.0787, -3.6811 -0.0098 0.0787, -3.6811 -0.6791 -0.0, -3.6811 -0.0098 0.0669, -3.6811 0.9154 0.0, -3.6811 0.3839 0.0669, -3.6811 0.9154 0.0669, -3.6811 0.9154 0.0669
            ]
        }
        coordIndex [
            0,1,2,-1,2,1,3,-1,2,3,4,-1,4,3,5,-1,4,5,6,-1,
        ]
    }
}
Shape{
    appearance Appearance {
        material  Material 	{
            diffuseColor 0.6666666666666666 0.6666666666666666 0.6666666666666666
            specularColor 0.4666666666666667 0.4666666666666667 0.4666666666666667
            ambientIntensity 0.2
            transparency 0
            shininess 0.5
        }
    }
    geometry IndexedFaceSet {
        ccw TRUE
        solid FALSE
        coord DEF co Coordinate {
            point [
                -0.0394 0.9941 -0.0118, -0.0394 0.9154 0.0787, -0.0394 1.0335 0.0787, -0.0394 1.1319 0.0866, -0.0394 1.0339 0.1689, -0.0394 1.0335 0.4773, -0.0394 1.0339 0.4773, -0.0394 1.3287 -0.0118, -0.0394 1.3287 0.0472, -0.0394 1.2894 0.0866, -0.0394 1.3274 0.0574, -0.0394 1.3091 0.0813, -0.0394 1.3172 0.0751, -0.0394 1.3235 0.0669, -0.0394 1.2996 0.0853, -0.0394 1.2996 0.0853
            ]
        }
        coordIndex [
            0,1,2,-1,3,2,4,-1,4,2,5,-1,4,5,6,-1,0,2,7,-1,7,2,3,-1,7,3,8,-1,8,3,9,-1,8,9,10,-1,11,12,13,-1,10,9,13,-1,13,9,14,-1,13,14,11,-1,
        ]
    }
}
Shape{
    appearance Appearance {
        material  Material 	{
            diffuseColor 0.20784313725490197 0.20784313725490197 0.20784313725490197
            specularColor 0.01568627450980392 0.01568627450980392 0.01568627450980392
            ambientIntensity 0.2
            transparency 0
            shininess 0.5
        }
    }
    geometry IndexedFaceSet {
        ccw TRUE
        solid FALSE
        coord DEF co Coordinate {
            point [
                -2.4206 -0.9941 0.6378, -3.6024 -0.9941 0.6378, -2.8638 -0.9941 0.3819, -3.6024 -0.9941 0.3819, -3.6024 -1.0335 0.6378, -3.6024 -1.0335 0.1969, -3.6024 -0.6791 0.3819, -3.6024 -0.6791 0.1969, -3.6024 -0.6791 0.1969
            ]
        }
        coordIndex [
            0,1,2,-1,2,1,3,-1,1,4,3,-1,3,4,5,-1,3,5,6,-1,6,5,7,-1,
        ]
    }
}
Shape{
    appearance Appearance {
        material  Material 	{
            diffuseColor 0.5882352941176471 0.5725490196078431 0.5254901960784314
            specularColor 0.043137254901960784 0.0392156862745098 0.0392156862745098
            ambientIntensity 0.2
            transparency 0
            shininess 0.5
        }
    }
    geometry IndexedFaceSet {
        ccw TRUE
        solid FALSE
        coord DEF co Coordinate {
            point [
                -3.5984 -0.6791 0.1772, -3.5984 0.502 0.1772, -3.5984 -0.6791 0.3819, -3.5984 0.502 0.5709, -3.5984 -0.6791 0.5709, -3.5984 -0.6791 0.5709
            ]
        }
        coordIndex [
            0,1,2,-1,2,1,3,-1,2,3,4,-1,
        ]
    }
}
Shape{
    appearance Appearance {
        material  Material 	{
            diffuseColor 0.20784313725490197 0.20784313725490197 0.20784313725490197
            specularColor 0.01568627450980392 0.01568627450980392 0.01568627450980392
            ambientIntensity 0.2
            transparency 0
            shininess 0.5
        }
    }
    geometry IndexedFaceSet {
        ccw TRUE
        solid FALSE
        coord DEF co Coordinate {
            point [
                -2.4184 -0.6791 0.3819, -2.8638 -0.9941 0.3819, -3.5984 -0.6791 0.3819, -3.6024 -0.9941 0.3819, -3.6024 -0.6791 0.3819, -2.3099 -0.9154 0.6374, -2.3092 -0.9154 0.6378, -2.4206 -0.9941 0.6378, -2.385 -0.6791 0.4012, -2.385 -0.6791 0.4012
            ]
        }
        coordIndex [
            0,1,2,-1,2,1,3,-1,2,3,4,-1,5,6,7,-1,8,5,0,-1,0,5,7,-1,0,7,1,-1,
        ]
    }
}
Shape{
    appearance Appearance {
        material  Material 	{
            diffuseColor 0.6666666666666666 0.6666666666666666 0.6666666666666666
            specularColor 0.4666666666666667 0.4666666666666667 0.4666666666666667
            ambientIntensity 0.2
            transparency 0
            shininess 0.5
        }
    }
    geometry IndexedFaceSet {
        ccw TRUE
        solid FALSE
        coord DEF co Coordinate {
            point [
                -0.0394 -0.5484 0.1931, -0.0394 -0.3247 0.2982, -0.0394 -0.3984 0.1969, -0.0394 0.498 0.5709, -0.0394 0.502 0.5709, -0.0394 0.498 0.1969, -0.0394 0.502 0.1181, -0.0394 -0.5317 0.1181, -0.0394 -0.5413 0.1193, -0.0394 -0.5503 0.1228, -0.0394 -0.5582 0.1283, -0.0394 -0.5644 0.1356, -0.0394 -0.5688 0.1443, -0.0394 -0.5709 0.1537, -0.0394 -0.5706 0.1633, -0.0394 -0.568 0.1726, -0.0394 -0.5566 0.188, -0.0394 -0.5633 0.181, -0.0394 -0.5633 0.181
            ]
        }
        coordIndex [
            0,1,2,-1,3,4,5,-1,5,4,6,-1,5,6,2,-1,2,6,7,-1,7,8,2,-1,2,8,9,-1,2,9,0,-1,0,9,10,-1,10,11,0,-1,0,11,12,-1,0,12,13,-1,13,14,0,-1,0,14,15,-1,0,15,16,-1,16,15,17,-1,
        ]
    }
}
Shape{
    appearance Appearance {
        material  Material 	{
            diffuseColor 0.5882352941176471 0.5725490196078431 0.5254901960784314
            specularColor 0.043137254901960784 0.0392156862745098 0.0392156862745098
            ambientIntensity 0.2
            transparency 0
            shininess 0.5
        }
    }
    geometry IndexedFaceSet {
        ccw TRUE
        solid FALSE
        coord DEF co Coordinate {
            point [
                -3.9567 -0.6791 0.7756, -3.9567 -0.6791 0.7559, -3.9567 -0.1673 0.7559, -3.9567 -0.2461 0.5984, -3.9567 -0.2461 0.5787, -3.9567 -0.0098 0.5984, -3.9567 0.0295 0.5787, -3.9567 0.0295 0.7756, -3.5236 0.0295 0.5787, -3.5236 0.0295 0.7756, -3.5236 -0.128 0.7756, -3.5236 -0.128 0.5886, -3.5236 -0.128 0.5787, -3.5236 -0.128 0.5787
            ]
        }
        coordIndex [
            0,1,2,-1,3,4,5,-1,5,4,6,-1,5,6,2,-1,2,6,7,-1,2,7,0,-1,6,8,7,-1,7,8,9,-1,10,9,11,-1,11,9,8,-1,11,8,12,-1,
        ]
    }
}
Shape{
    appearance Appearance {
        material  Material 	{
            diffuseColor 0.20784313725490197 0.20784313725490197 0.20784313725490197
            specularColor 0.01568627450980392 0.01568627450980392 0.01568627450980392
            ambientIntensity 0.2
            transparency 0
            shininess 0.5
        }
    }
    geometry IndexedFaceSet {
        ccw TRUE
        solid FALSE
        coord DEF co Coordinate {
            point [
                -3.563 -0.0098 0.5984, -3.563 -0.1673 0.7559, -3.563 -0.2461 0.5984, -3.563 -0.561 0.7559, -3.563 -0.561 0.5984, -3.563 -0.561 0.5984
            ]
        }
        coordIndex [
            0,1,2,-1,2,1,3,-1,2,3,4,-1,
        ]
    }
}
Shape{
    appearance Appearance {
        material  Material 	{
            diffuseColor 0.6666666666666666 0.6666666666666666 0.6666666666666666
            specularColor 0.4666666666666667 0.4666666666666667 0.4666666666666667
            ambientIntensity 0.2
            transparency 0
            shininess 0.5
        }
    }
    geometry IndexedFaceSet {
        ccw TRUE
        solid FALSE
        coord DEF co Coordinate {
            point [
                -3.1693 -0.4429 0.6666, -3.1693 -0.4823 0.5984, -3.1693 -0.4592 0.6541, -3.1693 -0.4796 0.6188, -3.1693 -0.4717 0.6378, -3.1693 -0.4239 0.6745, -3.1693 -0.4035 0.6772, -3.1693 -0.2461 0.5984, -3.1693 -0.128 0.6772, -3.1693 -0.128 0.5984, -3.1102 -0.4035 0.6772, -3.1102 -0.4239 0.6745, -3.1102 -0.4429 0.6666, -3.1102 -0.4592 0.6541, -3.1102 -0.4717 0.6378, -3.1102 -0.4796 0.6188, -3.1102 -0.4823 0.5984, -3.1102 -0.2461 0.5984, -3.1102 -0.128 0.5984, -3.1102 -0.128 0.6772, -2.7756 -0.4429 0.6666, -2.7756 -0.4823 0.5984, -2.7756 -0.4592 0.6541, -2.7756 -0.4796 0.6188, -2.7756 -0.4717 0.6378, -2.7756 -0.4239 0.6745, -2.7756 -0.4035 0.6772, -2.7756 -0.2461 0.5984, -2.7756 -0.128 0.6772, -2.7756 -0.128 0.5984, -2.7165 -0.4035 0.6772, -2.7165 -0.4239 0.6745, -2.7165 -0.4429 0.6666, -2.7165 -0.4592 0.6541, -2.7165 -0.4717 0.6378, -2.7165 -0.4796 0.6188, -2.7165 -0.4823 0.5984, -2.7165 -0.2461 0.5984, -2.7165 -0.128 0.5984, -2.7165 -0.128 0.6772, -2.3819 -0.4429 0.6666, -2.3819 -0.4823 0.5984, -2.3819 -0.4592 0.6541, -2.3819 -0.4796 0.6188, -2.3819 -0.4717 0.6378, -2.3819 -0.4239 0.6745, -2.3819 -0.4035 0.6772, -2.3819 -0.2461 0.5984, -2.3819 -0.128 0.6772, -2.3819 -0.128 0.5984, -2.3228 -0.4035 0.6772, -2.3228 -0.4239 0.6745, -2.3228 -0.4429 0.6666, -2.3228 -0.4592 0.6541, -2.3228 -0.4717 0.6378, -2.3228 -0.4796 0.6188, -2.3228 -0.4823 0.5984, -2.3228 -0.2461 0.5984, -2.3228 -0.128 0.5984, -2.3228 -0.128 0.6772, -1.9882 -0.4429 0.6666, -1.9882 -0.4823 0.5984, -1.9882 -0.4592 0.6541, -1.9882 -0.4796 0.6188, -1.9882 -0.4717 0.6378, -1.9882 -0.4239 0.6745, -1.9882 -0.4035 0.6772, -1.9882 -0.2461 0.5984, -1.9882 -0.128 0.6772, -1.9882 -0.128 0.5984, -1.9291 -0.4035 0.6772, -1.9291 -0.4239 0.6745, -1.9291 -0.4429 0.6666, -1.9291 -0.4592 0.6541, -1.9291 -0.4717 0.6378, -1.9291 -0.4796 0.6188, -1.9291 -0.4823 0.5984, -1.9291 -0.2461 0.5984, -1.9291 -0.128 0.5984, -1.9291 -0.128 0.6772, -1.5945 -0.4429 0.6666, -1.5945 -0.4823 0.5984, -1.5945 -0.4592 0.6541, -1.5945 -0.4796 0.6188, -1.5945 -0.4717 0.6378, -1.5945 -0.4239 0.6745, -1.5945 -0.4035 0.6772, -1.5945 -0.2461 0.5984, -1.5945 -0.128 0.6772, -1.5945 -0.128 0.5984, -1.5354 -0.4035 0.6772, -1.5354 -0.4239 0.6745, -1.5354 -0.4429 0.6666, -1.5354 -0.4592 0.6541, -1.5354 -0.4717 0.6378, -1.5354 -0.4796 0.6188, -1.5354 -0.4823 0.5984, -1.5354 -0.2461 0.5984, -1.5354 -0.128 0.5984, -1.5354 -0.128 0.6772, -1.2008 -0.4429 0.6666, -1.2008 -0.4823 0.5984, -1.2008 -0.4592 0.6541, -1.2008 -0.4796 0.6188, -1.2008 -0.4717 0.6378, -1.2008 -0.4239 0.6745, -1.2008 -0.4035 0.6772, -1.2008 -0.2461 0.5984, -1.2008 -0.128 0.6772, -1.2008 -0.128 0.5984, -1.1417 -0.4035 0.6772, -1.1417 -0.4239 0.6745, -1.1417 -0.4429 0.6666, -1.1417 -0.4592 0.6541, -1.1417 -0.4717 0.6378, -1.1417 -0.4796 0.6188, -1.1417 -0.4823 0.5984, -1.1417 -0.2461 0.5984, -1.1417 -0.128 0.5984, -1.1417 -0.128 0.6772, -0.8071 -0.4429 0.6666, -0.8071 -0.4823 0.5984, -0.8071 -0.4592 0.6541, -0.8071 -0.4796 0.6188, -0.8071 -0.4717 0.6378, -0.8071 -0.4239 0.6745, -0.8071 -0.4035 0.6772, -0.8071 -0.2461 0.5984, -0.8071 -0.128 0.6772, -0.8071 -0.128 0.5984, -0.748 -0.4035 0.6772, -0.748 -0.4239 0.6745, -0.748 -0.4429 0.6666, -0.748 -0.4592 0.6541, -0.748 -0.4717 0.6378, -0.748 -0.4796 0.6188, -0.748 -0.4823 0.5984, -0.748 -0.2461 0.5984, -0.748 -0.128 0.5984, -0.748 -0.128 0.6772, -0.4134 -0.4429 0.6666, -0.4134 -0.4823 0.5984, -0.4134 -0.4592 0.6541, -0.4134 -0.4796 0.6188, -0.4134 -0.4717 0.6378, -0.4134 -0.4239 0.6745, -0.4134 -0.4035 0.6772, -0.4134 -0.2461 0.5984, -0.4134 -0.128 0.6772, -0.4134 -0.128 0.5984, -0.3543 -0.4035 0.6772, -0.3543 -0.4239 0.6745, -0.3543 -0.4429 0.6666, -0.3543 -0.4592 0.6541, -0.3543 -0.4717 0.6378, -0.3543 -0.4796 0.6188, -0.3543 -0.4823 0.5984, -0.3543 -0.2461 0.5984, -0.3543 -0.128 0.5984, -0.3543 -0.128 0.6772, -0.0197 -0.4429 0.6666, -0.0197 -0.4823 0.5984, -0.0197 -0.4592 0.6541, -0.0197 -0.4796 0.6188, -0.0197 -0.4717 0.6378, -0.0197 -0.4239 0.6745, -0.0197 -0.4035 0.6772, -0.0197 -0.2461 0.5984, -0.0197 -0.128 0.6772, -0.0197 -0.128 0.5984, -0.0197 -0.128 0.5984
            ]
        }
        coordIndex [
            0,1,2,-1,2,1,3,-1,2,3,4,-1,0,5,1,-1,1,5,6,-1,1,6,7,-1,7,6,8,-1,7,8,9,-1,10,6,5,-1,10,5,11,-1,11,5,0,-1,11,0,12,-1,12,0,2,-1,12,2,13,-1,13,2,4,-1,13,4,14,-1,14,4,3,-1,14,3,15,-1,15,3,1,-1,15,1,16,-1,17,18,19,-1,17,19,16,-1,16,19,10,-1,16,10,15,-1,11,12,13,-1,11,13,10,-1,10,13,14,-1,10,14,15,-1,20,21,22,-1,22,21,23,-1,22,23,24,-1,20,25,21,-1,21,25,26,-1,21,26,27,-1,27,26,28,-1,27,28,29,-1,30,26,25,-1,30,25,31,-1,31,25,20,-1,31,20,32,-1,32,20,22,-1,32,22,33,-1,33,22,24,-1,33,24,34,-1,34,24,23,-1,34,23,35,-1,35,23,21,-1,35,21,36,-1,37,38,39,-1,37,39,36,-1,36,39,30,-1,36,30,35,-1,31,32,33,-1,31,33,30,-1,30,33,34,-1,30,34,35,-1,40,41,42,-1,42,41,43,-1,42,43,44,-1,40,45,41,-1,41,45,46,-1,41,46,47,-1,47,46,48,-1,47,48,49,-1,50,46,45,-1,50,45,51,-1,51,45,40,-1,51,40,52,-1,52,40,42,-1,52,42,53,-1,53,42,44,-1,53,44,54,-1,54,44,43,-1,54,43,55,-1,55,43,41,-1,55,41,56,-1,57,58,59,-1,57,59,56,-1,56,59,50,-1,56,50,55,-1,51,52,53,-1,51,53,50,-1,50,53,54,-1,50,54,55,-1,60,61,62,-1,62,61,63,-1,62,63,64,-1,60,65,61,-1,61,65,66,-1,61,66,67,-1,67,66,68,-1,67,68,69,-1,70,66,65,-1,70,65,71,-1,71,65,60,-1,71,60,72,-1,72,60,62,-1,72,62,73,-1,73,62,64,-1,73,64,74,-1,74,64,63,-1,74,63,75,-1,75,63,61,-1,75,61,76,-1,77,78,79,-1,77,79,76,-1,76,79,70,-1,76,70,75,-1,71,72,73,-1,71,73,70,-1,70,73,74,-1,70,74,75,-1,80,81,82,-1,82,81,83,-1,82,83,84,-1,80,85,81,-1,81,85,86,-1,81,86,87,-1,87,86,88,-1,87,88,89,-1,90,86,85,-1,90,85,91,-1,91,85,80,-1,91,80,92,-1,92,80,82,-1,92,82,93,-1,93,82,84,-1,93,84,94,-1,94,84,83,-1,94,83,95,-1,95,83,81,-1,95,81,96,-1,97,98,99,-1,97,99,96,-1,96,99,90,-1,96,90,95,-1,91,92,93,-1,91,93,90,-1,90,93,94,-1,90,94,95,-1,100,101,102,-1,102,101,103,-1,102,103,104,-1,100,105,101,-1,101,105,106,-1,101,106,107,-1,107,106,108,-1,107,108,109,-1,110,106,105,-1,110,105,111,-1,111,105,100,-1,111,100,112,-1,112,100,102,-1,112,102,113,-1,113,102,104,-1,113,104,114,-1,114,104,103,-1,114,103,115,-1,115,103,101,-1,115,101,116,-1,117,118,119,-1,117,119,116,-1,116,119,110,-1,116,110,115,-1,111,112,113,-1,111,113,110,-1,110,113,114,-1,110,114,115,-1,120,121,122,-1,122,121,123,-1,122,123,124,-1,120,125,121,-1,121,125,126,-1,121,126,127,-1,127,126,128,-1,127,128,129,-1,130,126,125,-1,130,125,131,-1,131,125,120,-1,131,120,132,-1,132,120,122,-1,132,122,133,-1,133,122,124,-1,133,124,134,-1,134,124,123,-1,134,123,135,-1,135,123,121,-1,135,121,136,-1,137,138,139,-1,137,139,136,-1,136,139,130,-1,136,130,135,-1,131,132,133,-1,131,133,130,-1,130,133,134,-1,130,134,135,-1,140,141,142,-1,142,141,143,-1,142,143,144,-1,140,145,141,-1,141,145,146,-1,141,146,147,-1,147,146,148,-1,147,148,149,-1,150,146,145,-1,150,145,151,-1,151,145,140,-1,151,140,152,-1,152,140,142,-1,152,142,153,-1,153,142,144,-1,153,144,154,-1,154,144,143,-1,154,143,155,-1,155,143,141,-1,155,141,156,-1,157,158,159,-1,157,159,156,-1,156,159,150,-1,156,150,155,-1,151,152,153,-1,151,153,150,-1,150,153,154,-1,150,154,155,-1,160,161,162,-1,162,161,163,-1,162,163,164,-1,160,165,161,-1,161,165,166,-1,161,166,167,-1,167,166,168,-1,167,168,169,-1,
        ]
    }
}
Shape{
    appearance Appearance {
        material  Material 	{
            diffuseColor 0.0 0.0 0.0
            specularColor 0.0 0.0 0.0
            ambientIntensity 0.2
            transparency 0
            shininess 0.5
        }
    }
    geometry IndexedFaceSet {
        ccw TRUE
        solid FALSE
        coord DEF co Coordinate {
            point [
                0.2123 0.0146 0.7795, 0.2171 0.0179 0.7795, 0.2107 0.0162 0.7795, 0.2152 0.0199 0.7795, 0.207 0.0186 0.7795, 0.2104 0.0232 0.7795, 0.2028 0.0201 0.7795, 0.2047 0.0253 0.7795, 0.1969 0.0207 0.7795, 0.1971 0.0262 0.7795, 0.1897 0.0207 0.7795, 0.1835 0.0262 0.7795, 0.1897 -0.016 0.7795, 0.1835 -0.0215 0.7795, 0.1966 -0.016 0.7795, 0.1967 -0.0215 0.7795, 0.2026 -0.0154 0.7795, 0.204 -0.0207 0.7795, 0.2067 -0.014 0.7795, 0.2096 -0.0187 0.7795, 0.2098 -0.0119 0.7795, 0.2143 -0.0156 0.7795, 0.2108 -0.0111 0.7795, 0.2152 -0.0148 0.7795, 0.2133 -0.0079 0.7795, 0.2185 -0.0108 0.7795, 0.2149 -0.0043 0.7795, 0.221 -0.0059 0.7795, 0.2158 0.0001 0.7795, 0.2222 -0.0004 0.7795, 0.2159 0.0028 0.7795, 0.2223 0.003 0.7795, 0.2153 0.0082 0.7795, 0.2217 0.009 0.7795, 0.214 0.0118 0.7795, 0.22 0.0137 0.7795, 0.2152 -0.0148 0.7756, 0.2185 -0.0108 0.7756, 0.221 -0.0059 0.7756, 0.2222 -0.0004 0.7756, 0.2223 0.003 0.7756, 0.2217 0.009 0.7756, 0.22 0.0137 0.7756, 0.2171 0.0179 0.7756, 0.2152 0.0199 0.7756, 0.2104 0.0232 0.7756, 0.2047 0.0253 0.7756, 0.1971 0.0262 0.7756, 0.1835 0.0262 0.7756, 0.1835 -0.0215 0.7756, 0.1967 -0.0215 0.7756, 0.204 -0.0207 0.7756, 0.2096 -0.0187 0.7756, 0.2143 -0.0156 0.7756, 0.2107 0.0162 0.7756, 0.2123 0.0146 0.7756, 0.214 0.0118 0.7756, 0.2153 0.0082 0.7756, 0.2159 0.0028 0.7756, 0.1969 0.0207 0.7756, 0.2028 0.0201 0.7756, 0.207 0.0186 0.7756, 0.1897 0.0207 0.7756, 0.1897 -0.016 0.7756, 0.1966 -0.016 0.7756, 0.2108 -0.0111 0.7756, 0.2098 -0.0119 0.7756, 0.2067 -0.014 0.7756, 0.2026 -0.0154 0.7756, 0.2158 0.0001 0.7756, 0.2149 -0.0043 0.7756, 0.2133 -0.0079 0.7756, 0.2133 -0.0079 0.7756
            ]
        }
        coordIndex [
            0,1,2,-1,2,1,3,-1,2,3,4,-1,4,3,5,-1,4,5,6,-1,6,5,7,-1,6,7,8,-1,8,7,9,-1,8,9,10,-1,10,9,11,-1,10,11,12,-1,12,11,13,-1,12,13,14,-1,14,13,15,-1,14,15,16,-1,16,15,17,-1,16,17,18,-1,18,17,19,-1,18,19,20,-1,20,19,21,-1,20,21,22,-1,22,21,23,-1,22,23,24,-1,24,23,25,-1,24,25,26,-1,26,25,27,-1,26,27,28,-1,28,27,29,-1,28,29,30,-1,30,29,31,-1,30,31,32,-1,32,31,33,-1,32,33,34,-1,34,33,35,-1,34,35,0,-1,0,35,1,-1,23,36,37,-1,23,37,25,-1,25,37,38,-1,25,38,27,-1,27,38,39,-1,27,39,29,-1,29,39,40,-1,29,40,31,-1,31,40,41,-1,31,41,33,-1,33,41,42,-1,33,42,35,-1,35,42,43,-1,35,43,1,-1,1,43,44,-1,1,44,3,-1,3,44,45,-1,3,45,5,-1,5,45,46,-1,5,46,7,-1,7,46,47,-1,7,47,9,-1,11,9,48,-1,48,9,47,-1,13,11,49,-1,49,11,48,-1,15,13,50,-1,50,13,49,-1,15,50,51,-1,15,51,17,-1,17,51,52,-1,17,52,19,-1,19,52,53,-1,19,53,21,-1,21,53,36,-1,21,36,23,-1,2,54,55,-1,2,55,0,-1,0,55,56,-1,0,56,34,-1,34,56,57,-1,34,57,32,-1,32,57,58,-1,32,58,30,-1,8,59,60,-1,8,60,6,-1,6,60,61,-1,6,61,4,-1,4,61,54,-1,4,54,2,-1,8,10,59,-1,59,10,62,-1,10,12,62,-1,62,12,63,-1,12,14,63,-1,63,14,64,-1,22,65,66,-1,22,66,20,-1,20,66,67,-1,20,67,18,-1,18,67,68,-1,18,68,16,-1,16,68,64,-1,16,64,14,-1,30,58,69,-1,30,69,28,-1,28,69,70,-1,28,70,26,-1,26,70,71,-1,26,71,24,-1,24,71,65,-1,24,65,22,-1,
        ]
    }
}
Shape{
    appearance Appearance {
        material  Material 	{
            diffuseColor 0.5882352941176471 0.5725490196078431 0.5254901960784314
            specularColor 0.043137254901960784 0.0392156862745098 0.0392156862745098
            ambientIntensity 0.2
            transparency 0
            shininess 0.5
        }
    }
    geometry IndexedFaceSet {
        ccw TRUE
        solid FALSE
        coord DEF co Coordinate {
            point [
                0.1897 0.0207 0.7756, 0.1897 -0.016 0.7756, 0.1969 0.0207 0.7756, 0.1966 -0.016 0.7756, 0.2026 -0.0154 0.7756, 0.2067 -0.014 0.7756, 0.2098 -0.0119 0.7756, 0.2108 -0.0111 0.7756, 0.2133 -0.0079 0.7756, 0.2149 -0.0043 0.7756, 0.2158 0.0001 0.7756, 0.2159 0.0028 0.7756, 0.2153 0.0082 0.7756, 0.214 0.0118 0.7756, 0.2123 0.0146 0.7756, 0.2107 0.0162 0.7756, 0.2028 0.0201 0.7756, 0.207 0.0186 0.7756, 0.207 0.0186 0.7756
            ]
        }
        coordIndex [
            0,1,2,-1,2,1,3,-1,2,3,4,-1,4,5,2,-1,2,5,6,-1,2,6,7,-1,7,8,2,-1,2,8,9,-1,2,9,10,-1,10,11,2,-1,2,11,12,-1,2,12,13,-1,13,14,2,-1,2,14,15,-1,2,15,16,-1,16,15,17,-1,
        ]
    }
}
Shape{
    appearance Appearance {
        material  Material 	{
            diffuseColor 0.0 0.0 0.0
            specularColor 0.0 0.0 0.0
            ambientIntensity 0.2
            transparency 0
            shininess 0.5
        }
    }
    geometry IndexedFaceSet {
        ccw TRUE
        solid FALSE
        coord DEF co Coordinate {
            point [
                0.127 -0.0131 0.7795, 0.127 -0.0131 0.7756, 0.1265 -0.0146 0.7756, 0.1265 -0.0146 0.7795, 0.1263 -0.0158 0.7756, 0.1263 -0.0158 0.7795, 0.1261 -0.0158 0.7795, 0.1261 -0.0158 0.7756, 0.1254 -0.013 0.7795, 0.1254 -0.013 0.7756, 0.1165 0.0126 0.7795, 0.1194 0.0043 0.7756, 0.1165 0.0126 0.7756, 0.1098 0.0126 0.7795, 0.1098 0.0126 0.7756, 0.1231 -0.0214 0.7795, 0.1194 -0.0117 0.7756, 0.1231 -0.0214 0.7756, 0.1205 -0.0276 0.7756, 0.1205 -0.0276 0.7795, 0.1229 -0.0219 0.7756, 0.1194 -0.0297 0.7756, 0.1194 -0.0297 0.7756, 0.1182 -0.031 0.7795, 0.1194 -0.0297 0.7795, 0.1182 -0.031 0.7756, 0.1172 -0.0317 0.7756, 0.1172 -0.0317 0.7795, 0.1158 -0.0322 0.7756, 0.1158 -0.0322 0.7795, 0.1144 -0.0324 0.7756, 0.1144 -0.0324 0.7795, 0.1122 -0.0321 0.7756, 0.1122 -0.0321 0.7795, 0.111 -0.0317 0.7756, 0.111 -0.0317 0.7795, 0.111 -0.037 0.7795, 0.111 -0.037 0.7756, 0.1136 -0.0375 0.7756, 0.1136 -0.0375 0.7795, 0.1149 -0.0375 0.7756, 0.1149 -0.0375 0.7795, 0.1173 -0.0372 0.7756, 0.1173 -0.0372 0.7795, 0.1194 -0.0364 0.7756, 0.1196 -0.0363 0.7795, 0.1196 -0.0363 0.7756, 0.1217 -0.0349 0.7756, 0.1217 -0.0349 0.7795, 0.1221 -0.0345 0.7756, 0.1221 -0.0345 0.7795, 0.1243 -0.0319 0.7756, 0.1243 -0.0319 0.7795, 0.127 -0.0266 0.7756, 0.127 -0.0266 0.7795, 0.1425 0.0126 0.7756, 0.1425 0.0126 0.7795, 0.1289 -0.0219 0.7756, 0.1363 0.0126 0.7795, 0.1363 0.0126 0.7756, 0.0929 -0.0223 0.7756, 0.0968 -0.0219 0.7756, 0.0929 -0.0223 0.7795, 0.0978 -0.0218 0.7795, 0.0978 -0.0218 0.7756, 0.1011 -0.0206 0.7756, 0.1011 -0.0206 0.7795, 0.1028 -0.0196 0.7756, 0.1028 -0.0196 0.7795, 0.1046 -0.0181 0.7756, 0.1046 -0.0181 0.7795, 0.1057 -0.0165 0.7756, 0.1057 -0.0165 0.7795, 0.1064 -0.0146 0.7756, 0.1064 -0.0146 0.7795, 0.1067 -0.0122 0.7756, 0.1067 -0.0122 0.7795, 0.1064 -0.01 0.7756, 0.1064 -0.01 0.7795, 0.1058 -0.0082 0.7756, 0.1058 -0.0082 0.7795, 0.1047 -0.0066 0.7756, 0.1047 -0.0066 0.7795, 0.1033 -0.0053 0.7756, 0.1033 -0.0053 0.7795, 0.0993 -0.0031 0.7756, 0.0993 -0.0031 0.7795, 0.097 -0.0022 0.7756, 0.097 -0.0022 0.7795, 0.0933 -0.0006 0.7756, 0.0933 -0.0006 0.7795, 0.0912 0.0008 0.7756, 0.0912 0.0008 0.7795, 0.0906 0.0014 0.7756, 0.0906 0.0014 0.7795, 0.0902 0.0022 0.7756, 0.0902 0.0022 0.7795, 0.0899 0.0031 0.7756, 0.0899 0.0031 0.7795, 0.0899 0.0039 0.7756, 0.0899 0.0039 0.7795, 0.09 0.0049 0.7756, 0.09 0.0049 0.7795, 0.0903 0.0057 0.7756, 0.0903 0.0057 0.7795, 0.0908 0.0064 0.7756, 0.0908 0.0064 0.7795, 0.0917 0.0072 0.7756, 0.0917 0.0072 0.7795, 0.093 0.0079 0.7756, 0.093 0.0079 0.7795, 0.0946 0.0084 0.7756, 0.0946 0.0084 0.7795, 0.0964 0.0085 0.7756, 0.0964 0.0085 0.7795, 0.1003 0.0081 0.7756, 0.1003 0.0081 0.7795, 0.1037 0.0068 0.7756, 0.1037 0.0068 0.7795, 0.1051 0.006 0.7756, 0.1051 0.006 0.7795, 0.1051 0.0118 0.7795, 0.1051 0.0118 0.7756, 0.1003 0.0131 0.7756, 0.1003 0.0131 0.7795, 0.097 0.0134 0.7756, 0.097 0.0134 0.7795, 0.0926 0.0129 0.7756, 0.0926 0.0129 0.7795, 0.0893 0.0117 0.7756, 0.0893 0.0117 0.7795, 0.0876 0.0106 0.7756, 0.0876 0.0106 0.7795, 0.0865 0.0097 0.7756, 0.0858 0.0091 0.7795, 0.0858 0.0091 0.7756, 0.0847 0.0074 0.7756, 0.0847 0.0074 0.7795, 0.084 0.0055 0.7756, 0.084 0.0055 0.7795, 0.0837 0.0034 0.7756, 0.0837 0.0034 0.7795, 0.084 0.0011 0.7756, 0.084 0.0011 0.7795, 0.0846 -0.0008 0.7756, 0.0846 -0.0008 0.7795, 0.0854 -0.002 0.7756, 0.0854 -0.002 0.7795, 0.0928 -0.0065 0.7756, 0.0928 -0.0065 0.7795, 0.0892 -0.0049 0.7795, 0.0864 -0.003 0.7756, 0.0864 -0.003 0.7795, 0.0865 -0.0031 0.7756, 0.0892 -0.0049 0.7756, 0.0967 -0.0081 0.7756, 0.0967 -0.0081 0.7795, 0.099 -0.0096 0.7756, 0.099 -0.0096 0.7795, 0.0998 -0.0103 0.7756, 0.0998 -0.0103 0.7795, 0.1002 -0.0111 0.7756, 0.1002 -0.0111 0.7795, 0.1005 -0.0121 0.7756, 0.1005 -0.0121 0.7795, 0.1006 -0.0128 0.7756, 0.1006 -0.0128 0.7795, 0.1004 -0.0139 0.7756, 0.1004 -0.0139 0.7795, 0.1001 -0.0148 0.7756, 0.1001 -0.0148 0.7795, 0.0996 -0.0156 0.7756, 0.0996 -0.0156 0.7795, 0.0989 -0.0162 0.7756, 0.0989 -0.0162 0.7795, 0.0984 -0.0165 0.7756, 0.0984 -0.0165 0.7795, 0.0968 -0.0171 0.7756, 0.0968 -0.0171 0.7795, 0.0938 -0.0174 0.7756, 0.0938 -0.0174 0.7795, 0.0935 -0.0174 0.7756, 0.0935 -0.0174 0.7795, 0.0837 -0.0141 0.7756, 0.0837 -0.0141 0.7795, 0.086 -0.0156 0.7795, 0.0898 -0.017 0.7756, 0.0898 -0.017 0.7795, 0.0865 -0.0157 0.7756, 0.086 -0.0156 0.7756, 0.0837 -0.0203 0.7795, 0.0837 -0.0203 0.7756, 0.0865 -0.0212 0.7756, 0.088 -0.0218 0.7795, 0.089 -0.0219 0.7756, 0.088 -0.0218 0.7756, 0.0696 -0.0215 0.7795, 0.0756 -0.0215 0.7795, 0.0696 -0.0162 0.7795, 0.0756 0.0004 0.7795, 0.0696 0.0002 0.7795, 0.0567 -0.0069 0.7795, 0.0581 -0.0063 0.7795, 0.0695 -0.0162 0.7795, 0.0663 -0.0153 0.7795, 0.0685 -0.0176 0.7795, 0.0646 -0.0165 0.7795, 0.0617 -0.0055 0.7795, 0.0696 -0.0044 0.7795, 0.0696 -0.0077 0.7795, 0.0696 -0.008 0.7795, 0.0692 -0.0107 0.7795, 0.0684 -0.0128 0.7795, 0.0671 -0.0146 0.7795, 0.0694 0.0028 0.7795, 0.0752 0.0049 0.7795, 0.0688 0.0049 0.7795, 0.0742 0.0076 0.7795, 0.0681 0.0062 0.7795, 0.073 0.0096 0.7795, 0.0672 0.0071 0.7795, 0.0714 0.0111 0.7795, 0.0661 0.0078 0.7795, 0.0695 0.0122 0.7795, 0.0648 0.0083 0.7795, 0.067 0.013 0.7795, 0.0627 0.0085 0.7795, 0.0633 0.0134 0.7795, 0.0591 0.0081 0.7795, 0.0577 0.0127 0.7795, 0.0554 0.0068 0.7795, 0.0532 0.0111 0.7795, 0.0516 0.0044 0.7795, 0.0516 0.0102 0.7795, 0.0555 -0.0153 0.7795, 0.0512 -0.0196 0.7795, 0.056 -0.0158 0.7795, 0.0532 -0.021 0.7795, 0.0572 -0.0167 0.7795, 0.0555 -0.0219 0.7795, 0.0586 -0.0171 0.7795, 0.059 -0.0223 0.7795, 0.0606 -0.0174 0.7795, 0.0621 -0.0219 0.7795, 0.0628 -0.0171 0.7795, 0.0645 -0.0211 0.7795, 0.0667 -0.0197 0.7795, 0.0544 -0.0109 0.7795, 0.0483 -0.0115 0.7795, 0.0543 -0.0119 0.7795, 0.0483 -0.0124 0.7795, 0.0545 -0.0132 0.7795, 0.0485 -0.0151 0.7795, 0.0549 -0.0143 0.7795, 0.0493 -0.0171 0.7795, 0.0505 -0.0189 0.7795, 0.0595 -0.0012 0.7795, 0.0552 -0.0023 0.7795, 0.0559 -0.0076 0.7795, 0.0526 -0.0036 0.7795, 0.0552 -0.0084 0.7795, 0.0507 -0.0052 0.7795, 0.0547 -0.0096 0.7795, 0.0495 -0.0069 0.7795, 0.0487 -0.009 0.7795, 0.0627 0.0085 0.7756, 0.0648 0.0083 0.7756, 0.0661 0.0078 0.7756, 0.0672 0.0071 0.7756, 0.0681 0.0062 0.7756, 0.0688 0.0049 0.7756, 0.0694 0.0028 0.7756, 0.0696 0.0002 0.7756, 0.0595 -0.0012 0.7756, 0.0552 -0.0023 0.7756, 0.0526 -0.0036 0.7756, 0.0507 -0.0052 0.7756, 0.0495 -0.0069 0.7756, 0.0487 -0.009 0.7756, 0.0483 -0.0115 0.7756, 0.0483 -0.0124 0.7756, 0.0485 -0.0151 0.7756, 0.0493 -0.0171 0.7756, 0.0505 -0.0189 0.7756, 0.0512 -0.0196 0.7756, 0.059 -0.0223 0.7756, 0.0556 -0.0219 0.7756, 0.0555 -0.0219 0.7756, 0.0532 -0.021 0.7756, 0.0621 -0.0219 0.7756, 0.0623 -0.0219 0.7756, 0.0645 -0.0211 0.7756, 0.0667 -0.0197 0.7756, 0.0685 -0.0176 0.7756, 0.0695 -0.0162 0.7756, 0.0696 -0.0162 0.7756, 0.0696 -0.0215 0.7756, 0.0756 -0.0215 0.7756, 0.0756 0.0004 0.7756, 0.0752 0.0049 0.7756, 0.0742 0.0076 0.7756, 0.073 0.0096 0.7756, 0.0714 0.0111 0.7756, 0.0695 0.0122 0.7756, 0.067 0.013 0.7756, 0.0633 0.0134 0.7756, 0.0577 0.0127 0.7756, 0.0532 0.0111 0.7756, 0.0516 0.0102 0.7756, 0.0516 0.0044 0.7756, 0.0554 0.0068 0.7756, 0.0591 0.0081 0.7756, 0.0671 -0.0146 0.7756, 0.0663 -0.0153 0.7756, 0.0646 -0.0165 0.7756, 0.0628 -0.0171 0.7756, 0.0606 -0.0174 0.7756, 0.0696 -0.0077 0.7756, 0.0696 -0.008 0.7756, 0.0692 -0.0107 0.7756, 0.0684 -0.0128 0.7756, 0.0696 -0.0044 0.7756, 0.0617 -0.0055 0.7756, 0.0559 -0.0076 0.7756, 0.0567 -0.0069 0.7756, 0.0581 -0.0063 0.7756, 0.0543 -0.0119 0.7756, 0.0544 -0.0109 0.7756, 0.0547 -0.0096 0.7756, 0.0552 -0.0084 0.7756, 0.056 -0.0158 0.7756, 0.0555 -0.0153 0.7756, 0.0549 -0.0143 0.7756, 0.0545 -0.0132 0.7756, 0.0586 -0.0171 0.7756, 0.0572 -0.0167 0.7756, 0.0572 -0.0167 0.7756
            ]
        }
        coordIndex [
            0,1,2,-1,0,2,3,-1,3,2,4,-1,3,4,5,-1,6,5,7,-1,7,5,4,-1,8,6,9,-1,9,6,7,-1,8,9,10,-1,10,9,11,-1,10,11,12,-1,13,10,14,-1,14,10,12,-1,13,14,15,-1,15,14,16,-1,15,16,17,-1,18,19,20,-1,20,19,15,-1,20,15,17,-1,19,18,21,-1,22,23,21,-1,21,23,24,-1,21,24,19,-1,22,25,23,-1,23,25,26,-1,23,26,27,-1,27,26,28,-1,27,28,29,-1,29,28,30,-1,29,30,31,-1,31,30,32,-1,31,32,33,-1,33,32,34,-1,33,34,35,-1,36,35,37,-1,37,35,34,-1,36,37,38,-1,36,38,39,-1,39,38,40,-1,39,40,41,-1,41,40,42,-1,41,42,43,-1,43,42,44,-1,43,44,45,-1,44,46,45,-1,45,46,47,-1,45,47,48,-1,48,47,49,-1,48,49,50,-1,50,49,51,-1,50,51,52,-1,52,51,53,-1,52,53,54,-1,55,56,57,-1,57,56,54,-1,57,54,53,-1,58,56,59,-1,59,56,55,-1,0,58,1,-1,1,58,59,-1,3,5,54,-1,56,58,54,-1,54,58,0,-1,54,0,3,-1,10,13,8,-1,8,13,15,-1,8,15,6,-1,52,24,50,-1,50,24,23,-1,35,36,33,-1,33,36,39,-1,33,39,31,-1,31,39,41,-1,31,41,29,-1,29,41,43,-1,29,43,27,-1,27,43,45,-1,27,45,23,-1,23,45,48,-1,23,48,50,-1,5,6,54,-1,54,6,15,-1,54,15,52,-1,52,15,19,-1,52,19,24,-1,60,61,62,-1,62,61,63,-1,61,64,63,-1,63,64,65,-1,63,65,66,-1,66,65,67,-1,66,67,68,-1,68,67,69,-1,68,69,70,-1,70,69,71,-1,70,71,72,-1,72,71,73,-1,72,73,74,-1,74,73,75,-1,74,75,76,-1,76,75,77,-1,76,77,78,-1,78,77,79,-1,78,79,80,-1,80,79,81,-1,80,81,82,-1,82,81,83,-1,82,83,84,-1,84,83,85,-1,84,85,86,-1,86,85,87,-1,86,87,88,-1,88,87,89,-1,88,89,90,-1,90,89,91,-1,90,91,92,-1,92,91,93,-1,92,93,94,-1,94,93,95,-1,94,95,96,-1,96,95,97,-1,96,97,98,-1,98,97,99,-1,98,99,100,-1,100,99,101,-1,100,101,102,-1,102,101,103,-1,102,103,104,-1,104,103,105,-1,104,105,106,-1,106,105,107,-1,106,107,108,-1,108,107,109,-1,108,109,110,-1,110,109,111,-1,110,111,112,-1,112,111,113,-1,112,113,114,-1,114,113,115,-1,114,115,116,-1,116,115,117,-1,116,117,118,-1,118,117,119,-1,118,119,120,-1,121,120,122,-1,122,120,119,-1,121,122,123,-1,121,123,124,-1,124,123,125,-1,124,125,126,-1,126,125,127,-1,126,127,128,-1,128,127,129,-1,128,129,130,-1,130,129,131,-1,130,131,132,-1,131,133,132,-1,132,133,134,-1,133,135,134,-1,134,135,136,-1,134,136,137,-1,137,136,138,-1,137,138,139,-1,139,138,140,-1,139,140,141,-1,141,140,142,-1,141,142,143,-1,143,142,144,-1,143,144,145,-1,145,144,146,-1,145,146,147,-1,148,149,150,-1,147,146,151,-1,147,151,152,-1,152,151,153,-1,152,153,150,-1,150,153,154,-1,150,154,148,-1,149,148,155,-1,149,155,156,-1,156,155,157,-1,156,157,158,-1,158,157,159,-1,158,159,160,-1,160,159,161,-1,160,161,162,-1,162,161,163,-1,162,163,164,-1,164,163,165,-1,164,165,166,-1,166,165,167,-1,166,167,168,-1,168,167,169,-1,168,169,170,-1,170,169,171,-1,170,171,172,-1,172,171,173,-1,172,173,174,-1,174,173,175,-1,174,175,176,-1,176,175,177,-1,176,177,178,-1,178,177,179,-1,178,179,180,-1,180,179,181,-1,180,181,182,-1,183,184,185,-1,182,181,186,-1,182,186,187,-1,187,186,188,-1,187,188,185,-1,185,188,189,-1,185,189,183,-1,190,184,191,-1,191,184,183,-1,191,192,190,-1,190,192,193,-1,60,62,194,-1,194,62,193,-1,194,193,195,-1,195,193,192,-1,106,108,130,-1,130,108,128,-1,156,88,149,-1,149,88,90,-1,66,68,172,-1,172,68,70,-1,172,70,170,-1,170,70,72,-1,170,72,168,-1,168,72,74,-1,168,74,166,-1,166,74,76,-1,166,76,164,-1,164,76,78,-1,164,78,162,-1,162,78,80,-1,162,80,160,-1,160,80,82,-1,160,82,158,-1,158,82,84,-1,158,84,156,-1,156,84,86,-1,156,86,88,-1,62,182,193,-1,193,182,187,-1,193,187,190,-1,190,187,185,-1,190,185,184,-1,108,110,128,-1,128,110,112,-1,128,112,126,-1,126,112,114,-1,126,114,124,-1,124,114,116,-1,124,116,121,-1,121,116,118,-1,121,118,120,-1,172,174,66,-1,66,174,176,-1,66,176,63,-1,63,176,178,-1,63,178,62,-1,62,178,180,-1,62,180,182,-1,130,132,106,-1,106,132,134,-1,106,134,104,-1,104,134,137,-1,104,137,102,-1,102,137,139,-1,102,139,100,-1,100,139,141,-1,100,141,98,-1,98,141,143,-1,98,143,96,-1,96,143,145,-1,96,145,94,-1,94,145,147,-1,94,147,92,-1,92,147,152,-1,92,152,90,-1,90,152,150,-1,90,150,149,-1,196,197,198,-1,198,197,199,-1,200,201,202,-1,203,204,205,-1,205,204,206,-1,207,208,199,-1,199,208,209,-1,209,210,199,-1,199,210,211,-1,199,211,198,-1,198,211,212,-1,198,212,203,-1,203,212,213,-1,203,213,204,-1,202,207,200,-1,200,207,199,-1,200,199,214,-1,214,199,215,-1,214,215,216,-1,216,215,217,-1,216,217,218,-1,218,217,219,-1,218,219,220,-1,220,219,221,-1,220,221,222,-1,222,221,223,-1,222,223,224,-1,224,223,225,-1,224,225,226,-1,226,225,227,-1,226,227,228,-1,228,227,229,-1,228,229,230,-1,230,229,231,-1,230,231,232,-1,232,231,233,-1,234,235,236,-1,236,235,237,-1,236,237,238,-1,238,237,239,-1,238,239,240,-1,240,239,241,-1,240,241,242,-1,242,241,243,-1,242,243,244,-1,244,243,245,-1,244,245,206,-1,206,245,246,-1,206,246,205,-1,247,248,249,-1,249,248,250,-1,249,250,251,-1,251,250,252,-1,251,252,253,-1,253,252,254,-1,253,254,234,-1,234,254,255,-1,234,255,235,-1,200,256,201,-1,201,256,257,-1,201,257,258,-1,258,257,259,-1,258,259,260,-1,260,259,261,-1,260,261,262,-1,262,261,263,-1,262,263,247,-1,247,263,264,-1,247,264,248,-1,226,265,266,-1,226,266,224,-1,224,266,267,-1,224,267,222,-1,222,267,268,-1,222,268,220,-1,220,268,269,-1,220,269,218,-1,218,269,270,-1,218,270,216,-1,216,270,271,-1,216,271,214,-1,214,271,272,-1,214,272,200,-1,256,200,273,-1,273,200,272,-1,256,273,274,-1,256,274,257,-1,257,274,275,-1,257,275,259,-1,259,275,276,-1,259,276,261,-1,261,276,277,-1,261,277,263,-1,263,277,278,-1,263,278,264,-1,264,278,279,-1,264,279,248,-1,248,279,280,-1,248,280,250,-1,250,280,281,-1,250,281,252,-1,252,281,282,-1,252,282,254,-1,254,282,283,-1,254,283,255,-1,255,283,284,-1,255,284,235,-1,285,241,286,-1,286,241,239,-1,286,239,287,-1,287,239,237,-1,287,237,288,-1,288,237,235,-1,288,235,284,-1,241,285,289,-1,241,289,243,-1,243,289,290,-1,243,290,245,-1,290,291,245,-1,245,291,292,-1,245,292,246,-1,246,292,293,-1,246,293,205,-1,205,293,294,-1,205,294,203,-1,198,203,295,-1,295,203,294,-1,196,198,296,-1,296,198,295,-1,197,196,297,-1,297,196,296,-1,199,197,298,-1,298,197,297,-1,199,298,299,-1,199,299,215,-1,215,299,300,-1,215,300,217,-1,217,300,301,-1,217,301,219,-1,219,301,302,-1,219,302,221,-1,221,302,303,-1,221,303,223,-1,223,303,304,-1,223,304,225,-1,225,304,305,-1,225,305,227,-1,227,305,306,-1,227,306,229,-1,229,306,307,-1,229,307,231,-1,231,307,308,-1,231,308,233,-1,232,233,309,-1,309,233,308,-1,232,309,310,-1,232,310,230,-1,230,310,311,-1,230,311,228,-1,228,311,265,-1,228,265,226,-1,213,312,313,-1,213,313,204,-1,204,313,314,-1,204,314,206,-1,206,314,315,-1,206,315,244,-1,244,315,316,-1,244,316,242,-1,209,317,318,-1,209,318,210,-1,210,318,319,-1,210,319,211,-1,211,319,320,-1,211,320,212,-1,212,320,312,-1,212,312,213,-1,209,208,317,-1,317,208,321,-1,208,207,321,-1,321,207,322,-1,258,323,324,-1,258,324,201,-1,201,324,325,-1,201,325,202,-1,202,325,322,-1,202,322,207,-1,249,326,327,-1,249,327,247,-1,247,327,328,-1,247,328,262,-1,262,328,329,-1,262,329,260,-1,260,329,323,-1,260,323,258,-1,236,330,331,-1,236,331,234,-1,234,331,332,-1,234,332,253,-1,253,332,333,-1,253,333,251,-1,251,333,326,-1,251,326,249,-1,242,316,334,-1,242,334,240,-1,240,334,335,-1,240,335,238,-1,238,335,330,-1,238,330,236,-1,
        ]
    }
}
Shape{
    appearance Appearance {
        material  Material 	{
            diffuseColor 0.5882352941176471 0.5725490196078431 0.5254901960784314
            specularColor 0.043137254901960784 0.0392156862745098 0.0392156862745098
            ambientIntensity 0.2
            transparency 0
            shininess 0.5
        }
    }
    geometry IndexedFaceSet {
        ccw TRUE
        solid FALSE
        coord DEF co Coordinate {
            point [
                0.0696 -0.0044 0.7756, 0.0617 -0.0055 0.7756, 0.0696 -0.0077 0.7756, 0.0581 -0.0063 0.7756, 0.0567 -0.0069 0.7756, 0.0559 -0.0076 0.7756, 0.0696 -0.008 0.7756, 0.0692 -0.0107 0.7756, 0.0552 -0.0084 0.7756, 0.0684 -0.0128 0.7756, 0.0555 -0.0153 0.7756, 0.056 -0.0158 0.7756, 0.0663 -0.0153 0.7756, 0.0549 -0.0143 0.7756, 0.0646 -0.0165 0.7756, 0.0628 -0.0171 0.7756, 0.0606 -0.0174 0.7756, 0.0547 -0.0096 0.7756, 0.0544 -0.0109 0.7756, 0.0671 -0.0146 0.7756, 0.0543 -0.0119 0.7756, 0.0545 -0.0132 0.7756, 0.0572 -0.0167 0.7756, 0.0586 -0.0171 0.7756, 0.0586 -0.0171 0.7756
            ]
        }
        coordIndex [
            0,1,2,-1,2,1,3,-1,3,4,2,-1,2,4,5,-1,2,5,6,-1,6,5,7,-1,7,5,8,-1,7,8,9,-1,10,11,12,-1,10,12,13,-1,14,12,15,-1,15,12,16,-1,8,17,9,-1,9,17,18,-1,9,18,19,-1,19,18,20,-1,19,20,12,-1,12,20,21,-1,12,21,13,-1,11,22,12,-1,12,22,23,-1,12,23,16,-1,
        ]
    }
}
Shape{
    appearance Appearance {
        material  Material 	{
            diffuseColor 0.0 0.0 0.0
            specularColor 0.0 0.0 0.0
            ambientIntensity 0.2
            transparency 0
            shininess 0.5
        }
    }
    geometry IndexedFaceSet {
        ccw TRUE
        solid FALSE
        coord DEF co Coordinate {
            point [
                -0.1934 -0.0285 0.7795, -0.1883 -0.0347 0.7795, -0.1967 0.0017 0.7795, -0.1528 0.022 0.7795, -0.161 0.0239 0.7795, -0.1685 0.0023 0.7795, -0.2043 0.0065 0.7795, -0.2029 -0.0191 0.7795, -0.197 -0.021 0.7795, -0.1623 0.0025 0.7795, -0.1592 0.0013 0.7795, -0.1309 -0.0067 0.7795, -0.1564 -0.0005 0.7795, -0.1543 -0.0029 0.7795, -0.0835 0.0184 0.7795, -0.094 0.0363 0.7795, -0.1394 0.0126 0.7795, -0.1651 0.0028 0.7795, -0.1783 -0.0114 0.7795, -0.1782 -0.0081 0.7795, -0.1772 -0.0049 0.7795, -0.1931 0.0088 0.7795, -0.1754 -0.0021 0.7795, -0.1876 0.0152 0.7795, -0.1741 -0.0007 0.7795, -0.1807 0.0201 0.7795, -0.1714 0.0012 0.7795, -0.1732 0.023 0.7795, -0.1648 0.0241 0.7795, -0.1528 -0.0057 0.7795, -0.152 -0.0089 0.7795, -0.1309 -0.0101 0.7795, -0.152 -0.012 0.7795, -0.1312 -0.0148 0.7795, -0.1528 -0.0152 0.7795, -0.1335 -0.0231 0.7795, -0.1456 0.0182 0.7795, -0.0723 0.0519 0.7795, -0.0696 0.0519 0.7795, -0.0557 0.0702 0.7795, -0.0629 0.051 0.7795, -0.0536 0.0695 0.7795, -0.057 0.0487 0.7795, -0.0435 0.0644 0.7795, -0.0344 0.0565 0.7795, -0.0874 -0.0213 0.7795, -0.0855 -0.0216 0.7795, -0.0828 -0.001 0.7795, -0.1677 0.0631 0.7795, -0.1651 0.0617 0.7795, -0.1756 0.0865 0.7795, -0.1604 0.0718 0.7795, -0.1687 0.0946 0.7795, -0.1529 0.081 0.7795, -0.1607 0.1014 0.7795, -0.1436 0.088 0.7795, -0.1525 0.1065 0.7795, -0.1369 0.1125 0.7795, -0.1325 0.0926 0.7795, -0.1201 0.1146 0.7795, -0.074 0.097 0.7795, -0.0858 0.08 0.7795, -0.0629 0.0842 0.7795, -0.0785 0.0705 0.7795, -0.0738 0.0593 0.7795, -0.1777 -0.0146 0.7795, -0.1764 -0.0174 0.7795, -0.0518 0.045 0.7795, -0.0486 0.0415 0.7795, -0.0276 0.0468 0.7795, -0.0452 0.0358 0.7795, -0.0236 0.0364 0.7795, -0.0434 0.0293 0.7795, -0.0221 0.0258 0.7795, -0.0431 0.0255 0.7795, -0.0675 -0.001 0.7795, -0.0655 -0.0216 0.7795, -0.061 0.0003 0.7795, -0.0548 -0.0194 0.7795, -0.0551 0.0032 0.7795, -0.0444 -0.0145 0.7795, -0.0501 0.0074 0.7795, -0.0347 -0.0064 0.7795, -0.0464 0.0126 0.7795, -0.0282 0.0025 0.7795, -0.044 0.0186 0.7795, -0.0238 0.0131 0.7795, -0.0222 0.0242 0.7795, -0.2103 0.0128 0.7795, -0.2241 -0.0047 0.7795, -0.2149 -0.0127 0.7795, -0.2159 0.0415 0.7795, -0.2382 0.0363 0.7795, -0.217 0.0329 0.7795, -0.2383 0.0322 0.7795, -0.2164 0.0266 0.7795, -0.2371 0.0205 0.7795, -0.2137 0.0184 0.7795, -0.2326 0.0078 0.7795, -0.2254 -0.0032 0.7795, -0.1753 0.0659 0.7795, -0.1795 0.0869 0.7795, -0.1831 0.0668 0.7795, -0.1834 0.0871 0.7795, -0.1878 0.0665 0.7795, -0.1953 0.0859 0.7795, -0.196 0.0642 0.7795, -0.2079 0.0814 0.7795, -0.2034 0.06 0.7795, -0.2193 0.0738 0.7795, -0.2081 0.0557 0.7795, -0.2224 0.0709 0.7795, -0.2129 0.049 0.7795, -0.2298 0.0617 0.7795, -0.2355 0.0497 0.7795, -0.1377 -0.0304 0.7795, -0.1544 -0.0181 0.7795, -0.142 -0.0351 0.7795, -0.1562 -0.0202 0.7795, -0.1487 -0.0399 0.7795, -0.1588 -0.0221 0.7795, -0.1563 -0.0429 0.7795, -0.1617 -0.0232 0.7795, -0.1648 -0.044 0.7795, -0.1651 -0.0237 0.7795, -0.1658 -0.044 0.7795, -0.1657 -0.0237 0.7795, -0.1738 -0.0428 0.7795, -0.1688 -0.0232 0.7795, -0.1817 -0.0396 0.7795, -0.1718 -0.0218 0.7795, -0.1744 -0.0199 0.7795, -0.0845 -0.0006 0.7795, -0.0926 -0.0181 0.7795, -0.0919 -0.0189 0.7795, -0.1212 0.0942 0.7795, -0.1197 0.0943 0.7795, -0.1061 0.1131 0.7795, -0.1089 0.093 0.7795, -0.0891 0.1071 0.7795, -0.0982 0.0891 0.7795, -0.0886 0.0826 0.7795, -0.0835 -0.0009 0.7795, -0.0897 -0.0204 0.7795, -0.0953 -0.0111 0.7795, -0.095 -0.0137 0.7795, -0.0941 -0.0159 0.7795, -0.0875 -0.001 0.7795, -0.0898 -0.0019 0.7795, -0.0952 -0.0098 0.7795, -0.0919 -0.0034 0.7795, -0.0933 -0.0049 0.7795, -0.0946 -0.0072 0.7795, -0.0848 -0.0006 0.7795, -0.0325 0.0537 0.7756, -0.0276 0.0468 0.7756, -0.0249 0.0398 0.7756, -0.0236 0.0364 0.7756, -0.0221 0.0258 0.7756, -0.0344 0.0565 0.7756, -0.0435 0.0644 0.7756, -0.0536 0.0695 0.7756, -0.0557 0.0702 0.7756, -0.0629 0.0842 0.7756, -0.074 0.097 0.7756, -0.0818 0.1022 0.7756, -0.0891 0.1071 0.7756, -0.1061 0.1131 0.7756, -0.1201 0.1146 0.7756, -0.1607 0.1014 0.7756, -0.1594 0.1022 0.7756, -0.1525 0.1065 0.7756, -0.1369 0.1125 0.7756, -0.1687 0.0946 0.7756, -0.1756 0.0865 0.7756, -0.1795 0.0869 0.7756, -0.1834 0.0871 0.7756, -0.1953 0.0859 0.7756, -0.2079 0.0814 0.7756, -0.2193 0.0738 0.7756, -0.2224 0.0709 0.7756, -0.2298 0.0617 0.7756, -0.2336 0.0537 0.7756, -0.2355 0.0497 0.7756, -0.2375 0.0398 0.7756, -0.2382 0.0363 0.7756, -0.2383 0.0322 0.7756, -0.2371 0.0205 0.7756, -0.2326 0.0078 0.7756, -0.2254 -0.0032 0.7756, -0.2241 -0.0047 0.7756, -0.2149 -0.0127 0.7756, -0.2029 -0.0191 0.7756, -0.197 -0.021 0.7756, -0.1966 -0.0219 0.7756, -0.1934 -0.0285 0.7756, -0.1883 -0.0347 0.7756, -0.1817 -0.0396 0.7756, -0.1788 -0.0408 0.7756, -0.1738 -0.0428 0.7756, -0.1658 -0.044 0.7756, -0.1648 -0.044 0.7756, -0.1309 -0.0101 0.7756, -0.1563 -0.0429 0.7756, -0.1508 -0.0408 0.7756, -0.1487 -0.0399 0.7756, -0.142 -0.0351 0.7756, -0.1377 -0.0304 0.7756, -0.1335 -0.0231 0.7756, -0.1332 -0.0219 0.7756, -0.1312 -0.0148 0.7756, -0.1309 -0.0067 0.7756, -0.0835 0.0184 0.7756, -0.094 0.0363 0.7756, -0.1394 0.0126 0.7756, -0.1456 0.0182 0.7756, -0.1528 0.022 0.7756, -0.161 0.0239 0.7756, -0.1648 0.0241 0.7756, -0.1732 0.023 0.7756, -0.1807 0.0201 0.7756, -0.1876 0.0152 0.7756, -0.1931 0.0088 0.7756, -0.1967 0.0017 0.7756, -0.2043 0.0065 0.7756, -0.2103 0.0128 0.7756, -0.2137 0.0184 0.7756, -0.2164 0.0266 0.7756, -0.217 0.0329 0.7756, -0.2161 0.0398 0.7756, -0.2159 0.0415 0.7756, -0.2129 0.049 0.7756, -0.2095 0.0537 0.7756, -0.2081 0.0557 0.7756, -0.2034 0.06 0.7756, -0.196 0.0642 0.7756, -0.1878 0.0665 0.7756, -0.1831 0.0668 0.7756, -0.1753 0.0659 0.7756, -0.1677 0.0631 0.7756, -0.1651 0.0617 0.7756, -0.1604 0.0718 0.7756, -0.1529 0.081 0.7756, -0.1436 0.088 0.7756, -0.1325 0.0926 0.7756, -0.1212 0.0942 0.7756, -0.1197 0.0943 0.7756, -0.0723 0.0519 0.7756, -0.0726 0.0537 0.7756, -0.0738 0.0593 0.7756, -0.0785 0.0705 0.7756, -0.0858 0.08 0.7756, -0.0886 0.0826 0.7756, -0.0982 0.0891 0.7756, -0.1089 0.093 0.7756, -0.0696 0.0519 0.7756, -0.0629 0.051 0.7756, -0.057 0.0487 0.7756, -0.0518 0.045 0.7756, -0.0486 0.0415 0.7756, -0.0476 0.0398 0.7756, -0.0452 0.0358 0.7756, -0.0434 0.0293 0.7756, -0.0431 0.0255 0.7756, -0.044 0.0186 0.7756, -0.0464 0.0126 0.7756, -0.0501 0.0074 0.7756, -0.0551 0.0032 0.7756, -0.061 0.0003 0.7756, -0.0675 -0.001 0.7756, -0.0828 -0.001 0.7756, -0.0835 -0.0009 0.7756, -0.0845 -0.0006 0.7756, -0.0848 -0.0006 0.7756, -0.0875 -0.001 0.7756, -0.0898 -0.0019 0.7756, -0.0919 -0.0034 0.7756, -0.0933 -0.0049 0.7756, -0.0946 -0.0072 0.7756, -0.0952 -0.0098 0.7756, -0.0953 -0.0111 0.7756, -0.095 -0.0137 0.7756, -0.0941 -0.0159 0.7756, -0.0926 -0.0181 0.7756, -0.0919 -0.0189 0.7756, -0.0897 -0.0204 0.7756, -0.0874 -0.0213 0.7756, -0.0855 -0.0216 0.7756, -0.0655 -0.0216 0.7756, -0.0548 -0.0194 0.7756, -0.0444 -0.0145 0.7756, -0.0347 -0.0064 0.7756, -0.0282 0.0025 0.7756, -0.0238 0.0131 0.7756, -0.0222 0.0242 0.7756, -0.1651 0.0028 0.7756, -0.1623 0.0025 0.7756, -0.1592 0.0013 0.7756, -0.1564 -0.0005 0.7756, -0.1543 -0.0029 0.7756, -0.1528 -0.0057 0.7756, -0.152 -0.0089 0.7756, -0.152 -0.012 0.7756, -0.1528 -0.0152 0.7756, -0.1544 -0.0181 0.7756, -0.1562 -0.0202 0.7756, -0.1588 -0.0221 0.7756, -0.1617 -0.0232 0.7756, -0.1651 -0.0237 0.7756, -0.1657 -0.0237 0.7756, -0.1688 -0.0232 0.7756, -0.1718 -0.0218 0.7756, -0.1744 -0.0199 0.7756, -0.1764 -0.0174 0.7756, -0.1777 -0.0146 0.7756, -0.1783 -0.0114 0.7756, -0.1782 -0.0081 0.7756, -0.1772 -0.0049 0.7756, -0.1754 -0.0021 0.7756, -0.1741 -0.0007 0.7756, -0.1714 0.0012 0.7756, -0.1685 0.0023 0.7756, -0.1685 0.0023 0.7756
            ]
        }
        coordIndex [
            0,1,2,-1,3,4,5,-1,6,7,2,-1,2,7,8,-1,2,8,0,-1,9,10,11,-1,11,10,12,-1,11,12,13,-1,14,15,11,-1,11,15,16,-1,11,16,9,-1,9,16,17,-1,18,19,2,-1,2,19,20,-1,2,20,21,-1,21,20,22,-1,21,22,23,-1,23,22,24,-1,23,24,25,-1,25,24,26,-1,25,26,27,-1,27,26,5,-1,27,5,28,-1,28,5,4,-1,13,29,11,-1,11,29,30,-1,11,30,31,-1,31,30,32,-1,31,32,33,-1,33,32,34,-1,33,34,35,-1,17,16,5,-1,5,16,36,-1,5,36,3,-1,37,38,39,-1,39,38,40,-1,39,40,41,-1,41,40,42,-1,41,42,43,-1,43,42,44,-1,45,46,47,-1,48,49,50,-1,50,49,51,-1,50,51,52,-1,52,51,53,-1,52,53,54,-1,54,53,55,-1,54,55,56,-1,56,55,57,-1,57,55,58,-1,57,58,59,-1,60,61,62,-1,62,61,63,-1,62,63,39,-1,39,63,64,-1,39,64,37,-1,18,2,65,-1,65,2,1,-1,65,1,66,-1,42,67,44,-1,44,67,68,-1,44,68,69,-1,69,68,70,-1,69,70,71,-1,71,70,72,-1,71,72,73,-1,73,72,74,-1,47,46,75,-1,75,46,76,-1,75,76,77,-1,77,76,78,-1,77,78,79,-1,79,78,80,-1,79,80,81,-1,81,80,82,-1,81,82,83,-1,83,82,84,-1,83,84,85,-1,85,84,86,-1,85,86,74,-1,74,86,87,-1,74,87,73,-1,88,89,6,-1,6,89,90,-1,6,90,7,-1,91,92,93,-1,93,92,94,-1,93,94,95,-1,95,94,96,-1,95,96,97,-1,97,96,98,-1,97,98,88,-1,88,98,99,-1,88,99,89,-1,48,50,100,-1,100,50,101,-1,100,101,102,-1,102,101,103,-1,102,103,104,-1,104,103,105,-1,104,105,106,-1,106,105,107,-1,106,107,108,-1,108,107,109,-1,108,109,110,-1,110,109,111,-1,110,111,112,-1,112,111,113,-1,112,113,91,-1,91,113,114,-1,91,114,92,-1,35,34,115,-1,115,34,116,-1,115,116,117,-1,117,116,118,-1,117,118,119,-1,119,118,120,-1,119,120,121,-1,121,120,122,-1,121,122,123,-1,123,122,124,-1,123,124,125,-1,125,124,126,-1,125,126,127,-1,127,126,128,-1,127,128,129,-1,129,128,130,-1,129,130,1,-1,1,130,131,-1,1,131,66,-1,132,133,134,-1,58,135,59,-1,59,135,136,-1,59,136,137,-1,137,136,138,-1,137,138,139,-1,139,138,140,-1,139,140,60,-1,60,140,141,-1,60,141,61,-1,47,142,45,-1,45,142,132,-1,45,132,143,-1,143,132,134,-1,144,145,132,-1,132,145,146,-1,132,146,133,-1,147,148,149,-1,148,150,149,-1,149,150,151,-1,149,151,152,-1,144,132,149,-1,149,132,153,-1,149,153,147,-1,154,44,155,-1,155,44,69,-1,155,69,156,-1,156,69,71,-1,156,71,157,-1,157,71,73,-1,157,73,158,-1,154,159,44,-1,44,159,160,-1,44,160,43,-1,43,160,161,-1,43,161,41,-1,41,161,162,-1,41,162,39,-1,39,162,163,-1,39,163,62,-1,62,163,164,-1,62,164,60,-1,60,164,139,-1,139,164,165,-1,165,166,139,-1,139,166,167,-1,139,167,137,-1,137,167,168,-1,137,168,59,-1,169,54,170,-1,170,54,56,-1,170,56,171,-1,171,56,57,-1,171,57,172,-1,172,57,59,-1,172,59,168,-1,54,169,173,-1,54,173,52,-1,52,173,174,-1,52,174,50,-1,50,174,175,-1,50,175,101,-1,101,175,176,-1,101,176,103,-1,103,176,177,-1,103,177,105,-1,105,177,178,-1,105,178,107,-1,107,178,179,-1,107,179,109,-1,109,179,180,-1,109,180,111,-1,114,113,181,-1,181,113,111,-1,181,111,180,-1,181,182,114,-1,114,182,183,-1,114,183,92,-1,92,183,184,-1,184,185,92,-1,92,185,186,-1,92,186,94,-1,94,186,187,-1,94,187,96,-1,96,187,188,-1,96,188,98,-1,98,188,189,-1,98,189,99,-1,99,189,190,-1,99,190,89,-1,89,190,191,-1,89,191,90,-1,90,191,192,-1,90,192,7,-1,7,192,193,-1,7,193,8,-1,8,193,194,-1,8,194,0,-1,194,195,0,-1,0,195,196,-1,0,196,1,-1,1,196,197,-1,1,197,129,-1,129,197,198,-1,129,198,127,-1,198,199,127,-1,127,199,200,-1,127,200,125,-1,125,200,201,-1,125,201,123,-1,202,31,33,-1,123,201,203,-1,123,203,121,-1,121,203,204,-1,121,204,119,-1,204,205,119,-1,119,205,206,-1,119,206,117,-1,117,206,207,-1,117,207,115,-1,115,207,208,-1,115,208,35,-1,35,208,209,-1,35,209,33,-1,33,209,210,-1,33,210,202,-1,11,31,211,-1,211,31,202,-1,14,11,212,-1,212,11,211,-1,15,14,213,-1,213,14,212,-1,16,15,214,-1,214,15,213,-1,16,214,215,-1,16,215,36,-1,36,215,216,-1,36,216,3,-1,3,216,217,-1,3,217,4,-1,4,217,218,-1,4,218,28,-1,28,218,219,-1,28,219,27,-1,27,219,220,-1,27,220,25,-1,25,220,221,-1,25,221,23,-1,23,221,222,-1,23,222,21,-1,21,222,223,-1,21,223,2,-1,2,223,224,-1,2,224,6,-1,6,224,225,-1,6,225,88,-1,88,225,226,-1,88,226,97,-1,97,226,227,-1,97,227,95,-1,95,227,228,-1,95,228,93,-1,93,228,229,-1,93,229,91,-1,91,229,230,-1,91,230,231,-1,232,110,231,-1,231,110,112,-1,231,112,91,-1,232,233,110,-1,110,233,234,-1,110,234,108,-1,108,234,235,-1,108,235,106,-1,106,235,236,-1,106,236,104,-1,104,236,237,-1,104,237,102,-1,102,237,238,-1,102,238,100,-1,100,238,239,-1,100,239,48,-1,48,239,240,-1,48,240,49,-1,49,240,241,-1,49,241,51,-1,51,241,242,-1,51,242,53,-1,53,242,243,-1,53,243,55,-1,55,243,244,-1,55,244,58,-1,58,244,245,-1,58,245,135,-1,135,245,246,-1,135,246,136,-1,247,37,248,-1,248,37,64,-1,248,64,249,-1,249,64,63,-1,249,63,250,-1,250,63,61,-1,250,61,251,-1,251,61,141,-1,251,141,252,-1,252,141,140,-1,252,140,253,-1,253,140,138,-1,253,138,254,-1,254,138,136,-1,254,136,246,-1,38,37,255,-1,255,37,247,-1,38,255,256,-1,38,256,40,-1,40,256,257,-1,40,257,42,-1,42,257,258,-1,42,258,67,-1,67,258,259,-1,67,259,68,-1,68,259,260,-1,68,260,70,-1,260,261,70,-1,70,261,262,-1,70,262,72,-1,72,262,263,-1,72,263,74,-1,74,263,264,-1,74,264,85,-1,85,264,265,-1,85,265,83,-1,83,265,266,-1,83,266,81,-1,81,266,267,-1,81,267,79,-1,79,267,268,-1,79,268,77,-1,77,268,269,-1,77,269,75,-1,47,75,270,-1,270,75,269,-1,47,270,271,-1,47,271,142,-1,142,271,272,-1,142,272,132,-1,132,272,273,-1,132,273,153,-1,153,273,274,-1,153,274,147,-1,147,274,275,-1,147,275,148,-1,148,275,276,-1,148,276,150,-1,150,276,277,-1,150,277,151,-1,151,277,278,-1,151,278,152,-1,152,278,279,-1,152,279,149,-1,149,279,280,-1,149,280,144,-1,144,280,281,-1,144,281,145,-1,145,281,282,-1,145,282,146,-1,146,282,283,-1,146,283,133,-1,133,283,284,-1,133,284,134,-1,134,284,285,-1,134,285,143,-1,143,285,286,-1,143,286,45,-1,45,286,287,-1,45,287,46,-1,76,46,288,-1,288,46,287,-1,76,288,289,-1,76,289,78,-1,78,289,290,-1,78,290,80,-1,80,290,291,-1,80,291,82,-1,82,291,292,-1,82,292,84,-1,84,292,293,-1,84,293,86,-1,86,293,294,-1,86,294,87,-1,87,294,158,-1,87,158,73,-1,17,295,296,-1,17,296,9,-1,9,296,297,-1,9,297,10,-1,10,297,298,-1,10,298,12,-1,12,298,299,-1,12,299,13,-1,13,299,300,-1,13,300,29,-1,29,300,301,-1,29,301,30,-1,30,301,302,-1,30,302,32,-1,32,302,303,-1,32,303,34,-1,34,303,304,-1,34,304,116,-1,116,304,305,-1,116,305,118,-1,118,305,306,-1,118,306,120,-1,120,306,307,-1,120,307,122,-1,122,307,308,-1,122,308,124,-1,124,308,309,-1,124,309,126,-1,126,309,310,-1,126,310,128,-1,128,310,311,-1,128,311,130,-1,130,311,312,-1,130,312,131,-1,131,312,313,-1,131,313,66,-1,66,313,314,-1,66,314,65,-1,65,314,315,-1,65,315,18,-1,18,315,316,-1,18,316,19,-1,19,316,317,-1,19,317,20,-1,20,317,318,-1,20,318,22,-1,22,318,319,-1,22,319,24,-1,24,319,320,-1,24,320,26,-1,26,320,321,-1,26,321,5,-1,5,321,295,-1,5,295,17,-1,
        ]
    }
}
Shape{
    appearance Appearance {
        material  Material 	{
            diffuseColor 0.5882352941176471 0.5725490196078431 0.5254901960784314
            specularColor 0.043137254901960784 0.0392156862745098 0.0392156862745098
            ambientIntensity 0.2
            transparency 0
            shininess 0.5
        }
    }
    geometry IndexedFaceSet {
        ccw TRUE
        solid FALSE
        coord DEF co Coordinate {
            point [
                -0.1657 -0.0237 0.7756, -0.1741 -0.0007 0.7756, -0.1754 -0.0021 0.7756, -0.1617 -0.0232 0.7756, -0.1588 -0.0221 0.7756, -0.1623 0.0025 0.7756, -0.1651 0.0028 0.7756, -0.1685 0.0023 0.7756, -0.1714 0.0012 0.7756, -0.1777 -0.0146 0.7756, -0.1764 -0.0174 0.7756, -0.1744 -0.0199 0.7756, -0.1651 -0.0237 0.7756, -0.1772 -0.0049 0.7756, -0.1782 -0.0081 0.7756, -0.1783 -0.0114 0.7756, -0.1718 -0.0218 0.7756, -0.1688 -0.0232 0.7756, -0.1562 -0.0202 0.7756, -0.1544 -0.0181 0.7756, -0.1528 -0.0152 0.7756, -0.152 -0.012 0.7756, -0.152 -0.0089 0.7756, -0.1528 -0.0057 0.7756, -0.1543 -0.0029 0.7756, -0.1564 -0.0005 0.7756, -0.1592 0.0013 0.7756, -0.1592 0.0013 0.7756
            ]
        }
        coordIndex [
            0,1,2,-1,3,4,5,-1,6,7,0,-1,0,7,8,-1,0,8,1,-1,9,10,2,-1,2,10,11,-1,6,0,5,-1,5,0,12,-1,5,12,3,-1,13,14,2,-1,2,14,15,-1,2,15,9,-1,11,16,2,-1,2,16,17,-1,2,17,0,-1,4,18,5,-1,5,18,19,-1,5,19,20,-1,20,21,5,-1,5,21,22,-1,5,22,23,-1,23,24,5,-1,5,24,25,-1,5,25,26,-1,
        ]
    }
}
Shape{
    appearance Appearance {
        material  Material 	{
            diffuseColor 0.0 0.0 0.0
            specularColor 0.0 0.0 0.0
            ambientIntensity 0.2
            transparency 0
            shininess 0.5
        }
    }
    geometry IndexedFaceSet {
        ccw TRUE
        solid FALSE
        coord DEF co Coordinate {
            point [
                0.1526 0.0902 0.7795, 0.1575 0.0935 0.7795, 0.151 0.0918 0.7795, 0.1555 0.0955 0.7795, 0.1473 0.0942 0.7795, 0.1507 0.0988 0.7795, 0.1431 0.0957 0.7795, 0.145 0.1009 0.7795, 0.1372 0.0963 0.7795, 0.1375 0.1018 0.7795, 0.13 0.0963 0.7795, 0.1239 0.1018 0.7795, 0.13 0.0596 0.7795, 0.1239 0.0541 0.7795, 0.1369 0.0596 0.7795, 0.137 0.0541 0.7795, 0.1429 0.0602 0.7795, 0.1443 0.0549 0.7795, 0.147 0.0616 0.7795, 0.1499 0.0569 0.7795, 0.1501 0.0637 0.7795, 0.1546 0.06 0.7795, 0.1511 0.0646 0.7795, 0.1555 0.0608 0.7795, 0.1536 0.0677 0.7795, 0.1588 0.0648 0.7795, 0.1552 0.0713 0.7795, 0.1613 0.0697 0.7795, 0.1561 0.0757 0.7795, 0.1625 0.0752 0.7795, 0.1562 0.0784 0.7795, 0.1627 0.0786 0.7795, 0.1556 0.0838 0.7795, 0.162 0.0846 0.7795, 0.1544 0.0874 0.7795, 0.1603 0.0893 0.7795, 0.1555 0.0608 0.7756, 0.1588 0.0648 0.7756, 0.1613 0.0697 0.7756, 0.1625 0.0752 0.7756, 0.1627 0.0786 0.7756, 0.162 0.0846 0.7756, 0.1603 0.0893 0.7756, 0.1575 0.0935 0.7756, 0.1555 0.0955 0.7756, 0.1507 0.0988 0.7756, 0.145 0.1009 0.7756, 0.1375 0.1018 0.7756, 0.1239 0.1018 0.7756, 0.1239 0.0541 0.7756, 0.137 0.0541 0.7756, 0.1443 0.0549 0.7756, 0.1499 0.0569 0.7756, 0.1546 0.06 0.7756, 0.151 0.0918 0.7756, 0.1526 0.0902 0.7756, 0.1544 0.0874 0.7756, 0.1556 0.0838 0.7756, 0.1562 0.0784 0.7756, 0.1372 0.0963 0.7756, 0.1431 0.0957 0.7756, 0.1473 0.0942 0.7756, 0.13 0.0963 0.7756, 0.13 0.0596 0.7756, 0.1369 0.0596 0.7756, 0.1511 0.0646 0.7756, 0.1501 0.0637 0.7756, 0.147 0.0616 0.7756, 0.1429 0.0602 0.7756, 0.1561 0.0757 0.7756, 0.1552 0.0713 0.7756, 0.1536 0.0677 0.7756, 0.1536 0.0677 0.7756
            ]
        }
        coordIndex [
            0,1,2,-1,2,1,3,-1,2,3,4,-1,4,3,5,-1,4,5,6,-1,6,5,7,-1,6,7,8,-1,8,7,9,-1,8,9,10,-1,10,9,11,-1,10,11,12,-1,12,11,13,-1,12,13,14,-1,14,13,15,-1,14,15,16,-1,16,15,17,-1,16,17,18,-1,18,17,19,-1,18,19,20,-1,20,19,21,-1,20,21,22,-1,22,21,23,-1,22,23,24,-1,24,23,25,-1,24,25,26,-1,26,25,27,-1,26,27,28,-1,28,27,29,-1,28,29,30,-1,30,29,31,-1,30,31,32,-1,32,31,33,-1,32,33,34,-1,34,33,35,-1,34,35,0,-1,0,35,1,-1,23,36,37,-1,23,37,25,-1,25,37,38,-1,25,38,27,-1,27,38,39,-1,27,39,29,-1,29,39,40,-1,29,40,31,-1,31,40,41,-1,31,41,33,-1,33,41,42,-1,33,42,35,-1,35,42,43,-1,35,43,1,-1,1,43,44,-1,1,44,3,-1,3,44,45,-1,3,45,5,-1,5,45,46,-1,5,46,7,-1,7,46,47,-1,7,47,9,-1,11,9,48,-1,48,9,47,-1,13,11,49,-1,49,11,48,-1,15,13,50,-1,50,13,49,-1,15,50,51,-1,15,51,17,-1,17,51,52,-1,17,52,19,-1,19,52,53,-1,19,53,21,-1,21,53,36,-1,21,36,23,-1,2,54,55,-1,2,55,0,-1,0,55,56,-1,0,56,34,-1,34,56,57,-1,34,57,32,-1,32,57,58,-1,32,58,30,-1,8,59,60,-1,8,60,6,-1,6,60,61,-1,6,61,4,-1,4,61,54,-1,4,54,2,-1,8,10,59,-1,59,10,62,-1,10,12,62,-1,62,12,63,-1,12,14,63,-1,63,14,64,-1,22,65,66,-1,22,66,20,-1,20,66,67,-1,20,67,18,-1,18,67,68,-1,18,68,16,-1,16,68,64,-1,16,64,14,-1,30,58,69,-1,30,69,28,-1,28,69,70,-1,28,70,26,-1,26,70,71,-1,26,71,24,-1,24,71,65,-1,24,65,22,-1,
        ]
    }
}
Shape{
    appearance Appearance {
        material  Material 	{
            diffuseColor 0.5882352941176471 0.5725490196078431 0.5254901960784314
            specularColor 0.043137254901960784 0.0392156862745098 0.0392156862745098
            ambientIntensity 0.2
            transparency 0
            shininess 0.5
        }
    }
    geometry IndexedFaceSet {
        ccw TRUE
        solid FALSE
        coord DEF co Coordinate {
            point [
                0.13 0.0963 0.7756, 0.13 0.0596 0.7756, 0.1372 0.0963 0.7756, 0.1369 0.0596 0.7756, 0.1429 0.0602 0.7756, 0.147 0.0616 0.7756, 0.1501 0.0637 0.7756, 0.1511 0.0646 0.7756, 0.1536 0.0677 0.7756, 0.1552 0.0713 0.7756, 0.1561 0.0757 0.7756, 0.1562 0.0784 0.7756, 0.1556 0.0838 0.7756, 0.1544 0.0874 0.7756, 0.1526 0.0902 0.7756, 0.151 0.0918 0.7756, 0.1431 0.0957 0.7756, 0.1473 0.0942 0.7756, 0.1473 0.0942 0.7756
            ]
        }
        coordIndex [
            0,1,2,-1,2,1,3,-1,2,3,4,-1,4,5,2,-1,2,5,6,-1,2,6,7,-1,7,8,2,-1,2,8,9,-1,2,9,10,-1,10,11,2,-1,2,11,12,-1,2,12,13,-1,13,14,2,-1,2,14,15,-1,2,15,16,-1,16,15,17,-1,
        ]
    }
}
Shape{
    appearance Appearance {
        material  Material 	{
            diffuseColor 0.0 0.0 0.0
            specularColor 0.0 0.0 0.0
            ambientIntensity 0.2
            transparency 0
            shininess 0.5
        }
    }
    geometry IndexedFaceSet {
        ccw TRUE
        solid FALSE
        coord DEF co Coordinate {
            point [
                0.0674 0.0588 0.7795, 0.0674 0.0588 0.7756, 0.0629 0.0593 0.7756, 0.0629 0.0593 0.7795, 0.0595 0.0606 0.7756, 0.0595 0.0606 0.7795, 0.0563 0.0627 0.7756, 0.0563 0.0627 0.7795, 0.0551 0.0638 0.7756, 0.0551 0.0638 0.7795, 0.0527 0.0673 0.7756, 0.0527 0.0673 0.7795, 0.0512 0.0711 0.7756, 0.0512 0.0711 0.7795, 0.0504 0.077 0.7756, 0.0504 0.077 0.7795, 0.0504 0.0774 0.7756, 0.0504 0.0774 0.7795, 0.0511 0.0834 0.7756, 0.0511 0.0834 0.7795, 0.0526 0.0876 0.7756, 0.0526 0.0876 0.7795, 0.0548 0.091 0.7756, 0.0548 0.091 0.7795, 0.0555 0.0918 0.7756, 0.0555 0.0918 0.7795, 0.0585 0.0943 0.7756, 0.0585 0.0943 0.7795, 0.0622 0.0961 0.7756, 0.0622 0.0961 0.7795, 0.0663 0.097 0.7756, 0.0663 0.097 0.7795, 0.0684 0.0971 0.7756, 0.0684 0.0971 0.7795, 0.0797 0.0942 0.7756, 0.0797 0.0942 0.7795, 0.0789 0.0946 0.7795, 0.074 0.0964 0.7756, 0.074 0.0964 0.7795, 0.0776 0.0951 0.7756, 0.0789 0.0946 0.7756, 0.0797 0.1007 0.7795, 0.0797 0.1007 0.7756, 0.0684 0.1026 0.7756, 0.0684 0.1026 0.7795, 0.0688 0.1026 0.7795, 0.0776 0.1013 0.7756, 0.075 0.1021 0.7795, 0.075 0.1021 0.7756, 0.0733 0.1022 0.7756, 0.0688 0.1026 0.7756, 0.062 0.1019 0.7795, 0.0648 0.1022 0.7756, 0.062 0.1019 0.7756, 0.057 0.1001 0.7756, 0.057 0.1001 0.7795, 0.0523 0.0969 0.7756, 0.0523 0.0969 0.7795, 0.0509 0.0956 0.7756, 0.0509 0.0956 0.7795, 0.0476 0.0913 0.7756, 0.0476 0.0913 0.7795, 0.0461 0.0881 0.7756, 0.0452 0.0861 0.7795, 0.0452 0.0861 0.7756, 0.0441 0.0799 0.7756, 0.0441 0.0799 0.7795, 0.044 0.0771 0.7756, 0.044 0.0771 0.7795, 0.0447 0.0701 0.7756, 0.0447 0.0701 0.7795, 0.0461 0.0662 0.7756, 0.0466 0.0649 0.7795, 0.0466 0.0649 0.7756, 0.0493 0.0607 0.7756, 0.0493 0.0607 0.7795, 0.0501 0.0598 0.7756, 0.0501 0.0598 0.7795, 0.0665 0.0533 0.7756, 0.0665 0.0533 0.7795, 0.0633 0.0535 0.7795, 0.0537 0.0568 0.7756, 0.0537 0.0568 0.7795, 0.0582 0.0546 0.7756, 0.0582 0.0546 0.7795, 0.0622 0.0537 0.7756, 0.0633 0.0535 0.7756, 0.0742 0.0541 0.7795, 0.0704 0.0537 0.7756, 0.0797 0.0561 0.7756, 0.0797 0.0561 0.7795, 0.0776 0.0554 0.7756, 0.0742 0.0541 0.7756, 0.0797 0.062 0.7795, 0.0797 0.062 0.7756, 0.0776 0.0611 0.7756, 0.0748 0.0599 0.7795, 0.0748 0.0599 0.7756, 0.0694 0.0589 0.7756, 0.0694 0.0589 0.7795, 0.2383 -0.003 0.7795, 0.2364 -0.0084 0.7795, 0.2543 -0.003 0.7795, 0.2562 -0.0084 0.7795, 0.2454 0.0168 0.7795, 0.2431 0.0262 0.7795, 0.225 -0.0215 0.7795, 0.2318 -0.0215 0.7795, 0.2459 0.0182 0.7795, 0.2462 0.0201 0.7795, 0.2497 0.0262 0.7795, 0.2464 0.0201 0.7795, 0.2468 0.0181 0.7795, 0.2471 0.0168 0.7795, 0.2679 -0.0215 0.7795, 0.2611 -0.0215 0.7795, 0.2431 0.0262 0.7756, 0.2497 0.0262 0.7756, 0.225 -0.0215 0.7756, 0.2318 -0.0215 0.7756, 0.2364 -0.0084 0.7756, 0.2562 -0.0084 0.7756, 0.2611 -0.0215 0.7756, 0.2679 -0.0215 0.7756, 0.2454 0.0168 0.7756, 0.2459 0.0182 0.7756, 0.2462 0.0201 0.7756, 0.2383 -0.003 0.7756, 0.2543 -0.003 0.7756, 0.2471 0.0168 0.7756, 0.2464 0.0201 0.7756, 0.2468 0.0181 0.7756, 0.2468 0.0181 0.7756
            ]
        }
        coordIndex [
            0,1,2,-1,0,2,3,-1,3,2,4,-1,3,4,5,-1,5,4,6,-1,5,6,7,-1,7,6,8,-1,7,8,9,-1,9,8,10,-1,9,10,11,-1,11,10,12,-1,11,12,13,-1,13,12,14,-1,13,14,15,-1,15,14,16,-1,15,16,17,-1,17,16,18,-1,17,18,19,-1,19,18,20,-1,19,20,21,-1,21,20,22,-1,21,22,23,-1,23,22,24,-1,23,24,25,-1,25,24,26,-1,25,26,27,-1,27,26,28,-1,27,28,29,-1,29,28,30,-1,29,30,31,-1,31,30,32,-1,31,32,33,-1,34,35,36,-1,33,32,37,-1,33,37,38,-1,38,37,39,-1,38,39,36,-1,36,39,40,-1,36,40,34,-1,41,35,42,-1,42,35,34,-1,43,44,45,-1,41,42,46,-1,41,46,47,-1,46,48,47,-1,47,48,49,-1,47,49,45,-1,45,49,50,-1,45,50,43,-1,44,43,51,-1,51,43,52,-1,52,53,51,-1,51,53,54,-1,51,54,55,-1,55,54,56,-1,55,56,57,-1,57,56,58,-1,57,58,59,-1,59,58,60,-1,59,60,61,-1,61,60,62,-1,61,62,63,-1,62,64,63,-1,63,64,65,-1,63,65,66,-1,66,65,67,-1,66,67,68,-1,68,67,69,-1,68,69,70,-1,70,69,71,-1,70,71,72,-1,71,73,72,-1,72,73,74,-1,72,74,75,-1,75,74,76,-1,75,76,77,-1,78,79,80,-1,77,76,81,-1,77,81,82,-1,82,81,83,-1,82,83,84,-1,84,83,85,-1,84,85,80,-1,80,85,86,-1,80,86,78,-1,79,78,87,-1,87,78,88,-1,89,90,91,-1,91,90,87,-1,91,87,92,-1,92,87,88,-1,93,90,94,-1,94,90,89,-1,93,94,95,-1,93,95,96,-1,95,97,96,-1,96,97,98,-1,96,98,99,-1,99,98,1,-1,99,1,0,-1,36,35,41,-1,11,13,70,-1,19,21,61,-1,70,13,68,-1,61,21,59,-1,36,41,38,-1,38,41,47,-1,38,47,33,-1,33,47,45,-1,33,45,31,-1,31,45,44,-1,31,44,29,-1,29,44,51,-1,29,51,27,-1,90,93,87,-1,87,93,96,-1,87,96,79,-1,51,55,27,-1,27,55,57,-1,27,57,25,-1,25,57,59,-1,25,59,23,-1,23,59,21,-1,70,72,11,-1,11,72,75,-1,11,75,9,-1,9,75,77,-1,9,77,7,-1,7,77,82,-1,7,82,5,-1,5,82,84,-1,5,84,3,-1,3,84,80,-1,3,80,0,-1,0,80,79,-1,0,79,99,-1,99,79,96,-1,13,15,68,-1,68,15,17,-1,68,17,66,-1,66,17,19,-1,66,19,63,-1,63,19,61,-1,100,101,102,-1,102,101,103,-1,104,105,100,-1,100,105,106,-1,100,106,101,-1,101,106,107,-1,104,108,105,-1,105,108,109,-1,105,109,110,-1,110,109,111,-1,110,111,112,-1,112,113,110,-1,110,113,102,-1,110,102,114,-1,114,102,103,-1,114,103,115,-1,105,110,116,-1,116,110,117,-1,106,105,118,-1,118,105,116,-1,107,106,119,-1,119,106,118,-1,101,107,120,-1,120,107,119,-1,103,101,121,-1,121,101,120,-1,115,103,122,-1,122,103,121,-1,114,115,123,-1,123,115,122,-1,110,114,117,-1,117,114,123,-1,104,124,125,-1,104,125,108,-1,108,125,126,-1,108,126,109,-1,104,100,124,-1,124,100,127,-1,100,102,127,-1,127,102,128,-1,102,113,128,-1,128,113,129,-1,111,130,131,-1,111,131,112,-1,112,131,129,-1,112,129,113,-1,111,109,130,-1,130,109,126,-1,
        ]
    }
}
Shape{
    appearance Appearance {
        material  Material 	{
            diffuseColor 0.5882352941176471 0.5725490196078431 0.5254901960784314
            specularColor 0.043137254901960784 0.0392156862745098 0.0392156862745098
            ambientIntensity 0.2
            transparency 0
            shininess 0.5
        }
    }
    geometry IndexedFaceSet {
        ccw TRUE
        solid FALSE
        coord DEF co Coordinate {
            point [
                0.2464 0.0201 0.7756, 0.2462 0.0201 0.7756, 0.2468 0.0181 0.7756, 0.2459 0.0182 0.7756, 0.2471 0.0168 0.7756, 0.2454 0.0168 0.7756, 0.2543 -0.003 0.7756, 0.2383 -0.003 0.7756, 0.2383 -0.003 0.7756
            ]
        }
        coordIndex [
            0,1,2,-1,2,1,3,-1,2,3,4,-1,4,3,5,-1,4,5,6,-1,6,5,7,-1,
        ]
    }
}
Shape{
    appearance Appearance {
        material  Material 	{
            diffuseColor 0.0 0.0 0.0
            specularColor 0.0 0.0 0.0
            ambientIntensity 0.2
            transparency 0
            shininess 0.5
        }
    }
    geometry IndexedFaceSet {
        ccw TRUE
        solid FALSE
        coord DEF co Coordinate {
            point [
                0.1745 -0.016 0.7795, 0.1745 -0.016 0.7756, 0.1551 -0.016 0.7795, 0.164 -0.016 0.7756, 0.1551 -0.016 0.7756, 0.1551 0.0 0.7795, 0.1551 0.0 0.7756, 0.1721 0.0 0.7795, 0.164 0.0 0.7756, 0.1721 0.0 0.7756, 0.1721 0.0055 0.7795, 0.1721 0.0055 0.7756, 0.1551 0.0055 0.7756, 0.1551 0.0055 0.7795, 0.164 0.0055 0.7756, 0.1551 0.0207 0.7795, 0.1551 0.0207 0.7756, 0.1735 0.0207 0.7756, 0.1735 0.0207 0.7795, 0.164 0.0207 0.7756, 0.1735 0.0262 0.7795, 0.1735 0.0262 0.7756, 0.1489 0.0262 0.7756, 0.1489 0.0262 0.7795, 0.164 0.0262 0.7756, 0.1489 -0.0215 0.7795, 0.1489 -0.0215 0.7756, 0.1745 -0.0215 0.7795, 0.164 -0.0215 0.7756, 0.1745 -0.0215 0.7756, 0.0231 -0.016 0.7795, 0.0425 -0.016 0.7795, 0.0231 -0.016 0.7756, 0.0425 -0.016 0.7756, 0.0231 0.0 0.7795, 0.0231 0.0 0.7756, 0.0401 0.0 0.7795, 0.0401 0.0 0.7756, 0.0401 0.0055 0.7795, 0.0401 0.0055 0.7756, 0.0231 0.0055 0.7795, 0.0231 0.0055 0.7756, 0.0231 0.0207 0.7795, 0.0231 0.0207 0.7756, 0.0415 0.0207 0.7795, 0.0415 0.0207 0.7756, 0.0415 0.0262 0.7795, 0.0415 0.0262 0.7756, 0.0169 0.0262 0.7795, 0.0169 0.0262 0.7756, 0.0169 -0.0215 0.7795, 0.0169 -0.0215 0.7756, 0.0425 -0.0215 0.7795, 0.0425 -0.0215 0.7756, 0.1786 0.0726 0.7795, 0.1767 0.0672 0.7795, 0.1946 0.0726 0.7795, 0.1965 0.0672 0.7795, 0.1858 0.0924 0.7795, 0.1835 0.1018 0.7795, 0.1653 0.0541 0.7795, 0.1721 0.0541 0.7795, 0.1862 0.0938 0.7795, 0.1865 0.0957 0.7795, 0.19 0.1018 0.7795, 0.1867 0.0957 0.7795, 0.1871 0.0937 0.7795, 0.1874 0.0924 0.7795, 0.2082 0.0541 0.7795, 0.2014 0.0541 0.7795, 0.1835 0.1018 0.7756, 0.19 0.1018 0.7756, 0.1653 0.0541 0.7756, 0.179 0.0902 0.7756, 0.1721 0.0541 0.7756, 0.1767 0.0672 0.7756, 0.1965 0.0672 0.7756, 0.179 0.0672 0.7756, 0.2014 0.0541 0.7756, 0.2082 0.0541 0.7756, 0.1858 0.0924 0.7756, 0.1862 0.0938 0.7756, 0.1865 0.0957 0.7756, 0.1786 0.0726 0.7756, 0.1946 0.0726 0.7756, 0.1874 0.0924 0.7756, 0.1867 0.0957 0.7756, 0.1871 0.0937 0.7756, 0.1871 0.0937 0.7756
            ]
        }
        coordIndex [
            0,1,2,-1,2,1,3,-1,2,3,4,-1,5,2,6,-1,6,2,4,-1,5,6,7,-1,7,6,8,-1,7,8,9,-1,10,7,11,-1,11,7,9,-1,12,13,14,-1,14,13,10,-1,14,10,11,-1,15,13,16,-1,16,13,12,-1,17,18,19,-1,19,18,15,-1,19,15,16,-1,20,18,21,-1,21,18,17,-1,22,23,24,-1,24,23,20,-1,24,20,21,-1,25,23,26,-1,26,23,22,-1,25,26,27,-1,27,26,28,-1,27,28,29,-1,0,27,1,-1,1,27,29,-1,25,27,0,-1,0,2,25,-1,25,2,5,-1,25,5,23,-1,18,20,15,-1,15,20,23,-1,15,23,13,-1,13,23,5,-1,13,5,10,-1,10,5,7,-1,30,31,32,-1,32,31,33,-1,34,30,35,-1,35,30,32,-1,36,34,37,-1,37,34,35,-1,38,36,39,-1,39,36,37,-1,40,38,41,-1,41,38,39,-1,42,40,43,-1,43,40,41,-1,44,42,45,-1,45,42,43,-1,46,44,47,-1,47,44,45,-1,48,46,49,-1,49,46,47,-1,50,48,51,-1,51,48,49,-1,52,50,53,-1,53,50,51,-1,31,52,33,-1,33,52,53,-1,50,52,31,-1,31,30,50,-1,50,30,34,-1,50,34,48,-1,44,46,42,-1,42,46,48,-1,42,48,40,-1,40,48,34,-1,40,34,38,-1,38,34,36,-1,54,55,56,-1,56,55,57,-1,58,59,54,-1,54,59,60,-1,54,60,55,-1,55,60,61,-1,58,62,59,-1,59,62,63,-1,59,63,64,-1,64,63,65,-1,64,65,66,-1,66,67,64,-1,64,67,56,-1,64,56,68,-1,68,56,57,-1,68,57,69,-1,59,64,70,-1,70,64,71,-1,72,60,73,-1,73,60,59,-1,73,59,70,-1,61,60,74,-1,74,60,72,-1,55,61,75,-1,75,61,74,-1,76,57,77,-1,77,57,55,-1,77,55,75,-1,69,57,78,-1,78,57,76,-1,68,69,79,-1,79,69,78,-1,64,68,71,-1,71,68,79,-1,58,80,81,-1,58,81,62,-1,62,81,82,-1,62,82,63,-1,58,54,80,-1,80,54,83,-1,54,56,83,-1,83,56,84,-1,56,67,84,-1,84,67,85,-1,65,86,87,-1,65,87,66,-1,66,87,85,-1,66,85,67,-1,65,63,86,-1,86,63,82,-1,
        ]
    }
}
Shape{
    appearance Appearance {
        material  Material 	{
            diffuseColor 0.5882352941176471 0.5725490196078431 0.5254901960784314
            specularColor 0.043137254901960784 0.0392156862745098 0.0392156862745098
            ambientIntensity 0.2
            transparency 0
            shininess 0.5
        }
    }
    geometry IndexedFaceSet {
        ccw TRUE
        solid FALSE
        coord DEF co Coordinate {
            point [
                0.1867 0.0957 0.7756, 0.1865 0.0957 0.7756, 0.1871 0.0937 0.7756, 0.1862 0.0938 0.7756, 0.1874 0.0924 0.7756, 0.1858 0.0924 0.7756, 0.1946 0.0726 0.7756, 0.1786 0.0726 0.7756, 0.1786 0.0726 0.7756
            ]
        }
        coordIndex [
            0,1,2,-1,2,1,3,-1,2,3,4,-1,4,3,5,-1,4,5,6,-1,6,5,7,-1,
        ]
    }
}
Shape{
    appearance Appearance {
        material  Material 	{
            diffuseColor 0.0 0.0 0.0
            specularColor 0.0 0.0 0.0
            ambientIntensity 0.2
            transparency 0
            shininess 0.5
        }
    }
    geometry IndexedFaceSet {
        ccw TRUE
        solid FALSE
        coord DEF co Coordinate {
            point [
                0.0954 0.0596 0.7756, 0.0954 0.0596 0.7795, 0.1082 0.0596 0.7756, 0.1148 0.0596 0.7795, 0.1148 0.0596 0.7756, 0.0954 0.0756 0.7795, 0.0954 0.0756 0.7756, 0.1124 0.0756 0.7795, 0.1082 0.0756 0.7756, 0.1124 0.0756 0.7756, 0.1124 0.0811 0.7795, 0.1124 0.0811 0.7756, 0.0954 0.0811 0.7756, 0.0954 0.0811 0.7795, 0.1082 0.0811 0.7756, 0.0954 0.0963 0.7795, 0.0954 0.0963 0.7756, 0.1138 0.0963 0.7795, 0.1082 0.0963 0.7756, 0.1138 0.0963 0.7756, 0.1138 0.1018 0.7795, 0.1138 0.1018 0.7756, 0.0892 0.1018 0.7756, 0.0892 0.1018 0.7795, 0.1082 0.1018 0.7756, 0.0892 0.0541 0.7795, 0.0892 0.0541 0.7756, 0.1148 0.0541 0.7795, 0.1082 0.0541 0.7756, 0.1148 0.0541 0.7756, 0.0231 0.0596 0.7795, 0.042 0.0596 0.7795, 0.0231 0.0596 0.7756, 0.042 0.0596 0.7756, 0.0231 0.1018 0.7795, 0.0231 0.1018 0.7756, 0.0169 0.1018 0.7795, 0.0169 0.1018 0.7756, 0.0169 0.0541 0.7795, 0.0169 0.0541 0.7756, 0.042 0.0541 0.7795, 0.042 0.0541 0.7756, 0.042 0.0541 0.7756
            ]
        }
        coordIndex [
            0,1,2,-1,2,1,3,-1,2,3,4,-1,5,1,6,-1,6,1,0,-1,5,6,7,-1,7,6,8,-1,7,8,9,-1,10,7,11,-1,11,7,9,-1,12,13,14,-1,14,13,10,-1,14,10,11,-1,15,13,16,-1,16,13,12,-1,15,16,17,-1,17,16,18,-1,17,18,19,-1,20,17,21,-1,21,17,19,-1,22,23,24,-1,24,23,20,-1,24,20,21,-1,25,23,26,-1,26,23,22,-1,25,26,27,-1,27,26,28,-1,27,28,29,-1,3,27,4,-1,4,27,29,-1,25,27,3,-1,3,1,25,-1,25,1,5,-1,25,5,23,-1,17,20,15,-1,15,20,23,-1,15,23,13,-1,13,23,5,-1,13,5,10,-1,10,5,7,-1,30,31,32,-1,32,31,33,-1,34,30,35,-1,35,30,32,-1,36,34,37,-1,37,34,35,-1,38,36,39,-1,39,36,37,-1,40,38,41,-1,41,38,39,-1,31,40,33,-1,33,40,41,-1,34,36,30,-1,30,36,38,-1,30,38,31,-1,31,38,40,-1,
        ]
    }
}