#VRML V2.0 utf8
# 3D model generated by easyeda2kicad.py (https://github.com/uPesy/easyeda2kicad.py)

Shape{
    appearance Appearance {
        material  Material 	{
            diffuseColor 0.0 0.0 0.0
            specularColor 0.0 0.0 0.0
            ambientIntensity 0.2
            transparency 0
            shininess 0.5
        }
    }
    geometry IndexedFaceSet {
        ccw TRUE
        solid FALSE
        coord DEF co Coordinate {
            point [
                7.248 -0.4793 -0.7511, 7.248 -0.4793 -0.7571, 7.2441 -0.4793 -0.7511, 7.2441 -0.4793 -0.7571, 7.248 -0.5006 -0.7511, 7.2441 -0.5006 -0.7511, 7.248 -0.5006 -0.7038, 7.2441 -0.5006 -0.7038, 7.248 -0.5075 -0.7038, 7.2441 -0.5075 -0.7038, 7.248 -0.5075 -0.7571, 7.2441 -0.5075 -0.7571, 7.248 -0.452 -0.758, 7.2441 -0.452 -0.758, 7.2441 -0.4494 -0.758, 7.248 -0.4494 -0.758, 7.2441 -0.4471 -0.7578, 7.248 -0.4471 -0.7578, 7.2441 -0.4449 -0.7575, 7.248 -0.4449 -0.7575, 7.2441 -0.4428 -0.757, 7.248 -0.4428 -0.757, 7.2441 -0.4409 -0.7565, 7.248 -0.4409 -0.7565, 7.2441 -0.4392 -0.7559, 7.248 -0.4392 -0.7559, 7.2441 -0.4376 -0.7552, 7.248 -0.4376 -0.7552, 7.2441 -0.4372 -0.7549, 7.248 -0.4372 -0.7549, 7.248 -0.4372 -0.7483, 7.2441 -0.4372 -0.7483, 7.2441 -0.4387 -0.7492, 7.248 -0.4387 -0.7492, 7.2441 -0.4403 -0.7499, 7.248 -0.4403 -0.7499, 7.2441 -0.442 -0.7505, 7.248 -0.442 -0.7505, 7.2441 -0.4437 -0.751, 7.248 -0.4437 -0.751, 7.2441 -0.4455 -0.7514, 7.248 -0.4455 -0.7514, 7.2441 -0.4474 -0.7517, 7.248 -0.4474 -0.7517, 7.2441 -0.4494 -0.7519, 7.248 -0.4494 -0.7519, 7.2441 -0.451 -0.7519, 7.248 -0.451 -0.7519, 7.2441 -0.4527 -0.7518, 7.248 -0.4527 -0.7518, 7.2441 -0.4545 -0.7516, 7.248 -0.4545 -0.7516, 7.2441 -0.4561 -0.7513, 7.248 -0.4561 -0.7513, 7.2441 -0.4576 -0.7509, 7.248 -0.4576 -0.7509, 7.2441 -0.459 -0.7503, 7.248 -0.459 -0.7503, 7.2441 -0.4603 -0.7497, 7.248 -0.4603 -0.7497, 7.2441 -0.4616 -0.7489, 7.248 -0.4616 -0.7489, 7.2441 -0.4628 -0.748, 7.248 -0.4628 -0.748, 7.2441 -0.464 -0.747, 7.248 -0.464 -0.747, 7.2441 -0.4647 -0.7463, 7.248 -0.4647 -0.7463, 7.2441 -0.4657 -0.7451, 7.248 -0.4657 -0.7451, 7.2441 -0.4666 -0.7438, 7.248 -0.4666 -0.7438, 7.2441 -0.4674 -0.7425, 7.248 -0.4674 -0.7425, 7.2441 -0.468 -0.7411, 7.248 -0.468 -0.7411, 7.2441 -0.4686 -0.7396, 7.248 -0.4686 -0.7396, 7.2441 -0.4691 -0.738, 7.248 -0.4691 -0.738, 7.2441 -0.4695 -0.7362, 7.248 -0.4695 -0.7362, 7.2441 -0.4697 -0.7344, 7.248 -0.4697 -0.7344, 7.2441 -0.4699 -0.7325, 7.248 -0.4699 -0.7325, 7.2441 -0.4699 -0.7311, 7.248 -0.4699 -0.7311, 7.2441 -0.4698 -0.7289, 7.248 -0.4698 -0.7289, 7.2441 -0.4696 -0.7269, 7.248 -0.4696 -0.7269, 7.2441 -0.4693 -0.725, 7.248 -0.4693 -0.725, 7.2441 -0.4689 -0.7232, 7.248 -0.4689 -0.7232, 7.2441 -0.4684 -0.7216, 7.248 -0.4684 -0.7216, 7.2441 -0.4677 -0.72, 7.248 -0.4677 -0.72, 7.2441 -0.467 -0.7186, 7.248 -0.467 -0.7186, 7.2441 -0.4661 -0.7172, 7.248 -0.4661 -0.7172, 7.2441 -0.4651 -0.716, 7.248 -0.4651 -0.716, 7.2441 -0.4643 -0.715, 7.248 -0.4643 -0.715, 7.2441 -0.4631 -0.7139, 7.248 -0.4631 -0.7139, 7.2441 -0.4619 -0.7129, 7.248 -0.4619 -0.7129, 7.2441 -0.4606 -0.712, 7.248 -0.4606 -0.712, 7.2441 -0.4593 -0.7112, 7.248 -0.4593 -0.7112, 7.2441 -0.4579 -0.7106, 7.248 -0.4579 -0.7106, 7.2441 -0.4564 -0.71, 7.248 -0.4564 -0.71, 7.2441 -0.4548 -0.7096, 7.248 -0.4548 -0.7096, 7.2441 -0.4532 -0.7093, 7.248 -0.4532 -0.7093, 7.2441 -0.4515 -0.7091, 7.248 -0.4515 -0.7091, 7.2441 -0.4498 -0.7091, 7.248 -0.4498 -0.7091, 7.2441 -0.4478 -0.7092, 7.248 -0.4478 -0.7092, 7.2441 -0.4459 -0.7094, 7.248 -0.4459 -0.7094, 7.2441 -0.444 -0.7097, 7.248 -0.444 -0.7097, 7.2441 -0.4422 -0.7101, 7.248 -0.4422 -0.7101, 7.2441 -0.4405 -0.7107, 7.248 -0.4405 -0.7107, 7.2441 -0.4389 -0.7114, 7.248 -0.4389 -0.7114, 7.2441 -0.4372 -0.7123, 7.248 -0.4372 -0.7123, 7.248 -0.4372 -0.705, 7.2441 -0.4372 -0.705, 7.2441 -0.4387 -0.7044, 7.248 -0.4387 -0.7044, 7.2441 -0.4404 -0.7039, 7.248 -0.4404 -0.7039, 7.2441 -0.4422 -0.7035, 7.248 -0.4422 -0.7035, 7.2441 -0.4443 -0.7032, 7.248 -0.4443 -0.7032, 7.2441 -0.4465 -0.703, 7.248 -0.4465 -0.703, 7.2441 -0.4489 -0.7029, 7.248 -0.4489 -0.7029, 7.2441 -0.4498 -0.7029, 7.248 -0.4498 -0.7029, 7.2441 -0.452 -0.7029, 7.248 -0.452 -0.7029, 7.2441 -0.454 -0.7031, 7.248 -0.454 -0.7031, 7.2441 -0.456 -0.7035, 7.248 -0.456 -0.7035, 7.2441 -0.4579 -0.7039, 7.248 -0.4579 -0.7039, 7.2441 -0.4597 -0.7045, 7.248 -0.4597 -0.7045, 7.2441 -0.4614 -0.7051, 7.248 -0.4614 -0.7051, 7.2441 -0.463 -0.7059, 7.248 -0.463 -0.7059, 7.2441 -0.4646 -0.7068, 7.248 -0.4646 -0.7068, 7.2441 -0.4661 -0.7078, 7.248 -0.4661 -0.7078, 7.2441 -0.4676 -0.709, 7.248 -0.4676 -0.709, 7.2441 -0.469 -0.7103, 7.248 -0.469 -0.7103, 7.2441 -0.4694 -0.7107, 7.248 -0.4694 -0.7107, 7.2441 -0.4707 -0.7121, 7.248 -0.4707 -0.7121, 7.2441 -0.4718 -0.7136, 7.248 -0.4718 -0.7136, 7.2441 -0.4729 -0.7151, 7.248 -0.4729 -0.7151, 7.2441 -0.4738 -0.7167, 7.248 -0.4738 -0.7167, 7.2441 -0.4746 -0.7183, 7.248 -0.4746 -0.7183, 7.2441 -0.4753 -0.7201, 7.248 -0.4753 -0.7201, 7.2441 -0.4759 -0.7219, 7.248 -0.4759 -0.7219, 7.2441 -0.4764 -0.7238, 7.248 -0.4764 -0.7238, 7.2441 -0.4767 -0.7258, 7.248 -0.4767 -0.7258, 7.2441 -0.477 -0.7279, 7.248 -0.477 -0.7279, 7.2441 -0.4771 -0.7302, 7.248 -0.4771 -0.7302, 7.2441 -0.4771 -0.7315, 7.248 -0.4771 -0.7315, 7.2441 -0.4771 -0.7338, 7.248 -0.4771 -0.7338, 7.2441 -0.4769 -0.736, 7.248 -0.4769 -0.736, 7.2441 -0.4766 -0.7381, 7.248 -0.4766 -0.7381, 7.2441 -0.4761 -0.74, 7.248 -0.4761 -0.74, 7.2441 -0.4756 -0.7419, 7.248 -0.4756 -0.7419, 7.2441 -0.4749 -0.7436, 7.248 -0.4749 -0.7436, 7.2441 -0.4741 -0.7453, 7.248 -0.4741 -0.7453, 7.2441 -0.4733 -0.7468, 7.248 -0.4733 -0.7468, 7.2441 -0.4723 -0.7483, 7.248 -0.4723 -0.7483, 7.2441 -0.4712 -0.7497, 7.248 -0.4712 -0.7497, 7.2441 -0.4703 -0.7508, 7.248 -0.4703 -0.7508, 7.2441 -0.469 -0.752, 7.248 -0.469 -0.752, 7.2441 -0.4677 -0.7531, 7.248 -0.4677 -0.7531, 7.2441 -0.4663 -0.7541, 7.248 -0.4663 -0.7541, 7.2441 -0.4649 -0.755, 7.248 -0.4649 -0.755, 7.2441 -0.4633 -0.7558, 7.248 -0.4633 -0.7558, 7.2441 -0.4617 -0.7564, 7.248 -0.4617 -0.7564, 7.2441 -0.4601 -0.757, 7.248 -0.4601 -0.757, 7.2441 -0.4583 -0.7574, 7.248 -0.4583 -0.7574, 7.2441 -0.4564 -0.7577, 7.248 -0.4564 -0.7577, 7.2441 -0.4545 -0.758, 7.248 -0.4545 -0.758, 7.2441 -0.4525 -0.758, 7.248 -0.4525 -0.758, 7.248 -0.3978 -0.7511, 7.248 -0.3978 -0.7571, 7.2441 -0.3978 -0.7511, 7.2441 -0.3978 -0.7571, 7.248 -0.4196 -0.7511, 7.2441 -0.4196 -0.7511, 7.248 -0.4196 -0.7331, 7.2441 -0.4196 -0.7331, 7.248 -0.4005 -0.7331, 7.2441 -0.4005 -0.7331, 7.248 -0.4005 -0.727, 7.2441 -0.4005 -0.727, 7.248 -0.4196 -0.727, 7.2441 -0.4196 -0.727, 7.248 -0.4196 -0.7099, 7.2441 -0.4196 -0.7099, 7.248 -0.399 -0.7099, 7.2441 -0.399 -0.7099, 7.248 -0.399 -0.7038, 7.2441 -0.399 -0.7038, 7.248 -0.4265 -0.7038, 7.2441 -0.4265 -0.7038, 7.248 -0.4265 -0.7571, 7.2441 -0.4265 -0.7571, 7.248 -0.3537 -0.7196, 7.248 -0.3473 -0.717, 7.248 -0.3482 -0.7155, 7.248 -0.3572 -0.7455, 7.248 -0.3523 -0.7497, 7.248 -0.3561 -0.7444, 7.248 -0.351 -0.7483, 7.248 -0.3552 -0.7432, 7.248 -0.3498 -0.747, 7.248 -0.3544 -0.7419, 7.248 -0.3487 -0.7455, 7.248 -0.3536 -0.7406, 7.248 -0.3477 -0.744, 7.248 -0.353 -0.7391, 7.248 -0.3635 -0.7495, 7.248 -0.3604 -0.7549, 7.248 -0.362 -0.7489, 7.248 -0.3587 -0.7541, 7.248 -0.3606 -0.7481, 7.248 -0.357 -0.7532, 7.248 -0.3593 -0.7473, 7.248 -0.3554 -0.7522, 7.248 -0.3581 -0.7463, 7.248 -0.3539 -0.7511, 7.248 -0.3525 -0.7499, 7.248 -0.3544 -0.7183, 7.248 -0.3492 -0.7141, 7.248 -0.3552 -0.7171, 7.248 -0.3503 -0.7128, 7.248 -0.3562 -0.716, 7.248 -0.3516 -0.7115, 7.248 -0.3571 -0.7151, 7.248 -0.3523 -0.7108, 7.248 -0.3573 -0.7149, 7.248 -0.3538 -0.7096, 7.248 -0.3586 -0.7139, 7.248 -0.3554 -0.7085, 7.248 -0.3599 -0.7131, 7.248 -0.357 -0.7075, 7.248 -0.3613 -0.7123, 7.248 -0.3587 -0.7066, 7.248 -0.3628 -0.7116, 7.248 -0.3604 -0.7059, 7.248 -0.3644 -0.7111, 7.248 -0.3623 -0.7052, 7.248 -0.3661 -0.7106, 7.248 -0.3642 -0.7047, 7.248 -0.3679 -0.7103, 7.248 -0.3662 -0.7043, 7.248 -0.3698 -0.71, 7.248 -0.3683 -0.704, 7.248 -0.3705 -0.7038, 7.248 -0.3719 -0.7099, 7.248 -0.3725 -0.7038, 7.248 -0.3727 -0.7099, 7.248 -0.3808 -0.7099, 7.248 -0.3877 -0.7038, 7.248 -0.3808 -0.7511, 7.248 -0.3877 -0.7571, 7.248 -0.3731 -0.7511, 7.248 -0.373 -0.7571, 7.248 -0.3709 -0.751, 7.248 -0.3707 -0.7571, 7.248 -0.3688 -0.7508, 7.248 -0.3684 -0.7569, 7.248 -0.3669 -0.7505, 7.248 -0.3663 -0.7566, 7.248 -0.3652 -0.75, 7.248 -0.3642 -0.7561, 7.248 -0.3623 -0.7556, 7.248 -0.3465 -0.7185, 7.248 -0.353 -0.721, 7.248 -0.3458 -0.7202, 7.248 -0.3525 -0.7225, 7.248 -0.3453 -0.7219, 7.248 -0.3521 -0.7242, 7.248 -0.3448 -0.7237, 7.248 -0.3517 -0.726, 7.248 -0.3445 -0.7256, 7.248 -0.3469 -0.7424, 7.248 -0.3462 -0.7407, 7.248 -0.3525 -0.7376, 7.248 -0.3456 -0.739, 7.248 -0.3521 -0.7359, 7.248 -0.3451 -0.7372, 7.248 -0.3518 -0.7342, 7.248 -0.3447 -0.7353, 7.248 -0.3516 -0.7323, 7.248 -0.3443 -0.7277, 7.248 -0.3515 -0.7279, 7.248 -0.3442 -0.7298, 7.248 -0.3515 -0.73, 7.248 -0.3515 -0.7303, 7.248 -0.3443 -0.7312, 7.248 -0.3444 -0.7333, 7.2441 -0.3561 -0.7444, 7.2441 -0.3523 -0.7497, 7.2441 -0.3572 -0.7455, 7.2441 -0.3525 -0.7499, 7.2441 -0.3581 -0.7463, 7.2441 -0.3539 -0.7511, 7.2441 -0.3593 -0.7473, 7.2441 -0.3554 -0.7522, 7.2441 -0.3606 -0.7481, 7.2441 -0.357 -0.7532, 7.2441 -0.362 -0.7489, 7.2441 -0.3544 -0.7183, 7.2441 -0.3482 -0.7155, 7.2441 -0.3537 -0.7196, 7.2441 -0.3473 -0.717, 7.2441 -0.353 -0.721, 7.2441 -0.3465 -0.7185, 7.2441 -0.3525 -0.7225, 7.2441 -0.3458 -0.7202, 7.2441 -0.3521 -0.7242, 7.2441 -0.3587 -0.7541, 7.2441 -0.3604 -0.7549, 7.2441 -0.3635 -0.7495, 7.2441 -0.3623 -0.7556, 7.2441 -0.3652 -0.75, 7.2441 -0.3642 -0.7561, 7.2441 -0.3669 -0.7505, 7.2441 -0.3663 -0.7566, 7.2441 -0.3688 -0.7508, 7.2441 -0.3684 -0.7569, 7.2441 -0.3709 -0.751, 7.2441 -0.3707 -0.7571, 7.2441 -0.3731 -0.7511, 7.2441 -0.373 -0.7571, 7.2441 -0.3808 -0.7511, 7.2441 -0.3877 -0.7571, 7.2441 -0.3808 -0.7099, 7.2441 -0.3877 -0.7038, 7.2441 -0.3727 -0.7099, 7.2441 -0.3725 -0.7038, 7.2441 -0.3719 -0.7099, 7.2441 -0.3705 -0.7038, 7.2441 -0.3698 -0.71, 7.2441 -0.3683 -0.704, 7.2441 -0.3679 -0.7103, 7.2441 -0.3662 -0.7043, 7.2441 -0.3661 -0.7106, 7.2441 -0.3642 -0.7047, 7.2441 -0.3644 -0.7111, 7.2441 -0.3623 -0.7052, 7.2441 -0.3628 -0.7116, 7.2441 -0.3604 -0.7059, 7.2441 -0.3613 -0.7123, 7.2441 -0.3587 -0.7066, 7.2441 -0.3599 -0.7131, 7.2441 -0.357 -0.7075, 7.2441 -0.3586 -0.7139, 7.2441 -0.3554 -0.7085, 7.2441 -0.3573 -0.7149, 7.2441 -0.3538 -0.7096, 7.2441 -0.3571 -0.7151, 7.2441 -0.3523 -0.7108, 7.2441 -0.3562 -0.716, 7.2441 -0.3516 -0.7115, 7.2441 -0.3552 -0.7171, 7.2441 -0.3503 -0.7128, 7.2441 -0.3492 -0.7141, 7.2441 -0.3525 -0.7376, 7.2441 -0.3462 -0.7407, 7.2441 -0.353 -0.7391, 7.2441 -0.3469 -0.7424, 7.2441 -0.3536 -0.7406, 7.2441 -0.3477 -0.744, 7.2441 -0.3544 -0.7419, 7.2441 -0.3487 -0.7455, 7.2441 -0.3552 -0.7432, 7.2441 -0.3498 -0.747, 7.2441 -0.351 -0.7483, 7.2441 -0.3453 -0.7219, 7.2441 -0.3448 -0.7237, 7.2441 -0.3517 -0.726, 7.2441 -0.3445 -0.7256, 7.2441 -0.3515 -0.7279, 7.2441 -0.3443 -0.7277, 7.2441 -0.3515 -0.73, 7.2441 -0.3442 -0.7298, 7.2441 -0.3515 -0.7303, 7.2441 -0.3443 -0.7312, 7.2441 -0.3516 -0.7323, 7.2441 -0.3444 -0.7333, 7.2441 -0.3518 -0.7342, 7.2441 -0.3447 -0.7353, 7.2441 -0.3521 -0.7359, 7.2441 -0.3451 -0.7372, 7.2441 -0.3456 -0.739, 7.248 -0.3263 -0.7365, 7.248 -0.3285 -0.7425, 7.248 -0.3084 -0.7365, 7.248 -0.3063 -0.7425, 7.248 -0.3337 -0.7571, 7.248 -0.3413 -0.7571, 7.248 -0.3209 -0.7038, 7.248 -0.3184 -0.7143, 7.248 -0.3183 -0.714, 7.248 -0.3136 -0.7038, 7.248 -0.3173 -0.711, 7.248 -0.3168 -0.7131, 7.248 -0.3165 -0.7143, 7.248 -0.2932 -0.7571, 7.248 -0.3009 -0.7571, 7.248 -0.3179 -0.7127, 7.248 -0.3175 -0.7106, 7.248 -0.3173 -0.7106, 7.2441 -0.3084 -0.7365, 7.2441 -0.3165 -0.7143, 7.2441 -0.3136 -0.7038, 7.2441 -0.3168 -0.7131, 7.2441 -0.3179 -0.7127, 7.2441 -0.3183 -0.714, 7.2441 -0.3209 -0.7038, 7.2441 -0.3184 -0.7143, 7.2441 -0.3263 -0.7365, 7.2441 -0.3413 -0.7571, 7.2441 -0.2932 -0.7571, 7.2441 -0.3009 -0.7571, 7.2441 -0.3063 -0.7425, 7.2441 -0.3337 -0.7571, 7.2441 -0.3285 -0.7425, 7.2441 -0.3173 -0.711, 7.2441 -0.3173 -0.7106, 7.2441 -0.3175 -0.7106, 7.248 -0.4788 -0.8357, 7.248 -0.4788 -0.8418, 7.2441 -0.4788 -0.8357, 7.2441 -0.4788 -0.8418, 7.248 -0.5006 -0.8357, 7.2441 -0.5006 -0.8357, 7.248 -0.5006 -0.8178, 7.2441 -0.5006 -0.8178, 7.248 -0.4815 -0.8178, 7.2441 -0.4815 -0.8178, 7.248 -0.4815 -0.8117, 7.2441 -0.4815 -0.8117, 7.248 -0.5006 -0.8117, 7.2441 -0.5006 -0.8117, 7.248 -0.5006 -0.7946, 7.2441 -0.5006 -0.7946, 7.248 -0.48 -0.7946, 7.2441 -0.48 -0.7946, 7.248 -0.48 -0.7884, 7.2441 -0.48 -0.7884, 7.248 -0.5075 -0.7884, 7.2441 -0.5075 -0.7884, 7.248 -0.5075 -0.8418, 7.2441 -0.5075 -0.8418, 7.248 -0.4484 -0.8418, 7.248 -0.4417 -0.8418, 7.248 -0.4484 -0.8359, 7.248 -0.4417 -0.8173, 7.248 -0.4647 -0.8274, 7.248 -0.4643 -0.8268, 7.248 -0.4692 -0.8232, 7.248 -0.4652 -0.8334, 7.248 -0.4712 -0.8369, 7.248 -0.4648 -0.8341, 7.248 -0.4707 -0.8378, 7.248 -0.4644 -0.8347, 7.248 -0.45 -0.8325, 7.248 -0.4486 -0.8359, 7.248 -0.4496 -0.8316, 7.248 -0.4506 -0.8103, 7.248 -0.4464 -0.8054, 7.248 -0.4511 -0.8098, 7.248 -0.4472 -0.8048, 7.248 -0.4517 -0.8094, 7.248 -0.4654 -0.8327, 7.248 -0.4719 -0.835, 7.248 -0.4716 -0.836, 7.248 -0.4685 -0.8225, 7.248 -0.4638 -0.8262, 7.248 -0.4676 -0.8219, 7.248 -0.4546 -0.8365, 7.248 -0.4555 -0.8368, 7.248 -0.4536 -0.8411, 7.248 -0.4497 -0.8115, 7.248 -0.4444 -0.8074, 7.248 -0.4501 -0.8109, 7.248 -0.445 -0.8066, 7.248 -0.4456 -0.806, 7.248 -0.449 -0.8132, 7.248 -0.4428 -0.8102, 7.248 -0.4493 -0.8123, 7.248 -0.4433 -0.8092, 7.248 -0.4438 -0.8082, 7.248 -0.4699 -0.8239, 7.248 -0.4705 -0.8247, 7.248 -0.465 -0.8281, 7.248 -0.4484 -0.8265, 7.248 -0.4485 -0.8276, 7.248 -0.4486 -0.8287, 7.248 -0.4488 -0.8298, 7.248 -0.4492 -0.8307, 7.248 -0.4702 -0.8386, 7.248 -0.4695 -0.8393, 7.248 -0.4639 -0.8352, 7.248 -0.4691 -0.8397, 7.248 -0.4636 -0.8355, 7.248 -0.4666 -0.8213, 7.248 -0.4635 -0.826, 7.248 -0.4655 -0.8207, 7.248 -0.4629 -0.8255, 7.248 -0.4643 -0.8202, 7.248 -0.4622 -0.8252, 7.248 -0.4629 -0.8198, 7.248 -0.4613 -0.8248, 7.248 -0.4614 -0.8195, 7.248 -0.4602 -0.8245, 7.248 -0.4597 -0.8192, 7.248 -0.4624 -0.8364, 7.248 -0.4646 -0.8422, 7.248 -0.4616 -0.8367, 7.248 -0.4635 -0.8424, 7.248 -0.4608 -0.837, 7.248 -0.4623 -0.8426, 7.248 -0.46 -0.8371, 7.248 -0.4683 -0.8404, 7.248 -0.4675 -0.8409, 7.248 -0.463 -0.836, 7.248 -0.4666 -0.8414, 7.248 -0.4656 -0.8419, 7.248 -0.4484 -0.8164, 7.248 -0.4418 -0.8156, 7.248 -0.4486 -0.8152, 7.248 -0.4419 -0.8141, 7.248 -0.4488 -0.8141, 7.248 -0.4422 -0.8127, 7.248 -0.4425 -0.8114, 7.248 -0.4484 -0.8227, 7.248 -0.4484 -0.8176, 7.248 -0.4573 -0.8239, 7.248 -0.459 -0.8242, 7.248 -0.4533 -0.8409, 7.248 -0.4524 -0.8403, 7.248 -0.4537 -0.8361, 7.248 -0.4515 -0.8396, 7.248 -0.4529 -0.8356, 7.248 -0.4507 -0.8388, 7.248 -0.4522 -0.835, 7.248 -0.45 -0.8379, 7.248 -0.4515 -0.8343, 7.248 -0.4492 -0.8369, 7.248 -0.4513 -0.8341, 7.248 -0.4506 -0.8334, 7.248 -0.4484 -0.8264, 7.248 -0.4656 -0.8311, 7.248 -0.4724 -0.8316, 7.248 -0.4655 -0.8319, 7.248 -0.4723 -0.8328, 7.248 -0.4722 -0.834, 7.248 -0.461 -0.8427, 7.248 -0.4603 -0.8427, 7.248 -0.459 -0.8372, 7.248 -0.459 -0.8427, 7.248 -0.4585 -0.8372, 7.248 -0.4578 -0.8425, 7.248 -0.4575 -0.8372, 7.248 -0.4566 -0.8423, 7.248 -0.4564 -0.8371, 7.248 -0.4556 -0.842, 7.248 -0.4545 -0.8416, 7.248 -0.471 -0.8255, 7.248 -0.4714 -0.8264, 7.248 -0.4653 -0.8288, 7.248 -0.4718 -0.8274, 7.248 -0.4655 -0.8296, 7.248 -0.472 -0.8284, 7.248 -0.4656 -0.8305, 7.248 -0.4722 -0.8295, 7.248 -0.4723 -0.8307, 7.248 -0.4624 -0.8093, 7.248 -0.4649 -0.8045, 7.248 -0.4636 -0.8098, 7.248 -0.4663 -0.8051, 7.248 -0.4649 -0.8104, 7.248 -0.4676 -0.8058, 7.248 -0.4662 -0.8111, 7.248 -0.4686 -0.8064, 7.248 -0.4674 -0.8119, 7.248 -0.4686 -0.8129, 7.248 -0.4481 -0.8043, 7.248 -0.4491 -0.8039, 7.248 -0.4524 -0.809, 7.248 -0.4501 -0.8035, 7.248 -0.4532 -0.8087, 7.248 -0.4513 -0.8032, 7.248 -0.4541 -0.8085, 7.248 -0.4526 -0.803, 7.248 -0.4551 -0.8083, 7.248 -0.4539 -0.8029, 7.248 -0.4561 -0.8083, 7.248 -0.4555 -0.8028, 7.248 -0.4571 -0.8083, 7.248 -0.4572 -0.8029, 7.248 -0.4584 -0.8084, 7.248 -0.4589 -0.803, 7.248 -0.4598 -0.8086, 7.248 -0.4605 -0.8033, 7.248 -0.4611 -0.8089, 7.248 -0.4621 -0.8036, 7.248 -0.4635 -0.804, 7.2441 -0.4674 -0.8119, 7.2441 -0.4686 -0.8129, 7.2441 -0.4686 -0.8064, 7.2441 -0.4417 -0.8418, 7.2441 -0.4484 -0.8418, 7.2441 -0.4417 -0.8173, 7.2441 -0.4484 -0.8359, 7.2441 -0.4486 -0.8359, 7.2441 -0.4546 -0.8365, 7.2441 -0.4537 -0.8361, 7.2441 -0.4524 -0.809, 7.2441 -0.4491 -0.8039, 7.2441 -0.4517 -0.8094, 7.2441 -0.4481 -0.8043, 7.2441 -0.4511 -0.8098, 7.2441 -0.4652 -0.8334, 7.2441 -0.4648 -0.8341, 7.2441 -0.4712 -0.8369, 7.2441 -0.4501 -0.8109, 7.2441 -0.4444 -0.8074, 7.2441 -0.4497 -0.8115, 7.2441 -0.4438 -0.8082, 7.2441 -0.4493 -0.8123, 7.2441 -0.4472 -0.8048, 7.2441 -0.4464 -0.8054, 7.2441 -0.4506 -0.8103, 7.2441 -0.4456 -0.806, 7.2441 -0.445 -0.8066, 7.2441 -0.4716 -0.836, 7.2441 -0.4719 -0.835, 7.2441 -0.4654 -0.8327, 7.2441 -0.4722 -0.834, 7.2441 -0.4655 -0.8319, 7.2441 -0.4484 -0.8227, 7.2441 -0.4418 -0.8156, 7.2441 -0.4484 -0.8264, 7.2441 -0.4484 -0.8265, 7.2441 -0.4485 -0.8276, 7.2441 -0.4639 -0.8352, 7.2441 -0.4695 -0.8393, 7.2441 -0.4644 -0.8347, 7.2441 -0.4702 -0.8386, 7.2441 -0.4707 -0.8378, 7.2441 -0.45 -0.8325, 7.2441 -0.4496 -0.8316, 7.2441 -0.465 -0.8281, 7.2441 -0.4705 -0.8247, 7.2441 -0.4647 -0.8274, 7.2441 -0.4699 -0.8239, 7.2441 -0.4643 -0.8268, 7.2441 -0.463 -0.836, 7.2441 -0.4675 -0.8409, 7.2441 -0.4636 -0.8355, 7.2441 -0.4683 -0.8404, 7.2441 -0.4691 -0.8397, 7.2441 -0.4616 -0.8367, 7.2441 -0.4646 -0.8422, 7.2441 -0.4624 -0.8364, 7.2441 -0.4656 -0.8419, 7.2441 -0.4666 -0.8414, 7.2441 -0.4529 -0.8356, 7.2441 -0.4522 -0.835, 7.2441 -0.4515 -0.8343, 7.2441 -0.4492 -0.8307, 7.2441 -0.4488 -0.8298, 7.2441 -0.4486 -0.8287, 7.2441 -0.4433 -0.8092, 7.2441 -0.4428 -0.8102, 7.2441 -0.449 -0.8132, 7.2441 -0.4425 -0.8114, 7.2441 -0.4488 -0.8141, 7.2441 -0.4422 -0.8127, 7.2441 -0.4486 -0.8152, 7.2441 -0.4419 -0.8141, 7.2441 -0.4484 -0.8164, 7.2441 -0.4484 -0.8176, 7.2441 -0.4597 -0.8192, 7.2441 -0.4513 -0.8341, 7.2441 -0.4506 -0.8334, 7.2441 -0.4692 -0.8232, 7.2441 -0.4685 -0.8225, 7.2441 -0.4638 -0.8262, 7.2441 -0.4676 -0.8219, 7.2441 -0.4635 -0.826, 7.2441 -0.4666 -0.8213, 7.2441 -0.4629 -0.8255, 7.2441 -0.4655 -0.8207, 7.2441 -0.4622 -0.8252, 7.2441 -0.4643 -0.8202, 7.2441 -0.4613 -0.8248, 7.2441 -0.4629 -0.8198, 7.2441 -0.4602 -0.8245, 7.2441 -0.4614 -0.8195, 7.2441 -0.459 -0.8242, 7.2441 -0.4573 -0.8239, 7.2441 -0.4653 -0.8288, 7.2441 -0.4714 -0.8264, 7.2441 -0.471 -0.8255, 7.2441 -0.4636 -0.8098, 7.2441 -0.4663 -0.8051, 7.2441 -0.4649 -0.8045, 7.2441 -0.4723 -0.8328, 7.2441 -0.4724 -0.8316, 7.2441 -0.4656 -0.8311, 7.2441 -0.4723 -0.8307, 7.2441 -0.4656 -0.8305, 7.2441 -0.4722 -0.8295, 7.2441 -0.4655 -0.8296, 7.2441 -0.472 -0.8284, 7.2441 -0.4718 -0.8274, 7.2441 -0.4624 -0.8093, 7.2441 -0.4635 -0.804, 7.2441 -0.4611 -0.8089, 7.2441 -0.4621 -0.8036, 7.2441 -0.4598 -0.8086, 7.2441 -0.4605 -0.8033, 7.2441 -0.4584 -0.8084, 7.2441 -0.4589 -0.803, 7.2441 -0.4571 -0.8083, 7.2441 -0.4572 -0.8029, 7.2441 -0.4561 -0.8083, 7.2441 -0.4555 -0.8028, 7.2441 -0.4551 -0.8083, 7.2441 -0.4539 -0.8029, 7.2441 -0.4541 -0.8085, 7.2441 -0.4526 -0.803, 7.2441 -0.4532 -0.8087, 7.2441 -0.4513 -0.8032, 7.2441 -0.4501 -0.8035, 7.2441 -0.4676 -0.8058, 7.2441 -0.4649 -0.8104, 7.2441 -0.4662 -0.8111, 7.2441 -0.4575 -0.8372, 7.2441 -0.4578 -0.8425, 7.2441 -0.4585 -0.8372, 7.2441 -0.459 -0.8427, 7.2441 -0.459 -0.8372, 7.2441 -0.4603 -0.8427, 7.2441 -0.46 -0.8371, 7.2441 -0.461 -0.8427, 7.2441 -0.4608 -0.837, 7.2441 -0.4623 -0.8426, 7.2441 -0.4635 -0.8424, 7.2441 -0.4492 -0.8369, 7.2441 -0.4564 -0.8371, 7.2441 -0.4555 -0.8368, 7.2441 -0.4536 -0.8411, 7.2441 -0.4545 -0.8416, 7.2441 -0.4556 -0.842, 7.2441 -0.4566 -0.8423, 7.2441 -0.45 -0.8379, 7.2441 -0.4507 -0.8388, 7.2441 -0.4515 -0.8396, 7.2441 -0.4524 -0.8403, 7.2441 -0.4533 -0.8409, 7.248 -0.4217 -0.8373, 7.2441 -0.4217 -0.8373, 7.2441 -0.423 -0.8372, 7.248 -0.423 -0.8372, 7.2441 -0.4243 -0.8371, 7.248 -0.4243 -0.8371, 7.2441 -0.4255 -0.8369, 7.248 -0.4255 -0.8369, 7.2441 -0.4268 -0.8365, 7.248 -0.4268 -0.8365, 7.2441 -0.428 -0.8361, 7.248 -0.428 -0.8361, 7.2441 -0.4292 -0.8356, 7.248 -0.4292 -0.8356, 7.2441 -0.4304 -0.835, 7.248 -0.4304 -0.835, 7.2441 -0.4316 -0.8343, 7.248 -0.4316 -0.8343, 7.2441 -0.4327 -0.8336, 7.248 -0.4327 -0.8336, 7.248 -0.4327 -0.8405, 7.2441 -0.4327 -0.8405, 7.2441 -0.4315 -0.841, 7.248 -0.4315 -0.841, 7.2441 -0.4302 -0.8415, 7.248 -0.4302 -0.8415, 7.2441 -0.4289 -0.8419, 7.248 -0.4289 -0.8419, 7.2441 -0.4275 -0.8422, 7.248 -0.4275 -0.8422, 7.2441 -0.426 -0.8425, 7.248 -0.426 -0.8425, 7.2441 -0.4245 -0.8426, 7.248 -0.4245 -0.8426, 7.2441 -0.4229 -0.8427, 7.248 -0.4229 -0.8427, 7.2441 -0.4223 -0.8427, 7.248 -0.4223 -0.8427, 7.2441 -0.4207 -0.8427, 7.248 -0.4207 -0.8427, 7.2441 -0.4191 -0.8425, 7.248 -0.4191 -0.8425, 7.2441 -0.4177 -0.8423, 7.248 -0.4177 -0.8423, 7.2441 -0.4163 -0.842, 7.248 -0.4163 -0.842, 7.2441 -0.4151 -0.8416, 7.248 -0.4151 -0.8416, 7.2441 -0.4139 -0.8412, 7.248 -0.4139 -0.8412, 7.2441 -0.4128 -0.8407, 7.248 -0.4128 -0.8407, 7.2441 -0.4118 -0.8401, 7.248 -0.4118 -0.8401, 7.2441 -0.4112 -0.8397, 7.248 -0.4112 -0.8397, 7.2441 -0.4104 -0.8391, 7.248 -0.4104 -0.8391, 7.2441 -0.4096 -0.8384, 7.248 -0.4096 -0.8384, 7.2441 -0.409 -0.8377, 7.248 -0.409 -0.8377, 7.2441 -0.4084 -0.8369, 7.248 -0.4084 -0.8369, 7.2441 -0.408 -0.8361, 7.248 -0.408 -0.8361, 7.2441 -0.4076 -0.8353, 7.248 -0.4076 -0.8353, 7.2441 -0.4073 -0.8344, 7.248 -0.4073 -0.8344, 7.2441 -0.4071 -0.8335, 7.248 -0.4071 -0.8335, 7.2441 -0.407 -0.8325, 7.248 -0.407 -0.8325, 7.2441 -0.4069 -0.8315, 7.248 -0.4069 -0.8315, 7.2441 -0.407 -0.8304, 7.248 -0.407 -0.8304, 7.2441 -0.4071 -0.8294, 7.248 -0.4071 -0.8294, 7.2441 -0.4073 -0.8285, 7.248 -0.4073 -0.8285, 7.2441 -0.4076 -0.8276, 7.248 -0.4076 -0.8276, 7.2441 -0.408 -0.8268, 7.248 -0.408 -0.8268, 7.2441 -0.4085 -0.826, 7.248 -0.4085 -0.826, 7.2441 -0.409 -0.8254, 7.248 -0.409 -0.8254, 7.2441 -0.4092 -0.8252, 7.248 -0.4092 -0.8252, 7.2441 -0.4098 -0.8245, 7.248 -0.4098 -0.8245, 7.2441 -0.4105 -0.8239, 7.248 -0.4105 -0.8239, 7.2441 -0.4115 -0.8232, 7.248 -0.4115 -0.8232, 7.2441 -0.4126 -0.8226, 7.248 -0.4126 -0.8226, 7.2441 -0.4139 -0.8219, 7.248 -0.4139 -0.8219, 7.2441 -0.4155 -0.8211, 7.248 -0.4155 -0.8211, 7.2441 -0.4173 -0.8204, 7.248 -0.4173 -0.8204, 7.2441 -0.4178 -0.8202, 7.248 -0.4178 -0.8202, 7.2441 -0.4201 -0.8193, 7.248 -0.4201 -0.8193, 7.2441 -0.4217 -0.8185, 7.248 -0.4217 -0.8185, 7.2441 -0.4229 -0.8179, 7.248 -0.4229 -0.8179, 7.2441 -0.4237 -0.8174, 7.248 -0.4237 -0.8174, 7.2441 -0.4243 -0.8169, 7.248 -0.4243 -0.8169, 7.2441 -0.4247 -0.8165, 7.248 -0.4247 -0.8165, 7.2441 -0.4251 -0.816, 7.248 -0.4251 -0.816, 7.2441 -0.4254 -0.8155, 7.248 -0.4254 -0.8155, 7.2441 -0.4256 -0.8149, 7.248 -0.4256 -0.8149, 7.2441 -0.4257 -0.8142, 7.248 -0.4257 -0.8142, 7.2441 -0.4257 -0.8134, 7.248 -0.4257 -0.8134, 7.2441 -0.4257 -0.8127, 7.248 -0.4257 -0.8127, 7.2441 -0.4256 -0.8121, 7.248 -0.4256 -0.8121, 7.2441 -0.4253 -0.8115, 7.248 -0.4253 -0.8115, 7.2441 -0.425 -0.811, 7.248 -0.425 -0.811, 7.2441 -0.4246 -0.8105, 7.248 -0.4246 -0.8105, 7.2441 -0.4242 -0.81, 7.248 -0.4242 -0.81, 7.2441 -0.4237 -0.8097, 7.248 -0.4237 -0.8097, 7.2441 -0.423 -0.8093, 7.248 -0.423 -0.8093, 7.2441 -0.4223 -0.8089, 7.248 -0.4223 -0.8089, 7.2441 -0.4215 -0.8087, 7.248 -0.4215 -0.8087, 7.2441 -0.4206 -0.8084, 7.248 -0.4206 -0.8084, 7.2441 -0.4197 -0.8083, 7.248 -0.4197 -0.8083, 7.2441 -0.4186 -0.8083, 7.248 -0.4186 -0.8083, 7.2441 -0.4184 -0.8083, 7.248 -0.4184 -0.8083, 7.2441 -0.4171 -0.8083, 7.248 -0.4171 -0.8083, 7.2441 -0.4157 -0.8084, 7.248 -0.4157 -0.8084, 7.2441 -0.4144 -0.8087, 7.248 -0.4144 -0.8087, 7.2441 -0.4132 -0.809, 7.248 -0.4132 -0.809, 7.2441 -0.412 -0.8094, 7.248 -0.412 -0.8094, 7.2441 -0.4109 -0.8099, 7.248 -0.4109 -0.8099, 7.2441 -0.4097 -0.8104, 7.248 -0.4097 -0.8104, 7.2441 -0.4088 -0.811, 7.248 -0.4088 -0.811, 7.248 -0.4088 -0.8045, 7.2441 -0.4088 -0.8045, 7.2441 -0.4101 -0.804, 7.248 -0.4101 -0.804, 7.2441 -0.4114 -0.8036, 7.248 -0.4114 -0.8036, 7.2441 -0.4128 -0.8033, 7.248 -0.4128 -0.8033, 7.2441 -0.4143 -0.8031, 7.248 -0.4143 -0.8031, 7.2441 -0.4157 -0.8029, 7.248 -0.4157 -0.8029, 7.2441 -0.4173 -0.8028, 7.248 -0.4173 -0.8028, 7.2441 -0.4178 -0.8028, 7.248 -0.4178 -0.8028, 7.2441 -0.4193 -0.8029, 7.248 -0.4193 -0.8029, 7.2441 -0.4207 -0.803, 7.248 -0.4207 -0.803, 7.2441 -0.4221 -0.8032, 7.248 -0.4221 -0.8032, 7.2441 -0.4234 -0.8035, 7.248 -0.4234 -0.8035, 7.2441 -0.4246 -0.8039, 7.248 -0.4246 -0.8039, 7.2441 -0.4258 -0.8044, 7.248 -0.4258 -0.8044, 7.2441 -0.4268 -0.8049, 7.248 -0.4268 -0.8049, 7.2441 -0.4279 -0.8055, 7.248 -0.4279 -0.8055, 7.2441 -0.4283 -0.8059, 7.248 -0.4283 -0.8059, 7.2441 -0.4292 -0.8065, 7.248 -0.4292 -0.8065, 7.2441 -0.43 -0.8072, 7.248 -0.43 -0.8072, 7.2441 -0.4306 -0.808, 7.248 -0.4306 -0.808, 7.2441 -0.4312 -0.8088, 7.248 -0.4312 -0.8088, 7.2441 -0.4316 -0.8096, 7.248 -0.4316 -0.8096, 7.2441 -0.432 -0.8104, 7.248 -0.432 -0.8104, 7.2441 -0.4323 -0.8113, 7.248 -0.4323 -0.8113, 7.2441 -0.4325 -0.8122, 7.248 -0.4325 -0.8122, 7.2441 -0.4326 -0.8131, 7.248 -0.4326 -0.8131, 7.2441 -0.4326 -0.814, 7.248 -0.4326 -0.814, 7.2441 -0.4326 -0.8151, 7.248 -0.4326 -0.8151, 7.2441 -0.4324 -0.8161, 7.248 -0.4324 -0.8161, 7.2441 -0.4322 -0.817, 7.248 -0.4322 -0.817, 7.2441 -0.4319 -0.8179, 7.248 -0.4319 -0.8179, 7.2441 -0.4315 -0.8188, 7.248 -0.4315 -0.8188, 7.2441 -0.4311 -0.8195, 7.248 -0.4311 -0.8195, 7.2441 -0.4307 -0.82, 7.248 -0.4307 -0.82, 7.2441 -0.4302 -0.8206, 7.248 -0.4302 -0.8206, 7.2441 -0.4296 -0.8212, 7.248 -0.4296 -0.8212, 7.2441 -0.4288 -0.8218, 7.248 -0.4288 -0.8218, 7.2441 -0.4278 -0.8225, 7.248 -0.4278 -0.8225, 7.2441 -0.4266 -0.8232, 7.248 -0.4266 -0.8232, 7.2441 -0.4252 -0.8239, 7.248 -0.4252 -0.8239, 7.2441 -0.4234 -0.8247, 7.248 -0.4234 -0.8247, 7.2441 -0.4225 -0.8251, 7.248 -0.4225 -0.8251, 7.2441 -0.4202 -0.826, 7.248 -0.4202 -0.826, 7.2441 -0.4185 -0.8267, 7.248 -0.4185 -0.8267, 7.2441 -0.4172 -0.8274, 7.248 -0.4172 -0.8274, 7.2441 -0.4163 -0.8279, 7.248 -0.4163 -0.8279, 7.2441 -0.4156 -0.8284, 7.248 -0.4156 -0.8284, 7.2441 -0.4155 -0.8285, 7.248 -0.4155 -0.8285, 7.2441 -0.415 -0.829, 7.248 -0.415 -0.829, 7.2441 -0.4146 -0.8295, 7.248 -0.4146 -0.8295, 7.2441 -0.4142 -0.8301, 7.248 -0.4142 -0.8301, 7.2441 -0.414 -0.8307, 7.248 -0.414 -0.8307, 7.2441 -0.4139 -0.8313, 7.248 -0.4139 -0.8313, 7.2441 -0.4138 -0.8319, 7.248 -0.4138 -0.8319, 7.2441 -0.4138 -0.8321, 7.248 -0.4138 -0.8321, 7.2441 -0.4138 -0.8329, 7.248 -0.4138 -0.8329, 7.2441 -0.414 -0.8336, 7.248 -0.414 -0.8336, 7.2441 -0.4142 -0.8342, 7.248 -0.4142 -0.8342, 7.2441 -0.4145 -0.8347, 7.248 -0.4145 -0.8347, 7.2441 -0.4148 -0.8352, 7.248 -0.4148 -0.8352, 7.2441 -0.4153 -0.8356, 7.248 -0.4153 -0.8356, 7.2441 -0.4158 -0.836, 7.248 -0.4158 -0.836, 7.2441 -0.4164 -0.8363, 7.248 -0.4164 -0.8363, 7.2441 -0.4171 -0.8366, 7.248 -0.4171 -0.8366, 7.2441 -0.4179 -0.8369, 7.248 -0.4179 -0.8369, 7.2441 -0.4189 -0.8371, 7.248 -0.4189 -0.8371, 7.2441 -0.42 -0.8372, 7.248 -0.42 -0.8372, 7.2441 -0.4213 -0.8373, 7.248 -0.4213 -0.8373, 7.248 -0.3738 -0.8037, 7.248 -0.3668 -0.8037, 7.2441 -0.3738 -0.8037, 7.2441 -0.3668 -0.8037, 7.248 -0.3842 -0.8324, 7.2441 -0.3842 -0.8324, 7.2441 -0.3847 -0.8342, 7.248 -0.3847 -0.8342, 7.2441 -0.385 -0.8355, 7.248 -0.385 -0.8355, 7.248 -0.3852 -0.8355, 7.2441 -0.3852 -0.8355, 7.248 -0.386 -0.8324, 7.2441 -0.386 -0.8324, 7.248 -0.396 -0.8037, 7.2441 -0.396 -0.8037, 7.248 -0.4034 -0.8037, 7.2441 -0.4034 -0.8037, 7.248 -0.3885 -0.8417, 7.2441 -0.3885 -0.8417, 7.248 -0.3914 -0.8487, 7.2441 -0.3914 -0.8487, 7.2441 -0.392 -0.8499, 7.248 -0.392 -0.8499, 7.2441 -0.3927 -0.851, 7.248 -0.3927 -0.851, 7.2441 -0.3934 -0.8519, 7.248 -0.3934 -0.8519, 7.2441 -0.3941 -0.8526, 7.248 -0.3941 -0.8526, 7.2441 -0.3948 -0.8531, 7.248 -0.3948 -0.8531, 7.2441 -0.3956 -0.8535, 7.248 -0.3956 -0.8535, 7.2441 -0.3965 -0.8538, 7.248 -0.3965 -0.8538, 7.2441 -0.3974 -0.854, 7.248 -0.3974 -0.854, 7.2441 -0.3983 -0.8541, 7.248 -0.3983 -0.8541, 7.2441 -0.3994 -0.854, 7.248 -0.3994 -0.854, 7.2441 -0.4005 -0.8538, 7.248 -0.4005 -0.8538, 7.2441 -0.4016 -0.8535, 7.248 -0.4016 -0.8535, 7.2441 -0.4021 -0.8533, 7.248 -0.4021 -0.8533, 7.248 -0.4021 -0.8592, 7.2441 -0.4021 -0.8592, 7.2441 -0.4009 -0.8595, 7.248 -0.4009 -0.8595, 7.2441 -0.3996 -0.8597, 7.248 -0.3996 -0.8597, 7.2441 -0.3981 -0.8598, 7.248 -0.3981 -0.8598, 7.2441 -0.3978 -0.8598, 7.248 -0.3978 -0.8598, 7.2441 -0.3965 -0.8597, 7.248 -0.3965 -0.8597, 7.2441 -0.3953 -0.8595, 7.248 -0.3953 -0.8595, 7.2441 -0.3941 -0.8592, 7.248 -0.3941 -0.8592, 7.2441 -0.393 -0.8588, 7.248 -0.393 -0.8588, 7.2441 -0.3919 -0.8582, 7.248 -0.3919 -0.8582, 7.2441 -0.3909 -0.8575, 7.248 -0.3909 -0.8575, 7.2441 -0.39 -0.8567, 7.248 -0.39 -0.8567, 7.2441 -0.389 -0.8558, 7.248 -0.389 -0.8558, 7.2441 -0.388 -0.8546, 7.248 -0.388 -0.8546, 7.2441 -0.3871 -0.8533, 7.248 -0.3871 -0.8533, 7.2441 -0.3862 -0.8519, 7.248 -0.3862 -0.8519, 7.2441 -0.3853 -0.8502, 7.248 -0.3853 -0.8502, 7.2441 -0.3844 -0.8482, 7.248 -0.3844 -0.8482, 7.2441 -0.3841 -0.8476, 7.248 -0.3841 -0.8476, 7.248 -0.3309 -0.8357, 7.248 -0.3309 -0.8418, 7.2441 -0.3309 -0.8357, 7.2441 -0.3309 -0.8418, 7.248 -0.3528 -0.8357, 7.2441 -0.3528 -0.8357, 7.248 -0.3528 -0.8178, 7.2441 -0.3528 -0.8178, 7.248 -0.3337 -0.8178, 7.2441 -0.3337 -0.8178, 7.248 -0.3337 -0.8117, 7.2441 -0.3337 -0.8117, 7.248 -0.3528 -0.8117, 7.2441 -0.3528 -0.8117, 7.248 -0.3528 -0.7946, 7.2441 -0.3528 -0.7946, 7.248 -0.3321 -0.7946, 7.2441 -0.3321 -0.7946, 7.248 -0.3321 -0.7884, 7.2441 -0.3321 -0.7884, 7.248 -0.3596 -0.7884, 7.2441 -0.3596 -0.7884, 7.248 -0.3596 -0.8418, 7.2441 -0.3596 -0.8418, 7.248 -0.2868 -0.8043, 7.248 -0.2804 -0.8017, 7.248 -0.2813 -0.8002, 7.248 -0.2903 -0.8302, 7.248 -0.2854 -0.8344, 7.248 -0.2893 -0.8291, 7.248 -0.2841 -0.833, 7.248 -0.2884 -0.8279, 7.248 -0.2829 -0.8316, 7.248 -0.2875 -0.8266, 7.248 -0.2818 -0.8302, 7.248 -0.2868 -0.8253, 7.248 -0.2809 -0.8287, 7.248 -0.2862 -0.8238, 7.248 -0.2967 -0.8342, 7.248 -0.2936 -0.8396, 7.248 -0.2952 -0.8335, 7.248 -0.2918 -0.8388, 7.248 -0.2938 -0.8328, 7.248 -0.2902 -0.8379, 7.248 -0.2925 -0.8319, 7.248 -0.2886 -0.8369, 7.248 -0.2912 -0.831, 7.248 -0.2871 -0.8358, 7.248 -0.2857 -0.8346, 7.248 -0.2876 -0.803, 7.248 -0.2823 -0.7988, 7.248 -0.2884 -0.8018, 7.248 -0.2835 -0.7974, 7.248 -0.2893 -0.8007, 7.248 -0.2847 -0.7962, 7.248 -0.2903 -0.7998, 7.248 -0.2854 -0.7955, 7.248 -0.2905 -0.7996, 7.248 -0.2869 -0.7943, 7.248 -0.2917 -0.7986, 7.248 -0.2885 -0.7932, 7.248 -0.2931 -0.7977, 7.248 -0.2901 -0.7922, 7.248 -0.2945 -0.797, 7.248 -0.2918 -0.7913, 7.248 -0.296 -0.7963, 7.248 -0.2936 -0.7906, 7.248 -0.2976 -0.7957, 7.248 -0.2954 -0.7899, 7.248 -0.2993 -0.7953, 7.248 -0.2973 -0.7894, 7.248 -0.3011 -0.7949, 7.248 -0.2993 -0.789, 7.248 -0.303 -0.7947, 7.248 -0.3014 -0.7887, 7.248 -0.3036 -0.7885, 7.248 -0.305 -0.7946, 7.248 -0.3056 -0.7884, 7.248 -0.3059 -0.7946, 7.248 -0.314 -0.7946, 7.248 -0.3208 -0.7884, 7.248 -0.314 -0.8357, 7.248 -0.3208 -0.8418, 7.248 -0.3062 -0.8357, 7.248 -0.3062 -0.8418, 7.248 -0.304 -0.8357, 7.248 -0.3038 -0.8418, 7.248 -0.302 -0.8355, 7.248 -0.3016 -0.8416, 7.248 -0.3001 -0.8352, 7.248 -0.2994 -0.8412, 7.248 -0.2983 -0.8347, 7.248 -0.2974 -0.8408, 7.248 -0.2954 -0.8402, 7.248 -0.2797 -0.8032, 7.248 -0.2862 -0.8057, 7.248 -0.279 -0.8049, 7.248 -0.2856 -0.8072, 7.248 -0.2784 -0.8066, 7.248 -0.2852 -0.8088, 7.248 -0.278 -0.8084, 7.248 -0.2849 -0.8106, 7.248 -0.2777 -0.8103, 7.248 -0.28 -0.8271, 7.248 -0.2793 -0.8254, 7.248 -0.2856 -0.8223, 7.248 -0.2787 -0.8237, 7.248 -0.2852 -0.8206, 7.248 -0.2782 -0.8219, 7.248 -0.2849 -0.8188, 7.248 -0.2778 -0.82, 7.248 -0.2847 -0.8169, 7.248 -0.2775 -0.8123, 7.248 -0.2847 -0.8126, 7.248 -0.2774 -0.8145, 7.248 -0.2846 -0.8146, 7.248 -0.2846 -0.815, 7.248 -0.2774 -0.8159, 7.248 -0.2776 -0.818, 7.2441 -0.2893 -0.8291, 7.2441 -0.2854 -0.8344, 7.2441 -0.2903 -0.8302, 7.2441 -0.2857 -0.8346, 7.2441 -0.2912 -0.831, 7.2441 -0.2871 -0.8358, 7.2441 -0.2925 -0.8319, 7.2441 -0.2886 -0.8369, 7.2441 -0.2938 -0.8328, 7.2441 -0.2902 -0.8379, 7.2441 -0.2952 -0.8335, 7.2441 -0.2876 -0.803, 7.2441 -0.2813 -0.8002, 7.2441 -0.2868 -0.8043, 7.2441 -0.2804 -0.8017, 7.2441 -0.2862 -0.8057, 7.2441 -0.2797 -0.8032, 7.2441 -0.2856 -0.8072, 7.2441 -0.279 -0.8049, 7.2441 -0.2852 -0.8088, 7.2441 -0.2918 -0.8388, 7.2441 -0.2936 -0.8396, 7.2441 -0.2967 -0.8342, 7.2441 -0.2954 -0.8402, 7.2441 -0.2983 -0.8347, 7.2441 -0.2974 -0.8408, 7.2441 -0.3001 -0.8352, 7.2441 -0.2994 -0.8412, 7.2441 -0.302 -0.8355, 7.2441 -0.3016 -0.8416, 7.2441 -0.304 -0.8357, 7.2441 -0.3038 -0.8418, 7.2441 -0.3062 -0.8357, 7.2441 -0.3062 -0.8418, 7.2441 -0.314 -0.8357, 7.2441 -0.3208 -0.8418, 7.2441 -0.314 -0.7946, 7.2441 -0.3208 -0.7884, 7.2441 -0.3059 -0.7946, 7.2441 -0.3056 -0.7884, 7.2441 -0.305 -0.7946, 7.2441 -0.3036 -0.7885, 7.2441 -0.303 -0.7947, 7.2441 -0.3014 -0.7887, 7.2441 -0.3011 -0.7949, 7.2441 -0.2993 -0.789, 7.2441 -0.2993 -0.7953, 7.2441 -0.2973 -0.7894, 7.2441 -0.2976 -0.7957, 7.2441 -0.2954 -0.7899, 7.2441 -0.296 -0.7963, 7.2441 -0.2936 -0.7906, 7.2441 -0.2945 -0.797, 7.2441 -0.2918 -0.7913, 7.2441 -0.2931 -0.7977, 7.2441 -0.2901 -0.7922, 7.2441 -0.2917 -0.7986, 7.2441 -0.2885 -0.7932, 7.2441 -0.2905 -0.7996, 7.2441 -0.2869 -0.7943, 7.2441 -0.2903 -0.7998, 7.2441 -0.2854 -0.7955, 7.2441 -0.2893 -0.8007, 7.2441 -0.2847 -0.7962, 7.2441 -0.2884 -0.8018, 7.2441 -0.2835 -0.7974, 7.2441 -0.2823 -0.7988, 7.2441 -0.2856 -0.8223, 7.2441 -0.2793 -0.8254, 7.2441 -0.2862 -0.8238, 7.2441 -0.28 -0.8271, 7.2441 -0.2868 -0.8253, 7.2441 -0.2809 -0.8287, 7.2441 -0.2875 -0.8266, 7.2441 -0.2818 -0.8302, 7.2441 -0.2884 -0.8279, 7.2441 -0.2829 -0.8316, 7.2441 -0.2841 -0.833, 7.2441 -0.2784 -0.8066, 7.2441 -0.278 -0.8084, 7.2441 -0.2849 -0.8106, 7.2441 -0.2777 -0.8103, 7.2441 -0.2847 -0.8126, 7.2441 -0.2775 -0.8123, 7.2441 -0.2846 -0.8146, 7.2441 -0.2774 -0.8145, 7.2441 -0.2846 -0.815, 7.2441 -0.2774 -0.8159, 7.2441 -0.2847 -0.8169, 7.2441 -0.2776 -0.818, 7.2441 -0.2849 -0.8188, 7.2441 -0.2778 -0.82, 7.2441 -0.2852 -0.8206, 7.2441 -0.2782 -0.8219, 7.2441 -0.2787 -0.8237, 7.248 -0.2595 -0.8212, 7.248 -0.2617 -0.8272, 7.248 -0.2416 -0.8212, 7.248 -0.2395 -0.8272, 7.248 -0.2668 -0.8418, 7.248 -0.2744 -0.8418, 7.248 -0.2541 -0.7884, 7.248 -0.2515 -0.799, 7.248 -0.2514 -0.7987, 7.248 -0.2467 -0.7884, 7.248 -0.2504 -0.7957, 7.248 -0.25 -0.7978, 7.248 -0.2496 -0.799, 7.248 -0.2264 -0.8418, 7.248 -0.234 -0.8418, 7.248 -0.2511 -0.7974, 7.248 -0.2506 -0.7953, 7.248 -0.2505 -0.7953, 7.2441 -0.2416 -0.8212, 7.2441 -0.2496 -0.799, 7.2441 -0.2467 -0.7884, 7.2441 -0.25 -0.7978, 7.2441 -0.2511 -0.7974, 7.2441 -0.2514 -0.7987, 7.2441 -0.2541 -0.7884, 7.2441 -0.2515 -0.799, 7.2441 -0.2595 -0.8212, 7.2441 -0.2744 -0.8418, 7.2441 -0.2264 -0.8418, 7.2441 -0.234 -0.8418, 7.2441 -0.2395 -0.8272, 7.2441 -0.2668 -0.8418, 7.2441 -0.2617 -0.8272, 7.2441 -0.2504 -0.7957, 7.2441 -0.2505 -0.7953, 7.2441 -0.2506 -0.7953, 7.248 -0.7325 -0.8605, 7.248 -0.7285 -0.8629, 7.248 -0.7466 -0.8158, 7.248 -0.6199 -0.7972, 7.248 -0.6317 -0.7771, 7.248 -0.673 -0.8253, 7.248 -0.6825 -0.8037, 7.248 -0.673 -0.8291, 7.248 -0.6932 -0.8626, 7.248 -0.6732 -0.8324, 7.248 -0.6892 -0.8602, 7.248 -0.7114 -0.8443, 7.248 -0.7132 -0.8442, 7.248 -0.7148 -0.8669, 7.248 -0.7195 -0.8661, 7.248 -0.7161 -0.8435, 7.248 -0.7241 -0.8648, 7.248 -0.7262 -0.8295, 7.248 -0.7259 -0.8267, 7.248 -0.725 -0.8239, 7.248 -0.7456 -0.8133, 7.248 -0.7236 -0.8212, 7.248 -0.7404 -0.8532, 7.248 -0.7373 -0.8566, 7.248 -0.7337 -0.8596, 7.248 -0.7114 -0.8147, 7.248 -0.7096 -0.8148, 7.248 -0.7068 -0.791, 7.248 -0.5951 -0.8175, 7.248 -0.5838 -0.8381, 7.248 -0.5913 -0.816, 7.248 -0.5788 -0.8356, 7.248 -0.5877 -0.8139, 7.248 -0.5741 -0.8327, 7.248 -0.5844 -0.8113, 7.248 -0.747 -0.8413, 7.248 -0.7453 -0.8455, 7.248 -0.7431 -0.8495, 7.248 -0.7642 -0.8001, 7.248 -0.7831 -0.8156, 7.248 -0.7615 -0.804, 7.248 -0.7795 -0.8205, 7.248 -0.7584 -0.8076, 7.248 -0.7225 -0.7441, 7.248 -0.718 -0.7455, 7.248 -0.7231 -0.7209, 7.248 -0.7137 -0.7474, 7.248 -0.7114 -0.7487, 7.248 -0.6856 -0.8573, 7.248 -0.6823 -0.8539, 7.248 -0.6794 -0.8501, 7.248 -0.7251 -0.8351, 7.248 -0.7259 -0.8324, 7.248 -0.7217 -0.819, 7.248 -0.7407 -0.8052, 7.248 -0.7434 -0.8091, 7.248 -0.7021 -0.7918, 7.248 -0.7067 -0.8154, 7.248 -0.6976 -0.7932, 7.248 -0.6933 -0.7951, 7.248 -0.704 -0.8167, 7.248 -0.6893 -0.7975, 7.248 -0.7016 -0.8184, 7.248 -0.6857 -0.8004, 7.248 -0.6981 -0.8229, 7.248 -0.6971 -0.8256, 7.248 -0.5798 -0.7726, 7.248 -0.5777 -0.7763, 7.248 -0.5586 -0.763, 7.248 -0.5697 -0.8292, 7.248 -0.5658 -0.8255, 7.248 -0.5815 -0.8083, 7.248 -0.7036 -0.7338, 7.248 -0.7197 -0.7167, 7.248 -0.7001 -0.7295, 7.248 -0.6719 -0.7134, 7.248 -0.6806 -0.692, 7.248 -0.6773 -0.7148, 7.248 -0.687 -0.694, 7.248 -0.6825 -0.7169, 7.248 -0.6932 -0.6965, 7.248 -0.6875 -0.7194, 7.248 -0.744 -0.7451, 7.248 -0.7551 -0.7248, 7.248 -0.7483 -0.7469, 7.248 -0.7605 -0.7273, 7.248 -0.7524 -0.7493, 7.248 -0.7657 -0.7304, 7.248 -0.7562 -0.7522, 7.248 -0.727 -0.7432, 7.248 -0.7275 -0.7204, 7.248 -0.7315 -0.743, 7.248 -0.7318 -0.7202, 7.248 -0.7347 -0.7431, 7.248 -0.7378 -0.7205, 7.248 -0.7394 -0.7438, 7.248 -0.7437 -0.7213, 7.248 -0.7495 -0.7228, 7.248 -0.7188 -0.8423, 7.248 -0.7212 -0.8405, 7.248 -0.711 -0.7908, 7.248 -0.7156 -0.7911, 7.248 -0.7142 -0.815, 7.248 -0.7201 -0.7919, 7.248 -0.717 -0.8158, 7.248 -0.6966 -0.8285, 7.248 -0.6967 -0.8313, 7.248 -0.6973 -0.8343, 7.248 -0.6986 -0.837, 7.248 -0.7003 -0.8393, 7.248 -0.5617 -0.7584, 7.248 -0.5628 -0.757, 7.248 -0.5824 -0.7693, 7.248 -0.5665 -0.7528, 7.248 -0.5855 -0.7665, 7.248 -0.5707 -0.749, 7.248 -0.5888 -0.7641, 7.248 -0.7093 -0.7434, 7.248 -0.7067 -0.7385, 7.248 -0.6992 -0.6996, 7.248 -0.7048 -0.7031, 7.248 -0.6922 -0.7225, 7.248 -0.7064 -0.7042, 7.248 -0.6961 -0.7256, 7.248 -0.7111 -0.7079, 7.248 -0.7154 -0.7119, 7.248 -0.677 -0.846, 7.248 -0.6751 -0.8416, 7.248 -0.6739 -0.837, 7.248 -0.7219 -0.8399, 7.248 -0.7237 -0.8376, 7.248 -0.7195 -0.8172, 7.248 -0.7339 -0.7986, 7.248 -0.7375 -0.8017, 7.248 -0.7244 -0.7933, 7.248 -0.7286 -0.7952, 7.248 -0.7326 -0.7977, 7.248 -0.6996 -0.8205, 7.248 -0.711 -0.8671, 7.248 -0.7063 -0.8668, 7.248 -0.7084 -0.844, 7.248 -0.7018 -0.8659, 7.248 -0.7057 -0.8432, 7.248 -0.6974 -0.8645, 7.248 -0.7032 -0.8419, 7.248 -0.701 -0.8401, 7.248 -0.6092 -0.7507, 7.248 -0.6079 -0.7562, 7.248 -0.5888 -0.7392, 7.248 -0.6074 -0.7597, 7.248 -0.6043 -0.7597, 7.248 -0.5652 -0.8249, 7.248 -0.5617 -0.8207, 7.248 -0.5791 -0.805, 7.248 -0.5587 -0.8161, 7.248 -0.5772 -0.8013, 7.248 -0.5561 -0.8112, 7.248 -0.5758 -0.7975, 7.248 -0.6329 -0.8328, 7.248 -0.6321 -0.8351, 7.248 -0.6199 -0.8188, 7.248 -0.6307 -0.8373, 7.248 -0.6291 -0.8391, 7.248 -0.7509 -0.8136, 7.248 -0.7582 -0.8372, 7.248 -0.7527 -0.8395, 7.248 -0.6211 -0.8185, 7.248 -0.6214 -0.8185, 7.248 -0.6332 -0.8298, 7.248 -0.624 -0.8188, 7.248 -0.6332 -0.8302, 7.248 -0.6269 -0.8406, 7.248 -0.6244 -0.8416, 7.248 -0.6191 -0.8189, 7.248 -0.6222 -0.842, 7.248 -0.602 -0.8189, 7.248 -0.5998 -0.842, 7.248 -0.5992 -0.8185, 7.248 -0.5943 -0.8413, 7.248 -0.589 -0.8399, 7.248 -0.7774 -0.823, 7.248 -0.773 -0.8274, 7.248 -0.7548 -0.8108, 7.248 -0.7684 -0.8312, 7.248 -0.7634 -0.8345, 7.248 -0.7706 -0.734, 7.248 -0.7749 -0.7378, 7.248 -0.7596 -0.7555, 7.248 -0.7933 -0.7817, 7.248 -0.793 -0.7876, 7.248 -0.769 -0.7867, 7.248 -0.7922 -0.7935, 7.248 -0.7679 -0.7913, 7.248 -0.7907 -0.7993, 7.248 -0.7663 -0.7958, 7.248 -0.7887 -0.8049, 7.248 -0.7862 -0.8104, 7.248 -0.5753 -0.7456, 7.248 -0.5801 -0.7427, 7.248 -0.5924 -0.7622, 7.248 -0.5853 -0.7404, 7.248 -0.5962 -0.7608, 7.248 -0.6002 -0.7599, 7.248 -0.6263 -0.8196, 7.248 -0.6285 -0.8209, 7.248 -0.6328 -0.8274, 7.248 -0.6304 -0.8227, 7.248 -0.6319 -0.8249, 7.248 -0.7683 -0.7717, 7.248 -0.7921 -0.7694, 7.248 -0.7691 -0.7762, 7.248 -0.793 -0.7754, 7.248 -0.7694 -0.7809, 7.248 -0.7694 -0.7823, 7.248 -0.554 -0.8061, 7.248 -0.5525 -0.8007, 7.248 -0.575 -0.7934, 7.248 -0.5516 -0.7952, 7.248 -0.5747 -0.7893, 7.248 -0.5512 -0.7899, 7.248 -0.5747 -0.7881, 7.248 -0.655 -0.7125, 7.248 -0.6591 -0.6895, 7.248 -0.6605 -0.7122, 7.248 -0.6609 -0.6894, 7.248 -0.6662 -0.7125, 7.248 -0.6676 -0.6897, 7.248 -0.6742 -0.6906, 7.248 -0.7755 -0.7384, 7.248 -0.7795 -0.7428, 7.248 -0.7625 -0.7592, 7.248 -0.783 -0.7475, 7.248 -0.765 -0.7631, 7.248 -0.786 -0.7526, 7.248 -0.7669 -0.7673, 7.248 -0.7886 -0.758, 7.248 -0.7906 -0.7636, 7.248 -0.5512 -0.7889, 7.248 -0.5516 -0.7835, 7.248 -0.5752 -0.7842, 7.248 -0.5525 -0.7782, 7.248 -0.5762 -0.7801, 7.248 -0.554 -0.773, 7.248 -0.5561 -0.7679, 7.248 -0.6342 -0.7192, 7.248 -0.6265 -0.6976, 7.248 -0.6392 -0.7167, 7.248 -0.6328 -0.6948, 7.248 -0.6443 -0.7148, 7.248 -0.6392 -0.6926, 7.248 -0.6496 -0.7134, 7.248 -0.6458 -0.691, 7.248 -0.6524 -0.6899, 7.248 -0.6111 -0.7454, 7.248 -0.5912 -0.7333, 7.248 -0.6135 -0.7403, 7.248 -0.5942 -0.7277, 7.248 -0.6164 -0.7355, 7.248 -0.5977 -0.7222, 7.248 -0.6199 -0.731, 7.248 -0.6018 -0.7169, 7.248 -0.6238 -0.727, 7.248 -0.6064 -0.7119, 7.248 -0.6252 -0.7257, 7.248 -0.6093 -0.7092, 7.248 -0.6296 -0.7222, 7.248 -0.6147 -0.7048, 7.248 -0.6205 -0.701, 7.2441 -0.6892 -0.8602, 7.2441 -0.6932 -0.8626, 7.2441 -0.6732 -0.8324, 7.2441 -0.6317 -0.7771, 7.2441 -0.6199 -0.7972, 7.2441 -0.6825 -0.8037, 7.2441 -0.673 -0.8253, 7.2441 -0.673 -0.8291, 7.2441 -0.6773 -0.7148, 7.2441 -0.6825 -0.7169, 7.2441 -0.6932 -0.6965, 7.2441 -0.5752 -0.7842, 7.2441 -0.5762 -0.7801, 7.2441 -0.554 -0.773, 7.2441 -0.7096 -0.8148, 7.2441 -0.7021 -0.7918, 7.2441 -0.7067 -0.8154, 7.2441 -0.6976 -0.7932, 7.2441 -0.704 -0.8167, 7.2441 -0.7679 -0.7913, 7.2441 -0.7663 -0.7958, 7.2441 -0.7887 -0.8049, 7.2441 -0.6794 -0.8501, 7.2441 -0.6823 -0.8539, 7.2441 -0.6856 -0.8573, 7.2441 -0.6973 -0.8343, 7.2441 -0.6967 -0.8313, 7.2441 -0.7339 -0.7986, 7.2441 -0.7326 -0.7977, 7.2441 -0.7114 -0.8147, 7.2441 -0.7142 -0.815, 7.2441 -0.717 -0.8158, 7.2441 -0.7466 -0.8158, 7.2441 -0.7195 -0.8172, 7.2441 -0.7217 -0.819, 7.2441 -0.5561 -0.7679, 7.2441 -0.5777 -0.7763, 7.2441 -0.5586 -0.763, 7.2441 -0.5798 -0.7726, 7.2441 -0.5617 -0.7584, 7.2441 -0.7404 -0.8532, 7.2441 -0.7431 -0.8495, 7.2441 -0.725 -0.8239, 7.2441 -0.7453 -0.8455, 7.2441 -0.747 -0.8413, 7.2441 -0.5628 -0.757, 7.2441 -0.5824 -0.7693, 7.2441 -0.5665 -0.7528, 7.2441 -0.718 -0.7455, 7.2441 -0.7225 -0.7441, 7.2441 -0.7231 -0.7209, 7.2441 -0.727 -0.7432, 7.2441 -0.7275 -0.7204, 7.2441 -0.7315 -0.743, 7.2441 -0.7483 -0.7469, 7.2441 -0.7551 -0.7248, 7.2441 -0.744 -0.7451, 7.2441 -0.7495 -0.7228, 7.2441 -0.7394 -0.7438, 7.2441 -0.7437 -0.7213, 7.2441 -0.7347 -0.7431, 7.2441 -0.7378 -0.7205, 7.2441 -0.7318 -0.7202, 7.2441 -0.7862 -0.8104, 7.2441 -0.7642 -0.8001, 7.2441 -0.7831 -0.8156, 7.2441 -0.7615 -0.804, 7.2441 -0.7795 -0.8205, 7.2441 -0.6079 -0.7562, 7.2441 -0.6092 -0.7507, 7.2441 -0.5888 -0.7392, 7.2441 -0.6111 -0.7454, 7.2441 -0.5912 -0.7333, 7.2441 -0.6135 -0.7403, 7.2441 -0.6992 -0.6996, 7.2441 -0.6875 -0.7194, 7.2441 -0.7048 -0.7031, 7.2441 -0.6922 -0.7225, 7.2441 -0.7064 -0.7042, 7.2441 -0.7111 -0.7079, 7.2441 -0.6961 -0.7256, 7.2441 -0.7154 -0.7119, 7.2441 -0.7001 -0.7295, 7.2441 -0.7197 -0.7167, 7.2441 -0.7036 -0.7338, 7.2441 -0.7067 -0.7385, 7.2441 -0.7093 -0.7434, 7.2441 -0.624 -0.8188, 7.2441 -0.6214 -0.8185, 7.2441 -0.6332 -0.8298, 7.2441 -0.6211 -0.8185, 7.2441 -0.6199 -0.8188, 7.2441 -0.5815 -0.8083, 7.2441 -0.5658 -0.8255, 7.2441 -0.5844 -0.8113, 7.2441 -0.5697 -0.8292, 7.2441 -0.5877 -0.8139, 7.2441 -0.5741 -0.8327, 7.2441 -0.5913 -0.816, 7.2441 -0.5791 -0.805, 7.2441 -0.5617 -0.8207, 7.2441 -0.5652 -0.8249, 7.2441 -0.6739 -0.837, 7.2441 -0.6751 -0.8416, 7.2441 -0.677 -0.846, 7.2441 -0.7373 -0.8566, 7.2441 -0.7259 -0.8267, 7.2441 -0.7262 -0.8295, 7.2441 -0.6966 -0.8285, 7.2441 -0.6971 -0.8256, 7.2441 -0.7286 -0.7952, 7.2441 -0.7244 -0.7933, 7.2441 -0.7201 -0.7919, 7.2441 -0.6269 -0.8406, 7.2441 -0.6291 -0.8391, 7.2441 -0.6307 -0.8373, 7.2441 -0.6321 -0.8351, 7.2441 -0.6002 -0.7599, 7.2441 -0.6043 -0.7597, 7.2441 -0.6074 -0.7597, 7.2441 -0.7259 -0.8324, 7.2441 -0.7251 -0.8351, 7.2441 -0.7237 -0.8376, 7.2441 -0.7285 -0.8629, 7.2441 -0.7188 -0.8423, 7.2441 -0.7241 -0.8648, 7.2441 -0.7161 -0.8435, 7.2441 -0.7195 -0.8661, 7.2441 -0.7132 -0.8442, 7.2441 -0.7148 -0.8669, 7.2441 -0.701 -0.8401, 7.2441 -0.7003 -0.8393, 7.2441 -0.6986 -0.837, 7.2441 -0.6933 -0.7951, 7.2441 -0.6893 -0.7975, 7.2441 -0.7016 -0.8184, 7.2441 -0.6857 -0.8004, 7.2441 -0.6996 -0.8205, 7.2441 -0.6981 -0.8229, 7.2441 -0.7434 -0.8091, 7.2441 -0.7407 -0.8052, 7.2441 -0.7375 -0.8017, 7.2441 -0.7156 -0.7911, 7.2441 -0.711 -0.7908, 7.2441 -0.7068 -0.791, 7.2441 -0.7774 -0.823, 7.2441 -0.7584 -0.8076, 7.2441 -0.773 -0.8274, 7.2441 -0.7548 -0.8108, 7.2441 -0.7684 -0.8312, 7.2441 -0.7634 -0.8345, 7.2441 -0.7509 -0.8136, 7.2441 -0.7582 -0.8372, 7.2441 -0.7527 -0.8395, 7.2441 -0.7236 -0.8212, 7.2441 -0.687 -0.694, 7.2441 -0.6806 -0.692, 7.2441 -0.6719 -0.7134, 7.2441 -0.6742 -0.6906, 7.2441 -0.6662 -0.7125, 7.2441 -0.6676 -0.6897, 7.2441 -0.6605 -0.7122, 7.2441 -0.7137 -0.7474, 7.2441 -0.7114 -0.7487, 7.2441 -0.5788 -0.8356, 7.2441 -0.5838 -0.8381, 7.2441 -0.5951 -0.8175, 7.2441 -0.589 -0.8399, 7.2441 -0.5992 -0.8185, 7.2441 -0.5943 -0.8413, 7.2441 -0.602 -0.8189, 7.2441 -0.5998 -0.842, 7.2441 -0.6191 -0.8189, 7.2441 -0.6222 -0.842, 7.2441 -0.6244 -0.8416, 7.2441 -0.6329 -0.8328, 7.2441 -0.6332 -0.8302, 7.2441 -0.711 -0.8671, 7.2441 -0.7114 -0.8443, 7.2441 -0.7063 -0.8668, 7.2441 -0.7084 -0.844, 7.2441 -0.7018 -0.8659, 7.2441 -0.6974 -0.8645, 7.2441 -0.7057 -0.8432, 7.2441 -0.7032 -0.8419, 7.2441 -0.7456 -0.8133, 7.2441 -0.7596 -0.7555, 7.2441 -0.7749 -0.7378, 7.2441 -0.7562 -0.7522, 7.2441 -0.7706 -0.734, 7.2441 -0.7524 -0.7493, 7.2441 -0.7657 -0.7304, 7.2441 -0.7605 -0.7273, 7.2441 -0.6319 -0.8249, 7.2441 -0.6304 -0.8227, 7.2441 -0.6328 -0.8274, 7.2441 -0.6285 -0.8209, 7.2441 -0.6263 -0.8196, 7.2441 -0.575 -0.7934, 7.2441 -0.5525 -0.8007, 7.2441 -0.5758 -0.7975, 7.2441 -0.554 -0.8061, 7.2441 -0.5772 -0.8013, 7.2441 -0.5561 -0.8112, 7.2441 -0.5587 -0.8161, 7.2441 -0.5707 -0.749, 7.2441 -0.5855 -0.7665, 7.2441 -0.5753 -0.7456, 7.2441 -0.5888 -0.7641, 7.2441 -0.5801 -0.7427, 7.2441 -0.5924 -0.7622, 7.2441 -0.5853 -0.7404, 7.2441 -0.5962 -0.7608, 7.2441 -0.7219 -0.8399, 7.2441 -0.7212 -0.8405, 7.2441 -0.7337 -0.8596, 7.2441 -0.7325 -0.8605, 7.2441 -0.7907 -0.7993, 7.2441 -0.7922 -0.7935, 7.2441 -0.769 -0.7867, 7.2441 -0.793 -0.7876, 7.2441 -0.7694 -0.7823, 7.2441 -0.7933 -0.7817, 7.2441 -0.7694 -0.7809, 7.2441 -0.7691 -0.7762, 7.2441 -0.6609 -0.6894, 7.2441 -0.6591 -0.6895, 7.2441 -0.655 -0.7125, 7.2441 -0.6524 -0.6899, 7.2441 -0.6496 -0.7134, 7.2441 -0.6458 -0.691, 7.2441 -0.6443 -0.7148, 7.2441 -0.6392 -0.6926, 7.2441 -0.6392 -0.7167, 7.2441 -0.5525 -0.7782, 7.2441 -0.5516 -0.7835, 7.2441 -0.5747 -0.7881, 7.2441 -0.5512 -0.7889, 7.2441 -0.5747 -0.7893, 7.2441 -0.5512 -0.7899, 7.2441 -0.5516 -0.7952, 7.2441 -0.7625 -0.7592, 7.2441 -0.7795 -0.7428, 7.2441 -0.7755 -0.7384, 7.2441 -0.793 -0.7754, 7.2441 -0.7921 -0.7694, 7.2441 -0.7683 -0.7717, 7.2441 -0.7906 -0.7636, 7.2441 -0.7669 -0.7673, 7.2441 -0.7886 -0.758, 7.2441 -0.765 -0.7631, 7.2441 -0.786 -0.7526, 7.2441 -0.783 -0.7475, 7.2441 -0.6328 -0.6948, 7.2441 -0.6265 -0.6976, 7.2441 -0.6342 -0.7192, 7.2441 -0.6205 -0.701, 7.2441 -0.6296 -0.7222, 7.2441 -0.6147 -0.7048, 7.2441 -0.6252 -0.7257, 7.2441 -0.6093 -0.7092, 7.2441 -0.6238 -0.727, 7.2441 -0.6064 -0.7119, 7.2441 -0.6199 -0.731, 7.2441 -0.6018 -0.7169, 7.2441 -0.6164 -0.7355, 7.2441 -0.5977 -0.7222, 7.2441 -0.5942 -0.7277, 7.2441 -0.5942 -0.7277
            ]
        }
        coordIndex [
            0,1,2,-1,2,1,3,-1,4,0,5,-1,5,0,2,-1,6,4,7,-1,7,4,5,-1,8,6,9,-1,9,6,7,-1,10,8,11,-1,11,8,9,-1,1,10,3,-1,3,10,11,-1,6,8,4,-1,4,8,10,-1,4,10,0,-1,0,10,1,-1,2,3,5,-1,5,3,11,-1,5,11,7,-1,7,11,9,-1,12,13,14,-1,12,14,15,-1,15,14,16,-1,15,16,17,-1,17,16,18,-1,17,18,19,-1,19,18,20,-1,19,20,21,-1,21,20,22,-1,21,22,23,-1,23,22,24,-1,23,24,25,-1,25,24,26,-1,25,26,27,-1,27,26,28,-1,27,28,29,-1,30,29,31,-1,31,29,28,-1,30,31,32,-1,30,32,33,-1,33,32,34,-1,33,34,35,-1,35,34,36,-1,35,36,37,-1,37,36,38,-1,37,38,39,-1,39,38,40,-1,39,40,41,-1,41,40,42,-1,41,42,43,-1,43,42,44,-1,43,44,45,-1,45,44,46,-1,45,46,47,-1,47,46,48,-1,47,48,49,-1,49,48,50,-1,49,50,51,-1,51,50,52,-1,51,52,53,-1,53,52,54,-1,53,54,55,-1,55,54,56,-1,55,56,57,-1,57,56,58,-1,57,58,59,-1,59,58,60,-1,59,60,61,-1,61,60,62,-1,61,62,63,-1,63,62,64,-1,63,64,65,-1,65,64,66,-1,65,66,67,-1,67,66,68,-1,67,68,69,-1,69,68,70,-1,69,70,71,-1,71,70,72,-1,71,72,73,-1,73,72,74,-1,73,74,75,-1,75,74,76,-1,75,76,77,-1,77,76,78,-1,77,78,79,-1,79,78,80,-1,79,80,81,-1,81,80,82,-1,81,82,83,-1,83,82,84,-1,83,84,85,-1,85,84,86,-1,85,86,87,-1,87,86,88,-1,87,88,89,-1,89,88,90,-1,89,90,91,-1,91,90,92,-1,91,92,93,-1,93,92,94,-1,93,94,95,-1,95,94,96,-1,95,96,97,-1,97,96,98,-1,97,98,99,-1,99,98,100,-1,99,100,101,-1,101,100,102,-1,101,102,103,-1,103,102,104,-1,103,104,105,-1,105,104,106,-1,105,106,107,-1,107,106,108,-1,107,108,109,-1,109,108,110,-1,109,110,111,-1,111,110,112,-1,111,112,113,-1,113,112,114,-1,113,114,115,-1,115,114,116,-1,115,116,117,-1,117,116,118,-1,117,118,119,-1,119,118,120,-1,119,120,121,-1,121,120,122,-1,121,122,123,-1,123,122,124,-1,123,124,125,-1,125,124,126,-1,125,126,127,-1,127,126,128,-1,127,128,129,-1,129,128,130,-1,129,130,131,-1,131,130,132,-1,131,132,133,-1,133,132,134,-1,133,134,135,-1,135,134,136,-1,135,136,137,-1,137,136,138,-1,137,138,139,-1,139,138,140,-1,139,140,141,-1,142,141,143,-1,143,141,140,-1,142,143,144,-1,142,144,145,-1,145,144,146,-1,145,146,147,-1,147,146,148,-1,147,148,149,-1,149,148,150,-1,149,150,151,-1,151,150,152,-1,151,152,153,-1,153,152,154,-1,153,154,155,-1,155,154,156,-1,155,156,157,-1,157,156,158,-1,157,158,159,-1,159,158,160,-1,159,160,161,-1,161,160,162,-1,161,162,163,-1,163,162,164,-1,163,164,165,-1,165,164,166,-1,165,166,167,-1,167,166,168,-1,167,168,169,-1,169,168,170,-1,169,170,171,-1,171,170,172,-1,171,172,173,-1,173,172,174,-1,173,174,175,-1,175,174,176,-1,175,176,177,-1,177,176,178,-1,177,178,179,-1,179,178,180,-1,179,180,181,-1,181,180,182,-1,181,182,183,-1,183,182,184,-1,183,184,185,-1,185,184,186,-1,185,186,187,-1,187,186,188,-1,187,188,189,-1,189,188,190,-1,189,190,191,-1,191,190,192,-1,191,192,193,-1,193,192,194,-1,193,194,195,-1,195,194,196,-1,195,196,197,-1,197,196,198,-1,197,198,199,-1,199,198,200,-1,199,200,201,-1,201,200,202,-1,201,202,203,-1,203,202,204,-1,203,204,205,-1,205,204,206,-1,205,206,207,-1,207,206,208,-1,207,208,209,-1,209,208,210,-1,209,210,211,-1,211,210,212,-1,211,212,213,-1,213,212,214,-1,213,214,215,-1,215,214,216,-1,215,216,217,-1,217,216,218,-1,217,218,219,-1,219,218,220,-1,219,220,221,-1,221,220,222,-1,221,222,223,-1,223,222,224,-1,223,224,225,-1,225,224,226,-1,225,226,227,-1,227,226,228,-1,227,228,229,-1,229,228,230,-1,229,230,231,-1,231,230,232,-1,231,232,233,-1,233,232,234,-1,233,234,235,-1,235,234,236,-1,235,236,237,-1,237,236,238,-1,237,238,239,-1,239,238,240,-1,239,240,241,-1,241,240,242,-1,241,242,243,-1,243,242,244,-1,243,244,245,-1,245,244,246,-1,245,246,247,-1,247,246,248,-1,247,248,249,-1,249,248,13,-1,249,13,12,-1,139,141,142,-1,63,233,61,-1,61,233,235,-1,61,235,59,-1,59,235,237,-1,59,237,57,-1,57,237,239,-1,57,239,55,-1,55,239,241,-1,55,241,53,-1,73,221,71,-1,71,221,223,-1,71,223,69,-1,69,223,225,-1,69,225,67,-1,67,225,227,-1,67,227,65,-1,65,227,229,-1,65,229,63,-1,63,229,231,-1,63,231,233,-1,37,25,35,-1,35,25,27,-1,35,27,33,-1,33,27,29,-1,33,29,30,-1,115,171,113,-1,113,171,173,-1,113,173,111,-1,111,173,175,-1,111,175,109,-1,109,175,177,-1,109,177,107,-1,177,179,107,-1,107,179,181,-1,107,181,105,-1,105,181,183,-1,105,183,103,-1,103,183,185,-1,103,185,101,-1,101,185,187,-1,101,187,99,-1,99,187,189,-1,99,189,97,-1,241,243,53,-1,53,243,245,-1,53,245,51,-1,51,245,247,-1,51,247,49,-1,49,247,249,-1,49,249,47,-1,47,249,12,-1,47,12,45,-1,45,12,15,-1,45,15,43,-1,43,15,17,-1,43,17,41,-1,41,17,19,-1,41,19,39,-1,39,19,21,-1,39,21,37,-1,37,21,23,-1,37,23,25,-1,139,142,137,-1,137,142,145,-1,137,145,135,-1,135,145,147,-1,135,147,133,-1,133,147,149,-1,133,149,131,-1,131,149,151,-1,131,151,129,-1,151,153,129,-1,129,153,155,-1,129,155,127,-1,127,155,157,-1,127,157,125,-1,125,157,159,-1,125,159,123,-1,123,159,161,-1,123,161,121,-1,121,161,163,-1,121,163,119,-1,119,163,165,-1,119,165,117,-1,117,165,167,-1,117,167,115,-1,115,167,169,-1,115,169,171,-1,189,191,97,-1,97,191,193,-1,97,193,95,-1,95,193,195,-1,95,195,93,-1,93,195,197,-1,93,197,91,-1,91,197,199,-1,91,199,89,-1,199,201,89,-1,89,201,203,-1,89,203,87,-1,87,203,205,-1,87,205,85,-1,85,205,207,-1,85,207,83,-1,83,207,209,-1,83,209,81,-1,81,209,211,-1,81,211,79,-1,79,211,213,-1,79,213,77,-1,77,213,215,-1,77,215,75,-1,75,215,217,-1,75,217,73,-1,73,217,219,-1,73,219,221,-1,32,31,28,-1,50,244,52,-1,52,244,242,-1,52,242,54,-1,54,242,240,-1,54,240,56,-1,56,240,238,-1,56,238,58,-1,58,238,236,-1,58,236,60,-1,32,28,34,-1,236,234,60,-1,60,234,232,-1,60,232,62,-1,62,232,230,-1,62,230,64,-1,64,230,228,-1,64,228,66,-1,66,228,226,-1,66,226,68,-1,68,226,224,-1,68,224,70,-1,104,180,106,-1,106,180,178,-1,106,178,108,-1,108,178,176,-1,108,176,110,-1,110,176,174,-1,110,174,112,-1,28,26,34,-1,34,26,24,-1,34,24,36,-1,36,24,22,-1,36,22,38,-1,38,22,20,-1,38,20,40,-1,40,20,18,-1,40,18,42,-1,42,18,16,-1,42,16,44,-1,44,16,14,-1,44,14,46,-1,46,14,13,-1,46,13,48,-1,48,13,248,-1,48,248,50,-1,50,248,246,-1,50,246,244,-1,174,172,112,-1,112,172,170,-1,112,170,114,-1,114,170,168,-1,114,168,116,-1,116,168,166,-1,116,166,118,-1,118,166,164,-1,118,164,120,-1,120,164,162,-1,120,162,122,-1,122,162,160,-1,122,160,124,-1,124,160,158,-1,124,158,126,-1,94,192,96,-1,96,192,190,-1,96,190,98,-1,98,190,188,-1,98,188,100,-1,100,188,186,-1,100,186,102,-1,102,186,184,-1,102,184,104,-1,104,184,182,-1,104,182,180,-1,158,156,126,-1,126,156,154,-1,126,154,128,-1,128,154,152,-1,128,152,130,-1,130,152,150,-1,130,150,132,-1,132,150,148,-1,132,148,134,-1,134,148,146,-1,134,146,136,-1,136,146,144,-1,136,144,138,-1,138,144,143,-1,138,143,140,-1,224,222,70,-1,70,222,220,-1,70,220,72,-1,72,220,218,-1,72,218,74,-1,74,218,216,-1,74,216,76,-1,76,216,214,-1,76,214,78,-1,78,214,212,-1,78,212,80,-1,80,212,210,-1,80,210,82,-1,82,210,208,-1,82,208,84,-1,84,208,206,-1,84,206,86,-1,206,204,86,-1,86,204,202,-1,86,202,88,-1,88,202,200,-1,88,200,90,-1,90,200,198,-1,90,198,92,-1,92,198,196,-1,92,196,94,-1,94,196,194,-1,94,194,192,-1,250,251,252,-1,252,251,253,-1,254,250,255,-1,255,250,252,-1,256,254,257,-1,257,254,255,-1,258,256,259,-1,259,256,257,-1,260,258,261,-1,261,258,259,-1,262,260,263,-1,263,260,261,-1,264,262,265,-1,265,262,263,-1,266,264,267,-1,267,264,265,-1,268,266,269,-1,269,266,267,-1,270,268,271,-1,271,268,269,-1,272,270,273,-1,273,270,271,-1,251,272,253,-1,253,272,273,-1,272,251,250,-1,250,254,272,-1,272,254,256,-1,272,256,270,-1,266,268,264,-1,264,268,270,-1,264,270,262,-1,262,270,256,-1,262,256,260,-1,260,256,258,-1,261,259,263,-1,263,259,257,-1,269,267,271,-1,271,267,265,-1,252,253,255,-1,255,253,273,-1,255,273,257,-1,257,273,271,-1,257,271,263,-1,263,271,265,-1,274,275,276,-1,277,278,279,-1,279,278,280,-1,279,280,281,-1,281,280,282,-1,281,282,283,-1,283,282,284,-1,283,284,285,-1,285,284,286,-1,285,286,287,-1,288,289,290,-1,290,289,291,-1,290,291,292,-1,292,291,293,-1,292,293,294,-1,294,293,295,-1,294,295,296,-1,296,295,297,-1,296,297,277,-1,277,297,298,-1,277,298,278,-1,274,276,299,-1,299,276,300,-1,299,300,301,-1,301,300,302,-1,301,302,303,-1,303,302,304,-1,303,304,305,-1,305,304,306,-1,305,306,307,-1,307,306,308,-1,307,308,309,-1,309,308,310,-1,309,310,311,-1,311,310,312,-1,311,312,313,-1,313,312,314,-1,313,314,315,-1,315,314,316,-1,315,316,317,-1,317,316,318,-1,317,318,319,-1,319,318,320,-1,319,320,321,-1,321,320,322,-1,321,322,323,-1,322,324,323,-1,323,324,325,-1,323,325,326,-1,326,325,327,-1,326,327,328,-1,328,327,329,-1,329,327,330,-1,329,330,331,-1,331,330,332,-1,331,332,333,-1,333,332,334,-1,333,334,335,-1,335,334,336,-1,335,336,337,-1,337,336,338,-1,337,338,339,-1,339,338,340,-1,339,340,341,-1,341,340,342,-1,341,342,288,-1,288,342,343,-1,288,343,289,-1,275,274,344,-1,344,274,345,-1,344,345,346,-1,346,345,347,-1,346,347,348,-1,348,347,349,-1,348,349,350,-1,350,349,351,-1,350,351,352,-1,286,353,287,-1,287,353,354,-1,287,354,355,-1,355,354,356,-1,355,356,357,-1,357,356,358,-1,357,358,359,-1,359,358,360,-1,359,360,361,-1,352,351,362,-1,362,351,363,-1,362,363,364,-1,363,365,364,-1,364,365,366,-1,364,366,367,-1,367,366,361,-1,367,361,368,-1,368,361,360,-1,369,370,371,-1,371,370,372,-1,371,372,373,-1,373,372,374,-1,373,374,375,-1,375,374,376,-1,375,376,377,-1,377,376,378,-1,377,378,379,-1,380,381,382,-1,382,381,383,-1,382,383,384,-1,384,383,385,-1,384,385,386,-1,386,385,387,-1,386,387,388,-1,378,389,379,-1,379,389,390,-1,379,390,391,-1,391,390,392,-1,391,392,393,-1,393,392,394,-1,393,394,395,-1,395,394,396,-1,395,396,397,-1,397,396,398,-1,397,398,399,-1,399,398,400,-1,399,400,401,-1,401,400,402,-1,401,402,403,-1,403,402,404,-1,403,404,405,-1,405,404,406,-1,405,406,407,-1,407,406,408,-1,407,408,409,-1,409,408,410,-1,409,410,411,-1,411,410,412,-1,411,412,413,-1,413,412,414,-1,413,414,415,-1,415,414,416,-1,415,416,417,-1,417,416,418,-1,417,418,419,-1,419,418,420,-1,419,420,421,-1,421,420,422,-1,421,422,423,-1,423,422,424,-1,423,424,425,-1,425,424,426,-1,425,426,427,-1,427,426,428,-1,427,428,429,-1,429,428,430,-1,429,430,431,-1,431,430,432,-1,431,432,433,-1,433,432,434,-1,433,434,380,-1,380,434,435,-1,380,435,381,-1,436,437,438,-1,438,437,439,-1,438,439,440,-1,440,439,441,-1,440,441,442,-1,442,441,443,-1,442,443,444,-1,444,443,445,-1,444,445,369,-1,369,445,446,-1,369,446,370,-1,387,447,388,-1,388,447,448,-1,388,448,449,-1,449,448,450,-1,449,450,451,-1,451,450,452,-1,451,452,453,-1,453,452,454,-1,453,454,455,-1,455,454,456,-1,455,456,457,-1,457,456,458,-1,457,458,459,-1,459,458,460,-1,459,460,461,-1,461,460,462,-1,461,462,436,-1,436,462,463,-1,436,463,437,-1,334,332,402,-1,402,332,404,-1,334,402,400,-1,334,400,336,-1,336,400,398,-1,336,398,338,-1,338,398,396,-1,338,396,340,-1,340,396,394,-1,340,394,342,-1,342,394,392,-1,342,392,343,-1,343,392,390,-1,343,390,289,-1,289,390,389,-1,289,389,291,-1,291,389,378,-1,291,378,293,-1,293,378,376,-1,293,376,295,-1,295,376,374,-1,295,374,297,-1,297,374,372,-1,297,372,298,-1,298,372,370,-1,298,370,278,-1,278,370,446,-1,278,446,280,-1,280,446,445,-1,280,445,282,-1,282,445,443,-1,282,443,284,-1,284,443,441,-1,284,441,286,-1,286,441,439,-1,286,439,353,-1,353,439,437,-1,353,437,354,-1,354,437,463,-1,354,463,356,-1,356,463,462,-1,356,462,358,-1,358,462,460,-1,358,460,360,-1,360,460,458,-1,360,458,368,-1,368,458,456,-1,368,456,367,-1,367,456,454,-1,367,454,364,-1,364,454,452,-1,364,452,362,-1,362,452,450,-1,362,450,352,-1,352,450,448,-1,352,448,350,-1,350,448,447,-1,350,447,348,-1,348,447,387,-1,348,387,346,-1,346,387,385,-1,346,385,344,-1,344,385,383,-1,344,383,275,-1,275,383,381,-1,275,381,276,-1,276,381,435,-1,276,435,300,-1,300,435,434,-1,300,434,302,-1,302,434,432,-1,302,432,304,-1,304,432,430,-1,304,430,306,-1,306,430,428,-1,306,428,308,-1,308,428,426,-1,308,426,310,-1,310,426,424,-1,310,424,312,-1,312,424,422,-1,312,422,314,-1,314,422,420,-1,314,420,316,-1,316,420,418,-1,316,418,318,-1,318,418,416,-1,318,416,320,-1,320,416,414,-1,320,414,322,-1,322,414,412,-1,322,412,324,-1,324,412,410,-1,324,410,325,-1,325,410,408,-1,325,408,327,-1,330,327,406,-1,406,327,408,-1,332,330,404,-1,404,330,406,-1,328,329,407,-1,407,329,405,-1,329,331,405,-1,405,331,403,-1,331,333,403,-1,403,333,401,-1,277,371,373,-1,277,373,296,-1,296,373,375,-1,296,375,294,-1,294,375,377,-1,294,377,292,-1,292,377,379,-1,292,379,290,-1,290,379,391,-1,290,391,288,-1,288,391,393,-1,288,393,341,-1,341,393,395,-1,341,395,339,-1,339,395,397,-1,339,397,337,-1,337,397,399,-1,337,399,335,-1,335,399,401,-1,335,401,333,-1,365,453,455,-1,365,455,366,-1,366,455,457,-1,366,457,361,-1,361,457,459,-1,361,459,359,-1,359,459,461,-1,359,461,357,-1,357,461,436,-1,357,436,355,-1,355,436,438,-1,355,438,287,-1,287,438,440,-1,287,440,285,-1,285,440,442,-1,285,442,283,-1,283,442,444,-1,283,444,281,-1,281,444,369,-1,281,369,279,-1,279,369,371,-1,279,371,277,-1,307,427,429,-1,307,429,305,-1,305,429,431,-1,305,431,303,-1,303,431,433,-1,303,433,301,-1,301,433,380,-1,301,380,299,-1,299,380,382,-1,299,382,274,-1,274,382,384,-1,274,384,345,-1,345,384,386,-1,345,386,347,-1,347,386,388,-1,347,388,349,-1,349,388,449,-1,349,449,351,-1,351,449,451,-1,351,451,363,-1,363,451,453,-1,363,453,365,-1,328,407,409,-1,328,409,326,-1,326,409,411,-1,326,411,323,-1,323,411,413,-1,323,413,321,-1,321,413,415,-1,321,415,319,-1,319,415,417,-1,319,417,317,-1,317,417,419,-1,317,419,315,-1,315,419,421,-1,315,421,313,-1,313,421,423,-1,313,423,311,-1,311,423,425,-1,311,425,309,-1,309,425,427,-1,309,427,307,-1,464,465,466,-1,466,465,467,-1,468,465,469,-1,469,465,464,-1,469,464,470,-1,470,464,471,-1,470,471,472,-1,473,474,475,-1,475,476,473,-1,473,476,466,-1,473,466,477,-1,477,466,467,-1,477,467,478,-1,472,479,470,-1,470,479,480,-1,470,480,473,-1,473,480,481,-1,473,481,474,-1,482,483,484,-1,484,483,485,-1,486,487,488,-1,487,489,488,-1,488,489,490,-1,488,490,491,-1,492,493,494,-1,495,491,496,-1,496,491,490,-1,496,490,494,-1,494,490,482,-1,494,482,492,-1,492,482,484,-1,485,497,484,-1,484,497,498,-1,484,498,488,-1,488,498,499,-1,488,499,486,-1,473,477,484,-1,484,477,492,-1,470,473,488,-1,488,473,484,-1,469,470,491,-1,491,470,488,-1,468,469,495,-1,495,469,491,-1,465,468,496,-1,496,468,495,-1,467,465,494,-1,494,465,496,-1,478,467,493,-1,493,467,494,-1,477,478,492,-1,492,478,493,-1,464,466,490,-1,490,466,482,-1,466,476,482,-1,482,476,483,-1,481,498,497,-1,481,497,474,-1,474,497,485,-1,474,485,475,-1,475,485,483,-1,475,483,476,-1,481,480,498,-1,498,480,499,-1,471,489,487,-1,471,487,472,-1,472,487,486,-1,472,486,479,-1,479,486,499,-1,479,499,480,-1,471,464,489,-1,489,464,490,-1,500,501,502,-1,502,501,503,-1,504,500,505,-1,505,500,502,-1,506,504,507,-1,507,504,505,-1,508,506,509,-1,509,506,507,-1,510,508,511,-1,511,508,509,-1,512,510,513,-1,513,510,511,-1,514,512,515,-1,515,512,513,-1,516,514,517,-1,517,514,515,-1,518,516,519,-1,519,516,517,-1,520,518,521,-1,521,518,519,-1,522,520,523,-1,523,520,521,-1,501,522,503,-1,503,522,523,-1,522,501,500,-1,500,504,522,-1,522,504,506,-1,522,506,520,-1,516,518,514,-1,514,518,520,-1,514,520,512,-1,512,520,506,-1,512,506,510,-1,510,506,508,-1,502,503,505,-1,505,503,523,-1,505,523,507,-1,519,517,521,-1,521,517,515,-1,521,515,513,-1,511,509,513,-1,513,509,507,-1,513,507,521,-1,521,507,523,-1,524,525,526,-1,526,525,527,-1,528,529,530,-1,531,532,533,-1,533,532,534,-1,533,534,535,-1,536,537,538,-1,538,537,526,-1,539,540,541,-1,541,540,542,-1,541,542,543,-1,544,545,531,-1,531,545,546,-1,531,546,532,-1,530,529,547,-1,547,529,548,-1,547,548,549,-1,550,551,552,-1,553,554,555,-1,555,554,556,-1,555,556,539,-1,539,556,557,-1,539,557,540,-1,558,559,560,-1,560,559,561,-1,560,561,553,-1,553,561,562,-1,553,562,554,-1,530,563,528,-1,528,563,564,-1,528,564,565,-1,566,567,527,-1,567,568,527,-1,527,568,569,-1,527,569,526,-1,526,569,570,-1,526,570,538,-1,534,571,535,-1,535,571,572,-1,535,572,573,-1,573,572,574,-1,573,574,575,-1,549,548,576,-1,576,548,577,-1,576,577,578,-1,578,577,579,-1,578,579,580,-1,580,579,581,-1,580,581,582,-1,582,581,583,-1,582,583,584,-1,584,583,585,-1,584,585,586,-1,587,588,589,-1,589,588,590,-1,589,590,591,-1,591,590,592,-1,591,592,593,-1,574,594,575,-1,575,594,595,-1,575,595,596,-1,596,595,597,-1,596,597,587,-1,587,597,598,-1,587,598,588,-1,599,600,601,-1,601,600,602,-1,601,602,603,-1,603,602,604,-1,603,604,558,-1,558,604,605,-1,558,605,559,-1,606,607,608,-1,608,607,586,-1,608,586,609,-1,609,586,585,-1,552,610,550,-1,550,610,611,-1,550,611,612,-1,612,611,613,-1,612,613,614,-1,614,613,615,-1,614,615,616,-1,616,615,617,-1,616,617,618,-1,618,617,619,-1,618,619,620,-1,620,619,537,-1,620,537,621,-1,621,537,536,-1,599,607,600,-1,600,607,606,-1,600,606,527,-1,527,606,622,-1,527,622,566,-1,623,624,625,-1,625,624,626,-1,625,626,544,-1,544,626,627,-1,544,627,545,-1,592,628,593,-1,593,628,629,-1,593,629,630,-1,630,629,631,-1,630,631,632,-1,632,631,633,-1,632,633,634,-1,634,633,635,-1,634,635,636,-1,636,635,637,-1,636,637,551,-1,551,637,638,-1,551,638,552,-1,564,639,565,-1,565,639,640,-1,565,640,641,-1,641,640,642,-1,641,642,643,-1,643,642,644,-1,643,644,645,-1,645,644,646,-1,645,646,623,-1,623,646,647,-1,623,647,624,-1,648,649,650,-1,650,649,651,-1,650,651,652,-1,652,651,653,-1,652,653,654,-1,654,653,655,-1,654,655,656,-1,656,655,657,-1,542,658,543,-1,543,658,659,-1,543,659,660,-1,660,659,661,-1,660,661,662,-1,662,661,663,-1,662,663,664,-1,664,663,665,-1,664,665,666,-1,666,665,667,-1,666,667,668,-1,668,667,669,-1,668,669,670,-1,670,669,671,-1,670,671,672,-1,672,671,673,-1,672,673,674,-1,674,673,675,-1,674,675,676,-1,676,675,677,-1,676,677,648,-1,648,677,678,-1,648,678,649,-1,679,680,681,-1,682,683,684,-1,684,683,685,-1,684,685,686,-1,686,687,688,-1,689,690,691,-1,691,690,692,-1,691,692,693,-1,694,695,696,-1,697,698,699,-1,699,698,700,-1,699,700,701,-1,692,702,693,-1,693,702,703,-1,693,703,704,-1,704,703,705,-1,704,705,697,-1,697,705,706,-1,697,706,698,-1,696,707,694,-1,694,707,708,-1,694,708,709,-1,709,708,710,-1,709,710,711,-1,712,713,714,-1,714,713,684,-1,714,684,715,-1,715,684,716,-1,717,718,719,-1,719,718,720,-1,719,720,695,-1,695,720,721,-1,695,721,696,-1,686,722,723,-1,724,725,726,-1,726,725,727,-1,726,727,728,-1,729,730,731,-1,731,730,732,-1,731,732,717,-1,717,732,733,-1,717,733,718,-1,734,735,736,-1,736,735,737,-1,736,737,729,-1,729,737,738,-1,729,738,730,-1,688,739,686,-1,686,739,740,-1,686,740,741,-1,723,742,686,-1,686,742,743,-1,686,743,684,-1,684,743,744,-1,684,744,716,-1,700,745,701,-1,701,745,746,-1,701,746,747,-1,747,746,748,-1,747,748,749,-1,749,748,750,-1,749,750,751,-1,751,750,752,-1,751,752,753,-1,753,752,713,-1,753,713,754,-1,754,713,712,-1,754,712,755,-1,741,756,686,-1,686,756,757,-1,686,757,722,-1,727,758,728,-1,728,758,759,-1,728,759,760,-1,760,759,761,-1,760,761,762,-1,762,761,763,-1,762,763,764,-1,764,763,765,-1,764,765,766,-1,766,765,767,-1,766,767,768,-1,768,767,769,-1,768,769,770,-1,770,769,771,-1,770,771,772,-1,772,771,755,-1,772,755,773,-1,773,755,712,-1,774,775,724,-1,724,775,776,-1,724,776,725,-1,777,778,779,-1,710,780,711,-1,711,780,781,-1,711,781,782,-1,782,781,783,-1,782,783,784,-1,784,783,785,-1,784,785,786,-1,786,785,787,-1,786,787,774,-1,774,787,788,-1,774,788,775,-1,777,779,789,-1,789,779,790,-1,789,790,791,-1,791,790,792,-1,791,792,793,-1,793,792,794,-1,793,794,795,-1,795,794,796,-1,795,796,797,-1,797,796,798,-1,797,798,799,-1,799,798,800,-1,799,800,801,-1,801,800,802,-1,801,802,803,-1,803,802,804,-1,803,804,805,-1,805,804,806,-1,805,806,689,-1,689,806,807,-1,689,807,690,-1,778,777,808,-1,808,777,809,-1,808,809,681,-1,681,809,810,-1,681,810,679,-1,811,812,813,-1,813,812,814,-1,813,814,815,-1,815,814,816,-1,815,816,817,-1,817,816,818,-1,817,818,819,-1,819,818,820,-1,819,820,734,-1,734,820,821,-1,734,821,735,-1,822,823,686,-1,686,823,824,-1,686,824,687,-1,825,826,823,-1,823,826,827,-1,823,827,811,-1,811,827,828,-1,811,828,812,-1,822,829,823,-1,823,829,830,-1,823,830,831,-1,831,832,823,-1,823,832,833,-1,823,833,825,-1,669,800,798,-1,669,798,671,-1,671,798,796,-1,671,796,673,-1,673,796,794,-1,673,794,675,-1,675,794,792,-1,675,792,677,-1,677,792,790,-1,677,790,678,-1,678,790,779,-1,678,779,649,-1,649,779,778,-1,649,778,651,-1,651,778,808,-1,651,808,653,-1,653,808,681,-1,653,681,655,-1,657,655,680,-1,680,655,681,-1,657,680,679,-1,657,679,656,-1,656,679,810,-1,656,810,654,-1,654,810,809,-1,654,809,652,-1,652,809,777,-1,652,777,650,-1,650,777,789,-1,650,789,648,-1,648,789,791,-1,648,791,676,-1,676,791,793,-1,676,793,674,-1,674,793,795,-1,674,795,672,-1,672,795,797,-1,672,797,670,-1,670,797,799,-1,670,799,668,-1,668,799,801,-1,668,801,666,-1,666,801,803,-1,666,803,664,-1,664,803,805,-1,664,805,662,-1,662,805,689,-1,662,689,660,-1,660,689,691,-1,660,691,543,-1,543,691,693,-1,543,693,541,-1,541,693,704,-1,541,704,539,-1,539,704,697,-1,539,697,555,-1,555,697,699,-1,555,699,553,-1,553,699,701,-1,553,701,560,-1,560,701,747,-1,560,747,558,-1,558,747,749,-1,558,749,603,-1,603,749,751,-1,603,751,601,-1,601,751,753,-1,601,753,599,-1,599,753,754,-1,599,754,607,-1,586,607,755,-1,755,607,754,-1,586,755,771,-1,586,771,584,-1,584,771,769,-1,584,769,582,-1,582,769,767,-1,582,767,580,-1,580,767,765,-1,580,765,578,-1,578,765,763,-1,578,763,576,-1,576,763,761,-1,576,761,549,-1,549,761,759,-1,549,759,547,-1,547,759,758,-1,547,758,530,-1,530,758,727,-1,530,727,563,-1,563,727,725,-1,563,725,564,-1,564,725,776,-1,564,776,639,-1,639,776,775,-1,639,775,640,-1,640,775,788,-1,640,788,642,-1,642,788,787,-1,642,787,644,-1,644,787,785,-1,644,785,646,-1,646,785,783,-1,646,783,647,-1,647,783,781,-1,647,781,624,-1,624,781,780,-1,624,780,626,-1,626,780,710,-1,626,710,627,-1,627,710,708,-1,627,708,545,-1,545,708,707,-1,545,707,546,-1,546,707,696,-1,546,696,532,-1,532,696,721,-1,532,721,534,-1,534,721,720,-1,534,720,571,-1,571,720,718,-1,571,718,572,-1,572,718,733,-1,572,733,574,-1,574,733,732,-1,574,732,594,-1,594,732,730,-1,594,730,595,-1,595,730,738,-1,595,738,597,-1,597,738,737,-1,597,737,598,-1,598,737,735,-1,598,735,588,-1,588,735,821,-1,588,821,590,-1,590,821,820,-1,590,820,592,-1,592,820,818,-1,592,818,628,-1,628,818,816,-1,628,816,629,-1,629,816,814,-1,629,814,631,-1,631,814,812,-1,631,812,633,-1,633,812,828,-1,633,828,635,-1,635,828,827,-1,635,827,637,-1,637,827,826,-1,637,826,638,-1,638,826,825,-1,638,825,552,-1,552,825,833,-1,552,833,610,-1,610,833,832,-1,610,832,611,-1,611,832,831,-1,611,831,613,-1,613,831,830,-1,613,830,615,-1,615,830,829,-1,615,829,617,-1,617,829,822,-1,617,822,619,-1,619,822,686,-1,619,686,537,-1,526,537,685,-1,685,537,686,-1,524,526,683,-1,683,526,685,-1,525,524,682,-1,682,524,683,-1,527,525,684,-1,684,525,682,-1,527,684,713,-1,527,713,600,-1,600,713,752,-1,600,752,602,-1,602,752,750,-1,602,750,604,-1,604,750,748,-1,604,748,605,-1,605,748,746,-1,605,746,559,-1,559,746,745,-1,559,745,561,-1,561,745,700,-1,561,700,562,-1,562,700,698,-1,562,698,554,-1,554,698,706,-1,554,706,556,-1,556,706,705,-1,556,705,557,-1,557,705,703,-1,557,703,540,-1,540,703,702,-1,540,702,542,-1,542,702,692,-1,542,692,658,-1,658,692,690,-1,658,690,659,-1,659,690,807,-1,659,807,661,-1,661,807,806,-1,661,806,663,-1,663,806,804,-1,663,804,665,-1,665,804,802,-1,665,802,667,-1,667,802,800,-1,667,800,669,-1,548,760,762,-1,548,762,577,-1,577,762,764,-1,577,764,579,-1,579,764,766,-1,579,766,581,-1,581,766,768,-1,581,768,583,-1,583,768,770,-1,583,770,585,-1,585,770,772,-1,585,772,609,-1,609,772,773,-1,609,773,608,-1,623,782,784,-1,623,784,645,-1,645,784,786,-1,645,786,643,-1,643,786,774,-1,643,774,641,-1,641,774,724,-1,641,724,565,-1,565,724,726,-1,565,726,528,-1,528,726,728,-1,528,728,529,-1,529,728,760,-1,529,760,548,-1,575,731,717,-1,575,717,573,-1,573,717,719,-1,573,719,535,-1,535,719,695,-1,535,695,533,-1,533,695,694,-1,533,694,531,-1,531,694,709,-1,531,709,544,-1,544,709,711,-1,544,711,625,-1,625,711,782,-1,625,782,623,-1,632,813,815,-1,632,815,630,-1,630,815,817,-1,630,817,593,-1,593,817,819,-1,593,819,591,-1,591,819,734,-1,591,734,589,-1,589,734,736,-1,589,736,587,-1,587,736,729,-1,587,729,596,-1,596,729,731,-1,596,731,575,-1,620,756,741,-1,620,741,618,-1,618,741,740,-1,618,740,616,-1,616,740,739,-1,616,739,614,-1,614,739,688,-1,614,688,612,-1,612,688,687,-1,612,687,550,-1,550,687,824,-1,550,824,551,-1,551,824,823,-1,551,823,636,-1,636,823,811,-1,636,811,634,-1,634,811,813,-1,634,813,632,-1,622,714,715,-1,622,715,566,-1,566,715,716,-1,566,716,567,-1,567,716,744,-1,567,744,568,-1,568,744,743,-1,568,743,569,-1,569,743,742,-1,569,742,570,-1,570,742,723,-1,570,723,538,-1,538,723,722,-1,538,722,536,-1,536,722,757,-1,536,757,621,-1,621,757,756,-1,621,756,620,-1,622,606,714,-1,714,606,712,-1,606,608,712,-1,712,608,773,-1,834,835,836,-1,834,836,837,-1,837,836,838,-1,837,838,839,-1,839,838,840,-1,839,840,841,-1,841,840,842,-1,841,842,843,-1,843,842,844,-1,843,844,845,-1,845,844,846,-1,845,846,847,-1,847,846,848,-1,847,848,849,-1,849,848,850,-1,849,850,851,-1,851,850,852,-1,851,852,853,-1,854,853,855,-1,855,853,852,-1,854,855,856,-1,854,856,857,-1,857,856,858,-1,857,858,859,-1,859,858,860,-1,859,860,861,-1,861,860,862,-1,861,862,863,-1,863,862,864,-1,863,864,865,-1,865,864,866,-1,865,866,867,-1,867,866,868,-1,867,868,869,-1,869,868,870,-1,869,870,871,-1,871,870,872,-1,871,872,873,-1,873,872,874,-1,873,874,875,-1,875,874,876,-1,875,876,877,-1,877,876,878,-1,877,878,879,-1,879,878,880,-1,879,880,881,-1,881,880,882,-1,881,882,883,-1,883,882,884,-1,883,884,885,-1,885,884,886,-1,885,886,887,-1,887,886,888,-1,887,888,889,-1,889,888,890,-1,889,890,891,-1,891,890,892,-1,891,892,893,-1,893,892,894,-1,893,894,895,-1,895,894,896,-1,895,896,897,-1,897,896,898,-1,897,898,899,-1,899,898,900,-1,899,900,901,-1,901,900,902,-1,901,902,903,-1,903,902,904,-1,903,904,905,-1,905,904,906,-1,905,906,907,-1,907,906,908,-1,907,908,909,-1,909,908,910,-1,909,910,911,-1,911,910,912,-1,911,912,913,-1,913,912,914,-1,913,914,915,-1,915,914,916,-1,915,916,917,-1,917,916,918,-1,917,918,919,-1,919,918,920,-1,919,920,921,-1,921,920,922,-1,921,922,923,-1,923,922,924,-1,923,924,925,-1,925,924,926,-1,925,926,927,-1,927,926,928,-1,927,928,929,-1,929,928,930,-1,929,930,931,-1,931,930,932,-1,931,932,933,-1,933,932,934,-1,933,934,935,-1,935,934,936,-1,935,936,937,-1,937,936,938,-1,937,938,939,-1,939,938,940,-1,939,940,941,-1,941,940,942,-1,941,942,943,-1,943,942,944,-1,943,944,945,-1,945,944,946,-1,945,946,947,-1,947,946,948,-1,947,948,949,-1,949,948,950,-1,949,950,951,-1,951,950,952,-1,951,952,953,-1,953,952,954,-1,953,954,955,-1,955,954,956,-1,955,956,957,-1,957,956,958,-1,957,958,959,-1,959,958,960,-1,959,960,961,-1,961,960,962,-1,961,962,963,-1,963,962,964,-1,963,964,965,-1,965,964,966,-1,965,966,967,-1,967,966,968,-1,967,968,969,-1,969,968,970,-1,969,970,971,-1,971,970,972,-1,971,972,973,-1,973,972,974,-1,973,974,975,-1,975,974,976,-1,975,976,977,-1,977,976,978,-1,977,978,979,-1,979,978,980,-1,979,980,981,-1,981,980,982,-1,981,982,983,-1,983,982,984,-1,983,984,985,-1,985,984,986,-1,985,986,987,-1,987,986,988,-1,987,988,989,-1,989,988,990,-1,989,990,991,-1,991,990,992,-1,991,992,993,-1,993,992,994,-1,993,994,995,-1,995,994,996,-1,995,996,997,-1,997,996,998,-1,997,998,999,-1,999,998,1000,-1,999,1000,1001,-1,1001,1000,1002,-1,1001,1002,1003,-1,1003,1002,1004,-1,1003,1004,1005,-1,1005,1004,1006,-1,1005,1006,1007,-1,1008,1007,1009,-1,1009,1007,1006,-1,1008,1009,1010,-1,1008,1010,1011,-1,1011,1010,1012,-1,1011,1012,1013,-1,1013,1012,1014,-1,1013,1014,1015,-1,1015,1014,1016,-1,1015,1016,1017,-1,1017,1016,1018,-1,1017,1018,1019,-1,1019,1018,1020,-1,1019,1020,1021,-1,1021,1020,1022,-1,1021,1022,1023,-1,1023,1022,1024,-1,1023,1024,1025,-1,1025,1024,1026,-1,1025,1026,1027,-1,1027,1026,1028,-1,1027,1028,1029,-1,1029,1028,1030,-1,1029,1030,1031,-1,1031,1030,1032,-1,1031,1032,1033,-1,1033,1032,1034,-1,1033,1034,1035,-1,1035,1034,1036,-1,1035,1036,1037,-1,1037,1036,1038,-1,1037,1038,1039,-1,1039,1038,1040,-1,1039,1040,1041,-1,1041,1040,1042,-1,1041,1042,1043,-1,1043,1042,1044,-1,1043,1044,1045,-1,1045,1044,1046,-1,1045,1046,1047,-1,1047,1046,1048,-1,1047,1048,1049,-1,1049,1048,1050,-1,1049,1050,1051,-1,1051,1050,1052,-1,1051,1052,1053,-1,1053,1052,1054,-1,1053,1054,1055,-1,1055,1054,1056,-1,1055,1056,1057,-1,1057,1056,1058,-1,1057,1058,1059,-1,1059,1058,1060,-1,1059,1060,1061,-1,1061,1060,1062,-1,1061,1062,1063,-1,1063,1062,1064,-1,1063,1064,1065,-1,1065,1064,1066,-1,1065,1066,1067,-1,1067,1066,1068,-1,1067,1068,1069,-1,1069,1068,1070,-1,1069,1070,1071,-1,1071,1070,1072,-1,1071,1072,1073,-1,1073,1072,1074,-1,1073,1074,1075,-1,1075,1074,1076,-1,1075,1076,1077,-1,1077,1076,1078,-1,1077,1078,1079,-1,1079,1078,1080,-1,1079,1080,1081,-1,1081,1080,1082,-1,1081,1082,1083,-1,1083,1082,1084,-1,1083,1084,1085,-1,1085,1084,1086,-1,1085,1086,1087,-1,1087,1086,1088,-1,1087,1088,1089,-1,1089,1088,1090,-1,1089,1090,1091,-1,1091,1090,1092,-1,1091,1092,1093,-1,1093,1092,1094,-1,1093,1094,1095,-1,1095,1094,1096,-1,1095,1096,1097,-1,1097,1096,1098,-1,1097,1098,1099,-1,1099,1098,1100,-1,1099,1100,1101,-1,1101,1100,1102,-1,1101,1102,1103,-1,1103,1102,1104,-1,1103,1104,1105,-1,1105,1104,1106,-1,1105,1106,1107,-1,1107,1106,1108,-1,1107,1108,1109,-1,1109,1108,1110,-1,1109,1110,1111,-1,1111,1110,1112,-1,1111,1112,1113,-1,1113,1112,1114,-1,1113,1114,1115,-1,1115,1114,1116,-1,1115,1116,1117,-1,1117,1116,1118,-1,1117,1118,1119,-1,1119,1118,1120,-1,1119,1120,1121,-1,1121,1120,1122,-1,1121,1122,1123,-1,1123,1122,1124,-1,1123,1124,1125,-1,1125,1124,1126,-1,1125,1126,1127,-1,1127,1126,1128,-1,1127,1128,1129,-1,1129,1128,1130,-1,1129,1130,1131,-1,1131,1130,1132,-1,1131,1132,1133,-1,1133,1132,1134,-1,1133,1134,1135,-1,1135,1134,1136,-1,1135,1136,1137,-1,1137,1136,1138,-1,1137,1138,1139,-1,1139,1138,1140,-1,1139,1140,1141,-1,1141,1140,1142,-1,1141,1142,1143,-1,1143,1142,835,-1,1143,835,834,-1,851,853,854,-1,1127,893,1125,-1,1125,893,895,-1,1125,895,1123,-1,1129,889,1127,-1,1127,889,891,-1,1127,891,893,-1,1051,967,969,-1,971,1047,969,-1,969,1047,1049,-1,969,1049,1051,-1,895,897,1123,-1,1123,897,899,-1,1123,899,1121,-1,1073,955,1071,-1,1071,955,957,-1,975,1041,973,-1,973,1041,1043,-1,973,1043,971,-1,971,1043,1045,-1,971,1045,1047,-1,1107,1109,921,-1,1111,917,1109,-1,1109,917,919,-1,1109,919,921,-1,921,923,1107,-1,1107,923,925,-1,1107,925,1105,-1,1113,913,1111,-1,1111,913,915,-1,1111,915,917,-1,961,1065,959,-1,959,1065,1067,-1,959,1067,957,-1,957,1067,1069,-1,957,1069,1071,-1,963,1061,961,-1,961,1061,1063,-1,961,1063,1065,-1,1051,1053,967,-1,967,1053,1055,-1,967,1055,965,-1,965,1055,1057,-1,965,1057,963,-1,963,1057,1059,-1,963,1059,1061,-1,841,843,861,-1,1073,1075,955,-1,955,1075,1077,-1,955,1077,953,-1,953,1077,1079,-1,953,1079,951,-1,951,1079,1081,-1,951,1081,949,-1,949,1081,1083,-1,949,1083,947,-1,947,1083,1085,-1,947,1085,945,-1,931,933,1099,-1,899,901,1121,-1,1121,901,903,-1,1121,903,1119,-1,1119,903,905,-1,1119,905,1117,-1,1117,905,907,-1,1117,907,1115,-1,1115,907,909,-1,1115,909,1113,-1,1113,909,911,-1,1113,911,913,-1,1099,933,1097,-1,1097,933,935,-1,1097,935,1095,-1,1099,1101,931,-1,931,1101,1103,-1,931,1103,929,-1,929,1103,1105,-1,929,1105,927,-1,927,1105,925,-1,1007,1008,1005,-1,1005,1008,1003,-1,861,843,859,-1,859,843,845,-1,859,845,857,-1,857,845,847,-1,857,847,854,-1,854,847,849,-1,854,849,851,-1,1003,1008,1001,-1,1001,1008,1011,-1,1001,1011,999,-1,999,1011,1013,-1,999,1013,997,-1,997,1013,1015,-1,997,1015,995,-1,861,863,841,-1,841,863,865,-1,841,865,839,-1,839,865,867,-1,839,867,837,-1,837,867,869,-1,837,869,834,-1,834,869,871,-1,834,871,1143,-1,1143,871,873,-1,1143,873,1141,-1,1141,873,875,-1,1141,875,1139,-1,1139,875,877,-1,1139,877,1137,-1,1137,877,879,-1,1137,879,1135,-1,1135,879,881,-1,1135,881,1133,-1,1133,881,883,-1,1133,883,1131,-1,1131,883,885,-1,1131,885,1129,-1,1129,885,887,-1,1129,887,889,-1,935,937,1095,-1,1095,937,939,-1,1095,939,1093,-1,1093,939,941,-1,1093,941,1091,-1,1091,941,943,-1,1091,943,1089,-1,1089,943,945,-1,1089,945,1087,-1,1087,945,1085,-1,1015,1017,995,-1,995,1017,1019,-1,995,1019,993,-1,993,1019,1021,-1,993,1021,991,-1,991,1021,1023,-1,991,1023,989,-1,989,1023,1025,-1,989,1025,987,-1,987,1025,1027,-1,987,1027,985,-1,985,1027,1029,-1,985,1029,983,-1,983,1029,1031,-1,983,1031,981,-1,981,1031,1033,-1,981,1033,979,-1,979,1033,1035,-1,979,1035,977,-1,977,1035,1037,-1,977,1037,975,-1,975,1037,1039,-1,975,1039,1041,-1,1126,1124,892,-1,958,956,1068,-1,968,1046,970,-1,970,1046,1044,-1,970,1044,972,-1,966,1050,968,-1,968,1050,1048,-1,968,1048,1046,-1,1068,956,1070,-1,1070,956,954,-1,1070,954,1072,-1,952,1076,954,-1,954,1076,1074,-1,954,1074,1072,-1,920,1108,1106,-1,964,1054,966,-1,966,1054,1052,-1,966,1052,1050,-1,1120,898,1122,-1,1122,898,896,-1,1122,896,1124,-1,1124,896,894,-1,1124,894,892,-1,1104,924,1106,-1,1106,924,922,-1,1106,922,920,-1,920,918,1108,-1,1108,918,916,-1,1108,916,1110,-1,1068,1066,958,-1,958,1066,1064,-1,958,1064,960,-1,1064,1062,960,-1,960,1062,1060,-1,960,1060,962,-1,962,1060,1058,-1,962,1058,964,-1,964,1058,1056,-1,964,1056,1054,-1,1118,902,1120,-1,1120,902,900,-1,1120,900,898,-1,916,914,1110,-1,1110,914,912,-1,1110,912,1112,-1,1112,912,910,-1,1112,910,1114,-1,1114,910,908,-1,1114,908,1116,-1,1116,908,906,-1,1116,906,1118,-1,1118,906,904,-1,1118,904,902,-1,838,864,840,-1,840,864,862,-1,840,862,842,-1,842,862,860,-1,842,860,844,-1,844,860,858,-1,844,858,846,-1,846,858,856,-1,846,856,848,-1,848,856,855,-1,848,855,850,-1,850,855,852,-1,892,890,1126,-1,1126,890,888,-1,1126,888,1128,-1,1128,888,886,-1,1128,886,1130,-1,1130,886,884,-1,1130,884,1132,-1,1132,884,882,-1,1132,882,1134,-1,1134,882,880,-1,1134,880,1136,-1,1136,880,878,-1,1136,878,1138,-1,1138,878,876,-1,1138,876,1140,-1,1140,876,874,-1,1140,874,1142,-1,1142,874,872,-1,1142,872,835,-1,835,872,870,-1,835,870,836,-1,836,870,868,-1,836,868,838,-1,838,868,866,-1,838,866,864,-1,1092,1090,942,-1,942,1090,1088,-1,942,1088,944,-1,944,1088,1086,-1,944,1086,946,-1,946,1086,1084,-1,946,1084,948,-1,948,1084,1082,-1,948,1082,950,-1,950,1082,1080,-1,950,1080,952,-1,952,1080,1078,-1,952,1078,1076,-1,1006,1004,1009,-1,1009,1004,1002,-1,1009,1002,1010,-1,1010,1002,1000,-1,1010,1000,1012,-1,1012,1000,998,-1,1012,998,1014,-1,1014,998,996,-1,1014,996,1016,-1,1016,996,994,-1,1016,994,1018,-1,1018,994,992,-1,942,940,1092,-1,1092,940,938,-1,1092,938,1094,-1,1094,938,936,-1,1094,936,1096,-1,1096,936,934,-1,1096,934,1098,-1,1098,934,932,-1,1098,932,1100,-1,1100,932,930,-1,1100,930,1102,-1,1102,930,928,-1,1102,928,1104,-1,1104,928,926,-1,1104,926,924,-1,1044,1042,972,-1,972,1042,1040,-1,972,1040,974,-1,974,1040,1038,-1,974,1038,976,-1,976,1038,1036,-1,976,1036,978,-1,978,1036,1034,-1,978,1034,980,-1,980,1034,1032,-1,980,1032,982,-1,982,1032,1030,-1,982,1030,984,-1,984,1030,1028,-1,984,1028,986,-1,986,1028,1026,-1,986,1026,988,-1,988,1026,1024,-1,988,1024,990,-1,990,1024,1022,-1,990,1022,992,-1,992,1022,1020,-1,992,1020,1018,-1,1144,1145,1146,-1,1146,1145,1147,-1,1148,1144,1149,-1,1149,1144,1146,-1,1148,1149,1150,-1,1148,1150,1151,-1,1151,1150,1152,-1,1151,1152,1153,-1,1154,1153,1155,-1,1155,1153,1152,-1,1156,1154,1157,-1,1157,1154,1155,-1,1158,1156,1159,-1,1159,1156,1157,-1,1160,1158,1161,-1,1161,1158,1159,-1,1162,1160,1163,-1,1163,1160,1161,-1,1164,1162,1165,-1,1165,1162,1163,-1,1164,1165,1166,-1,1164,1166,1167,-1,1167,1166,1168,-1,1167,1168,1169,-1,1169,1168,1170,-1,1169,1170,1171,-1,1171,1170,1172,-1,1171,1172,1173,-1,1173,1172,1174,-1,1173,1174,1175,-1,1175,1174,1176,-1,1175,1176,1177,-1,1177,1176,1178,-1,1177,1178,1179,-1,1179,1178,1180,-1,1179,1180,1181,-1,1181,1180,1182,-1,1181,1182,1183,-1,1183,1182,1184,-1,1183,1184,1185,-1,1185,1184,1186,-1,1185,1186,1187,-1,1187,1186,1188,-1,1187,1188,1189,-1,1189,1188,1190,-1,1189,1190,1191,-1,1192,1191,1193,-1,1193,1191,1190,-1,1192,1193,1194,-1,1192,1194,1195,-1,1195,1194,1196,-1,1195,1196,1197,-1,1197,1196,1198,-1,1197,1198,1199,-1,1199,1198,1200,-1,1199,1200,1201,-1,1201,1200,1202,-1,1201,1202,1203,-1,1203,1202,1204,-1,1203,1204,1205,-1,1205,1204,1206,-1,1205,1206,1207,-1,1207,1206,1208,-1,1207,1208,1209,-1,1209,1208,1210,-1,1209,1210,1211,-1,1211,1210,1212,-1,1211,1212,1213,-1,1213,1212,1214,-1,1213,1214,1215,-1,1215,1214,1216,-1,1215,1216,1217,-1,1217,1216,1218,-1,1217,1218,1219,-1,1219,1218,1220,-1,1219,1220,1221,-1,1221,1220,1222,-1,1221,1222,1223,-1,1223,1222,1224,-1,1223,1224,1225,-1,1225,1224,1226,-1,1225,1226,1227,-1,1227,1226,1228,-1,1227,1228,1229,-1,1145,1229,1147,-1,1147,1229,1228,-1,1151,1153,1229,-1,1175,1177,1209,-1,1145,1144,1229,-1,1229,1144,1148,-1,1229,1148,1151,-1,1158,1160,1156,-1,1156,1160,1162,-1,1156,1162,1154,-1,1209,1177,1207,-1,1207,1177,1179,-1,1207,1179,1205,-1,1205,1179,1203,-1,1203,1179,1181,-1,1203,1181,1201,-1,1201,1181,1183,-1,1201,1183,1199,-1,1199,1183,1197,-1,1197,1183,1185,-1,1197,1185,1195,-1,1195,1185,1187,-1,1195,1187,1192,-1,1192,1187,1189,-1,1192,1189,1191,-1,1209,1211,1175,-1,1175,1211,1213,-1,1175,1213,1173,-1,1173,1213,1215,-1,1173,1215,1171,-1,1171,1215,1217,-1,1171,1217,1169,-1,1169,1217,1219,-1,1169,1219,1167,-1,1167,1219,1221,-1,1167,1221,1164,-1,1164,1221,1223,-1,1223,1225,1164,-1,1164,1225,1227,-1,1164,1227,1162,-1,1162,1227,1229,-1,1162,1229,1154,-1,1154,1229,1153,-1,1163,1161,1159,-1,1146,1147,1149,-1,1149,1147,1228,-1,1176,1206,1178,-1,1178,1206,1204,-1,1178,1204,1180,-1,1204,1202,1180,-1,1180,1202,1200,-1,1180,1200,1182,-1,1182,1200,1198,-1,1182,1198,1184,-1,1172,1212,1174,-1,1174,1212,1210,-1,1174,1210,1176,-1,1176,1210,1208,-1,1176,1208,1206,-1,1190,1188,1193,-1,1193,1188,1186,-1,1193,1186,1194,-1,1194,1186,1184,-1,1194,1184,1196,-1,1196,1184,1198,-1,1155,1152,1228,-1,1228,1152,1150,-1,1228,1150,1149,-1,1159,1157,1163,-1,1163,1157,1155,-1,1163,1155,1165,-1,1165,1155,1228,-1,1165,1228,1226,-1,1226,1224,1165,-1,1165,1224,1222,-1,1165,1222,1166,-1,1166,1222,1220,-1,1166,1220,1168,-1,1168,1220,1218,-1,1168,1218,1170,-1,1170,1218,1216,-1,1170,1216,1172,-1,1172,1216,1214,-1,1172,1214,1212,-1,1230,1231,1232,-1,1232,1231,1233,-1,1234,1230,1235,-1,1235,1230,1232,-1,1236,1234,1237,-1,1237,1234,1235,-1,1238,1236,1239,-1,1239,1236,1237,-1,1240,1238,1241,-1,1241,1238,1239,-1,1242,1240,1243,-1,1243,1240,1241,-1,1244,1242,1245,-1,1245,1242,1243,-1,1246,1244,1247,-1,1247,1244,1245,-1,1248,1246,1249,-1,1249,1246,1247,-1,1250,1248,1251,-1,1251,1248,1249,-1,1252,1250,1253,-1,1253,1250,1251,-1,1231,1252,1233,-1,1233,1252,1253,-1,1252,1231,1230,-1,1230,1234,1252,-1,1252,1234,1236,-1,1252,1236,1250,-1,1246,1248,1244,-1,1244,1248,1250,-1,1244,1250,1242,-1,1242,1250,1236,-1,1242,1236,1240,-1,1240,1236,1238,-1,1241,1239,1243,-1,1243,1239,1237,-1,1249,1247,1251,-1,1251,1247,1245,-1,1232,1233,1235,-1,1235,1233,1253,-1,1235,1253,1237,-1,1237,1253,1251,-1,1237,1251,1243,-1,1243,1251,1245,-1,1254,1255,1256,-1,1257,1258,1259,-1,1259,1258,1260,-1,1259,1260,1261,-1,1261,1260,1262,-1,1261,1262,1263,-1,1263,1262,1264,-1,1263,1264,1265,-1,1265,1264,1266,-1,1265,1266,1267,-1,1268,1269,1270,-1,1270,1269,1271,-1,1270,1271,1272,-1,1272,1271,1273,-1,1272,1273,1274,-1,1274,1273,1275,-1,1274,1275,1276,-1,1276,1275,1277,-1,1276,1277,1257,-1,1257,1277,1278,-1,1257,1278,1258,-1,1254,1256,1279,-1,1279,1256,1280,-1,1279,1280,1281,-1,1281,1280,1282,-1,1281,1282,1283,-1,1283,1282,1284,-1,1283,1284,1285,-1,1285,1284,1286,-1,1285,1286,1287,-1,1287,1286,1288,-1,1287,1288,1289,-1,1289,1288,1290,-1,1289,1290,1291,-1,1291,1290,1292,-1,1291,1292,1293,-1,1293,1292,1294,-1,1293,1294,1295,-1,1295,1294,1296,-1,1295,1296,1297,-1,1297,1296,1298,-1,1297,1298,1299,-1,1299,1298,1300,-1,1299,1300,1301,-1,1301,1300,1302,-1,1301,1302,1303,-1,1302,1304,1303,-1,1303,1304,1305,-1,1303,1305,1306,-1,1306,1305,1307,-1,1306,1307,1308,-1,1308,1307,1309,-1,1309,1307,1310,-1,1309,1310,1311,-1,1311,1310,1312,-1,1311,1312,1313,-1,1313,1312,1314,-1,1313,1314,1315,-1,1315,1314,1316,-1,1315,1316,1317,-1,1317,1316,1318,-1,1317,1318,1319,-1,1319,1318,1320,-1,1319,1320,1321,-1,1321,1320,1322,-1,1321,1322,1268,-1,1268,1322,1323,-1,1268,1323,1269,-1,1255,1254,1324,-1,1324,1254,1325,-1,1324,1325,1326,-1,1326,1325,1327,-1,1326,1327,1328,-1,1328,1327,1329,-1,1328,1329,1330,-1,1330,1329,1331,-1,1330,1331,1332,-1,1266,1333,1267,-1,1267,1333,1334,-1,1267,1334,1335,-1,1335,1334,1336,-1,1335,1336,1337,-1,1337,1336,1338,-1,1337,1338,1339,-1,1339,1338,1340,-1,1339,1340,1341,-1,1332,1331,1342,-1,1342,1331,1343,-1,1342,1343,1344,-1,1343,1345,1344,-1,1344,1345,1346,-1,1344,1346,1347,-1,1347,1346,1341,-1,1347,1341,1348,-1,1348,1341,1340,-1,1349,1350,1351,-1,1351,1350,1352,-1,1351,1352,1353,-1,1353,1352,1354,-1,1353,1354,1355,-1,1355,1354,1356,-1,1355,1356,1357,-1,1357,1356,1358,-1,1357,1358,1359,-1,1360,1361,1362,-1,1362,1361,1363,-1,1362,1363,1364,-1,1364,1363,1365,-1,1364,1365,1366,-1,1366,1365,1367,-1,1366,1367,1368,-1,1358,1369,1359,-1,1359,1369,1370,-1,1359,1370,1371,-1,1371,1370,1372,-1,1371,1372,1373,-1,1373,1372,1374,-1,1373,1374,1375,-1,1375,1374,1376,-1,1375,1376,1377,-1,1377,1376,1378,-1,1377,1378,1379,-1,1379,1378,1380,-1,1379,1380,1381,-1,1381,1380,1382,-1,1381,1382,1383,-1,1383,1382,1384,-1,1383,1384,1385,-1,1385,1384,1386,-1,1385,1386,1387,-1,1387,1386,1388,-1,1387,1388,1389,-1,1389,1388,1390,-1,1389,1390,1391,-1,1391,1390,1392,-1,1391,1392,1393,-1,1393,1392,1394,-1,1393,1394,1395,-1,1395,1394,1396,-1,1395,1396,1397,-1,1397,1396,1398,-1,1397,1398,1399,-1,1399,1398,1400,-1,1399,1400,1401,-1,1401,1400,1402,-1,1401,1402,1403,-1,1403,1402,1404,-1,1403,1404,1405,-1,1405,1404,1406,-1,1405,1406,1407,-1,1407,1406,1408,-1,1407,1408,1409,-1,1409,1408,1410,-1,1409,1410,1411,-1,1411,1410,1412,-1,1411,1412,1413,-1,1413,1412,1414,-1,1413,1414,1360,-1,1360,1414,1415,-1,1360,1415,1361,-1,1416,1417,1418,-1,1418,1417,1419,-1,1418,1419,1420,-1,1420,1419,1421,-1,1420,1421,1422,-1,1422,1421,1423,-1,1422,1423,1424,-1,1424,1423,1425,-1,1424,1425,1349,-1,1349,1425,1426,-1,1349,1426,1350,-1,1367,1427,1368,-1,1368,1427,1428,-1,1368,1428,1429,-1,1429,1428,1430,-1,1429,1430,1431,-1,1431,1430,1432,-1,1431,1432,1433,-1,1433,1432,1434,-1,1433,1434,1435,-1,1435,1434,1436,-1,1435,1436,1437,-1,1437,1436,1438,-1,1437,1438,1439,-1,1439,1438,1440,-1,1439,1440,1441,-1,1441,1440,1442,-1,1441,1442,1416,-1,1416,1442,1443,-1,1416,1443,1417,-1,1314,1312,1382,-1,1382,1312,1384,-1,1314,1382,1380,-1,1314,1380,1316,-1,1316,1380,1378,-1,1316,1378,1318,-1,1318,1378,1376,-1,1318,1376,1320,-1,1320,1376,1374,-1,1320,1374,1322,-1,1322,1374,1372,-1,1322,1372,1323,-1,1323,1372,1370,-1,1323,1370,1269,-1,1269,1370,1369,-1,1269,1369,1271,-1,1271,1369,1358,-1,1271,1358,1273,-1,1273,1358,1356,-1,1273,1356,1275,-1,1275,1356,1354,-1,1275,1354,1277,-1,1277,1354,1352,-1,1277,1352,1278,-1,1278,1352,1350,-1,1278,1350,1258,-1,1258,1350,1426,-1,1258,1426,1260,-1,1260,1426,1425,-1,1260,1425,1262,-1,1262,1425,1423,-1,1262,1423,1264,-1,1264,1423,1421,-1,1264,1421,1266,-1,1266,1421,1419,-1,1266,1419,1333,-1,1333,1419,1417,-1,1333,1417,1334,-1,1334,1417,1443,-1,1334,1443,1336,-1,1336,1443,1442,-1,1336,1442,1338,-1,1338,1442,1440,-1,1338,1440,1340,-1,1340,1440,1438,-1,1340,1438,1348,-1,1348,1438,1436,-1,1348,1436,1347,-1,1347,1436,1434,-1,1347,1434,1344,-1,1344,1434,1432,-1,1344,1432,1342,-1,1342,1432,1430,-1,1342,1430,1332,-1,1332,1430,1428,-1,1332,1428,1330,-1,1330,1428,1427,-1,1330,1427,1328,-1,1328,1427,1367,-1,1328,1367,1326,-1,1326,1367,1365,-1,1326,1365,1324,-1,1324,1365,1363,-1,1324,1363,1255,-1,1255,1363,1361,-1,1255,1361,1256,-1,1256,1361,1415,-1,1256,1415,1280,-1,1280,1415,1414,-1,1280,1414,1282,-1,1282,1414,1412,-1,1282,1412,1284,-1,1284,1412,1410,-1,1284,1410,1286,-1,1286,1410,1408,-1,1286,1408,1288,-1,1288,1408,1406,-1,1288,1406,1290,-1,1290,1406,1404,-1,1290,1404,1292,-1,1292,1404,1402,-1,1292,1402,1294,-1,1294,1402,1400,-1,1294,1400,1296,-1,1296,1400,1398,-1,1296,1398,1298,-1,1298,1398,1396,-1,1298,1396,1300,-1,1300,1396,1394,-1,1300,1394,1302,-1,1302,1394,1392,-1,1302,1392,1304,-1,1304,1392,1390,-1,1304,1390,1305,-1,1305,1390,1388,-1,1305,1388,1307,-1,1310,1307,1386,-1,1386,1307,1388,-1,1312,1310,1384,-1,1384,1310,1386,-1,1308,1309,1387,-1,1387,1309,1385,-1,1309,1311,1385,-1,1385,1311,1383,-1,1311,1313,1383,-1,1383,1313,1381,-1,1257,1351,1353,-1,1257,1353,1276,-1,1276,1353,1355,-1,1276,1355,1274,-1,1274,1355,1357,-1,1274,1357,1272,-1,1272,1357,1359,-1,1272,1359,1270,-1,1270,1359,1371,-1,1270,1371,1268,-1,1268,1371,1373,-1,1268,1373,1321,-1,1321,1373,1375,-1,1321,1375,1319,-1,1319,1375,1377,-1,1319,1377,1317,-1,1317,1377,1379,-1,1317,1379,1315,-1,1315,1379,1381,-1,1315,1381,1313,-1,1345,1433,1435,-1,1345,1435,1346,-1,1346,1435,1437,-1,1346,1437,1341,-1,1341,1437,1439,-1,1341,1439,1339,-1,1339,1439,1441,-1,1339,1441,1337,-1,1337,1441,1416,-1,1337,1416,1335,-1,1335,1416,1418,-1,1335,1418,1267,-1,1267,1418,1420,-1,1267,1420,1265,-1,1265,1420,1422,-1,1265,1422,1263,-1,1263,1422,1424,-1,1263,1424,1261,-1,1261,1424,1349,-1,1261,1349,1259,-1,1259,1349,1351,-1,1259,1351,1257,-1,1287,1407,1409,-1,1287,1409,1285,-1,1285,1409,1411,-1,1285,1411,1283,-1,1283,1411,1413,-1,1283,1413,1281,-1,1281,1413,1360,-1,1281,1360,1279,-1,1279,1360,1362,-1,1279,1362,1254,-1,1254,1362,1364,-1,1254,1364,1325,-1,1325,1364,1366,-1,1325,1366,1327,-1,1327,1366,1368,-1,1327,1368,1329,-1,1329,1368,1429,-1,1329,1429,1331,-1,1331,1429,1431,-1,1331,1431,1343,-1,1343,1431,1433,-1,1343,1433,1345,-1,1308,1387,1389,-1,1308,1389,1306,-1,1306,1389,1391,-1,1306,1391,1303,-1,1303,1391,1393,-1,1303,1393,1301,-1,1301,1393,1395,-1,1301,1395,1299,-1,1299,1395,1397,-1,1299,1397,1297,-1,1297,1397,1399,-1,1297,1399,1295,-1,1295,1399,1401,-1,1295,1401,1293,-1,1293,1401,1403,-1,1293,1403,1291,-1,1291,1403,1405,-1,1291,1405,1289,-1,1289,1405,1407,-1,1289,1407,1287,-1,1444,1445,1446,-1,1446,1445,1447,-1,1448,1445,1449,-1,1449,1445,1444,-1,1449,1444,1450,-1,1450,1444,1451,-1,1450,1451,1452,-1,1453,1454,1455,-1,1455,1456,1453,-1,1453,1456,1446,-1,1453,1446,1457,-1,1457,1446,1447,-1,1457,1447,1458,-1,1452,1459,1450,-1,1450,1459,1460,-1,1450,1460,1453,-1,1453,1460,1461,-1,1453,1461,1454,-1,1462,1463,1464,-1,1464,1463,1465,-1,1466,1467,1468,-1,1467,1469,1468,-1,1468,1469,1470,-1,1468,1470,1471,-1,1472,1473,1474,-1,1475,1471,1476,-1,1476,1471,1470,-1,1476,1470,1474,-1,1474,1470,1462,-1,1474,1462,1472,-1,1472,1462,1464,-1,1465,1477,1464,-1,1464,1477,1478,-1,1464,1478,1468,-1,1468,1478,1479,-1,1468,1479,1466,-1,1453,1457,1464,-1,1464,1457,1472,-1,1450,1453,1468,-1,1468,1453,1464,-1,1449,1450,1471,-1,1471,1450,1468,-1,1448,1449,1475,-1,1475,1449,1471,-1,1445,1448,1476,-1,1476,1448,1475,-1,1447,1445,1474,-1,1474,1445,1476,-1,1458,1447,1473,-1,1473,1447,1474,-1,1457,1458,1472,-1,1472,1458,1473,-1,1444,1446,1470,-1,1470,1446,1462,-1,1446,1456,1462,-1,1462,1456,1463,-1,1461,1478,1477,-1,1461,1477,1454,-1,1454,1477,1465,-1,1454,1465,1455,-1,1455,1465,1463,-1,1455,1463,1456,-1,1461,1460,1478,-1,1478,1460,1479,-1,1451,1469,1467,-1,1451,1467,1452,-1,1452,1467,1466,-1,1452,1466,1459,-1,1459,1466,1479,-1,1459,1479,1460,-1,1451,1444,1469,-1,1469,1444,1470,-1,1480,1481,1482,-1,1483,1484,1485,-1,1485,1484,1486,-1,1485,1486,1487,-1,1487,1486,1488,-1,1487,1488,1489,-1,1489,1488,1490,-1,1491,1492,1493,-1,1493,1492,1494,-1,1494,1492,1495,-1,1494,1495,1496,-1,1497,1498,1482,-1,1482,1498,1499,-1,1482,1499,1500,-1,1500,1499,1501,-1,1502,1503,1482,-1,1482,1503,1504,-1,1482,1504,1480,-1,1505,1506,1507,-1,1508,1509,1510,-1,1510,1509,1511,-1,1510,1511,1512,-1,1512,1511,1513,-1,1512,1513,1514,-1,1515,1516,1482,-1,1482,1516,1517,-1,1482,1517,1502,-1,1518,1519,1520,-1,1520,1519,1521,-1,1520,1521,1522,-1,1523,1524,1525,-1,1525,1524,1526,-1,1525,1526,1527,-1,1490,1528,1489,-1,1489,1528,1529,-1,1489,1529,1530,-1,1481,1531,1482,-1,1482,1531,1532,-1,1482,1532,1497,-1,1533,1534,1501,-1,1501,1534,1535,-1,1501,1535,1500,-1,1507,1506,1536,-1,1536,1506,1537,-1,1536,1537,1538,-1,1538,1537,1539,-1,1539,1537,1540,-1,1539,1540,1541,-1,1541,1540,1542,-1,1541,1542,1543,-1,1544,1545,1486,-1,1546,1547,1548,-1,1513,1549,1514,-1,1514,1549,1550,-1,1514,1550,1551,-1,1525,1552,1553,-1,1553,1552,1554,-1,1555,1556,1557,-1,1557,1556,1558,-1,1557,1558,1559,-1,1559,1558,1560,-1,1559,1560,1561,-1,1562,1563,1564,-1,1564,1563,1565,-1,1564,1565,1566,-1,1566,1565,1567,-1,1566,1567,1568,-1,1523,1525,1569,-1,1569,1525,1570,-1,1569,1570,1571,-1,1571,1570,1572,-1,1571,1572,1573,-1,1573,1572,1574,-1,1573,1574,1575,-1,1575,1574,1576,-1,1575,1576,1562,-1,1562,1576,1577,-1,1562,1577,1563,-1,1496,1495,1481,-1,1481,1495,1578,-1,1481,1578,1579,-1,1507,1580,1505,-1,1505,1580,1581,-1,1505,1581,1582,-1,1582,1581,1583,-1,1582,1583,1584,-1,1545,1585,1486,-1,1486,1585,1586,-1,1486,1586,1488,-1,1586,1587,1488,-1,1488,1587,1588,-1,1488,1588,1589,-1,1548,1590,1546,-1,1546,1590,1591,-1,1546,1591,1592,-1,1592,1591,1593,-1,1592,1593,1594,-1,1594,1593,1595,-1,1594,1595,1596,-1,1527,1597,1525,-1,1525,1597,1598,-1,1525,1598,1552,-1,1560,1599,1561,-1,1561,1599,1600,-1,1561,1600,1601,-1,1601,1600,1602,-1,1601,1602,1603,-1,1603,1602,1604,-1,1603,1604,1554,-1,1554,1604,1605,-1,1554,1605,1553,-1,1530,1606,1489,-1,1489,1606,1607,-1,1489,1607,1608,-1,1579,1609,1481,-1,1481,1609,1610,-1,1481,1610,1531,-1,1611,1612,1533,-1,1533,1612,1613,-1,1533,1613,1534,-1,1583,1614,1584,-1,1584,1614,1615,-1,1584,1615,1611,-1,1611,1615,1616,-1,1611,1616,1612,-1,1543,1542,1486,-1,1486,1542,1617,-1,1486,1617,1544,-1,1493,1618,1491,-1,1491,1618,1619,-1,1491,1619,1620,-1,1620,1619,1621,-1,1620,1621,1622,-1,1622,1621,1623,-1,1622,1623,1624,-1,1624,1623,1488,-1,1624,1488,1625,-1,1625,1488,1589,-1,1626,1627,1628,-1,1628,1627,1629,-1,1628,1629,1630,-1,1550,1631,1551,-1,1551,1631,1632,-1,1551,1632,1633,-1,1633,1632,1634,-1,1633,1634,1635,-1,1635,1634,1636,-1,1635,1636,1637,-1,1638,1639,1640,-1,1640,1639,1641,-1,1640,1641,1642,-1,1643,1644,1482,-1,1482,1644,1645,-1,1482,1645,1515,-1,1646,1647,1648,-1,1648,1647,1649,-1,1646,1648,1640,-1,1640,1648,1650,-1,1640,1650,1638,-1,1642,1651,1640,-1,1640,1651,1652,-1,1640,1652,1653,-1,1653,1652,1654,-1,1653,1654,1655,-1,1655,1654,1656,-1,1655,1656,1657,-1,1657,1656,1658,-1,1657,1658,1508,-1,1508,1658,1659,-1,1508,1659,1509,-1,1521,1660,1522,-1,1522,1660,1661,-1,1522,1661,1662,-1,1662,1661,1663,-1,1662,1663,1643,-1,1643,1663,1664,-1,1643,1664,1644,-1,1567,1665,1568,-1,1568,1665,1666,-1,1568,1666,1667,-1,1668,1669,1670,-1,1670,1669,1671,-1,1670,1671,1672,-1,1672,1671,1673,-1,1672,1673,1674,-1,1674,1673,1675,-1,1674,1675,1518,-1,1518,1675,1676,-1,1518,1676,1519,-1,1595,1677,1596,-1,1596,1677,1678,-1,1596,1678,1679,-1,1679,1678,1680,-1,1679,1680,1681,-1,1681,1680,1628,-1,1681,1628,1682,-1,1682,1628,1630,-1,1649,1683,1648,-1,1648,1683,1684,-1,1648,1684,1685,-1,1685,1684,1686,-1,1685,1686,1687,-1,1688,1689,1690,-1,1690,1689,1691,-1,1690,1691,1692,-1,1692,1691,1668,-1,1692,1668,1693,-1,1693,1668,1670,-1,1636,1694,1637,-1,1637,1694,1695,-1,1637,1695,1696,-1,1696,1695,1697,-1,1696,1697,1698,-1,1698,1697,1699,-1,1698,1699,1700,-1,1701,1702,1703,-1,1703,1702,1704,-1,1703,1704,1705,-1,1705,1704,1706,-1,1705,1706,1555,-1,1555,1706,1707,-1,1555,1707,1556,-1,1666,1708,1667,-1,1667,1708,1709,-1,1667,1709,1710,-1,1710,1709,1711,-1,1710,1711,1712,-1,1712,1711,1713,-1,1712,1713,1714,-1,1714,1713,1715,-1,1714,1715,1688,-1,1688,1715,1716,-1,1688,1716,1689,-1,1699,1717,1700,-1,1700,1717,1718,-1,1700,1718,1719,-1,1719,1718,1720,-1,1719,1720,1721,-1,1721,1720,1722,-1,1721,1722,1547,-1,1547,1722,1723,-1,1547,1723,1548,-1,1724,1725,1726,-1,1726,1725,1727,-1,1726,1727,1728,-1,1728,1727,1729,-1,1728,1729,1730,-1,1730,1729,1731,-1,1730,1731,1701,-1,1701,1731,1732,-1,1701,1732,1702,-1,1626,1628,1733,-1,1733,1628,1734,-1,1733,1734,1735,-1,1735,1734,1736,-1,1735,1736,1737,-1,1737,1736,1738,-1,1737,1738,1739,-1,1739,1738,1740,-1,1739,1740,1741,-1,1741,1740,1742,-1,1741,1742,1743,-1,1743,1742,1744,-1,1743,1744,1745,-1,1745,1744,1746,-1,1745,1746,1724,-1,1724,1746,1747,-1,1724,1747,1725,-1,1748,1749,1750,-1,1751,1752,1753,-1,1753,1752,1754,-1,1753,1754,1749,-1,1749,1754,1755,-1,1749,1755,1750,-1,1756,1757,1758,-1,1759,1760,1761,-1,1762,1763,1764,-1,1764,1763,1765,-1,1764,1765,1766,-1,1767,1768,1769,-1,1770,1771,1750,-1,1750,1771,1772,-1,1750,1772,1748,-1,1749,1773,1774,-1,1775,1776,1777,-1,1778,1779,1780,-1,1780,1779,1781,-1,1780,1781,1782,-1,1761,1760,1783,-1,1783,1760,1784,-1,1783,1784,1785,-1,1785,1784,1786,-1,1785,1786,1787,-1,1788,1789,1790,-1,1790,1789,1791,-1,1790,1791,1792,-1,1787,1786,1793,-1,1793,1786,1794,-1,1793,1794,1795,-1,1796,1797,1798,-1,1798,1797,1799,-1,1798,1799,1800,-1,1800,1799,1801,-1,1802,1803,1804,-1,1804,1803,1805,-1,1804,1805,1806,-1,1806,1805,1807,-1,1806,1807,1808,-1,1808,1807,1809,-1,1808,1809,1801,-1,1801,1809,1810,-1,1801,1810,1800,-1,1769,1768,1811,-1,1811,1768,1812,-1,1811,1812,1813,-1,1813,1812,1814,-1,1813,1814,1815,-1,1816,1817,1818,-1,1818,1817,1819,-1,1818,1819,1820,-1,1820,1819,1821,-1,1758,1757,1822,-1,1822,1757,1823,-1,1822,1823,1824,-1,1824,1823,1825,-1,1824,1825,1826,-1,1826,1825,1827,-1,1827,1825,1828,-1,1827,1828,1829,-1,1829,1828,1830,-1,1829,1830,1831,-1,1831,1830,1832,-1,1831,1832,1798,-1,1798,1832,1833,-1,1798,1833,1834,-1,1835,1836,1837,-1,1837,1836,1838,-1,1837,1838,1839,-1,1840,1841,1842,-1,1842,1841,1843,-1,1842,1843,1844,-1,1844,1843,1845,-1,1844,1845,1846,-1,1847,1848,1840,-1,1840,1848,1849,-1,1840,1849,1841,-1,1850,1851,1750,-1,1750,1851,1852,-1,1750,1852,1770,-1,1788,1790,1853,-1,1853,1790,1854,-1,1853,1854,1855,-1,1749,1774,1753,-1,1753,1774,1856,-1,1753,1856,1857,-1,1776,1858,1777,-1,1777,1858,1859,-1,1777,1859,1860,-1,1861,1862,1839,-1,1839,1862,1863,-1,1839,1863,1864,-1,1865,1866,1818,-1,1818,1866,1867,-1,1818,1867,1816,-1,1855,1868,1853,-1,1853,1868,1869,-1,1853,1869,1870,-1,1871,1872,1873,-1,1873,1872,1874,-1,1873,1874,1875,-1,1875,1874,1876,-1,1875,1876,1877,-1,1878,1879,1749,-1,1749,1879,1880,-1,1749,1880,1773,-1,1765,1881,1766,-1,1766,1881,1882,-1,1766,1882,1883,-1,1883,1882,1884,-1,1883,1884,1885,-1,1885,1884,1753,-1,1885,1753,1886,-1,1886,1753,1857,-1,1887,1888,1777,-1,1777,1888,1889,-1,1777,1889,1775,-1,1860,1890,1777,-1,1777,1890,1891,-1,1777,1891,1762,-1,1762,1891,1892,-1,1762,1892,1763,-1,1815,1814,1893,-1,1893,1814,1894,-1,1893,1894,1895,-1,1895,1894,1896,-1,1895,1896,1897,-1,1897,1896,1898,-1,1898,1896,1899,-1,1898,1899,1900,-1,1900,1899,1780,-1,1900,1780,1901,-1,1901,1780,1782,-1,1901,1782,1792,-1,1792,1782,1902,-1,1792,1902,1790,-1,1758,1903,1756,-1,1756,1903,1904,-1,1756,1904,1905,-1,1905,1904,1906,-1,1905,1906,1907,-1,1907,1906,1908,-1,1907,1908,1909,-1,1796,1798,1910,-1,1910,1798,1834,-1,1910,1834,1911,-1,1845,1912,1846,-1,1846,1912,1913,-1,1846,1913,1914,-1,1914,1913,1915,-1,1914,1915,1916,-1,1916,1915,1917,-1,1916,1917,1918,-1,1918,1917,1919,-1,1918,1919,1920,-1,1920,1919,1921,-1,1920,1921,1839,-1,1839,1921,1922,-1,1839,1922,1861,-1,1864,1923,1839,-1,1839,1923,1924,-1,1839,1924,1837,-1,1877,1876,1925,-1,1925,1876,1926,-1,1925,1926,1927,-1,1927,1926,1928,-1,1927,1928,1929,-1,1929,1928,1930,-1,1930,1928,1931,-1,1930,1931,1749,-1,1749,1931,1932,-1,1749,1932,1878,-1,1778,1780,1777,-1,1777,1780,1933,-1,1777,1933,1887,-1,1934,1935,1936,-1,1936,1935,1937,-1,1936,1937,1938,-1,1938,1937,1939,-1,1938,1939,1802,-1,1802,1939,1940,-1,1802,1940,1803,-1,1941,1942,1943,-1,1943,1942,1944,-1,1943,1944,1837,-1,1837,1944,1945,-1,1837,1945,1835,-1,1946,1947,1948,-1,1948,1947,1949,-1,1948,1949,1950,-1,1950,1949,1951,-1,1950,1951,1847,-1,1847,1951,1952,-1,1847,1952,1848,-1,1795,1794,1953,-1,1953,1794,1954,-1,1953,1954,1955,-1,1955,1954,1956,-1,1955,1956,1957,-1,1957,1956,1958,-1,1957,1958,1959,-1,1959,1958,1818,-1,1818,1958,1960,-1,1818,1960,1865,-1,1870,1961,1853,-1,1853,1961,1962,-1,1853,1962,1963,-1,1963,1962,1872,-1,1963,1872,1964,-1,1964,1872,1871,-1,1769,1965,1767,-1,1767,1965,1966,-1,1767,1966,1967,-1,1967,1966,1968,-1,1967,1968,1969,-1,1969,1968,1970,-1,1969,1970,1971,-1,1971,1970,1972,-1,1908,1973,1909,-1,1909,1973,1974,-1,1909,1974,1975,-1,1975,1974,1976,-1,1975,1976,1977,-1,1977,1976,1978,-1,1977,1978,1979,-1,1979,1978,1980,-1,1979,1980,1981,-1,1761,1982,1759,-1,1759,1982,1983,-1,1759,1983,1984,-1,1984,1983,1985,-1,1984,1985,1986,-1,1986,1985,1987,-1,1986,1987,1946,-1,1946,1987,1988,-1,1946,1988,1947,-1,1989,1990,1934,-1,1934,1990,1991,-1,1934,1991,1935,-1,1970,1992,1972,-1,1972,1992,1993,-1,1972,1993,1994,-1,1994,1993,1995,-1,1994,1995,1996,-1,1996,1995,1997,-1,1996,1997,1998,-1,1998,1997,1999,-1,1998,1999,1989,-1,1989,1999,2000,-1,1989,2000,1990,-1,1980,2001,1981,-1,1981,2001,2002,-1,1981,2002,2003,-1,2003,2002,2004,-1,2003,2004,2005,-1,2005,2004,2006,-1,2005,2006,2007,-1,2007,2006,2008,-1,2007,2008,2009,-1,2009,2008,2010,-1,2009,2010,2011,-1,2011,2010,2012,-1,2011,2012,2013,-1,2013,2012,2014,-1,2013,2014,1821,-1,1821,2014,2015,-1,1821,2015,1820,-1,1717,1985,1983,-1,1717,1983,1718,-1,1718,1983,1982,-1,1718,1982,1720,-1,1720,1982,1761,-1,1720,1761,1722,-1,1722,1761,1783,-1,1722,1783,1723,-1,1723,1783,1785,-1,1723,1785,1548,-1,1548,1785,1787,-1,1548,1787,1590,-1,1590,1787,1793,-1,1590,1793,1591,-1,1591,1793,1795,-1,1591,1795,1593,-1,1593,1795,1953,-1,1593,1953,1595,-1,1595,1953,1955,-1,1595,1955,1677,-1,1677,1955,1957,-1,1677,1957,1678,-1,1678,1957,1959,-1,1678,1959,1680,-1,1680,1959,1818,-1,1680,1818,1628,-1,1628,1818,1820,-1,1628,1820,1734,-1,1734,1820,2015,-1,1734,2015,1736,-1,1736,2015,2014,-1,1736,2014,1738,-1,1738,2014,2012,-1,1738,2012,1740,-1,1740,2012,2010,-1,1740,2010,1742,-1,1742,2010,2008,-1,1742,2008,1744,-1,1744,2008,2006,-1,1744,2006,1746,-1,1746,2006,2004,-1,1746,2004,1747,-1,1747,2004,2002,-1,1747,2002,1725,-1,1725,2002,2001,-1,1725,2001,1727,-1,1727,2001,1980,-1,1727,1980,1729,-1,1729,1980,1978,-1,1729,1978,1731,-1,1731,1978,1976,-1,1731,1976,1732,-1,1732,1976,1974,-1,1732,1974,1702,-1,1702,1974,1973,-1,1702,1973,1704,-1,1704,1973,1908,-1,1704,1908,1706,-1,1706,1908,1906,-1,1706,1906,1707,-1,1707,1906,1904,-1,1707,1904,1556,-1,1556,1904,1903,-1,1556,1903,1558,-1,1558,1903,1758,-1,1558,1758,1560,-1,1560,1758,1822,-1,1560,1822,1599,-1,1599,1822,1824,-1,1599,1824,1600,-1,1600,1824,1826,-1,1600,1826,1602,-1,1602,1826,1827,-1,1602,1827,1604,-1,1604,1827,1829,-1,1604,1829,1605,-1,1605,1829,1831,-1,1605,1831,1553,-1,1553,1831,1798,-1,1553,1798,1525,-1,1525,1798,1800,-1,1525,1800,1570,-1,1570,1800,1810,-1,1570,1810,1572,-1,1572,1810,1809,-1,1572,1809,1574,-1,1574,1809,1807,-1,1574,1807,1576,-1,1576,1807,1805,-1,1576,1805,1577,-1,1577,1805,1803,-1,1577,1803,1563,-1,1563,1803,1940,-1,1563,1940,1565,-1,1565,1940,1939,-1,1565,1939,1567,-1,1567,1939,1937,-1,1567,1937,1665,-1,1665,1937,1935,-1,1665,1935,1666,-1,1666,1935,1991,-1,1666,1991,1708,-1,1708,1991,1990,-1,1708,1990,1709,-1,1709,1990,2000,-1,1709,2000,1711,-1,1711,2000,1999,-1,1711,1999,1713,-1,1713,1999,1997,-1,1713,1997,1715,-1,1715,1997,1995,-1,1715,1995,1716,-1,1716,1995,1993,-1,1716,1993,1689,-1,1689,1993,1992,-1,1689,1992,1691,-1,1691,1992,1970,-1,1691,1970,1668,-1,1668,1970,1968,-1,1668,1968,1669,-1,1669,1968,1966,-1,1669,1966,1671,-1,1671,1966,1965,-1,1671,1965,1673,-1,1673,1965,1769,-1,1673,1769,1675,-1,1675,1769,1811,-1,1675,1811,1676,-1,1676,1811,1813,-1,1676,1813,1519,-1,1519,1813,1815,-1,1519,1815,1521,-1,1521,1815,1893,-1,1521,1893,1660,-1,1660,1893,1895,-1,1660,1895,1661,-1,1661,1895,1897,-1,1661,1897,1663,-1,1663,1897,1898,-1,1663,1898,1664,-1,1664,1898,1900,-1,1664,1900,1644,-1,1644,1900,1901,-1,1644,1901,1645,-1,1645,1901,1792,-1,1645,1792,1515,-1,1515,1792,1791,-1,1515,1791,1516,-1,1516,1791,1789,-1,1516,1789,1517,-1,1517,1789,1788,-1,1517,1788,1502,-1,1502,1788,1853,-1,1502,1853,1503,-1,1503,1853,1963,-1,1503,1963,1504,-1,1504,1963,1964,-1,1504,1964,1480,-1,1480,1964,1871,-1,1480,1871,1481,-1,1481,1871,1873,-1,1481,1873,1496,-1,1496,1873,1875,-1,1496,1875,1494,-1,1494,1875,1877,-1,1494,1877,1493,-1,1493,1877,1925,-1,1493,1925,1618,-1,1618,1925,1927,-1,1618,1927,1619,-1,1619,1927,1929,-1,1619,1929,1621,-1,1621,1929,1930,-1,1621,1930,1623,-1,1623,1930,1749,-1,1623,1749,1488,-1,1488,1749,1748,-1,1488,1748,1490,-1,1490,1748,1772,-1,1490,1772,1528,-1,1528,1772,1771,-1,1528,1771,1529,-1,1529,1771,1770,-1,1529,1770,1530,-1,1530,1770,1852,-1,1530,1852,1606,-1,1606,1852,1851,-1,1606,1851,1607,-1,1607,1851,1850,-1,1607,1850,1608,-1,1608,1850,1750,-1,1608,1750,1489,-1,1489,1750,1755,-1,1489,1755,1487,-1,1485,1487,1754,-1,1754,1487,1755,-1,1483,1485,1752,-1,1752,1485,1754,-1,1484,1483,1751,-1,1751,1483,1752,-1,1486,1484,1753,-1,1753,1484,1751,-1,1486,1753,1884,-1,1486,1884,1543,-1,1543,1884,1882,-1,1543,1882,1541,-1,1541,1882,1881,-1,1541,1881,1539,-1,1539,1881,1765,-1,1539,1765,1538,-1,1538,1765,1763,-1,1538,1763,1536,-1,1536,1763,1892,-1,1536,1892,1507,-1,1507,1892,1891,-1,1507,1891,1580,-1,1580,1891,1890,-1,1580,1890,1581,-1,1581,1890,1860,-1,1581,1860,1583,-1,1583,1860,1859,-1,1583,1859,1614,-1,1614,1859,1858,-1,1614,1858,1615,-1,1615,1858,1776,-1,1615,1776,1616,-1,1616,1776,1775,-1,1616,1775,1612,-1,1612,1775,1889,-1,1612,1889,1613,-1,1613,1889,1888,-1,1613,1888,1534,-1,1534,1888,1887,-1,1534,1887,1535,-1,1535,1887,1933,-1,1535,1933,1500,-1,1500,1933,1780,-1,1500,1780,1482,-1,1482,1780,1899,-1,1482,1899,1643,-1,1643,1899,1896,-1,1643,1896,1662,-1,1662,1896,1894,-1,1662,1894,1522,-1,1522,1894,1814,-1,1522,1814,1520,-1,1520,1814,1812,-1,1520,1812,1518,-1,1518,1812,1768,-1,1518,1768,1674,-1,1674,1768,1767,-1,1674,1767,1672,-1,1672,1767,1967,-1,1672,1967,1670,-1,1670,1967,1969,-1,1670,1969,1693,-1,1693,1969,1971,-1,1693,1971,1692,-1,1692,1971,1972,-1,1692,1972,1690,-1,1690,1972,1994,-1,1690,1994,1688,-1,1688,1994,1996,-1,1688,1996,1714,-1,1714,1996,1998,-1,1714,1998,1712,-1,1712,1998,1989,-1,1712,1989,1710,-1,1710,1989,1934,-1,1710,1934,1667,-1,1667,1934,1936,-1,1667,1936,1568,-1,1568,1936,1938,-1,1568,1938,1566,-1,1566,1938,1802,-1,1566,1802,1564,-1,1564,1802,1804,-1,1564,1804,1562,-1,1562,1804,1806,-1,1562,1806,1575,-1,1575,1806,1808,-1,1575,1808,1573,-1,1573,1808,1801,-1,1573,1801,1571,-1,1571,1801,1799,-1,1571,1799,1569,-1,1569,1799,1797,-1,1569,1797,1523,-1,1523,1797,1796,-1,1523,1796,1524,-1,1524,1796,1910,-1,1524,1910,1526,-1,1526,1910,1911,-1,1526,1911,1527,-1,1527,1911,1834,-1,1527,1834,1597,-1,1597,1834,1833,-1,1597,1833,1598,-1,1598,1833,1832,-1,1598,1832,1552,-1,1552,1832,1830,-1,1552,1830,1554,-1,1554,1830,1828,-1,1554,1828,1603,-1,1603,1828,1825,-1,1603,1825,1601,-1,1601,1825,1823,-1,1601,1823,1561,-1,1561,1823,1757,-1,1561,1757,1559,-1,1559,1757,1756,-1,1559,1756,1557,-1,1557,1756,1905,-1,1557,1905,1555,-1,1555,1905,1907,-1,1555,1907,1705,-1,1705,1907,1909,-1,1705,1909,1703,-1,1703,1909,1975,-1,1703,1975,1701,-1,1701,1975,1977,-1,1701,1977,1730,-1,1730,1977,1979,-1,1730,1979,1728,-1,1728,1979,1981,-1,1728,1981,1726,-1,1726,1981,2003,-1,1726,2003,1724,-1,1724,2003,2005,-1,1724,2005,1745,-1,1745,2005,2007,-1,1745,2007,1743,-1,1743,2007,2009,-1,1743,2009,1741,-1,1741,2009,2011,-1,1741,2011,1739,-1,1739,2011,2013,-1,1739,2013,1737,-1,1737,2013,1821,-1,1737,1821,1735,-1,1735,1821,1819,-1,1735,1819,1733,-1,1733,1819,1817,-1,1733,1817,1626,-1,1626,1817,1816,-1,1626,1816,1627,-1,1627,1816,1867,-1,1627,1867,1629,-1,1630,1629,1866,-1,1866,1629,1867,-1,1630,1866,1865,-1,1630,1865,1682,-1,1682,1865,1960,-1,1682,1960,1681,-1,1681,1960,1958,-1,1681,1958,1679,-1,1679,1958,1956,-1,1679,1956,1596,-1,1596,1956,1954,-1,1596,1954,1594,-1,1594,1954,1794,-1,1594,1794,1592,-1,1592,1794,1786,-1,1592,1786,1546,-1,1546,1786,1784,-1,1546,1784,1547,-1,1547,1784,1760,-1,1547,1760,1721,-1,1721,1760,1759,-1,1721,1759,1719,-1,1719,1759,1984,-1,1719,1984,1700,-1,1700,1984,1986,-1,1700,1986,1698,-1,1698,1986,1946,-1,1698,1946,1696,-1,1696,1946,1948,-1,1696,1948,1637,-1,1637,1948,1950,-1,1637,1950,1635,-1,1635,1950,1847,-1,1635,1847,1633,-1,1633,1847,1840,-1,1633,1840,1551,-1,1551,1840,1842,-1,1551,1842,1514,-1,1514,1842,1844,-1,1514,1844,1512,-1,1512,1844,1846,-1,1512,1846,1510,-1,1510,1846,1914,-1,1510,1914,1508,-1,1508,1914,1916,-1,1508,1916,1657,-1,1657,1916,1918,-1,1657,1918,1655,-1,1653,1655,1920,-1,1920,1655,1918,-1,1653,1920,1839,-1,1653,1839,1640,-1,1640,1839,1838,-1,1640,1838,1646,-1,1646,1838,1836,-1,1646,1836,1647,-1,1647,1836,1835,-1,1647,1835,1649,-1,1649,1835,1945,-1,1649,1945,1683,-1,1683,1945,1944,-1,1683,1944,1684,-1,1684,1944,1942,-1,1684,1942,1686,-1,1686,1942,1941,-1,1686,1941,1687,-1,1687,1941,1943,-1,1687,1943,1685,-1,1685,1943,1837,-1,1685,1837,1648,-1,1648,1837,1924,-1,1648,1924,1650,-1,1650,1924,1923,-1,1650,1923,1638,-1,1638,1923,1864,-1,1638,1864,1639,-1,1639,1864,1863,-1,1639,1863,1641,-1,1641,1863,1862,-1,1641,1862,1642,-1,1642,1862,1861,-1,1642,1861,1651,-1,1651,1861,1922,-1,1651,1922,1652,-1,1652,1922,1921,-1,1652,1921,1654,-1,1656,1654,1919,-1,1919,1654,1921,-1,1656,1919,1917,-1,1656,1917,1658,-1,1658,1917,1915,-1,1658,1915,1659,-1,1659,1915,1913,-1,1659,1913,1509,-1,1509,1913,1912,-1,1509,1912,1511,-1,1511,1912,1845,-1,1511,1845,1513,-1,1513,1845,1843,-1,1513,1843,1549,-1,1549,1843,1841,-1,1549,1841,1550,-1,1550,1841,1849,-1,1550,1849,1631,-1,1631,1849,1848,-1,1631,1848,1632,-1,1632,1848,1952,-1,1632,1952,1634,-1,1634,1952,1951,-1,1634,1951,1636,-1,1636,1951,1949,-1,1636,1949,1694,-1,1694,1949,1947,-1,1694,1947,1695,-1,1695,1947,1988,-1,1695,1988,1697,-1,1697,1988,1987,-1,1697,1987,1699,-1,1699,1987,1985,-1,1699,1985,1717,-1,1505,1777,1762,-1,1505,1762,1506,-1,1506,1762,1764,-1,1506,1764,1537,-1,1537,1764,1766,-1,1537,1766,1540,-1,1540,1766,1883,-1,1540,1883,1542,-1,1542,1883,1885,-1,1542,1885,1617,-1,1617,1885,1886,-1,1617,1886,1544,-1,1544,1886,1857,-1,1544,1857,1545,-1,1545,1857,1856,-1,1545,1856,1585,-1,1585,1856,1774,-1,1585,1774,1586,-1,1586,1774,1773,-1,1586,1773,1587,-1,1587,1773,1880,-1,1587,1880,1588,-1,1588,1880,1879,-1,1588,1879,1589,-1,1589,1879,1878,-1,1589,1878,1625,-1,1625,1878,1932,-1,1625,1932,1624,-1,1624,1932,1931,-1,1624,1931,1622,-1,1622,1931,1928,-1,1622,1928,1620,-1,1620,1928,1926,-1,1620,1926,1491,-1,1491,1926,1876,-1,1491,1876,1492,-1,1492,1876,1874,-1,1492,1874,1495,-1,1495,1874,1872,-1,1495,1872,1578,-1,1578,1872,1962,-1,1578,1962,1579,-1,1579,1962,1961,-1,1579,1961,1609,-1,1609,1961,1870,-1,1609,1870,1610,-1,1610,1870,1869,-1,1610,1869,1531,-1,1531,1869,1868,-1,1531,1868,1532,-1,1532,1868,1855,-1,1532,1855,1497,-1,1497,1855,1854,-1,1497,1854,1498,-1,1498,1854,1790,-1,1498,1790,1499,-1,1499,1790,1902,-1,1499,1902,1501,-1,1501,1902,1782,-1,1501,1782,1533,-1,1533,1782,1781,-1,1533,1781,1611,-1,1611,1781,1779,-1,1611,1779,1584,-1,1584,1779,1778,-1,1584,1778,1582,-1,1582,1778,1777,-1,1582,1777,1505,-1,
        ]
    }
}
Shape{
    appearance Appearance {
        material  Material 	{
            diffuseColor 0.7529411764705882 0.7529411764705882 0.7529411764705882
            specularColor 0.3764705882352941 0.3764705882352941 0.3764705882352941
            ambientIntensity 0.2
            transparency 0
            shininess 0.5
        }
    }
    geometry IndexedFaceSet {
        ccw TRUE
        solid FALSE
        coord DEF co Coordinate {
            point [
                3.2894 -1.0891 -1.0561, 3.3248 -1.0891 -1.0561, 3.2894 -1.0891 -0.9594, 3.3248 -1.0891 -0.9594, 3.3248 -1.0891 -0.9594
            ]
        }
        coordIndex [
            0,1,2,-1,2,1,3,-1,
        ]
    }
}
Shape{
    appearance Appearance {
        material  Material 	{
            diffuseColor 1.0 1.0 0.5019607843137255
            specularColor 0.5019607843137255 0.5019607843137255 0.25098039215686274
            ambientIntensity 0.2
            transparency 0
            shininess 0.5
        }
    }
    geometry IndexedFaceSet {
        ccw TRUE
        solid FALSE
        coord DEF co Coordinate {
            point [
                4.1516 1.0172 -0.9857, 4.1161 1.0172 -0.9857, 4.1516 1.0172 -0.8439, 4.1161 1.0172 -0.8439, 4.5453 1.0172 -0.9857, 4.5098 1.0172 -0.9857, 4.5453 1.0172 -0.8439, 4.5098 1.0172 -0.8439, 4.939 1.0172 -0.9857, 4.9035 1.0172 -0.9857, 4.939 1.0172 -0.8439, 4.9035 1.0172 -0.8439, 4.9035 1.0172 -0.8439
            ]
        }
        coordIndex [
            0,1,2,-1,2,1,3,-1,4,5,6,-1,6,5,7,-1,8,9,10,-1,10,9,11,-1,
        ]
    }
}
Shape{
    appearance Appearance {
        material  Material 	{
            diffuseColor 1.0 1.0 1.0
            specularColor 0.5019607843137255 0.5019607843137255 0.5019607843137255
            ambientIntensity 0.2
            transparency 0
            shininess 0.5
        }
    }
    geometry IndexedFaceSet {
        ccw TRUE
        solid FALSE
        coord DEF co Coordinate {
            point [
                3.6476 -0.6718 -1.0487, 3.6476 -0.6718 -0.8754, 3.7264 -0.7309 -1.0487, 3.7264 -0.7309 -0.8639, 3.3406 -0.6718 -1.0487, 3.3406 -0.6718 -0.8754, 3.2736 -0.6128 -1.0093, 3.189 -0.6128 -1.0093, 3.2736 -0.6128 -0.9227, 3.189 -0.6128 -0.9227, 3.189 -0.2072 -1.0093, 3.2736 -0.2072 -1.0093, 3.189 0.1195 -0.8951, 3.2736 0.1195 -0.8951, 3.189 0.218 -0.8951, 3.2736 0.218 -0.8951, 3.2343 0.277 -0.9699, 3.2736 0.277 -0.9699, 3.2343 0.277 -1.029, 3.2736 0.277 -1.029, 3.2736 0.277 -1.029
            ]
        }
        coordIndex [
            0,1,2,-1,2,1,3,-1,4,5,0,-1,0,5,1,-1,6,7,8,-1,8,7,9,-1,10,7,11,-1,11,7,6,-1,12,10,13,-1,13,10,11,-1,12,13,14,-1,14,13,15,-1,16,17,18,-1,18,17,19,-1,
        ]
    }
}
Shape{
    appearance Appearance {
        material  Material 	{
            diffuseColor 0.7529411764705882 0.7529411764705882 0.7529411764705882
            specularColor 0.3764705882352941 0.3764705882352941 0.3764705882352941
            ambientIntensity 0.2
            transparency 0
            shininess 0.5
        }
    }
    geometry IndexedFaceSet {
        ccw TRUE
        solid FALSE
        coord DEF co Coordinate {
            point [
                3.281 -1.0807 -0.9506, 3.2776 -1.0773 -0.9454, 3.2776 -1.0773 -1.0701, 3.2845 -1.0842 -1.0607, 3.2894 -1.0891 -1.0561, 3.2894 -1.0891 -0.9594, 3.2823 -1.082 -1.0637, 3.2826 -1.0823 -0.9522, 3.2826 -1.0823 -0.9522
            ]
        }
        coordIndex [
            0,1,2,-1,3,4,5,-1,2,6,0,-1,0,6,3,-1,0,3,7,-1,7,3,5,-1,
        ]
    }
}
Shape{
    appearance Appearance {
        material  Material 	{
            diffuseColor 1.0 1.0 1.0
            specularColor 0.5019607843137255 0.5019607843137255 0.5019607843137255
            ambientIntensity 0.2
            transparency 0
            shininess 0.5
        }
    }
    geometry IndexedFaceSet {
        ccw TRUE
        solid FALSE
        coord DEF co Coordinate {
            point [
                3.3366 0.1404 -0.8896, 3.2776 0.1404 -0.8896, 3.2776 0.1311 -0.887, 3.3366 0.1311 -0.887, 3.2776 0.1216 -0.8861, 3.3366 0.1216 -0.8861, 3.3366 0.218 -0.9189, 3.2776 0.218 -0.9189, 3.2776 0.2427 -0.9283, 3.2776 0.2383 -0.9266, 3.3366 0.2427 -0.9283, 3.3366 0.2383 -0.9266, 3.2776 0.2519 -0.9309, 3.3366 0.2519 -0.9309, 3.2776 0.2615 -0.9317, 3.3366 0.2615 -0.9317, 3.2776 0.29 -0.9317, 3.3366 0.29 -0.9317, 3.2776 0.3017 -0.9304, 3.3366 0.3017 -0.9304, 3.2776 0.3128 -0.9266, 3.3366 0.3128 -0.9266, 3.2776 0.3803 -0.9266, 3.3366 0.3803 -0.9266, 3.2776 0.3912 -0.9302, 3.3366 0.3912 -0.9302, 3.2776 0.4025 -0.9315, 3.3366 0.4025 -0.9315, 3.3366 0.5427 -0.9315, 3.2776 0.5427 -0.9315, 3.2776 0.5427 -0.9315
            ]
        }
        coordIndex [
            0,1,2,-1,0,2,3,-1,3,2,4,-1,3,4,5,-1,0,6,1,-1,1,6,7,-1,8,9,10,-1,10,9,11,-1,8,10,12,-1,12,10,13,-1,12,13,14,-1,14,13,15,-1,16,14,17,-1,17,14,15,-1,16,17,18,-1,18,17,19,-1,18,19,20,-1,20,19,21,-1,22,23,24,-1,24,23,25,-1,24,25,26,-1,26,25,27,-1,27,28,26,-1,26,28,29,-1,
        ]
    }
}
Shape{
    appearance Appearance {
        material  Material 	{
            diffuseColor 0.7529411764705882 0.7529411764705882 0.7529411764705882
            specularColor 0.3764705882352941 0.3764705882352941 0.3764705882352941
            ambientIntensity 0.2
            transparency 0
            shininess 0.5
        }
    }
    geometry IndexedFaceSet {
        ccw TRUE
        solid FALSE
        coord DEF co Coordinate {
            point [
                3.3366 0.566 -0.9368, 3.2776 0.566 -0.9368, 3.2776 0.5546 -0.9328, 3.3366 0.5546 -0.9328, 3.2776 0.5427 -0.9315, 3.3366 0.5427 -0.9315, 3.3366 0.5929 -0.9499, 3.2776 0.5929 -0.9499, 3.3366 0.6228 -0.9977, 3.2776 0.6228 -0.9977, 3.2776 0.6215 -0.9859, 3.3366 0.6215 -0.9859, 3.2776 0.6176 -0.9747, 3.3366 0.6176 -0.9747, 3.2776 0.6113 -0.9647, 3.3366 0.6113 -0.9647, 3.2776 0.6029 -0.9563, 3.3366 0.6029 -0.9563, 3.2776 0.6228 -1.006, 3.3366 0.6228 -1.006, 3.3366 0.5929 -1.0538, 3.2776 0.5929 -1.0538, 3.2776 0.6029 -1.0475, 3.3366 0.6029 -1.0475, 3.2776 0.6113 -1.0391, 3.3366 0.6113 -1.0391, 3.2776 0.6176 -1.029, 3.3366 0.6176 -1.029, 3.2776 0.6215 -1.0178, 3.3366 0.6215 -1.0178, 3.2776 0.566 -1.0669, 3.3366 0.566 -1.0669, 3.3366 0.5427 -1.0723, 3.2776 0.5427 -1.0723, 3.2776 0.5546 -1.0709, 3.3366 0.5546 -1.0709, 3.3366 0.5546 -1.0709
            ]
        }
        coordIndex [
            0,1,2,-1,0,2,3,-1,3,2,4,-1,3,4,5,-1,0,6,1,-1,1,6,7,-1,8,9,10,-1,8,10,11,-1,11,10,12,-1,11,12,13,-1,13,12,14,-1,13,14,15,-1,15,14,16,-1,15,16,17,-1,17,16,7,-1,17,7,6,-1,18,9,19,-1,19,9,8,-1,20,21,22,-1,20,22,23,-1,23,22,24,-1,23,24,25,-1,25,24,26,-1,25,26,27,-1,27,26,28,-1,27,28,29,-1,29,28,18,-1,29,18,19,-1,30,21,31,-1,31,21,20,-1,32,33,34,-1,32,34,35,-1,35,34,30,-1,35,30,31,-1,
        ]
    }
}
Shape{
    appearance Appearance {
        material  Material 	{
            diffuseColor 1.0 1.0 1.0
            specularColor 0.5019607843137255 0.5019607843137255 0.5019607843137255
            ambientIntensity 0.2
            transparency 0
            shininess 0.5
        }
    }
    geometry IndexedFaceSet {
        ccw TRUE
        solid FALSE
        coord DEF co Coordinate {
            point [
                3.3366 -0.0531 -1.0565, 3.2776 -0.0531 -1.0565, 3.2776 -0.045 -1.0632, 3.3366 -0.045 -1.0632, 3.2776 -0.0358 -1.0682, 3.3366 -0.0358 -1.0682, 3.2776 -0.0258 -1.0713, 3.3366 -0.0258 -1.0713, 3.2776 -0.0154 -1.0723, 3.3366 -0.0154 -1.0723, 3.3366 -0.0154 -1.0723
            ]
        }
        coordIndex [
            0,1,2,-1,0,2,3,-1,3,2,4,-1,3,4,5,-1,5,4,6,-1,5,6,7,-1,7,6,8,-1,7,8,9,-1,
        ]
    }
}
Shape{
    appearance Appearance {
        material  Material 	{
            diffuseColor 0.7529411764705882 0.7529411764705882 0.7529411764705882
            specularColor 0.3764705882352941 0.3764705882352941 0.3764705882352941
            ambientIntensity 0.2
            transparency 0
            shininess 0.5
        }
    }
    geometry IndexedFaceSet {
        ccw TRUE
        solid FALSE
        coord DEF co Coordinate {
            point [
                3.2776 -0.0531 -1.0565, 3.3366 -0.0531 -1.0565, 3.2776 -0.0634 -1.0485, 3.3366 -0.0634 -1.0485, 3.2776 -0.0752 -1.0431, 3.3366 -0.0752 -1.0431, 3.2776 -0.0881 -1.0409, 3.3366 -0.0881 -1.0409, 3.2776 -0.1011 -1.0418, 3.3366 -0.1011 -1.0418, 3.2776 -0.1135 -1.0458, 3.3366 -0.1135 -1.0458, 3.2776 -0.1245 -1.0528, 3.3366 -0.1245 -1.0528, 3.2776 -0.1335 -1.0622, 3.3366 -0.1335 -1.0622, 3.2776 -0.1399 -1.0735, 3.3366 -0.1399 -1.0735, 3.2776 -0.1434 -1.086, 3.3366 -0.1434 -1.086, 3.2776 -0.1438 -1.0991, 3.3366 -0.1438 -1.0991, 3.2776 -0.141 -1.1118, 3.3366 -0.141 -1.1118, 3.2776 -0.1351 -1.1234, 3.3366 -0.1351 -1.1234, 3.2776 -0.1266 -1.1333, 3.3366 -0.1266 -1.1333, 3.2776 -0.116 -1.1408, 3.3366 -0.116 -1.1408, 3.2776 -0.1038 -1.1455, 3.3366 -0.1038 -1.1455, 3.2776 -0.0909 -1.1471, 3.3366 -0.0909 -1.1471, 3.3366 0.0404 -1.1471, 3.2776 0.0404 -1.1471, 3.3366 0.0717 -1.1573, 3.2776 0.0717 -1.1573, 3.2776 0.0621 -1.1517, 3.3366 0.0621 -1.1517, 3.2776 0.0515 -1.1483, 3.3366 0.0515 -1.1483, 3.2776 0.0867 -1.1682, 3.3366 0.0867 -1.1682, 3.3366 0.1085 -1.2112, 3.2776 0.1085 -1.2112, 3.2776 0.1071 -1.1988, 3.3366 0.1071 -1.1988, 3.2776 0.1027 -1.1871, 3.3366 0.1027 -1.1871, 3.2776 0.0958 -1.1767, 3.3366 0.0958 -1.1767, 3.3366 0.1085 -1.2337, 3.2776 0.1085 -1.2337, 3.3366 -0.4419 -1.2337, 3.2776 -0.4419 -1.2337, 3.3366 -0.4419 -1.1896, 3.2776 -0.4419 -1.1896, 3.2776 -0.4437 -1.1759, 3.3366 -0.4437 -1.1759, 3.2776 -0.4491 -1.163, 3.3366 -0.4491 -1.163, 3.2776 -0.4575 -1.152, 3.3366 -0.4575 -1.152, 3.2776 -0.4685 -1.1436, 3.3366 -0.4685 -1.1436, 3.2776 -0.4813 -1.1383, 3.3366 -0.4813 -1.1383, 3.2776 -0.4951 -1.1365, 3.3366 -0.4951 -1.1365, 3.2776 -0.5477 -1.1365, 3.3366 -0.5477 -1.1365, 3.3366 -0.8545 -1.1988, 3.2776 -0.8545 -1.1988, 3.2776 -0.8651 -1.1999, 3.3366 -0.8651 -1.1999, 3.3366 -1.0169 -1.1999, 3.2776 -1.0169 -1.1999, 3.3366 -1.07 -1.1468, 3.2776 -1.07 -1.1468, 3.2776 -1.0682 -1.1605, 3.3366 -1.0682 -1.1605, 3.2776 -1.0629 -1.1733, 3.3366 -1.0629 -1.1733, 3.2776 -1.0545 -1.1843, 3.3366 -1.0545 -1.1843, 3.2776 -1.0435 -1.1928, 3.3366 -1.0435 -1.1928, 3.2776 -1.0307 -1.1981, 3.3366 -1.0307 -1.1981, 3.2776 -1.07 -1.0969, 3.3366 -1.07 -1.0969, 3.332 -1.0819 -1.0637, 3.3248 -1.0891 -1.0561, 3.2894 -1.0891 -1.0561, 3.3366 -1.0773 -1.0701, 3.3331 -1.0807 -1.0649, 3.2776 -1.075 -1.0744, 3.2845 -1.0842 -1.0607, 3.2823 -1.082 -1.0637, 3.2776 -1.0773 -1.0701, 3.2776 -1.0711 -1.0865, 3.3366 -1.0711 -1.0865, 3.3366 -1.075 -1.0744, 3.3366 -1.0773 -0.9454, 3.3315 -1.0824 -0.9527, 3.3248 -1.0891 -0.9594, 3.3317 -1.0822 -0.9524, 3.2776 -1.0773 -0.9454, 3.281 -1.0807 -0.9506, 3.3366 -1.0756 -0.9423, 3.2826 -1.0823 -0.9522, 3.2894 -1.0891 -0.9594, 3.3315 -1.0824 -0.9527, 3.3366 -1.0701 -0.9212, 3.2776 -1.0701 -0.9212, 3.3366 -1.0715 -0.931, 3.2776 -1.0715 -0.931, 3.2776 -1.0756 -0.9423, 3.3366 -1.0701 -0.8538, 3.2776 -1.0701 -0.8538, 3.2776 -1.0701 -0.8538
            ]
        }
        coordIndex [
            0,1,2,-1,2,1,3,-1,2,3,4,-1,4,3,5,-1,4,5,6,-1,6,5,7,-1,6,7,8,-1,8,7,9,-1,8,9,10,-1,10,9,11,-1,10,11,12,-1,12,11,13,-1,12,13,14,-1,14,13,15,-1,14,15,16,-1,16,15,17,-1,16,17,18,-1,18,17,19,-1,18,19,20,-1,20,19,21,-1,20,21,22,-1,22,21,23,-1,22,23,24,-1,24,23,25,-1,24,25,26,-1,26,25,27,-1,26,27,28,-1,28,27,29,-1,28,29,30,-1,30,29,31,-1,30,31,32,-1,32,31,33,-1,33,34,32,-1,32,34,35,-1,36,37,38,-1,36,38,39,-1,39,38,40,-1,39,40,41,-1,41,40,35,-1,41,35,34,-1,42,37,43,-1,43,37,36,-1,44,45,46,-1,44,46,47,-1,47,46,48,-1,47,48,49,-1,49,48,50,-1,49,50,51,-1,51,50,42,-1,51,42,43,-1,52,53,44,-1,44,53,45,-1,54,55,52,-1,52,55,53,-1,54,56,55,-1,55,56,57,-1,57,56,58,-1,58,56,59,-1,58,59,60,-1,60,59,61,-1,60,61,62,-1,62,61,63,-1,62,63,64,-1,64,63,65,-1,64,65,66,-1,66,65,67,-1,66,67,68,-1,68,67,69,-1,70,68,71,-1,71,68,69,-1,71,72,70,-1,70,72,73,-1,74,73,75,-1,75,73,72,-1,75,76,74,-1,74,76,77,-1,78,79,80,-1,78,80,81,-1,81,80,82,-1,81,82,83,-1,83,82,84,-1,83,84,85,-1,85,84,86,-1,85,86,87,-1,87,86,88,-1,87,88,89,-1,89,88,77,-1,89,77,76,-1,90,79,91,-1,91,79,78,-1,92,93,94,-1,95,96,97,-1,94,98,92,-1,92,98,99,-1,92,99,96,-1,96,99,100,-1,96,100,97,-1,90,91,101,-1,101,91,102,-1,101,102,97,-1,97,102,103,-1,97,103,95,-1,96,95,104,-1,105,106,93,-1,104,107,96,-1,96,107,105,-1,96,105,92,-1,92,105,93,-1,108,109,110,-1,111,112,106,-1,106,113,111,-1,111,113,107,-1,111,107,109,-1,109,107,104,-1,109,104,110,-1,114,115,116,-1,116,115,117,-1,116,117,110,-1,110,117,118,-1,110,118,108,-1,114,119,115,-1,115,119,120,-1,
        ]
    }
}
Shape{
    appearance Appearance {
        material  Material 	{
            diffuseColor 1.0 1.0 1.0
            specularColor 0.5019607843137255 0.5019607843137255 0.5019607843137255
            ambientIntensity 0.2
            transparency 0
            shininess 0.5
        }
    }
    geometry IndexedFaceSet {
        ccw TRUE
        solid FALSE
        coord DEF co Coordinate {
            point [
                3.2776 0.1216 -0.8861, 3.2776 0.1086 -0.8861, 3.3366 0.1216 -0.8861, 3.3366 0.1086 -0.8861, 3.3366 -0.8482 -0.802, 3.3366 -0.4935 -0.884, 3.2776 -0.8482 -0.802, 3.2776 -0.4935 -0.884, 3.2776 -0.4935 -0.884
            ]
        }
        coordIndex [
            0,1,2,-1,2,1,3,-1,4,5,6,-1,6,5,7,-1,
        ]
    }
}
Shape{
    appearance Appearance {
        material  Material 	{
            diffuseColor 1.0 1.0 0.5019607843137255
            specularColor 0.5019607843137255 0.5019607843137255 0.25098039215686274
            ambientIntensity 0.2
            transparency 0
            shininess 0.5
        }
    }
    geometry IndexedFaceSet {
        ccw TRUE
        solid FALSE
        coord DEF co Coordinate {
            point [
                4.1077 1.0087 -0.9943, 4.1043 1.0054 -0.9991, 4.1043 1.0054 -0.8439, 4.1161 1.0172 -0.8439, 4.1161 1.0172 -0.9857, 4.1099 1.0109 -0.992, 4.1043 0.8252 -1.1765, 4.1634 0.8252 -1.1765, 4.1043 0.8312 -1.1643, 4.1634 0.8312 -1.1643, 4.1043 0.834 -1.151, 4.1634 0.834 -1.151, 4.1043 0.8332 -1.1375, 4.1634 0.8332 -1.1375, 4.1043 0.8291 -1.1246, 4.1634 0.8291 -1.1246, 4.1043 0.8218 -1.1131, 4.1634 0.8218 -1.1131, 4.1043 0.8119 -1.1039, 4.1634 0.8119 -1.1039, 4.1043 0.8 -1.0975, 4.1634 0.8 -1.0975, 4.1043 0.7868 -1.0943, 4.1634 0.7868 -1.0943, 4.1043 0.7732 -1.0945, 4.1634 0.7732 -1.0945, 4.1043 0.7602 -1.0982, 4.1634 0.7602 -1.0982, 4.1043 0.7485 -1.105, 4.1634 0.7485 -1.105, 4.1043 0.7389 -1.1146, 4.1634 0.7389 -1.1146, 4.1634 0.7389 -1.1146
            ]
        }
        coordIndex [
            0,1,2,-1,3,4,2,-1,2,4,5,-1,2,5,0,-1,6,7,8,-1,8,7,9,-1,8,9,10,-1,10,9,11,-1,10,11,12,-1,12,11,13,-1,12,13,14,-1,14,13,15,-1,14,15,16,-1,16,15,17,-1,16,17,18,-1,18,17,19,-1,18,19,20,-1,20,19,21,-1,20,21,22,-1,22,21,23,-1,22,23,24,-1,24,23,25,-1,24,25,26,-1,26,25,27,-1,26,27,28,-1,28,27,29,-1,28,29,30,-1,30,29,31,-1,
        ]
    }
}
Shape{
    appearance Appearance {
        material  Material 	{
            diffuseColor 1.0 1.0 1.0
            specularColor 0.5019607843137255 0.5019607843137255 0.5019607843137255
            ambientIntensity 0.2
            transparency 0
            shininess 0.5
        }
    }
    geometry IndexedFaceSet {
        ccw TRUE
        solid FALSE
        coord DEF co Coordinate {
            point [
                4.1634 0.5835 -1.1346, 4.1634 0.1131 -1.0613, 4.1043 0.5835 -1.1346, 4.1043 0.1131 -1.0613, 4.1043 0.1023 -1.0606, 4.1634 0.1023 -1.0606, 4.1043 -0.0163 -1.064, 4.1634 -0.0163 -1.064, 4.1634 0.0547 -0.9964, 4.1043 0.0547 -0.9964, 4.1634 0.0647 -0.9889, 4.1043 0.0647 -0.9889, 4.1634 0.0762 -0.9839, 4.1043 0.0762 -0.9839, 4.1634 0.0886 -0.9818, 4.1043 0.0886 -0.9818, 4.1634 0.1011 -0.9826, 4.1043 0.1011 -0.9826, 4.1634 0.1131 -0.9863, 4.1043 0.1131 -0.9863, 4.1634 0.1486 -1.0023, 4.1043 0.1486 -1.0023, 4.1043 0.1589 -1.0058, 4.1634 0.1589 -1.0058, 4.1043 0.1697 -1.0073, 4.1634 0.1697 -1.0073, 4.1634 0.571 -1.0279, 4.1043 0.571 -1.0279, 4.1043 0.5846 -1.027, 4.1634 0.5846 -1.027, 4.1043 0.5977 -1.023, 4.1634 0.5977 -1.023, 4.1043 0.6095 -1.0162, 4.1634 0.6095 -1.0162, 4.1043 0.6194 -1.0068, 4.1634 0.6194 -1.0068, 4.1043 0.6268 -0.9953, 4.1634 0.6268 -0.9953, 4.1043 0.6315 -0.9825, 4.1634 0.6315 -0.9825, 4.1043 0.6331 -0.9689, 4.1634 0.6331 -0.9689, 4.1634 0.6331 -0.8638, 4.1043 0.6331 -0.8638, 4.1043 0.6311 -0.8487, 4.1634 0.6311 -0.8487, 4.1043 0.6254 -0.8346, 4.1634 0.6254 -0.8346, 4.1043 0.6162 -0.8225, 4.1634 0.6162 -0.8225, 4.1043 0.6043 -0.8131, 4.1634 0.6043 -0.8131, 4.1043 0.5903 -0.807, 4.1634 0.5903 -0.807, 4.1043 0.5753 -0.8047, 4.1634 0.5753 -0.8047, 4.1634 0.5753 -0.8047
            ]
        }
        coordIndex [
            0,1,2,-1,2,1,3,-1,3,1,4,-1,4,1,5,-1,6,4,7,-1,7,4,5,-1,8,9,7,-1,7,9,6,-1,9,8,10,-1,9,10,11,-1,11,10,12,-1,11,12,13,-1,13,12,14,-1,13,14,15,-1,15,14,16,-1,15,16,17,-1,17,16,18,-1,17,18,19,-1,18,20,19,-1,19,20,21,-1,21,20,22,-1,22,20,23,-1,22,23,24,-1,24,23,25,-1,25,26,24,-1,24,26,27,-1,27,26,28,-1,28,26,29,-1,28,29,30,-1,30,29,31,-1,30,31,32,-1,32,31,33,-1,32,33,34,-1,34,33,35,-1,34,35,36,-1,36,35,37,-1,36,37,38,-1,38,37,39,-1,38,39,40,-1,40,39,41,-1,42,43,41,-1,41,43,40,-1,43,42,44,-1,44,42,45,-1,44,45,46,-1,46,45,47,-1,46,47,48,-1,48,47,49,-1,48,49,50,-1,50,49,51,-1,50,51,52,-1,52,51,53,-1,52,53,54,-1,54,53,55,-1,
        ]
    }
}
Shape{
    appearance Appearance {
        material  Material 	{
            diffuseColor 1.0 1.0 0.5019607843137255
            specularColor 0.5019607843137255 0.5019607843137255 0.25098039215686274
            ambientIntensity 0.2
            transparency 0
            shininess 0.5
        }
    }
    geometry IndexedFaceSet {
        ccw TRUE
        solid FALSE
        coord DEF co Coordinate {
            point [
                4.1634 0.5753 -0.8047, 4.1634 0.2216 -0.7969, 4.1043 0.5753 -0.8047, 4.1043 0.2216 -0.7969, 4.1043 0.2066 -0.7985, 4.1634 0.2066 -0.7985, 4.1043 0.1652 -0.8083, 4.1634 0.1652 -0.8083, 4.1634 0.1527 -0.8098, 4.1043 0.1527 -0.8098, 4.1634 0.1401 -0.8082, 4.1043 0.1401 -0.8082, 4.1634 0.1283 -0.8037, 4.1043 0.1283 -0.8037, 4.1634 0.1178 -0.7965, 4.1043 0.1178 -0.7965, 4.1634 0.1094 -0.7871, 4.1043 0.1094 -0.7871, 4.1634 0.1034 -0.7759, 4.1043 0.1034 -0.7759, 4.1634 -0.0455 -0.7824, 4.1043 -0.0455 -0.7824, 4.1634 -0.0377 -0.7645, 4.1043 -0.0377 -0.7645, 4.1634 -0.0258 -0.7491, 4.1043 -0.0258 -0.7491, 4.1634 -0.0104 -0.737, 4.1043 -0.0104 -0.737, 4.1634 0.0074 -0.7292, 4.1043 0.0074 -0.7292, 4.1634 0.0267 -0.7259, 4.1043 0.0267 -0.7259, 4.1634 0.0461 -0.7275, 4.1043 0.0461 -0.7275, 4.1634 0.0646 -0.7338, 4.1043 0.0646 -0.7338, 4.1634 0.0809 -0.7444, 4.1043 0.0809 -0.7444, 4.1634 0.0941 -0.7588, 4.1043 0.0941 -0.7588, 4.1634 -0.051 -0.795, 4.1043 -0.051 -0.795, 4.1634 -0.0596 -0.8057, 4.1043 -0.0596 -0.8057, 4.1634 -0.0707 -0.8139, 4.1043 -0.0707 -0.8139, 4.1634 -0.0835 -0.8189, 4.1043 -0.0835 -0.8189, 4.1634 -0.0972 -0.8205, 4.1043 -0.0972 -0.8205, 4.1634 -0.1108 -0.8186, 4.1043 -0.1108 -0.8186, 4.1634 -0.1234 -0.8132, 4.1043 -0.1234 -0.8132, 4.1634 -0.1343 -0.8047, 4.1043 -0.1343 -0.8047, 4.1634 -0.1426 -0.7938, 4.1043 -0.1426 -0.7938, 4.1634 -0.1478 -0.781, 4.1043 -0.1478 -0.781, 4.1634 -0.1496 -0.7674, 4.1043 -0.1496 -0.7674, 4.1634 -0.1496 -0.7376, 4.1043 -0.1496 -0.7376, 4.1634 -0.1483 -0.7251, 4.1043 -0.1483 -0.7251, 4.1634 -0.1443 -0.7131, 4.1043 -0.1443 -0.7131, 4.1634 -0.1378 -0.7022, 4.1043 -0.1378 -0.7022, 4.1043 -0.126 -0.6865, 4.1634 -0.126 -0.6865, 4.1634 -0.1166 -0.6766, 4.1043 -0.1166 -0.6766, 4.1634 -0.1052 -0.6691, 4.1043 -0.1052 -0.6691, 4.1634 -0.0923 -0.6644, 4.1043 -0.0923 -0.6644, 4.1634 -0.0788 -0.6628, 4.1043 -0.0788 -0.6628, 4.1043 0.6448 -0.6628, 4.1634 0.6448 -0.6628, 4.1634 0.6448 -0.6628
            ]
        }
        coordIndex [
            0,1,2,-1,2,1,3,-1,3,1,4,-1,4,1,5,-1,6,4,7,-1,7,4,5,-1,6,7,8,-1,6,8,9,-1,9,8,10,-1,9,10,11,-1,11,10,12,-1,11,12,13,-1,13,12,14,-1,13,14,15,-1,15,14,16,-1,15,16,17,-1,17,16,18,-1,17,18,19,-1,20,21,22,-1,22,21,23,-1,22,23,24,-1,24,23,25,-1,24,25,26,-1,26,25,27,-1,26,27,28,-1,28,27,29,-1,28,29,30,-1,30,29,31,-1,30,31,32,-1,32,31,33,-1,32,33,34,-1,34,33,35,-1,34,35,36,-1,36,35,37,-1,36,37,38,-1,38,37,39,-1,38,39,18,-1,18,39,19,-1,21,20,40,-1,21,40,41,-1,41,40,42,-1,41,42,43,-1,43,42,44,-1,43,44,45,-1,45,44,46,-1,45,46,47,-1,47,46,48,-1,47,48,49,-1,49,48,50,-1,49,50,51,-1,51,50,52,-1,51,52,53,-1,53,52,54,-1,53,54,55,-1,55,54,56,-1,55,56,57,-1,57,56,58,-1,57,58,59,-1,59,58,60,-1,59,60,61,-1,60,62,61,-1,61,62,63,-1,63,62,64,-1,63,64,65,-1,65,64,66,-1,65,66,67,-1,67,66,68,-1,67,68,69,-1,70,69,71,-1,71,69,68,-1,70,71,72,-1,70,72,73,-1,73,72,74,-1,73,74,75,-1,75,74,76,-1,75,76,77,-1,77,76,78,-1,77,78,79,-1,80,79,81,-1,81,79,78,-1,
        ]
    }
}
Shape{
    appearance Appearance {
        material  Material 	{
            diffuseColor 1.0 1.0 1.0
            specularColor 0.5019607843137255 0.5019607843137255 0.5019607843137255
            ambientIntensity 0.2
            transparency 0
            shininess 0.5
        }
    }
    geometry IndexedFaceSet {
        ccw TRUE
        solid FALSE
        coord DEF co Coordinate {
            point [
                4.1043 0.6448 -0.6628, 4.1634 0.6448 -0.6628, 4.1043 0.6583 -0.6611, 4.1634 0.6583 -0.6611, 4.1043 0.7357 -0.6858, 4.1634 0.7357 -0.6858, 4.1043 0.7428 -0.697, 4.1634 0.7428 -0.697, 4.1043 0.7525 -0.706, 4.1634 0.7525 -0.706, 4.1043 0.7642 -0.7123, 4.1634 0.7642 -0.7123, 4.1043 0.777 -0.7156, 4.1634 0.777 -0.7156, 4.1043 0.7903 -0.7156, 4.1634 0.7903 -0.7156, 4.1043 0.8031 -0.7123, 4.1634 0.8031 -0.7123, 4.1043 0.8148 -0.7059, 4.1634 0.8148 -0.7059, 4.1043 0.8244 -0.6968, 4.1634 0.8244 -0.6968, 4.1043 0.8316 -0.6856, 4.1634 0.8316 -0.6856, 4.1634 0.8796 -0.6553, 4.1043 0.8796 -0.6553, 4.1043 0.8677 -0.6566, 4.1634 0.8677 -0.6566, 4.1043 0.8564 -0.6606, 4.1634 0.8564 -0.6606, 4.1043 0.8463 -0.667, 4.1634 0.8463 -0.667, 4.1043 0.8379 -0.6755, 4.1634 0.8379 -0.6755, 4.1634 0.8379 -0.6755
            ]
        }
        coordIndex [
            0,1,2,-1,2,1,3,-1,4,5,6,-1,6,5,7,-1,6,7,8,-1,8,7,9,-1,8,9,10,-1,10,9,11,-1,10,11,12,-1,12,11,13,-1,12,13,14,-1,14,13,15,-1,14,15,16,-1,16,15,17,-1,16,17,18,-1,18,17,19,-1,18,19,20,-1,20,19,21,-1,20,21,22,-1,22,21,23,-1,24,25,26,-1,24,26,27,-1,27,26,28,-1,27,28,29,-1,29,28,30,-1,29,30,31,-1,31,30,32,-1,31,32,33,-1,33,32,22,-1,33,22,23,-1,
        ]
    }
}
Shape{
    appearance Appearance {
        material  Material 	{
            diffuseColor 1.0 1.0 0.5019607843137255
            specularColor 0.5019607843137255 0.5019607843137255 0.25098039215686274
            ambientIntensity 0.2
            transparency 0
            shininess 0.5
        }
    }
    geometry IndexedFaceSet {
        ccw TRUE
        solid FALSE
        coord DEF co Coordinate {
            point [
                4.1043 0.9069 -0.6553, 4.1043 0.8796 -0.6553, 4.1634 0.9069 -0.6553, 4.1634 0.8796 -0.6553, 4.1634 0.9069 -0.7849, 4.1043 0.9069 -0.7849, 4.1043 0.9089 -0.8002, 4.1634 0.9089 -0.8002, 4.1043 0.9148 -0.8144, 4.1634 0.9148 -0.8144, 4.1043 0.9242 -0.8266, 4.1634 0.9242 -0.8266, 4.1043 0.9365 -0.836, 4.1634 0.9365 -0.836, 4.1043 0.9507 -0.8419, 4.1634 0.9507 -0.8419, 4.1043 0.966 -0.8439, 4.1634 0.966 -0.8439, 4.1043 1.0054 -0.8439, 4.1161 1.0172 -0.8439, 4.1516 1.0172 -0.8439, 4.1634 1.0054 -0.8439, 4.1634 1.0054 -0.9991, 4.1582 1.0106 -0.9921, 4.158 1.0108 -0.9919, 4.1516 1.0172 -0.9857, 4.1582 1.0106 -0.9921, 4.1634 1.0034 -1.0026, 4.1077 1.0087 -0.9943, 4.1099 1.0109 -0.992, 4.1161 1.0172 -0.9857, 4.1634 1.0092 -1.0603, 4.1043 1.0092 -1.0603, 4.1634 1.0042 -1.0529, 4.1043 1.0042 -1.0529, 4.1634 0.9993 -1.0408, 4.1043 0.9993 -1.0408, 4.1634 0.9975 -1.0279, 4.1043 0.9975 -1.0279, 4.1634 0.9989 -1.0149, 4.1043 0.9989 -1.0149, 4.1043 1.0034 -1.0026, 4.1043 1.0054 -0.9991, 4.1043 1.0231 -1.078, 4.1634 1.0231 -1.078, 4.1043 1.0319 -1.0872, 4.1634 1.0319 -1.0872, 4.1043 1.0425 -1.0941, 4.1634 1.0425 -1.0941, 4.1043 1.0544 -1.0984, 4.1634 1.0544 -1.0984, 4.1043 1.067 -1.0998, 4.1634 1.067 -1.0998, 4.1043 1.1018 -1.0998, 4.1634 1.1018 -1.0998, 4.1634 1.155 -1.153, 4.1043 1.155 -1.153, 4.1043 1.1532 -1.1392, 4.1634 1.1532 -1.1392, 4.1043 1.1478 -1.1264, 4.1634 1.1478 -1.1264, 4.1043 1.1394 -1.1154, 4.1634 1.1394 -1.1154, 4.1043 1.1284 -1.107, 4.1634 1.1284 -1.107, 4.1043 1.1156 -1.1017, 4.1634 1.1156 -1.1017, 4.1634 1.155 -1.2337, 4.1043 1.155 -1.2337, 4.1043 0.8164 -1.2337, 4.1634 0.8164 -1.2337, 4.5014 1.0087 -0.9943, 4.498 1.0054 -0.9991, 4.498 1.0054 -0.8439, 4.5098 1.0172 -0.8439, 4.5098 1.0172 -0.9857, 4.5036 1.0109 -0.992, 4.498 0.8252 -1.1765, 4.5571 0.8252 -1.1765, 4.498 0.8312 -1.1643, 4.5571 0.8312 -1.1643, 4.498 0.834 -1.151, 4.5571 0.834 -1.151, 4.498 0.8332 -1.1375, 4.5571 0.8332 -1.1375, 4.498 0.8291 -1.1246, 4.5571 0.8291 -1.1246, 4.498 0.8218 -1.1131, 4.5571 0.8218 -1.1131, 4.498 0.8119 -1.1039, 4.5571 0.8119 -1.1039, 4.498 0.8 -1.0975, 4.5571 0.8 -1.0975, 4.498 0.7868 -1.0943, 4.5571 0.7868 -1.0943, 4.498 0.7732 -1.0945, 4.5571 0.7732 -1.0945, 4.498 0.7602 -1.0982, 4.5571 0.7602 -1.0982, 4.498 0.7485 -1.105, 4.5571 0.7485 -1.105, 4.498 0.7389 -1.1146, 4.5571 0.7389 -1.1146, 4.5571 0.7389 -1.1146
            ]
        }
        coordIndex [
            0,1,2,-1,2,1,3,-1,4,5,2,-1,2,5,0,-1,5,4,6,-1,6,4,7,-1,6,7,8,-1,8,7,9,-1,8,9,10,-1,10,9,11,-1,10,11,12,-1,12,11,13,-1,12,13,14,-1,14,13,15,-1,14,15,16,-1,16,15,17,-1,18,16,17,-1,19,18,20,-1,20,18,17,-1,20,17,21,-1,21,22,23,-1,21,23,20,-1,20,23,24,-1,20,24,25,-1,26,22,27,-1,24,26,28,-1,28,29,24,-1,24,29,30,-1,24,30,25,-1,31,32,33,-1,33,32,34,-1,33,34,35,-1,35,34,36,-1,35,36,37,-1,37,36,38,-1,37,38,39,-1,39,38,40,-1,39,40,27,-1,27,40,41,-1,27,41,26,-1,26,41,42,-1,26,42,28,-1,43,32,44,-1,44,32,31,-1,43,44,45,-1,45,44,46,-1,45,46,47,-1,47,46,48,-1,47,48,49,-1,49,48,50,-1,49,50,51,-1,51,50,52,-1,53,51,54,-1,54,51,52,-1,55,56,57,-1,55,57,58,-1,58,57,59,-1,58,59,60,-1,60,59,61,-1,60,61,62,-1,62,61,63,-1,62,63,64,-1,64,63,65,-1,64,65,66,-1,66,65,53,-1,66,53,54,-1,67,68,55,-1,55,68,56,-1,68,67,69,-1,69,67,70,-1,71,72,73,-1,74,75,73,-1,73,75,76,-1,73,76,71,-1,77,78,79,-1,79,78,80,-1,79,80,81,-1,81,80,82,-1,81,82,83,-1,83,82,84,-1,83,84,85,-1,85,84,86,-1,85,86,87,-1,87,86,88,-1,87,88,89,-1,89,88,90,-1,89,90,91,-1,91,90,92,-1,91,92,93,-1,93,92,94,-1,93,94,95,-1,95,94,96,-1,95,96,97,-1,97,96,98,-1,97,98,99,-1,99,98,100,-1,99,100,101,-1,101,100,102,-1,
        ]
    }
}
Shape{
    appearance Appearance {
        material  Material 	{
            diffuseColor 1.0 1.0 1.0
            specularColor 0.5019607843137255 0.5019607843137255 0.5019607843137255
            ambientIntensity 0.2
            transparency 0
            shininess 0.5
        }
    }
    geometry IndexedFaceSet {
        ccw TRUE
        solid FALSE
        coord DEF co Coordinate {
            point [
                4.5571 0.5835 -1.1346, 4.5571 0.1131 -1.0613, 4.498 0.5835 -1.1346, 4.498 0.1131 -1.0613, 4.498 0.1023 -1.0606, 4.5571 0.1023 -1.0606, 4.498 -0.0163 -1.064, 4.5571 -0.0163 -1.064, 4.5571 0.0547 -0.9964, 4.498 0.0547 -0.9964, 4.5571 0.0647 -0.9889, 4.498 0.0647 -0.9889, 4.5571 0.0762 -0.9839, 4.498 0.0762 -0.9839, 4.5571 0.0886 -0.9818, 4.498 0.0886 -0.9818, 4.5571 0.1011 -0.9826, 4.498 0.1011 -0.9826, 4.5571 0.1131 -0.9863, 4.498 0.1131 -0.9863, 4.5571 0.1486 -1.0023, 4.498 0.1486 -1.0023, 4.498 0.1589 -1.0058, 4.5571 0.1589 -1.0058, 4.498 0.1697 -1.0073, 4.5571 0.1697 -1.0073, 4.5571 0.571 -1.0279, 4.498 0.571 -1.0279, 4.498 0.5846 -1.027, 4.5571 0.5846 -1.027, 4.498 0.5977 -1.023, 4.5571 0.5977 -1.023, 4.498 0.6095 -1.0162, 4.5571 0.6095 -1.0162, 4.498 0.6194 -1.0068, 4.5571 0.6194 -1.0068, 4.498 0.6268 -0.9953, 4.5571 0.6268 -0.9953, 4.498 0.6315 -0.9825, 4.5571 0.6315 -0.9825, 4.498 0.6331 -0.9689, 4.5571 0.6331 -0.9689, 4.5571 0.6331 -0.8638, 4.498 0.6331 -0.8638, 4.498 0.6311 -0.8487, 4.5571 0.6311 -0.8487, 4.498 0.6254 -0.8346, 4.5571 0.6254 -0.8346, 4.498 0.6162 -0.8225, 4.5571 0.6162 -0.8225, 4.498 0.6043 -0.8131, 4.5571 0.6043 -0.8131, 4.498 0.5903 -0.807, 4.5571 0.5903 -0.807, 4.498 0.5753 -0.8047, 4.5571 0.5753 -0.8047, 4.5571 0.5753 -0.8047
            ]
        }
        coordIndex [
            0,1,2,-1,2,1,3,-1,3,1,4,-1,4,1,5,-1,6,4,7,-1,7,4,5,-1,8,9,7,-1,7,9,6,-1,9,8,10,-1,9,10,11,-1,11,10,12,-1,11,12,13,-1,13,12,14,-1,13,14,15,-1,15,14,16,-1,15,16,17,-1,17,16,18,-1,17,18,19,-1,18,20,19,-1,19,20,21,-1,21,20,22,-1,22,20,23,-1,22,23,24,-1,24,23,25,-1,25,26,24,-1,24,26,27,-1,27,26,28,-1,28,26,29,-1,28,29,30,-1,30,29,31,-1,30,31,32,-1,32,31,33,-1,32,33,34,-1,34,33,35,-1,34,35,36,-1,36,35,37,-1,36,37,38,-1,38,37,39,-1,38,39,40,-1,40,39,41,-1,42,43,41,-1,41,43,40,-1,43,42,44,-1,44,42,45,-1,44,45,46,-1,46,45,47,-1,46,47,48,-1,48,47,49,-1,48,49,50,-1,50,49,51,-1,50,51,52,-1,52,51,53,-1,52,53,54,-1,54,53,55,-1,
        ]
    }
}
Shape{
    appearance Appearance {
        material  Material 	{
            diffuseColor 1.0 1.0 0.5019607843137255
            specularColor 0.5019607843137255 0.5019607843137255 0.25098039215686274
            ambientIntensity 0.2
            transparency 0
            shininess 0.5
        }
    }
    geometry IndexedFaceSet {
        ccw TRUE
        solid FALSE
        coord DEF co Coordinate {
            point [
                4.5571 0.5753 -0.8047, 4.5571 0.2216 -0.7969, 4.498 0.5753 -0.8047, 4.498 0.2216 -0.7969, 4.498 0.2066 -0.7985, 4.5571 0.2066 -0.7985, 4.498 0.1652 -0.8083, 4.5571 0.1652 -0.8083, 4.5571 0.1527 -0.8098, 4.498 0.1527 -0.8098, 4.5571 0.1401 -0.8082, 4.498 0.1401 -0.8082, 4.5571 0.1283 -0.8037, 4.498 0.1283 -0.8037, 4.5571 0.1178 -0.7965, 4.498 0.1178 -0.7965, 4.5571 0.1094 -0.7871, 4.498 0.1094 -0.7871, 4.5571 0.1034 -0.7759, 4.498 0.1034 -0.7759, 4.5571 -0.0455 -0.7824, 4.498 -0.0455 -0.7824, 4.5571 -0.0377 -0.7645, 4.498 -0.0377 -0.7645, 4.5571 -0.0258 -0.7491, 4.498 -0.0258 -0.7491, 4.5571 -0.0104 -0.737, 4.498 -0.0104 -0.737, 4.5571 0.0074 -0.7292, 4.498 0.0074 -0.7292, 4.5571 0.0267 -0.7259, 4.498 0.0267 -0.7259, 4.5571 0.0461 -0.7275, 4.498 0.0461 -0.7275, 4.5571 0.0646 -0.7338, 4.498 0.0646 -0.7338, 4.5571 0.0809 -0.7444, 4.498 0.0809 -0.7444, 4.5571 0.0941 -0.7588, 4.498 0.0941 -0.7588, 4.5571 -0.051 -0.795, 4.498 -0.051 -0.795, 4.5571 -0.0596 -0.8057, 4.498 -0.0596 -0.8057, 4.5571 -0.0707 -0.8139, 4.498 -0.0707 -0.8139, 4.5571 -0.0835 -0.8189, 4.498 -0.0835 -0.8189, 4.5571 -0.0972 -0.8205, 4.498 -0.0972 -0.8205, 4.5571 -0.1108 -0.8186, 4.498 -0.1108 -0.8186, 4.5571 -0.1234 -0.8132, 4.498 -0.1234 -0.8132, 4.5571 -0.1343 -0.8047, 4.498 -0.1343 -0.8047, 4.5571 -0.1426 -0.7938, 4.498 -0.1426 -0.7938, 4.5571 -0.1478 -0.781, 4.498 -0.1478 -0.781, 4.5571 -0.1496 -0.7674, 4.498 -0.1496 -0.7674, 4.5571 -0.1496 -0.7376, 4.498 -0.1496 -0.7376, 4.5571 -0.1483 -0.7251, 4.498 -0.1483 -0.7251, 4.5571 -0.1443 -0.7131, 4.498 -0.1443 -0.7131, 4.5571 -0.1378 -0.7022, 4.498 -0.1378 -0.7022, 4.498 -0.126 -0.6865, 4.5571 -0.126 -0.6865, 4.5571 -0.1166 -0.6766, 4.498 -0.1166 -0.6766, 4.5571 -0.1052 -0.6691, 4.498 -0.1052 -0.6691, 4.5571 -0.0923 -0.6644, 4.498 -0.0923 -0.6644, 4.5571 -0.0788 -0.6628, 4.498 -0.0788 -0.6628, 4.498 0.6448 -0.6628, 4.5571 0.6448 -0.6628, 4.5571 0.6448 -0.6628
            ]
        }
        coordIndex [
            0,1,2,-1,2,1,3,-1,3,1,4,-1,4,1,5,-1,6,4,7,-1,7,4,5,-1,6,7,8,-1,6,8,9,-1,9,8,10,-1,9,10,11,-1,11,10,12,-1,11,12,13,-1,13,12,14,-1,13,14,15,-1,15,14,16,-1,15,16,17,-1,17,16,18,-1,17,18,19,-1,20,21,22,-1,22,21,23,-1,22,23,24,-1,24,23,25,-1,24,25,26,-1,26,25,27,-1,26,27,28,-1,28,27,29,-1,28,29,30,-1,30,29,31,-1,30,31,32,-1,32,31,33,-1,32,33,34,-1,34,33,35,-1,34,35,36,-1,36,35,37,-1,36,37,38,-1,38,37,39,-1,38,39,18,-1,18,39,19,-1,21,20,40,-1,21,40,41,-1,41,40,42,-1,41,42,43,-1,43,42,44,-1,43,44,45,-1,45,44,46,-1,45,46,47,-1,47,46,48,-1,47,48,49,-1,49,48,50,-1,49,50,51,-1,51,50,52,-1,51,52,53,-1,53,52,54,-1,53,54,55,-1,55,54,56,-1,55,56,57,-1,57,56,58,-1,57,58,59,-1,59,58,60,-1,59,60,61,-1,60,62,61,-1,61,62,63,-1,63,62,64,-1,63,64,65,-1,65,64,66,-1,65,66,67,-1,67,66,68,-1,67,68,69,-1,70,69,71,-1,71,69,68,-1,70,71,72,-1,70,72,73,-1,73,72,74,-1,73,74,75,-1,75,74,76,-1,75,76,77,-1,77,76,78,-1,77,78,79,-1,80,79,81,-1,81,79,78,-1,
        ]
    }
}
Shape{
    appearance Appearance {
        material  Material 	{
            diffuseColor 1.0 1.0 1.0
            specularColor 0.5019607843137255 0.5019607843137255 0.5019607843137255
            ambientIntensity 0.2
            transparency 0
            shininess 0.5
        }
    }
    geometry IndexedFaceSet {
        ccw TRUE
        solid FALSE
        coord DEF co Coordinate {
            point [
                4.498 0.6448 -0.6628, 4.5571 0.6448 -0.6628, 4.498 0.6583 -0.6611, 4.5571 0.6583 -0.6611, 4.498 0.7357 -0.6858, 4.5571 0.7357 -0.6858, 4.498 0.7428 -0.697, 4.5571 0.7428 -0.697, 4.498 0.7525 -0.706, 4.5571 0.7525 -0.706, 4.498 0.7642 -0.7123, 4.5571 0.7642 -0.7123, 4.498 0.777 -0.7156, 4.5571 0.777 -0.7156, 4.498 0.7903 -0.7156, 4.5571 0.7903 -0.7156, 4.498 0.8031 -0.7123, 4.5571 0.8031 -0.7123, 4.498 0.8148 -0.7059, 4.5571 0.8148 -0.7059, 4.498 0.8244 -0.6968, 4.5571 0.8244 -0.6968, 4.498 0.8316 -0.6856, 4.5571 0.8316 -0.6856, 4.5571 0.8796 -0.6553, 4.498 0.8796 -0.6553, 4.498 0.8677 -0.6566, 4.5571 0.8677 -0.6566, 4.498 0.8564 -0.6606, 4.5571 0.8564 -0.6606, 4.498 0.8463 -0.667, 4.5571 0.8463 -0.667, 4.498 0.8379 -0.6755, 4.5571 0.8379 -0.6755, 4.5571 0.8379 -0.6755
            ]
        }
        coordIndex [
            0,1,2,-1,2,1,3,-1,4,5,6,-1,6,5,7,-1,6,7,8,-1,8,7,9,-1,8,9,10,-1,10,9,11,-1,10,11,12,-1,12,11,13,-1,12,13,14,-1,14,13,15,-1,14,15,16,-1,16,15,17,-1,16,17,18,-1,18,17,19,-1,18,19,20,-1,20,19,21,-1,20,21,22,-1,22,21,23,-1,24,25,26,-1,24,26,27,-1,27,26,28,-1,27,28,29,-1,29,28,30,-1,29,30,31,-1,31,30,32,-1,31,32,33,-1,33,32,22,-1,33,22,23,-1,
        ]
    }
}
Shape{
    appearance Appearance {
        material  Material 	{
            diffuseColor 1.0 1.0 0.5019607843137255
            specularColor 0.5019607843137255 0.5019607843137255 0.25098039215686274
            ambientIntensity 0.2
            transparency 0
            shininess 0.5
        }
    }
    geometry IndexedFaceSet {
        ccw TRUE
        solid FALSE
        coord DEF co Coordinate {
            point [
                4.498 0.9069 -0.6553, 4.498 0.8796 -0.6553, 4.5571 0.9069 -0.6553, 4.5571 0.8796 -0.6553, 4.5571 0.9069 -0.7849, 4.498 0.9069 -0.7849, 4.498 0.9089 -0.8002, 4.5571 0.9089 -0.8002, 4.498 0.9148 -0.8144, 4.5571 0.9148 -0.8144, 4.498 0.9242 -0.8266, 4.5571 0.9242 -0.8266, 4.498 0.9365 -0.836, 4.5571 0.9365 -0.836, 4.498 0.9507 -0.8419, 4.5571 0.9507 -0.8419, 4.498 0.966 -0.8439, 4.5571 0.966 -0.8439, 4.498 1.0054 -0.8439, 4.5098 1.0172 -0.8439, 4.5453 1.0172 -0.8439, 4.5571 1.0054 -0.8439, 4.5571 1.0054 -0.9991, 4.5519 1.0106 -0.9921, 4.5517 1.0108 -0.9919, 4.5453 1.0172 -0.9857, 4.5519 1.0106 -0.9921, 4.5571 1.0034 -1.0026, 4.5014 1.0087 -0.9943, 4.5036 1.0109 -0.992, 4.5098 1.0172 -0.9857, 4.5571 1.0092 -1.0603, 4.498 1.0092 -1.0603, 4.5571 1.0042 -1.0529, 4.498 1.0042 -1.0529, 4.5571 0.9993 -1.0408, 4.498 0.9993 -1.0408, 4.5571 0.9975 -1.0279, 4.498 0.9975 -1.0279, 4.5571 0.9989 -1.0149, 4.498 0.9989 -1.0149, 4.498 1.0034 -1.0026, 4.498 1.0054 -0.9991, 4.498 1.0231 -1.078, 4.5571 1.0231 -1.078, 4.498 1.0319 -1.0872, 4.5571 1.0319 -1.0872, 4.498 1.0425 -1.0941, 4.5571 1.0425 -1.0941, 4.498 1.0544 -1.0984, 4.5571 1.0544 -1.0984, 4.498 1.067 -1.0998, 4.5571 1.067 -1.0998, 4.498 1.1018 -1.0998, 4.5571 1.1018 -1.0998, 4.5571 1.155 -1.153, 4.498 1.155 -1.153, 4.498 1.1532 -1.1392, 4.5571 1.1532 -1.1392, 4.498 1.1478 -1.1264, 4.5571 1.1478 -1.1264, 4.498 1.1394 -1.1154, 4.5571 1.1394 -1.1154, 4.498 1.1284 -1.107, 4.5571 1.1284 -1.107, 4.498 1.1156 -1.1017, 4.5571 1.1156 -1.1017, 4.5571 1.155 -1.2337, 4.498 1.155 -1.2337, 4.498 0.8164 -1.2337, 4.5571 0.8164 -1.2337, 4.8951 1.0087 -0.9943, 4.8917 1.0054 -0.9991, 4.8917 1.0054 -0.8439, 4.9035 1.0172 -0.8439, 4.9035 1.0172 -0.9857, 4.8973 1.0109 -0.992, 4.8917 0.8252 -1.1765, 4.9508 0.8252 -1.1765, 4.8917 0.8312 -1.1643, 4.9508 0.8312 -1.1643, 4.8917 0.834 -1.151, 4.9508 0.834 -1.151, 4.8917 0.8332 -1.1375, 4.9508 0.8332 -1.1375, 4.8917 0.8291 -1.1246, 4.9508 0.8291 -1.1246, 4.8917 0.8218 -1.1131, 4.9508 0.8218 -1.1131, 4.8917 0.8119 -1.1039, 4.9508 0.8119 -1.1039, 4.8917 0.8 -1.0975, 4.9508 0.8 -1.0975, 4.8917 0.7868 -1.0943, 4.9508 0.7868 -1.0943, 4.8917 0.7732 -1.0945, 4.9508 0.7732 -1.0945, 4.8917 0.7602 -1.0982, 4.9508 0.7602 -1.0982, 4.8917 0.7485 -1.105, 4.9508 0.7485 -1.105, 4.8917 0.7389 -1.1146, 4.9508 0.7389 -1.1146, 4.9508 0.7389 -1.1146
            ]
        }
        coordIndex [
            0,1,2,-1,2,1,3,-1,4,5,2,-1,2,5,0,-1,5,4,6,-1,6,4,7,-1,6,7,8,-1,8,7,9,-1,8,9,10,-1,10,9,11,-1,10,11,12,-1,12,11,13,-1,12,13,14,-1,14,13,15,-1,14,15,16,-1,16,15,17,-1,18,16,17,-1,19,18,20,-1,20,18,17,-1,20,17,21,-1,21,22,23,-1,21,23,20,-1,20,23,24,-1,20,24,25,-1,26,22,27,-1,24,26,28,-1,28,29,24,-1,24,29,30,-1,24,30,25,-1,31,32,33,-1,33,32,34,-1,33,34,35,-1,35,34,36,-1,35,36,37,-1,37,36,38,-1,37,38,39,-1,39,38,40,-1,39,40,27,-1,27,40,41,-1,27,41,26,-1,26,41,42,-1,26,42,28,-1,43,32,44,-1,44,32,31,-1,43,44,45,-1,45,44,46,-1,45,46,47,-1,47,46,48,-1,47,48,49,-1,49,48,50,-1,49,50,51,-1,51,50,52,-1,53,51,54,-1,54,51,52,-1,55,56,57,-1,55,57,58,-1,58,57,59,-1,58,59,60,-1,60,59,61,-1,60,61,62,-1,62,61,63,-1,62,63,64,-1,64,63,65,-1,64,65,66,-1,66,65,53,-1,66,53,54,-1,67,68,55,-1,55,68,56,-1,68,67,69,-1,69,67,70,-1,71,72,73,-1,74,75,73,-1,73,75,76,-1,73,76,71,-1,77,78,79,-1,79,78,80,-1,79,80,81,-1,81,80,82,-1,81,82,83,-1,83,82,84,-1,83,84,85,-1,85,84,86,-1,85,86,87,-1,87,86,88,-1,87,88,89,-1,89,88,90,-1,89,90,91,-1,91,90,92,-1,91,92,93,-1,93,92,94,-1,93,94,95,-1,95,94,96,-1,95,96,97,-1,97,96,98,-1,97,98,99,-1,99,98,100,-1,99,100,101,-1,101,100,102,-1,
        ]
    }
}
Shape{
    appearance Appearance {
        material  Material 	{
            diffuseColor 1.0 1.0 1.0
            specularColor 0.5019607843137255 0.5019607843137255 0.5019607843137255
            ambientIntensity 0.2
            transparency 0
            shininess 0.5
        }
    }
    geometry IndexedFaceSet {
        ccw TRUE
        solid FALSE
        coord DEF co Coordinate {
            point [
                4.9508 0.5835 -1.1346, 4.9508 0.1131 -1.0613, 4.8917 0.5835 -1.1346, 4.8917 0.1131 -1.0613, 4.8917 0.1023 -1.0606, 4.9508 0.1023 -1.0606, 4.8917 -0.0163 -1.064, 4.9508 -0.0163 -1.064, 4.9508 0.0547 -0.9964, 4.8917 0.0547 -0.9964, 4.9508 0.0647 -0.9889, 4.8917 0.0647 -0.9889, 4.9508 0.0762 -0.9839, 4.8917 0.0762 -0.9839, 4.9508 0.0886 -0.9818, 4.8917 0.0886 -0.9818, 4.9508 0.1011 -0.9826, 4.8917 0.1011 -0.9826, 4.9508 0.1131 -0.9863, 4.8917 0.1131 -0.9863, 4.9508 0.1486 -1.0023, 4.8917 0.1486 -1.0023, 4.8917 0.1589 -1.0058, 4.9508 0.1589 -1.0058, 4.8917 0.1697 -1.0073, 4.9508 0.1697 -1.0073, 4.9508 0.571 -1.0279, 4.8917 0.571 -1.0279, 4.8917 0.5846 -1.027, 4.9508 0.5846 -1.027, 4.8917 0.5977 -1.023, 4.9508 0.5977 -1.023, 4.8917 0.6095 -1.0162, 4.9508 0.6095 -1.0162, 4.8917 0.6194 -1.0068, 4.9508 0.6194 -1.0068, 4.8917 0.6268 -0.9953, 4.9508 0.6268 -0.9953, 4.8917 0.6315 -0.9825, 4.9508 0.6315 -0.9825, 4.8917 0.6331 -0.9689, 4.9508 0.6331 -0.9689, 4.9508 0.6331 -0.8638, 4.8917 0.6331 -0.8638, 4.8917 0.6311 -0.8487, 4.9508 0.6311 -0.8487, 4.8917 0.6254 -0.8346, 4.9508 0.6254 -0.8346, 4.8917 0.6162 -0.8225, 4.9508 0.6162 -0.8225, 4.8917 0.6043 -0.8131, 4.9508 0.6043 -0.8131, 4.8917 0.5903 -0.807, 4.9508 0.5903 -0.807, 4.8917 0.5753 -0.8047, 4.9508 0.5753 -0.8047, 4.9508 0.5753 -0.8047
            ]
        }
        coordIndex [
            0,1,2,-1,2,1,3,-1,3,1,4,-1,4,1,5,-1,6,4,7,-1,7,4,5,-1,8,9,7,-1,7,9,6,-1,9,8,10,-1,9,10,11,-1,11,10,12,-1,11,12,13,-1,13,12,14,-1,13,14,15,-1,15,14,16,-1,15,16,17,-1,17,16,18,-1,17,18,19,-1,18,20,19,-1,19,20,21,-1,21,20,22,-1,22,20,23,-1,22,23,24,-1,24,23,25,-1,25,26,24,-1,24,26,27,-1,27,26,28,-1,28,26,29,-1,28,29,30,-1,30,29,31,-1,30,31,32,-1,32,31,33,-1,32,33,34,-1,34,33,35,-1,34,35,36,-1,36,35,37,-1,36,37,38,-1,38,37,39,-1,38,39,40,-1,40,39,41,-1,42,43,41,-1,41,43,40,-1,43,42,44,-1,44,42,45,-1,44,45,46,-1,46,45,47,-1,46,47,48,-1,48,47,49,-1,48,49,50,-1,50,49,51,-1,50,51,52,-1,52,51,53,-1,52,53,54,-1,54,53,55,-1,
        ]
    }
}
Shape{
    appearance Appearance {
        material  Material 	{
            diffuseColor 1.0 1.0 0.5019607843137255
            specularColor 0.5019607843137255 0.5019607843137255 0.25098039215686274
            ambientIntensity 0.2
            transparency 0
            shininess 0.5
        }
    }
    geometry IndexedFaceSet {
        ccw TRUE
        solid FALSE
        coord DEF co Coordinate {
            point [
                4.9508 0.5753 -0.8047, 4.9508 0.2216 -0.7969, 4.8917 0.5753 -0.8047, 4.8917 0.2216 -0.7969, 4.8917 0.2066 -0.7985, 4.9508 0.2066 -0.7985, 4.8917 0.1652 -0.8083, 4.9508 0.1652 -0.8083, 4.9508 0.1527 -0.8098, 4.8917 0.1527 -0.8098, 4.9508 0.1401 -0.8082, 4.8917 0.1401 -0.8082, 4.9508 0.1283 -0.8037, 4.8917 0.1283 -0.8037, 4.9508 0.1178 -0.7965, 4.8917 0.1178 -0.7965, 4.9508 0.1094 -0.7871, 4.8917 0.1094 -0.7871, 4.9508 0.1034 -0.7759, 4.8917 0.1034 -0.7759, 4.9508 -0.0455 -0.7824, 4.8917 -0.0455 -0.7824, 4.9508 -0.0377 -0.7645, 4.8917 -0.0377 -0.7645, 4.9508 -0.0258 -0.7491, 4.8917 -0.0258 -0.7491, 4.9508 -0.0104 -0.737, 4.8917 -0.0104 -0.737, 4.9508 0.0074 -0.7292, 4.8917 0.0074 -0.7292, 4.9508 0.0267 -0.7259, 4.8917 0.0267 -0.7259, 4.9508 0.0461 -0.7275, 4.8917 0.0461 -0.7275, 4.9508 0.0646 -0.7338, 4.8917 0.0646 -0.7338, 4.9508 0.0809 -0.7444, 4.8917 0.0809 -0.7444, 4.9508 0.0941 -0.7588, 4.8917 0.0941 -0.7588, 4.9508 -0.051 -0.795, 4.8917 -0.051 -0.795, 4.9508 -0.0596 -0.8057, 4.8917 -0.0596 -0.8057, 4.9508 -0.0707 -0.8139, 4.8917 -0.0707 -0.8139, 4.9508 -0.0835 -0.8189, 4.8917 -0.0835 -0.8189, 4.9508 -0.0972 -0.8205, 4.8917 -0.0972 -0.8205, 4.9508 -0.1108 -0.8186, 4.8917 -0.1108 -0.8186, 4.9508 -0.1234 -0.8132, 4.8917 -0.1234 -0.8132, 4.9508 -0.1343 -0.8047, 4.8917 -0.1343 -0.8047, 4.9508 -0.1426 -0.7938, 4.8917 -0.1426 -0.7938, 4.9508 -0.1478 -0.781, 4.8917 -0.1478 -0.781, 4.9508 -0.1496 -0.7674, 4.8917 -0.1496 -0.7674, 4.9508 -0.1496 -0.7376, 4.8917 -0.1496 -0.7376, 4.9508 -0.1483 -0.7251, 4.8917 -0.1483 -0.7251, 4.9508 -0.1443 -0.7131, 4.8917 -0.1443 -0.7131, 4.9508 -0.1378 -0.7022, 4.8917 -0.1378 -0.7022, 4.8917 -0.126 -0.6865, 4.9508 -0.126 -0.6865, 4.9508 -0.1166 -0.6766, 4.8917 -0.1166 -0.6766, 4.9508 -0.1052 -0.6691, 4.8917 -0.1052 -0.6691, 4.9508 -0.0923 -0.6644, 4.8917 -0.0923 -0.6644, 4.9508 -0.0788 -0.6628, 4.8917 -0.0788 -0.6628, 4.8917 0.6448 -0.6628, 4.9508 0.6448 -0.6628, 4.9508 0.6448 -0.6628
            ]
        }
        coordIndex [
            0,1,2,-1,2,1,3,-1,3,1,4,-1,4,1,5,-1,6,4,7,-1,7,4,5,-1,6,7,8,-1,6,8,9,-1,9,8,10,-1,9,10,11,-1,11,10,12,-1,11,12,13,-1,13,12,14,-1,13,14,15,-1,15,14,16,-1,15,16,17,-1,17,16,18,-1,17,18,19,-1,20,21,22,-1,22,21,23,-1,22,23,24,-1,24,23,25,-1,24,25,26,-1,26,25,27,-1,26,27,28,-1,28,27,29,-1,28,29,30,-1,30,29,31,-1,30,31,32,-1,32,31,33,-1,32,33,34,-1,34,33,35,-1,34,35,36,-1,36,35,37,-1,36,37,38,-1,38,37,39,-1,38,39,18,-1,18,39,19,-1,21,20,40,-1,21,40,41,-1,41,40,42,-1,41,42,43,-1,43,42,44,-1,43,44,45,-1,45,44,46,-1,45,46,47,-1,47,46,48,-1,47,48,49,-1,49,48,50,-1,49,50,51,-1,51,50,52,-1,51,52,53,-1,53,52,54,-1,53,54,55,-1,55,54,56,-1,55,56,57,-1,57,56,58,-1,57,58,59,-1,59,58,60,-1,59,60,61,-1,60,62,61,-1,61,62,63,-1,63,62,64,-1,63,64,65,-1,65,64,66,-1,65,66,67,-1,67,66,68,-1,67,68,69,-1,70,69,71,-1,71,69,68,-1,70,71,72,-1,70,72,73,-1,73,72,74,-1,73,74,75,-1,75,74,76,-1,75,76,77,-1,77,76,78,-1,77,78,79,-1,80,79,81,-1,81,79,78,-1,
        ]
    }
}
Shape{
    appearance Appearance {
        material  Material 	{
            diffuseColor 1.0 1.0 1.0
            specularColor 0.5019607843137255 0.5019607843137255 0.5019607843137255
            ambientIntensity 0.2
            transparency 0
            shininess 0.5
        }
    }
    geometry IndexedFaceSet {
        ccw TRUE
        solid FALSE
        coord DEF co Coordinate {
            point [
                4.8917 0.6448 -0.6628, 4.9508 0.6448 -0.6628, 4.8917 0.6583 -0.6611, 4.9508 0.6583 -0.6611, 4.8917 0.7357 -0.6858, 4.9508 0.7357 -0.6858, 4.8917 0.7428 -0.697, 4.9508 0.7428 -0.697, 4.8917 0.7525 -0.706, 4.9508 0.7525 -0.706, 4.8917 0.7642 -0.7123, 4.9508 0.7642 -0.7123, 4.8917 0.777 -0.7156, 4.9508 0.777 -0.7156, 4.8917 0.7903 -0.7156, 4.9508 0.7903 -0.7156, 4.8917 0.8031 -0.7123, 4.9508 0.8031 -0.7123, 4.8917 0.8148 -0.7059, 4.9508 0.8148 -0.7059, 4.8917 0.8244 -0.6968, 4.9508 0.8244 -0.6968, 4.8917 0.8316 -0.6856, 4.9508 0.8316 -0.6856, 4.9508 0.8796 -0.6553, 4.8917 0.8796 -0.6553, 4.8917 0.8677 -0.6566, 4.9508 0.8677 -0.6566, 4.8917 0.8564 -0.6606, 4.9508 0.8564 -0.6606, 4.8917 0.8463 -0.667, 4.9508 0.8463 -0.667, 4.8917 0.8379 -0.6755, 4.9508 0.8379 -0.6755, 4.9508 0.8379 -0.6755
            ]
        }
        coordIndex [
            0,1,2,-1,2,1,3,-1,4,5,6,-1,6,5,7,-1,6,7,8,-1,8,7,9,-1,8,9,10,-1,10,9,11,-1,10,11,12,-1,12,11,13,-1,12,13,14,-1,14,13,15,-1,14,15,16,-1,16,15,17,-1,16,17,18,-1,18,17,19,-1,18,19,20,-1,20,19,21,-1,20,21,22,-1,22,21,23,-1,24,25,26,-1,24,26,27,-1,27,26,28,-1,27,28,29,-1,29,28,30,-1,29,30,31,-1,31,30,32,-1,31,32,33,-1,33,32,22,-1,33,22,23,-1,
        ]
    }
}
Shape{
    appearance Appearance {
        material  Material 	{
            diffuseColor 1.0 1.0 0.5019607843137255
            specularColor 0.5019607843137255 0.5019607843137255 0.25098039215686274
            ambientIntensity 0.2
            transparency 0
            shininess 0.5
        }
    }
    geometry IndexedFaceSet {
        ccw TRUE
        solid FALSE
        coord DEF co Coordinate {
            point [
                4.8917 0.9069 -0.6553, 4.8917 0.8796 -0.6553, 4.9508 0.9069 -0.6553, 4.9508 0.8796 -0.6553, 4.9508 0.9069 -0.7849, 4.8917 0.9069 -0.7849, 4.8917 0.9089 -0.8002, 4.9508 0.9089 -0.8002, 4.8917 0.9148 -0.8144, 4.9508 0.9148 -0.8144, 4.8917 0.9242 -0.8266, 4.9508 0.9242 -0.8266, 4.8917 0.9365 -0.836, 4.9508 0.9365 -0.836, 4.8917 0.9507 -0.8419, 4.9508 0.9507 -0.8419, 4.8917 0.966 -0.8439, 4.9508 0.966 -0.8439, 4.9508 1.0054 -0.8439, 4.939 1.0172 -0.8439, 4.9035 1.0172 -0.8439, 4.8917 1.0054 -0.8439, 4.9508 1.0054 -0.9991, 4.9456 1.0106 -0.9921, 4.9454 1.0108 -0.9919, 4.939 1.0172 -0.9857, 4.9456 1.0106 -0.9921, 4.9508 1.0034 -1.0026, 4.8951 1.0087 -0.9943, 4.8973 1.0109 -0.992, 4.9035 1.0172 -0.9857, 4.9508 1.0092 -1.0603, 4.8917 1.0092 -1.0603, 4.9508 1.0042 -1.0529, 4.8917 1.0042 -1.0529, 4.9508 0.9993 -1.0408, 4.8917 0.9993 -1.0408, 4.9508 0.9975 -1.0279, 4.8917 0.9975 -1.0279, 4.9508 0.9989 -1.0149, 4.8917 0.9989 -1.0149, 4.8917 1.0034 -1.0026, 4.8917 1.0054 -0.9991, 4.8917 1.0231 -1.078, 4.9508 1.0231 -1.078, 4.8917 1.0319 -1.0872, 4.9508 1.0319 -1.0872, 4.8917 1.0425 -1.0941, 4.9508 1.0425 -1.0941, 4.8917 1.0544 -1.0984, 4.9508 1.0544 -1.0984, 4.8917 1.067 -1.0998, 4.9508 1.067 -1.0998, 4.8917 1.1018 -1.0998, 4.9508 1.1018 -1.0998, 4.9508 1.155 -1.153, 4.8917 1.155 -1.153, 4.8917 1.1532 -1.1392, 4.9508 1.1532 -1.1392, 4.8917 1.1478 -1.1264, 4.9508 1.1478 -1.1264, 4.8917 1.1394 -1.1154, 4.9508 1.1394 -1.1154, 4.8917 1.1284 -1.107, 4.9508 1.1284 -1.107, 4.8917 1.1156 -1.1017, 4.9508 1.1156 -1.1017, 4.9508 1.155 -1.2337, 4.8917 1.155 -1.2337, 4.8917 0.8164 -1.2337, 4.9508 0.8164 -1.2337, 4.9508 0.8164 -1.2337
            ]
        }
        coordIndex [
            0,1,2,-1,2,1,3,-1,4,5,2,-1,2,5,0,-1,5,4,6,-1,6,4,7,-1,6,7,8,-1,8,7,9,-1,8,9,10,-1,10,9,11,-1,10,11,12,-1,12,11,13,-1,12,13,14,-1,14,13,15,-1,14,15,16,-1,16,15,17,-1,16,17,18,-1,18,19,16,-1,16,19,20,-1,16,20,21,-1,18,22,23,-1,18,23,19,-1,19,23,24,-1,19,24,25,-1,26,22,27,-1,24,26,28,-1,28,29,24,-1,24,29,30,-1,24,30,25,-1,31,32,33,-1,33,32,34,-1,33,34,35,-1,35,34,36,-1,35,36,37,-1,37,36,38,-1,37,38,39,-1,39,38,40,-1,39,40,27,-1,27,40,41,-1,27,41,26,-1,26,41,42,-1,26,42,28,-1,43,32,44,-1,44,32,31,-1,43,44,45,-1,45,44,46,-1,45,46,47,-1,47,46,48,-1,47,48,49,-1,49,48,50,-1,49,50,51,-1,51,50,52,-1,53,51,54,-1,54,51,52,-1,55,56,57,-1,55,57,58,-1,58,57,59,-1,58,59,60,-1,60,59,61,-1,60,61,62,-1,62,61,63,-1,62,63,64,-1,64,63,65,-1,64,65,66,-1,66,65,53,-1,66,53,54,-1,67,68,55,-1,55,68,56,-1,68,67,69,-1,69,67,70,-1,
        ]
    }
}
Shape{
    appearance Appearance {
        material  Material 	{
            diffuseColor 1.0 1.0 1.0
            specularColor 0.5019607843137255 0.5019607843137255 0.5019607843137255
            ambientIntensity 0.2
            transparency 0
            shininess 0.5
        }
    }
    geometry IndexedFaceSet {
        ccw TRUE
        solid FALSE
        coord DEF co Coordinate {
            point [
                3.3406 -0.6718 -0.8754, 3.3406 -1.0104 -0.8093, 3.6476 -0.6718 -0.8754, 3.3445 -1.0143 -0.8085, 3.7264 -0.7309 -0.8639, 3.7264 -1.0143 -0.8085, 3.7264 -1.0301 -0.8085, 3.7264 -1.0301 -1.1207, 3.7264 -0.7387 -1.0487, 3.7264 -0.7309 -1.0487, 4.1043 0.5835 -1.1346, 4.1043 0.5926 -1.1353, 4.1634 0.5835 -1.1346, 4.1634 0.5926 -1.1353, 4.1634 0.6968 -1.1353, 4.1043 0.6968 -1.1353, 4.1043 0.7088 -1.1339, 4.1634 0.7088 -1.1339, 4.1043 0.7202 -1.1298, 4.1634 0.7202 -1.1298, 4.1043 0.7304 -1.1233, 4.1634 0.7304 -1.1233, 4.1043 0.7389 -1.1146, 4.1634 0.7389 -1.1146, 4.498 0.5835 -1.1346, 4.498 0.5926 -1.1353, 4.5571 0.5835 -1.1346, 4.5571 0.5926 -1.1353, 4.5571 0.6968 -1.1353, 4.498 0.6968 -1.1353, 4.498 0.7088 -1.1339, 4.5571 0.7088 -1.1339, 4.498 0.7202 -1.1298, 4.5571 0.7202 -1.1298, 4.498 0.7304 -1.1233, 4.5571 0.7304 -1.1233, 4.498 0.7389 -1.1146, 4.5571 0.7389 -1.1146, 4.8917 0.5835 -1.1346, 4.8917 0.5926 -1.1353, 4.9508 0.5835 -1.1346, 4.9508 0.5926 -1.1353, 4.9508 0.6968 -1.1353, 4.8917 0.6968 -1.1353, 4.8917 0.7088 -1.1339, 4.9508 0.7088 -1.1339, 4.8917 0.7202 -1.1298, 4.9508 0.7202 -1.1298, 4.8917 0.7304 -1.1233, 4.9508 0.7304 -1.1233, 4.8917 0.7389 -1.1146, 4.9508 0.7389 -1.1146, 4.8917 0.7343 -0.655, 4.9508 0.7343 -0.655, 4.8917 0.7323 -0.6626, 4.9508 0.7323 -0.6626, 4.8917 0.7318 -0.6705, 4.9508 0.7318 -0.6705, 4.8917 0.733 -0.6784, 4.9508 0.733 -0.6784, 4.8917 0.7357 -0.6858, 4.9508 0.7357 -0.6858, 4.9508 0.6583 -0.6611, 4.9508 0.6817 -0.655, 4.8917 0.6583 -0.6611, 4.8917 0.6817 -0.655, 4.8878 0.4739 -0.8597, 4.7579 0.4739 -0.8597, 4.8878 0.6038 -0.8597, 4.7579 0.6038 -0.8597, 4.8878 0.6038 -1.0093, 4.7579 0.6038 -1.0093, 4.8878 0.4345 -1.0093, 4.7579 0.4345 -1.0093, 4.8878 0.1983 -1.0329, 4.7579 0.1983 -1.0329, 4.8878 -0.0616 -1.0329, 4.7579 -0.0616 -1.0329, 4.8878 -0.1009 -1.0487, 4.7579 -0.1009 -1.0487, 4.8878 -0.7387 -1.0487, 4.7579 -0.7387 -1.0487, 4.6909 0.4739 -0.8597, 4.561 0.4739 -0.8597, 4.6909 0.6038 -0.8597, 4.561 0.6038 -0.8597, 4.6909 0.6038 -1.0093, 4.561 0.6038 -1.0093, 4.6909 0.4345 -1.0093, 4.561 0.4345 -1.0093, 4.6909 0.1983 -1.0329, 4.561 0.1983 -1.0329, 4.6909 -0.0616 -1.0329, 4.561 -0.0616 -1.0329, 4.6909 -0.1009 -1.0487, 4.561 -0.1009 -1.0487, 4.6909 -0.7387 -1.0487, 4.561 -0.7387 -1.0487, 4.498 0.7343 -0.655, 4.5571 0.7343 -0.655, 4.498 0.7323 -0.6626, 4.5571 0.7323 -0.6626, 4.498 0.7318 -0.6705, 4.5571 0.7318 -0.6705, 4.498 0.733 -0.6784, 4.5571 0.733 -0.6784, 4.498 0.7357 -0.6858, 4.5571 0.7357 -0.6858, 4.5571 0.6583 -0.6611, 4.5571 0.6817 -0.655, 4.498 0.6583 -0.6611, 4.498 0.6817 -0.655, 4.4941 0.4739 -0.8597, 4.3642 0.4739 -0.8597, 4.4941 0.6038 -0.8597, 4.3642 0.6038 -0.8597, 4.4941 0.6038 -1.0093, 4.3642 0.6038 -1.0093, 4.4941 0.4345 -1.0093, 4.3642 0.4345 -1.0093, 4.4941 0.1983 -1.0329, 4.3642 0.1983 -1.0329, 4.4941 -0.0616 -1.0329, 4.3642 -0.0616 -1.0329, 4.4941 -0.1009 -1.0487, 4.3642 -0.1009 -1.0487, 4.4941 -0.7387 -1.0487, 4.3642 -0.7387 -1.0487, 4.2972 0.4739 -0.8597, 4.1673 0.4739 -0.8597, 4.2972 0.6038 -0.8597, 4.1673 0.6038 -0.8597, 4.2972 0.6038 -1.0093, 4.1673 0.6038 -1.0093, 4.2972 0.4345 -1.0093, 4.1673 0.4345 -1.0093, 4.2972 0.1983 -1.0329, 4.1673 0.1983 -1.0329, 4.2972 -0.0616 -1.0329, 4.1673 -0.0616 -1.0329, 4.2972 -0.1009 -1.0487, 4.1673 -0.1009 -1.0487, 4.2972 -0.7387 -1.0487, 4.1673 -0.7387 -1.0487, 4.1043 0.7343 -0.655, 4.1634 0.7343 -0.655, 4.1043 0.7323 -0.6626, 4.1634 0.7323 -0.6626, 4.1043 0.7318 -0.6705, 4.1634 0.7318 -0.6705, 4.1043 0.733 -0.6784, 4.1634 0.733 -0.6784, 4.1043 0.7357 -0.6858, 4.1634 0.7357 -0.6858, 4.1634 0.6583 -0.6611, 4.1634 0.6817 -0.655, 4.1043 0.6583 -0.6611, 4.1043 0.6817 -0.655, 4.1004 0.4739 -0.8597, 3.9705 0.4739 -0.8597, 4.1004 0.6038 -0.8597, 3.9705 0.6038 -0.8597, 4.1004 0.6038 -1.0093, 3.9705 0.6038 -1.0093, 4.1004 0.4345 -1.0093, 3.9705 0.4345 -1.0093, 4.1004 0.1983 -1.0329, 3.9705 0.1983 -1.0329, 4.1004 -0.0616 -1.0329, 3.9705 -0.0616 -1.0329, 4.1004 -0.1009 -1.0487, 3.9705 -0.1009 -1.0487, 4.1004 -0.7387 -1.0487, 3.9705 -0.7387 -1.0487, 3.3406 -0.1009 -1.0487, 3.3406 -0.6718 -1.0487, 3.9035 -0.1009 -1.0487, 3.6476 -0.6718 -1.0487, 3.9035 -0.7387 -1.0487, 3.9035 -0.0616 -1.0329, 3.3406 -0.0616 -1.0329, 3.7264 0.1983 -1.0329, 3.9035 0.1983 -1.0329, 3.7264 0.4345 -1.0093, 3.9035 0.4345 -1.0093, 3.7264 0.6038 -1.0093, 3.9035 0.6038 -1.0093, 3.7264 0.6038 -0.8597, 3.9035 0.6038 -0.8597, 3.7264 0.4739 -0.8597, 3.9035 0.4739 -0.8597, 3.7264 0.2101 -0.8085, 3.7264 0.1707 -0.8085, 3.7264 0.1707 -1.0329, 3.5886 -0.0065 -0.8085, 3.5886 -0.0065 -1.0329, 3.2776 0.218 -0.9189, 3.3366 0.218 -0.9189, 3.5039 0.218 -0.8006, 3.3406 0.218 -1.0329, 3.5039 0.218 -1.0329, 3.3406 0.218 -0.9266, 3.3366 0.218 -0.9266, 3.189 0.218 -0.8006, 3.189 0.218 -0.8951, 3.2736 0.218 -0.8951, 3.2736 0.218 -0.9266, 3.2776 0.218 -0.9266, 3.5039 -0.0065 -0.8085, 3.5039 -0.0065 -1.0329, 3.5039 0.277 -0.8006, 3.189 0.277 -0.8006, 3.189 -0.6128 -0.9227, 3.189 -0.6128 -1.0093, 3.189 -0.2072 -1.0093, 3.189 -0.8261 -0.7555, 3.189 -0.9326 -0.7555, 3.189 -1.0065 -0.9227, 3.189 -1.0065 -0.6038, 3.189 -0.9326 -0.6686, 3.189 -0.8261 -0.6686, 3.189 0.277 -0.6038, 3.189 0.1195 -0.8951, 3.2736 -0.6128 -0.9227, 3.2736 -0.9671 -0.9227, 3.2343 -1.0065 -0.9227, 3.2736 -0.9671 -1.0684, 3.2343 -1.0065 -1.0684, 3.0669 0.0329 -0.8991, 2.9921 0.0329 -0.8991, 3.0669 0.0329 -0.6628, 2.9921 0.0329 -0.6628, 2.9921 -1.0065 -1.0684, 2.9921 -0.1049 -1.0684, 3.2736 -0.1049 -1.0684, 3.3406 -0.1049 -1.1117, 3.3406 -0.1049 -1.0723, 3.2736 -0.1049 -1.0723, 2.9921 -0.1049 -1.1117, 2.9921 -0.0576 -1.1353, 3.3406 -0.0576 -1.1353, 3.0669 0.6235 -0.6628, 2.9921 0.6235 -0.6628, 3.0669 0.6235 -0.8991, 2.9921 0.6235 -0.8991, 3.3406 0.6235 -0.9266, 3.3406 -1.0104 -1.1353, 3.3406 0.6235 -1.0723, 3.3366 0.5427 -1.0723, 3.3366 -0.0154 -1.0723, 3.2776 0.5427 -1.0723, 3.2736 0.6235 -1.0723, 3.2776 -0.0154 -1.0723, 3.2343 0.6235 -1.029, 3.2343 0.277 -1.029, 3.2736 0.6235 -1.029, 3.2736 0.277 -1.029, 3.2343 0.6235 -0.9699, 3.2343 0.277 -0.9699, 3.2736 0.6235 -0.9699, 3.2736 0.277 -0.9699, 3.2736 0.1195 -0.8951, 3.2736 0.6235 -0.9266, 3.2736 -0.6128 -1.0093, 3.2736 -0.2072 -1.0093, 3.2736 -0.2072 -1.0093
            ]
        }
        coordIndex [
            0,1,2,-1,2,1,3,-1,2,3,4,-1,4,3,5,-1,6,7,5,-1,5,7,8,-1,5,8,4,-1,4,8,9,-1,10,11,12,-1,12,11,13,-1,14,15,16,-1,14,16,17,-1,17,16,18,-1,17,18,19,-1,19,18,20,-1,19,20,21,-1,21,20,22,-1,21,22,23,-1,24,25,26,-1,26,25,27,-1,28,29,30,-1,28,30,31,-1,31,30,32,-1,31,32,33,-1,33,32,34,-1,33,34,35,-1,35,34,36,-1,35,36,37,-1,38,39,40,-1,40,39,41,-1,42,43,44,-1,42,44,45,-1,45,44,46,-1,45,46,47,-1,47,46,48,-1,47,48,49,-1,49,48,50,-1,49,50,51,-1,52,53,54,-1,54,53,55,-1,54,55,56,-1,56,55,57,-1,56,57,58,-1,58,57,59,-1,58,59,60,-1,60,59,61,-1,62,63,64,-1,64,63,65,-1,66,67,68,-1,68,67,69,-1,68,69,70,-1,70,69,71,-1,70,71,72,-1,72,71,73,-1,72,73,74,-1,74,73,75,-1,74,75,76,-1,76,75,77,-1,76,77,78,-1,78,77,79,-1,78,79,80,-1,80,79,81,-1,82,83,84,-1,84,83,85,-1,84,85,86,-1,86,85,87,-1,86,87,88,-1,88,87,89,-1,88,89,90,-1,90,89,91,-1,90,91,92,-1,92,91,93,-1,92,93,94,-1,94,93,95,-1,94,95,96,-1,96,95,97,-1,98,99,100,-1,100,99,101,-1,100,101,102,-1,102,101,103,-1,102,103,104,-1,104,103,105,-1,104,105,106,-1,106,105,107,-1,108,109,110,-1,110,109,111,-1,112,113,114,-1,114,113,115,-1,114,115,116,-1,116,115,117,-1,116,117,118,-1,118,117,119,-1,118,119,120,-1,120,119,121,-1,120,121,122,-1,122,121,123,-1,122,123,124,-1,124,123,125,-1,124,125,126,-1,126,125,127,-1,128,129,130,-1,130,129,131,-1,130,131,132,-1,132,131,133,-1,132,133,134,-1,134,133,135,-1,134,135,136,-1,136,135,137,-1,136,137,138,-1,138,137,139,-1,138,139,140,-1,140,139,141,-1,140,141,142,-1,142,141,143,-1,144,145,146,-1,146,145,147,-1,146,147,148,-1,148,147,149,-1,148,149,150,-1,150,149,151,-1,150,151,152,-1,152,151,153,-1,154,155,156,-1,156,155,157,-1,158,159,160,-1,160,159,161,-1,160,161,162,-1,162,161,163,-1,162,163,164,-1,164,163,165,-1,164,165,166,-1,166,165,167,-1,166,167,168,-1,168,167,169,-1,168,169,170,-1,170,169,171,-1,170,171,172,-1,172,171,173,-1,174,175,176,-1,176,175,177,-1,176,177,178,-1,178,177,9,-1,178,9,8,-1,176,179,174,-1,174,179,180,-1,181,182,183,-1,183,182,184,-1,183,184,185,-1,185,184,186,-1,185,186,187,-1,187,186,188,-1,187,188,189,-1,189,188,190,-1,183,185,187,-1,187,189,183,-1,183,189,191,-1,183,191,181,-1,181,191,192,-1,181,192,193,-1,192,194,193,-1,193,194,195,-1,196,197,198,-1,199,200,201,-1,201,200,198,-1,201,198,202,-1,202,198,197,-1,203,204,198,-1,198,204,205,-1,198,205,196,-1,196,205,206,-1,196,206,207,-1,194,208,195,-1,195,208,209,-1,200,199,209,-1,209,199,180,-1,209,180,195,-1,195,180,179,-1,195,179,193,-1,193,179,182,-1,193,182,181,-1,198,210,203,-1,203,210,211,-1,212,213,214,-1,215,216,217,-1,217,216,218,-1,216,219,218,-1,218,219,220,-1,218,220,221,-1,221,220,203,-1,221,203,211,-1,217,212,215,-1,215,212,214,-1,215,214,220,-1,220,214,222,-1,220,222,203,-1,203,222,204,-1,223,212,224,-1,224,212,217,-1,224,217,225,-1,224,225,226,-1,226,225,227,-1,228,229,230,-1,230,229,231,-1,227,232,226,-1,226,232,233,-1,226,233,234,-1,235,236,237,-1,234,233,237,-1,237,233,238,-1,237,238,235,-1,238,239,235,-1,235,239,240,-1,230,231,241,-1,241,231,242,-1,230,241,228,-1,228,241,243,-1,243,244,228,-1,228,244,229,-1,199,201,245,-1,235,240,246,-1,236,175,174,-1,236,235,175,-1,175,235,246,-1,175,246,0,-1,0,246,1,-1,174,180,236,-1,236,180,199,-1,236,199,247,-1,247,199,245,-1,247,248,249,-1,248,247,250,-1,250,247,251,-1,250,251,252,-1,252,251,237,-1,252,237,249,-1,249,237,236,-1,249,236,247,-1,253,254,255,-1,255,254,256,-1,257,258,253,-1,253,258,254,-1,259,260,257,-1,257,260,258,-1,206,205,261,-1,260,259,262,-1,251,255,256,-1,223,224,263,-1,263,224,226,-1,263,226,234,-1,260,234,256,-1,256,234,237,-1,256,237,251,-1,262,206,260,-1,260,206,261,-1,260,261,234,-1,234,261,264,-1,234,264,263,-1,
        ]
    }
}
Shape{
    appearance Appearance {
        material  Material 	{
            diffuseColor 0.25098039215686274 0.25098039215686274 0.25098039215686274
            specularColor 0.12549019607843137 0.12549019607843137 0.12549019607843137
            ambientIntensity 0.2
            transparency 0
            shininess 0.5
        }
    }
    geometry IndexedFaceSet {
        ccw TRUE
        solid FALSE
        coord DEF co Coordinate {
            point [
                3.2146 -0.9778 -0.8006, 3.189 -0.9326 -0.7555, 3.2146 -0.781 -0.8006, 3.189 -0.8261 -0.7555, 3.189 -0.8261 -0.7555
            ]
        }
        coordIndex [
            0,1,2,-1,2,1,3,-1,
        ]
    }
}
Shape{
    appearance Appearance {
        material  Material 	{
            diffuseColor 0.7529411764705882 0.7529411764705882 0.7529411764705882
            specularColor 0.3764705882352941 0.3764705882352941 0.3764705882352941
            ambientIntensity 0.2
            transparency 0
            shininess 0.5
        }
    }
    geometry IndexedFaceSet {
        ccw TRUE
        solid FALSE
        coord DEF co Coordinate {
            point [
                3.2776 -1.07 -1.0969, 3.2776 -1.0711 -1.0865, 3.2776 -0.4935 -0.8872, 3.2776 -1.07 -1.1468, 3.2776 -1.0756 -0.9423, 3.2776 -1.0715 -0.931, 3.2776 -1.0701 -0.9212, 3.2776 -1.0701 -0.8538, 3.2776 0.102 -0.8872, 3.2776 -0.4491 -1.163, 3.2776 -0.4575 -1.152, 3.2776 -0.5477 -1.1365, 3.2776 -0.4951 -1.1365, 3.2776 -0.4813 -1.1383, 3.2776 -0.8545 -1.1988, 3.2776 -0.8651 -1.1999, 3.2776 -1.0169 -1.1999, 3.2776 -1.0682 -1.1605, 3.2776 -1.0288 -0.802, 3.2776 -1.017 -0.8006, 3.2776 0.3017 -0.9304, 3.2776 0.3128 -0.9266, 3.2776 0.5427 -1.0723, 3.2776 0.3803 -0.9266, 3.2776 0.6228 -0.9977, 3.2776 0.6228 -1.006, 3.2776 0.5929 -0.9499, 3.2776 -1.0435 -1.1928, 3.2776 -1.0545 -1.1843, 3.2776 -1.0629 -1.1733, 3.2776 -1.0773 -0.9454, 3.2776 -1.0773 -1.0701, 3.2776 -1.075 -1.0744, 3.2776 -1.04 -0.8059, 3.2776 -0.0752 -1.0431, 3.2776 -0.0881 -1.0409, 3.2776 -0.4685 -1.1436, 3.2776 0.2427 -0.9283, 3.2776 0.2519 -0.9309, 3.2776 -0.0154 -1.0723, 3.2776 0.2615 -0.9317, 3.2776 0.29 -0.9317, 3.2776 -0.4935 -0.884, 3.2776 -0.8482 -0.802, 3.2776 -0.8602 -0.8006, 3.2776 0.218 -0.9266, 3.2776 -0.0258 -1.0713, 3.2776 -0.0358 -1.0682, 3.2776 0.6176 -1.029, 3.2776 0.6113 -1.0391, 3.2776 0.4025 -0.9315, 3.2776 -1.0307 -1.1981, 3.2776 -1.0688 -0.842, 3.2776 -1.0648 -0.8307, 3.2776 -0.1266 -1.1333, 3.2776 -0.116 -1.1408, 3.2776 -0.4419 -1.2337, 3.2776 0.2383 -0.9266, 3.2776 -0.045 -1.0632, 3.2776 -0.0531 -1.0565, 3.2776 -0.0634 -1.0485, 3.2776 0.6029 -1.0475, 3.2776 0.5929 -1.0538, 3.2776 0.566 -1.0669, 3.2776 0.3912 -0.9302, 3.2776 0.5546 -1.0709, 3.2776 -1.0585 -0.8206, 3.2776 -1.0501 -0.8122, 3.2776 -0.1335 -1.0622, 3.2776 -0.1399 -1.0735, 3.2776 -0.1434 -1.086, 3.2776 -0.4437 -1.1759, 3.2776 -0.1438 -1.0991, 3.2776 -0.4419 -1.1896, 3.2776 -0.141 -1.1118, 3.2776 -0.1351 -1.1234, 3.2776 -0.1011 -1.0418, 3.2776 -0.1135 -1.0458, 3.2776 -0.1245 -1.0528, 3.2776 0.5427 -0.9315, 3.2776 0.5546 -0.9328, 3.2776 0.566 -0.9368, 3.2776 0.6029 -0.9563, 3.2776 0.6113 -0.9647, 3.2776 0.6215 -0.9859, 3.2776 0.6176 -0.9747, 3.2776 0.6215 -1.0178, 3.2776 -0.1038 -1.1455, 3.2776 -0.0909 -1.1471, 3.2776 0.1085 -1.2337, 3.2776 0.0404 -1.1471, 3.2776 0.0515 -1.1483, 3.2776 0.0621 -1.1517, 3.2776 0.0717 -1.1573, 3.2776 0.1085 -1.2112, 3.2776 0.0867 -1.1682, 3.2776 0.1086 -0.8861, 3.2776 0.1216 -0.8861, 3.2776 0.1064 -0.8868, 3.2776 0.218 -0.9189, 3.2776 0.1404 -0.8896, 3.2776 0.1311 -0.887, 3.2776 0.0958 -1.1767, 3.2776 0.1027 -1.1871, 3.2776 0.1071 -1.1988, 3.2776 0.1071 -1.1988
            ]
        }
        coordIndex [
            0,1,2,-1,0,2,3,-1,4,5,2,-1,2,5,6,-1,2,6,7,-1,8,9,10,-1,11,2,12,-1,12,2,13,-1,11,14,2,-1,2,14,15,-1,2,15,3,-1,3,15,16,-1,3,16,17,-1,18,19,7,-1,20,21,22,-1,22,21,23,-1,24,25,26,-1,27,28,29,-1,30,4,31,-1,31,4,2,-1,31,2,32,-1,32,2,1,-1,18,7,33,-1,34,35,8,-1,8,10,2,-1,2,10,36,-1,2,36,13,-1,37,38,39,-1,39,38,40,-1,39,40,22,-1,22,40,41,-1,22,41,20,-1,42,2,43,-1,43,2,7,-1,43,7,44,-1,44,7,19,-1,45,46,47,-1,48,49,50,-1,17,16,29,-1,29,16,51,-1,29,51,27,-1,7,52,53,-1,54,55,56,-1,46,45,39,-1,39,45,57,-1,39,57,37,-1,47,58,45,-1,45,58,59,-1,45,59,60,-1,49,61,50,-1,50,61,62,-1,50,62,63,-1,23,64,22,-1,22,64,50,-1,22,50,65,-1,65,50,63,-1,53,66,7,-1,7,66,67,-1,7,67,33,-1,68,69,9,-1,9,69,70,-1,9,70,71,-1,71,70,72,-1,71,72,73,-1,73,72,74,-1,73,74,56,-1,56,74,75,-1,56,75,54,-1,35,76,8,-1,8,76,77,-1,8,77,9,-1,9,77,78,-1,9,78,68,-1,79,80,25,-1,25,80,81,-1,25,81,26,-1,26,82,24,-1,24,82,83,-1,24,83,84,-1,84,83,85,-1,79,25,50,-1,50,25,86,-1,50,86,48,-1,55,87,56,-1,56,87,88,-1,56,88,89,-1,89,88,90,-1,89,90,91,-1,91,92,89,-1,89,92,93,-1,89,93,94,-1,94,93,95,-1,96,97,60,-1,34,8,60,-1,60,8,98,-1,60,98,96,-1,99,45,100,-1,100,45,60,-1,100,60,101,-1,101,60,97,-1,102,103,95,-1,95,103,104,-1,95,104,94,-1,
        ]
    }
}
Shape{
    appearance Appearance {
        material  Material 	{
            diffuseColor 1.0 1.0 1.0
            specularColor 0.5019607843137255 0.5019607843137255 0.5019607843137255
            ambientIntensity 0.2
            transparency 0
            shininess 0.5
        }
    }
    geometry IndexedFaceSet {
        ccw TRUE
        solid FALSE
        coord DEF co Coordinate {
            point [
                3.2776 -0.8482 -0.802, 3.2776 -0.8602 -0.8006, 3.3366 -0.8482 -0.802, 3.3366 -0.8602 -0.8006, 3.3366 -0.8602 -0.8006
            ]
        }
        coordIndex [
            0,1,2,-1,2,1,3,-1,
        ]
    }
}
Shape{
    appearance Appearance {
        material  Material 	{
            diffuseColor 0.7529411764705882 0.7529411764705882 0.7529411764705882
            specularColor 0.3764705882352941 0.3764705882352941 0.3764705882352941
            ambientIntensity 0.2
            transparency 0
            shininess 0.5
        }
    }
    geometry IndexedFaceSet {
        ccw TRUE
        solid FALSE
        coord DEF co Coordinate {
            point [
                3.3366 0.3803 -0.9266, 3.3366 0.3128 -0.9266, 3.3366 0.3017 -0.9304, 3.3366 -0.1011 -1.0418, 3.3366 -0.0881 -1.0409, 3.3366 0.218 -0.9266, 3.3366 -0.0752 -1.0431, 3.3366 0.5427 -1.0723, 3.3366 0.3912 -0.9302, 3.3366 -0.8651 -1.1999, 3.3366 -0.8545 -1.1988, 3.3366 -0.4935 -0.8872, 3.3366 -0.5477 -1.1365, 3.3366 -0.4951 -1.1365, 3.3366 0.1064 -0.8868, 3.3366 0.102 -0.8872, 3.3366 -0.1135 -1.0458, 3.3366 -1.0715 -0.931, 3.3366 -1.0756 -0.9423, 3.3366 0.566 -1.0669, 3.3366 0.5929 -1.0538, 3.3366 0.4025 -0.9315, 3.3366 0.29 -0.9317, 3.3366 -0.0154 -1.0723, 3.3366 0.2615 -0.9317, 3.3366 0.2519 -0.9309, 3.3366 -0.4813 -1.1383, 3.3366 -0.4685 -1.1436, 3.3366 -0.1351 -1.1234, 3.3366 -0.141 -1.1118, 3.3366 -0.4419 -1.2337, 3.3366 -1.075 -1.0744, 3.3366 -1.0711 -1.0865, 3.3366 -1.07 -1.0969, 3.3366 -1.07 -1.1468, 3.3366 -1.0169 -1.1999, 3.3366 -1.0307 -1.1981, 3.3366 -0.1434 -1.086, 3.3366 -0.1399 -1.0735, 3.3366 -0.4491 -1.163, 3.3366 -0.1335 -1.0622, 3.3366 -0.1245 -1.0528, 3.3366 -0.4575 -1.152, 3.3366 0.1216 -0.8861, 3.3366 0.1086 -0.8861, 3.3366 -0.1038 -1.1455, 3.3366 -0.0909 -1.1471, 3.3366 0.1085 -1.2337, 3.3366 -0.4935 -0.884, 3.3366 -1.0701 -0.8538, 3.3366 -1.0701 -0.9212, 3.3366 -1.0773 -0.9454, 3.3366 -1.0773 -1.0701, 3.3366 0.5546 -1.0709, 3.3366 0.6029 -1.0475, 3.3366 0.6113 -1.0391, 3.3366 0.6176 -1.029, 3.3366 0.5929 -0.9499, 3.3366 0.6228 -0.9977, 3.3366 0.6215 -0.9859, 3.3366 -0.0634 -1.0485, 3.3366 -0.0531 -1.0565, 3.3366 -0.045 -1.0632, 3.3366 -0.0358 -1.0682, 3.3366 -0.0258 -1.0713, 3.3366 0.2383 -0.9266, 3.3366 0.2427 -0.9283, 3.3366 -0.1438 -1.0991, 3.3366 -0.4437 -1.1759, 3.3366 -0.4419 -1.1896, 3.3366 -0.8482 -0.802, 3.3366 -0.8602 -0.8006, 3.3366 -1.017 -0.8006, 3.3366 -1.0682 -1.1605, 3.3366 -1.0629 -1.1733, 3.3366 0.5546 -0.9328, 3.3366 0.5427 -0.9315, 3.3366 0.6228 -1.006, 3.3366 0.6215 -1.0178, 3.3366 0.566 -0.9368, 3.3366 0.218 -0.9189, 3.3366 0.1404 -0.8896, 3.3366 -0.116 -1.1408, 3.3366 -0.1266 -1.1333, 3.3366 -1.0288 -0.802, 3.3366 -1.04 -0.8059, 3.3366 -1.0501 -0.8122, 3.3366 -1.0545 -1.1843, 3.3366 -1.0435 -1.1928, 3.3366 0.6176 -0.9747, 3.3366 0.6113 -0.9647, 3.3366 0.6029 -0.9563, 3.3366 0.1311 -0.887, 3.3366 0.1027 -1.1871, 3.3366 0.0958 -1.1767, 3.3366 0.0867 -1.1682, 3.3366 0.0621 -1.1517, 3.3366 0.0515 -1.1483, 3.3366 0.0404 -1.1471, 3.3366 -1.0585 -0.8206, 3.3366 -1.0648 -0.8307, 3.3366 -1.0688 -0.842, 3.3366 0.0717 -1.1573, 3.3366 0.1085 -1.2112, 3.3366 0.1071 -1.1988, 3.2776 -1.017 -0.8006, 3.2776 -1.0288 -0.802, 3.2776 -1.04 -0.8059, 3.2776 -1.0501 -0.8122, 3.2776 -1.0585 -0.8206, 3.2776 -1.0648 -0.8307, 3.2776 -1.0688 -0.842, 3.2776 -1.0701 -0.8538, 3.2776 -1.0701 -0.8538
            ]
        }
        coordIndex [
            0,1,2,-1,3,4,5,-1,5,4,6,-1,7,8,0,-1,9,10,11,-1,11,10,12,-1,11,12,13,-1,14,15,16,-1,11,17,18,-1,19,20,21,-1,0,2,7,-1,7,2,22,-1,7,22,23,-1,23,22,24,-1,23,24,25,-1,13,26,11,-1,11,26,27,-1,11,27,15,-1,28,29,30,-1,31,32,11,-1,11,32,33,-1,11,33,9,-1,9,33,34,-1,9,34,35,-1,35,34,36,-1,37,38,39,-1,39,38,40,-1,39,40,41,-1,27,42,15,-1,15,42,39,-1,15,39,16,-1,16,39,41,-1,43,44,14,-1,45,30,46,-1,46,30,47,-1,48,49,11,-1,11,49,50,-1,11,50,17,-1,18,51,11,-1,11,51,52,-1,11,52,31,-1,8,7,21,-1,21,7,53,-1,21,53,19,-1,20,54,21,-1,21,54,55,-1,21,55,56,-1,57,58,59,-1,6,60,5,-1,5,60,61,-1,5,61,62,-1,62,63,5,-1,5,63,64,-1,5,64,65,-1,65,64,23,-1,65,23,66,-1,66,23,25,-1,37,39,67,-1,67,39,68,-1,67,68,29,-1,29,68,69,-1,29,69,30,-1,48,70,49,-1,49,70,71,-1,49,71,72,-1,34,73,74,-1,75,76,77,-1,77,76,21,-1,77,21,78,-1,78,21,56,-1,58,57,77,-1,77,57,79,-1,77,79,75,-1,5,80,81,-1,45,82,30,-1,30,82,83,-1,30,83,28,-1,72,84,49,-1,49,84,85,-1,49,85,86,-1,74,87,34,-1,34,87,88,-1,34,88,36,-1,59,89,57,-1,57,89,90,-1,57,90,91,-1,92,43,81,-1,81,43,14,-1,81,14,5,-1,5,14,16,-1,5,16,3,-1,93,94,95,-1,96,97,47,-1,47,97,98,-1,47,98,46,-1,99,100,86,-1,86,100,101,-1,86,101,49,-1,96,47,102,-1,102,47,103,-1,102,103,95,-1,95,103,104,-1,95,104,93,-1,72,105,106,-1,72,106,84,-1,84,106,107,-1,84,107,85,-1,85,107,108,-1,85,108,86,-1,86,108,109,-1,86,109,99,-1,99,109,110,-1,99,110,100,-1,100,110,111,-1,100,111,101,-1,101,111,112,-1,101,112,49,-1,
        ]
    }
}
Shape{
    appearance Appearance {
        material  Material 	{
            diffuseColor 0.25098039215686274 0.25098039215686274 0.25098039215686274
            specularColor 0.12549019607843137 0.12549019607843137 0.12549019607843137
            ambientIntensity 0.2
            transparency 0
            shininess 0.5
        }
    }
    geometry IndexedFaceSet {
        ccw TRUE
        solid FALSE
        coord DEF co Coordinate {
            point [
                3.2146 -0.781 -0.6235, 3.189 -0.8261 -0.6686, 3.2146 -0.9778 -0.6235, 3.189 -0.9326 -0.6686, 3.2146 -0.781 -0.8006, 3.189 -0.8261 -0.7555, 3.189 -0.8261 -0.7555
            ]
        }
        coordIndex [
            0,1,2,-1,2,1,3,-1,4,5,0,-1,0,5,1,-1,
        ]
    }
}
Shape{
    appearance Appearance {
        material  Material 	{
            diffuseColor 1.0 1.0 1.0
            specularColor 0.5019607843137255 0.5019607843137255 0.5019607843137255
            ambientIntensity 0.2
            transparency 0
            shininess 0.5
        }
    }
    geometry IndexedFaceSet {
        ccw TRUE
        solid FALSE
        coord DEF co Coordinate {
            point [
                3.2146 0.102 -0.8872, 3.2776 0.102 -0.8872, 3.2146 -0.4935 -0.8872, 3.2776 -0.4935 -0.8872, 3.2776 -0.4935 -0.8872
            ]
        }
        coordIndex [
            0,1,2,-1,2,1,3,-1,
        ]
    }
}
Shape{
    appearance Appearance {
        material  Material 	{
            diffuseColor 0.25098039215686274 0.25098039215686274 0.25098039215686274
            specularColor 0.12549019607843137 0.12549019607843137 0.12549019607843137
            ambientIntensity 0.2
            transparency 0
            shininess 0.5
        }
    }
    geometry IndexedFaceSet {
        ccw TRUE
        solid FALSE
        coord DEF co Coordinate {
            point [
                3.2146 -0.9778 -0.6235, 3.189 -0.9326 -0.6686, 3.2146 -0.9778 -0.8006, 3.189 -0.9326 -0.7555, 3.2146 0.1207 -0.8369, 3.4705 0.1207 -0.8369, 3.4705 0.1215 -0.84, 3.2146 0.1215 -0.84, 3.4705 0.1217 -0.8433, 3.2146 0.1217 -0.8433, 3.2146 0.1217 -0.8676, 3.4705 0.1217 -0.8676, 3.2776 0.1064 -0.8868, 3.2776 0.102 -0.8872, 3.2146 0.1064 -0.8868, 3.2146 0.102 -0.8872, 3.3366 0.1064 -0.8868, 3.3366 0.1086 -0.8861, 3.4705 0.1106 -0.8853, 3.2776 0.1086 -0.8861, 3.2146 0.1106 -0.8853, 3.4705 0.1064 -0.8868, 3.4705 0.102 -0.8872, 3.3366 0.102 -0.8872, 3.2146 0.1143 -0.883, 3.4705 0.1143 -0.883, 3.2146 0.1174 -0.8798, 3.4705 0.1174 -0.8798, 3.2146 0.1198 -0.8761, 3.4705 0.1198 -0.8761, 3.2146 0.1212 -0.8719, 3.4705 0.1212 -0.8719, 3.4705 0.0587 -0.655, 3.2146 0.0587 -0.655, 3.2146 0.0587 -0.655
            ]
        }
        coordIndex [
            0,1,2,-1,2,1,3,-1,4,5,6,-1,4,6,7,-1,7,6,8,-1,7,8,9,-1,10,9,11,-1,11,9,8,-1,12,13,14,-1,14,13,15,-1,16,17,18,-1,12,14,19,-1,19,14,20,-1,19,20,17,-1,18,21,16,-1,16,21,22,-1,16,22,23,-1,17,20,18,-1,18,20,24,-1,18,24,25,-1,25,24,26,-1,25,26,27,-1,27,26,28,-1,27,28,29,-1,29,28,30,-1,29,30,31,-1,31,30,10,-1,31,10,11,-1,32,5,33,-1,33,5,4,-1,
        ]
    }
}
Shape{
    appearance Appearance {
        material  Material 	{
            diffuseColor 1.0 1.0 1.0
            specularColor 0.5019607843137255 0.5019607843137255 0.5019607843137255
            ambientIntensity 0.2
            transparency 0
            shininess 0.5
        }
    }
    geometry IndexedFaceSet {
        ccw TRUE
        solid FALSE
        coord DEF co Coordinate {
            point [
                3.75 -0.1825 -0.8872, 3.75 -0.4935 -0.8872, 3.4705 -0.1825 -0.8872, 3.3366 -0.4935 -0.8872, 3.4705 0.102 -0.8872, 3.3366 0.102 -0.8872, 3.3366 -0.4935 -0.884, 3.2146 -0.4935 -0.8006, 3.2146 -0.4935 -0.8872, 3.2776 -0.4935 -0.8872, 3.2776 -0.4935 -0.884, 3.75 -0.4935 -0.8006, 3.75 -0.4935 -0.8006
            ]
        }
        coordIndex [
            0,1,2,-1,2,1,3,-1,2,3,4,-1,4,3,5,-1,6,3,1,-1,7,8,9,-1,9,10,7,-1,7,10,6,-1,7,6,11,-1,11,6,1,-1,
        ]
    }
}
Shape{
    appearance Appearance {
        material  Material 	{
            diffuseColor 0.25098039215686274 0.25098039215686274 0.25098039215686274
            specularColor 0.12549019607843137 0.12549019607843137 0.12549019607843137
            ambientIntensity 0.2
            transparency 0
            shininess 0.5
        }
    }
    geometry IndexedFaceSet {
        ccw TRUE
        solid FALSE
        coord DEF co Coordinate {
            point [
                3.4705 0.0587 -0.655, 3.2146 0.0587 -0.655, 3.4705 -0.3243 -0.655, 3.2146 -0.3243 -0.655, 3.3366 -1.017 -0.8006, 3.3366 -0.8602 -0.8006, 3.75 -0.4935 -0.8006, 3.2776 -0.8602 -0.8006, 3.937 -0.8991 -0.8006, 3.937 -1.0959 -0.8006, 3.75 -0.8991 -0.8006, 3.2146 -1.0959 -0.8006, 3.2146 -0.4935 -0.8006, 3.2146 -0.781 -0.8006, 3.2146 -0.9778 -0.8006, 3.2776 -1.017 -0.8006, 3.937 -1.0959 -0.5447, 3.2146 -1.0959 -0.5447, 3.2146 -0.781 -0.6235, 3.2146 0.1207 -0.8369, 3.2146 -0.4935 -0.8872, 3.2146 -0.9778 -0.6235, 3.2146 -1.0932 -0.5244, 3.2146 -1.0854 -0.5054, 3.2146 -1.0728 -0.4891, 3.2146 -1.0565 -0.4765, 3.2146 0.1215 -0.84, 3.2146 0.1217 -0.8433, 3.2146 0.102 -0.8872, 3.2146 0.1217 -0.8676, 3.2146 0.1064 -0.8868, 3.2146 0.1212 -0.8719, 3.2146 -0.3951 -0.466, 3.2146 -1.0172 -0.466, 3.2146 -1.0376 -0.4687, 3.2146 0.1198 -0.8761, 3.2146 0.1174 -0.8798, 3.2146 0.1143 -0.883, 3.2146 0.1106 -0.8853, 5.0669 0.0596 -0.9384, 4.9724 0.0596 -0.9384, 4.9724 0.0647 -0.9378, 5.0669 0.0647 -0.9378, 4.9724 0.0695 -0.9358, 5.0669 0.0695 -0.9358, 4.9724 0.0736 -0.9327, 5.0669 0.0736 -0.9327, 4.9724 0.0767 -0.9286, 5.0669 0.0767 -0.9286, 4.9724 0.0787 -0.9238, 5.0669 0.0787 -0.9238, 4.9724 0.0793 -0.9187, 5.0669 0.0793 -0.9187, 4.8701 0.0596 -0.9384, 4.7756 0.0596 -0.9384, 4.7756 0.0647 -0.9378, 4.8701 0.0647 -0.9378, 4.7756 0.0695 -0.9358, 4.8701 0.0695 -0.9358, 4.7756 0.0736 -0.9327, 4.8701 0.0736 -0.9327, 4.7756 0.0767 -0.9286, 4.8701 0.0767 -0.9286, 4.7756 0.0787 -0.9238, 4.8701 0.0787 -0.9238, 4.7756 0.0793 -0.9187, 4.8701 0.0793 -0.9187, 4.6732 0.0596 -0.9384, 4.5787 0.0596 -0.9384, 4.5787 0.0647 -0.9378, 4.6732 0.0647 -0.9378, 4.5787 0.0695 -0.9358, 4.6732 0.0695 -0.9358, 4.5787 0.0736 -0.9327, 4.6732 0.0736 -0.9327, 4.5787 0.0767 -0.9286, 4.6732 0.0767 -0.9286, 4.5787 0.0787 -0.9238, 4.6732 0.0787 -0.9238, 4.5787 0.0793 -0.9187, 4.6732 0.0793 -0.9187, 4.4764 0.0596 -0.9384, 4.3819 0.0596 -0.9384, 4.3819 0.0647 -0.9378, 4.4764 0.0647 -0.9378, 4.3819 0.0695 -0.9358, 4.4764 0.0695 -0.9358, 4.3819 0.0736 -0.9327, 4.4764 0.0736 -0.9327, 4.3819 0.0767 -0.9286, 4.4764 0.0767 -0.9286, 4.3819 0.0787 -0.9238, 4.4764 0.0787 -0.9238, 4.3819 0.0793 -0.9187, 4.4764 0.0793 -0.9187, 4.2795 0.0596 -0.9384, 4.185 0.0596 -0.9384, 4.185 0.0647 -0.9378, 4.2795 0.0647 -0.9378, 4.185 0.0695 -0.9358, 4.2795 0.0695 -0.9358, 4.185 0.0736 -0.9327, 4.2795 0.0736 -0.9327, 4.185 0.0767 -0.9286, 4.2795 0.0767 -0.9286, 4.185 0.0787 -0.9238, 4.2795 0.0787 -0.9238, 4.185 0.0793 -0.9187, 4.2795 0.0793 -0.9187, 4.0827 0.0596 -0.9384, 3.9882 0.0596 -0.9384, 3.9882 0.0647 -0.9378, 4.0827 0.0647 -0.9378, 3.9882 0.0695 -0.9358, 4.0827 0.0695 -0.9358, 3.9882 0.0736 -0.9327, 4.0827 0.0736 -0.9327, 3.9882 0.0767 -0.9286, 4.0827 0.0767 -0.9286, 3.9882 0.0787 -0.9238, 4.0827 0.0787 -0.9238, 3.9882 0.0793 -0.9187, 4.0827 0.0793 -0.9187, 3.8858 0.0596 -0.9384, 3.75 0.0596 -0.9384, 3.75 0.064 -0.9379, 3.8858 0.064 -0.9379, 3.75 0.0682 -0.9365, 3.8858 0.0682 -0.9365, 3.75 0.0719 -0.9341, 3.8858 0.0719 -0.9341, 3.75 0.075 -0.931, 3.8858 0.075 -0.931, 3.75 0.0774 -0.9273, 3.8858 0.0774 -0.9273, 3.75 0.0788 -0.9231, 3.8858 0.0788 -0.9231, 3.75 0.0793 -0.9187, 3.8858 0.0793 -0.9187, 3.4705 -0.1825 -0.7022, 3.4705 -0.3065 -0.7022, 3.4705 0.1207 -0.8369, 3.4705 -0.1825 -0.8872, 3.4705 0.1215 -0.84, 3.4705 0.1174 -0.8798, 3.4705 0.1198 -0.8761, 3.4705 0.1212 -0.8719, 3.4705 0.1143 -0.883, 3.4705 0.1217 -0.8433, 3.4705 0.102 -0.8872, 3.4705 0.1217 -0.8676, 3.4705 0.1064 -0.8868, 3.4705 0.1106 -0.8853, 3.75 -0.1825 -0.8872, 3.75 -0.1825 -0.7022, 4.0046 -0.2613 -0.7046, 3.8583 -0.2613 -0.7022, 4.0111 -0.2613 -0.7026, 4.0157 -0.2613 -0.7022, 3.9988 -0.2613 -0.708, 3.994 -0.2613 -0.7128, 3.8629 -0.2613 -0.7026, 3.9905 -0.2613 -0.7187, 3.8694 -0.2613 -0.7046, 3.8752 -0.2613 -0.708, 3.8854 -0.2613 -0.7252, 3.8835 -0.2613 -0.7187, 3.88 -0.2613 -0.7128, 3.9882 -0.2613 -0.7298, 3.9882 -0.2613 -0.9384, 3.8858 -0.2613 -0.9384, 3.9886 -0.2613 -0.7252, 3.8858 -0.2613 -0.7298, 4.2015 -0.2613 -0.7046, 4.0551 -0.2613 -0.7022, 4.208 -0.2613 -0.7026, 4.2126 -0.2613 -0.7022, 4.1957 -0.2613 -0.708, 4.1909 -0.2613 -0.7128, 4.0597 -0.2613 -0.7026, 4.1874 -0.2613 -0.7187, 4.0662 -0.2613 -0.7046, 4.0721 -0.2613 -0.708, 4.1854 -0.2613 -0.7252, 4.0803 -0.2613 -0.7187, 4.0769 -0.2613 -0.7128, 4.185 -0.2613 -0.9384, 4.0827 -0.2613 -0.9384, 4.185 -0.2613 -0.7298, 4.0827 -0.2613 -0.7298, 4.0823 -0.2613 -0.7252, 4.2772 -0.2613 -0.7187, 4.2737 -0.2613 -0.7128, 4.3842 -0.2613 -0.7187, 4.3983 -0.2613 -0.7046, 4.252 -0.2613 -0.7022, 4.4048 -0.2613 -0.7026, 4.4094 -0.2613 -0.7022, 4.2791 -0.2613 -0.7252, 4.3925 -0.2613 -0.708, 4.3877 -0.2613 -0.7128, 4.2566 -0.2613 -0.7026, 4.2689 -0.2613 -0.708, 4.2631 -0.2613 -0.7046, 4.3819 -0.2613 -0.7298, 4.3819 -0.2613 -0.9384, 4.2795 -0.2613 -0.9384, 4.3823 -0.2613 -0.7252, 4.2795 -0.2613 -0.7298, 4.5952 -0.2613 -0.7046, 4.4488 -0.2613 -0.7022, 4.6017 -0.2613 -0.7026, 4.6063 -0.2613 -0.7022, 4.5894 -0.2613 -0.708, 4.5846 -0.2613 -0.7128, 4.4534 -0.2613 -0.7026, 4.5811 -0.2613 -0.7187, 4.4599 -0.2613 -0.7046, 4.4658 -0.2613 -0.708, 4.476 -0.2613 -0.7252, 4.474 -0.2613 -0.7187, 4.4706 -0.2613 -0.7128, 4.5787 -0.2613 -0.7298, 4.5787 -0.2613 -0.9384, 4.4764 -0.2613 -0.9384, 4.5791 -0.2613 -0.7252, 4.4764 -0.2613 -0.7298, 4.792 -0.2613 -0.7046, 4.6457 -0.2613 -0.7022, 4.7985 -0.2613 -0.7026, 4.8031 -0.2613 -0.7022, 4.6709 -0.2613 -0.7187, 4.6674 -0.2613 -0.7128, 4.7779 -0.2613 -0.7187, 4.7862 -0.2613 -0.708, 4.7814 -0.2613 -0.7128, 4.6503 -0.2613 -0.7026, 4.6728 -0.2613 -0.7252, 4.6626 -0.2613 -0.708, 4.6568 -0.2613 -0.7046, 4.7756 -0.2613 -0.7298, 4.7756 -0.2613 -0.9384, 4.6732 -0.2613 -0.9384, 4.776 -0.2613 -0.7252, 4.6732 -0.2613 -0.7298, 4.9889 -0.2613 -0.7046, 4.8425 -0.2613 -0.7022, 4.9954 -0.2613 -0.7026, 5.0 -0.2613 -0.7022, 4.9831 -0.2613 -0.708, 4.9783 -0.2613 -0.7128, 4.8471 -0.2613 -0.7026, 4.9748 -0.2613 -0.7187, 4.8536 -0.2613 -0.7046, 4.8595 -0.2613 -0.708, 4.8697 -0.2613 -0.7252, 4.8677 -0.2613 -0.7187, 4.8643 -0.2613 -0.7128, 4.9724 -0.2613 -0.7298, 4.9724 -0.2613 -0.9384, 4.8701 -0.2613 -0.9384, 4.9728 -0.2613 -0.7252, 4.8701 -0.2613 -0.7298, 4.9749 0.0177 -0.7187, 4.9742 0.0183 -0.72, 4.973 0.0206 -0.7252, 4.9726 0.0213 -0.7269, 4.9724 0.0226 -0.7298, 4.9831 0.013 -0.7081, 4.9823 0.0132 -0.7086, 4.9783 0.0151 -0.7129, 4.9777 0.0154 -0.7135, 4.9954 0.0106 -0.7027, 4.9938 0.0107 -0.7029, 4.9889 0.0115 -0.7047, 4.9878 0.0117 -0.7051, 5.0 0.0104 -0.7022, 4.9724 0.0643 -0.8688, 4.9724 0.0793 -0.8582, 4.9724 0.0056 -0.736, 4.9724 0.0236 -0.732, 4.9724 -0.0108 -0.7443, 4.9724 -0.0246 -0.7564, 4.9724 -0.0349 -0.7716, 4.9724 0.0472 -0.8754, 4.9724 -0.0411 -0.7889, 4.9724 -0.0427 -0.8072, 4.9724 -0.0397 -0.8254, 4.9724 -0.0323 -0.8422, 4.9724 -0.0209 -0.8566, 4.9724 -0.0063 -0.8677, 4.9724 0.0107 -0.8748, 4.9724 0.0289 -0.8774, 4.8701 0.0236 -0.732, 4.8701 0.0226 -0.7298, 4.8701 0.0056 -0.736, 4.8701 -0.0108 -0.7443, 4.8701 -0.0411 -0.7889, 4.8701 -0.0349 -0.7716, 4.8701 -0.0246 -0.7564, 4.8701 -0.0209 -0.8566, 4.8701 -0.0323 -0.8422, 4.8701 -0.0397 -0.8254, 4.8701 -0.0427 -0.8072, 4.8701 0.0472 -0.8754, 4.8701 0.0643 -0.8688, 4.8701 0.0793 -0.8582, 4.8701 0.0289 -0.8774, 4.8701 0.0107 -0.8748, 4.8701 -0.0063 -0.8677, 4.852 0.0111 -0.7039, 4.8471 0.0106 -0.7027, 4.8459 0.0105 -0.7024, 4.8425 0.0104 -0.7022, 4.8578 0.0124 -0.7068, 4.8536 0.0115 -0.7047, 4.8623 0.0141 -0.7106, 4.8594 0.013 -0.7081, 4.8664 0.0166 -0.7161, 4.8641 0.0152 -0.713, 4.8695 0.0206 -0.7252, 4.8691 0.0194 -0.7226, 4.8675 0.0177 -0.7187, 4.7781 0.0177 -0.7187, 4.7774 0.0183 -0.72, 4.7761 0.0206 -0.7252, 4.7757 0.0213 -0.7269, 4.7756 0.0226 -0.7298, 4.7863 0.013 -0.7081, 4.7855 0.0132 -0.7086, 4.7815 0.0151 -0.7129, 4.7809 0.0154 -0.7135, 4.7985 0.0106 -0.7027, 4.797 0.0107 -0.7029, 4.7921 0.0115 -0.7047, 4.7909 0.0117 -0.7051, 4.8031 0.0104 -0.7022, 4.7756 0.0643 -0.8688, 4.7756 0.0793 -0.8582, 4.7756 0.0056 -0.736, 4.7756 0.0236 -0.732, 4.7756 -0.0108 -0.7443, 4.7756 -0.0246 -0.7564, 4.7756 -0.0349 -0.7716, 4.7756 -0.0323 -0.8422, 4.7756 -0.0209 -0.8566, 4.7756 -0.0063 -0.8677, 4.7756 0.0472 -0.8754, 4.7756 -0.0411 -0.7889, 4.7756 -0.0427 -0.8072, 4.7756 -0.0397 -0.8254, 4.7756 0.0107 -0.8748, 4.7756 0.0289 -0.8774, 4.6732 0.0289 -0.8774, 4.6732 0.0107 -0.8748, 4.6732 0.0236 -0.732, 4.6732 0.0226 -0.7298, 4.6732 0.0056 -0.736, 4.6732 -0.0108 -0.7443, 4.6732 -0.0063 -0.8677, 4.6732 -0.0209 -0.8566, 4.6732 -0.0411 -0.7889, 4.6732 -0.0349 -0.7716, 4.6732 -0.0246 -0.7564, 4.6732 0.0472 -0.8754, 4.6732 0.0643 -0.8688, 4.6732 0.0793 -0.8582, 4.6732 -0.0323 -0.8422, 4.6732 -0.0397 -0.8254, 4.6732 -0.0427 -0.8072, 4.6552 0.0111 -0.7039, 4.6503 0.0106 -0.7027, 4.6491 0.0105 -0.7024, 4.6457 0.0104 -0.7022, 4.661 0.0124 -0.7068, 4.6567 0.0115 -0.7047, 4.6654 0.0141 -0.7106, 4.6625 0.013 -0.7081, 4.6696 0.0166 -0.7161, 4.6672 0.0152 -0.713, 4.6726 0.0206 -0.7252, 4.6723 0.0194 -0.7226, 4.6707 0.0177 -0.7187, 4.5812 0.0177 -0.7187, 4.5805 0.0183 -0.72, 4.5793 0.0206 -0.7252, 4.5789 0.0213 -0.7269, 4.5787 0.0226 -0.7298, 4.5894 0.013 -0.7081, 4.5886 0.0132 -0.7086, 4.5846 0.0151 -0.7129, 4.584 0.0154 -0.7135, 4.6017 0.0106 -0.7027, 4.6001 0.0107 -0.7029, 4.5952 0.0115 -0.7047, 4.5941 0.0117 -0.7051, 4.6063 0.0104 -0.7022, 4.5787 0.0643 -0.8688, 4.5787 0.0793 -0.8582, 4.5787 0.0056 -0.736, 4.5787 0.0236 -0.732, 4.5787 -0.0108 -0.7443, 4.5787 -0.0246 -0.7564, 4.5787 -0.0349 -0.7716, 4.5787 -0.0323 -0.8422, 4.5787 -0.0209 -0.8566, 4.5787 -0.0063 -0.8677, 4.5787 0.0472 -0.8754, 4.5787 0.0107 -0.8748, 4.5787 0.0289 -0.8774, 4.5787 -0.0411 -0.7889, 4.5787 -0.0427 -0.8072, 4.5787 -0.0397 -0.8254, 4.4764 0.0289 -0.8774, 4.4764 0.0107 -0.8748, 4.4764 0.0236 -0.732, 4.4764 0.0226 -0.7298, 4.4764 0.0056 -0.736, 4.4764 -0.0108 -0.7443, 4.4764 -0.0063 -0.8677, 4.4764 -0.0209 -0.8566, 4.4764 -0.0411 -0.7889, 4.4764 -0.0349 -0.7716, 4.4764 -0.0246 -0.7564, 4.4764 0.0472 -0.8754, 4.4764 0.0643 -0.8688, 4.4764 0.0793 -0.8582, 4.4764 -0.0323 -0.8422, 4.4764 -0.0397 -0.8254, 4.4764 -0.0427 -0.8072, 4.4583 0.0111 -0.7039, 4.4534 0.0106 -0.7027, 4.4522 0.0105 -0.7024, 4.4488 0.0104 -0.7022, 4.4641 0.0124 -0.7068, 4.4599 0.0115 -0.7047, 4.4686 0.0141 -0.7106, 4.4657 0.013 -0.7081, 4.4727 0.0166 -0.7161, 4.4704 0.0152 -0.713, 4.4758 0.0206 -0.7252, 4.4754 0.0194 -0.7226, 4.4738 0.0177 -0.7187, 4.3844 0.0177 -0.7187, 4.3837 0.0183 -0.72, 4.3824 0.0206 -0.7252, 4.382 0.0213 -0.7269, 4.3819 0.0226 -0.7298, 4.3926 0.013 -0.7081, 4.3918 0.0132 -0.7086, 4.3878 0.0151 -0.7129, 4.3872 0.0154 -0.7135, 4.4048 0.0106 -0.7027, 4.4033 0.0107 -0.7029, 4.3984 0.0115 -0.7047, 4.3972 0.0117 -0.7051, 4.4094 0.0104 -0.7022, 4.3819 0.0643 -0.8688, 4.3819 0.0793 -0.8582, 4.3819 0.0056 -0.736, 4.3819 0.0236 -0.732, 4.3819 -0.0108 -0.7443, 4.3819 -0.0246 -0.7564, 4.3819 -0.0349 -0.7716, 4.3819 -0.0323 -0.8422, 4.3819 -0.0209 -0.8566, 4.3819 -0.0063 -0.8677, 4.3819 0.0472 -0.8754, 4.3819 -0.0411 -0.7889, 4.3819 -0.0427 -0.8072, 4.3819 -0.0397 -0.8254, 4.3819 0.0107 -0.8748, 4.3819 0.0289 -0.8774, 4.2795 0.0289 -0.8774, 4.2795 0.0107 -0.8748, 4.2795 0.0236 -0.732, 4.2795 0.0226 -0.7298, 4.2795 0.0056 -0.736, 4.2795 -0.0108 -0.7443, 4.2795 -0.0063 -0.8677, 4.2795 -0.0209 -0.8566, 4.2795 -0.0411 -0.7889, 4.2795 -0.0349 -0.7716, 4.2795 -0.0246 -0.7564, 4.2795 0.0472 -0.8754, 4.2795 0.0643 -0.8688, 4.2795 0.0793 -0.8582, 4.2795 -0.0323 -0.8422, 4.2795 -0.0397 -0.8254, 4.2795 -0.0427 -0.8072, 4.2615 0.0111 -0.7039, 4.2566 0.0106 -0.7027, 4.2554 0.0105 -0.7024, 4.252 0.0104 -0.7022, 4.2673 0.0124 -0.7068, 4.263 0.0115 -0.7047, 4.2717 0.0141 -0.7106, 4.2688 0.013 -0.7081, 4.2759 0.0166 -0.7161, 4.2735 0.0152 -0.713, 4.2789 0.0206 -0.7252, 4.2786 0.0194 -0.7226, 4.277 0.0177 -0.7187, 4.1875 0.0177 -0.7187, 4.1868 0.0183 -0.72, 4.1856 0.0206 -0.7252, 4.1852 0.0213 -0.7269, 4.185 0.0226 -0.7298, 4.1957 0.013 -0.7081, 4.1949 0.0132 -0.7086, 4.1909 0.0151 -0.7129, 4.1903 0.0154 -0.7135, 4.208 0.0106 -0.7027, 4.2064 0.0107 -0.7029, 4.2015 0.0115 -0.7047, 4.2004 0.0117 -0.7051, 4.2126 0.0104 -0.7022, 4.185 0.0643 -0.8688, 4.185 0.0793 -0.8582, 4.185 0.0056 -0.736, 4.185 0.0236 -0.732, 4.185 -0.0108 -0.7443, 4.185 -0.0246 -0.7564, 4.185 -0.0349 -0.7716, 4.185 -0.0411 -0.7889, 4.185 -0.0427 -0.8072, 4.185 -0.0397 -0.8254, 4.185 -0.0323 -0.8422, 4.185 0.0472 -0.8754, 4.185 -0.0209 -0.8566, 4.185 -0.0063 -0.8677, 4.185 0.0107 -0.8748, 4.185 0.0289 -0.8774, 4.0827 0.0289 -0.8774, 4.0827 0.0107 -0.8748, 4.0827 0.0236 -0.732, 4.0827 0.0226 -0.7298, 4.0827 0.0056 -0.736, 4.0827 -0.0108 -0.7443, 4.0827 -0.0063 -0.8677, 4.0827 -0.0209 -0.8566, 4.0827 -0.0411 -0.7889, 4.0827 -0.0349 -0.7716, 4.0827 -0.0246 -0.7564, 4.0827 0.0472 -0.8754, 4.0827 -0.0323 -0.8422, 4.0827 -0.0397 -0.8254, 4.0827 -0.0427 -0.8072, 4.0827 0.0643 -0.8688, 4.0827 0.0793 -0.8582, 4.0646 0.0111 -0.7039, 4.0597 0.0106 -0.7027, 4.0585 0.0105 -0.7024, 4.0551 0.0104 -0.7022, 4.0704 0.0124 -0.7068, 4.0662 0.0115 -0.7047, 4.0749 0.0141 -0.7106, 4.072 0.013 -0.7081, 4.079 0.0166 -0.7161, 4.0767 0.0152 -0.713, 4.0821 0.0206 -0.7252, 4.0817 0.0194 -0.7226, 4.0801 0.0177 -0.7187, 3.9907 0.0177 -0.7187, 3.99 0.0183 -0.72, 3.9887 0.0206 -0.7252, 3.9883 0.0213 -0.7269, 3.9882 0.0226 -0.7298, 3.9989 0.013 -0.7081, 3.9981 0.0132 -0.7086, 3.9941 0.0151 -0.7129, 3.9935 0.0154 -0.7135, 4.0111 0.0106 -0.7027, 4.0096 0.0107 -0.7029, 4.0047 0.0115 -0.7047, 4.0035 0.0117 -0.7051, 4.0157 0.0104 -0.7022, 3.9882 0.0643 -0.8688, 3.9882 0.0793 -0.8582, 3.9882 0.0056 -0.736, 3.9882 0.0236 -0.732, 3.9882 -0.0108 -0.7443, 3.9882 -0.0246 -0.7564, 3.9882 -0.0349 -0.7716, 3.9882 -0.0411 -0.7889, 3.9882 -0.0427 -0.8072, 3.9882 -0.0397 -0.8254, 3.9882 -0.0323 -0.8422, 3.9882 -0.0209 -0.8566, 3.9882 -0.0063 -0.8677, 3.9882 0.0472 -0.8754, 3.9882 0.0107 -0.8748, 3.9882 0.0289 -0.8774, 3.8858 0.0236 -0.732, 3.8858 0.0226 -0.7298, 3.8858 0.0056 -0.736, 3.8858 -0.0108 -0.7443, 3.8858 0.0472 -0.8754, 3.8858 0.0289 -0.8774, 3.8858 0.0107 -0.8748, 3.8858 -0.0063 -0.8677, 3.8858 -0.0209 -0.8566, 3.8858 -0.0411 -0.7889, 3.8858 -0.0349 -0.7716, 3.8858 -0.0246 -0.7564, 3.8858 0.0643 -0.8688, 3.8858 0.0793 -0.8582, 3.8858 -0.0323 -0.8422, 3.8858 -0.0397 -0.8254, 3.8858 -0.0427 -0.8072, 3.8678 0.0111 -0.7039, 3.8629 0.0106 -0.7027, 3.8617 0.0105 -0.7024, 3.8583 0.0104 -0.7022, 3.8736 0.0124 -0.7068, 3.8693 0.0115 -0.7047, 3.878 0.0141 -0.7106, 3.8751 0.013 -0.7081, 3.8822 0.0166 -0.7161, 3.8798 0.0152 -0.713, 3.8852 0.0206 -0.7252, 3.8849 0.0194 -0.7226, 3.8833 0.0177 -0.7187, 3.75 0.0793 -0.8582, 3.75 0.0104 -0.7022, 3.75 -0.8991 -0.9384, 3.75 -0.4935 -0.8872, 5.0669 0.0793 -0.8582, 3.937 -1.0854 -0.5054, 3.937 -1.0932 -0.5244, 3.937 -1.0728 -0.4891, 3.937 -0.8991 -0.7101, 3.937 -1.0565 -0.7101, 3.937 -1.0565 -0.4765, 5.0665 -0.2613 -0.7252, 5.0669 -0.2613 -0.7298, 5.0669 0.0226 -0.7298, 5.0505 -0.2613 -0.7046, 5.0489 0.0111 -0.7039, 5.044 -0.2613 -0.7026, 5.044 0.0106 -0.7027, 5.0394 -0.2613 -0.7022, 5.0428 0.0105 -0.7024, 5.0394 0.0104 -0.7022, 5.0563 -0.2613 -0.708, 5.0547 0.0124 -0.7068, 5.0504 0.0115 -0.7047, 5.0611 -0.2613 -0.7128, 5.0591 0.0141 -0.7106, 5.0562 0.013 -0.7081, 5.0646 -0.2613 -0.7187, 5.0633 0.0166 -0.7161, 5.0609 0.0152 -0.713, 5.0663 0.0206 -0.7252, 5.066 0.0194 -0.7226, 5.0644 0.0177 -0.7187, 5.0669 0.0289 -0.8774, 5.0669 0.0107 -0.8748, 5.0669 0.0236 -0.732, 5.0669 0.0056 -0.736, 5.0669 -0.0108 -0.7443, 5.0669 -0.2613 -0.9384, 5.0669 -0.0063 -0.8677, 5.0669 -0.0209 -0.8566, 5.0669 -0.0411 -0.7889, 5.0669 -0.0349 -0.7716, 5.0669 -0.0246 -0.7564, 5.0669 0.0472 -0.8754, 5.0669 -0.0323 -0.8422, 5.0669 -0.0397 -0.8254, 5.0669 -0.0427 -0.8072, 5.0669 0.0643 -0.8688, 6.2992 -1.0565 -0.4765, 6.2992 -1.0565 -0.7101, 6.2992 -0.8991 -0.7101, 3.8189 -0.8923 -0.466, 3.5827 -0.8923 -0.466, 3.8189 -0.6561 -0.466, 7.0217 -0.3951 -0.466, 3.5827 -0.6561 -0.466, 7.0217 -1.0172 -0.466, 4.7638 -0.8923 -0.466, 4.5276 -0.8923 -0.466, 5.4724 -0.6561 -0.466, 5.7087 -0.6561 -0.466, 5.4724 -0.8923 -0.466, 4.7638 -0.6561 -0.466, 4.5276 -0.6561 -0.466, 5.7087 -0.8923 -0.466, 6.4173 -0.8923 -0.466, 6.4173 -0.6561 -0.466, 6.6535 -0.6561 -0.466, 6.6535 -0.8923 -0.466, 6.2992 -1.0959 -0.5447, 7.0217 -1.0959 -0.5447, 7.0217 -1.0932 -0.5244, 6.2992 -1.0932 -0.5244, 7.0217 -1.0854 -0.5054, 6.2992 -1.0854 -0.5054, 7.0217 -1.0728 -0.4891, 6.2992 -1.0728 -0.4891, 7.0217 -1.0565 -0.4765, 7.0217 -1.0376 -0.4687, 5.1693 0.0793 -0.8582, 5.1693 0.0643 -0.8688, 5.1693 0.0472 -0.8754, 5.1693 0.0289 -0.8774, 5.1693 0.0107 -0.8748, 5.1693 -0.0063 -0.8677, 5.1693 -0.0209 -0.8566, 5.1693 -0.0323 -0.8422, 5.1693 -0.0397 -0.8254, 5.1693 -0.0427 -0.8072, 5.1693 -0.0411 -0.7889, 5.1693 -0.0349 -0.7716, 5.1693 -0.0246 -0.7564, 5.1693 -0.0108 -0.7443, 5.1693 0.0056 -0.736, 5.1693 0.0236 -0.732, 6.378 0.0104 -0.7022, 6.4862 0.0104 -0.7022, 6.4862 0.0793 -0.8582, 6.0512 0.0793 -0.8582, 5.9567 0.0793 -0.8582, 6.0512 0.0236 -0.732, 6.3522 0.0183 -0.72, 6.3529 0.0177 -0.7187, 5.4597 0.0194 -0.7226, 5.46 0.0206 -0.7252, 5.3661 0.0236 -0.732, 5.8543 0.0793 -0.8582, 5.7598 0.0236 -0.732, 5.7598 0.0793 -0.8582, 5.6575 0.0236 -0.732, 5.6575 0.0793 -0.8582, 5.563 0.0793 -0.8582, 5.8534 0.0194 -0.7226, 5.8537 0.0206 -0.7252, 6.1535 0.0793 -0.8582, 6.1535 0.0236 -0.732, 6.248 0.0793 -0.8582, 6.248 0.0236 -0.732, 6.1535 0.0226 -0.7298, 5.3663 0.0213 -0.7269, 5.3667 0.0206 -0.7252, 5.4581 0.0177 -0.7187, 5.5631 0.0213 -0.7269, 5.5635 0.0206 -0.7252, 5.5648 0.0183 -0.72, 5.6468 0.013 -0.7081, 5.5737 0.013 -0.7081, 5.5783 0.0117 -0.7051, 6.3504 0.0793 -0.8582, 6.3504 0.0236 -0.732, 6.3504 0.0226 -0.7298, 6.3557 0.0154 -0.7135, 6.3563 0.0151 -0.7129, 6.3603 0.0132 -0.7086, 6.3611 0.013 -0.7081, 6.3657 0.0117 -0.7051, 6.3669 0.0115 -0.7047, 6.3718 0.0107 -0.7029, 6.3734 0.0106 -0.7027, 5.4606 0.0793 -0.8582, 5.3661 0.0793 -0.8582, 5.2638 0.0236 -0.732, 5.2638 0.0793 -0.8582, 5.4606 0.0226 -0.7298, 5.4606 0.0236 -0.732, 5.563 0.0236 -0.732, 5.563 0.0226 -0.7298, 5.5655 0.0177 -0.7187, 5.5683 0.0154 -0.7135, 5.5689 0.0151 -0.7129, 5.5795 0.0115 -0.7047, 5.5844 0.0107 -0.7029, 5.586 0.0106 -0.7027, 5.6299 0.0104 -0.7022, 5.6333 0.0105 -0.7024, 5.6345 0.0106 -0.7027, 5.6497 0.0141 -0.7106, 5.6515 0.0152 -0.713, 5.6538 0.0166 -0.7161, 5.6549 0.0177 -0.7187, 5.6565 0.0194 -0.7226, 5.6569 0.0206 -0.7252, 5.5729 0.0132 -0.7086, 5.6575 0.0226 -0.7298, 6.3505 0.0213 -0.7269, 6.3509 0.0206 -0.7252, 5.1694 0.0213 -0.7269, 5.1698 0.0206 -0.7252, 5.1711 0.0183 -0.72, 5.1718 0.0177 -0.7187, 5.3661 0.0226 -0.7298, 5.76 0.0213 -0.7269, 5.7604 0.0206 -0.7252, 5.7828 0.0106 -0.7027, 5.7874 0.0104 -0.7022, 5.8268 0.0104 -0.7022, 5.8302 0.0105 -0.7024, 5.8314 0.0106 -0.7027, 5.8363 0.0111 -0.7039, 5.8378 0.0115 -0.7047, 5.8421 0.0124 -0.7068, 5.8436 0.013 -0.7081, 5.8465 0.0141 -0.7106, 5.8483 0.0152 -0.713, 5.8507 0.0166 -0.7161, 5.8518 0.0177 -0.7187, 5.9568 0.0213 -0.7269, 5.9572 0.0206 -0.7252, 5.9585 0.0183 -0.72, 5.9592 0.0177 -0.7187, 6.2373 0.013 -0.7081, 6.2403 0.0141 -0.7106, 6.1541 0.0206 -0.7252, 6.242 0.0152 -0.713, 6.2444 0.0166 -0.7161, 6.2455 0.0177 -0.7187, 6.2471 0.0194 -0.7226, 6.2474 0.0206 -0.7252, 6.1537 0.0213 -0.7269, 6.248 0.0226 -0.7298, 5.1693 0.0226 -0.7298, 5.1752 0.0151 -0.7129, 5.1792 0.0132 -0.7086, 5.2531 0.013 -0.7081, 5.18 0.013 -0.7081, 5.1846 0.0117 -0.7051, 5.256 0.0141 -0.7106, 5.2578 0.0152 -0.713, 5.2601 0.0166 -0.7161, 5.2612 0.0177 -0.7187, 5.2628 0.0194 -0.7226, 5.2632 0.0206 -0.7252, 5.1746 0.0154 -0.7135, 5.2638 0.0226 -0.7298, 5.3686 0.0177 -0.7187, 5.3714 0.0154 -0.7135, 5.372 0.0151 -0.7129, 5.3826 0.0115 -0.7047, 5.3875 0.0107 -0.7029, 5.3891 0.0106 -0.7027, 5.3937 0.0104 -0.7022, 5.4331 0.0104 -0.7022, 5.4365 0.0105 -0.7024, 5.4377 0.0106 -0.7027, 5.4426 0.0111 -0.7039, 5.4441 0.0115 -0.7047, 5.4484 0.0124 -0.7068, 5.4499 0.013 -0.7081, 5.4528 0.0141 -0.7106, 5.4546 0.0152 -0.713, 5.3679 0.0183 -0.72, 5.457 0.0166 -0.7161, 5.5906 0.0104 -0.7022, 5.6394 0.0111 -0.7039, 5.641 0.0115 -0.7047, 5.6452 0.0124 -0.7068, 5.7623 0.0177 -0.7187, 5.7651 0.0154 -0.7135, 5.7657 0.0151 -0.7129, 5.7616 0.0183 -0.72, 5.7812 0.0107 -0.7029, 5.7763 0.0115 -0.7047, 5.9626 0.0151 -0.7129, 5.9666 0.0132 -0.7086, 6.0405 0.013 -0.7081, 5.9674 0.013 -0.7081, 5.972 0.0117 -0.7051, 6.0434 0.0141 -0.7106, 6.0452 0.0152 -0.713, 6.0475 0.0166 -0.7161, 6.0486 0.0177 -0.7187, 6.0502 0.0194 -0.7226, 6.0506 0.0206 -0.7252, 5.962 0.0154 -0.7135, 6.0512 0.0226 -0.7298, 6.156 0.0177 -0.7187, 6.1588 0.0154 -0.7135, 6.1594 0.0151 -0.7129, 6.1765 0.0106 -0.7027, 6.1749 0.0107 -0.7029, 6.17 0.0115 -0.7047, 5.1858 0.0115 -0.7047, 5.1907 0.0107 -0.7029, 5.1922 0.0106 -0.7027, 5.2362 0.0104 -0.7022, 5.2396 0.0105 -0.7024, 5.2408 0.0106 -0.7027, 5.376 0.0132 -0.7086, 5.3768 0.013 -0.7081, 5.7598 0.0226 -0.7298, 5.7697 0.0132 -0.7086, 5.7705 0.013 -0.7081, 5.8543 0.0226 -0.7298, 5.8543 0.0236 -0.732, 5.9567 0.0236 -0.732, 5.9567 0.0226 -0.7298, 5.9732 0.0115 -0.7047, 5.9781 0.0107 -0.7029, 5.9797 0.0106 -0.7027, 6.0236 0.0104 -0.7022, 6.027 0.0105 -0.7024, 6.0282 0.0106 -0.7027, 6.1634 0.0132 -0.7086, 6.1642 0.013 -0.7081, 6.1811 0.0104 -0.7022, 6.2205 0.0104 -0.7022, 6.2239 0.0105 -0.7024, 6.2251 0.0106 -0.7027, 6.23 0.0111 -0.7039, 6.2315 0.0115 -0.7047, 6.1553 0.0183 -0.72, 6.2358 0.0124 -0.7068, 5.3815 0.0117 -0.7051, 5.7752 0.0117 -0.7051, 6.1689 0.0117 -0.7051, 5.1969 0.0104 -0.7022, 5.2457 0.0111 -0.7039, 5.2473 0.0115 -0.7047, 5.2515 0.0124 -0.7068, 5.9843 0.0104 -0.7022, 6.0331 0.0111 -0.7039, 6.0347 0.0115 -0.7047, 6.0389 0.0124 -0.7068, 5.1857 -0.2613 -0.7046, 5.1922 -0.2613 -0.7026, 5.1969 -0.2613 -0.7022, 5.1799 -0.2613 -0.708, 5.1751 -0.2613 -0.7128, 5.1716 -0.2613 -0.7187, 5.1693 -0.2613 -0.7298, 5.1693 -0.2613 -0.9384, 5.1697 -0.2613 -0.7252, 6.4862 -0.1825 -0.7022, 6.378 -0.2613 -0.7022, 6.2205 -0.2613 -0.7022, 6.7657 -0.3065 -0.7022, 6.7657 -0.1825 -0.7022, 6.1811 -0.2613 -0.7022, 6.0236 -0.2613 -0.7022, 5.8268 -0.2613 -0.7022, 5.7874 -0.2613 -0.7022, 5.6299 -0.2613 -0.7022, 5.2362 -0.2613 -0.7022, 5.4331 -0.2613 -0.7022, 5.3937 -0.2613 -0.7022, 5.5906 -0.2613 -0.7022, 5.9843 -0.2613 -0.7022, 5.563 -0.2613 -0.9384, 5.563 0.0596 -0.9384, 5.6575 0.0596 -0.9384, 5.9567 -0.2613 -0.9384, 5.9567 0.0596 -0.9384, 6.0512 0.0596 -0.9384, 5.1693 0.0596 -0.9384, 5.2638 0.0596 -0.9384, 5.2638 -0.2613 -0.9384, 6.4862 -0.8991 -0.9384, 5.3661 -0.2613 -0.9384, 5.6575 -0.2613 -0.9384, 5.7598 -0.2613 -0.9384, 6.0512 -0.2613 -0.9384, 6.1535 -0.2613 -0.9384, 5.4606 -0.2613 -0.9384, 5.4606 0.0596 -0.9384, 5.3661 0.0596 -0.9384, 5.8543 -0.2613 -0.9384, 5.8543 0.0596 -0.9384, 5.7598 0.0596 -0.9384, 6.3504 0.0596 -0.9384, 6.4862 0.0596 -0.9384, 6.3504 -0.2613 -0.9384, 6.248 -0.2613 -0.9384, 6.248 0.0596 -0.9384, 6.1535 0.0596 -0.9384, 6.2992 -0.8991 -0.8006, 6.4862 -0.8991 -0.8006, 6.7657 -0.3243 -0.655, 7.0217 -0.3243 -0.655, 7.0217 -0.3243 -0.655
            ]
        }
        coordIndex [
            0,1,2,-1,2,1,3,-1,4,5,6,-1,6,5,7,-1,8,9,10,-1,10,9,11,-1,12,6,13,-1,13,6,7,-1,13,7,14,-1,14,7,15,-1,14,15,11,-1,11,15,4,-1,11,4,10,-1,10,4,6,-1,16,17,9,-1,9,17,11,-1,12,13,18,-1,19,20,12,-1,14,11,21,-1,21,11,17,-1,21,17,22,-1,22,23,21,-1,21,23,24,-1,21,24,25,-1,19,26,20,-1,20,26,27,-1,20,27,28,-1,28,27,29,-1,28,29,30,-1,30,29,31,-1,1,19,3,-1,3,19,12,-1,3,12,32,-1,32,12,18,-1,32,18,33,-1,33,18,21,-1,33,21,34,-1,34,21,25,-1,31,35,36,-1,36,37,31,-1,31,37,38,-1,31,38,30,-1,39,40,41,-1,39,41,42,-1,42,41,43,-1,42,43,44,-1,44,43,45,-1,44,45,46,-1,46,45,47,-1,46,47,48,-1,48,47,49,-1,48,49,50,-1,50,49,51,-1,50,51,52,-1,53,54,55,-1,53,55,56,-1,56,55,57,-1,56,57,58,-1,58,57,59,-1,58,59,60,-1,60,59,61,-1,60,61,62,-1,62,61,63,-1,62,63,64,-1,64,63,65,-1,64,65,66,-1,67,68,69,-1,67,69,70,-1,70,69,71,-1,70,71,72,-1,72,71,73,-1,72,73,74,-1,74,73,75,-1,74,75,76,-1,76,75,77,-1,76,77,78,-1,78,77,79,-1,78,79,80,-1,81,82,83,-1,81,83,84,-1,84,83,85,-1,84,85,86,-1,86,85,87,-1,86,87,88,-1,88,87,89,-1,88,89,90,-1,90,89,91,-1,90,91,92,-1,92,91,93,-1,92,93,94,-1,95,96,97,-1,95,97,98,-1,98,97,99,-1,98,99,100,-1,100,99,101,-1,100,101,102,-1,102,101,103,-1,102,103,104,-1,104,103,105,-1,104,105,106,-1,106,105,107,-1,106,107,108,-1,109,110,111,-1,109,111,112,-1,112,111,113,-1,112,113,114,-1,114,113,115,-1,114,115,116,-1,116,115,117,-1,116,117,118,-1,118,117,119,-1,118,119,120,-1,120,119,121,-1,120,121,122,-1,123,124,125,-1,123,125,126,-1,126,125,127,-1,126,127,128,-1,128,127,129,-1,128,129,130,-1,130,129,131,-1,130,131,132,-1,132,131,133,-1,132,133,134,-1,134,133,135,-1,134,135,136,-1,136,135,137,-1,136,137,138,-1,0,2,139,-1,139,2,140,-1,0,139,141,-1,141,139,142,-1,141,142,143,-1,144,145,146,-1,144,146,147,-1,143,142,148,-1,148,142,149,-1,148,149,150,-1,150,149,151,-1,150,151,146,-1,146,151,152,-1,146,152,147,-1,142,139,153,-1,153,139,154,-1,155,156,157,-1,157,156,158,-1,155,159,156,-1,156,159,160,-1,156,160,161,-1,161,160,162,-1,161,162,163,-1,163,162,164,-1,165,166,162,-1,162,166,167,-1,162,167,164,-1,168,169,170,-1,162,171,165,-1,165,171,168,-1,165,168,172,-1,172,168,170,-1,173,174,175,-1,175,174,176,-1,173,177,174,-1,174,177,178,-1,174,178,179,-1,179,178,180,-1,179,180,181,-1,181,180,182,-1,183,184,180,-1,180,184,185,-1,180,185,182,-1,186,187,188,-1,188,187,189,-1,188,189,183,-1,183,189,190,-1,183,190,184,-1,191,192,193,-1,194,195,196,-1,196,195,197,-1,191,193,198,-1,194,199,195,-1,195,199,200,-1,195,200,201,-1,201,200,193,-1,192,202,193,-1,193,202,203,-1,193,203,201,-1,204,205,206,-1,193,207,198,-1,198,207,204,-1,198,204,208,-1,208,204,206,-1,209,210,211,-1,211,210,212,-1,209,213,210,-1,210,213,214,-1,210,214,215,-1,215,214,216,-1,215,216,217,-1,217,216,218,-1,219,220,216,-1,216,220,221,-1,216,221,218,-1,222,223,224,-1,216,225,219,-1,219,225,222,-1,219,222,226,-1,226,222,224,-1,227,228,229,-1,229,228,230,-1,231,232,233,-1,227,234,228,-1,228,234,235,-1,228,235,236,-1,236,235,233,-1,231,233,237,-1,232,238,233,-1,233,238,239,-1,233,239,236,-1,240,241,242,-1,233,243,237,-1,237,243,240,-1,237,240,244,-1,244,240,242,-1,245,246,247,-1,247,246,248,-1,245,249,246,-1,246,249,250,-1,246,250,251,-1,251,250,252,-1,251,252,253,-1,253,252,254,-1,255,256,252,-1,252,256,257,-1,252,257,254,-1,258,259,260,-1,252,261,255,-1,255,261,258,-1,255,258,262,-1,262,258,260,-1,261,252,263,-1,263,264,261,-1,261,264,265,-1,261,265,258,-1,258,265,266,-1,258,266,267,-1,250,249,268,-1,268,269,250,-1,250,269,270,-1,250,270,252,-1,252,270,271,-1,252,271,263,-1,272,273,245,-1,245,273,274,-1,245,274,249,-1,249,274,275,-1,249,275,268,-1,245,247,272,-1,272,247,248,-1,272,248,276,-1,277,278,51,-1,258,267,279,-1,279,267,280,-1,279,281,258,-1,258,281,282,-1,258,282,283,-1,284,47,45,-1,283,285,258,-1,258,285,286,-1,258,286,259,-1,259,286,287,-1,259,287,288,-1,288,289,259,-1,259,289,290,-1,259,290,40,-1,277,51,284,-1,284,51,49,-1,284,49,47,-1,290,291,40,-1,40,291,292,-1,40,292,41,-1,41,292,284,-1,41,284,43,-1,43,284,45,-1,293,294,295,-1,295,294,262,-1,295,262,296,-1,297,298,262,-1,262,298,299,-1,262,299,296,-1,300,301,260,-1,260,301,302,-1,260,302,262,-1,262,302,303,-1,262,303,297,-1,53,56,304,-1,304,56,58,-1,304,58,60,-1,60,62,304,-1,304,62,64,-1,304,64,305,-1,305,64,66,-1,305,66,306,-1,304,307,53,-1,53,307,308,-1,53,308,260,-1,260,308,309,-1,260,309,300,-1,255,262,294,-1,253,310,251,-1,251,310,311,-1,251,311,246,-1,246,311,312,-1,246,312,313,-1,254,314,253,-1,253,314,315,-1,253,315,310,-1,257,316,254,-1,254,316,317,-1,254,317,314,-1,256,318,257,-1,257,318,319,-1,257,319,316,-1,294,320,255,-1,255,320,321,-1,255,321,256,-1,256,321,322,-1,256,322,318,-1,243,233,323,-1,323,324,243,-1,243,324,325,-1,243,325,240,-1,240,325,326,-1,240,326,327,-1,235,234,328,-1,328,329,235,-1,235,329,330,-1,235,330,233,-1,233,330,331,-1,233,331,323,-1,332,333,227,-1,227,333,334,-1,227,334,234,-1,234,334,335,-1,234,335,328,-1,227,229,332,-1,332,229,230,-1,332,230,336,-1,337,338,65,-1,240,327,339,-1,339,327,340,-1,339,341,240,-1,240,341,342,-1,240,342,343,-1,344,345,241,-1,241,345,346,-1,241,346,54,-1,347,61,59,-1,343,348,240,-1,240,348,349,-1,240,349,241,-1,241,349,350,-1,241,350,344,-1,337,65,347,-1,347,65,63,-1,347,63,61,-1,346,351,54,-1,54,351,352,-1,54,352,55,-1,55,352,347,-1,55,347,57,-1,57,347,59,-1,353,354,67,-1,355,356,357,-1,357,356,244,-1,357,244,358,-1,67,354,242,-1,242,354,359,-1,242,359,360,-1,361,362,244,-1,244,362,363,-1,244,363,358,-1,72,74,364,-1,353,67,364,-1,364,67,70,-1,364,70,72,-1,74,76,364,-1,364,76,78,-1,364,78,365,-1,365,78,80,-1,365,80,366,-1,360,367,242,-1,242,367,368,-1,242,368,244,-1,244,368,369,-1,244,369,361,-1,237,244,356,-1,239,370,236,-1,236,370,371,-1,236,371,228,-1,228,371,372,-1,228,372,373,-1,238,374,239,-1,239,374,375,-1,239,375,370,-1,232,376,238,-1,238,376,377,-1,238,377,374,-1,231,378,232,-1,232,378,379,-1,232,379,376,-1,356,380,237,-1,237,380,381,-1,237,381,231,-1,231,381,382,-1,231,382,378,-1,225,216,383,-1,383,384,225,-1,225,384,385,-1,225,385,222,-1,222,385,386,-1,222,386,387,-1,214,213,388,-1,388,389,214,-1,214,389,390,-1,214,390,216,-1,216,390,391,-1,216,391,383,-1,392,393,209,-1,209,393,394,-1,209,394,213,-1,213,394,395,-1,213,395,388,-1,209,211,392,-1,392,211,212,-1,392,212,396,-1,397,398,79,-1,222,387,399,-1,399,387,400,-1,399,401,222,-1,222,401,402,-1,222,402,403,-1,404,405,223,-1,223,405,406,-1,223,406,68,-1,407,75,73,-1,397,79,407,-1,407,79,77,-1,407,77,75,-1,406,408,68,-1,68,408,409,-1,68,409,69,-1,69,409,407,-1,69,407,71,-1,71,407,73,-1,403,410,222,-1,222,410,411,-1,222,411,223,-1,223,411,412,-1,223,412,404,-1,413,414,81,-1,415,416,417,-1,417,416,226,-1,417,226,418,-1,81,414,224,-1,224,414,419,-1,224,419,420,-1,421,422,226,-1,226,422,423,-1,226,423,418,-1,86,88,424,-1,413,81,424,-1,424,81,84,-1,424,84,86,-1,88,90,424,-1,424,90,92,-1,424,92,425,-1,425,92,94,-1,425,94,426,-1,420,427,224,-1,224,427,428,-1,224,428,226,-1,226,428,429,-1,226,429,421,-1,219,226,416,-1,217,430,215,-1,215,430,431,-1,215,431,210,-1,210,431,432,-1,210,432,433,-1,218,434,217,-1,217,434,435,-1,217,435,430,-1,221,436,218,-1,218,436,437,-1,218,437,434,-1,220,438,221,-1,221,438,439,-1,221,439,436,-1,416,440,219,-1,219,440,441,-1,219,441,220,-1,220,441,442,-1,220,442,438,-1,207,193,443,-1,443,444,207,-1,207,444,445,-1,207,445,204,-1,204,445,446,-1,204,446,447,-1,200,199,448,-1,448,449,200,-1,200,449,450,-1,200,450,193,-1,193,450,451,-1,193,451,443,-1,452,453,194,-1,194,453,454,-1,194,454,199,-1,199,454,455,-1,199,455,448,-1,194,196,452,-1,452,196,197,-1,452,197,456,-1,457,458,93,-1,204,447,459,-1,459,447,460,-1,459,461,204,-1,204,461,462,-1,204,462,463,-1,464,465,205,-1,205,465,466,-1,205,466,82,-1,467,89,87,-1,463,468,204,-1,204,468,469,-1,204,469,205,-1,205,469,470,-1,205,470,464,-1,457,93,467,-1,467,93,91,-1,467,91,89,-1,466,471,82,-1,82,471,472,-1,82,472,83,-1,83,472,467,-1,83,467,85,-1,85,467,87,-1,473,474,95,-1,475,476,477,-1,477,476,208,-1,477,208,478,-1,95,474,206,-1,206,474,479,-1,206,479,480,-1,481,482,208,-1,208,482,483,-1,208,483,478,-1,100,102,484,-1,473,95,484,-1,484,95,98,-1,484,98,100,-1,102,104,484,-1,484,104,106,-1,484,106,485,-1,485,106,108,-1,485,108,486,-1,480,487,206,-1,206,487,488,-1,206,488,208,-1,208,488,489,-1,208,489,481,-1,198,208,476,-1,203,490,201,-1,201,490,491,-1,201,491,195,-1,195,491,492,-1,195,492,493,-1,202,494,203,-1,203,494,495,-1,203,495,490,-1,192,496,202,-1,202,496,497,-1,202,497,494,-1,191,498,192,-1,192,498,499,-1,192,499,496,-1,476,500,198,-1,198,500,501,-1,198,501,191,-1,191,501,502,-1,191,502,498,-1,183,180,503,-1,503,504,183,-1,183,504,505,-1,183,505,188,-1,188,505,506,-1,188,506,507,-1,178,177,508,-1,508,509,178,-1,178,509,510,-1,178,510,180,-1,180,510,511,-1,180,511,503,-1,512,513,173,-1,173,513,514,-1,173,514,177,-1,177,514,515,-1,177,515,508,-1,173,175,512,-1,512,175,176,-1,512,176,516,-1,517,518,107,-1,188,507,519,-1,519,507,520,-1,519,521,188,-1,188,521,522,-1,188,522,523,-1,523,524,188,-1,188,524,525,-1,188,525,186,-1,186,525,526,-1,186,526,527,-1,528,103,101,-1,527,529,186,-1,186,529,530,-1,186,530,96,-1,517,107,528,-1,528,107,105,-1,528,105,103,-1,530,531,96,-1,96,531,532,-1,96,532,97,-1,97,532,528,-1,97,528,99,-1,99,528,101,-1,533,534,109,-1,535,536,537,-1,537,536,189,-1,537,189,538,-1,109,534,187,-1,187,534,539,-1,187,539,540,-1,541,542,189,-1,189,542,543,-1,189,543,538,-1,114,116,544,-1,540,545,187,-1,187,545,546,-1,187,546,189,-1,189,546,547,-1,189,547,541,-1,533,109,544,-1,544,109,112,-1,544,112,114,-1,116,118,544,-1,544,118,120,-1,544,120,548,-1,548,120,122,-1,548,122,549,-1,190,189,536,-1,181,550,179,-1,179,550,551,-1,179,551,174,-1,174,551,552,-1,174,552,553,-1,182,554,181,-1,181,554,555,-1,181,555,550,-1,185,556,182,-1,182,556,557,-1,182,557,554,-1,184,558,185,-1,185,558,559,-1,185,559,556,-1,536,560,190,-1,190,560,561,-1,190,561,184,-1,184,561,562,-1,184,562,558,-1,171,162,563,-1,563,564,171,-1,171,564,565,-1,171,565,168,-1,168,565,566,-1,168,566,567,-1,160,159,568,-1,568,569,160,-1,160,569,570,-1,160,570,162,-1,162,570,571,-1,162,571,563,-1,572,573,155,-1,155,573,574,-1,155,574,159,-1,159,574,575,-1,159,575,568,-1,155,157,572,-1,572,157,158,-1,572,158,576,-1,577,578,121,-1,168,567,579,-1,579,567,580,-1,579,581,168,-1,168,581,582,-1,168,582,583,-1,583,584,168,-1,168,584,585,-1,168,585,169,-1,169,585,586,-1,169,586,587,-1,587,588,169,-1,169,588,589,-1,169,589,110,-1,590,117,115,-1,577,121,590,-1,590,121,119,-1,590,119,117,-1,589,591,110,-1,110,591,592,-1,110,592,111,-1,111,592,590,-1,111,590,113,-1,113,590,115,-1,593,594,595,-1,595,594,172,-1,595,172,596,-1,597,598,123,-1,123,598,599,-1,123,599,170,-1,170,599,600,-1,170,600,601,-1,602,603,172,-1,172,603,604,-1,172,604,596,-1,597,136,605,-1,605,136,138,-1,605,138,606,-1,601,607,170,-1,170,607,608,-1,170,608,172,-1,172,608,609,-1,172,609,602,-1,123,126,597,-1,597,126,128,-1,597,128,130,-1,130,132,597,-1,597,132,134,-1,597,134,136,-1,165,172,594,-1,163,610,161,-1,161,610,611,-1,161,611,156,-1,156,611,612,-1,156,612,613,-1,164,614,163,-1,163,614,615,-1,163,615,610,-1,167,616,164,-1,164,616,617,-1,164,617,614,-1,166,618,167,-1,167,618,619,-1,167,619,616,-1,594,620,165,-1,165,620,621,-1,165,621,166,-1,166,621,622,-1,166,622,618,-1,137,153,623,-1,623,153,154,-1,623,154,624,-1,10,6,625,-1,625,6,626,-1,625,626,124,-1,124,626,153,-1,124,153,125,-1,125,153,137,-1,125,137,127,-1,135,133,131,-1,135,131,137,-1,137,131,129,-1,137,129,127,-1,138,137,606,-1,606,137,623,-1,606,578,577,-1,606,577,605,-1,605,577,590,-1,605,590,597,-1,597,590,592,-1,597,592,598,-1,598,592,591,-1,598,591,599,-1,599,591,589,-1,599,589,600,-1,600,589,588,-1,600,588,601,-1,601,588,587,-1,601,587,607,-1,607,587,586,-1,607,586,608,-1,608,586,585,-1,608,585,609,-1,609,585,584,-1,609,584,602,-1,602,584,583,-1,602,583,603,-1,603,583,582,-1,603,582,604,-1,604,582,581,-1,604,581,596,-1,596,581,579,-1,596,579,595,-1,595,579,580,-1,595,580,593,-1,578,549,121,-1,121,549,122,-1,549,518,517,-1,549,517,548,-1,548,517,528,-1,548,528,544,-1,544,528,532,-1,544,532,533,-1,533,532,531,-1,533,531,534,-1,534,531,530,-1,534,530,539,-1,539,530,529,-1,539,529,540,-1,540,529,527,-1,540,527,545,-1,545,527,526,-1,545,526,546,-1,546,526,525,-1,546,525,547,-1,547,525,524,-1,547,524,541,-1,541,524,523,-1,541,523,542,-1,542,523,522,-1,542,522,543,-1,543,522,521,-1,543,521,538,-1,538,521,519,-1,538,519,537,-1,537,519,520,-1,537,520,535,-1,518,486,107,-1,107,486,108,-1,486,458,457,-1,486,457,485,-1,485,457,467,-1,485,467,484,-1,484,467,472,-1,484,472,473,-1,473,472,471,-1,473,471,474,-1,474,471,466,-1,474,466,479,-1,479,466,465,-1,479,465,480,-1,480,465,464,-1,480,464,487,-1,487,464,470,-1,487,470,488,-1,488,470,469,-1,488,469,489,-1,489,469,468,-1,489,468,481,-1,481,468,463,-1,481,463,482,-1,482,463,462,-1,482,462,483,-1,483,462,461,-1,483,461,478,-1,478,461,459,-1,478,459,477,-1,477,459,460,-1,477,460,475,-1,458,426,93,-1,93,426,94,-1,426,398,397,-1,426,397,425,-1,425,397,407,-1,425,407,424,-1,424,407,409,-1,424,409,413,-1,413,409,408,-1,413,408,414,-1,414,408,406,-1,414,406,419,-1,419,406,405,-1,419,405,420,-1,420,405,404,-1,420,404,427,-1,427,404,412,-1,427,412,428,-1,428,412,411,-1,428,411,429,-1,429,411,410,-1,429,410,421,-1,421,410,403,-1,421,403,422,-1,422,403,402,-1,422,402,423,-1,423,402,401,-1,423,401,418,-1,418,401,399,-1,418,399,417,-1,417,399,400,-1,417,400,415,-1,398,366,79,-1,79,366,80,-1,366,338,337,-1,366,337,365,-1,365,337,347,-1,365,347,364,-1,364,347,352,-1,364,352,353,-1,353,352,351,-1,353,351,354,-1,354,351,346,-1,354,346,359,-1,359,346,345,-1,359,345,360,-1,360,345,344,-1,360,344,367,-1,367,344,350,-1,367,350,368,-1,368,350,349,-1,368,349,369,-1,369,349,348,-1,369,348,361,-1,361,348,343,-1,361,343,362,-1,362,343,342,-1,362,342,363,-1,363,342,341,-1,363,341,358,-1,358,341,339,-1,358,339,357,-1,357,339,340,-1,357,340,355,-1,338,306,65,-1,65,306,66,-1,306,278,277,-1,306,277,305,-1,305,277,284,-1,305,284,304,-1,304,284,292,-1,304,292,307,-1,307,292,291,-1,307,291,308,-1,308,291,290,-1,308,290,309,-1,309,290,289,-1,309,289,300,-1,300,289,288,-1,300,288,301,-1,301,288,287,-1,301,287,302,-1,302,287,286,-1,302,286,303,-1,303,286,285,-1,303,285,297,-1,297,285,283,-1,297,283,298,-1,298,283,282,-1,298,282,299,-1,299,282,281,-1,299,281,296,-1,296,281,279,-1,296,279,295,-1,295,279,280,-1,295,280,293,-1,278,627,51,-1,51,627,52,-1,628,629,16,-1,628,16,630,-1,8,631,9,-1,9,631,632,-1,9,632,16,-1,16,632,633,-1,16,633,630,-1,634,635,636,-1,637,638,639,-1,639,638,640,-1,639,640,641,-1,641,640,642,-1,641,642,643,-1,644,645,637,-1,637,645,646,-1,637,646,638,-1,647,648,644,-1,644,648,649,-1,644,649,645,-1,650,651,647,-1,647,651,652,-1,647,652,648,-1,636,653,634,-1,634,653,654,-1,634,654,650,-1,650,654,655,-1,650,655,651,-1,656,657,39,-1,658,636,659,-1,659,636,635,-1,659,635,660,-1,39,657,661,-1,661,657,662,-1,661,662,663,-1,664,665,635,-1,635,665,666,-1,635,666,660,-1,44,46,667,-1,663,668,661,-1,661,668,669,-1,661,669,635,-1,635,669,670,-1,635,670,664,-1,656,39,667,-1,667,39,42,-1,667,42,44,-1,46,48,667,-1,667,48,50,-1,667,50,671,-1,671,50,52,-1,671,52,627,-1,672,633,673,-1,673,633,632,-1,673,632,674,-1,674,632,631,-1,675,676,33,-1,677,678,32,-1,33,676,32,-1,32,676,679,-1,32,679,677,-1,680,681,682,-1,683,684,678,-1,685,683,686,-1,686,683,678,-1,686,678,687,-1,687,678,677,-1,687,677,682,-1,682,677,675,-1,682,675,680,-1,680,675,33,-1,686,681,685,-1,685,681,680,-1,685,680,688,-1,688,680,689,-1,688,689,684,-1,684,689,690,-1,684,690,678,-1,678,690,691,-1,678,691,680,-1,680,691,692,-1,680,692,689,-1,693,694,695,-1,633,24,630,-1,630,24,23,-1,630,23,628,-1,628,23,22,-1,628,22,629,-1,629,22,17,-1,629,17,16,-1,672,34,633,-1,633,34,25,-1,633,25,24,-1,693,695,696,-1,696,695,697,-1,696,697,698,-1,698,697,699,-1,698,699,700,-1,700,699,701,-1,700,701,672,-1,672,701,702,-1,672,702,34,-1,34,702,680,-1,34,680,33,-1,627,703,704,-1,627,704,671,-1,671,704,705,-1,671,705,667,-1,667,705,706,-1,667,706,656,-1,656,706,707,-1,656,707,657,-1,657,707,708,-1,657,708,662,-1,662,708,709,-1,662,709,663,-1,663,709,710,-1,663,710,668,-1,668,710,711,-1,668,711,669,-1,669,711,712,-1,669,712,670,-1,670,712,713,-1,670,713,664,-1,664,713,714,-1,664,714,665,-1,665,714,715,-1,665,715,666,-1,666,715,716,-1,666,716,660,-1,660,716,717,-1,660,717,659,-1,659,717,718,-1,659,718,658,-1,719,720,721,-1,578,606,535,-1,722,723,724,-1,621,620,623,-1,725,726,721,-1,624,613,623,-1,623,613,612,-1,623,612,611,-1,611,610,623,-1,623,610,615,-1,623,615,614,-1,727,728,729,-1,723,730,731,-1,731,730,732,-1,731,732,733,-1,733,732,734,-1,733,734,735,-1,736,737,731,-1,722,724,738,-1,738,724,739,-1,738,739,740,-1,741,739,742,-1,614,617,623,-1,623,617,616,-1,623,616,619,-1,619,618,623,-1,623,618,622,-1,623,622,621,-1,458,486,520,-1,520,486,518,-1,520,518,535,-1,535,518,549,-1,535,549,578,-1,496,499,520,-1,520,499,498,-1,338,366,400,-1,400,366,398,-1,400,398,415,-1,415,398,426,-1,415,426,458,-1,743,744,745,-1,746,747,733,-1,733,747,748,-1,749,750,751,-1,740,739,752,-1,752,739,741,-1,752,741,721,-1,721,741,753,-1,721,753,754,-1,726,755,721,-1,721,755,756,-1,721,756,757,-1,757,758,721,-1,721,758,759,-1,721,759,760,-1,760,761,721,-1,721,761,762,-1,721,762,719,-1,566,565,535,-1,535,565,564,-1,535,564,563,-1,490,495,520,-1,498,502,520,-1,520,502,501,-1,520,501,500,-1,703,627,280,-1,280,627,278,-1,280,278,293,-1,293,278,306,-1,293,306,338,-1,654,653,280,-1,735,763,729,-1,729,763,764,-1,729,764,765,-1,765,764,766,-1,765,766,703,-1,728,767,729,-1,729,767,768,-1,729,768,735,-1,735,768,769,-1,735,769,733,-1,733,769,770,-1,733,770,746,-1,748,771,733,-1,733,771,772,-1,733,772,773,-1,774,775,776,-1,777,778,779,-1,749,780,750,-1,750,780,781,-1,750,781,782,-1,782,783,750,-1,750,783,784,-1,750,784,785,-1,773,786,733,-1,733,786,750,-1,733,750,787,-1,787,750,785,-1,754,788,721,-1,721,788,789,-1,721,789,725,-1,620,594,623,-1,623,594,593,-1,623,593,606,-1,606,593,580,-1,606,580,535,-1,535,580,567,-1,535,567,566,-1,570,569,557,-1,557,569,568,-1,557,568,575,-1,557,556,570,-1,570,556,559,-1,570,559,558,-1,558,562,570,-1,570,562,561,-1,570,561,560,-1,563,571,535,-1,535,571,570,-1,535,570,536,-1,536,570,560,-1,516,493,520,-1,495,494,520,-1,520,494,497,-1,520,497,496,-1,446,445,415,-1,415,445,444,-1,444,443,415,-1,415,443,451,-1,415,451,450,-1,376,379,400,-1,400,379,378,-1,326,325,293,-1,293,325,324,-1,293,324,323,-1,328,317,329,-1,329,317,330,-1,790,791,765,-1,765,791,792,-1,765,792,793,-1,727,729,745,-1,745,729,794,-1,745,794,743,-1,795,796,797,-1,798,799,731,-1,731,799,800,-1,731,800,801,-1,801,802,731,-1,731,802,803,-1,731,803,804,-1,804,805,731,-1,731,805,806,-1,731,806,807,-1,807,808,731,-1,731,808,809,-1,731,809,736,-1,810,811,724,-1,724,811,812,-1,724,812,813,-1,814,815,816,-1,816,815,817,-1,816,817,818,-1,818,819,816,-1,816,819,820,-1,816,820,821,-1,742,822,741,-1,741,822,816,-1,741,816,823,-1,823,816,821,-1,574,573,572,-1,553,552,551,-1,506,505,512,-1,493,492,520,-1,520,492,491,-1,520,491,490,-1,500,476,520,-1,520,476,475,-1,520,475,458,-1,458,475,460,-1,458,460,415,-1,415,460,447,-1,415,447,446,-1,370,375,400,-1,378,382,400,-1,400,382,381,-1,400,381,380,-1,380,356,400,-1,400,356,355,-1,400,355,338,-1,338,355,340,-1,338,340,293,-1,293,340,327,-1,293,327,326,-1,317,316,330,-1,330,316,319,-1,330,319,318,-1,318,322,330,-1,330,322,321,-1,330,321,320,-1,323,331,293,-1,293,331,330,-1,293,330,294,-1,294,330,320,-1,653,636,280,-1,280,636,658,-1,280,658,703,-1,703,658,718,-1,703,718,765,-1,765,718,824,-1,765,824,790,-1,825,826,827,-1,827,826,828,-1,827,828,829,-1,827,830,825,-1,825,830,831,-1,825,831,832,-1,832,833,825,-1,825,833,834,-1,825,834,835,-1,793,836,765,-1,765,836,825,-1,765,825,837,-1,837,825,835,-1,838,839,840,-1,841,842,838,-1,838,842,843,-1,838,843,844,-1,844,845,838,-1,838,845,846,-1,838,846,847,-1,847,848,838,-1,838,848,849,-1,838,849,850,-1,850,851,838,-1,838,851,852,-1,838,852,853,-1,744,854,745,-1,745,854,838,-1,745,838,855,-1,855,838,853,-1,776,856,777,-1,777,779,776,-1,776,779,857,-1,776,857,858,-1,751,774,749,-1,749,774,776,-1,749,776,859,-1,859,776,858,-1,860,861,862,-1,796,863,797,-1,797,863,860,-1,797,860,864,-1,864,860,865,-1,866,867,868,-1,868,867,869,-1,868,869,870,-1,868,871,866,-1,866,871,872,-1,866,872,873,-1,873,874,866,-1,866,874,875,-1,866,875,876,-1,813,877,724,-1,724,877,866,-1,724,866,878,-1,878,866,876,-1,879,880,881,-1,882,879,883,-1,883,879,884,-1,503,511,510,-1,505,504,512,-1,512,504,503,-1,512,503,513,-1,513,503,514,-1,454,453,452,-1,437,436,448,-1,448,436,439,-1,448,439,438,-1,438,442,448,-1,448,442,441,-1,448,441,440,-1,450,449,415,-1,415,449,448,-1,415,448,416,-1,416,448,440,-1,396,373,400,-1,375,374,400,-1,400,374,377,-1,400,377,376,-1,334,333,332,-1,266,265,272,-1,276,643,280,-1,280,643,642,-1,280,642,640,-1,640,638,280,-1,280,638,646,-1,280,646,645,-1,645,649,280,-1,280,649,648,-1,280,648,652,-1,652,651,280,-1,280,651,655,-1,280,655,654,-1,885,886,887,-1,888,889,890,-1,840,891,892,-1,798,731,797,-1,797,731,893,-1,797,893,795,-1,862,894,895,-1,737,896,731,-1,731,896,897,-1,731,897,723,-1,723,897,898,-1,723,898,724,-1,724,898,899,-1,724,899,810,-1,900,901,902,-1,903,904,905,-1,881,906,907,-1,882,908,879,-1,879,908,909,-1,879,909,910,-1,910,911,879,-1,879,911,912,-1,879,912,913,-1,816,914,814,-1,814,914,879,-1,814,879,915,-1,915,879,913,-1,572,576,553,-1,553,551,572,-1,572,551,550,-1,572,550,555,-1,575,574,557,-1,557,574,572,-1,557,572,554,-1,554,572,555,-1,516,520,512,-1,512,520,507,-1,512,507,506,-1,510,509,508,-1,435,454,430,-1,430,454,431,-1,448,455,437,-1,437,455,454,-1,437,454,434,-1,434,454,435,-1,386,385,392,-1,373,372,400,-1,400,372,371,-1,400,371,370,-1,315,334,310,-1,310,334,311,-1,328,335,317,-1,317,335,334,-1,317,334,314,-1,314,334,315,-1,263,271,270,-1,265,264,272,-1,272,264,263,-1,272,263,273,-1,273,263,274,-1,840,892,838,-1,838,892,916,-1,838,916,841,-1,862,895,860,-1,860,895,917,-1,860,917,865,-1,881,907,879,-1,879,907,918,-1,879,918,884,-1,510,508,503,-1,503,508,515,-1,503,515,514,-1,432,431,433,-1,433,431,454,-1,433,454,456,-1,456,454,452,-1,383,391,390,-1,385,384,392,-1,392,384,383,-1,392,383,393,-1,393,383,394,-1,312,311,313,-1,313,311,334,-1,313,334,336,-1,336,334,332,-1,276,280,272,-1,272,280,267,-1,272,267,266,-1,270,269,268,-1,887,919,888,-1,888,890,887,-1,887,890,920,-1,887,920,921,-1,829,885,827,-1,827,885,887,-1,827,887,922,-1,922,887,921,-1,902,923,903,-1,903,905,902,-1,902,905,924,-1,902,924,925,-1,870,900,868,-1,868,900,902,-1,868,902,926,-1,926,902,925,-1,396,400,392,-1,392,400,387,-1,392,387,386,-1,390,389,388,-1,270,268,263,-1,263,268,275,-1,263,275,274,-1,390,388,383,-1,383,388,395,-1,383,395,394,-1,927,641,928,-1,928,641,929,-1,927,930,641,-1,641,930,931,-1,641,931,639,-1,639,931,932,-1,639,932,637,-1,637,932,644,-1,634,650,932,-1,932,650,647,-1,932,647,644,-1,933,934,661,-1,932,935,634,-1,634,935,933,-1,634,933,635,-1,635,933,661,-1,212,210,140,-1,176,174,140,-1,720,719,936,-1,936,719,937,-1,246,313,336,-1,228,373,396,-1,938,939,937,-1,937,939,940,-1,937,940,936,-1,195,493,516,-1,909,908,938,-1,938,908,941,-1,938,941,939,-1,939,941,942,-1,943,799,798,-1,396,212,228,-1,228,212,140,-1,228,140,230,-1,516,176,195,-1,195,176,140,-1,195,140,197,-1,197,140,210,-1,197,210,456,-1,456,210,433,-1,613,624,156,-1,156,624,154,-1,154,139,156,-1,156,139,140,-1,156,140,158,-1,158,140,174,-1,158,174,576,-1,576,174,553,-1,944,945,939,-1,641,140,929,-1,929,140,946,-1,929,946,919,-1,919,946,888,-1,336,230,246,-1,246,230,140,-1,246,140,248,-1,248,140,641,-1,248,641,276,-1,276,641,643,-1,845,844,947,-1,947,844,948,-1,777,856,945,-1,945,856,949,-1,945,949,939,-1,939,949,947,-1,939,947,140,-1,140,947,948,-1,140,948,946,-1,903,923,942,-1,942,923,950,-1,942,950,939,-1,939,950,943,-1,939,943,944,-1,944,943,798,-1,169,110,109,-1,259,40,39,-1,205,82,81,-1,951,952,953,-1,954,955,956,-1,957,958,934,-1,934,958,959,-1,661,934,625,-1,625,934,959,-1,625,959,960,-1,960,959,961,-1,962,963,960,-1,964,965,960,-1,625,224,223,-1,953,962,951,-1,951,962,960,-1,951,960,966,-1,966,960,961,-1,966,961,967,-1,967,961,968,-1,956,964,954,-1,954,964,960,-1,954,960,969,-1,969,960,963,-1,969,963,970,-1,970,963,971,-1,972,973,974,-1,974,973,960,-1,974,960,975,-1,975,960,965,-1,975,965,976,-1,976,965,977,-1,187,186,625,-1,68,67,223,-1,223,67,242,-1,223,242,625,-1,625,242,241,-1,109,187,169,-1,169,187,625,-1,169,625,170,-1,170,625,124,-1,170,124,123,-1,96,95,186,-1,186,95,206,-1,186,206,625,-1,625,206,205,-1,625,205,224,-1,224,205,81,-1,39,661,259,-1,259,661,625,-1,259,625,260,-1,260,625,241,-1,260,241,53,-1,53,241,54,-1,625,960,978,-1,978,960,979,-1,10,625,8,-1,8,625,978,-1,8,978,631,-1,631,978,674,-1,32,678,980,-1,980,678,981,-1,3,32,2,-1,2,32,980,-1,2,980,140,-1,140,980,939,-1,
        ]
    }
}
Shape{
    appearance Appearance {
        material  Material 	{
            diffuseColor 1.0 1.0 1.0
            specularColor 0.5019607843137255 0.5019607843137255 0.5019607843137255
            ambientIntensity 0.2
            transparency 0
            shininess 0.5
        }
    }
    geometry IndexedFaceSet {
        ccw TRUE
        solid FALSE
        coord DEF co Coordinate {
            point [
                3.2776 0.2383 -0.9266, 3.2776 0.3128 -0.9266, 3.3366 0.2383 -0.9266, 3.3366 0.3128 -0.9266, 3.3366 0.218 -0.9266, 3.3406 0.218 -0.9266, 3.3366 0.3803 -0.9266, 3.2776 0.3803 -0.9266, 3.2736 0.6235 -0.9266, 3.3406 0.6235 -0.9266, 3.2776 0.218 -0.9266, 3.2736 0.218 -0.9266, 5.0846 -0.1009 -1.0487, 4.9547 -0.1009 -1.0487, 5.0846 -0.7387 -1.0487, 4.9547 -0.7387 -1.0487, 5.0846 -0.0616 -1.0329, 4.9547 -0.0616 -1.0329, 5.0846 0.1983 -1.0329, 4.9547 0.1983 -1.0329, 5.0846 0.4345 -1.0093, 4.9547 0.4345 -1.0093, 5.0846 0.6038 -1.0093, 4.9547 0.6038 -1.0093, 5.0846 0.6038 -0.8597, 4.9547 0.6038 -0.8597, 5.0846 0.4739 -0.8597, 4.9547 0.4739 -0.8597, 4.9547 0.4739 -0.8597
            ]
        }
        coordIndex [
            0,1,2,-1,2,1,3,-1,4,2,5,-1,5,2,3,-1,5,3,6,-1,7,8,6,-1,6,8,9,-1,6,9,5,-1,10,11,0,-1,0,11,8,-1,0,8,1,-1,1,8,7,-1,12,13,14,-1,14,13,15,-1,16,17,12,-1,12,17,13,-1,18,19,16,-1,16,19,17,-1,20,21,18,-1,18,21,19,-1,22,23,20,-1,20,23,21,-1,24,25,22,-1,22,25,23,-1,26,27,24,-1,24,27,25,-1,
        ]
    }
}
Shape{
    appearance Appearance {
        material  Material 	{
            diffuseColor 1.0 1.0 0.5019607843137255
            specularColor 0.5019607843137255 0.5019607843137255 0.25098039215686274
            ambientIntensity 0.2
            transparency 0
            shininess 0.5
        }
    }
    geometry IndexedFaceSet {
        ccw TRUE
        solid FALSE
        coord DEF co Coordinate {
            point [
                4.9508 0.8164 -1.2337, 4.9508 0.8164 -1.214, 4.8917 0.8164 -1.2337, 4.8917 0.8164 -1.214, 4.5571 0.8164 -1.2337, 4.5571 0.8164 -1.214, 4.498 0.8164 -1.2337, 4.498 0.8164 -1.214, 4.1634 0.8164 -1.2337, 4.1634 0.8164 -1.214, 4.1043 0.8164 -1.2337, 4.1043 0.8164 -1.214, 4.1043 0.8218 -1.1131, 4.1043 0.8119 -1.1039, 4.1043 0.9507 -0.8419, 4.1043 0.5903 -0.807, 4.1043 0.6448 -0.6628, 4.1043 0.6043 -0.8131, 4.1043 0.6583 -0.6611, 4.1043 0.6817 -0.655, 4.1043 0.0941 -0.7588, 4.1043 0.0809 -0.7444, 4.1043 0.5926 -1.1353, 4.1043 0.5977 -1.023, 4.1043 0.6095 -1.0162, 4.1043 0.7485 -1.105, 4.1043 0.7389 -1.1146, 4.1043 0.9365 -0.836, 4.1043 0.6194 -1.0068, 4.1043 0.9089 -0.8002, 4.1043 0.6268 -0.9953, 4.1043 0.6315 -0.9825, 4.1043 0.9148 -0.8144, 4.1043 0.9242 -0.8266, 4.1043 0.7602 -1.0982, 4.1043 0.8564 -0.6606, 4.1043 0.8677 -0.6566, 4.1043 0.8796 -0.6553, 4.1043 0.5753 -0.8047, 4.1043 0.2216 -0.7969, 4.1043 0.2066 -0.7985, 4.1043 0.1034 -0.7759, 4.1043 0.1652 -0.8083, 4.1043 0.1094 -0.7871, 4.1043 0.1178 -0.7965, 4.1043 0.0267 -0.7259, 4.1043 -0.0788 -0.6628, 4.1043 0.0461 -0.7275, 4.1043 0.0646 -0.7338, 4.1043 0.0074 -0.7292, 4.1043 -0.0104 -0.737, 4.1043 -0.0923 -0.6644, 4.1043 -0.0258 -0.7491, 4.1043 0.8 -1.0975, 4.1043 0.7868 -1.0943, 4.1043 0.7732 -1.0945, 4.1043 0.7304 -1.1233, 4.1043 0.7202 -1.1298, 4.1043 0.834 -1.151, 4.1043 0.8332 -1.1375, 4.1043 0.8291 -1.1246, 4.1043 1.0319 -1.0872, 4.1043 1.0425 -1.0941, 4.1043 1.0544 -1.0984, 4.1043 1.155 -1.2337, 4.1043 1.067 -1.0998, 4.1043 1.155 -1.153, 4.1043 0.7642 -0.7123, 4.1043 0.777 -0.7156, 4.1043 0.6254 -0.8346, 4.1043 0.7903 -0.7156, 4.1043 0.8031 -0.7123, 4.1043 -0.1478 -0.781, 4.1043 -0.1496 -0.7674, 4.1043 -0.0455 -0.7824, 4.1043 0.7088 -1.1339, 4.1043 0.6968 -1.1353, 4.1043 0.8312 -1.1643, 4.1043 0.8252 -1.1765, 4.1043 0.9993 -1.0408, 4.1043 1.0042 -1.0529, 4.1043 0.7357 -0.6858, 4.1043 0.6162 -0.8225, 4.1043 0.7428 -0.697, 4.1043 0.7525 -0.706, 4.1043 0.6331 -0.9689, 4.1043 0.6331 -0.8638, 4.1043 0.9069 -0.7849, 4.1043 0.6311 -0.8487, 4.1043 0.9069 -0.6553, 4.1043 0.8148 -0.7059, 4.1043 0.8463 -0.667, 4.1043 0.7343 -0.655, 4.1043 0.7323 -0.6626, 4.1043 0.7318 -0.6705, 4.1043 0.733 -0.6784, 4.1043 -0.1378 -0.7022, 4.1043 -0.126 -0.6865, 4.1043 -0.0377 -0.7645, 4.1043 -0.1166 -0.6766, 4.1043 -0.1052 -0.6691, 4.1043 -0.1496 -0.7376, 4.1043 -0.1483 -0.7251, 4.1043 -0.1443 -0.7131, 4.1043 -0.1234 -0.8132, 4.1043 -0.1343 -0.8047, 4.1043 -0.0596 -0.8057, 4.1043 0.1486 -1.0023, 4.1043 0.1589 -1.0058, 4.1043 0.1131 -1.0613, 4.1043 0.1697 -1.0073, 4.1043 0.5835 -1.1346, 4.1043 0.571 -1.0279, 4.1043 0.5846 -1.027, 4.1043 1.0054 -0.8439, 4.1043 1.0054 -0.9991, 4.1043 0.966 -0.8439, 4.1043 1.0034 -1.0026, 4.1043 0.9989 -1.0149, 4.1043 0.9975 -1.0279, 4.1043 0.8244 -0.6968, 4.1043 0.8316 -0.6856, 4.1043 0.8379 -0.6755, 4.1043 0.1527 -0.8098, 4.1043 0.1401 -0.8082, 4.1043 0.1283 -0.8037, 4.1043 -0.051 -0.795, 4.1043 0.1131 -0.9863, 4.1043 0.1023 -1.0606, 4.1043 0.1011 -0.9826, 4.1043 -0.0163 -1.064, 4.1043 0.0547 -0.9964, 4.1043 0.0647 -0.9889, 4.1043 1.0092 -1.0603, 4.1043 1.0231 -1.078, 4.1043 1.1394 -1.1154, 4.1043 1.1478 -1.1264, 4.1043 1.1532 -1.1392, 4.1043 -0.1426 -0.7938, 4.1043 0.8164 -1.2059, 4.1043 0.8204 -1.1856, 4.1043 0.8174 -1.1955, 4.1043 0.0762 -0.9839, 4.1043 0.0886 -0.9818, 4.1043 1.1018 -1.0998, 4.1043 1.1156 -1.1017, 4.1043 1.1284 -1.107, 4.1043 -0.0707 -0.8139, 4.1043 -0.0835 -0.8189, 4.1043 -0.1108 -0.8186, 4.1043 -0.0972 -0.8205, 4.1634 0.8252 -1.1765, 4.1634 0.8204 -1.1856, 4.1634 0.8174 -1.1955, 4.1634 0.8164 -1.2059, 4.1634 0.7323 -0.6626, 4.1634 0.7343 -0.655, 4.1634 0.6817 -0.655, 4.1634 -0.0104 -0.737, 4.1634 0.0074 -0.7292, 4.1634 -0.0788 -0.6628, 4.1634 0.9993 -1.0408, 4.1634 0.9975 -1.0279, 4.1634 -0.126 -0.6865, 4.1634 -0.1378 -0.7022, 4.1634 -0.0377 -0.7645, 4.1634 0.9507 -0.8419, 4.1634 0.8119 -1.1039, 4.1634 0.8 -1.0975, 4.1634 0.9365 -0.836, 4.1634 0.7868 -1.0943, 4.1634 0.7202 -1.1298, 4.1634 0.7304 -1.1233, 4.1634 0.7389 -1.1146, 4.1634 0.7318 -0.6705, 4.1634 1.0544 -1.0984, 4.1634 1.067 -1.0998, 4.1634 1.155 -1.2337, 4.1634 1.155 -1.153, 4.1634 0.8218 -1.1131, 4.1634 0.8291 -1.1246, 4.1634 0.8332 -1.1375, 4.1634 0.0809 -0.7444, 4.1634 0.0941 -0.7588, 4.1634 0.6448 -0.6628, 4.1634 0.2216 -0.7969, 4.1634 0.8244 -0.6968, 4.1634 0.9069 -0.6553, 4.1634 0.8316 -0.6856, 4.1634 0.8796 -0.6553, 4.1634 1.0034 -1.0026, 4.1634 1.0054 -0.9991, 4.1634 1.0054 -0.8439, 4.1634 0.834 -1.151, 4.1634 0.8312 -1.1643, 4.1634 0.7088 -1.1339, 4.1634 0.7732 -1.0945, 4.1634 0.9242 -0.8266, 4.1634 0.7602 -1.0982, 4.1634 0.9148 -0.8144, 4.1634 0.6315 -0.9825, 4.1634 0.6268 -0.9953, 4.1634 0.5926 -1.1353, 4.1634 0.6194 -1.0068, 4.1634 0.6095 -1.0162, 4.1634 -0.1166 -0.6766, 4.1634 -0.0258 -0.7491, 4.1634 -0.1052 -0.6691, 4.1634 -0.0923 -0.6644, 4.1634 0.0267 -0.7259, 4.1634 0.0461 -0.7275, 4.1634 0.0646 -0.7338, 4.1634 0.8148 -0.7059, 4.1634 0.8031 -0.7123, 4.1634 0.6254 -0.8346, 4.1634 0.7903 -0.7156, 4.1634 0.777 -0.7156, 4.1634 1.0425 -1.0941, 4.1634 1.0319 -1.0872, 4.1634 1.0231 -1.078, 4.1634 0.9989 -1.0149, 4.1634 0.966 -0.8439, 4.1634 0.7485 -1.105, 4.1634 0.6968 -1.1353, 4.1634 0.0547 -0.9964, 4.1634 -0.0163 -1.064, 4.1634 0.1023 -1.0606, 4.1634 0.2066 -0.7985, 4.1634 0.1034 -0.7759, 4.1634 0.1652 -0.8083, 4.1634 0.1094 -0.7871, 4.1634 0.1178 -0.7965, 4.1634 0.5753 -0.8047, 4.1634 0.5903 -0.807, 4.1634 0.6583 -0.6611, 4.1634 0.6043 -0.8131, 4.1634 0.733 -0.6784, 4.1634 0.8677 -0.6566, 4.1634 0.8564 -0.6606, 4.1634 0.9069 -0.7849, 4.1634 0.6311 -0.8487, 4.1634 0.9089 -0.8002, 4.1634 0.6331 -0.8638, 4.1634 0.6331 -0.9689, 4.1634 0.7642 -0.7123, 4.1634 0.7525 -0.706, 4.1634 0.6162 -0.8225, 4.1634 0.7428 -0.697, 4.1634 0.7357 -0.6858, 4.1634 1.0092 -1.0603, 4.1634 1.0042 -1.0529, 4.1634 0.5977 -1.023, 4.1634 0.5846 -1.027, 4.1634 0.5835 -1.1346, 4.1634 0.571 -1.0279, 4.1634 0.1131 -1.0613, 4.1634 0.1697 -1.0073, 4.1634 0.1589 -1.0058, 4.1634 -0.1443 -0.7131, 4.1634 -0.1483 -0.7251, 4.1634 -0.0455 -0.7824, 4.1634 0.8463 -0.667, 4.1634 0.8379 -0.6755, 4.1634 1.1532 -1.1392, 4.1634 1.1478 -1.1264, 4.1634 1.1394 -1.1154, 4.1634 -0.1496 -0.7376, 4.1634 -0.1496 -0.7674, 4.1634 -0.1478 -0.781, 4.1634 -0.0707 -0.8139, 4.1634 -0.0596 -0.8057, 4.1634 -0.1234 -0.8132, 4.1634 -0.1343 -0.8047, 4.1634 -0.1426 -0.7938, 4.1634 -0.051 -0.795, 4.1634 0.1283 -0.8037, 4.1634 0.1401 -0.8082, 4.1634 0.1527 -0.8098, 4.1634 1.1284 -1.107, 4.1634 1.1156 -1.1017, 4.1634 1.1018 -1.0998, 4.1634 0.1486 -1.0023, 4.1634 0.1131 -0.9863, 4.1634 0.1011 -0.9826, 4.1634 0.0886 -0.9818, 4.1634 0.0762 -0.9839, 4.1634 0.0647 -0.9889, 4.1634 -0.0835 -0.8189, 4.1634 -0.1108 -0.8186, 4.1634 -0.0972 -0.8205, 4.498 0.8218 -1.1131, 4.498 0.8119 -1.1039, 4.498 0.9507 -0.8419, 4.498 0.5903 -0.807, 4.498 0.6448 -0.6628, 4.498 0.6043 -0.8131, 4.498 0.6583 -0.6611, 4.498 0.6817 -0.655, 4.498 0.0941 -0.7588, 4.498 0.0809 -0.7444, 4.498 0.5926 -1.1353, 4.498 0.5977 -1.023, 4.498 0.6095 -1.0162, 4.498 0.7485 -1.105, 4.498 0.7389 -1.1146, 4.498 0.9365 -0.836, 4.498 0.6194 -1.0068, 4.498 0.9089 -0.8002, 4.498 0.6268 -0.9953, 4.498 0.6315 -0.9825, 4.498 0.9148 -0.8144, 4.498 0.9242 -0.8266, 4.498 0.7602 -1.0982, 4.498 0.8564 -0.6606, 4.498 0.8677 -0.6566, 4.498 0.8796 -0.6553, 4.498 0.5753 -0.8047, 4.498 0.2216 -0.7969, 4.498 0.2066 -0.7985, 4.498 0.1034 -0.7759, 4.498 0.1652 -0.8083, 4.498 0.1094 -0.7871, 4.498 0.1178 -0.7965, 4.498 0.0267 -0.7259, 4.498 -0.0788 -0.6628, 4.498 0.0461 -0.7275, 4.498 0.0646 -0.7338, 4.498 0.0074 -0.7292, 4.498 -0.0104 -0.737, 4.498 -0.0923 -0.6644, 4.498 -0.0258 -0.7491, 4.498 0.8 -1.0975, 4.498 0.7868 -1.0943, 4.498 0.7732 -1.0945, 4.498 0.7304 -1.1233, 4.498 0.7202 -1.1298, 4.498 0.834 -1.151, 4.498 0.8332 -1.1375, 4.498 0.8291 -1.1246, 4.498 1.0319 -1.0872, 4.498 1.0425 -1.0941, 4.498 1.0544 -1.0984, 4.498 1.155 -1.2337, 4.498 1.067 -1.0998, 4.498 1.155 -1.153, 4.498 0.7642 -0.7123, 4.498 0.777 -0.7156, 4.498 0.6254 -0.8346, 4.498 0.7903 -0.7156, 4.498 0.8031 -0.7123, 4.498 -0.1478 -0.781, 4.498 -0.1496 -0.7674, 4.498 -0.0455 -0.7824, 4.498 0.7088 -1.1339, 4.498 0.6968 -1.1353, 4.498 0.8312 -1.1643, 4.498 0.8252 -1.1765, 4.498 0.9993 -1.0408, 4.498 1.0042 -1.0529, 4.498 0.7357 -0.6858, 4.498 0.6162 -0.8225, 4.498 0.7428 -0.697, 4.498 0.7525 -0.706, 4.498 0.6331 -0.9689, 4.498 0.6331 -0.8638, 4.498 0.9069 -0.7849, 4.498 0.6311 -0.8487, 4.498 0.9069 -0.6553, 4.498 0.8148 -0.7059, 4.498 0.8463 -0.667, 4.498 0.7343 -0.655, 4.498 0.7323 -0.6626, 4.498 0.7318 -0.6705, 4.498 0.733 -0.6784, 4.498 -0.1378 -0.7022, 4.498 -0.126 -0.6865, 4.498 -0.0377 -0.7645, 4.498 -0.1166 -0.6766, 4.498 -0.1052 -0.6691, 4.498 -0.1496 -0.7376, 4.498 -0.1483 -0.7251, 4.498 -0.1443 -0.7131, 4.498 0.1486 -1.0023, 4.498 0.1589 -1.0058, 4.498 0.1131 -1.0613, 4.498 0.1697 -1.0073, 4.498 0.5835 -1.1346, 4.498 0.571 -1.0279, 4.498 0.5846 -1.027, 4.498 1.0054 -0.8439, 4.498 1.0054 -0.9991, 4.498 0.966 -0.8439, 4.498 1.0034 -1.0026, 4.498 0.9989 -1.0149, 4.498 0.9975 -1.0279, 4.498 0.8244 -0.6968, 4.498 0.8316 -0.6856, 4.498 0.8379 -0.6755, 4.498 0.1527 -0.8098, 4.498 0.1401 -0.8082, 4.498 0.1283 -0.8037, 4.498 0.1131 -0.9863, 4.498 0.1023 -1.0606, 4.498 0.1011 -0.9826, 4.498 -0.0163 -1.064, 4.498 0.0547 -0.9964, 4.498 0.0647 -0.9889, 4.498 1.0092 -1.0603, 4.498 1.0231 -1.078, 4.498 1.1394 -1.1154, 4.498 1.1478 -1.1264, 4.498 1.1532 -1.1392, 4.498 0.8164 -1.2059, 4.498 0.8204 -1.1856, 4.498 0.8174 -1.1955, 4.498 -0.051 -0.795, 4.498 -0.1343 -0.8047, 4.498 -0.1426 -0.7938, 4.498 -0.0972 -0.8205, 4.498 -0.1108 -0.8186, 4.498 -0.0835 -0.8189, 4.498 -0.0707 -0.8139, 4.498 -0.0596 -0.8057, 4.498 -0.1234 -0.8132, 4.498 0.0762 -0.9839, 4.498 0.0886 -0.9818, 4.498 1.1018 -1.0998, 4.498 1.1156 -1.1017, 4.498 1.1284 -1.107, 4.5571 0.8252 -1.1765, 4.5571 0.8204 -1.1856, 4.5571 0.8174 -1.1955, 4.5571 0.8164 -1.2059, 4.5571 0.7323 -0.6626, 4.5571 0.7343 -0.655, 4.5571 0.6817 -0.655, 4.5571 0.9993 -1.0408, 4.5571 0.9975 -1.0279, 4.5571 0.9507 -0.8419, 4.5571 0.8119 -1.1039, 4.5571 0.8 -1.0975, 4.5571 0.9365 -0.836, 4.5571 0.7868 -1.0943, 4.5571 0.7202 -1.1298, 4.5571 0.7304 -1.1233, 4.5571 0.7389 -1.1146, 4.5571 0.7318 -0.6705, 4.5571 1.0544 -1.0984, 4.5571 1.067 -1.0998, 4.5571 1.155 -1.2337, 4.5571 1.155 -1.153, 4.5571 0.8218 -1.1131, 4.5571 0.8291 -1.1246, 4.5571 0.8332 -1.1375, 4.5571 0.0809 -0.7444, 4.5571 0.0941 -0.7588, 4.5571 0.6448 -0.6628, 4.5571 0.2216 -0.7969, 4.5571 0.8244 -0.6968, 4.5571 0.9069 -0.6553, 4.5571 0.8316 -0.6856, 4.5571 0.8796 -0.6553, 4.5571 1.0034 -1.0026, 4.5571 1.0054 -0.9991, 4.5571 1.0054 -0.8439, 4.5571 0.834 -1.151, 4.5571 0.8312 -1.1643, 4.5571 0.7088 -1.1339, 4.5571 0.7732 -1.0945, 4.5571 0.9242 -0.8266, 4.5571 0.7602 -1.0982, 4.5571 0.9148 -0.8144, 4.5571 0.6315 -0.9825, 4.5571 0.6268 -0.9953, 4.5571 0.5926 -1.1353, 4.5571 0.6194 -1.0068, 4.5571 0.6095 -1.0162, 4.5571 -0.0923 -0.6644, 4.5571 -0.0258 -0.7491, 4.5571 -0.0788 -0.6628, 4.5571 -0.0104 -0.737, 4.5571 0.0074 -0.7292, 4.5571 0.0267 -0.7259, 4.5571 0.0461 -0.7275, 4.5571 0.0646 -0.7338, 4.5571 0.8148 -0.7059, 4.5571 0.8031 -0.7123, 4.5571 0.6254 -0.8346, 4.5571 0.7903 -0.7156, 4.5571 0.777 -0.7156, 4.5571 1.0425 -1.0941, 4.5571 1.0319 -1.0872, 4.5571 1.0231 -1.078, 4.5571 0.9989 -1.0149, 4.5571 0.966 -0.8439, 4.5571 0.7485 -1.105, 4.5571 0.6968 -1.1353, 4.5571 0.0547 -0.9964, 4.5571 -0.0163 -1.064, 4.5571 0.1023 -1.0606, 4.5571 -0.1052 -0.6691, 4.5571 -0.1166 -0.6766, 4.5571 -0.0377 -0.7645, 4.5571 -0.126 -0.6865, 4.5571 -0.1378 -0.7022, 4.5571 0.2066 -0.7985, 4.5571 0.1034 -0.7759, 4.5571 0.1652 -0.8083, 4.5571 0.1094 -0.7871, 4.5571 0.1178 -0.7965, 4.5571 0.5753 -0.8047, 4.5571 0.5903 -0.807, 4.5571 0.6583 -0.6611, 4.5571 0.6043 -0.8131, 4.5571 0.733 -0.6784, 4.5571 0.8677 -0.6566, 4.5571 0.8564 -0.6606, 4.5571 0.9069 -0.7849, 4.5571 0.6311 -0.8487, 4.5571 0.9089 -0.8002, 4.5571 0.6331 -0.8638, 4.5571 0.6331 -0.9689, 4.5571 0.7642 -0.7123, 4.5571 0.7525 -0.706, 4.5571 0.6162 -0.8225, 4.5571 0.7428 -0.697, 4.5571 0.7357 -0.6858, 4.5571 1.0092 -1.0603, 4.5571 1.0042 -1.0529, 4.5571 0.5977 -1.023, 4.5571 0.5846 -1.027, 4.5571 0.5835 -1.1346, 4.5571 0.571 -1.0279, 4.5571 0.1131 -1.0613, 4.5571 0.1697 -1.0073, 4.5571 0.1589 -1.0058, 4.5571 0.8463 -0.667, 4.5571 0.8379 -0.6755, 4.5571 1.1532 -1.1392, 4.5571 1.1478 -1.1264, 4.5571 1.1394 -1.1154, 4.5571 -0.1443 -0.7131, 4.5571 -0.1483 -0.7251, 4.5571 -0.0455 -0.7824, 4.5571 0.1283 -0.8037, 4.5571 0.1401 -0.8082, 4.5571 0.1527 -0.8098, 4.5571 1.1284 -1.107, 4.5571 1.1156 -1.1017, 4.5571 1.1018 -1.0998, 4.5571 0.1486 -1.0023, 4.5571 0.1131 -0.9863, 4.5571 0.1011 -0.9826, 4.5571 0.0886 -0.9818, 4.5571 -0.1496 -0.7376, 4.5571 -0.1496 -0.7674, 4.5571 -0.1478 -0.781, 4.5571 -0.1343 -0.8047, 4.5571 -0.0707 -0.8139, 4.5571 -0.0596 -0.8057, 4.5571 0.0762 -0.9839, 4.5571 0.0647 -0.9889, 4.5571 -0.1234 -0.8132, 4.5571 -0.1108 -0.8186, 4.5571 -0.0835 -0.8189, 4.5571 -0.0972 -0.8205, 4.5571 -0.1426 -0.7938, 4.5571 -0.051 -0.795, 4.8917 0.6095 -1.0162, 4.8917 0.9148 -0.8144, 4.8917 0.9242 -0.8266, 4.8917 0.6448 -0.6628, 4.8917 0.0941 -0.7588, 4.8917 0.0809 -0.7444, 4.8917 0.8218 -1.1131, 4.8917 0.8119 -1.1039, 4.8917 0.9507 -0.8419, 4.8917 0.6268 -0.9953, 4.8917 0.6315 -0.9825, 4.8917 0.9089 -0.8002, 4.8917 0.5903 -0.807, 4.8917 0.6043 -0.8131, 4.8917 0.6583 -0.6611, 4.8917 0.6817 -0.655, 4.8917 0.5846 -1.027, 4.8917 0.5977 -1.023, 4.8917 0.5926 -1.1353, 4.8917 0.7485 -1.105, 4.8917 0.7389 -1.1146, 4.8917 0.9365 -0.836, 4.8917 0.8564 -0.6606, 4.8917 0.8677 -0.6566, 4.8917 0.8796 -0.6553, 4.8917 0.7602 -1.0982, 4.8917 0.6194 -1.0068, 4.8917 0.7642 -0.7123, 4.8917 0.777 -0.7156, 4.8917 0.6254 -0.8346, 4.8917 0.7903 -0.7156, 4.8917 0.8031 -0.7123, 4.8917 0.5753 -0.8047, 4.8917 0.2216 -0.7969, 4.8917 0.2066 -0.7985, 4.8917 0.1034 -0.7759, 4.8917 0.1652 -0.8083, 4.8917 0.1094 -0.7871, 4.8917 0.1178 -0.7965, 4.8917 -0.0258 -0.7491, 4.8917 -0.0923 -0.6644, 4.8917 -0.0104 -0.737, 4.8917 -0.0788 -0.6628, 4.8917 0.0074 -0.7292, 4.8917 -0.1443 -0.7131, 4.8917 -0.1378 -0.7022, 4.8917 -0.0377 -0.7645, 4.8917 0.8 -1.0975, 4.8917 0.7868 -1.0943, 4.8917 0.7732 -1.0945, 4.8917 0.7304 -1.1233, 4.8917 0.7202 -1.1298, 4.8917 0.834 -1.151, 4.8917 0.8332 -1.1375, 4.8917 0.8291 -1.1246, 4.8917 1.0319 -1.0872, 4.8917 1.0425 -1.0941, 4.8917 1.0544 -1.0984, 4.8917 1.155 -1.2337, 4.8917 1.067 -1.0998, 4.8917 1.155 -1.153, 4.8917 0.7357 -0.6858, 4.8917 0.6162 -0.8225, 4.8917 0.7428 -0.697, 4.8917 0.7525 -0.706, 4.8917 0.6331 -0.9689, 4.8917 0.6331 -0.8638, 4.8917 0.9069 -0.7849, 4.8917 0.6311 -0.8487, 4.8917 0.9069 -0.6553, 4.8917 0.8148 -0.7059, 4.8917 0.8463 -0.667, 4.8917 0.7343 -0.655, 4.8917 0.7323 -0.6626, 4.8917 0.7318 -0.6705, 4.8917 0.733 -0.6784, 4.8917 0.0646 -0.7338, 4.8917 0.0461 -0.7275, 4.8917 0.0267 -0.7259, 4.8917 0.7088 -1.1339, 4.8917 0.6968 -1.1353, 4.8917 0.8312 -1.1643, 4.8917 0.8252 -1.1765, 4.8917 0.9993 -1.0408, 4.8917 1.0042 -1.0529, 4.8917 0.8244 -0.6968, 4.8917 0.8316 -0.6856, 4.8917 0.8379 -0.6755, 4.8917 -0.126 -0.6865, 4.8917 -0.1166 -0.6766, 4.8917 -0.1052 -0.6691, 4.8917 -0.1483 -0.7251, 4.8917 -0.0455 -0.7824, 4.8917 -0.1496 -0.7376, 4.8917 0.571 -1.0279, 4.8917 0.5835 -1.1346, 4.8917 0.1697 -1.0073, 4.8917 0.1131 -1.0613, 4.8917 0.1589 -1.0058, 4.8917 1.0054 -0.8439, 4.8917 1.0054 -0.9991, 4.8917 0.966 -0.8439, 4.8917 1.0034 -1.0026, 4.8917 0.9989 -1.0149, 4.8917 0.9975 -1.0279, 4.8917 0.1527 -0.8098, 4.8917 0.1401 -0.8082, 4.8917 0.1283 -0.8037, 4.8917 0.1023 -1.0606, 4.8917 0.1131 -0.9863, 4.8917 0.1486 -1.0023, 4.8917 1.0092 -1.0603, 4.8917 1.0231 -1.078, 4.8917 1.1394 -1.1154, 4.8917 1.1478 -1.1264, 4.8917 1.1532 -1.1392, 4.8917 -0.1426 -0.7938, 4.8917 -0.1478 -0.781, 4.8917 -0.1496 -0.7674, 4.8917 -0.0163 -1.064, 4.8917 0.0547 -0.9964, 4.8917 0.0647 -0.9889, 4.8917 0.0762 -0.9839, 4.8917 0.8164 -1.2059, 4.8917 0.8204 -1.1856, 4.8917 0.8174 -1.1955, 4.8917 -0.051 -0.795, 4.8917 -0.1234 -0.8132, 4.8917 -0.1343 -0.8047, 4.8917 -0.0596 -0.8057, 4.8917 -0.0707 -0.8139, 4.8917 -0.1108 -0.8186, 4.8917 -0.0835 -0.8189, 4.8917 -0.0972 -0.8205, 4.8917 0.0886 -0.9818, 4.8917 0.1011 -0.9826, 4.8917 1.1018 -1.0998, 4.8917 1.1156 -1.1017, 4.8917 1.1284 -1.107, 4.9508 0.8252 -1.1765, 4.9508 0.8204 -1.1856, 4.9508 0.8174 -1.1955, 4.9508 0.8164 -1.2059, 4.9508 0.9993 -1.0408, 4.9508 0.9975 -1.0279, 4.9508 0.7323 -0.6626, 4.9508 0.7343 -0.655, 4.9508 0.6817 -0.655, 4.9508 0.9507 -0.8419, 4.9508 0.8119 -1.1039, 4.9508 0.8 -1.0975, 4.9508 0.9365 -0.836, 4.9508 0.7868 -1.0943, 4.9508 0.7202 -1.1298, 4.9508 0.7304 -1.1233, 4.9508 0.7389 -1.1146, 4.9508 1.0544 -1.0984, 4.9508 1.067 -1.0998, 4.9508 1.155 -1.2337, 4.9508 1.155 -1.153, 4.9508 0.8218 -1.1131, 4.9508 0.8291 -1.1246, 4.9508 0.8332 -1.1375, 4.9508 0.0809 -0.7444, 4.9508 0.0941 -0.7588, 4.9508 0.6448 -0.6628, 4.9508 0.2216 -0.7969, 4.9508 0.7318 -0.6705, 4.9508 1.0034 -1.0026, 4.9508 1.0054 -0.9991, 4.9508 1.0054 -0.8439, 4.9508 0.834 -1.151, 4.9508 0.8312 -1.1643, 4.9508 0.7088 -1.1339, 4.9508 0.7732 -1.0945, 4.9508 0.9242 -0.8266, 4.9508 0.7602 -1.0982, 4.9508 0.9148 -0.8144, 4.9508 0.6315 -0.9825, 4.9508 0.6268 -0.9953, 4.9508 0.5926 -1.1353, 4.9508 0.6194 -1.0068, 4.9508 0.6095 -1.0162, 4.9508 -0.0923 -0.6644, 4.9508 -0.0258 -0.7491, 4.9508 -0.0788 -0.6628, 4.9508 -0.0104 -0.737, 4.9508 0.0074 -0.7292, 4.9508 0.0267 -0.7259, 4.9508 0.0461 -0.7275, 4.9508 0.0646 -0.7338, 4.9508 0.8244 -0.6968, 4.9508 0.9069 -0.6553, 4.9508 0.8316 -0.6856, 4.9508 0.8796 -0.6553, 4.9508 1.0425 -1.0941, 4.9508 1.0319 -1.0872, 4.9508 1.0231 -1.078, 4.9508 0.9989 -1.0149, 4.9508 0.966 -0.8439, 4.9508 0.7485 -1.105, 4.9508 0.6968 -1.1353, 4.9508 -0.1052 -0.6691, 4.9508 -0.1166 -0.6766, 4.9508 -0.0377 -0.7645, 4.9508 -0.126 -0.6865, 4.9508 -0.1378 -0.7022, 4.9508 0.2066 -0.7985, 4.9508 0.1034 -0.7759, 4.9508 0.1652 -0.8083, 4.9508 0.1094 -0.7871, 4.9508 0.1178 -0.7965, 4.9508 0.8148 -0.7059, 4.9508 0.8031 -0.7123, 4.9508 0.6254 -0.8346, 4.9508 0.7903 -0.7156, 4.9508 0.777 -0.7156, 4.9508 1.0092 -1.0603, 4.9508 1.0042 -1.0529, 4.9508 0.0547 -0.9964, 4.9508 -0.0163 -1.064, 4.9508 0.1023 -1.0606, 4.9508 -0.1496 -0.7376, 4.9508 -0.0455 -0.7824, 4.9508 -0.1483 -0.7251, 4.9508 -0.1443 -0.7131, 4.9508 0.5753 -0.8047, 4.9508 0.5903 -0.807, 4.9508 0.6583 -0.6611, 4.9508 0.6043 -0.8131, 4.9508 0.733 -0.6784, 4.9508 0.8677 -0.6566, 4.9508 0.8564 -0.6606, 4.9508 0.9069 -0.7849, 4.9508 0.6311 -0.8487, 4.9508 0.9089 -0.8002, 4.9508 0.6331 -0.8638, 4.9508 0.6331 -0.9689, 4.9508 0.7642 -0.7123, 4.9508 0.7525 -0.706, 4.9508 0.6162 -0.8225, 4.9508 0.7428 -0.697, 4.9508 0.7357 -0.6858, 4.9508 1.1532 -1.1392, 4.9508 1.1478 -1.1264, 4.9508 1.1394 -1.1154, 4.9508 0.5977 -1.023, 4.9508 0.5846 -1.027, 4.9508 0.5835 -1.1346, 4.9508 0.571 -1.0279, 4.9508 0.1131 -1.0613, 4.9508 0.1697 -1.0073, 4.9508 0.1589 -1.0058, 4.9508 0.1283 -0.8037, 4.9508 0.1401 -0.8082, 4.9508 0.1527 -0.8098, 4.9508 0.8463 -0.667, 4.9508 0.8379 -0.6755, 4.9508 1.1284 -1.107, 4.9508 1.1156 -1.1017, 4.9508 1.1018 -1.0998, 4.9508 -0.1496 -0.7674, 4.9508 -0.1478 -0.781, 4.9508 -0.1426 -0.7938, 4.9508 -0.1234 -0.8132, 4.9508 -0.0707 -0.8139, 4.9508 -0.0596 -0.8057, 4.9508 0.0886 -0.9818, 4.9508 0.0762 -0.9839, 4.9508 0.0647 -0.9889, 4.9508 -0.1108 -0.8186, 4.9508 -0.0972 -0.8205, 4.9508 -0.0835 -0.8189, 4.9508 -0.1343 -0.8047, 4.9508 -0.051 -0.795, 4.9508 0.1486 -1.0023, 4.9508 0.1131 -0.9863, 4.9508 0.1011 -0.9826, 4.9508 0.1011 -0.9826
            ]
        }
        coordIndex [
            0,1,2,-1,2,1,3,-1,4,5,6,-1,6,5,7,-1,8,9,10,-1,10,9,11,-1,12,13,14,-1,15,16,17,-1,17,16,18,-1,17,18,19,-1,16,20,21,-1,22,23,24,-1,22,25,26,-1,14,13,27,-1,24,28,29,-1,29,28,30,-1,29,30,31,-1,29,32,24,-1,24,32,33,-1,24,33,22,-1,22,33,34,-1,22,34,25,-1,35,36,37,-1,15,38,16,-1,16,38,39,-1,16,39,20,-1,20,39,40,-1,20,40,41,-1,41,40,42,-1,41,42,43,-1,43,42,44,-1,45,46,47,-1,47,46,16,-1,47,16,48,-1,48,16,21,-1,45,49,46,-1,46,49,50,-1,46,50,51,-1,51,50,52,-1,13,53,27,-1,27,53,54,-1,27,54,33,-1,33,54,55,-1,33,55,34,-1,26,56,57,-1,58,59,14,-1,14,59,60,-1,14,60,12,-1,61,62,10,-1,10,62,63,-1,10,63,64,-1,64,63,65,-1,64,65,66,-1,67,68,69,-1,69,68,70,-1,69,70,71,-1,72,73,74,-1,57,75,26,-1,26,75,76,-1,26,76,22,-1,58,14,77,-1,77,14,10,-1,77,10,78,-1,10,79,80,-1,17,81,82,-1,82,81,83,-1,82,83,69,-1,69,83,84,-1,69,84,67,-1,31,85,29,-1,29,85,86,-1,29,86,87,-1,87,86,88,-1,87,88,89,-1,89,88,69,-1,89,69,90,-1,90,69,71,-1,35,37,91,-1,92,93,19,-1,19,93,94,-1,19,94,17,-1,17,94,95,-1,17,95,81,-1,96,97,98,-1,98,97,99,-1,98,99,52,-1,52,99,100,-1,52,100,51,-1,73,101,74,-1,74,101,102,-1,74,102,98,-1,98,102,103,-1,98,103,96,-1,104,105,106,-1,107,108,109,-1,109,108,110,-1,109,110,111,-1,111,110,112,-1,111,112,22,-1,22,112,113,-1,22,113,23,-1,114,115,116,-1,116,115,117,-1,116,117,14,-1,14,117,118,-1,14,118,10,-1,10,118,119,-1,10,119,79,-1,90,120,89,-1,89,120,121,-1,89,121,37,-1,37,121,122,-1,37,122,91,-1,123,124,42,-1,42,124,125,-1,42,125,44,-1,106,105,126,-1,107,109,127,-1,127,109,128,-1,127,128,129,-1,130,131,128,-1,128,131,132,-1,80,133,10,-1,10,133,134,-1,10,134,61,-1,135,136,137,-1,126,105,74,-1,74,105,138,-1,74,138,72,-1,10,11,78,-1,78,11,139,-1,78,139,140,-1,140,139,141,-1,132,142,128,-1,128,142,143,-1,128,143,129,-1,65,144,66,-1,66,144,145,-1,66,145,137,-1,137,145,146,-1,137,146,135,-1,106,147,104,-1,104,147,148,-1,104,148,149,-1,149,148,150,-1,151,78,140,-1,151,140,152,-1,152,140,141,-1,152,141,153,-1,153,141,139,-1,153,139,154,-1,155,156,157,-1,158,159,160,-1,8,161,162,-1,163,164,165,-1,8,162,166,-1,167,166,168,-1,168,166,169,-1,168,169,170,-1,171,172,173,-1,155,157,174,-1,175,8,176,-1,176,8,177,-1,176,177,178,-1,167,179,166,-1,166,179,180,-1,166,180,181,-1,182,183,184,-1,184,183,185,-1,186,187,188,-1,188,187,189,-1,190,191,192,-1,181,193,166,-1,166,193,194,-1,166,194,8,-1,8,194,151,-1,8,151,9,-1,171,173,195,-1,170,169,196,-1,196,169,197,-1,196,197,198,-1,199,200,197,-1,197,200,201,-1,197,201,202,-1,202,201,203,-1,202,203,204,-1,163,165,205,-1,205,165,206,-1,205,206,207,-1,158,160,206,-1,206,160,208,-1,206,208,207,-1,159,209,160,-1,160,209,210,-1,160,210,184,-1,184,210,211,-1,184,211,182,-1,212,213,214,-1,214,213,215,-1,214,215,216,-1,175,217,8,-1,8,217,218,-1,8,218,219,-1,162,220,166,-1,166,220,190,-1,166,190,221,-1,221,190,192,-1,198,197,222,-1,222,197,202,-1,222,202,173,-1,173,202,223,-1,173,223,195,-1,224,225,226,-1,185,183,227,-1,227,183,228,-1,227,228,229,-1,229,228,230,-1,229,230,231,-1,185,232,184,-1,184,232,233,-1,184,233,234,-1,234,233,235,-1,234,235,157,-1,157,235,236,-1,157,236,174,-1,189,237,238,-1,186,212,187,-1,187,212,214,-1,187,214,239,-1,239,214,240,-1,239,240,241,-1,241,240,242,-1,241,242,199,-1,199,242,243,-1,199,243,200,-1,216,244,214,-1,214,244,245,-1,214,245,246,-1,246,245,247,-1,246,247,235,-1,235,247,248,-1,235,248,236,-1,219,249,8,-1,8,249,250,-1,8,250,161,-1,204,251,202,-1,202,251,252,-1,202,252,253,-1,253,252,254,-1,253,254,255,-1,255,254,256,-1,255,256,257,-1,164,258,165,-1,165,258,259,-1,165,259,260,-1,238,261,189,-1,189,261,262,-1,189,262,188,-1,263,264,265,-1,9,151,154,-1,154,151,152,-1,154,152,153,-1,259,266,260,-1,260,266,267,-1,260,267,268,-1,269,270,271,-1,271,270,272,-1,268,273,260,-1,260,273,272,-1,260,272,274,-1,274,272,270,-1,231,275,229,-1,229,275,276,-1,229,276,277,-1,265,278,263,-1,263,278,279,-1,263,279,178,-1,178,279,280,-1,178,280,176,-1,257,281,255,-1,255,281,282,-1,255,282,226,-1,226,282,283,-1,226,283,284,-1,284,285,226,-1,226,285,286,-1,226,286,224,-1,269,271,287,-1,287,271,288,-1,287,288,289,-1,290,291,292,-1,293,294,295,-1,295,294,296,-1,295,296,297,-1,294,298,299,-1,300,301,302,-1,300,303,304,-1,292,291,305,-1,302,306,307,-1,307,306,308,-1,307,308,309,-1,307,310,302,-1,302,310,311,-1,302,311,300,-1,300,311,312,-1,300,312,303,-1,313,314,315,-1,293,316,294,-1,294,316,317,-1,294,317,298,-1,298,317,318,-1,298,318,319,-1,319,318,320,-1,319,320,321,-1,321,320,322,-1,323,324,325,-1,325,324,294,-1,325,294,326,-1,326,294,299,-1,323,327,324,-1,324,327,328,-1,324,328,329,-1,329,328,330,-1,291,331,305,-1,305,331,332,-1,305,332,311,-1,311,332,333,-1,311,333,312,-1,304,334,335,-1,336,337,292,-1,292,337,338,-1,292,338,290,-1,339,340,6,-1,6,340,341,-1,6,341,342,-1,342,341,343,-1,342,343,344,-1,345,346,347,-1,347,346,348,-1,347,348,349,-1,350,351,352,-1,335,353,304,-1,304,353,354,-1,304,354,300,-1,336,292,355,-1,355,292,6,-1,355,6,356,-1,6,357,358,-1,295,359,360,-1,360,359,361,-1,360,361,347,-1,347,361,362,-1,347,362,345,-1,309,363,307,-1,307,363,364,-1,307,364,365,-1,365,364,366,-1,365,366,367,-1,367,366,347,-1,367,347,368,-1,368,347,349,-1,313,315,369,-1,370,371,297,-1,297,371,372,-1,297,372,295,-1,295,372,373,-1,295,373,359,-1,374,375,376,-1,376,375,377,-1,376,377,330,-1,330,377,378,-1,330,378,329,-1,351,379,352,-1,352,379,380,-1,352,380,376,-1,376,380,381,-1,376,381,374,-1,382,383,384,-1,384,383,385,-1,384,385,386,-1,386,385,387,-1,386,387,300,-1,300,387,388,-1,300,388,301,-1,389,390,391,-1,391,390,392,-1,391,392,292,-1,292,392,393,-1,292,393,6,-1,6,393,394,-1,6,394,357,-1,368,395,367,-1,367,395,396,-1,367,396,315,-1,315,396,397,-1,315,397,369,-1,398,399,320,-1,320,399,400,-1,320,400,322,-1,382,384,401,-1,401,384,402,-1,401,402,403,-1,404,405,402,-1,402,405,406,-1,358,407,6,-1,6,407,408,-1,6,408,339,-1,409,410,411,-1,6,7,356,-1,356,7,412,-1,356,412,413,-1,413,412,414,-1,415,416,352,-1,352,416,417,-1,352,417,350,-1,418,419,420,-1,420,419,421,-1,415,422,416,-1,416,422,421,-1,416,421,423,-1,423,421,419,-1,406,424,402,-1,402,424,425,-1,402,425,403,-1,343,426,344,-1,344,426,427,-1,344,427,411,-1,411,427,428,-1,411,428,409,-1,429,356,413,-1,429,413,430,-1,430,413,414,-1,430,414,431,-1,431,414,412,-1,431,412,432,-1,433,434,435,-1,4,436,437,-1,4,437,438,-1,439,438,440,-1,440,438,441,-1,440,441,442,-1,443,444,445,-1,433,435,446,-1,447,4,448,-1,448,4,449,-1,448,449,450,-1,439,451,438,-1,438,451,452,-1,438,452,453,-1,454,455,456,-1,456,455,457,-1,458,459,460,-1,460,459,461,-1,462,463,464,-1,453,465,438,-1,438,465,466,-1,438,466,4,-1,4,466,429,-1,4,429,5,-1,443,445,467,-1,442,441,468,-1,468,441,469,-1,468,469,470,-1,471,472,469,-1,469,472,473,-1,469,473,474,-1,474,473,475,-1,474,475,476,-1,477,478,479,-1,479,478,480,-1,479,480,481,-1,481,482,479,-1,479,482,483,-1,479,483,456,-1,456,483,484,-1,456,484,454,-1,485,486,487,-1,487,486,488,-1,487,488,489,-1,447,490,4,-1,4,490,491,-1,4,491,492,-1,437,493,438,-1,438,493,462,-1,438,462,494,-1,494,462,464,-1,470,469,495,-1,495,469,474,-1,495,474,445,-1,445,474,496,-1,445,496,467,-1,497,498,499,-1,477,500,478,-1,478,500,501,-1,478,501,502,-1,502,501,503,-1,502,503,504,-1,457,455,505,-1,505,455,506,-1,505,506,507,-1,507,506,508,-1,507,508,509,-1,457,510,456,-1,456,510,511,-1,456,511,512,-1,512,511,513,-1,512,513,435,-1,435,513,514,-1,435,514,446,-1,461,515,516,-1,458,485,459,-1,459,485,487,-1,459,487,517,-1,517,487,518,-1,517,518,519,-1,519,518,520,-1,519,520,471,-1,471,520,521,-1,471,521,472,-1,489,522,487,-1,487,522,523,-1,487,523,524,-1,524,523,525,-1,524,525,513,-1,513,525,526,-1,513,526,514,-1,492,527,4,-1,4,527,528,-1,4,528,436,-1,476,529,474,-1,474,529,530,-1,474,530,531,-1,531,530,532,-1,531,532,533,-1,533,532,534,-1,533,534,535,-1,516,536,461,-1,461,536,537,-1,461,537,460,-1,538,539,540,-1,5,429,432,-1,432,429,430,-1,432,430,431,-1,504,541,502,-1,502,541,542,-1,502,542,543,-1,509,544,507,-1,507,544,545,-1,507,545,546,-1,540,547,538,-1,538,547,548,-1,538,548,450,-1,450,548,549,-1,450,549,448,-1,535,550,533,-1,533,550,551,-1,533,551,499,-1,499,551,552,-1,499,552,553,-1,542,554,543,-1,543,554,555,-1,543,555,556,-1,557,558,559,-1,553,560,499,-1,499,560,561,-1,499,561,497,-1,557,562,558,-1,558,562,563,-1,558,563,564,-1,564,563,565,-1,556,566,543,-1,543,566,557,-1,543,557,567,-1,567,557,559,-1,568,569,570,-1,571,572,573,-1,574,575,576,-1,577,578,579,-1,580,571,581,-1,581,571,582,-1,581,582,583,-1,584,585,586,-1,586,585,568,-1,586,587,588,-1,576,575,589,-1,590,591,592,-1,568,570,586,-1,586,570,593,-1,586,593,587,-1,569,568,579,-1,579,568,594,-1,579,594,577,-1,595,596,597,-1,597,596,598,-1,597,598,599,-1,580,600,571,-1,571,600,601,-1,571,601,572,-1,572,601,602,-1,572,602,603,-1,603,602,604,-1,603,604,605,-1,605,604,606,-1,607,608,609,-1,609,608,610,-1,609,610,611,-1,612,613,614,-1,575,615,589,-1,589,615,616,-1,589,616,570,-1,570,616,617,-1,570,617,593,-1,588,618,619,-1,620,621,576,-1,576,621,622,-1,576,622,574,-1,623,624,2,-1,2,624,625,-1,2,625,626,-1,626,625,627,-1,626,627,628,-1,581,629,630,-1,630,629,631,-1,630,631,597,-1,597,631,632,-1,597,632,595,-1,578,633,579,-1,579,633,634,-1,579,634,635,-1,635,634,636,-1,635,636,637,-1,637,636,597,-1,637,597,638,-1,638,597,599,-1,590,592,639,-1,640,641,583,-1,583,641,642,-1,583,642,581,-1,581,642,643,-1,581,643,629,-1,573,644,571,-1,571,644,645,-1,571,645,610,-1,610,645,646,-1,610,646,611,-1,619,647,588,-1,588,647,648,-1,588,648,586,-1,620,576,649,-1,649,576,2,-1,649,2,650,-1,2,651,652,-1,638,653,637,-1,637,653,654,-1,637,654,592,-1,592,654,655,-1,592,655,639,-1,613,656,614,-1,614,656,657,-1,614,657,607,-1,607,657,658,-1,607,658,608,-1,612,614,659,-1,659,614,660,-1,659,660,661,-1,584,586,662,-1,662,586,663,-1,662,663,664,-1,664,663,665,-1,664,665,666,-1,667,668,669,-1,669,668,670,-1,669,670,576,-1,576,670,671,-1,576,671,2,-1,2,671,672,-1,2,672,651,-1,673,674,604,-1,604,674,675,-1,604,675,606,-1,676,677,665,-1,665,677,678,-1,665,678,666,-1,652,679,2,-1,2,679,680,-1,2,680,623,-1,681,682,683,-1,684,685,660,-1,660,685,686,-1,660,686,661,-1,687,688,676,-1,676,688,689,-1,676,689,690,-1,2,3,650,-1,650,3,691,-1,650,691,692,-1,692,691,693,-1,694,695,660,-1,660,695,696,-1,660,696,684,-1,694,697,695,-1,695,697,698,-1,695,698,699,-1,699,698,700,-1,699,700,701,-1,690,702,676,-1,676,702,703,-1,676,703,677,-1,627,704,628,-1,628,704,705,-1,628,705,683,-1,683,705,706,-1,683,706,681,-1,707,650,692,-1,707,692,708,-1,708,692,693,-1,708,693,709,-1,709,693,691,-1,709,691,710,-1,0,711,712,-1,713,714,715,-1,0,712,716,-1,717,716,718,-1,718,716,719,-1,718,719,720,-1,721,722,723,-1,724,0,725,-1,725,0,726,-1,725,726,727,-1,717,728,716,-1,716,728,729,-1,716,729,730,-1,731,732,733,-1,733,732,734,-1,713,715,735,-1,736,737,738,-1,730,739,716,-1,716,739,740,-1,716,740,0,-1,0,740,707,-1,0,707,1,-1,721,723,741,-1,720,719,742,-1,742,719,743,-1,742,743,744,-1,745,746,743,-1,743,746,747,-1,743,747,748,-1,748,747,749,-1,748,749,750,-1,751,752,753,-1,753,752,754,-1,753,754,755,-1,755,756,753,-1,753,756,757,-1,753,757,733,-1,733,757,758,-1,733,758,731,-1,759,760,761,-1,761,760,762,-1,724,763,0,-1,0,763,764,-1,0,764,765,-1,712,766,716,-1,716,766,736,-1,716,736,767,-1,767,736,738,-1,744,743,768,-1,768,743,748,-1,768,748,723,-1,723,748,769,-1,723,769,741,-1,751,770,752,-1,752,770,771,-1,752,771,772,-1,772,771,773,-1,772,773,774,-1,734,732,775,-1,775,732,776,-1,775,776,777,-1,777,776,778,-1,777,778,779,-1,780,781,782,-1,782,781,783,-1,782,783,784,-1,765,785,0,-1,0,785,786,-1,0,786,711,-1,787,788,789,-1,790,791,792,-1,792,791,772,-1,792,772,793,-1,793,772,774,-1,734,794,733,-1,733,794,795,-1,733,795,796,-1,796,795,797,-1,796,797,715,-1,715,797,798,-1,715,798,735,-1,762,799,800,-1,759,780,760,-1,760,780,782,-1,760,782,801,-1,801,782,802,-1,801,802,803,-1,803,802,804,-1,803,804,745,-1,745,804,805,-1,745,805,746,-1,784,806,782,-1,782,806,807,-1,782,807,808,-1,808,807,809,-1,808,809,797,-1,797,809,810,-1,797,810,798,-1,811,812,813,-1,1,707,710,-1,710,707,708,-1,710,708,709,-1,750,814,748,-1,748,814,815,-1,748,815,816,-1,816,815,817,-1,816,817,818,-1,818,817,819,-1,818,819,820,-1,779,821,777,-1,777,821,822,-1,777,822,823,-1,800,824,762,-1,762,824,825,-1,762,825,761,-1,813,826,811,-1,811,826,827,-1,811,827,727,-1,727,827,828,-1,727,828,725,-1,790,829,791,-1,791,829,830,-1,791,830,831,-1,832,833,834,-1,835,836,789,-1,789,836,837,-1,789,837,787,-1,832,838,833,-1,833,838,839,-1,833,839,840,-1,831,841,791,-1,791,841,832,-1,791,832,842,-1,842,832,834,-1,820,843,818,-1,818,843,844,-1,818,844,789,-1,789,844,845,-1,789,845,835,-1,
        ]
    }
}
Shape{
    appearance Appearance {
        material  Material 	{
            diffuseColor 1.0 1.0 1.0
            specularColor 0.5019607843137255 0.5019607843137255 0.5019607843137255
            ambientIntensity 0.2
            transparency 0
            shininess 0.5
        }
    }
    geometry IndexedFaceSet {
        ccw TRUE
        solid FALSE
        coord DEF co Coordinate {
            point [
                3.5669 -1.0891 -1.1353, 3.5669 0.8164 -1.1353, 3.5669 -1.0891 -1.214, 3.5669 0.8164 -1.214, 3.3406 -1.0104 -0.8093, 3.3406 -1.0104 -1.1353, 3.3445 -1.0143 -0.8085, 3.4193 -1.0891 -1.1353, 3.4193 -1.0891 -0.8085, 3.6673 -1.0891 -0.8085, 3.7264 -1.0301 -0.8085, 3.7264 -1.0143 -0.8085, 3.7264 -1.0301 -1.1207, 3.6673 -1.0891 -1.1353, 3.9035 -0.7387 -1.0487, 3.7264 -0.7387 -1.0487, 3.9035 -1.0891 -1.1353, 3.9705 0.8164 -1.1353, 3.9035 0.8164 -1.1353, 3.9705 -1.0891 -1.1353, 4.1004 -0.7387 -1.0487, 3.9705 -0.7387 -1.0487, 4.1004 -1.0891 -1.1353, 4.1634 0.6968 -1.1353, 4.1634 0.5926 -1.1353, 4.1673 0.8164 -1.1353, 4.1043 0.6968 -1.1353, 4.1004 0.8164 -1.1353, 4.1043 0.5926 -1.1353, 4.1673 -1.0891 -1.1353, 4.2972 -0.7387 -1.0487, 4.1673 -0.7387 -1.0487, 4.2972 -1.0891 -1.1353, 4.2972 0.8164 -1.1353, 4.3642 0.8164 -1.1353, 4.3642 -1.0891 -1.1353, 4.4941 -0.7387 -1.0487, 4.3642 -0.7387 -1.0487, 4.4941 -1.0891 -1.1353, 4.5571 0.6968 -1.1353, 4.5571 0.5926 -1.1353, 4.561 0.8164 -1.1353, 4.498 0.6968 -1.1353, 4.4941 0.8164 -1.1353, 4.498 0.5926 -1.1353, 4.561 -1.0891 -1.1353, 4.6909 -0.7387 -1.0487, 4.561 -0.7387 -1.0487, 4.6909 -1.0891 -1.1353, 4.6909 0.8164 -1.1353, 4.7579 0.8164 -1.1353, 4.7579 -1.0891 -1.1353, 4.8878 -0.7387 -1.0487, 4.7579 -0.7387 -1.0487, 4.8878 -1.0891 -1.1353, 4.9508 0.6968 -1.1353, 4.9508 0.5926 -1.1353, 4.9547 0.8164 -1.1353, 4.8917 0.6968 -1.1353, 4.8878 0.8164 -1.1353, 4.8917 0.5926 -1.1353, 4.9547 -1.0891 -1.1353, 5.0846 -0.7387 -1.0487, 4.9547 -0.7387 -1.0487, 5.0846 -1.0891 -1.1353, 3.3406 -0.0576 -1.1353, 2.9921 -0.0576 -1.1353, 2.9921 0.6235 -1.1353, 3.4646 0.6235 -1.1353, 3.9035 0.8597 -1.1353, 3.8839 0.8794 -1.1353, 3.4646 0.8794 -1.1353, 3.9035 0.8597 -0.655, 3.8839 0.8794 -0.655, 3.9902 0.8794 -0.655, 3.9902 0.8794 -1.1353, 3.9705 0.8597 -0.655, 3.9705 0.8597 -1.1353, 4.0807 0.8794 -1.1353, 4.1004 0.8597 -1.1353, 4.1004 0.8597 -0.655, 4.0807 0.8794 -0.655, 4.187 0.8794 -0.655, 4.187 0.8794 -1.1353, 4.1673 0.8597 -0.655, 4.1673 0.8597 -1.1353, 4.2972 0.8597 -1.1353, 4.2776 0.8794 -1.1353, 4.2972 0.8597 -0.655, 4.2776 0.8794 -0.655, 4.3839 0.8794 -0.655, 4.3839 0.8794 -1.1353, 4.3642 0.8597 -0.655, 4.3642 0.8597 -1.1353, 4.4941 0.8597 -1.1353, 4.4744 0.8794 -1.1353, 4.4941 0.8597 -0.655, 4.4744 0.8794 -0.655, 4.5807 0.8794 -0.655, 4.5807 0.8794 -1.1353, 4.561 0.8597 -0.655, 4.561 0.8597 -1.1353, 4.6713 0.8794 -1.1353, 4.6909 0.8597 -1.1353, 4.6909 0.8597 -0.655, 4.6713 0.8794 -0.655, 4.7776 0.8794 -0.655, 4.7776 0.8794 -1.1353, 4.7579 0.8597 -0.655, 4.7579 0.8597 -1.1353, 4.8681 0.8794 -1.1353, 4.8878 0.8597 -1.1353, 4.8878 0.8597 -0.655, 4.8681 0.8794 -0.655, 4.9744 0.8794 -0.655, 4.9744 0.8794 -1.1353, 4.9547 0.8597 -0.655, 4.9547 0.8597 -1.1353, 5.0846 0.8597 -1.1353, 5.0846 0.8164 -1.1353, 5.065 0.8794 -1.1353, 5.0846 0.2101 -0.8085, 4.9547 0.2101 -0.8085, 5.0846 0.4739 -0.8597, 4.9547 0.4739 -0.8597, 4.9547 -0.1009 -1.0487, 4.9547 -0.0616 -1.0329, 4.9547 0.1983 -1.0329, 4.9547 0.4345 -1.0093, 4.9547 0.2101 -0.655, 4.9547 0.6038 -0.8597, 4.9547 0.6038 -1.0093, 4.8917 0.6817 -0.655, 4.9508 0.6817 -0.655, 4.9508 0.7343 -0.655, 4.8917 0.7343 -0.655, 4.8878 0.2101 -0.655, 4.8878 -0.1009 -1.0487, 4.8878 0.2101 -0.8085, 4.8878 0.4739 -0.8597, 4.8878 0.6038 -0.8597, 4.8878 0.6038 -1.0093, 4.8878 -0.0616 -1.0329, 4.8878 0.1983 -1.0329, 4.8878 0.4345 -1.0093, 4.7579 0.2101 -0.8085, 4.7579 0.4739 -0.8597, 4.7579 -0.1009 -1.0487, 4.7579 -0.0616 -1.0329, 4.7579 0.1983 -1.0329, 4.7579 0.4345 -1.0093, 4.7579 0.2101 -0.655, 4.7579 0.6038 -0.8597, 4.7579 0.6038 -1.0093, 4.6909 0.2101 -0.655, 4.6909 0.2101 -0.8085, 4.6909 0.4739 -0.8597, 4.6909 0.6038 -0.8597, 4.6909 0.6038 -1.0093, 4.6909 -0.1009 -1.0487, 4.6909 -0.0616 -1.0329, 4.6909 0.1983 -1.0329, 4.6909 0.4345 -1.0093, 4.561 0.2101 -0.8085, 4.561 0.4739 -0.8597, 4.561 -0.1009 -1.0487, 4.561 -0.0616 -1.0329, 4.561 0.1983 -1.0329, 4.561 0.4345 -1.0093, 4.561 0.2101 -0.655, 4.561 0.6038 -0.8597, 4.561 0.6038 -1.0093, 4.498 0.6817 -0.655, 4.5571 0.6817 -0.655, 4.5571 0.7343 -0.655, 4.498 0.7343 -0.655, 4.4941 0.2101 -0.655, 4.4941 -0.1009 -1.0487, 4.4941 0.2101 -0.8085, 4.4941 0.4739 -0.8597, 4.4941 0.6038 -0.8597, 4.4941 0.6038 -1.0093, 4.4941 -0.0616 -1.0329, 4.4941 0.1983 -1.0329, 4.4941 0.4345 -1.0093, 4.3642 0.2101 -0.8085, 4.3642 0.4739 -0.8597, 4.3642 -0.1009 -1.0487, 4.3642 -0.0616 -1.0329, 4.3642 0.1983 -1.0329, 4.3642 0.4345 -1.0093, 4.3642 0.2101 -0.655, 4.3642 0.6038 -0.8597, 4.3642 0.6038 -1.0093, 4.2972 0.2101 -0.655, 4.2972 0.2101 -0.8085, 4.2972 0.4739 -0.8597, 4.2972 0.6038 -0.8597, 4.2972 0.6038 -1.0093, 4.2972 -0.1009 -1.0487, 4.2972 -0.0616 -1.0329, 4.2972 0.1983 -1.0329, 4.2972 0.4345 -1.0093, 4.1673 0.2101 -0.8085, 4.1673 0.4739 -0.8597, 4.1673 -0.1009 -1.0487, 4.1673 -0.0616 -1.0329, 4.1673 0.1983 -1.0329, 4.1673 0.4345 -1.0093, 4.1673 0.2101 -0.655, 4.1673 0.6038 -0.8597, 4.1673 0.6038 -1.0093, 4.1043 0.6817 -0.655, 4.1634 0.6817 -0.655, 4.1634 0.7343 -0.655, 4.1043 0.7343 -0.655, 4.1004 0.2101 -0.655, 4.1004 -0.1009 -1.0487, 4.1004 0.2101 -0.8085, 4.1004 0.4739 -0.8597, 4.1004 0.6038 -0.8597, 4.1004 0.6038 -1.0093, 4.1004 -0.0616 -1.0329, 4.1004 0.1983 -1.0329, 4.1004 0.4345 -1.0093, 3.9705 0.2101 -0.8085, 3.9705 0.4739 -0.8597, 3.9705 -0.1009 -1.0487, 3.9705 -0.0616 -1.0329, 3.9705 0.1983 -1.0329, 3.9705 0.4345 -1.0093, 3.9705 0.2101 -0.655, 3.9705 0.6038 -0.8597, 3.9705 0.6038 -1.0093, 3.9035 0.2101 -0.655, 3.9035 -0.1009 -1.0487, 3.9035 0.2101 -0.8085, 3.9035 0.4739 -0.8597, 3.9035 0.6038 -0.8597, 3.9035 0.6038 -1.0093, 3.9035 -0.0616 -1.0329, 3.9035 0.1983 -1.0329, 3.9035 0.4345 -1.0093, 3.7264 0.4739 -0.8597, 3.7264 0.2101 -0.8085, 3.5039 -0.0065 -0.8085, 3.5886 -0.0065 -0.8085, 3.5039 0.2101 -0.8085, 3.7264 0.1707 -0.8085, 3.5039 -0.0065 -1.0329, 3.5039 0.218 -1.0329, 3.5039 0.218 -0.8006, 3.5039 0.2101 -0.5447, 3.5039 0.277 -0.8006, 3.5039 0.277 -0.5447, 3.189 0.277 -0.8006, 3.189 0.277 -0.6038, 3.1299 0.277 -0.5447, 3.1299 -1.0065 -0.5447, 3.189 -1.0065 -0.6038, 3.2343 -1.0065 -1.0684, 3.2343 -1.0065 -0.9227, 2.9921 -1.0065 -1.0684, 3.189 -1.0065 -0.9227, 2.9921 -1.0065 -0.5447, 2.9921 -0.1049 -1.1117, 2.9921 -0.1049 -1.0684, 2.9921 0.0329 -0.8991, 2.9921 0.6235 -0.8991, 2.9921 0.0329 -0.6628, 2.9921 0.6235 -0.5447, 2.9921 0.6235 -0.6628, 3.0669 0.6235 -0.6628, 3.2736 0.6235 -0.9266, 3.2736 0.6235 -0.9699, 3.2343 0.6235 -0.9699, 3.0669 0.6235 -0.8991, 3.2736 0.6235 -1.0723, 3.3406 0.6235 -1.0723, 3.3406 0.6235 -0.9266, 3.2736 0.6235 -1.029, 3.2343 0.6235 -1.029, 3.4646 0.6235 -0.5447, 3.4646 0.8794 -0.5447, 5.0846 0.8597 -0.655, 5.065 0.8794 -0.655, 5.1516 0.8164 -1.1353, 5.1516 -1.0891 -1.1353, 6.6693 -1.0891 -1.1353, 6.8169 -1.0891 -1.1353, 6.8169 -1.0891 -0.8085, 6.5689 -1.0891 -0.8085, 6.5689 -1.0891 -1.1353, 6.6693 -1.0891 -1.214, 6.3327 -1.0891 -1.1353, 6.2657 -1.0891 -1.1353, 6.1358 -1.0891 -1.1353, 6.0689 -1.0891 -1.1353, 5.939 -1.0891 -1.1353, 5.872 -1.0891 -1.1353, 5.7421 -1.0891 -1.1353, 5.6752 -1.0891 -1.1353, 5.2815 -1.0891 -1.1353, 5.5453 -1.0891 -1.1353, 5.4783 -1.0891 -1.1353, 5.3484 -1.0891 -1.1353, 5.872 0.8164 -1.1353, 5.939 0.8164 -1.1353, 6.0728 0.8164 -1.2059, 6.6693 0.8164 -1.1353, 6.6693 0.8164 -1.214, 6.3327 0.8164 -1.1353, 6.1319 0.8164 -1.214, 6.2657 0.8164 -1.1353, 6.1319 0.8164 -1.2059, 6.1358 0.8164 -1.1353, 6.0689 0.8164 -1.1353, 6.0728 0.8164 -1.214, 5.7382 0.8164 -1.214, 5.7382 0.8164 -1.2059, 5.4783 0.8164 -1.1353, 5.5453 0.8164 -1.1353, 5.6791 0.8164 -1.2059, 5.7421 0.8164 -1.1353, 5.6752 0.8164 -1.1353, 5.6791 0.8164 -1.214, 5.3445 0.8164 -1.214, 5.3445 0.8164 -1.2059, 5.2854 0.8164 -1.2059, 5.3484 0.8164 -1.1353, 5.2815 0.8164 -1.1353, 5.2854 0.8164 -1.214, 4.9508 0.8164 -1.214, 4.9508 0.8164 -1.2059, 4.8917 0.8164 -1.2059, 4.8917 0.8164 -1.214, 4.5571 0.8164 -1.214, 4.5571 0.8164 -1.2059, 4.498 0.8164 -1.2059, 4.498 0.8164 -1.214, 4.1634 0.8164 -1.214, 4.1634 0.8164 -1.2059, 4.1043 0.8164 -1.2059, 4.1043 0.8164 -1.214, 5.0846 0.2101 -0.655, 5.0846 0.6038 -0.8597, 5.0846 0.6038 -1.0093, 5.0846 -0.1009 -1.0487, 5.0846 -0.0616 -1.0329, 5.0846 0.1983 -1.0329, 5.0846 0.4345 -1.0093, 6.7323 0.2101 -0.5447, 6.7323 0.277 -0.5447, 6.7717 0.6235 -0.5447, 6.7717 0.8794 -0.5447, 7.1063 -1.0065 -0.5447, 7.2441 -1.0065 -0.5447, 7.1063 0.277 -0.5447, 7.2441 0.6235 -0.5447, 5.1516 0.2101 -0.655, 5.1516 0.8597 -0.655, 5.1713 0.8794 -0.655, 5.1516 0.2101 -0.8085, 5.2815 0.2101 -0.8085, 5.2815 0.2101 -0.655, 5.3484 0.2101 -0.655, 5.5453 0.2101 -0.655, 5.4783 0.2101 -0.655, 5.4783 0.2101 -0.8085, 5.3484 0.2101 -0.8085, 5.7421 0.2101 -0.655, 5.7421 0.2101 -0.8085, 5.872 0.2101 -0.8085, 5.872 0.2101 -0.655, 5.939 0.2101 -0.655, 5.6752 0.2101 -0.655, 5.6752 0.2101 -0.8085, 5.5453 0.2101 -0.8085, 6.1358 0.2101 -0.655, 6.1358 0.2101 -0.8085, 6.2657 0.2101 -0.8085, 6.2657 0.2101 -0.655, 6.3327 0.2101 -0.655, 6.0689 0.2101 -0.655, 6.0689 0.2101 -0.8085, 5.939 0.2101 -0.8085, 6.3327 0.2101 -0.8085, 6.5098 0.2101 -0.8085, 6.7323 0.2101 -0.8085, 6.7717 0.8794 -1.1353, 6.3524 0.8794 -1.1353, 6.3524 0.8794 -0.655, 6.2461 0.8794 -0.655, 6.0492 0.8794 -0.655, 6.0492 0.8794 -1.1353, 5.9587 0.8794 -1.1353, 5.9587 0.8794 -0.655, 5.8524 0.8794 -0.655, 6.1555 0.8794 -0.655, 6.1555 0.8794 -1.1353, 6.2461 0.8794 -1.1353, 5.4587 0.8794 -0.655, 5.4587 0.8794 -1.1353, 5.3681 0.8794 -1.1353, 5.3681 0.8794 -0.655, 5.2618 0.8794 -0.655, 5.8524 0.8794 -1.1353, 5.7618 0.8794 -1.1353, 5.7618 0.8794 -0.655, 5.6555 0.8794 -0.655, 5.565 0.8794 -0.655, 5.565 0.8794 -1.1353, 5.6555 0.8794 -1.1353, 5.1713 0.8794 -1.1353, 5.2618 0.8794 -1.1353, 5.2618 0.8794 -1.1353
            ]
        }
        coordIndex [
            0,1,2,-1,2,1,3,-1,4,5,6,-1,6,5,7,-1,6,7,8,-1,8,9,6,-1,6,9,10,-1,6,10,11,-1,12,10,13,-1,13,10,9,-1,14,15,16,-1,16,15,12,-1,16,12,13,-1,17,18,19,-1,19,18,16,-1,20,21,22,-1,22,21,19,-1,23,24,25,-1,23,25,26,-1,26,25,27,-1,26,27,28,-1,28,27,22,-1,28,22,24,-1,24,22,29,-1,24,29,25,-1,30,31,32,-1,32,31,29,-1,33,32,34,-1,34,32,35,-1,36,37,38,-1,38,37,35,-1,39,40,41,-1,39,41,42,-1,42,41,43,-1,42,43,44,-1,44,43,38,-1,44,38,40,-1,40,38,45,-1,40,45,41,-1,46,47,48,-1,48,47,45,-1,49,48,50,-1,50,48,51,-1,52,53,54,-1,54,53,51,-1,55,56,57,-1,55,57,58,-1,58,57,59,-1,58,59,60,-1,60,59,54,-1,60,54,56,-1,56,54,61,-1,56,61,57,-1,62,63,64,-1,64,63,61,-1,65,66,67,-1,1,0,68,-1,7,5,0,-1,0,5,65,-1,0,65,68,-1,68,65,67,-1,69,18,70,-1,70,18,1,-1,70,1,71,-1,71,1,68,-1,72,69,73,-1,73,69,70,-1,74,75,76,-1,76,75,77,-1,27,17,77,-1,75,78,77,-1,77,78,79,-1,77,79,27,-1,80,79,81,-1,81,79,78,-1,82,83,84,-1,84,83,85,-1,86,33,25,-1,87,86,83,-1,83,86,25,-1,83,25,85,-1,88,86,89,-1,89,86,87,-1,90,91,92,-1,92,91,93,-1,94,43,34,-1,95,94,91,-1,91,94,34,-1,91,34,93,-1,96,94,97,-1,97,94,95,-1,98,99,100,-1,100,99,101,-1,99,102,101,-1,101,102,103,-1,101,103,41,-1,41,103,49,-1,104,103,105,-1,105,103,102,-1,106,107,108,-1,108,107,109,-1,110,111,107,-1,107,111,59,-1,107,59,109,-1,109,59,50,-1,112,111,113,-1,113,111,110,-1,114,115,116,-1,116,115,117,-1,118,119,57,-1,120,118,115,-1,115,118,57,-1,115,57,117,-1,121,122,123,-1,123,122,124,-1,61,63,125,-1,116,117,57,-1,125,126,127,-1,61,125,57,-1,57,125,127,-1,57,127,128,-1,122,129,124,-1,124,129,116,-1,124,116,130,-1,130,116,57,-1,130,57,131,-1,131,57,128,-1,132,133,129,-1,129,133,116,-1,113,114,112,-1,112,114,116,-1,133,134,116,-1,116,134,135,-1,116,135,112,-1,112,135,132,-1,112,132,136,-1,136,132,129,-1,52,54,137,-1,137,54,59,-1,136,138,112,-1,112,138,139,-1,112,139,140,-1,140,141,112,-1,112,141,59,-1,112,59,111,-1,142,137,143,-1,143,137,59,-1,143,59,144,-1,144,59,141,-1,138,145,139,-1,139,145,146,-1,51,53,147,-1,108,109,50,-1,147,148,149,-1,51,147,50,-1,50,147,149,-1,50,149,150,-1,145,151,146,-1,146,151,108,-1,146,108,152,-1,152,108,50,-1,152,50,153,-1,153,50,150,-1,105,106,108,-1,151,154,108,-1,108,154,104,-1,108,104,105,-1,154,155,104,-1,104,155,156,-1,104,156,157,-1,157,158,104,-1,104,158,49,-1,104,49,103,-1,46,48,159,-1,159,48,49,-1,160,159,161,-1,161,159,49,-1,161,49,162,-1,162,49,158,-1,155,163,156,-1,156,163,164,-1,45,47,165,-1,100,101,41,-1,165,166,167,-1,45,165,41,-1,41,165,167,-1,41,167,168,-1,163,169,164,-1,164,169,100,-1,164,100,170,-1,170,100,41,-1,170,41,171,-1,171,41,168,-1,172,173,169,-1,169,173,100,-1,97,98,96,-1,96,98,100,-1,173,174,100,-1,100,174,175,-1,100,175,96,-1,96,175,172,-1,96,172,176,-1,176,172,169,-1,36,38,177,-1,177,38,43,-1,176,178,96,-1,96,178,179,-1,96,179,180,-1,180,181,96,-1,96,181,43,-1,96,43,94,-1,182,177,183,-1,183,177,43,-1,183,43,184,-1,184,43,181,-1,178,185,179,-1,179,185,186,-1,35,37,187,-1,92,93,34,-1,187,188,189,-1,35,187,34,-1,34,187,189,-1,34,189,190,-1,185,191,186,-1,186,191,92,-1,186,92,192,-1,192,92,34,-1,192,34,193,-1,193,34,190,-1,89,90,92,-1,191,194,92,-1,92,194,88,-1,92,88,89,-1,194,195,88,-1,88,195,196,-1,88,196,197,-1,197,198,88,-1,88,198,33,-1,88,33,86,-1,30,32,199,-1,199,32,33,-1,200,199,201,-1,201,199,33,-1,201,33,202,-1,202,33,198,-1,195,203,196,-1,196,203,204,-1,29,31,205,-1,84,85,25,-1,205,206,207,-1,29,205,25,-1,25,205,207,-1,25,207,208,-1,203,209,204,-1,204,209,84,-1,204,84,210,-1,210,84,25,-1,210,25,211,-1,211,25,208,-1,212,213,209,-1,209,213,84,-1,81,82,80,-1,80,82,84,-1,213,214,84,-1,84,214,215,-1,84,215,80,-1,80,215,212,-1,80,212,216,-1,216,212,209,-1,20,22,217,-1,217,22,27,-1,216,218,80,-1,80,218,219,-1,80,219,220,-1,220,221,80,-1,80,221,27,-1,80,27,79,-1,222,217,223,-1,223,217,27,-1,223,27,224,-1,224,27,221,-1,218,225,219,-1,219,225,226,-1,19,21,227,-1,76,77,17,-1,227,228,229,-1,19,227,17,-1,17,227,229,-1,17,229,230,-1,225,231,226,-1,226,231,76,-1,226,76,232,-1,232,76,17,-1,232,17,233,-1,233,17,230,-1,231,234,76,-1,76,234,72,-1,76,72,74,-1,74,72,73,-1,14,16,235,-1,235,16,18,-1,234,236,72,-1,72,236,237,-1,72,237,238,-1,238,239,72,-1,72,239,18,-1,72,18,69,-1,240,235,241,-1,241,235,18,-1,241,18,242,-1,242,18,239,-1,243,237,244,-1,244,237,236,-1,245,246,247,-1,247,246,248,-1,247,248,244,-1,249,245,250,-1,250,245,247,-1,250,247,251,-1,251,247,252,-1,251,252,253,-1,253,252,254,-1,255,253,256,-1,256,253,254,-1,256,254,257,-1,258,259,257,-1,257,259,256,-1,260,261,262,-1,262,261,263,-1,263,259,262,-1,262,259,258,-1,262,258,264,-1,265,266,66,-1,66,266,267,-1,66,267,67,-1,67,267,268,-1,266,262,267,-1,267,262,264,-1,267,264,269,-1,269,264,270,-1,269,270,271,-1,272,271,270,-1,273,274,275,-1,268,276,67,-1,67,276,277,-1,67,277,68,-1,68,277,278,-1,68,278,279,-1,280,277,281,-1,281,277,276,-1,281,276,275,-1,275,276,272,-1,275,272,273,-1,273,272,270,-1,273,270,279,-1,279,270,282,-1,279,282,68,-1,283,71,282,-1,282,71,68,-1,284,118,285,-1,285,118,120,-1,286,119,287,-1,287,119,64,-1,288,289,290,-1,290,291,288,-1,288,291,292,-1,288,292,293,-1,293,292,294,-1,293,294,295,-1,295,296,293,-1,293,296,297,-1,293,297,298,-1,298,299,293,-1,293,299,300,-1,293,300,301,-1,302,287,2,-1,301,303,293,-1,293,303,304,-1,293,304,2,-1,2,304,305,-1,2,305,302,-1,287,64,2,-1,2,64,61,-1,2,61,54,-1,54,51,2,-1,2,51,48,-1,2,48,45,-1,45,38,2,-1,2,38,35,-1,2,35,32,-1,32,29,2,-1,2,29,22,-1,2,22,19,-1,8,7,9,-1,9,7,0,-1,9,0,13,-1,13,0,2,-1,13,2,16,-1,16,2,19,-1,306,307,308,-1,309,310,311,-1,311,310,312,-1,311,312,313,-1,313,312,314,-1,313,314,315,-1,315,314,308,-1,315,308,316,-1,316,308,307,-1,317,318,319,-1,320,321,322,-1,308,317,306,-1,306,317,319,-1,306,319,323,-1,323,319,322,-1,323,322,324,-1,324,322,321,-1,325,326,327,-1,119,286,328,-1,322,325,320,-1,320,325,327,-1,320,327,329,-1,329,327,328,-1,329,328,330,-1,330,328,286,-1,331,332,333,-1,49,50,334,-1,328,331,119,-1,119,331,333,-1,119,333,57,-1,57,333,334,-1,57,334,59,-1,59,334,50,-1,335,336,337,-1,33,34,338,-1,334,335,49,-1,49,335,337,-1,49,337,41,-1,41,337,338,-1,41,338,43,-1,43,338,34,-1,339,340,341,-1,338,339,33,-1,33,339,341,-1,33,341,25,-1,25,341,342,-1,25,342,27,-1,3,1,343,-1,343,1,18,-1,343,18,342,-1,342,18,17,-1,342,17,27,-1,2,3,343,-1,343,340,2,-1,2,340,339,-1,2,339,336,-1,318,293,325,-1,325,293,326,-1,318,317,293,-1,293,317,312,-1,293,312,310,-1,336,335,2,-1,2,335,332,-1,2,332,293,-1,293,332,331,-1,293,331,326,-1,344,121,284,-1,284,121,123,-1,284,123,345,-1,345,346,284,-1,284,346,119,-1,284,119,118,-1,62,64,347,-1,347,64,119,-1,348,347,349,-1,349,347,119,-1,349,119,350,-1,350,119,346,-1,252,351,254,-1,254,351,352,-1,264,258,270,-1,270,258,257,-1,270,257,282,-1,282,257,353,-1,282,353,283,-1,283,353,354,-1,355,356,357,-1,357,356,358,-1,357,358,352,-1,352,358,353,-1,352,353,254,-1,254,353,257,-1,359,344,360,-1,360,344,284,-1,360,284,361,-1,361,284,285,-1,244,236,234,-1,359,362,363,-1,252,247,244,-1,364,365,351,-1,244,234,252,-1,252,234,231,-1,252,231,351,-1,209,203,195,-1,366,351,367,-1,367,351,365,-1,367,365,368,-1,368,365,369,-1,194,191,351,-1,370,371,372,-1,373,374,351,-1,225,218,231,-1,231,218,216,-1,231,216,351,-1,351,216,209,-1,351,209,194,-1,194,209,195,-1,372,373,370,-1,370,373,351,-1,370,351,375,-1,375,351,366,-1,375,366,376,-1,376,366,377,-1,151,145,138,-1,378,379,380,-1,136,129,351,-1,381,382,351,-1,185,178,191,-1,191,178,176,-1,191,176,351,-1,351,176,169,-1,138,136,151,-1,151,136,351,-1,151,351,154,-1,154,351,169,-1,154,169,155,-1,155,169,163,-1,380,381,378,-1,378,381,351,-1,378,351,383,-1,383,351,374,-1,383,374,384,-1,384,374,385,-1,363,364,359,-1,359,364,351,-1,359,351,344,-1,344,351,129,-1,344,129,121,-1,121,129,122,-1,382,386,351,-1,351,386,387,-1,351,387,388,-1,354,389,390,-1,390,391,354,-1,354,391,392,-1,354,392,283,-1,393,394,395,-1,396,397,283,-1,395,396,393,-1,393,396,283,-1,393,283,398,-1,398,283,392,-1,398,392,399,-1,399,392,400,-1,401,402,403,-1,404,405,283,-1,406,407,397,-1,397,407,408,-1,397,408,283,-1,283,408,409,-1,403,404,401,-1,401,404,283,-1,401,283,410,-1,410,283,409,-1,410,409,411,-1,411,409,412,-1,285,120,115,-1,114,113,283,-1,115,114,285,-1,285,114,283,-1,285,283,361,-1,361,283,405,-1,361,405,413,-1,413,405,414,-1,105,102,99,-1,98,97,283,-1,99,98,105,-1,105,98,283,-1,105,283,106,-1,106,283,113,-1,106,113,107,-1,107,113,110,-1,89,87,83,-1,82,81,283,-1,83,82,89,-1,89,82,283,-1,89,283,90,-1,90,283,97,-1,90,97,91,-1,91,97,95,-1,70,71,73,-1,73,71,283,-1,73,283,74,-1,74,283,81,-1,74,81,75,-1,75,81,78,-1,
        ]
    }
}
Shape{
    appearance Appearance {
        material  Material 	{
            diffuseColor 0.25098039215686274 0.25098039215686274 0.25098039215686274
            specularColor 0.12549019607843137 0.12549019607843137 0.12549019607843137
            ambientIntensity 0.2
            transparency 0
            shininess 0.5
        }
    }
    geometry IndexedFaceSet {
        ccw TRUE
        solid FALSE
        coord DEF co Coordinate {
            point [
                5.5794 -0.2613 -0.7046, 5.4331 -0.2613 -0.7022, 5.5859 -0.2613 -0.7026, 5.5906 -0.2613 -0.7022, 5.5736 -0.2613 -0.708, 5.5688 -0.2613 -0.7128, 5.4377 -0.2613 -0.7026, 5.5653 -0.2613 -0.7187, 5.4442 -0.2613 -0.7046, 5.45 -0.2613 -0.708, 5.4602 -0.2613 -0.7252, 5.4583 -0.2613 -0.7187, 5.4548 -0.2613 -0.7128, 5.563 -0.2613 -0.7298, 5.563 -0.2613 -0.9384, 5.4606 -0.2613 -0.9384, 5.5634 -0.2613 -0.7252, 5.4606 -0.2613 -0.7298, 5.4606 0.0793 -0.8582, 5.563 0.0793 -0.8582, 5.563 0.0643 -0.8688, 5.4606 0.0643 -0.8688, 5.563 0.0472 -0.8754, 5.4606 0.0472 -0.8754, 5.563 0.0289 -0.8774, 5.4606 0.0289 -0.8774, 5.563 0.0107 -0.8748, 5.4606 0.0107 -0.8748, 5.563 -0.0063 -0.8677, 5.4606 -0.0063 -0.8677, 5.563 -0.0209 -0.8566, 5.4606 -0.0209 -0.8566, 5.563 -0.0323 -0.8422, 5.4606 -0.0323 -0.8422, 5.563 -0.0397 -0.8254, 5.4606 -0.0397 -0.8254, 5.563 -0.0427 -0.8072, 5.4606 -0.0427 -0.8072, 5.563 -0.0411 -0.7889, 5.4606 -0.0411 -0.7889, 5.563 -0.0349 -0.7716, 5.4606 -0.0349 -0.7716, 5.563 -0.0246 -0.7564, 5.4606 -0.0246 -0.7564, 5.563 -0.0108 -0.7443, 5.4606 -0.0108 -0.7443, 5.563 0.0056 -0.736, 5.4606 0.0056 -0.736, 5.563 0.0236 -0.732, 5.4606 0.0236 -0.732, 5.1693 0.0643 -0.8688, 5.1693 0.0793 -0.8582, 5.1693 0.0793 -0.9187, 5.1693 -0.2613 -0.7298, 5.1693 0.0226 -0.7298, 5.1693 0.0056 -0.736, 5.1693 0.0236 -0.732, 5.1693 -0.0108 -0.7443, 5.1693 -0.0246 -0.7564, 5.1693 -0.0349 -0.7716, 5.1693 -0.0323 -0.8422, 5.1693 -0.0209 -0.8566, 5.1693 -0.2613 -0.9384, 5.1693 -0.0063 -0.8677, 5.1693 0.0596 -0.9384, 5.1693 -0.0411 -0.7889, 5.1693 -0.0427 -0.8072, 5.1693 -0.0397 -0.8254, 5.1693 0.0472 -0.8754, 5.1693 0.0767 -0.9286, 5.1693 0.0736 -0.9327, 5.1693 0.0787 -0.9238, 5.1693 0.0107 -0.8748, 5.1693 0.0289 -0.8774, 5.1693 0.0647 -0.9378, 5.1693 0.0695 -0.9358, 5.2638 0.0596 -0.9384, 5.2638 0.0647 -0.9378, 5.2638 0.0695 -0.9358, 5.2638 0.0736 -0.9327, 5.2638 0.0767 -0.9286, 5.2638 0.0787 -0.9238, 5.2638 0.0793 -0.9187, 5.2638 0.0236 -0.732, 5.2638 0.0226 -0.7298, 5.2638 0.0056 -0.736, 5.2638 -0.2613 -0.7298, 5.2638 -0.0108 -0.7443, 5.2638 -0.0411 -0.7889, 5.2638 -0.0349 -0.7716, 5.2638 -0.0246 -0.7564, 5.2638 -0.0209 -0.8566, 5.2638 -0.0323 -0.8422, 5.2638 -0.2613 -0.9384, 5.2638 -0.0397 -0.8254, 5.2638 -0.0427 -0.8072, 5.2638 0.0472 -0.8754, 5.2638 0.0643 -0.8688, 5.2638 0.0793 -0.8582, 5.2638 0.0289 -0.8774, 5.2638 0.0107 -0.8748, 5.2638 -0.0063 -0.8677, 5.2362 -0.2613 -0.7022, 5.3937 -0.2613 -0.7022, 5.3891 -0.2613 -0.7026, 5.2473 -0.2613 -0.7046, 5.3768 -0.2613 -0.708, 5.2532 -0.2613 -0.708, 5.372 -0.2613 -0.7128, 5.3685 -0.2613 -0.7187, 5.3826 -0.2613 -0.7046, 5.2408 -0.2613 -0.7026, 5.2634 -0.2613 -0.7252, 5.2614 -0.2613 -0.7187, 5.258 -0.2613 -0.7128, 5.3661 -0.2613 -0.7298, 5.3661 -0.2613 -0.9384, 5.3665 -0.2613 -0.7252, 5.3661 0.0643 -0.8688, 5.3661 0.0793 -0.8582, 5.3661 0.0793 -0.9187, 5.3661 0.0226 -0.7298, 5.3661 0.0056 -0.736, 5.3661 0.0236 -0.732, 5.3661 -0.0108 -0.7443, 5.3661 -0.0246 -0.7564, 5.3661 -0.0349 -0.7716, 5.3661 0.0472 -0.8754, 5.3661 0.0767 -0.9286, 5.3661 0.0736 -0.9327, 5.3661 -0.0411 -0.7889, 5.3661 -0.0427 -0.8072, 5.3661 -0.0397 -0.8254, 5.3661 -0.0323 -0.8422, 5.3661 -0.0209 -0.8566, 5.3661 -0.0063 -0.8677, 5.3661 0.0596 -0.9384, 5.3661 0.0787 -0.9238, 5.3661 0.0107 -0.8748, 5.3661 0.0289 -0.8774, 5.3661 0.0647 -0.9378, 5.3661 0.0695 -0.9358, 5.4606 0.0596 -0.9384, 5.4606 0.0647 -0.9378, 5.4606 0.0695 -0.9358, 5.4606 0.0736 -0.9327, 5.4606 0.0767 -0.9286, 5.4606 0.0787 -0.9238, 5.4606 0.0793 -0.9187, 5.4606 0.0226 -0.7298, 5.4426 0.0111 -0.7039, 5.4377 0.0106 -0.7027, 5.4365 0.0105 -0.7024, 5.4331 0.0104 -0.7022, 5.4484 0.0124 -0.7068, 5.4441 0.0115 -0.7047, 5.4528 0.0141 -0.7106, 5.4499 0.013 -0.7081, 5.457 0.0166 -0.7161, 5.4546 0.0152 -0.713, 5.46 0.0206 -0.7252, 5.4597 0.0194 -0.7226, 5.4581 0.0177 -0.7187, 5.3686 0.0177 -0.7187, 5.3679 0.0183 -0.72, 5.3667 0.0206 -0.7252, 5.3663 0.0213 -0.7269, 5.3768 0.013 -0.7081, 5.376 0.0132 -0.7086, 5.372 0.0151 -0.7129, 5.3714 0.0154 -0.7135, 5.3891 0.0106 -0.7027, 5.3875 0.0107 -0.7029, 5.3826 0.0115 -0.7047, 5.3815 0.0117 -0.7051, 5.3937 0.0104 -0.7022, 5.2457 0.0111 -0.7039, 5.2408 0.0106 -0.7027, 5.2396 0.0105 -0.7024, 5.2362 0.0104 -0.7022, 5.2515 0.0124 -0.7068, 5.2473 0.0115 -0.7047, 5.256 0.0141 -0.7106, 5.2531 0.013 -0.7081, 5.2601 0.0166 -0.7161, 5.2578 0.0152 -0.713, 5.2632 0.0206 -0.7252, 5.2628 0.0194 -0.7226, 5.2612 0.0177 -0.7187, 5.1697 -0.2613 -0.7252, 5.1716 -0.2613 -0.7187, 5.1718 0.0177 -0.7187, 5.1711 0.0183 -0.72, 5.1698 0.0206 -0.7252, 5.1694 0.0213 -0.7269, 5.1751 -0.2613 -0.7128, 5.1799 -0.2613 -0.708, 5.18 0.013 -0.7081, 5.1792 0.0132 -0.7086, 5.1752 0.0151 -0.7129, 5.1746 0.0154 -0.7135, 5.1922 0.0106 -0.7027, 5.1907 0.0107 -0.7029, 5.1857 -0.2613 -0.7046, 5.1858 0.0115 -0.7047, 5.1846 0.0117 -0.7051, 5.1922 -0.2613 -0.7026, 5.1969 -0.2613 -0.7022, 5.1969 0.0104 -0.7022, 5.8543 0.0596 -0.9384, 5.7598 0.0596 -0.9384, 5.7598 0.0647 -0.9378, 5.8543 0.0647 -0.9378, 5.7598 0.0695 -0.9358, 5.8543 0.0695 -0.9358, 5.7598 0.0736 -0.9327, 5.8543 0.0736 -0.9327, 5.7598 0.0767 -0.9286, 5.8543 0.0767 -0.9286, 5.7598 0.0787 -0.9238, 5.8543 0.0787 -0.9238, 5.7598 0.0793 -0.9187, 5.8543 0.0793 -0.9187, 5.6575 0.0596 -0.9384, 5.563 0.0596 -0.9384, 5.563 0.0647 -0.9378, 5.6575 0.0647 -0.9378, 5.563 0.0695 -0.9358, 5.6575 0.0695 -0.9358, 5.563 0.0736 -0.9327, 5.6575 0.0736 -0.9327, 5.563 0.0767 -0.9286, 5.6575 0.0767 -0.9286, 5.563 0.0787 -0.9238, 5.6575 0.0787 -0.9238, 5.563 0.0793 -0.9187, 5.6575 0.0793 -0.9187, 5.6575 0.0793 -0.8582, 5.7598 0.0793 -0.8582, 5.8543 0.0793 -0.8582, 5.9567 0.0793 -0.8582, 5.9567 0.0643 -0.8688, 5.8543 0.0643 -0.8688, 5.9567 0.0472 -0.8754, 5.8543 0.0472 -0.8754, 5.9567 0.0289 -0.8774, 5.8543 0.0289 -0.8774, 5.9567 0.0107 -0.8748, 5.8543 0.0107 -0.8748, 5.9567 -0.0063 -0.8677, 5.8543 -0.0063 -0.8677, 5.9567 -0.0209 -0.8566, 5.8543 -0.0209 -0.8566, 5.9567 -0.0323 -0.8422, 5.8543 -0.0323 -0.8422, 5.9567 -0.0397 -0.8254, 5.8543 -0.0397 -0.8254, 5.9567 -0.0427 -0.8072, 5.8543 -0.0427 -0.8072, 5.9567 -0.0411 -0.7889, 5.8543 -0.0411 -0.7889, 5.9567 -0.0349 -0.7716, 5.8543 -0.0349 -0.7716, 5.9567 -0.0246 -0.7564, 5.8543 -0.0246 -0.7564, 5.9567 -0.0108 -0.7443, 5.8543 -0.0108 -0.7443, 5.9567 0.0056 -0.736, 5.8543 0.0056 -0.736, 5.9567 0.0236 -0.732, 5.8543 0.0236 -0.732, 5.8543 0.0226 -0.7298, 5.8543 -0.2613 -0.7298, 5.8543 -0.2613 -0.9384, 5.7598 0.0643 -0.8688, 5.7598 -0.2613 -0.7298, 5.7598 0.0226 -0.7298, 5.7598 0.0056 -0.736, 5.7598 0.0236 -0.732, 5.7598 -0.0108 -0.7443, 5.7598 -0.0246 -0.7564, 5.7598 -0.0349 -0.7716, 5.7598 -0.0411 -0.7889, 5.7598 -0.0427 -0.8072, 5.7598 -0.2613 -0.9384, 5.7598 -0.0397 -0.8254, 5.7598 -0.0323 -0.8422, 5.7598 -0.0209 -0.8566, 5.7598 -0.0063 -0.8677, 5.7598 0.0472 -0.8754, 5.7598 0.0107 -0.8748, 5.7598 0.0289 -0.8774, 5.6575 0.0643 -0.8688, 5.6575 0.0472 -0.8754, 5.6575 0.0289 -0.8774, 5.6575 0.0107 -0.8748, 5.6575 -0.0063 -0.8677, 5.6575 -0.0209 -0.8566, 5.6575 -0.0323 -0.8422, 5.6575 -0.0397 -0.8254, 5.6575 -0.0427 -0.8072, 5.6575 -0.0411 -0.7889, 5.6575 -0.0349 -0.7716, 5.6575 -0.0246 -0.7564, 5.6575 -0.0108 -0.7443, 5.6575 0.0056 -0.736, 5.6575 0.0236 -0.732, 5.6575 0.0226 -0.7298, 5.6575 -0.2613 -0.7298, 5.6575 -0.2613 -0.9384, 5.563 0.0226 -0.7298, 5.5655 0.0177 -0.7187, 5.5648 0.0183 -0.72, 5.5635 0.0206 -0.7252, 5.5631 0.0213 -0.7269, 5.5737 0.013 -0.7081, 5.5729 0.0132 -0.7086, 5.5689 0.0151 -0.7129, 5.5683 0.0154 -0.7135, 5.586 0.0106 -0.7027, 5.5844 0.0107 -0.7029, 5.5795 0.0115 -0.7047, 5.5783 0.0117 -0.7051, 5.5906 0.0104 -0.7022, 5.6571 -0.2613 -0.7252, 5.641 -0.2613 -0.7046, 5.6394 0.0111 -0.7039, 5.6345 -0.2613 -0.7026, 5.6345 0.0106 -0.7027, 5.6299 -0.2613 -0.7022, 5.6333 0.0105 -0.7024, 5.6299 0.0104 -0.7022, 5.6469 -0.2613 -0.708, 5.6452 0.0124 -0.7068, 5.641 0.0115 -0.7047, 5.6517 -0.2613 -0.7128, 5.6497 0.0141 -0.7106, 5.6468 0.013 -0.7081, 5.6551 -0.2613 -0.7187, 5.6538 0.0166 -0.7161, 5.6515 0.0152 -0.713, 5.6569 0.0206 -0.7252, 5.6565 0.0194 -0.7226, 5.6549 0.0177 -0.7187, 5.7763 -0.2613 -0.7046, 5.7828 -0.2613 -0.7026, 5.7874 -0.2613 -0.7022, 5.7705 -0.2613 -0.708, 5.7657 -0.2613 -0.7128, 5.7622 -0.2613 -0.7187, 5.7602 -0.2613 -0.7252, 5.7623 0.0177 -0.7187, 5.7616 0.0183 -0.72, 5.7604 0.0206 -0.7252, 5.76 0.0213 -0.7269, 5.7705 0.013 -0.7081, 5.7697 0.0132 -0.7086, 5.7657 0.0151 -0.7129, 5.7651 0.0154 -0.7135, 5.7828 0.0106 -0.7027, 5.7812 0.0107 -0.7029, 5.7763 0.0115 -0.7047, 5.7752 0.0117 -0.7051, 5.7874 0.0104 -0.7022, 5.8539 -0.2613 -0.7252, 5.8379 -0.2613 -0.7046, 5.8363 0.0111 -0.7039, 5.8314 -0.2613 -0.7026, 5.8314 0.0106 -0.7027, 5.8268 -0.2613 -0.7022, 5.8302 0.0105 -0.7024, 5.8268 0.0104 -0.7022, 5.8437 -0.2613 -0.708, 5.8421 0.0124 -0.7068, 5.8378 0.0115 -0.7047, 5.8485 -0.2613 -0.7128, 5.8465 0.0141 -0.7106, 5.8436 0.013 -0.7081, 5.852 -0.2613 -0.7187, 5.8507 0.0166 -0.7161, 5.8483 0.0152 -0.713, 5.8537 0.0206 -0.7252, 5.8534 0.0194 -0.7226, 5.8518 0.0177 -0.7187, 5.9731 -0.2613 -0.7046, 5.9796 -0.2613 -0.7026, 5.9843 -0.2613 -0.7022, 5.9673 -0.2613 -0.708, 5.9625 -0.2613 -0.7128, 5.959 -0.2613 -0.7187, 5.9567 -0.2613 -0.7298, 5.9567 -0.2613 -0.9384, 5.9571 -0.2613 -0.7252, 5.9571 -0.2613 -0.7252
            ]
        }
        coordIndex [
            0,1,2,-1,2,1,3,-1,0,4,1,-1,1,4,5,-1,1,5,6,-1,6,5,7,-1,6,7,8,-1,8,7,9,-1,10,11,7,-1,7,11,12,-1,7,12,9,-1,13,14,15,-1,7,16,10,-1,10,16,13,-1,10,13,17,-1,17,13,15,-1,18,19,20,-1,18,20,21,-1,21,20,22,-1,21,22,23,-1,23,22,24,-1,23,24,25,-1,25,24,26,-1,25,26,27,-1,27,26,28,-1,27,28,29,-1,29,28,30,-1,29,30,31,-1,31,30,32,-1,31,32,33,-1,33,32,34,-1,33,34,35,-1,35,34,36,-1,35,36,37,-1,37,36,38,-1,37,38,39,-1,39,38,40,-1,39,40,41,-1,41,40,42,-1,41,42,43,-1,43,42,44,-1,43,44,45,-1,45,44,46,-1,45,46,47,-1,47,46,48,-1,47,48,49,-1,50,51,52,-1,53,54,55,-1,55,54,56,-1,55,57,53,-1,53,57,58,-1,53,58,59,-1,60,61,62,-1,62,61,63,-1,62,63,64,-1,59,65,53,-1,53,65,66,-1,53,66,62,-1,62,66,67,-1,62,67,60,-1,68,69,70,-1,50,52,68,-1,68,52,71,-1,68,71,69,-1,63,72,64,-1,64,72,73,-1,64,73,74,-1,74,73,68,-1,74,68,75,-1,75,68,70,-1,76,64,74,-1,76,74,77,-1,77,74,75,-1,77,75,78,-1,78,75,70,-1,78,70,79,-1,79,70,69,-1,79,69,80,-1,80,69,71,-1,80,71,81,-1,81,71,52,-1,81,52,82,-1,83,84,85,-1,85,84,86,-1,85,86,87,-1,88,89,86,-1,86,89,90,-1,86,90,87,-1,91,92,93,-1,93,92,94,-1,93,94,86,-1,86,94,95,-1,86,95,88,-1,76,77,96,-1,96,77,78,-1,96,78,79,-1,79,80,96,-1,96,80,81,-1,96,81,97,-1,97,81,82,-1,97,82,98,-1,96,99,76,-1,76,99,100,-1,76,100,93,-1,93,100,101,-1,93,101,91,-1,102,103,104,-1,105,106,107,-1,107,106,108,-1,107,108,109,-1,104,110,102,-1,102,110,106,-1,102,106,111,-1,111,106,105,-1,112,113,109,-1,109,113,114,-1,109,114,107,-1,115,116,93,-1,109,117,112,-1,112,117,115,-1,112,115,86,-1,86,115,93,-1,118,119,120,-1,115,121,122,-1,122,121,123,-1,122,124,115,-1,115,124,125,-1,115,125,126,-1,127,128,129,-1,126,130,115,-1,115,130,131,-1,115,131,116,-1,116,131,132,-1,116,132,133,-1,133,134,116,-1,116,134,135,-1,116,135,136,-1,118,120,127,-1,127,120,137,-1,127,137,128,-1,135,138,136,-1,136,138,139,-1,136,139,140,-1,140,139,127,-1,140,127,141,-1,141,127,129,-1,142,136,140,-1,142,140,143,-1,143,140,141,-1,143,141,144,-1,144,141,129,-1,144,129,145,-1,145,129,128,-1,145,128,146,-1,146,128,137,-1,146,137,147,-1,147,137,120,-1,147,120,148,-1,25,27,142,-1,49,149,47,-1,47,149,17,-1,47,17,45,-1,142,27,15,-1,15,27,29,-1,15,29,31,-1,144,145,23,-1,31,33,15,-1,15,33,35,-1,15,35,17,-1,17,35,37,-1,17,37,39,-1,39,41,17,-1,17,41,43,-1,17,43,45,-1,25,142,23,-1,23,142,143,-1,23,143,144,-1,145,146,23,-1,23,146,147,-1,23,147,21,-1,21,147,148,-1,21,148,18,-1,51,98,52,-1,52,98,82,-1,98,119,118,-1,98,118,97,-1,97,118,127,-1,97,127,96,-1,96,127,139,-1,96,139,99,-1,99,139,138,-1,99,138,100,-1,100,138,135,-1,100,135,101,-1,101,135,134,-1,101,134,91,-1,91,134,133,-1,91,133,92,-1,92,133,132,-1,92,132,94,-1,94,132,131,-1,94,131,95,-1,95,131,130,-1,95,130,88,-1,88,130,126,-1,88,126,89,-1,89,126,125,-1,89,125,90,-1,90,125,124,-1,90,124,87,-1,87,124,122,-1,87,122,85,-1,85,122,123,-1,85,123,83,-1,119,18,120,-1,120,18,148,-1,10,17,149,-1,8,150,6,-1,6,150,151,-1,6,151,1,-1,1,151,152,-1,1,152,153,-1,9,154,8,-1,8,154,155,-1,8,155,150,-1,12,156,9,-1,9,156,157,-1,9,157,154,-1,11,158,12,-1,12,158,159,-1,12,159,156,-1,149,160,10,-1,10,160,161,-1,10,161,11,-1,11,161,162,-1,11,162,158,-1,117,109,163,-1,163,164,117,-1,117,164,165,-1,117,165,115,-1,115,165,166,-1,115,166,121,-1,108,106,167,-1,167,168,108,-1,108,168,169,-1,108,169,109,-1,109,169,170,-1,109,170,163,-1,171,172,110,-1,110,172,173,-1,110,173,106,-1,106,173,174,-1,106,174,167,-1,110,104,171,-1,171,104,103,-1,171,103,175,-1,112,86,84,-1,105,176,111,-1,111,176,177,-1,111,177,102,-1,102,177,178,-1,102,178,179,-1,107,180,105,-1,105,180,181,-1,105,181,176,-1,114,182,107,-1,107,182,183,-1,107,183,180,-1,113,184,114,-1,114,184,185,-1,114,185,182,-1,84,186,112,-1,112,186,187,-1,112,187,113,-1,113,187,188,-1,113,188,184,-1,189,190,191,-1,191,192,189,-1,189,192,193,-1,189,193,53,-1,53,193,194,-1,53,194,54,-1,195,196,197,-1,197,198,195,-1,195,198,199,-1,195,199,190,-1,190,199,200,-1,190,200,191,-1,201,202,203,-1,203,202,204,-1,203,204,196,-1,196,204,205,-1,196,205,197,-1,203,206,201,-1,201,206,207,-1,201,207,208,-1,209,210,211,-1,209,211,212,-1,212,211,213,-1,212,213,214,-1,214,213,215,-1,214,215,216,-1,216,215,217,-1,216,217,218,-1,218,217,219,-1,218,219,220,-1,220,219,221,-1,220,221,222,-1,223,224,225,-1,223,225,226,-1,226,225,227,-1,226,227,228,-1,228,227,229,-1,228,229,230,-1,230,229,231,-1,230,231,232,-1,232,231,233,-1,232,233,234,-1,234,233,235,-1,234,235,236,-1,19,237,235,-1,235,237,236,-1,238,239,221,-1,221,239,222,-1,239,240,241,-1,239,241,242,-1,242,241,243,-1,242,243,244,-1,244,243,245,-1,244,245,246,-1,246,245,247,-1,246,247,248,-1,248,247,249,-1,248,249,250,-1,250,249,251,-1,250,251,252,-1,252,251,253,-1,252,253,254,-1,254,253,255,-1,254,255,256,-1,256,255,257,-1,256,257,258,-1,258,257,259,-1,258,259,260,-1,260,259,261,-1,260,261,262,-1,262,261,263,-1,262,263,264,-1,264,263,265,-1,264,265,266,-1,266,265,267,-1,266,267,268,-1,268,267,269,-1,268,269,270,-1,246,248,209,-1,270,271,268,-1,268,271,272,-1,268,272,266,-1,209,248,273,-1,273,248,250,-1,273,250,252,-1,214,216,244,-1,252,254,273,-1,273,254,256,-1,273,256,272,-1,272,256,258,-1,272,258,260,-1,246,209,244,-1,244,209,212,-1,244,212,214,-1,216,218,244,-1,244,218,220,-1,244,220,242,-1,242,220,222,-1,242,222,239,-1,260,262,272,-1,272,262,264,-1,272,264,266,-1,274,238,221,-1,275,276,277,-1,277,276,278,-1,277,279,275,-1,275,279,280,-1,275,280,281,-1,281,282,275,-1,275,282,283,-1,275,283,284,-1,284,283,285,-1,284,285,286,-1,286,287,284,-1,284,287,288,-1,284,288,210,-1,289,217,215,-1,274,221,289,-1,289,221,219,-1,289,219,217,-1,288,290,210,-1,210,290,291,-1,210,291,211,-1,211,291,289,-1,211,289,213,-1,213,289,215,-1,237,238,274,-1,237,274,292,-1,292,274,289,-1,292,289,293,-1,293,289,291,-1,293,291,294,-1,294,291,290,-1,294,290,295,-1,295,290,288,-1,295,288,296,-1,296,288,287,-1,296,287,297,-1,297,287,286,-1,297,286,298,-1,298,286,285,-1,298,285,299,-1,299,285,283,-1,299,283,300,-1,300,283,282,-1,300,282,301,-1,301,282,281,-1,301,281,302,-1,302,281,280,-1,302,280,303,-1,303,280,279,-1,303,279,304,-1,304,279,277,-1,304,277,305,-1,305,277,278,-1,305,278,306,-1,294,295,223,-1,306,307,305,-1,305,307,308,-1,305,308,304,-1,223,295,309,-1,309,295,296,-1,309,296,297,-1,301,302,308,-1,308,302,303,-1,308,303,304,-1,228,230,293,-1,297,298,309,-1,309,298,299,-1,309,299,308,-1,308,299,300,-1,308,300,301,-1,294,223,293,-1,293,223,226,-1,293,226,228,-1,230,232,293,-1,293,232,234,-1,293,234,292,-1,292,234,236,-1,292,236,237,-1,20,19,235,-1,13,310,46,-1,46,310,48,-1,46,44,13,-1,13,44,42,-1,13,42,40,-1,40,38,13,-1,13,38,36,-1,13,36,14,-1,14,36,34,-1,14,34,32,-1,32,30,14,-1,14,30,28,-1,14,28,224,-1,22,231,229,-1,20,235,22,-1,22,235,233,-1,22,233,231,-1,28,26,224,-1,224,26,24,-1,224,24,225,-1,225,24,22,-1,225,22,227,-1,227,22,229,-1,16,7,311,-1,311,312,16,-1,16,312,313,-1,16,313,13,-1,13,313,314,-1,13,314,310,-1,5,4,315,-1,315,316,5,-1,5,316,317,-1,5,317,7,-1,7,317,318,-1,7,318,311,-1,319,320,0,-1,0,320,321,-1,0,321,4,-1,4,321,322,-1,4,322,315,-1,0,2,319,-1,319,2,3,-1,319,3,323,-1,324,308,307,-1,325,326,327,-1,327,326,328,-1,327,328,329,-1,329,328,330,-1,329,330,331,-1,332,333,325,-1,325,333,334,-1,325,334,326,-1,335,336,332,-1,332,336,337,-1,332,337,333,-1,338,339,335,-1,335,339,340,-1,335,340,336,-1,307,341,324,-1,324,341,342,-1,324,342,338,-1,338,342,343,-1,338,343,339,-1,344,329,345,-1,345,329,346,-1,344,347,329,-1,329,347,348,-1,329,348,327,-1,327,348,349,-1,327,349,325,-1,325,349,332,-1,350,338,349,-1,349,338,335,-1,349,335,332,-1,284,309,275,-1,275,309,308,-1,275,308,350,-1,350,308,324,-1,350,324,338,-1,350,349,351,-1,351,352,350,-1,350,352,353,-1,350,353,275,-1,275,353,354,-1,275,354,276,-1,348,347,355,-1,355,356,348,-1,348,356,357,-1,348,357,349,-1,349,357,358,-1,349,358,351,-1,359,360,344,-1,344,360,361,-1,344,361,347,-1,347,361,362,-1,347,362,355,-1,344,345,359,-1,359,345,346,-1,359,346,363,-1,364,272,271,-1,365,366,367,-1,367,366,368,-1,367,368,369,-1,369,368,370,-1,369,370,371,-1,372,373,365,-1,365,373,374,-1,365,374,366,-1,375,376,372,-1,372,376,377,-1,372,377,373,-1,378,379,375,-1,375,379,380,-1,375,380,376,-1,271,381,364,-1,364,381,382,-1,364,382,378,-1,378,382,383,-1,378,383,379,-1,384,369,385,-1,385,369,386,-1,384,387,369,-1,369,387,388,-1,369,388,367,-1,367,388,389,-1,367,389,365,-1,365,389,372,-1,364,378,389,-1,389,378,375,-1,389,375,372,-1,390,391,273,-1,389,392,364,-1,364,392,390,-1,364,390,272,-1,272,390,273,-1,
        ]
    }
}
Shape{
    appearance Appearance {
        material  Material 	{
            diffuseColor 1.0 1.0 0.5019607843137255
            specularColor 0.5019607843137255 0.5019607843137255 0.25098039215686274
            ambientIntensity 0.2
            transparency 0
            shininess 0.5
        }
    }
    geometry IndexedFaceSet {
        ccw TRUE
        solid FALSE
        coord DEF co Coordinate {
            point [
                6.1201 1.0172 -0.9857, 6.0846 1.0172 -0.9857, 6.1201 1.0172 -0.8439, 6.0846 1.0172 -0.8439, 6.0762 1.0087 -0.9943, 6.0728 1.0054 -0.9991, 6.0728 1.0054 -0.8439, 6.0784 1.0109 -0.992, 6.0728 0.8252 -1.1765, 6.1319 0.8252 -1.1765, 6.0728 0.8312 -1.1643, 6.1319 0.8312 -1.1643, 6.0728 0.834 -1.151, 6.1319 0.834 -1.151, 6.0728 0.8332 -1.1375, 6.1319 0.8332 -1.1375, 6.0728 0.8291 -1.1246, 6.1319 0.8291 -1.1246, 6.0728 0.8218 -1.1131, 6.1319 0.8218 -1.1131, 6.0728 0.8119 -1.1039, 6.1319 0.8119 -1.1039, 6.0728 0.8 -1.0975, 6.1319 0.8 -1.0975, 6.0728 0.7868 -1.0943, 6.1319 0.7868 -1.0943, 6.0728 0.7732 -1.0945, 6.1319 0.7732 -1.0945, 6.0728 0.7602 -1.0982, 6.1319 0.7602 -1.0982, 6.0728 0.7485 -1.105, 6.1319 0.7485 -1.105, 6.0728 0.7389 -1.1146, 6.1319 0.7389 -1.1146, 6.1319 0.7389 -1.1146
            ]
        }
        coordIndex [
            0,1,2,-1,2,1,3,-1,4,5,6,-1,3,1,6,-1,6,1,7,-1,6,7,4,-1,8,9,10,-1,10,9,11,-1,10,11,12,-1,12,11,13,-1,12,13,14,-1,14,13,15,-1,14,15,16,-1,16,15,17,-1,16,17,18,-1,18,17,19,-1,18,19,20,-1,20,19,21,-1,20,21,22,-1,22,21,23,-1,22,23,24,-1,24,23,25,-1,24,25,26,-1,26,25,27,-1,26,27,28,-1,28,27,29,-1,28,29,30,-1,30,29,31,-1,30,31,32,-1,32,31,33,-1,
        ]
    }
}
Shape{
    appearance Appearance {
        material  Material 	{
            diffuseColor 1.0 1.0 1.0
            specularColor 0.5019607843137255 0.5019607843137255 0.5019607843137255
            ambientIntensity 0.2
            transparency 0
            shininess 0.5
        }
    }
    geometry IndexedFaceSet {
        ccw TRUE
        solid FALSE
        coord DEF co Coordinate {
            point [
                6.1319 0.5835 -1.1346, 6.1319 0.1131 -1.0613, 6.0728 0.5835 -1.1346, 6.0728 0.1131 -1.0613, 6.0728 0.1023 -1.0606, 6.1319 0.1023 -1.0606, 6.0728 -0.0163 -1.064, 6.1319 -0.0163 -1.064, 6.1319 0.0547 -0.9964, 6.0728 0.0547 -0.9964, 6.1319 0.0647 -0.9889, 6.0728 0.0647 -0.9889, 6.1319 0.0762 -0.9839, 6.0728 0.0762 -0.9839, 6.1319 0.0886 -0.9818, 6.0728 0.0886 -0.9818, 6.1319 0.1011 -0.9826, 6.0728 0.1011 -0.9826, 6.1319 0.1131 -0.9863, 6.0728 0.1131 -0.9863, 6.1319 0.1486 -1.0023, 6.0728 0.1486 -1.0023, 6.0728 0.1589 -1.0058, 6.1319 0.1589 -1.0058, 6.0728 0.1697 -1.0073, 6.1319 0.1697 -1.0073, 6.1319 0.571 -1.0279, 6.0728 0.571 -1.0279, 6.0728 0.5846 -1.027, 6.1319 0.5846 -1.027, 6.0728 0.5977 -1.023, 6.1319 0.5977 -1.023, 6.0728 0.6095 -1.0162, 6.1319 0.6095 -1.0162, 6.0728 0.6194 -1.0068, 6.1319 0.6194 -1.0068, 6.0728 0.6268 -0.9953, 6.1319 0.6268 -0.9953, 6.0728 0.6315 -0.9825, 6.1319 0.6315 -0.9825, 6.0728 0.6331 -0.9689, 6.1319 0.6331 -0.9689, 6.1319 0.6331 -0.8638, 6.0728 0.6331 -0.8638, 6.0728 0.6311 -0.8487, 6.1319 0.6311 -0.8487, 6.0728 0.6254 -0.8346, 6.1319 0.6254 -0.8346, 6.0728 0.6162 -0.8225, 6.1319 0.6162 -0.8225, 6.0728 0.6043 -0.8131, 6.1319 0.6043 -0.8131, 6.0728 0.5903 -0.807, 6.1319 0.5903 -0.807, 6.0728 0.5753 -0.8047, 6.1319 0.5753 -0.8047, 6.1319 0.5753 -0.8047
            ]
        }
        coordIndex [
            0,1,2,-1,2,1,3,-1,3,1,4,-1,4,1,5,-1,6,4,7,-1,7,4,5,-1,8,9,7,-1,7,9,6,-1,9,8,10,-1,9,10,11,-1,11,10,12,-1,11,12,13,-1,13,12,14,-1,13,14,15,-1,15,14,16,-1,15,16,17,-1,17,16,18,-1,17,18,19,-1,18,20,19,-1,19,20,21,-1,21,20,22,-1,22,20,23,-1,22,23,24,-1,24,23,25,-1,25,26,24,-1,24,26,27,-1,27,26,28,-1,28,26,29,-1,28,29,30,-1,30,29,31,-1,30,31,32,-1,32,31,33,-1,32,33,34,-1,34,33,35,-1,34,35,36,-1,36,35,37,-1,36,37,38,-1,38,37,39,-1,38,39,40,-1,40,39,41,-1,42,43,41,-1,41,43,40,-1,43,42,44,-1,44,42,45,-1,44,45,46,-1,46,45,47,-1,46,47,48,-1,48,47,49,-1,48,49,50,-1,50,49,51,-1,50,51,52,-1,52,51,53,-1,52,53,54,-1,54,53,55,-1,
        ]
    }
}
Shape{
    appearance Appearance {
        material  Material 	{
            diffuseColor 1.0 1.0 0.5019607843137255
            specularColor 0.5019607843137255 0.5019607843137255 0.25098039215686274
            ambientIntensity 0.2
            transparency 0
            shininess 0.5
        }
    }
    geometry IndexedFaceSet {
        ccw TRUE
        solid FALSE
        coord DEF co Coordinate {
            point [
                6.1319 0.5753 -0.8047, 6.1319 0.2216 -0.7969, 6.0728 0.5753 -0.8047, 6.0728 0.2216 -0.7969, 6.0728 0.2066 -0.7985, 6.1319 0.2066 -0.7985, 6.0728 0.1652 -0.8083, 6.1319 0.1652 -0.8083, 6.1319 0.1527 -0.8098, 6.0728 0.1527 -0.8098, 6.1319 0.1401 -0.8082, 6.0728 0.1401 -0.8082, 6.1319 0.1283 -0.8037, 6.0728 0.1283 -0.8037, 6.1319 0.1178 -0.7965, 6.0728 0.1178 -0.7965, 6.1319 0.1094 -0.7871, 6.0728 0.1094 -0.7871, 6.1319 0.1034 -0.7759, 6.0728 0.1034 -0.7759, 6.1319 -0.0455 -0.7824, 6.0728 -0.0455 -0.7824, 6.1319 -0.0377 -0.7645, 6.0728 -0.0377 -0.7645, 6.1319 -0.0258 -0.7491, 6.0728 -0.0258 -0.7491, 6.1319 -0.0104 -0.737, 6.0728 -0.0104 -0.737, 6.1319 0.0074 -0.7292, 6.0728 0.0074 -0.7292, 6.1319 0.0267 -0.7259, 6.0728 0.0267 -0.7259, 6.1319 0.0461 -0.7275, 6.0728 0.0461 -0.7275, 6.1319 0.0646 -0.7338, 6.0728 0.0646 -0.7338, 6.1319 0.0809 -0.7444, 6.0728 0.0809 -0.7444, 6.1319 0.0941 -0.7588, 6.0728 0.0941 -0.7588, 6.1319 -0.051 -0.795, 6.0728 -0.051 -0.795, 6.1319 -0.0596 -0.8057, 6.0728 -0.0596 -0.8057, 6.1319 -0.0707 -0.8139, 6.0728 -0.0707 -0.8139, 6.1319 -0.0835 -0.8189, 6.0728 -0.0835 -0.8189, 6.1319 -0.0972 -0.8205, 6.0728 -0.0972 -0.8205, 6.1319 -0.1108 -0.8186, 6.0728 -0.1108 -0.8186, 6.1319 -0.1234 -0.8132, 6.0728 -0.1234 -0.8132, 6.1319 -0.1343 -0.8047, 6.0728 -0.1343 -0.8047, 6.1319 -0.1426 -0.7938, 6.0728 -0.1426 -0.7938, 6.1319 -0.1478 -0.781, 6.0728 -0.1478 -0.781, 6.1319 -0.1496 -0.7674, 6.0728 -0.1496 -0.7674, 6.1319 -0.1496 -0.7376, 6.0728 -0.1496 -0.7376, 6.1319 -0.1483 -0.7251, 6.0728 -0.1483 -0.7251, 6.1319 -0.1443 -0.7131, 6.0728 -0.1443 -0.7131, 6.1319 -0.1378 -0.7022, 6.0728 -0.1378 -0.7022, 6.0728 -0.126 -0.6865, 6.1319 -0.126 -0.6865, 6.1319 -0.1166 -0.6766, 6.0728 -0.1166 -0.6766, 6.1319 -0.1052 -0.6691, 6.0728 -0.1052 -0.6691, 6.1319 -0.0923 -0.6644, 6.0728 -0.0923 -0.6644, 6.1319 -0.0788 -0.6628, 6.0728 -0.0788 -0.6628, 6.0728 0.6448 -0.6628, 6.1319 0.6448 -0.6628, 6.1319 0.6448 -0.6628
            ]
        }
        coordIndex [
            0,1,2,-1,2,1,3,-1,3,1,4,-1,4,1,5,-1,6,4,7,-1,7,4,5,-1,6,7,8,-1,6,8,9,-1,9,8,10,-1,9,10,11,-1,11,10,12,-1,11,12,13,-1,13,12,14,-1,13,14,15,-1,15,14,16,-1,15,16,17,-1,17,16,18,-1,17,18,19,-1,20,21,22,-1,22,21,23,-1,22,23,24,-1,24,23,25,-1,24,25,26,-1,26,25,27,-1,26,27,28,-1,28,27,29,-1,28,29,30,-1,30,29,31,-1,30,31,32,-1,32,31,33,-1,32,33,34,-1,34,33,35,-1,34,35,36,-1,36,35,37,-1,36,37,38,-1,38,37,39,-1,38,39,18,-1,18,39,19,-1,21,20,40,-1,21,40,41,-1,41,40,42,-1,41,42,43,-1,43,42,44,-1,43,44,45,-1,45,44,46,-1,45,46,47,-1,47,46,48,-1,47,48,49,-1,49,48,50,-1,49,50,51,-1,51,50,52,-1,51,52,53,-1,53,52,54,-1,53,54,55,-1,55,54,56,-1,55,56,57,-1,57,56,58,-1,57,58,59,-1,59,58,60,-1,59,60,61,-1,60,62,61,-1,61,62,63,-1,63,62,64,-1,63,64,65,-1,65,64,66,-1,65,66,67,-1,67,66,68,-1,67,68,69,-1,70,69,71,-1,71,69,68,-1,70,71,72,-1,70,72,73,-1,73,72,74,-1,73,74,75,-1,75,74,76,-1,75,76,77,-1,77,76,78,-1,77,78,79,-1,80,79,81,-1,81,79,78,-1,
        ]
    }
}
Shape{
    appearance Appearance {
        material  Material 	{
            diffuseColor 1.0 1.0 1.0
            specularColor 0.5019607843137255 0.5019607843137255 0.5019607843137255
            ambientIntensity 0.2
            transparency 0
            shininess 0.5
        }
    }
    geometry IndexedFaceSet {
        ccw TRUE
        solid FALSE
        coord DEF co Coordinate {
            point [
                6.0728 0.6448 -0.6628, 6.1319 0.6448 -0.6628, 6.0728 0.6583 -0.6611, 6.1319 0.6583 -0.6611, 6.0728 0.7357 -0.6858, 6.1319 0.7357 -0.6858, 6.0728 0.7428 -0.697, 6.1319 0.7428 -0.697, 6.0728 0.7525 -0.706, 6.1319 0.7525 -0.706, 6.0728 0.7642 -0.7123, 6.1319 0.7642 -0.7123, 6.0728 0.777 -0.7156, 6.1319 0.777 -0.7156, 6.0728 0.7903 -0.7156, 6.1319 0.7903 -0.7156, 6.0728 0.8031 -0.7123, 6.1319 0.8031 -0.7123, 6.0728 0.8148 -0.7059, 6.1319 0.8148 -0.7059, 6.0728 0.8244 -0.6968, 6.1319 0.8244 -0.6968, 6.0728 0.8316 -0.6856, 6.1319 0.8316 -0.6856, 6.1319 0.8796 -0.6553, 6.0728 0.8796 -0.6553, 6.0728 0.8677 -0.6566, 6.1319 0.8677 -0.6566, 6.0728 0.8564 -0.6606, 6.1319 0.8564 -0.6606, 6.0728 0.8463 -0.667, 6.1319 0.8463 -0.667, 6.0728 0.8379 -0.6755, 6.1319 0.8379 -0.6755, 6.1319 0.8379 -0.6755
            ]
        }
        coordIndex [
            0,1,2,-1,2,1,3,-1,4,5,6,-1,6,5,7,-1,6,7,8,-1,8,7,9,-1,8,9,10,-1,10,9,11,-1,10,11,12,-1,12,11,13,-1,12,13,14,-1,14,13,15,-1,14,15,16,-1,16,15,17,-1,16,17,18,-1,18,17,19,-1,18,19,20,-1,20,19,21,-1,20,21,22,-1,22,21,23,-1,24,25,26,-1,24,26,27,-1,27,26,28,-1,27,28,29,-1,29,28,30,-1,29,30,31,-1,31,30,32,-1,31,32,33,-1,33,32,22,-1,33,22,23,-1,
        ]
    }
}
Shape{
    appearance Appearance {
        material  Material 	{
            diffuseColor 1.0 1.0 0.5019607843137255
            specularColor 0.5019607843137255 0.5019607843137255 0.25098039215686274
            ambientIntensity 0.2
            transparency 0
            shininess 0.5
        }
    }
    geometry IndexedFaceSet {
        ccw TRUE
        solid FALSE
        coord DEF co Coordinate {
            point [
                6.0728 0.9069 -0.6553, 6.0728 0.8796 -0.6553, 6.1319 0.9069 -0.6553, 6.1319 0.8796 -0.6553, 6.1319 0.9069 -0.7849, 6.0728 0.9069 -0.7849, 6.0728 0.9089 -0.8002, 6.1319 0.9089 -0.8002, 6.0728 0.9148 -0.8144, 6.1319 0.9148 -0.8144, 6.0728 0.9242 -0.8266, 6.1319 0.9242 -0.8266, 6.0728 0.9365 -0.836, 6.1319 0.9365 -0.836, 6.0728 0.9507 -0.8419, 6.1319 0.9507 -0.8419, 6.0728 0.966 -0.8439, 6.1319 0.966 -0.8439, 6.1319 1.0054 -0.8439, 6.1201 1.0172 -0.8439, 6.0846 1.0172 -0.8439, 6.0728 1.0054 -0.8439, 6.1319 1.0054 -0.9991, 6.1267 1.0106 -0.9921, 6.1265 1.0108 -0.9919, 6.1201 1.0172 -0.9857, 6.1267 1.0106 -0.9921, 6.1319 1.0034 -1.0026, 6.0762 1.0087 -0.9943, 6.0784 1.0109 -0.992, 6.0846 1.0172 -0.9857, 6.1319 1.0092 -1.0603, 6.0728 1.0092 -1.0603, 6.1319 1.0042 -1.0529, 6.0728 1.0042 -1.0529, 6.1319 0.9993 -1.0408, 6.0728 0.9993 -1.0408, 6.1319 0.9975 -1.0279, 6.0728 0.9975 -1.0279, 6.1319 0.9989 -1.0149, 6.0728 0.9989 -1.0149, 6.0728 1.0034 -1.0026, 6.0728 1.0054 -0.9991, 6.0728 1.0231 -1.078, 6.1319 1.0231 -1.078, 6.0728 1.0319 -1.0872, 6.1319 1.0319 -1.0872, 6.0728 1.0425 -1.0941, 6.1319 1.0425 -1.0941, 6.0728 1.0544 -1.0984, 6.1319 1.0544 -1.0984, 6.0728 1.067 -1.0998, 6.1319 1.067 -1.0998, 6.0728 1.1018 -1.0998, 6.1319 1.1018 -1.0998, 6.1319 1.155 -1.153, 6.0728 1.155 -1.153, 6.0728 1.1532 -1.1392, 6.1319 1.1532 -1.1392, 6.0728 1.1478 -1.1264, 6.1319 1.1478 -1.1264, 6.0728 1.1394 -1.1154, 6.1319 1.1394 -1.1154, 6.0728 1.1284 -1.107, 6.1319 1.1284 -1.107, 6.0728 1.1156 -1.1017, 6.1319 1.1156 -1.1017, 6.1319 1.155 -1.2337, 6.0728 1.155 -1.2337, 6.0728 0.8164 -1.2337, 6.1319 0.8164 -1.2337, 6.1319 0.8164 -1.2337
            ]
        }
        coordIndex [
            0,1,2,-1,2,1,3,-1,4,5,2,-1,2,5,0,-1,5,4,6,-1,6,4,7,-1,6,7,8,-1,8,7,9,-1,8,9,10,-1,10,9,11,-1,10,11,12,-1,12,11,13,-1,12,13,14,-1,14,13,15,-1,14,15,16,-1,16,15,17,-1,16,17,18,-1,18,19,16,-1,16,19,20,-1,16,20,21,-1,18,22,23,-1,18,23,19,-1,19,23,24,-1,19,24,25,-1,26,22,27,-1,24,26,28,-1,28,29,24,-1,24,29,30,-1,24,30,25,-1,31,32,33,-1,33,32,34,-1,33,34,35,-1,35,34,36,-1,35,36,37,-1,37,36,38,-1,37,38,39,-1,39,38,40,-1,39,40,27,-1,27,40,41,-1,27,41,26,-1,26,41,42,-1,26,42,28,-1,43,32,44,-1,44,32,31,-1,43,44,45,-1,45,44,46,-1,45,46,47,-1,47,46,48,-1,47,48,49,-1,49,48,50,-1,49,50,51,-1,51,50,52,-1,53,51,54,-1,54,51,52,-1,55,56,57,-1,55,57,58,-1,58,57,59,-1,58,59,60,-1,60,59,61,-1,60,61,62,-1,62,61,63,-1,62,63,64,-1,64,63,65,-1,64,65,66,-1,66,65,53,-1,66,53,54,-1,67,68,55,-1,55,68,56,-1,68,67,69,-1,69,67,70,-1,
        ]
    }
}
Shape{
    appearance Appearance {
        material  Material 	{
            diffuseColor 1.0 1.0 1.0
            specularColor 0.5019607843137255 0.5019607843137255 0.5019607843137255
            ambientIntensity 0.2
            transparency 0
            shininess 0.5
        }
    }
    geometry IndexedFaceSet {
        ccw TRUE
        solid FALSE
        coord DEF co Coordinate {
            point [
                6.0728 0.7343 -0.655, 6.1319 0.7343 -0.655, 6.0728 0.7323 -0.6626, 6.1319 0.7323 -0.6626, 6.0728 0.7318 -0.6705, 6.1319 0.7318 -0.6705, 6.0728 0.733 -0.6784, 6.1319 0.733 -0.6784, 6.0728 0.7357 -0.6858, 6.1319 0.7357 -0.6858, 6.1319 0.6583 -0.6611, 6.1319 0.6817 -0.655, 6.0728 0.6583 -0.6611, 6.0728 0.6817 -0.655, 6.0728 0.5835 -1.1346, 6.0728 0.5926 -1.1353, 6.1319 0.5835 -1.1346, 6.1319 0.5926 -1.1353, 6.1319 0.6968 -1.1353, 6.0728 0.6968 -1.1353, 6.0728 0.7088 -1.1339, 6.1319 0.7088 -1.1339, 6.0728 0.7202 -1.1298, 6.1319 0.7202 -1.1298, 6.0728 0.7304 -1.1233, 6.1319 0.7304 -1.1233, 6.0728 0.7389 -1.1146, 6.1319 0.7389 -1.1146, 6.0689 0.4739 -0.8597, 5.939 0.4739 -0.8597, 6.0689 0.6038 -0.8597, 5.939 0.6038 -0.8597, 6.0689 0.6038 -1.0093, 5.939 0.6038 -1.0093, 6.0689 0.4345 -1.0093, 5.939 0.4345 -1.0093, 6.0689 0.1983 -1.0329, 5.939 0.1983 -1.0329, 6.0689 -0.0616 -1.0329, 5.939 -0.0616 -1.0329, 6.0689 -0.1009 -1.0487, 5.939 -0.1009 -1.0487, 6.0689 -0.7387 -1.0487, 5.939 -0.7387 -1.0487, 6.2657 -0.1009 -1.0487, 6.1358 -0.1009 -1.0487, 6.2657 -0.7387 -1.0487, 6.1358 -0.7387 -1.0487, 6.2657 -0.0616 -1.0329, 6.1358 -0.0616 -1.0329, 6.2657 0.1983 -1.0329, 6.1358 0.1983 -1.0329, 6.2657 0.4345 -1.0093, 6.1358 0.4345 -1.0093, 6.2657 0.6038 -1.0093, 6.1358 0.6038 -1.0093, 6.2657 0.6038 -0.8597, 6.1358 0.6038 -0.8597, 6.2657 0.4739 -0.8597, 6.1358 0.4739 -0.8597, 6.1358 0.4739 -0.8597
            ]
        }
        coordIndex [
            0,1,2,-1,2,1,3,-1,2,3,4,-1,4,3,5,-1,4,5,6,-1,6,5,7,-1,6,7,8,-1,8,7,9,-1,10,11,12,-1,12,11,13,-1,14,15,16,-1,16,15,17,-1,18,19,20,-1,18,20,21,-1,21,20,22,-1,21,22,23,-1,23,22,24,-1,23,24,25,-1,25,24,26,-1,25,26,27,-1,28,29,30,-1,30,29,31,-1,30,31,32,-1,32,31,33,-1,32,33,34,-1,34,33,35,-1,34,35,36,-1,36,35,37,-1,36,37,38,-1,38,37,39,-1,38,39,40,-1,40,39,41,-1,40,41,42,-1,42,41,43,-1,44,45,46,-1,46,45,47,-1,48,49,44,-1,44,49,45,-1,50,51,48,-1,48,51,49,-1,52,53,50,-1,50,53,51,-1,54,55,52,-1,52,55,53,-1,56,57,54,-1,54,57,55,-1,58,59,56,-1,56,59,57,-1,
        ]
    }
}
Shape{
    appearance Appearance {
        material  Material 	{
            diffuseColor 1.0 1.0 0.5019607843137255
            specularColor 0.5019607843137255 0.5019607843137255 0.25098039215686274
            ambientIntensity 0.2
            transparency 0
            shininess 0.5
        }
    }
    geometry IndexedFaceSet {
        ccw TRUE
        solid FALSE
        coord DEF co Coordinate {
            point [
                6.1319 0.8164 -1.2337, 6.1319 0.8164 -1.214, 6.0728 0.8164 -1.2337, 6.0728 0.8164 -1.214, 6.0728 0.8218 -1.1131, 6.0728 0.8119 -1.1039, 6.0728 0.9507 -0.8419, 6.0728 0.5903 -0.807, 6.0728 0.6448 -0.6628, 6.0728 0.6043 -0.8131, 6.0728 0.6583 -0.6611, 6.0728 0.6817 -0.655, 6.0728 0.0941 -0.7588, 6.0728 0.0809 -0.7444, 6.0728 0.5926 -1.1353, 6.0728 0.5977 -1.023, 6.0728 0.6095 -1.0162, 6.0728 0.7485 -1.105, 6.0728 0.7389 -1.1146, 6.0728 0.9365 -0.836, 6.0728 0.6194 -1.0068, 6.0728 0.9089 -0.8002, 6.0728 0.6268 -0.9953, 6.0728 0.6315 -0.9825, 6.0728 -0.1443 -0.7131, 6.0728 -0.1378 -0.7022, 6.0728 -0.0377 -0.7645, 6.0728 0.9148 -0.8144, 6.0728 0.9242 -0.8266, 6.0728 0.7602 -1.0982, 6.0728 0.8564 -0.6606, 6.0728 0.8677 -0.6566, 6.0728 0.8796 -0.6553, 6.0728 0.5753 -0.8047, 6.0728 0.2216 -0.7969, 6.0728 0.2066 -0.7985, 6.0728 0.1034 -0.7759, 6.0728 0.1652 -0.8083, 6.0728 0.1094 -0.7871, 6.0728 0.1178 -0.7965, 6.0728 0.0267 -0.7259, 6.0728 -0.0788 -0.6628, 6.0728 0.0461 -0.7275, 6.0728 0.0646 -0.7338, 6.0728 0.0074 -0.7292, 6.0728 -0.0104 -0.737, 6.0728 -0.0923 -0.6644, 6.0728 -0.0258 -0.7491, 6.0728 0.8 -1.0975, 6.0728 0.7868 -1.0943, 6.0728 0.7732 -1.0945, 6.0728 0.7304 -1.1233, 6.0728 0.7202 -1.1298, 6.0728 0.834 -1.151, 6.0728 0.8332 -1.1375, 6.0728 0.8291 -1.1246, 6.0728 1.0319 -1.0872, 6.0728 1.0425 -1.0941, 6.0728 1.0544 -1.0984, 6.0728 1.155 -1.2337, 6.0728 1.067 -1.0998, 6.0728 1.155 -1.153, 6.0728 0.7642 -0.7123, 6.0728 0.777 -0.7156, 6.0728 0.6254 -0.8346, 6.0728 0.7903 -0.7156, 6.0728 0.8031 -0.7123, 6.0728 -0.126 -0.6865, 6.0728 -0.1166 -0.6766, 6.0728 -0.1052 -0.6691, 6.0728 -0.1483 -0.7251, 6.0728 -0.0455 -0.7824, 6.0728 -0.1496 -0.7376, 6.0728 0.7088 -1.1339, 6.0728 0.6968 -1.1353, 6.0728 0.8312 -1.1643, 6.0728 0.8252 -1.1765, 6.0728 0.9993 -1.0408, 6.0728 1.0042 -1.0529, 6.0728 0.7357 -0.6858, 6.0728 0.6162 -0.8225, 6.0728 0.7428 -0.697, 6.0728 0.7525 -0.706, 6.0728 0.6331 -0.9689, 6.0728 0.6331 -0.8638, 6.0728 0.9069 -0.7849, 6.0728 0.6311 -0.8487, 6.0728 0.9069 -0.6553, 6.0728 0.8148 -0.7059, 6.0728 0.8463 -0.667, 6.0728 0.7343 -0.655, 6.0728 0.7323 -0.6626, 6.0728 0.7318 -0.6705, 6.0728 0.733 -0.6784, 6.0728 -0.051 -0.795, 6.0728 -0.0596 -0.8057, 6.0728 -0.1234 -0.8132, 6.0728 0.1486 -1.0023, 6.0728 0.1589 -1.0058, 6.0728 0.1131 -1.0613, 6.0728 0.1697 -1.0073, 6.0728 0.5835 -1.1346, 6.0728 0.571 -1.0279, 6.0728 0.5846 -1.027, 6.0728 1.0054 -0.8439, 6.0728 1.0054 -0.9991, 6.0728 0.966 -0.8439, 6.0728 1.0034 -1.0026, 6.0728 0.9989 -1.0149, 6.0728 0.9975 -1.0279, 6.0728 0.8244 -0.6968, 6.0728 0.8316 -0.6856, 6.0728 0.8379 -0.6755, 6.0728 0.1527 -0.8098, 6.0728 0.1401 -0.8082, 6.0728 0.1283 -0.8037, 6.0728 -0.1343 -0.8047, 6.0728 -0.1426 -0.7938, 6.0728 -0.1478 -0.781, 6.0728 -0.1496 -0.7674, 6.0728 0.1131 -0.9863, 6.0728 0.1023 -1.0606, 6.0728 0.1011 -0.9826, 6.0728 -0.0163 -1.064, 6.0728 0.0547 -0.9964, 6.0728 0.0647 -0.9889, 6.0728 1.0092 -1.0603, 6.0728 1.0231 -1.078, 6.0728 1.1394 -1.1154, 6.0728 1.1478 -1.1264, 6.0728 1.1532 -1.1392, 6.0728 0.8164 -1.2059, 6.0728 0.8204 -1.1856, 6.0728 0.8174 -1.1955, 6.0728 -0.0707 -0.8139, 6.0728 -0.0835 -0.8189, 6.0728 -0.1108 -0.8186, 6.0728 -0.0972 -0.8205, 6.0728 0.0762 -0.9839, 6.0728 0.0886 -0.9818, 6.0728 1.1018 -1.0998, 6.0728 1.1156 -1.1017, 6.0728 1.1284 -1.107, 6.1319 0.8252 -1.1765, 6.1319 0.8204 -1.1856, 6.1319 0.8174 -1.1955, 6.1319 0.8164 -1.2059, 6.1319 0.7323 -0.6626, 6.1319 0.7343 -0.655, 6.1319 0.6817 -0.655, 6.1319 -0.0104 -0.737, 6.1319 0.0074 -0.7292, 6.1319 -0.0788 -0.6628, 6.1319 0.9993 -1.0408, 6.1319 0.9975 -1.0279, 6.1319 -0.126 -0.6865, 6.1319 -0.1378 -0.7022, 6.1319 -0.0377 -0.7645, 6.1319 0.9507 -0.8419, 6.1319 0.8119 -1.1039, 6.1319 0.8 -1.0975, 6.1319 0.9365 -0.836, 6.1319 0.7868 -1.0943, 6.1319 0.7202 -1.1298, 6.1319 0.7304 -1.1233, 6.1319 0.7389 -1.1146, 6.1319 0.7318 -0.6705, 6.1319 1.0544 -1.0984, 6.1319 1.067 -1.0998, 6.1319 1.155 -1.2337, 6.1319 1.155 -1.153, 6.1319 0.8218 -1.1131, 6.1319 0.8291 -1.1246, 6.1319 0.8332 -1.1375, 6.1319 0.0809 -0.7444, 6.1319 0.0941 -0.7588, 6.1319 0.6448 -0.6628, 6.1319 0.2216 -0.7969, 6.1319 0.8244 -0.6968, 6.1319 0.9069 -0.6553, 6.1319 0.8316 -0.6856, 6.1319 0.8796 -0.6553, 6.1319 1.0034 -1.0026, 6.1319 1.0054 -0.9991, 6.1319 1.0054 -0.8439, 6.1319 0.834 -1.151, 6.1319 0.8312 -1.1643, 6.1319 0.7088 -1.1339, 6.1319 0.7732 -1.0945, 6.1319 0.9242 -0.8266, 6.1319 0.7602 -1.0982, 6.1319 0.9148 -0.8144, 6.1319 0.6315 -0.9825, 6.1319 0.6268 -0.9953, 6.1319 0.5926 -1.1353, 6.1319 0.6194 -1.0068, 6.1319 0.6095 -1.0162, 6.1319 -0.1166 -0.6766, 6.1319 -0.0258 -0.7491, 6.1319 -0.1052 -0.6691, 6.1319 -0.0923 -0.6644, 6.1319 0.0267 -0.7259, 6.1319 0.0461 -0.7275, 6.1319 0.0646 -0.7338, 6.1319 0.8148 -0.7059, 6.1319 0.8031 -0.7123, 6.1319 0.6254 -0.8346, 6.1319 0.7903 -0.7156, 6.1319 0.777 -0.7156, 6.1319 1.0425 -1.0941, 6.1319 1.0319 -1.0872, 6.1319 1.0231 -1.078, 6.1319 0.9989 -1.0149, 6.1319 0.966 -0.8439, 6.1319 0.7485 -1.105, 6.1319 0.6968 -1.1353, 6.1319 0.0547 -0.9964, 6.1319 -0.0163 -1.064, 6.1319 0.1023 -1.0606, 6.1319 0.2066 -0.7985, 6.1319 0.1034 -0.7759, 6.1319 0.1652 -0.8083, 6.1319 0.1094 -0.7871, 6.1319 0.1178 -0.7965, 6.1319 0.5753 -0.8047, 6.1319 0.5903 -0.807, 6.1319 0.6583 -0.6611, 6.1319 0.6043 -0.8131, 6.1319 0.733 -0.6784, 6.1319 0.8677 -0.6566, 6.1319 0.8564 -0.6606, 6.1319 0.9069 -0.7849, 6.1319 0.6311 -0.8487, 6.1319 0.9089 -0.8002, 6.1319 0.6331 -0.8638, 6.1319 0.6331 -0.9689, 6.1319 0.7642 -0.7123, 6.1319 0.7525 -0.706, 6.1319 0.6162 -0.8225, 6.1319 0.7428 -0.697, 6.1319 0.7357 -0.6858, 6.1319 1.0092 -1.0603, 6.1319 1.0042 -1.0529, 6.1319 0.5977 -1.023, 6.1319 0.5846 -1.027, 6.1319 0.5835 -1.1346, 6.1319 0.571 -1.0279, 6.1319 0.1131 -1.0613, 6.1319 0.1697 -1.0073, 6.1319 0.1589 -1.0058, 6.1319 -0.0707 -0.8139, 6.1319 -0.0596 -0.8057, 6.1319 -0.1234 -0.8132, 6.1319 -0.1496 -0.7376, 6.1319 -0.0455 -0.7824, 6.1319 -0.1483 -0.7251, 6.1319 -0.1443 -0.7131, 6.1319 0.8463 -0.667, 6.1319 0.8379 -0.6755, 6.1319 1.1532 -1.1392, 6.1319 1.1478 -1.1264, 6.1319 1.1394 -1.1154, 6.1319 -0.1496 -0.7674, 6.1319 -0.1478 -0.781, 6.1319 -0.1426 -0.7938, 6.1319 -0.1343 -0.8047, 6.1319 -0.051 -0.795, 6.1319 0.1283 -0.8037, 6.1319 0.1401 -0.8082, 6.1319 0.1527 -0.8098, 6.1319 1.1284 -1.107, 6.1319 1.1156 -1.1017, 6.1319 1.1018 -1.0998, 6.1319 0.1486 -1.0023, 6.1319 0.1131 -0.9863, 6.1319 0.1011 -0.9826, 6.1319 0.0886 -0.9818, 6.1319 0.0762 -0.9839, 6.1319 0.0647 -0.9889, 6.1319 -0.0835 -0.8189, 6.1319 -0.1108 -0.8186, 6.1319 -0.0972 -0.8205, 6.1319 -0.0972 -0.8205
            ]
        }
        coordIndex [
            0,1,2,-1,2,1,3,-1,4,5,6,-1,7,8,9,-1,9,8,10,-1,9,10,11,-1,8,12,13,-1,14,15,16,-1,14,17,18,-1,6,5,19,-1,16,20,21,-1,21,20,22,-1,21,22,23,-1,24,25,26,-1,21,27,16,-1,16,27,28,-1,16,28,14,-1,14,28,29,-1,14,29,17,-1,30,31,32,-1,7,33,8,-1,8,33,34,-1,8,34,12,-1,12,34,35,-1,12,35,36,-1,36,35,37,-1,36,37,38,-1,38,37,39,-1,40,41,42,-1,42,41,8,-1,42,8,43,-1,43,8,13,-1,40,44,41,-1,41,44,45,-1,41,45,46,-1,46,45,47,-1,5,48,19,-1,19,48,49,-1,19,49,28,-1,28,49,50,-1,28,50,29,-1,18,51,52,-1,53,54,6,-1,6,54,55,-1,6,55,4,-1,56,57,2,-1,2,57,58,-1,2,58,59,-1,59,58,60,-1,59,60,61,-1,62,63,64,-1,64,63,65,-1,64,65,66,-1,25,67,26,-1,26,67,68,-1,26,68,47,-1,47,68,69,-1,47,69,46,-1,24,26,70,-1,70,26,71,-1,70,71,72,-1,52,73,18,-1,18,73,74,-1,18,74,14,-1,53,6,75,-1,75,6,2,-1,75,2,76,-1,2,77,78,-1,9,79,80,-1,80,79,81,-1,80,81,64,-1,64,81,82,-1,64,82,62,-1,23,83,21,-1,21,83,84,-1,21,84,85,-1,85,84,86,-1,85,86,87,-1,87,86,64,-1,87,64,88,-1,88,64,66,-1,30,32,89,-1,90,91,11,-1,11,91,92,-1,11,92,9,-1,9,92,93,-1,9,93,79,-1,94,95,96,-1,97,98,99,-1,99,98,100,-1,99,100,101,-1,101,100,102,-1,101,102,14,-1,14,102,103,-1,14,103,15,-1,104,105,106,-1,106,105,107,-1,106,107,6,-1,6,107,108,-1,6,108,2,-1,2,108,109,-1,2,109,77,-1,88,110,87,-1,87,110,111,-1,87,111,32,-1,32,111,112,-1,32,112,89,-1,113,114,37,-1,37,114,115,-1,37,115,39,-1,94,96,71,-1,71,96,116,-1,71,116,117,-1,117,118,71,-1,71,118,119,-1,71,119,72,-1,97,99,120,-1,120,99,121,-1,120,121,122,-1,123,124,121,-1,121,124,125,-1,78,126,2,-1,2,126,127,-1,2,127,56,-1,128,129,130,-1,2,3,76,-1,76,3,131,-1,76,131,132,-1,132,131,133,-1,95,134,96,-1,96,134,135,-1,96,135,136,-1,136,135,137,-1,125,138,121,-1,121,138,139,-1,121,139,122,-1,60,140,61,-1,61,140,141,-1,61,141,130,-1,130,141,142,-1,130,142,128,-1,143,76,132,-1,143,132,144,-1,144,132,133,-1,144,133,145,-1,145,133,131,-1,145,131,146,-1,147,148,149,-1,150,151,152,-1,0,153,154,-1,155,156,157,-1,0,154,158,-1,159,158,160,-1,160,158,161,-1,160,161,162,-1,163,164,165,-1,147,149,166,-1,167,0,168,-1,168,0,169,-1,168,169,170,-1,159,171,158,-1,158,171,172,-1,158,172,173,-1,174,175,176,-1,176,175,177,-1,178,179,180,-1,180,179,181,-1,182,183,184,-1,173,185,158,-1,158,185,186,-1,158,186,0,-1,0,186,143,-1,0,143,1,-1,163,165,187,-1,162,161,188,-1,188,161,189,-1,188,189,190,-1,191,192,189,-1,189,192,193,-1,189,193,194,-1,194,193,195,-1,194,195,196,-1,155,157,197,-1,197,157,198,-1,197,198,199,-1,150,152,198,-1,198,152,200,-1,198,200,199,-1,151,201,152,-1,152,201,202,-1,152,202,176,-1,176,202,203,-1,176,203,174,-1,204,205,206,-1,206,205,207,-1,206,207,208,-1,167,209,0,-1,0,209,210,-1,0,210,211,-1,154,212,158,-1,158,212,182,-1,158,182,213,-1,213,182,184,-1,190,189,214,-1,214,189,194,-1,214,194,165,-1,165,194,215,-1,165,215,187,-1,216,217,218,-1,177,175,219,-1,219,175,220,-1,219,220,221,-1,221,220,222,-1,221,222,223,-1,177,224,176,-1,176,224,225,-1,176,225,226,-1,226,225,227,-1,226,227,149,-1,149,227,228,-1,149,228,166,-1,181,229,230,-1,178,204,179,-1,179,204,206,-1,179,206,231,-1,231,206,232,-1,231,232,233,-1,233,232,234,-1,233,234,191,-1,191,234,235,-1,191,235,192,-1,208,236,206,-1,206,236,237,-1,206,237,238,-1,238,237,239,-1,238,239,227,-1,227,239,240,-1,227,240,228,-1,211,241,0,-1,0,241,242,-1,0,242,153,-1,196,243,194,-1,194,243,244,-1,194,244,245,-1,245,244,246,-1,245,246,247,-1,247,246,248,-1,247,248,249,-1,250,251,252,-1,253,254,255,-1,255,254,157,-1,255,157,256,-1,256,157,156,-1,230,257,181,-1,181,257,258,-1,181,258,180,-1,259,260,261,-1,1,143,146,-1,146,143,144,-1,146,144,145,-1,253,262,254,-1,254,262,263,-1,254,263,264,-1,264,265,254,-1,254,265,252,-1,254,252,266,-1,266,252,251,-1,223,267,221,-1,221,267,268,-1,221,268,269,-1,261,270,259,-1,259,270,271,-1,259,271,170,-1,170,271,272,-1,170,272,168,-1,249,273,247,-1,247,273,274,-1,247,274,218,-1,218,274,275,-1,218,275,276,-1,276,277,218,-1,218,277,278,-1,218,278,216,-1,250,252,279,-1,279,252,280,-1,279,280,281,-1,
        ]
    }
}
Shape{
    appearance Appearance {
        material  Material 	{
            diffuseColor 1.0 1.0 1.0
            specularColor 0.5019607843137255 0.5019607843137255 0.5019607843137255
            ambientIntensity 0.2
            transparency 0
            shininess 0.5
        }
    }
    geometry IndexedFaceSet {
        ccw TRUE
        solid FALSE
        coord DEF co Coordinate {
            point [
                6.0689 0.8164 -1.1353, 5.939 0.8164 -1.1353, 5.939 0.8597 -1.1353, 5.9587 0.8794 -1.1353, 6.0492 0.8794 -1.1353, 6.0689 0.8597 -1.1353, 6.0689 0.8597 -0.655, 6.0492 0.8794 -0.655, 6.1555 0.8794 -0.655, 6.1555 0.8794 -1.1353, 6.1358 0.8597 -0.655, 6.1358 0.8597 -1.1353, 6.2461 0.8794 -1.1353, 6.2657 0.8597 -1.1353, 6.2657 0.8164 -1.1353, 6.1358 0.8164 -1.1353, 6.2657 0.8597 -0.655, 6.2461 0.8794 -0.655, 5.9587 0.8794 -0.655, 5.939 0.8597 -0.655, 6.3524 0.8794 -0.655, 6.3327 0.8597 -0.655, 6.3327 0.2101 -0.655, 6.2657 0.2101 -0.655, 6.2657 0.2101 -0.8085, 6.1358 0.2101 -0.8085, 6.2657 0.4739 -0.8597, 6.1358 0.4739 -0.8597, 6.1358 -1.0891 -1.1353, 6.1358 -0.7387 -1.0487, 6.1358 -0.1009 -1.0487, 6.1358 -0.0616 -1.0329, 6.1358 0.1983 -1.0329, 6.1358 0.4345 -1.0093, 6.1358 0.2101 -0.655, 6.1358 0.6038 -0.8597, 6.1358 0.6038 -1.0093, 6.0728 0.6817 -0.655, 6.1319 0.6817 -0.655, 6.1319 0.7343 -0.655, 6.0728 0.7343 -0.655, 6.0689 0.2101 -0.655, 6.0689 -0.7387 -1.0487, 6.0689 -1.0891 -1.1353, 6.0689 -0.1009 -1.0487, 6.0689 0.2101 -0.8085, 6.0689 0.4739 -0.8597, 6.0689 0.6038 -0.8597, 6.0689 0.6038 -1.0093, 6.0689 -0.0616 -1.0329, 6.0689 0.1983 -1.0329, 6.0689 0.4345 -1.0093, 5.939 0.2101 -0.8085, 5.939 0.4739 -0.8597, 5.939 -0.7387 -1.0487, 5.939 -1.0891 -1.1353, 6.1319 0.6968 -1.1353, 6.1319 0.5926 -1.1353, 6.0728 0.6968 -1.1353, 6.0728 0.5926 -1.1353, 6.2657 -0.7387 -1.0487, 6.2657 -1.0891 -1.1353, 5.939 -0.1009 -1.0487, 5.939 -0.0616 -1.0329, 5.939 0.1983 -1.0329, 5.939 0.4345 -1.0093, 5.939 0.2101 -0.655, 5.939 0.6038 -0.8597, 5.939 0.6038 -1.0093, 6.2657 0.6038 -0.8597, 6.2657 0.6038 -1.0093, 6.2657 -0.1009 -1.0487, 6.2657 -0.0616 -1.0329, 6.2657 0.1983 -1.0329, 6.2657 0.4345 -1.0093, 6.3327 0.8164 -1.1353, 6.3327 -1.0891 -1.1353, 5.872 0.8164 -1.1353, 5.872 -1.0891 -1.1353, 5.872 0.2101 -0.655, 5.872 0.8597 -0.655, 5.8524 0.8794 -0.655, 5.8524 0.8794 -0.655
            ]
        }
        coordIndex [
            0,1,2,-1,3,4,2,-1,2,4,5,-1,2,5,0,-1,6,5,7,-1,7,5,4,-1,8,9,10,-1,10,9,11,-1,12,13,9,-1,9,13,14,-1,9,14,11,-1,11,14,15,-1,16,13,17,-1,17,13,12,-1,18,3,19,-1,19,3,2,-1,17,20,21,-1,22,23,21,-1,21,23,16,-1,21,16,17,-1,24,25,26,-1,26,25,27,-1,28,29,30,-1,10,11,15,-1,30,31,32,-1,28,30,15,-1,15,30,32,-1,15,32,33,-1,25,34,27,-1,27,34,10,-1,27,10,35,-1,35,10,15,-1,35,15,36,-1,36,15,33,-1,37,38,34,-1,34,38,10,-1,7,8,6,-1,6,8,10,-1,38,39,10,-1,10,39,40,-1,10,40,6,-1,6,40,37,-1,6,37,41,-1,41,37,34,-1,42,43,44,-1,44,43,0,-1,41,45,6,-1,6,45,46,-1,6,46,47,-1,47,48,6,-1,6,48,0,-1,6,0,5,-1,49,44,50,-1,50,44,0,-1,50,0,51,-1,51,0,48,-1,45,52,46,-1,46,52,53,-1,42,54,43,-1,43,54,55,-1,56,57,15,-1,56,15,58,-1,58,15,0,-1,58,0,59,-1,59,0,43,-1,59,43,57,-1,57,43,28,-1,57,28,15,-1,60,29,61,-1,61,29,28,-1,55,54,62,-1,19,2,1,-1,62,63,64,-1,55,62,1,-1,1,62,64,-1,1,64,65,-1,52,66,53,-1,53,66,19,-1,53,19,67,-1,67,19,1,-1,67,1,68,-1,68,1,65,-1,23,24,16,-1,16,24,26,-1,16,26,69,-1,69,70,16,-1,16,70,14,-1,16,14,13,-1,60,61,71,-1,71,61,14,-1,72,71,73,-1,73,71,14,-1,73,14,74,-1,74,14,70,-1,75,14,76,-1,76,14,61,-1,77,78,1,-1,1,78,55,-1,66,79,19,-1,19,79,80,-1,19,80,18,-1,18,80,81,-1,
        ]
    }
}
Shape{
    appearance Appearance {
        material  Material 	{
            diffuseColor 1.0 1.0 0.5019607843137255
            specularColor 0.5019607843137255 0.5019607843137255 0.25098039215686274
            ambientIntensity 0.2
            transparency 0
            shininess 0.5
        }
    }
    geometry IndexedFaceSet {
        ccw TRUE
        solid FALSE
        coord DEF co Coordinate {
            point [
                5.7264 1.0172 -0.9857, 5.6909 1.0172 -0.9857, 5.7264 1.0172 -0.8439, 5.6909 1.0172 -0.8439, 5.6825 1.0087 -0.9943, 5.6791 1.0054 -0.9991, 5.6791 1.0054 -0.8439, 5.6847 1.0109 -0.992, 5.6791 0.8252 -1.1765, 5.7382 0.8252 -1.1765, 5.6791 0.8312 -1.1643, 5.7382 0.8312 -1.1643, 5.6791 0.834 -1.151, 5.7382 0.834 -1.151, 5.6791 0.8332 -1.1375, 5.7382 0.8332 -1.1375, 5.6791 0.8291 -1.1246, 5.7382 0.8291 -1.1246, 5.6791 0.8218 -1.1131, 5.7382 0.8218 -1.1131, 5.6791 0.8119 -1.1039, 5.7382 0.8119 -1.1039, 5.6791 0.8 -1.0975, 5.7382 0.8 -1.0975, 5.6791 0.7868 -1.0943, 5.7382 0.7868 -1.0943, 5.6791 0.7732 -1.0945, 5.7382 0.7732 -1.0945, 5.6791 0.7602 -1.0982, 5.7382 0.7602 -1.0982, 5.6791 0.7485 -1.105, 5.7382 0.7485 -1.105, 5.6791 0.7389 -1.1146, 5.7382 0.7389 -1.1146, 5.7382 0.7389 -1.1146
            ]
        }
        coordIndex [
            0,1,2,-1,2,1,3,-1,4,5,6,-1,3,1,6,-1,6,1,7,-1,6,7,4,-1,8,9,10,-1,10,9,11,-1,10,11,12,-1,12,11,13,-1,12,13,14,-1,14,13,15,-1,14,15,16,-1,16,15,17,-1,16,17,18,-1,18,17,19,-1,18,19,20,-1,20,19,21,-1,20,21,22,-1,22,21,23,-1,22,23,24,-1,24,23,25,-1,24,25,26,-1,26,25,27,-1,26,27,28,-1,28,27,29,-1,28,29,30,-1,30,29,31,-1,30,31,32,-1,32,31,33,-1,
        ]
    }
}
Shape{
    appearance Appearance {
        material  Material 	{
            diffuseColor 1.0 1.0 1.0
            specularColor 0.5019607843137255 0.5019607843137255 0.5019607843137255
            ambientIntensity 0.2
            transparency 0
            shininess 0.5
        }
    }
    geometry IndexedFaceSet {
        ccw TRUE
        solid FALSE
        coord DEF co Coordinate {
            point [
                5.7382 0.5835 -1.1346, 5.7382 0.1131 -1.0613, 5.6791 0.5835 -1.1346, 5.6791 0.1131 -1.0613, 5.6791 0.1023 -1.0606, 5.7382 0.1023 -1.0606, 5.6791 -0.0163 -1.064, 5.7382 -0.0163 -1.064, 5.7382 0.0547 -0.9964, 5.6791 0.0547 -0.9964, 5.7382 0.0647 -0.9889, 5.6791 0.0647 -0.9889, 5.7382 0.0762 -0.9839, 5.6791 0.0762 -0.9839, 5.7382 0.0886 -0.9818, 5.6791 0.0886 -0.9818, 5.7382 0.1011 -0.9826, 5.6791 0.1011 -0.9826, 5.7382 0.1131 -0.9863, 5.6791 0.1131 -0.9863, 5.7382 0.1486 -1.0023, 5.6791 0.1486 -1.0023, 5.6791 0.1589 -1.0058, 5.7382 0.1589 -1.0058, 5.6791 0.1697 -1.0073, 5.7382 0.1697 -1.0073, 5.7382 0.571 -1.0279, 5.6791 0.571 -1.0279, 5.6791 0.5846 -1.027, 5.7382 0.5846 -1.027, 5.6791 0.5977 -1.023, 5.7382 0.5977 -1.023, 5.6791 0.6095 -1.0162, 5.7382 0.6095 -1.0162, 5.6791 0.6194 -1.0068, 5.7382 0.6194 -1.0068, 5.6791 0.6268 -0.9953, 5.7382 0.6268 -0.9953, 5.6791 0.6315 -0.9825, 5.7382 0.6315 -0.9825, 5.6791 0.6331 -0.9689, 5.7382 0.6331 -0.9689, 5.7382 0.6331 -0.8638, 5.6791 0.6331 -0.8638, 5.6791 0.6311 -0.8487, 5.7382 0.6311 -0.8487, 5.6791 0.6254 -0.8346, 5.7382 0.6254 -0.8346, 5.6791 0.6162 -0.8225, 5.7382 0.6162 -0.8225, 5.6791 0.6043 -0.8131, 5.7382 0.6043 -0.8131, 5.6791 0.5903 -0.807, 5.7382 0.5903 -0.807, 5.6791 0.5753 -0.8047, 5.7382 0.5753 -0.8047, 5.7382 0.5753 -0.8047
            ]
        }
        coordIndex [
            0,1,2,-1,2,1,3,-1,3,1,4,-1,4,1,5,-1,6,4,7,-1,7,4,5,-1,8,9,7,-1,7,9,6,-1,9,8,10,-1,9,10,11,-1,11,10,12,-1,11,12,13,-1,13,12,14,-1,13,14,15,-1,15,14,16,-1,15,16,17,-1,17,16,18,-1,17,18,19,-1,18,20,19,-1,19,20,21,-1,21,20,22,-1,22,20,23,-1,22,23,24,-1,24,23,25,-1,25,26,24,-1,24,26,27,-1,27,26,28,-1,28,26,29,-1,28,29,30,-1,30,29,31,-1,30,31,32,-1,32,31,33,-1,32,33,34,-1,34,33,35,-1,34,35,36,-1,36,35,37,-1,36,37,38,-1,38,37,39,-1,38,39,40,-1,40,39,41,-1,42,43,41,-1,41,43,40,-1,43,42,44,-1,44,42,45,-1,44,45,46,-1,46,45,47,-1,46,47,48,-1,48,47,49,-1,48,49,50,-1,50,49,51,-1,50,51,52,-1,52,51,53,-1,52,53,54,-1,54,53,55,-1,
        ]
    }
}
Shape{
    appearance Appearance {
        material  Material 	{
            diffuseColor 1.0 1.0 0.5019607843137255
            specularColor 0.5019607843137255 0.5019607843137255 0.25098039215686274
            ambientIntensity 0.2
            transparency 0
            shininess 0.5
        }
    }
    geometry IndexedFaceSet {
        ccw TRUE
        solid FALSE
        coord DEF co Coordinate {
            point [
                5.7382 0.5753 -0.8047, 5.7382 0.2216 -0.7969, 5.6791 0.5753 -0.8047, 5.6791 0.2216 -0.7969, 5.6791 0.2066 -0.7985, 5.7382 0.2066 -0.7985, 5.6791 0.1652 -0.8083, 5.7382 0.1652 -0.8083, 5.7382 0.1527 -0.8098, 5.6791 0.1527 -0.8098, 5.7382 0.1401 -0.8082, 5.6791 0.1401 -0.8082, 5.7382 0.1283 -0.8037, 5.6791 0.1283 -0.8037, 5.7382 0.1178 -0.7965, 5.6791 0.1178 -0.7965, 5.7382 0.1094 -0.7871, 5.6791 0.1094 -0.7871, 5.7382 0.1034 -0.7759, 5.6791 0.1034 -0.7759, 5.7382 -0.0455 -0.7824, 5.6791 -0.0455 -0.7824, 5.7382 -0.0377 -0.7645, 5.6791 -0.0377 -0.7645, 5.7382 -0.0258 -0.7491, 5.6791 -0.0258 -0.7491, 5.7382 -0.0104 -0.737, 5.6791 -0.0104 -0.737, 5.7382 0.0074 -0.7292, 5.6791 0.0074 -0.7292, 5.7382 0.0267 -0.7259, 5.6791 0.0267 -0.7259, 5.7382 0.0461 -0.7275, 5.6791 0.0461 -0.7275, 5.7382 0.0646 -0.7338, 5.6791 0.0646 -0.7338, 5.7382 0.0809 -0.7444, 5.6791 0.0809 -0.7444, 5.7382 0.0941 -0.7588, 5.6791 0.0941 -0.7588, 5.7382 -0.051 -0.795, 5.6791 -0.051 -0.795, 5.7382 -0.0596 -0.8057, 5.6791 -0.0596 -0.8057, 5.7382 -0.0707 -0.8139, 5.6791 -0.0707 -0.8139, 5.7382 -0.0835 -0.8189, 5.6791 -0.0835 -0.8189, 5.7382 -0.0972 -0.8205, 5.6791 -0.0972 -0.8205, 5.7382 -0.1108 -0.8186, 5.6791 -0.1108 -0.8186, 5.7382 -0.1234 -0.8132, 5.6791 -0.1234 -0.8132, 5.7382 -0.1343 -0.8047, 5.6791 -0.1343 -0.8047, 5.7382 -0.1426 -0.7938, 5.6791 -0.1426 -0.7938, 5.7382 -0.1478 -0.781, 5.6791 -0.1478 -0.781, 5.7382 -0.1496 -0.7674, 5.6791 -0.1496 -0.7674, 5.7382 -0.1496 -0.7376, 5.6791 -0.1496 -0.7376, 5.7382 -0.1483 -0.7251, 5.6791 -0.1483 -0.7251, 5.7382 -0.1443 -0.7131, 5.6791 -0.1443 -0.7131, 5.7382 -0.1378 -0.7022, 5.6791 -0.1378 -0.7022, 5.6791 -0.126 -0.6865, 5.7382 -0.126 -0.6865, 5.7382 -0.1166 -0.6766, 5.6791 -0.1166 -0.6766, 5.7382 -0.1052 -0.6691, 5.6791 -0.1052 -0.6691, 5.7382 -0.0923 -0.6644, 5.6791 -0.0923 -0.6644, 5.7382 -0.0788 -0.6628, 5.6791 -0.0788 -0.6628, 5.6791 0.6448 -0.6628, 5.7382 0.6448 -0.6628, 5.7382 0.6448 -0.6628
            ]
        }
        coordIndex [
            0,1,2,-1,2,1,3,-1,3,1,4,-1,4,1,5,-1,6,4,7,-1,7,4,5,-1,6,7,8,-1,6,8,9,-1,9,8,10,-1,9,10,11,-1,11,10,12,-1,11,12,13,-1,13,12,14,-1,13,14,15,-1,15,14,16,-1,15,16,17,-1,17,16,18,-1,17,18,19,-1,20,21,22,-1,22,21,23,-1,22,23,24,-1,24,23,25,-1,24,25,26,-1,26,25,27,-1,26,27,28,-1,28,27,29,-1,28,29,30,-1,30,29,31,-1,30,31,32,-1,32,31,33,-1,32,33,34,-1,34,33,35,-1,34,35,36,-1,36,35,37,-1,36,37,38,-1,38,37,39,-1,38,39,18,-1,18,39,19,-1,21,20,40,-1,21,40,41,-1,41,40,42,-1,41,42,43,-1,43,42,44,-1,43,44,45,-1,45,44,46,-1,45,46,47,-1,47,46,48,-1,47,48,49,-1,49,48,50,-1,49,50,51,-1,51,50,52,-1,51,52,53,-1,53,52,54,-1,53,54,55,-1,55,54,56,-1,55,56,57,-1,57,56,58,-1,57,58,59,-1,59,58,60,-1,59,60,61,-1,60,62,61,-1,61,62,63,-1,63,62,64,-1,63,64,65,-1,65,64,66,-1,65,66,67,-1,67,66,68,-1,67,68,69,-1,70,69,71,-1,71,69,68,-1,70,71,72,-1,70,72,73,-1,73,72,74,-1,73,74,75,-1,75,74,76,-1,75,76,77,-1,77,76,78,-1,77,78,79,-1,80,79,81,-1,81,79,78,-1,
        ]
    }
}
Shape{
    appearance Appearance {
        material  Material 	{
            diffuseColor 1.0 1.0 1.0
            specularColor 0.5019607843137255 0.5019607843137255 0.5019607843137255
            ambientIntensity 0.2
            transparency 0
            shininess 0.5
        }
    }
    geometry IndexedFaceSet {
        ccw TRUE
        solid FALSE
        coord DEF co Coordinate {
            point [
                5.6791 0.6448 -0.6628, 5.7382 0.6448 -0.6628, 5.6791 0.6583 -0.6611, 5.7382 0.6583 -0.6611, 5.6791 0.7357 -0.6858, 5.7382 0.7357 -0.6858, 5.6791 0.7428 -0.697, 5.7382 0.7428 -0.697, 5.6791 0.7525 -0.706, 5.7382 0.7525 -0.706, 5.6791 0.7642 -0.7123, 5.7382 0.7642 -0.7123, 5.6791 0.777 -0.7156, 5.7382 0.777 -0.7156, 5.6791 0.7903 -0.7156, 5.7382 0.7903 -0.7156, 5.6791 0.8031 -0.7123, 5.7382 0.8031 -0.7123, 5.6791 0.8148 -0.7059, 5.7382 0.8148 -0.7059, 5.6791 0.8244 -0.6968, 5.7382 0.8244 -0.6968, 5.6791 0.8316 -0.6856, 5.7382 0.8316 -0.6856, 5.7382 0.8796 -0.6553, 5.6791 0.8796 -0.6553, 5.6791 0.8677 -0.6566, 5.7382 0.8677 -0.6566, 5.6791 0.8564 -0.6606, 5.7382 0.8564 -0.6606, 5.6791 0.8463 -0.667, 5.7382 0.8463 -0.667, 5.6791 0.8379 -0.6755, 5.7382 0.8379 -0.6755, 5.7382 0.8379 -0.6755
            ]
        }
        coordIndex [
            0,1,2,-1,2,1,3,-1,4,5,6,-1,6,5,7,-1,6,7,8,-1,8,7,9,-1,8,9,10,-1,10,9,11,-1,10,11,12,-1,12,11,13,-1,12,13,14,-1,14,13,15,-1,14,15,16,-1,16,15,17,-1,16,17,18,-1,18,17,19,-1,18,19,20,-1,20,19,21,-1,20,21,22,-1,22,21,23,-1,24,25,26,-1,24,26,27,-1,27,26,28,-1,27,28,29,-1,29,28,30,-1,29,30,31,-1,31,30,32,-1,31,32,33,-1,33,32,22,-1,33,22,23,-1,
        ]
    }
}
Shape{
    appearance Appearance {
        material  Material 	{
            diffuseColor 1.0 1.0 0.5019607843137255
            specularColor 0.5019607843137255 0.5019607843137255 0.25098039215686274
            ambientIntensity 0.2
            transparency 0
            shininess 0.5
        }
    }
    geometry IndexedFaceSet {
        ccw TRUE
        solid FALSE
        coord DEF co Coordinate {
            point [
                5.6791 0.9069 -0.6553, 5.6791 0.8796 -0.6553, 5.7382 0.9069 -0.6553, 5.7382 0.8796 -0.6553, 5.7382 0.9069 -0.7849, 5.6791 0.9069 -0.7849, 5.6791 0.9089 -0.8002, 5.7382 0.9089 -0.8002, 5.6791 0.9148 -0.8144, 5.7382 0.9148 -0.8144, 5.6791 0.9242 -0.8266, 5.7382 0.9242 -0.8266, 5.6791 0.9365 -0.836, 5.7382 0.9365 -0.836, 5.6791 0.9507 -0.8419, 5.7382 0.9507 -0.8419, 5.6791 0.966 -0.8439, 5.7382 0.966 -0.8439, 5.7382 1.0054 -0.8439, 5.7264 1.0172 -0.8439, 5.6909 1.0172 -0.8439, 5.6791 1.0054 -0.8439, 5.7382 1.0054 -0.9991, 5.733 1.0106 -0.9921, 5.7328 1.0108 -0.9919, 5.7264 1.0172 -0.9857, 5.733 1.0106 -0.9921, 5.7382 1.0034 -1.0026, 5.6825 1.0087 -0.9943, 5.6847 1.0109 -0.992, 5.6909 1.0172 -0.9857, 5.7382 1.0092 -1.0603, 5.6791 1.0092 -1.0603, 5.7382 1.0042 -1.0529, 5.6791 1.0042 -1.0529, 5.7382 0.9993 -1.0408, 5.6791 0.9993 -1.0408, 5.7382 0.9975 -1.0279, 5.6791 0.9975 -1.0279, 5.7382 0.9989 -1.0149, 5.6791 0.9989 -1.0149, 5.6791 1.0034 -1.0026, 5.6791 1.0054 -0.9991, 5.6791 1.0231 -1.078, 5.7382 1.0231 -1.078, 5.6791 1.0319 -1.0872, 5.7382 1.0319 -1.0872, 5.6791 1.0425 -1.0941, 5.7382 1.0425 -1.0941, 5.6791 1.0544 -1.0984, 5.7382 1.0544 -1.0984, 5.6791 1.067 -1.0998, 5.7382 1.067 -1.0998, 5.6791 1.1018 -1.0998, 5.7382 1.1018 -1.0998, 5.7382 1.155 -1.153, 5.6791 1.155 -1.153, 5.6791 1.1532 -1.1392, 5.7382 1.1532 -1.1392, 5.6791 1.1478 -1.1264, 5.7382 1.1478 -1.1264, 5.6791 1.1394 -1.1154, 5.7382 1.1394 -1.1154, 5.6791 1.1284 -1.107, 5.7382 1.1284 -1.107, 5.6791 1.1156 -1.1017, 5.7382 1.1156 -1.1017, 5.7382 1.155 -1.2337, 5.6791 1.155 -1.2337, 5.6791 0.8164 -1.2337, 5.7382 0.8164 -1.2337, 5.7382 0.8164 -1.2337
            ]
        }
        coordIndex [
            0,1,2,-1,2,1,3,-1,4,5,2,-1,2,5,0,-1,5,4,6,-1,6,4,7,-1,6,7,8,-1,8,7,9,-1,8,9,10,-1,10,9,11,-1,10,11,12,-1,12,11,13,-1,12,13,14,-1,14,13,15,-1,14,15,16,-1,16,15,17,-1,16,17,18,-1,18,19,16,-1,16,19,20,-1,16,20,21,-1,18,22,23,-1,18,23,19,-1,19,23,24,-1,19,24,25,-1,26,22,27,-1,24,26,28,-1,28,29,24,-1,24,29,30,-1,24,30,25,-1,31,32,33,-1,33,32,34,-1,33,34,35,-1,35,34,36,-1,35,36,37,-1,37,36,38,-1,37,38,39,-1,39,38,40,-1,39,40,27,-1,27,40,41,-1,27,41,26,-1,26,41,42,-1,26,42,28,-1,43,32,44,-1,44,32,31,-1,43,44,45,-1,45,44,46,-1,45,46,47,-1,47,46,48,-1,47,48,49,-1,49,48,50,-1,49,50,51,-1,51,50,52,-1,53,51,54,-1,54,51,52,-1,55,56,57,-1,55,57,58,-1,58,57,59,-1,58,59,60,-1,60,59,61,-1,60,61,62,-1,62,61,63,-1,62,63,64,-1,64,63,65,-1,64,65,66,-1,66,65,53,-1,66,53,54,-1,67,68,55,-1,55,68,56,-1,68,67,69,-1,69,67,70,-1,
        ]
    }
}
Shape{
    appearance Appearance {
        material  Material 	{
            diffuseColor 1.0 1.0 1.0
            specularColor 0.5019607843137255 0.5019607843137255 0.5019607843137255
            ambientIntensity 0.2
            transparency 0
            shininess 0.5
        }
    }
    geometry IndexedFaceSet {
        ccw TRUE
        solid FALSE
        coord DEF co Coordinate {
            point [
                5.6791 0.5835 -1.1346, 5.6791 0.5926 -1.1353, 5.7382 0.5835 -1.1346, 5.7382 0.5926 -1.1353, 5.7382 0.6968 -1.1353, 5.6791 0.6968 -1.1353, 5.6791 0.7088 -1.1339, 5.7382 0.7088 -1.1339, 5.6791 0.7202 -1.1298, 5.7382 0.7202 -1.1298, 5.6791 0.7304 -1.1233, 5.7382 0.7304 -1.1233, 5.6791 0.7389 -1.1146, 5.7382 0.7389 -1.1146, 5.872 0.4739 -0.8597, 5.7421 0.4739 -0.8597, 5.872 0.6038 -0.8597, 5.7421 0.6038 -0.8597, 5.872 0.6038 -1.0093, 5.7421 0.6038 -1.0093, 5.872 0.4345 -1.0093, 5.7421 0.4345 -1.0093, 5.872 0.1983 -1.0329, 5.7421 0.1983 -1.0329, 5.872 -0.0616 -1.0329, 5.7421 -0.0616 -1.0329, 5.872 -0.1009 -1.0487, 5.7421 -0.1009 -1.0487, 5.872 -0.7387 -1.0487, 5.7421 -0.7387 -1.0487, 5.6791 0.7343 -0.655, 5.7382 0.7343 -0.655, 5.6791 0.7323 -0.6626, 5.7382 0.7323 -0.6626, 5.6791 0.7318 -0.6705, 5.7382 0.7318 -0.6705, 5.6791 0.733 -0.6784, 5.7382 0.733 -0.6784, 5.6791 0.7357 -0.6858, 5.7382 0.7357 -0.6858, 5.7382 0.6583 -0.6611, 5.7382 0.6817 -0.655, 5.6791 0.6583 -0.6611, 5.6791 0.6817 -0.655, 5.6752 0.4739 -0.8597, 5.5453 0.4739 -0.8597, 5.6752 0.6038 -0.8597, 5.5453 0.6038 -0.8597, 5.6752 0.6038 -1.0093, 5.5453 0.6038 -1.0093, 5.6752 0.4345 -1.0093, 5.5453 0.4345 -1.0093, 5.6752 0.1983 -1.0329, 5.5453 0.1983 -1.0329, 5.6752 -0.0616 -1.0329, 5.5453 -0.0616 -1.0329, 5.6752 -0.1009 -1.0487, 5.5453 -0.1009 -1.0487, 5.6752 -0.7387 -1.0487, 5.5453 -0.7387 -1.0487, 5.5453 -0.7387 -1.0487
            ]
        }
        coordIndex [
            0,1,2,-1,2,1,3,-1,4,5,6,-1,4,6,7,-1,7,6,8,-1,7,8,9,-1,9,8,10,-1,9,10,11,-1,11,10,12,-1,11,12,13,-1,14,15,16,-1,16,15,17,-1,16,17,18,-1,18,17,19,-1,18,19,20,-1,20,19,21,-1,20,21,22,-1,22,21,23,-1,22,23,24,-1,24,23,25,-1,24,25,26,-1,26,25,27,-1,26,27,28,-1,28,27,29,-1,30,31,32,-1,32,31,33,-1,32,33,34,-1,34,33,35,-1,34,35,36,-1,36,35,37,-1,36,37,38,-1,38,37,39,-1,40,41,42,-1,42,41,43,-1,44,45,46,-1,46,45,47,-1,46,47,48,-1,48,47,49,-1,48,49,50,-1,50,49,51,-1,50,51,52,-1,52,51,53,-1,52,53,54,-1,54,53,55,-1,54,55,56,-1,56,55,57,-1,56,57,58,-1,58,57,59,-1,
        ]
    }
}
Shape{
    appearance Appearance {
        material  Material 	{
            diffuseColor 1.0 1.0 0.5019607843137255
            specularColor 0.5019607843137255 0.5019607843137255 0.25098039215686274
            ambientIntensity 0.2
            transparency 0
            shininess 0.5
        }
    }
    geometry IndexedFaceSet {
        ccw TRUE
        solid FALSE
        coord DEF co Coordinate {
            point [
                5.7382 0.8164 -1.2337, 5.7382 0.8164 -1.214, 5.6791 0.8164 -1.2337, 5.6791 0.8164 -1.214, 5.6791 0.8218 -1.1131, 5.6791 0.8119 -1.1039, 5.6791 0.9507 -0.8419, 5.6791 0.5846 -1.027, 5.6791 0.5977 -1.023, 5.6791 0.5926 -1.1353, 5.6791 0.9365 -0.836, 5.6791 0.9242 -0.8266, 5.6791 0.7602 -1.0982, 5.6791 0.7485 -1.105, 5.6791 0.7389 -1.1146, 5.6791 0.5903 -0.807, 5.6791 0.6448 -0.6628, 5.6791 0.6043 -0.8131, 5.6791 0.6583 -0.6611, 5.6791 0.6817 -0.655, 5.6791 0.0941 -0.7588, 5.6791 0.0809 -0.7444, 5.6791 0.6095 -1.0162, 5.6791 0.6194 -1.0068, 5.6791 0.6268 -0.9953, 5.6791 0.9148 -0.8144, 5.6791 0.8 -1.0975, 5.6791 0.7868 -1.0943, 5.6791 0.7732 -1.0945, 5.6791 0.7304 -1.1233, 5.6791 0.7202 -1.1298, 5.6791 0.834 -1.151, 5.6791 0.8332 -1.1375, 5.6791 0.8291 -1.1246, 5.6791 1.0319 -1.0872, 5.6791 1.0425 -1.0941, 5.6791 1.0544 -1.0984, 5.6791 1.155 -1.2337, 5.6791 1.067 -1.0998, 5.6791 1.155 -1.153, 5.6791 0.7088 -1.1339, 5.6791 0.6968 -1.1353, 5.6791 0.8312 -1.1643, 5.6791 0.8252 -1.1765, 5.6791 0.9993 -1.0408, 5.6791 1.0042 -1.0529, 5.6791 0.8564 -0.6606, 5.6791 0.8677 -0.6566, 5.6791 0.8796 -0.6553, 5.6791 0.5753 -0.8047, 5.6791 0.2216 -0.7969, 5.6791 0.2066 -0.7985, 5.6791 0.1034 -0.7759, 5.6791 0.1652 -0.8083, 5.6791 0.1094 -0.7871, 5.6791 0.1178 -0.7965, 5.6791 0.0267 -0.7259, 5.6791 -0.0788 -0.6628, 5.6791 0.0461 -0.7275, 5.6791 0.0646 -0.7338, 5.6791 0.0074 -0.7292, 5.6791 -0.0104 -0.737, 5.6791 -0.0923 -0.6644, 5.6791 -0.0258 -0.7491, 5.6791 1.0054 -0.8439, 5.6791 1.0054 -0.9991, 5.6791 0.966 -0.8439, 5.6791 1.0034 -1.0026, 5.6791 0.9989 -1.0149, 5.6791 0.9975 -1.0279, 5.6791 0.7357 -0.6858, 5.6791 0.6162 -0.8225, 5.6791 0.7428 -0.697, 5.6791 0.6254 -0.8346, 5.6791 0.7525 -0.706, 5.6791 0.7642 -0.7123, 5.6791 -0.1378 -0.7022, 5.6791 -0.126 -0.6865, 5.6791 -0.0377 -0.7645, 5.6791 -0.1166 -0.6766, 5.6791 -0.1052 -0.6691, 5.6791 -0.0455 -0.7824, 5.6791 -0.1483 -0.7251, 5.6791 -0.1443 -0.7131, 5.6791 0.571 -1.0279, 5.6791 0.5835 -1.1346, 5.6791 0.1697 -1.0073, 5.6791 0.1131 -1.0613, 5.6791 0.1589 -1.0058, 5.6791 1.0092 -1.0603, 5.6791 1.0231 -1.078, 5.6791 1.1394 -1.1154, 5.6791 1.1478 -1.1264, 5.6791 1.1532 -1.1392, 5.6791 0.777 -0.7156, 5.6791 0.7903 -0.7156, 5.6791 0.8031 -0.7123, 5.6791 0.8463 -0.667, 5.6791 0.7343 -0.655, 5.6791 0.7323 -0.6626, 5.6791 0.7318 -0.6705, 5.6791 0.733 -0.6784, 5.6791 -0.1343 -0.8047, 5.6791 -0.1426 -0.7938, 5.6791 -0.0707 -0.8139, 5.6791 0.1023 -1.0606, 5.6791 0.1131 -0.9863, 5.6791 0.1486 -1.0023, 5.6791 0.8164 -1.2059, 5.6791 0.8204 -1.1856, 5.6791 0.8174 -1.1955, 5.6791 0.6315 -0.9825, 5.6791 0.6331 -0.9689, 5.6791 0.9089 -0.8002, 5.6791 0.6331 -0.8638, 5.6791 0.9069 -0.7849, 5.6791 0.6311 -0.8487, 5.6791 0.9069 -0.6553, 5.6791 0.8148 -0.7059, 5.6791 0.8244 -0.6968, 5.6791 0.8316 -0.6856, 5.6791 0.8379 -0.6755, 5.6791 0.1527 -0.8098, 5.6791 0.1401 -0.8082, 5.6791 0.1283 -0.8037, 5.6791 -0.051 -0.795, 5.6791 -0.1496 -0.7674, 5.6791 -0.1496 -0.7376, 5.6791 -0.0835 -0.8189, 5.6791 -0.0972 -0.8205, 5.6791 -0.1108 -0.8186, 5.6791 -0.0596 -0.8057, 5.6791 -0.1478 -0.781, 5.6791 -0.0163 -1.064, 5.6791 0.0547 -0.9964, 5.6791 0.0647 -0.9889, 5.6791 0.0762 -0.9839, 5.6791 1.1018 -1.0998, 5.6791 1.1156 -1.1017, 5.6791 1.1284 -1.107, 5.6791 0.0886 -0.9818, 5.6791 0.1011 -0.9826, 5.6791 -0.1234 -0.8132, 5.7382 0.8252 -1.1765, 5.7382 0.8204 -1.1856, 5.7382 0.8174 -1.1955, 5.7382 0.8164 -1.2059, 5.7382 0.7323 -0.6626, 5.7382 0.7343 -0.655, 5.7382 0.6817 -0.655, 5.7382 0.9993 -1.0408, 5.7382 0.9975 -1.0279, 5.7382 0.7202 -1.1298, 5.7382 0.7304 -1.1233, 5.7382 0.7389 -1.1146, 5.7382 0.9507 -0.8419, 5.7382 0.8119 -1.1039, 5.7382 0.8 -1.0975, 5.7382 0.9365 -0.836, 5.7382 0.7868 -1.0943, 5.7382 1.0544 -1.0984, 5.7382 1.067 -1.0998, 5.7382 1.155 -1.2337, 5.7382 1.155 -1.153, 5.7382 0.8218 -1.1131, 5.7382 0.8291 -1.1246, 5.7382 0.8332 -1.1375, 5.7382 0.7088 -1.1339, 5.7382 0.7732 -1.0945, 5.7382 0.9242 -0.8266, 5.7382 0.7602 -1.0982, 5.7382 0.9148 -0.8144, 5.7382 0.6315 -0.9825, 5.7382 0.6268 -0.9953, 5.7382 0.5926 -1.1353, 5.7382 0.6194 -1.0068, 5.7382 0.6095 -1.0162, 5.7382 0.7318 -0.6705, 5.7382 1.0034 -1.0026, 5.7382 1.0054 -0.9991, 5.7382 1.0054 -0.8439, 5.7382 0.834 -1.151, 5.7382 0.8312 -1.1643, 5.7382 0.7485 -1.105, 5.7382 0.6968 -1.1353, 5.7382 0.0547 -0.9964, 5.7382 -0.0163 -1.064, 5.7382 0.1023 -1.0606, 5.7382 0.0809 -0.7444, 5.7382 0.0941 -0.7588, 5.7382 0.6448 -0.6628, 5.7382 0.2216 -0.7969, 5.7382 0.8244 -0.6968, 5.7382 0.9069 -0.6553, 5.7382 0.8316 -0.6856, 5.7382 0.8796 -0.6553, 5.7382 1.0425 -1.0941, 5.7382 1.0319 -1.0872, 5.7382 1.0231 -1.078, 5.7382 0.9989 -1.0149, 5.7382 0.966 -0.8439, 5.7382 0.5977 -1.023, 5.7382 0.5846 -1.027, 5.7382 0.5835 -1.1346, 5.7382 0.571 -1.0279, 5.7382 0.1131 -1.0613, 5.7382 0.1697 -1.0073, 5.7382 0.1589 -1.0058, 5.7382 -0.0923 -0.6644, 5.7382 -0.0258 -0.7491, 5.7382 -0.0788 -0.6628, 5.7382 -0.0104 -0.737, 5.7382 0.0074 -0.7292, 5.7382 0.777 -0.7156, 5.7382 0.7642 -0.7123, 5.7382 0.6254 -0.8346, 5.7382 0.7525 -0.706, 5.7382 0.6162 -0.8225, 5.7382 0.7428 -0.697, 5.7382 0.6043 -0.8131, 5.7382 0.7357 -0.6858, 5.7382 0.733 -0.6784, 5.7382 1.0092 -1.0603, 5.7382 1.0042 -1.0529, 5.7382 -0.1052 -0.6691, 5.7382 -0.1166 -0.6766, 5.7382 -0.0377 -0.7645, 5.7382 -0.126 -0.6865, 5.7382 -0.1378 -0.7022, 5.7382 0.0267 -0.7259, 5.7382 0.0461 -0.7275, 5.7382 0.0646 -0.7338, 5.7382 0.2066 -0.7985, 5.7382 0.1034 -0.7759, 5.7382 0.1652 -0.8083, 5.7382 0.1094 -0.7871, 5.7382 0.1178 -0.7965, 5.7382 0.5753 -0.8047, 5.7382 0.5903 -0.807, 5.7382 0.6583 -0.6611, 5.7382 0.8677 -0.6566, 5.7382 0.8564 -0.6606, 5.7382 0.8148 -0.7059, 5.7382 0.8031 -0.7123, 5.7382 0.7903 -0.7156, 5.7382 1.1532 -1.1392, 5.7382 1.1478 -1.1264, 5.7382 1.1394 -1.1154, 5.7382 0.0886 -0.9818, 5.7382 0.0762 -0.9839, 5.7382 0.0647 -0.9889, 5.7382 0.8463 -0.667, 5.7382 0.8379 -0.6755, 5.7382 0.9069 -0.7849, 5.7382 0.6311 -0.8487, 5.7382 0.9089 -0.8002, 5.7382 0.6331 -0.8638, 5.7382 0.6331 -0.9689, 5.7382 1.1284 -1.107, 5.7382 1.1156 -1.1017, 5.7382 1.1018 -1.0998, 5.7382 0.1486 -1.0023, 5.7382 0.1131 -0.9863, 5.7382 0.1011 -0.9826, 5.7382 -0.1496 -0.7674, 5.7382 -0.0707 -0.8139, 5.7382 -0.0596 -0.8057, 5.7382 -0.1443 -0.7131, 5.7382 -0.1483 -0.7251, 5.7382 -0.0455 -0.7824, 5.7382 0.1283 -0.8037, 5.7382 0.1401 -0.8082, 5.7382 0.1527 -0.8098, 5.7382 -0.1496 -0.7376, 5.7382 -0.051 -0.795, 5.7382 -0.1478 -0.781, 5.7382 -0.1426 -0.7938, 5.7382 -0.1343 -0.8047, 5.7382 -0.0972 -0.8205, 5.7382 -0.0835 -0.8189, 5.7382 -0.1108 -0.8186, 5.7382 -0.1234 -0.8132, 5.7382 -0.1234 -0.8132
            ]
        }
        coordIndex [
            0,1,2,-1,2,1,3,-1,4,5,6,-1,7,8,9,-1,6,5,10,-1,11,12,9,-1,9,12,13,-1,9,13,14,-1,15,16,17,-1,17,16,18,-1,17,18,19,-1,16,20,21,-1,8,22,9,-1,9,22,23,-1,9,23,11,-1,11,23,24,-1,11,24,25,-1,5,26,10,-1,10,26,27,-1,10,27,11,-1,11,27,28,-1,11,28,12,-1,14,29,30,-1,31,32,6,-1,6,32,33,-1,6,33,4,-1,34,35,2,-1,2,35,36,-1,2,36,37,-1,37,36,38,-1,37,38,39,-1,30,40,14,-1,14,40,41,-1,14,41,9,-1,31,6,42,-1,42,6,2,-1,42,2,43,-1,2,44,45,-1,46,47,48,-1,15,49,16,-1,16,49,50,-1,16,50,20,-1,20,50,51,-1,20,51,52,-1,52,51,53,-1,52,53,54,-1,54,53,55,-1,56,57,58,-1,58,57,16,-1,58,16,59,-1,59,16,21,-1,56,60,57,-1,57,60,61,-1,57,61,62,-1,62,61,63,-1,64,65,66,-1,66,65,67,-1,66,67,6,-1,6,67,68,-1,6,68,2,-1,2,68,69,-1,2,69,44,-1,17,70,71,-1,71,70,72,-1,71,72,73,-1,73,72,74,-1,73,74,75,-1,76,77,78,-1,78,77,79,-1,78,79,63,-1,63,79,80,-1,63,80,62,-1,81,82,78,-1,78,82,83,-1,78,83,76,-1,7,9,84,-1,84,9,85,-1,84,85,86,-1,86,85,87,-1,86,87,88,-1,45,89,2,-1,2,89,90,-1,2,90,34,-1,91,92,93,-1,75,94,73,-1,73,94,95,-1,73,95,96,-1,46,48,97,-1,98,99,19,-1,19,99,100,-1,19,100,17,-1,17,100,101,-1,17,101,70,-1,102,103,104,-1,105,106,87,-1,87,106,107,-1,87,107,88,-1,2,3,43,-1,43,3,108,-1,43,108,109,-1,109,108,110,-1,24,111,25,-1,25,111,112,-1,25,112,113,-1,113,112,114,-1,113,114,115,-1,115,114,116,-1,115,116,117,-1,117,116,73,-1,117,73,118,-1,118,73,96,-1,118,119,117,-1,117,119,120,-1,117,120,48,-1,48,120,121,-1,48,121,97,-1,122,123,53,-1,53,123,124,-1,53,124,55,-1,125,126,81,-1,81,126,127,-1,81,127,82,-1,128,129,130,-1,125,131,126,-1,126,131,104,-1,126,104,132,-1,132,104,103,-1,133,134,105,-1,105,134,135,-1,105,135,136,-1,38,137,39,-1,39,137,138,-1,39,138,93,-1,93,138,139,-1,93,139,91,-1,136,140,105,-1,105,140,141,-1,105,141,106,-1,128,130,104,-1,104,130,142,-1,104,142,102,-1,143,43,109,-1,143,109,144,-1,144,109,110,-1,144,110,145,-1,145,110,108,-1,145,108,146,-1,147,148,149,-1,0,150,151,-1,152,153,154,-1,0,151,155,-1,156,155,157,-1,157,155,158,-1,157,158,159,-1,160,0,161,-1,161,0,162,-1,161,162,163,-1,156,164,155,-1,155,164,165,-1,155,165,166,-1,152,154,167,-1,159,158,168,-1,168,158,169,-1,168,169,170,-1,171,172,169,-1,169,172,173,-1,169,173,174,-1,174,173,175,-1,174,175,176,-1,147,149,177,-1,178,179,180,-1,166,181,155,-1,155,181,182,-1,155,182,0,-1,0,182,143,-1,0,143,1,-1,170,169,183,-1,183,169,174,-1,183,174,154,-1,154,174,184,-1,154,184,167,-1,185,186,187,-1,188,189,190,-1,190,189,191,-1,192,193,194,-1,194,193,195,-1,160,196,0,-1,0,196,197,-1,0,197,198,-1,151,199,155,-1,155,199,178,-1,155,178,200,-1,200,178,180,-1,176,201,174,-1,174,201,202,-1,174,202,203,-1,203,202,204,-1,203,204,205,-1,205,204,206,-1,205,206,207,-1,208,209,210,-1,210,209,211,-1,210,211,212,-1,213,214,215,-1,215,214,216,-1,215,216,217,-1,217,216,218,-1,217,218,219,-1,219,218,220,-1,219,220,221,-1,198,222,0,-1,0,222,223,-1,0,223,150,-1,208,224,209,-1,209,224,225,-1,209,225,226,-1,226,225,227,-1,226,227,228,-1,212,229,210,-1,210,229,230,-1,210,230,190,-1,190,230,231,-1,190,231,188,-1,191,189,232,-1,232,189,233,-1,232,233,234,-1,234,233,235,-1,234,235,236,-1,191,237,190,-1,190,237,238,-1,190,238,239,-1,239,238,219,-1,239,219,149,-1,149,219,221,-1,149,221,177,-1,195,240,241,-1,242,243,215,-1,215,243,244,-1,215,244,213,-1,245,246,247,-1,1,143,146,-1,146,143,144,-1,146,144,145,-1,248,249,187,-1,187,249,250,-1,187,250,185,-1,241,251,195,-1,195,251,252,-1,195,252,194,-1,192,242,193,-1,193,242,215,-1,193,215,253,-1,253,215,254,-1,253,254,255,-1,255,254,256,-1,255,256,171,-1,171,256,257,-1,171,257,172,-1,247,258,245,-1,245,258,259,-1,245,259,163,-1,163,259,260,-1,163,260,161,-1,207,261,205,-1,205,261,262,-1,205,262,187,-1,187,262,263,-1,187,263,248,-1,264,265,266,-1,228,267,226,-1,226,267,268,-1,226,268,269,-1,236,270,234,-1,234,270,271,-1,234,271,272,-1,268,273,269,-1,269,273,264,-1,269,264,274,-1,274,264,266,-1,264,275,265,-1,265,275,276,-1,265,276,277,-1,278,279,280,-1,280,279,265,-1,280,265,281,-1,281,265,277,-1,
        ]
    }
}
Shape{
    appearance Appearance {
        material  Material 	{
            diffuseColor 1.0 1.0 1.0
            specularColor 0.5019607843137255 0.5019607843137255 0.5019607843137255
            ambientIntensity 0.2
            transparency 0
            shininess 0.5
        }
    }
    geometry IndexedFaceSet {
        ccw TRUE
        solid FALSE
        coord DEF co Coordinate {
            point [
                5.6752 -0.7387 -1.0487, 5.5453 -0.7387 -1.0487, 5.6752 -1.0891 -1.1353, 5.5453 -1.0891 -1.1353, 5.7382 0.6968 -1.1353, 5.7382 0.5926 -1.1353, 5.7421 0.8164 -1.1353, 5.6791 0.6968 -1.1353, 5.6752 0.8164 -1.1353, 5.6791 0.5926 -1.1353, 5.7421 -1.0891 -1.1353, 5.872 -0.7387 -1.0487, 5.7421 -0.7387 -1.0487, 5.872 -1.0891 -1.1353, 5.565 0.8794 -0.655, 5.565 0.8794 -1.1353, 5.5453 0.8597 -0.655, 5.5453 0.8597 -1.1353, 5.5453 0.8164 -1.1353, 5.6555 0.8794 -1.1353, 5.6752 0.8597 -1.1353, 5.6752 0.8597 -0.655, 5.6555 0.8794 -0.655, 5.7618 0.8794 -0.655, 5.7618 0.8794 -1.1353, 5.7421 0.8597 -0.655, 5.7421 0.8597 -1.1353, 5.872 0.8597 -1.1353, 5.872 0.8164 -1.1353, 5.8524 0.8794 -1.1353, 5.872 0.8597 -0.655, 5.8524 0.8794 -0.655, 5.872 0.2101 -0.655, 5.872 0.2101 -0.8085, 5.872 0.4739 -0.8597, 5.872 0.6038 -0.8597, 5.872 0.6038 -1.0093, 5.872 -0.1009 -1.0487, 5.872 -0.0616 -1.0329, 5.872 0.1983 -1.0329, 5.872 0.4345 -1.0093, 5.7421 0.2101 -0.8085, 5.7421 0.4739 -0.8597, 5.7421 -0.1009 -1.0487, 5.7421 -0.0616 -1.0329, 5.7421 0.1983 -1.0329, 5.7421 0.4345 -1.0093, 5.7421 0.2101 -0.655, 5.7421 0.6038 -0.8597, 5.7421 0.6038 -1.0093, 5.6791 0.6817 -0.655, 5.7382 0.6817 -0.655, 5.7382 0.7343 -0.655, 5.6791 0.7343 -0.655, 5.6752 0.2101 -0.655, 5.6752 -0.1009 -1.0487, 5.6752 0.2101 -0.8085, 5.6752 0.4739 -0.8597, 5.6752 0.6038 -0.8597, 5.6752 0.6038 -1.0093, 5.6752 -0.0616 -1.0329, 5.6752 0.1983 -1.0329, 5.6752 0.4345 -1.0093, 5.5453 0.2101 -0.8085, 5.5453 0.4739 -0.8597, 5.5453 -0.1009 -1.0487, 5.5453 -0.0616 -1.0329, 5.5453 0.1983 -1.0329, 5.5453 0.4345 -1.0093, 5.5453 0.2101 -0.655, 5.5453 0.6038 -0.8597, 5.5453 0.6038 -1.0093, 5.5453 0.6038 -1.0093
            ]
        }
        coordIndex [
            0,1,2,-1,2,1,3,-1,4,5,6,-1,4,6,7,-1,7,6,8,-1,7,8,9,-1,9,8,2,-1,9,2,5,-1,5,2,10,-1,5,10,6,-1,11,12,13,-1,13,12,10,-1,14,15,16,-1,16,15,17,-1,8,18,17,-1,15,19,17,-1,17,19,20,-1,17,20,8,-1,21,20,22,-1,22,20,19,-1,23,24,25,-1,25,24,26,-1,27,28,6,-1,29,27,24,-1,24,27,6,-1,24,6,26,-1,30,27,31,-1,31,27,29,-1,32,33,30,-1,30,33,34,-1,30,34,35,-1,35,36,30,-1,30,36,28,-1,30,28,27,-1,11,13,37,-1,37,13,28,-1,38,37,39,-1,39,37,28,-1,39,28,40,-1,40,28,36,-1,33,41,34,-1,34,41,42,-1,10,12,43,-1,25,26,6,-1,43,44,45,-1,10,43,6,-1,6,43,45,-1,6,45,46,-1,41,47,42,-1,42,47,25,-1,42,25,48,-1,48,25,6,-1,48,6,49,-1,49,6,46,-1,50,51,47,-1,47,51,25,-1,22,23,21,-1,21,23,25,-1,51,52,25,-1,25,52,53,-1,25,53,21,-1,21,53,50,-1,21,50,54,-1,54,50,47,-1,0,2,55,-1,55,2,8,-1,54,56,21,-1,21,56,57,-1,21,57,58,-1,58,59,21,-1,21,59,8,-1,21,8,20,-1,60,55,61,-1,61,55,8,-1,61,8,62,-1,62,8,59,-1,56,63,57,-1,57,63,64,-1,3,1,65,-1,16,17,18,-1,65,66,67,-1,3,65,18,-1,18,65,67,-1,18,67,68,-1,63,69,64,-1,64,69,16,-1,64,16,70,-1,70,16,18,-1,70,18,71,-1,71,18,68,-1,
        ]
    }
}
Shape{
    appearance Appearance {
        material  Material 	{
            diffuseColor 0.7529411764705882 0.7529411764705882 0.7529411764705882
            specularColor 0.3764705882352941 0.3764705882352941 0.3764705882352941
            ambientIntensity 0.2
            transparency 0
            shininess 0.5
        }
    }
    geometry IndexedFaceSet {
        ccw TRUE
        solid FALSE
        coord DEF co Coordinate {
            point [
                6.9134 -1.0891 -1.0561, 6.9488 -1.0891 -1.0561, 6.9134 -1.0891 -0.9594, 6.9488 -1.0891 -0.9594, 6.9051 -1.0807 -0.9506, 6.9016 -1.0773 -0.9454, 6.9016 -1.0773 -1.0701, 6.9085 -1.0842 -1.0607, 6.9063 -1.082 -1.0637, 6.9066 -1.0823 -0.9522, 6.9606 0.1404 -0.8896, 6.9016 0.1404 -0.8896, 6.9016 0.1311 -0.887, 6.9606 0.1311 -0.887, 6.9016 0.1216 -0.8861, 6.9606 0.1216 -0.8861, 6.9606 0.1216 -0.8861
            ]
        }
        coordIndex [
            0,1,2,-1,2,1,3,-1,4,5,6,-1,7,0,2,-1,6,8,4,-1,4,8,7,-1,4,7,9,-1,9,7,2,-1,10,11,12,-1,10,12,13,-1,13,12,14,-1,13,14,15,-1,
        ]
    }
}
Shape{
    appearance Appearance {
        material  Material 	{
            diffuseColor 1.0 1.0 1.0
            specularColor 0.5019607843137255 0.5019607843137255 0.5019607843137255
            ambientIntensity 0.2
            transparency 0
            shininess 0.5
        }
    }
    geometry IndexedFaceSet {
        ccw TRUE
        solid FALSE
        coord DEF co Coordinate {
            point [
                6.9016 0.2427 -0.9283, 6.9606 0.2427 -0.9283, 6.9016 0.2519 -0.9309, 6.9606 0.2519 -0.9309, 6.9016 0.2615 -0.9317, 6.9606 0.2615 -0.9317, 6.9016 0.29 -0.9317, 6.9606 0.29 -0.9317, 6.9606 0.4025 -0.9315, 6.9606 0.5427 -0.9315, 6.9016 0.4025 -0.9315, 6.9016 0.5427 -0.9315, 6.9016 0.5427 -0.9315
            ]
        }
        coordIndex [
            0,1,2,-1,2,1,3,-1,2,3,4,-1,4,3,5,-1,6,4,7,-1,7,4,5,-1,8,9,10,-1,10,9,11,-1,
        ]
    }
}
Shape{
    appearance Appearance {
        material  Material 	{
            diffuseColor 0.7529411764705882 0.7529411764705882 0.7529411764705882
            specularColor 0.3764705882352941 0.3764705882352941 0.3764705882352941
            ambientIntensity 0.2
            transparency 0
            shininess 0.5
        }
    }
    geometry IndexedFaceSet {
        ccw TRUE
        solid FALSE
        coord DEF co Coordinate {
            point [
                6.9606 0.566 -0.9368, 6.9016 0.566 -0.9368, 6.9016 0.5546 -0.9328, 6.9606 0.5546 -0.9328, 6.9016 0.5427 -0.9315, 6.9606 0.5427 -0.9315, 6.9606 0.5929 -0.9499, 6.9016 0.5929 -0.9499, 6.9606 0.6228 -0.9977, 6.9016 0.6228 -0.9977, 6.9016 0.6215 -0.9859, 6.9606 0.6215 -0.9859, 6.9016 0.6176 -0.9747, 6.9606 0.6176 -0.9747, 6.9016 0.6113 -0.9647, 6.9606 0.6113 -0.9647, 6.9016 0.6029 -0.9563, 6.9606 0.6029 -0.9563, 6.9016 0.6228 -1.006, 6.9606 0.6228 -1.006, 6.9606 0.5929 -1.0538, 6.9016 0.5929 -1.0538, 6.9016 0.6029 -1.0475, 6.9606 0.6029 -1.0475, 6.9016 0.6113 -1.0391, 6.9606 0.6113 -1.0391, 6.9016 0.6176 -1.029, 6.9606 0.6176 -1.029, 6.9016 0.6215 -1.0178, 6.9606 0.6215 -1.0178, 6.9016 0.566 -1.0669, 6.9606 0.566 -1.0669, 6.9016 -0.0531 -1.0565, 6.9606 -0.0531 -1.0565, 6.9016 -0.0634 -1.0485, 6.9606 -0.0634 -1.0485, 6.9016 -0.0752 -1.0431, 6.9606 -0.0752 -1.0431, 6.9016 -0.0881 -1.0409, 6.9606 -0.0881 -1.0409, 6.9016 -0.1011 -1.0418, 6.9606 -0.1011 -1.0418, 6.9016 -0.1135 -1.0458, 6.9606 -0.1135 -1.0458, 6.9016 -0.1245 -1.0528, 6.9606 -0.1245 -1.0528, 6.9016 -0.1335 -1.0622, 6.9606 -0.1335 -1.0622, 6.9016 -0.1399 -1.0735, 6.9606 -0.1399 -1.0735, 6.9016 -0.1434 -1.086, 6.9606 -0.1434 -1.086, 6.9016 -0.1438 -1.0991, 6.9606 -0.1438 -1.0991, 6.9016 -0.141 -1.1118, 6.9606 -0.141 -1.1118, 6.9016 -0.1351 -1.1234, 6.9606 -0.1351 -1.1234, 6.9016 -0.1266 -1.1333, 6.9606 -0.1266 -1.1333, 6.9016 -0.116 -1.1408, 6.9606 -0.116 -1.1408, 6.9016 -0.1038 -1.1455, 6.9606 -0.1038 -1.1455, 6.9016 -0.0909 -1.1471, 6.9606 -0.0909 -1.1471, 6.9606 0.0404 -1.1471, 6.9016 0.0404 -1.1471, 6.9606 0.0717 -1.1573, 6.9016 0.0717 -1.1573, 6.9016 0.0621 -1.1517, 6.9606 0.0621 -1.1517, 6.9016 0.0515 -1.1483, 6.9606 0.0515 -1.1483, 6.9016 0.0867 -1.1682, 6.9606 0.0867 -1.1682, 6.9606 0.1085 -1.2112, 6.9016 0.1085 -1.2112, 6.9016 0.1071 -1.1988, 6.9606 0.1071 -1.1988, 6.9016 0.1027 -1.1871, 6.9606 0.1027 -1.1871, 6.9016 0.0958 -1.1767, 6.9606 0.0958 -1.1767, 6.9606 0.1085 -1.2337, 6.9016 0.1085 -1.2337, 6.9606 -0.4419 -1.2337, 6.9016 -0.4419 -1.2337, 6.9606 -0.4419 -1.1896, 6.9016 -0.4419 -1.1896, 6.9016 -0.4433 -1.1778, 6.9606 -0.4433 -1.1778, 6.9016 -0.4472 -1.1665, 6.9606 -0.4472 -1.1665, 6.9016 -0.4535 -1.1565, 6.9606 -0.4535 -1.1565, 6.9016 -0.4619 -1.1481, 6.9606 -0.4619 -1.1481, 6.9016 -0.472 -1.1417, 6.9606 -0.472 -1.1417, 6.9016 -0.4833 -1.1378, 6.9606 -0.4833 -1.1378, 6.9016 -0.4951 -1.1365, 6.9606 -0.4951 -1.1365, 6.9016 -0.5477 -1.1365, 6.9606 -0.5477 -1.1365, 6.9606 -0.8545 -1.1988, 6.9016 -0.8545 -1.1988, 6.9016 -0.8651 -1.1999, 6.9606 -0.8651 -1.1999, 6.9606 -1.0169 -1.1999, 6.9016 -1.0169 -1.1999, 6.9606 -1.07 -1.1468, 6.9016 -1.07 -1.1468, 6.9016 -1.0682 -1.1605, 6.9606 -1.0682 -1.1605, 6.9016 -1.0629 -1.1733, 6.9606 -1.0629 -1.1733, 6.9016 -1.0545 -1.1843, 6.9606 -1.0545 -1.1843, 6.9016 -1.0435 -1.1928, 6.9606 -1.0435 -1.1928, 6.9016 -1.0307 -1.1981, 6.9606 -1.0307 -1.1981, 6.9016 -1.07 -1.0969, 6.9606 -1.07 -1.0969, 6.956 -1.0819 -1.0637, 6.9488 -1.0891 -1.0561, 6.9134 -1.0891 -1.0561, 6.9606 -1.0773 -1.0701, 6.9572 -1.0807 -1.0649, 6.9016 -1.075 -1.0744, 6.9085 -1.0842 -1.0607, 6.9063 -1.082 -1.0637, 6.9016 -1.0773 -1.0701, 6.9016 -1.0711 -1.0865, 6.9606 -1.0711 -1.0865, 6.9606 -1.075 -1.0744, 6.9606 -1.0773 -0.9454, 6.9555 -1.0824 -0.9527, 6.9488 -1.0891 -0.9594, 6.9557 -1.0822 -0.9524, 6.9016 -1.0773 -0.9454, 6.9051 -1.0807 -0.9506, 6.9606 -1.0756 -0.9423, 6.9066 -1.0823 -0.9522, 6.9134 -1.0891 -0.9594, 6.9555 -1.0824 -0.9527, 6.9606 -1.0701 -0.9212, 6.9016 -1.0701 -0.9212, 6.9606 -1.0715 -0.931, 6.9016 -1.0715 -0.931, 6.9016 -1.0756 -0.9423, 6.9606 -1.0701 -0.8538, 6.9016 -1.0701 -0.8538, 6.9016 0.1216 -0.8861, 6.9016 0.1086 -0.8861, 6.9606 0.1216 -0.8861, 6.9606 0.1086 -0.8861, 6.9606 0.1086 -0.8861
            ]
        }
        coordIndex [
            0,1,2,-1,0,2,3,-1,3,2,4,-1,3,4,5,-1,0,6,1,-1,1,6,7,-1,8,9,10,-1,8,10,11,-1,11,10,12,-1,11,12,13,-1,13,12,14,-1,13,14,15,-1,15,14,16,-1,15,16,17,-1,17,16,7,-1,17,7,6,-1,18,9,19,-1,19,9,8,-1,20,21,22,-1,20,22,23,-1,23,22,24,-1,23,24,25,-1,25,24,26,-1,25,26,27,-1,27,26,28,-1,27,28,29,-1,29,28,18,-1,29,18,19,-1,30,21,31,-1,31,21,20,-1,32,33,34,-1,34,33,35,-1,34,35,36,-1,36,35,37,-1,36,37,38,-1,38,37,39,-1,38,39,40,-1,40,39,41,-1,40,41,42,-1,42,41,43,-1,42,43,44,-1,44,43,45,-1,44,45,46,-1,46,45,47,-1,46,47,48,-1,48,47,49,-1,48,49,50,-1,50,49,51,-1,50,51,52,-1,52,51,53,-1,52,53,54,-1,54,53,55,-1,54,55,56,-1,56,55,57,-1,56,57,58,-1,58,57,59,-1,58,59,60,-1,60,59,61,-1,60,61,62,-1,62,61,63,-1,62,63,64,-1,64,63,65,-1,65,66,64,-1,64,66,67,-1,68,69,70,-1,68,70,71,-1,71,70,72,-1,71,72,73,-1,73,72,67,-1,73,67,66,-1,74,69,75,-1,75,69,68,-1,76,77,78,-1,76,78,79,-1,79,78,80,-1,79,80,81,-1,81,80,82,-1,81,82,83,-1,83,82,74,-1,83,74,75,-1,84,85,76,-1,76,85,77,-1,86,87,84,-1,84,87,85,-1,86,88,87,-1,87,88,89,-1,89,88,90,-1,90,88,91,-1,90,91,92,-1,92,91,93,-1,92,93,94,-1,94,93,95,-1,94,95,96,-1,96,95,97,-1,96,97,98,-1,98,97,99,-1,98,99,100,-1,100,99,101,-1,100,101,102,-1,102,101,103,-1,104,102,105,-1,105,102,103,-1,105,106,104,-1,104,106,107,-1,108,107,109,-1,109,107,106,-1,109,110,108,-1,108,110,111,-1,112,113,114,-1,112,114,115,-1,115,114,116,-1,115,116,117,-1,117,116,118,-1,117,118,119,-1,119,118,120,-1,119,120,121,-1,121,120,122,-1,121,122,123,-1,123,122,111,-1,123,111,110,-1,124,113,125,-1,125,113,112,-1,126,127,128,-1,129,130,131,-1,128,132,126,-1,126,132,133,-1,126,133,130,-1,130,133,134,-1,130,134,131,-1,124,125,135,-1,135,125,136,-1,135,136,131,-1,131,136,137,-1,131,137,129,-1,130,129,138,-1,139,140,127,-1,138,141,130,-1,130,141,139,-1,130,139,126,-1,126,139,127,-1,142,143,144,-1,145,146,140,-1,140,147,145,-1,145,147,141,-1,145,141,143,-1,143,141,138,-1,143,138,144,-1,148,149,150,-1,150,149,151,-1,150,151,144,-1,144,151,152,-1,144,152,142,-1,148,153,149,-1,149,153,154,-1,155,156,157,-1,157,156,158,-1,
        ]
    }
}
Shape{
    appearance Appearance {
        material  Material 	{
            diffuseColor 1.0 1.0 1.0
            specularColor 0.5019607843137255 0.5019607843137255 0.5019607843137255
            ambientIntensity 0.2
            transparency 0
            shininess 0.5
        }
    }
    geometry IndexedFaceSet {
        ccw TRUE
        solid FALSE
        coord DEF co Coordinate {
            point [
                6.9606 -0.8482 -0.802, 6.9606 -0.4935 -0.884, 6.9016 -0.8482 -0.802, 6.9016 -0.4935 -0.884, 6.5886 -0.6718 -1.0487, 6.5098 -0.7309 -1.0487, 6.5886 -0.6718 -0.8754, 6.5098 -0.7309 -0.8639, 6.9016 0.2427 -0.9283, 6.9016 0.2383 -0.9266, 6.9606 0.2427 -0.9283, 6.9606 0.2383 -0.9266, 6.9016 0.3803 -0.9266, 6.9606 0.3803 -0.9266, 6.9016 0.3912 -0.9302, 6.9606 0.3912 -0.9302, 6.9016 0.4025 -0.9315, 6.9606 0.4025 -0.9315, 6.9016 0.29 -0.9317, 6.9606 0.29 -0.9317, 6.9016 0.3017 -0.9304, 6.9606 0.3017 -0.9304, 6.9016 0.3128 -0.9266, 6.9606 0.3128 -0.9266, 6.9626 0.277 -1.029, 6.9626 0.277 -0.9699, 7.002 0.277 -1.029, 7.002 0.277 -0.9699, 6.9606 -0.0531 -1.0565, 6.9016 -0.0531 -1.0565, 6.9016 -0.045 -1.0632, 6.9606 -0.045 -1.0632, 6.9016 -0.0358 -1.0682, 6.9606 -0.0358 -1.0682, 6.9016 -0.0258 -1.0713, 6.9606 -0.0258 -1.0713, 6.9016 -0.0154 -1.0723, 6.9606 -0.0154 -1.0723, 6.9606 -0.0154 -1.0723
            ]
        }
        coordIndex [
            0,1,2,-1,2,1,3,-1,4,5,6,-1,6,5,7,-1,8,9,10,-1,10,9,11,-1,12,13,14,-1,14,13,15,-1,14,15,16,-1,16,15,17,-1,18,19,20,-1,20,19,21,-1,20,21,22,-1,22,21,23,-1,24,25,26,-1,26,25,27,-1,28,29,30,-1,28,30,31,-1,31,30,32,-1,31,32,33,-1,33,32,34,-1,33,34,35,-1,35,34,36,-1,35,36,37,-1,
        ]
    }
}
Shape{
    appearance Appearance {
        material  Material 	{
            diffuseColor 0.7529411764705882 0.7529411764705882 0.7529411764705882
            specularColor 0.3764705882352941 0.3764705882352941 0.3764705882352941
            ambientIntensity 0.2
            transparency 0
            shininess 0.5
        }
    }
    geometry IndexedFaceSet {
        ccw TRUE
        solid FALSE
        coord DEF co Coordinate {
            point [
                6.9606 0.5427 -1.0723, 6.9016 0.5427 -1.0723, 6.9016 0.5546 -1.0709, 6.9606 0.5546 -1.0709, 6.9016 0.566 -1.0669, 6.9606 0.566 -1.0669, 6.9606 0.566 -1.0669
            ]
        }
        coordIndex [
            0,1,2,-1,0,2,3,-1,3,2,4,-1,3,4,5,-1,
        ]
    }
}
Shape{
    appearance Appearance {
        material  Material 	{
            diffuseColor 1.0 1.0 1.0
            specularColor 0.5019607843137255 0.5019607843137255 0.5019607843137255
            ambientIntensity 0.2
            transparency 0
            shininess 0.5
        }
    }
    geometry IndexedFaceSet {
        ccw TRUE
        solid FALSE
        coord DEF co Coordinate {
            point [
                6.8957 -0.6718 -0.8754, 6.8957 -0.6718 -1.0487, 6.5886 -0.6718 -0.8754, 6.5886 -0.6718 -1.0487, 6.9626 -0.6128 -0.9227, 7.0472 -0.6128 -0.9227, 6.9626 -0.6128 -1.0093, 7.0472 -0.6128 -1.0093, 6.9626 -0.2072 -1.0093, 7.0472 -0.2072 -1.0093, 6.9626 0.1195 -0.8951, 7.0472 0.1195 -0.8951, 6.9626 0.218 -0.8951, 7.0472 0.218 -0.8951, 7.0472 0.218 -0.8951
            ]
        }
        coordIndex [
            0,1,2,-1,2,1,3,-1,4,5,6,-1,6,5,7,-1,8,6,9,-1,9,6,7,-1,8,9,10,-1,10,9,11,-1,10,11,12,-1,12,11,13,-1,
        ]
    }
}
Shape{
    appearance Appearance {
        material  Material 	{
            diffuseColor 0.25098039215686274 0.25098039215686274 0.25098039215686274
            specularColor 0.12549019607843137 0.12549019607843137 0.12549019607843137
            ambientIntensity 0.2
            transparency 0
            shininess 0.5
        }
    }
    geometry IndexedFaceSet {
        ccw TRUE
        solid FALSE
        coord DEF co Coordinate {
            point [
                7.0217 -0.781 -0.8006, 7.0472 -0.8261 -0.7555, 7.0217 -0.9778 -0.8006, 7.0472 -0.9326 -0.7555, 7.0472 -0.9326 -0.7555
            ]
        }
        coordIndex [
            0,1,2,-1,2,1,3,-1,
        ]
    }
}
Shape{
    appearance Appearance {
        material  Material 	{
            diffuseColor 0.7529411764705882 0.7529411764705882 0.7529411764705882
            specularColor 0.3764705882352941 0.3764705882352941 0.3764705882352941
            ambientIntensity 0.2
            transparency 0
            shininess 0.5
        }
    }
    geometry IndexedFaceSet {
        ccw TRUE
        solid FALSE
        coord DEF co Coordinate {
            point [
                6.9016 -1.07 -1.0969, 6.9016 -1.0711 -1.0865, 6.9016 -0.4935 -0.8872, 6.9016 -1.07 -1.1468, 6.9016 0.3017 -0.9304, 6.9016 0.3128 -0.9266, 6.9016 0.5427 -1.0723, 6.9016 0.3803 -0.9266, 6.9016 0.6228 -0.9977, 6.9016 0.6228 -1.006, 6.9016 0.5929 -0.9499, 6.9016 -1.0756 -0.9423, 6.9016 -1.0715 -0.931, 6.9016 -1.0701 -0.9212, 6.9016 -1.0701 -0.8538, 6.9016 -0.1011 -1.0418, 6.9016 -0.0881 -1.0409, 6.9016 0.102 -0.8872, 6.9016 -0.0752 -1.0431, 6.9016 -0.0258 -1.0713, 6.9016 -0.0358 -1.0682, 6.9016 0.218 -0.9266, 6.9016 0.2427 -0.9283, 6.9016 0.2519 -0.9309, 6.9016 -0.0154 -1.0723, 6.9016 0.2615 -0.9317, 6.9016 0.29 -0.9317, 6.9016 -0.5477 -1.1365, 6.9016 -0.8545 -1.1988, 6.9016 -0.8651 -1.1999, 6.9016 -1.0169 -1.1999, 6.9016 -1.0682 -1.1605, 6.9016 -0.045 -1.0632, 6.9016 -0.0531 -1.0565, 6.9016 -0.0634 -1.0485, 6.9016 0.6176 -1.029, 6.9016 0.6113 -1.0391, 6.9016 0.4025 -0.9315, 6.9016 -1.0435 -1.1928, 6.9016 -1.0545 -1.1843, 6.9016 -1.0629 -1.1733, 6.9016 -1.0773 -0.9454, 6.9016 -1.0773 -1.0701, 6.9016 -1.075 -1.0744, 6.9016 -0.141 -1.1118, 6.9016 -0.1351 -1.1234, 6.9016 -0.4419 -1.2337, 6.9016 -0.1266 -1.1333, 6.9016 -0.116 -1.1408, 6.9016 -0.1038 -1.1455, 6.9016 -0.0909 -1.1471, 6.9016 0.1085 -1.2337, 6.9016 0.0404 -1.1471, 6.9016 0.0515 -1.1483, 6.9016 0.6029 -1.0475, 6.9016 0.5929 -1.0538, 6.9016 0.566 -1.0669, 6.9016 0.3912 -0.9302, 6.9016 0.5546 -1.0709, 6.9016 -0.4935 -0.884, 6.9016 -0.8482 -0.802, 6.9016 -0.8602 -0.8006, 6.9016 -1.017 -0.8006, 6.9016 0.1086 -0.8861, 6.9016 0.1216 -0.8861, 6.9016 -0.1135 -1.0458, 6.9016 -0.1245 -1.0528, 6.9016 -0.1335 -1.0622, 6.9016 0.0867 -1.1682, 6.9016 0.0958 -1.1767, 6.9016 0.1027 -1.1871, 6.9016 0.2383 -0.9266, 6.9016 0.5427 -0.9315, 6.9016 0.5546 -0.9328, 6.9016 0.566 -0.9368, 6.9016 0.6029 -0.9563, 6.9016 0.6113 -0.9647, 6.9016 0.6215 -1.0178, 6.9016 -1.0307 -1.1981, 6.9016 -1.0288 -0.802, 6.9016 -1.0688 -0.842, 6.9016 -1.0648 -0.8307, 6.9016 0.1064 -0.8868, 6.9016 0.218 -0.9189, 6.9016 0.1404 -0.8896, 6.9016 0.1311 -0.887, 6.9016 0.0621 -1.1517, 6.9016 0.0717 -1.1573, 6.9016 0.1085 -1.2112, 6.9016 0.1071 -1.1988, 6.9016 0.6176 -0.9747, 6.9016 0.6215 -0.9859, 6.9016 -1.0585 -0.8206, 6.9016 -1.0501 -0.8122, 6.9016 -1.04 -0.8059, 6.9016 -0.4535 -1.1565, 6.9016 -0.4619 -1.1481, 6.9016 -0.1438 -1.0991, 6.9016 -0.472 -1.1417, 6.9016 -0.4833 -1.1378, 6.9016 -0.1399 -1.0735, 6.9016 -0.1434 -1.086, 6.9016 -0.4951 -1.1365, 6.9016 -0.4419 -1.1896, 6.9016 -0.4433 -1.1778, 6.9016 -0.4472 -1.1665, 6.9016 -0.4472 -1.1665
            ]
        }
        coordIndex [
            0,1,2,-1,0,2,3,-1,4,5,6,-1,6,5,7,-1,8,9,10,-1,11,12,2,-1,2,12,13,-1,2,13,14,-1,15,2,16,-1,16,2,17,-1,16,17,18,-1,19,20,21,-1,22,23,24,-1,24,23,25,-1,24,25,6,-1,6,25,26,-1,6,26,4,-1,27,28,2,-1,2,28,29,-1,2,29,3,-1,3,29,30,-1,3,30,31,-1,20,32,21,-1,21,32,33,-1,21,33,34,-1,35,36,37,-1,38,39,40,-1,41,11,42,-1,42,11,2,-1,42,2,43,-1,43,2,1,-1,44,45,46,-1,46,45,47,-1,46,47,48,-1,48,49,46,-1,46,49,50,-1,46,50,51,-1,51,50,52,-1,51,52,53,-1,36,54,37,-1,37,54,55,-1,37,55,56,-1,7,57,6,-1,6,57,37,-1,6,37,58,-1,58,37,56,-1,59,2,60,-1,60,2,14,-1,60,14,61,-1,61,14,62,-1,63,64,34,-1,15,65,2,-1,2,65,66,-1,2,66,67,-1,68,69,70,-1,19,21,24,-1,24,21,71,-1,24,71,22,-1,72,73,9,-1,9,73,74,-1,9,74,10,-1,10,75,76,-1,72,9,37,-1,37,9,77,-1,37,77,35,-1,31,30,40,-1,40,30,78,-1,40,78,38,-1,62,14,79,-1,79,14,80,-1,79,80,81,-1,18,17,34,-1,34,17,82,-1,34,82,63,-1,83,21,84,-1,84,21,34,-1,84,34,85,-1,85,34,64,-1,53,86,51,-1,51,86,87,-1,51,87,88,-1,88,87,68,-1,88,68,89,-1,89,68,70,-1,76,90,10,-1,10,90,91,-1,10,91,8,-1,81,92,79,-1,79,92,93,-1,79,93,94,-1,95,96,97,-1,97,96,98,-1,97,98,99,-1,67,100,2,-1,2,100,101,-1,2,101,27,-1,27,101,97,-1,27,97,102,-1,102,97,99,-1,46,103,44,-1,44,103,104,-1,44,104,97,-1,97,104,105,-1,97,105,95,-1,
        ]
    }
}
Shape{
    appearance Appearance {
        material  Material 	{
            diffuseColor 1.0 1.0 1.0
            specularColor 0.5019607843137255 0.5019607843137255 0.5019607843137255
            ambientIntensity 0.2
            transparency 0
            shininess 0.5
        }
    }
    geometry IndexedFaceSet {
        ccw TRUE
        solid FALSE
        coord DEF co Coordinate {
            point [
                6.9016 -0.8482 -0.802, 6.9016 -0.8602 -0.8006, 6.9606 -0.8482 -0.802, 6.9606 -0.8602 -0.8006, 6.9606 -0.8602 -0.8006
            ]
        }
        coordIndex [
            0,1,2,-1,2,1,3,-1,
        ]
    }
}
Shape{
    appearance Appearance {
        material  Material 	{
            diffuseColor 0.7529411764705882 0.7529411764705882 0.7529411764705882
            specularColor 0.3764705882352941 0.3764705882352941 0.3764705882352941
            ambientIntensity 0.2
            transparency 0
            shininess 0.5
        }
    }
    geometry IndexedFaceSet {
        ccw TRUE
        solid FALSE
        coord DEF co Coordinate {
            point [
                6.9606 0.3803 -0.9266, 6.9606 0.3128 -0.9266, 6.9606 0.3017 -0.9304, 6.9606 -0.1011 -1.0418, 6.9606 -0.0881 -1.0409, 6.9606 0.218 -0.9266, 6.9606 -0.0752 -1.0431, 6.9606 0.5427 -1.0723, 6.9606 0.3912 -0.9302, 6.9606 -0.4419 -1.1896, 6.9606 -0.4419 -1.2337, 6.9606 -0.141 -1.1118, 6.9606 -0.4935 -0.8872, 6.9606 -0.1399 -1.0735, 6.9606 -0.1335 -1.0622, 6.9606 0.1216 -0.8861, 6.9606 0.1086 -0.8861, 6.9606 0.1064 -0.8868, 6.9606 -1.0701 -0.9212, 6.9606 -1.0715 -0.931, 6.9606 -1.0756 -0.9423, 6.9606 0.566 -1.0669, 6.9606 0.5929 -1.0538, 6.9606 0.4025 -0.9315, 6.9606 0.29 -0.9317, 6.9606 -0.0154 -1.0723, 6.9606 0.2615 -0.9317, 6.9606 0.2519 -0.9309, 6.9606 -1.075 -1.0744, 6.9606 -1.0711 -1.0865, 6.9606 -1.07 -1.0969, 6.9606 -0.8651 -1.1999, 6.9606 -1.07 -1.1468, 6.9606 -1.0169 -1.1999, 6.9606 -1.0307 -1.1981, 6.9606 -0.0634 -1.0485, 6.9606 -0.0531 -1.0565, 6.9606 -0.045 -1.0632, 6.9606 0.1027 -1.1871, 6.9606 0.0958 -1.1767, 6.9606 0.0867 -1.1682, 6.9606 0.1085 -1.2337, 6.9606 0.0621 -1.1517, 6.9606 0.0515 -1.1483, 6.9606 0.0404 -1.1471, 6.9606 -0.0909 -1.1471, 6.9606 -0.1038 -1.1455, 6.9606 -0.116 -1.1408, 6.9606 0.218 -0.9189, 6.9606 0.1404 -0.8896, 6.9606 -0.1245 -1.0528, 6.9606 -0.1135 -1.0458, 6.9606 0.102 -0.8872, 6.9606 -1.0773 -0.9454, 6.9606 -1.0773 -1.0701, 6.9606 0.5546 -1.0709, 6.9606 0.6029 -1.0475, 6.9606 0.6113 -1.0391, 6.9606 0.6176 -1.029, 6.9606 -0.1266 -1.1333, 6.9606 -0.1351 -1.1234, 6.9606 -0.8545 -1.1988, 6.9606 -0.5477 -1.1365, 6.9606 0.1311 -0.887, 6.9606 -1.0701 -0.8538, 6.9606 -0.4935 -0.884, 6.9606 -0.8482 -0.802, 6.9606 -0.8602 -0.8006, 6.9606 -1.017 -0.8006, 6.9606 -1.0288 -0.802, 6.9606 -1.0682 -1.1605, 6.9606 -1.0629 -1.1733, 6.9606 0.5546 -0.9328, 6.9606 0.5427 -0.9315, 6.9606 0.6228 -1.006, 6.9606 0.6215 -1.0178, 6.9606 0.6176 -0.9747, 6.9606 0.6113 -0.9647, 6.9606 0.6215 -0.9859, 6.9606 0.6228 -0.9977, 6.9606 0.6029 -0.9563, 6.9606 0.5929 -0.9499, 6.9606 0.566 -0.9368, 6.9606 -0.0358 -1.0682, 6.9606 -0.0258 -1.0713, 6.9606 0.2383 -0.9266, 6.9606 0.2427 -0.9283, 6.9606 0.0717 -1.1573, 6.9606 0.1085 -1.2112, 6.9606 0.1071 -1.1988, 6.9606 -1.0585 -0.8206, 6.9606 -1.0688 -0.842, 6.9606 -1.0648 -0.8307, 6.9606 -1.0545 -1.1843, 6.9606 -1.0435 -1.1928, 6.9606 -0.4951 -1.1365, 6.9606 -0.1438 -1.0991, 6.9606 -0.1434 -1.086, 6.9606 -1.04 -0.8059, 6.9606 -1.0501 -0.8122, 6.9606 -0.4833 -1.1378, 6.9606 -0.472 -1.1417, 6.9606 -0.4619 -1.1481, 6.9606 -0.4535 -1.1565, 6.9606 -0.4472 -1.1665, 6.9606 -0.4433 -1.1778, 6.9016 -1.017 -0.8006, 6.9016 -1.0288 -0.802, 6.9016 -1.04 -0.8059, 6.9016 -1.0501 -0.8122, 6.9016 -1.0585 -0.8206, 6.9016 -1.0648 -0.8307, 6.9016 -1.0688 -0.842, 6.9016 -1.0701 -0.8538, 6.9016 -1.0701 -0.8538
            ]
        }
        coordIndex [
            0,1,2,-1,3,4,5,-1,5,4,6,-1,7,8,0,-1,9,10,11,-1,12,13,14,-1,15,16,17,-1,18,19,12,-1,12,19,20,-1,21,22,23,-1,0,2,7,-1,7,2,24,-1,7,24,25,-1,25,24,26,-1,25,26,27,-1,28,29,12,-1,12,29,30,-1,12,30,31,-1,31,30,32,-1,31,32,33,-1,33,32,34,-1,6,35,5,-1,5,35,36,-1,5,36,37,-1,38,39,40,-1,41,42,43,-1,43,44,41,-1,41,44,45,-1,41,45,10,-1,10,45,46,-1,10,46,47,-1,5,48,49,-1,14,50,12,-1,12,50,51,-1,12,51,52,-1,52,51,17,-1,20,53,12,-1,12,53,54,-1,12,54,28,-1,8,7,23,-1,23,7,55,-1,23,55,21,-1,22,56,23,-1,23,56,57,-1,23,57,58,-1,47,59,10,-1,10,59,60,-1,10,60,11,-1,31,61,12,-1,12,61,62,-1,12,62,13,-1,63,15,49,-1,49,15,17,-1,49,17,5,-1,5,17,51,-1,5,51,3,-1,18,12,64,-1,64,12,65,-1,64,65,66,-1,66,67,64,-1,64,67,68,-1,64,68,69,-1,32,70,71,-1,72,73,74,-1,74,73,23,-1,74,23,75,-1,75,23,58,-1,76,77,78,-1,78,77,79,-1,77,80,79,-1,79,80,81,-1,79,81,74,-1,74,81,82,-1,74,82,72,-1,37,83,5,-1,5,83,84,-1,5,84,85,-1,85,84,25,-1,85,25,86,-1,86,25,27,-1,42,41,87,-1,87,41,88,-1,87,88,40,-1,40,88,89,-1,40,89,38,-1,64,90,91,-1,91,90,92,-1,71,93,32,-1,32,93,94,-1,32,94,34,-1,95,96,62,-1,62,96,97,-1,62,97,13,-1,69,98,64,-1,64,98,99,-1,64,99,90,-1,95,100,96,-1,96,100,101,-1,96,101,102,-1,102,103,96,-1,96,103,104,-1,96,104,11,-1,11,104,105,-1,11,105,9,-1,68,106,107,-1,68,107,69,-1,69,107,108,-1,69,108,98,-1,98,108,109,-1,98,109,99,-1,99,109,110,-1,99,110,90,-1,90,110,111,-1,90,111,92,-1,92,111,112,-1,92,112,91,-1,91,112,113,-1,91,113,64,-1,
        ]
    }
}
Shape{
    appearance Appearance {
        material  Material 	{
            diffuseColor 0.25098039215686274 0.25098039215686274 0.25098039215686274
            specularColor 0.12549019607843137 0.12549019607843137 0.12549019607843137
            ambientIntensity 0.2
            transparency 0
            shininess 0.5
        }
    }
    geometry IndexedFaceSet {
        ccw TRUE
        solid FALSE
        coord DEF co Coordinate {
            point [
                6.7657 0.102 -0.8872, 6.9016 0.102 -0.8872, 6.7657 -0.1825 -0.8872, 6.9016 -0.4935 -0.8872, 6.4862 -0.1825 -0.8872, 6.4862 -0.4935 -0.8872, 7.0217 -0.9778 -0.6235, 7.0472 -0.9326 -0.6686, 7.0217 -0.781 -0.6235, 7.0472 -0.8261 -0.6686, 7.0217 -0.9778 -0.8006, 7.0472 -0.9326 -0.7555, 7.0217 0.0587 -0.655, 7.0217 0.1207 -0.8369, 6.7657 0.0587 -0.655, 6.7657 0.1207 -0.8369, 7.0217 0.1217 -0.8433, 6.7657 0.1217 -0.8433, 6.7657 0.1215 -0.84, 7.0217 0.1215 -0.84, 6.7657 0.1217 -0.8676, 7.0217 0.1217 -0.8676, 7.0217 0.102 -0.8872, 6.9606 0.102 -0.8872, 6.9606 0.1064 -0.8868, 6.7657 0.1064 -0.8868, 6.9016 0.1064 -0.8868, 7.0217 0.1106 -0.8853, 6.9606 0.1086 -0.8861, 6.9016 0.1086 -0.8861, 7.0217 0.1064 -0.8868, 6.7657 0.1106 -0.8853, 6.7657 0.1143 -0.883, 7.0217 0.1143 -0.883, 6.7657 0.1174 -0.8798, 7.0217 0.1174 -0.8798, 6.7657 0.1198 -0.8761, 7.0217 0.1198 -0.8761, 6.7657 0.1212 -0.8719, 7.0217 0.1212 -0.8719, 7.0217 0.1212 -0.8719
            ]
        }
        coordIndex [
            0,1,2,-1,2,1,3,-1,2,3,4,-1,4,3,5,-1,6,7,8,-1,8,7,9,-1,10,11,6,-1,6,11,7,-1,12,13,14,-1,14,13,15,-1,16,17,18,-1,16,18,19,-1,19,18,15,-1,19,15,13,-1,20,17,21,-1,21,17,16,-1,22,23,24,-1,0,25,1,-1,1,25,26,-1,27,28,29,-1,28,27,24,-1,24,27,30,-1,24,30,22,-1,26,25,29,-1,29,25,31,-1,29,31,27,-1,27,31,32,-1,27,32,33,-1,33,32,34,-1,33,34,35,-1,35,34,36,-1,35,36,37,-1,37,36,38,-1,37,38,39,-1,39,38,20,-1,39,20,21,-1,
        ]
    }
}
Shape{
    appearance Appearance {
        material  Material 	{
            diffuseColor 1.0 1.0 1.0
            specularColor 0.5019607843137255 0.5019607843137255 0.5019607843137255
            ambientIntensity 0.2
            transparency 0
            shininess 0.5
        }
    }
    geometry IndexedFaceSet {
        ccw TRUE
        solid FALSE
        coord DEF co Coordinate {
            point [
                7.0217 -0.4935 -0.8872, 6.9606 -0.4935 -0.8872, 7.0217 0.102 -0.8872, 6.9606 0.102 -0.8872, 6.9606 -0.4935 -0.884, 7.0217 -0.4935 -0.8006, 6.9016 -0.4935 -0.884, 6.4862 -0.4935 -0.8006, 6.9016 -0.4935 -0.8872, 6.4862 -0.4935 -0.8872, 7.0217 -0.781 -0.6235, 7.0472 -0.8261 -0.6686, 7.0217 -0.781 -0.8006, 7.0472 -0.8261 -0.7555, 7.0472 -0.8261 -0.7555
            ]
        }
        coordIndex [
            0,1,2,-1,2,1,3,-1,1,0,4,-1,4,0,5,-1,4,5,6,-1,6,5,7,-1,6,7,8,-1,8,7,9,-1,10,11,12,-1,12,11,13,-1,
        ]
    }
}
Shape{
    appearance Appearance {
        material  Material 	{
            diffuseColor 0.25098039215686274 0.25098039215686274 0.25098039215686274
            specularColor 0.12549019607843137 0.12549019607843137 0.12549019607843137
            ambientIntensity 0.2
            transparency 0
            shininess 0.5
        }
    }
    geometry IndexedFaceSet {
        ccw TRUE
        solid FALSE
        coord DEF co Coordinate {
            point [
                6.4862 0.0596 -0.9384, 6.3504 0.0596 -0.9384, 6.3504 0.0647 -0.9378, 6.4862 0.0647 -0.9378, 6.3504 0.0695 -0.9358, 6.4862 0.0695 -0.9358, 6.3504 0.0736 -0.9327, 6.4862 0.0736 -0.9327, 6.3504 0.0767 -0.9286, 6.4862 0.0767 -0.9286, 6.3504 0.0787 -0.9238, 6.4862 0.0787 -0.9238, 6.3504 0.0793 -0.9187, 6.4862 0.0793 -0.9187, 6.9016 -1.017 -0.8006, 6.9606 -1.017 -0.8006, 7.0217 -1.0959 -0.8006, 6.2992 -1.0959 -0.8006, 6.2992 -0.8991 -0.8006, 6.4862 -0.8991 -0.8006, 7.0217 -0.781 -0.8006, 6.9606 -0.8602 -0.8006, 6.9016 -0.8602 -0.8006, 7.0217 -0.9778 -0.8006, 7.0217 -0.4935 -0.8006, 6.4862 -0.4935 -0.8006, 7.0217 0.0587 -0.655, 6.7657 0.0587 -0.655, 7.0217 -0.3243 -0.655, 6.7657 -0.3243 -0.655, 6.3668 -0.2613 -0.7046, 6.2205 -0.2613 -0.7022, 6.3733 -0.2613 -0.7026, 6.378 -0.2613 -0.7022, 6.2476 -0.2613 -0.7252, 6.2457 -0.2613 -0.7187, 6.3527 -0.2613 -0.7187, 6.2422 -0.2613 -0.7128, 6.2374 -0.2613 -0.708, 6.361 -0.2613 -0.708, 6.3562 -0.2613 -0.7128, 6.2251 -0.2613 -0.7026, 6.2316 -0.2613 -0.7046, 6.3504 -0.2613 -0.7298, 6.3504 -0.2613 -0.9384, 6.248 -0.2613 -0.9384, 6.3508 -0.2613 -0.7252, 6.248 -0.2613 -0.7298, 6.4862 -0.1825 -0.8872, 6.4862 -0.1825 -0.7022, 6.7657 -0.1825 -0.8872, 6.7657 -0.1825 -0.7022, 6.7657 -0.3065 -0.7022, 6.7657 0.1207 -0.8369, 6.7657 0.1215 -0.84, 6.7657 0.1217 -0.8433, 6.7657 0.102 -0.8872, 6.7657 0.1217 -0.8676, 6.7657 0.1064 -0.8868, 6.7657 0.1106 -0.8853, 6.7657 0.1212 -0.8719, 6.7657 0.1198 -0.8761, 6.7657 0.1174 -0.8798, 6.7657 0.1143 -0.883, 7.0217 -0.3951 -0.466, 7.0217 -1.0959 -0.5447, 7.0217 -0.9778 -0.6235, 7.0217 -1.0932 -0.5244, 7.0217 -1.0854 -0.5054, 7.0217 -0.4935 -0.8872, 7.0217 0.1207 -0.8369, 7.0217 -1.0376 -0.4687, 7.0217 -1.0565 -0.4765, 7.0217 -1.0728 -0.4891, 7.0217 0.1064 -0.8868, 7.0217 0.1217 -0.8676, 7.0217 0.102 -0.8872, 7.0217 0.1217 -0.8433, 7.0217 0.1215 -0.84, 7.0217 -0.781 -0.6235, 7.0217 -1.0172 -0.466, 7.0217 0.1174 -0.8798, 7.0217 0.1143 -0.883, 7.0217 0.1106 -0.8853, 7.0217 0.1198 -0.8761, 7.0217 0.1212 -0.8719, 6.2992 -1.0959 -0.5447, 6.3504 0.0793 -0.8582, 6.4862 0.0793 -0.8582, 6.4862 -0.4935 -0.8872, 6.4862 0.0104 -0.7022, 6.4862 -0.8991 -0.9384, 6.3529 0.0177 -0.7187, 6.3522 0.0183 -0.72, 6.3509 0.0206 -0.7252, 6.3505 0.0213 -0.7269, 6.3504 0.0226 -0.7298, 6.3611 0.013 -0.7081, 6.3603 0.0132 -0.7086, 6.3563 0.0151 -0.7129, 6.3557 0.0154 -0.7135, 6.3734 0.0106 -0.7027, 6.3718 0.0107 -0.7029, 6.3669 0.0115 -0.7047, 6.3657 0.0117 -0.7051, 6.378 0.0104 -0.7022, 6.3504 0.0643 -0.8688, 6.3504 0.0236 -0.732, 6.3504 0.0056 -0.736, 6.3504 -0.0323 -0.8422, 6.3504 -0.0209 -0.8566, 6.3504 -0.0063 -0.8677, 6.3504 0.0472 -0.8754, 6.3504 -0.0246 -0.7564, 6.3504 -0.0349 -0.7716, 6.3504 0.0107 -0.8748, 6.3504 0.0289 -0.8774, 6.3504 -0.0108 -0.7443, 6.3504 -0.0411 -0.7889, 6.3504 -0.0427 -0.8072, 6.3504 -0.0397 -0.8254, 6.248 0.0793 -0.8582, 6.248 0.0643 -0.8688, 6.248 0.0472 -0.8754, 6.248 0.0289 -0.8774, 6.248 0.0107 -0.8748, 6.248 -0.0063 -0.8677, 6.248 -0.0209 -0.8566, 6.248 -0.0323 -0.8422, 6.248 -0.0397 -0.8254, 6.248 -0.0427 -0.8072, 6.248 -0.0411 -0.7889, 6.248 -0.0349 -0.7716, 6.248 -0.0246 -0.7564, 6.248 -0.0108 -0.7443, 6.248 0.0056 -0.736, 6.248 0.0236 -0.732, 6.248 0.0236 -0.732
            ]
        }
        coordIndex [
            0,1,2,-1,0,2,3,-1,3,2,4,-1,3,4,5,-1,5,4,6,-1,5,6,7,-1,7,6,8,-1,7,8,9,-1,9,8,10,-1,9,10,11,-1,11,10,12,-1,11,12,13,-1,14,15,16,-1,17,18,19,-1,20,21,22,-1,21,20,15,-1,15,20,23,-1,15,23,16,-1,24,20,25,-1,25,20,22,-1,25,22,19,-1,19,22,14,-1,19,14,17,-1,17,14,16,-1,26,27,28,-1,28,27,29,-1,30,31,32,-1,32,31,33,-1,34,35,36,-1,36,35,37,-1,36,37,38,-1,30,39,31,-1,31,39,40,-1,31,40,41,-1,41,40,36,-1,41,36,42,-1,42,36,38,-1,43,44,45,-1,36,46,34,-1,34,46,43,-1,34,43,47,-1,47,43,45,-1,48,49,50,-1,50,49,51,-1,52,29,51,-1,51,29,27,-1,51,27,50,-1,50,27,53,-1,53,54,50,-1,50,54,55,-1,50,55,56,-1,56,55,57,-1,56,57,58,-1,58,57,59,-1,60,61,62,-1,60,62,57,-1,57,62,63,-1,57,63,59,-1,24,28,64,-1,16,23,65,-1,65,23,66,-1,65,66,67,-1,67,66,68,-1,24,69,28,-1,28,69,70,-1,28,70,26,-1,71,72,66,-1,66,72,73,-1,66,73,68,-1,74,75,76,-1,76,75,77,-1,76,77,69,-1,69,77,78,-1,69,78,70,-1,20,24,79,-1,79,24,64,-1,79,64,66,-1,66,64,80,-1,66,80,71,-1,81,74,82,-1,82,74,83,-1,81,84,74,-1,74,84,85,-1,74,85,75,-1,17,16,86,-1,86,16,65,-1,87,88,12,-1,12,88,13,-1,89,25,19,-1,5,7,48,-1,48,7,9,-1,48,9,11,-1,90,49,88,-1,88,49,48,-1,88,48,13,-1,13,48,11,-1,19,91,89,-1,89,91,0,-1,89,0,48,-1,48,0,3,-1,48,3,5,-1,46,36,92,-1,92,93,46,-1,46,93,94,-1,46,94,43,-1,43,94,95,-1,43,95,96,-1,40,39,97,-1,97,98,40,-1,40,98,99,-1,40,99,36,-1,36,99,100,-1,36,100,92,-1,101,102,30,-1,30,102,103,-1,30,103,39,-1,39,103,104,-1,39,104,97,-1,30,32,101,-1,101,32,33,-1,101,33,105,-1,106,87,12,-1,96,107,108,-1,109,110,44,-1,44,110,111,-1,44,111,1,-1,8,6,112,-1,113,114,43,-1,111,115,1,-1,1,115,116,-1,1,116,2,-1,2,116,112,-1,2,112,4,-1,4,112,6,-1,96,108,43,-1,43,108,117,-1,43,117,113,-1,114,118,43,-1,43,118,119,-1,43,119,44,-1,44,119,120,-1,44,120,109,-1,106,12,112,-1,112,12,10,-1,112,10,8,-1,121,87,106,-1,121,106,122,-1,122,106,112,-1,122,112,123,-1,123,112,116,-1,123,116,124,-1,124,116,115,-1,124,115,125,-1,125,115,111,-1,125,111,126,-1,126,111,110,-1,126,110,127,-1,127,110,109,-1,127,109,128,-1,128,109,120,-1,128,120,129,-1,129,120,119,-1,129,119,130,-1,130,119,118,-1,130,118,131,-1,131,118,114,-1,131,114,132,-1,132,114,113,-1,132,113,133,-1,133,113,117,-1,133,117,134,-1,134,117,108,-1,134,108,135,-1,135,108,107,-1,135,107,136,-1,
        ]
    }
}
Shape{
    appearance Appearance {
        material  Material 	{
            diffuseColor 0.7529411764705882 0.7529411764705882 0.7529411764705882
            specularColor 0.3764705882352941 0.3764705882352941 0.3764705882352941
            ambientIntensity 0.2
            transparency 0
            shininess 0.5
        }
    }
    geometry IndexedFaceSet {
        ccw TRUE
        solid FALSE
        coord DEF co Coordinate {
            point [
                6.9606 0.1404 -0.8896, 6.9606 0.218 -0.9189, 6.9016 0.1404 -0.8896, 6.9016 0.218 -0.9189, 6.9016 0.218 -0.9189
            ]
        }
        coordIndex [
            0,1,2,-1,2,1,3,-1,
        ]
    }
}
Shape{
    appearance Appearance {
        material  Material 	{
            diffuseColor 1.0 1.0 1.0
            specularColor 0.5019607843137255 0.5019607843137255 0.5019607843137255
            ambientIntensity 0.2
            transparency 0
            shininess 0.5
        }
    }
    geometry IndexedFaceSet {
        ccw TRUE
        solid FALSE
        coord DEF co Coordinate {
            point [
                6.5098 0.1707 -1.0329, 6.6476 -0.0065 -1.0329, 6.5098 0.1707 -0.8085, 6.6476 -0.0065 -0.8085, 6.5098 0.6038 -0.8597, 6.5098 0.6038 -1.0093, 6.5098 0.4739 -0.8597, 6.5098 0.4345 -1.0093, 6.5098 0.2101 -0.8085, 6.5098 0.1983 -1.0329, 6.3327 0.4739 -0.8597, 6.3327 0.6038 -0.8597, 6.3327 0.6038 -1.0093, 6.3327 0.4345 -1.0093, 6.3327 0.1983 -1.0329, 6.3327 -0.0616 -1.0329, 6.3327 -0.1009 -1.0487, 6.8957 -0.0616 -1.0329, 6.8957 -0.1009 -1.0487, 6.8957 -0.6718 -1.0487, 6.5886 -0.6718 -1.0487, 6.5098 -0.7309 -1.0487, 6.3327 -0.7387 -1.0487, 6.5098 -0.7387 -1.0487, 6.5098 -0.7309 -0.8639, 6.5098 -1.0143 -0.8085, 6.5098 -1.0301 -1.1207, 6.5098 -1.0301 -0.8085, 6.5886 -0.6718 -0.8754, 6.8917 -1.0143 -0.8085, 6.8957 -0.6718 -0.8754, 6.8957 -1.0104 -0.8093, 7.1693 0.0329 -0.8991, 7.1693 0.6235 -0.8991, 7.1693 0.0329 -0.6628, 7.1693 0.6235 -0.6628, 6.9016 0.2383 -0.9266, 6.9016 0.218 -0.9266, 6.8957 0.218 -0.9266, 6.9626 0.6235 -0.9266, 6.9626 0.218 -0.9266, 6.9606 0.2383 -0.9266, 6.9606 0.218 -0.9266, 6.8957 0.6235 -0.9266, 6.9016 0.3128 -0.9266, 6.9606 0.3128 -0.9266, 6.9606 0.3803 -0.9266, 6.9016 0.3803 -0.9266, 7.002 0.6235 -0.9699, 7.002 0.277 -0.9699, 6.9626 0.6235 -0.9699, 6.9626 0.277 -0.9699, 7.002 0.6235 -1.029, 7.002 0.277 -1.029, 6.9626 0.6235 -1.029, 6.9626 0.277 -1.029, 6.9626 0.1195 -0.8951, 6.9626 0.218 -0.8951, 6.9626 -0.2072 -1.0093, 6.9626 -0.1049 -1.0684, 6.9626 -0.6128 -1.0093, 6.9626 -0.9671 -1.0684, 6.9626 -0.6128 -0.9227, 6.9626 -0.9671 -0.9227, 6.9626 -0.1049 -1.0723, 6.9626 0.6235 -1.0723, 6.9606 -0.0154 -1.0723, 6.8957 -0.1049 -1.0723, 6.9016 -0.0154 -1.0723, 6.8957 0.6235 -1.0723, 6.9016 0.5427 -1.0723, 6.9606 0.5427 -1.0723, 6.8957 -1.0104 -1.1353, 6.8957 -0.0576 -1.1353, 6.8957 -0.1049 -1.1117, 6.8957 0.218 -1.0329, 7.2441 -0.1049 -1.1117, 7.2441 -0.0576 -1.1353, 7.2441 -0.1049 -1.0684, 7.2441 0.6235 -0.6628, 7.2441 0.0329 -0.6628, 7.2441 0.0329 -0.8991, 7.2441 0.6235 -0.8991, 7.2441 -1.0065 -1.0684, 7.002 -1.0065 -1.0684, 7.002 -1.0065 -0.9227, 7.0472 -1.0065 -0.9227, 7.0472 -0.6128 -0.9227, 7.0472 0.277 -0.6038, 7.0472 0.218 -0.8006, 7.0472 0.277 -0.8006, 7.0472 0.218 -0.8951, 7.0472 0.1195 -0.8951, 7.0472 -0.8261 -0.7555, 7.0472 -0.9326 -0.7555, 7.0472 -0.9326 -0.6686, 7.0472 -1.0065 -0.6038, 7.0472 -0.8261 -0.6686, 7.0472 -0.2072 -1.0093, 7.0472 -0.6128 -1.0093, 6.9606 0.218 -0.9189, 6.9016 0.218 -0.9189, 6.7323 0.218 -0.8006, 6.7323 0.218 -1.0329, 6.7323 -0.0065 -1.0329, 6.7323 -0.0065 -0.8085, 6.7323 0.277 -0.8006, 6.3524 0.8794 -0.655, 6.3524 0.8794 -1.1353, 6.3327 0.8597 -0.655, 6.3327 0.8597 -1.1353, 6.7323 0.2101 -0.8085, 6.3327 0.2101 -0.8085, 6.3327 0.8164 -1.1353, 6.3327 -1.0891 -1.1353, 6.3327 0.2101 -0.655, 6.5689 -1.0891 -1.1353, 6.5689 -1.0891 -0.8085, 6.8169 -1.0891 -0.8085, 6.8169 -1.0891 -1.1353, 7.2441 0.6235 -1.1353, 6.7717 0.6235 -1.1353, 6.6693 0.8164 -1.1353, 6.6693 -1.0891 -1.1353, 6.7717 0.8794 -1.1353, 6.6693 0.8164 -1.214, 6.6693 -1.0891 -1.214, 6.7717 0.6235 -0.5447, 6.7717 0.8794 -0.5447, 7.2441 0.6235 -0.5447, 7.2441 -1.0065 -0.5447, 7.1063 -1.0065 -0.5447, 7.1063 0.277 -0.5447, 6.7323 0.277 -0.5447, 6.7323 0.2101 -0.5447, 6.7323 0.2101 -0.5447
            ]
        }
        coordIndex [
            0,1,2,-1,2,1,3,-1,4,5,6,-1,6,5,7,-1,6,7,8,-1,8,7,9,-1,8,9,2,-1,2,9,0,-1,6,10,4,-1,4,10,11,-1,4,11,5,-1,5,11,12,-1,5,12,7,-1,7,12,13,-1,7,13,9,-1,9,13,14,-1,15,16,17,-1,17,16,18,-1,19,18,20,-1,20,18,16,-1,20,16,21,-1,21,16,22,-1,21,22,23,-1,24,21,23,-1,24,23,25,-1,25,23,26,-1,25,26,27,-1,24,25,28,-1,28,25,29,-1,28,29,30,-1,30,29,31,-1,32,33,34,-1,34,33,35,-1,36,37,38,-1,39,40,41,-1,41,40,42,-1,38,43,36,-1,36,43,44,-1,36,44,41,-1,41,44,45,-1,41,45,39,-1,39,45,46,-1,39,46,43,-1,43,46,47,-1,43,47,44,-1,48,49,50,-1,50,49,51,-1,52,53,48,-1,48,53,49,-1,54,55,52,-1,52,55,53,-1,39,50,40,-1,40,50,51,-1,40,51,55,-1,56,57,40,-1,58,59,60,-1,60,59,61,-1,60,61,62,-1,62,61,63,-1,58,56,59,-1,59,56,40,-1,59,40,64,-1,64,40,55,-1,64,55,65,-1,65,55,54,-1,66,64,65,-1,64,66,67,-1,67,66,68,-1,67,68,69,-1,69,68,70,-1,69,70,65,-1,65,70,71,-1,65,71,66,-1,72,73,74,-1,30,31,19,-1,19,31,72,-1,43,38,69,-1,69,38,75,-1,69,75,67,-1,72,74,19,-1,19,74,67,-1,19,67,18,-1,18,67,75,-1,18,75,17,-1,74,73,76,-1,76,73,77,-1,67,74,64,-1,64,74,76,-1,64,76,59,-1,59,76,78,-1,35,79,34,-1,34,79,80,-1,34,80,32,-1,32,80,81,-1,32,81,33,-1,33,81,82,-1,59,78,61,-1,61,78,83,-1,61,83,84,-1,85,63,84,-1,84,63,61,-1,85,86,63,-1,63,86,87,-1,63,87,62,-1,87,88,89,-1,89,88,90,-1,89,91,92,-1,93,87,94,-1,94,87,86,-1,94,86,95,-1,95,86,96,-1,95,96,97,-1,97,96,88,-1,97,88,93,-1,93,88,87,-1,89,92,87,-1,87,92,98,-1,87,98,99,-1,42,40,100,-1,100,40,57,-1,37,101,38,-1,38,101,102,-1,38,102,75,-1,75,102,103,-1,91,89,57,-1,57,89,102,-1,57,102,100,-1,100,102,101,-1,17,75,103,-1,103,104,17,-1,17,104,1,-1,17,1,15,-1,15,1,14,-1,14,1,0,-1,14,0,9,-1,1,104,3,-1,3,104,105,-1,90,106,89,-1,89,106,102,-1,107,108,109,-1,109,108,110,-1,3,105,2,-1,2,105,111,-1,2,111,8,-1,8,112,6,-1,6,112,10,-1,109,110,113,-1,113,114,16,-1,16,114,22,-1,112,115,10,-1,10,115,109,-1,10,109,11,-1,11,109,113,-1,11,113,12,-1,16,15,14,-1,16,14,113,-1,113,14,13,-1,113,13,12,-1,23,22,26,-1,26,22,114,-1,26,114,116,-1,117,27,116,-1,116,27,26,-1,27,117,25,-1,25,117,118,-1,25,118,29,-1,118,119,29,-1,29,119,72,-1,29,72,31,-1,120,77,121,-1,121,77,73,-1,113,110,122,-1,122,110,108,-1,72,119,73,-1,73,119,123,-1,73,123,121,-1,121,123,122,-1,121,122,124,-1,124,122,108,-1,122,123,125,-1,125,123,126,-1,127,121,128,-1,128,121,124,-1,35,39,43,-1,65,120,121,-1,65,54,52,-1,129,79,35,-1,129,35,127,-1,127,35,43,-1,127,43,121,-1,121,43,69,-1,121,69,65,-1,50,39,48,-1,48,39,35,-1,48,35,52,-1,52,35,33,-1,52,33,65,-1,65,33,82,-1,65,82,120,-1,130,83,78,-1,79,129,80,-1,80,129,130,-1,80,130,81,-1,81,130,78,-1,120,82,77,-1,77,82,81,-1,77,81,76,-1,76,81,78,-1,85,84,86,-1,86,84,83,-1,86,83,96,-1,96,83,130,-1,96,130,131,-1,88,96,132,-1,132,96,131,-1,106,90,133,-1,133,90,88,-1,133,88,132,-1,111,105,104,-1,102,106,133,-1,104,103,111,-1,111,103,102,-1,111,102,134,-1,134,102,133,-1,
        ]
    }
}
Shape{
    appearance Appearance {
        material  Material 	{
            diffuseColor 0.25098039215686274 0.25098039215686274 0.25098039215686274
            specularColor 0.12549019607843137 0.12549019607843137 0.12549019607843137
            ambientIntensity 0.2
            transparency 0
            shininess 0.5
        }
    }
    geometry IndexedFaceSet {
        ccw TRUE
        solid FALSE
        coord DEF co Coordinate {
            point [
                6.2992 -0.8991 -0.7101, 6.2992 -0.8991 -0.8006, 6.2992 -1.0565 -0.7101, 6.2992 -1.0959 -0.8006, 6.2992 -1.0565 -0.4765, 6.2992 -1.0959 -0.5447, 6.2992 -1.0932 -0.5244, 6.2992 -1.0854 -0.5054, 6.2992 -1.0728 -0.4891, 6.2992 -1.0728 -0.4891
            ]
        }
        coordIndex [
            0,1,2,-1,2,1,3,-1,2,3,4,-1,4,3,5,-1,6,7,5,-1,5,7,8,-1,5,8,4,-1,
        ]
    }
}
Shape{
    appearance Appearance {
        material  Material 	{
            diffuseColor 1.0 1.0 1.0
            specularColor 0.5019607843137255 0.5019607843137255 0.5019607843137255
            ambientIntensity 0.2
            transparency 0
            shininess 0.5
        }
    }
    geometry IndexedFaceSet {
        ccw TRUE
        solid FALSE
        coord DEF co Coordinate {
            point [
                5.4783 0.8164 -1.1353, 5.4783 -1.0891 -1.1353, 5.5453 0.8164 -1.1353, 5.5453 -1.0891 -1.1353, 5.4783 0.2101 -0.655, 5.4783 0.2101 -0.8085, 5.4783 0.8597 -0.655, 5.4783 0.4739 -0.8597, 5.4783 0.6038 -0.8597, 5.4783 0.6038 -1.0093, 5.4783 0.8597 -1.1353, 5.4783 -0.7387 -1.0487, 5.4783 -0.1009 -1.0487, 5.4783 -0.0616 -1.0329, 5.4783 0.1983 -1.0329, 5.4783 0.4345 -1.0093, 5.1516 -1.0891 -1.1353, 5.1516 -0.7387 -1.0487, 5.1516 -0.1009 -1.0487, 5.1516 0.8597 -0.655, 5.1516 0.8597 -1.1353, 5.1516 0.8164 -1.1353, 5.1516 -0.0616 -1.0329, 5.1516 0.1983 -1.0329, 5.1516 0.4345 -1.0093, 5.1516 0.2101 -0.8085, 5.1516 0.2101 -0.655, 5.1516 0.4739 -0.8597, 5.1516 0.6038 -0.8597, 5.1516 0.6038 -1.0093, 5.3484 -0.7387 -1.0487, 5.3484 -1.0891 -1.1353, 5.3445 0.6968 -1.1353, 5.3445 0.5926 -1.1353, 5.3484 0.8164 -1.1353, 5.2854 0.6968 -1.1353, 5.2815 0.8164 -1.1353, 5.2854 0.5926 -1.1353, 5.2815 -1.0891 -1.1353, 5.2815 -0.7387 -1.0487, 5.2815 0.2101 -0.8085, 5.2815 0.4739 -0.8597, 5.2815 -0.1009 -1.0487, 5.2815 0.2101 -0.655, 5.2815 0.8597 -0.655, 5.2815 0.6038 -0.8597, 5.2815 0.6038 -1.0093, 5.2815 0.8597 -1.1353, 5.2815 -0.0616 -1.0329, 5.2815 0.1983 -1.0329, 5.2815 0.4345 -1.0093, 5.2854 0.6817 -0.655, 5.3445 0.6817 -0.655, 5.3484 0.2101 -0.655, 5.3484 0.8597 -0.655, 5.2618 0.8794 -0.655, 5.3681 0.8794 -0.655, 5.3445 0.7343 -0.655, 5.2854 0.7343 -0.655, 5.3484 -0.1009 -1.0487, 5.3484 0.8597 -1.1353, 5.3484 -0.0616 -1.0329, 5.3484 0.1983 -1.0329, 5.3484 0.4345 -1.0093, 5.3484 0.2101 -0.8085, 5.3484 0.4739 -0.8597, 5.3484 0.6038 -0.8597, 5.3484 0.6038 -1.0093, 5.5453 0.2101 -0.655, 5.5453 0.8597 -0.655, 5.565 0.8794 -0.655, 5.4587 0.8794 -0.655, 5.1713 0.8794 -0.655, 5.1713 0.8794 -1.1353, 5.4587 0.8794 -1.1353, 5.3681 0.8794 -1.1353, 5.2618 0.8794 -1.1353, 5.2618 0.8794 -1.1353
            ]
        }
        coordIndex [
            0,1,2,-1,2,1,3,-1,4,5,6,-1,6,5,7,-1,6,7,8,-1,8,9,6,-1,6,9,0,-1,6,0,10,-1,11,1,12,-1,12,1,0,-1,13,12,14,-1,14,12,0,-1,14,0,15,-1,15,0,9,-1,16,17,18,-1,19,20,21,-1,18,22,23,-1,16,18,21,-1,21,18,23,-1,21,23,24,-1,25,26,27,-1,27,26,19,-1,27,19,28,-1,28,19,21,-1,28,21,29,-1,29,21,24,-1,11,30,1,-1,1,30,31,-1,32,33,34,-1,32,34,35,-1,35,34,36,-1,35,36,37,-1,37,36,38,-1,37,38,33,-1,33,38,31,-1,33,31,34,-1,39,17,38,-1,38,17,16,-1,40,25,41,-1,41,25,27,-1,39,38,42,-1,42,38,36,-1,43,40,44,-1,44,40,41,-1,44,41,45,-1,45,46,44,-1,44,46,36,-1,44,36,47,-1,48,42,49,-1,49,42,36,-1,49,36,50,-1,50,36,46,-1,51,52,53,-1,53,52,54,-1,55,56,44,-1,44,56,54,-1,52,57,54,-1,54,57,58,-1,54,58,44,-1,44,58,51,-1,44,51,43,-1,43,51,53,-1,31,30,59,-1,54,60,34,-1,59,61,62,-1,31,59,34,-1,34,59,62,-1,34,62,63,-1,64,53,65,-1,65,53,54,-1,65,54,66,-1,66,54,34,-1,66,34,67,-1,67,34,63,-1,5,64,7,-1,7,64,65,-1,68,4,69,-1,69,4,6,-1,69,6,70,-1,70,6,71,-1,72,73,19,-1,19,73,20,-1,6,10,71,-1,71,10,74,-1,10,0,34,-1,74,10,75,-1,75,10,34,-1,75,34,60,-1,56,75,54,-1,54,75,60,-1,44,47,55,-1,55,47,76,-1,36,21,20,-1,73,76,20,-1,20,76,47,-1,20,47,36,-1,
        ]
    }
}
Shape{
    appearance Appearance {
        material  Material 	{
            diffuseColor 1.0 1.0 0.5019607843137255
            specularColor 0.5019607843137255 0.5019607843137255 0.25098039215686274
            ambientIntensity 0.2
            transparency 0
            shininess 0.5
        }
    }
    geometry IndexedFaceSet {
        ccw TRUE
        solid FALSE
        coord DEF co Coordinate {
            point [
                5.3445 0.7323 -0.6626, 5.3445 0.7343 -0.655, 5.3445 0.6817 -0.655, 5.3445 0.8164 -1.2337, 5.3445 0.9993 -1.0408, 5.3445 0.9975 -1.0279, 5.3445 0.7202 -1.1298, 5.3445 0.7304 -1.1233, 5.3445 0.7389 -1.1146, 5.3445 0.9507 -0.8419, 5.3445 0.8119 -1.1039, 5.3445 0.8 -1.0975, 5.3445 0.9365 -0.836, 5.3445 0.7868 -1.0943, 5.3445 1.0544 -1.0984, 5.3445 1.067 -1.0998, 5.3445 1.155 -1.2337, 5.3445 1.155 -1.153, 5.3445 0.8218 -1.1131, 5.3445 0.8291 -1.1246, 5.3445 0.8332 -1.1375, 5.3445 0.7088 -1.1339, 5.3445 0.7732 -1.0945, 5.3445 0.9242 -0.8266, 5.3445 0.7602 -1.0982, 5.3445 0.9148 -0.8144, 5.3445 0.6315 -0.9825, 5.3445 0.6268 -0.9953, 5.3445 0.5926 -1.1353, 5.3445 0.6194 -1.0068, 5.3445 0.6095 -1.0162, 5.3445 0.7318 -0.6705, 5.3445 1.0034 -1.0026, 5.3445 1.0054 -0.9991, 5.3445 1.0054 -0.8439, 5.3445 0.834 -1.151, 5.3445 0.8312 -1.1643, 5.3445 0.8252 -1.1765, 5.3445 0.8164 -1.214, 5.3445 0.7485 -1.105, 5.3445 0.6968 -1.1353, 5.3445 0.0547 -0.9964, 5.3445 -0.0163 -1.064, 5.3445 0.1023 -1.0606, 5.3445 0.0809 -0.7444, 5.3445 0.0941 -0.7588, 5.3445 0.6448 -0.6628, 5.3445 0.2216 -0.7969, 5.3445 0.8244 -0.6968, 5.3445 0.9069 -0.6553, 5.3445 0.8316 -0.6856, 5.3445 0.8796 -0.6553, 5.3445 1.0425 -1.0941, 5.3445 1.0319 -1.0872, 5.3445 1.0231 -1.078, 5.3445 0.9989 -1.0149, 5.3445 0.966 -0.8439, 5.3445 0.5977 -1.023, 5.3445 0.5846 -1.027, 5.3445 0.5835 -1.1346, 5.3445 0.571 -1.0279, 5.3445 0.1131 -1.0613, 5.3445 0.1697 -1.0073, 5.3445 0.1589 -1.0058, 5.3445 -0.0923 -0.6644, 5.3445 -0.0258 -0.7491, 5.3445 -0.0788 -0.6628, 5.3445 -0.0104 -0.737, 5.3445 0.0074 -0.7292, 5.3445 0.0267 -0.7259, 5.3445 0.0461 -0.7275, 5.3445 0.0646 -0.7338, 5.3445 0.777 -0.7156, 5.3445 0.7642 -0.7123, 5.3445 0.6254 -0.8346, 5.3445 0.7525 -0.706, 5.3445 0.6162 -0.8225, 5.3445 0.7428 -0.697, 5.3445 0.6043 -0.8131, 5.3445 0.7357 -0.6858, 5.3445 0.733 -0.6784, 5.3445 1.0092 -1.0603, 5.3445 1.0042 -1.0529, 5.3445 -0.1052 -0.6691, 5.3445 -0.1166 -0.6766, 5.3445 -0.0377 -0.7645, 5.3445 -0.126 -0.6865, 5.3445 -0.1378 -0.7022, 5.3445 0.2066 -0.7985, 5.3445 0.1034 -0.7759, 5.3445 0.1652 -0.8083, 5.3445 0.1094 -0.7871, 5.3445 0.1178 -0.7965, 5.3445 0.5753 -0.8047, 5.3445 0.5903 -0.807, 5.3445 0.6583 -0.6611, 5.3445 0.8677 -0.6566, 5.3445 0.8564 -0.6606, 5.3445 0.8148 -0.7059, 5.3445 0.8031 -0.7123, 5.3445 0.7903 -0.7156, 5.3445 1.1532 -1.1392, 5.3445 1.1478 -1.1264, 5.3445 1.1394 -1.1154, 5.3445 0.8164 -1.2059, 5.3445 0.8204 -1.1856, 5.3445 0.8174 -1.1955, 5.3445 0.1486 -1.0023, 5.3445 0.1131 -0.9863, 5.3445 0.1011 -0.9826, 5.3445 0.0886 -0.9818, 5.3445 -0.1443 -0.7131, 5.3445 -0.1483 -0.7251, 5.3445 -0.0455 -0.7824, 5.3445 0.8463 -0.667, 5.3445 0.8379 -0.6755, 5.3445 0.9069 -0.7849, 5.3445 0.6311 -0.8487, 5.3445 0.9089 -0.8002, 5.3445 0.6331 -0.8638, 5.3445 0.6331 -0.9689, 5.3445 1.1284 -1.107, 5.3445 1.1156 -1.1017, 5.3445 1.1018 -1.0998, 5.3445 0.0762 -0.9839, 5.3445 0.0647 -0.9889, 5.3445 -0.1496 -0.7674, 5.3445 -0.0707 -0.8139, 5.3445 -0.0596 -0.8057, 5.3445 0.1283 -0.8037, 5.3445 0.1401 -0.8082, 5.3445 0.1527 -0.8098, 5.3445 -0.1496 -0.7376, 5.3445 -0.051 -0.795, 5.3445 -0.1478 -0.781, 5.3445 -0.1426 -0.7938, 5.3445 -0.1343 -0.8047, 5.3445 -0.0972 -0.8205, 5.3445 -0.0835 -0.8189, 5.3445 -0.1108 -0.8186, 5.3445 -0.1234 -0.8132, 5.2854 0.8252 -1.1765, 5.2854 0.8204 -1.1856, 5.2854 0.8174 -1.1955, 5.2854 0.8164 -1.2059, 5.2854 0.8218 -1.1131, 5.2854 0.8119 -1.1039, 5.2854 0.9507 -0.8419, 5.2854 0.9365 -0.836, 5.2854 0.6448 -0.6628, 5.2854 0.0941 -0.7588, 5.2854 0.0809 -0.7444, 5.2854 0.9242 -0.8266, 5.2854 0.7602 -1.0982, 5.2854 0.5926 -1.1353, 5.2854 0.7485 -1.105, 5.2854 0.7389 -1.1146, 5.2854 0.5903 -0.807, 5.2854 0.6043 -0.8131, 5.2854 0.6583 -0.6611, 5.2854 0.6817 -0.655, 5.2854 0.5977 -1.023, 5.2854 0.6095 -1.0162, 5.2854 0.6194 -1.0068, 5.2854 0.6268 -0.9953, 5.2854 0.9148 -0.8144, 5.2854 0.8 -1.0975, 5.2854 0.7868 -1.0943, 5.2854 0.7732 -1.0945, 5.2854 0.7304 -1.1233, 5.2854 0.7202 -1.1298, 5.2854 0.834 -1.151, 5.2854 0.8332 -1.1375, 5.2854 0.8291 -1.1246, 5.2854 1.0319 -1.0872, 5.2854 1.0425 -1.0941, 5.2854 0.8164 -1.2337, 5.2854 1.0544 -1.0984, 5.2854 1.155 -1.2337, 5.2854 1.067 -1.0998, 5.2854 1.155 -1.153, 5.2854 0.7088 -1.1339, 5.2854 0.6968 -1.1353, 5.2854 0.8312 -1.1643, 5.2854 0.9993 -1.0408, 5.2854 1.0042 -1.0529, 5.2854 0.8564 -0.6606, 5.2854 0.8677 -0.6566, 5.2854 0.8796 -0.6553, 5.2854 0.5753 -0.8047, 5.2854 0.2216 -0.7969, 5.2854 0.2066 -0.7985, 5.2854 0.1034 -0.7759, 5.2854 0.1652 -0.8083, 5.2854 0.1094 -0.7871, 5.2854 0.1178 -0.7965, 5.2854 -0.0258 -0.7491, 5.2854 -0.0923 -0.6644, 5.2854 -0.0104 -0.737, 5.2854 -0.0788 -0.6628, 5.2854 0.0074 -0.7292, 5.2854 1.0054 -0.8439, 5.2854 1.0054 -0.9991, 5.2854 0.966 -0.8439, 5.2854 1.0034 -1.0026, 5.2854 0.9989 -1.0149, 5.2854 0.9975 -1.0279, 5.2854 0.7357 -0.6858, 5.2854 0.6162 -0.8225, 5.2854 0.7428 -0.697, 5.2854 0.6254 -0.8346, 5.2854 0.7525 -0.706, 5.2854 0.7642 -0.7123, 5.2854 0.0646 -0.7338, 5.2854 0.0461 -0.7275, 5.2854 0.0267 -0.7259, 5.2854 0.1486 -1.0023, 5.2854 0.1589 -1.0058, 5.2854 0.1131 -1.0613, 5.2854 0.1697 -1.0073, 5.2854 0.5835 -1.1346, 5.2854 0.571 -1.0279, 5.2854 0.5846 -1.027, 5.2854 1.0092 -1.0603, 5.2854 1.0231 -1.078, 5.2854 1.1394 -1.1154, 5.2854 1.1478 -1.1264, 5.2854 1.1532 -1.1392, 5.2854 0.777 -0.7156, 5.2854 0.7903 -0.7156, 5.2854 0.8031 -0.7123, 5.2854 0.8463 -0.667, 5.2854 0.7343 -0.655, 5.2854 0.7323 -0.6626, 5.2854 0.7318 -0.6705, 5.2854 0.733 -0.6784, 5.2854 -0.1378 -0.7022, 5.2854 -0.126 -0.6865, 5.2854 -0.0377 -0.7645, 5.2854 -0.1166 -0.6766, 5.2854 -0.1052 -0.6691, 5.2854 -0.0455 -0.7824, 5.2854 -0.1483 -0.7251, 5.2854 -0.1443 -0.7131, 5.2854 0.1131 -0.9863, 5.2854 0.1023 -1.0606, 5.2854 0.1011 -0.9826, 5.2854 -0.0163 -1.064, 5.2854 0.0547 -0.9964, 5.2854 0.0647 -0.9889, 5.2854 0.8164 -1.214, 5.2854 0.6315 -0.9825, 5.2854 0.6331 -0.9689, 5.2854 0.9089 -0.8002, 5.2854 0.6331 -0.8638, 5.2854 0.9069 -0.7849, 5.2854 0.6311 -0.8487, 5.2854 0.9069 -0.6553, 5.2854 0.8148 -0.7059, 5.2854 0.8244 -0.6968, 5.2854 0.8316 -0.6856, 5.2854 0.8379 -0.6755, 5.2854 0.1527 -0.8098, 5.2854 0.1401 -0.8082, 5.2854 0.1283 -0.8037, 5.2854 -0.1343 -0.8047, 5.2854 -0.1426 -0.7938, 5.2854 -0.0707 -0.8139, 5.2854 1.1018 -1.0998, 5.2854 1.1156 -1.1017, 5.2854 1.1284 -1.107, 5.2854 -0.051 -0.795, 5.2854 -0.1496 -0.7674, 5.2854 -0.1496 -0.7376, 5.2854 -0.0835 -0.8189, 5.2854 -0.0972 -0.8205, 5.2854 -0.1108 -0.8186, 5.2854 -0.0596 -0.8057, 5.2854 -0.1478 -0.781, 5.2854 0.0762 -0.9839, 5.2854 0.0886 -0.9818, 5.2854 -0.1234 -0.8132, 5.2854 -0.1234 -0.8132
            ]
        }
        coordIndex [
            0,1,2,-1,3,4,5,-1,6,7,8,-1,3,5,9,-1,10,9,11,-1,11,9,12,-1,11,12,13,-1,14,3,15,-1,15,3,16,-1,15,16,17,-1,10,18,9,-1,9,18,19,-1,9,19,20,-1,6,8,21,-1,13,12,22,-1,22,12,23,-1,22,23,24,-1,25,26,23,-1,23,26,27,-1,23,27,28,-1,28,27,29,-1,28,29,30,-1,0,2,31,-1,32,33,34,-1,20,35,9,-1,9,35,36,-1,9,36,3,-1,3,36,37,-1,3,37,38,-1,24,23,39,-1,39,23,28,-1,39,28,8,-1,8,28,40,-1,8,40,21,-1,41,42,43,-1,44,45,46,-1,46,45,47,-1,48,49,50,-1,50,49,51,-1,14,52,3,-1,3,52,53,-1,3,53,54,-1,5,55,9,-1,9,55,32,-1,9,32,56,-1,56,32,34,-1,30,57,28,-1,28,57,58,-1,28,58,59,-1,59,58,60,-1,59,60,61,-1,61,60,62,-1,61,62,63,-1,64,65,66,-1,66,65,67,-1,66,67,68,-1,68,69,66,-1,66,69,70,-1,66,70,46,-1,46,70,71,-1,46,71,44,-1,72,73,74,-1,74,73,75,-1,74,75,76,-1,76,75,77,-1,76,77,78,-1,78,77,79,-1,78,79,80,-1,54,81,3,-1,3,81,82,-1,3,82,4,-1,64,83,65,-1,65,83,84,-1,65,84,85,-1,85,84,86,-1,85,86,87,-1,47,45,88,-1,88,45,89,-1,88,89,90,-1,90,89,91,-1,90,91,92,-1,47,93,46,-1,46,93,94,-1,46,94,95,-1,95,94,78,-1,95,78,2,-1,2,78,80,-1,2,80,31,-1,51,96,97,-1,98,99,74,-1,74,99,100,-1,74,100,72,-1,101,102,103,-1,38,37,104,-1,104,37,105,-1,104,105,106,-1,63,107,61,-1,61,107,108,-1,61,108,43,-1,43,108,109,-1,43,109,110,-1,87,111,85,-1,85,111,112,-1,85,112,113,-1,97,114,51,-1,51,114,115,-1,51,115,50,-1,48,98,49,-1,49,98,74,-1,49,74,116,-1,116,74,117,-1,116,117,118,-1,118,117,119,-1,118,119,25,-1,25,119,120,-1,25,120,26,-1,103,121,101,-1,101,121,122,-1,101,122,17,-1,17,122,123,-1,17,123,15,-1,110,124,43,-1,43,124,125,-1,43,125,41,-1,126,127,128,-1,92,129,90,-1,90,129,130,-1,90,130,131,-1,112,132,113,-1,113,132,126,-1,113,126,133,-1,133,126,128,-1,126,134,127,-1,127,134,135,-1,127,135,136,-1,137,138,139,-1,139,138,127,-1,139,127,140,-1,140,127,136,-1,37,141,142,-1,37,142,105,-1,105,142,143,-1,105,143,106,-1,106,143,144,-1,106,144,104,-1,145,146,147,-1,147,146,148,-1,149,150,151,-1,152,153,154,-1,154,153,155,-1,154,155,156,-1,157,149,158,-1,158,149,159,-1,158,159,160,-1,161,162,154,-1,154,162,163,-1,154,163,152,-1,152,163,164,-1,152,164,165,-1,146,166,148,-1,148,166,167,-1,148,167,152,-1,152,167,168,-1,152,168,153,-1,156,169,170,-1,171,172,147,-1,147,172,173,-1,147,173,145,-1,174,175,176,-1,176,175,177,-1,176,177,178,-1,178,177,179,-1,178,179,180,-1,170,181,156,-1,156,181,182,-1,156,182,154,-1,171,147,183,-1,183,147,176,-1,183,176,141,-1,176,184,185,-1,186,187,188,-1,157,189,149,-1,149,189,190,-1,149,190,150,-1,150,190,191,-1,150,191,192,-1,192,191,193,-1,192,193,194,-1,194,193,195,-1,196,197,198,-1,198,197,199,-1,198,199,200,-1,201,202,203,-1,203,202,204,-1,203,204,147,-1,147,204,205,-1,147,205,176,-1,176,205,206,-1,176,206,184,-1,158,207,208,-1,208,207,209,-1,208,209,210,-1,210,209,211,-1,210,211,212,-1,151,213,149,-1,149,213,214,-1,149,214,199,-1,199,214,215,-1,199,215,200,-1,216,217,218,-1,218,217,219,-1,218,219,220,-1,220,219,221,-1,220,221,154,-1,154,221,222,-1,154,222,161,-1,185,223,176,-1,176,223,224,-1,176,224,174,-1,225,226,227,-1,212,228,210,-1,210,228,229,-1,210,229,230,-1,186,188,231,-1,232,233,160,-1,160,233,234,-1,160,234,158,-1,158,234,235,-1,158,235,207,-1,236,237,238,-1,238,237,239,-1,238,239,196,-1,196,239,240,-1,196,240,197,-1,241,242,238,-1,238,242,243,-1,238,243,236,-1,216,218,244,-1,244,218,245,-1,244,245,246,-1,247,248,245,-1,245,248,249,-1,176,250,141,-1,141,250,144,-1,141,144,142,-1,142,144,143,-1,164,251,165,-1,165,251,252,-1,165,252,253,-1,253,252,254,-1,253,254,255,-1,255,254,256,-1,255,256,257,-1,257,256,210,-1,257,210,258,-1,258,210,230,-1,258,259,257,-1,257,259,260,-1,257,260,188,-1,188,260,261,-1,188,261,231,-1,262,263,193,-1,193,263,264,-1,193,264,195,-1,265,266,267,-1,179,268,180,-1,180,268,269,-1,180,269,227,-1,227,269,270,-1,227,270,225,-1,271,272,241,-1,241,272,273,-1,241,273,242,-1,274,275,276,-1,271,277,272,-1,272,277,267,-1,272,267,278,-1,278,267,266,-1,249,279,245,-1,245,279,280,-1,245,280,246,-1,274,276,267,-1,267,276,281,-1,267,281,265,-1,3,38,176,-1,176,38,250,-1,
        ]
    }
}
Shape{
    appearance Appearance {
        material  Material 	{
            diffuseColor 1.0 1.0 1.0
            specularColor 0.5019607843137255 0.5019607843137255 0.5019607843137255
            ambientIntensity 0.2
            transparency 0
            shininess 0.5
        }
    }
    geometry IndexedFaceSet {
        ccw TRUE
        solid FALSE
        coord DEF co Coordinate {
            point [
                5.4783 0.4739 -0.8597, 5.3484 0.4739 -0.8597, 5.4783 0.6038 -0.8597, 5.3484 0.6038 -0.8597, 5.4783 0.6038 -1.0093, 5.3484 0.6038 -1.0093, 5.4783 0.4345 -1.0093, 5.3484 0.4345 -1.0093, 5.4783 0.1983 -1.0329, 5.3484 0.1983 -1.0329, 5.4783 -0.0616 -1.0329, 5.3484 -0.0616 -1.0329, 5.4783 -0.1009 -1.0487, 5.3484 -0.1009 -1.0487, 5.4783 -0.7387 -1.0487, 5.3484 -0.7387 -1.0487, 5.2815 -0.1009 -1.0487, 5.1516 -0.1009 -1.0487, 5.2815 -0.7387 -1.0487, 5.1516 -0.7387 -1.0487, 5.2815 -0.0616 -1.0329, 5.1516 -0.0616 -1.0329, 5.2815 0.1983 -1.0329, 5.1516 0.1983 -1.0329, 5.2815 0.4345 -1.0093, 5.1516 0.4345 -1.0093, 5.2815 0.6038 -1.0093, 5.1516 0.6038 -1.0093, 5.2815 0.6038 -0.8597, 5.1516 0.6038 -0.8597, 5.2815 0.4739 -0.8597, 5.1516 0.4739 -0.8597, 5.3445 0.6968 -1.1353, 5.2854 0.6968 -1.1353, 5.2854 0.7088 -1.1339, 5.3445 0.7088 -1.1339, 5.2854 0.7202 -1.1298, 5.3445 0.7202 -1.1298, 5.2854 0.7304 -1.1233, 5.3445 0.7304 -1.1233, 5.2854 0.7389 -1.1146, 5.3445 0.7389 -1.1146, 5.2854 0.5835 -1.1346, 5.2854 0.5926 -1.1353, 5.3445 0.5835 -1.1346, 5.3445 0.5926 -1.1353, 5.3445 0.6583 -0.6611, 5.3445 0.6817 -0.655, 5.2854 0.6583 -0.6611, 5.2854 0.6817 -0.655, 5.2854 0.7343 -0.655, 5.3445 0.7343 -0.655, 5.2854 0.7323 -0.6626, 5.3445 0.7323 -0.6626, 5.2854 0.7318 -0.6705, 5.3445 0.7318 -0.6705, 5.2854 0.733 -0.6784, 5.3445 0.733 -0.6784, 5.2854 0.7357 -0.6858, 5.3445 0.7357 -0.6858, 5.3445 0.7357 -0.6858
            ]
        }
        coordIndex [
            0,1,2,-1,2,1,3,-1,2,3,4,-1,4,3,5,-1,4,5,6,-1,6,5,7,-1,6,7,8,-1,8,7,9,-1,8,9,10,-1,10,9,11,-1,10,11,12,-1,12,11,13,-1,12,13,14,-1,14,13,15,-1,16,17,18,-1,18,17,19,-1,20,21,16,-1,16,21,17,-1,22,23,20,-1,20,23,21,-1,24,25,22,-1,22,25,23,-1,26,27,24,-1,24,27,25,-1,28,29,26,-1,26,29,27,-1,30,31,28,-1,28,31,29,-1,32,33,34,-1,32,34,35,-1,35,34,36,-1,35,36,37,-1,37,36,38,-1,37,38,39,-1,39,38,40,-1,39,40,41,-1,42,43,44,-1,44,43,45,-1,46,47,48,-1,48,47,49,-1,50,51,52,-1,52,51,53,-1,52,53,54,-1,54,53,55,-1,54,55,56,-1,56,55,57,-1,56,57,58,-1,58,57,59,-1,
        ]
    }
}
Shape{
    appearance Appearance {
        material  Material 	{
            diffuseColor 1.0 1.0 0.5019607843137255
            specularColor 0.5019607843137255 0.5019607843137255 0.25098039215686274
            ambientIntensity 0.2
            transparency 0
            shininess 0.5
        }
    }
    geometry IndexedFaceSet {
        ccw TRUE
        solid FALSE
        coord DEF co Coordinate {
            point [
                5.2854 1.155 -1.2337, 5.3445 1.155 -1.2337, 5.2854 0.8164 -1.2337, 5.3445 0.8164 -1.2337, 5.3445 1.155 -1.153, 5.2854 1.155 -1.153, 5.2854 1.1532 -1.1392, 5.3445 1.1532 -1.1392, 5.2854 1.1478 -1.1264, 5.3445 1.1478 -1.1264, 5.2854 1.1394 -1.1154, 5.3445 1.1394 -1.1154, 5.2854 1.1284 -1.107, 5.3445 1.1284 -1.107, 5.2854 1.1156 -1.1017, 5.3445 1.1156 -1.1017, 5.2854 1.1018 -1.0998, 5.3445 1.1018 -1.0998, 5.2854 1.067 -1.0998, 5.3445 1.067 -1.0998, 5.2854 1.0231 -1.078, 5.3445 1.0231 -1.078, 5.2854 1.0319 -1.0872, 5.3445 1.0319 -1.0872, 5.2854 1.0425 -1.0941, 5.3445 1.0425 -1.0941, 5.2854 1.0544 -1.0984, 5.3445 1.0544 -1.0984, 5.2854 1.0092 -1.0603, 5.3445 1.0092 -1.0603, 5.3393 1.0106 -0.9921, 5.3445 1.0054 -0.9991, 5.3445 1.0034 -1.0026, 5.3391 1.0108 -0.9919, 5.2888 1.0087 -0.9943, 5.291 1.0109 -0.992, 5.2972 1.0172 -0.9857, 5.3327 1.0172 -0.9857, 5.3445 1.0042 -1.0529, 5.2854 1.0042 -1.0529, 5.3445 0.9993 -1.0408, 5.2854 0.9993 -1.0408, 5.3445 0.9975 -1.0279, 5.2854 0.9975 -1.0279, 5.3445 0.9989 -1.0149, 5.2854 0.9989 -1.0149, 5.2854 1.0034 -1.0026, 5.2854 1.0054 -0.9991, 5.3445 1.0054 -0.8439, 5.3393 1.0106 -0.9921, 5.3327 1.0172 -0.8439, 5.2854 0.966 -0.8439, 5.3445 0.966 -0.8439, 5.2972 1.0172 -0.8439, 5.2854 1.0054 -0.8439, 5.2854 0.9069 -0.7849, 5.3445 0.9069 -0.7849, 5.2854 0.9089 -0.8002, 5.3445 0.9089 -0.8002, 5.2854 0.9148 -0.8144, 5.3445 0.9148 -0.8144, 5.2854 0.9242 -0.8266, 5.3445 0.9242 -0.8266, 5.2854 0.9365 -0.836, 5.3445 0.9365 -0.836, 5.2854 0.9507 -0.8419, 5.3445 0.9507 -0.8419, 5.3445 0.9069 -0.6553, 5.2854 0.9069 -0.6553, 5.2854 0.8796 -0.6553, 5.3445 0.8796 -0.6553, 5.3445 0.8796 -0.6553
            ]
        }
        coordIndex [
            0,1,2,-1,2,1,3,-1,1,0,4,-1,4,0,5,-1,4,5,6,-1,4,6,7,-1,7,6,8,-1,7,8,9,-1,9,8,10,-1,9,10,11,-1,11,10,12,-1,11,12,13,-1,13,12,14,-1,13,14,15,-1,15,14,16,-1,15,16,17,-1,16,18,17,-1,17,18,19,-1,20,21,22,-1,22,21,23,-1,22,23,24,-1,24,23,25,-1,24,25,26,-1,26,25,27,-1,26,27,18,-1,18,27,19,-1,20,28,21,-1,21,28,29,-1,30,31,32,-1,33,30,34,-1,34,35,33,-1,33,35,36,-1,33,36,37,-1,29,28,38,-1,38,28,39,-1,38,39,40,-1,40,39,41,-1,40,41,42,-1,42,41,43,-1,42,43,44,-1,44,43,45,-1,44,45,32,-1,32,45,46,-1,32,46,30,-1,30,46,47,-1,30,47,34,-1,48,31,49,-1,48,49,50,-1,50,49,33,-1,50,33,37,-1,51,52,48,-1,48,50,51,-1,51,50,53,-1,51,53,54,-1,55,56,57,-1,57,56,58,-1,57,58,59,-1,59,58,60,-1,59,60,61,-1,61,60,62,-1,61,62,63,-1,63,62,64,-1,63,64,65,-1,65,64,66,-1,65,66,51,-1,51,66,52,-1,56,55,67,-1,67,55,68,-1,68,69,67,-1,67,69,70,-1,
        ]
    }
}
Shape{
    appearance Appearance {
        material  Material 	{
            diffuseColor 1.0 1.0 1.0
            specularColor 0.5019607843137255 0.5019607843137255 0.5019607843137255
            ambientIntensity 0.2
            transparency 0
            shininess 0.5
        }
    }
    geometry IndexedFaceSet {
        ccw TRUE
        solid FALSE
        coord DEF co Coordinate {
            point [
                5.3445 0.8796 -0.6553, 5.2854 0.8796 -0.6553, 5.2854 0.8677 -0.6566, 5.3445 0.8677 -0.6566, 5.2854 0.8564 -0.6606, 5.3445 0.8564 -0.6606, 5.2854 0.8463 -0.667, 5.3445 0.8463 -0.667, 5.2854 0.8379 -0.6755, 5.3445 0.8379 -0.6755, 5.2854 0.8316 -0.6856, 5.3445 0.8316 -0.6856, 5.2854 0.7357 -0.6858, 5.3445 0.7357 -0.6858, 5.2854 0.7428 -0.697, 5.3445 0.7428 -0.697, 5.2854 0.7525 -0.706, 5.3445 0.7525 -0.706, 5.2854 0.7642 -0.7123, 5.3445 0.7642 -0.7123, 5.2854 0.777 -0.7156, 5.3445 0.777 -0.7156, 5.2854 0.7903 -0.7156, 5.3445 0.7903 -0.7156, 5.2854 0.8031 -0.7123, 5.3445 0.8031 -0.7123, 5.2854 0.8148 -0.7059, 5.3445 0.8148 -0.7059, 5.2854 0.8244 -0.6968, 5.3445 0.8244 -0.6968, 5.2854 0.6448 -0.6628, 5.3445 0.6448 -0.6628, 5.2854 0.6583 -0.6611, 5.3445 0.6583 -0.6611, 5.3445 0.6583 -0.6611
            ]
        }
        coordIndex [
            0,1,2,-1,0,2,3,-1,3,2,4,-1,3,4,5,-1,5,4,6,-1,5,6,7,-1,7,6,8,-1,7,8,9,-1,9,8,10,-1,9,10,11,-1,12,13,14,-1,14,13,15,-1,14,15,16,-1,16,15,17,-1,16,17,18,-1,18,17,19,-1,18,19,20,-1,20,19,21,-1,20,21,22,-1,22,21,23,-1,22,23,24,-1,24,23,25,-1,24,25,26,-1,26,25,27,-1,26,27,28,-1,28,27,29,-1,28,29,10,-1,10,29,11,-1,30,31,32,-1,32,31,33,-1,
        ]
    }
}
Shape{
    appearance Appearance {
        material  Material 	{
            diffuseColor 1.0 1.0 0.5019607843137255
            specularColor 0.5019607843137255 0.5019607843137255 0.25098039215686274
            ambientIntensity 0.2
            transparency 0
            shininess 0.5
        }
    }
    geometry IndexedFaceSet {
        ccw TRUE
        solid FALSE
        coord DEF co Coordinate {
            point [
                5.2854 0.6448 -0.6628, 5.2854 -0.0788 -0.6628, 5.3445 0.6448 -0.6628, 5.3445 -0.0788 -0.6628, 5.2854 -0.126 -0.6865, 5.3445 -0.126 -0.6865, 5.3445 -0.1166 -0.6766, 5.2854 -0.1166 -0.6766, 5.3445 -0.1052 -0.6691, 5.2854 -0.1052 -0.6691, 5.3445 -0.0923 -0.6644, 5.2854 -0.0923 -0.6644, 5.2854 -0.1378 -0.7022, 5.3445 -0.1378 -0.7022, 5.2854 -0.1496 -0.7376, 5.3445 -0.1496 -0.7376, 5.3445 -0.1483 -0.7251, 5.2854 -0.1483 -0.7251, 5.3445 -0.1443 -0.7131, 5.2854 -0.1443 -0.7131, 5.3445 -0.1496 -0.7674, 5.2854 -0.1496 -0.7674, 5.2854 -0.0455 -0.7824, 5.3445 -0.0455 -0.7824, 5.3445 -0.051 -0.795, 5.2854 -0.051 -0.795, 5.3445 -0.0596 -0.8057, 5.2854 -0.0596 -0.8057, 5.3445 -0.0707 -0.8139, 5.2854 -0.0707 -0.8139, 5.3445 -0.0835 -0.8189, 5.2854 -0.0835 -0.8189, 5.3445 -0.0972 -0.8205, 5.2854 -0.0972 -0.8205, 5.3445 -0.1108 -0.8186, 5.2854 -0.1108 -0.8186, 5.3445 -0.1234 -0.8132, 5.2854 -0.1234 -0.8132, 5.3445 -0.1343 -0.8047, 5.2854 -0.1343 -0.8047, 5.3445 -0.1426 -0.7938, 5.2854 -0.1426 -0.7938, 5.3445 -0.1478 -0.781, 5.2854 -0.1478 -0.781, 5.3445 -0.0377 -0.7645, 5.2854 -0.0377 -0.7645, 5.3445 -0.0258 -0.7491, 5.2854 -0.0258 -0.7491, 5.3445 -0.0104 -0.737, 5.2854 -0.0104 -0.737, 5.3445 0.0074 -0.7292, 5.2854 0.0074 -0.7292, 5.3445 0.0267 -0.7259, 5.2854 0.0267 -0.7259, 5.3445 0.0461 -0.7275, 5.2854 0.0461 -0.7275, 5.3445 0.0646 -0.7338, 5.2854 0.0646 -0.7338, 5.3445 0.0809 -0.7444, 5.2854 0.0809 -0.7444, 5.3445 0.0941 -0.7588, 5.2854 0.0941 -0.7588, 5.3445 0.1034 -0.7759, 5.2854 0.1034 -0.7759, 5.2854 0.1652 -0.8083, 5.3445 0.1652 -0.8083, 5.3445 0.1527 -0.8098, 5.2854 0.1527 -0.8098, 5.3445 0.1401 -0.8082, 5.2854 0.1401 -0.8082, 5.3445 0.1283 -0.8037, 5.2854 0.1283 -0.8037, 5.3445 0.1178 -0.7965, 5.2854 0.1178 -0.7965, 5.3445 0.1094 -0.7871, 5.2854 0.1094 -0.7871, 5.2854 0.2066 -0.7985, 5.3445 0.2066 -0.7985, 5.2854 0.2216 -0.7969, 5.3445 0.2216 -0.7969, 5.3445 0.5753 -0.8047, 5.2854 0.5753 -0.8047, 5.2854 0.5753 -0.8047
            ]
        }
        coordIndex [
            0,1,2,-1,2,1,3,-1,4,5,6,-1,4,6,7,-1,7,6,8,-1,7,8,9,-1,9,8,10,-1,9,10,11,-1,11,10,3,-1,11,3,1,-1,4,12,5,-1,5,12,13,-1,14,15,16,-1,14,16,17,-1,17,16,18,-1,17,18,19,-1,19,18,13,-1,19,13,12,-1,20,15,21,-1,21,15,14,-1,22,23,24,-1,22,24,25,-1,25,24,26,-1,25,26,27,-1,27,26,28,-1,27,28,29,-1,29,28,30,-1,29,30,31,-1,31,30,32,-1,31,32,33,-1,33,32,34,-1,33,34,35,-1,35,34,36,-1,35,36,37,-1,37,36,38,-1,37,38,39,-1,39,38,40,-1,39,40,41,-1,41,40,42,-1,41,42,43,-1,43,42,20,-1,43,20,21,-1,23,22,44,-1,44,22,45,-1,44,45,46,-1,46,45,47,-1,46,47,48,-1,48,47,49,-1,48,49,50,-1,50,49,51,-1,50,51,52,-1,52,51,53,-1,52,53,54,-1,54,53,55,-1,54,55,56,-1,56,55,57,-1,56,57,58,-1,58,57,59,-1,58,59,60,-1,60,59,61,-1,60,61,62,-1,62,61,63,-1,64,65,66,-1,64,66,67,-1,67,66,68,-1,67,68,69,-1,69,68,70,-1,69,70,71,-1,71,70,72,-1,71,72,73,-1,73,72,74,-1,73,74,75,-1,75,74,62,-1,75,62,63,-1,64,76,65,-1,65,76,77,-1,78,79,76,-1,76,79,77,-1,80,79,81,-1,81,79,78,-1,
        ]
    }
}
Shape{
    appearance Appearance {
        material  Material 	{
            diffuseColor 1.0 1.0 1.0
            specularColor 0.5019607843137255 0.5019607843137255 0.5019607843137255
            ambientIntensity 0.2
            transparency 0
            shininess 0.5
        }
    }
    geometry IndexedFaceSet {
        ccw TRUE
        solid FALSE
        coord DEF co Coordinate {
            point [
                5.2854 0.6331 -0.8638, 5.3445 0.6331 -0.8638, 5.2854 0.6311 -0.8487, 5.3445 0.6311 -0.8487, 5.2854 0.6254 -0.8346, 5.3445 0.6254 -0.8346, 5.2854 0.6162 -0.8225, 5.3445 0.6162 -0.8225, 5.2854 0.6043 -0.8131, 5.3445 0.6043 -0.8131, 5.2854 0.5903 -0.807, 5.3445 0.5903 -0.807, 5.2854 0.5753 -0.8047, 5.3445 0.5753 -0.8047, 5.3445 0.6331 -0.9689, 5.2854 0.6331 -0.9689, 5.2854 0.571 -1.0279, 5.3445 0.571 -1.0279, 5.2854 0.5846 -1.027, 5.3445 0.5846 -1.027, 5.2854 0.5977 -1.023, 5.3445 0.5977 -1.023, 5.2854 0.6095 -1.0162, 5.3445 0.6095 -1.0162, 5.2854 0.6194 -1.0068, 5.3445 0.6194 -1.0068, 5.2854 0.6268 -0.9953, 5.3445 0.6268 -0.9953, 5.2854 0.6315 -0.9825, 5.3445 0.6315 -0.9825, 5.3445 0.1697 -1.0073, 5.2854 0.1697 -1.0073, 5.2854 0.1486 -1.0023, 5.3445 0.1486 -1.0023, 5.2854 0.1589 -1.0058, 5.3445 0.1589 -1.0058, 5.3445 0.1131 -0.9863, 5.2854 0.1131 -0.9863, 5.2854 0.0547 -0.9964, 5.3445 0.0547 -0.9964, 5.3445 0.0647 -0.9889, 5.2854 0.0647 -0.9889, 5.3445 0.0762 -0.9839, 5.2854 0.0762 -0.9839, 5.3445 0.0886 -0.9818, 5.2854 0.0886 -0.9818, 5.3445 0.1011 -0.9826, 5.2854 0.1011 -0.9826, 5.3445 -0.0163 -1.064, 5.2854 -0.0163 -1.064, 5.2854 0.1023 -1.0606, 5.3445 0.1023 -1.0606, 5.2854 0.1131 -1.0613, 5.3445 0.1131 -1.0613, 5.3445 0.5835 -1.1346, 5.2854 0.5835 -1.1346, 5.2854 0.5835 -1.1346
            ]
        }
        coordIndex [
            0,1,2,-1,2,1,3,-1,2,3,4,-1,4,3,5,-1,4,5,6,-1,6,5,7,-1,6,7,8,-1,8,7,9,-1,8,9,10,-1,10,9,11,-1,10,11,12,-1,12,11,13,-1,1,0,14,-1,14,0,15,-1,16,17,18,-1,18,17,19,-1,18,19,20,-1,20,19,21,-1,20,21,22,-1,22,21,23,-1,22,23,24,-1,24,23,25,-1,24,25,26,-1,26,25,27,-1,26,27,28,-1,28,27,29,-1,28,29,15,-1,15,29,14,-1,30,17,31,-1,31,17,16,-1,32,33,34,-1,34,33,35,-1,34,35,31,-1,31,35,30,-1,36,33,37,-1,37,33,32,-1,38,39,40,-1,38,40,41,-1,41,40,42,-1,41,42,43,-1,43,42,44,-1,43,44,45,-1,45,44,46,-1,45,46,47,-1,47,46,36,-1,47,36,37,-1,39,38,48,-1,48,38,49,-1,49,50,48,-1,48,50,51,-1,52,53,50,-1,50,53,51,-1,54,53,55,-1,55,53,52,-1,
        ]
    }
}
Shape{
    appearance Appearance {
        material  Material 	{
            diffuseColor 1.0 1.0 0.5019607843137255
            specularColor 0.5019607843137255 0.5019607843137255 0.25098039215686274
            ambientIntensity 0.2
            transparency 0
            shininess 0.5
        }
    }
    geometry IndexedFaceSet {
        ccw TRUE
        solid FALSE
        coord DEF co Coordinate {
            point [
                5.2854 0.8252 -1.1765, 5.3445 0.8252 -1.1765, 5.2854 0.8312 -1.1643, 5.3445 0.8312 -1.1643, 5.2854 0.834 -1.151, 5.3445 0.834 -1.151, 5.2854 0.8332 -1.1375, 5.3445 0.8332 -1.1375, 5.2854 0.8291 -1.1246, 5.3445 0.8291 -1.1246, 5.2854 0.8218 -1.1131, 5.3445 0.8218 -1.1131, 5.2854 0.8119 -1.1039, 5.3445 0.8119 -1.1039, 5.2854 0.8 -1.0975, 5.3445 0.8 -1.0975, 5.2854 0.7868 -1.0943, 5.3445 0.7868 -1.0943, 5.2854 0.7732 -1.0945, 5.3445 0.7732 -1.0945, 5.2854 0.7602 -1.0982, 5.3445 0.7602 -1.0982, 5.2854 0.7485 -1.105, 5.3445 0.7485 -1.105, 5.2854 0.7389 -1.1146, 5.3445 0.7389 -1.1146, 5.2888 1.0087 -0.9943, 5.2854 1.0054 -0.9991, 5.2854 1.0054 -0.8439, 5.2972 1.0172 -0.8439, 5.2972 1.0172 -0.9857, 5.291 1.0109 -0.992, 5.3327 1.0172 -0.9857, 5.3327 1.0172 -0.8439, 5.3327 1.0172 -0.8439
            ]
        }
        coordIndex [
            0,1,2,-1,2,1,3,-1,2,3,4,-1,4,3,5,-1,4,5,6,-1,6,5,7,-1,6,7,8,-1,8,7,9,-1,8,9,10,-1,10,9,11,-1,10,11,12,-1,12,11,13,-1,12,13,14,-1,14,13,15,-1,14,15,16,-1,16,15,17,-1,16,17,18,-1,18,17,19,-1,18,19,20,-1,20,19,21,-1,20,21,22,-1,22,21,23,-1,22,23,24,-1,24,23,25,-1,26,27,28,-1,29,30,28,-1,28,30,31,-1,28,31,26,-1,32,30,33,-1,33,30,29,-1,
        ]
    }
}
Shape{
    appearance Appearance {
        material  Material 	{
            diffuseColor 0.25098039215686274 0.25098039215686274 0.25098039215686274
            specularColor 0.12549019607843137 0.12549019607843137 0.12549019607843137
            ambientIntensity 0.2
            transparency 0
            shininess 0.5
        }
    }
    geometry IndexedFaceSet {
        ccw TRUE
        solid FALSE
        coord DEF co Coordinate {
            point [
                5.9567 0.0643 -0.8688, 5.9567 0.0793 -0.8582, 5.9567 0.0793 -0.9187, 5.9567 -0.2613 -0.7298, 5.9567 0.0226 -0.7298, 5.9567 0.0056 -0.736, 5.9567 0.0236 -0.732, 5.9567 -0.0108 -0.7443, 5.9567 -0.0246 -0.7564, 5.9567 -0.0349 -0.7716, 5.9567 -0.0411 -0.7889, 5.9567 -0.0427 -0.8072, 5.9567 -0.2613 -0.9384, 5.9567 -0.0397 -0.8254, 5.9567 -0.0323 -0.8422, 5.9567 -0.0209 -0.8566, 5.9567 -0.0063 -0.8677, 5.9567 0.0596 -0.9384, 5.9567 0.0472 -0.8754, 5.9567 0.0767 -0.9286, 5.9567 0.0736 -0.9327, 5.9567 0.0787 -0.9238, 5.9567 0.0107 -0.8748, 5.9567 0.0289 -0.8774, 5.9567 0.0647 -0.9378, 5.9567 0.0695 -0.9358, 6.0512 0.0596 -0.9384, 6.0512 0.0647 -0.9378, 6.0512 0.0695 -0.9358, 6.0512 0.0736 -0.9327, 6.0512 0.0767 -0.9286, 6.0512 0.0787 -0.9238, 6.0512 0.0793 -0.9187, 6.0512 0.0289 -0.8774, 6.0512 0.0107 -0.8748, 6.0512 0.0236 -0.732, 6.0512 0.0226 -0.7298, 6.0512 0.0056 -0.736, 6.0512 -0.2613 -0.7298, 6.0512 -0.0108 -0.7443, 6.0512 -0.0411 -0.7889, 6.0512 -0.0349 -0.7716, 6.0512 -0.0246 -0.7564, 6.0512 0.0472 -0.8754, 6.0512 -0.2613 -0.9384, 6.0512 -0.0063 -0.8677, 6.0512 -0.0209 -0.8566, 6.0512 -0.0323 -0.8422, 6.0512 -0.0397 -0.8254, 6.0512 -0.0427 -0.8072, 6.0512 0.0643 -0.8688, 6.0512 0.0793 -0.8582, 6.17 -0.2613 -0.7046, 6.0236 -0.2613 -0.7022, 6.1765 -0.2613 -0.7026, 6.1811 -0.2613 -0.7022, 6.0508 -0.2613 -0.7252, 6.0488 -0.2613 -0.7187, 6.1559 -0.2613 -0.7187, 6.0454 -0.2613 -0.7128, 6.0406 -0.2613 -0.708, 6.1642 -0.2613 -0.708, 6.1594 -0.2613 -0.7128, 6.0282 -0.2613 -0.7026, 6.0347 -0.2613 -0.7046, 6.1535 -0.2613 -0.7298, 6.1535 -0.2613 -0.9384, 6.1539 -0.2613 -0.7252, 6.1535 0.0643 -0.8688, 6.1535 0.0793 -0.8582, 6.1535 0.0793 -0.9187, 6.1535 0.0226 -0.7298, 6.1535 0.0056 -0.736, 6.1535 0.0236 -0.732, 6.1535 -0.0108 -0.7443, 6.1535 -0.0246 -0.7564, 6.1535 -0.0349 -0.7716, 6.1535 -0.0323 -0.8422, 6.1535 -0.0209 -0.8566, 6.1535 -0.0063 -0.8677, 6.1535 0.0596 -0.9384, 6.1535 -0.0411 -0.7889, 6.1535 -0.0427 -0.8072, 6.1535 -0.0397 -0.8254, 6.1535 0.0472 -0.8754, 6.1535 0.0767 -0.9286, 6.1535 0.0736 -0.9327, 6.1535 0.0787 -0.9238, 6.1535 0.0107 -0.8748, 6.1535 0.0289 -0.8774, 6.1535 0.0647 -0.9378, 6.1535 0.0695 -0.9358, 6.248 0.0596 -0.9384, 6.248 0.0647 -0.9378, 6.248 0.0695 -0.9358, 6.248 0.0736 -0.9327, 6.248 0.0767 -0.9286, 6.248 0.0787 -0.9238, 6.248 0.0793 -0.9187, 6.248 0.0289 -0.8774, 6.248 0.0107 -0.8748, 6.248 0.0236 -0.732, 6.248 0.0226 -0.7298, 6.248 0.0056 -0.736, 6.248 -0.2613 -0.7298, 6.248 -0.2613 -0.9384, 6.248 -0.0063 -0.8677, 6.248 -0.0209 -0.8566, 6.248 0.0472 -0.8754, 6.248 -0.0411 -0.7889, 6.248 -0.0349 -0.7716, 6.248 0.0643 -0.8688, 6.248 0.0793 -0.8582, 6.248 -0.0323 -0.8422, 6.248 -0.0397 -0.8254, 6.248 -0.0427 -0.8072, 6.248 -0.0246 -0.7564, 6.248 -0.0108 -0.7443, 6.2476 -0.2613 -0.7252, 6.2316 -0.2613 -0.7046, 6.23 0.0111 -0.7039, 6.2251 -0.2613 -0.7026, 6.2251 0.0106 -0.7027, 6.2205 -0.2613 -0.7022, 6.2239 0.0105 -0.7024, 6.2205 0.0104 -0.7022, 6.2374 -0.2613 -0.708, 6.2358 0.0124 -0.7068, 6.2315 0.0115 -0.7047, 6.2422 -0.2613 -0.7128, 6.2403 0.0141 -0.7106, 6.2373 0.013 -0.7081, 6.2457 -0.2613 -0.7187, 6.2444 0.0166 -0.7161, 6.242 0.0152 -0.713, 6.2474 0.0206 -0.7252, 6.2471 0.0194 -0.7226, 6.2455 0.0177 -0.7187, 6.156 0.0177 -0.7187, 6.1553 0.0183 -0.72, 6.1541 0.0206 -0.7252, 6.1537 0.0213 -0.7269, 6.1642 0.013 -0.7081, 6.1634 0.0132 -0.7086, 6.1594 0.0151 -0.7129, 6.1588 0.0154 -0.7135, 6.1765 0.0106 -0.7027, 6.1749 0.0107 -0.7029, 6.17 0.0115 -0.7047, 6.1689 0.0117 -0.7051, 6.1811 0.0104 -0.7022, 6.0331 0.0111 -0.7039, 6.0282 0.0106 -0.7027, 6.027 0.0105 -0.7024, 6.0236 0.0104 -0.7022, 6.0389 0.0124 -0.7068, 6.0347 0.0115 -0.7047, 6.0434 0.0141 -0.7106, 6.0405 0.013 -0.7081, 6.0475 0.0166 -0.7161, 6.0452 0.0152 -0.713, 6.0506 0.0206 -0.7252, 6.0502 0.0194 -0.7226, 6.0486 0.0177 -0.7187, 5.9571 -0.2613 -0.7252, 5.959 -0.2613 -0.7187, 5.9592 0.0177 -0.7187, 5.9585 0.0183 -0.72, 5.9572 0.0206 -0.7252, 5.9568 0.0213 -0.7269, 5.9625 -0.2613 -0.7128, 5.9673 -0.2613 -0.708, 5.9674 0.013 -0.7081, 5.9666 0.0132 -0.7086, 5.9626 0.0151 -0.7129, 5.962 0.0154 -0.7135, 5.9797 0.0106 -0.7027, 5.9781 0.0107 -0.7029, 5.9731 -0.2613 -0.7046, 5.9732 0.0115 -0.7047, 5.972 0.0117 -0.7051, 5.9796 -0.2613 -0.7026, 5.9843 -0.2613 -0.7022, 5.9843 0.0104 -0.7022, 4.7638 -0.6561 -0.5841, 4.7638 -0.8923 -0.5841, 4.7638 -0.6561 -0.466, 4.7638 -0.8923 -0.466, 4.5276 -0.8923 -0.5841, 4.5276 -0.8923 -0.466, 4.5276 -0.6561 -0.5841, 4.5276 -0.6561 -0.466, 5.7087 -0.6561 -0.5841, 5.7087 -0.8923 -0.5841, 5.7087 -0.6561 -0.466, 5.7087 -0.8923 -0.466, 5.4724 -0.8923 -0.5841, 5.4724 -0.8923 -0.466, 5.4724 -0.6561 -0.5841, 5.4724 -0.6561 -0.466, 6.6535 -0.6561 -0.5841, 6.6535 -0.8923 -0.5841, 6.6535 -0.6561 -0.466, 6.6535 -0.8923 -0.466, 6.4173 -0.8923 -0.5841, 6.4173 -0.8923 -0.466, 6.4173 -0.6561 -0.5841, 6.4173 -0.6561 -0.466, 3.8189 -0.6561 -0.5841, 3.8189 -0.8923 -0.5841, 3.8189 -0.6561 -0.466, 3.8189 -0.8923 -0.466, 3.5827 -0.8923 -0.5841, 3.5827 -0.8923 -0.466, 3.5827 -0.6561 -0.5841, 3.5827 -0.6561 -0.466, 3.5827 -0.6561 -0.466
            ]
        }
        coordIndex [
            0,1,2,-1,3,4,5,-1,5,4,6,-1,5,7,3,-1,3,7,8,-1,3,8,9,-1,9,10,3,-1,3,10,11,-1,3,11,12,-1,12,11,13,-1,12,13,14,-1,14,15,12,-1,12,15,16,-1,12,16,17,-1,18,19,20,-1,0,2,18,-1,18,2,21,-1,18,21,19,-1,16,22,17,-1,17,22,23,-1,17,23,24,-1,24,23,18,-1,24,18,25,-1,25,18,20,-1,26,17,24,-1,26,24,27,-1,27,24,25,-1,27,25,28,-1,28,25,20,-1,28,20,29,-1,29,20,19,-1,29,19,30,-1,30,19,21,-1,30,21,31,-1,31,21,2,-1,31,2,32,-1,33,34,26,-1,35,36,37,-1,37,36,38,-1,37,38,39,-1,40,41,38,-1,38,41,42,-1,38,42,39,-1,28,29,43,-1,26,34,44,-1,44,34,45,-1,44,45,46,-1,46,47,44,-1,44,47,48,-1,44,48,38,-1,38,48,49,-1,38,49,40,-1,33,26,43,-1,43,26,27,-1,43,27,28,-1,29,30,43,-1,43,30,31,-1,43,31,50,-1,50,31,32,-1,50,32,51,-1,52,53,54,-1,54,53,55,-1,56,57,58,-1,58,57,59,-1,58,59,60,-1,52,61,53,-1,53,61,62,-1,53,62,63,-1,63,62,58,-1,63,58,64,-1,64,58,60,-1,65,66,44,-1,58,67,56,-1,56,67,65,-1,56,65,38,-1,38,65,44,-1,68,69,70,-1,65,71,72,-1,72,71,73,-1,72,74,65,-1,65,74,75,-1,65,75,76,-1,77,78,66,-1,66,78,79,-1,66,79,80,-1,76,81,65,-1,65,81,82,-1,65,82,66,-1,66,82,83,-1,66,83,77,-1,84,85,86,-1,68,70,84,-1,84,70,87,-1,84,87,85,-1,79,88,80,-1,80,88,89,-1,80,89,90,-1,90,89,84,-1,90,84,91,-1,91,84,86,-1,92,80,90,-1,92,90,93,-1,93,90,91,-1,93,91,94,-1,94,91,86,-1,94,86,95,-1,95,86,85,-1,95,85,96,-1,96,85,87,-1,96,87,97,-1,97,87,70,-1,97,70,98,-1,99,100,92,-1,101,102,103,-1,103,102,104,-1,92,100,105,-1,105,100,106,-1,105,106,107,-1,94,95,108,-1,104,109,110,-1,99,92,108,-1,108,92,93,-1,108,93,94,-1,95,96,108,-1,108,96,97,-1,108,97,111,-1,111,97,98,-1,111,98,112,-1,107,113,105,-1,105,113,114,-1,105,114,104,-1,104,114,115,-1,104,115,109,-1,110,116,104,-1,104,116,117,-1,104,117,103,-1,1,51,2,-1,2,51,32,-1,51,69,68,-1,51,68,50,-1,50,68,84,-1,50,84,43,-1,43,84,89,-1,43,89,33,-1,33,89,88,-1,33,88,34,-1,34,88,79,-1,34,79,45,-1,45,79,78,-1,45,78,46,-1,46,78,77,-1,46,77,47,-1,47,77,83,-1,47,83,48,-1,48,83,82,-1,48,82,49,-1,49,82,81,-1,49,81,40,-1,40,81,76,-1,40,76,41,-1,41,76,75,-1,41,75,42,-1,42,75,74,-1,42,74,39,-1,39,74,72,-1,39,72,37,-1,37,72,73,-1,37,73,35,-1,69,112,70,-1,70,112,98,-1,118,104,102,-1,119,120,121,-1,121,120,122,-1,121,122,123,-1,123,122,124,-1,123,124,125,-1,126,127,119,-1,119,127,128,-1,119,128,120,-1,129,130,126,-1,126,130,131,-1,126,131,127,-1,132,133,129,-1,129,133,134,-1,129,134,130,-1,102,135,118,-1,118,135,136,-1,118,136,132,-1,132,136,137,-1,132,137,133,-1,67,58,138,-1,138,139,67,-1,67,139,140,-1,67,140,65,-1,65,140,141,-1,65,141,71,-1,62,61,142,-1,142,143,62,-1,62,143,144,-1,62,144,58,-1,58,144,145,-1,58,145,138,-1,146,147,52,-1,52,147,148,-1,52,148,61,-1,61,148,149,-1,61,149,142,-1,52,54,146,-1,146,54,55,-1,146,55,150,-1,56,38,36,-1,64,151,63,-1,63,151,152,-1,63,152,53,-1,53,152,153,-1,53,153,154,-1,60,155,64,-1,64,155,156,-1,64,156,151,-1,59,157,60,-1,60,157,158,-1,60,158,155,-1,57,159,59,-1,59,159,160,-1,59,160,157,-1,36,161,56,-1,56,161,162,-1,56,162,57,-1,57,162,163,-1,57,163,159,-1,164,165,166,-1,166,167,164,-1,164,167,168,-1,164,168,3,-1,3,168,169,-1,3,169,4,-1,170,171,172,-1,172,173,170,-1,170,173,174,-1,170,174,165,-1,165,174,175,-1,165,175,166,-1,176,177,178,-1,178,177,179,-1,178,179,171,-1,171,179,180,-1,171,180,172,-1,178,181,176,-1,176,181,182,-1,176,182,183,-1,184,185,186,-1,186,185,187,-1,185,188,187,-1,187,188,189,-1,188,190,189,-1,189,190,191,-1,190,184,191,-1,191,184,186,-1,190,188,184,-1,184,188,185,-1,192,193,194,-1,194,193,195,-1,193,196,195,-1,195,196,197,-1,196,198,197,-1,197,198,199,-1,198,192,199,-1,199,192,194,-1,198,196,192,-1,192,196,193,-1,200,201,202,-1,202,201,203,-1,201,204,203,-1,203,204,205,-1,204,206,205,-1,205,206,207,-1,206,200,207,-1,207,200,202,-1,206,204,200,-1,200,204,201,-1,208,209,210,-1,210,209,211,-1,209,212,211,-1,211,212,213,-1,212,214,213,-1,213,214,215,-1,214,208,215,-1,215,208,210,-1,214,212,208,-1,208,212,209,-1,
        ]
    }
}