#VRML V2.0 utf8
# 3D model generated by easyeda2kicad.py (https://github.com/uPesy/easyeda2kicad.py)

Shape{
    appearance Appearance {
        material  Material 	{
            diffuseColor 0.7529411764705882 0.7529411764705882 0.7529411764705882
            specularColor 0.3764705882352941 0.3764705882352941 0.3764705882352941
            ambientIntensity 0.2
            transparency 0
            shininess 0.5
        }
    }
    geometry IndexedFaceSet {
        ccw TRUE
        solid FALSE
        coord DEF co Coordinate {
            point [
                0.2362 -0.0813 -0.127, 0.2362 -0.0586 -0.1969, 0.1575 -0.0813 -0.127, 0.1575 -0.0586 -0.1969, 0.2362 -0.3569 -0.2165, 0.1575 -0.3569 -0.2165, 0.1575 -0.3639 -0.2198, 0.2362 -0.3639 -0.2198, 0.1575 -0.3699 -0.2248, 0.2362 -0.3699 -0.2248, 0.1575 -0.3745 -0.2311, 0.2362 -0.3745 -0.2311, 0.1575 -0.3773 -0.2383, 0.2362 -0.3773 -0.2383, 0.1575 -0.3783 -0.2461, 0.2362 -0.3783 -0.2461, 0.1575 -0.3773 -0.2538, 0.2362 -0.3773 -0.2538, 0.1575 -0.3745 -0.261, 0.2362 -0.3745 -0.261, 0.1575 -0.3699 -0.2673, 0.2362 -0.3699 -0.2673, 0.1575 -0.3639 -0.2723, 0.2362 -0.3639 -0.2723, 0.1575 -0.3569 -0.2756, 0.2362 -0.3569 -0.2756, 0.2362 0.7747 -0.2756, 0.1575 0.7747 -0.2756, 0.2362 0.7883 -0.2772, 0.1575 0.7883 -0.2772, 0.2362 0.8012 -0.2819, 0.1575 0.8012 -0.2819, 0.2362 0.8126 -0.2894, 0.1575 0.8126 -0.2894, 0.2362 0.8221 -0.2994, 0.1575 0.8221 -0.2994, 0.2362 0.8289 -0.3113, 0.1575 0.8289 -0.3113, 0.2362 0.8328 -0.3244, 0.1575 0.8328 -0.3244, 0.2362 0.8379 -0.3528, 0.1575 0.8379 -0.3528, 0.1575 0.8418 -0.3659, 0.2362 0.8418 -0.3659, 0.1575 0.8486 -0.3778, 0.2362 0.8486 -0.3778, 0.1575 0.8581 -0.3878, 0.2362 0.8581 -0.3878, 0.1575 0.8695 -0.3953, 0.2362 0.8695 -0.3953, 0.1575 0.8824 -0.4, 0.2362 0.8824 -0.4, 0.1575 0.896 -0.4016, 0.2362 0.896 -0.4016, 0.2362 1.1417 -0.4016, 0.1575 1.1417 -0.4016, 0.1575 1.1519 -0.4002, 0.2362 1.1519 -0.4002, 0.1575 1.1614 -0.3963, 0.2362 1.1614 -0.3963, 0.1575 1.1696 -0.39, 0.2362 1.1696 -0.39, 0.1575 1.1758 -0.3819, 0.2362 1.1758 -0.3819, 0.1575 1.1798 -0.3724, 0.2362 1.1798 -0.3724, 0.1575 1.1811 -0.3622, 0.2362 1.1811 -0.3622, 0.2362 1.1811 -0.3425, 0.1575 1.1811 -0.3425, 0.1575 1.1791 -0.3272, 0.2362 1.1791 -0.3272, 0.1575 1.1732 -0.313, 0.2362 1.1732 -0.313, 0.1575 1.1638 -0.3008, 0.2362 1.1638 -0.3008, 0.1575 1.1516 -0.2914, 0.2362 1.1516 -0.2914, 0.1575 1.1373 -0.2855, 0.2362 1.1373 -0.2855, 0.1575 1.122 -0.2835, 0.2362 1.122 -0.2835, 0.2362 0.9617 -0.2835, 0.1575 0.9617 -0.2835, 0.2362 0.9055 -0.2165, 0.1575 0.9055 -0.2165, 0.2362 0.9055 0.2953, 0.1575 0.9055 0.2953, 0.2362 -0.1181 0.2953, 0.1575 -0.1181 0.2953, 0.2362 -0.4331 0.2397, 0.1575 -0.4331 0.2397, 0.1575 -0.4429 0.2366, 0.2362 -0.4429 0.2366, 0.1575 -0.4515 0.2311, 0.2362 -0.4515 0.2311, 0.1575 -0.4585 0.2235, 0.2362 -0.4585 0.2235, 0.1575 -0.4632 0.2144, 0.2362 -0.4632 0.2144, 0.1575 -0.4655 0.2044, 0.2362 -0.4655 0.2044, 0.1575 -0.465 0.1941, 0.2362 -0.465 0.1941, 0.1575 -0.4619 0.1843, 0.2362 -0.4619 0.1843, 0.1575 -0.4564 0.1757, 0.2362 -0.4564 0.1757, 0.1575 -0.4488 0.1687, 0.2362 -0.4488 0.1687, 0.1575 -0.4397 0.164, 0.2362 -0.4397 0.164, 0.1575 -0.4297 0.1617, 0.2362 -0.4297 0.1617, 0.1575 -0.4194 0.1622, 0.2362 -0.4194 0.1622, 0.2362 -0.1112 0.2165, 0.1575 -0.1112 0.2165, 0.2362 0.4331 0.2165, 0.1575 0.4331 0.2165, 0.2362 0.4331 -0.1969, 0.1575 0.4331 -0.1969, 0.6299 -0.0813 -0.127, 0.6299 -0.0586 -0.1969, 0.5512 -0.0813 -0.127, 0.5512 -0.0586 -0.1969, 0.6299 -0.3569 -0.2165, 0.5512 -0.3569 -0.2165, 0.5512 -0.3639 -0.2198, 0.6299 -0.3639 -0.2198, 0.5512 -0.3699 -0.2248, 0.6299 -0.3699 -0.2248, 0.5512 -0.3745 -0.2311, 0.6299 -0.3745 -0.2311, 0.5512 -0.3773 -0.2383, 0.6299 -0.3773 -0.2383, 0.5512 -0.3783 -0.2461, 0.6299 -0.3783 -0.2461, 0.5512 -0.3773 -0.2538, 0.6299 -0.3773 -0.2538, 0.5512 -0.3745 -0.261, 0.6299 -0.3745 -0.261, 0.5512 -0.3699 -0.2673, 0.6299 -0.3699 -0.2673, 0.5512 -0.3639 -0.2723, 0.6299 -0.3639 -0.2723, 0.5512 -0.3569 -0.2756, 0.6299 -0.3569 -0.2756, 0.6299 0.7747 -0.2756, 0.5512 0.7747 -0.2756, 0.6299 0.7883 -0.2772, 0.5512 0.7883 -0.2772, 0.6299 0.8012 -0.2819, 0.5512 0.8012 -0.2819, 0.6299 0.8126 -0.2894, 0.5512 0.8126 -0.2894, 0.6299 0.8221 -0.2994, 0.5512 0.8221 -0.2994, 0.6299 0.8289 -0.3113, 0.5512 0.8289 -0.3113, 0.6299 0.8328 -0.3244, 0.5512 0.8328 -0.3244, 0.6299 0.8379 -0.3528, 0.5512 0.8379 -0.3528, 0.5512 0.8418 -0.3659, 0.6299 0.8418 -0.3659, 0.5512 0.8486 -0.3778, 0.6299 0.8486 -0.3778, 0.5512 0.8581 -0.3878, 0.6299 0.8581 -0.3878, 0.5512 0.8695 -0.3953, 0.6299 0.8695 -0.3953, 0.5512 0.8824 -0.4, 0.6299 0.8824 -0.4, 0.5512 0.896 -0.4016, 0.6299 0.896 -0.4016, 0.6299 1.1417 -0.4016, 0.5512 1.1417 -0.4016, 0.5512 1.1519 -0.4002, 0.6299 1.1519 -0.4002, 0.5512 1.1614 -0.3963, 0.6299 1.1614 -0.3963, 0.5512 1.1696 -0.39, 0.6299 1.1696 -0.39, 0.5512 1.1758 -0.3819, 0.6299 1.1758 -0.3819, 0.5512 1.1798 -0.3724, 0.6299 1.1798 -0.3724, 0.5512 1.1811 -0.3622, 0.6299 1.1811 -0.3622, 0.6299 1.1811 -0.3425, 0.5512 1.1811 -0.3425, 0.5512 1.1791 -0.3272, 0.6299 1.1791 -0.3272, 0.5512 1.1732 -0.313, 0.6299 1.1732 -0.313, 0.5512 1.1638 -0.3008, 0.6299 1.1638 -0.3008, 0.5512 1.1516 -0.2914, 0.6299 1.1516 -0.2914, 0.5512 1.1373 -0.2855, 0.6299 1.1373 -0.2855, 0.5512 1.122 -0.2835, 0.6299 1.122 -0.2835, 0.6299 0.9617 -0.2835, 0.5512 0.9617 -0.2835, 0.6299 0.9055 -0.2165, 0.5512 0.9055 -0.2165, 0.6299 0.9055 0.2953, 0.5512 0.9055 0.2953, 0.6299 -0.1181 0.2953, 0.5512 -0.1181 0.2953, 0.6299 -0.4331 0.2397, 0.5512 -0.4331 0.2397, 0.5512 -0.4429 0.2366, 0.6299 -0.4429 0.2366, 0.5512 -0.4515 0.2311, 0.6299 -0.4515 0.2311, 0.5512 -0.4585 0.2235, 0.6299 -0.4585 0.2235, 0.5512 -0.4632 0.2144, 0.6299 -0.4632 0.2144, 0.5512 -0.4655 0.2044, 0.6299 -0.4655 0.2044, 0.5512 -0.465 0.1941, 0.6299 -0.465 0.1941, 0.5512 -0.4619 0.1843, 0.6299 -0.4619 0.1843, 0.5512 -0.4564 0.1757, 0.6299 -0.4564 0.1757, 0.5512 -0.4488 0.1687, 0.6299 -0.4488 0.1687, 0.5512 -0.4397 0.164, 0.6299 -0.4397 0.164, 0.5512 -0.4297 0.1617, 0.6299 -0.4297 0.1617, 0.5512 -0.4194 0.1622, 0.6299 -0.4194 0.1622, 0.6299 -0.1112 0.2165, 0.5512 -0.1112 0.2165, 0.6299 0.4331 0.2165, 0.5512 0.4331 0.2165, 0.6299 0.4331 -0.1969, 0.5512 0.4331 -0.1969, 1.0236 -0.0813 -0.127, 1.0236 -0.0586 -0.1969, 0.9449 -0.0813 -0.127, 0.9449 -0.0586 -0.1969, 1.0236 -0.3569 -0.2165, 0.9449 -0.3569 -0.2165, 0.9449 -0.3639 -0.2198, 1.0236 -0.3639 -0.2198, 0.9449 -0.3699 -0.2248, 1.0236 -0.3699 -0.2248, 0.9449 -0.3745 -0.2311, 1.0236 -0.3745 -0.2311, 0.9449 -0.3773 -0.2383, 1.0236 -0.3773 -0.2383, 0.9449 -0.3783 -0.2461, 1.0236 -0.3783 -0.2461, 0.9449 -0.3773 -0.2538, 1.0236 -0.3773 -0.2538, 0.9449 -0.3745 -0.261, 1.0236 -0.3745 -0.261, 0.9449 -0.3699 -0.2673, 1.0236 -0.3699 -0.2673, 0.9449 -0.3639 -0.2723, 1.0236 -0.3639 -0.2723, 0.9449 -0.3569 -0.2756, 1.0236 -0.3569 -0.2756, 1.0236 0.7747 -0.2756, 0.9449 0.7747 -0.2756, 1.0236 0.7883 -0.2772, 0.9449 0.7883 -0.2772, 1.0236 0.8012 -0.2819, 0.9449 0.8012 -0.2819, 1.0236 0.8126 -0.2894, 0.9449 0.8126 -0.2894, 1.0236 0.8221 -0.2994, 0.9449 0.8221 -0.2994, 1.0236 0.8289 -0.3113, 0.9449 0.8289 -0.3113, 1.0236 0.8328 -0.3244, 0.9449 0.8328 -0.3244, 1.0236 0.8379 -0.3528, 0.9449 0.8379 -0.3528, 0.9449 0.8418 -0.3659, 1.0236 0.8418 -0.3659, 0.9449 0.8486 -0.3778, 1.0236 0.8486 -0.3778, 0.9449 0.8581 -0.3878, 1.0236 0.8581 -0.3878, 0.9449 0.8695 -0.3953, 1.0236 0.8695 -0.3953, 0.9449 0.8824 -0.4, 1.0236 0.8824 -0.4, 0.9449 0.896 -0.4016, 1.0236 0.896 -0.4016, 1.0236 1.1417 -0.4016, 0.9449 1.1417 -0.4016, 0.9449 1.1519 -0.4002, 1.0236 1.1519 -0.4002, 0.9449 1.1614 -0.3963, 1.0236 1.1614 -0.3963, 0.9449 1.1696 -0.39, 1.0236 1.1696 -0.39, 0.9449 1.1758 -0.3819, 1.0236 1.1758 -0.3819, 0.9449 1.1798 -0.3724, 1.0236 1.1798 -0.3724, 0.9449 1.1811 -0.3622, 1.0236 1.1811 -0.3622, 1.0236 1.1811 -0.3425, 0.9449 1.1811 -0.3425, 0.9449 1.1791 -0.3272, 1.0236 1.1791 -0.3272, 0.9449 1.1732 -0.313, 1.0236 1.1732 -0.313, 0.9449 1.1638 -0.3008, 1.0236 1.1638 -0.3008, 0.9449 1.1516 -0.2914, 1.0236 1.1516 -0.2914, 0.9449 1.1373 -0.2855, 1.0236 1.1373 -0.2855, 0.9449 1.122 -0.2835, 1.0236 1.122 -0.2835, 1.0236 0.9617 -0.2835, 0.9449 0.9617 -0.2835, 1.0236 0.9055 -0.2165, 0.9449 0.9055 -0.2165, 1.0236 0.9055 0.2953, 0.9449 0.9055 0.2953, 1.0236 -0.1181 0.2953, 0.9449 -0.1181 0.2953, 1.0236 -0.4331 0.2397, 0.9449 -0.4331 0.2397, 0.9449 -0.4429 0.2366, 1.0236 -0.4429 0.2366, 0.9449 -0.4515 0.2311, 1.0236 -0.4515 0.2311, 0.9449 -0.4585 0.2235, 1.0236 -0.4585 0.2235, 0.9449 -0.4632 0.2144, 1.0236 -0.4632 0.2144, 0.9449 -0.4655 0.2044, 1.0236 -0.4655 0.2044, 0.9449 -0.465 0.1941, 1.0236 -0.465 0.1941, 0.9449 -0.4619 0.1843, 1.0236 -0.4619 0.1843, 0.9449 -0.4564 0.1757, 1.0236 -0.4564 0.1757, 0.9449 -0.4488 0.1687, 1.0236 -0.4488 0.1687, 0.9449 -0.4397 0.164, 1.0236 -0.4397 0.164, 0.9449 -0.4297 0.1617, 1.0236 -0.4297 0.1617, 0.9449 -0.4194 0.1622, 1.0236 -0.4194 0.1622, 1.0236 -0.1112 0.2165, 0.9449 -0.1112 0.2165, 1.0236 0.4331 0.2165, 0.9449 0.4331 0.2165, 1.0236 0.4331 -0.1969, 0.9449 0.4331 -0.1969, -0.1575 -0.0813 -0.127, -0.1575 -0.0586 -0.1969, -0.2362 -0.0813 -0.127, -0.2362 -0.0586 -0.1969, -0.1575 -0.3569 -0.2165, -0.2362 -0.3569 -0.2165, -0.2362 -0.3639 -0.2198, -0.1575 -0.3639 -0.2198, -0.2362 -0.3699 -0.2248, -0.1575 -0.3699 -0.2248, -0.2362 -0.3745 -0.2311, -0.1575 -0.3745 -0.2311, -0.2362 -0.3773 -0.2383, -0.1575 -0.3773 -0.2383, -0.2362 -0.3783 -0.2461, -0.1575 -0.3783 -0.2461, -0.2362 -0.3773 -0.2538, -0.1575 -0.3773 -0.2538, -0.2362 -0.3745 -0.261, -0.1575 -0.3745 -0.261, -0.2362 -0.3699 -0.2673, -0.1575 -0.3699 -0.2673, -0.2362 -0.3639 -0.2723, -0.1575 -0.3639 -0.2723, -0.2362 -0.3569 -0.2756, -0.1575 -0.3569 -0.2756, -0.1575 0.7747 -0.2756, -0.2362 0.7747 -0.2756, -0.1575 0.7883 -0.2772, -0.2362 0.7883 -0.2772, -0.1575 0.8012 -0.2819, -0.2362 0.8012 -0.2819, -0.1575 0.8126 -0.2894, -0.2362 0.8126 -0.2894, -0.1575 0.8221 -0.2994, -0.2362 0.8221 -0.2994, -0.1575 0.8289 -0.3113, -0.2362 0.8289 -0.3113, -0.1575 0.8328 -0.3244, -0.2362 0.8328 -0.3244, -0.1575 0.8379 -0.3528, -0.2362 0.8379 -0.3528, -0.2362 0.8418 -0.3659, -0.1575 0.8418 -0.3659, -0.2362 0.8486 -0.3778, -0.1575 0.8486 -0.3778, -0.2362 0.8581 -0.3878, -0.1575 0.8581 -0.3878, -0.2362 0.8695 -0.3953, -0.1575 0.8695 -0.3953, -0.2362 0.8824 -0.4, -0.1575 0.8824 -0.4, -0.2362 0.896 -0.4016, -0.1575 0.896 -0.4016, -0.1575 1.1417 -0.4016, -0.2362 1.1417 -0.4016, -0.2362 1.1519 -0.4002, -0.1575 1.1519 -0.4002, -0.2362 1.1614 -0.3963, -0.1575 1.1614 -0.3963, -0.2362 1.1696 -0.39, -0.1575 1.1696 -0.39, -0.2362 1.1758 -0.3819, -0.1575 1.1758 -0.3819, -0.2362 1.1798 -0.3724, -0.1575 1.1798 -0.3724, -0.2362 1.1811 -0.3622, -0.1575 1.1811 -0.3622, -0.1575 1.1811 -0.3425, -0.2362 1.1811 -0.3425, -0.2362 1.1791 -0.3272, -0.1575 1.1791 -0.3272, -0.2362 1.1732 -0.313, -0.1575 1.1732 -0.313, -0.2362 1.1638 -0.3008, -0.1575 1.1638 -0.3008, -0.2362 1.1516 -0.2914, -0.1575 1.1516 -0.2914, -0.2362 1.1373 -0.2855, -0.1575 1.1373 -0.2855, -0.2362 1.122 -0.2835, -0.1575 1.122 -0.2835, -0.1575 0.9617 -0.2835, -0.2362 0.9617 -0.2835, -0.1575 0.9055 -0.2165, -0.2362 0.9055 -0.2165, -0.1575 0.9055 0.2953, -0.2362 0.9055 0.2953, -0.1575 -0.1181 0.2953, -0.2362 -0.1181 0.2953, -0.1575 -0.4331 0.2397, -0.2362 -0.4331 0.2397, -0.2362 -0.4429 0.2366, -0.1575 -0.4429 0.2366, -0.2362 -0.4515 0.2311, -0.1575 -0.4515 0.2311, -0.2362 -0.4585 0.2235, -0.1575 -0.4585 0.2235, -0.2362 -0.4632 0.2144, -0.1575 -0.4632 0.2144, -0.2362 -0.4655 0.2044, -0.1575 -0.4655 0.2044, -0.2362 -0.465 0.1941, -0.1575 -0.465 0.1941, -0.2362 -0.4619 0.1843, -0.1575 -0.4619 0.1843, -0.2362 -0.4564 0.1757, -0.1575 -0.4564 0.1757, -0.2362 -0.4488 0.1687, -0.1575 -0.4488 0.1687, -0.2362 -0.4397 0.164, -0.1575 -0.4397 0.164, -0.2362 -0.4297 0.1617, -0.1575 -0.4297 0.1617, -0.2362 -0.4194 0.1622, -0.1575 -0.4194 0.1622, -0.1575 -0.1112 0.2165, -0.2362 -0.1112 0.2165, -0.1575 0.4331 0.2165, -0.2362 0.4331 0.2165, -0.1575 0.4331 -0.1969, -0.2362 0.4331 -0.1969, -0.5512 -0.0813 -0.127, -0.5512 -0.0586 -0.1969, -0.6299 -0.0813 -0.127, -0.6299 -0.0586 -0.1969, -0.5512 -0.3569 -0.2165, -0.6299 -0.3569 -0.2165, -0.6299 -0.3639 -0.2198, -0.5512 -0.3639 -0.2198, -0.6299 -0.3699 -0.2248, -0.5512 -0.3699 -0.2248, -0.6299 -0.3745 -0.2311, -0.5512 -0.3745 -0.2311, -0.6299 -0.3773 -0.2383, -0.5512 -0.3773 -0.2383, -0.6299 -0.3783 -0.2461, -0.5512 -0.3783 -0.2461, -0.6299 -0.3773 -0.2538, -0.5512 -0.3773 -0.2538, -0.6299 -0.3745 -0.261, -0.5512 -0.3745 -0.261, -0.6299 -0.3699 -0.2673, -0.5512 -0.3699 -0.2673, -0.6299 -0.3639 -0.2723, -0.5512 -0.3639 -0.2723, -0.6299 -0.3569 -0.2756, -0.5512 -0.3569 -0.2756, -0.5512 0.7747 -0.2756, -0.6299 0.7747 -0.2756, -0.5512 0.7883 -0.2772, -0.6299 0.7883 -0.2772, -0.5512 0.8012 -0.2819, -0.6299 0.8012 -0.2819, -0.5512 0.8126 -0.2894, -0.6299 0.8126 -0.2894, -0.5512 0.8221 -0.2994, -0.6299 0.8221 -0.2994, -0.5512 0.8289 -0.3113, -0.6299 0.8289 -0.3113, -0.5512 0.8328 -0.3244, -0.6299 0.8328 -0.3244, -0.5512 0.8379 -0.3528, -0.6299 0.8379 -0.3528, -0.6299 0.8418 -0.3659, -0.5512 0.8418 -0.3659, -0.6299 0.8486 -0.3778, -0.5512 0.8486 -0.3778, -0.6299 0.8581 -0.3878, -0.5512 0.8581 -0.3878, -0.6299 0.8695 -0.3953, -0.5512 0.8695 -0.3953, -0.6299 0.8824 -0.4, -0.5512 0.8824 -0.4, -0.6299 0.896 -0.4016, -0.5512 0.896 -0.4016, -0.5512 1.1417 -0.4016, -0.6299 1.1417 -0.4016, -0.6299 1.1519 -0.4002, -0.5512 1.1519 -0.4002, -0.6299 1.1614 -0.3963, -0.5512 1.1614 -0.3963, -0.6299 1.1696 -0.39, -0.5512 1.1696 -0.39, -0.6299 1.1758 -0.3819, -0.5512 1.1758 -0.3819, -0.6299 1.1798 -0.3724, -0.5512 1.1798 -0.3724, -0.6299 1.1811 -0.3622, -0.5512 1.1811 -0.3622, -0.5512 1.1811 -0.3425, -0.6299 1.1811 -0.3425, -0.6299 1.1791 -0.3272, -0.5512 1.1791 -0.3272, -0.6299 1.1732 -0.313, -0.5512 1.1732 -0.313, -0.6299 1.1638 -0.3008, -0.5512 1.1638 -0.3008, -0.6299 1.1516 -0.2914, -0.5512 1.1516 -0.2914, -0.6299 1.1373 -0.2855, -0.5512 1.1373 -0.2855, -0.6299 1.122 -0.2835, -0.5512 1.122 -0.2835, -0.5512 0.9617 -0.2835, -0.6299 0.9617 -0.2835, -0.5512 0.9055 -0.2165, -0.6299 0.9055 -0.2165, -0.5512 0.9055 0.2953, -0.6299 0.9055 0.2953, -0.5512 -0.1181 0.2953, -0.6299 -0.1181 0.2953, -0.5512 -0.4331 0.2397, -0.6299 -0.4331 0.2397, -0.6299 -0.4429 0.2366, -0.5512 -0.4429 0.2366, -0.6299 -0.4515 0.2311, -0.5512 -0.4515 0.2311, -0.6299 -0.4585 0.2235, -0.5512 -0.4585 0.2235, -0.6299 -0.4632 0.2144, -0.5512 -0.4632 0.2144, -0.6299 -0.4655 0.2044, -0.5512 -0.4655 0.2044, -0.6299 -0.465 0.1941, -0.5512 -0.465 0.1941, -0.6299 -0.4619 0.1843, -0.5512 -0.4619 0.1843, -0.6299 -0.4564 0.1757, -0.5512 -0.4564 0.1757, -0.6299 -0.4488 0.1687, -0.5512 -0.4488 0.1687, -0.6299 -0.4397 0.164, -0.5512 -0.4397 0.164, -0.6299 -0.4297 0.1617, -0.5512 -0.4297 0.1617, -0.6299 -0.4194 0.1622, -0.5512 -0.4194 0.1622, -0.5512 -0.1112 0.2165, -0.6299 -0.1112 0.2165, -0.5512 0.4331 0.2165, -0.6299 0.4331 0.2165, -0.5512 0.4331 -0.1969, -0.6299 0.4331 -0.1969, -0.9449 -0.0813 -0.127, -0.9449 -0.0586 -0.1969, -1.0236 -0.0813 -0.127, -1.0236 -0.0586 -0.1969, -0.9449 -0.3569 -0.2165, -1.0236 -0.3569 -0.2165, -1.0236 -0.3639 -0.2198, -0.9449 -0.3639 -0.2198, -1.0236 -0.3699 -0.2248, -0.9449 -0.3699 -0.2248, -1.0236 -0.3745 -0.2311, -0.9449 -0.3745 -0.2311, -1.0236 -0.3773 -0.2383, -0.9449 -0.3773 -0.2383, -1.0236 -0.3783 -0.2461, -0.9449 -0.3783 -0.2461, -1.0236 -0.3773 -0.2538, -0.9449 -0.3773 -0.2538, -1.0236 -0.3745 -0.261, -0.9449 -0.3745 -0.261, -1.0236 -0.3699 -0.2673, -0.9449 -0.3699 -0.2673, -1.0236 -0.3639 -0.2723, -0.9449 -0.3639 -0.2723, -1.0236 -0.3569 -0.2756, -0.9449 -0.3569 -0.2756, -0.9449 0.7747 -0.2756, -1.0236 0.7747 -0.2756, -0.9449 0.7883 -0.2772, -1.0236 0.7883 -0.2772, -0.9449 0.8012 -0.2819, -1.0236 0.8012 -0.2819, -0.9449 0.8126 -0.2894, -1.0236 0.8126 -0.2894, -0.9449 0.8221 -0.2994, -1.0236 0.8221 -0.2994, -0.9449 0.8289 -0.3113, -1.0236 0.8289 -0.3113, -0.9449 0.8328 -0.3244, -1.0236 0.8328 -0.3244, -0.9449 0.8379 -0.3528, -1.0236 0.8379 -0.3528, -1.0236 0.8418 -0.3659, -0.9449 0.8418 -0.3659, -1.0236 0.8486 -0.3778, -0.9449 0.8486 -0.3778, -1.0236 0.8581 -0.3878, -0.9449 0.8581 -0.3878, -1.0236 0.8695 -0.3953, -0.9449 0.8695 -0.3953, -1.0236 0.8824 -0.4, -0.9449 0.8824 -0.4, -1.0236 0.896 -0.4016, -0.9449 0.896 -0.4016, -0.9449 1.1417 -0.4016, -1.0236 1.1417 -0.4016, -1.0236 1.1519 -0.4002, -0.9449 1.1519 -0.4002, -1.0236 1.1614 -0.3963, -0.9449 1.1614 -0.3963, -1.0236 1.1696 -0.39, -0.9449 1.1696 -0.39, -1.0236 1.1758 -0.3819, -0.9449 1.1758 -0.3819, -1.0236 1.1798 -0.3724, -0.9449 1.1798 -0.3724, -1.0236 1.1811 -0.3622, -0.9449 1.1811 -0.3622, -0.9449 1.1811 -0.3425, -1.0236 1.1811 -0.3425, -1.0236 1.1791 -0.3272, -0.9449 1.1791 -0.3272, -1.0236 1.1732 -0.313, -0.9449 1.1732 -0.313, -1.0236 1.1638 -0.3008, -0.9449 1.1638 -0.3008, -1.0236 1.1516 -0.2914, -0.9449 1.1516 -0.2914, -1.0236 1.1373 -0.2855, -0.9449 1.1373 -0.2855, -1.0236 1.122 -0.2835, -0.9449 1.122 -0.2835, -0.9449 0.9617 -0.2835, -1.0236 0.9617 -0.2835, -0.9449 0.9055 -0.2165, -1.0236 0.9055 -0.2165, -0.9449 0.9055 0.2953, -1.0236 0.9055 0.2953, -0.9449 -0.1181 0.2953, -1.0236 -0.1181 0.2953, -0.9449 -0.4331 0.2397, -1.0236 -0.4331 0.2397, -1.0236 -0.4429 0.2366, -0.9449 -0.4429 0.2366, -1.0236 -0.4515 0.2311, -0.9449 -0.4515 0.2311, -1.0236 -0.4585 0.2235, -0.9449 -0.4585 0.2235, -1.0236 -0.4632 0.2144, -0.9449 -0.4632 0.2144, -1.0236 -0.4655 0.2044, -0.9449 -0.4655 0.2044, -1.0236 -0.465 0.1941, -0.9449 -0.465 0.1941, -1.0236 -0.4619 0.1843, -0.9449 -0.4619 0.1843, -1.0236 -0.4564 0.1757, -0.9449 -0.4564 0.1757, -1.0236 -0.4488 0.1687, -0.9449 -0.4488 0.1687, -1.0236 -0.4397 0.164, -0.9449 -0.4397 0.164, -1.0236 -0.4297 0.1617, -0.9449 -0.4297 0.1617, -1.0236 -0.4194 0.1622, -0.9449 -0.4194 0.1622, -0.9449 -0.1112 0.2165, -1.0236 -0.1112 0.2165, -0.9449 0.4331 0.2165, -1.0236 0.4331 0.2165, -0.9449 0.4331 -0.1969, -1.0236 0.4331 -0.1969, 2.1457 -0.1772 -0.4016, 2.1457 -0.131 -0.4016, 2.1457 -0.1772 -0.3228, 2.1457 -0.131 -0.3228, 2.1194 0.0546 -0.4016, 2.1021 0.0459 -0.4016, 2.1063 0.1772 -0.4016, 1.5945 0.1772 -0.4016, 2.0874 0.0333 -0.4016, 2.0763 0.0175 -0.4016, 2.0693 -0.0389 -0.4016, 1.5945 -0.2165 -0.4016, 2.0669 -0.0197 -0.4016, 2.0693 -0.0005 -0.4016, 2.0763 -0.0569 -0.4016, 2.0874 -0.0727 -0.4016, 2.1063 -0.2165 -0.4016, 2.1445 0.0821 -0.4016, 2.141 0.0731 -0.4016, 2.1354 0.0652 -0.4016, 2.1354 -0.1045 -0.4016, 2.141 -0.1124 -0.4016, 2.1445 -0.1214 -0.4016, 2.1021 -0.0853 -0.4016, 2.1194 -0.0939 -0.4016, 2.1457 0.1378 -0.4016, 2.1457 0.0917 -0.4016, 2.1281 0.0589 -0.4016, 2.1165 0.1758 -0.4016, 2.126 0.1719 -0.4016, 2.1341 0.1656 -0.4016, 2.1404 0.1575 -0.4016, 2.1443 0.148 -0.4016, 2.1281 -0.0982 -0.4016, 2.126 -0.2113 -0.4016, 2.1443 -0.1874 -0.4016, 2.1341 -0.205 -0.4016, 2.1404 -0.1969 -0.4016, 2.1165 -0.2152 -0.4016, 1.5682 -0.2165 -0.3986, 1.5682 0.1772 -0.3986, 1.5432 -0.2165 -0.3899, 1.5432 0.1772 -0.3899, 1.5208 -0.2165 -0.3758, 1.5208 0.1772 -0.3758, 1.5021 -0.2165 -0.3571, 1.5021 0.1772 -0.3571, 1.4881 -0.2165 -0.3347, 1.4881 0.1772 -0.3347, 1.4793 -0.2165 -0.3097, 1.4793 0.1772 -0.3097, 1.4764 -0.2165 -0.2835, 1.4764 0.1772 -0.2835, 1.4764 0.1772 -0.2441, 1.4764 -0.2165 0.3071, 1.4764 0.8858 -0.2441, 1.4764 0.8858 0.3071, 1.5551 0.8858 0.3071, 1.5551 -0.2165 0.3071, 1.5551 0.8858 -0.2441, 1.5551 0.1772 -0.2441, 1.5551 0.1772 -0.2835, 1.5551 -0.2165 -0.2835, 1.5565 0.1772 -0.2937, 1.5565 -0.2165 -0.2937, 1.5604 0.1772 -0.3031, 1.5604 -0.2165 -0.3031, 1.5666 0.1772 -0.3113, 1.5666 -0.2165 -0.3113, 1.5748 0.1772 -0.3176, 1.5748 -0.2165 -0.3176, 1.5843 0.1772 -0.3215, 1.5843 -0.2165 -0.3215, 1.5945 0.1772 -0.3228, 1.5945 -0.2165 -0.3228, 2.0874 -0.0727 -0.3228, 2.1021 -0.0853 -0.3228, 2.1063 -0.2165 -0.3228, 2.1194 -0.0939 -0.3228, 2.0763 -0.0569 -0.3228, 2.0693 -0.0389 -0.3228, 2.0669 -0.0197 -0.3228, 2.0693 -0.0005 -0.3228, 2.0763 0.0175 -0.3228, 2.0874 0.0333 -0.3228, 2.1063 0.1772 -0.3228, 2.1021 0.0459 -0.3228, 2.1194 0.0546 -0.3228, 2.1354 0.0652 -0.3228, 2.141 0.0731 -0.3228, 2.1445 0.0821 -0.3228, 2.141 -0.1124 -0.3228, 2.1354 -0.1045 -0.3228, 2.1445 -0.1214 -0.3228, 2.1281 -0.0982 -0.3228, 2.1165 -0.2152 -0.3228, 2.1443 -0.1874 -0.3228, 2.126 -0.2113 -0.3228, 2.1341 -0.205 -0.3228, 2.1404 -0.1969 -0.3228, 2.1457 0.1378 -0.3228, 2.1457 0.0917 -0.3228, 2.1281 0.0589 -0.3228, 2.1341 0.1656 -0.3228, 2.1404 0.1575 -0.3228, 2.1443 0.148 -0.3228, 2.126 0.1719 -0.3228, 2.1165 0.1758 -0.3228, -2.1457 -0.131 -0.4016, -2.1457 -0.1772 -0.4016, -2.1457 -0.131 -0.3228, -2.1457 -0.1772 -0.3228, -2.1194 -0.0939 -0.4016, -2.1021 -0.0853 -0.4016, -2.1063 -0.2165 -0.4016, -2.0693 -0.0005 -0.4016, -1.5945 0.1772 -0.4016, -2.0669 -0.0197 -0.4016, -1.5945 -0.2165 -0.4016, -2.0693 -0.0389 -0.4016, -2.0763 -0.0569 -0.4016, -2.0763 0.0175 -0.4016, -2.0874 0.0333 -0.4016, -2.1063 0.1772 -0.4016, -2.1354 0.0652 -0.4016, -2.141 0.0731 -0.4016, -2.1445 0.0821 -0.4016, -2.1021 0.0459 -0.4016, -2.1194 0.0546 -0.4016, -2.1457 0.0917 -0.4016, -2.0874 -0.0727 -0.4016, -2.1281 0.0589 -0.4016, -2.141 -0.1124 -0.4016, -2.1354 -0.1045 -0.4016, -2.1445 -0.1214 -0.4016, -2.1281 -0.0982 -0.4016, -2.126 0.1719 -0.4016, -2.1443 0.148 -0.4016, -2.1341 0.1656 -0.4016, -2.1404 0.1575 -0.4016, -2.1457 0.1378 -0.4016, -2.1165 0.1758 -0.4016, -2.1165 -0.2152 -0.4016, -2.1443 -0.1874 -0.4016, -2.126 -0.2113 -0.4016, -2.1341 -0.205 -0.4016, -2.1404 -0.1969 -0.4016, -1.4764 0.1772 -0.2835, -1.4764 -0.2165 -0.2835, -1.4793 -0.2165 -0.3097, -1.4793 0.1772 -0.3097, -1.4881 -0.2165 -0.3347, -1.4881 0.1772 -0.3347, -1.5021 -0.2165 -0.3571, -1.5021 0.1772 -0.3571, -1.5208 -0.2165 -0.3758, -1.5208 0.1772 -0.3758, -1.5432 -0.2165 -0.3899, -1.5432 0.1772 -0.3899, -1.5682 -0.2165 -0.3986, -1.5682 0.1772 -0.3986, -1.4764 0.8858 -0.2441, -1.4764 0.8858 0.3071, -1.4764 0.1772 -0.2441, -1.4764 -0.2165 0.3071, -1.5551 0.8858 0.3071, -1.5551 -0.2165 0.3071, -1.5551 0.1772 -0.2835, -1.5551 -0.2165 -0.2835, -1.5551 0.1772 -0.2441, -1.5551 0.8858 -0.2441, -1.5945 0.1772 -0.3228, -1.5945 -0.2165 -0.3228, -1.5843 0.1772 -0.3215, -1.5843 -0.2165 -0.3215, -1.5748 0.1772 -0.3176, -1.5748 -0.2165 -0.3176, -1.5666 0.1772 -0.3113, -1.5666 -0.2165 -0.3113, -1.5604 0.1772 -0.3031, -1.5604 -0.2165 -0.3031, -1.5565 0.1772 -0.2937, -1.5565 -0.2165 -0.2937, -2.1194 0.0546 -0.3228, -2.1021 0.0459 -0.3228, -2.1063 0.1772 -0.3228, -2.0874 0.0333 -0.3228, -2.0763 0.0175 -0.3228, -2.0693 -0.0389 -0.3228, -2.0669 -0.0197 -0.3228, -2.0693 -0.0005 -0.3228, -2.0763 -0.0569 -0.3228, -2.0874 -0.0727 -0.3228, -2.1063 -0.2165 -0.3228, -2.1354 -0.1045 -0.3228, -2.141 -0.1124 -0.3228, -2.1445 -0.1214 -0.3228, -2.1021 -0.0853 -0.3228, -2.1194 -0.0939 -0.3228, -2.141 0.0731 -0.3228, -2.1354 0.0652 -0.3228, -2.1445 0.0821 -0.3228, -2.1281 0.0589 -0.3228, -2.1165 0.1758 -0.3228, -2.1443 0.148 -0.3228, -2.1457 0.1378 -0.3228, -2.1457 0.0917 -0.3228, -2.126 0.1719 -0.3228, -2.1341 0.1656 -0.3228, -2.1404 0.1575 -0.3228, -2.1281 -0.0982 -0.3228, -2.126 -0.2113 -0.3228, -2.1443 -0.1874 -0.3228, -2.1341 -0.205 -0.3228, -2.1404 -0.1969 -0.3228, -2.1165 -0.2152 -0.3228, -2.1165 -0.2152 -0.3228
            ]
        }
        coordIndex [
            0,1,2,-1,2,1,3,-1,4,0,5,-1,5,0,2,-1,4,5,6,-1,4,6,7,-1,7,6,8,-1,7,8,9,-1,9,8,10,-1,9,10,11,-1,11,10,12,-1,11,12,13,-1,13,12,14,-1,13,14,15,-1,15,14,16,-1,15,16,17,-1,17,16,18,-1,17,18,19,-1,19,18,20,-1,19,20,21,-1,21,20,22,-1,21,22,23,-1,23,22,24,-1,23,24,25,-1,26,25,27,-1,27,25,24,-1,26,27,28,-1,28,27,29,-1,28,29,30,-1,30,29,31,-1,30,31,32,-1,32,31,33,-1,32,33,34,-1,34,33,35,-1,34,35,36,-1,36,35,37,-1,36,37,38,-1,38,37,39,-1,40,38,41,-1,41,38,39,-1,40,41,42,-1,40,42,43,-1,43,42,44,-1,43,44,45,-1,45,44,46,-1,45,46,47,-1,47,46,48,-1,47,48,49,-1,49,48,50,-1,49,50,51,-1,51,50,52,-1,51,52,53,-1,54,53,55,-1,55,53,52,-1,54,55,56,-1,54,56,57,-1,57,56,58,-1,57,58,59,-1,59,58,60,-1,59,60,61,-1,61,60,62,-1,61,62,63,-1,63,62,64,-1,63,64,65,-1,65,64,66,-1,65,66,67,-1,68,67,69,-1,69,67,66,-1,68,69,70,-1,68,70,71,-1,71,70,72,-1,71,72,73,-1,73,72,74,-1,73,74,75,-1,75,74,76,-1,75,76,77,-1,77,76,78,-1,77,78,79,-1,79,78,80,-1,79,80,81,-1,82,81,83,-1,83,81,80,-1,84,82,85,-1,85,82,83,-1,86,84,87,-1,87,84,85,-1,88,86,89,-1,89,86,87,-1,90,88,91,-1,91,88,89,-1,90,91,92,-1,90,92,93,-1,93,92,94,-1,93,94,95,-1,95,94,96,-1,95,96,97,-1,97,96,98,-1,97,98,99,-1,99,98,100,-1,99,100,101,-1,101,100,102,-1,101,102,103,-1,103,102,104,-1,103,104,105,-1,105,104,106,-1,105,106,107,-1,107,106,108,-1,107,108,109,-1,109,108,110,-1,109,110,111,-1,111,110,112,-1,111,112,113,-1,113,112,114,-1,113,114,115,-1,116,115,117,-1,117,115,114,-1,118,116,119,-1,119,116,117,-1,120,118,121,-1,121,118,119,-1,1,120,3,-1,3,120,121,-1,25,26,120,-1,88,90,115,-1,115,90,93,-1,67,68,54,-1,120,26,118,-1,120,1,25,-1,25,1,0,-1,25,0,4,-1,93,95,115,-1,115,95,97,-1,115,97,99,-1,54,81,53,-1,53,81,82,-1,53,82,51,-1,115,116,88,-1,88,116,118,-1,88,118,86,-1,86,118,26,-1,86,26,84,-1,84,26,28,-1,84,28,30,-1,4,7,25,-1,25,7,9,-1,25,9,11,-1,21,23,19,-1,19,23,25,-1,19,25,17,-1,105,107,109,-1,68,71,54,-1,54,71,73,-1,54,73,75,-1,75,77,54,-1,54,77,79,-1,54,79,81,-1,30,32,84,-1,84,32,34,-1,84,34,82,-1,82,34,36,-1,82,36,38,-1,11,13,25,-1,25,13,15,-1,25,15,17,-1,99,101,115,-1,115,101,103,-1,115,103,113,-1,113,103,105,-1,113,105,111,-1,111,105,109,-1,61,54,59,-1,59,54,57,-1,61,63,54,-1,54,63,65,-1,54,65,67,-1,38,40,82,-1,82,40,43,-1,82,43,45,-1,45,47,82,-1,82,47,49,-1,82,49,51,-1,5,2,3,-1,20,18,5,-1,33,31,85,-1,85,31,29,-1,85,29,87,-1,114,91,117,-1,117,91,89,-1,117,89,119,-1,98,96,114,-1,8,14,10,-1,10,14,12,-1,18,16,5,-1,5,16,14,-1,5,14,6,-1,6,14,8,-1,89,87,119,-1,119,87,29,-1,119,29,121,-1,121,29,27,-1,121,27,3,-1,3,27,24,-1,3,24,5,-1,5,24,22,-1,5,22,20,-1,98,114,100,-1,96,94,114,-1,114,94,92,-1,114,92,91,-1,83,37,85,-1,85,37,35,-1,85,35,33,-1,74,55,76,-1,76,55,78,-1,74,72,55,-1,55,72,70,-1,55,70,69,-1,106,104,108,-1,108,104,102,-1,108,102,110,-1,42,41,83,-1,83,41,39,-1,83,39,37,-1,69,66,55,-1,55,66,64,-1,55,64,62,-1,62,60,55,-1,55,60,58,-1,55,58,56,-1,100,114,102,-1,102,114,112,-1,102,112,110,-1,78,55,80,-1,80,55,52,-1,80,52,83,-1,83,52,50,-1,83,50,48,-1,48,46,83,-1,83,46,44,-1,83,44,42,-1,122,123,124,-1,124,123,125,-1,126,122,127,-1,127,122,124,-1,126,127,128,-1,126,128,129,-1,129,128,130,-1,129,130,131,-1,131,130,132,-1,131,132,133,-1,133,132,134,-1,133,134,135,-1,135,134,136,-1,135,136,137,-1,137,136,138,-1,137,138,139,-1,139,138,140,-1,139,140,141,-1,141,140,142,-1,141,142,143,-1,143,142,144,-1,143,144,145,-1,145,144,146,-1,145,146,147,-1,148,147,149,-1,149,147,146,-1,148,149,150,-1,150,149,151,-1,150,151,152,-1,152,151,153,-1,152,153,154,-1,154,153,155,-1,154,155,156,-1,156,155,157,-1,156,157,158,-1,158,157,159,-1,158,159,160,-1,160,159,161,-1,162,160,163,-1,163,160,161,-1,162,163,164,-1,162,164,165,-1,165,164,166,-1,165,166,167,-1,167,166,168,-1,167,168,169,-1,169,168,170,-1,169,170,171,-1,171,170,172,-1,171,172,173,-1,173,172,174,-1,173,174,175,-1,176,175,177,-1,177,175,174,-1,176,177,178,-1,176,178,179,-1,179,178,180,-1,179,180,181,-1,181,180,182,-1,181,182,183,-1,183,182,184,-1,183,184,185,-1,185,184,186,-1,185,186,187,-1,187,186,188,-1,187,188,189,-1,190,189,191,-1,191,189,188,-1,190,191,192,-1,190,192,193,-1,193,192,194,-1,193,194,195,-1,195,194,196,-1,195,196,197,-1,197,196,198,-1,197,198,199,-1,199,198,200,-1,199,200,201,-1,201,200,202,-1,201,202,203,-1,204,203,205,-1,205,203,202,-1,206,204,207,-1,207,204,205,-1,208,206,209,-1,209,206,207,-1,210,208,211,-1,211,208,209,-1,212,210,213,-1,213,210,211,-1,212,213,214,-1,212,214,215,-1,215,214,216,-1,215,216,217,-1,217,216,218,-1,217,218,219,-1,219,218,220,-1,219,220,221,-1,221,220,222,-1,221,222,223,-1,223,222,224,-1,223,224,225,-1,225,224,226,-1,225,226,227,-1,227,226,228,-1,227,228,229,-1,229,228,230,-1,229,230,231,-1,231,230,232,-1,231,232,233,-1,233,232,234,-1,233,234,235,-1,235,234,236,-1,235,236,237,-1,238,237,239,-1,239,237,236,-1,240,238,241,-1,241,238,239,-1,242,240,243,-1,243,240,241,-1,123,242,125,-1,125,242,243,-1,147,148,242,-1,210,212,237,-1,237,212,215,-1,189,190,176,-1,242,148,240,-1,242,123,147,-1,147,123,122,-1,147,122,126,-1,215,217,237,-1,237,217,219,-1,237,219,221,-1,176,203,175,-1,175,203,204,-1,175,204,173,-1,237,238,210,-1,210,238,240,-1,210,240,208,-1,208,240,148,-1,208,148,206,-1,206,148,150,-1,206,150,152,-1,126,129,147,-1,147,129,131,-1,147,131,133,-1,143,145,141,-1,141,145,147,-1,141,147,139,-1,227,229,231,-1,190,193,176,-1,176,193,195,-1,176,195,197,-1,197,199,176,-1,176,199,201,-1,176,201,203,-1,152,154,206,-1,206,154,156,-1,206,156,204,-1,204,156,158,-1,204,158,160,-1,133,135,147,-1,147,135,137,-1,147,137,139,-1,221,223,237,-1,237,223,225,-1,237,225,235,-1,235,225,227,-1,235,227,233,-1,233,227,231,-1,183,176,181,-1,181,176,179,-1,183,185,176,-1,176,185,187,-1,176,187,189,-1,160,162,204,-1,204,162,165,-1,204,165,167,-1,167,169,204,-1,204,169,171,-1,204,171,173,-1,127,124,125,-1,142,140,127,-1,155,153,207,-1,207,153,151,-1,207,151,209,-1,236,213,239,-1,239,213,211,-1,239,211,241,-1,220,218,236,-1,130,136,132,-1,132,136,134,-1,140,138,127,-1,127,138,136,-1,127,136,128,-1,128,136,130,-1,211,209,241,-1,241,209,151,-1,241,151,243,-1,243,151,149,-1,243,149,125,-1,125,149,146,-1,125,146,127,-1,127,146,144,-1,127,144,142,-1,220,236,222,-1,218,216,236,-1,236,216,214,-1,236,214,213,-1,205,159,207,-1,207,159,157,-1,207,157,155,-1,196,177,198,-1,198,177,200,-1,196,194,177,-1,177,194,192,-1,177,192,191,-1,228,226,230,-1,230,226,224,-1,230,224,232,-1,164,163,205,-1,205,163,161,-1,205,161,159,-1,191,188,177,-1,177,188,186,-1,177,186,184,-1,184,182,177,-1,177,182,180,-1,177,180,178,-1,222,236,224,-1,224,236,234,-1,224,234,232,-1,200,177,202,-1,202,177,174,-1,202,174,205,-1,205,174,172,-1,205,172,170,-1,170,168,205,-1,205,168,166,-1,205,166,164,-1,244,245,246,-1,246,245,247,-1,248,244,249,-1,249,244,246,-1,248,249,250,-1,248,250,251,-1,251,250,252,-1,251,252,253,-1,253,252,254,-1,253,254,255,-1,255,254,256,-1,255,256,257,-1,257,256,258,-1,257,258,259,-1,259,258,260,-1,259,260,261,-1,261,260,262,-1,261,262,263,-1,263,262,264,-1,263,264,265,-1,265,264,266,-1,265,266,267,-1,267,266,268,-1,267,268,269,-1,270,269,271,-1,271,269,268,-1,270,271,272,-1,272,271,273,-1,272,273,274,-1,274,273,275,-1,274,275,276,-1,276,275,277,-1,276,277,278,-1,278,277,279,-1,278,279,280,-1,280,279,281,-1,280,281,282,-1,282,281,283,-1,284,282,285,-1,285,282,283,-1,284,285,286,-1,284,286,287,-1,287,286,288,-1,287,288,289,-1,289,288,290,-1,289,290,291,-1,291,290,292,-1,291,292,293,-1,293,292,294,-1,293,294,295,-1,295,294,296,-1,295,296,297,-1,298,297,299,-1,299,297,296,-1,298,299,300,-1,298,300,301,-1,301,300,302,-1,301,302,303,-1,303,302,304,-1,303,304,305,-1,305,304,306,-1,305,306,307,-1,307,306,308,-1,307,308,309,-1,309,308,310,-1,309,310,311,-1,312,311,313,-1,313,311,310,-1,312,313,314,-1,312,314,315,-1,315,314,316,-1,315,316,317,-1,317,316,318,-1,317,318,319,-1,319,318,320,-1,319,320,321,-1,321,320,322,-1,321,322,323,-1,323,322,324,-1,323,324,325,-1,326,325,327,-1,327,325,324,-1,328,326,329,-1,329,326,327,-1,330,328,331,-1,331,328,329,-1,332,330,333,-1,333,330,331,-1,334,332,335,-1,335,332,333,-1,334,335,336,-1,334,336,337,-1,337,336,338,-1,337,338,339,-1,339,338,340,-1,339,340,341,-1,341,340,342,-1,341,342,343,-1,343,342,344,-1,343,344,345,-1,345,344,346,-1,345,346,347,-1,347,346,348,-1,347,348,349,-1,349,348,350,-1,349,350,351,-1,351,350,352,-1,351,352,353,-1,353,352,354,-1,353,354,355,-1,355,354,356,-1,355,356,357,-1,357,356,358,-1,357,358,359,-1,360,359,361,-1,361,359,358,-1,362,360,363,-1,363,360,361,-1,364,362,365,-1,365,362,363,-1,245,364,247,-1,247,364,365,-1,269,270,364,-1,332,334,359,-1,359,334,337,-1,311,312,298,-1,364,270,362,-1,364,245,269,-1,269,245,244,-1,269,244,248,-1,337,339,359,-1,359,339,341,-1,359,341,343,-1,298,325,297,-1,297,325,326,-1,297,326,295,-1,359,360,332,-1,332,360,362,-1,332,362,330,-1,330,362,270,-1,330,270,328,-1,328,270,272,-1,328,272,274,-1,248,251,269,-1,269,251,253,-1,269,253,255,-1,265,267,263,-1,263,267,269,-1,263,269,261,-1,349,351,353,-1,312,315,298,-1,298,315,317,-1,298,317,319,-1,319,321,298,-1,298,321,323,-1,298,323,325,-1,274,276,328,-1,328,276,278,-1,328,278,326,-1,326,278,280,-1,326,280,282,-1,255,257,269,-1,269,257,259,-1,269,259,261,-1,343,345,359,-1,359,345,347,-1,359,347,357,-1,357,347,349,-1,357,349,355,-1,355,349,353,-1,305,298,303,-1,303,298,301,-1,305,307,298,-1,298,307,309,-1,298,309,311,-1,282,284,326,-1,326,284,287,-1,326,287,289,-1,289,291,326,-1,326,291,293,-1,326,293,295,-1,249,246,247,-1,264,262,249,-1,277,275,329,-1,329,275,273,-1,329,273,331,-1,358,335,361,-1,361,335,333,-1,361,333,363,-1,342,340,358,-1,252,258,254,-1,254,258,256,-1,262,260,249,-1,249,260,258,-1,249,258,250,-1,250,258,252,-1,333,331,363,-1,363,331,273,-1,363,273,365,-1,365,273,271,-1,365,271,247,-1,247,271,268,-1,247,268,249,-1,249,268,266,-1,249,266,264,-1,342,358,344,-1,340,338,358,-1,358,338,336,-1,358,336,335,-1,327,281,329,-1,329,281,279,-1,329,279,277,-1,318,299,320,-1,320,299,322,-1,318,316,299,-1,299,316,314,-1,299,314,313,-1,350,348,352,-1,352,348,346,-1,352,346,354,-1,286,285,327,-1,327,285,283,-1,327,283,281,-1,313,310,299,-1,299,310,308,-1,299,308,306,-1,306,304,299,-1,299,304,302,-1,299,302,300,-1,344,358,346,-1,346,358,356,-1,346,356,354,-1,322,299,324,-1,324,299,296,-1,324,296,327,-1,327,296,294,-1,327,294,292,-1,292,290,327,-1,327,290,288,-1,327,288,286,-1,366,367,368,-1,368,367,369,-1,370,366,371,-1,371,366,368,-1,370,371,372,-1,370,372,373,-1,373,372,374,-1,373,374,375,-1,375,374,376,-1,375,376,377,-1,377,376,378,-1,377,378,379,-1,379,378,380,-1,379,380,381,-1,381,380,382,-1,381,382,383,-1,383,382,384,-1,383,384,385,-1,385,384,386,-1,385,386,387,-1,387,386,388,-1,387,388,389,-1,389,388,390,-1,389,390,391,-1,392,391,393,-1,393,391,390,-1,392,393,394,-1,394,393,395,-1,394,395,396,-1,396,395,397,-1,396,397,398,-1,398,397,399,-1,398,399,400,-1,400,399,401,-1,400,401,402,-1,402,401,403,-1,402,403,404,-1,404,403,405,-1,406,404,407,-1,407,404,405,-1,406,407,408,-1,406,408,409,-1,409,408,410,-1,409,410,411,-1,411,410,412,-1,411,412,413,-1,413,412,414,-1,413,414,415,-1,415,414,416,-1,415,416,417,-1,417,416,418,-1,417,418,419,-1,420,419,421,-1,421,419,418,-1,420,421,422,-1,420,422,423,-1,423,422,424,-1,423,424,425,-1,425,424,426,-1,425,426,427,-1,427,426,428,-1,427,428,429,-1,429,428,430,-1,429,430,431,-1,431,430,432,-1,431,432,433,-1,434,433,435,-1,435,433,432,-1,434,435,436,-1,434,436,437,-1,437,436,438,-1,437,438,439,-1,439,438,440,-1,439,440,441,-1,441,440,442,-1,441,442,443,-1,443,442,444,-1,443,444,445,-1,445,444,446,-1,445,446,447,-1,448,447,449,-1,449,447,446,-1,450,448,451,-1,451,448,449,-1,452,450,453,-1,453,450,451,-1,454,452,455,-1,455,452,453,-1,456,454,457,-1,457,454,455,-1,456,457,458,-1,456,458,459,-1,459,458,460,-1,459,460,461,-1,461,460,462,-1,461,462,463,-1,463,462,464,-1,463,464,465,-1,465,464,466,-1,465,466,467,-1,467,466,468,-1,467,468,469,-1,469,468,470,-1,469,470,471,-1,471,470,472,-1,471,472,473,-1,473,472,474,-1,473,474,475,-1,475,474,476,-1,475,476,477,-1,477,476,478,-1,477,478,479,-1,479,478,480,-1,479,480,481,-1,482,481,483,-1,483,481,480,-1,484,482,485,-1,485,482,483,-1,486,484,487,-1,487,484,485,-1,367,486,369,-1,369,486,487,-1,391,392,486,-1,454,456,481,-1,481,456,459,-1,433,434,420,-1,486,392,484,-1,486,367,391,-1,391,367,366,-1,391,366,370,-1,459,461,481,-1,481,461,463,-1,481,463,465,-1,420,447,419,-1,419,447,448,-1,419,448,417,-1,481,482,454,-1,454,482,484,-1,454,484,452,-1,452,484,392,-1,452,392,450,-1,450,392,394,-1,450,394,396,-1,370,373,391,-1,391,373,375,-1,391,375,377,-1,387,389,385,-1,385,389,391,-1,385,391,383,-1,471,473,475,-1,434,437,420,-1,420,437,439,-1,420,439,441,-1,441,443,420,-1,420,443,445,-1,420,445,447,-1,396,398,450,-1,450,398,400,-1,450,400,448,-1,448,400,402,-1,448,402,404,-1,377,379,391,-1,391,379,381,-1,391,381,383,-1,465,467,481,-1,481,467,469,-1,481,469,479,-1,479,469,471,-1,479,471,477,-1,477,471,475,-1,427,420,425,-1,425,420,423,-1,427,429,420,-1,420,429,431,-1,420,431,433,-1,404,406,448,-1,448,406,409,-1,448,409,411,-1,411,413,448,-1,448,413,415,-1,448,415,417,-1,371,368,369,-1,386,384,371,-1,399,397,451,-1,451,397,395,-1,451,395,453,-1,480,457,483,-1,483,457,455,-1,483,455,485,-1,464,462,480,-1,374,380,376,-1,376,380,378,-1,384,382,371,-1,371,382,380,-1,371,380,372,-1,372,380,374,-1,455,453,485,-1,485,453,395,-1,485,395,487,-1,487,395,393,-1,487,393,369,-1,369,393,390,-1,369,390,371,-1,371,390,388,-1,371,388,386,-1,464,480,466,-1,462,460,480,-1,480,460,458,-1,480,458,457,-1,449,403,451,-1,451,403,401,-1,451,401,399,-1,440,421,442,-1,442,421,444,-1,440,438,421,-1,421,438,436,-1,421,436,435,-1,472,470,474,-1,474,470,468,-1,474,468,476,-1,408,407,449,-1,449,407,405,-1,449,405,403,-1,435,432,421,-1,421,432,430,-1,421,430,428,-1,428,426,421,-1,421,426,424,-1,421,424,422,-1,466,480,468,-1,468,480,478,-1,468,478,476,-1,444,421,446,-1,446,421,418,-1,446,418,449,-1,449,418,416,-1,449,416,414,-1,414,412,449,-1,449,412,410,-1,449,410,408,-1,488,489,490,-1,490,489,491,-1,492,488,493,-1,493,488,490,-1,492,493,494,-1,492,494,495,-1,495,494,496,-1,495,496,497,-1,497,496,498,-1,497,498,499,-1,499,498,500,-1,499,500,501,-1,501,500,502,-1,501,502,503,-1,503,502,504,-1,503,504,505,-1,505,504,506,-1,505,506,507,-1,507,506,508,-1,507,508,509,-1,509,508,510,-1,509,510,511,-1,511,510,512,-1,511,512,513,-1,514,513,515,-1,515,513,512,-1,514,515,516,-1,516,515,517,-1,516,517,518,-1,518,517,519,-1,518,519,520,-1,520,519,521,-1,520,521,522,-1,522,521,523,-1,522,523,524,-1,524,523,525,-1,524,525,526,-1,526,525,527,-1,528,526,529,-1,529,526,527,-1,528,529,530,-1,528,530,531,-1,531,530,532,-1,531,532,533,-1,533,532,534,-1,533,534,535,-1,535,534,536,-1,535,536,537,-1,537,536,538,-1,537,538,539,-1,539,538,540,-1,539,540,541,-1,542,541,543,-1,543,541,540,-1,542,543,544,-1,542,544,545,-1,545,544,546,-1,545,546,547,-1,547,546,548,-1,547,548,549,-1,549,548,550,-1,549,550,551,-1,551,550,552,-1,551,552,553,-1,553,552,554,-1,553,554,555,-1,556,555,557,-1,557,555,554,-1,556,557,558,-1,556,558,559,-1,559,558,560,-1,559,560,561,-1,561,560,562,-1,561,562,563,-1,563,562,564,-1,563,564,565,-1,565,564,566,-1,565,566,567,-1,567,566,568,-1,567,568,569,-1,570,569,571,-1,571,569,568,-1,572,570,573,-1,573,570,571,-1,574,572,575,-1,575,572,573,-1,576,574,577,-1,577,574,575,-1,578,576,579,-1,579,576,577,-1,578,579,580,-1,578,580,581,-1,581,580,582,-1,581,582,583,-1,583,582,584,-1,583,584,585,-1,585,584,586,-1,585,586,587,-1,587,586,588,-1,587,588,589,-1,589,588,590,-1,589,590,591,-1,591,590,592,-1,591,592,593,-1,593,592,594,-1,593,594,595,-1,595,594,596,-1,595,596,597,-1,597,596,598,-1,597,598,599,-1,599,598,600,-1,599,600,601,-1,601,600,602,-1,601,602,603,-1,604,603,605,-1,605,603,602,-1,606,604,607,-1,607,604,605,-1,608,606,609,-1,609,606,607,-1,489,608,491,-1,491,608,609,-1,513,514,608,-1,576,578,603,-1,603,578,581,-1,555,556,542,-1,608,514,606,-1,608,489,513,-1,513,489,488,-1,513,488,492,-1,581,583,603,-1,603,583,585,-1,603,585,587,-1,542,569,541,-1,541,569,570,-1,541,570,539,-1,603,604,576,-1,576,604,606,-1,576,606,574,-1,574,606,514,-1,574,514,572,-1,572,514,516,-1,572,516,518,-1,492,495,513,-1,513,495,497,-1,513,497,499,-1,509,511,507,-1,507,511,513,-1,507,513,505,-1,593,595,597,-1,556,559,542,-1,542,559,561,-1,542,561,563,-1,563,565,542,-1,542,565,567,-1,542,567,569,-1,518,520,572,-1,572,520,522,-1,572,522,570,-1,570,522,524,-1,570,524,526,-1,499,501,513,-1,513,501,503,-1,513,503,505,-1,587,589,603,-1,603,589,591,-1,603,591,601,-1,601,591,593,-1,601,593,599,-1,599,593,597,-1,549,542,547,-1,547,542,545,-1,549,551,542,-1,542,551,553,-1,542,553,555,-1,526,528,570,-1,570,528,531,-1,570,531,533,-1,533,535,570,-1,570,535,537,-1,570,537,539,-1,493,490,491,-1,508,506,493,-1,521,519,573,-1,573,519,517,-1,573,517,575,-1,602,579,605,-1,605,579,577,-1,605,577,607,-1,586,584,602,-1,496,502,498,-1,498,502,500,-1,506,504,493,-1,493,504,502,-1,493,502,494,-1,494,502,496,-1,577,575,607,-1,607,575,517,-1,607,517,609,-1,609,517,515,-1,609,515,491,-1,491,515,512,-1,491,512,493,-1,493,512,510,-1,493,510,508,-1,586,602,588,-1,584,582,602,-1,602,582,580,-1,602,580,579,-1,571,525,573,-1,573,525,523,-1,573,523,521,-1,562,543,564,-1,564,543,566,-1,562,560,543,-1,543,560,558,-1,543,558,557,-1,594,592,596,-1,596,592,590,-1,596,590,598,-1,530,529,571,-1,571,529,527,-1,571,527,525,-1,557,554,543,-1,543,554,552,-1,543,552,550,-1,550,548,543,-1,543,548,546,-1,543,546,544,-1,588,602,590,-1,590,602,600,-1,590,600,598,-1,566,543,568,-1,568,543,540,-1,568,540,571,-1,571,540,538,-1,571,538,536,-1,536,534,571,-1,571,534,532,-1,571,532,530,-1,610,611,612,-1,612,611,613,-1,614,610,615,-1,615,610,612,-1,614,615,616,-1,614,616,617,-1,617,616,618,-1,617,618,619,-1,619,618,620,-1,619,620,621,-1,621,620,622,-1,621,622,623,-1,623,622,624,-1,623,624,625,-1,625,624,626,-1,625,626,627,-1,627,626,628,-1,627,628,629,-1,629,628,630,-1,629,630,631,-1,631,630,632,-1,631,632,633,-1,633,632,634,-1,633,634,635,-1,636,635,637,-1,637,635,634,-1,636,637,638,-1,638,637,639,-1,638,639,640,-1,640,639,641,-1,640,641,642,-1,642,641,643,-1,642,643,644,-1,644,643,645,-1,644,645,646,-1,646,645,647,-1,646,647,648,-1,648,647,649,-1,650,648,651,-1,651,648,649,-1,650,651,652,-1,650,652,653,-1,653,652,654,-1,653,654,655,-1,655,654,656,-1,655,656,657,-1,657,656,658,-1,657,658,659,-1,659,658,660,-1,659,660,661,-1,661,660,662,-1,661,662,663,-1,664,663,665,-1,665,663,662,-1,664,665,666,-1,664,666,667,-1,667,666,668,-1,667,668,669,-1,669,668,670,-1,669,670,671,-1,671,670,672,-1,671,672,673,-1,673,672,674,-1,673,674,675,-1,675,674,676,-1,675,676,677,-1,678,677,679,-1,679,677,676,-1,678,679,680,-1,678,680,681,-1,681,680,682,-1,681,682,683,-1,683,682,684,-1,683,684,685,-1,685,684,686,-1,685,686,687,-1,687,686,688,-1,687,688,689,-1,689,688,690,-1,689,690,691,-1,692,691,693,-1,693,691,690,-1,694,692,695,-1,695,692,693,-1,696,694,697,-1,697,694,695,-1,698,696,699,-1,699,696,697,-1,700,698,701,-1,701,698,699,-1,700,701,702,-1,700,702,703,-1,703,702,704,-1,703,704,705,-1,705,704,706,-1,705,706,707,-1,707,706,708,-1,707,708,709,-1,709,708,710,-1,709,710,711,-1,711,710,712,-1,711,712,713,-1,713,712,714,-1,713,714,715,-1,715,714,716,-1,715,716,717,-1,717,716,718,-1,717,718,719,-1,719,718,720,-1,719,720,721,-1,721,720,722,-1,721,722,723,-1,723,722,724,-1,723,724,725,-1,726,725,727,-1,727,725,724,-1,728,726,729,-1,729,726,727,-1,730,728,731,-1,731,728,729,-1,611,730,613,-1,613,730,731,-1,635,636,730,-1,698,700,725,-1,725,700,703,-1,677,678,664,-1,730,636,728,-1,730,611,635,-1,635,611,610,-1,635,610,614,-1,703,705,725,-1,725,705,707,-1,725,707,709,-1,664,691,663,-1,663,691,692,-1,663,692,661,-1,725,726,698,-1,698,726,728,-1,698,728,696,-1,696,728,636,-1,696,636,694,-1,694,636,638,-1,694,638,640,-1,614,617,635,-1,635,617,619,-1,635,619,621,-1,631,633,629,-1,629,633,635,-1,629,635,627,-1,715,717,719,-1,678,681,664,-1,664,681,683,-1,664,683,685,-1,685,687,664,-1,664,687,689,-1,664,689,691,-1,640,642,694,-1,694,642,644,-1,694,644,692,-1,692,644,646,-1,692,646,648,-1,621,623,635,-1,635,623,625,-1,635,625,627,-1,709,711,725,-1,725,711,713,-1,725,713,723,-1,723,713,715,-1,723,715,721,-1,721,715,719,-1,671,664,669,-1,669,664,667,-1,671,673,664,-1,664,673,675,-1,664,675,677,-1,648,650,692,-1,692,650,653,-1,692,653,655,-1,655,657,692,-1,692,657,659,-1,692,659,661,-1,615,612,613,-1,630,628,615,-1,643,641,695,-1,695,641,639,-1,695,639,697,-1,724,701,727,-1,727,701,699,-1,727,699,729,-1,708,706,724,-1,618,624,620,-1,620,624,622,-1,628,626,615,-1,615,626,624,-1,615,624,616,-1,616,624,618,-1,699,697,729,-1,729,697,639,-1,729,639,731,-1,731,639,637,-1,731,637,613,-1,613,637,634,-1,613,634,615,-1,615,634,632,-1,615,632,630,-1,708,724,710,-1,706,704,724,-1,724,704,702,-1,724,702,701,-1,693,647,695,-1,695,647,645,-1,695,645,643,-1,684,665,686,-1,686,665,688,-1,684,682,665,-1,665,682,680,-1,665,680,679,-1,716,714,718,-1,718,714,712,-1,718,712,720,-1,652,651,693,-1,693,651,649,-1,693,649,647,-1,679,676,665,-1,665,676,674,-1,665,674,672,-1,672,670,665,-1,665,670,668,-1,665,668,666,-1,710,724,712,-1,712,724,722,-1,712,722,720,-1,688,665,690,-1,690,665,662,-1,690,662,693,-1,693,662,660,-1,693,660,658,-1,658,656,693,-1,693,656,654,-1,693,654,652,-1,732,733,734,-1,734,733,735,-1,736,737,738,-1,738,737,739,-1,739,737,740,-1,739,740,741,-1,742,743,744,-1,744,743,739,-1,744,739,745,-1,745,739,741,-1,742,746,743,-1,743,746,747,-1,743,747,748,-1,749,750,751,-1,752,753,754,-1,747,755,748,-1,748,755,756,-1,748,756,733,-1,757,758,736,-1,736,758,749,-1,736,749,759,-1,759,749,751,-1,736,738,757,-1,757,738,760,-1,757,760,761,-1,761,762,757,-1,757,762,763,-1,757,763,764,-1,733,756,754,-1,754,756,765,-1,754,765,752,-1,766,767,768,-1,768,767,769,-1,733,732,748,-1,748,732,767,-1,748,767,770,-1,770,767,766,-1,739,743,771,-1,739,771,772,-1,772,771,773,-1,772,773,774,-1,774,773,775,-1,774,775,776,-1,776,775,777,-1,776,777,778,-1,778,777,779,-1,778,779,780,-1,780,779,781,-1,780,781,782,-1,782,781,783,-1,782,783,784,-1,784,783,785,-1,785,783,786,-1,785,786,787,-1,787,786,788,-1,789,788,790,-1,790,788,786,-1,791,789,792,-1,792,789,790,-1,792,790,793,-1,793,790,794,-1,793,794,795,-1,795,794,796,-1,795,796,797,-1,797,796,798,-1,797,798,799,-1,799,798,800,-1,799,800,801,-1,801,800,802,-1,801,802,803,-1,803,802,804,-1,803,804,805,-1,805,804,806,-1,807,806,808,-1,808,806,809,-1,808,809,810,-1,807,811,806,-1,806,811,812,-1,806,812,805,-1,805,812,813,-1,805,813,814,-1,814,815,805,-1,805,815,816,-1,805,816,817,-1,817,816,818,-1,817,818,819,-1,820,821,822,-1,823,824,825,-1,825,824,826,-1,825,826,810,-1,827,828,809,-1,809,828,734,-1,809,734,810,-1,810,734,735,-1,810,735,825,-1,827,829,828,-1,828,829,830,-1,828,830,831,-1,832,817,833,-1,833,817,819,-1,833,819,822,-1,822,819,834,-1,822,834,820,-1,835,832,836,-1,836,832,837,-1,835,838,832,-1,832,838,839,-1,832,839,817,-1,758,757,833,-1,833,757,832,-1,790,786,794,-1,794,786,783,-1,794,783,796,-1,796,783,781,-1,796,781,798,-1,781,779,798,-1,798,779,777,-1,798,777,800,-1,800,777,775,-1,800,775,802,-1,802,775,773,-1,802,773,804,-1,804,773,771,-1,804,771,806,-1,806,771,743,-1,806,743,809,-1,809,743,748,-1,736,819,737,-1,737,819,818,-1,737,818,740,-1,740,818,816,-1,740,816,741,-1,741,816,815,-1,741,815,745,-1,745,815,814,-1,745,814,744,-1,744,814,813,-1,744,813,742,-1,742,813,812,-1,742,812,746,-1,746,812,811,-1,746,811,747,-1,747,811,807,-1,747,807,755,-1,755,807,808,-1,755,808,756,-1,756,808,810,-1,785,792,784,-1,784,792,793,-1,784,793,782,-1,782,793,795,-1,782,795,780,-1,780,795,797,-1,780,797,778,-1,778,797,799,-1,817,738,805,-1,805,738,739,-1,805,739,803,-1,803,739,772,-1,803,772,801,-1,801,772,774,-1,801,774,799,-1,799,774,776,-1,799,776,778,-1,785,787,792,-1,792,787,791,-1,732,734,828,-1,732,828,767,-1,767,828,831,-1,767,831,769,-1,769,831,830,-1,769,830,768,-1,768,830,829,-1,768,829,766,-1,766,829,827,-1,766,827,770,-1,770,827,809,-1,770,809,748,-1,758,833,822,-1,758,822,749,-1,749,822,821,-1,749,821,750,-1,750,821,820,-1,750,820,751,-1,751,820,834,-1,751,834,759,-1,759,834,819,-1,759,819,736,-1,756,810,826,-1,756,826,765,-1,765,826,824,-1,765,824,752,-1,752,824,823,-1,752,823,753,-1,753,823,825,-1,753,825,754,-1,754,825,735,-1,754,735,733,-1,832,757,764,-1,832,764,837,-1,837,764,763,-1,837,763,836,-1,836,763,762,-1,836,762,835,-1,835,762,761,-1,835,761,838,-1,838,761,760,-1,838,760,839,-1,839,760,738,-1,839,738,817,-1,789,791,788,-1,788,791,787,-1,840,841,842,-1,842,841,843,-1,844,845,846,-1,847,848,849,-1,849,848,850,-1,849,850,851,-1,851,850,852,-1,847,853,848,-1,848,853,854,-1,848,854,855,-1,856,857,858,-1,854,859,855,-1,855,859,860,-1,855,860,861,-1,846,845,850,-1,850,845,862,-1,850,862,852,-1,861,860,858,-1,858,860,863,-1,858,863,856,-1,864,865,866,-1,866,865,867,-1,866,867,844,-1,868,869,870,-1,870,869,871,-1,861,872,855,-1,855,872,869,-1,855,869,873,-1,873,869,868,-1,874,875,846,-1,846,875,841,-1,846,841,844,-1,844,841,840,-1,844,840,866,-1,874,876,875,-1,875,876,877,-1,875,877,878,-1,879,880,881,-1,879,881,882,-1,882,881,883,-1,882,883,884,-1,884,883,885,-1,884,885,886,-1,886,885,887,-1,886,887,888,-1,888,887,889,-1,888,889,890,-1,890,889,891,-1,890,891,892,-1,892,891,850,-1,892,850,848,-1,893,894,895,-1,895,894,896,-1,895,896,879,-1,879,896,880,-1,894,897,896,-1,896,897,898,-1,899,900,901,-1,901,900,898,-1,901,898,902,-1,902,898,897,-1,903,904,905,-1,905,904,906,-1,905,906,907,-1,907,906,908,-1,907,908,909,-1,909,908,910,-1,909,910,911,-1,911,910,912,-1,911,912,913,-1,913,912,914,-1,913,914,899,-1,899,914,900,-1,915,916,917,-1,917,916,903,-1,903,916,918,-1,903,918,919,-1,920,904,921,-1,921,904,903,-1,921,903,922,-1,922,903,919,-1,920,923,904,-1,904,923,924,-1,904,924,925,-1,926,927,928,-1,924,929,925,-1,925,929,930,-1,925,930,842,-1,931,932,933,-1,933,932,934,-1,933,934,915,-1,935,936,917,-1,917,936,937,-1,917,937,915,-1,915,937,938,-1,915,938,933,-1,935,939,936,-1,936,939,940,-1,936,940,941,-1,842,930,928,-1,928,930,942,-1,928,942,926,-1,943,944,945,-1,945,944,946,-1,842,843,925,-1,925,843,944,-1,925,944,947,-1,947,944,943,-1,872,861,937,-1,937,861,938,-1,896,898,880,-1,880,898,900,-1,880,900,881,-1,881,900,914,-1,881,914,883,-1,883,914,912,-1,883,912,885,-1,885,912,910,-1,925,846,904,-1,904,846,850,-1,904,850,906,-1,906,850,891,-1,906,891,908,-1,908,891,889,-1,908,889,910,-1,910,889,887,-1,910,887,885,-1,844,930,845,-1,845,930,929,-1,845,929,862,-1,862,929,924,-1,862,924,852,-1,852,924,923,-1,852,923,851,-1,851,923,920,-1,851,920,849,-1,849,920,921,-1,849,921,847,-1,847,921,922,-1,847,922,853,-1,853,922,919,-1,853,919,854,-1,854,919,918,-1,854,918,859,-1,859,918,916,-1,859,916,860,-1,860,916,915,-1,901,895,899,-1,899,895,879,-1,899,879,913,-1,913,879,882,-1,913,882,911,-1,882,884,911,-1,911,884,886,-1,911,886,909,-1,909,886,888,-1,909,888,907,-1,907,888,890,-1,907,890,905,-1,905,890,892,-1,905,892,903,-1,903,892,848,-1,903,848,917,-1,917,848,855,-1,893,895,902,-1,902,895,901,-1,846,925,947,-1,846,947,874,-1,874,947,943,-1,874,943,876,-1,876,943,945,-1,876,945,877,-1,877,945,946,-1,877,946,878,-1,878,946,944,-1,878,944,875,-1,875,944,843,-1,875,843,841,-1,860,915,934,-1,860,934,863,-1,863,934,932,-1,863,932,856,-1,856,932,931,-1,856,931,857,-1,857,931,933,-1,857,933,858,-1,858,933,938,-1,858,938,861,-1,840,842,928,-1,840,928,866,-1,866,928,927,-1,866,927,864,-1,864,927,926,-1,864,926,865,-1,865,926,942,-1,865,942,867,-1,867,942,930,-1,867,930,844,-1,917,855,873,-1,917,873,935,-1,935,873,868,-1,935,868,939,-1,939,868,870,-1,939,870,940,-1,940,870,871,-1,940,871,941,-1,941,871,869,-1,941,869,936,-1,936,869,872,-1,936,872,937,-1,902,897,893,-1,893,897,894,-1,
        ]
    }
}
Shape{
    appearance Appearance {
        material  Material 	{
            diffuseColor 0.2235294117647059 0.2235294117647059 0.2235294117647059
            specularColor 0.11372549019607843 0.11372549019607843 0.11372549019607843
            ambientIntensity 0.2
            transparency 0
            shininess 0.5
        }
    }
    geometry IndexedFaceSet {
        ccw TRUE
        solid FALSE
        coord DEF co Coordinate {
            point [
                -1.378 -1.1811 0.0394, -1.2598 -1.1811 0.1575, -1.6575 -1.1811 0.1575, -1.6575 -1.1811 0.3937, -2.0669 -1.1811 0.3937, -2.0669 -1.1811 -0.315, -1.6929 -1.1811 -0.315, -1.6929 -1.1811 -0.1575, -1.378 -1.1811 -0.1575, 1.6929 -1.1811 -0.315, 2.0669 -1.1811 -0.315, 1.6929 -1.1811 -0.1575, 2.0669 -1.1811 0.3937, 1.6575 -1.1811 0.3937, 1.6575 -1.1811 0.1575, 1.2598 -1.1811 0.1575, 1.378 -1.1811 0.0394, 1.378 -1.1811 -0.1575, -1.2992 -0.3307 0.3408, -1.6142 -0.3307 0.3408, -1.2992 -0.3937 0.3937, -1.6142 -0.3937 0.3937, 1.2992 -0.2913 -0.1575, -1.2992 -0.2913 -0.1575, 1.2992 -0.2913 0.1969, -1.2992 -0.2913 0.1969, -1.2992 -0.1181 0.3408, -1.6142 -0.1181 0.3408, 1.6929 -0.9055 -0.315, 2.0669 -0.9055 -0.315, 2.0669 -0.9055 -0.315
            ]
        }
        coordIndex [
            0,1,2,-1,3,4,2,-1,2,4,5,-1,5,6,7,-1,5,7,2,-1,2,7,8,-1,2,8,0,-1,9,10,11,-1,11,10,12,-1,12,13,14,-1,14,15,16,-1,12,14,11,-1,11,14,16,-1,11,16,17,-1,18,19,20,-1,20,19,21,-1,22,23,24,-1,24,23,25,-1,26,27,18,-1,18,27,19,-1,28,29,9,-1,9,29,10,-1,
        ]
    }
}
Shape{
    appearance Appearance {
        material  Material 	{
            diffuseColor 0.25098039215686274 0.25098039215686274 0.25098039215686274
            specularColor 0.12549019607843137 0.12549019607843137 0.12549019607843137
            ambientIntensity 0.2
            transparency 0
            shininess 0.5
        }
    }
    geometry IndexedFaceSet {
        ccw TRUE
        solid FALSE
        coord DEF co Coordinate {
            point [
                1.6142 -0.3937 0.3937, 1.6142 -0.9055 0.3937, 1.6142 -0.3307 0.3408, 1.6142 -0.9055 -0.1575, 1.6142 -0.1181 0.3408, 1.6142 -0.1181 -0.1575, 1.6142 -0.1181 -0.1575
            ]
        }
        coordIndex [
            0,1,2,-1,2,1,3,-1,2,3,4,-1,4,3,5,-1,
        ]
    }
}
Shape{
    appearance Appearance {
        material  Material 	{
            diffuseColor 0.2235294117647059 0.2235294117647059 0.2235294117647059
            specularColor 0.11372549019607843 0.11372549019607843 0.11372549019607843
            ambientIntensity 0.2
            transparency 0
            shininess 0.5
        }
    }
    geometry IndexedFaceSet {
        ccw TRUE
        solid FALSE
        coord DEF co Coordinate {
            point [
                1.2992 -0.3937 0.3937, 1.6142 -0.3937 0.3937, 1.2992 -0.3307 0.3408, 1.6142 -0.3307 0.3408, 2.0669 -1.1811 0.3937, 2.0669 -0.9055 0.3937, 1.6575 -1.1811 0.3937, 1.6142 -0.9055 0.3937, 1.2992 -0.685 0.3937, -1.2992 -0.685 0.3937, -1.2992 -0.3937 0.3937, -1.6142 -0.3937 0.3937, -2.0669 -0.9055 0.3937, -2.0669 -1.1811 0.3937, -1.6142 -0.9055 0.3937, -1.6575 -1.1811 0.3937, -1.5945 -1.2441 0.3937, 1.5945 -1.2441 0.3937, -1.6929 -1.1811 -0.315, -2.0669 -1.1811 -0.315, -1.6929 -0.9055 -0.315, -2.0669 -0.9055 -0.315, 1.6142 -0.1181 0.3408, 1.2992 -0.1181 0.3408, 1.2992 -0.1181 0.3408
            ]
        }
        coordIndex [
            0,1,2,-1,2,1,3,-1,4,5,6,-1,6,5,7,-1,1,0,7,-1,7,0,8,-1,9,10,11,-1,12,13,14,-1,14,13,15,-1,11,14,9,-1,9,14,15,-1,9,15,8,-1,8,15,16,-1,8,16,7,-1,7,16,17,-1,7,17,6,-1,18,19,20,-1,20,19,21,-1,3,22,2,-1,2,22,23,-1,
        ]
    }
}
Shape{
    appearance Appearance {
        material  Material 	{
            diffuseColor 0.25098039215686274 0.25098039215686274 0.25098039215686274
            specularColor 0.12549019607843137 0.12549019607843137 0.12549019607843137
            ambientIntensity 0.2
            transparency 0
            shininess 0.5
        }
    }
    geometry IndexedFaceSet {
        ccw TRUE
        solid FALSE
        coord DEF co Coordinate {
            point [
                -1.6142 -0.1181 -0.1575, -1.6142 -0.1181 0.3408, -1.2992 -0.1181 -0.1575, -1.2992 -0.1181 0.3408, -1.6142 -0.3307 0.3408, -1.6142 -0.9055 -0.1575, -1.6142 -0.3937 0.3937, -1.6142 -0.9055 0.3937, -1.2992 -0.2913 0.1969, -1.2992 -0.2913 -0.1575, -1.2992 -0.3307 0.3408, -1.2992 -0.3937 0.3937, -1.2992 -0.685 0.3937, -1.2992 -0.685 0.1969, -1.6929 -0.9055 -0.315, -2.0669 -0.9055 -0.315, -1.6929 -0.9055 -0.1575, -2.0669 -0.9055 0.3937, -2.0669 -1.1811 0.3937, -2.0669 -1.1811 -0.315, 1.2992 -0.685 0.3937, 1.2992 -0.3937 0.3937, 1.2992 -0.685 0.1969, 1.2992 -0.3307 0.3408, 1.2992 -0.2913 0.1969, 1.2992 -0.1181 0.3408, 1.2992 -0.2913 -0.1575, 1.2992 -0.1181 -0.1575, 1.6142 -0.1181 0.3408, 1.6142 -0.1181 -0.1575, 1.6142 -0.9055 -0.1575, 1.6142 -0.9055 0.3937, 1.6929 -0.9055 -0.1575, 2.0669 -0.9055 0.3937, 1.6929 -0.9055 -0.315, 2.0669 -0.9055 -0.315, 2.0669 -1.1811 -0.315, 2.0669 -1.1811 0.3937, -1.6929 -1.1811 -0.1575, -1.6929 -1.1811 -0.315, 1.6929 -1.1811 -0.1575, 1.6929 -1.1811 -0.315, 1.378 -1.1811 -0.1575, 1.378 -0.7087 -0.1575, -1.378 -1.1811 -0.1575, -1.378 -0.7087 -0.1575, -1.378 -0.7087 -0.1575
            ]
        }
        coordIndex [
            0,1,2,-1,2,1,3,-1,1,0,4,-1,4,0,5,-1,4,5,6,-1,6,5,7,-1,8,9,2,-1,10,11,12,-1,2,3,8,-1,8,3,10,-1,8,10,13,-1,13,10,12,-1,14,15,16,-1,16,15,17,-1,16,17,5,-1,5,17,7,-1,17,15,18,-1,18,15,19,-1,20,21,22,-1,22,21,23,-1,22,23,24,-1,24,23,25,-1,24,25,26,-1,26,25,27,-1,25,28,27,-1,27,28,29,-1,30,31,32,-1,32,31,33,-1,32,33,34,-1,34,33,35,-1,35,33,36,-1,36,33,37,-1,38,39,16,-1,16,39,14,-1,32,34,40,-1,40,34,41,-1,32,40,30,-1,30,40,42,-1,30,42,29,-1,29,42,43,-1,0,2,9,-1,38,16,44,-1,44,16,5,-1,44,5,45,-1,27,29,26,-1,26,29,43,-1,26,43,9,-1,9,43,45,-1,9,45,0,-1,0,45,5,-1,
        ]
    }
}
Shape{
    appearance Appearance {
        material  Material 	{
            diffuseColor 0.2235294117647059 0.2235294117647059 0.2235294117647059
            specularColor 0.11372549019607843 0.11372549019607843 0.11372549019607843
            ambientIntensity 0.2
            transparency 0
            shininess 0.5
        }
    }
    geometry IndexedFaceSet {
        ccw TRUE
        solid FALSE
        coord DEF co Coordinate {
            point [
                1.2992 -0.685 0.1969, -1.2992 -0.685 0.1969, 1.2992 -0.685 0.3937, -1.2992 -0.685 0.3937, 1.2992 -0.2913 0.1969, -1.2992 -0.2913 0.1969, 1.378 -0.7087 0.0394, 1.378 -0.7087 -0.1575, 1.378 -1.1811 0.0394, 1.378 -1.1811 -0.1575, -1.378 -1.1811 0.0394, -1.378 -1.1811 -0.1575, -1.378 -0.7087 0.0394, -1.378 -0.7087 -0.1575, 1.2598 -1.1811 0.1575, 1.6575 -1.1811 0.1575, 1.4764 -1.3622 0.1575, -1.4764 -1.3622 0.1575, -1.6575 -1.1811 0.1575, -1.2598 -1.1811 0.1575, -1.2598 -0.8268 0.1575, 1.2598 -0.8268 0.1575, -1.4764 -1.3622 0.2756, 1.4764 -1.3622 0.2756, 1.5945 -1.2441 0.3937, 1.6575 -1.1811 0.3937, -1.5945 -1.2441 0.3937, -1.6575 -1.1811 0.3937, -1.6575 -1.1811 0.3937
            ]
        }
        coordIndex [
            0,1,2,-1,2,1,3,-1,0,4,1,-1,1,4,5,-1,6,7,8,-1,8,7,9,-1,10,11,12,-1,12,11,13,-1,12,13,6,-1,6,13,7,-1,14,15,16,-1,17,18,19,-1,20,21,19,-1,19,21,14,-1,19,14,17,-1,17,14,16,-1,22,17,23,-1,23,17,16,-1,23,16,24,-1,24,16,15,-1,24,15,25,-1,17,22,18,-1,18,22,26,-1,18,26,27,-1,
        ]
    }
}
Shape{
    appearance Appearance {
        material  Material 	{
            diffuseColor 0.25098039215686274 0.25098039215686274 0.25098039215686274
            specularColor 0.12549019607843137 0.12549019607843137 0.12549019607843137
            ambientIntensity 0.2
            transparency 0
            shininess 0.5
        }
    }
    geometry IndexedFaceSet {
        ccw TRUE
        solid FALSE
        coord DEF co Coordinate {
            point [
                -1.378 -0.7087 0.0394, -1.2598 -0.8268 0.1575, -1.378 -1.1811 0.0394, -1.2598 -1.1811 0.1575, 1.378 -0.7087 0.0394, 1.2598 -0.8268 0.1575, 1.378 -1.1811 0.0394, 1.2598 -1.1811 0.1575, 1.2598 -1.1811 0.1575
            ]
        }
        coordIndex [
            0,1,2,-1,2,1,3,-1,4,5,0,-1,0,5,1,-1,6,7,4,-1,4,7,5,-1,
        ]
    }
}
Shape{
    appearance Appearance {
        material  Material 	{
            diffuseColor 0.2235294117647059 0.2235294117647059 0.2235294117647059
            specularColor 0.11372549019607843 0.11372549019607843 0.11372549019607843
            ambientIntensity 0.2
            transparency 0
            shininess 0.5
        }
    }
    geometry IndexedFaceSet {
        ccw TRUE
        solid FALSE
        coord DEF co Coordinate {
            point [
                1.4764 -1.3622 0.2756, 1.5945 -1.2441 0.3937, -1.4764 -1.3622 0.2756, -1.5945 -1.2441 0.3937, -1.5945 -1.2441 0.3937
            ]
        }
        coordIndex [
            0,1,2,-1,2,1,3,-1,
        ]
    }
}
Shape{
    appearance Appearance {
        material  Material 	{
            diffuseColor 0.996078431372549 0.8705882352941177 0.7607843137254902
            specularColor 0.4980392156862745 0.43529411764705883 0.3803921568627451
            ambientIntensity 0.2
            transparency 0
            shininess 0.5
        }
    }
    geometry IndexedFaceSet {
        ccw TRUE
        solid FALSE
        coord DEF co Coordinate {
            point [
                -0.4331 -0.8661 -0.2756, -0.748 -0.8661 -0.2756, -2.1457 -0.8661 -0.3937, 2.1457 -0.8661 -0.3937, 2.1457 -0.8661 -0.1728, 1.6929 -0.8661 -0.1728, 0.3543 -0.8661 -0.2756, 0.0394 -0.8661 -0.2756, -0.3543 -0.8661 -0.2756, -0.3543 -0.8661 -0.2165, -0.4331 -0.8661 -0.2165, 0.4331 -0.8661 -0.2756, 0.4331 -0.8661 -0.2165, 0.3543 -0.8661 -0.2165, 1.6929 -0.8661 -0.1969, 1.2992 -0.8661 -0.1969, 1.2992 -0.8661 -0.2165, 1.1417 -0.8661 -0.2165, 1.1417 -0.8661 -0.2756, -0.0394 -0.8661 -0.2756, -0.0394 -0.8661 -0.2165, 0.0394 -0.8661 -0.2165, -0.748 -0.8661 -0.2165, -0.8268 -0.8661 -0.2165, -0.8268 -0.8661 -0.2756, -1.1417 -0.8661 -0.2756, -1.2992 -0.8661 -0.2165, -1.1417 -0.8661 -0.2165, 0.8268 -0.8661 -0.2756, -1.6929 -0.8661 -0.1728, -2.1457 -0.8661 -0.1728, -1.6929 -0.8661 -0.1969, -1.2992 -0.8661 -0.1969, 0.748 -0.8661 -0.2756, 0.748 -0.8661 -0.2165, 0.8268 -0.8661 -0.2165, 2.1457 -0.8661 -0.1025, 2.1457 -0.8661 0.0394, 1.6929 -0.8661 -0.1025, 2.1457 -0.8661 0.0711, 1.6929 -0.8661 0.374, 2.1457 -0.8661 0.1747, 2.1457 -0.8661 0.2796, 2.1457 -0.8661 0.3372, 2.1457 -0.8661 0.374, 2.1457 -0.1088 0.1519, 2.1457 -0.0834 0.1519, 2.1457 -0.0834 0.1747, 2.1457 -0.1938 0.0715, 2.1457 -0.1971 0.0711, 2.1457 -0.1771 0.0711, 2.1457 -0.0206 0.1988, 2.1457 -0.0288 0.2207, 2.1457 -0.0581 0.2207, 2.1457 -0.5051 0.286, 2.1457 -0.4958 0.2796, 2.1457 -0.3633 0.2796, 2.1457 -0.4832 0.2708, 2.1457 -0.4633 0.2474, 2.1457 -0.4006 0.1747, 2.1457 -0.3633 0.1747, 2.1457 -0.4057 0.1872, 2.1457 -0.4173 0.2034, 2.1457 -0.4327 0.2164, 2.1457 -0.4525 0.2258, 2.1457 -0.4496 0.2248, 2.1457 -0.6124 0.2881, 2.1457 -0.586 0.2976, 2.1457 -0.8127 0.3372, 2.1457 -0.5606 0.3004, 2.1457 -0.3633 0.3372, 2.1457 -0.5333 0.297, 2.1457 -0.8127 0.2796, 2.1457 -0.6895 0.2515, 2.1457 -0.6671 0.2543, 2.1457 -0.7591 0.1675, 2.1457 -0.7579 0.1747, 2.1457 -0.8127 0.1747, 2.1457 -0.7553 0.1889, 2.1457 -0.7462 0.2094, 2.1457 -0.7325 0.2269, 2.1457 -0.6266 0.2796, 2.1457 -0.6289 0.2782, 2.1457 -0.6423 0.2667, 2.1457 -0.6605 0.2539, 2.1457 -0.654 0.2531, 2.1457 -0.7287 0.2306, 2.1457 -0.7106 0.2433, 2.1457 -0.6898 0.0727, 2.1457 -0.6972 0.0748, 2.1457 -0.8127 0.0711, 2.1457 -0.7177 0.0849, 2.1457 -0.7354 0.1, 2.1457 -0.7484 0.1186, 2.1457 -0.7566 0.1397, 2.1457 -0.7593 0.162, 2.1457 -0.8127 0.0394, 2.1457 -0.6593 0.0394, 2.1457 -0.6645 0.0416, 2.1457 -0.6757 0.05, 2.1457 -0.6841 0.0604, 2.1457 -0.6891 0.0711, 2.1457 -0.6122 0.0394, 2.1457 -0.622 0.0356, 2.1457 -0.6693 -0.1025, 2.1457 -0.6358 0.0339, 2.1457 -0.638 0.034, 2.1457 -0.6514 0.0361, 2.1457 -0.8127 -0.1025, 2.1457 -0.3633 0.0711, 2.1457 -0.5824 0.0711, 2.1457 -0.3633 0.0394, 2.1457 -0.5825 0.0709, 2.1457 -0.5892 0.0582, 2.1457 -0.598 0.0484, 2.1457 -0.6093 0.0405, 2.1457 -0.5097 0.1047, 2.1457 -0.5058 0.1062, 2.1457 -0.4991 0.1387, 2.1457 -0.4172 0.0971, 2.1457 -0.4327 0.084, 2.1457 -0.5931 0.129, 2.1457 -0.5168 0.1689, 2.1457 -0.603 0.1381, 2.1457 -0.6151 0.1445, 2.1457 -0.5132 0.1022, 2.1457 -0.4059 0.1129, 2.1457 -0.4317 0.1556, 2.1457 -0.4343 0.1666, 2.1457 -0.4387 0.1747, 2.1457 -0.722 0.1747, 2.1457 -0.3987 0.1698, 2.1457 -0.3961 0.1512, 2.1457 -0.3987 0.1309, 2.1457 -0.5014 0.1068, 2.1457 -0.5009 0.1068, 2.1457 -0.4992 0.1064, 2.1457 -0.7187 0.1405, 2.1457 -0.7119 0.1289, 2.1457 -0.683 0.123, 2.1457 -0.7017 0.1184, 2.1457 -0.6893 0.1108, 2.1457 -0.6619 0.1419, 2.1457 -0.6736 0.1338, 2.1457 -0.7234 0.1632, 2.1457 -0.7228 0.1544, 2.1457 -0.6494 0.1467, 2.1457 -0.6358 0.1484, 2.1457 -0.6288 0.148, 2.1457 -0.5191 0.0892, 2.1457 -0.5189 0.0914, 2.1457 -0.5788 0.0966, 2.1457 -0.5178 0.0957, 2.1457 -0.5156 0.0996, 2.1457 -0.4429 0.1205, 2.1457 -0.4367 0.1294, 2.1457 -0.4328 0.1396, 2.1457 -0.4314 0.1506, 2.1457 -0.5058 0.072, 2.1457 -0.5095 0.0735, 2.1457 -0.5132 0.0761, 2.1457 -0.5145 0.0775, 2.1457 -0.517 0.0811, 2.1457 -0.5185 0.0849, 2.1457 -0.5791 0.085, 2.1457 -0.5788 0.0909, 2.1457 -0.45 0.0755, 2.1457 -0.469 0.0715, 2.1457 -0.5026 0.0715, 2.1457 -0.498 0.1062, 2.1457 -0.4724 0.1062, 2.1457 -0.4622 0.1082, 2.1457 -0.4521 0.1128, 2.1457 -0.4437 0.1197, 2.1457 -0.4926 0.2292, 2.1457 -0.5054 0.2446, 2.1457 -0.6363 0.2116, 2.1457 -0.5069 0.2459, 2.1457 -0.5229 0.257, 2.1457 -0.6276 0.2296, 2.1457 -0.6404 0.2138, 2.1457 -0.6532 0.2185, 2.1457 -0.4396 0.1764, 2.1457 -0.4462 0.1837, 2.1457 -0.4758 0.195, 2.1457 -0.455 0.1899, 2.1457 -0.465 0.1937, 2.1457 -0.4804 0.195, 2.1457 -0.4838 0.2109, 2.1457 -0.6865 0.2165, 2.1457 -0.6992 0.2097, 2.1457 -0.6724 0.2198, 2.1457 -0.709 0.201, 2.1457 -0.7169 0.1896, 2.1457 -0.6149 0.2448, 2.1457 -0.5408 0.2638, 2.1457 -0.5996 0.256, 2.1457 -0.5601 0.2662, 2.1457 -0.581 0.2635, 2.1457 -0.6665 0.2201, 2.1457 -0.7217 0.1769, 2.1457 -0.0092 0.1988, 2.1457 -0.0581 0.1747, 2.1457 -0.0397 0.2789, 2.1457 0.748 0.2756, 2.1457 0.9055 0.1747, 2.1457 0.9055 0.2756, 2.1457 0.748 0.2796, 2.1457 -0.0581 0.2796, 2.1457 -0.0507 0.2789, 2.1457 -0.0581 0.2594, 2.1457 -0.0698 0.1988, 2.1457 -0.0812 0.1988, 2.1457 -0.0621 0.2207, 2.1457 -0.166 0.2079, 2.1457 -0.166 0.1988, 2.1457 -0.1584 0.1747, 2.1457 -0.1678 0.2697, 2.1457 -0.1584 0.2796, 2.1457 -0.1678 0.2789, 2.1457 -0.1771 0.2796, 2.1457 -0.1771 0.2789, 2.1457 -0.1987 0.2349, 2.1457 -0.1987 0.2079, 2.1457 -0.1771 0.2349, 2.1457 -0.1771 0.2079, 2.1457 -0.1701 0.2349, 2.1457 -0.1701 0.244, 2.1457 -0.1987 0.2697, 2.1457 -0.1987 0.244, 2.1457 -0.1771 0.2697, 2.1457 -0.1771 0.244, 2.1457 -0.1771 0.1747, 2.1457 -0.1771 0.1988, 2.1457 -0.2137 0.1747, 2.1457 -0.209 0.2789, 2.1457 -0.2137 0.2796, 2.1457 -0.209 0.1988, 2.1457 -0.2251 0.277, 2.1457 -0.2336 0.2794, 2.1457 -0.2355 0.2796, 2.1457 -0.2251 0.2662, 2.1457 -0.226 0.2666, 2.1457 -0.2251 0.212, 2.1457 -0.2341 0.2697, 2.1457 -0.2439 0.2709, 2.1457 -0.2478 0.2707, 2.1457 -0.2547 0.2692, 2.1457 -0.2609 0.2661, 2.1457 -0.2729 0.2489, 2.1457 -0.2742 0.2379, 2.1457 -0.2457 0.2067, 2.1457 -0.2658 0.262, 2.1457 -0.2663 0.2614, 2.1457 -0.233 0.2085, 2.1457 -0.242 0.2068, 2.1457 -0.2251 0.2021, 2.1457 -0.2264 0.2014, 2.1457 -0.2608 0.1995, 2.1457 -0.2683 0.203, 2.1457 -0.2814 0.1747, 2.1457 -0.2747 0.2084, 2.1457 -0.2754 0.2091, 2.1457 -0.2702 0.2559, 2.1457 -0.274 0.2342, 2.1457 -0.2726 0.2264, 2.1457 -0.2699 0.22, 2.1457 -0.2663 0.2151, 2.1457 -0.264 0.2129, 2.1457 -0.2526 0.2074, 2.1457 -0.2586 0.2094, 2.1457 -0.235 0.1986, 2.1457 -0.2472 0.1975, 2.1457 -0.2521 0.1977, 2.1457 -0.244 0.2802, 2.1457 -0.2137 0.3372, 2.1457 -0.2496 0.2796, 2.1457 -0.2814 0.3372, 2.1457 -0.2814 0.2796, 2.1457 -0.2793 0.2609, 2.1457 -0.2735 0.2684, 2.1457 -0.2715 0.2703, 2.1457 -0.264 0.2756, 2.1457 -0.2556 0.2788, 2.1457 -0.2802 0.2159, 2.1457 -0.2814 0.2192, 2.1457 -0.2862 0.1747, 2.1457 -0.2862 0.2796, 2.1457 -0.2831 0.252, 2.1457 -0.2814 0.2558, 2.1457 -0.2834 0.2243, 2.1457 -0.285 0.2373, 2.1457 -0.2849 0.2415, 2.1457 -0.0859 0.2348, 2.1457 -0.0878 0.2254, 2.1457 -0.0918 0.2171, 2.1457 -0.0977 0.21, 2.1457 -0.1142 0.2796, 2.1457 -0.1142 0.2769, 2.1457 -0.0834 0.2796, 2.1457 -0.1061 0.274, 2.1457 -0.09 0.2585, 2.1457 -0.087 0.2509, 2.1457 -0.0857 0.2399, 2.1457 -0.0977 0.2683, 2.1457 -0.0949 0.2655, 2.1457 -0.1061 0.204, 2.1457 -0.1142 0.2009, 2.1457 -0.1142 0.1747, 2.1457 -0.1152 0.2005, 2.1457 -0.1288 0.1988, 2.1457 -0.1509 0.1988, 2.1457 -0.1509 0.2789, 2.1457 -0.128 0.2789, 2.1457 -0.1158 0.2775, 2.1457 -0.2757 0.0964, 2.1457 -0.2736 0.0993, 2.1457 -0.2723 0.1152, 2.1457 -0.2137 0.0711, 2.1457 -0.2319 0.0718, 2.1457 -0.2542 0.0711, 2.1457 -0.2419 0.0718, 2.1457 -0.2541 0.0711, 2.1457 -0.2696 0.0726, 2.1457 -0.2814 0.0711, 2.1457 -0.2657 0.0711, 2.1457 -0.2655 0.0711, 2.1457 -0.2761 0.0791, 2.1457 -0.2774 0.0825, 2.1457 -0.2779 0.0871, 2.1457 -0.2705 0.1019, 2.1457 -0.266 0.1041, 2.1457 -0.2665 0.119, 2.1457 -0.2589 0.1058, 2.1457 -0.2501 0.1218, 2.1457 -0.2535 0.1221, 2.1457 -0.2602 0.1214, 2.1457 -0.2419 0.0806, 2.1457 -0.2422 0.0806, 2.1457 -0.2447 0.0771, 2.1457 -0.2729 0.0749, 2.1457 -0.2741 0.0761, 2.1457 -0.248 0.074, 2.1457 -0.2501 0.0727, 2.1457 -0.2778 0.0887, 2.1457 -0.2771 0.0929, 2.1457 -0.2148 0.1231, 2.1457 -0.2388 0.1264, 2.1457 -0.2167 0.1204, 2.1457 -0.2362 0.1238, 2.1457 -0.2179 0.1171, 2.1457 -0.2342 0.1205, 2.1457 -0.2326 0.1159, 2.1457 -0.2723 0.125, 2.1457 -0.2702 0.1262, 2.1457 -0.2627 0.1291, 2.1457 -0.2526 0.1303, 2.1457 -0.2463 0.1297, 2.1457 -0.2421 0.1284, 2.1457 -0.2419 0.1081, 2.1457 -0.2423 0.1126, 2.1457 -0.2433 0.1161, 2.1457 -0.2445 0.1182, 2.1457 -0.2138 0.1028, 2.1457 -0.2183 0.0842, 2.1457 -0.2137 0.1027, 2.1457 -0.2142 0.0816, 2.1457 -0.2137 0.0814, 2.1457 -0.2154 0.1045, 2.1457 -0.2167 0.1066, 2.1457 -0.2319 0.1086, 2.1457 -0.2178 0.1097, 2.1457 -0.2183 0.1135, 2.1457 -0.246 0.1198, 2.1457 -0.2478 0.121, 2.1457 -0.2183 0.0738, 2.1457 -0.2137 0.0721, 2.1457 -0.2123 0.0716, 2.1457 -0.2085 0.0711, 2.1457 -0.2028 0.0704, 2.1457 -0.2137 0.0394, 2.1457 -0.2814 0.0394, 2.1457 -0.2597 0.0704, 2.1457 -0.1824 0.1278, 2.1457 -0.1824 0.118, 2.1457 -0.2118 0.1257, 2.1457 -0.2085 0.1277, 2.1457 -0.2137 0.1241, 2.1457 -0.1802 0.0833, 2.1457 -0.1814 0.0801, 2.1457 -0.1833 0.0775, 2.1457 -0.2029 0.1296, 2.1457 -0.196 0.1303, 2.1457 -0.189 0.1297, 2.1457 -0.1831 0.0968, 2.1457 -0.1812 0.094, 2.1457 -0.1801 0.0911, 2.1457 -0.1797 0.0873, 2.1457 -0.1861 0.075, 2.1457 -0.1885 0.0735, 2.1457 -0.197 0.1221, 2.1457 -0.1999 0.1219, 2.1457 -0.2079 0.1144, 2.1457 -0.2026 0.1212, 2.1457 -0.2049 0.12, 2.1457 -0.2078 0.1131, 2.1457 -0.2074 0.1116, 2.1457 -0.2067 0.1102, 2.1457 -0.2057 0.1091, 2.1457 -0.2022 0.1069, 2.1457 -0.1906 0.1215, 2.1457 -0.196 0.1042, 2.1457 -0.185 0.1194, 2.1457 -0.1921 0.1026, 2.1457 -0.1854 0.0989, 2.1457 -0.2064 0.1187, 2.1457 -0.2072 0.1174, 2.1457 -0.2077 0.116, 2.1457 -0.2079 0.0793, 2.1457 -0.2031 0.0969, 2.1457 -0.209 0.0997, 2.1457 -0.2018 0.0786, 2.1457 -0.2014 0.0786, 2.1457 -0.1965 0.0942, 2.1457 -0.1962 0.0792, 2.1457 -0.19 0.0864, 2.1457 -0.1901 0.0876, 2.1457 -0.1936 0.0802, 2.1457 -0.1927 0.0807, 2.1457 -0.1916 0.0817, 2.1457 -0.1907 0.083, 2.1457 -0.1902 0.0845, 2.1457 -0.1905 0.0892, 2.1457 -0.1913 0.0905, 2.1457 -0.1926 0.0918, 2.1457 -0.13 0.129, 2.1457 -0.1196 0.129, 2.1457 -0.1142 0.0711, 2.1457 -0.1483 0.086, 2.1457 -0.1471 0.0813, 2.1457 -0.1468 0.0813, 2.1457 -0.1584 0.1151, 2.1457 -0.1456 0.0859, 2.1457 -0.1464 0.0832, 2.1457 -0.1584 0.0711, 2.1457 -0.1584 0.0881, 2.1457 -0.1745 0.129, 2.1457 -0.1633 0.129, 2.1457 -0.152 0.0719, 2.1457 -0.1524 0.0711, 2.1457 -0.1564 0.0615, 2.1457 -0.1771 0.0394, 2.1457 -0.1724 0.0457, 2.1457 -0.1724 0.0546, 2.1457 -0.1603 0.0558, 2.1457 -0.1584 0.0579, 2.1457 -0.1584 0.0579, 2.1457 -0.1704 0.0539, 2.1457 -0.1667 0.0535, 2.1457 -0.1584 0.0466, 2.1457 -0.1619 0.0453, 2.1457 -0.1584 0.0394, 2.1457 -0.1659 0.0449, 2.1457 -0.1682 0.0449, 2.1457 -0.1642 0.0538, 2.1457 -0.162 0.0546, 2.1457 -0.1455 0.0632, 2.1457 -0.1501 0.0543, 2.1457 -0.1142 0.0394, 2.1457 -0.1424 0.0711, 2.1457 -0.1537 0.0499, 2.1457 -0.1544 0.0493, 2.1457 -0.1579 0.0468, 2.1457 -0.0675 0.1519, 2.1457 -0.0675 0.1427, 2.1457 -0.0657 0.0809, 2.1457 -0.0581 0.0711, 2.1457 -0.0657 0.0718, 2.1457 -0.0834 0.0711, 2.1457 -0.0984 0.1079, 2.1457 -0.0984 0.0809, 2.1457 -0.0834 0.1079, 2.1457 -0.0834 0.0809, 2.1457 -0.0698 0.1079, 2.1457 -0.0698 0.117, 2.1457 -0.0834 0.117, 2.1457 -0.0834 0.1427, 2.1457 -0.0984 0.117, 2.1457 -0.0984 0.1427, 2.1457 -0.0834 0.0718, 2.1457 -0.1088 0.0718, 2.1457 0.9055 -0.2953, 2.1457 0.9055 0.0394, 2.1457 -0.0581 -0.2953, 2.1457 -0.0581 0.0394, 2.1457 -0.0834 -0.2953, 2.1457 -0.0834 0.0394, 2.1457 -0.1142 -0.2953, 2.1457 -0.1584 -0.2953, 2.1457 -0.1771 -0.2953, 2.1457 -0.2137 -0.2953, 2.1457 -0.2814 -0.2953, 2.1457 -0.2862 -0.2953, 2.1457 -0.2862 0.0394, 2.1457 -0.315 -0.2953, 2.1457 -0.3633 -0.3937, 2.1457 -0.315 -0.3937, 2.1457 -0.6693 -0.1728, 2.1457 -0.8127 -0.3937, 2.1457 -0.8127 -0.1728, 2.1457 0.0144 0.1077, 2.1457 0.0124 0.0984, 2.1457 0.019 0.0718, 2.1457 0.0085 0.0901, 2.1457 0.0025 0.083, 2.1457 0.0495 0.1519, 2.1457 0.0606 0.1519, 2.1457 0.0146 0.1128, 2.1457 0.0133 0.1239, 2.1457 -0.0277 0.1519, 2.1457 -0.0155 0.1505, 2.1457 -0.0058 0.077, 2.1457 -0.015 0.0734, 2.1457 -0.0286 0.0718, 2.1457 0.0025 0.1413, 2.1457 0.0054 0.1385, 2.1457 0.0103 0.1315, 2.1457 0.0715 0.0937, 2.1457 0.0382 0.0937, 2.1457 0.0797 0.0718, 2.1457 0.0305 0.0718, 2.1457 0.9055 0.0711, 2.1457 -0.0059 0.147, 2.1457 0.0911 0.0718, 2.1457 -0.0506 0.0718, 2.1457 -0.0506 0.1519, 2.1457 0.748 0.3372, 2.1457 -0.0581 0.3372, 2.1457 -0.0834 0.3372, 2.1457 -0.1142 0.3372, 2.1457 -0.1584 0.3372, 2.1457 -0.1771 0.3372, 2.1457 -0.2862 0.0711, 2.1457 -0.2875 0.0809, 2.1457 -0.2875 0.0718, 2.1457 -0.3305 0.0718, 2.1457 -0.2893 0.1427, 2.1457 -0.3305 0.1519, 2.1457 -0.2893 0.1519, 2.1457 -0.3202 0.1079, 2.1457 -0.3202 0.0809, 2.1457 -0.2916 0.1079, 2.1457 -0.2916 0.117, 2.1457 -0.3202 0.117, 2.1457 -0.3202 0.1427, 2.1457 -0.3202 0.2789, 2.1457 -0.3202 0.2079, 2.1457 -0.2883 0.2079, 2.1457 -0.3305 0.1988, 2.1457 -0.3305 0.2789, 2.1457 -0.2883 0.1988, 2.1457 -0.2862 0.3372, 2.1457 0.748 0.374, 2.1457 -0.0581 0.374, 2.1457 -0.0834 0.374, 2.1457 -0.1142 0.374, 2.1457 -0.1584 0.374, 2.1457 -0.1771 0.374, 2.1457 -0.2137 0.374, 2.1457 -0.2814 0.374, 2.1457 -0.2862 0.374, 2.1457 -0.3633 0.374, 2.1457 -0.8127 0.374, 1.9882 0.9055 0.2756, 1.9882 0.9055 -0.1969, 1.6929 0.9055 -0.1969, 1.5945 0.9055 -0.2953, 1.5843 0.9055 -0.2939, 1.5748 0.9055 -0.29, 1.5666 0.9055 -0.2837, 1.5604 0.9055 -0.2756, 1.5551 0.9055 0.2756, 1.6929 0.9055 0.2756, 1.5551 0.9055 -0.2559, 1.5565 0.9055 -0.2661, -0.689 0.9055 0.2756, -0.6496 0.9055 0.2362, -0.6496 0.9055 -0.2756, -1.4764 0.9055 0.2756, -1.0433 0.9055 0.2756, -1.4764 0.9055 -0.3937, -1.0433 0.9055 -0.2756, -0.9252 0.9055 -0.2756, -0.2559 0.9055 -0.2756, -0.5315 0.9055 -0.2756, -0.2559 0.9055 0.2362, -0.5315 0.9055 0.2362, -0.2953 0.9055 0.2756, -0.4921 0.9055 0.2756, -0.9252 0.9055 0.2756, 1.4764 0.9055 -0.3937, -0.1378 0.9055 -0.2756, 0.5315 0.9055 -0.2756, 0.6496 0.9055 -0.2756, 0.2953 0.9055 0.2756, 0.4921 0.9055 0.2756, 0.2559 0.9055 0.2362, 0.5315 0.9055 0.2362, 0.2559 0.9055 -0.2756, 0.1378 0.9055 -0.2756, 0.1378 0.9055 0.2362, -0.1378 0.9055 0.2362, 0.0984 0.9055 0.2756, -0.0984 0.9055 0.2756, 0.689 0.9055 0.2756, 0.9252 0.9055 0.2756, 0.9252 0.9055 -0.2756, 0.6496 0.9055 0.2362, 1.0433 0.9055 0.2756, 1.4764 0.9055 0.2756, 1.0433 0.9055 -0.2756, -1.6929 0.9055 0.2756, -1.5551 0.9055 0.2756, -1.6929 0.9055 -0.1969, -1.5551 0.9055 -0.2559, -1.5565 0.9055 -0.2661, -1.5604 0.9055 -0.2756, -1.5666 0.9055 -0.2837, -1.5748 0.9055 -0.29, -2.1457 0.9055 0.2756, -1.9882 0.9055 0.2756, -2.1457 0.9055 -0.2953, -1.9882 0.9055 -0.1969, -1.5945 0.9055 -0.2953, -1.5843 0.9055 -0.2939, 1.4764 -0.315 -0.1969, 1.5551 -0.315 -0.1969, 1.5551 -0.315 -0.2559, 1.5945 -0.315 -0.2953, 1.4764 -0.315 -0.3937, 1.5843 -0.315 -0.2939, 1.5565 -0.315 -0.2661, 1.5604 -0.315 -0.2756, 1.5666 -0.315 -0.2837, 1.5748 -0.315 -0.29, -1.5843 -0.315 -0.2939, -1.5748 -0.315 -0.29, -1.4764 -0.315 -0.3937, -1.5666 -0.315 -0.2837, -1.5604 -0.315 -0.2756, -1.5565 -0.315 -0.2661, -1.4764 -0.315 -0.1969, -1.5551 -0.315 -0.2559, -1.5551 -0.315 -0.1969, -2.1457 -0.315 -0.3937, -2.1457 -0.315 -0.2953, -1.5945 -0.315 -0.2953, 0.2402 0.748 0.2756, 0.2559 0.748 0.2756, 0.2559 0.4331 0.2756, 0.5315 0.748 0.2756, 0.5472 0.748 0.2756, 0.5315 0.4331 0.2756, 0.5472 -0.1575 0.2756, 0.2402 -0.1575 0.2756, 0.748 0.4331 -0.2756, 0.6496 0.4331 -0.2756, 0.4331 0.4331 -0.2756, 0.5315 0.4331 -0.2756, -1.6929 -0.8661 -0.1025, -1.6929 -0.8661 0.374, -2.1457 -0.8661 -0.1025, -2.1457 -0.8661 0.374, 0.748 0.4331 -0.2165, 0.8268 0.4331 -0.2756, 0.9252 0.4331 -0.2756, 0.8268 0.4331 -0.2165, 0.9252 0.4331 0.2756, 0.6496 0.4331 0.2756, 0.6496 0.748 0.2362, 0.6496 0.748 0.2756, 0.6339 0.748 0.2756, 0.9252 0.748 0.2756, 0.9409 0.748 0.2756, 0.9409 -0.1575 0.2756, 0.6339 -0.1575 0.2756, -2.126 0.7283 0.3937, -2.126 -0.8465 0.3937, -1.7126 -0.8465 0.3937, -1.7126 -0.0197 0.3937, -1.2795 -0.0197 0.3937, 2.126 0.7283 0.3937, 1.7126 -0.8465 0.3937, 2.126 -0.8465 0.3937, 1.7126 -0.0197 0.3937, 1.2795 -0.0197 0.3937, 1.2795 -0.1378 0.3937, -1.2795 -0.1378 0.3937, 0.2559 0.4331 -0.2756, 0.3543 0.4331 -0.2756, 0.3543 0.4331 -0.2165, 0.4331 0.4331 -0.2165, 0.5315 0.748 0.2362, 0.5472 0.748 0.3268, 0.5472 -0.1575 0.3268, 0.6339 0.748 0.3268, 0.6339 -0.1575 0.3268, 1.1417 0.4331 -0.2756, 1.0433 0.4331 -0.2756, 1.1417 0.4331 -0.2165, 1.2992 0.4331 -0.2165, 1.2992 0.4331 0.2756, 1.0433 0.4331 0.2756, 1.0433 0.748 0.2756, 1.0276 0.748 0.2756, 1.2992 -0.0394 0.2756, 1.0276 -0.1575 0.2756, 1.2992 -0.1575 0.2756, 0.9409 0.748 0.3268, 0.9409 -0.1575 0.3268, 1.0276 0.748 0.3268, 1.0276 -0.1575 0.3268, 1.2992 -0.0394 -0.1969, 1.5551 -0.0394 0.315, 1.5551 0.748 0.315, 1.5551 -0.0394 -0.1969, 1.5551 0.748 0.2756, 1.4764 -0.0394 0.315, 1.4764 0.748 0.315, 1.4764 -0.0394 -0.1969, 1.4764 0.748 0.2756, -0.5472 0.748 0.2756, -0.5315 0.748 0.2756, -0.5315 0.4331 0.2756, -0.2559 0.748 0.2756, -0.2402 0.748 0.2756, -0.2559 0.4331 0.2756, -0.2402 -0.1575 0.2756, -0.5472 -0.1575 0.2756, -0.0394 0.4331 -0.2756, -0.1378 0.4331 -0.2756, -0.3543 0.4331 -0.2756, -0.2559 0.4331 -0.2756, -0.0394 0.4331 -0.2165, 0.0394 0.4331 -0.2756, 0.1378 0.4331 -0.2756, 0.0394 0.4331 -0.2165, 0.1378 0.4331 0.2756, -0.1378 0.4331 0.2756, -0.1378 0.748 0.2362, -0.1378 0.748 0.2756, -0.1535 0.748 0.2756, 0.1378 0.748 0.2756, 0.1535 0.748 0.2756, 0.1535 -0.1575 0.2756, -0.1535 -0.1575 0.2756, -0.5315 0.4331 -0.2756, -0.4331 0.4331 -0.2756, -0.4331 0.4331 -0.2165, -0.3543 0.4331 -0.2165, -0.2559 0.748 0.2362, -0.2402 0.748 0.3268, -0.2402 -0.1575 0.3268, -0.1535 0.748 0.3268, -0.1535 -0.1575 0.3268, -0.8268 0.4331 -0.2756, -0.8268 0.4331 -0.2165, -0.9409 0.748 0.2756, -0.9409 -0.1575 0.2756, -0.9409 0.748 0.3268, -0.9409 -0.1575 0.3268, -0.9252 0.748 0.2756, -0.9252 0.4331 -0.2756, -0.9252 0.4331 0.2756, -1.1417 0.4331 -0.2756, -1.0433 0.4331 -0.2756, -1.2992 -0.0394 0.2756, -1.2992 0.4331 0.2756, -1.0433 0.4331 0.2756, -1.2992 -0.1575 0.2756, -1.0276 -0.1575 0.2756, -1.0276 0.748 0.2756, -1.0433 0.748 0.2756, -1.0276 0.748 0.3268, -1.0276 -0.1575 0.3268, -1.1417 0.4331 -0.2165, -1.2992 0.4331 -0.2165, -0.5472 0.748 0.3268, -0.5472 -0.1575 0.3268, -0.6339 0.748 0.3268, -0.6339 -0.1575 0.3268, -0.6339 0.748 0.2756, -0.6339 -0.1575 0.2756, -0.748 0.4331 -0.2165, -0.748 0.4331 -0.2756, -0.6496 0.748 0.2756, -0.6496 0.4331 0.2756, -0.6496 0.748 0.2362, -0.6496 0.4331 -0.2756, -0.5315 0.748 0.2362, -1.4764 0.748 0.2756, -1.4764 -0.0394 -0.1969, -1.4764 -0.0394 0.315, -1.4764 0.748 0.315, -1.5551 -0.0394 0.315, -1.5551 0.748 0.315, -1.5551 -0.0394 -0.1969, -1.5551 0.748 0.2756, -1.2992 -0.0394 -0.1969, -2.1457 -0.6693 -0.1728, -2.1457 0.748 0.2756, -2.1457 0.748 0.374, -2.1457 -0.6693 -0.1025, 0.2559 0.748 0.2362, 0.1378 0.748 0.2362, 0.1535 0.748 0.3268, 0.1535 -0.1575 0.3268, 0.2402 0.748 0.3268, 0.2402 -0.1575 0.3268, -1.2992 -0.0394 0.374, -1.2992 -0.1575 0.374, -1.6929 -0.6693 -0.1728, -1.6929 -0.0394 -0.1969, -1.6929 -0.6693 -0.1025, -1.6929 -0.0394 0.374, 1.2992 -0.1575 0.374, 1.2992 -0.0394 0.374, 1.6929 -0.0394 -0.1969, 1.6929 -0.0394 0.374, 1.6929 -0.6693 -0.1728, 1.6929 -0.6693 -0.1025, -1.6929 0.748 0.3543, -1.6929 0.5118 0.3543, -1.9882 0.748 0.3543, -1.9882 0.5118 0.3543, -1.9882 0.748 0.2756, -1.9882 0.5118 -0.1969, -1.6929 0.5118 -0.1969, -1.6929 0.748 0.2756, 1.9882 0.748 0.2756, 1.9882 0.5118 -0.1969, 1.9882 0.748 0.3543, 1.9882 0.5118 0.3543, 1.6929 0.748 0.3543, 1.6929 0.5118 0.3543, 1.6929 0.748 0.2756, 1.6929 0.5118 -0.1969, 0.689 0.748 0.2756, 0.2953 0.748 0.2756, 0.4921 0.748 0.2756, -0.4921 0.748 0.2756, -0.2953 0.748 0.2756, -0.0984 0.748 0.2756, 0.0984 0.748 0.2756, -0.689 0.748 0.2756, -1.6931 -0.0392 0.3766, -1.2991 -0.0392 0.3762, -1.2987 -0.0389 0.3784, -1.2985 -0.0387 0.3791, -1.6936 -0.0387 0.3791, -1.6944 -0.0379 0.3815, -1.2973 -0.0374 0.3826, -1.6956 -0.0367 0.3839, -1.2965 -0.0366 0.3838, -1.697 -0.0353 0.386, -1.2949 -0.0351 0.3863, -1.6987 -0.0336 0.3879, -1.2934 -0.0336 0.3879, -1.7028 -0.0295 0.3911, -1.2917 -0.0319 0.3893, -1.2894 -0.0295 0.3911, -1.7075 -0.0248 0.393, -1.288 -0.0282 0.3916, -1.2846 -0.0248 0.393, -1.2839 -0.0241 0.3931, -1.6987 -0.8604 0.3879, -1.6931 -0.866 0.3766, -1.6936 -0.8655 0.3791, -1.6944 -0.8646 0.3815, -1.6956 -0.8635 0.3839, -1.697 -0.8621 0.386, -1.7028 -0.8563 0.3911, -1.7075 -0.8516 0.393, -1.2839 -0.1422 0.3932, -1.2881 -0.1463 0.3918, -1.2918 -0.1501 0.3894, -1.2949 -0.1532 0.3863, -1.2973 -0.1555 0.3826, -1.2981 -0.1564 0.3805, -1.2987 -0.157 0.3784, -1.2991 -0.1574 0.3762, -2.1399 -0.8604 0.3879, -2.1416 -0.8621 0.386, -2.143 -0.8635 0.3839, -2.1442 -0.8646 0.3815, -2.145 -0.8655 0.3791, -2.1455 -0.866 0.3766, -2.1358 -0.8563 0.3911, -2.1311 -0.8516 0.393, 1.2839 -0.1422 0.3931, 1.2846 -0.1429 0.393, 1.288 -0.1463 0.3916, 1.2894 -0.1476 0.3911, 1.2917 -0.15 0.3893, 1.2934 -0.1517 0.3879, 1.2949 -0.1532 0.3863, 1.2991 -0.1574 0.3762, 1.2987 -0.157 0.3784, 1.2985 -0.1568 0.3791, 1.2973 -0.1555 0.3826, 1.2965 -0.1547 0.3838, -2.145 0.7474 0.3791, -2.1451 0.7475 0.3784, -2.1455 0.7479 0.3762, -2.1437 0.7461 0.3826, -2.1429 0.7453 0.3838, -2.1358 0.7381 0.391, -2.1383 0.7406 0.3894, -2.1398 0.7422 0.3878, -2.1414 0.7437 0.3863, -2.1304 0.7327 0.3932, -2.1311 0.7334 0.393, -2.1345 0.7369 0.3918, 1.2846 -0.0248 0.393, 1.2894 -0.0295 0.3911, 1.2934 -0.0336 0.3879, 1.2951 -0.0353 0.386, 1.2966 -0.0367 0.3839, 1.2977 -0.0379 0.3815, 1.2985 -0.0387 0.3791, 1.299 -0.0392 0.3766, 2.145 0.7474 0.3791, 2.1451 0.7475 0.3784, 2.1455 0.7479 0.3762, 2.1383 0.7406 0.3894, 2.1398 0.7422 0.3878, 2.1414 0.7437 0.3863, 2.1429 0.7453 0.3838, 2.1437 0.7461 0.3826, 2.1358 0.7381 0.391, 2.1345 0.7369 0.3918, 2.1304 0.7327 0.3932, 2.1311 0.7334 0.393, 1.7028 -0.0295 0.3911, 1.7075 -0.0248 0.393, 1.6931 -0.0392 0.3766, 1.6936 -0.0387 0.3791, 1.6944 -0.0379 0.3815, 1.6956 -0.0367 0.3839, 1.697 -0.0353 0.386, 1.6987 -0.0336 0.3879, 2.1455 -0.866 0.3766, 2.145 -0.8655 0.3791, 2.1442 -0.8646 0.3815, 2.143 -0.8635 0.3839, 2.1416 -0.8621 0.386, 2.1399 -0.8604 0.3879, 2.1358 -0.8563 0.3911, 2.1311 -0.8516 0.393, 1.7028 -0.8563 0.3911, 1.7075 -0.8516 0.393, 1.6931 -0.866 0.3766, 1.6936 -0.8655 0.3791, 1.6944 -0.8646 0.3815, 1.6956 -0.8635 0.3839, 1.697 -0.8621 0.386, 1.6987 -0.8604 0.3879, 1.6987 -0.8604 0.3879
            ]
        }
        coordIndex [
            0,1,2,-1,3,4,5,-1,6,7,2,-1,8,9,10,-1,11,12,13,-1,5,14,3,-1,3,14,15,-1,3,15,16,-1,16,17,18,-1,10,0,8,-1,8,0,2,-1,8,2,19,-1,19,2,7,-1,19,7,20,-1,20,7,21,-1,22,23,1,-1,1,23,24,-1,1,24,2,-1,2,24,25,-1,2,25,26,-1,26,25,27,-1,16,18,3,-1,3,18,28,-1,3,28,2,-1,29,30,31,-1,31,30,2,-1,31,2,32,-1,32,2,26,-1,13,6,11,-1,11,6,2,-1,11,2,33,-1,33,2,28,-1,33,28,34,-1,34,28,35,-1,36,37,38,-1,38,37,39,-1,38,39,40,-1,40,39,41,-1,41,42,40,-1,40,42,43,-1,40,43,44,-1,45,46,47,-1,48,49,50,-1,51,52,53,-1,54,55,56,-1,56,55,57,-1,56,57,58,-1,59,60,61,-1,61,60,56,-1,61,56,62,-1,62,56,63,-1,58,64,56,-1,56,64,65,-1,56,65,63,-1,66,67,68,-1,68,67,69,-1,68,69,70,-1,70,69,71,-1,72,73,74,-1,75,76,77,-1,77,76,78,-1,77,78,72,-1,72,78,79,-1,72,79,80,-1,66,68,81,-1,81,68,72,-1,81,72,82,-1,82,72,74,-1,82,74,83,-1,83,74,84,-1,83,84,85,-1,80,86,72,-1,72,86,87,-1,72,87,73,-1,88,89,90,-1,90,89,91,-1,90,91,92,-1,92,93,90,-1,90,93,94,-1,90,94,77,-1,77,94,95,-1,77,95,75,-1,96,97,98,-1,98,99,96,-1,96,99,100,-1,96,100,90,-1,90,100,101,-1,90,101,88,-1,102,103,104,-1,104,103,105,-1,104,105,106,-1,106,107,104,-1,104,107,97,-1,104,97,108,-1,108,97,96,-1,108,96,36,-1,109,110,111,-1,111,110,112,-1,112,113,111,-1,111,113,114,-1,111,114,115,-1,116,117,118,-1,119,120,109,-1,121,122,123,-1,123,122,124,-1,116,118,125,-1,119,109,126,-1,127,128,122,-1,122,128,129,-1,122,129,130,-1,59,131,60,-1,60,131,132,-1,60,132,109,-1,109,132,133,-1,109,133,126,-1,117,134,118,-1,118,134,135,-1,118,135,136,-1,137,138,139,-1,139,138,140,-1,139,140,141,-1,142,130,143,-1,143,130,144,-1,143,144,139,-1,139,144,145,-1,139,145,137,-1,142,146,130,-1,130,146,147,-1,130,147,122,-1,122,147,148,-1,122,148,124,-1,149,150,151,-1,151,150,152,-1,151,152,118,-1,118,152,153,-1,118,153,125,-1,154,155,118,-1,118,155,156,-1,118,156,122,-1,122,156,157,-1,122,157,127,-1,158,159,110,-1,110,159,160,-1,110,160,161,-1,161,162,110,-1,110,162,163,-1,110,163,164,-1,164,163,149,-1,164,149,165,-1,165,149,151,-1,120,166,109,-1,109,166,167,-1,109,167,110,-1,110,167,168,-1,110,168,158,-1,136,169,118,-1,118,169,170,-1,118,170,171,-1,171,172,118,-1,118,172,173,-1,118,173,154,-1,174,175,176,-1,175,177,176,-1,176,177,178,-1,176,178,179,-1,129,176,130,-1,130,176,180,-1,130,180,181,-1,182,183,184,-1,184,183,185,-1,184,185,186,-1,182,184,129,-1,129,184,187,-1,129,187,176,-1,176,187,188,-1,176,188,174,-1,189,190,191,-1,191,190,192,-1,191,192,193,-1,179,178,194,-1,194,178,195,-1,194,195,196,-1,196,195,197,-1,196,197,198,-1,181,199,130,-1,130,199,191,-1,130,191,200,-1,200,191,193,-1,201,51,202,-1,203,201,204,-1,204,201,205,-1,204,205,206,-1,204,207,203,-1,203,207,208,-1,203,208,209,-1,209,208,210,-1,211,212,47,-1,51,53,202,-1,202,53,213,-1,202,213,211,-1,214,215,216,-1,217,218,219,-1,219,218,220,-1,219,220,221,-1,222,223,224,-1,224,223,225,-1,224,225,226,-1,226,225,214,-1,226,214,227,-1,228,229,230,-1,230,229,231,-1,230,231,217,-1,216,215,232,-1,232,215,233,-1,232,233,234,-1,221,220,235,-1,235,220,236,-1,235,236,237,-1,238,236,239,-1,239,236,240,-1,233,237,234,-1,234,237,236,-1,234,236,241,-1,241,236,238,-1,241,242,243,-1,243,242,244,-1,243,244,245,-1,245,246,243,-1,243,246,247,-1,243,247,248,-1,249,250,251,-1,248,252,243,-1,243,252,253,-1,243,253,254,-1,254,253,255,-1,241,243,234,-1,234,243,256,-1,234,256,257,-1,258,259,260,-1,260,259,261,-1,260,261,262,-1,255,253,251,-1,251,253,263,-1,251,263,249,-1,250,264,251,-1,251,264,265,-1,251,265,266,-1,266,267,251,-1,251,267,268,-1,251,268,269,-1,269,268,270,-1,257,271,234,-1,234,271,272,-1,234,272,260,-1,260,272,273,-1,260,273,258,-1,274,275,276,-1,276,275,277,-1,278,279,280,-1,280,281,278,-1,278,281,282,-1,278,282,283,-1,262,284,260,-1,260,284,285,-1,260,285,286,-1,287,288,278,-1,278,288,289,-1,278,289,279,-1,285,290,286,-1,286,290,291,-1,286,291,287,-1,287,291,292,-1,287,292,288,-1,293,294,47,-1,47,294,295,-1,47,295,296,-1,297,298,299,-1,299,298,300,-1,301,302,299,-1,299,302,303,-1,300,304,299,-1,299,304,305,-1,299,305,301,-1,210,208,212,-1,212,208,299,-1,212,299,47,-1,47,299,303,-1,47,303,293,-1,306,307,308,-1,308,307,309,-1,310,311,216,-1,216,311,218,-1,216,218,214,-1,214,218,217,-1,214,217,227,-1,227,217,231,-1,311,312,218,-1,218,312,313,-1,218,313,297,-1,297,313,314,-1,297,314,298,-1,315,316,317,-1,318,319,320,-1,320,319,321,-1,320,321,322,-1,323,324,325,-1,325,324,326,-1,327,328,324,-1,324,328,329,-1,316,330,317,-1,317,330,331,-1,317,331,332,-1,332,331,333,-1,334,335,333,-1,333,335,336,-1,333,336,332,-1,337,338,321,-1,321,338,339,-1,323,340,324,-1,324,340,341,-1,324,341,327,-1,339,342,321,-1,321,342,343,-1,321,343,322,-1,260,344,345,-1,346,347,348,-1,348,347,349,-1,348,349,350,-1,350,349,351,-1,350,351,352,-1,315,317,345,-1,345,317,353,-1,345,353,260,-1,260,353,354,-1,260,354,355,-1,355,356,260,-1,260,356,357,-1,260,357,358,-1,359,360,333,-1,333,360,361,-1,333,361,362,-1,363,364,365,-1,365,364,366,-1,365,366,367,-1,368,369,370,-1,370,369,371,-1,370,371,352,-1,352,371,372,-1,352,372,350,-1,362,373,333,-1,333,373,374,-1,333,374,334,-1,363,368,364,-1,364,368,370,-1,364,370,375,-1,375,370,319,-1,375,319,376,-1,376,319,318,-1,376,318,377,-1,377,318,378,-1,379,378,380,-1,380,378,318,-1,380,318,381,-1,381,318,320,-1,381,320,382,-1,383,384,50,-1,385,386,234,-1,358,347,260,-1,260,347,346,-1,260,346,234,-1,234,346,387,-1,234,387,385,-1,388,389,50,-1,50,389,390,-1,386,391,234,-1,234,391,392,-1,234,392,232,-1,232,392,393,-1,232,393,383,-1,394,395,384,-1,384,395,396,-1,384,396,50,-1,50,396,397,-1,50,397,388,-1,390,398,50,-1,50,398,399,-1,50,399,48,-1,400,401,402,-1,402,401,403,-1,402,403,404,-1,402,405,400,-1,400,405,406,-1,400,406,407,-1,407,408,400,-1,400,408,409,-1,400,409,410,-1,410,409,411,-1,410,411,412,-1,412,411,413,-1,412,413,384,-1,384,413,414,-1,384,414,394,-1,415,416,404,-1,404,416,417,-1,404,417,402,-1,418,419,367,-1,367,419,420,-1,367,420,365,-1,418,421,419,-1,419,421,422,-1,419,422,423,-1,423,422,424,-1,423,425,426,-1,424,427,423,-1,423,427,428,-1,423,428,429,-1,429,430,423,-1,423,430,431,-1,423,431,425,-1,426,432,423,-1,423,432,433,-1,423,433,434,-1,435,436,308,-1,308,436,437,-1,438,439,440,-1,309,310,308,-1,308,310,216,-1,308,216,435,-1,435,216,441,-1,435,441,442,-1,442,441,438,-1,442,438,443,-1,443,438,440,-1,444,445,50,-1,50,445,446,-1,383,50,232,-1,232,50,446,-1,232,446,216,-1,216,446,447,-1,216,447,441,-1,448,445,449,-1,449,445,444,-1,449,444,450,-1,451,452,453,-1,454,455,444,-1,444,455,456,-1,444,456,450,-1,379,380,49,-1,49,380,451,-1,49,451,50,-1,50,451,453,-1,50,453,444,-1,444,453,457,-1,444,457,458,-1,459,460,461,-1,461,460,462,-1,461,462,451,-1,451,462,463,-1,451,463,452,-1,458,464,444,-1,444,464,465,-1,444,465,454,-1,466,467,468,-1,466,468,469,-1,467,470,468,-1,468,470,471,-1,468,471,461,-1,461,471,472,-1,461,472,459,-1,211,47,202,-1,202,47,46,-1,202,46,473,-1,473,474,202,-1,202,474,475,-1,202,475,476,-1,476,475,477,-1,476,477,478,-1,479,480,481,-1,481,480,482,-1,481,482,483,-1,483,482,475,-1,483,475,484,-1,484,475,474,-1,484,474,485,-1,485,474,486,-1,485,486,487,-1,487,486,488,-1,477,489,478,-1,478,489,490,-1,478,490,437,-1,437,490,45,-1,437,45,308,-1,308,45,47,-1,308,47,306,-1,306,47,296,-1,491,492,493,-1,493,492,494,-1,493,494,495,-1,495,494,496,-1,495,496,497,-1,497,496,468,-1,497,468,498,-1,498,468,461,-1,498,461,499,-1,499,461,451,-1,499,451,500,-1,500,451,380,-1,500,380,501,-1,501,380,381,-1,501,381,502,-1,502,381,503,-1,502,503,504,-1,111,505,504,-1,504,505,506,-1,115,102,111,-1,111,102,104,-1,111,104,505,-1,505,104,507,-1,505,507,508,-1,508,507,509,-1,508,509,3,-1,3,509,4,-1,510,511,512,-1,512,511,513,-1,512,513,514,-1,202,515,516,-1,510,512,517,-1,517,512,515,-1,517,515,518,-1,519,520,202,-1,514,521,512,-1,512,521,522,-1,512,522,523,-1,524,525,515,-1,515,525,526,-1,515,526,518,-1,527,528,529,-1,529,528,530,-1,529,530,531,-1,202,520,515,-1,515,520,532,-1,515,532,524,-1,201,202,205,-1,205,202,516,-1,205,516,531,-1,531,516,533,-1,531,533,529,-1,530,512,531,-1,531,512,523,-1,531,523,476,-1,476,523,534,-1,476,534,202,-1,202,534,535,-1,202,535,519,-1,492,531,494,-1,494,531,476,-1,494,476,496,-1,496,476,478,-1,496,478,468,-1,468,478,437,-1,468,437,469,-1,469,437,436,-1,207,536,208,-1,208,536,537,-1,208,537,299,-1,299,537,538,-1,299,538,297,-1,297,538,539,-1,297,539,218,-1,218,539,540,-1,218,540,220,-1,220,540,541,-1,220,541,236,-1,236,541,275,-1,236,275,240,-1,240,275,274,-1,382,326,381,-1,381,326,324,-1,381,324,503,-1,503,324,542,-1,543,544,542,-1,542,544,545,-1,329,344,324,-1,324,344,260,-1,324,260,542,-1,542,260,286,-1,542,286,543,-1,543,286,546,-1,504,503,111,-1,111,503,542,-1,111,542,109,-1,109,542,545,-1,109,545,60,-1,60,545,547,-1,60,547,286,-1,286,547,548,-1,286,548,546,-1,549,550,551,-1,551,550,543,-1,551,543,552,-1,552,543,546,-1,552,546,553,-1,553,546,554,-1,555,556,557,-1,558,559,56,-1,56,559,555,-1,56,555,287,-1,287,555,557,-1,287,557,286,-1,286,557,560,-1,286,560,60,-1,60,560,558,-1,60,558,56,-1,283,276,278,-1,278,276,277,-1,278,277,287,-1,287,277,561,-1,287,561,56,-1,56,561,70,-1,56,70,54,-1,54,70,71,-1,36,96,37,-1,37,96,90,-1,37,90,39,-1,39,90,77,-1,39,77,41,-1,41,77,72,-1,41,72,42,-1,42,72,68,-1,42,68,43,-1,536,562,537,-1,537,562,563,-1,537,563,538,-1,538,563,564,-1,538,564,539,-1,539,564,565,-1,539,565,540,-1,540,565,566,-1,540,566,541,-1,541,566,567,-1,541,567,275,-1,275,567,568,-1,275,568,277,-1,277,568,569,-1,277,569,561,-1,561,569,570,-1,561,570,70,-1,70,570,571,-1,70,571,68,-1,68,571,572,-1,68,572,43,-1,43,572,44,-1,573,206,574,-1,574,206,491,-1,574,491,575,-1,575,491,576,-1,575,576,577,-1,577,578,575,-1,575,578,579,-1,575,579,580,-1,581,582,583,-1,583,582,575,-1,583,575,584,-1,584,575,580,-1,585,586,587,-1,588,589,590,-1,590,589,591,-1,590,591,592,-1,593,594,595,-1,595,594,596,-1,595,596,597,-1,597,596,598,-1,599,585,592,-1,592,585,587,-1,592,587,590,-1,590,587,594,-1,590,594,600,-1,600,594,593,-1,600,593,601,-1,602,603,600,-1,604,605,606,-1,606,605,607,-1,606,607,608,-1,607,602,608,-1,608,602,600,-1,608,600,609,-1,609,600,601,-1,609,601,610,-1,610,601,611,-1,610,611,612,-1,612,611,613,-1,614,615,616,-1,614,616,617,-1,618,619,620,-1,620,619,600,-1,620,600,616,-1,616,600,603,-1,616,603,617,-1,621,622,623,-1,623,622,624,-1,623,624,625,-1,625,626,623,-1,623,626,627,-1,623,627,628,-1,629,630,631,-1,631,630,632,-1,631,632,633,-1,633,632,623,-1,633,623,634,-1,634,623,628,-1,635,636,637,-1,504,506,638,-1,638,506,639,-1,638,639,640,-1,635,637,639,-1,639,637,641,-1,639,641,642,-1,642,643,639,-1,639,643,644,-1,639,644,640,-1,645,646,647,-1,647,646,648,-1,648,649,647,-1,647,649,650,-1,647,650,651,-1,651,650,652,-1,651,652,653,-1,654,655,647,-1,647,655,656,-1,647,656,645,-1,657,658,659,-1,660,661,662,-1,662,661,663,-1,662,663,659,-1,659,663,664,-1,659,664,657,-1,33,665,11,-1,11,665,666,-1,667,11,668,-1,668,11,666,-1,668,666,602,-1,602,666,603,-1,669,670,671,-1,671,670,672,-1,3,2,647,-1,647,2,654,-1,506,3,639,-1,639,3,647,-1,639,647,600,-1,600,647,590,-1,666,665,673,-1,674,675,676,-1,676,675,677,-1,676,677,673,-1,673,677,678,-1,673,678,666,-1,617,603,679,-1,679,603,666,-1,679,666,680,-1,680,666,678,-1,681,680,678,-1,682,683,677,-1,677,683,684,-1,677,684,678,-1,678,684,685,-1,678,685,681,-1,686,687,688,-1,688,689,686,-1,686,689,690,-1,686,690,691,-1,692,693,694,-1,694,693,691,-1,694,691,695,-1,695,691,690,-1,695,690,696,-1,696,690,697,-1,698,699,700,-1,667,668,701,-1,701,668,662,-1,701,662,700,-1,700,662,659,-1,700,659,698,-1,660,662,702,-1,702,662,668,-1,702,668,607,-1,607,668,602,-1,13,12,700,-1,700,12,701,-1,12,11,701,-1,701,11,667,-1,33,34,665,-1,665,34,673,-1,34,35,673,-1,673,35,676,-1,703,704,661,-1,661,704,663,-1,705,706,703,-1,703,706,704,-1,681,685,705,-1,705,685,706,-1,18,707,28,-1,28,707,708,-1,674,28,675,-1,675,28,708,-1,675,708,616,-1,616,708,620,-1,708,707,709,-1,710,711,709,-1,709,711,712,-1,709,712,708,-1,618,620,713,-1,713,620,708,-1,713,708,712,-1,714,713,712,-1,712,711,715,-1,714,712,716,-1,716,712,715,-1,716,715,717,-1,677,675,682,-1,682,675,616,-1,682,616,615,-1,35,28,676,-1,676,28,674,-1,18,17,707,-1,707,17,709,-1,17,16,709,-1,709,16,710,-1,718,719,683,-1,683,719,684,-1,720,721,718,-1,718,721,719,-1,714,716,720,-1,720,716,721,-1,16,15,722,-1,715,711,722,-1,722,711,710,-1,722,710,16,-1,576,491,638,-1,638,491,504,-1,637,583,584,-1,637,584,641,-1,641,584,580,-1,641,580,642,-1,642,580,579,-1,642,579,643,-1,643,579,578,-1,643,578,644,-1,644,578,577,-1,644,577,640,-1,640,577,576,-1,640,576,638,-1,723,724,725,-1,725,724,726,-1,637,636,725,-1,726,581,725,-1,725,581,583,-1,725,583,637,-1,723,727,724,-1,724,727,728,-1,635,639,729,-1,729,639,600,-1,728,727,730,-1,730,727,729,-1,730,729,619,-1,619,729,600,-1,731,732,733,-1,734,735,736,-1,736,735,737,-1,736,737,733,-1,733,737,738,-1,733,738,731,-1,19,739,8,-1,8,739,740,-1,741,8,742,-1,742,8,740,-1,742,740,593,-1,593,740,601,-1,740,739,743,-1,744,745,746,-1,746,745,747,-1,746,747,743,-1,743,747,748,-1,743,748,740,-1,611,601,749,-1,749,601,740,-1,749,740,750,-1,750,740,748,-1,751,750,748,-1,752,753,747,-1,747,753,754,-1,747,754,748,-1,748,754,755,-1,748,755,751,-1,756,757,758,-1,741,742,759,-1,759,742,736,-1,759,736,758,-1,758,736,733,-1,758,733,756,-1,734,736,760,-1,760,736,742,-1,760,742,595,-1,595,742,593,-1,10,9,758,-1,758,9,759,-1,9,8,759,-1,759,8,741,-1,19,20,739,-1,739,20,743,-1,20,21,743,-1,743,21,746,-1,761,762,735,-1,735,762,737,-1,763,764,761,-1,761,764,762,-1,751,755,763,-1,763,755,764,-1,24,23,765,-1,765,23,766,-1,767,768,769,-1,769,768,770,-1,599,592,771,-1,771,592,772,-1,771,772,773,-1,24,765,25,-1,25,765,772,-1,774,25,775,-1,775,25,772,-1,775,772,591,-1,591,772,592,-1,776,777,778,-1,779,776,780,-1,780,776,778,-1,780,778,781,-1,781,778,782,-1,783,784,781,-1,781,784,780,-1,769,770,783,-1,783,770,784,-1,778,775,782,-1,782,775,591,-1,782,591,589,-1,27,25,785,-1,785,25,774,-1,785,786,27,-1,27,786,26,-1,774,775,785,-1,785,775,778,-1,785,778,786,-1,786,778,777,-1,731,738,787,-1,787,738,788,-1,787,788,789,-1,789,788,790,-1,789,790,791,-1,791,790,792,-1,0,10,757,-1,757,10,758,-1,22,1,793,-1,793,1,794,-1,23,22,766,-1,766,22,793,-1,795,796,797,-1,797,796,798,-1,797,798,586,-1,586,798,587,-1,772,765,766,-1,794,798,793,-1,793,798,796,-1,793,796,766,-1,766,796,773,-1,766,773,772,-1,596,594,799,-1,799,594,756,-1,799,756,732,-1,732,756,733,-1,0,757,1,-1,1,757,756,-1,794,1,798,-1,798,1,756,-1,798,756,587,-1,587,756,594,-1,767,771,773,-1,795,791,796,-1,796,791,792,-1,796,792,773,-1,773,792,768,-1,773,768,767,-1,800,588,590,-1,647,651,801,-1,802,803,801,-1,801,803,800,-1,801,800,647,-1,647,800,590,-1,802,804,803,-1,803,804,805,-1,653,652,806,-1,806,652,624,-1,805,804,807,-1,807,804,806,-1,807,806,622,-1,622,806,624,-1,656,633,634,-1,656,634,645,-1,645,634,628,-1,645,628,646,-1,646,628,627,-1,646,627,648,-1,648,627,626,-1,648,626,649,-1,649,626,625,-1,649,625,650,-1,650,625,624,-1,650,624,652,-1,631,633,655,-1,655,633,656,-1,32,26,808,-1,808,26,786,-1,808,786,776,-1,776,786,777,-1,2,30,654,-1,654,30,809,-1,654,809,655,-1,655,809,631,-1,629,631,810,-1,810,631,809,-1,810,809,811,-1,811,809,812,-1,811,812,672,-1,672,812,671,-1,6,699,7,-1,7,699,698,-1,744,7,745,-1,745,7,698,-1,745,698,609,-1,609,698,608,-1,606,608,813,-1,813,608,698,-1,813,698,658,-1,658,698,659,-1,752,747,814,-1,814,747,745,-1,814,745,610,-1,610,745,609,-1,21,7,746,-1,746,7,744,-1,6,13,699,-1,699,13,700,-1,815,816,753,-1,753,816,754,-1,817,818,815,-1,815,818,816,-1,657,664,817,-1,817,664,818,-1,819,776,820,-1,820,776,779,-1,29,31,821,-1,821,31,822,-1,821,822,823,-1,823,822,824,-1,823,824,669,-1,669,824,670,-1,822,806,824,-1,824,806,804,-1,824,804,819,-1,819,804,802,-1,819,802,776,-1,776,802,801,-1,776,801,808,-1,808,801,651,-1,806,822,653,-1,653,822,31,-1,653,31,651,-1,651,31,32,-1,651,32,808,-1,825,717,826,-1,826,717,715,-1,722,729,715,-1,715,729,727,-1,725,827,723,-1,723,827,828,-1,723,828,727,-1,727,828,826,-1,727,826,715,-1,14,5,829,-1,38,40,830,-1,830,40,828,-1,830,828,829,-1,829,828,827,-1,829,827,14,-1,827,725,636,-1,729,722,635,-1,635,722,15,-1,635,15,636,-1,636,15,14,-1,636,14,827,-1,820,779,780,-1,788,738,737,-1,780,784,820,-1,820,784,770,-1,820,770,825,-1,762,764,825,-1,818,825,816,-1,816,825,764,-1,816,764,754,-1,754,764,755,-1,706,685,684,-1,737,762,788,-1,788,762,825,-1,788,825,790,-1,790,825,770,-1,790,770,792,-1,792,770,768,-1,716,717,721,-1,721,717,825,-1,721,825,719,-1,664,663,818,-1,818,663,704,-1,818,704,825,-1,825,704,706,-1,825,706,719,-1,719,706,684,-1,831,832,833,-1,833,832,834,-1,833,834,835,-1,835,834,836,-1,835,836,630,-1,630,836,632,-1,836,837,632,-1,632,837,623,-1,621,623,838,-1,838,623,837,-1,838,837,831,-1,831,837,832,-1,837,836,832,-1,832,836,834,-1,573,574,839,-1,839,574,840,-1,839,840,841,-1,841,840,842,-1,841,842,843,-1,843,842,844,-1,843,844,845,-1,845,844,846,-1,845,846,582,-1,582,846,575,-1,846,840,575,-1,575,840,574,-1,846,844,840,-1,840,844,842,-1,713,714,720,-1,562,204,839,-1,839,841,562,-1,562,841,843,-1,562,843,811,-1,845,726,843,-1,843,726,724,-1,843,724,728,-1,730,713,728,-1,728,713,720,-1,728,720,843,-1,843,720,718,-1,843,718,811,-1,680,681,705,-1,703,661,660,-1,750,751,763,-1,683,682,718,-1,718,682,847,-1,658,657,817,-1,813,658,848,-1,848,658,703,-1,848,703,849,-1,849,703,660,-1,849,660,702,-1,817,815,811,-1,761,735,734,-1,658,817,703,-1,703,817,811,-1,703,811,705,-1,705,811,718,-1,705,718,680,-1,680,718,847,-1,680,847,679,-1,850,799,732,-1,732,731,787,-1,850,761,851,-1,851,761,734,-1,851,734,760,-1,749,750,852,-1,852,750,763,-1,852,763,853,-1,853,763,752,-1,853,752,814,-1,795,797,854,-1,835,810,833,-1,833,810,811,-1,833,811,831,-1,795,854,769,-1,769,854,771,-1,769,771,767,-1,753,752,815,-1,815,752,763,-1,815,763,811,-1,811,763,761,-1,783,781,782,-1,807,838,805,-1,805,838,831,-1,805,831,803,-1,850,732,761,-1,761,732,787,-1,761,787,811,-1,811,787,789,-1,811,789,831,-1,791,795,789,-1,789,795,769,-1,789,769,831,-1,831,769,783,-1,831,783,803,-1,803,783,782,-1,803,782,800,-1,847,682,614,-1,614,682,615,-1,848,849,604,-1,604,849,605,-1,730,619,713,-1,713,619,618,-1,582,581,845,-1,845,581,726,-1,852,853,613,-1,613,853,612,-1,850,851,598,-1,598,851,597,-1,585,599,854,-1,854,599,771,-1,588,800,589,-1,589,800,782,-1,838,807,621,-1,621,807,622,-1,629,810,630,-1,630,810,835,-1,204,206,839,-1,839,206,573,-1,586,585,797,-1,797,585,854,-1,799,850,596,-1,596,850,598,-1,595,597,760,-1,760,597,851,-1,749,852,611,-1,611,852,613,-1,610,612,814,-1,814,612,853,-1,813,848,606,-1,606,848,604,-1,679,847,617,-1,617,847,614,-1,607,605,702,-1,702,605,849,-1,824,819,855,-1,855,819,856,-1,856,857,855,-1,855,857,858,-1,855,858,859,-1,859,858,860,-1,860,858,861,-1,860,861,862,-1,862,861,863,-1,862,863,864,-1,864,863,865,-1,864,865,866,-1,866,865,867,-1,866,867,868,-1,867,869,868,-1,868,869,870,-1,868,870,871,-1,870,872,871,-1,871,872,873,-1,871,873,689,-1,689,873,874,-1,689,874,690,-1,862,864,875,-1,670,824,876,-1,876,824,855,-1,876,855,877,-1,877,855,859,-1,877,859,878,-1,878,859,860,-1,878,860,879,-1,879,860,862,-1,879,862,880,-1,880,862,875,-1,864,866,875,-1,875,866,868,-1,875,868,881,-1,881,868,871,-1,881,871,882,-1,882,871,689,-1,882,689,688,-1,697,690,874,-1,697,874,883,-1,883,874,873,-1,883,873,884,-1,873,872,884,-1,884,872,870,-1,884,870,885,-1,870,869,885,-1,885,869,867,-1,885,867,886,-1,867,865,886,-1,886,865,863,-1,886,863,887,-1,863,861,887,-1,887,861,858,-1,887,858,888,-1,888,858,857,-1,888,857,889,-1,889,857,856,-1,889,856,890,-1,890,856,819,-1,890,819,820,-1,891,892,880,-1,880,892,893,-1,880,893,879,-1,879,893,894,-1,879,894,878,-1,878,894,895,-1,878,895,877,-1,877,895,896,-1,877,896,876,-1,876,896,672,-1,876,672,670,-1,880,875,891,-1,891,875,881,-1,891,881,897,-1,897,881,882,-1,897,882,898,-1,898,882,688,-1,898,688,687,-1,697,883,696,-1,696,883,899,-1,899,883,900,-1,900,883,884,-1,900,884,901,-1,901,884,902,-1,902,884,885,-1,902,885,903,-1,903,885,904,-1,904,885,886,-1,904,886,905,-1,820,825,890,-1,890,825,906,-1,890,906,889,-1,889,906,907,-1,889,907,888,-1,888,907,908,-1,888,908,887,-1,887,908,909,-1,887,909,886,-1,886,909,910,-1,886,910,905,-1,911,912,896,-1,896,912,672,-1,672,912,913,-1,672,913,811,-1,896,895,911,-1,911,895,894,-1,911,894,914,-1,914,894,893,-1,914,893,915,-1,915,893,892,-1,891,897,916,-1,916,917,891,-1,891,917,918,-1,891,918,892,-1,892,918,919,-1,892,919,915,-1,898,687,686,-1,686,920,898,-1,898,920,921,-1,898,921,897,-1,897,921,922,-1,897,922,916,-1,923,695,696,-1,696,899,923,-1,923,899,900,-1,923,900,924,-1,900,901,924,-1,924,901,902,-1,924,902,925,-1,902,903,925,-1,925,903,904,-1,925,904,926,-1,926,904,927,-1,904,905,927,-1,927,905,910,-1,927,910,928,-1,928,910,909,-1,928,909,929,-1,929,909,908,-1,929,908,930,-1,906,825,826,-1,930,908,826,-1,826,908,907,-1,826,907,906,-1,914,931,911,-1,911,931,932,-1,911,932,912,-1,912,932,933,-1,912,933,913,-1,913,933,562,-1,913,562,811,-1,934,935,919,-1,919,935,936,-1,919,936,915,-1,915,936,937,-1,915,937,914,-1,914,937,938,-1,914,938,931,-1,919,918,934,-1,934,918,917,-1,934,917,939,-1,939,917,940,-1,922,921,941,-1,917,916,940,-1,940,916,922,-1,940,922,942,-1,942,922,941,-1,921,920,941,-1,941,920,686,-1,941,686,691,-1,925,943,924,-1,924,943,944,-1,924,944,923,-1,923,944,694,-1,923,694,695,-1,826,828,930,-1,930,828,945,-1,930,945,929,-1,929,945,946,-1,929,946,928,-1,928,946,947,-1,928,947,927,-1,927,947,948,-1,927,948,926,-1,926,948,949,-1,926,949,925,-1,925,949,950,-1,925,950,943,-1,44,562,951,-1,951,562,933,-1,951,933,952,-1,933,932,952,-1,952,932,931,-1,952,931,953,-1,953,931,938,-1,953,938,954,-1,954,938,937,-1,954,937,955,-1,955,937,936,-1,955,936,956,-1,936,935,956,-1,956,935,934,-1,956,934,957,-1,934,939,957,-1,957,939,940,-1,957,940,958,-1,691,693,941,-1,941,693,958,-1,941,958,942,-1,942,958,940,-1,950,959,943,-1,943,959,960,-1,943,960,944,-1,944,960,692,-1,944,692,694,-1,828,40,945,-1,945,40,961,-1,945,961,946,-1,946,961,962,-1,946,962,947,-1,947,962,963,-1,947,963,948,-1,948,963,964,-1,948,964,949,-1,949,964,965,-1,949,965,950,-1,950,965,966,-1,950,966,959,-1,40,44,961,-1,961,44,951,-1,961,951,962,-1,951,952,962,-1,962,952,953,-1,962,953,963,-1,963,953,954,-1,963,954,964,-1,964,954,955,-1,964,955,965,-1,965,955,966,-1,955,956,966,-1,966,956,957,-1,966,957,959,-1,959,957,958,-1,959,958,960,-1,960,958,693,-1,960,693,692,-1,
        ]
    }
}
Shape{
    appearance Appearance {
        material  Material 	{
            diffuseColor 0.0 0.0 0.0
            specularColor 0.0 0.0 0.0
            ambientIntensity 0.2
            transparency 0
            shininess 0.5
        }
    }
    geometry IndexedFaceSet {
        ccw TRUE
        solid FALSE
        coord DEF co Coordinate {
            point [
                2.1496 -0.2883 0.2079, 2.1496 -0.2883 0.1988, 2.1457 -0.2883 0.2079, 2.1457 -0.2883 0.1988, 2.1496 -0.3202 0.2079, 2.1457 -0.3202 0.2079, 2.1496 -0.3202 0.2789, 2.1457 -0.3202 0.2789, 2.1496 -0.3305 0.2789, 2.1457 -0.3305 0.2789, 2.1496 -0.3305 0.1988, 2.1457 -0.3305 0.1988, 2.1496 -0.2472 0.1975, 2.1457 -0.2472 0.1975, 2.1457 -0.235 0.1986, 2.1496 -0.235 0.1986, 2.1457 -0.2264 0.2014, 2.1496 -0.2264 0.2014, 2.1457 -0.2251 0.2021, 2.1496 -0.2251 0.2021, 2.1496 -0.2251 0.212, 2.1457 -0.2251 0.212, 2.1457 -0.233 0.2085, 2.1496 -0.233 0.2085, 2.1457 -0.242 0.2068, 2.1496 -0.242 0.2068, 2.1457 -0.2457 0.2067, 2.1496 -0.2457 0.2067, 2.1457 -0.2526 0.2074, 2.1496 -0.2526 0.2074, 2.1457 -0.2586 0.2094, 2.1496 -0.2586 0.2094, 2.1457 -0.264 0.2129, 2.1496 -0.264 0.2129, 2.1457 -0.2663 0.2151, 2.1496 -0.2663 0.2151, 2.1457 -0.2699 0.22, 2.1496 -0.2699 0.22, 2.1457 -0.2726 0.2264, 2.1496 -0.2726 0.2264, 2.1457 -0.274 0.2342, 2.1496 -0.274 0.2342, 2.1457 -0.2742 0.2379, 2.1496 -0.2742 0.2379, 2.1457 -0.2729 0.2489, 2.1496 -0.2729 0.2489, 2.1457 -0.2702 0.2559, 2.1496 -0.2702 0.2559, 2.1457 -0.2663 0.2614, 2.1496 -0.2663 0.2614, 2.1457 -0.2658 0.262, 2.1496 -0.2658 0.262, 2.1457 -0.2609 0.2661, 2.1496 -0.2609 0.2661, 2.1457 -0.2547 0.2692, 2.1496 -0.2547 0.2692, 2.1457 -0.2478 0.2707, 2.1496 -0.2478 0.2707, 2.1457 -0.2439 0.2709, 2.1496 -0.2439 0.2709, 2.1457 -0.2341 0.2697, 2.1496 -0.2341 0.2697, 2.1457 -0.226 0.2666, 2.1496 -0.226 0.2666, 2.1457 -0.2251 0.2662, 2.1496 -0.2251 0.2662, 2.1496 -0.2251 0.277, 2.1457 -0.2251 0.277, 2.1457 -0.244 0.2802, 2.1496 -0.244 0.2802, 2.1457 -0.2355 0.2796, 2.1496 -0.2336 0.2794, 2.1457 -0.2336 0.2794, 2.1457 -0.2496 0.2796, 2.1496 -0.2556 0.2788, 2.1457 -0.2556 0.2788, 2.1457 -0.264 0.2756, 2.1496 -0.264 0.2756, 2.1457 -0.2715 0.2703, 2.1496 -0.2715 0.2703, 2.1457 -0.2735 0.2684, 2.1496 -0.2735 0.2684, 2.1457 -0.2793 0.2609, 2.1457 -0.2814 0.2558, 2.1496 -0.2831 0.252, 2.1496 -0.2793 0.2609, 2.1457 -0.2831 0.252, 2.1457 -0.2849 0.2415, 2.1496 -0.2849 0.2415, 2.1457 -0.285 0.2373, 2.1496 -0.285 0.2373, 2.1457 -0.2834 0.2243, 2.1457 -0.2814 0.2192, 2.1496 -0.2802 0.2159, 2.1496 -0.2834 0.2243, 2.1457 -0.2802 0.2159, 2.1457 -0.2754 0.2091, 2.1496 -0.2754 0.2091, 2.1457 -0.2747 0.2084, 2.1496 -0.2747 0.2084, 2.1457 -0.2683 0.203, 2.1496 -0.2683 0.203, 2.1457 -0.2608 0.1995, 2.1496 -0.2608 0.1995, 2.1457 -0.2521 0.1977, 2.1496 -0.2521 0.1977, 2.1496 -0.166 0.2079, 2.1496 -0.166 0.1988, 2.1457 -0.166 0.2079, 2.1457 -0.166 0.1988, 2.1457 -0.1987 0.2079, 2.1496 -0.1987 0.2079, 2.1457 -0.1771 0.2079, 2.1496 -0.1987 0.2349, 2.1457 -0.1987 0.2349, 2.1496 -0.1701 0.2349, 2.1457 -0.1771 0.2349, 2.1457 -0.1701 0.2349, 2.1496 -0.1701 0.244, 2.1457 -0.1701 0.244, 2.1457 -0.1987 0.244, 2.1496 -0.1987 0.244, 2.1457 -0.1771 0.244, 2.1496 -0.1987 0.2697, 2.1457 -0.1987 0.2697, 2.1496 -0.1678 0.2697, 2.1457 -0.1771 0.2697, 2.1457 -0.1678 0.2697, 2.1496 -0.1678 0.2789, 2.1457 -0.1678 0.2789, 2.1457 -0.209 0.2789, 2.1496 -0.209 0.2789, 2.1457 -0.1771 0.2789, 2.1496 -0.209 0.1988, 2.1457 -0.209 0.1988, 2.1457 -0.1771 0.1988, 2.1496 -0.0977 0.21, 2.1496 -0.106 0.2154, 2.1496 -0.1061 0.204, 2.1496 -0.1112 0.2118, 2.1496 -0.1152 0.2005, 2.1496 -0.1178 0.2093, 2.1496 -0.1288 0.1988, 2.1496 -0.1289 0.2079, 2.1496 -0.1509 0.1988, 2.1496 -0.1405 0.2079, 2.1496 -0.1509 0.2789, 2.1496 -0.1405 0.2697, 2.1496 -0.128 0.2789, 2.1496 -0.1284 0.2697, 2.1496 -0.1275 0.2697, 2.1496 -0.1158 0.2775, 2.1496 -0.1173 0.2683, 2.1496 -0.1061 0.274, 2.1496 -0.1105 0.2657, 2.1496 -0.0977 0.2683, 2.1496 -0.1053 0.2621, 2.1496 -0.0949 0.2655, 2.1496 -0.1031 0.2599, 2.1496 -0.09 0.2585, 2.1496 -0.1 0.2554, 2.1496 -0.087 0.2509, 2.1496 -0.0977 0.2496, 2.1496 -0.0857 0.2399, 2.1496 -0.0965 0.2396, 2.1496 -0.0859 0.2348, 2.1496 -0.0969 0.234, 2.1496 -0.0878 0.2254, 2.1496 -0.0985 0.2268, 2.1496 -0.0918 0.2171, 2.1496 -0.1013 0.2209, 2.1496 -0.1051 0.2163, 2.1457 -0.1288 0.1988, 2.1457 -0.1509 0.1988, 2.1457 -0.0977 0.21, 2.1457 -0.1152 0.2005, 2.1457 -0.1142 0.2009, 2.1457 -0.1061 0.204, 2.1457 -0.0918 0.2171, 2.1457 -0.0878 0.2254, 2.1457 -0.0859 0.2348, 2.1457 -0.0857 0.2399, 2.1457 -0.087 0.2509, 2.1457 -0.09 0.2585, 2.1457 -0.0949 0.2655, 2.1457 -0.0977 0.2683, 2.1457 -0.128 0.2789, 2.1457 -0.1061 0.274, 2.1457 -0.1142 0.2769, 2.1457 -0.1158 0.2775, 2.1457 -0.1509 0.2789, 2.1457 -0.1284 0.2697, 2.1457 -0.1405 0.2697, 2.1457 -0.1405 0.2079, 2.1457 -0.1289 0.2079, 2.1457 -0.1051 0.2163, 2.1457 -0.106 0.2154, 2.1457 -0.1112 0.2118, 2.1457 -0.1178 0.2093, 2.1457 -0.0965 0.2396, 2.1457 -0.0969 0.234, 2.1457 -0.0985 0.2268, 2.1457 -0.1013 0.2209, 2.1457 -0.1053 0.2621, 2.1457 -0.1031 0.2599, 2.1457 -0.1 0.2554, 2.1457 -0.0977 0.2496, 2.1457 -0.1275 0.2697, 2.1457 -0.1173 0.2683, 2.1457 -0.1105 0.2657, 2.1457 -0.1105 0.2657
            ]
        }
        coordIndex [
            0,1,2,-1,2,1,3,-1,4,0,5,-1,5,0,2,-1,6,4,7,-1,7,4,5,-1,8,6,9,-1,9,6,7,-1,10,8,11,-1,11,8,9,-1,1,10,3,-1,3,10,11,-1,6,8,4,-1,4,8,10,-1,4,10,0,-1,0,10,1,-1,12,13,14,-1,12,14,15,-1,15,14,16,-1,15,16,17,-1,17,16,18,-1,17,18,19,-1,20,19,21,-1,21,19,18,-1,20,21,22,-1,20,22,23,-1,23,22,24,-1,23,24,25,-1,25,24,26,-1,25,26,27,-1,27,26,28,-1,27,28,29,-1,29,28,30,-1,29,30,31,-1,31,30,32,-1,31,32,33,-1,33,32,34,-1,33,34,35,-1,35,34,36,-1,35,36,37,-1,37,36,38,-1,37,38,39,-1,39,38,40,-1,39,40,41,-1,41,40,42,-1,41,42,43,-1,43,42,44,-1,43,44,45,-1,45,44,46,-1,45,46,47,-1,47,46,48,-1,47,48,49,-1,49,48,50,-1,49,50,51,-1,51,50,52,-1,51,52,53,-1,53,52,54,-1,53,54,55,-1,55,54,56,-1,55,56,57,-1,57,56,58,-1,57,58,59,-1,59,58,60,-1,59,60,61,-1,61,60,62,-1,61,62,63,-1,63,62,64,-1,63,64,65,-1,66,65,67,-1,67,65,64,-1,68,69,70,-1,70,69,71,-1,70,71,72,-1,72,71,66,-1,72,66,67,-1,69,68,73,-1,69,73,74,-1,73,75,74,-1,74,75,76,-1,74,76,77,-1,77,76,78,-1,77,78,79,-1,79,78,80,-1,79,80,81,-1,81,80,82,-1,83,84,82,-1,82,84,85,-1,82,85,81,-1,83,86,84,-1,84,86,87,-1,84,87,88,-1,88,87,89,-1,88,89,90,-1,90,89,91,-1,92,93,91,-1,91,93,94,-1,91,94,90,-1,92,95,93,-1,93,95,96,-1,93,96,97,-1,97,96,98,-1,97,98,99,-1,99,98,100,-1,99,100,101,-1,101,100,102,-1,101,102,103,-1,103,102,104,-1,103,104,105,-1,105,104,13,-1,105,13,12,-1,53,55,74,-1,45,47,85,-1,85,47,81,-1,74,55,69,-1,90,43,88,-1,88,43,45,-1,88,45,84,-1,84,45,85,-1,55,57,69,-1,69,57,59,-1,69,59,71,-1,71,59,61,-1,71,61,66,-1,66,61,63,-1,66,63,65,-1,19,20,17,-1,17,20,23,-1,17,23,15,-1,15,23,25,-1,15,25,12,-1,12,25,27,-1,12,27,105,-1,105,27,29,-1,105,29,103,-1,103,29,31,-1,103,31,101,-1,101,31,33,-1,101,33,99,-1,99,33,35,-1,99,35,97,-1,97,35,37,-1,97,37,93,-1,93,37,94,-1,94,37,39,-1,94,39,90,-1,90,39,41,-1,90,41,43,-1,47,49,81,-1,81,49,51,-1,81,51,79,-1,79,51,53,-1,79,53,77,-1,77,53,74,-1,106,107,108,-1,108,107,109,-1,110,111,112,-1,112,111,106,-1,112,106,108,-1,113,111,114,-1,114,111,110,-1,113,114,115,-1,115,114,116,-1,115,116,117,-1,118,115,119,-1,119,115,117,-1,120,121,122,-1,122,121,118,-1,122,118,119,-1,123,121,124,-1,124,121,120,-1,123,124,125,-1,125,124,126,-1,125,126,127,-1,128,125,129,-1,129,125,127,-1,130,131,132,-1,132,131,128,-1,132,128,129,-1,133,131,134,-1,134,131,130,-1,133,134,107,-1,107,134,135,-1,107,135,109,-1,133,107,106,-1,106,111,133,-1,133,111,113,-1,133,113,131,-1,125,128,123,-1,123,128,131,-1,123,131,121,-1,121,131,113,-1,121,113,118,-1,118,113,115,-1,136,137,138,-1,138,137,139,-1,138,139,140,-1,140,139,141,-1,140,141,142,-1,142,141,143,-1,142,143,144,-1,144,143,145,-1,144,145,146,-1,146,145,147,-1,146,147,148,-1,147,149,148,-1,148,149,150,-1,148,150,151,-1,151,150,152,-1,151,152,153,-1,153,152,154,-1,153,154,155,-1,155,154,156,-1,155,156,157,-1,157,156,158,-1,157,158,159,-1,159,158,160,-1,159,160,161,-1,161,160,162,-1,161,162,163,-1,163,162,164,-1,163,164,165,-1,165,164,166,-1,165,166,167,-1,167,166,168,-1,167,168,169,-1,169,168,170,-1,169,170,136,-1,136,170,171,-1,136,171,137,-1,142,144,172,-1,172,144,173,-1,174,136,138,-1,142,172,175,-1,142,175,140,-1,140,175,176,-1,140,176,138,-1,138,176,177,-1,138,177,174,-1,136,174,178,-1,136,178,169,-1,169,178,179,-1,169,179,167,-1,167,179,180,-1,167,180,165,-1,165,180,181,-1,165,181,163,-1,163,181,182,-1,163,182,161,-1,161,182,183,-1,161,183,159,-1,159,183,184,-1,159,184,157,-1,157,184,185,-1,157,185,155,-1,186,148,151,-1,155,185,187,-1,155,187,153,-1,153,187,188,-1,153,188,151,-1,151,188,189,-1,151,189,186,-1,146,148,190,-1,190,148,186,-1,144,146,173,-1,173,146,190,-1,149,147,191,-1,191,147,192,-1,147,145,192,-1,192,145,193,-1,145,143,193,-1,193,143,194,-1,171,195,196,-1,171,196,137,-1,137,196,197,-1,137,197,139,-1,139,197,198,-1,139,198,141,-1,141,198,194,-1,141,194,143,-1,164,199,200,-1,164,200,166,-1,166,200,201,-1,166,201,168,-1,168,201,202,-1,168,202,170,-1,170,202,195,-1,170,195,171,-1,156,203,204,-1,156,204,158,-1,158,204,205,-1,158,205,160,-1,160,205,206,-1,160,206,162,-1,162,206,199,-1,162,199,164,-1,149,191,207,-1,149,207,150,-1,150,207,208,-1,150,208,152,-1,152,208,209,-1,152,209,154,-1,154,209,203,-1,154,203,156,-1,
        ]
    }
}
Shape{
    appearance Appearance {
        material  Material 	{
            diffuseColor 0.996078431372549 0.8705882352941177 0.7607843137254902
            specularColor 0.4980392156862745 0.43529411764705883 0.3803921568627451
            ambientIntensity 0.2
            transparency 0
            shininess 0.5
        }
    }
    geometry IndexedFaceSet {
        ccw TRUE
        solid FALSE
        coord DEF co Coordinate {
            point [
                2.1457 -0.1112 0.2118, 2.1457 -0.106 0.2154, 2.1457 -0.1275 0.2697, 2.1457 -0.1405 0.2697, 2.1457 -0.1405 0.2079, 2.1457 -0.1284 0.2697, 2.1457 -0.1289 0.2079, 2.1457 -0.1178 0.2093, 2.1457 -0.1051 0.2163, 2.1457 -0.1013 0.2209, 2.1457 -0.0985 0.2268, 2.1457 -0.0965 0.2396, 2.1457 -0.1053 0.2621, 2.1457 -0.1105 0.2657, 2.1457 -0.0977 0.2496, 2.1457 -0.1 0.2554, 2.1457 -0.1031 0.2599, 2.1457 -0.0969 0.234, 2.1457 -0.1173 0.2683, 2.1457 -0.1173 0.2683
            ]
        }
        coordIndex [
            0,1,2,-1,3,4,5,-1,5,4,6,-1,5,6,2,-1,2,6,7,-1,2,7,0,-1,1,8,2,-1,2,8,9,-1,2,9,10,-1,11,12,13,-1,14,15,11,-1,11,15,16,-1,11,16,12,-1,10,17,2,-1,2,17,11,-1,2,11,18,-1,18,11,13,-1,
        ]
    }
}
Shape{
    appearance Appearance {
        material  Material 	{
            diffuseColor 0.0 0.0 0.0
            specularColor 0.0 0.0 0.0
            ambientIntensity 0.2
            transparency 0
            shininess 0.5
        }
    }
    geometry IndexedFaceSet {
        ccw TRUE
        solid FALSE
        coord DEF co Coordinate {
            point [
                2.1496 -0.0588 0.2298, 2.1496 -0.0621 0.2207, 2.1496 -0.032 0.2298, 2.1496 -0.0288 0.2207, 2.1496 -0.0469 0.263, 2.1496 -0.0507 0.2789, 2.1496 -0.0812 0.1988, 2.1496 -0.0698 0.1988, 2.1496 -0.0462 0.2654, 2.1496 -0.0456 0.2686, 2.1496 -0.0397 0.2789, 2.1496 -0.0453 0.2686, 2.1496 -0.0447 0.2653, 2.1496 -0.0441 0.263, 2.1496 -0.0092 0.1988, 2.1496 -0.0206 0.1988, 2.1457 -0.0397 0.2789, 2.1457 -0.0092 0.1988, 2.1457 -0.0507 0.2789, 2.1457 -0.0812 0.1988, 2.1457 -0.0581 0.2594, 2.1457 -0.0698 0.1988, 2.1457 -0.0621 0.2207, 2.1457 -0.0288 0.2207, 2.1457 -0.0581 0.2207, 2.1457 -0.0206 0.1988, 2.1457 -0.0588 0.2298, 2.1457 -0.032 0.2298, 2.1457 -0.0441 0.263, 2.1457 -0.0453 0.2686, 2.1457 -0.0447 0.2653, 2.1457 -0.0456 0.2686, 2.1457 -0.0469 0.263, 2.1457 -0.0462 0.2654, 2.1457 -0.0462 0.2654
            ]
        }
        coordIndex [
            0,1,2,-1,2,1,3,-1,4,5,0,-1,0,5,6,-1,0,6,1,-1,1,6,7,-1,4,8,5,-1,5,8,9,-1,5,9,10,-1,10,9,11,-1,10,11,12,-1,12,13,10,-1,10,13,2,-1,10,2,14,-1,14,2,3,-1,14,3,15,-1,10,14,16,-1,16,14,17,-1,5,10,18,-1,18,10,16,-1,19,6,20,-1,20,6,5,-1,20,5,18,-1,7,6,21,-1,21,6,19,-1,1,7,22,-1,22,7,21,-1,23,3,24,-1,24,3,1,-1,24,1,22,-1,15,3,25,-1,25,3,23,-1,14,15,17,-1,17,15,25,-1,0,2,26,-1,26,2,27,-1,2,13,27,-1,27,13,28,-1,11,29,30,-1,11,30,12,-1,12,30,28,-1,12,28,13,-1,11,9,29,-1,29,9,31,-1,4,32,33,-1,4,33,8,-1,8,33,31,-1,8,31,9,-1,4,0,32,-1,32,0,26,-1,
        ]
    }
}
Shape{
    appearance Appearance {
        material  Material 	{
            diffuseColor 0.996078431372549 0.8705882352941177 0.7607843137254902
            specularColor 0.4980392156862745 0.43529411764705883 0.3803921568627451
            ambientIntensity 0.2
            transparency 0
            shininess 0.5
        }
    }
    geometry IndexedFaceSet {
        ccw TRUE
        solid FALSE
        coord DEF co Coordinate {
            point [
                2.1457 -0.0453 0.2686, 2.1457 -0.0456 0.2686, 2.1457 -0.0447 0.2653, 2.1457 -0.0462 0.2654, 2.1457 -0.0441 0.263, 2.1457 -0.0469 0.263, 2.1457 -0.032 0.2298, 2.1457 -0.0588 0.2298, 2.1457 -0.0588 0.2298
            ]
        }
        coordIndex [
            0,1,2,-1,2,1,3,-1,2,3,4,-1,4,3,5,-1,4,5,6,-1,6,5,7,-1,
        ]
    }
}
Shape{
    appearance Appearance {
        material  Material 	{
            diffuseColor 0.0 0.0 0.0
            specularColor 0.0 0.0 0.0
            ambientIntensity 0.2
            transparency 0
            shininess 0.5
        }
    }
    geometry IndexedFaceSet {
        ccw TRUE
        solid FALSE
        coord DEF co Coordinate {
            point [
                2.1496 -0.2875 0.0809, 2.1496 -0.2875 0.0718, 2.1457 -0.2875 0.0809, 2.1457 -0.2875 0.0718, 2.1496 -0.3202 0.0809, 2.1457 -0.3202 0.0809, 2.1496 -0.3202 0.1079, 2.1457 -0.3202 0.1079, 2.1496 -0.2916 0.1079, 2.1457 -0.2916 0.1079, 2.1496 -0.2916 0.117, 2.1457 -0.2916 0.117, 2.1496 -0.3202 0.117, 2.1457 -0.3202 0.117, 2.1496 -0.3202 0.1427, 2.1457 -0.3202 0.1427, 2.1496 -0.2893 0.1427, 2.1457 -0.2893 0.1427, 2.1496 -0.2893 0.1519, 2.1457 -0.2893 0.1519, 2.1496 -0.3305 0.1519, 2.1457 -0.3305 0.1519, 2.1496 -0.3305 0.0718, 2.1457 -0.3305 0.0718, 2.1496 -0.2422 0.0806, 2.1496 -0.2419 0.0806, 2.1496 -0.2426 0.0899, 2.1496 -0.2419 0.0718, 2.1496 -0.2319 0.0718, 2.1496 -0.2319 0.1086, 2.1496 -0.2419 0.0943, 2.1496 -0.2705 0.1019, 2.1496 -0.2736 0.0993, 2.1496 -0.2662 0.0937, 2.1496 -0.2419 0.1081, 2.1496 -0.2423 0.1126, 2.1496 -0.2326 0.1159, 2.1496 -0.2433 0.1161, 2.1496 -0.2342 0.1205, 2.1496 -0.2445 0.1182, 2.1496 -0.2362 0.1238, 2.1496 -0.246 0.1198, 2.1496 -0.2388 0.1264, 2.1496 -0.2478 0.121, 2.1496 -0.2421 0.1284, 2.1496 -0.2501 0.1218, 2.1496 -0.2463 0.1297, 2.1496 -0.2535 0.1221, 2.1496 -0.2526 0.1303, 2.1496 -0.2602 0.1214, 2.1496 -0.2627 0.1291, 2.1496 -0.2665 0.119, 2.1496 -0.2702 0.1262, 2.1496 -0.2723 0.1152, 2.1496 -0.2723 0.125, 2.1496 -0.2441 0.0863, 2.1496 -0.2462 0.0833, 2.1496 -0.2447 0.0771, 2.1496 -0.2475 0.0821, 2.1496 -0.248 0.074, 2.1496 -0.2503 0.0802, 2.1496 -0.2501 0.0727, 2.1496 -0.2534 0.0791, 2.1496 -0.2541 0.0711, 2.1496 -0.2571 0.0787, 2.1496 -0.2597 0.0704, 2.1496 -0.2605 0.0791, 2.1496 -0.2657 0.0711, 2.1496 -0.2628 0.0799, 2.1496 -0.2696 0.0726, 2.1496 -0.2648 0.0812, 2.1496 -0.2729 0.0749, 2.1496 -0.2656 0.0821, 2.1496 -0.2671 0.0918, 2.1496 -0.2757 0.0964, 2.1496 -0.2676 0.0895, 2.1496 -0.265 0.0952, 2.1496 -0.2641 0.0959, 2.1496 -0.266 0.1041, 2.1496 -0.2621 0.097, 2.1496 -0.2589 0.1058, 2.1496 -0.2553 0.0987, 2.1496 -0.2419 0.1005, 2.1496 -0.2419 0.095, 2.1496 -0.2771 0.0929, 2.1496 -0.2778 0.0887, 2.1496 -0.2677 0.0879, 2.1496 -0.2779 0.0871, 2.1496 -0.2674 0.0856, 2.1496 -0.2774 0.0825, 2.1496 -0.2668 0.0838, 2.1496 -0.2761 0.0791, 2.1496 -0.2741 0.0761, 2.1457 -0.2526 0.1303, 2.1457 -0.2627 0.1291, 2.1457 -0.2702 0.1262, 2.1457 -0.2723 0.125, 2.1457 -0.2723 0.1152, 2.1457 -0.2665 0.119, 2.1457 -0.2602 0.1214, 2.1457 -0.2535 0.1221, 2.1457 -0.2501 0.1218, 2.1457 -0.2478 0.121, 2.1457 -0.246 0.1198, 2.1457 -0.2445 0.1182, 2.1457 -0.2433 0.1161, 2.1457 -0.2423 0.1126, 2.1457 -0.2419 0.1081, 2.1457 -0.2589 0.1058, 2.1457 -0.266 0.1041, 2.1457 -0.2705 0.1019, 2.1457 -0.2736 0.0993, 2.1457 -0.2757 0.0964, 2.1457 -0.2771 0.0929, 2.1457 -0.2778 0.0887, 2.1457 -0.2779 0.0871, 2.1457 -0.2774 0.0825, 2.1457 -0.2761 0.0791, 2.1457 -0.2741 0.0761, 2.1457 -0.2729 0.0749, 2.1457 -0.2597 0.0704, 2.1457 -0.2655 0.0711, 2.1457 -0.2657 0.0711, 2.1457 -0.2696 0.0726, 2.1457 -0.2542 0.0711, 2.1457 -0.2541 0.0711, 2.1457 -0.2501 0.0727, 2.1457 -0.248 0.074, 2.1457 -0.2447 0.0771, 2.1457 -0.2422 0.0806, 2.1457 -0.2419 0.0806, 2.1457 -0.2419 0.0718, 2.1457 -0.2319 0.0718, 2.1457 -0.2319 0.1086, 2.1457 -0.2326 0.1159, 2.1457 -0.2342 0.1205, 2.1457 -0.2362 0.1238, 2.1457 -0.2388 0.1264, 2.1457 -0.2421 0.1284, 2.1457 -0.2463 0.1297, 2.1457 -0.265 0.0952, 2.1457 -0.2641 0.0959, 2.1457 -0.2621 0.097, 2.1457 -0.2553 0.0987, 2.1457 -0.2677 0.0879, 2.1457 -0.2676 0.0895, 2.1457 -0.2671 0.0918, 2.1457 -0.2662 0.0937, 2.1457 -0.2648 0.0812, 2.1457 -0.2656 0.0821, 2.1457 -0.2668 0.0838, 2.1457 -0.2674 0.0856, 2.1457 -0.2571 0.0787, 2.1457 -0.2605 0.0791, 2.1457 -0.2628 0.0799, 2.1457 -0.2462 0.0833, 2.1457 -0.2475 0.0821, 2.1457 -0.2503 0.0802, 2.1457 -0.2534 0.0791, 2.1457 -0.2419 0.095, 2.1457 -0.2419 0.0943, 2.1457 -0.2426 0.0899, 2.1457 -0.2441 0.0863, 2.1457 -0.2419 0.1005, 2.1457 -0.2419 0.1005
            ]
        }
        coordIndex [
            0,1,2,-1,2,1,3,-1,4,0,5,-1,5,0,2,-1,6,4,7,-1,7,4,5,-1,8,6,9,-1,9,6,7,-1,10,8,11,-1,11,8,9,-1,12,10,13,-1,13,10,11,-1,14,12,15,-1,15,12,13,-1,16,14,17,-1,17,14,15,-1,18,16,19,-1,19,16,17,-1,20,18,21,-1,21,18,19,-1,22,20,23,-1,23,20,21,-1,1,22,3,-1,3,22,23,-1,1,0,22,-1,22,0,4,-1,8,10,6,-1,6,10,12,-1,16,18,14,-1,14,18,20,-1,14,20,12,-1,12,20,22,-1,12,22,6,-1,6,22,4,-1,24,25,26,-1,27,28,25,-1,25,28,29,-1,25,29,26,-1,26,29,30,-1,31,32,33,-1,34,29,35,-1,35,29,36,-1,35,36,37,-1,37,36,38,-1,37,38,39,-1,39,38,40,-1,39,40,41,-1,41,40,42,-1,41,42,43,-1,43,42,44,-1,43,44,45,-1,45,44,46,-1,45,46,47,-1,47,46,48,-1,47,48,49,-1,49,48,50,-1,49,50,51,-1,51,50,52,-1,51,52,53,-1,53,52,54,-1,26,55,24,-1,24,55,56,-1,24,56,57,-1,57,56,58,-1,57,58,59,-1,59,58,60,-1,59,60,61,-1,61,60,62,-1,61,62,63,-1,63,62,64,-1,63,64,65,-1,65,64,66,-1,65,66,67,-1,67,66,68,-1,67,68,69,-1,69,68,70,-1,69,70,71,-1,71,70,72,-1,33,32,73,-1,73,32,74,-1,73,74,75,-1,33,76,31,-1,31,76,77,-1,31,77,78,-1,78,77,79,-1,78,79,80,-1,80,79,81,-1,80,81,34,-1,34,81,82,-1,34,82,29,-1,29,82,83,-1,29,83,30,-1,74,84,75,-1,75,84,85,-1,75,85,86,-1,86,85,87,-1,86,87,88,-1,88,87,89,-1,88,89,90,-1,90,89,91,-1,90,91,72,-1,72,91,92,-1,72,92,71,-1,48,93,94,-1,48,94,50,-1,50,94,95,-1,50,95,52,-1,52,95,96,-1,52,96,54,-1,53,54,97,-1,97,54,96,-1,53,97,98,-1,53,98,51,-1,51,98,99,-1,51,99,49,-1,49,99,100,-1,49,100,47,-1,47,100,101,-1,47,101,45,-1,45,101,102,-1,45,102,43,-1,43,102,103,-1,43,103,41,-1,41,103,104,-1,41,104,39,-1,39,104,105,-1,39,105,37,-1,37,105,106,-1,37,106,35,-1,35,106,107,-1,35,107,34,-1,80,34,108,-1,108,34,107,-1,80,108,109,-1,80,109,78,-1,78,109,110,-1,78,110,31,-1,31,110,111,-1,31,111,32,-1,32,111,112,-1,32,112,74,-1,74,112,113,-1,74,113,84,-1,84,113,114,-1,84,114,85,-1,85,114,115,-1,85,115,87,-1,87,115,116,-1,87,116,89,-1,89,116,117,-1,89,117,91,-1,91,117,118,-1,91,118,92,-1,92,118,119,-1,92,119,71,-1,120,65,121,-1,121,65,67,-1,121,67,122,-1,122,67,69,-1,122,69,123,-1,123,69,71,-1,123,71,119,-1,120,124,65,-1,65,124,63,-1,124,125,63,-1,63,125,126,-1,63,126,61,-1,61,126,127,-1,61,127,59,-1,59,127,128,-1,59,128,57,-1,57,128,129,-1,57,129,24,-1,25,24,130,-1,130,24,129,-1,27,25,131,-1,131,25,130,-1,28,27,132,-1,132,27,131,-1,29,28,133,-1,133,28,132,-1,29,133,134,-1,29,134,36,-1,36,134,135,-1,36,135,38,-1,38,135,136,-1,38,136,40,-1,40,136,137,-1,40,137,42,-1,42,137,138,-1,42,138,44,-1,44,138,139,-1,44,139,46,-1,46,139,93,-1,46,93,48,-1,76,140,141,-1,76,141,77,-1,77,141,142,-1,77,142,79,-1,79,142,143,-1,79,143,81,-1,86,144,145,-1,86,145,75,-1,75,145,146,-1,75,146,73,-1,73,146,147,-1,73,147,33,-1,33,147,140,-1,33,140,76,-1,70,148,149,-1,70,149,72,-1,72,149,150,-1,72,150,90,-1,90,150,151,-1,90,151,88,-1,88,151,144,-1,88,144,86,-1,64,152,153,-1,64,153,66,-1,66,153,154,-1,66,154,68,-1,68,154,148,-1,68,148,70,-1,56,155,156,-1,56,156,58,-1,58,156,157,-1,58,157,60,-1,60,157,158,-1,60,158,62,-1,62,158,152,-1,62,152,64,-1,83,159,160,-1,83,160,30,-1,30,160,161,-1,30,161,26,-1,26,161,162,-1,26,162,55,-1,55,162,155,-1,55,155,56,-1,83,82,159,-1,159,82,163,-1,82,81,163,-1,163,81,143,-1,
        ]
    }
}
Shape{
    appearance Appearance {
        material  Material 	{
            diffuseColor 0.996078431372549 0.8705882352941177 0.7607843137254902
            specularColor 0.4980392156862745 0.43529411764705883 0.3803921568627451
            ambientIntensity 0.2
            transparency 0
            shininess 0.5
        }
    }
    geometry IndexedFaceSet {
        ccw TRUE
        solid FALSE
        coord DEF co Coordinate {
            point [
                2.1457 -0.2419 0.0943, 2.1457 -0.2419 0.095, 2.1457 -0.265 0.0952, 2.1457 -0.2419 0.1005, 2.1457 -0.2553 0.0987, 2.1457 -0.2621 0.097, 2.1457 -0.2641 0.0959, 2.1457 -0.2426 0.0899, 2.1457 -0.2662 0.0937, 2.1457 -0.2441 0.0863, 2.1457 -0.2656 0.0821, 2.1457 -0.2648 0.0812, 2.1457 -0.2475 0.0821, 2.1457 -0.2668 0.0838, 2.1457 -0.2503 0.0802, 2.1457 -0.2534 0.0791, 2.1457 -0.2571 0.0787, 2.1457 -0.2671 0.0918, 2.1457 -0.2676 0.0895, 2.1457 -0.2462 0.0833, 2.1457 -0.2677 0.0879, 2.1457 -0.2674 0.0856, 2.1457 -0.2628 0.0799, 2.1457 -0.2605 0.0791, 2.1457 -0.2605 0.0791
            ]
        }
        coordIndex [
            0,1,2,-1,1,3,4,-1,4,5,1,-1,1,5,6,-1,1,6,2,-1,0,2,7,-1,7,2,8,-1,7,8,9,-1,10,11,12,-1,10,12,13,-1,14,12,15,-1,15,12,16,-1,8,17,9,-1,9,17,18,-1,9,18,19,-1,19,18,20,-1,19,20,12,-1,12,20,21,-1,12,21,13,-1,11,22,12,-1,12,22,23,-1,12,23,16,-1,
        ]
    }
}
Shape{
    appearance Appearance {
        material  Material 	{
            diffuseColor 0.0 0.0 0.0
            specularColor 0.0 0.0 0.0
            ambientIntensity 0.2
            transparency 0
            shininess 0.5
        }
    }
    geometry IndexedFaceSet {
        ccw TRUE
        solid FALSE
        coord DEF co Coordinate {
            point [
                2.1457 -0.2183 0.0842, 2.1496 -0.2183 0.0842, 2.1496 -0.2142 0.0816, 2.1496 -0.2018 0.0786, 2.1457 -0.2018 0.0786, 2.1457 -0.2079 0.0793, 2.1496 -0.2079 0.0793, 2.1457 -0.2137 0.0814, 2.1457 -0.2142 0.0816, 2.1496 -0.2183 0.0738, 2.1457 -0.2183 0.0738, 2.1457 -0.2137 0.0721, 2.1496 -0.2123 0.0716, 2.1457 -0.2028 0.0704, 2.1496 -0.2028 0.0704, 2.1457 -0.2085 0.0711, 2.1457 -0.2123 0.0716, 2.1496 -0.1938 0.0715, 2.1457 -0.1971 0.0711, 2.1457 -0.1938 0.0715, 2.1457 -0.1885 0.0735, 2.1496 -0.1885 0.0735, 2.1457 -0.1861 0.075, 2.1496 -0.1861 0.075, 2.1457 -0.1833 0.0775, 2.1496 -0.1833 0.0775, 2.1457 -0.1814 0.0801, 2.1496 -0.1814 0.0801, 2.1457 -0.1802 0.0833, 2.1496 -0.1802 0.0833, 2.1457 -0.1797 0.0873, 2.1496 -0.1797 0.0873, 2.1457 -0.1801 0.0911, 2.1496 -0.1801 0.0911, 2.1457 -0.1812 0.094, 2.1496 -0.1812 0.094, 2.1457 -0.1831 0.0968, 2.1496 -0.1831 0.0968, 2.1457 -0.1854 0.0989, 2.1496 -0.1854 0.0989, 2.1457 -0.1921 0.1026, 2.1496 -0.1921 0.1026, 2.1457 -0.196 0.1042, 2.1496 -0.196 0.1042, 2.1457 -0.2022 0.1069, 2.1496 -0.2022 0.1069, 2.1457 -0.2057 0.1091, 2.1496 -0.2057 0.1091, 2.1457 -0.2067 0.1102, 2.1496 -0.2067 0.1102, 2.1457 -0.2074 0.1116, 2.1496 -0.2074 0.1116, 2.1457 -0.2078 0.1131, 2.1496 -0.2078 0.1131, 2.1457 -0.2079 0.1144, 2.1496 -0.2079 0.1144, 2.1457 -0.2077 0.116, 2.1496 -0.2077 0.116, 2.1457 -0.2072 0.1174, 2.1496 -0.2072 0.1174, 2.1457 -0.2064 0.1187, 2.1496 -0.2064 0.1187, 2.1457 -0.2049 0.12, 2.1496 -0.2049 0.12, 2.1457 -0.2026 0.1212, 2.1496 -0.2026 0.1212, 2.1457 -0.1999 0.1219, 2.1496 -0.1999 0.1219, 2.1457 -0.197 0.1221, 2.1496 -0.197 0.1221, 2.1457 -0.1906 0.1215, 2.1496 -0.1906 0.1215, 2.1457 -0.185 0.1194, 2.1496 -0.185 0.1194, 2.1457 -0.1824 0.118, 2.1496 -0.1824 0.118, 2.1496 -0.1824 0.1278, 2.1457 -0.1824 0.1278, 2.1457 -0.189 0.1297, 2.1496 -0.189 0.1297, 2.1457 -0.196 0.1303, 2.1496 -0.196 0.1303, 2.1457 -0.2029 0.1296, 2.1496 -0.2029 0.1296, 2.1457 -0.2085 0.1277, 2.1496 -0.2085 0.1277, 2.1457 -0.2118 0.1257, 2.1496 -0.2118 0.1257, 2.1457 -0.2137 0.1241, 2.1496 -0.2148 0.1231, 2.1457 -0.2148 0.1231, 2.1457 -0.2167 0.1204, 2.1496 -0.2167 0.1204, 2.1457 -0.2179 0.1171, 2.1496 -0.2179 0.1171, 2.1457 -0.2183 0.1135, 2.1496 -0.2183 0.1135, 2.1457 -0.2178 0.1097, 2.1496 -0.2178 0.1097, 2.1457 -0.2167 0.1066, 2.1496 -0.2167 0.1066, 2.1457 -0.2154 0.1045, 2.1496 -0.2154 0.1045, 2.1457 -0.2031 0.0969, 2.1496 -0.2031 0.0969, 2.1496 -0.209 0.0997, 2.1457 -0.2138 0.1028, 2.1496 -0.2138 0.1028, 2.1457 -0.2137 0.1027, 2.1457 -0.209 0.0997, 2.1457 -0.1965 0.0942, 2.1496 -0.1965 0.0942, 2.1457 -0.1926 0.0918, 2.1496 -0.1926 0.0918, 2.1457 -0.1913 0.0905, 2.1496 -0.1913 0.0905, 2.1457 -0.1905 0.0892, 2.1496 -0.1905 0.0892, 2.1457 -0.1901 0.0876, 2.1496 -0.1901 0.0876, 2.1457 -0.19 0.0864, 2.1496 -0.19 0.0864, 2.1457 -0.1902 0.0845, 2.1496 -0.1902 0.0845, 2.1457 -0.1907 0.083, 2.1496 -0.1907 0.083, 2.1457 -0.1916 0.0817, 2.1496 -0.1916 0.0817, 2.1457 -0.1927 0.0807, 2.1496 -0.1927 0.0807, 2.1457 -0.1936 0.0802, 2.1496 -0.1936 0.0802, 2.1457 -0.1962 0.0792, 2.1496 -0.1962 0.0792, 2.1457 -0.2014 0.0786, 2.1496 -0.2014 0.0786, 2.1496 -0.13 0.129, 2.1496 -0.1196 0.129, 2.1457 -0.13 0.129, 2.1457 -0.1196 0.129, 2.1496 -0.1456 0.0859, 2.1457 -0.1456 0.0859, 2.1457 -0.1464 0.0832, 2.1496 -0.1464 0.0832, 2.1457 -0.1468 0.0813, 2.1496 -0.1468 0.0813, 2.1496 -0.1471 0.0813, 2.1457 -0.1471 0.0813, 2.1496 -0.1483 0.086, 2.1457 -0.1483 0.086, 2.1457 -0.1633 0.129, 2.1496 -0.1633 0.129, 2.1457 -0.1584 0.1151, 2.1496 -0.1745 0.129, 2.1457 -0.1745 0.129, 2.1457 -0.152 0.0719, 2.1496 -0.152 0.0719, 2.1457 -0.1584 0.0881, 2.1457 -0.1564 0.0615, 2.1496 -0.1564 0.0615, 2.1457 -0.1524 0.0711, 2.1457 -0.1584 0.0579, 2.1496 -0.1584 0.0579, 2.1457 -0.1584 0.0579, 2.1457 -0.1603 0.0558, 2.1496 -0.1603 0.0558, 2.1457 -0.162 0.0546, 2.1496 -0.162 0.0546, 2.1457 -0.1642 0.0538, 2.1496 -0.1642 0.0538, 2.1457 -0.1667 0.0535, 2.1496 -0.1667 0.0535, 2.1457 -0.1704 0.0539, 2.1496 -0.1704 0.0539, 2.1457 -0.1724 0.0546, 2.1496 -0.1724 0.0546, 2.1496 -0.1724 0.0457, 2.1457 -0.1724 0.0457, 2.1457 -0.1682 0.0449, 2.1496 -0.1682 0.0449, 2.1457 -0.1659 0.0449, 2.1496 -0.1659 0.0449, 2.1457 -0.1619 0.0453, 2.1496 -0.1619 0.0453, 2.1457 -0.1584 0.0466, 2.1496 -0.1579 0.0468, 2.1457 -0.1579 0.0468, 2.1457 -0.1544 0.0493, 2.1496 -0.1544 0.0493, 2.1457 -0.1537 0.0499, 2.1496 -0.1537 0.0499, 2.1457 -0.1501 0.0543, 2.1496 -0.1501 0.0543, 2.1457 -0.1455 0.0632, 2.1496 -0.1455 0.0632, 2.1457 -0.1424 0.0711, 2.1496 -0.0657 0.0809, 2.1496 -0.0657 0.0718, 2.1457 -0.0657 0.0809, 2.1457 -0.0657 0.0718, 2.1457 -0.0984 0.0809, 2.1496 -0.0984 0.0809, 2.1457 -0.0834 0.0809, 2.1496 -0.0984 0.1079, 2.1457 -0.0984 0.1079, 2.1457 -0.0698 0.1079, 2.1496 -0.0698 0.1079, 2.1457 -0.0834 0.1079, 2.1496 -0.0698 0.117, 2.1457 -0.0698 0.117, 2.1457 -0.0984 0.117, 2.1496 -0.0984 0.117, 2.1457 -0.0834 0.117, 2.1496 -0.0984 0.1427, 2.1457 -0.0984 0.1427, 2.1457 -0.0675 0.1427, 2.1496 -0.0675 0.1427, 2.1457 -0.0834 0.1427, 2.1496 -0.0675 0.1519, 2.1457 -0.0675 0.1519, 2.1457 -0.1088 0.1519, 2.1496 -0.1088 0.1519, 2.1457 -0.0834 0.1519, 2.1496 -0.1088 0.0718, 2.1457 -0.1088 0.0718, 2.1457 -0.0834 0.0718, 2.1496 0.0025 0.083, 2.1496 -0.0058 0.0884, 2.1496 -0.0058 0.077, 2.1496 -0.0109 0.0848, 2.1496 -0.015 0.0734, 2.1496 -0.0175 0.0822, 2.1496 -0.0286 0.0718, 2.1496 -0.0286 0.0809, 2.1496 -0.0506 0.0718, 2.1496 -0.0403 0.0809, 2.1496 -0.0506 0.1519, 2.1496 -0.0403 0.1427, 2.1496 -0.0277 0.1519, 2.1496 -0.0282 0.1427, 2.1496 -0.0272 0.1426, 2.1496 -0.0155 0.1505, 2.1496 -0.017 0.1413, 2.1496 -0.0059 0.147, 2.1496 -0.0102 0.1387, 2.1496 0.0025 0.1413, 2.1496 -0.005 0.1351, 2.1496 0.0054 0.1385, 2.1496 -0.0028 0.1329, 2.1496 0.0103 0.1315, 2.1496 0.0003 0.1284, 2.1496 0.0133 0.1239, 2.1496 0.0025 0.1226, 2.1496 0.0146 0.1128, 2.1496 0.0037 0.1126, 2.1496 0.0144 0.1077, 2.1496 0.0034 0.107, 2.1496 0.0124 0.0984, 2.1496 0.0018 0.0997, 2.1496 0.0085 0.0901, 2.1496 -0.0011 0.0939, 2.1496 -0.0048 0.0893, 2.1457 -0.0286 0.0718, 2.1457 -0.0506 0.0718, 2.1457 -0.015 0.0734, 2.1457 -0.0058 0.077, 2.1457 0.0025 0.083, 2.1457 0.0085 0.0901, 2.1457 0.0124 0.0984, 2.1457 0.0144 0.1077, 2.1457 0.0146 0.1128, 2.1457 0.0133 0.1239, 2.1457 0.0103 0.1315, 2.1457 0.0054 0.1385, 2.1457 0.0025 0.1413, 2.1457 -0.0059 0.147, 2.1457 -0.0155 0.1505, 2.1457 -0.0277 0.1519, 2.1457 -0.0506 0.1519, 2.1457 -0.0282 0.1427, 2.1457 -0.0403 0.1427, 2.1457 -0.0403 0.0809, 2.1457 -0.0286 0.0809, 2.1457 -0.0048 0.0893, 2.1457 -0.0058 0.0884, 2.1457 -0.0109 0.0848, 2.1457 -0.0175 0.0822, 2.1457 0.0037 0.1126, 2.1457 0.0034 0.107, 2.1457 0.0018 0.0997, 2.1457 -0.0011 0.0939, 2.1457 -0.005 0.1351, 2.1457 -0.0028 0.1329, 2.1457 0.0003 0.1284, 2.1457 0.0025 0.1226, 2.1457 -0.0272 0.1426, 2.1457 -0.017 0.1413, 2.1457 -0.0102 0.1387, 2.1457 -0.0102 0.1387
            ]
        }
        coordIndex [
            0,1,2,-1,3,4,5,-1,3,5,6,-1,6,5,7,-1,6,7,2,-1,2,7,8,-1,2,8,0,-1,9,1,10,-1,10,1,0,-1,10,11,9,-1,9,11,12,-1,13,14,15,-1,15,14,12,-1,15,12,16,-1,16,12,11,-1,14,13,17,-1,17,13,18,-1,18,19,17,-1,17,19,20,-1,17,20,21,-1,21,20,22,-1,21,22,23,-1,23,22,24,-1,23,24,25,-1,25,24,26,-1,25,26,27,-1,27,26,28,-1,27,28,29,-1,29,28,30,-1,29,30,31,-1,31,30,32,-1,31,32,33,-1,33,32,34,-1,33,34,35,-1,35,34,36,-1,35,36,37,-1,37,36,38,-1,37,38,39,-1,39,38,40,-1,39,40,41,-1,41,40,42,-1,41,42,43,-1,43,42,44,-1,43,44,45,-1,45,44,46,-1,45,46,47,-1,47,46,48,-1,47,48,49,-1,49,48,50,-1,49,50,51,-1,51,50,52,-1,51,52,53,-1,53,52,54,-1,53,54,55,-1,55,54,56,-1,55,56,57,-1,57,56,58,-1,57,58,59,-1,59,58,60,-1,59,60,61,-1,61,60,62,-1,61,62,63,-1,63,62,64,-1,63,64,65,-1,65,64,66,-1,65,66,67,-1,67,66,68,-1,67,68,69,-1,69,68,70,-1,69,70,71,-1,71,70,72,-1,71,72,73,-1,73,72,74,-1,73,74,75,-1,76,75,77,-1,77,75,74,-1,76,77,78,-1,76,78,79,-1,79,78,80,-1,79,80,81,-1,81,80,82,-1,81,82,83,-1,83,82,84,-1,83,84,85,-1,85,84,86,-1,85,86,87,-1,86,88,87,-1,87,88,89,-1,88,90,89,-1,89,90,91,-1,89,91,92,-1,92,91,93,-1,92,93,94,-1,94,93,95,-1,94,95,96,-1,96,95,97,-1,96,97,98,-1,98,97,99,-1,98,99,100,-1,100,99,101,-1,100,101,102,-1,103,104,105,-1,102,101,106,-1,102,106,107,-1,107,106,108,-1,107,108,105,-1,105,108,109,-1,105,109,103,-1,104,103,110,-1,104,110,111,-1,111,110,112,-1,111,112,113,-1,113,112,114,-1,113,114,115,-1,115,114,116,-1,115,116,117,-1,117,116,118,-1,117,118,119,-1,119,118,120,-1,119,120,121,-1,121,120,122,-1,121,122,123,-1,123,122,124,-1,123,124,125,-1,125,124,126,-1,125,126,127,-1,127,126,128,-1,127,128,129,-1,129,128,130,-1,129,130,131,-1,131,130,132,-1,131,132,133,-1,133,132,134,-1,133,134,135,-1,135,134,4,-1,135,4,3,-1,61,63,85,-1,85,63,83,-1,111,43,104,-1,104,43,45,-1,21,23,127,-1,127,23,25,-1,127,25,125,-1,125,25,27,-1,125,27,123,-1,123,27,29,-1,123,29,121,-1,121,29,31,-1,121,31,119,-1,119,31,33,-1,119,33,117,-1,117,33,35,-1,117,35,115,-1,115,35,37,-1,115,37,113,-1,113,37,39,-1,113,39,111,-1,111,39,41,-1,111,41,43,-1,14,3,12,-1,12,3,6,-1,12,6,9,-1,9,6,2,-1,9,2,1,-1,63,65,83,-1,83,65,67,-1,83,67,81,-1,81,67,69,-1,81,69,79,-1,79,69,71,-1,79,71,76,-1,76,71,73,-1,76,73,75,-1,127,129,21,-1,21,129,131,-1,21,131,17,-1,17,131,133,-1,17,133,14,-1,14,133,135,-1,14,135,3,-1,85,87,61,-1,61,87,89,-1,61,89,59,-1,59,89,92,-1,59,92,57,-1,57,92,94,-1,57,94,55,-1,55,94,96,-1,55,96,53,-1,53,96,98,-1,53,98,51,-1,51,98,100,-1,51,100,49,-1,49,100,102,-1,49,102,47,-1,47,102,107,-1,47,107,45,-1,45,107,105,-1,45,105,104,-1,136,137,138,-1,138,137,139,-1,140,136,141,-1,141,136,138,-1,140,141,142,-1,140,142,143,-1,143,142,144,-1,143,144,145,-1,146,145,147,-1,147,145,144,-1,148,146,149,-1,149,146,147,-1,150,151,152,-1,152,151,148,-1,152,148,149,-1,153,151,154,-1,154,151,150,-1,155,156,157,-1,157,156,153,-1,157,153,154,-1,158,159,160,-1,160,159,156,-1,160,156,155,-1,158,161,159,-1,159,161,162,-1,161,163,162,-1,162,163,164,-1,162,164,165,-1,165,164,166,-1,165,166,167,-1,167,166,168,-1,167,168,169,-1,169,168,170,-1,169,170,171,-1,171,170,172,-1,171,172,173,-1,173,172,174,-1,173,174,175,-1,176,175,177,-1,177,175,174,-1,176,177,178,-1,176,178,179,-1,179,178,180,-1,179,180,181,-1,181,180,182,-1,181,182,183,-1,183,182,184,-1,183,184,185,-1,184,186,185,-1,185,186,187,-1,185,187,188,-1,188,187,189,-1,188,189,190,-1,190,189,191,-1,190,191,192,-1,192,191,193,-1,192,193,194,-1,139,137,195,-1,195,137,194,-1,195,194,193,-1,143,145,194,-1,137,136,194,-1,194,136,140,-1,194,140,143,-1,151,153,148,-1,148,153,156,-1,148,156,146,-1,175,176,173,-1,173,176,179,-1,173,179,171,-1,171,179,181,-1,171,181,169,-1,169,181,183,-1,169,183,167,-1,167,183,185,-1,167,185,165,-1,145,146,194,-1,194,146,156,-1,194,156,192,-1,156,159,192,-1,192,159,162,-1,192,162,190,-1,190,162,165,-1,190,165,188,-1,188,165,185,-1,196,197,198,-1,198,197,199,-1,200,201,202,-1,202,201,196,-1,202,196,198,-1,203,201,204,-1,204,201,200,-1,205,206,207,-1,207,206,203,-1,207,203,204,-1,208,206,209,-1,209,206,205,-1,210,211,212,-1,212,211,208,-1,212,208,209,-1,213,211,214,-1,214,211,210,-1,215,216,217,-1,217,216,213,-1,217,213,214,-1,218,216,219,-1,219,216,215,-1,220,221,222,-1,222,221,218,-1,222,218,219,-1,223,221,224,-1,224,221,220,-1,199,197,225,-1,225,197,223,-1,225,223,224,-1,197,196,223,-1,223,196,201,-1,206,208,203,-1,203,208,211,-1,216,218,213,-1,213,218,221,-1,213,221,211,-1,211,221,223,-1,211,223,203,-1,203,223,201,-1,226,227,228,-1,228,227,229,-1,228,229,230,-1,230,229,231,-1,230,231,232,-1,232,231,233,-1,232,233,234,-1,234,233,235,-1,234,235,236,-1,236,235,237,-1,236,237,238,-1,237,239,238,-1,238,239,240,-1,238,240,241,-1,241,240,242,-1,241,242,243,-1,243,242,244,-1,243,244,245,-1,245,244,246,-1,245,246,247,-1,247,246,248,-1,247,248,249,-1,249,248,250,-1,249,250,251,-1,251,250,252,-1,251,252,253,-1,253,252,254,-1,253,254,255,-1,255,254,256,-1,255,256,257,-1,257,256,258,-1,257,258,259,-1,259,258,260,-1,259,260,226,-1,226,260,261,-1,226,261,227,-1,232,234,262,-1,262,234,263,-1,232,262,264,-1,232,264,230,-1,230,264,265,-1,230,265,228,-1,228,265,266,-1,228,266,226,-1,226,266,267,-1,226,267,259,-1,259,267,268,-1,259,268,257,-1,257,268,269,-1,257,269,255,-1,255,269,270,-1,255,270,253,-1,253,270,271,-1,253,271,251,-1,251,271,272,-1,251,272,249,-1,249,272,273,-1,249,273,247,-1,247,273,274,-1,247,274,245,-1,245,274,275,-1,245,275,243,-1,243,275,276,-1,243,276,241,-1,241,276,277,-1,241,277,238,-1,236,238,278,-1,278,238,277,-1,234,236,263,-1,263,236,278,-1,239,237,279,-1,279,237,280,-1,237,235,280,-1,280,235,281,-1,235,233,281,-1,281,233,282,-1,261,283,284,-1,261,284,227,-1,227,284,285,-1,227,285,229,-1,229,285,286,-1,229,286,231,-1,231,286,282,-1,231,282,233,-1,254,287,288,-1,254,288,256,-1,256,288,289,-1,256,289,258,-1,258,289,290,-1,258,290,260,-1,260,290,283,-1,260,283,261,-1,246,291,292,-1,246,292,248,-1,248,292,293,-1,248,293,250,-1,250,293,294,-1,250,294,252,-1,252,294,287,-1,252,287,254,-1,239,279,295,-1,239,295,240,-1,240,295,296,-1,240,296,242,-1,242,296,297,-1,242,297,244,-1,244,297,291,-1,244,291,246,-1,
        ]
    }
}
Shape{
    appearance Appearance {
        material  Material 	{
            diffuseColor 0.996078431372549 0.8705882352941177 0.7607843137254902
            specularColor 0.4980392156862745 0.43529411764705883 0.3803921568627451
            ambientIntensity 0.2
            transparency 0
            shininess 0.5
        }
    }
    geometry IndexedFaceSet {
        ccw TRUE
        solid FALSE
        coord DEF co Coordinate {
            point [
                2.1457 -0.0109 0.0848, 2.1457 -0.0058 0.0884, 2.1457 -0.0272 0.1426, 2.1457 -0.0403 0.1427, 2.1457 -0.0403 0.0809, 2.1457 -0.0282 0.1427, 2.1457 -0.0286 0.0809, 2.1457 -0.0175 0.0822, 2.1457 -0.0048 0.0893, 2.1457 -0.0011 0.0939, 2.1457 0.0018 0.0997, 2.1457 0.0037 0.1126, 2.1457 -0.005 0.1351, 2.1457 -0.0102 0.1387, 2.1457 0.0025 0.1226, 2.1457 0.0003 0.1284, 2.1457 -0.0028 0.1329, 2.1457 0.0034 0.107, 2.1457 -0.017 0.1413, 2.1457 -0.017 0.1413
            ]
        }
        coordIndex [
            0,1,2,-1,3,4,5,-1,5,4,6,-1,5,6,2,-1,2,6,7,-1,2,7,0,-1,1,8,2,-1,2,8,9,-1,2,9,10,-1,11,12,13,-1,14,15,11,-1,11,15,16,-1,11,16,12,-1,10,17,2,-1,2,17,11,-1,2,11,18,-1,18,11,13,-1,
        ]
    }
}
Shape{
    appearance Appearance {
        material  Material 	{
            diffuseColor 0.0 0.0 0.0
            specularColor 0.0 0.0 0.0
            ambientIntensity 0.2
            transparency 0
            shininess 0.5
        }
    }
    geometry IndexedFaceSet {
        ccw TRUE
        solid FALSE
        coord DEF co Coordinate {
            point [
                2.1496 0.0414 0.1027, 2.1496 0.0382 0.0937, 2.1496 0.0683 0.1027, 2.1496 0.0715 0.0937, 2.1496 0.0534 0.136, 2.1496 0.0495 0.1519, 2.1496 0.019 0.0718, 2.1496 0.0305 0.0718, 2.1496 0.0541 0.1384, 2.1496 0.0547 0.1416, 2.1496 0.0606 0.1519, 2.1496 0.055 0.1416, 2.1496 0.0556 0.1382, 2.1496 0.0562 0.136, 2.1496 0.0911 0.0718, 2.1496 0.0797 0.0718, 2.1457 0.0606 0.1519, 2.1457 0.0911 0.0718, 2.1457 0.0495 0.1519, 2.1457 0.019 0.0718, 2.1457 0.0305 0.0718, 2.1457 0.0382 0.0937, 2.1457 0.0715 0.0937, 2.1457 0.0797 0.0718, 2.1457 0.0414 0.1027, 2.1457 0.0683 0.1027, 2.1457 0.0562 0.136, 2.1457 0.055 0.1416, 2.1457 0.0556 0.1382, 2.1457 0.0547 0.1416, 2.1457 0.0534 0.136, 2.1457 0.0541 0.1384, 2.1457 0.0541 0.1384
            ]
        }
        coordIndex [
            0,1,2,-1,2,1,3,-1,4,5,0,-1,0,5,6,-1,0,6,1,-1,1,6,7,-1,4,8,5,-1,5,8,9,-1,5,9,10,-1,10,9,11,-1,10,11,12,-1,12,13,10,-1,10,13,2,-1,10,2,14,-1,14,2,3,-1,14,3,15,-1,10,14,16,-1,16,14,17,-1,5,10,18,-1,18,10,16,-1,6,5,19,-1,19,5,18,-1,7,6,20,-1,20,6,19,-1,1,7,21,-1,21,7,20,-1,3,1,22,-1,22,1,21,-1,15,3,23,-1,23,3,22,-1,14,15,17,-1,17,15,23,-1,0,2,24,-1,24,2,25,-1,2,13,25,-1,25,13,26,-1,11,27,28,-1,11,28,12,-1,12,28,26,-1,12,26,13,-1,11,9,27,-1,27,9,29,-1,4,30,31,-1,4,31,8,-1,8,31,29,-1,8,29,9,-1,4,0,30,-1,30,0,24,-1,
        ]
    }
}
Shape{
    appearance Appearance {
        material  Material 	{
            diffuseColor 0.996078431372549 0.8705882352941177 0.7607843137254902
            specularColor 0.4980392156862745 0.43529411764705883 0.3803921568627451
            ambientIntensity 0.2
            transparency 0
            shininess 0.5
        }
    }
    geometry IndexedFaceSet {
        ccw TRUE
        solid FALSE
        coord DEF co Coordinate {
            point [
                2.1457 0.055 0.1416, 2.1457 0.0547 0.1416, 2.1457 0.0556 0.1382, 2.1457 0.0541 0.1384, 2.1457 0.0562 0.136, 2.1457 0.0534 0.136, 2.1457 0.0683 0.1027, 2.1457 0.0414 0.1027, 2.1457 0.0414 0.1027
            ]
        }
        coordIndex [
            0,1,2,-1,2,1,3,-1,2,3,4,-1,4,3,5,-1,4,5,6,-1,6,5,7,-1,
        ]
    }
}
Shape{
    appearance Appearance {
        material  Material 	{
            diffuseColor 0.0 0.0 0.0
            specularColor 0.0 0.0 0.0
            ambientIntensity 0.2
            transparency 0
            shininess 0.5
        }
    }
    geometry IndexedFaceSet {
        ccw TRUE
        solid FALSE
        coord DEF co Coordinate {
            point [
                2.1496 -0.6841 0.0604, 2.1496 -0.6757 0.05, 2.1496 -0.6893 0.1108, 2.1496 -0.6992 0.2097, 2.1496 -0.6865 0.2165, 2.1496 -0.6895 0.2515, 2.1496 -0.5892 0.0582, 2.1496 -0.5825 0.0709, 2.1496 -0.5791 0.085, 2.1496 -0.654 0.2531, 2.1496 -0.6363 0.2116, 2.1496 -0.6276 0.2296, 2.1496 -0.7017 0.1184, 2.1496 -0.6972 0.0748, 2.1496 -0.6898 0.0727, 2.1496 -0.6671 0.2543, 2.1496 -0.4991 0.1387, 2.1496 -0.5168 0.1689, 2.1496 -0.5788 0.0966, 2.1496 -0.5931 0.129, 2.1496 -0.5788 0.0909, 2.1496 -0.6093 0.0405, 2.1496 -0.598 0.0484, 2.1496 -0.6512 0.0738, 2.1496 -0.6466 0.0706, 2.1496 -0.6645 0.0416, 2.1496 -0.6414 0.0687, 2.1496 -0.6159 0.099, 2.1496 -0.6144 0.0938, 2.1496 -0.6142 0.0883, 2.1496 -0.6155 0.0828, 2.1496 -0.618 0.0778, 2.1496 -0.4804 0.195, 2.1496 -0.4758 0.195, 2.1496 -0.4525 0.2258, 2.1496 -0.465 0.1937, 2.1496 -0.4496 0.2248, 2.1496 -0.455 0.1899, 2.1496 -0.4327 0.2164, 2.1496 -0.4173 0.2034, 2.1496 -0.6423 0.2667, 2.1496 -0.6149 0.2448, 2.1496 -0.6289 0.2782, 2.1496 -0.5996 0.256, 2.1496 -0.6124 0.2881, 2.1496 -0.6724 0.2198, 2.1496 -0.6665 0.2201, 2.1496 -0.6605 0.2539, 2.1496 -0.6532 0.2185, 2.1496 -0.6404 0.2138, 2.1496 -0.6584 0.0879, 2.1496 -0.6572 0.0826, 2.1496 -0.6548 0.0779, 2.1496 -0.6514 0.0361, 2.1496 -0.638 0.034, 2.1496 -0.6363 0.0681, 2.1496 -0.6358 0.0339, 2.1496 -0.631 0.0688, 2.1496 -0.622 0.0356, 2.1496 -0.626 0.0706, 2.1496 -0.6216 0.0737, 2.1496 -0.4172 0.0971, 2.1496 -0.4437 0.1197, 2.1496 -0.4327 0.084, 2.1496 -0.4521 0.1128, 2.1496 -0.45 0.0755, 2.1496 -0.4622 0.1082, 2.1496 -0.469 0.0715, 2.1496 -0.4724 0.1062, 2.1496 -0.5026 0.0715, 2.1496 -0.498 0.1062, 2.1496 -0.5058 0.072, 2.1496 -0.4462 0.1837, 2.1496 -0.4396 0.1764, 2.1496 -0.4057 0.1872, 2.1496 -0.4343 0.1666, 2.1496 -0.3987 0.1698, 2.1496 -0.4317 0.1556, 2.1496 -0.3961 0.1512, 2.1496 -0.4314 0.1506, 2.1496 -0.3987 0.1309, 2.1496 -0.4328 0.1396, 2.1496 -0.4059 0.1129, 2.1496 -0.4367 0.1294, 2.1496 -0.4429 0.1205, 2.1496 -0.4832 0.2708, 2.1496 -0.5054 0.2446, 2.1496 -0.4633 0.2474, 2.1496 -0.4926 0.2292, 2.1496 -0.4838 0.2109, 2.1496 -0.7217 0.1769, 2.1496 -0.7591 0.1675, 2.1496 -0.7234 0.1632, 2.1496 -0.7593 0.162, 2.1496 -0.7228 0.1544, 2.1496 -0.7566 0.1397, 2.1496 -0.7187 0.1405, 2.1496 -0.7484 0.1186, 2.1496 -0.7119 0.1289, 2.1496 -0.7354 0.1, 2.1496 -0.7177 0.0849, 2.1496 -0.6583 0.0934, 2.1496 -0.6568 0.0989, 2.1496 -0.683 0.123, 2.1496 -0.654 0.1037, 2.1496 -0.6736 0.1338, 2.1496 -0.6511 0.1068, 2.1496 -0.6619 0.1419, 2.1496 -0.6467 0.1099, 2.1496 -0.6494 0.1467, 2.1496 -0.6417 0.1118, 2.1496 -0.6358 0.1484, 2.1496 -0.6363 0.1125, 2.1496 -0.6288 0.148, 2.1496 -0.6324 0.1122, 2.1496 -0.6151 0.1445, 2.1496 -0.6271 0.1105, 2.1496 -0.603 0.1381, 2.1496 -0.6224 0.1075, 2.1496 -0.6185 0.1036, 2.1496 -0.586 0.2976, 2.1496 -0.581 0.2635, 2.1496 -0.5606 0.3004, 2.1496 -0.5601 0.2662, 2.1496 -0.5333 0.297, 2.1496 -0.5408 0.2638, 2.1496 -0.5051 0.286, 2.1496 -0.5229 0.257, 2.1496 -0.5069 0.2459, 2.1496 -0.7106 0.2433, 2.1496 -0.7287 0.2306, 2.1496 -0.709 0.201, 2.1496 -0.7325 0.2269, 2.1496 -0.7169 0.1896, 2.1496 -0.7462 0.2094, 2.1496 -0.7553 0.1889, 2.1496 -0.5009 0.1068, 2.1496 -0.5145 0.0775, 2.1496 -0.5132 0.0761, 2.1496 -0.4992 0.1064, 2.1496 -0.5095 0.0735, 2.1496 -0.5191 0.0892, 2.1496 -0.5185 0.0849, 2.1496 -0.517 0.0811, 2.1496 -0.5058 0.1062, 2.1496 -0.5097 0.1047, 2.1496 -0.5189 0.0914, 2.1496 -0.5132 0.1022, 2.1496 -0.5156 0.0996, 2.1496 -0.5178 0.0957, 2.1496 -0.5014 0.1068, 2.1457 -0.3961 0.1512, 2.1457 -0.3987 0.1698, 2.1457 -0.4006 0.1747, 2.1457 -0.4057 0.1872, 2.1457 -0.4173 0.2034, 2.1457 -0.4327 0.2164, 2.1457 -0.4496 0.2248, 2.1457 -0.4525 0.2258, 2.1457 -0.4633 0.2474, 2.1457 -0.4832 0.2708, 2.1457 -0.4958 0.2796, 2.1457 -0.5051 0.286, 2.1457 -0.5333 0.297, 2.1457 -0.5606 0.3004, 2.1457 -0.586 0.2976, 2.1457 -0.6124 0.2881, 2.1457 -0.6266 0.2796, 2.1457 -0.6289 0.2782, 2.1457 -0.6423 0.2667, 2.1457 -0.654 0.2531, 2.1457 -0.6605 0.2539, 2.1457 -0.6671 0.2543, 2.1457 -0.6895 0.2515, 2.1457 -0.7106 0.2433, 2.1457 -0.7287 0.2306, 2.1457 -0.7325 0.2269, 2.1457 -0.7553 0.1889, 2.1457 -0.7462 0.2094, 2.1457 -0.7579 0.1747, 2.1457 -0.7591 0.1675, 2.1457 -0.7593 0.162, 2.1457 -0.7566 0.1397, 2.1457 -0.7484 0.1186, 2.1457 -0.7354 0.1, 2.1457 -0.7177 0.0849, 2.1457 -0.6972 0.0748, 2.1457 -0.6898 0.0727, 2.1457 -0.6891 0.0711, 2.1457 -0.6841 0.0604, 2.1457 -0.6757 0.05, 2.1457 -0.6645 0.0416, 2.1457 -0.6593 0.0394, 2.1457 -0.6514 0.0361, 2.1457 -0.638 0.034, 2.1457 -0.6358 0.0339, 2.1457 -0.5788 0.0909, 2.1457 -0.622 0.0356, 2.1457 -0.6122 0.0394, 2.1457 -0.6093 0.0405, 2.1457 -0.598 0.0484, 2.1457 -0.5892 0.0582, 2.1457 -0.5825 0.0709, 2.1457 -0.5824 0.0711, 2.1457 -0.5791 0.085, 2.1457 -0.5788 0.0966, 2.1457 -0.4991 0.1387, 2.1457 -0.5168 0.1689, 2.1457 -0.5931 0.129, 2.1457 -0.603 0.1381, 2.1457 -0.6151 0.1445, 2.1457 -0.6288 0.148, 2.1457 -0.6358 0.1484, 2.1457 -0.6494 0.1467, 2.1457 -0.6619 0.1419, 2.1457 -0.6736 0.1338, 2.1457 -0.683 0.123, 2.1457 -0.6893 0.1108, 2.1457 -0.7017 0.1184, 2.1457 -0.7119 0.1289, 2.1457 -0.7187 0.1405, 2.1457 -0.7228 0.1544, 2.1457 -0.7234 0.1632, 2.1457 -0.722 0.1747, 2.1457 -0.7217 0.1769, 2.1457 -0.7169 0.1896, 2.1457 -0.709 0.201, 2.1457 -0.6992 0.2097, 2.1457 -0.6865 0.2165, 2.1457 -0.6724 0.2198, 2.1457 -0.6665 0.2201, 2.1457 -0.6532 0.2185, 2.1457 -0.6404 0.2138, 2.1457 -0.6363 0.2116, 2.1457 -0.6276 0.2296, 2.1457 -0.6149 0.2448, 2.1457 -0.5996 0.256, 2.1457 -0.581 0.2635, 2.1457 -0.5601 0.2662, 2.1457 -0.5408 0.2638, 2.1457 -0.5229 0.257, 2.1457 -0.5069 0.2459, 2.1457 -0.5054 0.2446, 2.1457 -0.4926 0.2292, 2.1457 -0.4838 0.2109, 2.1457 -0.4804 0.195, 2.1457 -0.4758 0.195, 2.1457 -0.465 0.1937, 2.1457 -0.455 0.1899, 2.1457 -0.4462 0.1837, 2.1457 -0.4396 0.1764, 2.1457 -0.4387 0.1747, 2.1457 -0.4343 0.1666, 2.1457 -0.4317 0.1556, 2.1457 -0.4314 0.1506, 2.1457 -0.4328 0.1396, 2.1457 -0.4367 0.1294, 2.1457 -0.4429 0.1205, 2.1457 -0.4437 0.1197, 2.1457 -0.4521 0.1128, 2.1457 -0.4622 0.1082, 2.1457 -0.4724 0.1062, 2.1457 -0.498 0.1062, 2.1457 -0.4992 0.1064, 2.1457 -0.5009 0.1068, 2.1457 -0.5014 0.1068, 2.1457 -0.5058 0.1062, 2.1457 -0.5097 0.1047, 2.1457 -0.5132 0.1022, 2.1457 -0.5156 0.0996, 2.1457 -0.5178 0.0957, 2.1457 -0.5189 0.0914, 2.1457 -0.5191 0.0892, 2.1457 -0.5185 0.0849, 2.1457 -0.517 0.0811, 2.1457 -0.5145 0.0775, 2.1457 -0.5132 0.0761, 2.1457 -0.5095 0.0735, 2.1457 -0.5058 0.072, 2.1457 -0.5026 0.0715, 2.1457 -0.469 0.0715, 2.1457 -0.45 0.0755, 2.1457 -0.4327 0.084, 2.1457 -0.4172 0.0971, 2.1457 -0.4059 0.1129, 2.1457 -0.3987 0.1309, 2.1457 -0.6363 0.1125, 2.1457 -0.6324 0.1122, 2.1457 -0.6271 0.1105, 2.1457 -0.6224 0.1075, 2.1457 -0.6185 0.1036, 2.1457 -0.6159 0.099, 2.1457 -0.6144 0.0938, 2.1457 -0.6142 0.0883, 2.1457 -0.6155 0.0828, 2.1457 -0.618 0.0778, 2.1457 -0.6216 0.0737, 2.1457 -0.626 0.0706, 2.1457 -0.631 0.0688, 2.1457 -0.6363 0.0681, 2.1457 -0.6414 0.0687, 2.1457 -0.6466 0.0706, 2.1457 -0.6512 0.0738, 2.1457 -0.6548 0.0779, 2.1457 -0.6572 0.0826, 2.1457 -0.6584 0.0879, 2.1457 -0.6583 0.0934, 2.1457 -0.6568 0.0989, 2.1457 -0.654 0.1037, 2.1457 -0.6511 0.1068, 2.1457 -0.6467 0.1099, 2.1457 -0.6417 0.1118, 2.1457 -0.6417 0.1118
            ]
        }
        coordIndex [
            0,1,2,-1,3,4,5,-1,6,7,8,-1,9,10,11,-1,12,13,2,-1,2,13,14,-1,2,14,0,-1,5,4,15,-1,16,17,18,-1,18,17,19,-1,18,19,20,-1,20,19,21,-1,20,21,8,-1,8,21,22,-1,8,22,6,-1,23,1,24,-1,24,1,25,-1,24,25,26,-1,27,28,19,-1,19,28,29,-1,19,29,21,-1,21,29,30,-1,21,30,31,-1,32,33,34,-1,34,33,35,-1,34,35,36,-1,36,35,37,-1,36,37,38,-1,38,37,39,-1,9,11,40,-1,40,11,41,-1,40,41,42,-1,42,41,43,-1,42,43,44,-1,4,45,15,-1,15,45,46,-1,15,46,47,-1,47,46,48,-1,47,48,9,-1,9,48,49,-1,9,49,10,-1,50,2,51,-1,51,2,1,-1,51,1,52,-1,52,1,23,-1,25,53,26,-1,26,53,54,-1,26,54,55,-1,55,54,56,-1,55,56,57,-1,57,56,58,-1,57,58,59,-1,59,58,21,-1,59,21,60,-1,60,21,31,-1,61,62,63,-1,63,62,64,-1,63,64,65,-1,65,64,66,-1,65,66,67,-1,67,66,68,-1,67,68,69,-1,69,68,70,-1,69,70,71,-1,37,72,39,-1,39,72,73,-1,39,73,74,-1,74,73,75,-1,74,75,76,-1,76,75,77,-1,76,77,78,-1,78,77,79,-1,78,79,80,-1,80,79,81,-1,80,81,82,-1,82,81,83,-1,82,83,61,-1,61,83,84,-1,61,84,62,-1,85,86,87,-1,87,86,88,-1,87,88,34,-1,34,88,89,-1,34,89,32,-1,90,91,92,-1,92,91,93,-1,92,93,94,-1,94,93,95,-1,94,95,96,-1,96,95,97,-1,96,97,98,-1,98,97,99,-1,98,99,12,-1,12,99,100,-1,12,100,13,-1,50,101,2,-1,2,101,102,-1,2,102,103,-1,103,102,104,-1,103,104,105,-1,105,104,106,-1,105,106,107,-1,107,106,108,-1,107,108,109,-1,109,108,110,-1,109,110,111,-1,111,110,112,-1,111,112,113,-1,113,112,114,-1,113,114,115,-1,115,114,116,-1,115,116,117,-1,117,116,118,-1,117,118,19,-1,19,118,119,-1,19,119,27,-1,44,43,120,-1,120,43,121,-1,120,121,122,-1,122,121,123,-1,122,123,124,-1,124,123,125,-1,124,125,126,-1,126,125,127,-1,126,127,85,-1,85,127,128,-1,85,128,86,-1,5,129,3,-1,3,129,130,-1,3,130,131,-1,131,130,132,-1,131,132,133,-1,133,132,134,-1,133,134,90,-1,90,134,135,-1,90,135,91,-1,136,137,138,-1,70,139,71,-1,71,139,136,-1,71,136,140,-1,140,136,138,-1,141,142,136,-1,136,142,143,-1,136,143,137,-1,144,145,146,-1,145,147,146,-1,146,147,148,-1,146,148,149,-1,141,136,146,-1,146,136,150,-1,146,150,144,-1,78,151,152,-1,78,152,76,-1,76,152,153,-1,76,153,74,-1,153,154,74,-1,74,154,155,-1,74,155,39,-1,39,155,156,-1,39,156,38,-1,38,156,157,-1,38,157,36,-1,36,157,158,-1,36,158,34,-1,34,158,159,-1,34,159,87,-1,87,159,160,-1,87,160,85,-1,85,160,126,-1,126,160,161,-1,161,162,126,-1,126,162,163,-1,126,163,124,-1,124,163,164,-1,124,164,122,-1,122,164,165,-1,122,165,120,-1,120,165,166,-1,120,166,44,-1,44,166,42,-1,42,166,167,-1,42,167,168,-1,42,168,169,-1,42,169,40,-1,40,169,170,-1,40,170,9,-1,9,170,171,-1,9,171,47,-1,47,171,172,-1,47,172,15,-1,15,172,173,-1,15,173,5,-1,5,173,174,-1,5,174,129,-1,129,174,175,-1,129,175,130,-1,130,175,176,-1,130,176,132,-1,177,134,178,-1,178,134,132,-1,178,132,176,-1,179,91,177,-1,177,91,135,-1,177,135,134,-1,179,180,91,-1,91,180,181,-1,91,181,93,-1,93,181,182,-1,93,182,95,-1,95,182,183,-1,95,183,97,-1,97,183,184,-1,97,184,99,-1,99,184,185,-1,99,185,100,-1,100,185,186,-1,100,186,13,-1,13,186,187,-1,13,187,14,-1,14,187,188,-1,14,188,0,-1,188,189,0,-1,0,189,190,-1,0,190,1,-1,1,190,191,-1,1,191,25,-1,25,191,192,-1,25,192,53,-1,192,193,53,-1,53,193,194,-1,53,194,54,-1,54,194,195,-1,54,195,56,-1,196,20,8,-1,56,195,197,-1,198,21,197,-1,197,21,58,-1,197,58,56,-1,198,199,21,-1,21,199,200,-1,21,200,22,-1,22,200,201,-1,22,201,6,-1,6,201,202,-1,6,202,7,-1,7,202,203,-1,7,203,8,-1,8,203,204,-1,8,204,196,-1,18,20,205,-1,205,20,196,-1,16,18,206,-1,206,18,205,-1,17,16,207,-1,207,16,206,-1,19,17,208,-1,208,17,207,-1,19,208,209,-1,19,209,117,-1,117,209,210,-1,117,210,115,-1,115,210,211,-1,115,211,113,-1,113,211,212,-1,113,212,111,-1,111,212,213,-1,111,213,109,-1,109,213,214,-1,109,214,107,-1,107,214,215,-1,107,215,105,-1,105,215,216,-1,105,216,103,-1,103,216,217,-1,103,217,2,-1,2,217,218,-1,2,218,12,-1,12,218,219,-1,12,219,98,-1,98,219,220,-1,98,220,96,-1,96,220,221,-1,96,221,94,-1,94,221,222,-1,94,222,92,-1,92,222,90,-1,90,222,223,-1,223,224,90,-1,90,224,225,-1,90,225,133,-1,133,225,226,-1,133,226,131,-1,131,226,227,-1,131,227,3,-1,3,227,228,-1,3,228,4,-1,4,228,229,-1,4,229,45,-1,45,229,230,-1,45,230,46,-1,46,230,231,-1,46,231,48,-1,48,231,232,-1,48,232,49,-1,49,232,233,-1,49,233,10,-1,10,233,234,-1,10,234,11,-1,11,234,235,-1,11,235,41,-1,41,235,236,-1,41,236,43,-1,43,236,237,-1,43,237,121,-1,121,237,238,-1,121,238,123,-1,123,238,239,-1,123,239,125,-1,125,239,240,-1,125,240,127,-1,127,240,241,-1,127,241,128,-1,128,241,242,-1,128,242,86,-1,86,242,243,-1,86,243,88,-1,88,243,244,-1,88,244,89,-1,89,244,245,-1,89,245,32,-1,33,32,246,-1,246,32,245,-1,33,246,247,-1,33,247,35,-1,35,247,248,-1,35,248,37,-1,37,248,249,-1,37,249,72,-1,72,249,250,-1,72,250,73,-1,73,250,251,-1,73,251,75,-1,251,252,75,-1,75,252,253,-1,75,253,77,-1,77,253,254,-1,77,254,79,-1,79,254,255,-1,79,255,81,-1,81,255,256,-1,81,256,83,-1,83,256,257,-1,83,257,84,-1,84,257,258,-1,84,258,62,-1,62,258,259,-1,62,259,64,-1,64,259,260,-1,64,260,66,-1,66,260,261,-1,66,261,68,-1,70,68,262,-1,262,68,261,-1,70,262,263,-1,70,263,139,-1,139,263,264,-1,139,264,136,-1,136,264,265,-1,136,265,150,-1,150,265,266,-1,150,266,144,-1,144,266,267,-1,144,267,145,-1,145,267,268,-1,145,268,147,-1,147,268,269,-1,147,269,148,-1,148,269,270,-1,148,270,149,-1,149,270,271,-1,149,271,146,-1,146,271,272,-1,146,272,141,-1,141,272,273,-1,141,273,142,-1,142,273,274,-1,142,274,143,-1,143,274,275,-1,143,275,137,-1,137,275,276,-1,137,276,138,-1,138,276,277,-1,138,277,140,-1,140,277,278,-1,140,278,71,-1,71,278,279,-1,71,279,69,-1,67,69,280,-1,280,69,279,-1,67,280,281,-1,67,281,65,-1,65,281,282,-1,65,282,63,-1,63,282,283,-1,63,283,61,-1,61,283,284,-1,61,284,82,-1,82,284,285,-1,82,285,80,-1,80,285,151,-1,80,151,78,-1,112,286,287,-1,112,287,114,-1,114,287,288,-1,114,288,116,-1,116,288,289,-1,116,289,118,-1,118,289,290,-1,118,290,119,-1,119,290,291,-1,119,291,27,-1,27,291,292,-1,27,292,28,-1,28,292,293,-1,28,293,29,-1,29,293,294,-1,29,294,30,-1,30,294,295,-1,30,295,31,-1,31,295,296,-1,31,296,60,-1,60,296,297,-1,60,297,59,-1,59,297,298,-1,59,298,57,-1,57,298,299,-1,57,299,55,-1,55,299,300,-1,55,300,26,-1,26,300,301,-1,26,301,24,-1,24,301,302,-1,24,302,23,-1,23,302,303,-1,23,303,52,-1,52,303,304,-1,52,304,51,-1,51,304,305,-1,51,305,50,-1,50,305,306,-1,50,306,101,-1,101,306,307,-1,101,307,102,-1,102,307,308,-1,102,308,104,-1,104,308,309,-1,104,309,106,-1,106,309,310,-1,106,310,108,-1,108,310,311,-1,108,311,110,-1,110,311,286,-1,110,286,112,-1,
        ]
    }
}
Shape{
    appearance Appearance {
        material  Material 	{
            diffuseColor 0.996078431372549 0.8705882352941177 0.7607843137254902
            specularColor 0.4980392156862745 0.43529411764705883 0.3803921568627451
            ambientIntensity 0.2
            transparency 0
            shininess 0.5
        }
    }
    geometry IndexedFaceSet {
        ccw TRUE
        solid FALSE
        coord DEF co Coordinate {
            point [
                2.1457 -0.6363 0.0681, 2.1457 -0.6511 0.1068, 2.1457 -0.654 0.1037, 2.1457 -0.6363 0.1125, 2.1457 -0.6324 0.1122, 2.1457 -0.631 0.0688, 2.1457 -0.6417 0.1118, 2.1457 -0.6467 0.1099, 2.1457 -0.6216 0.0737, 2.1457 -0.6185 0.1036, 2.1457 -0.6224 0.1075, 2.1457 -0.6572 0.0826, 2.1457 -0.6548 0.0779, 2.1457 -0.6512 0.0738, 2.1457 -0.626 0.0706, 2.1457 -0.6271 0.1105, 2.1457 -0.6466 0.0706, 2.1457 -0.6414 0.0687, 2.1457 -0.6568 0.0989, 2.1457 -0.6583 0.0934, 2.1457 -0.6584 0.0879, 2.1457 -0.6155 0.0828, 2.1457 -0.6142 0.0883, 2.1457 -0.618 0.0778, 2.1457 -0.6144 0.0938, 2.1457 -0.6159 0.099, 2.1457 -0.8661 -0.1025, 1.6929 -0.8661 -0.1025, 2.1457 -0.8127 -0.1025, 1.6929 -0.6693 -0.1025, 2.1457 -0.6693 -0.1025, 2.1457 -0.6693 -0.1728, 1.6929 -0.6693 -0.1728, 2.1457 -0.8127 -0.1728, 1.6929 -0.8661 -0.1728, 2.1457 -0.8661 -0.1728, -1.6929 -0.8661 -0.1728, -1.6929 -0.6693 -0.1728, -2.1457 -0.8661 -0.1728, -2.1457 -0.6693 -0.1728, -1.6929 -0.6693 -0.1025, -1.6929 -0.8661 -0.1025, -2.1457 -0.6693 -0.1025, -2.1457 -0.8661 -0.1025, -2.1457 -0.8661 -0.1025
            ]
        }
        coordIndex [
            0,1,2,-1,3,0,4,-1,4,0,5,-1,3,6,0,-1,0,6,7,-1,0,7,1,-1,8,9,10,-1,11,12,2,-1,2,12,13,-1,5,14,4,-1,4,14,8,-1,4,8,15,-1,15,8,10,-1,13,16,2,-1,2,16,17,-1,2,17,0,-1,18,19,2,-1,2,19,20,-1,2,20,11,-1,21,22,23,-1,23,22,24,-1,23,24,8,-1,8,24,25,-1,8,25,9,-1,26,27,28,-1,28,27,29,-1,28,29,30,-1,31,32,33,-1,33,32,34,-1,33,34,35,-1,32,31,29,-1,29,31,30,-1,36,37,38,-1,38,37,39,-1,40,41,42,-1,42,41,43,-1,40,42,37,-1,37,42,39,-1,
        ]
    }
}