#VRML V2.0 utf8
# 3D model generated by easyeda2kicad.py (https://github.com/uPesy/easyeda2kicad.py)

Shape{
    appearance Appearance {
        material  Material 	{
            diffuseColor 0.25098039215686274 0.25098039215686274 0.25098039215686274
            specularColor 0.12549019607843137 0.12549019607843137 0.12549019607843137
            ambientIntensity 0.2
            transparency 0
            shininess 0.5
        }
    }
    geometry IndexedFaceSet {
        ccw TRUE
        solid FALSE
        coord DEF co Coordinate {
            point [
                -2.7047 0.3412 0.9685, -2.6693 0.3412 0.9685, -2.7047 -0.0429 1.4685, -2.6693 -0.0429 1.4685, -2.752 0.0167 1.4685, -2.752 0.4008 0.9685, -2.622 0.0167 1.4685, -2.622 0.4008 0.9685, -2.8189 0.4008 0.9685, -2.8091 0.4008 0.9685, -2.8091 0.2283 1.193, -2.7618 0.4008 0.9685, -2.7618 0.2283 1.193, -2.8189 0.0167 1.4685, -2.6122 0.4008 0.9685, -2.6122 0.2347 1.1847, -2.565 0.4008 0.9685, -2.5551 0.4008 0.9685, -2.565 0.2347 1.1847, -2.5551 0.0167 1.4685, -2.8661 -0.0429 1.4685, -2.8661 0.3412 0.9685, -2.5079 -0.0429 1.4685, -2.5079 0.3412 0.9685, -2.9016 0.3412 0.9685, -2.9016 -0.0429 1.4685, -2.4724 0.3412 0.9685, -2.4724 -0.0429 1.4685, -2.9488 0.0167 1.4685, -2.9488 0.4008 0.9685, -2.4252 0.0167 1.4685, -2.4252 0.4008 0.9685, -3.0157 0.4008 0.9685, -3.0059 0.4008 0.9685, -3.0059 0.2347 1.1847, -2.9587 0.4008 0.9685, -2.9587 0.2347 1.1847, -3.0157 0.0167 1.4685, -2.4154 0.4008 0.9685, -2.4154 0.2283 1.193, -2.3681 0.4008 0.9685, -2.3583 0.4008 0.9685, -2.3681 0.2283 1.193, -2.3583 0.0167 1.4685, -3.063 -0.0429 1.4685, -3.063 0.3412 0.9685, -2.311 -0.0429 1.4685, -2.311 0.3412 0.9685, -3.0984 0.3412 0.9685, -3.0984 -0.0429 1.4685, -2.2756 0.3412 0.9685, -2.2756 -0.0429 1.4685, -3.1457 0.0167 1.4685, -3.1457 0.4008 0.9685, -2.2283 0.0167 1.4685, -2.2283 0.4008 0.9685, -3.2126 0.4008 0.9685, -3.2028 0.4008 0.9685, -3.2028 0.2283 1.193, -3.1555 0.4008 0.9685, -3.1555 0.2283 1.193, -3.2126 0.0167 1.4685, -2.2185 0.4008 0.9685, -2.2185 0.2347 1.1847, -2.1713 0.4008 0.9685, -2.1614 0.4008 0.9685, -2.1713 0.2347 1.1847, -2.1614 0.0167 1.4685, -3.2598 0.3412 0.9685, -3.2598 -0.0429 1.4685, -2.1142 -0.0429 1.4685, -2.1142 0.3412 0.9685, -3.2953 -0.0429 1.4685, -3.2953 0.3412 0.9685, -2.0787 0.3412 0.9685, -2.0787 -0.0429 1.4685, -3.3425 0.0167 1.4685, -3.3425 0.4008 0.9685, -2.0315 0.0167 1.4685, -2.0315 0.4008 0.9685, -3.4094 0.4008 0.9685, -3.3996 0.4008 0.9685, -3.3996 0.2347 1.1847, -3.3524 0.4008 0.9685, -3.3524 0.2347 1.1847, -3.4094 0.0167 1.4685, -2.0217 0.4008 0.9685, -2.0217 0.2283 1.193, -1.9744 0.4008 0.9685, -1.9646 0.4008 0.9685, -1.9744 0.2283 1.193, -1.9646 0.0167 1.4685, -3.4567 -0.0429 1.4685, -3.4567 0.3412 0.9685, -1.9173 -0.0429 1.4685, -1.9173 0.3412 0.9685, -3.4921 0.3412 0.9685, -3.4921 -0.0429 1.4685, -1.8819 0.3412 0.9685, -1.8819 -0.0429 1.4685, -3.5394 0.0167 1.4685, -3.5394 0.4008 0.9685, -1.8346 0.0167 1.4685, -1.8346 0.4008 0.9685, -3.6063 0.4008 0.9685, -3.5965 0.4008 0.9685, -3.5965 0.2283 1.193, -3.5492 0.4008 0.9685, -3.5492 0.2283 1.193, -3.6063 0.0167 1.4685, -1.8248 0.4008 0.9685, -1.8248 0.2347 1.1847, -1.7776 0.4008 0.9685, -1.7677 0.4008 0.9685, -1.7776 0.2347 1.1847, -1.7677 0.0167 1.4685, -3.6535 -0.0429 1.4685, -3.6535 0.3412 0.9685, -1.7205 -0.0429 1.4685, -1.7205 0.3412 0.9685, -3.689 0.3412 0.9685, -3.689 -0.0429 1.4685, -1.685 0.3412 0.9685, -1.685 -0.0429 1.4685, -3.7362 0.0167 1.4685, -3.7362 0.4008 0.9685, -1.6378 0.0167 1.4685, -1.6378 0.4008 0.9685, -3.8031 0.4008 0.9685, -3.7933 0.4008 0.9685, -3.7933 0.2347 1.1847, -3.7461 0.4008 0.9685, -3.7461 0.2347 1.1847, -3.8031 0.0167 1.4685, -1.628 0.4008 0.9685, -1.628 0.2283 1.193, -1.5807 0.4008 0.9685, -1.5709 0.4008 0.9685, -1.5807 0.2283 1.193, -1.5709 0.0167 1.4685, -3.8504 -0.0429 1.4685, -3.8504 0.3412 0.9685, -1.5236 -0.0429 1.4685, -1.5236 0.3412 0.9685, -3.8858 0.3412 0.9685, -3.8858 -0.0429 1.4685, -1.4882 0.3412 0.9685, -1.4882 -0.0429 1.4685, -3.9331 0.0167 1.4685, -3.9331 0.4008 0.9685, -1.4409 0.0167 1.4685, -1.4409 0.4008 0.9685, -4.0 0.4008 0.9685, -3.9902 0.4008 0.9685, -3.9902 0.2283 1.193, -3.9429 0.4008 0.9685, -3.9429 0.2283 1.193, -4.0 0.0167 1.4685, -1.4311 0.4008 0.9685, -1.4311 0.2347 1.1847, -1.3839 0.4008 0.9685, -1.374 0.4008 0.9685, -1.3839 0.2347 1.1847, -1.374 0.0167 1.4685, -4.0472 0.3412 0.9685, -4.0472 -0.0429 1.4685, -1.3268 -0.0429 1.4685, -1.3268 0.3412 0.9685, -4.0827 -0.0429 1.4685, -4.0827 0.3412 0.9685, -1.2913 0.3412 0.9685, -1.2913 -0.0429 1.4685, -4.1299 0.0167 1.4685, -4.1299 0.4008 0.9685, -1.2441 0.0167 1.4685, -1.2441 0.4008 0.9685, -4.1969 0.4008 0.9685, -4.187 0.4008 0.9685, -4.187 0.2347 1.1847, -4.1398 0.4008 0.9685, -4.1398 0.2347 1.1847, -4.1969 0.0167 1.4685, -1.2343 0.4008 0.9685, -1.2343 0.2283 1.193, -1.187 0.4008 0.9685, -1.1772 0.4008 0.9685, -1.187 0.2283 1.193, -1.1772 0.0167 1.4685, -4.2441 -0.0429 1.4685, -4.2441 0.3412 0.9685, -1.1299 -0.0429 1.4685, -1.1299 0.3412 0.9685, -4.2795 0.3412 0.9685, -4.2795 -0.0429 1.4685, -1.0945 0.3412 0.9685, -1.0945 -0.0429 1.4685, -4.3268 0.0167 1.4685, -4.3268 0.4008 0.9685, -1.0472 0.0167 1.4685, -1.0472 0.4008 0.9685, -4.3937 0.4008 0.9685, -4.3839 0.4008 0.9685, -4.3839 0.2283 1.193, -4.3366 0.4008 0.9685, -4.3366 0.2283 1.193, -4.3937 0.0167 1.4685, -1.0374 0.4008 0.9685, -1.0374 0.2347 1.1847, -0.9902 0.4008 0.9685, -0.9803 0.4008 0.9685, -0.9902 0.2347 1.1847, -0.9803 0.0167 1.4685, -4.4409 -0.0429 1.4685, -4.4409 0.3412 0.9685, -0.9331 -0.0429 1.4685, -0.9331 0.3412 0.9685, -4.4764 0.3412 0.9685, -4.4764 -0.0429 1.4685, -0.8976 0.3412 0.9685, -0.8976 -0.0429 1.4685, -4.5236 0.0167 1.4685, -4.5236 0.4008 0.9685, -0.8504 0.0167 1.4685, -0.8504 0.4008 0.9685, -4.5906 0.4008 0.9685, -4.5807 0.4008 0.9685, -4.5807 0.2347 1.1847, -4.5335 0.4008 0.9685, -4.5335 0.2347 1.1847, -4.5906 0.0167 1.4685, -0.8406 0.4008 0.9685, -0.8406 0.2283 1.193, -0.7933 0.4008 0.9685, -0.7835 0.4008 0.9685, -0.7933 0.2283 1.193, -0.7835 0.0167 1.4685, -4.6378 -0.0429 1.4685, -4.6378 0.3412 0.9685, -0.7362 -0.0429 1.4685, -0.7362 0.3412 0.9685, -4.6732 0.3412 0.9685, -4.6732 -0.0429 1.4685, -0.7008 0.3412 0.9685, -0.7008 -0.0429 1.4685, -4.7205 0.0167 1.4685, -4.7205 0.4008 0.9685, -0.6535 0.0167 1.4685, -0.6535 0.4008 0.9685, -4.7874 0.4008 0.9685, -4.7776 0.4008 0.9685, -4.7776 0.2283 1.193, -4.7303 0.4008 0.9685, -4.7303 0.2283 1.193, -4.7874 0.0167 1.4685, -4.8346 -0.0429 1.4685, -5.124 -0.1102 1.5354, -0.25 -0.1102 1.5354, -4.8701 -0.0429 1.4685, -5.0315 -0.0429 1.4685, -5.124 -0.0429 1.4685, -0.5394 -0.0429 1.4685, -0.5039 -0.0429 1.4685, -0.3425 -0.0429 1.4685, -0.25 -0.0429 1.4685, -0.6437 0.4008 0.9685, -0.6437 0.2347 1.1847, -0.5965 0.4008 0.9685, -0.5866 0.4008 0.9685, -0.5965 0.2347 1.1847, -0.5866 0.0167 1.4685, -4.8346 0.3412 0.9685, -0.25 -0.2559 1.7126, -5.124 -0.2559 1.7126, -0.5394 0.3412 0.9685, -4.8701 0.3412 0.9685, -0.25 -0.2559 2.0079, -5.124 -0.2559 2.0079, -0.5039 0.3412 0.9685, -4.9173 0.0167 1.4685, -4.9173 0.4008 0.9685, -0.25 -0.2165 2.0472, -5.124 -0.2165 2.0472, -5.124 -0.2267 2.0459, -0.25 -0.2267 2.0459, -5.124 -0.2362 2.042, -0.25 -0.2362 2.042, -5.124 -0.2444 2.0357, -0.25 -0.2444 2.0357, -5.124 -0.2506 2.0276, -0.25 -0.2506 2.0276, -5.124 -0.2546 2.0181, -0.25 -0.2546 2.0181, -0.4567 0.0167 1.4685, -0.4567 0.4008 0.9685, -4.9843 0.0167 1.4685, -4.9843 0.4008 0.9685, -4.9744 0.4008 0.9685, -4.9744 0.2347 1.1847, -4.9272 0.4008 0.9685, -4.9272 0.2347 1.1847, -5.124 0.5472 2.0472, -5.4055 0.5472 2.0472, -5.124 0.4921 2.0472, -5.4055 0.3214 2.0472, -0.25 0.4921 2.0472, -5.124 0.0399 2.0472, 0.0315 0.5472 2.0472, -0.25 0.5472 2.0472, 0.0315 0.3214 2.0472, -0.25 0.0399 2.0472, -0.3898 0.0167 1.4685, -0.4469 0.4008 0.9685, -0.4469 0.2283 1.193, -0.3996 0.4008 0.9685, -0.3898 0.4008 0.9685, -0.3996 0.2283 1.193, -5.0315 0.3412 0.9685, -0.25 0.6702 1.722, -5.124 0.6702 1.722, -0.25 0.5591 1.925, -5.124 0.5591 1.925, -0.3425 0.3412 0.9685, -0.3425 0.3412 0.9685
            ]
        }
        coordIndex [
            0,1,2,-1,2,1,3,-1,4,5,2,-1,2,5,0,-1,6,3,7,-1,7,3,1,-1,8,9,10,-1,11,5,12,-1,12,5,4,-1,12,4,10,-1,10,4,13,-1,10,13,8,-1,7,14,15,-1,16,17,18,-1,18,17,19,-1,18,19,15,-1,15,19,6,-1,15,6,7,-1,13,20,8,-1,8,20,21,-1,19,17,22,-1,22,17,23,-1,24,21,25,-1,25,21,20,-1,23,26,22,-1,22,26,27,-1,28,29,25,-1,25,29,24,-1,30,27,31,-1,31,27,26,-1,32,33,34,-1,35,29,36,-1,36,29,28,-1,36,28,34,-1,34,28,37,-1,34,37,32,-1,31,38,39,-1,40,41,42,-1,42,41,43,-1,42,43,39,-1,39,43,30,-1,39,30,31,-1,37,44,32,-1,32,44,45,-1,43,41,46,-1,46,41,47,-1,48,45,49,-1,49,45,44,-1,47,50,46,-1,46,50,51,-1,52,53,49,-1,49,53,48,-1,54,51,55,-1,55,51,50,-1,56,57,58,-1,59,53,60,-1,60,53,52,-1,60,52,58,-1,58,52,61,-1,58,61,56,-1,55,62,63,-1,64,65,66,-1,66,65,67,-1,66,67,63,-1,63,67,54,-1,63,54,55,-1,56,61,68,-1,68,61,69,-1,67,65,70,-1,70,65,71,-1,72,73,69,-1,69,73,68,-1,71,74,70,-1,70,74,75,-1,76,77,72,-1,72,77,73,-1,78,75,79,-1,79,75,74,-1,80,81,82,-1,83,77,84,-1,84,77,76,-1,84,76,82,-1,82,76,85,-1,82,85,80,-1,79,86,87,-1,88,89,90,-1,90,89,91,-1,90,91,87,-1,87,91,78,-1,87,78,79,-1,85,92,80,-1,80,92,93,-1,91,89,94,-1,94,89,95,-1,96,93,97,-1,97,93,92,-1,95,98,94,-1,94,98,99,-1,100,101,97,-1,97,101,96,-1,102,99,103,-1,103,99,98,-1,104,105,106,-1,107,101,108,-1,108,101,100,-1,108,100,106,-1,106,100,109,-1,106,109,104,-1,103,110,111,-1,112,113,114,-1,114,113,115,-1,114,115,111,-1,111,115,102,-1,111,102,103,-1,109,116,104,-1,104,116,117,-1,115,113,118,-1,118,113,119,-1,120,117,121,-1,121,117,116,-1,119,122,118,-1,118,122,123,-1,124,125,121,-1,121,125,120,-1,126,123,127,-1,127,123,122,-1,128,129,130,-1,131,125,132,-1,132,125,124,-1,132,124,130,-1,130,124,133,-1,130,133,128,-1,127,134,135,-1,136,137,138,-1,138,137,139,-1,138,139,135,-1,135,139,126,-1,135,126,127,-1,133,140,128,-1,128,140,141,-1,139,137,142,-1,142,137,143,-1,144,141,145,-1,145,141,140,-1,143,146,142,-1,142,146,147,-1,148,149,145,-1,145,149,144,-1,150,147,151,-1,151,147,146,-1,152,153,154,-1,155,149,156,-1,156,149,148,-1,156,148,154,-1,154,148,157,-1,154,157,152,-1,151,158,159,-1,160,161,162,-1,162,161,163,-1,162,163,159,-1,159,163,150,-1,159,150,151,-1,152,157,164,-1,164,157,165,-1,163,161,166,-1,166,161,167,-1,168,169,165,-1,165,169,164,-1,167,170,166,-1,166,170,171,-1,172,173,168,-1,168,173,169,-1,174,171,175,-1,175,171,170,-1,176,177,178,-1,179,173,180,-1,180,173,172,-1,180,172,178,-1,178,172,181,-1,178,181,176,-1,175,182,183,-1,184,185,186,-1,186,185,187,-1,186,187,183,-1,183,187,174,-1,183,174,175,-1,181,188,176,-1,176,188,189,-1,187,185,190,-1,190,185,191,-1,192,189,193,-1,193,189,188,-1,191,194,190,-1,190,194,195,-1,196,197,193,-1,193,197,192,-1,198,195,199,-1,199,195,194,-1,200,201,202,-1,203,197,204,-1,204,197,196,-1,204,196,202,-1,202,196,205,-1,202,205,200,-1,199,206,207,-1,208,209,210,-1,210,209,211,-1,210,211,207,-1,207,211,198,-1,207,198,199,-1,205,212,200,-1,200,212,213,-1,211,209,214,-1,214,209,215,-1,216,213,217,-1,217,213,212,-1,215,218,214,-1,214,218,219,-1,220,221,217,-1,217,221,216,-1,222,219,223,-1,223,219,218,-1,224,225,226,-1,227,221,228,-1,228,221,220,-1,228,220,226,-1,226,220,229,-1,226,229,224,-1,223,230,231,-1,232,233,234,-1,234,233,235,-1,234,235,231,-1,231,235,222,-1,231,222,223,-1,229,236,224,-1,224,236,237,-1,235,233,238,-1,238,233,239,-1,240,237,241,-1,241,237,236,-1,239,242,238,-1,238,242,243,-1,244,245,241,-1,241,245,240,-1,222,235,219,-1,219,235,238,-1,198,211,195,-1,195,211,214,-1,174,187,171,-1,171,187,190,-1,147,150,166,-1,166,150,163,-1,126,139,123,-1,123,139,142,-1,102,115,99,-1,99,115,118,-1,75,78,94,-1,94,78,91,-1,51,54,70,-1,70,54,67,-1,30,43,27,-1,27,43,46,-1,6,19,3,-1,3,19,22,-1,20,13,2,-1,2,13,4,-1,44,37,25,-1,25,37,28,-1,69,61,49,-1,49,61,52,-1,76,72,85,-1,85,72,92,-1,100,97,109,-1,109,97,116,-1,124,121,133,-1,133,121,140,-1,148,145,157,-1,157,145,165,-1,181,172,188,-1,188,172,168,-1,196,193,205,-1,205,193,212,-1,220,217,229,-1,229,217,236,-1,246,243,247,-1,247,243,242,-1,248,249,250,-1,251,245,252,-1,252,245,244,-1,252,244,250,-1,250,244,253,-1,250,253,248,-1,253,244,254,-1,254,244,241,-1,116,97,255,-1,171,190,256,-1,190,195,256,-1,256,195,214,-1,256,214,219,-1,257,255,258,-1,258,255,259,-1,97,92,255,-1,255,92,72,-1,255,72,69,-1,219,238,256,-1,256,238,243,-1,256,243,260,-1,257,254,255,-1,255,254,241,-1,255,241,236,-1,255,165,145,-1,75,94,256,-1,256,94,99,-1,260,261,256,-1,256,261,262,-1,256,262,263,-1,236,217,255,-1,255,217,212,-1,255,212,193,-1,145,140,255,-1,255,140,121,-1,255,121,116,-1,193,188,255,-1,255,188,168,-1,255,168,165,-1,20,2,256,-1,256,2,3,-1,3,22,256,-1,256,22,27,-1,256,27,46,-1,46,51,256,-1,256,51,70,-1,256,70,75,-1,99,118,256,-1,256,118,123,-1,256,123,142,-1,142,147,256,-1,256,147,166,-1,256,166,171,-1,69,49,255,-1,255,49,44,-1,255,44,256,-1,256,44,25,-1,256,25,20,-1,247,264,265,-1,266,267,268,-1,268,267,269,-1,268,269,265,-1,265,269,246,-1,265,246,247,-1,246,269,243,-1,243,269,260,-1,248,253,270,-1,270,253,254,-1,271,272,256,-1,256,272,255,-1,269,267,260,-1,260,267,273,-1,257,274,254,-1,254,274,270,-1,271,275,272,-1,272,275,276,-1,273,277,260,-1,260,277,261,-1,278,279,257,-1,257,279,274,-1,280,281,282,-1,280,282,283,-1,283,282,284,-1,283,284,285,-1,285,284,286,-1,285,286,287,-1,287,286,288,-1,287,288,289,-1,289,288,290,-1,289,290,291,-1,291,290,276,-1,291,276,275,-1,292,261,293,-1,293,261,277,-1,294,278,258,-1,258,278,257,-1,295,296,297,-1,298,279,299,-1,299,279,278,-1,299,278,297,-1,297,278,294,-1,297,294,295,-1,300,301,302,-1,302,301,303,-1,302,303,304,-1,304,303,305,-1,306,307,308,-1,308,307,304,-1,308,304,309,-1,309,304,305,-1,309,305,280,-1,280,305,281,-1,261,292,262,-1,262,292,310,-1,293,311,312,-1,313,314,315,-1,315,314,310,-1,315,310,312,-1,312,310,292,-1,312,292,293,-1,294,258,295,-1,295,258,316,-1,317,318,319,-1,319,318,320,-1,319,320,304,-1,304,320,302,-1,262,310,321,-1,321,310,314,-1,
        ]
    }
}
Shape{
    appearance Appearance {
        material  Material 	{
            diffuseColor 0.7529411764705882 0.7529411764705882 0.7529411764705882
            specularColor 0.6627450980392157 0.6627450980392157 0.6627450980392157
            ambientIntensity 0.2
            transparency 0
            shininess 0.5
        }
    }
    geometry IndexedFaceSet {
        ccw TRUE
        solid FALSE
        coord DEF co Coordinate {
            point [
                -0.25 0.7126 0.9685, -0.2126 0.7126 0.9685, -0.2126 0.7126 0.7362, -5.1614 0.7126 0.7362, -5.1614 0.7126 0.9685, -5.124 0.7126 0.9685, -5.124 0.7126 1.0433, -0.25 0.7126 1.0433, -0.25 0.7126 1.0433
            ]
        }
        coordIndex [
            0,1,2,-1,3,4,5,-1,6,7,5,-1,5,7,0,-1,5,0,3,-1,3,0,2,-1,
        ]
    }
}
Shape{
    appearance Appearance {
        material  Material 	{
            diffuseColor 0.25098039215686274 0.25098039215686274 0.25098039215686274
            specularColor 0.12549019607843137 0.12549019607843137 0.12549019607843137
            ambientIntensity 0.2
            transparency 0
            shininess 0.5
        }
    }
    geometry IndexedFaceSet {
        ccw TRUE
        solid FALSE
        coord DEF co Coordinate {
            point [
                -5.124 -0.0429 1.4685, -5.124 0.3412 0.9685, -5.0315 -0.0429 1.4685, -5.0315 0.3412 0.9685, -5.124 0.7126 1.0433, -5.124 0.6702 1.722, -0.25 0.7126 1.0433, -0.25 0.6702 1.722, -5.4881 0.5591 1.2897, -5.502 0.5591 1.3167, -5.502 0.5591 1.9738, -5.4055 0.5591 2.0354, -5.124 0.5591 2.0354, -5.124 0.5591 1.925, -5.4241 0.5591 2.0339, -5.465 0.5591 1.2625, -5.4403 0.5591 1.244, -5.124 0.5591 1.057, -5.4914 0.5591 1.9907, -5.4879 0.5591 1.9964, -5.4734 0.5591 2.0102, -5.4693 0.5591 2.0142, -5.4513 0.5591 2.0249, -5.4494 0.5591 2.026, -5.426 0.5591 2.0333, -5.4668 0.5591 1.2638, -5.4874 0.5591 1.2884, 0.128 0.5591 1.9738, 0.128 0.5591 1.3167, -0.25 0.5591 1.925, 0.1141 0.5591 1.2898, 0.091 0.5591 1.2624, 0.0663 0.5591 1.244, -0.25 0.5591 1.057, -0.25 0.5591 2.0354, 0.0315 0.5591 2.0354, 0.1179 0.5591 1.991, 0.052 0.5591 2.0334, 0.0998 0.5591 2.0106, 0.0774 0.5591 2.025, -0.25 -0.0429 1.4685, -0.3425 -0.0429 1.4685, -0.25 0.3412 0.9685, -0.3425 0.3412 0.9685, -0.3425 0.3412 0.9685
            ]
        }
        coordIndex [
            0,1,2,-1,2,1,3,-1,4,5,6,-1,6,5,7,-1,8,9,10,-1,11,12,13,-1,11,13,14,-1,15,13,16,-1,16,13,17,-1,8,10,13,-1,13,10,18,-1,13,18,19,-1,19,20,13,-1,13,20,21,-1,13,21,22,-1,22,23,13,-1,13,23,24,-1,13,24,14,-1,15,25,13,-1,13,25,26,-1,13,26,8,-1,27,28,29,-1,29,28,30,-1,30,31,29,-1,29,31,32,-1,29,32,33,-1,29,34,27,-1,27,34,35,-1,27,35,36,-1,36,35,37,-1,36,37,38,-1,38,37,39,-1,40,41,42,-1,42,41,43,-1,
        ]
    }
}
Shape{
    appearance Appearance {
        material  Material 	{
            diffuseColor 0.7529411764705882 0.7529411764705882 0.7529411764705882
            specularColor 0.6627450980392157 0.6627450980392157 0.6627450980392157
            ambientIntensity 0.2
            transparency 0
            shininess 0.5
        }
    }
    geometry IndexedFaceSet {
        ccw TRUE
        solid FALSE
        coord DEF co Coordinate {
            point [
                -5.1614 0.752 0.6378, -5.1614 0.7126 0.7362, -0.2126 0.752 0.6378, -0.2126 0.7126 0.7362, -0.2126 0.7126 0.7362
            ]
        }
        coordIndex [
            0,1,2,-1,2,1,3,-1,
        ]
    }
}
Shape{
    appearance Appearance {
        material  Material 	{
            diffuseColor 0.25098039215686274 0.25098039215686274 0.25098039215686274
            specularColor 0.12549019607843137 0.12549019607843137 0.12549019607843137
            ambientIntensity 0.2
            transparency 0
            shininess 0.5
        }
    }
    geometry IndexedFaceSet {
        ccw TRUE
        solid FALSE
        coord DEF co Coordinate {
            point [
                -5.124 0.5472 1.0433, -5.124 0.7126 0.9685, -5.124 0.3839 1.0433, -5.124 0.3412 0.9685, -5.124 -0.0157 1.6969, -5.124 -0.0429 1.4685, -5.124 -0.1102 1.5354, -5.124 0.5499 1.0437, -5.124 0.5524 1.0447, -5.124 0.5546 1.0463, -5.124 -0.2165 2.0472, -5.124 0.0399 2.0472, -5.124 0.031 2.0467, -5.124 0.0177 2.044, -5.124 0.0058 2.039, -5.124 -0.004 2.032, -5.124 -0.0135 2.019, -5.124 -0.015 2.0142, -5.124 -0.0157 2.0079, -5.124 0.5565 1.0485, -5.124 0.5579 1.0511, -5.124 0.7126 1.0433, -5.124 -0.008 2.028, -5.124 -0.0111 2.0236, -5.124 -0.2546 2.0181, -5.124 -0.2506 2.0276, -5.124 -0.2267 2.0459, -5.124 -0.2444 2.0357, -5.124 -0.2362 2.042, -5.124 -0.2559 2.0079, -5.124 -0.2559 1.7126, -5.124 0.5591 1.925, -5.124 0.6702 1.722, -5.124 0.5591 1.057, -5.124 0.5588 1.054, -5.124 0.4921 2.0472, -5.124 0.5472 2.0472, -5.124 0.5591 2.0354, -5.124 0.5588 2.0381, -5.124 0.5524 2.0461, -5.124 0.5499 2.0469, -5.124 0.5579 2.0406, -5.124 0.5565 2.0428, -5.124 0.5546 2.0447, -0.25 0.5503 2.0468, -0.25 0.5531 2.0457, -0.25 0.5472 2.0472, -0.25 0.5556 2.0438, -0.25 0.5575 2.0413, -0.25 0.5591 1.925, -0.25 0.4921 2.0472, -0.25 0.5591 2.0354, -0.25 0.5587 2.0385, -0.25 0.5546 1.0463, -0.25 0.5524 1.0447, -0.25 0.7126 0.9685, -0.25 0.5565 1.0485, -0.25 0.5499 1.0437, -0.25 0.5472 1.0433, -0.25 0.3412 0.9685, -0.25 0.3839 1.0433, -0.25 -0.0429 1.4685, -0.25 -0.0157 1.6969, -0.25 -0.1102 1.5354, -0.25 0.0058 2.039, -0.25 0.0177 2.044, -0.25 -0.2165 2.0472, -0.25 0.031 2.0467, -0.25 0.0399 2.0472, -0.25 -0.2506 2.0276, -0.25 -0.2546 2.0181, -0.25 -0.0157 2.0079, -0.25 -0.2559 2.0079, -0.25 -0.2559 1.7126, -0.25 -0.0135 2.019, -0.25 -0.0111 2.0236, -0.25 0.7126 1.0433, -0.25 0.6702 1.722, -0.25 -0.2267 2.0459, -0.25 -0.2362 2.042, -0.25 -0.2444 2.0357, -0.25 -0.008 2.028, -0.25 -0.004 2.032, -0.25 0.5591 1.057, -0.25 0.5588 1.054, -0.25 0.5579 1.0511, -0.25 -0.015 2.0142, -0.25 -0.015 2.0142
            ]
        }
        coordIndex [
            0,1,2,-1,2,1,3,-1,2,3,4,-1,4,3,5,-1,4,5,6,-1,0,7,1,-1,1,7,8,-1,1,8,9,-1,10,11,12,-1,12,13,10,-1,10,13,14,-1,10,14,15,-1,16,17,10,-1,10,17,18,-1,9,19,1,-1,1,19,20,-1,1,20,21,-1,15,22,10,-1,10,22,23,-1,10,23,16,-1,24,25,26,-1,26,25,27,-1,26,27,28,-1,26,10,24,-1,24,10,18,-1,24,18,29,-1,29,18,4,-1,29,4,30,-1,30,4,6,-1,31,32,33,-1,33,32,21,-1,33,21,34,-1,34,21,20,-1,35,31,36,-1,36,31,37,-1,38,39,37,-1,37,39,40,-1,37,40,36,-1,38,41,39,-1,39,41,42,-1,39,42,43,-1,44,45,46,-1,46,45,47,-1,46,47,48,-1,49,50,51,-1,51,50,46,-1,51,46,52,-1,52,46,48,-1,53,54,55,-1,53,55,56,-1,54,57,55,-1,55,57,58,-1,55,58,59,-1,59,58,60,-1,59,60,61,-1,61,60,62,-1,61,62,63,-1,64,65,66,-1,66,65,67,-1,66,67,68,-1,69,70,71,-1,71,70,72,-1,71,72,62,-1,62,72,73,-1,62,73,63,-1,66,74,75,-1,76,77,49,-1,78,79,71,-1,71,79,80,-1,71,80,69,-1,75,81,66,-1,66,81,82,-1,66,82,64,-1,49,83,76,-1,76,83,84,-1,76,84,55,-1,55,84,85,-1,55,85,56,-1,78,71,66,-1,66,71,86,-1,66,86,74,-1,
        ]
    }
}
Shape{
    appearance Appearance {
        material  Material 	{
            diffuseColor 0.7529411764705882 0.7529411764705882 0.7529411764705882
            specularColor 0.6627450980392157 0.6627450980392157 0.6627450980392157
            ambientIntensity 0.2
            transparency 0
            shininess 0.5
        }
    }
    geometry IndexedFaceSet {
        ccw TRUE
        solid FALSE
        coord DEF co Coordinate {
            point [
                -5.1614 0.752 0.5118, -5.1614 0.752 0.6378, -0.2126 0.752 0.5118, -0.2126 0.752 0.6378, -5.124 0.5472 1.0433, -5.4463 0.5472 1.2338, -5.124 0.5499 1.0437, -5.4462 0.5492 1.234, -5.4461 0.5499 1.2341, -5.4458 0.552 1.2347, -5.124 0.5524 1.0447, -5.4457 0.5523 1.2348, -5.445 0.5545 1.236, -5.124 0.5546 1.0463, -5.445 0.5546 1.236, -5.444 0.5565 1.2376, -5.124 0.5565 1.0485, -5.124 0.5579 1.0511, -5.444 0.5566 1.2377, -5.4429 0.5578 1.2396, -5.124 0.5588 1.054, -5.4427 0.5581 1.2399, -5.4416 0.5587 1.2417, -5.124 0.5591 1.057, -5.4413 0.5589 1.2423, -5.4403 0.5591 1.244, -5.4463 0.3839 1.2338, -5.124 0.3839 1.0433, -5.124 0.3839 1.0433
            ]
        }
        coordIndex [
            0,1,2,-1,2,1,3,-1,4,5,6,-1,6,5,7,-1,7,8,6,-1,6,8,9,-1,6,9,10,-1,9,11,10,-1,10,11,12,-1,10,12,13,-1,12,14,13,-1,13,14,15,-1,13,15,16,-1,16,15,17,-1,15,18,17,-1,17,18,19,-1,17,19,20,-1,19,21,20,-1,20,21,22,-1,20,22,23,-1,23,22,24,-1,23,24,25,-1,5,4,26,-1,26,4,27,-1,
        ]
    }
}
Shape{
    appearance Appearance {
        material  Material 	{
            diffuseColor 0.25098039215686274 0.25098039215686274 0.25098039215686274
            specularColor 0.12549019607843137 0.12549019607843137 0.12549019607843137
            ambientIntensity 0.2
            transparency 0
            shininess 0.5
        }
    }
    geometry IndexedFaceSet {
        ccw TRUE
        solid FALSE
        coord DEF co Coordinate {
            point [
                -5.124 0.3839 1.0433, -5.124 -0.0157 1.6969, -5.4955 0.3557 1.3089, -5.4967 0.357 1.3075, -5.499 0.3604 1.3034, -5.4992 0.3609 1.3026, -5.4996 0.3619 1.3013, -5.4999 0.3636 1.2986, -5.5002 0.3655 1.2958, -5.5 0.367 1.2932, -5.499 0.3689 1.2894, -5.4981 0.3708 1.2859, -5.4967 0.3723 1.2825, -5.4944 0.3737 1.2788, -5.4463 0.3839 1.2338, -5.4911 0.3758 1.2735, -5.4715 0.3817 1.2523, -5.124 0.0399 2.0472, -5.4055 0.3214 2.0472, -5.124 0.031 2.0467, -5.408 0.3189 2.047, -5.4131 0.3138 2.0455, -5.4157 0.3113 2.0445, -5.124 0.0177 2.044, -5.4093 0.3176 2.0469, -5.41 0.317 2.0466, -5.4106 0.3164 2.0464, -5.4166 0.3104 2.0438, -5.4182 0.3087 2.0426, -5.124 0.0058 2.039, -5.4216 0.3054 2.04, -5.4225 0.3044 2.0388, -5.124 -0.004 2.032, -5.4229 0.304 2.0383, -5.4251 0.3019 2.0355, -5.4265 0.3004 2.0337, -5.4274 0.2996 2.0319, -5.124 -0.008 2.028, -5.4286 0.2983 2.0292, -5.4305 0.2965 2.0253, -5.124 -0.0111 2.0236, -5.4309 0.296 2.0235, -5.124 -0.0135 2.019, -5.4312 0.2957 2.0223, -5.4334 0.2936 2.0079, -5.124 -0.0157 2.0079, -5.4328 0.2941 2.0142, -5.124 -0.015 2.0142, -5.4328 0.2942 2.015, -5.4326 0.2943 2.0167, -5.4055 0.5591 2.0354, -5.4055 0.5589 2.0374, -5.124 0.5591 2.0354, -5.124 0.5588 2.0381, -5.4055 0.5587 2.038, -5.4055 0.5581 2.0402, -5.124 0.5579 2.0406, -5.4055 0.5578 2.0405, -5.4055 0.5566 2.0427, -5.124 0.5565 2.0428, -5.4055 0.5565 2.0428, -5.4055 0.5546 2.0447, -5.124 0.5546 2.0447, -5.124 0.5524 2.0461, -5.4055 0.5545 2.0447, -5.4055 0.5523 2.046, -5.124 0.5499 2.0469, -5.4055 0.552 2.0462, -5.4055 0.5499 2.0469, -5.124 0.5472 2.0472, -5.4055 0.5492 2.0471, -5.4055 0.5472 2.0472, 0.0315 0.5472 2.0472, 0.0315 0.5492 2.0471, -0.25 0.5472 2.0472, -0.25 0.5503 2.0468, 0.0315 0.5503 2.0468, 0.0315 0.552 2.0462, -0.25 0.5531 2.0457, 0.0315 0.5531 2.0456, 0.0315 0.5545 2.0447, -0.25 0.5556 2.0438, 0.0315 0.5555 2.0437, 0.0315 0.5566 2.0427, -0.25 0.5575 2.0413, 0.0315 0.5574 2.0413, -0.25 0.5587 2.0385, 0.0315 0.5581 2.0402, 0.0315 0.5586 2.0385, -0.25 0.5591 2.0354, 0.0315 0.5589 2.0374, 0.0315 0.5591 2.0354, 0.0593 0.2936 2.0079, 0.059 0.2939 2.0142, -0.25 -0.0157 2.0079, -0.25 -0.015 2.0142, -0.25 -0.0135 2.019, 0.0588 0.2941 2.015, -0.25 -0.0111 2.0236, 0.0573 0.2956 2.0223, 0.057 0.2959 2.0236, -0.25 -0.008 2.028, 0.0546 0.2983 2.0293, -0.25 -0.004 2.032, 0.0535 0.2994 2.032, 0.051 0.3019 2.0355, -0.25 0.0058 2.039, 0.0486 0.3043 2.039, 0.0466 0.3063 2.0406, -0.25 0.0177 2.044, 0.0442 0.3087 2.0426, 0.0426 0.3103 2.044, -0.25 0.031 2.0467, 0.0391 0.3138 2.0454, 0.0315 0.3214 2.0472, -0.25 0.0399 2.0472, 0.034 0.3189 2.047, 0.036 0.317 2.0467, 0.1214 0.3557 1.3089, -0.25 -0.0157 1.6969, -0.25 0.3839 1.0433, 0.1252 0.3692 1.2891, 0.1259 0.3663 1.2942, 0.1243 0.3706 1.2863, 0.1251 0.3609 1.3026, 0.125 0.3605 1.3031, 0.1242 0.3591 1.305, 0.0723 0.3839 1.2338, 0.0975 0.3817 1.2523, 0.1171 0.3758 1.2735, 0.1262 0.3651 1.2963, 0.1261 0.3642 1.2978, 0.1196 0.3745 1.2771, 0.1205 0.3738 1.2788, 0.1232 0.3715 1.2842, -0.25 0.5472 1.0433, 0.0723 0.5472 1.2338, 0.0723 0.5472 1.2338
            ]
        }
        coordIndex [
            0,1,2,-1,2,3,0,-1,0,3,4,-1,0,4,5,-1,5,6,0,-1,0,6,7,-1,0,7,8,-1,8,9,0,-1,0,9,10,-1,0,10,11,-1,11,12,0,-1,0,12,13,-1,0,13,14,-1,14,13,15,-1,14,15,16,-1,17,18,19,-1,19,18,20,-1,21,22,23,-1,20,24,19,-1,19,24,25,-1,19,25,23,-1,23,25,26,-1,23,26,21,-1,22,27,23,-1,23,27,28,-1,23,28,29,-1,28,30,29,-1,29,30,31,-1,29,31,32,-1,32,31,33,-1,32,33,34,-1,34,35,32,-1,32,35,36,-1,32,36,37,-1,36,38,37,-1,37,38,39,-1,37,39,40,-1,40,39,41,-1,40,41,42,-1,42,41,43,-1,44,45,46,-1,46,45,47,-1,46,47,48,-1,48,47,42,-1,48,42,49,-1,49,42,43,-1,50,51,52,-1,52,51,53,-1,51,54,53,-1,53,54,55,-1,53,55,56,-1,55,57,56,-1,56,57,58,-1,56,58,59,-1,58,60,59,-1,59,60,61,-1,59,61,62,-1,62,61,63,-1,61,64,63,-1,63,64,65,-1,63,65,66,-1,65,67,66,-1,66,67,68,-1,66,68,69,-1,69,68,70,-1,69,70,71,-1,72,73,74,-1,74,73,75,-1,73,76,75,-1,75,76,77,-1,75,77,78,-1,77,79,78,-1,78,79,80,-1,78,80,81,-1,80,82,81,-1,81,82,83,-1,81,83,84,-1,84,83,85,-1,84,85,86,-1,85,87,86,-1,86,87,88,-1,86,88,89,-1,89,88,90,-1,89,90,91,-1,92,93,94,-1,94,93,95,-1,95,93,96,-1,96,93,97,-1,96,97,98,-1,97,99,98,-1,98,99,100,-1,98,100,101,-1,101,100,102,-1,101,102,103,-1,102,104,103,-1,103,104,105,-1,103,105,106,-1,105,107,106,-1,106,107,108,-1,106,108,109,-1,108,110,109,-1,109,110,111,-1,109,111,112,-1,112,111,113,-1,114,115,116,-1,116,115,112,-1,116,112,117,-1,117,112,113,-1,118,119,120,-1,121,122,120,-1,121,120,123,-1,124,125,120,-1,120,125,126,-1,120,126,118,-1,127,128,129,-1,122,130,120,-1,120,130,131,-1,120,131,124,-1,129,132,127,-1,127,132,133,-1,127,133,120,-1,120,133,134,-1,120,134,123,-1,135,136,120,-1,120,136,127,-1,
        ]
    }
}
Shape{
    appearance Appearance {
        material  Material 	{
            diffuseColor 0.7529411764705882 0.7529411764705882 0.7529411764705882
            specularColor 0.6627450980392157 0.6627450980392157 0.6627450980392157
            ambientIntensity 0.2
            transparency 0
            shininess 0.5
        }
    }
    geometry IndexedFaceSet {
        ccw TRUE
        solid FALSE
        coord DEF co Coordinate {
            point [
                -0.25 0.5591 1.057, 0.0663 0.5591 1.244, -0.25 0.5588 1.054, 0.0673 0.5589 1.2423, 0.0676 0.5587 1.2417, 0.0687 0.5581 1.2399, -0.25 0.5579 1.0511, 0.0688 0.5578 1.2396, 0.0699 0.5566 1.2377, -0.25 0.5565 1.0485, 0.07 0.5565 1.2376, 0.0709 0.5546 1.236, -0.25 0.5546 1.0463, -0.25 0.5524 1.0447, 0.071 0.5545 1.236, 0.0716 0.5523 1.2348, -0.25 0.5499 1.0437, 0.0718 0.552 1.2347, 0.0721 0.5499 1.2341, -0.25 0.5472 1.0433, 0.0722 0.5492 1.234, 0.0723 0.5472 1.2338, -0.2126 0.752 0.5118, -0.2126 0.8996 0.5118, -5.1614 0.752 0.5118, -5.1614 0.8996 0.5118, -5.4714 0.5472 1.2525, -5.4731 0.5472 1.2538, -5.473 0.5492 1.2539, -5.5024 0.551 1.2916, -5.5024 0.5513 1.2918, -5.4972 0.552 1.2838, -5.4668 0.5591 1.2638, -5.465 0.5591 1.2625, -5.4664 0.5589 1.261, -5.4403 0.5591 1.244, -5.4898 0.5589 1.2887, -5.4881 0.5591 1.2897, -5.4874 0.5591 1.2884, -5.502 0.5591 1.3167, -5.502 0.5586 1.3121, -5.4921 0.5581 1.2872, -5.5021 0.5562 1.2984, -5.502 0.5577 1.303, -5.502 0.5579 1.3051, -5.5022 0.5544 1.2949, -5.5022 0.5545 1.2952, -5.4959 0.5545 1.2847, -5.4942 0.5566 1.2858, -5.5023 0.553 1.2932, -5.5026 0.5472 1.2907, -5.5025 0.5487 1.2908, -5.4979 0.5492 1.2834, -5.5025 0.5492 1.2909, -5.5024 0.5496 1.291, -5.495 0.5472 1.2798, -5.498 0.5472 1.2833, -5.4463 0.5472 1.2338, -5.4724 0.552 1.2545, -5.4461 0.5499 1.2341, -5.4462 0.5492 1.234, -5.445 0.5546 1.236, -5.445 0.5545 1.236, -5.4714 0.5545 1.2556, -5.4457 0.5523 1.2348, -5.4458 0.552 1.2347, -5.4683 0.5581 1.2589, -5.4429 0.5578 1.2396, -5.47 0.5566 1.2571, -5.444 0.5566 1.2377, -5.444 0.5565 1.2376, -5.4413 0.5589 1.2423, -5.4416 0.5587 1.2417, -5.4427 0.5581 1.2399, -5.5104 0.3903 1.3062, -5.5021 0.384 1.2901, -5.5016 0.3836 1.289, -5.4463 0.3839 1.2338, -5.4715 0.3817 1.2523, -5.4911 0.3758 1.2735, -5.4952 0.3789 1.2796, -5.4944 0.3737 1.2788, -5.4983 0.3585 1.314, -5.5026 0.3629 1.3244, -5.5075 0.369 1.3198, -5.4967 0.357 1.3075, -5.4955 0.3557 1.3089, -5.5001 0.3618 1.3042, -5.4992 0.3609 1.3026, -5.499 0.3604 1.3034, -5.4996 0.3619 1.3013, -5.5016 0.3651 1.3015, -5.4999 0.3636 1.2986, -5.5002 0.3655 1.2958, -5.5026 0.3687 1.2988, -5.5 0.367 1.2932, -5.5032 0.3725 1.2962, -5.499 0.3689 1.2894, -5.5033 0.3764 1.2939, -5.4981 0.3708 1.2859, -5.4967 0.3723 1.2825, -5.5029 0.3803 1.2918, -5.5106 0.3864 1.3072, -5.5106 0.3866 1.3071, -5.5107 0.3851 1.3077, -5.5108 0.3826 1.3093, -5.5108 0.3818 1.3099, -5.5109 0.3807 1.3109, -5.511 0.3778 1.3147, -5.5106 0.3759 1.3157, -5.511 0.3775 1.315, -5.5111 0.3766 1.3167, -5.5113 0.3729 1.332, -5.5113 0.3731 1.3282, -5.5112 0.3735 1.326, -5.5111 0.3764 1.3172, -5.507 0.3673 1.3351, -5.5113 0.3716 1.3561, -5.511 0.3793 1.3127, -5.511 0.3793 1.3127
            ]
        }
        coordIndex [
            0,1,2,-1,2,1,3,-1,3,4,2,-1,2,4,5,-1,2,5,6,-1,5,7,6,-1,6,7,8,-1,6,8,9,-1,8,10,9,-1,9,10,11,-1,9,11,12,-1,12,11,13,-1,11,14,13,-1,13,14,15,-1,13,15,16,-1,15,17,16,-1,16,17,18,-1,16,18,19,-1,19,18,20,-1,19,20,21,-1,22,23,24,-1,24,23,25,-1,26,27,28,-1,29,30,31,-1,32,33,34,-1,34,33,35,-1,36,37,38,-1,39,37,40,-1,40,37,36,-1,40,36,41,-1,42,43,41,-1,41,43,44,-1,41,44,40,-1,45,46,47,-1,47,46,42,-1,47,42,48,-1,48,42,41,-1,31,30,47,-1,47,30,49,-1,47,49,45,-1,50,51,52,-1,52,51,53,-1,52,53,31,-1,31,53,54,-1,31,54,29,-1,27,55,52,-1,52,55,56,-1,52,56,50,-1,26,28,57,-1,58,59,28,-1,28,59,60,-1,28,60,57,-1,61,62,63,-1,63,62,64,-1,63,64,58,-1,58,64,65,-1,58,65,59,-1,66,67,68,-1,68,67,69,-1,68,69,63,-1,63,69,70,-1,63,70,61,-1,35,71,34,-1,34,71,72,-1,34,72,66,-1,66,72,73,-1,66,73,67,-1,27,52,28,-1,28,52,31,-1,28,31,58,-1,58,31,47,-1,58,47,63,-1,63,47,48,-1,63,48,68,-1,68,48,41,-1,68,41,66,-1,66,41,36,-1,66,36,34,-1,34,36,38,-1,34,38,32,-1,74,50,75,-1,75,50,56,-1,75,56,76,-1,76,56,55,-1,57,77,26,-1,26,77,78,-1,26,78,27,-1,27,78,79,-1,27,79,55,-1,55,79,80,-1,55,80,76,-1,80,79,81,-1,82,83,84,-1,85,86,82,-1,87,88,89,-1,85,82,89,-1,88,87,90,-1,90,87,91,-1,90,91,92,-1,92,91,93,-1,93,91,94,-1,93,94,95,-1,95,94,96,-1,95,96,97,-1,97,96,98,-1,97,98,99,-1,99,98,100,-1,100,98,101,-1,100,101,81,-1,101,102,103,-1,80,81,76,-1,76,81,101,-1,76,101,75,-1,75,101,103,-1,75,103,74,-1,102,101,104,-1,104,101,98,-1,104,98,105,-1,105,98,106,-1,106,98,96,-1,106,96,107,-1,108,109,110,-1,110,109,111,-1,112,113,84,-1,84,113,114,-1,84,114,109,-1,109,114,115,-1,109,115,111,-1,84,83,112,-1,112,83,116,-1,112,116,117,-1,89,82,87,-1,87,82,84,-1,87,84,91,-1,91,84,109,-1,91,109,94,-1,94,109,108,-1,94,108,96,-1,96,108,118,-1,96,118,107,-1,
        ]
    }
}
Shape{
    appearance Appearance {
        material  Material 	{
            diffuseColor 0.25098039215686274 0.25098039215686274 0.25098039215686274
            specularColor 0.12549019607843137 0.12549019607843137 0.12549019607843137
            ambientIntensity 0.2
            transparency 0
            shininess 0.5
        }
    }
    geometry IndexedFaceSet {
        ccw TRUE
        solid FALSE
        coord DEF co Coordinate {
            point [
                -5.4789 0.3391 1.9934, -5.4816 0.3419 1.9908, -5.124 -0.0157 1.6969, -5.494 0.3542 1.9794, -5.507 0.3673 1.3351, -5.5026 0.3629 1.3244, -5.4983 0.3585 1.314, -5.4955 0.3557 1.3089, -5.124 -0.0157 2.0079, -5.4334 0.2936 2.0079, -5.5007 0.3609 1.9695, -5.5025 0.3628 1.9667, -5.5081 0.3683 1.9539, -5.4571 0.3174 2.0042, -5.4584 0.3186 2.0036, -5.5113 0.3716 1.94, -5.5113 0.3716 1.3561, -5.4394 0.3175 2.0355, -5.4411 0.3154 2.0329, -5.4251 0.3019 2.0355, -5.474 0.3671 2.0253, -5.4779 0.3697 2.0218, -5.4794 0.3678 2.0212, -5.4543 0.3539 2.0361, -5.4609 0.3583 2.0325, -5.4628 0.3564 2.0323, -5.4245 0.334 2.0457, -5.4245 0.334 2.0457, -5.4268 0.3317 2.0452, -5.4969 0.3681 1.9999, -5.4963 0.3721 2.003, -5.508 0.3811 1.986, -5.4857 0.3749 2.0147, -5.4935 0.3801 2.0076, -5.4952 0.3761 2.0056, -5.4265 0.3004 2.0337, -5.5106 0.3873 1.9827, -5.5106 0.3871 1.9826, -5.5076 0.385 1.9881, -5.5113 0.3724 1.959, -5.5113 0.3729 1.961, -5.5049 0.3666 1.9754, -5.5112 0.375 1.9701, -5.5064 0.3698 1.9782, -5.5111 0.3767 1.9733, -5.5074 0.3734 1.981, -5.511 0.3778 1.9753, -5.511 0.3788 1.9768, -5.5108 0.3832 1.9807, -5.5108 0.382 1.9799, -5.5079 0.3772 1.9836, -5.5104 0.3913 1.9835, -5.4312 0.2957 2.0223, -5.4309 0.296 2.0235, -5.4454 0.3091 2.0203, -5.4305 0.2965 2.0253, -5.4437 0.3118 2.0269, -5.4286 0.2983 2.0292, -5.4274 0.2996 2.0319, -5.4328 0.2942 2.015, -5.4326 0.2943 2.0167, -5.4591 0.3222 2.016, -5.4328 0.2941 2.0142, -5.4591 0.3201 2.0099, -5.503 0.3636 1.9725, -5.4834 0.3441 1.9958, -5.4785 0.3701 2.0213, -5.4806 0.3657 2.0199, -5.495 0.3811 2.0062, -5.4984 0.3834 2.0011, -5.5063 0.3886 1.9895, -5.4881 0.3711 2.0131, -5.4825 0.3615 2.017, -5.4839 0.3574 2.0135, -5.4847 0.3535 2.0095, -5.5107 0.3835 1.9809, -5.497 0.3642 1.9966, -5.4965 0.3607 1.993, -5.4849 0.3499 2.0051, -5.4844 0.3467 2.0005, -5.4055 0.3214 2.0472, -5.408 0.3189 2.047, -5.4093 0.3176 2.0469, -5.4274 0.3359 2.0449, -5.4431 0.3464 2.0406, -5.4452 0.3443 2.0403, -5.4493 0.3505 2.0388, -5.4356 0.3221 2.04, -5.4166 0.3104 2.0438, -5.4335 0.3244 2.0418, -5.4157 0.3113 2.0445, -5.4313 0.3269 2.0432, -5.4131 0.3138 2.0455, -5.4291 0.3293 2.0444, -5.4106 0.3164 2.0464, -5.41 0.317 2.0466, -5.4229 0.304 2.0383, -5.4225 0.3044 2.0388, -5.4376 0.3197 2.0379, -5.4216 0.3054 2.04, -5.4182 0.3087 2.0426, -5.4471 0.342 2.0392, -5.4644 0.3542 2.0311, -5.449 0.3397 2.0379, -5.4658 0.352 2.0297, -5.4507 0.3374 2.0363, -5.4672 0.3498 2.0281, -5.4524 0.3351 2.0345, -5.4695 0.3455 2.0243, -5.4539 0.3329 2.0324, -5.4711 0.3415 2.0198, -5.4564 0.3288 2.0276, -5.472 0.3379 2.0148, -5.4582 0.3252 2.022, -5.4055 0.5472 2.0472, -5.4274 0.5472 2.0451, -5.4787 0.5472 2.0214, -5.4565 0.5472 2.0357, -5.4545 0.5472 2.0363, -5.4283 0.5472 2.045, -5.5026 0.5472 1.9965, -5.5015 0.5472 1.9979, -5.4986 0.5472 2.0011, -5.4814 0.5472 2.0196, -5.4241 0.5591 2.0339, -5.426 0.5591 2.0333, -5.4264 0.5589 2.0354, -5.4879 0.5591 1.9964, -5.4914 0.5591 1.9907, -5.4936 0.5589 1.9922, -5.502 0.5591 1.9738, -5.502 0.559 1.9753, -5.502 0.559 1.9774, -5.4693 0.5591 2.0142, -5.4734 0.5591 2.0102, -5.4751 0.5589 2.0121, -5.4494 0.5591 2.026, -5.4522 0.5589 2.0268, -5.4513 0.5591 2.0249, -5.4055 0.5591 2.0354, -5.427 0.5581 2.0381, -5.4055 0.5587 2.038, -5.4055 0.5589 2.0374, -5.4275 0.5566 2.0406, -5.4055 0.5578 2.0405, -5.4055 0.5581 2.0402, -5.4055 0.5545 2.0447, -5.4055 0.5546 2.0447, -5.4279 0.5545 2.0426, -5.4055 0.5565 2.0428, -5.4055 0.5566 2.0427, -5.4055 0.5523 2.046, -5.4281 0.552 2.044, -5.4055 0.552 2.0462, -5.4283 0.5492 2.0449, -5.4055 0.5499 2.0469, -5.4055 0.5492 2.0471, -5.4564 0.5492 2.0355, -5.4813 0.5492 2.0195, -5.5014 0.5492 1.9978, -5.5025 0.5489 1.9964, -5.5025 0.5492 1.9963, -5.5007 0.552 1.9973, -5.5023 0.5516 1.9953, -5.5024 0.5498 1.9961, -5.4995 0.5545 1.9964, -5.5022 0.5541 1.993, -5.5023 0.5522 1.9949, -5.4978 0.5566 1.9952, -5.5022 0.5547 1.9922, -5.5022 0.5545 1.9925, -5.4958 0.5581 1.9938, -5.5021 0.5569 1.9881, -5.5021 0.5565 1.9888, -5.502 0.5588 1.9782, -5.502 0.5579 1.9838, -5.5021 0.5573 1.9868, -5.4534 0.5581 2.0293, -5.4545 0.5566 2.0316, -5.4554 0.5545 2.0334, -5.456 0.552 2.0348, -5.4769 0.5581 2.0142, -5.4785 0.5566 2.0162, -5.4798 0.5545 2.0177, -5.4808 0.552 2.0189, -5.4808 0.552 2.0189
            ]
        }
        coordIndex [
            0,1,2,-1,2,1,3,-1,4,5,2,-1,2,5,6,-1,2,6,7,-1,2,8,9,-1,3,10,2,-1,2,10,11,-1,2,11,12,-1,9,13,2,-1,2,13,14,-1,2,14,0,-1,12,15,2,-1,2,15,16,-1,2,16,4,-1,17,18,19,-1,20,21,22,-1,23,24,25,-1,26,27,28,-1,29,30,31,-1,32,33,34,-1,19,18,35,-1,36,37,38,-1,15,12,39,-1,39,12,11,-1,39,11,40,-1,40,41,42,-1,42,41,43,-1,42,43,44,-1,44,43,45,-1,44,45,46,-1,46,45,47,-1,48,49,50,-1,36,38,51,-1,52,53,54,-1,54,53,55,-1,54,55,56,-1,56,55,57,-1,56,57,18,-1,18,57,58,-1,18,58,35,-1,59,60,61,-1,9,62,13,-1,13,62,63,-1,13,63,14,-1,40,11,41,-1,41,11,64,-1,41,64,65,-1,21,66,22,-1,22,66,32,-1,22,32,67,-1,33,68,34,-1,34,68,69,-1,34,69,38,-1,38,69,70,-1,38,70,51,-1,67,71,72,-1,72,71,30,-1,72,30,73,-1,73,30,29,-1,73,29,74,-1,67,32,71,-1,71,32,34,-1,71,34,30,-1,30,34,38,-1,30,38,31,-1,31,38,37,-1,31,37,75,-1,75,48,31,-1,31,48,50,-1,31,50,29,-1,29,50,76,-1,29,76,74,-1,74,76,77,-1,74,77,78,-1,78,77,79,-1,80,26,81,-1,81,26,28,-1,81,28,82,-1,83,84,85,-1,85,84,86,-1,87,88,89,-1,89,88,90,-1,89,90,91,-1,91,90,92,-1,91,92,93,-1,93,92,94,-1,93,94,28,-1,28,94,95,-1,28,95,82,-1,19,96,17,-1,17,96,97,-1,17,97,98,-1,98,97,99,-1,98,99,87,-1,87,99,100,-1,87,100,88,-1,86,23,85,-1,85,23,25,-1,85,25,101,-1,101,25,102,-1,101,102,103,-1,103,102,104,-1,103,104,105,-1,105,104,106,-1,105,106,107,-1,107,106,108,-1,107,108,109,-1,109,108,110,-1,109,110,111,-1,111,110,112,-1,111,112,113,-1,113,112,61,-1,27,83,28,-1,28,83,85,-1,28,85,93,-1,93,85,101,-1,93,101,91,-1,91,101,103,-1,91,103,89,-1,89,103,105,-1,89,105,87,-1,87,105,107,-1,87,107,98,-1,98,107,109,-1,98,109,17,-1,17,109,111,-1,17,111,18,-1,18,111,113,-1,18,113,56,-1,56,113,61,-1,56,61,54,-1,54,61,60,-1,54,60,52,-1,11,10,64,-1,64,10,3,-1,64,3,65,-1,65,3,1,-1,65,1,0,-1,49,47,50,-1,50,47,45,-1,50,45,76,-1,76,45,43,-1,76,43,77,-1,77,43,41,-1,77,41,79,-1,79,41,65,-1,79,65,63,-1,63,65,0,-1,63,0,14,-1,62,59,63,-1,63,59,61,-1,63,61,79,-1,79,61,112,-1,79,112,78,-1,78,112,110,-1,78,110,74,-1,74,110,108,-1,74,108,73,-1,73,108,106,-1,73,106,72,-1,72,106,104,-1,72,104,67,-1,67,104,102,-1,67,102,22,-1,22,102,25,-1,22,25,20,-1,20,25,24,-1,26,80,114,-1,115,83,114,-1,114,83,27,-1,114,27,26,-1,32,66,116,-1,116,66,21,-1,116,21,117,-1,117,21,20,-1,117,20,118,-1,20,24,118,-1,118,24,23,-1,118,23,119,-1,119,23,86,-1,119,86,115,-1,115,86,84,-1,115,84,83,-1,120,51,121,-1,121,51,70,-1,121,70,122,-1,122,70,69,-1,122,69,123,-1,123,69,68,-1,123,68,116,-1,116,68,33,-1,116,33,32,-1,124,125,126,-1,127,128,129,-1,130,131,128,-1,128,131,132,-1,128,132,129,-1,133,134,135,-1,135,134,127,-1,125,136,137,-1,137,136,138,-1,137,138,133,-1,124,126,139,-1,140,141,126,-1,126,141,142,-1,126,142,139,-1,143,144,140,-1,140,144,145,-1,140,145,141,-1,146,147,148,-1,148,147,149,-1,148,149,143,-1,143,149,150,-1,143,150,144,-1,146,148,151,-1,151,148,152,-1,151,152,153,-1,154,119,115,-1,153,152,155,-1,155,152,154,-1,155,154,156,-1,156,154,115,-1,156,115,114,-1,157,117,118,-1,158,123,116,-1,159,121,122,-1,120,121,160,-1,160,121,159,-1,160,159,161,-1,162,163,159,-1,159,163,164,-1,159,164,161,-1,165,166,162,-1,162,166,167,-1,162,167,163,-1,168,169,165,-1,165,169,170,-1,165,170,166,-1,171,172,168,-1,168,172,173,-1,168,173,169,-1,132,174,129,-1,129,174,175,-1,129,175,171,-1,171,175,176,-1,171,176,172,-1,125,137,126,-1,126,137,177,-1,126,177,140,-1,140,177,178,-1,140,178,143,-1,143,178,179,-1,143,179,148,-1,148,179,180,-1,148,180,152,-1,152,180,157,-1,152,157,154,-1,154,157,118,-1,154,118,119,-1,133,135,137,-1,137,135,181,-1,137,181,177,-1,177,181,182,-1,177,182,178,-1,178,182,183,-1,178,183,179,-1,179,183,184,-1,179,184,180,-1,180,184,158,-1,180,158,157,-1,157,158,116,-1,157,116,117,-1,127,129,135,-1,135,129,171,-1,135,171,181,-1,181,171,168,-1,181,168,182,-1,182,168,165,-1,182,165,183,-1,183,165,162,-1,183,162,184,-1,184,162,159,-1,184,159,158,-1,158,159,122,-1,158,122,123,-1,
        ]
    }
}
Shape{
    appearance Appearance {
        material  Material 	{
            diffuseColor 0.7529411764705882 0.7529411764705882 0.7529411764705882
            specularColor 0.6627450980392157 0.6627450980392157 0.6627450980392157
            ambientIntensity 0.2
            transparency 0
            shininess 0.5
        }
    }
    geometry IndexedFaceSet {
        ccw TRUE
        solid FALSE
        coord DEF co Coordinate {
            point [
                -0.5965 0.2283 1.1142, -0.5965 0.2347 1.1847, -0.6437 0.2283 1.1142, -0.6437 0.2347 1.1847, -0.9902 0.2283 1.1142, -0.9902 0.2347 1.1847, -1.0374 0.2283 1.1142, -1.0374 0.2347 1.1847, -1.3839 0.2283 1.1142, -1.3839 0.2347 1.1847, -1.4311 0.2283 1.1142, -1.4311 0.2347 1.1847, -1.7776 0.2283 1.1142, -1.7776 0.2347 1.1847, -1.8248 0.2283 1.1142, -1.8248 0.2347 1.1847, -2.1713 0.2283 1.1142, -2.1713 0.2347 1.1847, -2.2185 0.2283 1.1142, -2.2185 0.2347 1.1847, -2.565 0.2283 1.1142, -2.565 0.2347 1.1847, -2.6122 0.2283 1.1142, -2.6122 0.2347 1.1847, -2.9587 0.2283 1.1142, -2.9587 0.2347 1.1847, -3.0059 0.2283 1.1142, -3.0059 0.2347 1.1847, -3.3524 0.2283 1.1142, -3.3524 0.2347 1.1847, -3.3996 0.2283 1.1142, -3.3996 0.2347 1.1847, -3.7461 0.2283 1.1142, -3.7461 0.2347 1.1847, -3.7933 0.2283 1.1142, -3.7933 0.2347 1.1847, -4.1398 0.2283 1.1142, -4.1398 0.2347 1.1847, -4.187 0.2283 1.1142, -4.187 0.2347 1.1847, -4.5335 0.2283 1.1142, -4.5335 0.2347 1.1847, -4.5807 0.2283 1.1142, -4.5807 0.2347 1.1847, -4.9272 0.2283 1.1142, -4.9272 0.2347 1.1847, -4.9744 0.2283 1.1142, -4.9744 0.2347 1.1847, -4.9744 0.2347 1.1847
            ]
        }
        coordIndex [
            0,1,2,-1,2,1,3,-1,4,5,6,-1,6,5,7,-1,8,9,10,-1,10,9,11,-1,12,13,14,-1,14,13,15,-1,16,17,18,-1,18,17,19,-1,20,21,22,-1,22,21,23,-1,24,25,26,-1,26,25,27,-1,28,29,30,-1,30,29,31,-1,32,33,34,-1,34,33,35,-1,36,37,38,-1,38,37,39,-1,40,41,42,-1,42,41,43,-1,44,45,46,-1,46,45,47,-1,
        ]
    }
}
Shape{
    appearance Appearance {
        material  Material 	{
            diffuseColor 0.25098039215686274 0.25098039215686274 0.25098039215686274
            specularColor 0.12549019607843137 0.12549019607843137 0.12549019607843137
            ambientIntensity 0.2
            transparency 0
            shininess 0.5
        }
    }
    geometry IndexedFaceSet {
        ccw TRUE
        solid FALSE
        coord DEF co Coordinate {
            point [
                0.0534 0.5472 2.0451, 0.0543 0.5472 2.045, 0.0543 0.5492 2.0449, 0.0805 0.5472 2.0363, 0.0825 0.5472 2.0357, 0.0824 0.5492 2.0355, 0.1047 0.5472 2.0214, 0.1074 0.5472 2.0196, 0.1073 0.5492 2.0195, 0.1284 0.5507 1.9958, 0.1283 0.552 1.995, 0.1267 0.552 1.9973, 0.128 0.5587 1.978, 0.1195 0.5589 1.9922, 0.1218 0.5581 1.9938, 0.1281 0.5565 1.9888, 0.1281 0.5567 1.9886, 0.128 0.5583 1.983, 0.1283 0.5531 1.9941, 0.1282 0.5549 1.9919, 0.1255 0.5545 1.9964, 0.1238 0.5566 1.9952, 0.1283 0.5524 1.9948, 0.1285 0.5478 1.9965, 0.1285 0.5485 1.9964, 0.1274 0.5492 1.9978, 0.1284 0.5492 1.9963, 0.1284 0.5501 1.9961, 0.1285 0.5472 1.9965, 0.1275 0.5472 1.9979, 0.1245 0.5472 2.0011, 0.0315 0.5472 2.0472, 0.0315 0.5492 2.0471, 0.0315 0.5503 2.0468, 0.0541 0.552 2.044, 0.0315 0.552 2.0462, 0.0315 0.5531 2.0456, 0.0538 0.5545 2.0426, 0.0315 0.5545 2.0447, 0.0315 0.5555 2.0437, 0.0534 0.5566 2.0406, 0.0315 0.5566 2.0427, 0.0315 0.5574 2.0413, 0.053 0.5581 2.0381, 0.0315 0.5581 2.0402, 0.0315 0.5586 2.0385, 0.0524 0.5589 2.0354, 0.0315 0.5589 2.0374, 0.128 0.5591 1.9738, 0.1179 0.5591 1.991, 0.0998 0.5591 2.0106, 0.0315 0.5591 2.0354, 0.052 0.5591 2.0334, 0.0782 0.5589 2.0268, 0.0794 0.5581 2.0293, 0.0805 0.5566 2.0316, 0.0814 0.5545 2.0334, 0.082 0.552 2.0348, 0.1067 0.552 2.0189, 0.1058 0.5545 2.0177, 0.1045 0.5566 2.0162, 0.1029 0.5581 2.0142, 0.1011 0.5589 2.0121, 0.0774 0.5591 2.025, 0.1092 0.3732 2.0181, 0.1119 0.375 2.0151, 0.1191 0.3798 2.0071, 0.1245 0.3834 2.0011, 0.1282 0.3858 1.997, 0.1325 0.3888 1.9898, 0.1363 0.3913 1.9835, 0.0804 0.354 2.0361, 0.0852 0.3572 2.0343, 0.0871 0.3585 2.033, 0.1039 0.3697 2.0216, 0.1045 0.3701 2.0212, 0.069 0.3464 2.0403, 0.059 0.3397 2.044, 0.0534 0.3359 2.0447, 0.0504 0.334 2.045, 0.0315 0.3214 2.0472, 0.0528 0.3317 2.0452, 0.123 0.3642 1.9966, 0.1107 0.3535 2.0095, 0.1109 0.3499 2.0051, 0.0841 0.3183 2.0039, 0.0844 0.3187 2.0037, 0.0851 0.3201 2.0099, 0.137 0.3712 1.9422, 0.1373 0.3716 1.94, 0.1373 0.373 1.9601, 0.1336 0.385 1.9881, 0.1365 0.3871 1.9826, 0.134 0.3811 1.986, 0.1366 0.3855 1.982, 0.1366 0.3871 1.9826, 0.1339 0.3772 1.9836, 0.1369 0.3805 1.9785, 0.1368 0.3819 1.9797, 0.1371 0.3767 1.9735, 0.1371 0.3768 1.9738, 0.1334 0.3734 1.981, 0.137 0.3773 1.9746, 0.1369 0.3797 1.9776, 0.1372 0.3733 1.9641, 0.1309 0.3666 1.9754, 0.1372 0.3738 1.9664, 0.1323 0.3698 1.9782, 0.129 0.3636 1.9725, 0.1271 0.3613 1.9693, 0.1335 0.3677 1.9556, 0.0535 0.2994 2.032, 0.0546 0.2983 2.0293, 0.0697 0.3118 2.0269, 0.057 0.2959 2.0236, 0.051 0.3019 2.0355, 0.0671 0.3154 2.0329, 0.0824 0.3288 2.0276, 0.0714 0.3091 2.0203, 0.0851 0.3222 2.016, 0.0842 0.3252 2.022, 0.098 0.3379 2.0148, 0.0971 0.3415 2.0198, 0.0593 0.2936 2.0079, 0.059 0.2939 2.0142, 0.0588 0.2941 2.015, 0.1225 0.3607 1.993, 0.1104 0.3467 2.0005, 0.1047 0.3389 1.9935, 0.1077 0.3419 1.9909, 0.1094 0.3441 1.9958, 0.1167 0.3509 1.9831, 0.1066 0.3657 2.0199, 0.1141 0.3711 2.0131, 0.1212 0.3761 2.0056, 0.1099 0.3574 2.0135, 0.1229 0.3681 1.9999, 0.1085 0.3615 2.017, 0.1223 0.3721 2.003, 0.0711 0.3443 2.0403, 0.0888 0.3564 2.0323, 0.1054 0.3678 2.0212, 0.0904 0.3542 2.0311, 0.0466 0.3063 2.0406, 0.0636 0.3197 2.0379, 0.0442 0.3087 2.0426, 0.0616 0.3221 2.04, 0.0426 0.3103 2.044, 0.0595 0.3244 2.0418, 0.0391 0.3138 2.0454, 0.0573 0.3269 2.0432, 0.036 0.317 2.0467, 0.0486 0.3043 2.039, 0.0654 0.3175 2.0355, 0.0954 0.3455 2.0243, 0.0799 0.3329 2.0324, 0.0784 0.3351 2.0345, 0.0767 0.3374 2.0363, 0.034 0.3189 2.047, 0.0551 0.3293 2.0444, 0.075 0.3397 2.0379, 0.0932 0.3498 2.0281, 0.0918 0.352 2.0297, 0.0731 0.342 2.0392, 0.0573 0.2956 2.0223, -0.25 -0.0157 2.0079, -0.25 -0.0157 1.6969, 0.1214 0.3557 1.3089, 0.1286 0.3628 1.3245, 0.132 0.3662 1.3318, 0.1368 0.371 1.3519, 0.1373 0.3716 1.3561, 0.1262 0.3651 1.2963, 0.1259 0.3663 1.2942, 0.1286 0.3687 1.2988, 0.1205 0.3738 1.2788, 0.1289 0.3803 1.2918, 0.1293 0.3764 1.2939, 0.1364 0.3903 1.3062, 0.1365 0.3888 1.3065, 0.1276 0.3836 1.2905, 0.1214 0.379 1.2795, 0.121 0.3787 1.2789, 0.1196 0.3745 1.2771, 0.1171 0.3758 1.2735, 0.1252 0.3692 1.2891, 0.1243 0.3706 1.2863, 0.1232 0.3715 1.2842, 0.1261 0.3642 1.2978, 0.125 0.3605 1.3031, 0.1251 0.3609 1.3026, 0.1261 0.3618 1.3042, 0.1276 0.3651 1.3015, 0.1335 0.369 1.3198, 0.1242 0.3591 1.305, 0.137 0.379 1.3129, 0.137 0.3779 1.3147, 0.1365 0.3759 1.3157, 0.1371 0.3764 1.3172, 0.1371 0.3762 1.3175, 0.1373 0.3721 1.3367, 0.1373 0.3729 1.3314, 0.1372 0.3741 1.3238, 0.1369 0.3809 1.3107, 0.1369 0.3792 1.3126, 0.1292 0.3725 1.2962, 0.1368 0.3826 1.3094, 0.1366 0.3864 1.3073, 0.1366 0.3853 1.3076, 0.1367 0.3839 1.3084, 0.0975 0.3817 1.2523, 0.0723 0.3839 1.2338, 0.0723 0.5472 1.2338, 0.0973 0.5472 1.2525, 0.0991 0.5472 1.2538, 0.121 0.5472 1.2798, 0.124 0.5472 1.2833, 0.1285 0.5472 1.2907, 0.1285 0.5472 1.2907
            ]
        }
        coordIndex [
            0,1,2,-1,3,4,5,-1,6,7,8,-1,9,10,11,-1,12,13,14,-1,15,16,14,-1,14,16,17,-1,14,17,12,-1,18,19,20,-1,20,19,15,-1,20,15,21,-1,21,15,14,-1,11,10,20,-1,20,10,22,-1,20,22,18,-1,23,24,25,-1,25,24,26,-1,25,26,11,-1,11,26,27,-1,11,27,9,-1,28,23,29,-1,29,23,25,-1,29,25,30,-1,30,25,7,-1,6,8,4,-1,31,0,32,-1,32,0,2,-1,32,2,33,-1,33,2,34,-1,33,34,35,-1,35,34,36,-1,36,34,37,-1,36,37,38,-1,38,37,39,-1,39,37,40,-1,39,40,41,-1,41,40,42,-1,42,40,43,-1,42,43,44,-1,44,43,45,-1,45,43,46,-1,45,46,47,-1,12,48,13,-1,13,48,49,-1,13,49,50,-1,51,47,52,-1,52,47,46,-1,52,46,53,-1,53,46,43,-1,53,43,54,-1,54,43,40,-1,54,40,55,-1,55,40,37,-1,55,37,56,-1,56,37,34,-1,56,34,57,-1,57,34,2,-1,57,2,5,-1,5,2,1,-1,5,1,3,-1,4,8,5,-1,5,8,58,-1,5,58,57,-1,57,58,59,-1,57,59,56,-1,56,59,60,-1,56,60,55,-1,55,60,61,-1,55,61,54,-1,54,61,62,-1,54,62,53,-1,53,62,63,-1,53,63,52,-1,7,25,8,-1,8,25,11,-1,8,11,58,-1,58,11,20,-1,58,20,59,-1,59,20,21,-1,59,21,60,-1,60,21,14,-1,60,14,61,-1,61,14,13,-1,61,13,62,-1,62,13,50,-1,62,50,63,-1,64,65,6,-1,6,65,66,-1,6,66,7,-1,7,66,67,-1,7,67,30,-1,30,67,68,-1,30,68,29,-1,29,68,69,-1,29,69,28,-1,28,69,70,-1,71,72,3,-1,3,72,73,-1,3,73,4,-1,4,73,74,-1,4,74,6,-1,6,74,75,-1,6,75,64,-1,71,3,76,-1,76,3,1,-1,76,1,77,-1,77,1,0,-1,77,0,78,-1,78,0,79,-1,79,0,31,-1,79,31,80,-1,78,79,81,-1,81,79,80,-1,82,83,84,-1,85,86,87,-1,88,89,90,-1,69,91,70,-1,70,91,92,-1,93,94,91,-1,91,94,95,-1,91,95,92,-1,96,97,93,-1,93,97,98,-1,93,98,94,-1,99,100,101,-1,101,100,102,-1,101,102,96,-1,96,102,103,-1,96,103,97,-1,90,104,105,-1,105,104,106,-1,99,101,106,-1,106,101,107,-1,106,107,105,-1,108,109,110,-1,111,112,113,-1,113,112,114,-1,115,111,116,-1,116,111,113,-1,116,113,117,-1,118,119,120,-1,120,119,121,-1,120,121,122,-1,123,85,124,-1,124,85,87,-1,124,87,125,-1,101,126,107,-1,107,126,127,-1,107,127,105,-1,105,127,108,-1,105,108,90,-1,90,108,110,-1,90,110,88,-1,128,129,130,-1,130,129,131,-1,75,132,64,-1,64,132,133,-1,64,133,65,-1,65,133,66,-1,68,67,134,-1,83,82,135,-1,135,82,136,-1,135,136,137,-1,137,136,138,-1,137,138,134,-1,69,68,91,-1,91,68,134,-1,91,134,93,-1,93,134,138,-1,93,138,96,-1,96,138,136,-1,96,136,101,-1,101,136,82,-1,101,82,126,-1,126,82,84,-1,126,84,127,-1,139,76,77,-1,76,139,71,-1,71,139,140,-1,71,140,72,-1,72,140,73,-1,73,140,141,-1,73,141,74,-1,139,142,140,-1,140,142,132,-1,140,132,141,-1,141,132,75,-1,141,75,74,-1,143,144,145,-1,145,144,146,-1,145,146,147,-1,147,146,148,-1,147,148,149,-1,149,148,150,-1,149,150,151,-1,143,152,153,-1,114,118,113,-1,113,118,120,-1,113,120,117,-1,117,120,122,-1,117,122,154,-1,143,153,144,-1,144,153,155,-1,144,155,146,-1,146,155,156,-1,146,156,148,-1,148,156,157,-1,148,157,150,-1,158,151,159,-1,159,151,150,-1,159,150,160,-1,160,150,157,-1,160,157,161,-1,161,157,156,-1,161,156,154,-1,154,156,155,-1,154,155,117,-1,117,155,153,-1,117,153,116,-1,116,153,152,-1,116,152,115,-1,67,66,134,-1,134,66,133,-1,134,133,137,-1,137,133,132,-1,137,132,162,-1,162,132,142,-1,162,142,163,-1,163,142,139,-1,163,139,81,-1,81,139,77,-1,81,77,78,-1,114,164,118,-1,118,164,125,-1,118,125,119,-1,119,125,87,-1,119,87,130,-1,130,87,86,-1,130,86,128,-1,80,158,81,-1,81,158,159,-1,81,159,163,-1,163,159,160,-1,163,160,162,-1,162,160,161,-1,162,161,137,-1,137,161,154,-1,137,154,135,-1,135,154,122,-1,135,122,83,-1,83,122,121,-1,83,121,84,-1,84,121,119,-1,84,119,127,-1,127,119,130,-1,127,130,108,-1,108,130,131,-1,108,131,109,-1,165,166,123,-1,123,166,167,-1,129,128,168,-1,168,128,86,-1,168,86,167,-1,167,86,85,-1,167,85,123,-1,168,169,129,-1,129,169,170,-1,129,170,171,-1,88,110,109,-1,109,131,88,-1,88,131,129,-1,88,129,89,-1,89,129,171,-1,172,173,174,-1,175,176,177,-1,178,179,180,-1,180,179,176,-1,180,176,181,-1,181,176,175,-1,181,175,182,-1,182,175,183,-1,182,183,184,-1,185,186,177,-1,177,186,187,-1,177,187,175,-1,172,174,188,-1,189,190,191,-1,191,190,188,-1,191,188,192,-1,192,188,174,-1,169,168,193,-1,193,168,167,-1,193,167,194,-1,195,196,197,-1,197,196,198,-1,197,198,193,-1,193,198,199,-1,171,170,200,-1,200,170,169,-1,200,169,201,-1,201,169,193,-1,201,193,202,-1,202,193,199,-1,203,204,205,-1,205,204,174,-1,205,174,185,-1,185,174,173,-1,185,177,205,-1,205,177,206,-1,205,206,203,-1,179,207,176,-1,176,207,208,-1,176,208,177,-1,177,208,209,-1,177,209,206,-1,204,195,174,-1,174,195,197,-1,174,197,192,-1,192,197,193,-1,192,193,191,-1,191,193,194,-1,191,194,189,-1,182,184,210,-1,211,212,210,-1,210,212,213,-1,210,213,182,-1,182,213,214,-1,182,214,181,-1,214,215,181,-1,181,215,216,-1,181,216,180,-1,180,216,217,-1,180,217,178,-1,
        ]
    }
}
Shape{
    appearance Appearance {
        material  Material 	{
            diffuseColor 0.7529411764705882 0.7529411764705882 0.7529411764705882
            specularColor 0.6627450980392157 0.6627450980392157 0.6627450980392157
            ambientIntensity 0.2
            transparency 0
            shininess 0.5
        }
    }
    geometry IndexedFaceSet {
        ccw TRUE
        solid FALSE
        coord DEF co Coordinate {
            point [
                0.0673 0.5589 1.2423, 0.0924 0.5589 1.261, 0.0676 0.5587 1.2417, 0.0943 0.5581 1.2589, 0.096 0.5566 1.2571, 0.0688 0.5578 1.2396, 0.0687 0.5581 1.2399, 0.0709 0.5546 1.236, 0.07 0.5565 1.2376, 0.0699 0.5566 1.2377, 0.071 0.5545 1.236, 0.0974 0.5545 1.2556, 0.0716 0.5523 1.2348, 0.0984 0.552 1.2545, 0.0718 0.552 1.2347, 0.0989 0.5492 1.2539, 0.0991 0.5472 1.2538, 0.0973 0.5472 1.2525, 0.0721 0.5499 1.2341, 0.0722 0.5492 1.234, 0.0723 0.5472 1.2338, 0.121 0.5472 1.2798, 0.1239 0.5492 1.2834, 0.124 0.5472 1.2833, 0.1285 0.5487 1.2907, 0.1285 0.5472 1.2907, 0.1283 0.5511 1.2917, 0.1284 0.5508 1.2915, 0.1232 0.552 1.2838, 0.1284 0.5493 1.2909, 0.1284 0.5492 1.2909, 0.1282 0.5545 1.2953, 0.1282 0.5534 1.2937, 0.1219 0.5545 1.2847, 0.1283 0.5529 1.2931, 0.1283 0.552 1.2924, 0.1281 0.5556 1.2972, 0.1202 0.5566 1.2858, 0.1281 0.5561 1.2982, 0.1281 0.5565 1.2995, 0.1181 0.5581 1.2872, 0.128 0.5579 1.3051, 0.128 0.5584 1.3066, 0.1158 0.5589 1.2887, 0.128 0.5587 1.3118, 0.0663 0.5591 1.244, 0.091 0.5591 1.2624, 0.1141 0.5591 1.2898, 0.128 0.5591 1.3167, -5.1614 0.8996 0.7559, -5.1614 0.8996 0.5118, -0.2126 0.8996 0.7559, -0.2126 0.8996 0.5118, -0.2126 0.8996 0.5118
            ]
        }
        coordIndex [
            0,1,2,-1,2,1,3,-1,4,5,3,-1,3,5,6,-1,3,6,2,-1,7,8,4,-1,4,8,9,-1,4,9,5,-1,7,4,10,-1,10,4,11,-1,10,11,12,-1,12,11,13,-1,12,13,14,-1,15,16,17,-1,14,13,18,-1,18,13,15,-1,18,15,19,-1,19,15,17,-1,19,17,20,-1,21,22,23,-1,23,22,24,-1,23,24,25,-1,26,27,28,-1,28,27,29,-1,28,29,22,-1,22,29,30,-1,22,30,24,-1,31,32,33,-1,33,32,34,-1,33,34,28,-1,28,34,35,-1,28,35,26,-1,31,33,36,-1,36,33,37,-1,36,37,38,-1,38,37,39,-1,39,37,40,-1,39,40,41,-1,41,40,42,-1,42,40,43,-1,42,43,44,-1,0,45,1,-1,1,45,46,-1,1,46,47,-1,48,44,47,-1,47,44,43,-1,47,43,1,-1,1,43,40,-1,1,40,3,-1,3,40,37,-1,3,37,4,-1,4,37,33,-1,4,33,11,-1,11,33,28,-1,11,28,13,-1,13,28,22,-1,13,22,15,-1,15,22,21,-1,15,21,16,-1,49,50,51,-1,51,50,52,-1,
        ]
    }
}
Shape{
    appearance Appearance {
        material  Material 	{
            diffuseColor 1.0 1.0 1.0
            specularColor 0.5019607843137255 0.5019607843137255 0.5019607843137255
            ambientIntensity 0.2
            transparency 0
            shininess 0.5
        }
    }
    geometry IndexedFaceSet {
        ccw TRUE
        solid FALSE
        coord DEF co Coordinate {
            point [
                -5.502 0.559 1.9753, -5.502 0.5591 1.9738, -5.502 0.5591 2.0472, -5.502 0.5577 1.303, -5.5021 0.5562 1.2984, -5.502 0.5591 0.9685, -5.5108 0.3832 1.9807, -5.5107 0.3835 1.9809, -5.5138 0.3228 2.0472, -5.5106 0.3871 1.9826, -5.502 0.5591 1.3167, -5.502 0.5586 1.3121, -5.502 0.5579 1.3051, -5.511 0.3775 1.315, -5.5111 0.3766 1.3167, -5.5138 0.3228 0.9685, -5.5113 0.3724 1.959, -5.5113 0.3729 1.961, -5.5024 0.5498 1.9961, -5.5025 0.5492 1.9963, -5.5025 0.5489 1.9964, -5.5022 0.5545 1.2952, -5.5022 0.5544 1.2949, -5.5023 0.553 1.2932, -5.5112 0.375 1.9701, -5.5111 0.3767 1.9733, -5.511 0.3778 1.9753, -5.511 0.3788 1.9768, -5.5108 0.382 1.9799, -5.5023 0.5516 1.9953, -5.5023 0.5522 1.9949, -5.5022 0.5541 1.993, -5.5024 0.5513 1.2918, -5.5024 0.551 1.2916, -5.5024 0.5496 1.291, -5.5106 0.3873 1.9827, -5.5104 0.3913 1.9835, -5.5026 0.5472 1.9965, -5.5104 0.3903 1.3062, -5.5106 0.3866 1.3071, -5.5106 0.3864 1.3072, -5.5107 0.3851 1.3077, -5.5111 0.3764 1.3172, -5.5112 0.3735 1.326, -5.5113 0.3731 1.3282, -5.5022 0.5545 1.9925, -5.5022 0.5547 1.9922, -5.5021 0.5565 1.9888, -5.5021 0.5569 1.9881, -5.5021 0.5573 1.9868, -5.502 0.5579 1.9838, -5.5025 0.5492 1.2909, -5.5025 0.5487 1.2908, -5.5026 0.5472 1.2907, -5.5108 0.3826 1.3093, -5.5108 0.3818 1.3099, -5.5109 0.3807 1.3109, -5.5113 0.3729 1.332, -5.5113 0.3716 1.3561, -5.5113 0.3716 1.94, -5.502 0.5588 1.9782, -5.502 0.559 1.9774, -5.511 0.3793 1.3127, -5.511 0.3778 1.3147, -5.511 0.3778 1.3147
            ]
        }
        coordIndex [
            0,1,2,-1,3,4,5,-1,6,7,8,-1,8,7,9,-1,10,11,5,-1,5,11,12,-1,5,12,3,-1,13,14,15,-1,8,16,17,-1,18,2,19,-1,19,2,20,-1,4,21,5,-1,5,21,22,-1,5,22,23,-1,17,24,8,-1,8,24,25,-1,8,25,26,-1,26,27,8,-1,8,27,28,-1,8,28,6,-1,18,29,2,-1,2,29,30,-1,2,30,31,-1,23,32,5,-1,5,32,33,-1,5,33,34,-1,9,35,8,-1,8,35,36,-1,8,36,2,-1,2,36,37,-1,2,37,20,-1,38,39,15,-1,15,39,40,-1,15,40,41,-1,14,42,15,-1,15,42,43,-1,15,43,44,-1,31,45,2,-1,2,45,46,-1,2,46,47,-1,47,48,2,-1,2,48,49,-1,2,49,50,-1,34,51,5,-1,5,51,52,-1,5,52,15,-1,15,52,53,-1,15,53,38,-1,41,54,15,-1,15,54,55,-1,15,55,56,-1,44,57,15,-1,15,57,58,-1,15,58,8,-1,8,58,59,-1,8,59,16,-1,50,60,2,-1,2,60,61,-1,2,61,0,-1,56,62,15,-1,15,62,63,-1,15,63,13,-1,
        ]
    }
}
Shape{
    appearance Appearance {
        material  Material 	{
            diffuseColor 0.7529411764705882 0.7529411764705882 0.7529411764705882
            specularColor 0.6627450980392157 0.6627450980392157 0.6627450980392157
            ambientIntensity 0.2
            transparency 0
            shininess 0.5
        }
    }
    geometry IndexedFaceSet {
        ccw TRUE
        solid FALSE
        coord DEF co Coordinate {
            point [
                -0.2126 0.8996 0.7559, -0.2126 0.8996 0.5118, -0.2126 0.752 0.5118, -0.2126 0.7126 0.9685, -0.2126 0.9362 0.9685, -0.2126 0.7126 0.7362, -0.2126 0.752 0.6378, -0.3996 0.2283 0.9685, -0.3996 0.4008 0.9685, -0.3996 0.2283 1.193, -0.4469 0.2283 0.9685, -0.4469 0.2283 1.193, -0.4469 0.4008 0.9685, -0.5965 0.2283 0.9685, -0.5965 0.4008 0.9685, -0.5965 0.2283 1.1142, -0.5965 0.2347 1.1847, -0.6437 0.2283 0.9685, -0.6437 0.2283 1.1142, -0.6437 0.2347 1.1847, -0.6437 0.4008 0.9685, -0.7933 0.2283 0.9685, -0.7933 0.4008 0.9685, -0.7933 0.2283 1.193, -0.8406 0.2283 0.9685, -0.8406 0.2283 1.193, -0.8406 0.4008 0.9685, -0.9902 0.2283 0.9685, -0.9902 0.4008 0.9685, -0.9902 0.2283 1.1142, -0.9902 0.2347 1.1847, -1.0374 0.2283 0.9685, -1.0374 0.2283 1.1142, -1.0374 0.2347 1.1847, -1.0374 0.4008 0.9685, -1.187 0.2283 0.9685, -1.187 0.4008 0.9685, -1.187 0.2283 1.193, -1.2343 0.2283 0.9685, -1.2343 0.2283 1.193, -1.2343 0.4008 0.9685, -1.3839 0.2283 0.9685, -1.3839 0.4008 0.9685, -1.3839 0.2283 1.1142, -1.3839 0.2347 1.1847, -1.4311 0.2283 0.9685, -1.4311 0.2283 1.1142, -1.4311 0.2347 1.1847, -1.4311 0.4008 0.9685, -1.5807 0.2283 0.9685, -1.5807 0.4008 0.9685, -1.5807 0.2283 1.193, -1.628 0.2283 0.9685, -1.628 0.2283 1.193, -1.628 0.4008 0.9685, -1.7776 0.2283 0.9685, -1.7776 0.4008 0.9685, -1.7776 0.2283 1.1142, -1.7776 0.2347 1.1847, -1.8248 0.2283 0.9685, -1.8248 0.2283 1.1142, -1.8248 0.2347 1.1847, -1.8248 0.4008 0.9685, -1.9744 0.2283 0.9685, -1.9744 0.4008 0.9685, -1.9744 0.2283 1.193, -2.0217 0.2283 0.9685, -2.0217 0.2283 1.193, -2.0217 0.4008 0.9685, -2.1713 0.2283 0.9685, -2.1713 0.4008 0.9685, -2.1713 0.2283 1.1142, -2.1713 0.2347 1.1847, -2.2185 0.2283 0.9685, -2.2185 0.2283 1.1142, -2.2185 0.2347 1.1847, -2.2185 0.4008 0.9685, -2.3681 0.2283 0.9685, -2.3681 0.4008 0.9685, -2.3681 0.2283 1.193, -2.4154 0.2283 0.9685, -2.4154 0.2283 1.193, -2.4154 0.4008 0.9685, -2.565 0.2283 0.9685, -2.565 0.4008 0.9685, -2.565 0.2283 1.1142, -2.565 0.2347 1.1847, -2.6122 0.2283 0.9685, -2.6122 0.2283 1.1142, -2.6122 0.2347 1.1847, -2.6122 0.4008 0.9685, -2.7618 0.2283 0.9685, -2.7618 0.4008 0.9685, -2.7618 0.2283 1.193, -2.8091 0.2283 0.9685, -2.8091 0.2283 1.193, -2.8091 0.4008 0.9685, -2.9587 0.2283 0.9685, -2.9587 0.4008 0.9685, -2.9587 0.2283 1.1142, -2.9587 0.2347 1.1847, -3.0059 0.2283 0.9685, -3.0059 0.2283 1.1142, -3.0059 0.2347 1.1847, -3.0059 0.4008 0.9685, -3.1555 0.2283 0.9685, -3.1555 0.4008 0.9685, -3.1555 0.2283 1.193, -3.2028 0.2283 0.9685, -3.2028 0.2283 1.193, -3.2028 0.4008 0.9685, -3.3524 0.2283 0.9685, -3.3524 0.4008 0.9685, -3.3524 0.2283 1.1142, -3.3524 0.2347 1.1847, -3.3996 0.2283 0.9685, -3.3996 0.2283 1.1142, -3.3996 0.2347 1.1847, -3.3996 0.4008 0.9685, -3.5492 0.2283 0.9685, -3.5492 0.4008 0.9685, -3.5492 0.2283 1.193, -3.5965 0.2283 0.9685, -3.5965 0.2283 1.193, -3.5965 0.4008 0.9685, -3.7461 0.2283 0.9685, -3.7461 0.4008 0.9685, -3.7461 0.2283 1.1142, -3.7461 0.2347 1.1847, -3.7933 0.2283 0.9685, -3.7933 0.2283 1.1142, -3.7933 0.2347 1.1847, -3.7933 0.4008 0.9685, -3.9429 0.2283 0.9685, -3.9429 0.4008 0.9685, -3.9429 0.2283 1.193, -3.9902 0.2283 0.9685, -3.9902 0.2283 1.193, -3.9902 0.4008 0.9685, -4.1398 0.2283 0.9685, -4.1398 0.4008 0.9685, -4.1398 0.2283 1.1142, -4.1398 0.2347 1.1847, -4.187 0.2283 0.9685, -4.187 0.2283 1.1142, -4.187 0.2347 1.1847, -4.187 0.4008 0.9685, -4.3366 0.2283 0.9685, -4.3366 0.4008 0.9685, -4.3366 0.2283 1.193, -4.3839 0.2283 0.9685, -4.3839 0.2283 1.193, -4.3839 0.4008 0.9685, -4.5335 0.2283 0.9685, -4.5335 0.4008 0.9685, -4.5335 0.2283 1.1142, -4.5335 0.2347 1.1847, -4.5807 0.2283 0.9685, -4.5807 0.2283 1.1142, -4.5807 0.2347 1.1847, -4.5807 0.4008 0.9685, -4.7303 0.2283 0.9685, -4.7303 0.4008 0.9685, -4.7303 0.2283 1.193, -4.7776 0.2283 0.9685, -4.7776 0.2283 1.193, -4.7776 0.4008 0.9685, -4.9272 0.2283 0.9685, -4.9272 0.4008 0.9685, -4.9272 0.2283 1.1142, -4.9272 0.2347 1.1847, -4.9744 0.2283 0.9685, -4.9744 0.2283 1.1142, -4.9744 0.2347 1.1847, -4.9744 0.4008 0.9685, -5.1614 0.752 0.5118, -5.1614 0.8996 0.5118, -5.1614 0.752 0.6378, -5.1614 0.8996 0.7559, -5.1614 0.7126 0.7362, -5.1614 0.9362 0.9685, -5.1614 0.7126 0.9685, -5.1614 0.7126 0.9685
            ]
        }
        coordIndex [
            0,1,2,-1,3,4,5,-1,5,4,0,-1,5,0,6,-1,6,0,2,-1,7,8,9,-1,7,9,10,-1,10,9,11,-1,10,11,12,-1,13,14,15,-1,15,14,16,-1,13,15,17,-1,17,15,18,-1,19,20,18,-1,18,20,17,-1,21,22,23,-1,21,23,24,-1,24,23,25,-1,24,25,26,-1,27,28,29,-1,29,28,30,-1,27,29,31,-1,31,29,32,-1,33,34,32,-1,32,34,31,-1,35,36,37,-1,35,37,38,-1,38,37,39,-1,38,39,40,-1,41,42,43,-1,43,42,44,-1,41,43,45,-1,45,43,46,-1,47,48,46,-1,46,48,45,-1,49,50,51,-1,49,51,52,-1,52,51,53,-1,52,53,54,-1,55,56,57,-1,57,56,58,-1,55,57,59,-1,59,57,60,-1,61,62,60,-1,60,62,59,-1,63,64,65,-1,63,65,66,-1,66,65,67,-1,66,67,68,-1,69,70,71,-1,71,70,72,-1,69,71,73,-1,73,71,74,-1,75,76,74,-1,74,76,73,-1,77,78,79,-1,77,79,80,-1,80,79,81,-1,80,81,82,-1,83,84,85,-1,85,84,86,-1,83,85,87,-1,87,85,88,-1,89,90,88,-1,88,90,87,-1,91,92,93,-1,91,93,94,-1,94,93,95,-1,94,95,96,-1,97,98,99,-1,99,98,100,-1,97,99,101,-1,101,99,102,-1,103,104,102,-1,102,104,101,-1,105,106,107,-1,105,107,108,-1,108,107,109,-1,108,109,110,-1,111,112,113,-1,113,112,114,-1,111,113,115,-1,115,113,116,-1,117,118,116,-1,116,118,115,-1,119,120,121,-1,119,121,122,-1,122,121,123,-1,122,123,124,-1,125,126,127,-1,127,126,128,-1,125,127,129,-1,129,127,130,-1,131,132,130,-1,130,132,129,-1,133,134,135,-1,133,135,136,-1,136,135,137,-1,136,137,138,-1,139,140,141,-1,141,140,142,-1,139,141,143,-1,143,141,144,-1,145,146,144,-1,144,146,143,-1,147,148,149,-1,147,149,150,-1,150,149,151,-1,150,151,152,-1,153,154,155,-1,155,154,156,-1,153,155,157,-1,157,155,158,-1,159,160,158,-1,158,160,157,-1,161,162,163,-1,161,163,164,-1,164,163,165,-1,164,165,166,-1,167,168,169,-1,169,168,170,-1,167,169,171,-1,171,169,172,-1,173,174,172,-1,172,174,171,-1,175,176,177,-1,177,176,178,-1,177,178,179,-1,179,178,180,-1,179,180,181,-1,
        ]
    }
}
Shape{
    appearance Appearance {
        material  Material 	{
            diffuseColor 1.0 1.0 1.0
            specularColor 0.5019607843137255 0.5019607843137255 0.5019607843137255
            ambientIntensity 0.2
            transparency 0
            shininess 0.5
        }
    }
    geometry IndexedFaceSet {
        ccw TRUE
        solid FALSE
        coord DEF co Coordinate {
            point [
                0.1372 0.3741 1.3238, 0.1371 0.3762 1.3175, 0.1398 0.3228 0.9685, 0.1373 0.3729 1.3314, 0.128 0.5591 1.9738, 0.128 0.5587 1.978, 0.128 0.5591 2.0472, 0.128 0.5583 1.983, 0.1281 0.5567 1.9886, 0.128 0.5591 1.3167, 0.128 0.5591 0.9685, 0.128 0.5587 1.3118, 0.128 0.5584 1.3066, 0.1366 0.3871 1.9826, 0.1366 0.3855 1.982, 0.1398 0.3228 2.0472, 0.1369 0.3809 1.3107, 0.1369 0.3792 1.3126, 0.137 0.379 1.3129, 0.1281 0.5565 1.9888, 0.1282 0.5549 1.9919, 0.1283 0.5531 1.9941, 0.1365 0.3871 1.9826, 0.1371 0.3764 1.3172, 0.137 0.3779 1.3147, 0.1285 0.5472 1.2907, 0.1285 0.5487 1.2907, 0.1284 0.5492 1.2909, 0.1368 0.3819 1.9797, 0.1369 0.3805 1.9785, 0.1369 0.3797 1.9776, 0.137 0.3773 1.9746, 0.1371 0.3768 1.9738, 0.1371 0.3767 1.9735, 0.1372 0.3738 1.9664, 0.1372 0.3733 1.9641, 0.1373 0.373 1.9601, 0.1284 0.5493 1.2909, 0.1284 0.5508 1.2915, 0.1283 0.5511 1.2917, 0.1373 0.3716 1.94, 0.1373 0.3716 1.3561, 0.1373 0.3721 1.3367, 0.1368 0.3826 1.3094, 0.1367 0.3839 1.3084, 0.1366 0.3853 1.3076, 0.1283 0.552 1.2924, 0.1283 0.5529 1.2931, 0.1282 0.5534 1.2937, 0.1282 0.5545 1.2953, 0.1281 0.5556 1.2972, 0.1281 0.5561 1.2982, 0.1281 0.5565 1.2995, 0.128 0.5579 1.3051, 0.1283 0.5524 1.9948, 0.1283 0.552 1.995, 0.1284 0.5507 1.9958, 0.1284 0.5501 1.9961, 0.1284 0.5492 1.9963, 0.1285 0.5485 1.9964, 0.1285 0.5478 1.9965, 0.1285 0.5472 1.9965, 0.1363 0.3913 1.9835, 0.1366 0.3864 1.3073, 0.1365 0.3888 1.3065, 0.1364 0.3903 1.3062, -3.6339 0.1693 0.0984, -3.7087 0.1693 0.0984, -3.6339 1.1496 0.0984, -3.7087 1.1496 0.0984, -4.4213 0.1693 0.0984, -4.4961 0.1693 0.0984, -4.4213 1.1496 0.0984, -4.4961 1.1496 0.0984, -4.0276 0.1693 0.0984, -4.1024 0.1693 0.0984, -4.0276 1.1496 0.0984, -4.1024 1.1496 0.0984, -2.0591 0.1693 0.0984, -2.1339 0.1693 0.0984, -2.0591 1.1496 0.0984, -2.1339 1.1496 0.0984, -2.1339 1.1496 0.0984
            ]
        }
        coordIndex [
            0,1,2,-1,0,2,3,-1,4,5,6,-1,6,5,7,-1,6,7,8,-1,9,10,11,-1,11,10,12,-1,13,14,15,-1,16,2,17,-1,17,2,18,-1,8,19,6,-1,6,19,20,-1,6,20,21,-1,13,15,22,-1,1,23,2,-1,2,23,24,-1,2,24,18,-1,25,26,10,-1,10,26,27,-1,14,28,15,-1,15,28,29,-1,15,29,30,-1,30,31,15,-1,15,31,32,-1,15,32,33,-1,33,34,15,-1,15,34,35,-1,15,35,36,-1,27,37,10,-1,10,37,38,-1,10,38,39,-1,36,40,15,-1,15,40,41,-1,15,41,2,-1,2,41,42,-1,2,42,3,-1,16,43,2,-1,2,43,44,-1,2,44,45,-1,39,46,10,-1,10,46,47,-1,10,47,48,-1,48,49,10,-1,10,49,50,-1,10,50,51,-1,51,52,10,-1,10,52,53,-1,10,53,12,-1,21,54,6,-1,6,54,55,-1,6,55,56,-1,56,57,6,-1,6,57,58,-1,6,58,59,-1,59,60,6,-1,6,60,61,-1,6,61,15,-1,15,61,62,-1,15,62,22,-1,45,63,2,-1,2,63,64,-1,2,64,10,-1,10,64,65,-1,10,65,25,-1,66,67,68,-1,68,67,69,-1,70,71,72,-1,72,71,73,-1,74,75,76,-1,76,75,77,-1,78,79,80,-1,80,79,81,-1,
        ]
    }
}
Shape{
    appearance Appearance {
        material  Material 	{
            diffuseColor 0.7529411764705882 0.7529411764705882 0.7529411764705882
            specularColor 0.6627450980392157 0.6627450980392157 0.6627450980392157
            ambientIntensity 0.2
            transparency 0
            shininess 0.5
        }
    }
    geometry IndexedFaceSet {
        ccw TRUE
        solid FALSE
        coord DEF co Coordinate {
            point [
                -2.7618 1.2205 0.0866, -2.7618 1.2154 0.0873, -2.7618 1.122 0.0, -2.7618 1.0827 0.0866, -2.7618 1.1614 0.2126, -2.7618 0.7815 0.0866, -2.7618 0.6437 0.2126, -2.7618 0.7713 0.0853, -2.7618 1.2034 0.0965, -2.7618 1.2015 0.1012, -2.7618 0.7474 0.0669, -2.7618 0.7537 0.0751, -2.7618 0.5754 0.0574, -2.7618 0.7618 0.0813, -2.7618 1.2106 0.0893, -2.7618 1.2066 0.0924, -2.7618 0.5768 0.0472, -2.7618 0.7421 0.0472, -2.7618 0.7435 0.0574, -2.7618 1.3386 0.0669, -2.7618 1.3189 0.0866, -2.7618 1.3386 0.0197, -2.7618 1.3189 0.0, -2.7618 1.2008 0.1063, -2.7618 1.2008 0.1732, -2.7618 1.1998 0.182, -2.7618 0.6226 0.2178, -2.7618 0.5476 0.0853, -2.7618 0.6328 0.2139, -2.7618 0.5571 0.0813, -2.7618 0.5652 0.0751, -2.7618 0.5715 0.0669, -2.7618 0.3503 0.2323, -2.7618 0.3621 0.2038, -2.7618 0.6064 0.2323, -2.7618 0.3661 0.1732, -2.7618 1.1969 0.1903, -2.7618 1.1922 0.1978, -2.7618 1.186 0.204, -2.7618 0.6136 0.2241, -2.7618 0.5374 0.0866, -2.7618 0.3661 0.0866, -2.7618 1.1785 0.2087, -2.7618 1.1702 0.2116, -0.4469 0.3621 0.2038, -0.4469 0.3503 0.2323, -0.4469 0.6064 0.2323, -0.4469 0.7815 0.0866, -0.4469 0.7713 0.0853, -0.4469 0.6437 0.2126, -0.4469 1.2008 0.1732, -0.4469 1.2008 0.1063, -0.4469 1.0827 0.0866, -0.4469 1.2015 0.1012, -0.4469 1.122 0.0, -0.4469 1.2034 0.0965, -0.4469 1.2066 0.0924, -0.4469 1.2106 0.0893, -0.4469 1.2154 0.0873, -0.4469 1.2205 0.0866, -0.4469 1.3189 0.0, -0.4469 1.1614 0.2126, -0.4469 1.1702 0.2116, -0.4469 1.3189 0.0866, -0.4469 1.3386 0.0669, -0.4469 1.3386 0.0197, -0.4469 0.7421 0.0472, -0.4469 0.5768 0.0472, -0.4469 0.7435 0.0574, -0.4469 0.5754 0.0574, -0.4469 0.7474 0.0669, -0.4469 0.7537 0.0751, -0.4469 0.5476 0.0853, -0.4469 0.6226 0.2178, -0.4469 0.5571 0.0813, -0.4469 0.6328 0.2139, -0.4469 0.5652 0.0751, -0.4469 0.5715 0.0669, -0.4469 0.7618 0.0813, -0.4469 0.5374 0.0866, -0.4469 0.6136 0.2241, -0.4469 1.1922 0.1978, -0.4469 1.1969 0.1903, -0.4469 1.1998 0.182, -0.4469 1.1785 0.2087, -0.4469 1.186 0.204, -0.4469 0.3661 0.0866, -0.4469 0.3661 0.1732, -0.7933 1.2205 0.0866, -0.7933 1.2154 0.0873, -0.7933 1.122 0.0, -0.7933 1.2034 0.0965, -0.7933 1.0827 0.0866, -0.7933 1.2015 0.1012, -0.7933 1.2008 0.1063, -0.7933 0.7474 0.0669, -0.7933 0.7537 0.0751, -0.7933 0.5754 0.0574, -0.7933 0.7618 0.0813, -0.7933 0.7713 0.0853, -0.7933 1.2106 0.0893, -0.7933 1.2066 0.0924, -0.7933 1.1785 0.2087, -0.7933 1.1702 0.2116, -0.7933 1.1614 0.2126, -0.7933 0.7815 0.0866, -0.7933 0.6437 0.2126, -0.7933 0.5768 0.0472, -0.7933 0.7421 0.0472, -0.7933 0.7435 0.0574, -0.7933 1.3386 0.0669, -0.7933 1.3189 0.0866, -0.7933 1.3386 0.0197, -0.7933 1.3189 0.0, -0.7933 0.6226 0.2178, -0.7933 0.5476 0.0853, -0.7933 0.6328 0.2139, -0.7933 0.5571 0.0813, -0.7933 0.5652 0.0751, -0.7933 0.5715 0.0669, -0.7933 0.3503 0.2323, -0.7933 0.3621 0.2038, -0.7933 0.6064 0.2323, -0.7933 0.3661 0.1732, -0.7933 1.2008 0.1732, -0.7933 1.1998 0.182, -0.7933 1.1969 0.1903, -0.7933 0.6136 0.2241, -0.7933 0.5374 0.0866, -0.7933 0.3661 0.0866, -0.7933 1.1922 0.1978, -0.7933 1.186 0.204, -1.2343 0.3621 0.2038, -1.2343 0.3503 0.2323, -1.2343 0.6064 0.2323, -1.2343 1.122 0.0, -1.2343 1.0827 0.0866, -1.2343 1.2015 0.1012, -1.2343 1.1614 0.2126, -1.2343 0.6437 0.2126, -1.2343 0.7815 0.0866, -1.2343 0.7713 0.0853, -1.2343 1.1998 0.182, -1.2343 1.2008 0.1732, -1.2343 1.2008 0.1063, -1.2343 1.2034 0.0965, -1.2343 1.2066 0.0924, -1.2343 1.2106 0.0893, -1.2343 1.2154 0.0873, -1.2343 1.2205 0.0866, -1.2343 1.3189 0.0, -1.2343 1.3189 0.0866, -1.2343 1.3386 0.0669, -1.2343 1.3386 0.0197, -1.2343 0.7421 0.0472, -1.2343 0.5768 0.0472, -1.2343 0.7435 0.0574, -1.2343 0.5754 0.0574, -1.2343 0.7474 0.0669, -1.2343 0.7537 0.0751, -1.2343 0.5476 0.0853, -1.2343 0.6226 0.2178, -1.2343 0.5571 0.0813, -1.2343 0.6328 0.2139, -1.2343 0.5652 0.0751, -1.2343 0.5715 0.0669, -1.2343 0.7618 0.0813, -1.2343 0.5374 0.0866, -1.2343 0.6136 0.2241, -1.2343 1.1702 0.2116, -1.2343 1.1785 0.2087, -1.2343 1.186 0.204, -1.2343 1.1922 0.1978, -1.2343 1.1969 0.1903, -1.2343 0.3661 0.0866, -1.2343 0.3661 0.1732, -1.5807 1.2205 0.0866, -1.5807 1.2154 0.0873, -1.5807 1.122 0.0, -1.5807 1.2034 0.0965, -1.5807 1.0827 0.0866, -1.5807 1.2015 0.1012, -1.5807 1.2008 0.1063, -1.5807 0.7474 0.0669, -1.5807 0.7537 0.0751, -1.5807 0.5754 0.0574, -1.5807 0.7618 0.0813, -1.5807 0.7713 0.0853, -1.5807 1.2106 0.0893, -1.5807 1.2066 0.0924, -1.5807 1.1785 0.2087, -1.5807 1.1702 0.2116, -1.5807 1.1614 0.2126, -1.5807 0.7815 0.0866, -1.5807 0.6437 0.2126, -1.5807 0.5768 0.0472, -1.5807 0.7421 0.0472, -1.5807 0.7435 0.0574, -1.5807 1.3386 0.0669, -1.5807 1.3189 0.0866, -1.5807 1.3386 0.0197, -1.5807 1.3189 0.0, -1.5807 0.6226 0.2178, -1.5807 0.5476 0.0853, -1.5807 0.6328 0.2139, -1.5807 0.5571 0.0813, -1.5807 0.5652 0.0751, -1.5807 0.5715 0.0669, -1.5807 0.3503 0.2323, -1.5807 0.3621 0.2038, -1.5807 0.6064 0.2323, -1.5807 0.3661 0.1732, -1.5807 1.2008 0.1732, -1.5807 1.1998 0.182, -1.5807 1.1969 0.1903, -1.5807 0.6136 0.2241, -1.5807 0.5374 0.0866, -1.5807 0.3661 0.0866, -1.5807 1.1922 0.1978, -1.5807 1.186 0.204, -2.0217 0.3621 0.2038, -2.0217 0.3503 0.2323, -2.0217 0.6064 0.2323, -2.0217 1.122 0.0, -2.0217 1.0827 0.0866, -2.0217 1.2015 0.1012, -2.0217 1.1614 0.2126, -2.0217 0.6437 0.2126, -2.0217 0.7815 0.0866, -2.0217 0.7713 0.0853, -2.0217 1.1998 0.182, -2.0217 1.2008 0.1732, -2.0217 1.2008 0.1063, -2.0217 1.2034 0.0965, -2.0217 1.2066 0.0924, -2.0217 1.2106 0.0893, -2.0217 1.2154 0.0873, -2.0217 1.2205 0.0866, -2.0217 1.3189 0.0, -2.0217 1.3189 0.0866, -2.0217 1.3386 0.0669, -2.0217 1.3386 0.0197, -2.0217 0.7421 0.0472, -2.0217 0.5768 0.0472, -2.0217 0.7435 0.0574, -2.0217 0.5754 0.0574, -2.0217 0.7474 0.0669, -2.0217 0.7537 0.0751, -2.0217 0.5476 0.0853, -2.0217 0.6226 0.2178, -2.0217 0.5571 0.0813, -2.0217 0.6328 0.2139, -2.0217 0.5652 0.0751, -2.0217 0.5715 0.0669, -2.0217 0.7618 0.0813, -2.0217 0.5374 0.0866, -2.0217 0.6136 0.2241, -2.0217 1.1702 0.2116, -2.0217 1.1785 0.2087, -2.0217 1.186 0.204, -2.0217 1.1922 0.1978, -2.0217 1.1969 0.1903, -2.0217 0.3661 0.0866, -2.0217 0.3661 0.1732, -2.4154 0.3621 0.2038, -2.4154 0.3503 0.2323, -2.4154 0.6064 0.2323, -2.4154 0.7815 0.0866, -2.4154 0.7713 0.0853, -2.4154 0.6437 0.2126, -2.4154 1.2008 0.1732, -2.4154 1.2008 0.1063, -2.4154 1.0827 0.0866, -2.4154 1.2015 0.1012, -2.4154 1.122 0.0, -2.4154 1.2034 0.0965, -2.4154 1.2066 0.0924, -2.4154 1.2106 0.0893, -2.4154 1.2154 0.0873, -2.4154 1.2205 0.0866, -2.4154 1.3189 0.0, -2.4154 1.1614 0.2126, -2.4154 1.1702 0.2116, -2.4154 1.3189 0.0866, -2.4154 1.3386 0.0669, -2.4154 1.3386 0.0197, -2.4154 0.7421 0.0472, -2.4154 0.5768 0.0472, -2.4154 0.7435 0.0574, -2.4154 0.5754 0.0574, -2.4154 0.7474 0.0669, -2.4154 0.7537 0.0751, -2.4154 0.5476 0.0853, -2.4154 0.6226 0.2178, -2.4154 0.5571 0.0813, -2.4154 0.6328 0.2139, -2.4154 0.5652 0.0751, -2.4154 0.5715 0.0669, -2.4154 0.7618 0.0813, -2.4154 0.5374 0.0866, -2.4154 0.6136 0.2241, -2.4154 1.1922 0.1978, -2.4154 1.1969 0.1903, -2.4154 1.1998 0.182, -2.4154 1.1785 0.2087, -2.4154 1.186 0.204, -2.4154 0.3661 0.0866, -2.4154 0.3661 0.1732, -3.2028 0.3621 0.2038, -3.2028 0.3503 0.2323, -3.2028 0.6064 0.2323, -3.2028 0.7815 0.0866, -3.2028 0.7713 0.0853, -3.2028 0.6437 0.2126, -3.2028 1.2008 0.1732, -3.2028 1.2008 0.1063, -3.2028 1.0827 0.0866, -3.2028 1.2015 0.1012, -3.2028 1.122 0.0, -3.2028 1.2034 0.0965, -3.2028 1.2066 0.0924, -3.2028 1.2106 0.0893, -3.2028 1.2154 0.0873, -3.2028 1.2205 0.0866, -3.2028 1.3189 0.0, -3.2028 1.1614 0.2126, -3.2028 1.1702 0.2116, -3.2028 1.3189 0.0866, -3.2028 1.3386 0.0669, -3.2028 1.3386 0.0197, -3.2028 0.7421 0.0472, -3.2028 0.5768 0.0472, -3.2028 0.7435 0.0574, -3.2028 0.5754 0.0574, -3.2028 0.7474 0.0669, -3.2028 0.7537 0.0751, -3.2028 0.5476 0.0853, -3.2028 0.6226 0.2178, -3.2028 0.5571 0.0813, -3.2028 0.6328 0.2139, -3.2028 0.5652 0.0751, -3.2028 0.5715 0.0669, -3.2028 0.7618 0.0813, -3.2028 0.5374 0.0866, -3.2028 0.6136 0.2241, -3.2028 1.1922 0.1978, -3.2028 1.1969 0.1903, -3.2028 1.1998 0.182, -3.2028 1.1785 0.2087, -3.2028 1.186 0.204, -3.2028 0.3661 0.0866, -3.2028 0.3661 0.1732, -3.9429 1.2205 0.0866, -3.9429 1.2154 0.0873, -3.9429 1.122 0.0, -3.9429 1.2034 0.0965, -3.9429 1.0827 0.0866, -3.9429 1.2015 0.1012, -3.9429 1.2008 0.1063, -3.9429 0.7474 0.0669, -3.9429 0.7537 0.0751, -3.9429 0.5754 0.0574, -3.9429 0.7618 0.0813, -3.9429 0.7713 0.0853, -3.9429 1.2106 0.0893, -3.9429 1.2066 0.0924, -3.9429 1.1785 0.2087, -3.9429 1.1702 0.2116, -3.9429 1.1614 0.2126, -3.9429 0.7815 0.0866, -3.9429 0.6437 0.2126, -3.9429 0.5768 0.0472, -3.9429 0.7421 0.0472, -3.9429 0.7435 0.0574, -3.9429 1.3386 0.0669, -3.9429 1.3189 0.0866, -3.9429 1.3386 0.0197, -3.9429 1.3189 0.0, -3.9429 0.6226 0.2178, -3.9429 0.5476 0.0853, -3.9429 0.6328 0.2139, -3.9429 0.5571 0.0813, -3.9429 0.5652 0.0751, -3.9429 0.5715 0.0669, -3.9429 0.3503 0.2323, -3.9429 0.3621 0.2038, -3.9429 0.6064 0.2323, -3.9429 0.3661 0.1732, -3.9429 1.2008 0.1732, -3.9429 1.1998 0.182, -3.9429 1.1969 0.1903, -3.9429 0.6136 0.2241, -3.9429 0.5374 0.0866, -3.9429 0.3661 0.0866, -3.9429 1.1922 0.1978, -3.9429 1.186 0.204, -4.7776 0.3621 0.2038, -4.7776 0.3503 0.2323, -4.7776 0.6064 0.2323, -4.7776 1.122 0.0, -4.7776 1.0827 0.0866, -4.7776 1.2015 0.1012, -4.7776 1.1614 0.2126, -4.7776 0.6437 0.2126, -4.7776 0.7815 0.0866, -4.7776 0.7713 0.0853, -4.7776 1.1998 0.182, -4.7776 1.2008 0.1732, -4.7776 1.2008 0.1063, -4.7776 1.2034 0.0965, -4.7776 1.2066 0.0924, -4.7776 1.2106 0.0893, -4.7776 1.2154 0.0873, -4.7776 1.2205 0.0866, -4.7776 1.3189 0.0, -4.7776 1.3189 0.0866, -4.7776 1.3386 0.0669, -4.7776 1.3386 0.0197, -4.7776 0.7421 0.0472, -4.7776 0.5768 0.0472, -4.7776 0.7435 0.0574, -4.7776 0.5754 0.0574, -4.7776 0.7474 0.0669, -4.7776 0.7537 0.0751, -4.7776 0.5476 0.0853, -4.7776 0.6226 0.2178, -4.7776 0.5571 0.0813, -4.7776 0.6328 0.2139, -4.7776 0.5652 0.0751, -4.7776 0.5715 0.0669, -4.7776 0.7618 0.0813, -4.7776 0.5374 0.0866, -4.7776 0.6136 0.2241, -4.7776 1.1702 0.2116, -4.7776 1.1785 0.2087, -4.7776 1.186 0.204, -4.7776 1.1922 0.1978, -4.7776 1.1969 0.1903, -4.7776 0.3661 0.0866, -4.7776 0.3661 0.1732, -4.3839 0.3621 0.2038, -4.3839 0.3503 0.2323, -4.3839 0.6064 0.2323, -4.3839 1.122 0.0, -4.3839 1.0827 0.0866, -4.3839 1.2015 0.1012, -4.3839 1.1614 0.2126, -4.3839 0.6437 0.2126, -4.3839 0.7815 0.0866, -4.3839 0.7713 0.0853, -4.3839 1.1998 0.182, -4.3839 1.2008 0.1732, -4.3839 1.2008 0.1063, -4.3839 1.2034 0.0965, -4.3839 1.2066 0.0924, -4.3839 1.2106 0.0893, -4.3839 1.2154 0.0873, -4.3839 1.2205 0.0866, -4.3839 1.3189 0.0, -4.3839 1.3189 0.0866, -4.3839 1.3386 0.0669, -4.3839 1.3386 0.0197, -4.3839 0.7421 0.0472, -4.3839 0.5768 0.0472, -4.3839 0.7435 0.0574, -4.3839 0.5754 0.0574, -4.3839 0.7474 0.0669, -4.3839 0.7537 0.0751, -4.3839 0.5476 0.0853, -4.3839 0.6226 0.2178, -4.3839 0.5571 0.0813, -4.3839 0.6328 0.2139, -4.3839 0.5652 0.0751, -4.3839 0.5715 0.0669, -4.3839 0.7618 0.0813, -4.3839 0.5374 0.0866, -4.3839 0.6136 0.2241, -4.3839 1.1702 0.2116, -4.3839 1.1785 0.2087, -4.3839 1.186 0.204, -4.3839 1.1922 0.1978, -4.3839 1.1969 0.1903, -4.3839 0.3661 0.0866, -4.3839 0.3661 0.1732, -3.5965 0.3621 0.2038, -3.5965 0.3503 0.2323, -3.5965 0.6064 0.2323, -3.5965 0.7815 0.0866, -3.5965 0.7713 0.0853, -3.5965 0.6437 0.2126, -3.5965 1.2008 0.1732, -3.5965 1.2008 0.1063, -3.5965 1.0827 0.0866, -3.5965 1.2015 0.1012, -3.5965 1.122 0.0, -3.5965 1.2034 0.0965, -3.5965 1.2066 0.0924, -3.5965 1.2106 0.0893, -3.5965 1.2154 0.0873, -3.5965 1.2205 0.0866, -3.5965 1.3189 0.0, -3.5965 1.1614 0.2126, -3.5965 1.1702 0.2116, -3.5965 1.3189 0.0866, -3.5965 1.3386 0.0669, -3.5965 1.3386 0.0197, -3.5965 0.7421 0.0472, -3.5965 0.5768 0.0472, -3.5965 0.7435 0.0574, -3.5965 0.5754 0.0574, -3.5965 0.7474 0.0669, -3.5965 0.7537 0.0751, -3.5965 0.5476 0.0853, -3.5965 0.6226 0.2178, -3.5965 0.5571 0.0813, -3.5965 0.6328 0.2139, -3.5965 0.5652 0.0751, -3.5965 0.5715 0.0669, -3.5965 0.7618 0.0813, -3.5965 0.5374 0.0866, -3.5965 0.6136 0.2241, -3.5965 1.1922 0.1978, -3.5965 1.1969 0.1903, -3.5965 1.1998 0.182, -3.5965 1.1785 0.2087, -3.5965 1.186 0.204, -3.5965 0.3661 0.0866, -3.5965 0.3661 0.1732, -3.5965 0.3661 0.1732
            ]
        }
        coordIndex [
            0,1,2,-1,3,4,5,-1,5,4,6,-1,5,6,7,-1,2,8,3,-1,3,8,9,-1,10,11,12,-1,12,11,13,-1,12,13,7,-1,1,14,2,-1,2,14,15,-1,2,15,8,-1,16,17,12,-1,12,17,18,-1,12,18,10,-1,19,20,21,-1,21,20,0,-1,21,0,22,-1,22,0,2,-1,9,23,3,-1,3,23,24,-1,3,24,25,-1,26,27,28,-1,28,27,29,-1,28,29,6,-1,6,29,30,-1,6,30,7,-1,7,30,31,-1,7,31,12,-1,32,33,34,-1,34,33,35,-1,25,36,3,-1,3,36,37,-1,3,37,38,-1,26,39,27,-1,27,39,34,-1,27,34,40,-1,40,34,35,-1,40,35,41,-1,38,42,3,-1,3,42,43,-1,3,43,4,-1,44,45,46,-1,47,48,49,-1,50,51,52,-1,52,51,53,-1,52,53,54,-1,53,55,54,-1,54,55,56,-1,54,56,57,-1,57,58,54,-1,54,58,59,-1,54,59,60,-1,47,49,52,-1,52,49,61,-1,52,61,62,-1,63,64,59,-1,59,64,65,-1,59,65,60,-1,66,67,68,-1,68,67,69,-1,68,69,70,-1,70,69,71,-1,72,73,74,-1,74,73,75,-1,74,75,76,-1,76,75,49,-1,76,49,77,-1,77,49,48,-1,77,48,69,-1,69,48,78,-1,69,78,71,-1,79,46,72,-1,72,46,80,-1,72,80,73,-1,81,82,52,-1,52,82,83,-1,52,83,50,-1,62,84,52,-1,52,84,85,-1,52,85,81,-1,79,86,46,-1,46,86,87,-1,46,87,44,-1,88,89,90,-1,90,91,92,-1,92,91,93,-1,92,93,94,-1,95,96,97,-1,97,96,98,-1,97,98,99,-1,89,100,90,-1,90,100,101,-1,90,101,91,-1,102,103,92,-1,92,103,104,-1,92,104,105,-1,105,104,106,-1,105,106,99,-1,107,108,97,-1,97,108,109,-1,97,109,95,-1,110,111,112,-1,112,111,88,-1,112,88,113,-1,113,88,90,-1,114,115,116,-1,116,115,117,-1,116,117,106,-1,106,117,118,-1,106,118,99,-1,99,118,119,-1,99,119,97,-1,120,121,122,-1,122,121,123,-1,94,124,92,-1,92,124,125,-1,92,125,126,-1,114,127,115,-1,115,127,122,-1,115,122,128,-1,128,122,123,-1,128,123,129,-1,126,130,92,-1,92,130,131,-1,92,131,102,-1,132,133,134,-1,135,136,137,-1,138,136,139,-1,139,136,140,-1,139,140,141,-1,142,143,136,-1,136,143,144,-1,136,144,137,-1,137,145,135,-1,135,145,146,-1,135,146,147,-1,147,148,135,-1,135,148,149,-1,135,149,150,-1,151,152,149,-1,149,152,153,-1,149,153,150,-1,154,155,156,-1,156,155,157,-1,156,157,158,-1,158,157,159,-1,160,161,162,-1,162,161,163,-1,162,163,164,-1,164,163,139,-1,164,139,165,-1,165,139,141,-1,165,141,157,-1,157,141,166,-1,157,166,159,-1,167,134,160,-1,160,134,168,-1,160,168,161,-1,138,169,136,-1,136,169,170,-1,136,170,171,-1,171,172,136,-1,136,172,173,-1,136,173,142,-1,167,174,134,-1,134,174,175,-1,134,175,132,-1,176,177,178,-1,178,179,180,-1,180,179,181,-1,180,181,182,-1,183,184,185,-1,185,184,186,-1,185,186,187,-1,177,188,178,-1,178,188,189,-1,178,189,179,-1,190,191,180,-1,180,191,192,-1,180,192,193,-1,193,192,194,-1,193,194,187,-1,195,196,185,-1,185,196,197,-1,185,197,183,-1,198,199,200,-1,200,199,176,-1,200,176,201,-1,201,176,178,-1,202,203,204,-1,204,203,205,-1,204,205,194,-1,194,205,206,-1,194,206,187,-1,187,206,207,-1,187,207,185,-1,208,209,210,-1,210,209,211,-1,182,212,180,-1,180,212,213,-1,180,213,214,-1,202,215,203,-1,203,215,210,-1,203,210,216,-1,216,210,211,-1,216,211,217,-1,214,218,180,-1,180,218,219,-1,180,219,190,-1,220,221,222,-1,223,224,225,-1,226,224,227,-1,227,224,228,-1,227,228,229,-1,230,231,224,-1,224,231,232,-1,224,232,225,-1,225,233,223,-1,223,233,234,-1,223,234,235,-1,235,236,223,-1,223,236,237,-1,223,237,238,-1,239,240,237,-1,237,240,241,-1,237,241,238,-1,242,243,244,-1,244,243,245,-1,244,245,246,-1,246,245,247,-1,248,249,250,-1,250,249,251,-1,250,251,252,-1,252,251,227,-1,252,227,253,-1,253,227,229,-1,253,229,245,-1,245,229,254,-1,245,254,247,-1,255,222,248,-1,248,222,256,-1,248,256,249,-1,226,257,224,-1,224,257,258,-1,224,258,259,-1,259,260,224,-1,224,260,261,-1,224,261,230,-1,255,262,222,-1,222,262,263,-1,222,263,220,-1,264,265,266,-1,267,268,269,-1,270,271,272,-1,272,271,273,-1,272,273,274,-1,273,275,274,-1,274,275,276,-1,274,276,277,-1,277,278,274,-1,274,278,279,-1,274,279,280,-1,267,269,272,-1,272,269,281,-1,272,281,282,-1,283,284,279,-1,279,284,285,-1,279,285,280,-1,286,287,288,-1,288,287,289,-1,288,289,290,-1,290,289,291,-1,292,293,294,-1,294,293,295,-1,294,295,296,-1,296,295,269,-1,296,269,297,-1,297,269,268,-1,297,268,289,-1,289,268,298,-1,289,298,291,-1,299,266,292,-1,292,266,300,-1,292,300,293,-1,301,302,272,-1,272,302,303,-1,272,303,270,-1,282,304,272,-1,272,304,305,-1,272,305,301,-1,299,306,266,-1,266,306,307,-1,266,307,264,-1,308,309,310,-1,311,312,313,-1,314,315,316,-1,316,315,317,-1,316,317,318,-1,317,319,318,-1,318,319,320,-1,318,320,321,-1,321,322,318,-1,318,322,323,-1,318,323,324,-1,311,313,316,-1,316,313,325,-1,316,325,326,-1,327,328,323,-1,323,328,329,-1,323,329,324,-1,330,331,332,-1,332,331,333,-1,332,333,334,-1,334,333,335,-1,336,337,338,-1,338,337,339,-1,338,339,340,-1,340,339,313,-1,340,313,341,-1,341,313,312,-1,341,312,333,-1,333,312,342,-1,333,342,335,-1,343,310,336,-1,336,310,344,-1,336,344,337,-1,345,346,316,-1,316,346,347,-1,316,347,314,-1,326,348,316,-1,316,348,349,-1,316,349,345,-1,343,350,310,-1,310,350,351,-1,310,351,308,-1,352,353,354,-1,354,355,356,-1,356,355,357,-1,356,357,358,-1,359,360,361,-1,361,360,362,-1,361,362,363,-1,353,364,354,-1,354,364,365,-1,354,365,355,-1,366,367,356,-1,356,367,368,-1,356,368,369,-1,369,368,370,-1,369,370,363,-1,371,372,361,-1,361,372,373,-1,361,373,359,-1,374,375,376,-1,376,375,352,-1,376,352,377,-1,377,352,354,-1,378,379,380,-1,380,379,381,-1,380,381,370,-1,370,381,382,-1,370,382,363,-1,363,382,383,-1,363,383,361,-1,384,385,386,-1,386,385,387,-1,358,388,356,-1,356,388,389,-1,356,389,390,-1,378,391,379,-1,379,391,386,-1,379,386,392,-1,392,386,387,-1,392,387,393,-1,390,394,356,-1,356,394,395,-1,356,395,366,-1,396,397,398,-1,399,400,401,-1,402,400,403,-1,403,400,404,-1,403,404,405,-1,406,407,400,-1,400,407,408,-1,400,408,401,-1,401,409,399,-1,399,409,410,-1,399,410,411,-1,411,412,399,-1,399,412,413,-1,399,413,414,-1,415,416,413,-1,413,416,417,-1,413,417,414,-1,418,419,420,-1,420,419,421,-1,420,421,422,-1,422,421,423,-1,424,425,426,-1,426,425,427,-1,426,427,428,-1,428,427,403,-1,428,403,429,-1,429,403,405,-1,429,405,421,-1,421,405,430,-1,421,430,423,-1,431,398,424,-1,424,398,432,-1,424,432,425,-1,402,433,400,-1,400,433,434,-1,400,434,435,-1,435,436,400,-1,400,436,437,-1,400,437,406,-1,431,438,398,-1,398,438,439,-1,398,439,396,-1,440,441,442,-1,443,444,445,-1,446,444,447,-1,447,444,448,-1,447,448,449,-1,450,451,444,-1,444,451,452,-1,444,452,445,-1,445,453,443,-1,443,453,454,-1,443,454,455,-1,455,456,443,-1,443,456,457,-1,443,457,458,-1,459,460,457,-1,457,460,461,-1,457,461,458,-1,462,463,464,-1,464,463,465,-1,464,465,466,-1,466,465,467,-1,468,469,470,-1,470,469,471,-1,470,471,472,-1,472,471,447,-1,472,447,473,-1,473,447,449,-1,473,449,465,-1,465,449,474,-1,465,474,467,-1,475,442,468,-1,468,442,476,-1,468,476,469,-1,446,477,444,-1,444,477,478,-1,444,478,479,-1,479,480,444,-1,444,480,481,-1,444,481,450,-1,475,482,442,-1,442,482,483,-1,442,483,440,-1,484,485,486,-1,487,488,489,-1,490,491,492,-1,492,491,493,-1,492,493,494,-1,493,495,494,-1,494,495,496,-1,494,496,497,-1,497,498,494,-1,494,498,499,-1,494,499,500,-1,487,489,492,-1,492,489,501,-1,492,501,502,-1,503,504,499,-1,499,504,505,-1,499,505,500,-1,506,507,508,-1,508,507,509,-1,508,509,510,-1,510,509,511,-1,512,513,514,-1,514,513,515,-1,514,515,516,-1,516,515,489,-1,516,489,517,-1,517,489,488,-1,517,488,509,-1,509,488,518,-1,509,518,511,-1,519,486,512,-1,512,486,520,-1,512,520,513,-1,521,522,492,-1,492,522,523,-1,492,523,490,-1,502,524,492,-1,492,524,525,-1,492,525,521,-1,519,526,486,-1,486,526,527,-1,486,527,484,-1,
        ]
    }
}
Shape{
    appearance Appearance {
        material  Material 	{
            diffuseColor 1.0 1.0 1.0
            specularColor 0.5019607843137255 0.5019607843137255 0.5019607843137255
            ambientIntensity 0.2
            transparency 0
            shininess 0.5
        }
    }
    geometry IndexedFaceSet {
        ccw TRUE
        solid FALSE
        coord DEF co Coordinate {
            point [
                -3.2402 0.1693 0.0984, -3.315 0.1693 0.0984, -3.2402 1.1496 0.0984, -3.315 1.1496 0.0984, -1.2717 0.1693 0.0984, -1.3465 0.1693 0.0984, -1.2717 1.1496 0.0984, -1.3465 1.1496 0.0984, -4.6181 0.1693 0.0984, -4.6929 0.1693 0.0984, -4.6181 1.1496 0.0984, -4.6929 1.1496 0.0984, -1.4685 0.1693 0.0984, -1.5433 0.1693 0.0984, -1.4685 1.1496 0.0984, -1.5433 1.1496 0.0984, -0.6811 0.1693 0.0984, -0.7559 0.1693 0.0984, -0.6811 1.1496 0.0984, -0.7559 1.1496 0.0984, -4.815 0.1693 0.0984, -4.8898 0.1693 0.0984, -4.815 1.1496 0.0984, -4.8898 1.1496 0.0984, -4.2244 0.1693 0.0984, -4.2992 0.1693 0.0984, -4.2244 1.1496 0.0984, -4.2992 1.1496 0.0984, -3.0433 0.1693 0.0984, -3.1181 0.1693 0.0984, -3.0433 1.1496 0.0984, -3.1181 1.1496 0.0984, -3.8307 0.1693 0.0984, -3.9055 0.1693 0.0984, -3.8307 1.1496 0.0984, -3.9055 1.1496 0.0984, -1.0748 0.1693 0.0984, -1.1496 0.1693 0.0984, -1.0748 1.1496 0.0984, -1.1496 1.1496 0.0984, -2.2559 0.1693 0.0984, -2.3307 0.1693 0.0984, -2.2559 1.1496 0.0984, -2.3307 1.1496 0.0984, -0.3622 1.1496 0.0984, -0.1063 1.1496 0.0984, -0.3622 0.1693 0.0984, -0.1063 0.1693 0.0984, -0.878 0.1693 0.0984, -0.9528 0.1693 0.0984, -0.878 1.1496 0.0984, -0.9528 1.1496 0.0984, -1.6654 0.1693 0.0984, -1.7402 0.1693 0.0984, -1.6654 1.1496 0.0984, -1.7402 1.1496 0.0984, -1.8622 0.1693 0.0984, -1.937 0.1693 0.0984, -1.8622 1.1496 0.0984, -1.937 1.1496 0.0984, -2.8465 0.1693 0.0984, -2.9213 0.1693 0.0984, -2.8465 1.1496 0.0984, -2.9213 1.1496 0.0984, -0.4843 0.1693 0.0984, -0.5591 0.1693 0.0984, -0.4843 1.1496 0.0984, -0.5591 1.1496 0.0984, -2.6496 0.1693 0.0984, -2.7244 0.1693 0.0984, -2.6496 1.1496 0.0984, -2.7244 1.1496 0.0984, -5.2677 0.1693 0.0984, -5.2677 1.1496 0.0984, -5.0118 0.1693 0.0984, -5.0118 1.1496 0.0984, -2.4528 0.1693 0.0984, -2.5276 0.1693 0.0984, -2.4528 1.1496 0.0984, -2.5276 1.1496 0.0984, -3.437 0.1693 0.0984, -3.5118 0.1693 0.0984, -3.437 1.1496 0.0984, -3.5118 1.1496 0.0984, -3.5118 1.1496 0.0984
            ]
        }
        coordIndex [
            0,1,2,-1,2,1,3,-1,4,5,6,-1,6,5,7,-1,8,9,10,-1,10,9,11,-1,12,13,14,-1,14,13,15,-1,16,17,18,-1,18,17,19,-1,20,21,22,-1,22,21,23,-1,24,25,26,-1,26,25,27,-1,28,29,30,-1,30,29,31,-1,32,33,34,-1,34,33,35,-1,36,37,38,-1,38,37,39,-1,40,41,42,-1,42,41,43,-1,44,45,46,-1,46,45,47,-1,48,49,50,-1,50,49,51,-1,52,53,54,-1,54,53,55,-1,56,57,58,-1,58,57,59,-1,60,61,62,-1,62,61,63,-1,64,65,66,-1,66,65,67,-1,68,69,70,-1,70,69,71,-1,72,73,74,-1,74,73,75,-1,76,77,78,-1,78,77,79,-1,80,81,82,-1,82,81,83,-1,
        ]
    }
}
Shape{
    appearance Appearance {
        material  Material 	{
            diffuseColor 0.7529411764705882 0.7529411764705882 0.7529411764705882
            specularColor 0.6627450980392157 0.6627450980392157 0.6627450980392157
            ambientIntensity 0.2
            transparency 0
            shininess 0.5
        }
    }
    geometry IndexedFaceSet {
        ccw TRUE
        solid FALSE
        coord DEF co Coordinate {
            point [
                -5.1614 0.9606 1.6653, -5.1614 0.8086 1.6653, -5.2205 0.9606 1.6063, -5.2205 0.874 1.6063, -5.1614 0.9606 1.1102, -5.1614 0.9606 0.9685, -5.1614 0.9362 0.9685, -0.2126 0.9606 1.1102, -0.2126 0.9362 0.9685, -0.2126 0.8996 0.7559, -5.1614 0.8996 0.7559, -0.2126 0.9606 0.9685, -0.2126 0.9606 0.9685
            ]
        }
        coordIndex [
            0,1,2,-1,2,1,3,-1,4,5,6,-1,7,4,8,-1,8,4,6,-1,8,6,9,-1,9,6,10,-1,8,11,7,-1,
        ]
    }
}
Shape{
    appearance Appearance {
        material  Material 	{
            diffuseColor 1.0 1.0 1.0
            specularColor 0.5019607843137255 0.5019607843137255 0.5019607843137255
            ambientIntensity 0.2
            transparency 0
            shininess 0.5
        }
    }
    geometry IndexedFaceSet {
        ccw TRUE
        solid FALSE
        coord DEF co Coordinate {
            point [
                -5.1614 0.9606 1.8643, -5.2402 0.9606 1.9509, -5.1614 0.8873 1.8643, -5.1614 0.7885 1.6834, -5.1614 0.8086 1.6653, -5.1614 0.9606 1.6653, -5.1614 0.783 1.6895, -5.1614 0.7756 1.7323, -5.1614 0.7756 1.7126, -5.1614 0.7764 1.7044, -5.1614 0.779 1.6966, -5.1614 0.779 1.6966
            ]
        }
        coordIndex [
            0,1,2,-1,3,4,5,-1,3,5,6,-1,0,2,5,-1,5,2,7,-1,5,7,8,-1,8,9,5,-1,5,9,10,-1,5,10,6,-1,
        ]
    }
}
Shape{
    appearance Appearance {
        material  Material 	{
            diffuseColor 0.25098039215686274 0.25098039215686274 0.25098039215686274
            specularColor 0.12549019607843137 0.12549019607843137 0.12549019607843137
            ambientIntensity 0.2
            transparency 0
            shininess 0.5
        }
    }
    geometry IndexedFaceSet {
        ccw TRUE
        solid FALSE
        coord DEF co Coordinate {
            point [
                -0.2126 0.8086 1.6653, -0.2126 0.9606 1.6653, -0.1535 0.874 1.6063, -0.1535 0.9606 1.6063, -0.1535 0.9606 1.6063
            ]
        }
        coordIndex [
            0,1,2,-1,2,1,3,-1,
        ]
    }
}
Shape{
    appearance Appearance {
        material  Material 	{
            diffuseColor 1.0 1.0 1.0
            specularColor 0.5019607843137255 0.5019607843137255 0.5019607843137255
            ambientIntensity 0.2
            transparency 0
            shininess 0.5
        }
    }
    geometry IndexedFaceSet {
        ccw TRUE
        solid FALSE
        coord DEF co Coordinate {
            point [
                -0.2126 0.9606 1.8643, -0.2126 0.8873 1.8643, -0.1339 0.9606 1.9509, -0.2126 0.9606 1.6653, -0.2126 0.8086 1.6653, -0.2126 0.7885 1.6834, -0.2126 0.7832 1.6894, -0.2126 0.779 1.6965, -0.2126 0.7756 1.7323, -0.2126 0.7756 1.7126, -0.2126 0.7765 1.7044, -5.5531 0.0787 1.9527, -5.5531 0.0787 0.9685, -5.5379 0.1732 2.0472, -5.5138 0.3228 0.9685, -5.5138 0.3228 2.0472, 0.128 0.9606 0.9685, -0.2126 0.9606 0.9685, -0.2126 0.9362 0.9685, -0.25 0.3412 0.9685, 0.1791 0.0787 0.9685, 0.1398 0.3228 0.9685, 0.128 0.5591 0.9685, -0.2126 0.7126 0.9685, -0.25 0.7126 0.9685, -0.3898 0.4008 0.9685, -0.3996 0.4008 0.9685, -0.3425 0.3412 0.9685, -0.3996 0.2283 0.9685, -0.6437 0.2283 0.9685, -0.6437 0.4008 0.9685, -0.6535 0.4008 0.9685, -0.5866 0.4008 0.9685, -0.5965 0.4008 0.9685, -0.5394 0.3412 0.9685, -0.5965 0.2283 0.9685, -0.5039 0.3412 0.9685, -0.4469 0.2283 0.9685, -0.4567 0.4008 0.9685, -0.4469 0.4008 0.9685, -0.7835 0.4008 0.9685, -0.7933 0.4008 0.9685, -0.7362 0.3412 0.9685, -0.7933 0.2283 0.9685, -0.7008 0.3412 0.9685, -1.0374 0.2283 0.9685, -1.0374 0.4008 0.9685, -1.0472 0.4008 0.9685, -0.9803 0.4008 0.9685, -0.9902 0.4008 0.9685, -0.9331 0.3412 0.9685, -0.9902 0.2283 0.9685, -1.1772 0.4008 0.9685, -1.187 0.4008 0.9685, -1.1299 0.3412 0.9685, -1.187 0.2283 0.9685, -1.0945 0.3412 0.9685, -0.8406 0.4008 0.9685, -0.8504 0.4008 0.9685, -0.8406 0.2283 0.9685, -0.8976 0.3412 0.9685, -1.4311 0.2283 0.9685, -1.4311 0.4008 0.9685, -1.4409 0.4008 0.9685, -1.2343 0.2283 0.9685, -1.2343 0.4008 0.9685, -1.2441 0.4008 0.9685, -1.374 0.4008 0.9685, -1.3839 0.4008 0.9685, -1.3268 0.3412 0.9685, -1.3839 0.2283 0.9685, -1.2913 0.3412 0.9685, -1.5709 0.4008 0.9685, -1.5807 0.4008 0.9685, -1.5236 0.3412 0.9685, -1.5807 0.2283 0.9685, -1.4882 0.3412 0.9685, -1.7677 0.4008 0.9685, -1.7776 0.4008 0.9685, -1.7205 0.3412 0.9685, -1.7776 0.2283 0.9685, -1.628 0.4008 0.9685, -1.6378 0.4008 0.9685, -1.628 0.2283 0.9685, -1.685 0.3412 0.9685, -1.8248 0.2283 0.9685, -1.8248 0.4008 0.9685, -1.8346 0.4008 0.9685, -1.9646 0.4008 0.9685, -1.9744 0.4008 0.9685, -1.9173 0.3412 0.9685, -1.9744 0.2283 0.9685, -1.8819 0.3412 0.9685, -2.1614 0.4008 0.9685, -2.1713 0.4008 0.9685, -2.1142 0.3412 0.9685, -2.1713 0.2283 0.9685, -2.2185 0.4008 0.9685, -2.2283 0.4008 0.9685, -2.2185 0.2283 0.9685, -2.2756 0.3412 0.9685, -2.3583 0.4008 0.9685, -2.3681 0.4008 0.9685, -2.311 0.3412 0.9685, -2.3681 0.2283 0.9685, -2.0217 0.4008 0.9685, -2.0315 0.4008 0.9685, -2.0217 0.2283 0.9685, -2.0787 0.3412 0.9685, -2.4154 0.2283 0.9685, -2.4154 0.4008 0.9685, -2.4252 0.4008 0.9685, -2.5551 0.4008 0.9685, -2.565 0.4008 0.9685, -2.5079 0.3412 0.9685, -2.565 0.2283 0.9685, -2.4724 0.3412 0.9685, -2.6122 0.4008 0.9685, -2.622 0.4008 0.9685, -2.6122 0.2283 0.9685, -2.6693 0.3412 0.9685, -2.752 0.4008 0.9685, -2.7618 0.4008 0.9685, -2.7047 0.3412 0.9685, -2.7618 0.2283 0.9685, -2.8091 0.2283 0.9685, -2.8091 0.4008 0.9685, -2.8189 0.4008 0.9685, -3.0059 0.2283 0.9685, -3.0059 0.4008 0.9685, -3.0157 0.4008 0.9685, -2.9488 0.4008 0.9685, -2.9587 0.4008 0.9685, -2.9016 0.3412 0.9685, -2.9587 0.2283 0.9685, -2.8661 0.3412 0.9685, -3.1457 0.4008 0.9685, -3.1555 0.4008 0.9685, -3.0984 0.3412 0.9685, -3.1555 0.2283 0.9685, -3.063 0.3412 0.9685, -3.3524 0.2283 0.9685, -3.3996 0.2283 0.9685, -3.2028 0.2283 0.9685, -3.3425 0.4008 0.9685, -3.3524 0.4008 0.9685, -3.2953 0.3412 0.9685, -3.2598 0.3412 0.9685, -3.2126 0.4008 0.9685, -3.2028 0.4008 0.9685, -3.3996 0.4008 0.9685, -3.4094 0.4008 0.9685, -3.5394 0.4008 0.9685, -3.5492 0.4008 0.9685, -3.4921 0.3412 0.9685, -3.5492 0.2283 0.9685, -3.4567 0.3412 0.9685, -3.7461 0.2283 0.9685, -3.7933 0.2283 0.9685, -3.7362 0.4008 0.9685, -3.7461 0.4008 0.9685, -3.689 0.3412 0.9685, -3.5965 0.4008 0.9685, -3.6063 0.4008 0.9685, -3.5965 0.2283 0.9685, -3.6535 0.3412 0.9685, -3.7933 0.4008 0.9685, -3.8031 0.4008 0.9685, -3.9331 0.4008 0.9685, -3.9429 0.4008 0.9685, -3.8858 0.3412 0.9685, -3.9429 0.2283 0.9685, -3.8504 0.3412 0.9685, -4.1398 0.2283 0.9685, -4.187 0.2283 0.9685, -3.9902 0.2283 0.9685, -4.1299 0.4008 0.9685, -4.1398 0.4008 0.9685, -4.0827 0.3412 0.9685, -4.0472 0.3412 0.9685, -4.0 0.4008 0.9685, -3.9902 0.4008 0.9685, -4.187 0.4008 0.9685, -4.1969 0.4008 0.9685, -4.3268 0.4008 0.9685, -4.3366 0.4008 0.9685, -4.2795 0.3412 0.9685, -4.3366 0.2283 0.9685, -4.2441 0.3412 0.9685, -4.5335 0.2283 0.9685, -4.5807 0.2283 0.9685, -4.5236 0.4008 0.9685, -4.5335 0.4008 0.9685, -4.4764 0.3412 0.9685, -4.3839 0.4008 0.9685, -4.3937 0.4008 0.9685, -4.3839 0.2283 0.9685, -4.4409 0.3412 0.9685, -4.5807 0.4008 0.9685, -4.5906 0.4008 0.9685, -4.7205 0.4008 0.9685, -4.7303 0.4008 0.9685, -4.6732 0.3412 0.9685, -4.7303 0.2283 0.9685, -4.6378 0.3412 0.9685, -4.9272 0.2283 0.9685, -4.9744 0.2283 0.9685, -4.7776 0.2283 0.9685, -4.9173 0.4008 0.9685, -4.9272 0.4008 0.9685, -4.8701 0.3412 0.9685, -4.8346 0.3412 0.9685, -4.7874 0.4008 0.9685, -4.7776 0.4008 0.9685, -5.124 0.3412 0.9685, -5.124 0.7126 0.9685, -5.1614 0.7126 0.9685, -4.9744 0.4008 0.9685, -4.9843 0.4008 0.9685, -5.0315 0.3412 0.9685, -5.502 0.5591 0.9685, -5.1614 0.9362 0.9685, -5.502 0.9606 0.9685, -5.1614 0.9606 0.9685, 0.1791 0.0787 1.9527, 0.1639 0.1732 2.0472, 0.1398 0.3228 2.0472, -3.6024 0.1693 0.1575, -3.6339 0.1693 0.0984, -3.6024 1.1496 0.1575, -3.6339 1.1496 0.0984, -3.7087 0.1693 0.0984, -3.7402 0.1693 0.1575, -3.7087 1.1496 0.0984, -3.7402 1.1496 0.1575, -4.3898 0.1693 0.1575, -4.4213 0.1693 0.0984, -4.3898 1.1496 0.1575, -4.4213 1.1496 0.0984, -4.4961 0.1693 0.0984, -4.5276 0.1693 0.1575, -4.4961 1.1496 0.0984, -4.5276 1.1496 0.1575, -3.9961 0.1693 0.1575, -4.0276 0.1693 0.0984, -3.9961 1.1496 0.1575, -4.0276 1.1496 0.0984, -4.1024 0.1693 0.0984, -4.1339 0.1693 0.1575, -4.1024 1.1496 0.0984, -4.1339 1.1496 0.1575, -2.1339 0.1693 0.0984, -2.1654 0.1693 0.1575, -2.1339 1.1496 0.0984, -2.1654 1.1496 0.1575, -2.0276 0.1693 0.1575, -2.0591 0.1693 0.0984, -2.0276 1.1496 0.1575, -2.0591 1.1496 0.0984, -2.0591 1.1496 0.0984
            ]
        }
        coordIndex [
            0,1,2,-1,0,3,4,-1,4,5,0,-1,0,5,6,-1,0,6,7,-1,8,1,9,-1,9,1,0,-1,9,0,10,-1,10,0,7,-1,11,12,13,-1,13,12,14,-1,13,14,15,-1,16,17,18,-1,19,20,21,-1,16,18,22,-1,22,18,23,-1,22,23,21,-1,21,23,24,-1,21,24,19,-1,25,26,27,-1,27,26,28,-1,27,28,19,-1,29,30,31,-1,32,33,34,-1,34,33,35,-1,34,35,36,-1,36,35,37,-1,36,37,38,-1,38,37,39,-1,40,41,42,-1,42,41,43,-1,42,43,44,-1,45,46,47,-1,48,49,50,-1,50,49,51,-1,52,53,54,-1,54,53,55,-1,54,55,56,-1,57,58,59,-1,59,58,60,-1,61,62,63,-1,64,65,66,-1,67,68,69,-1,69,68,70,-1,69,70,71,-1,12,51,45,-1,19,28,20,-1,20,28,37,-1,20,37,12,-1,12,37,35,-1,12,35,29,-1,64,12,55,-1,55,12,45,-1,55,45,56,-1,56,45,47,-1,72,73,74,-1,74,73,75,-1,74,75,76,-1,31,44,29,-1,29,44,43,-1,29,43,12,-1,12,43,59,-1,12,59,51,-1,51,59,60,-1,51,60,50,-1,77,78,79,-1,79,78,80,-1,81,82,83,-1,83,82,84,-1,80,85,12,-1,85,86,87,-1,88,89,90,-1,90,89,91,-1,90,91,92,-1,66,71,64,-1,64,71,70,-1,64,70,12,-1,12,70,61,-1,93,94,95,-1,95,94,96,-1,63,76,61,-1,61,76,75,-1,61,75,12,-1,12,75,83,-1,12,83,80,-1,80,83,84,-1,80,84,79,-1,97,98,99,-1,99,98,100,-1,101,102,103,-1,103,102,104,-1,103,104,100,-1,105,106,107,-1,107,106,108,-1,104,109,12,-1,109,110,111,-1,112,113,114,-1,114,113,115,-1,114,115,116,-1,100,104,99,-1,99,104,12,-1,99,12,96,-1,117,118,119,-1,119,118,120,-1,121,122,123,-1,123,122,124,-1,124,125,12,-1,87,92,85,-1,85,92,91,-1,85,91,12,-1,12,91,107,-1,12,107,96,-1,96,107,108,-1,96,108,95,-1,125,126,127,-1,128,129,130,-1,111,116,109,-1,109,116,115,-1,109,115,12,-1,12,115,119,-1,12,119,124,-1,124,119,120,-1,124,120,123,-1,131,132,133,-1,133,132,134,-1,133,134,135,-1,136,137,138,-1,138,137,139,-1,138,139,140,-1,141,142,12,-1,127,135,125,-1,125,135,134,-1,125,134,12,-1,12,134,128,-1,130,140,128,-1,128,140,139,-1,128,139,12,-1,12,139,143,-1,12,143,141,-1,144,145,146,-1,146,145,141,-1,146,141,147,-1,147,141,143,-1,147,143,148,-1,148,143,149,-1,142,150,151,-1,152,153,154,-1,154,153,155,-1,154,155,156,-1,157,158,12,-1,159,160,161,-1,161,160,157,-1,162,163,164,-1,164,163,165,-1,151,156,142,-1,142,156,155,-1,142,155,12,-1,12,155,164,-1,12,164,157,-1,157,164,165,-1,157,165,161,-1,158,166,167,-1,168,169,170,-1,170,169,171,-1,170,171,172,-1,173,174,12,-1,167,172,158,-1,158,172,171,-1,158,171,12,-1,12,171,175,-1,12,175,173,-1,176,177,178,-1,178,177,173,-1,178,173,179,-1,179,173,175,-1,179,175,180,-1,180,175,181,-1,174,182,183,-1,184,185,186,-1,186,185,187,-1,186,187,188,-1,189,190,12,-1,191,192,193,-1,193,192,189,-1,194,195,196,-1,196,195,197,-1,183,188,174,-1,174,188,187,-1,174,187,12,-1,12,187,196,-1,12,196,189,-1,189,196,197,-1,189,197,193,-1,190,198,199,-1,200,201,202,-1,202,201,203,-1,202,203,204,-1,205,206,12,-1,199,204,190,-1,190,204,203,-1,190,203,12,-1,12,203,207,-1,12,207,205,-1,208,209,210,-1,210,209,205,-1,210,205,211,-1,211,205,207,-1,211,207,212,-1,212,207,213,-1,214,215,216,-1,217,218,206,-1,206,218,219,-1,206,219,12,-1,12,219,214,-1,12,214,14,-1,14,214,216,-1,14,216,220,-1,220,216,221,-1,220,221,222,-1,222,221,223,-1,20,224,21,-1,21,224,225,-1,21,225,226,-1,227,228,229,-1,229,228,230,-1,231,232,233,-1,233,232,234,-1,235,236,237,-1,237,236,238,-1,239,240,241,-1,241,240,242,-1,243,244,245,-1,245,244,246,-1,247,248,249,-1,249,248,250,-1,251,252,253,-1,253,252,254,-1,255,256,257,-1,257,256,258,-1,
        ]
    }
}
Shape{
    appearance Appearance {
        material  Material 	{
            diffuseColor 0.7529411764705882 0.7529411764705882 0.7529411764705882
            specularColor 0.6627450980392157 0.6627450980392157 0.6627450980392157
            ambientIntensity 0.2
            transparency 0
            shininess 0.5
        }
    }
    geometry IndexedFaceSet {
        ccw TRUE
        solid FALSE
        coord DEF co Coordinate {
            point [
                -5.315 1.2008 0.1732, -5.315 1.2008 0.1063, -5.374 1.2008 0.1732, -5.374 1.2008 0.1063, -5.374 1.2015 0.1012, -5.315 1.2015 0.1012, -5.374 1.2034 0.0965, -5.315 1.2034 0.0965, -5.374 1.2066 0.0924, -5.315 1.2066 0.0924, -5.374 1.2106 0.0893, -5.315 1.2106 0.0893, -5.374 1.2154 0.0873, -5.315 1.2154 0.0873, -5.374 1.2205 0.0866, -5.315 1.2205 0.0866, -5.374 1.3189 0.0866, -5.315 1.3189 0.0866, -5.374 1.3386 0.0669, -5.315 1.3386 0.0669, -5.374 1.3386 0.0197, -5.315 1.3386 0.0197, -5.374 1.3189 0.0, -5.315 1.3189 0.0, -5.374 1.122 0.0, -5.315 1.122 0.0, -5.374 1.0827 0.0866, -5.315 1.0827 0.0866, -5.374 0.7815 0.0866, -5.315 0.7815 0.0866, -5.374 0.7713 0.0853, -5.315 0.7713 0.0853, -5.374 0.7618 0.0813, -5.315 0.7618 0.0813, -5.374 0.7537 0.0751, -5.315 0.7537 0.0751, -5.374 0.7474 0.0669, -5.315 0.7474 0.0669, -5.374 0.7435 0.0574, -5.315 0.7435 0.0574, -5.374 0.7421 0.0472, -5.315 0.7421 0.0472, -5.374 0.5768 0.0472, -5.315 0.5768 0.0472, -5.315 0.5374 0.0866, -5.374 0.5374 0.0866, -5.315 0.5476 0.0853, -5.374 0.5476 0.0853, -5.315 0.5571 0.0813, -5.374 0.5571 0.0813, -5.315 0.5652 0.0751, -5.374 0.5652 0.0751, -5.315 0.5715 0.0669, -5.374 0.5715 0.0669, -5.315 0.5754 0.0574, -5.374 0.5754 0.0574, -5.374 0.2362 0.0866, -5.315 0.2362 0.0866, -5.374 0.1969 0.0, -5.315 0.1969 0.0, -5.374 0.0 0.0, -5.315 0.0 0.0, -5.374 -0.0197 0.0197, -5.315 -0.0197 0.0197, -5.374 -0.0197 0.0669, -5.315 -0.0197 0.0669, -5.374 0.0 0.0866, -5.315 0.0 0.0866, -5.315 0.0984 0.0866, -5.374 0.0984 0.0866, -5.374 0.1035 0.0873, -5.315 0.1035 0.0873, -5.374 0.1083 0.0893, -5.315 0.1083 0.0893, -5.374 0.1123 0.0924, -5.315 0.1123 0.0924, -5.374 0.1155 0.0965, -5.315 0.1155 0.0965, -5.374 0.1174 0.1012, -5.315 0.1174 0.1012, -5.374 0.1181 0.1063, -5.315 0.1181 0.1063, -5.374 0.1181 0.1732, -5.315 0.1181 0.1732, -5.315 0.1191 0.182, -5.374 0.1191 0.182, -5.315 0.122 0.1903, -5.374 0.122 0.1903, -5.315 0.1267 0.1978, -5.374 0.1267 0.1978, -5.315 0.1329 0.204, -5.374 0.1329 0.204, -5.315 0.1404 0.2087, -5.374 0.1404 0.2087, -5.315 0.1487 0.2116, -5.374 0.1487 0.2116, -5.315 0.1575 0.2126, -5.374 0.1575 0.2126, -5.374 1.1998 0.182, -5.315 1.1998 0.182, -5.374 1.1969 0.1903, -5.315 1.1969 0.1903, -5.374 1.1922 0.1978, -5.315 1.1922 0.1978, -5.374 1.186 0.204, -5.315 1.186 0.204, -5.374 1.1785 0.2087, -5.315 1.1785 0.2087, -5.374 1.1702 0.2116, -5.315 1.1702 0.2116, -5.374 1.1614 0.2126, -5.315 1.1614 0.2126, -2.6122 0.1181 0.1732, -2.565 0.1181 0.1732, -2.565 0.1195 0.1834, -2.6122 0.1195 0.1834, -2.565 0.1234 0.1929, -2.6122 0.1234 0.1929, -2.565 0.1296 0.2011, -2.6122 0.1296 0.2011, -2.565 0.1378 0.2073, -2.6122 0.1378 0.2073, -2.565 0.1473 0.2113, -2.6122 0.1473 0.2113, -2.565 0.1575 0.2126, -2.6122 0.1575 0.2126, -2.565 0.1181 0.1063, -2.6122 0.1181 0.1063, -2.565 0.1174 0.1012, -2.6122 0.1174 0.1012, -2.565 0.1155 0.0965, -2.6122 0.1155 0.0965, -2.565 0.1123 0.0924, -2.6122 0.1123 0.0924, -2.565 0.1083 0.0893, -2.6122 0.1083 0.0893, -2.565 0.1035 0.0873, -2.6122 0.1035 0.0873, -2.565 0.0984 0.0866, -2.6122 0.0984 0.0866, -2.565 -0.0 0.0866, -2.6122 0.0 0.0866, -2.565 -0.0197 0.0669, -2.6122 -0.0197 0.0669, -2.565 -0.0197 0.0197, -2.6122 -0.0197 0.0197, -2.565 0.0 0.0, -2.6122 0.0 0.0, -2.565 0.1969 0.0, -2.6122 0.1969 0.0, -2.565 0.2362 0.0866, -2.6122 0.2362 0.0866, -2.565 0.5374 0.0866, -2.6122 0.5374 0.0866, -2.565 0.5476 0.0853, -2.6122 0.5476 0.0853, -2.565 0.5571 0.0813, -2.6122 0.5571 0.0813, -2.565 0.5652 0.0751, -2.6122 0.5652 0.0751, -2.565 0.5715 0.0669, -2.6122 0.5715 0.0669, -2.565 0.5754 0.0574, -2.6122 0.5754 0.0574, -2.565 0.5768 0.0472, -2.6122 0.5768 0.0472, -2.565 0.7421 0.0472, -2.6122 0.7421 0.0472, -2.565 0.7435 0.0574, -2.6122 0.7435 0.0574, -2.565 0.7474 0.0669, -2.6122 0.7474 0.0669, -2.565 0.7537 0.0751, -2.6122 0.7537 0.0751, -2.565 0.7618 0.0813, -2.6122 0.7618 0.0813, -2.565 0.7713 0.0853, -2.6122 0.7713 0.0853, -2.565 0.7815 0.0866, -2.6122 0.7815 0.0866, -2.565 0.9528 0.0866, -2.6122 0.9528 0.0866, -2.565 0.9528 0.2126, -2.6122 0.9528 0.2126, -2.565 0.6437 0.2126, -2.6122 0.6437 0.2126, -3.3524 0.1181 0.1063, -3.3524 0.1181 0.1732, -3.3996 0.1181 0.1063, -3.3996 0.1181 0.1732, -3.3524 0.1174 0.1012, -3.3996 0.1174 0.1012, -3.3524 0.1155 0.0965, -3.3996 0.1155 0.0965, -3.3524 0.1123 0.0924, -3.3996 0.1123 0.0924, -3.3524 0.1083 0.0893, -3.3996 0.1083 0.0893, -3.3524 0.1035 0.0873, -3.3996 0.1035 0.0873, -3.3524 0.0984 0.0866, -3.3996 0.0984 0.0866, -3.3524 -0.0 0.0866, -3.3996 -0.0 0.0866, -3.3524 -0.0197 0.0669, -3.3996 -0.0197 0.0669, -3.3524 -0.0197 0.0197, -3.3996 -0.0197 0.0197, -3.3524 0.0 0.0, -3.3996 0.0 0.0, -3.3524 0.1969 0.0, -3.3996 0.1969 0.0, -3.3524 0.2362 0.0866, -3.3996 0.2362 0.0866, -3.3524 0.5374 0.0866, -3.3996 0.5374 0.0866, -3.3524 0.5476 0.0853, -3.3996 0.5476 0.0853, -3.3524 0.5571 0.0813, -3.3996 0.5571 0.0813, -3.3524 0.5652 0.0751, -3.3996 0.5652 0.0751, -3.3524 0.5715 0.0669, -3.3996 0.5715 0.0669, -3.3524 0.5754 0.0574, -3.3996 0.5754 0.0574, -3.3524 0.5768 0.0472, -3.3996 0.5768 0.0472, -3.3524 0.7421 0.0472, -3.3996 0.7421 0.0472, -3.3524 0.7435 0.0574, -3.3996 0.7435 0.0574, -3.3524 0.7474 0.0669, -3.3996 0.7474 0.0669, -3.3524 0.7537 0.0751, -3.3996 0.7537 0.0751, -3.3524 0.7618 0.0813, -3.3996 0.7618 0.0813, -3.3524 0.7713 0.0853, -3.3996 0.7713 0.0853, -3.3524 0.7815 0.0866, -3.3996 0.7815 0.0866, -3.3524 0.9528 0.0866, -3.3996 0.9528 0.0866, -3.3524 0.9528 0.2126, -3.3996 0.9528 0.2126, -3.3524 0.6437 0.2126, -3.3996 0.6437 0.2126, -3.3524 0.1191 0.182, -3.3996 0.1191 0.182, -3.3524 0.122 0.1903, -3.3996 0.122 0.1903, -3.3524 0.1267 0.1978, -3.3996 0.1267 0.1978, -3.3524 0.1329 0.204, -3.3996 0.1329 0.204, -3.3524 0.1404 0.2087, -3.3996 0.1404 0.2087, -3.3524 0.1487 0.2116, -3.3996 0.1487 0.2116, -3.3524 0.1575 0.2126, -3.3996 0.1575 0.2126, -2.7618 0.3661 0.0866, -2.7618 0.3661 0.1732, -2.8091 0.3661 0.0866, -2.8091 0.3661 0.1732, -2.7618 0.5374 0.0866, -2.8091 0.5374 0.0866, -2.7618 0.5476 0.0853, -2.8091 0.5476 0.0853, -2.7618 0.5571 0.0813, -2.8091 0.5571 0.0813, -2.7618 0.5652 0.0751, -2.8091 0.5652 0.0751, -2.7618 0.5715 0.0669, -2.8091 0.5715 0.0669, -2.7618 0.5754 0.0574, -2.8091 0.5754 0.0574, -2.7618 0.5768 0.0472, -2.8091 0.5768 0.0472, -2.7618 0.7421 0.0472, -2.8091 0.7421 0.0472, -2.7618 0.7435 0.0574, -2.8091 0.7435 0.0574, -2.7618 0.7474 0.0669, -2.8091 0.7474 0.0669, -2.7618 0.7537 0.0751, -2.8091 0.7537 0.0751, -2.7618 0.7618 0.0813, -2.8091 0.7618 0.0813, -2.7618 0.7713 0.0853, -2.8091 0.7713 0.0853, -2.7618 0.7815 0.0866, -2.8091 0.7815 0.0866, -2.7618 1.0827 0.0866, -2.8091 1.0827 0.0866, -2.7618 1.122 0.0, -2.8091 1.122 0.0, -2.7618 1.3189 0.0, -2.8091 1.3189 0.0, -2.7618 1.3386 0.0197, -2.8091 1.3386 0.0197, -2.7618 1.3386 0.0669, -2.8091 1.3386 0.0669, -2.7618 1.3189 0.0866, -2.8091 1.3189 0.0866, -2.7618 1.2205 0.0866, -2.8091 1.2205 0.0866, -2.7618 1.2154 0.0873, -2.8091 1.2154 0.0873, -2.7618 1.2106 0.0893, -2.8091 1.2106 0.0893, -2.7618 1.2066 0.0924, -2.8091 1.2066 0.0924, -2.7618 1.2034 0.0965, -2.8091 1.2034 0.0965, -2.7618 1.2015 0.1012, -2.8091 1.2015 0.1012, -2.7618 1.2008 0.1063, -2.8091 1.2008 0.1063, -2.7618 1.2008 0.1732, -2.8091 1.2008 0.1732, -2.8091 1.1998 0.182, -2.7618 1.1998 0.182, -2.8091 1.1969 0.1903, -2.7618 1.1969 0.1903, -2.8091 1.1922 0.1978, -2.7618 1.1922 0.1978, -2.8091 1.186 0.204, -2.7618 1.186 0.204, -2.8091 1.1785 0.2087, -2.7618 1.1785 0.2087, -2.8091 1.1702 0.2116, -2.7618 1.1702 0.2116, -2.8091 1.1614 0.2126, -2.7618 1.1614 0.2126, -2.7618 0.6437 0.2126, -2.8091 0.6437 0.2126, -0.3996 0.3661 0.0866, -0.3996 0.3661 0.1732, -0.4469 0.3661 0.0866, -0.4469 0.3661 0.1732, -0.3996 0.5374 0.0866, -0.4469 0.5374 0.0866, -0.3996 0.5476 0.0853, -0.4469 0.5476 0.0853, -0.3996 0.5571 0.0813, -0.4469 0.5571 0.0813, -0.3996 0.5652 0.0751, -0.4469 0.5652 0.0751, -0.3996 0.5715 0.0669, -0.4469 0.5715 0.0669, -0.3996 0.5754 0.0574, -0.4469 0.5754 0.0574, -0.3996 0.5768 0.0472, -0.4469 0.5768 0.0472, -0.3996 0.7421 0.0472, -0.4469 0.7421 0.0472, -0.3996 0.7435 0.0574, -0.4469 0.7435 0.0574, -0.3996 0.7474 0.0669, -0.4469 0.7474 0.0669, -0.3996 0.7537 0.0751, -0.4469 0.7537 0.0751, -0.3996 0.7618 0.0813, -0.4469 0.7618 0.0813, -0.3996 0.7713 0.0853, -0.4469 0.7713 0.0853, -0.3996 0.7815 0.0866, -0.4469 0.7815 0.0866, -0.3996 1.0827 0.0866, -0.4469 1.0827 0.0866, -0.3996 1.122 0.0, -0.4469 1.122 0.0, -0.3996 1.3189 0.0, -0.4469 1.3189 0.0, -0.3996 1.3386 0.0197, -0.4469 1.3386 0.0197, -0.3996 1.3386 0.0669, -0.4469 1.3386 0.0669, -0.3996 1.3189 0.0866, -0.4469 1.3189 0.0866, -0.3996 1.2205 0.0866, -0.4469 1.2205 0.0866, -0.3996 1.2154 0.0873, -0.4469 1.2154 0.0873, -0.3996 1.2106 0.0893, -0.4469 1.2106 0.0893, -0.3996 1.2066 0.0924, -0.4469 1.2066 0.0924, -0.3996 1.2034 0.0965, -0.4469 1.2034 0.0965, -0.3996 1.2015 0.1012, -0.4469 1.2015 0.1012, -0.3996 1.2008 0.1063, -0.4469 1.2008 0.1063, -0.3996 1.2008 0.1732, -0.4469 1.2008 0.1732, -0.4469 1.1998 0.182, -0.3996 1.1998 0.182, -0.4469 1.1969 0.1903, -0.3996 1.1969 0.1903, -0.4469 1.1922 0.1978, -0.3996 1.1922 0.1978, -0.4469 1.186 0.204, -0.3996 1.186 0.204, -0.4469 1.1785 0.2087, -0.3996 1.1785 0.2087, -0.4469 1.1702 0.2116, -0.3996 1.1702 0.2116, -0.4469 1.1614 0.2126, -0.3996 1.1614 0.2126, -0.3996 0.6437 0.2126, -0.4469 0.6437 0.2126, -0.7933 0.5374 0.0866, -0.7933 0.3661 0.0866, -0.8406 0.5374 0.0866, -0.8406 0.3661 0.0866, -0.7933 0.5476 0.0853, -0.8406 0.5476 0.0853, -0.7933 0.5571 0.0813, -0.8406 0.5571 0.0813, -0.7933 0.5652 0.0751, -0.8406 0.5652 0.0751, -0.7933 0.5715 0.0669, -0.8406 0.5715 0.0669, -0.7933 0.5754 0.0574, -0.8406 0.5754 0.0574, -0.7933 0.5768 0.0472, -0.8406 0.5768 0.0472, -0.7933 0.7421 0.0472, -0.8406 0.7421 0.0472, -0.7933 0.7435 0.0574, -0.8406 0.7435 0.0574, -0.7933 0.7474 0.0669, -0.8406 0.7474 0.0669, -0.7933 0.7537 0.0751, -0.8406 0.7537 0.0751, -0.7933 0.7618 0.0813, -0.8406 0.7618 0.0813, -0.7933 0.7713 0.0853, -0.8406 0.7713 0.0853, -0.7933 0.7815 0.0866, -0.8406 0.7815 0.0866, -0.7933 1.0827 0.0866, -0.8406 1.0827 0.0866, -0.7933 1.122 0.0, -0.8406 1.122 0.0, -0.7933 1.3189 0.0, -0.8406 1.3189 0.0, -0.7933 1.3386 0.0197, -0.8406 1.3386 0.0197, -0.7933 1.3386 0.0669, -0.8406 1.3386 0.0669, -0.7933 1.3189 0.0866, -0.8406 1.3189 0.0866, -0.7933 1.2205 0.0866, -0.8406 1.2205 0.0866, -0.7933 1.2154 0.0873, -0.8406 1.2154 0.0873, -0.7933 1.2106 0.0893, -0.8406 1.2106 0.0893, -0.7933 1.2066 0.0924, -0.8406 1.2066 0.0924, -0.7933 1.2034 0.0965, -0.8406 1.2034 0.0965, -0.7933 1.2015 0.1012, -0.8406 1.2015 0.1012, -0.7933 1.2008 0.1063, -0.8406 1.2008 0.1063, -0.7933 1.2008 0.1732, -0.8406 1.2008 0.1732, -0.8406 1.1998 0.182, -0.7933 1.1998 0.182, -0.8406 1.1969 0.1903, -0.7933 1.1969 0.1903, -0.8406 1.1922 0.1978, -0.7933 1.1922 0.1978, -0.8406 1.186 0.204, -0.7933 1.186 0.204, -0.8406 1.1785 0.2087, -0.7933 1.1785 0.2087, -0.8406 1.1702 0.2116, -0.7933 1.1702 0.2116, -0.8406 1.1614 0.2126, -0.7933 1.1614 0.2126, -0.7933 0.6437 0.2126, -0.8406 0.6437 0.2126, -0.7933 0.3661 0.1732, -0.8406 0.3661 0.1732, -1.187 0.3661 0.0866, -1.187 0.3661 0.1732, -1.2343 0.3661 0.0866, -1.2343 0.3661 0.1732, -1.187 0.5374 0.0866, -1.2343 0.5374 0.0866, -1.187 0.5476 0.0853, -1.2343 0.5476 0.0853, -1.187 0.5571 0.0813, -1.2343 0.5571 0.0813, -1.187 0.5652 0.0751, -1.2343 0.5652 0.0751, -1.187 0.5715 0.0669, -1.2343 0.5715 0.0669, -1.187 0.5754 0.0574, -1.2343 0.5754 0.0574, -1.187 0.5768 0.0472, -1.2343 0.5768 0.0472, -1.187 0.7421 0.0472, -1.2343 0.7421 0.0472, -1.187 0.7435 0.0574, -1.2343 0.7435 0.0574, -1.187 0.7474 0.0669, -1.2343 0.7474 0.0669, -1.187 0.7537 0.0751, -1.2343 0.7537 0.0751, -1.187 0.7618 0.0813, -1.2343 0.7618 0.0813, -1.187 0.7713 0.0853, -1.2343 0.7713 0.0853, -1.187 0.7815 0.0866, -1.2343 0.7815 0.0866, -1.187 1.0827 0.0866, -1.2343 1.0827 0.0866, -1.187 1.122 0.0, -1.2343 1.122 0.0, -1.187 1.3189 0.0, -1.2343 1.3189 0.0, -1.187 1.3386 0.0197, -1.2343 1.3386 0.0197, -1.187 1.3386 0.0669, -1.2343 1.3386 0.0669, -1.187 1.3189 0.0866, -1.2343 1.3189 0.0866, -1.187 1.2205 0.0866, -1.2343 1.2205 0.0866, -1.187 1.2154 0.0873, -1.2343 1.2154 0.0873, -1.187 1.2106 0.0893, -1.2343 1.2106 0.0893, -1.187 1.2066 0.0924, -1.2343 1.2066 0.0924, -1.187 1.2034 0.0965, -1.2343 1.2034 0.0965, -1.187 1.2015 0.1012, -1.2343 1.2015 0.1012, -1.187 1.2008 0.1063, -1.2343 1.2008 0.1063, -1.187 1.2008 0.1732, -1.2343 1.2008 0.1732, -1.2343 1.1998 0.182, -1.187 1.1998 0.182, -1.2343 1.1969 0.1903, -1.187 1.1969 0.1903, -1.2343 1.1922 0.1978, -1.187 1.1922 0.1978, -1.2343 1.186 0.204, -1.187 1.186 0.204, -1.2343 1.1785 0.2087, -1.187 1.1785 0.2087, -1.2343 1.1702 0.2116, -1.187 1.1702 0.2116, -1.2343 1.1614 0.2126, -1.187 1.1614 0.2126, -1.187 0.6437 0.2126, -1.2343 0.6437 0.2126, -1.5807 0.5374 0.0866, -1.5807 0.3661 0.0866, -1.628 0.5374 0.0866, -1.628 0.3661 0.0866, -1.5807 0.5476 0.0853, -1.628 0.5476 0.0853, -1.5807 0.5571 0.0813, -1.628 0.5571 0.0813, -1.5807 0.5652 0.0751, -1.628 0.5652 0.0751, -1.5807 0.5715 0.0669, -1.628 0.5715 0.0669, -1.5807 0.5754 0.0574, -1.628 0.5754 0.0574, -1.5807 0.5768 0.0472, -1.628 0.5768 0.0472, -1.5807 0.7421 0.0472, -1.628 0.7421 0.0472, -1.5807 0.7435 0.0574, -1.628 0.7435 0.0574, -1.5807 0.7474 0.0669, -1.628 0.7474 0.0669, -1.5807 0.7537 0.0751, -1.628 0.7537 0.0751, -1.5807 0.7618 0.0813, -1.628 0.7618 0.0813, -1.5807 0.7713 0.0853, -1.628 0.7713 0.0853, -1.5807 0.7815 0.0866, -1.628 0.7815 0.0866, -1.5807 1.0827 0.0866, -1.628 1.0827 0.0866, -1.5807 1.122 0.0, -1.628 1.122 0.0, -1.5807 1.3189 0.0, -1.628 1.3189 0.0, -1.5807 1.3386 0.0197, -1.628 1.3386 0.0197, -1.5807 1.3386 0.0669, -1.628 1.3386 0.0669, -1.5807 1.3189 0.0866, -1.628 1.3189 0.0866, -1.5807 1.2205 0.0866, -1.628 1.2205 0.0866, -1.5807 1.2154 0.0873, -1.628 1.2154 0.0873, -1.5807 1.2106 0.0893, -1.628 1.2106 0.0893, -1.5807 1.2066 0.0924, -1.628 1.2066 0.0924, -1.5807 1.2034 0.0965, -1.628 1.2034 0.0965, -1.5807 1.2015 0.1012, -1.628 1.2015 0.1012, -1.5807 1.2008 0.1063, -1.628 1.2008 0.1063, -1.5807 1.2008 0.1732, -1.628 1.2008 0.1732, -1.628 1.1998 0.182, -1.5807 1.1998 0.182, -1.628 1.1969 0.1903, -1.5807 1.1969 0.1903, -1.628 1.1922 0.1978, -1.5807 1.1922 0.1978, -1.628 1.186 0.204, -1.5807 1.186 0.204, -1.628 1.1785 0.2087, -1.5807 1.1785 0.2087, -1.628 1.1702 0.2116, -1.5807 1.1702 0.2116, -1.628 1.1614 0.2126, -1.5807 1.1614 0.2126, -1.5807 0.6437 0.2126, -1.628 0.6437 0.2126, -1.5807 0.3661 0.1732, -1.628 0.3661 0.1732, -1.9744 0.3661 0.0866, -1.9744 0.3661 0.1732, -2.0217 0.3661 0.0866, -2.0217 0.3661 0.1732, -1.9744 0.5374 0.0866, -2.0217 0.5374 0.0866, -1.9744 0.5476 0.0853, -2.0217 0.5476 0.0853, -1.9744 0.5571 0.0813, -2.0217 0.5571 0.0813, -1.9744 0.5652 0.0751, -2.0217 0.5652 0.0751, -1.9744 0.5715 0.0669, -2.0217 0.5715 0.0669, -1.9744 0.5754 0.0574, -2.0217 0.5754 0.0574, -1.9744 0.5768 0.0472, -2.0217 0.5768 0.0472, -1.9744 0.7421 0.0472, -2.0217 0.7421 0.0472, -1.9744 0.7435 0.0574, -2.0217 0.7435 0.0574, -1.9744 0.7474 0.0669, -2.0217 0.7474 0.0669, -1.9744 0.7537 0.0751, -2.0217 0.7537 0.0751, -1.9744 0.7618 0.0813, -2.0217 0.7618 0.0813, -1.9744 0.7713 0.0853, -2.0217 0.7713 0.0853, -1.9744 0.7815 0.0866, -2.0217 0.7815 0.0866, -1.9744 1.0827 0.0866, -2.0217 1.0827 0.0866, -1.9744 1.122 0.0, -2.0217 1.122 0.0, -1.9744 1.3189 0.0, -2.0217 1.3189 0.0, -1.9744 1.3386 0.0197, -2.0217 1.3386 0.0197, -1.9744 1.3386 0.0669, -2.0217 1.3386 0.0669, -1.9744 1.3189 0.0866, -2.0217 1.3189 0.0866, -1.9744 1.2205 0.0866, -2.0217 1.2205 0.0866, -1.9744 1.2154 0.0873, -2.0217 1.2154 0.0873, -1.9744 1.2106 0.0893, -2.0217 1.2106 0.0893, -1.9744 1.2066 0.0924, -2.0217 1.2066 0.0924, -1.9744 1.2034 0.0965, -2.0217 1.2034 0.0965, -1.9744 1.2015 0.1012, -2.0217 1.2015 0.1012, -1.9744 1.2008 0.1063, -2.0217 1.2008 0.1063, -1.9744 1.2008 0.1732, -2.0217 1.2008 0.1732, -2.0217 1.1998 0.182, -1.9744 1.1998 0.182, -2.0217 1.1969 0.1903, -1.9744 1.1969 0.1903, -2.0217 1.1922 0.1978, -1.9744 1.1922 0.1978, -2.0217 1.186 0.204, -1.9744 1.186 0.204, -2.0217 1.1785 0.2087, -1.9744 1.1785 0.2087, -2.0217 1.1702 0.2116, -1.9744 1.1702 0.2116, -2.0217 1.1614 0.2126, -1.9744 1.1614 0.2126, -1.9744 0.6437 0.2126, -2.0217 0.6437 0.2126, -2.3681 0.3661 0.0866, -2.3681 0.3661 0.1732, -2.4154 0.3661 0.0866, -2.4154 0.3661 0.1732, -2.3681 0.5374 0.0866, -2.4154 0.5374 0.0866, -2.3681 0.5476 0.0853, -2.4154 0.5476 0.0853, -2.3681 0.5571 0.0813, -2.4154 0.5571 0.0813, -2.3681 0.5652 0.0751, -2.4154 0.5652 0.0751, -2.3681 0.5715 0.0669, -2.4154 0.5715 0.0669, -2.3681 0.5754 0.0574, -2.4154 0.5754 0.0574, -2.3681 0.5768 0.0472, -2.4154 0.5768 0.0472, -2.3681 0.7421 0.0472, -2.4154 0.7421 0.0472, -2.3681 0.7435 0.0574, -2.4154 0.7435 0.0574, -2.3681 0.7474 0.0669, -2.4154 0.7474 0.0669, -2.3681 0.7537 0.0751, -2.4154 0.7537 0.0751, -2.3681 0.7618 0.0813, -2.4154 0.7618 0.0813, -2.3681 0.7713 0.0853, -2.4154 0.7713 0.0853, -2.3681 0.7815 0.0866, -2.4154 0.7815 0.0866, -2.3681 1.0827 0.0866, -2.4154 1.0827 0.0866, -2.3681 1.122 0.0, -2.4154 1.122 0.0, -2.3681 1.3189 0.0, -2.4154 1.3189 0.0, -2.3681 1.3386 0.0197, -2.4154 1.3386 0.0197, -2.3681 1.3386 0.0669, -2.4154 1.3386 0.0669, -2.3681 1.3189 0.0866, -2.4154 1.3189 0.0866, -2.3681 1.2205 0.0866, -2.4154 1.2205 0.0866, -2.3681 1.2154 0.0873, -2.4154 1.2154 0.0873, -2.3681 1.2106 0.0893, -2.4154 1.2106 0.0893, -2.3681 1.2066 0.0924, -2.4154 1.2066 0.0924, -2.3681 1.2034 0.0965, -2.4154 1.2034 0.0965, -2.3681 1.2015 0.1012, -2.4154 1.2015 0.1012, -2.3681 1.2008 0.1063, -2.4154 1.2008 0.1063, -2.3681 1.2008 0.1732, -2.4154 1.2008 0.1732, -2.4154 1.1998 0.182, -2.3681 1.1998 0.182, -2.4154 1.1969 0.1903, -2.3681 1.1969 0.1903, -2.4154 1.1922 0.1978, -2.3681 1.1922 0.1978, -2.4154 1.186 0.204, -2.3681 1.186 0.204, -2.4154 1.1785 0.2087, -2.3681 1.1785 0.2087, -2.4154 1.1702 0.2116, -2.3681 1.1702 0.2116, -2.4154 1.1614 0.2126, -2.3681 1.1614 0.2126, -2.3681 0.6437 0.2126, -2.4154 0.6437 0.2126, -3.1555 0.3661 0.0866, -3.1555 0.3661 0.1732, -3.2028 0.3661 0.0866, -3.2028 0.3661 0.1732, -3.1555 0.5374 0.0866, -3.2028 0.5374 0.0866, -3.1555 0.5476 0.0853, -3.2028 0.5476 0.0853, -3.1555 0.5571 0.0813, -3.2028 0.5571 0.0813, -3.1555 0.5652 0.0751, -3.2028 0.5652 0.0751, -3.1555 0.5715 0.0669, -3.2028 0.5715 0.0669, -3.1555 0.5754 0.0574, -3.2028 0.5754 0.0574, -3.1555 0.5768 0.0472, -3.2028 0.5768 0.0472, -3.1555 0.7421 0.0472, -3.2028 0.7421 0.0472, -3.1555 0.7435 0.0574, -3.2028 0.7435 0.0574, -3.1555 0.7474 0.0669, -3.2028 0.7474 0.0669, -3.1555 0.7537 0.0751, -3.2028 0.7537 0.0751, -3.1555 0.7618 0.0813, -3.2028 0.7618 0.0813, -3.1555 0.7713 0.0853, -3.2028 0.7713 0.0853, -3.1555 0.7815 0.0866, -3.2028 0.7815 0.0866, -3.1555 1.0827 0.0866, -3.2028 1.0827 0.0866, -3.1555 1.122 0.0, -3.2028 1.122 0.0, -3.1555 1.3189 0.0, -3.2028 1.3189 0.0, -3.1555 1.3386 0.0197, -3.2028 1.3386 0.0197, -3.1555 1.3386 0.0669, -3.2028 1.3386 0.0669, -3.1555 1.3189 0.0866, -3.2028 1.3189 0.0866, -3.1555 1.2205 0.0866, -3.2028 1.2205 0.0866, -3.1555 1.2154 0.0873, -3.2028 1.2154 0.0873, -3.1555 1.2106 0.0893, -3.2028 1.2106 0.0893, -3.1555 1.2066 0.0924, -3.2028 1.2066 0.0924, -3.1555 1.2034 0.0965, -3.2028 1.2034 0.0965, -3.1555 1.2015 0.1012, -3.2028 1.2015 0.1012, -3.1555 1.2008 0.1063, -3.2028 1.2008 0.1063, -3.1555 1.2008 0.1732, -3.2028 1.2008 0.1732, -3.2028 1.1998 0.182, -3.1555 1.1998 0.182, -3.2028 1.1969 0.1903, -3.1555 1.1969 0.1903, -3.2028 1.1922 0.1978, -3.1555 1.1922 0.1978, -3.2028 1.186 0.204, -3.1555 1.186 0.204, -3.2028 1.1785 0.2087, -3.1555 1.1785 0.2087, -3.2028 1.1702 0.2116, -3.1555 1.1702 0.2116, -3.2028 1.1614 0.2126, -3.1555 1.1614 0.2126, -3.1555 0.6437 0.2126, -3.2028 0.6437 0.2126, -3.9429 0.5374 0.0866, -3.9429 0.3661 0.0866, -3.9902 0.5374 0.0866, -3.9902 0.3661 0.0866, -3.9429 0.5476 0.0853, -3.9902 0.5476 0.0853, -3.9429 0.5571 0.0813, -3.9902 0.5571 0.0813, -3.9429 0.5652 0.0751, -3.9902 0.5652 0.0751, -3.9429 0.5715 0.0669, -3.9902 0.5715 0.0669, -3.9429 0.5754 0.0574, -3.9902 0.5754 0.0574, -3.9429 0.5768 0.0472, -3.9902 0.5768 0.0472, -3.9429 0.7421 0.0472, -3.9902 0.7421 0.0472, -3.9429 0.7435 0.0574, -3.9902 0.7435 0.0574, -3.9429 0.7474 0.0669, -3.9902 0.7474 0.0669, -3.9429 0.7537 0.0751, -3.9902 0.7537 0.0751, -3.9429 0.7618 0.0813, -3.9902 0.7618 0.0813, -3.9429 0.7713 0.0853, -3.9902 0.7713 0.0853, -3.9429 0.7815 0.0866, -3.9902 0.7815 0.0866, -3.9429 1.0827 0.0866, -3.9902 1.0827 0.0866, -3.9429 1.122 0.0, -3.9902 1.122 0.0, -3.9429 1.3189 0.0, -3.9902 1.3189 0.0, -3.9429 1.3386 0.0197, -3.9902 1.3386 0.0197, -3.9429 1.3386 0.0669, -3.9902 1.3386 0.0669, -3.9429 1.3189 0.0866, -3.9902 1.3189 0.0866, -3.9429 1.2205 0.0866, -3.9902 1.2205 0.0866, -3.9429 1.2154 0.0873, -3.9902 1.2154 0.0873, -3.9429 1.2106 0.0893, -3.9902 1.2106 0.0893, -3.9429 1.2066 0.0924, -3.9902 1.2066 0.0924, -3.9429 1.2034 0.0965, -3.9902 1.2034 0.0965, -3.9429 1.2015 0.1012, -3.9902 1.2015 0.1012, -3.9429 1.2008 0.1063, -3.9902 1.2008 0.1063, -3.9429 1.2008 0.1732, -3.9902 1.2008 0.1732, -3.9902 1.1998 0.182, -3.9429 1.1998 0.182, -3.9902 1.1969 0.1903, -3.9429 1.1969 0.1903, -3.9902 1.1922 0.1978, -3.9429 1.1922 0.1978, -3.9902 1.186 0.204, -3.9429 1.186 0.204, -3.9902 1.1785 0.2087, -3.9429 1.1785 0.2087, -3.9902 1.1702 0.2116, -3.9429 1.1702 0.2116, -3.9902 1.1614 0.2126, -3.9429 1.1614 0.2126, -3.9429 0.6437 0.2126, -3.9902 0.6437 0.2126, -3.9429 0.3661 0.1732, -3.9902 0.3661 0.1732, -4.7303 0.3661 0.0866, -4.7303 0.3661 0.1732, -4.7776 0.3661 0.0866, -4.7776 0.3661 0.1732, -4.7303 0.5374 0.0866, -4.7776 0.5374 0.0866, -4.7303 0.5476 0.0853, -4.7776 0.5476 0.0853, -4.7303 0.5571 0.0813, -4.7776 0.5571 0.0813, -4.7303 0.5652 0.0751, -4.7776 0.5652 0.0751, -4.7303 0.5715 0.0669, -4.7776 0.5715 0.0669, -4.7303 0.5754 0.0574, -4.7776 0.5754 0.0574, -4.7303 0.5768 0.0472, -4.7776 0.5768 0.0472, -4.7303 0.7421 0.0472, -4.7776 0.7421 0.0472, -4.7303 0.7435 0.0574, -4.7776 0.7435 0.0574, -4.7303 0.7474 0.0669, -4.7776 0.7474 0.0669, -4.7303 0.7537 0.0751, -4.7776 0.7537 0.0751, -4.7303 0.7618 0.0813, -4.7776 0.7618 0.0813, -4.7303 0.7713 0.0853, -4.7776 0.7713 0.0853, -4.7303 0.7815 0.0866, -4.7776 0.7815 0.0866, -4.7303 1.0827 0.0866, -4.7776 1.0827 0.0866, -4.7303 1.122 0.0, -4.7776 1.122 0.0, -4.7303 1.3189 0.0, -4.7776 1.3189 0.0, -4.7303 1.3386 0.0197, -4.7776 1.3386 0.0197, -4.7303 1.3386 0.0669, -4.7776 1.3386 0.0669, -4.7303 1.3189 0.0866, -4.7776 1.3189 0.0866, -4.7303 1.2205 0.0866, -4.7776 1.2205 0.0866, -4.7303 1.2154 0.0873, -4.7776 1.2154 0.0873, -4.7303 1.2106 0.0893, -4.7776 1.2106 0.0893, -4.7303 1.2066 0.0924, -4.7776 1.2066 0.0924, -4.7303 1.2034 0.0965, -4.7776 1.2034 0.0965, -4.7303 1.2015 0.1012, -4.7776 1.2015 0.1012, -4.7303 1.2008 0.1063, -4.7776 1.2008 0.1063, -4.7303 1.2008 0.1732, -4.7776 1.2008 0.1732, -4.7776 1.1998 0.182, -4.7303 1.1998 0.182, -4.7776 1.1969 0.1903, -4.7303 1.1969 0.1903, -4.7776 1.1922 0.1978, -4.7303 1.1922 0.1978, -4.7776 1.186 0.204, -4.7303 1.186 0.204, -4.7776 1.1785 0.2087, -4.7303 1.1785 0.2087, -4.7776 1.1702 0.2116, -4.7303 1.1702 0.2116, -4.7776 1.1614 0.2126, -4.7303 1.1614 0.2126, -4.7303 0.6437 0.2126, -4.7776 0.6437 0.2126, -4.3366 0.3661 0.0866, -4.3366 0.3661 0.1732, -4.3839 0.3661 0.0866, -4.3839 0.3661 0.1732, -4.3366 0.5374 0.0866, -4.3839 0.5374 0.0866, -4.3366 0.5476 0.0853, -4.3839 0.5476 0.0853, -4.3366 0.5571 0.0813, -4.3839 0.5571 0.0813, -4.3366 0.5652 0.0751, -4.3839 0.5652 0.0751, -4.3366 0.5715 0.0669, -4.3839 0.5715 0.0669, -4.3366 0.5754 0.0574, -4.3839 0.5754 0.0574, -4.3366 0.5768 0.0472, -4.3839 0.5768 0.0472, -4.3366 0.7421 0.0472, -4.3839 0.7421 0.0472, -4.3366 0.7435 0.0574, -4.3839 0.7435 0.0574, -4.3366 0.7474 0.0669, -4.3839 0.7474 0.0669, -4.3366 0.7537 0.0751, -4.3839 0.7537 0.0751, -4.3366 0.7618 0.0813, -4.3839 0.7618 0.0813, -4.3366 0.7713 0.0853, -4.3839 0.7713 0.0853, -4.3366 0.7815 0.0866, -4.3839 0.7815 0.0866, -4.3366 1.0827 0.0866, -4.3839 1.0827 0.0866, -4.3366 1.122 0.0, -4.3839 1.122 0.0, -4.3366 1.3189 0.0, -4.3839 1.3189 0.0, -4.3366 1.3386 0.0197, -4.3839 1.3386 0.0197, -4.3366 1.3386 0.0669, -4.3839 1.3386 0.0669, -4.3366 1.3189 0.0866, -4.3839 1.3189 0.0866, -4.3366 1.2205 0.0866, -4.3839 1.2205 0.0866, -4.3366 1.2154 0.0873, -4.3839 1.2154 0.0873, -4.3366 1.2106 0.0893, -4.3839 1.2106 0.0893, -4.3366 1.2066 0.0924, -4.3839 1.2066 0.0924, -4.3366 1.2034 0.0965, -4.3839 1.2034 0.0965, -4.3366 1.2015 0.1012, -4.3839 1.2015 0.1012, -4.3366 1.2008 0.1063, -4.3839 1.2008 0.1063, -4.3366 1.2008 0.1732, -4.3839 1.2008 0.1732, -4.3839 1.1998 0.182, -4.3366 1.1998 0.182, -4.3839 1.1969 0.1903, -4.3366 1.1969 0.1903, -4.3839 1.1922 0.1978, -4.3366 1.1922 0.1978, -4.3839 1.186 0.204, -4.3366 1.186 0.204, -4.3839 1.1785 0.2087, -4.3366 1.1785 0.2087, -4.3839 1.1702 0.2116, -4.3366 1.1702 0.2116, -4.3839 1.1614 0.2126, -4.3366 1.1614 0.2126, -4.3366 0.6437 0.2126, -4.3839 0.6437 0.2126, -3.5492 0.3661 0.0866, -3.5492 0.3661 0.1732, -3.5965 0.3661 0.0866, -3.5965 0.3661 0.1732, -3.5492 0.5374 0.0866, -3.5965 0.5374 0.0866, -3.5492 0.5476 0.0853, -3.5965 0.5476 0.0853, -3.5492 0.5571 0.0813, -3.5965 0.5571 0.0813, -3.5492 0.5652 0.0751, -3.5965 0.5652 0.0751, -3.5492 0.5715 0.0669, -3.5965 0.5715 0.0669, -3.5492 0.5754 0.0574, -3.5965 0.5754 0.0574, -3.5492 0.5768 0.0472, -3.5965 0.5768 0.0472, -3.5492 0.7421 0.0472, -3.5965 0.7421 0.0472, -3.5492 0.7435 0.0574, -3.5965 0.7435 0.0574, -3.5492 0.7474 0.0669, -3.5965 0.7474 0.0669, -3.5492 0.7537 0.0751, -3.5965 0.7537 0.0751, -3.5492 0.7618 0.0813, -3.5965 0.7618 0.0813, -3.5492 0.7713 0.0853, -3.5965 0.7713 0.0853, -3.5492 0.7815 0.0866, -3.5965 0.7815 0.0866, -3.5492 1.0827 0.0866, -3.5965 1.0827 0.0866, -3.5492 1.122 0.0, -3.5965 1.122 0.0, -3.5492 1.3189 0.0, -3.5965 1.3189 0.0, -3.5492 1.3386 0.0197, -3.5965 1.3386 0.0197, -3.5492 1.3386 0.0669, -3.5965 1.3386 0.0669, -3.5492 1.3189 0.0866, -3.5965 1.3189 0.0866, -3.5492 1.2205 0.0866, -3.5965 1.2205 0.0866, -3.5492 1.2154 0.0873, -3.5965 1.2154 0.0873, -3.5492 1.2106 0.0893, -3.5965 1.2106 0.0893, -3.5492 1.2066 0.0924, -3.5965 1.2066 0.0924, -3.5492 1.2034 0.0965, -3.5965 1.2034 0.0965, -3.5492 1.2015 0.1012, -3.5965 1.2015 0.1012, -3.5492 1.2008 0.1063, -3.5965 1.2008 0.1063, -3.5492 1.2008 0.1732, -3.5965 1.2008 0.1732, -3.5965 1.1998 0.182, -3.5492 1.1998 0.182, -3.5965 1.1969 0.1903, -3.5492 1.1969 0.1903, -3.5965 1.1922 0.1978, -3.5492 1.1922 0.1978, -3.5965 1.186 0.204, -3.5492 1.186 0.204, -3.5965 1.1785 0.2087, -3.5492 1.1785 0.2087, -3.5965 1.1702 0.2116, -3.5492 1.1702 0.2116, -3.5965 1.1614 0.2126, -3.5492 1.1614 0.2126, -3.5492 0.6437 0.2126, -3.5965 0.6437 0.2126, 0.0 1.2008 0.1732, 0.0 1.2008 0.1063, -0.0591 1.2008 0.1732, -0.0591 1.2008 0.1063, -0.0591 1.2015 0.1012, 0.0 1.2015 0.1012, -0.0591 1.2034 0.0965, 0.0 1.2034 0.0965, -0.0591 1.2066 0.0924, 0.0 1.2066 0.0924, -0.0591 1.2106 0.0893, 0.0 1.2106 0.0893, -0.0591 1.2154 0.0873, 0.0 1.2154 0.0873, -0.0591 1.2205 0.0866, 0.0 1.2205 0.0866, -0.0591 1.3189 0.0866, 0.0 1.3189 0.0866, -0.0591 1.3386 0.0669, 0.0 1.3386 0.0669, -0.0591 1.3386 0.0197, 0.0 1.3386 0.0197, -0.0591 1.3189 0.0, 0.0 1.3189 0.0, -0.0591 1.122 0.0, 0.0 1.122 0.0, -0.0591 1.0827 0.0866, 0.0 1.0827 0.0866, -0.0591 0.7815 0.0866, 0.0 0.7815 0.0866, -0.0591 0.7713 0.0853, 0.0 0.7713 0.0853, -0.0591 0.7618 0.0813, 0.0 0.7618 0.0813, -0.0591 0.7537 0.0751, 0.0 0.7537 0.0751, -0.0591 0.7474 0.0669, 0.0 0.7474 0.0669, -0.0591 0.7435 0.0574, 0.0 0.7435 0.0574, -0.0591 0.7421 0.0472, 0.0 0.7421 0.0472, -0.0591 0.5768 0.0472, 0.0 0.5768 0.0472, 0.0 0.5374 0.0866, -0.0591 0.5374 0.0866, 0.0 0.5476 0.0853, -0.0591 0.5476 0.0853, 0.0 0.5571 0.0813, -0.0591 0.5571 0.0813, 0.0 0.5652 0.0751, -0.0591 0.5652 0.0751, 0.0 0.5715 0.0669, -0.0591 0.5715 0.0669, 0.0 0.5754 0.0574, -0.0591 0.5754 0.0574, -0.0591 0.2362 0.0866, 0.0 0.2362 0.0866, -0.0591 0.1969 0.0, 0.0 0.1969 0.0, -0.0591 0.0 0.0, 0.0 0.0 0.0, -0.0591 -0.0197 0.0197, 0.0 -0.0197 0.0197, -0.0591 -0.0197 0.0669, 0.0 -0.0197 0.0669, -0.0591 0.0 0.0866, 0.0 0.0 0.0866, 0.0 0.0984 0.0866, -0.0591 0.0984 0.0866, -0.0591 0.1035 0.0873, 0.0 0.1035 0.0873, -0.0591 0.1083 0.0893, 0.0 0.1083 0.0893, -0.0591 0.1123 0.0924, 0.0 0.1123 0.0924, -0.0591 0.1155 0.0965, 0.0 0.1155 0.0965, -0.0591 0.1174 0.1012, 0.0 0.1174 0.1012, -0.0591 0.1181 0.1063, 0.0 0.1181 0.1063, -0.0591 0.1181 0.1732, 0.0 0.1181 0.1732, 0.0 0.1191 0.182, -0.0591 0.1191 0.182, 0.0 0.122 0.1903, -0.0591 0.122 0.1903, 0.0 0.1267 0.1978, -0.0591 0.1267 0.1978, 0.0 0.1329 0.204, -0.0591 0.1329 0.204, 0.0 0.1404 0.2087, -0.0591 0.1404 0.2087, 0.0 0.1487 0.2116, -0.0591 0.1487 0.2116, 0.0 0.1575 0.2126, -0.0591 0.1575 0.2126, -0.0591 1.1998 0.182, 0.0 1.1998 0.182, -0.0591 1.1969 0.1903, 0.0 1.1969 0.1903, -0.0591 1.1922 0.1978, 0.0 1.1922 0.1978, -0.0591 1.186 0.204, 0.0 1.186 0.204, -0.0591 1.1785 0.2087, 0.0 1.1785 0.2087, -0.0591 1.1702 0.2116, 0.0 1.1702 0.2116, -0.0591 1.1614 0.2126, 0.0 1.1614 0.2126, 0.0 1.1614 0.2126
            ]
        }
        coordIndex [
            0,1,2,-1,2,1,3,-1,3,1,4,-1,4,1,5,-1,4,5,6,-1,6,5,7,-1,6,7,8,-1,8,7,9,-1,8,9,10,-1,10,9,11,-1,10,11,12,-1,12,11,13,-1,12,13,14,-1,14,13,15,-1,16,14,17,-1,17,14,15,-1,18,16,19,-1,19,16,17,-1,20,18,21,-1,21,18,19,-1,22,20,23,-1,23,20,21,-1,24,22,25,-1,25,22,23,-1,26,24,27,-1,27,24,25,-1,28,26,29,-1,29,26,27,-1,28,29,30,-1,30,29,31,-1,30,31,32,-1,32,31,33,-1,32,33,34,-1,34,33,35,-1,34,35,36,-1,36,35,37,-1,36,37,38,-1,38,37,39,-1,38,39,40,-1,40,39,41,-1,42,40,43,-1,43,40,41,-1,44,45,46,-1,46,45,47,-1,46,47,48,-1,48,47,49,-1,48,49,50,-1,50,49,51,-1,50,51,52,-1,52,51,53,-1,52,53,54,-1,54,53,55,-1,54,55,43,-1,43,55,42,-1,56,45,57,-1,57,45,44,-1,58,56,59,-1,59,56,57,-1,60,58,61,-1,61,58,59,-1,62,60,63,-1,63,60,61,-1,64,62,65,-1,65,62,63,-1,66,64,67,-1,67,64,65,-1,67,68,66,-1,66,68,69,-1,69,68,70,-1,70,68,71,-1,70,71,72,-1,72,71,73,-1,72,73,74,-1,74,73,75,-1,74,75,76,-1,76,75,77,-1,76,77,78,-1,78,77,79,-1,78,79,80,-1,80,79,81,-1,82,80,83,-1,83,80,81,-1,82,83,84,-1,82,84,85,-1,85,84,86,-1,85,86,87,-1,87,86,88,-1,87,88,89,-1,89,88,90,-1,89,90,91,-1,91,90,92,-1,91,92,93,-1,93,92,94,-1,93,94,95,-1,95,94,96,-1,95,96,97,-1,0,2,98,-1,0,98,99,-1,99,98,100,-1,99,100,101,-1,101,100,102,-1,101,102,103,-1,103,102,104,-1,103,104,105,-1,105,104,106,-1,105,106,107,-1,107,106,108,-1,107,108,109,-1,109,108,110,-1,109,110,111,-1,112,113,114,-1,112,114,115,-1,115,114,116,-1,115,116,117,-1,117,116,118,-1,117,118,119,-1,119,118,120,-1,119,120,121,-1,121,120,122,-1,121,122,123,-1,123,122,124,-1,123,124,125,-1,126,113,127,-1,127,113,112,-1,126,127,128,-1,128,127,129,-1,128,129,130,-1,130,129,131,-1,130,131,132,-1,132,131,133,-1,132,133,134,-1,134,133,135,-1,134,135,136,-1,136,135,137,-1,136,137,138,-1,138,137,139,-1,140,138,141,-1,141,138,139,-1,142,140,143,-1,143,140,141,-1,144,142,145,-1,145,142,143,-1,146,144,147,-1,147,144,145,-1,148,146,149,-1,149,146,147,-1,150,148,151,-1,151,148,149,-1,152,150,153,-1,153,150,151,-1,152,153,154,-1,154,153,155,-1,154,155,156,-1,156,155,157,-1,156,157,158,-1,158,157,159,-1,158,159,160,-1,160,159,161,-1,160,161,162,-1,162,161,163,-1,162,163,164,-1,164,163,165,-1,166,164,167,-1,167,164,165,-1,166,167,168,-1,168,167,169,-1,168,169,170,-1,170,169,171,-1,170,171,172,-1,172,171,173,-1,172,173,174,-1,174,173,175,-1,174,175,176,-1,176,175,177,-1,176,177,178,-1,178,177,179,-1,180,178,181,-1,181,178,179,-1,182,180,183,-1,183,180,181,-1,184,182,185,-1,185,182,183,-1,186,187,188,-1,188,187,189,-1,186,188,190,-1,190,188,191,-1,190,191,192,-1,192,191,193,-1,192,193,194,-1,194,193,195,-1,194,195,196,-1,196,195,197,-1,196,197,198,-1,198,197,199,-1,198,199,200,-1,200,199,201,-1,202,200,203,-1,203,200,201,-1,204,202,205,-1,205,202,203,-1,206,204,207,-1,207,204,205,-1,208,206,209,-1,209,206,207,-1,210,208,211,-1,211,208,209,-1,212,210,213,-1,213,210,211,-1,214,212,215,-1,215,212,213,-1,214,215,216,-1,216,215,217,-1,216,217,218,-1,218,217,219,-1,218,219,220,-1,220,219,221,-1,220,221,222,-1,222,221,223,-1,222,223,224,-1,224,223,225,-1,224,225,226,-1,226,225,227,-1,228,226,229,-1,229,226,227,-1,228,229,230,-1,230,229,231,-1,230,231,232,-1,232,231,233,-1,232,233,234,-1,234,233,235,-1,234,235,236,-1,236,235,237,-1,236,237,238,-1,238,237,239,-1,238,239,240,-1,240,239,241,-1,242,240,243,-1,243,240,241,-1,244,242,245,-1,245,242,243,-1,246,244,247,-1,247,244,245,-1,189,187,248,-1,189,248,249,-1,249,248,250,-1,249,250,251,-1,251,250,252,-1,251,252,253,-1,253,252,254,-1,253,254,255,-1,255,254,256,-1,255,256,257,-1,257,256,258,-1,257,258,259,-1,259,258,260,-1,259,260,261,-1,262,263,264,-1,264,263,265,-1,266,262,267,-1,267,262,264,-1,266,267,268,-1,268,267,269,-1,268,269,270,-1,270,269,271,-1,270,271,272,-1,272,271,273,-1,272,273,274,-1,274,273,275,-1,274,275,276,-1,276,275,277,-1,276,277,278,-1,278,277,279,-1,280,278,281,-1,281,278,279,-1,280,281,282,-1,282,281,283,-1,282,283,284,-1,284,283,285,-1,284,285,286,-1,286,285,287,-1,286,287,288,-1,288,287,289,-1,288,289,290,-1,290,289,291,-1,290,291,292,-1,292,291,293,-1,294,292,295,-1,295,292,293,-1,296,294,297,-1,297,294,295,-1,298,296,299,-1,299,296,297,-1,300,298,301,-1,301,298,299,-1,302,300,303,-1,303,300,301,-1,304,302,305,-1,305,302,303,-1,306,304,307,-1,307,304,305,-1,306,307,308,-1,308,307,309,-1,308,309,310,-1,310,309,311,-1,310,311,312,-1,312,311,313,-1,312,313,314,-1,314,313,315,-1,314,315,316,-1,316,315,317,-1,316,317,318,-1,318,317,319,-1,320,318,321,-1,321,318,319,-1,320,321,322,-1,320,322,323,-1,323,322,324,-1,323,324,325,-1,325,324,326,-1,325,326,327,-1,327,326,328,-1,327,328,329,-1,329,328,330,-1,329,330,331,-1,331,330,332,-1,331,332,333,-1,333,332,334,-1,333,334,335,-1,336,335,337,-1,337,335,334,-1,338,339,340,-1,340,339,341,-1,342,338,343,-1,343,338,340,-1,342,343,344,-1,344,343,345,-1,344,345,346,-1,346,345,347,-1,346,347,348,-1,348,347,349,-1,348,349,350,-1,350,349,351,-1,350,351,352,-1,352,351,353,-1,352,353,354,-1,354,353,355,-1,356,354,357,-1,357,354,355,-1,356,357,358,-1,358,357,359,-1,358,359,360,-1,360,359,361,-1,360,361,362,-1,362,361,363,-1,362,363,364,-1,364,363,365,-1,364,365,366,-1,366,365,367,-1,366,367,368,-1,368,367,369,-1,370,368,371,-1,371,368,369,-1,372,370,373,-1,373,370,371,-1,374,372,375,-1,375,372,373,-1,376,374,377,-1,377,374,375,-1,378,376,379,-1,379,376,377,-1,380,378,381,-1,381,378,379,-1,382,380,383,-1,383,380,381,-1,382,383,384,-1,384,383,385,-1,384,385,386,-1,386,385,387,-1,386,387,388,-1,388,387,389,-1,388,389,390,-1,390,389,391,-1,390,391,392,-1,392,391,393,-1,392,393,394,-1,394,393,395,-1,396,394,397,-1,397,394,395,-1,396,397,398,-1,396,398,399,-1,399,398,400,-1,399,400,401,-1,401,400,402,-1,401,402,403,-1,403,402,404,-1,403,404,405,-1,405,404,406,-1,405,406,407,-1,407,406,408,-1,407,408,409,-1,409,408,410,-1,409,410,411,-1,412,411,413,-1,413,411,410,-1,414,415,416,-1,416,415,417,-1,414,416,418,-1,418,416,419,-1,418,419,420,-1,420,419,421,-1,420,421,422,-1,422,421,423,-1,422,423,424,-1,424,423,425,-1,424,425,426,-1,426,425,427,-1,426,427,428,-1,428,427,429,-1,430,428,431,-1,431,428,429,-1,430,431,432,-1,432,431,433,-1,432,433,434,-1,434,433,435,-1,434,435,436,-1,436,435,437,-1,436,437,438,-1,438,437,439,-1,438,439,440,-1,440,439,441,-1,440,441,442,-1,442,441,443,-1,444,442,445,-1,445,442,443,-1,446,444,447,-1,447,444,445,-1,448,446,449,-1,449,446,447,-1,450,448,451,-1,451,448,449,-1,452,450,453,-1,453,450,451,-1,454,452,455,-1,455,452,453,-1,456,454,457,-1,457,454,455,-1,456,457,458,-1,458,457,459,-1,458,459,460,-1,460,459,461,-1,460,461,462,-1,462,461,463,-1,462,463,464,-1,464,463,465,-1,464,465,466,-1,466,465,467,-1,466,467,468,-1,468,467,469,-1,470,468,471,-1,471,468,469,-1,470,471,472,-1,470,472,473,-1,473,472,474,-1,473,474,475,-1,475,474,476,-1,475,476,477,-1,477,476,478,-1,477,478,479,-1,479,478,480,-1,479,480,481,-1,481,480,482,-1,481,482,483,-1,483,482,484,-1,483,484,485,-1,486,485,487,-1,487,485,484,-1,415,488,417,-1,417,488,489,-1,490,491,492,-1,492,491,493,-1,494,490,495,-1,495,490,492,-1,494,495,496,-1,496,495,497,-1,496,497,498,-1,498,497,499,-1,498,499,500,-1,500,499,501,-1,500,501,502,-1,502,501,503,-1,502,503,504,-1,504,503,505,-1,504,505,506,-1,506,505,507,-1,508,506,509,-1,509,506,507,-1,508,509,510,-1,510,509,511,-1,510,511,512,-1,512,511,513,-1,512,513,514,-1,514,513,515,-1,514,515,516,-1,516,515,517,-1,516,517,518,-1,518,517,519,-1,518,519,520,-1,520,519,521,-1,522,520,523,-1,523,520,521,-1,524,522,525,-1,525,522,523,-1,526,524,527,-1,527,524,525,-1,528,526,529,-1,529,526,527,-1,530,528,531,-1,531,528,529,-1,532,530,533,-1,533,530,531,-1,534,532,535,-1,535,532,533,-1,534,535,536,-1,536,535,537,-1,536,537,538,-1,538,537,539,-1,538,539,540,-1,540,539,541,-1,540,541,542,-1,542,541,543,-1,542,543,544,-1,544,543,545,-1,544,545,546,-1,546,545,547,-1,548,546,549,-1,549,546,547,-1,548,549,550,-1,548,550,551,-1,551,550,552,-1,551,552,553,-1,553,552,554,-1,553,554,555,-1,555,554,556,-1,555,556,557,-1,557,556,558,-1,557,558,559,-1,559,558,560,-1,559,560,561,-1,561,560,562,-1,561,562,563,-1,564,563,565,-1,565,563,562,-1,566,567,568,-1,568,567,569,-1,566,568,570,-1,570,568,571,-1,570,571,572,-1,572,571,573,-1,572,573,574,-1,574,573,575,-1,574,575,576,-1,576,575,577,-1,576,577,578,-1,578,577,579,-1,578,579,580,-1,580,579,581,-1,582,580,583,-1,583,580,581,-1,582,583,584,-1,584,583,585,-1,584,585,586,-1,586,585,587,-1,586,587,588,-1,588,587,589,-1,588,589,590,-1,590,589,591,-1,590,591,592,-1,592,591,593,-1,592,593,594,-1,594,593,595,-1,596,594,597,-1,597,594,595,-1,598,596,599,-1,599,596,597,-1,600,598,601,-1,601,598,599,-1,602,600,603,-1,603,600,601,-1,604,602,605,-1,605,602,603,-1,606,604,607,-1,607,604,605,-1,608,606,609,-1,609,606,607,-1,608,609,610,-1,610,609,611,-1,610,611,612,-1,612,611,613,-1,612,613,614,-1,614,613,615,-1,614,615,616,-1,616,615,617,-1,616,617,618,-1,618,617,619,-1,618,619,620,-1,620,619,621,-1,622,620,623,-1,623,620,621,-1,622,623,624,-1,622,624,625,-1,625,624,626,-1,625,626,627,-1,627,626,628,-1,627,628,629,-1,629,628,630,-1,629,630,631,-1,631,630,632,-1,631,632,633,-1,633,632,634,-1,633,634,635,-1,635,634,636,-1,635,636,637,-1,638,637,639,-1,639,637,636,-1,567,640,569,-1,569,640,641,-1,642,643,644,-1,644,643,645,-1,646,642,647,-1,647,642,644,-1,646,647,648,-1,648,647,649,-1,648,649,650,-1,650,649,651,-1,650,651,652,-1,652,651,653,-1,652,653,654,-1,654,653,655,-1,654,655,656,-1,656,655,657,-1,656,657,658,-1,658,657,659,-1,660,658,661,-1,661,658,659,-1,660,661,662,-1,662,661,663,-1,662,663,664,-1,664,663,665,-1,664,665,666,-1,666,665,667,-1,666,667,668,-1,668,667,669,-1,668,669,670,-1,670,669,671,-1,670,671,672,-1,672,671,673,-1,674,672,675,-1,675,672,673,-1,676,674,677,-1,677,674,675,-1,678,676,679,-1,679,676,677,-1,680,678,681,-1,681,678,679,-1,682,680,683,-1,683,680,681,-1,684,682,685,-1,685,682,683,-1,686,684,687,-1,687,684,685,-1,686,687,688,-1,688,687,689,-1,688,689,690,-1,690,689,691,-1,690,691,692,-1,692,691,693,-1,692,693,694,-1,694,693,695,-1,694,695,696,-1,696,695,697,-1,696,697,698,-1,698,697,699,-1,700,698,701,-1,701,698,699,-1,700,701,702,-1,700,702,703,-1,703,702,704,-1,703,704,705,-1,705,704,706,-1,705,706,707,-1,707,706,708,-1,707,708,709,-1,709,708,710,-1,709,710,711,-1,711,710,712,-1,711,712,713,-1,713,712,714,-1,713,714,715,-1,716,715,717,-1,717,715,714,-1,718,719,720,-1,720,719,721,-1,722,718,723,-1,723,718,720,-1,722,723,724,-1,724,723,725,-1,724,725,726,-1,726,725,727,-1,726,727,728,-1,728,727,729,-1,728,729,730,-1,730,729,731,-1,730,731,732,-1,732,731,733,-1,732,733,734,-1,734,733,735,-1,736,734,737,-1,737,734,735,-1,736,737,738,-1,738,737,739,-1,738,739,740,-1,740,739,741,-1,740,741,742,-1,742,741,743,-1,742,743,744,-1,744,743,745,-1,744,745,746,-1,746,745,747,-1,746,747,748,-1,748,747,749,-1,750,748,751,-1,751,748,749,-1,752,750,753,-1,753,750,751,-1,754,752,755,-1,755,752,753,-1,756,754,757,-1,757,754,755,-1,758,756,759,-1,759,756,757,-1,760,758,761,-1,761,758,759,-1,762,760,763,-1,763,760,761,-1,762,763,764,-1,764,763,765,-1,764,765,766,-1,766,765,767,-1,766,767,768,-1,768,767,769,-1,768,769,770,-1,770,769,771,-1,770,771,772,-1,772,771,773,-1,772,773,774,-1,774,773,775,-1,776,774,777,-1,777,774,775,-1,776,777,778,-1,776,778,779,-1,779,778,780,-1,779,780,781,-1,781,780,782,-1,781,782,783,-1,783,782,784,-1,783,784,785,-1,785,784,786,-1,785,786,787,-1,787,786,788,-1,787,788,789,-1,789,788,790,-1,789,790,791,-1,792,791,793,-1,793,791,790,-1,794,795,796,-1,796,795,797,-1,798,794,799,-1,799,794,796,-1,798,799,800,-1,800,799,801,-1,800,801,802,-1,802,801,803,-1,802,803,804,-1,804,803,805,-1,804,805,806,-1,806,805,807,-1,806,807,808,-1,808,807,809,-1,808,809,810,-1,810,809,811,-1,812,810,813,-1,813,810,811,-1,812,813,814,-1,814,813,815,-1,814,815,816,-1,816,815,817,-1,816,817,818,-1,818,817,819,-1,818,819,820,-1,820,819,821,-1,820,821,822,-1,822,821,823,-1,822,823,824,-1,824,823,825,-1,826,824,827,-1,827,824,825,-1,828,826,829,-1,829,826,827,-1,830,828,831,-1,831,828,829,-1,832,830,833,-1,833,830,831,-1,834,832,835,-1,835,832,833,-1,836,834,837,-1,837,834,835,-1,838,836,839,-1,839,836,837,-1,838,839,840,-1,840,839,841,-1,840,841,842,-1,842,841,843,-1,842,843,844,-1,844,843,845,-1,844,845,846,-1,846,845,847,-1,846,847,848,-1,848,847,849,-1,848,849,850,-1,850,849,851,-1,852,850,853,-1,853,850,851,-1,852,853,854,-1,852,854,855,-1,855,854,856,-1,855,856,857,-1,857,856,858,-1,857,858,859,-1,859,858,860,-1,859,860,861,-1,861,860,862,-1,861,862,863,-1,863,862,864,-1,863,864,865,-1,865,864,866,-1,865,866,867,-1,868,867,869,-1,869,867,866,-1,870,871,872,-1,872,871,873,-1,870,872,874,-1,874,872,875,-1,874,875,876,-1,876,875,877,-1,876,877,878,-1,878,877,879,-1,878,879,880,-1,880,879,881,-1,880,881,882,-1,882,881,883,-1,882,883,884,-1,884,883,885,-1,886,884,887,-1,887,884,885,-1,886,887,888,-1,888,887,889,-1,888,889,890,-1,890,889,891,-1,890,891,892,-1,892,891,893,-1,892,893,894,-1,894,893,895,-1,894,895,896,-1,896,895,897,-1,896,897,898,-1,898,897,899,-1,900,898,901,-1,901,898,899,-1,902,900,903,-1,903,900,901,-1,904,902,905,-1,905,902,903,-1,906,904,907,-1,907,904,905,-1,908,906,909,-1,909,906,907,-1,910,908,911,-1,911,908,909,-1,912,910,913,-1,913,910,911,-1,912,913,914,-1,914,913,915,-1,914,915,916,-1,916,915,917,-1,916,917,918,-1,918,917,919,-1,918,919,920,-1,920,919,921,-1,920,921,922,-1,922,921,923,-1,922,923,924,-1,924,923,925,-1,926,924,927,-1,927,924,925,-1,926,927,928,-1,926,928,929,-1,929,928,930,-1,929,930,931,-1,931,930,932,-1,931,932,933,-1,933,932,934,-1,933,934,935,-1,935,934,936,-1,935,936,937,-1,937,936,938,-1,937,938,939,-1,939,938,940,-1,939,940,941,-1,942,941,943,-1,943,941,940,-1,871,944,873,-1,873,944,945,-1,946,947,948,-1,948,947,949,-1,950,946,951,-1,951,946,948,-1,950,951,952,-1,952,951,953,-1,952,953,954,-1,954,953,955,-1,954,955,956,-1,956,955,957,-1,956,957,958,-1,958,957,959,-1,958,959,960,-1,960,959,961,-1,960,961,962,-1,962,961,963,-1,964,962,965,-1,965,962,963,-1,964,965,966,-1,966,965,967,-1,966,967,968,-1,968,967,969,-1,968,969,970,-1,970,969,971,-1,970,971,972,-1,972,971,973,-1,972,973,974,-1,974,973,975,-1,974,975,976,-1,976,975,977,-1,978,976,979,-1,979,976,977,-1,980,978,981,-1,981,978,979,-1,982,980,983,-1,983,980,981,-1,984,982,985,-1,985,982,983,-1,986,984,987,-1,987,984,985,-1,988,986,989,-1,989,986,987,-1,990,988,991,-1,991,988,989,-1,990,991,992,-1,992,991,993,-1,992,993,994,-1,994,993,995,-1,994,995,996,-1,996,995,997,-1,996,997,998,-1,998,997,999,-1,998,999,1000,-1,1000,999,1001,-1,1000,1001,1002,-1,1002,1001,1003,-1,1004,1002,1005,-1,1005,1002,1003,-1,1004,1005,1006,-1,1004,1006,1007,-1,1007,1006,1008,-1,1007,1008,1009,-1,1009,1008,1010,-1,1009,1010,1011,-1,1011,1010,1012,-1,1011,1012,1013,-1,1013,1012,1014,-1,1013,1014,1015,-1,1015,1014,1016,-1,1015,1016,1017,-1,1017,1016,1018,-1,1017,1018,1019,-1,1020,1019,1021,-1,1021,1019,1018,-1,1022,1023,1024,-1,1024,1023,1025,-1,1026,1022,1027,-1,1027,1022,1024,-1,1026,1027,1028,-1,1028,1027,1029,-1,1028,1029,1030,-1,1030,1029,1031,-1,1030,1031,1032,-1,1032,1031,1033,-1,1032,1033,1034,-1,1034,1033,1035,-1,1034,1035,1036,-1,1036,1035,1037,-1,1036,1037,1038,-1,1038,1037,1039,-1,1040,1038,1041,-1,1041,1038,1039,-1,1040,1041,1042,-1,1042,1041,1043,-1,1042,1043,1044,-1,1044,1043,1045,-1,1044,1045,1046,-1,1046,1045,1047,-1,1046,1047,1048,-1,1048,1047,1049,-1,1048,1049,1050,-1,1050,1049,1051,-1,1050,1051,1052,-1,1052,1051,1053,-1,1054,1052,1055,-1,1055,1052,1053,-1,1056,1054,1057,-1,1057,1054,1055,-1,1058,1056,1059,-1,1059,1056,1057,-1,1060,1058,1061,-1,1061,1058,1059,-1,1062,1060,1063,-1,1063,1060,1061,-1,1064,1062,1065,-1,1065,1062,1063,-1,1066,1064,1067,-1,1067,1064,1065,-1,1066,1067,1068,-1,1068,1067,1069,-1,1068,1069,1070,-1,1070,1069,1071,-1,1070,1071,1072,-1,1072,1071,1073,-1,1072,1073,1074,-1,1074,1073,1075,-1,1074,1075,1076,-1,1076,1075,1077,-1,1076,1077,1078,-1,1078,1077,1079,-1,1080,1078,1081,-1,1081,1078,1079,-1,1080,1081,1082,-1,1080,1082,1083,-1,1083,1082,1084,-1,1083,1084,1085,-1,1085,1084,1086,-1,1085,1086,1087,-1,1087,1086,1088,-1,1087,1088,1089,-1,1089,1088,1090,-1,1089,1090,1091,-1,1091,1090,1092,-1,1091,1092,1093,-1,1093,1092,1094,-1,1093,1094,1095,-1,1096,1095,1097,-1,1097,1095,1094,-1,1098,1099,1100,-1,1100,1099,1101,-1,1102,1098,1103,-1,1103,1098,1100,-1,1102,1103,1104,-1,1104,1103,1105,-1,1104,1105,1106,-1,1106,1105,1107,-1,1106,1107,1108,-1,1108,1107,1109,-1,1108,1109,1110,-1,1110,1109,1111,-1,1110,1111,1112,-1,1112,1111,1113,-1,1112,1113,1114,-1,1114,1113,1115,-1,1116,1114,1117,-1,1117,1114,1115,-1,1116,1117,1118,-1,1118,1117,1119,-1,1118,1119,1120,-1,1120,1119,1121,-1,1120,1121,1122,-1,1122,1121,1123,-1,1122,1123,1124,-1,1124,1123,1125,-1,1124,1125,1126,-1,1126,1125,1127,-1,1126,1127,1128,-1,1128,1127,1129,-1,1130,1128,1131,-1,1131,1128,1129,-1,1132,1130,1133,-1,1133,1130,1131,-1,1134,1132,1135,-1,1135,1132,1133,-1,1136,1134,1137,-1,1137,1134,1135,-1,1138,1136,1139,-1,1139,1136,1137,-1,1140,1138,1141,-1,1141,1138,1139,-1,1142,1140,1143,-1,1143,1140,1141,-1,1142,1143,1144,-1,1144,1143,1145,-1,1144,1145,1146,-1,1146,1145,1147,-1,1146,1147,1148,-1,1148,1147,1149,-1,1148,1149,1150,-1,1150,1149,1151,-1,1150,1151,1152,-1,1152,1151,1153,-1,1152,1153,1154,-1,1154,1153,1155,-1,1156,1154,1157,-1,1157,1154,1155,-1,1156,1157,1158,-1,1156,1158,1159,-1,1159,1158,1160,-1,1159,1160,1161,-1,1161,1160,1162,-1,1161,1162,1163,-1,1163,1162,1164,-1,1163,1164,1165,-1,1165,1164,1166,-1,1165,1166,1167,-1,1167,1166,1168,-1,1167,1168,1169,-1,1169,1168,1170,-1,1169,1170,1171,-1,1172,1171,1173,-1,1173,1171,1170,-1,1174,1175,1176,-1,1176,1175,1177,-1,1177,1175,1178,-1,1178,1175,1179,-1,1178,1179,1180,-1,1180,1179,1181,-1,1180,1181,1182,-1,1182,1181,1183,-1,1182,1183,1184,-1,1184,1183,1185,-1,1184,1185,1186,-1,1186,1185,1187,-1,1186,1187,1188,-1,1188,1187,1189,-1,1190,1188,1191,-1,1191,1188,1189,-1,1192,1190,1193,-1,1193,1190,1191,-1,1194,1192,1195,-1,1195,1192,1193,-1,1196,1194,1197,-1,1197,1194,1195,-1,1198,1196,1199,-1,1199,1196,1197,-1,1200,1198,1201,-1,1201,1198,1199,-1,1202,1200,1203,-1,1203,1200,1201,-1,1202,1203,1204,-1,1204,1203,1205,-1,1204,1205,1206,-1,1206,1205,1207,-1,1206,1207,1208,-1,1208,1207,1209,-1,1208,1209,1210,-1,1210,1209,1211,-1,1210,1211,1212,-1,1212,1211,1213,-1,1212,1213,1214,-1,1214,1213,1215,-1,1216,1214,1217,-1,1217,1214,1215,-1,1218,1219,1220,-1,1220,1219,1221,-1,1220,1221,1222,-1,1222,1221,1223,-1,1222,1223,1224,-1,1224,1223,1225,-1,1224,1225,1226,-1,1226,1225,1227,-1,1226,1227,1228,-1,1228,1227,1229,-1,1228,1229,1217,-1,1217,1229,1216,-1,1230,1219,1231,-1,1231,1219,1218,-1,1232,1230,1233,-1,1233,1230,1231,-1,1234,1232,1235,-1,1235,1232,1233,-1,1236,1234,1237,-1,1237,1234,1235,-1,1238,1236,1239,-1,1239,1236,1237,-1,1240,1238,1241,-1,1241,1238,1239,-1,1241,1242,1240,-1,1240,1242,1243,-1,1243,1242,1244,-1,1244,1242,1245,-1,1244,1245,1246,-1,1246,1245,1247,-1,1246,1247,1248,-1,1248,1247,1249,-1,1248,1249,1250,-1,1250,1249,1251,-1,1250,1251,1252,-1,1252,1251,1253,-1,1252,1253,1254,-1,1254,1253,1255,-1,1256,1254,1257,-1,1257,1254,1255,-1,1256,1257,1258,-1,1256,1258,1259,-1,1259,1258,1260,-1,1259,1260,1261,-1,1261,1260,1262,-1,1261,1262,1263,-1,1263,1262,1264,-1,1263,1264,1265,-1,1265,1264,1266,-1,1265,1266,1267,-1,1267,1266,1268,-1,1267,1268,1269,-1,1269,1268,1270,-1,1269,1270,1271,-1,1174,1176,1272,-1,1174,1272,1273,-1,1273,1272,1274,-1,1273,1274,1275,-1,1275,1274,1276,-1,1275,1276,1277,-1,1277,1276,1278,-1,1277,1278,1279,-1,1279,1278,1280,-1,1279,1280,1281,-1,1281,1280,1282,-1,1281,1282,1283,-1,1283,1282,1284,-1,1283,1284,1285,-1,
        ]
    }
}
Shape{
    appearance Appearance {
        material  Material 	{
            diffuseColor 1.0 1.0 1.0
            specularColor 0.5019607843137255 0.5019607843137255 0.5019607843137255
            ambientIntensity 0.2
            transparency 0
            shininess 0.5
        }
    }
    geometry IndexedFaceSet {
        ccw TRUE
        solid FALSE
        coord DEF co Coordinate {
            point [
                -3.2087 0.1693 0.1575, -3.2402 0.1693 0.0984, -3.2087 1.1496 0.1575, -3.2402 1.1496 0.0984, -3.315 0.1693 0.0984, -3.3465 0.1693 0.1575, -3.315 1.1496 0.0984, -3.3465 1.1496 0.1575, -3.3465 1.1496 0.1575
            ]
        }
        coordIndex [
            0,1,2,-1,2,1,3,-1,4,5,6,-1,6,5,7,-1,
        ]
    }
}
Shape{
    appearance Appearance {
        material  Material 	{
            diffuseColor 0.7529411764705882 0.7529411764705882 0.7529411764705882
            specularColor 0.6627450980392157 0.6627450980392157 0.6627450980392157
            ambientIntensity 0.2
            transparency 0
            shininess 0.5
        }
    }
    geometry IndexedFaceSet {
        ccw TRUE
        solid FALSE
        coord DEF co Coordinate {
            point [
                -4.1398 0.1181 0.1063, -4.1398 0.1181 0.1732, -4.187 0.1181 0.1063, -4.187 0.1181 0.1732, -4.1398 0.1174 0.1012, -4.187 0.1174 0.1012, -4.1398 0.1155 0.0965, -4.187 0.1155 0.0965, -4.1398 0.1123 0.0924, -4.187 0.1123 0.0924, -4.1398 0.1083 0.0893, -4.187 0.1083 0.0893, -4.1398 0.1035 0.0873, -4.187 0.1035 0.0873, -4.1398 0.0984 0.0866, -4.187 0.0984 0.0866, -4.1398 -0.0 0.0866, -4.187 -0.0 0.0866, -4.1398 -0.0197 0.0669, -4.187 -0.0197 0.0669, -4.1398 -0.0197 0.0197, -4.187 -0.0197 0.0197, -4.1398 0.0 0.0, -4.187 0.0 0.0, -4.1398 0.1969 0.0, -4.187 0.1969 0.0, -4.1398 0.2362 0.0866, -4.187 0.2362 0.0866, -4.1398 0.5374 0.0866, -4.187 0.5374 0.0866, -4.1398 0.5476 0.0853, -4.187 0.5476 0.0853, -4.1398 0.5571 0.0813, -4.187 0.5571 0.0813, -4.1398 0.5652 0.0751, -4.187 0.5652 0.0751, -4.1398 0.5715 0.0669, -4.187 0.5715 0.0669, -4.1398 0.5754 0.0574, -4.187 0.5754 0.0574, -4.1398 0.5768 0.0472, -4.187 0.5768 0.0472, -4.1398 0.7421 0.0472, -4.187 0.7421 0.0472, -4.1398 0.7435 0.0574, -4.187 0.7435 0.0574, -4.1398 0.7474 0.0669, -4.187 0.7474 0.0669, -4.1398 0.7537 0.0751, -4.187 0.7537 0.0751, -4.1398 0.7618 0.0813, -4.187 0.7618 0.0813, -4.1398 0.7713 0.0853, -4.187 0.7713 0.0853, -4.1398 0.7815 0.0866, -4.187 0.7815 0.0866, -4.1398 0.9528 0.0866, -4.187 0.9528 0.0866, -4.1398 0.9528 0.2126, -4.187 0.9528 0.2126, -4.1398 0.6437 0.2126, -4.187 0.6437 0.2126, -4.1398 0.1191 0.182, -4.187 0.1191 0.182, -4.1398 0.122 0.1903, -4.187 0.122 0.1903, -4.1398 0.1267 0.1978, -4.187 0.1267 0.1978, -4.1398 0.1329 0.204, -4.187 0.1329 0.204, -4.1398 0.1404 0.2087, -4.187 0.1404 0.2087, -4.1398 0.1487 0.2116, -4.187 0.1487 0.2116, -4.1398 0.1575 0.2126, -4.187 0.1575 0.2126, -4.5807 0.1181 0.1732, -4.5335 0.1181 0.1732, -4.5335 0.1195 0.1834, -4.5807 0.1195 0.1834, -4.5335 0.1234 0.1929, -4.5807 0.1234 0.1929, -4.5335 0.1296 0.2011, -4.5807 0.1296 0.2011, -4.5335 0.1378 0.2073, -4.5807 0.1378 0.2073, -4.5335 0.1473 0.2113, -4.5807 0.1473 0.2113, -4.5335 0.1575 0.2126, -4.5807 0.1575 0.2126, -4.5335 0.1181 0.1063, -4.5807 0.1181 0.1063, -4.5335 0.1174 0.1012, -4.5807 0.1174 0.1012, -4.5335 0.1155 0.0965, -4.5807 0.1155 0.0965, -4.5335 0.1123 0.0924, -4.5807 0.1123 0.0924, -4.5335 0.1083 0.0893, -4.5807 0.1083 0.0893, -4.5335 0.1035 0.0873, -4.5807 0.1035 0.0873, -4.5335 0.0984 0.0866, -4.5807 0.0984 0.0866, -4.5335 -0.0 0.0866, -4.5807 0.0 0.0866, -4.5335 -0.0197 0.0669, -4.5807 -0.0197 0.0669, -4.5335 -0.0197 0.0197, -4.5807 -0.0197 0.0197, -4.5335 0.0 0.0, -4.5807 0.0 0.0, -4.5335 0.1969 0.0, -4.5807 0.1969 0.0, -4.5335 0.2362 0.0866, -4.5807 0.2362 0.0866, -4.5335 0.5374 0.0866, -4.5807 0.5374 0.0866, -4.5335 0.5476 0.0853, -4.5807 0.5476 0.0853, -4.5335 0.5571 0.0813, -4.5807 0.5571 0.0813, -4.5335 0.5652 0.0751, -4.5807 0.5652 0.0751, -4.5335 0.5715 0.0669, -4.5807 0.5715 0.0669, -4.5335 0.5754 0.0574, -4.5807 0.5754 0.0574, -4.5335 0.5768 0.0472, -4.5807 0.5768 0.0472, -4.5335 0.7421 0.0472, -4.5807 0.7421 0.0472, -4.5335 0.7435 0.0574, -4.5807 0.7435 0.0574, -4.5335 0.7474 0.0669, -4.5807 0.7474 0.0669, -4.5335 0.7537 0.0751, -4.5807 0.7537 0.0751, -4.5335 0.7618 0.0813, -4.5807 0.7618 0.0813, -4.5335 0.7713 0.0853, -4.5807 0.7713 0.0853, -4.5335 0.7815 0.0866, -4.5807 0.7815 0.0866, -4.5335 0.9528 0.0866, -4.5807 0.9528 0.0866, -4.5335 0.9528 0.2126, -4.5807 0.9528 0.2126, -4.5335 0.6437 0.2126, -4.5807 0.6437 0.2126, -4.5807 0.6437 0.2126
            ]
        }
        coordIndex [
            0,1,2,-1,2,1,3,-1,0,2,4,-1,4,2,5,-1,4,5,6,-1,6,5,7,-1,6,7,8,-1,8,7,9,-1,8,9,10,-1,10,9,11,-1,10,11,12,-1,12,11,13,-1,12,13,14,-1,14,13,15,-1,16,14,17,-1,17,14,15,-1,18,16,19,-1,19,16,17,-1,20,18,21,-1,21,18,19,-1,22,20,23,-1,23,20,21,-1,24,22,25,-1,25,22,23,-1,26,24,27,-1,27,24,25,-1,28,26,29,-1,29,26,27,-1,28,29,30,-1,30,29,31,-1,30,31,32,-1,32,31,33,-1,32,33,34,-1,34,33,35,-1,34,35,36,-1,36,35,37,-1,36,37,38,-1,38,37,39,-1,38,39,40,-1,40,39,41,-1,42,40,43,-1,43,40,41,-1,42,43,44,-1,44,43,45,-1,44,45,46,-1,46,45,47,-1,46,47,48,-1,48,47,49,-1,48,49,50,-1,50,49,51,-1,50,51,52,-1,52,51,53,-1,52,53,54,-1,54,53,55,-1,56,54,57,-1,57,54,55,-1,58,56,59,-1,59,56,57,-1,60,58,61,-1,61,58,59,-1,3,1,62,-1,3,62,63,-1,63,62,64,-1,63,64,65,-1,65,64,66,-1,65,66,67,-1,67,66,68,-1,67,68,69,-1,69,68,70,-1,69,70,71,-1,71,70,72,-1,71,72,73,-1,73,72,74,-1,73,74,75,-1,76,77,78,-1,76,78,79,-1,79,78,80,-1,79,80,81,-1,81,80,82,-1,81,82,83,-1,83,82,84,-1,83,84,85,-1,85,84,86,-1,85,86,87,-1,87,86,88,-1,87,88,89,-1,90,77,91,-1,91,77,76,-1,90,91,92,-1,92,91,93,-1,92,93,94,-1,94,93,95,-1,94,95,96,-1,96,95,97,-1,96,97,98,-1,98,97,99,-1,98,99,100,-1,100,99,101,-1,100,101,102,-1,102,101,103,-1,104,102,105,-1,105,102,103,-1,106,104,107,-1,107,104,105,-1,108,106,109,-1,109,106,107,-1,110,108,111,-1,111,108,109,-1,112,110,113,-1,113,110,111,-1,114,112,115,-1,115,112,113,-1,116,114,117,-1,117,114,115,-1,116,117,118,-1,118,117,119,-1,118,119,120,-1,120,119,121,-1,120,121,122,-1,122,121,123,-1,122,123,124,-1,124,123,125,-1,124,125,126,-1,126,125,127,-1,126,127,128,-1,128,127,129,-1,130,128,131,-1,131,128,129,-1,130,131,132,-1,132,131,133,-1,132,133,134,-1,134,133,135,-1,134,135,136,-1,136,135,137,-1,136,137,138,-1,138,137,139,-1,138,139,140,-1,140,139,141,-1,140,141,142,-1,142,141,143,-1,144,142,145,-1,145,142,143,-1,146,144,147,-1,147,144,145,-1,148,146,149,-1,149,146,147,-1,
        ]
    }
}
Shape{
    appearance Appearance {
        material  Material 	{
            diffuseColor 1.0 1.0 1.0
            specularColor 0.5019607843137255 0.5019607843137255 0.5019607843137255
            ambientIntensity 0.2
            transparency 0
            shininess 0.5
        }
    }
    geometry IndexedFaceSet {
        ccw TRUE
        solid FALSE
        coord DEF co Coordinate {
            point [
                -1.3465 0.1693 0.0984, -1.378 0.1693 0.1575, -1.3465 1.1496 0.0984, -1.378 1.1496 0.1575, -1.2402 0.1693 0.1575, -1.2717 0.1693 0.0984, -1.2402 1.1496 0.1575, -1.2717 1.1496 0.0984, -4.5866 0.1693 0.1575, -4.6181 0.1693 0.0984, -4.5866 1.1496 0.1575, -4.6181 1.1496 0.0984, -4.6929 0.1693 0.0984, -4.7244 0.1693 0.1575, -4.6929 1.1496 0.0984, -4.7244 1.1496 0.1575, -4.7244 1.1496 0.1575
            ]
        }
        coordIndex [
            0,1,2,-1,2,1,3,-1,4,5,6,-1,6,5,7,-1,8,9,10,-1,10,9,11,-1,12,13,14,-1,14,13,15,-1,
        ]
    }
}
Shape{
    appearance Appearance {
        material  Material 	{
            diffuseColor 0.7529411764705882 0.7529411764705882 0.7529411764705882
            specularColor 0.6627450980392157 0.6627450980392157 0.6627450980392157
            ambientIntensity 0.2
            transparency 0
            shininess 0.5
        }
    }
    geometry IndexedFaceSet {
        ccw TRUE
        solid FALSE
        coord DEF co Coordinate {
            point [
                -1.3839 0.1181 0.1063, -1.3839 0.1181 0.1732, -1.4311 0.1181 0.1063, -1.4311 0.1181 0.1732, -1.3839 0.1174 0.1012, -1.4311 0.1174 0.1012, -1.3839 0.1155 0.0965, -1.4311 0.1155 0.0965, -1.3839 0.1123 0.0924, -1.4311 0.1123 0.0924, -1.3839 0.1083 0.0893, -1.4311 0.1083 0.0893, -1.3839 0.1035 0.0873, -1.4311 0.1035 0.0873, -1.3839 0.0984 0.0866, -1.4311 0.0984 0.0866, -1.3839 -0.0 0.0866, -1.4311 -0.0 0.0866, -1.3839 -0.0197 0.0669, -1.4311 -0.0197 0.0669, -1.3839 -0.0197 0.0197, -1.4311 -0.0197 0.0197, -1.3839 0.0 0.0, -1.4311 0.0 0.0, -1.3839 0.1969 0.0, -1.4311 0.1969 0.0, -1.3839 0.2362 0.0866, -1.4311 0.2362 0.0866, -1.3839 0.5374 0.0866, -1.4311 0.5374 0.0866, -1.3839 0.5476 0.0853, -1.4311 0.5476 0.0853, -1.3839 0.5571 0.0813, -1.4311 0.5571 0.0813, -1.3839 0.5652 0.0751, -1.4311 0.5652 0.0751, -1.3839 0.5715 0.0669, -1.4311 0.5715 0.0669, -1.3839 0.5754 0.0574, -1.4311 0.5754 0.0574, -1.3839 0.5768 0.0472, -1.4311 0.5768 0.0472, -1.3839 0.7421 0.0472, -1.4311 0.7421 0.0472, -1.3839 0.7435 0.0574, -1.4311 0.7435 0.0574, -1.3839 0.7474 0.0669, -1.4311 0.7474 0.0669, -1.3839 0.7537 0.0751, -1.4311 0.7537 0.0751, -1.3839 0.7618 0.0813, -1.4311 0.7618 0.0813, -1.3839 0.7713 0.0853, -1.4311 0.7713 0.0853, -1.3839 0.7815 0.0866, -1.4311 0.7815 0.0866, -1.3839 0.9528 0.0866, -1.4311 0.9528 0.0866, -1.3839 0.9528 0.2126, -1.4311 0.9528 0.2126, -1.3839 0.6437 0.2126, -1.4311 0.6437 0.2126, -1.3839 0.1191 0.182, -1.4311 0.1191 0.182, -1.3839 0.122 0.1903, -1.4311 0.122 0.1903, -1.3839 0.1267 0.1978, -1.4311 0.1267 0.1978, -1.3839 0.1329 0.204, -1.4311 0.1329 0.204, -1.3839 0.1404 0.2087, -1.4311 0.1404 0.2087, -1.3839 0.1487 0.2116, -1.4311 0.1487 0.2116, -1.3839 0.1575 0.2126, -1.4311 0.1575 0.2126, -1.4311 0.1575 0.2126
            ]
        }
        coordIndex [
            0,1,2,-1,2,1,3,-1,0,2,4,-1,4,2,5,-1,4,5,6,-1,6,5,7,-1,6,7,8,-1,8,7,9,-1,8,9,10,-1,10,9,11,-1,10,11,12,-1,12,11,13,-1,12,13,14,-1,14,13,15,-1,16,14,17,-1,17,14,15,-1,18,16,19,-1,19,16,17,-1,20,18,21,-1,21,18,19,-1,22,20,23,-1,23,20,21,-1,24,22,25,-1,25,22,23,-1,26,24,27,-1,27,24,25,-1,28,26,29,-1,29,26,27,-1,28,29,30,-1,30,29,31,-1,30,31,32,-1,32,31,33,-1,32,33,34,-1,34,33,35,-1,34,35,36,-1,36,35,37,-1,36,37,38,-1,38,37,39,-1,38,39,40,-1,40,39,41,-1,42,40,43,-1,43,40,41,-1,42,43,44,-1,44,43,45,-1,44,45,46,-1,46,45,47,-1,46,47,48,-1,48,47,49,-1,48,49,50,-1,50,49,51,-1,50,51,52,-1,52,51,53,-1,52,53,54,-1,54,53,55,-1,56,54,57,-1,57,54,55,-1,58,56,59,-1,59,56,57,-1,60,58,61,-1,61,58,59,-1,3,1,62,-1,3,62,63,-1,63,62,64,-1,63,64,65,-1,65,64,66,-1,65,66,67,-1,67,66,68,-1,67,68,69,-1,69,68,70,-1,69,70,71,-1,71,70,72,-1,71,72,73,-1,73,72,74,-1,73,74,75,-1,
        ]
    }
}
Shape{
    appearance Appearance {
        material  Material 	{
            diffuseColor 1.0 1.0 1.0
            specularColor 0.5019607843137255 0.5019607843137255 0.5019607843137255
            ambientIntensity 0.2
            transparency 0
            shininess 0.5
        }
    }
    geometry IndexedFaceSet {
        ccw TRUE
        solid FALSE
        coord DEF co Coordinate {
            point [
                -1.437 0.1693 0.1575, -1.4685 0.1693 0.0984, -1.437 1.1496 0.1575, -1.4685 1.1496 0.0984, -1.5433 0.1693 0.0984, -1.5748 0.1693 0.1575, -1.5433 1.1496 0.0984, -1.5748 1.1496 0.1575, -1.5748 1.1496 0.1575
            ]
        }
        coordIndex [
            0,1,2,-1,2,1,3,-1,4,5,6,-1,6,5,7,-1,
        ]
    }
}
Shape{
    appearance Appearance {
        material  Material 	{
            diffuseColor 0.7529411764705882 0.7529411764705882 0.7529411764705882
            specularColor 0.6627450980392157 0.6627450980392157 0.6627450980392157
            ambientIntensity 0.2
            transparency 0
            shininess 0.5
        }
    }
    geometry IndexedFaceSet {
        ccw TRUE
        solid FALSE
        coord DEF co Coordinate {
            point [
                -2.1713 0.1181 0.1063, -2.1713 0.1181 0.1732, -2.2185 0.1181 0.1063, -2.2185 0.1181 0.1732, -2.1713 0.1174 0.1012, -2.2185 0.1174 0.1012, -2.1713 0.1155 0.0965, -2.2185 0.1155 0.0965, -2.1713 0.1123 0.0924, -2.2185 0.1123 0.0924, -2.1713 0.1083 0.0893, -2.2185 0.1083 0.0893, -2.1713 0.1035 0.0873, -2.2185 0.1035 0.0873, -2.1713 0.0984 0.0866, -2.2185 0.0984 0.0866, -2.1713 -0.0 0.0866, -2.2185 -0.0 0.0866, -2.1713 -0.0197 0.0669, -2.2185 -0.0197 0.0669, -2.1713 -0.0197 0.0197, -2.2185 -0.0197 0.0197, -2.1713 0.0 0.0, -2.2185 0.0 0.0, -2.1713 0.1969 0.0, -2.2185 0.1969 0.0, -2.1713 0.2362 0.0866, -2.2185 0.2362 0.0866, -2.1713 0.5374 0.0866, -2.2185 0.5374 0.0866, -2.1713 0.5476 0.0853, -2.2185 0.5476 0.0853, -2.1713 0.5571 0.0813, -2.2185 0.5571 0.0813, -2.1713 0.5652 0.0751, -2.2185 0.5652 0.0751, -2.1713 0.5715 0.0669, -2.2185 0.5715 0.0669, -2.1713 0.5754 0.0574, -2.2185 0.5754 0.0574, -2.1713 0.5768 0.0472, -2.2185 0.5768 0.0472, -2.1713 0.7421 0.0472, -2.2185 0.7421 0.0472, -2.1713 0.7435 0.0574, -2.2185 0.7435 0.0574, -2.1713 0.7474 0.0669, -2.2185 0.7474 0.0669, -2.1713 0.7537 0.0751, -2.2185 0.7537 0.0751, -2.1713 0.7618 0.0813, -2.2185 0.7618 0.0813, -2.1713 0.7713 0.0853, -2.2185 0.7713 0.0853, -2.1713 0.7815 0.0866, -2.2185 0.7815 0.0866, -2.1713 0.9528 0.0866, -2.2185 0.9528 0.0866, -2.1713 0.9528 0.2126, -2.2185 0.9528 0.2126, -2.1713 0.6437 0.2126, -2.2185 0.6437 0.2126, -2.1713 0.1191 0.182, -2.2185 0.1191 0.182, -2.1713 0.122 0.1903, -2.2185 0.122 0.1903, -2.1713 0.1267 0.1978, -2.2185 0.1267 0.1978, -2.1713 0.1329 0.204, -2.2185 0.1329 0.204, -2.1713 0.1404 0.2087, -2.2185 0.1404 0.2087, -2.1713 0.1487 0.2116, -2.2185 0.1487 0.2116, -2.1713 0.1575 0.2126, -2.2185 0.1575 0.2126, -4.9272 0.1181 0.1063, -4.9272 0.1181 0.1732, -4.9744 0.1181 0.1063, -4.9744 0.1181 0.1732, -4.9272 0.1174 0.1012, -4.9744 0.1174 0.1012, -4.9272 0.1155 0.0965, -4.9744 0.1155 0.0965, -4.9272 0.1123 0.0924, -4.9744 0.1123 0.0924, -4.9272 0.1083 0.0893, -4.9744 0.1083 0.0893, -4.9272 0.1035 0.0873, -4.9744 0.1035 0.0873, -4.9272 0.0984 0.0866, -4.9744 0.0984 0.0866, -4.9272 -0.0 0.0866, -4.9744 -0.0 0.0866, -4.9272 -0.0197 0.0669, -4.9744 -0.0197 0.0669, -4.9272 -0.0197 0.0197, -4.9744 -0.0197 0.0197, -4.9272 0.0 0.0, -4.9744 0.0 0.0, -4.9272 0.1969 0.0, -4.9744 0.1969 0.0, -4.9272 0.2362 0.0866, -4.9744 0.2362 0.0866, -4.9272 0.5374 0.0866, -4.9744 0.5374 0.0866, -4.9272 0.5476 0.0853, -4.9744 0.5476 0.0853, -4.9272 0.5571 0.0813, -4.9744 0.5571 0.0813, -4.9272 0.5652 0.0751, -4.9744 0.5652 0.0751, -4.9272 0.5715 0.0669, -4.9744 0.5715 0.0669, -4.9272 0.5754 0.0574, -4.9744 0.5754 0.0574, -4.9272 0.5768 0.0472, -4.9744 0.5768 0.0472, -4.9272 0.7421 0.0472, -4.9744 0.7421 0.0472, -4.9272 0.7435 0.0574, -4.9744 0.7435 0.0574, -4.9272 0.7474 0.0669, -4.9744 0.7474 0.0669, -4.9272 0.7537 0.0751, -4.9744 0.7537 0.0751, -4.9272 0.7618 0.0813, -4.9744 0.7618 0.0813, -4.9272 0.7713 0.0853, -4.9744 0.7713 0.0853, -4.9272 0.7815 0.0866, -4.9744 0.7815 0.0866, -4.9272 0.9528 0.0866, -4.9744 0.9528 0.0866, -4.9272 0.9528 0.2126, -4.9744 0.9528 0.2126, -4.9272 0.6437 0.2126, -4.9744 0.6437 0.2126, -4.9272 0.1191 0.182, -4.9744 0.1191 0.182, -4.9272 0.122 0.1903, -4.9744 0.122 0.1903, -4.9272 0.1267 0.1978, -4.9744 0.1267 0.1978, -4.9272 0.1329 0.204, -4.9744 0.1329 0.204, -4.9272 0.1404 0.2087, -4.9744 0.1404 0.2087, -4.9272 0.1487 0.2116, -4.9744 0.1487 0.2116, -4.9272 0.1575 0.2126, -4.9744 0.1575 0.2126, -4.9744 0.1575 0.2126
            ]
        }
        coordIndex [
            0,1,2,-1,2,1,3,-1,0,2,4,-1,4,2,5,-1,4,5,6,-1,6,5,7,-1,6,7,8,-1,8,7,9,-1,8,9,10,-1,10,9,11,-1,10,11,12,-1,12,11,13,-1,12,13,14,-1,14,13,15,-1,16,14,17,-1,17,14,15,-1,18,16,19,-1,19,16,17,-1,20,18,21,-1,21,18,19,-1,22,20,23,-1,23,20,21,-1,24,22,25,-1,25,22,23,-1,26,24,27,-1,27,24,25,-1,28,26,29,-1,29,26,27,-1,28,29,30,-1,30,29,31,-1,30,31,32,-1,32,31,33,-1,32,33,34,-1,34,33,35,-1,34,35,36,-1,36,35,37,-1,36,37,38,-1,38,37,39,-1,38,39,40,-1,40,39,41,-1,42,40,43,-1,43,40,41,-1,42,43,44,-1,44,43,45,-1,44,45,46,-1,46,45,47,-1,46,47,48,-1,48,47,49,-1,48,49,50,-1,50,49,51,-1,50,51,52,-1,52,51,53,-1,52,53,54,-1,54,53,55,-1,56,54,57,-1,57,54,55,-1,58,56,59,-1,59,56,57,-1,60,58,61,-1,61,58,59,-1,3,1,62,-1,3,62,63,-1,63,62,64,-1,63,64,65,-1,65,64,66,-1,65,66,67,-1,67,66,68,-1,67,68,69,-1,69,68,70,-1,69,70,71,-1,71,70,72,-1,71,72,73,-1,73,72,74,-1,73,74,75,-1,76,77,78,-1,78,77,79,-1,76,78,80,-1,80,78,81,-1,80,81,82,-1,82,81,83,-1,82,83,84,-1,84,83,85,-1,84,85,86,-1,86,85,87,-1,86,87,88,-1,88,87,89,-1,88,89,90,-1,90,89,91,-1,92,90,93,-1,93,90,91,-1,94,92,95,-1,95,92,93,-1,96,94,97,-1,97,94,95,-1,98,96,99,-1,99,96,97,-1,100,98,101,-1,101,98,99,-1,102,100,103,-1,103,100,101,-1,104,102,105,-1,105,102,103,-1,104,105,106,-1,106,105,107,-1,106,107,108,-1,108,107,109,-1,108,109,110,-1,110,109,111,-1,110,111,112,-1,112,111,113,-1,112,113,114,-1,114,113,115,-1,114,115,116,-1,116,115,117,-1,118,116,119,-1,119,116,117,-1,118,119,120,-1,120,119,121,-1,120,121,122,-1,122,121,123,-1,122,123,124,-1,124,123,125,-1,124,125,126,-1,126,125,127,-1,126,127,128,-1,128,127,129,-1,128,129,130,-1,130,129,131,-1,132,130,133,-1,133,130,131,-1,134,132,135,-1,135,132,133,-1,136,134,137,-1,137,134,135,-1,79,77,138,-1,79,138,139,-1,139,138,140,-1,139,140,141,-1,141,140,142,-1,141,142,143,-1,143,142,144,-1,143,144,145,-1,145,144,146,-1,145,146,147,-1,147,146,148,-1,147,148,149,-1,149,148,150,-1,149,150,151,-1,
        ]
    }
}
Shape{
    appearance Appearance {
        material  Material 	{
            diffuseColor 1.0 1.0 1.0
            specularColor 0.5019607843137255 0.5019607843137255 0.5019607843137255
            ambientIntensity 0.2
            transparency 0
            shininess 0.5
        }
    }
    geometry IndexedFaceSet {
        ccw TRUE
        solid FALSE
        coord DEF co Coordinate {
            point [
                -0.6496 0.1693 0.1575, -0.6811 0.1693 0.0984, -0.6496 1.1496 0.1575, -0.6811 1.1496 0.0984, -0.7559 0.1693 0.0984, -0.7874 0.1693 0.1575, -0.7559 1.1496 0.0984, -0.7874 1.1496 0.1575, -0.7874 1.1496 0.1575
            ]
        }
        coordIndex [
            0,1,2,-1,2,1,3,-1,4,5,6,-1,6,5,7,-1,
        ]
    }
}
Shape{
    appearance Appearance {
        material  Material 	{
            diffuseColor 0.7529411764705882 0.7529411764705882 0.7529411764705882
            specularColor 0.6627450980392157 0.6627450980392157 0.6627450980392157
            ambientIntensity 0.2
            transparency 0
            shininess 0.5
        }
    }
    geometry IndexedFaceSet {
        ccw TRUE
        solid FALSE
        coord DEF co Coordinate {
            point [
                -2.9587 0.1181 0.1063, -2.9587 0.1181 0.1732, -3.0059 0.1181 0.1063, -3.0059 0.1181 0.1732, -2.9587 0.1174 0.1012, -3.0059 0.1174 0.1012, -2.9587 0.1155 0.0965, -3.0059 0.1155 0.0965, -2.9587 0.1123 0.0924, -3.0059 0.1123 0.0924, -2.9587 0.1083 0.0893, -3.0059 0.1083 0.0893, -2.9587 0.1035 0.0873, -3.0059 0.1035 0.0873, -2.9587 0.0984 0.0866, -3.0059 0.0984 0.0866, -2.9587 -0.0 0.0866, -3.0059 -0.0 0.0866, -2.9587 -0.0197 0.0669, -3.0059 -0.0197 0.0669, -2.9587 -0.0197 0.0197, -3.0059 -0.0197 0.0197, -2.9587 0.0 0.0, -3.0059 0.0 0.0, -2.9587 0.1969 0.0, -3.0059 0.1969 0.0, -2.9587 0.2362 0.0866, -3.0059 0.2362 0.0866, -2.9587 0.5374 0.0866, -3.0059 0.5374 0.0866, -2.9587 0.5476 0.0853, -3.0059 0.5476 0.0853, -2.9587 0.5571 0.0813, -3.0059 0.5571 0.0813, -2.9587 0.5652 0.0751, -3.0059 0.5652 0.0751, -2.9587 0.5715 0.0669, -3.0059 0.5715 0.0669, -2.9587 0.5754 0.0574, -3.0059 0.5754 0.0574, -2.9587 0.5768 0.0472, -3.0059 0.5768 0.0472, -2.9587 0.7421 0.0472, -3.0059 0.7421 0.0472, -2.9587 0.7435 0.0574, -3.0059 0.7435 0.0574, -2.9587 0.7474 0.0669, -3.0059 0.7474 0.0669, -2.9587 0.7537 0.0751, -3.0059 0.7537 0.0751, -2.9587 0.7618 0.0813, -3.0059 0.7618 0.0813, -2.9587 0.7713 0.0853, -3.0059 0.7713 0.0853, -2.9587 0.7815 0.0866, -3.0059 0.7815 0.0866, -2.9587 0.9528 0.0866, -3.0059 0.9528 0.0866, -2.9587 0.9528 0.2126, -3.0059 0.9528 0.2126, -2.9587 0.6437 0.2126, -3.0059 0.6437 0.2126, -2.9587 0.1191 0.182, -3.0059 0.1191 0.182, -2.9587 0.122 0.1903, -3.0059 0.122 0.1903, -2.9587 0.1267 0.1978, -3.0059 0.1267 0.1978, -2.9587 0.1329 0.204, -3.0059 0.1329 0.204, -2.9587 0.1404 0.2087, -3.0059 0.1404 0.2087, -2.9587 0.1487 0.2116, -3.0059 0.1487 0.2116, -2.9587 0.1575 0.2126, -3.0059 0.1575 0.2126, -3.0059 0.1575 0.2126
            ]
        }
        coordIndex [
            0,1,2,-1,2,1,3,-1,0,2,4,-1,4,2,5,-1,4,5,6,-1,6,5,7,-1,6,7,8,-1,8,7,9,-1,8,9,10,-1,10,9,11,-1,10,11,12,-1,12,11,13,-1,12,13,14,-1,14,13,15,-1,16,14,17,-1,17,14,15,-1,18,16,19,-1,19,16,17,-1,20,18,21,-1,21,18,19,-1,22,20,23,-1,23,20,21,-1,24,22,25,-1,25,22,23,-1,26,24,27,-1,27,24,25,-1,28,26,29,-1,29,26,27,-1,28,29,30,-1,30,29,31,-1,30,31,32,-1,32,31,33,-1,32,33,34,-1,34,33,35,-1,34,35,36,-1,36,35,37,-1,36,37,38,-1,38,37,39,-1,38,39,40,-1,40,39,41,-1,42,40,43,-1,43,40,41,-1,42,43,44,-1,44,43,45,-1,44,45,46,-1,46,45,47,-1,46,47,48,-1,48,47,49,-1,48,49,50,-1,50,49,51,-1,50,51,52,-1,52,51,53,-1,52,53,54,-1,54,53,55,-1,56,54,57,-1,57,54,55,-1,58,56,59,-1,59,56,57,-1,60,58,61,-1,61,58,59,-1,3,1,62,-1,3,62,63,-1,63,62,64,-1,63,64,65,-1,65,64,66,-1,65,66,67,-1,67,66,68,-1,67,68,69,-1,69,68,70,-1,69,70,71,-1,71,70,72,-1,71,72,73,-1,73,72,74,-1,73,74,75,-1,
        ]
    }
}
Shape{
    appearance Appearance {
        material  Material 	{
            diffuseColor 1.0 1.0 1.0
            specularColor 0.5019607843137255 0.5019607843137255 0.5019607843137255
            ambientIntensity 0.2
            transparency 0
            shininess 0.5
        }
    }
    geometry IndexedFaceSet {
        ccw TRUE
        solid FALSE
        coord DEF co Coordinate {
            point [
                -4.7835 0.1693 0.1575, -4.815 0.1693 0.0984, -4.7835 1.1496 0.1575, -4.815 1.1496 0.0984, -4.8898 0.1693 0.0984, -4.9213 0.1693 0.1575, -4.8898 1.1496 0.0984, -4.9213 1.1496 0.1575, -4.9213 1.1496 0.1575
            ]
        }
        coordIndex [
            0,1,2,-1,2,1,3,-1,4,5,6,-1,6,5,7,-1,
        ]
    }
}
Shape{
    appearance Appearance {
        material  Material 	{
            diffuseColor 0.7529411764705882 0.7529411764705882 0.7529411764705882
            specularColor 0.6627450980392157 0.6627450980392157 0.6627450980392157
            ambientIntensity 0.2
            transparency 0
            shininess 0.5
        }
    }
    geometry IndexedFaceSet {
        ccw TRUE
        solid FALSE
        coord DEF co Coordinate {
            point [
                -1.8248 0.1181 0.1732, -1.7776 0.1181 0.1732, -1.7776 0.1195 0.1834, -1.8248 0.1195 0.1834, -1.7776 0.1234 0.1929, -1.8248 0.1234 0.1929, -1.7776 0.1296 0.2011, -1.8248 0.1296 0.2011, -1.7776 0.1378 0.2073, -1.8248 0.1378 0.2073, -1.7776 0.1473 0.2113, -1.8248 0.1473 0.2113, -1.7776 0.1575 0.2126, -1.8248 0.1575 0.2126, -1.7776 0.1181 0.1063, -1.8248 0.1181 0.1063, -1.7776 0.1174 0.1012, -1.8248 0.1174 0.1012, -1.7776 0.1155 0.0965, -1.8248 0.1155 0.0965, -1.7776 0.1123 0.0924, -1.8248 0.1123 0.0924, -1.7776 0.1083 0.0893, -1.8248 0.1083 0.0893, -1.7776 0.1035 0.0873, -1.8248 0.1035 0.0873, -1.7776 0.0984 0.0866, -1.8248 0.0984 0.0866, -1.7776 -0.0 0.0866, -1.8248 0.0 0.0866, -1.7776 -0.0197 0.0669, -1.8248 -0.0197 0.0669, -1.7776 -0.0197 0.0197, -1.8248 -0.0197 0.0197, -1.7776 0.0 0.0, -1.8248 0.0 0.0, -1.7776 0.1969 0.0, -1.8248 0.1969 0.0, -1.7776 0.2362 0.0866, -1.8248 0.2362 0.0866, -1.7776 0.5374 0.0866, -1.8248 0.5374 0.0866, -1.7776 0.5476 0.0853, -1.8248 0.5476 0.0853, -1.7776 0.5571 0.0813, -1.8248 0.5571 0.0813, -1.7776 0.5652 0.0751, -1.8248 0.5652 0.0751, -1.7776 0.5715 0.0669, -1.8248 0.5715 0.0669, -1.7776 0.5754 0.0574, -1.8248 0.5754 0.0574, -1.7776 0.5768 0.0472, -1.8248 0.5768 0.0472, -1.7776 0.7421 0.0472, -1.8248 0.7421 0.0472, -1.7776 0.7435 0.0574, -1.8248 0.7435 0.0574, -1.7776 0.7474 0.0669, -1.8248 0.7474 0.0669, -1.7776 0.7537 0.0751, -1.8248 0.7537 0.0751, -1.7776 0.7618 0.0813, -1.8248 0.7618 0.0813, -1.7776 0.7713 0.0853, -1.8248 0.7713 0.0853, -1.7776 0.7815 0.0866, -1.8248 0.7815 0.0866, -1.7776 0.9528 0.0866, -1.8248 0.9528 0.0866, -1.7776 0.9528 0.2126, -1.8248 0.9528 0.2126, -1.7776 0.6437 0.2126, -1.8248 0.6437 0.2126, -1.8248 0.6437 0.2126
            ]
        }
        coordIndex [
            0,1,2,-1,0,2,3,-1,3,2,4,-1,3,4,5,-1,5,4,6,-1,5,6,7,-1,7,6,8,-1,7,8,9,-1,9,8,10,-1,9,10,11,-1,11,10,12,-1,11,12,13,-1,14,1,15,-1,15,1,0,-1,14,15,16,-1,16,15,17,-1,16,17,18,-1,18,17,19,-1,18,19,20,-1,20,19,21,-1,20,21,22,-1,22,21,23,-1,22,23,24,-1,24,23,25,-1,24,25,26,-1,26,25,27,-1,28,26,29,-1,29,26,27,-1,30,28,31,-1,31,28,29,-1,32,30,33,-1,33,30,31,-1,34,32,35,-1,35,32,33,-1,36,34,37,-1,37,34,35,-1,38,36,39,-1,39,36,37,-1,40,38,41,-1,41,38,39,-1,40,41,42,-1,42,41,43,-1,42,43,44,-1,44,43,45,-1,44,45,46,-1,46,45,47,-1,46,47,48,-1,48,47,49,-1,48,49,50,-1,50,49,51,-1,50,51,52,-1,52,51,53,-1,54,52,55,-1,55,52,53,-1,54,55,56,-1,56,55,57,-1,56,57,58,-1,58,57,59,-1,58,59,60,-1,60,59,61,-1,60,61,62,-1,62,61,63,-1,62,63,64,-1,64,63,65,-1,64,65,66,-1,66,65,67,-1,68,66,69,-1,69,66,67,-1,70,68,71,-1,71,68,69,-1,72,70,73,-1,73,70,71,-1,
        ]
    }
}
Shape{
    appearance Appearance {
        material  Material 	{
            diffuseColor 1.0 1.0 1.0
            specularColor 0.5019607843137255 0.5019607843137255 0.5019607843137255
            ambientIntensity 0.2
            transparency 0
            shininess 0.5
        }
    }
    geometry IndexedFaceSet {
        ccw TRUE
        solid FALSE
        coord DEF co Coordinate {
            point [
                -4.2992 0.1693 0.0984, -4.3307 0.1693 0.1575, -4.2992 1.1496 0.0984, -4.3307 1.1496 0.1575, -4.1929 0.1693 0.1575, -4.2244 0.1693 0.0984, -4.1929 1.1496 0.1575, -4.2244 1.1496 0.0984, -3.1181 0.1693 0.0984, -3.1496 0.1693 0.1575, -3.1181 1.1496 0.0984, -3.1496 1.1496 0.1575, -3.0118 0.1693 0.1575, -3.0433 0.1693 0.0984, -3.0118 1.1496 0.1575, -3.0433 1.1496 0.0984, -3.7992 0.1693 0.1575, -3.8307 0.1693 0.0984, -3.7992 1.1496 0.1575, -3.8307 1.1496 0.0984, -3.9055 0.1693 0.0984, -3.937 0.1693 0.1575, -3.9055 1.1496 0.0984, -3.937 1.1496 0.1575, -1.0433 0.1693 0.1575, -1.0748 0.1693 0.0984, -1.0433 1.1496 0.1575, -1.0748 1.1496 0.0984, -1.1496 0.1693 0.0984, -1.1811 0.1693 0.1575, -1.1496 1.1496 0.0984, -1.1811 1.1496 0.1575, -2.3307 0.1693 0.0984, -2.3622 0.1693 0.1575, -2.3307 1.1496 0.0984, -2.3622 1.1496 0.1575, -2.2244 0.1693 0.1575, -2.2559 0.1693 0.0984, -2.2244 1.1496 0.1575, -2.2559 1.1496 0.0984, -0.1063 0.1693 0.0984, -0.1063 1.1496 0.0984, -0.065 0.1693 0.1501, -0.065 1.1496 0.1501, -0.3622 0.1693 0.0984, -0.3937 0.1693 0.1575, -0.3622 1.1496 0.0984, -0.3937 1.1496 0.1575, -0.3937 1.1496 0.1575
            ]
        }
        coordIndex [
            0,1,2,-1,2,1,3,-1,4,5,6,-1,6,5,7,-1,8,9,10,-1,10,9,11,-1,12,13,14,-1,14,13,15,-1,16,17,18,-1,18,17,19,-1,20,21,22,-1,22,21,23,-1,24,25,26,-1,26,25,27,-1,28,29,30,-1,30,29,31,-1,32,33,34,-1,34,33,35,-1,36,37,38,-1,38,37,39,-1,40,41,42,-1,42,41,43,-1,44,45,46,-1,46,45,47,-1,
        ]
    }
}
Shape{
    appearance Appearance {
        material  Material 	{
            diffuseColor 0.7529411764705882 0.7529411764705882 0.7529411764705882
            specularColor 0.6627450980392157 0.6627450980392157 0.6627450980392157
            ambientIntensity 0.2
            transparency 0
            shininess 0.5
        }
    }
    geometry IndexedFaceSet {
        ccw TRUE
        solid FALSE
        coord DEF co Coordinate {
            point [
                -3.7933 0.1181 0.1732, -3.7461 0.1181 0.1732, -3.7461 0.1195 0.1834, -3.7933 0.1195 0.1834, -3.7461 0.1234 0.1929, -3.7933 0.1234 0.1929, -3.7461 0.1296 0.2011, -3.7933 0.1296 0.2011, -3.7461 0.1378 0.2073, -3.7933 0.1378 0.2073, -3.7461 0.1473 0.2113, -3.7933 0.1473 0.2113, -3.7461 0.1575 0.2126, -3.7933 0.1575 0.2126, -3.7461 0.1181 0.1063, -3.7933 0.1181 0.1063, -3.7461 0.1174 0.1012, -3.7933 0.1174 0.1012, -3.7461 0.1155 0.0965, -3.7933 0.1155 0.0965, -3.7461 0.1123 0.0924, -3.7933 0.1123 0.0924, -3.7461 0.1083 0.0893, -3.7933 0.1083 0.0893, -3.7461 0.1035 0.0873, -3.7933 0.1035 0.0873, -3.7461 0.0984 0.0866, -3.7933 0.0984 0.0866, -3.7461 -0.0 0.0866, -3.7933 0.0 0.0866, -3.7461 -0.0197 0.0669, -3.7933 -0.0197 0.0669, -3.7461 -0.0197 0.0197, -3.7933 -0.0197 0.0197, -3.7461 0.0 0.0, -3.7933 0.0 0.0, -3.7461 0.1969 0.0, -3.7933 0.1969 0.0, -3.7461 0.2362 0.0866, -3.7933 0.2362 0.0866, -3.7461 0.5374 0.0866, -3.7933 0.5374 0.0866, -3.7461 0.5476 0.0853, -3.7933 0.5476 0.0853, -3.7461 0.5571 0.0813, -3.7933 0.5571 0.0813, -3.7461 0.5652 0.0751, -3.7933 0.5652 0.0751, -3.7461 0.5715 0.0669, -3.7933 0.5715 0.0669, -3.7461 0.5754 0.0574, -3.7933 0.5754 0.0574, -3.7461 0.5768 0.0472, -3.7933 0.5768 0.0472, -3.7461 0.7421 0.0472, -3.7933 0.7421 0.0472, -3.7461 0.7435 0.0574, -3.7933 0.7435 0.0574, -3.7461 0.7474 0.0669, -3.7933 0.7474 0.0669, -3.7461 0.7537 0.0751, -3.7933 0.7537 0.0751, -3.7461 0.7618 0.0813, -3.7933 0.7618 0.0813, -3.7461 0.7713 0.0853, -3.7933 0.7713 0.0853, -3.7461 0.7815 0.0866, -3.7933 0.7815 0.0866, -3.7461 0.9528 0.0866, -3.7933 0.9528 0.0866, -3.7461 0.9528 0.2126, -3.7933 0.9528 0.2126, -3.7461 0.6437 0.2126, -3.7933 0.6437 0.2126, -3.7933 0.6437 0.2126
            ]
        }
        coordIndex [
            0,1,2,-1,0,2,3,-1,3,2,4,-1,3,4,5,-1,5,4,6,-1,5,6,7,-1,7,6,8,-1,7,8,9,-1,9,8,10,-1,9,10,11,-1,11,10,12,-1,11,12,13,-1,14,1,15,-1,15,1,0,-1,14,15,16,-1,16,15,17,-1,16,17,18,-1,18,17,19,-1,18,19,20,-1,20,19,21,-1,20,21,22,-1,22,21,23,-1,22,23,24,-1,24,23,25,-1,24,25,26,-1,26,25,27,-1,28,26,29,-1,29,26,27,-1,30,28,31,-1,31,28,29,-1,32,30,33,-1,33,30,31,-1,34,32,35,-1,35,32,33,-1,36,34,37,-1,37,34,35,-1,38,36,39,-1,39,36,37,-1,40,38,41,-1,41,38,39,-1,40,41,42,-1,42,41,43,-1,42,43,44,-1,44,43,45,-1,44,45,46,-1,46,45,47,-1,46,47,48,-1,48,47,49,-1,48,49,50,-1,50,49,51,-1,50,51,52,-1,52,51,53,-1,54,52,55,-1,55,52,53,-1,54,55,56,-1,56,55,57,-1,56,57,58,-1,58,57,59,-1,58,59,60,-1,60,59,61,-1,60,61,62,-1,62,61,63,-1,62,63,64,-1,64,63,65,-1,64,65,66,-1,66,65,67,-1,68,66,69,-1,69,66,67,-1,70,68,71,-1,71,68,69,-1,72,70,73,-1,73,70,71,-1,
        ]
    }
}
Shape{
    appearance Appearance {
        material  Material 	{
            diffuseColor 1.0 1.0 1.0
            specularColor 0.5019607843137255 0.5019607843137255 0.5019607843137255
            ambientIntensity 0.2
            transparency 0
            shininess 0.5
        }
    }
    geometry IndexedFaceSet {
        ccw TRUE
        solid FALSE
        coord DEF co Coordinate {
            point [
                0.0472 0.1693 0.0984, 0.0472 1.1496 0.0984, 0.128 0.1693 0.0984, 0.128 1.1496 0.0984, 0.0059 0.1693 0.1501, 0.0059 1.1496 0.1501, 0.0059 1.1496 0.1501
            ]
        }
        coordIndex [
            0,1,2,-1,2,1,3,-1,0,4,1,-1,1,4,5,-1,
        ]
    }
}
Shape{
    appearance Appearance {
        material  Material 	{
            diffuseColor 0.7529411764705882 0.7529411764705882 0.7529411764705882
            specularColor 0.6627450980392157 0.6627450980392157 0.6627450980392157
            ambientIntensity 0.2
            transparency 0
            shininess 0.5
        }
    }
    geometry IndexedFaceSet {
        ccw TRUE
        solid FALSE
        coord DEF co Coordinate {
            point [
                -0.9902 0.1181 0.1063, -0.9902 0.1181 0.1732, -1.0374 0.1181 0.1063, -1.0374 0.1181 0.1732, -0.9902 0.1174 0.1012, -1.0374 0.1174 0.1012, -0.9902 0.1155 0.0965, -1.0374 0.1155 0.0965, -0.9902 0.1123 0.0924, -1.0374 0.1123 0.0924, -0.9902 0.1083 0.0893, -1.0374 0.1083 0.0893, -0.9902 0.1035 0.0873, -1.0374 0.1035 0.0873, -0.9902 0.0984 0.0866, -1.0374 0.0984 0.0866, -0.9902 -0.0 0.0866, -1.0374 -0.0 0.0866, -0.9902 -0.0197 0.0669, -1.0374 -0.0197 0.0669, -0.9902 -0.0197 0.0197, -1.0374 -0.0197 0.0197, -0.9902 0.0 0.0, -1.0374 0.0 0.0, -0.9902 0.1969 0.0, -1.0374 0.1969 0.0, -0.9902 0.2362 0.0866, -1.0374 0.2362 0.0866, -0.9902 0.5374 0.0866, -1.0374 0.5374 0.0866, -0.9902 0.5476 0.0853, -1.0374 0.5476 0.0853, -0.9902 0.5571 0.0813, -1.0374 0.5571 0.0813, -0.9902 0.5652 0.0751, -1.0374 0.5652 0.0751, -0.9902 0.5715 0.0669, -1.0374 0.5715 0.0669, -0.9902 0.5754 0.0574, -1.0374 0.5754 0.0574, -0.9902 0.5768 0.0472, -1.0374 0.5768 0.0472, -0.9902 0.7421 0.0472, -1.0374 0.7421 0.0472, -0.9902 0.7435 0.0574, -1.0374 0.7435 0.0574, -0.9902 0.7474 0.0669, -1.0374 0.7474 0.0669, -0.9902 0.7537 0.0751, -1.0374 0.7537 0.0751, -0.9902 0.7618 0.0813, -1.0374 0.7618 0.0813, -0.9902 0.7713 0.0853, -1.0374 0.7713 0.0853, -0.9902 0.7815 0.0866, -1.0374 0.7815 0.0866, -0.9902 0.9528 0.0866, -1.0374 0.9528 0.0866, -0.9902 0.9528 0.2126, -1.0374 0.9528 0.2126, -0.9902 0.6437 0.2126, -1.0374 0.6437 0.2126, -0.9902 0.1191 0.182, -1.0374 0.1191 0.182, -0.9902 0.122 0.1903, -1.0374 0.122 0.1903, -0.9902 0.1267 0.1978, -1.0374 0.1267 0.1978, -0.9902 0.1329 0.204, -1.0374 0.1329 0.204, -0.9902 0.1404 0.2087, -1.0374 0.1404 0.2087, -0.9902 0.1487 0.2116, -1.0374 0.1487 0.2116, -0.9902 0.1575 0.2126, -1.0374 0.1575 0.2126, -1.0374 0.1575 0.2126
            ]
        }
        coordIndex [
            0,1,2,-1,2,1,3,-1,0,2,4,-1,4,2,5,-1,4,5,6,-1,6,5,7,-1,6,7,8,-1,8,7,9,-1,8,9,10,-1,10,9,11,-1,10,11,12,-1,12,11,13,-1,12,13,14,-1,14,13,15,-1,16,14,17,-1,17,14,15,-1,18,16,19,-1,19,16,17,-1,20,18,21,-1,21,18,19,-1,22,20,23,-1,23,20,21,-1,24,22,25,-1,25,22,23,-1,26,24,27,-1,27,24,25,-1,28,26,29,-1,29,26,27,-1,28,29,30,-1,30,29,31,-1,30,31,32,-1,32,31,33,-1,32,33,34,-1,34,33,35,-1,34,35,36,-1,36,35,37,-1,36,37,38,-1,38,37,39,-1,38,39,40,-1,40,39,41,-1,42,40,43,-1,43,40,41,-1,42,43,44,-1,44,43,45,-1,44,45,46,-1,46,45,47,-1,46,47,48,-1,48,47,49,-1,48,49,50,-1,50,49,51,-1,50,51,52,-1,52,51,53,-1,52,53,54,-1,54,53,55,-1,56,54,57,-1,57,54,55,-1,58,56,59,-1,59,56,57,-1,60,58,61,-1,61,58,59,-1,3,1,62,-1,3,62,63,-1,63,62,64,-1,63,64,65,-1,65,64,66,-1,65,66,67,-1,67,66,68,-1,67,68,69,-1,69,68,70,-1,69,70,71,-1,71,70,72,-1,71,72,73,-1,73,72,74,-1,73,74,75,-1,
        ]
    }
}
Shape{
    appearance Appearance {
        material  Material 	{
            diffuseColor 1.0 1.0 1.0
            specularColor 0.5019607843137255 0.5019607843137255 0.5019607843137255
            ambientIntensity 0.2
            transparency 0
            shininess 0.5
        }
    }
    geometry IndexedFaceSet {
        ccw TRUE
        solid FALSE
        coord DEF co Coordinate {
            point [
                -5.4213 1.1496 0.0984, -5.4213 0.1693 0.0984, -5.502 1.1496 0.0984, -5.502 0.1693 0.0984, -5.3799 0.1693 0.1501, -5.3799 1.1496 0.1501, -0.8465 0.1693 0.1575, -0.878 0.1693 0.0984, -0.8465 1.1496 0.1575, -0.878 1.1496 0.0984, -0.9528 0.1693 0.0984, -0.9843 0.1693 0.1575, -0.9528 1.1496 0.0984, -0.9843 1.1496 0.1575, -1.6339 0.1693 0.1575, -1.6654 0.1693 0.0984, -1.6339 1.1496 0.1575, -1.6654 1.1496 0.0984, -1.7402 0.1693 0.0984, -1.7717 0.1693 0.1575, -1.7402 1.1496 0.0984, -1.7717 1.1496 0.1575, -1.8307 0.1693 0.1575, -1.8622 0.1693 0.0984, -1.8307 1.1496 0.1575, -1.8622 1.1496 0.0984, -1.937 0.1693 0.0984, -1.9685 0.1693 0.1575, -1.937 1.1496 0.0984, -1.9685 1.1496 0.1575, -2.9213 0.1693 0.0984, -2.9528 0.1693 0.1575, -2.9213 1.1496 0.0984, -2.9528 1.1496 0.1575, -2.815 0.1693 0.1575, -2.8465 0.1693 0.0984, -2.815 1.1496 0.1575, -2.8465 1.1496 0.0984, -0.5591 0.1693 0.0984, -0.5906 0.1693 0.1575, -0.5591 1.1496 0.0984, -0.5906 1.1496 0.1575, -0.4528 0.1693 0.1575, -0.4843 0.1693 0.0984, -0.4528 1.1496 0.1575, -0.4843 1.1496 0.0984, -2.6181 0.1693 0.1575, -2.6496 0.1693 0.0984, -2.6181 1.1496 0.1575, -2.6496 1.1496 0.0984, -2.7244 0.1693 0.0984, -2.7559 0.1693 0.1575, -2.7244 1.1496 0.0984, -2.7559 1.1496 0.1575, -4.9803 0.1693 0.1575, -5.0118 0.1693 0.0984, -4.9803 1.1496 0.1575, -5.0118 1.1496 0.0984, -5.2677 0.1693 0.0984, -5.3091 0.1693 0.1501, -5.2677 1.1496 0.0984, -5.3091 1.1496 0.1501, -2.4213 0.1693 0.1575, -2.4528 0.1693 0.0984, -2.4213 1.1496 0.1575, -2.4528 1.1496 0.0984, -2.5276 0.1693 0.0984, -2.5591 0.1693 0.1575, -2.5276 1.1496 0.0984, -2.5591 1.1496 0.1575, -3.5118 0.1693 0.0984, -3.5433 0.1693 0.1575, -3.5118 1.1496 0.0984, -3.5433 1.1496 0.1575, -3.4055 0.1693 0.1575, -3.437 0.1693 0.0984, -3.4055 1.1496 0.1575, -3.437 1.1496 0.0984, -3.437 1.1496 0.0984
            ]
        }
        coordIndex [
            0,1,2,-1,2,1,3,-1,4,1,5,-1,5,1,0,-1,6,7,8,-1,8,7,9,-1,10,11,12,-1,12,11,13,-1,14,15,16,-1,16,15,17,-1,18,19,20,-1,20,19,21,-1,22,23,24,-1,24,23,25,-1,26,27,28,-1,28,27,29,-1,30,31,32,-1,32,31,33,-1,34,35,36,-1,36,35,37,-1,38,39,40,-1,40,39,41,-1,42,43,44,-1,44,43,45,-1,46,47,48,-1,48,47,49,-1,50,51,52,-1,52,51,53,-1,54,55,56,-1,56,55,57,-1,58,59,60,-1,60,59,61,-1,62,63,64,-1,64,63,65,-1,66,67,68,-1,68,67,69,-1,70,71,72,-1,72,71,73,-1,74,75,76,-1,76,75,77,-1,
        ]
    }
}
Shape{
    appearance Appearance {
        material  Material 	{
            diffuseColor 0.7529411764705882 0.7529411764705882 0.7529411764705882
            specularColor 0.6627450980392157 0.6627450980392157 0.6627450980392157
            ambientIntensity 0.2
            transparency 0
            shininess 0.5
        }
    }
    geometry IndexedFaceSet {
        ccw TRUE
        solid FALSE
        coord DEF co Coordinate {
            point [
                -0.5965 0.1181 0.1063, -0.5965 0.1181 0.1732, -0.6437 0.1181 0.1063, -0.6437 0.1181 0.1732, -0.5965 0.1174 0.1012, -0.6437 0.1174 0.1012, -0.5965 0.1155 0.0965, -0.6437 0.1155 0.0965, -0.5965 0.1123 0.0924, -0.6437 0.1123 0.0924, -0.5965 0.1083 0.0893, -0.6437 0.1083 0.0893, -0.5965 0.1035 0.0873, -0.6437 0.1035 0.0873, -0.5965 0.0984 0.0866, -0.6437 0.0984 0.0866, -0.5965 -0.0 0.0866, -0.6437 -0.0 0.0866, -0.5965 -0.0197 0.0669, -0.6437 -0.0197 0.0669, -0.5965 -0.0197 0.0197, -0.6437 -0.0197 0.0197, -0.5965 0.0 0.0, -0.6437 0.0 0.0, -0.5965 0.1969 -0.0, -0.6437 0.1969 0.0, -0.5965 0.2362 0.0866, -0.6437 0.2362 0.0866, -0.5965 0.5374 0.0866, -0.6437 0.5374 0.0866, -0.5965 0.5476 0.0853, -0.6437 0.5476 0.0853, -0.5965 0.5571 0.0813, -0.6437 0.5571 0.0813, -0.5965 0.5652 0.0751, -0.6437 0.5652 0.0751, -0.5965 0.5715 0.0669, -0.6437 0.5715 0.0669, -0.5965 0.5754 0.0574, -0.6437 0.5754 0.0574, -0.5965 0.5768 0.0472, -0.6437 0.5768 0.0472, -0.5965 0.7421 0.0472, -0.6437 0.7421 0.0472, -0.5965 0.7435 0.0574, -0.6437 0.7435 0.0574, -0.5965 0.7474 0.0669, -0.6437 0.7474 0.0669, -0.5965 0.7537 0.0751, -0.6437 0.7537 0.0751, -0.5965 0.7618 0.0813, -0.6437 0.7618 0.0813, -0.5965 0.7713 0.0853, -0.6437 0.7713 0.0853, -0.5965 0.7815 0.0866, -0.6437 0.7815 0.0866, -0.5965 0.9528 0.0866, -0.6437 0.9528 0.0866, -0.5965 0.9528 0.2126, -0.6437 0.9528 0.2126, -0.5965 0.6437 0.2126, -0.6437 0.6437 0.2126, -0.5965 0.1191 0.182, -0.6437 0.1191 0.182, -0.5965 0.122 0.1903, -0.6437 0.122 0.1903, -0.5965 0.1267 0.1978, -0.6437 0.1267 0.1978, -0.5965 0.1329 0.204, -0.6437 0.1329 0.204, -0.5965 0.1404 0.2087, -0.6437 0.1404 0.2087, -0.5965 0.1487 0.2116, -0.6437 0.1487 0.2116, -0.5965 0.1575 0.2126, -0.6437 0.1575 0.2126, -0.6437 0.1575 0.2126
            ]
        }
        coordIndex [
            0,1,2,-1,2,1,3,-1,0,2,4,-1,4,2,5,-1,4,5,6,-1,6,5,7,-1,6,7,8,-1,8,7,9,-1,8,9,10,-1,10,9,11,-1,10,11,12,-1,12,11,13,-1,12,13,14,-1,14,13,15,-1,16,14,17,-1,17,14,15,-1,18,16,19,-1,19,16,17,-1,20,18,21,-1,21,18,19,-1,22,20,23,-1,23,20,21,-1,24,22,25,-1,25,22,23,-1,26,24,27,-1,27,24,25,-1,28,26,29,-1,29,26,27,-1,28,29,30,-1,30,29,31,-1,30,31,32,-1,32,31,33,-1,32,33,34,-1,34,33,35,-1,34,35,36,-1,36,35,37,-1,36,37,38,-1,38,37,39,-1,38,39,40,-1,40,39,41,-1,42,40,43,-1,43,40,41,-1,42,43,44,-1,44,43,45,-1,44,45,46,-1,46,45,47,-1,46,47,48,-1,48,47,49,-1,48,49,50,-1,50,49,51,-1,50,51,52,-1,52,51,53,-1,52,53,54,-1,54,53,55,-1,56,54,57,-1,57,54,55,-1,58,56,59,-1,59,56,57,-1,60,58,61,-1,61,58,59,-1,3,1,62,-1,3,62,63,-1,63,62,64,-1,63,64,65,-1,65,64,66,-1,65,66,67,-1,67,66,68,-1,67,68,69,-1,69,68,70,-1,69,70,71,-1,71,70,72,-1,71,72,73,-1,73,72,74,-1,73,74,75,-1,
        ]
    }
}
Shape{
    appearance Appearance {
        material  Material 	{
            diffuseColor 1.0 1.0 1.0
            specularColor 0.5019607843137255 0.5019607843137255 0.5019607843137255
            ambientIntensity 0.2
            transparency 0
            shininess 0.5
        }
    }
    geometry IndexedFaceSet {
        ccw TRUE
        solid FALSE
        coord DEF co Coordinate {
            point [
                -5.6201 0.0787 1.9527, -5.6791 0.1378 2.0118, -5.6201 0.0787 0.2323, -5.6791 0.1378 0.2323, -5.502 0.7756 1.7126, -5.1614 0.7756 1.7126, -5.502 0.7756 1.7323, -5.1614 0.7756 1.7323, -5.1614 0.7756 1.7323
            ]
        }
        coordIndex [
            0,1,2,-1,2,1,3,-1,4,5,6,-1,6,5,7,-1,
        ]
    }
}
Shape{
    appearance Appearance {
        material  Material 	{
            diffuseColor 0.25098039215686274 0.25098039215686274 0.25098039215686274
            specularColor 0.12549019607843137 0.12549019607843137 0.12549019607843137
            ambientIntensity 0.2
            transparency 0
            shininess 0.5
        }
    }
    geometry IndexedFaceSet {
        ccw TRUE
        solid FALSE
        coord DEF co Coordinate {
            point [
                -5.502 0.9606 1.6063, -5.2205 0.9606 1.6063, -5.502 0.874 1.6063, -5.2205 0.874 1.6063, -5.502 0.7885 1.6834, -5.1614 0.8086 1.6653, -5.1614 0.7885 1.6834, -5.1614 0.7885 1.6834
            ]
        }
        coordIndex [
            0,1,2,-1,2,1,3,-1,2,3,4,-1,4,3,5,-1,4,5,6,-1,
        ]
    }
}
Shape{
    appearance Appearance {
        material  Material 	{
            diffuseColor 1.0 1.0 1.0
            specularColor 0.5019607843137255 0.5019607843137255 0.5019607843137255
            ambientIntensity 0.2
            transparency 0
            shininess 0.5
        }
    }
    geometry IndexedFaceSet {
        ccw TRUE
        solid FALSE
        coord DEF co Coordinate {
            point [
                -5.1614 0.7756 1.7126, -5.502 0.7756 1.7126, -5.502 0.7764 1.7044, -5.1614 0.7764 1.7044, -5.502 0.779 1.6966, -5.1614 0.779 1.6966, -5.502 0.783 1.6895, -5.1614 0.783 1.6895, -5.502 0.7885 1.6834, -5.1614 0.7885 1.6834, -0.2126 0.9606 1.1102, -0.2126 0.9606 0.9685, 0.128 0.9606 0.9685, -5.502 0.9606 0.9685, -5.1614 0.9606 0.9685, -5.502 0.9606 1.6063, -5.1614 0.9606 1.1102, 0.128 0.9606 1.6063, -0.1535 0.9606 1.6063, -0.2126 0.9606 1.6653, -0.1339 0.9606 1.9509, -5.2402 0.9606 1.9509, -0.2126 0.9606 1.8643, -5.1614 0.9606 1.8643, -5.1614 0.9606 1.6653, -5.2205 0.9606 1.6063, -5.502 0.9606 1.9509, -5.1614 0.8873 1.8643, -5.502 0.7756 1.7323, -5.1614 0.7756 1.7323, -0.2126 0.7832 1.6894, -0.2126 0.7885 1.6834, 0.128 0.7886 1.6834, 0.128 0.7832 1.6894, 0.128 0.779 1.6965, -0.2126 0.779 1.6965, 0.128 0.7765 1.7044, -0.2126 0.7765 1.7044, 0.128 0.7756 1.7126, -0.2126 0.7756 1.7126, -0.2126 0.7756 1.7126
            ]
        }
        coordIndex [
            0,1,2,-1,0,2,3,-1,3,2,4,-1,3,4,5,-1,5,4,6,-1,5,6,7,-1,7,6,8,-1,7,8,9,-1,10,11,12,-1,13,14,15,-1,15,14,16,-1,12,17,10,-1,10,17,18,-1,10,18,16,-1,16,18,19,-1,20,21,22,-1,22,21,23,-1,22,23,19,-1,19,23,24,-1,19,24,16,-1,16,24,25,-1,16,25,15,-1,21,26,27,-1,27,26,28,-1,27,28,29,-1,30,31,32,-1,32,33,30,-1,30,33,34,-1,30,34,35,-1,35,34,36,-1,35,36,37,-1,37,36,38,-1,37,38,39,-1,
        ]
    }
}
Shape{
    appearance Appearance {
        material  Material 	{
            diffuseColor 0.7529411764705882 0.7529411764705882 0.7529411764705882
            specularColor 0.6627450980392157 0.6627450980392157 0.6627450980392157
            ambientIntensity 0.2
            transparency 0
            shininess 0.5
        }
    }
    geometry IndexedFaceSet {
        ccw TRUE
        solid FALSE
        coord DEF co Coordinate {
            point [
                -0.1535 0.874 1.6063, 0.128 0.874 1.6063, -0.2126 0.8086 1.6653, 0.128 0.7886 1.6834, -0.2126 0.7885 1.6834, 0.128 0.9606 1.6063, -0.1535 0.9606 1.6063, -0.1535 0.9606 1.6063
            ]
        }
        coordIndex [
            0,1,2,-1,2,1,3,-1,2,3,4,-1,5,1,6,-1,6,1,0,-1,
        ]
    }
}
Shape{
    appearance Appearance {
        material  Material 	{
            diffuseColor 1.0 1.0 1.0
            specularColor 0.5019607843137255 0.5019607843137255 0.5019607843137255
            ambientIntensity 0.2
            transparency 0
            shininess 0.5
        }
    }
    geometry IndexedFaceSet {
        ccw TRUE
        solid FALSE
        coord DEF co Coordinate {
            point [
                0.128 0.9606 1.9509, -0.1339 0.9606 1.9509, 0.128 0.7756 1.7323, -0.2126 0.8873 1.8643, -0.2126 0.7756 1.7323, -0.2126 0.7756 1.7126, 0.128 0.7756 1.7126, 0.2461 0.0787 1.9527, 0.2461 0.0787 0.2323, 0.3051 0.1378 2.0118, 0.3051 0.1378 0.2323, -5.5531 0.0787 1.9527, -5.6201 0.0787 1.9527, -5.5531 0.0787 0.9685, -5.6201 0.0787 0.2323, 0.1791 0.0787 0.9685, 0.1791 0.0787 1.9527, -3.5463 0.0787 0.2323, -3.4026 0.0787 0.2323, -5.312 0.0787 0.2323, -4.9774 0.0787 0.2323, -4.9242 0.0787 0.2323, -2.7589 0.0787 0.2323, -1.9715 0.0787 0.2323, -1.7746 0.0787 0.2323, -1.6309 0.0787 0.2323, -3.3494 0.0787 0.2323, -3.2057 0.0787 0.2323, -3.0089 0.0787 0.2323, -2.6152 0.0787 0.2323, -2.3652 0.0787 0.2323, -2.2215 0.0787 0.2323, -4.7805 0.0787 0.2323, -4.7274 0.0787 0.2323, -4.5837 0.0787 0.2323, -2.9557 0.0787 0.2323, -2.812 0.0787 0.2323, -2.1683 0.0787 0.2323, -2.0246 0.0787 0.2323, -1.5778 0.0787 0.2323, -1.4341 0.0787 0.2323, -1.3809 0.0787 0.2323, -4.3868 0.0787 0.2323, -4.3337 0.0787 0.2323, -4.19 0.0787 0.2323, -1.1841 0.0787 0.2323, -1.0404 0.0787 0.2323, -0.9872 0.0787 0.2323, -4.1368 0.0787 0.2323, -3.9931 0.0787 0.2323, -3.94 0.0787 0.2323, -3.7431 0.0787 0.2323, -3.5994 0.0787 0.2323, -0.8435 0.0787 0.2323, -0.7904 0.0787 0.2323, -0.6467 0.0787 0.2323, -0.4498 0.0787 0.2323, -0.3967 0.0787 0.2323, -0.062 0.0787 0.2323, 0.003 0.0787 0.2323, 0.2165 0.0787 0.2323, -3.6024 0.1693 0.2323, -3.6024 0.1693 0.1575, -3.6024 1.1385 0.2323, -3.6024 1.1496 0.1575, -3.6024 1.1496 0.2323, -3.6339 1.1496 0.0984, -3.7087 1.1496 0.0984, -3.7402 1.1496 0.1575, -3.7402 1.1496 0.2323, -3.7402 1.1385 0.2323, -3.7402 0.1693 0.1575, -3.7402 0.1693 0.2323, -3.6339 0.1693 0.0984, -3.7087 0.1693 0.0984, -4.3898 0.1693 0.2323, -4.3898 0.1693 0.1575, -4.3898 1.1385 0.2323, -4.3898 1.1496 0.1575, -4.3898 1.1496 0.2323, -4.4213 1.1496 0.0984, -4.4961 1.1496 0.0984, -4.5276 1.1496 0.1575, -4.5276 1.1496 0.2323, -4.5276 1.1385 0.2323, -4.5276 0.1693 0.1575, -4.5276 0.1693 0.2323, -4.4961 0.1693 0.0984, -4.4213 0.1693 0.0984, -3.9961 0.1693 0.2323, -3.9961 0.1693 0.1575, -3.9961 1.1385 0.2323, -3.9961 1.1496 0.1575, -3.9961 1.1496 0.2323, -4.0276 1.1496 0.0984, -4.1024 1.1496 0.0984, -4.1339 1.1496 0.1575, -4.1339 1.1496 0.2323, -4.1339 1.1385 0.2323, -4.1339 0.1693 0.1575, -4.1339 0.1693 0.2323, -4.1024 0.1693 0.0984, -4.0276 0.1693 0.0984, -2.1654 1.1496 0.2323, -2.1654 1.1496 0.1575, -2.1654 1.1385 0.2323, -2.1654 0.1693 0.1575, -2.1654 0.1693 0.2323, -2.0276 0.1693 0.2323, -2.0276 0.1693 0.1575, -2.0591 0.1693 0.0984, -2.1339 0.1693 0.0984, -2.0276 1.1385 0.2323, -2.0276 1.1496 0.1575, -2.0276 1.1496 0.2323, -2.0591 1.1496 0.0984, -2.1339 1.1496 0.0984, -2.1339 1.1496 0.0984
            ]
        }
        coordIndex [
            0,1,2,-1,2,1,3,-1,2,3,4,-1,5,6,4,-1,4,6,2,-1,7,8,9,-1,9,8,10,-1,11,12,13,-1,13,12,14,-1,8,7,15,-1,15,7,16,-1,17,18,13,-1,14,19,13,-1,13,19,20,-1,13,20,21,-1,22,15,13,-1,23,24,15,-1,15,24,25,-1,18,26,13,-1,13,26,27,-1,13,27,28,-1,22,29,15,-1,15,29,30,-1,15,30,31,-1,21,32,13,-1,13,32,33,-1,13,33,34,-1,28,35,13,-1,13,35,36,-1,13,36,22,-1,31,37,15,-1,15,37,38,-1,15,38,23,-1,25,39,15,-1,15,39,40,-1,15,40,41,-1,34,42,13,-1,13,42,43,-1,13,43,44,-1,41,45,15,-1,15,45,46,-1,15,46,47,-1,44,48,13,-1,13,48,49,-1,13,49,50,-1,50,51,13,-1,13,51,52,-1,13,52,17,-1,47,53,15,-1,15,53,54,-1,15,54,55,-1,55,56,15,-1,15,56,57,-1,15,57,58,-1,58,59,15,-1,15,59,60,-1,15,60,8,-1,61,62,63,-1,63,62,64,-1,63,64,65,-1,66,67,64,-1,64,67,68,-1,64,68,65,-1,65,68,69,-1,69,68,70,-1,70,68,71,-1,70,71,72,-1,61,72,62,-1,62,72,71,-1,62,71,73,-1,73,71,74,-1,75,76,77,-1,77,76,78,-1,77,78,79,-1,80,81,78,-1,78,81,82,-1,78,82,79,-1,79,82,83,-1,83,82,84,-1,84,82,85,-1,84,85,86,-1,87,88,85,-1,85,88,76,-1,85,76,86,-1,86,76,75,-1,89,90,91,-1,91,90,92,-1,91,92,93,-1,94,95,92,-1,92,95,96,-1,92,96,93,-1,93,96,97,-1,97,96,98,-1,98,96,99,-1,98,99,100,-1,101,102,99,-1,99,102,90,-1,99,90,100,-1,100,90,89,-1,103,104,105,-1,105,104,106,-1,105,106,107,-1,108,107,109,-1,109,107,106,-1,109,106,110,-1,110,106,111,-1,108,109,112,-1,112,109,113,-1,112,113,114,-1,115,116,113,-1,113,116,104,-1,113,104,114,-1,114,104,103,-1,
        ]
    }
}
Shape{
    appearance Appearance {
        material  Material 	{
            diffuseColor 0.7529411764705882 0.7529411764705882 0.7529411764705882
            specularColor 0.6627450980392157 0.6627450980392157 0.6627450980392157
            ambientIntensity 0.2
            transparency 0
            shininess 0.5
        }
    }
    geometry IndexedFaceSet {
        ccw TRUE
        solid FALSE
        coord DEF co Coordinate {
            point [
                -5.374 0.1487 0.2116, -5.374 0.1575 0.2126, -5.374 0.2362 0.0866, -5.374 1.1512 0.2139, -5.374 1.1614 0.2126, -5.374 1.0827 0.0866, -5.374 0.1083 0.0893, -5.374 0.1123 0.0924, -5.374 0.1969 0.0, -5.374 0.1155 0.0965, -5.374 0.1174 0.1012, -5.374 0.1181 0.1063, -5.374 1.1998 0.182, -5.374 1.2008 0.1732, -5.374 0.0 0.0, -5.374 0.0984 0.0866, -5.374 0.1035 0.0873, -5.374 1.122 0.0, -5.374 1.2066 0.0924, -5.374 1.2106 0.0893, -5.374 0.1404 0.2087, -5.374 1.2008 0.1063, -5.374 1.2015 0.1012, -5.374 1.2034 0.0965, -5.374 1.2205 0.0866, -5.374 1.3189 0.0866, -5.374 1.3386 0.0669, -5.374 0.1853 0.2241, -5.374 0.5374 0.0866, -5.374 0.1772 0.2179, -5.374 0.1677 0.2139, -5.374 0.1916 0.2323, -5.374 1.1273 0.2323, -5.374 0.5476 0.0853, -5.374 1.2154 0.0873, -5.374 1.3189 0.0, -5.374 1.3386 0.0197, -5.374 0.7618 0.0813, -5.374 0.7537 0.0751, -5.374 0.7474 0.0669, -5.374 0.5571 0.0813, -5.374 0.5652 0.0751, -5.374 -0.0197 0.0197, -5.374 -0.0197 0.0669, -5.374 0.0 0.0866, -5.374 1.1702 0.2116, -5.374 1.1785 0.2087, -5.374 1.186 0.204, -5.374 0.7713 0.0853, -5.374 0.7815 0.0866, -5.374 1.1336 0.2241, -5.374 1.1417 0.2179, -5.374 0.7421 0.0472, -5.374 0.5768 0.0472, -5.374 0.7435 0.0574, -5.374 0.5754 0.0574, -5.374 0.5715 0.0669, -5.374 0.1181 0.1732, -5.374 0.1191 0.182, -5.374 0.122 0.1903, -5.374 0.1267 0.1978, -5.374 0.1329 0.204, -5.374 1.1922 0.1978, -5.374 1.1969 0.1903, -5.315 0.1575 0.2126, -5.315 0.1677 0.2139, -5.315 0.1772 0.2179, -5.315 0.1853 0.2241, -5.315 0.1916 0.2323, -5.315 1.1702 0.2116, -5.315 1.1614 0.2126, -5.315 1.0827 0.0866, -5.315 0.1181 0.1063, -5.315 0.1174 0.1012, -5.315 0.2362 0.0866, -5.315 0.1123 0.0924, -5.315 0.1083 0.0893, -5.315 0.1969 0.0, -5.315 0.1155 0.0965, -5.315 1.1273 0.2323, -5.315 0.5571 0.0813, -5.315 0.5652 0.0751, -5.315 0.7713 0.0853, -5.315 0.5715 0.0669, -5.315 0.7618 0.0813, -5.315 1.1785 0.2087, -5.315 0.0984 0.0866, -5.315 0.0 0.0866, -5.315 -0.0197 0.0669, -5.315 0.5476 0.0853, -5.315 0.5374 0.0866, -5.315 1.1512 0.2139, -5.315 1.1417 0.2179, -5.315 0.7815 0.0866, -5.315 1.3189 0.0, -5.315 1.3386 0.0197, -5.315 1.3386 0.0669, -5.315 1.2106 0.0893, -5.315 1.2066 0.0924, -5.315 1.122 0.0, -5.315 1.2034 0.0965, -5.315 1.2015 0.1012, -5.315 1.2008 0.1063, -5.315 0.1487 0.2116, -5.315 0.1404 0.2087, -5.315 0.1035 0.0873, -5.315 0.0 0.0, -5.315 -0.0197 0.0197, -5.315 0.5754 0.0574, -5.315 0.5768 0.0472, -5.315 0.7421 0.0472, -5.315 1.3189 0.0866, -5.315 1.2205 0.0866, -5.315 1.2154 0.0873, -5.315 1.2008 0.1732, -5.315 1.1998 0.182, -5.315 1.1969 0.1903, -5.315 0.1329 0.204, -5.315 0.1267 0.1978, -5.315 0.122 0.1903, -5.315 0.1191 0.182, -5.315 0.1181 0.1732, -5.315 0.7435 0.0574, -5.315 0.7474 0.0669, -5.315 0.7537 0.0751, -5.315 1.1336 0.2241, -5.315 1.1922 0.1978, -5.315 1.186 0.204, -2.6122 0.1473 0.2113, -2.6122 0.1575 0.2126, -2.6122 0.2362 0.0866, -2.6122 0.9528 0.2126, -2.6122 0.9528 0.0866, -2.6122 0.6437 0.2126, -2.6122 0.7815 0.0866, -2.6122 0.7713 0.0853, -2.6122 0.0 0.0, -2.6122 -0.0197 0.0197, -2.6122 -0.0197 0.0669, -2.6122 0.1853 0.2241, -2.6122 0.5374 0.0866, -2.6122 0.1772 0.2179, -2.6122 0.1677 0.2139, -2.6122 0.1916 0.2323, -2.6122 0.6064 0.2323, -2.6122 0.5476 0.0853, -2.6122 0.0 0.0866, -2.6122 0.0984 0.0866, -2.6122 0.1969 0.0, -2.6122 0.1035 0.0873, -2.6122 0.1083 0.0893, -2.6122 0.1123 0.0924, -2.6122 0.1155 0.0965, -2.6122 0.1174 0.1012, -2.6122 0.1181 0.1063, -2.6122 0.6136 0.2241, -2.6122 0.6226 0.2178, -2.6122 0.5571 0.0813, -2.6122 0.6328 0.2139, -2.6122 0.5652 0.0751, -2.6122 0.5715 0.0669, -2.6122 0.5754 0.0574, -2.6122 0.7618 0.0813, -2.6122 0.7537 0.0751, -2.6122 0.7421 0.0472, -2.6122 0.5768 0.0472, -2.6122 0.7435 0.0574, -2.6122 0.7474 0.0669, -2.6122 0.1181 0.1732, -2.6122 0.1195 0.1834, -2.6122 0.1234 0.1929, -2.6122 0.1296 0.2011, -2.6122 0.1378 0.2073, -2.565 0.1575 0.2126, -2.565 0.1677 0.2139, -2.565 0.1772 0.2179, -2.565 0.1853 0.2241, -2.565 0.1916 0.2323, -2.565 0.1969 0.0, -2.565 0.1123 0.0924, -2.565 0.1083 0.0893, -2.565 0.9528 0.0866, -2.565 0.9528 0.2126, -2.565 0.7815 0.0866, -2.565 0.6437 0.2126, -2.565 0.7713 0.0853, -2.565 0.6064 0.2323, -2.565 0.6136 0.2241, -2.565 0.5476 0.0853, -2.565 0.2362 0.0866, -2.565 0.1174 0.1012, -2.565 0.1155 0.0965, -2.565 -0.0197 0.0669, -2.565 -0.0197 0.0197, -2.565 -0.0 0.0866, -2.565 0.0 0.0, -2.565 0.0984 0.0866, -2.565 0.1035 0.0873, -2.565 0.5374 0.0866, -2.565 0.7474 0.0669, -2.565 0.7537 0.0751, -2.565 0.5754 0.0574, -2.565 0.1195 0.1834, -2.565 0.1181 0.1732, -2.565 0.1181 0.1063, -2.565 0.7618 0.0813, -2.565 0.5715 0.0669, -2.565 0.5652 0.0751, -2.565 0.5571 0.0813, -2.565 0.6328 0.2139, -2.565 0.6226 0.2178, -2.565 0.5768 0.0472, -2.565 0.7421 0.0472, -2.565 0.7435 0.0574, -2.565 0.1473 0.2113, -2.565 0.1378 0.2073, -2.565 0.1296 0.2011, -2.565 0.1234 0.1929, -3.3524 0.1677 0.2139, -3.3524 0.1575 0.2126, -3.3524 0.2362 0.0866, -3.3524 0.1969 0.0, -3.3524 0.1123 0.0924, -3.3524 0.1083 0.0893, -3.3524 0.9528 0.0866, -3.3524 0.9528 0.2126, -3.3524 0.7815 0.0866, -3.3524 0.6437 0.2126, -3.3524 0.7713 0.0853, -3.3524 0.6136 0.2241, -3.3524 0.6064 0.2323, -3.3524 0.5476 0.0853, -3.3524 0.1174 0.1012, -3.3524 0.1155 0.0965, -3.3524 -0.0197 0.0669, -3.3524 -0.0197 0.0197, -3.3524 -0.0 0.0866, -3.3524 0.0 0.0, -3.3524 0.0984 0.0866, -3.3524 0.1035 0.0873, -3.3524 0.1916 0.2323, -3.3524 0.1853 0.2241, -3.3524 0.7474 0.0669, -3.3524 0.7537 0.0751, -3.3524 0.5754 0.0574, -3.3524 0.1191 0.182, -3.3524 0.1181 0.1732, -3.3524 0.1181 0.1063, -3.3524 0.5374 0.0866, -3.3524 0.1772 0.2179, -3.3524 0.7618 0.0813, -3.3524 0.5715 0.0669, -3.3524 0.5652 0.0751, -3.3524 0.5571 0.0813, -3.3524 0.6328 0.2139, -3.3524 0.6226 0.2178, -3.3524 0.5768 0.0472, -3.3524 0.7421 0.0472, -3.3524 0.7435 0.0574, -3.3524 0.1487 0.2116, -3.3524 0.1404 0.2087, -3.3524 0.1329 0.204, -3.3524 0.1267 0.1978, -3.3524 0.122 0.1903, -3.3996 0.6064 0.2323, -3.3996 0.6136 0.2241, -3.3996 0.6226 0.2178, -3.3996 0.6328 0.2139, -3.3996 0.6437 0.2126, -3.3996 0.9528 0.2126, -3.3996 0.9528 0.0866, -3.3996 0.7815 0.0866, -3.3996 0.7713 0.0853, -3.3996 0.0 0.0, -3.3996 -0.0197 0.0197, -3.3996 -0.0197 0.0669, -3.3996 -0.0 0.0866, -3.3996 0.0984 0.0866, -3.3996 0.1969 0.0, -3.3996 0.1035 0.0873, -3.3996 0.1083 0.0893, -3.3996 0.1123 0.0924, -3.3996 0.1155 0.0965, -3.3996 0.2362 0.0866, -3.3996 0.1174 0.1012, -3.3996 0.1853 0.2241, -3.3996 0.5374 0.0866, -3.3996 0.1772 0.2179, -3.3996 0.1677 0.2139, -3.3996 0.1575 0.2126, -3.3996 0.1916 0.2323, -3.3996 0.5476 0.0853, -3.3996 0.5571 0.0813, -3.3996 0.5652 0.0751, -3.3996 0.5715 0.0669, -3.3996 0.5754 0.0574, -3.3996 0.7618 0.0813, -3.3996 0.7537 0.0751, -3.3996 0.7421 0.0472, -3.3996 0.5768 0.0472, -3.3996 0.7435 0.0574, -3.3996 0.7474 0.0669, -3.3996 0.1181 0.1063, -3.3996 0.1181 0.1732, -3.3996 0.1191 0.182, -3.3996 0.122 0.1903, -3.3996 0.1267 0.1978, -3.3996 0.1329 0.204, -3.3996 0.1404 0.2087, -3.3996 0.1487 0.2116, -2.7618 0.3503 0.2323, -2.8091 0.3503 0.2323, -2.7618 0.3621 0.2038, -2.8091 0.3621 0.2038, -2.7618 0.3661 0.1732, -2.8091 0.3661 0.1732, -2.8091 0.6064 0.2323, -2.7618 0.6064 0.2323, -2.8091 0.6136 0.2241, -2.7618 0.6136 0.2241, -2.8091 0.6226 0.2178, -2.7618 0.6226 0.2178, -2.8091 0.6328 0.2139, -2.7618 0.6328 0.2139, -2.8091 0.6437 0.2126, -2.7618 0.6437 0.2126, -2.8091 0.7815 0.0866, -2.8091 0.7713 0.0853, -2.8091 1.2008 0.1732, -2.8091 1.2008 0.1063, -2.8091 1.0827 0.0866, -2.8091 1.2015 0.1012, -2.8091 1.122 0.0, -2.8091 1.2034 0.0965, -2.8091 1.2066 0.0924, -2.8091 1.2106 0.0893, -2.8091 1.2154 0.0873, -2.8091 1.2205 0.0866, -2.8091 1.3189 0.0, -2.8091 1.1614 0.2126, -2.8091 1.1702 0.2116, -2.8091 1.3189 0.0866, -2.8091 1.3386 0.0669, -2.8091 1.3386 0.0197, -2.8091 0.7421 0.0472, -2.8091 0.5768 0.0472, -2.8091 0.7435 0.0574, -2.8091 0.5754 0.0574, -2.8091 0.7474 0.0669, -2.8091 0.7537 0.0751, -2.8091 0.5476 0.0853, -2.8091 0.5571 0.0813, -2.8091 0.5652 0.0751, -2.8091 0.5715 0.0669, -2.8091 0.7618 0.0813, -2.8091 0.5374 0.0866, -2.8091 1.1922 0.1978, -2.8091 1.1969 0.1903, -2.8091 1.1998 0.182, -2.8091 1.1785 0.2087, -2.8091 1.186 0.204, -2.8091 0.3661 0.0866, -0.3996 0.3503 0.2323, -0.4469 0.3503 0.2323, -0.3996 0.3621 0.2038, -0.4469 0.3621 0.2038, -0.3996 0.3661 0.1732, -0.4469 0.3661 0.1732, -0.3996 1.2205 0.0866, -0.3996 1.2154 0.0873, -0.3996 1.122 0.0, -0.3996 1.0827 0.0866, -0.3996 1.1614 0.2126, -0.3996 0.7815 0.0866, -0.3996 0.6437 0.2126, -0.3996 0.7713 0.0853, -0.3996 1.2034 0.0965, -0.3996 1.2015 0.1012, -0.3996 0.7474 0.0669, -0.3996 0.7537 0.0751, -0.3996 0.5754 0.0574, -0.3996 0.7618 0.0813, -0.3996 1.2106 0.0893, -0.3996 1.2066 0.0924, -0.3996 0.5768 0.0472, -0.3996 0.7421 0.0472, -0.3996 0.7435 0.0574, -0.3996 1.3386 0.0669, -0.3996 1.3189 0.0866, -0.3996 1.3386 0.0197, -0.3996 1.3189 0.0, -0.3996 1.2008 0.1063, -0.3996 1.2008 0.1732, -0.3996 1.1998 0.182, -0.3996 0.6226 0.2178, -0.3996 0.5476 0.0853, -0.3996 0.6328 0.2139, -0.3996 0.5571 0.0813, -0.3996 0.5652 0.0751, -0.3996 0.5715 0.0669, -0.3996 0.6064 0.2323, -0.3996 1.1969 0.1903, -0.3996 1.1922 0.1978, -0.3996 1.186 0.204, -0.3996 0.6136 0.2241, -0.3996 0.5374 0.0866, -0.3996 0.3661 0.0866, -0.3996 1.1785 0.2087, -0.3996 1.1702 0.2116, -0.4469 0.6064 0.2323, -0.4469 0.6136 0.2241, -0.4469 0.6226 0.2178, -0.4469 0.6328 0.2139, -0.4469 0.6437 0.2126, -0.8406 0.6064 0.2323, -0.7933 0.6064 0.2323, -0.8406 0.6136 0.2241, -0.7933 0.6136 0.2241, -0.8406 0.6226 0.2178, -0.7933 0.6226 0.2178, -0.8406 0.6328 0.2139, -0.7933 0.6328 0.2139, -0.8406 0.6437 0.2126, -0.7933 0.6437 0.2126, -0.8406 0.3621 0.2038, -0.8406 0.3503 0.2323, -0.8406 1.122 0.0, -0.8406 1.0827 0.0866, -0.8406 1.2015 0.1012, -0.8406 1.1614 0.2126, -0.8406 0.7815 0.0866, -0.8406 0.7713 0.0853, -0.8406 1.1998 0.182, -0.8406 1.2008 0.1732, -0.8406 1.2008 0.1063, -0.8406 1.2034 0.0965, -0.8406 1.2066 0.0924, -0.8406 1.2106 0.0893, -0.8406 1.2154 0.0873, -0.8406 1.2205 0.0866, -0.8406 1.3189 0.0, -0.8406 1.3189 0.0866, -0.8406 1.3386 0.0669, -0.8406 1.3386 0.0197, -0.8406 0.7421 0.0472, -0.8406 0.5768 0.0472, -0.8406 0.7435 0.0574, -0.8406 0.5754 0.0574, -0.8406 0.7474 0.0669, -0.8406 0.7537 0.0751, -0.8406 0.5476 0.0853, -0.8406 0.5571 0.0813, -0.8406 0.5652 0.0751, -0.8406 0.5715 0.0669, -0.8406 0.7618 0.0813, -0.8406 0.5374 0.0866, -0.8406 1.1702 0.2116, -0.8406 1.1785 0.2087, -0.8406 1.186 0.204, -0.8406 1.1922 0.1978, -0.8406 1.1969 0.1903, -0.8406 0.3661 0.0866, -0.8406 0.3661 0.1732, -0.7933 0.3503 0.2323, -0.7933 0.3621 0.2038, -0.7933 0.3661 0.1732, -1.187 0.3503 0.2323, -1.2343 0.3503 0.2323, -1.187 0.3621 0.2038, -1.2343 0.3621 0.2038, -1.187 0.3661 0.1732, -1.2343 0.3661 0.1732, -1.187 1.2205 0.0866, -1.187 1.2154 0.0873, -1.187 1.122 0.0, -1.187 1.2034 0.0965, -1.187 1.0827 0.0866, -1.187 1.2015 0.1012, -1.187 1.2008 0.1063, -1.187 0.7474 0.0669, -1.187 0.7537 0.0751, -1.187 0.5754 0.0574, -1.187 0.7618 0.0813, -1.187 0.7713 0.0853, -1.187 1.2106 0.0893, -1.187 1.2066 0.0924, -1.187 1.1785 0.2087, -1.187 1.1702 0.2116, -1.187 1.1614 0.2126, -1.187 0.7815 0.0866, -1.187 0.6437 0.2126, -1.187 0.5768 0.0472, -1.187 0.7421 0.0472, -1.187 0.7435 0.0574, -1.187 1.3386 0.0669, -1.187 1.3189 0.0866, -1.187 1.3386 0.0197, -1.187 1.3189 0.0, -1.187 0.6226 0.2178, -1.187 0.5476 0.0853, -1.187 0.6328 0.2139, -1.187 0.5571 0.0813, -1.187 0.5652 0.0751, -1.187 0.5715 0.0669, -1.187 0.6064 0.2323, -1.187 1.2008 0.1732, -1.187 1.1998 0.182, -1.187 1.1969 0.1903, -1.187 0.6136 0.2241, -1.187 0.5374 0.0866, -1.187 0.3661 0.0866, -1.187 1.1922 0.1978, -1.187 1.186 0.204, -1.2343 0.6064 0.2323, -1.2343 0.6136 0.2241, -1.2343 0.6226 0.2178, -1.2343 0.6328 0.2139, -1.2343 0.6437 0.2126, -1.628 0.6064 0.2323, -1.5807 0.6064 0.2323, -1.628 0.6136 0.2241, -1.5807 0.6136 0.2241, -1.628 0.6226 0.2178, -1.5807 0.6226 0.2178, -1.628 0.6328 0.2139, -1.5807 0.6328 0.2139, -1.628 0.6437 0.2126, -1.5807 0.6437 0.2126, -1.628 0.3621 0.2038, -1.628 0.3503 0.2323, -1.628 1.122 0.0, -1.628 1.0827 0.0866, -1.628 1.2015 0.1012, -1.628 1.1614 0.2126, -1.628 0.7815 0.0866, -1.628 0.7713 0.0853, -1.628 1.1998 0.182, -1.628 1.2008 0.1732, -1.628 1.2008 0.1063, -1.628 1.2034 0.0965, -1.628 1.2066 0.0924, -1.628 1.2106 0.0893, -1.628 1.2154 0.0873, -1.628 1.2205 0.0866, -1.628 1.3189 0.0, -1.628 1.3189 0.0866, -1.628 1.3386 0.0669, -1.628 1.3386 0.0197, -1.628 0.7421 0.0472, -1.628 0.5768 0.0472, -1.628 0.7435 0.0574, -1.628 0.5754 0.0574, -1.628 0.7474 0.0669, -1.628 0.7537 0.0751, -1.628 0.5476 0.0853, -1.628 0.5571 0.0813, -1.628 0.5652 0.0751, -1.628 0.5715 0.0669, -1.628 0.7618 0.0813, -1.628 0.5374 0.0866, -1.628 1.1702 0.2116, -1.628 1.1785 0.2087, -1.628 1.186 0.204, -1.628 1.1922 0.1978, -1.628 1.1969 0.1903, -1.628 0.3661 0.0866, -1.628 0.3661 0.1732, -1.5807 0.3503 0.2323, -1.5807 0.3621 0.2038, -1.5807 0.3661 0.1732, -1.9744 0.3503 0.2323, -2.0217 0.3503 0.2323, -1.9744 0.3621 0.2038, -2.0217 0.3621 0.2038, -1.9744 0.3661 0.1732, -2.0217 0.3661 0.1732, -1.9744 1.2205 0.0866, -1.9744 1.2154 0.0873, -1.9744 1.122 0.0, -1.9744 1.2034 0.0965, -1.9744 1.0827 0.0866, -1.9744 1.2015 0.1012, -1.9744 1.2008 0.1063, -1.9744 0.7474 0.0669, -1.9744 0.7537 0.0751, -1.9744 0.5754 0.0574, -1.9744 0.7618 0.0813, -1.9744 0.7713 0.0853, -1.9744 1.2106 0.0893, -1.9744 1.2066 0.0924, -1.9744 1.1785 0.2087, -1.9744 1.1702 0.2116, -1.9744 1.1614 0.2126, -1.9744 0.7815 0.0866, -1.9744 0.6437 0.2126, -1.9744 0.5768 0.0472, -1.9744 0.7421 0.0472, -1.9744 0.7435 0.0574, -1.9744 1.3386 0.0669, -1.9744 1.3189 0.0866, -1.9744 1.3386 0.0197, -1.9744 1.3189 0.0, -1.9744 0.6226 0.2178, -1.9744 0.5476 0.0853, -1.9744 0.6328 0.2139, -1.9744 0.5571 0.0813, -1.9744 0.5652 0.0751, -1.9744 0.5715 0.0669, -1.9744 0.6064 0.2323, -1.9744 1.2008 0.1732, -1.9744 1.1998 0.182, -1.9744 1.1969 0.1903, -1.9744 0.6136 0.2241, -1.9744 0.5374 0.0866, -1.9744 0.3661 0.0866, -1.9744 1.1922 0.1978, -1.9744 1.186 0.204, -2.0217 0.6064 0.2323, -2.0217 0.6136 0.2241, -2.0217 0.6226 0.2178, -2.0217 0.6328 0.2139, -2.0217 0.6437 0.2126, -2.3681 0.3503 0.2323, -2.4154 0.3503 0.2323, -2.3681 0.3621 0.2038, -2.4154 0.3621 0.2038, -2.3681 0.3661 0.1732, -2.4154 0.3661 0.1732, -2.3681 1.2205 0.0866, -2.3681 1.2154 0.0873, -2.3681 1.122 0.0, -2.3681 1.0827 0.0866, -2.3681 1.1614 0.2126, -2.3681 0.7815 0.0866, -2.3681 0.6437 0.2126, -2.3681 0.7713 0.0853, -2.3681 1.2034 0.0965, -2.3681 1.2015 0.1012, -2.3681 0.7474 0.0669, -2.3681 0.7537 0.0751, -2.3681 0.5754 0.0574, -2.3681 0.7618 0.0813, -2.3681 1.2106 0.0893, -2.3681 1.2066 0.0924, -2.3681 0.5768 0.0472, -2.3681 0.7421 0.0472, -2.3681 0.7435 0.0574, -2.3681 1.3386 0.0669, -2.3681 1.3189 0.0866, -2.3681 1.3386 0.0197, -2.3681 1.3189 0.0, -2.3681 1.2008 0.1063, -2.3681 1.2008 0.1732, -2.3681 1.1998 0.182, -2.3681 0.6226 0.2178, -2.3681 0.5476 0.0853, -2.3681 0.6328 0.2139, -2.3681 0.5571 0.0813, -2.3681 0.5652 0.0751, -2.3681 0.5715 0.0669, -2.3681 0.6064 0.2323, -2.3681 1.1969 0.1903, -2.3681 1.1922 0.1978, -2.3681 1.186 0.204, -2.3681 0.6136 0.2241, -2.3681 0.5374 0.0866, -2.3681 0.3661 0.0866, -2.3681 1.1785 0.2087, -2.3681 1.1702 0.2116, -2.4154 0.6064 0.2323, -2.4154 0.6136 0.2241, -2.4154 0.6226 0.2178, -2.4154 0.6328 0.2139, -2.4154 0.6437 0.2126, -3.2028 0.6064 0.2323, -3.1555 0.6064 0.2323, -3.2028 0.6136 0.2241, -3.1555 0.6136 0.2241, -3.2028 0.6226 0.2178, -3.1555 0.6226 0.2178, -3.2028 0.6328 0.2139, -3.1555 0.6328 0.2139, -3.2028 0.6437 0.2126, -3.1555 0.6437 0.2126, -3.1555 0.3503 0.2323, -3.2028 0.3503 0.2323, -3.1555 0.3621 0.2038, -3.2028 0.3621 0.2038, -3.1555 0.3661 0.1732, -3.2028 0.3661 0.1732, -3.1555 1.2205 0.0866, -3.1555 1.2154 0.0873, -3.1555 1.122 0.0, -3.1555 1.0827 0.0866, -3.1555 1.1614 0.2126, -3.1555 0.7815 0.0866, -3.1555 0.7713 0.0853, -3.1555 1.2034 0.0965, -3.1555 1.2015 0.1012, -3.1555 0.7474 0.0669, -3.1555 0.7537 0.0751, -3.1555 0.5754 0.0574, -3.1555 0.7618 0.0813, -3.1555 1.2106 0.0893, -3.1555 1.2066 0.0924, -3.1555 0.5768 0.0472, -3.1555 0.7421 0.0472, -3.1555 0.7435 0.0574, -3.1555 1.3386 0.0669, -3.1555 1.3189 0.0866, -3.1555 1.3386 0.0197, -3.1555 1.3189 0.0, -3.1555 1.2008 0.1063, -3.1555 1.2008 0.1732, -3.1555 1.1998 0.182, -3.1555 0.5476 0.0853, -3.1555 0.5571 0.0813, -3.1555 0.5652 0.0751, -3.1555 0.5715 0.0669, -3.1555 1.1969 0.1903, -3.1555 1.1922 0.1978, -3.1555 1.186 0.204, -3.1555 0.5374 0.0866, -3.1555 0.3661 0.0866, -3.1555 1.1785 0.2087, -3.1555 1.1702 0.2116, -3.9902 0.6064 0.2323, -3.9429 0.6064 0.2323, -3.9902 0.6136 0.2241, -3.9429 0.6136 0.2241, -3.9902 0.6226 0.2178, -3.9429 0.6226 0.2178, -3.9902 0.6328 0.2139, -3.9429 0.6328 0.2139, -3.9902 0.6437 0.2126, -3.9429 0.6437 0.2126, -3.9902 0.3621 0.2038, -3.9902 0.3503 0.2323, -3.9902 1.122 0.0, -3.9902 1.0827 0.0866, -3.9902 1.2015 0.1012, -3.9902 1.1614 0.2126, -3.9902 0.7815 0.0866, -3.9902 0.7713 0.0853, -3.9902 1.1998 0.182, -3.9902 1.2008 0.1732, -3.9902 1.2008 0.1063, -3.9902 1.2034 0.0965, -3.9902 1.2066 0.0924, -3.9902 1.2106 0.0893, -3.9902 1.2154 0.0873, -3.9902 1.2205 0.0866, -3.9902 1.3189 0.0, -3.9902 1.3189 0.0866, -3.9902 1.3386 0.0669, -3.9902 1.3386 0.0197, -3.9902 0.7421 0.0472, -3.9902 0.5768 0.0472, -3.9902 0.7435 0.0574, -3.9902 0.5754 0.0574, -3.9902 0.7474 0.0669, -3.9902 0.7537 0.0751, -3.9902 0.5476 0.0853, -3.9902 0.5571 0.0813, -3.9902 0.5652 0.0751, -3.9902 0.5715 0.0669, -3.9902 0.7618 0.0813, -3.9902 0.5374 0.0866, -3.9902 1.1702 0.2116, -3.9902 1.1785 0.2087, -3.9902 1.186 0.204, -3.9902 1.1922 0.1978, -3.9902 1.1969 0.1903, -3.9902 0.3661 0.0866, -3.9902 0.3661 0.1732, -3.9429 0.3503 0.2323, -3.9429 0.3621 0.2038, -3.9429 0.3661 0.1732, -4.7303 0.3503 0.2323, -4.7776 0.3503 0.2323, -4.7303 0.3621 0.2038, -4.7776 0.3621 0.2038, -4.7303 0.3661 0.1732, -4.7776 0.3661 0.1732, -4.7303 1.2205 0.0866, -4.7303 1.2154 0.0873, -4.7303 1.122 0.0, -4.7303 1.2034 0.0965, -4.7303 1.0827 0.0866, -4.7303 1.2015 0.1012, -4.7303 1.2008 0.1063, -4.7303 0.7474 0.0669, -4.7303 0.7537 0.0751, -4.7303 0.5754 0.0574, -4.7303 0.7618 0.0813, -4.7303 0.7713 0.0853, -4.7303 1.2106 0.0893, -4.7303 1.2066 0.0924, -4.7303 1.1785 0.2087, -4.7303 1.1702 0.2116, -4.7303 1.1614 0.2126, -4.7303 0.7815 0.0866, -4.7303 0.6437 0.2126, -4.7303 0.5768 0.0472, -4.7303 0.7421 0.0472, -4.7303 0.7435 0.0574, -4.7303 1.3386 0.0669, -4.7303 1.3189 0.0866, -4.7303 1.3386 0.0197, -4.7303 1.3189 0.0, -4.7303 0.6226 0.2178, -4.7303 0.5476 0.0853, -4.7303 0.6328 0.2139, -4.7303 0.5571 0.0813, -4.7303 0.5652 0.0751, -4.7303 0.5715 0.0669, -4.7303 0.6064 0.2323, -4.7303 1.2008 0.1732, -4.7303 1.1998 0.182, -4.7303 1.1969 0.1903, -4.7303 0.6136 0.2241, -4.7303 0.5374 0.0866, -4.7303 0.3661 0.0866, -4.7303 1.1922 0.1978, -4.7303 1.186 0.204, -4.7776 0.6064 0.2323, -4.7776 0.6136 0.2241, -4.7776 0.6226 0.2178, -4.7776 0.6328 0.2139, -4.7776 0.6437 0.2126, -4.3366 0.3503 0.2323, -4.3839 0.3503 0.2323, -4.3366 0.3621 0.2038, -4.3839 0.3621 0.2038, -4.3366 0.3661 0.1732, -4.3839 0.3661 0.1732, -4.3366 1.2205 0.0866, -4.3366 1.2154 0.0873, -4.3366 1.122 0.0, -4.3366 1.2034 0.0965, -4.3366 1.0827 0.0866, -4.3366 1.2015 0.1012, -4.3366 1.2008 0.1063, -4.3366 0.7474 0.0669, -4.3366 0.7537 0.0751, -4.3366 0.5754 0.0574, -4.3366 0.7618 0.0813, -4.3366 0.7713 0.0853, -4.3366 1.2106 0.0893, -4.3366 1.2066 0.0924, -4.3366 1.1785 0.2087, -4.3366 1.1702 0.2116, -4.3366 1.1614 0.2126, -4.3366 0.7815 0.0866, -4.3366 0.6437 0.2126, -4.3366 0.5768 0.0472, -4.3366 0.7421 0.0472, -4.3366 0.7435 0.0574, -4.3366 1.3386 0.0669, -4.3366 1.3189 0.0866, -4.3366 1.3386 0.0197, -4.3366 1.3189 0.0, -4.3366 0.6226 0.2178, -4.3366 0.5476 0.0853, -4.3366 0.6328 0.2139, -4.3366 0.5571 0.0813, -4.3366 0.5652 0.0751, -4.3366 0.5715 0.0669, -4.3366 0.6064 0.2323, -4.3366 1.2008 0.1732, -4.3366 1.1998 0.182, -4.3366 1.1969 0.1903, -4.3366 0.6136 0.2241, -4.3366 0.5374 0.0866, -4.3366 0.3661 0.0866, -4.3366 1.1922 0.1978, -4.3366 1.186 0.204, -4.3839 0.6064 0.2323, -4.3839 0.6136 0.2241, -4.3839 0.6226 0.2178, -4.3839 0.6328 0.2139, -4.3839 0.6437 0.2126, -3.5492 0.3503 0.2323, -3.5965 0.3503 0.2323, -3.5492 0.3621 0.2038, -3.5965 0.3621 0.2038, -3.5492 0.3661 0.1732, -3.5965 0.3661 0.1732, -3.5492 1.2205 0.0866, -3.5492 1.2154 0.0873, -3.5492 1.122 0.0, -3.5492 1.0827 0.0866, -3.5492 1.1614 0.2126, -3.5492 0.7815 0.0866, -3.5492 0.6437 0.2126, -3.5492 0.7713 0.0853, -3.5492 1.2034 0.0965, -3.5492 1.2015 0.1012, -3.5492 0.7474 0.0669, -3.5492 0.7537 0.0751, -3.5492 0.5754 0.0574, -3.5492 0.7618 0.0813, -3.5492 1.2106 0.0893, -3.5492 1.2066 0.0924, -3.5492 0.5768 0.0472, -3.5492 0.7421 0.0472, -3.5492 0.7435 0.0574, -3.5492 1.3386 0.0669, -3.5492 1.3189 0.0866, -3.5492 1.3386 0.0197, -3.5492 1.3189 0.0, -3.5492 1.2008 0.1063, -3.5492 1.2008 0.1732, -3.5492 1.1998 0.182, -3.5492 0.6226 0.2178, -3.5492 0.5476 0.0853, -3.5492 0.6328 0.2139, -3.5492 0.5571 0.0813, -3.5492 0.5652 0.0751, -3.5492 0.5715 0.0669, -3.5492 0.6064 0.2323, -3.5492 1.1969 0.1903, -3.5492 1.1922 0.1978, -3.5492 1.186 0.204, -3.5492 0.6136 0.2241, -3.5492 0.5374 0.0866, -3.5492 0.3661 0.0866, -3.5492 1.1785 0.2087, -3.5492 1.1702 0.2116, -3.5965 0.6064 0.2323, -3.5965 0.6136 0.2241, -3.5965 0.6226 0.2178, -3.5965 0.6328 0.2139, -3.5965 0.6437 0.2126, -0.0591 1.1512 0.2139, -0.0591 1.1614 0.2126, -0.0591 1.0827 0.0866, -0.0591 0.1083 0.0893, -0.0591 0.1123 0.0924, -0.0591 0.1969 0.0, -0.0591 0.1155 0.0965, -0.0591 0.2362 0.0866, -0.0591 1.1998 0.182, -0.0591 1.2008 0.1732, -0.0591 0.0 0.0, -0.0591 0.0984 0.0866, -0.0591 0.1035 0.0873, -0.0591 0.1174 0.1012, -0.0591 0.1181 0.1063, -0.0591 0.1181 0.1732, -0.0591 1.122 0.0, -0.0591 1.2066 0.0924, -0.0591 1.2106 0.0893, -0.0591 1.2008 0.1063, -0.0591 1.2015 0.1012, -0.0591 1.2034 0.0965, -0.0591 1.2205 0.0866, -0.0591 1.3189 0.0866, -0.0591 1.3386 0.0669, -0.0591 0.1853 0.2241, -0.0591 0.5374 0.0866, -0.0591 0.1772 0.2179, -0.0591 0.1677 0.2139, -0.0591 0.1575 0.2126, -0.0591 0.1916 0.2323, -0.0591 1.1273 0.2323, -0.0591 0.5476 0.0853, -0.0591 0.1267 0.1978, -0.0591 0.1329 0.204, -0.0591 1.2154 0.0873, -0.0591 1.3189 0.0, -0.0591 1.3386 0.0197, -0.0591 0.7618 0.0813, -0.0591 0.7537 0.0751, -0.0591 0.7474 0.0669, -0.0591 0.5571 0.0813, -0.0591 0.5652 0.0751, -0.0591 -0.0197 0.0197, -0.0591 -0.0197 0.0669, -0.0591 0.0 0.0866, -0.0591 0.1404 0.2087, -0.0591 0.1487 0.2116, -0.0591 1.1702 0.2116, -0.0591 1.1785 0.2087, -0.0591 1.186 0.204, -0.0591 0.7713 0.0853, -0.0591 0.7815 0.0866, -0.0591 1.1336 0.2241, -0.0591 1.1417 0.2179, -0.0591 0.7421 0.0472, -0.0591 0.5768 0.0472, -0.0591 0.7435 0.0574, -0.0591 0.5754 0.0574, -0.0591 0.5715 0.0669, -0.0591 1.1922 0.1978, -0.0591 1.1969 0.1903, -0.0591 0.1191 0.182, -0.0591 0.122 0.1903, 0.0 0.1575 0.2126, 0.0 0.1677 0.2139, 0.0 0.1772 0.2179, 0.0 0.1853 0.2241, 0.0 0.1916 0.2323, 0.0 1.1702 0.2116, 0.0 1.1614 0.2126, 0.0 1.0827 0.0866, 0.0 0.1181 0.1063, 0.0 0.1174 0.1012, 0.0 0.2362 0.0866, 0.0 0.1123 0.0924, 0.0 0.1083 0.0893, 0.0 0.1969 0.0, 0.0 0.1155 0.0965, 0.0 1.1273 0.2323, 0.0 0.5571 0.0813, 0.0 0.5652 0.0751, 0.0 0.7713 0.0853, 0.0 0.5715 0.0669, 0.0 0.7618 0.0813, 0.0 1.1785 0.2087, 0.0 0.0984 0.0866, 0.0 0.0 0.0866, 0.0 -0.0197 0.0669, 0.0 0.5476 0.0853, 0.0 0.5374 0.0866, -0.0 1.1512 0.2139, -0.0 1.1417 0.2179, 0.0 0.7815 0.0866, 0.0 1.3189 0.0, 0.0 1.3386 0.0197, 0.0 1.3386 0.0669, 0.0 1.2106 0.0893, 0.0 1.2066 0.0924, 0.0 1.122 0.0, 0.0 1.2034 0.0965, 0.0 1.2015 0.1012, 0.0 1.2008 0.1063, 0.0 0.1487 0.2116, 0.0 0.1404 0.2087, 0.0 0.1035 0.0873, 0.0 0.0 0.0, 0.0 -0.0197 0.0197, 0.0 0.5754 0.0574, 0.0 0.5768 0.0472, 0.0 0.7421 0.0472, 0.0 1.3189 0.0866, 0.0 1.2205 0.0866, 0.0 1.2154 0.0873, 0.0 1.2008 0.1732, 0.0 1.1998 0.182, 0.0 1.1969 0.1903, 0.0 0.1329 0.204, 0.0 0.1267 0.1978, 0.0 0.122 0.1903, 0.0 0.7435 0.0574, 0.0 0.7474 0.0669, 0.0 0.7537 0.0751, -0.0 1.1336 0.2241, 0.0 0.1191 0.182, 0.0 0.1181 0.1732, 0.0 1.1922 0.1978, 0.0 1.186 0.204, 0.0 1.186 0.204
            ]
        }
        coordIndex [
            0,1,2,-1,3,4,5,-1,6,7,8,-1,8,7,9,-1,8,9,2,-1,2,9,10,-1,2,10,11,-1,12,13,5,-1,14,15,8,-1,8,15,16,-1,8,16,6,-1,17,18,19,-1,0,2,20,-1,13,21,5,-1,5,21,22,-1,5,22,17,-1,17,22,23,-1,17,23,18,-1,24,25,26,-1,27,28,29,-1,29,28,2,-1,29,2,30,-1,30,2,1,-1,27,31,28,-1,28,31,32,-1,28,32,33,-1,19,34,17,-1,17,34,24,-1,17,24,35,-1,35,24,26,-1,35,26,36,-1,37,38,33,-1,33,38,39,-1,33,39,40,-1,40,39,41,-1,14,42,15,-1,15,42,43,-1,15,43,44,-1,4,45,5,-1,5,45,46,-1,5,46,47,-1,37,33,48,-1,48,33,32,-1,48,32,49,-1,49,32,50,-1,49,50,5,-1,5,50,51,-1,5,51,3,-1,52,53,54,-1,54,53,55,-1,54,55,39,-1,39,55,56,-1,39,56,41,-1,11,57,2,-1,2,57,58,-1,2,58,59,-1,59,60,2,-1,2,60,61,-1,2,61,20,-1,47,62,5,-1,5,62,63,-1,5,63,12,-1,1,64,30,-1,30,64,65,-1,30,65,29,-1,29,65,66,-1,29,66,27,-1,27,66,67,-1,27,67,31,-1,31,67,68,-1,69,70,71,-1,72,73,74,-1,75,76,77,-1,74,73,77,-1,77,73,78,-1,77,78,75,-1,79,68,67,-1,80,81,82,-1,82,81,83,-1,82,83,84,-1,69,71,85,-1,86,87,88,-1,89,79,90,-1,90,79,67,-1,90,67,74,-1,74,67,66,-1,74,66,65,-1,70,91,71,-1,71,91,92,-1,71,92,93,-1,94,95,96,-1,97,98,99,-1,99,98,100,-1,99,100,71,-1,71,100,101,-1,71,101,102,-1,65,64,74,-1,74,64,103,-1,74,103,104,-1,76,105,77,-1,77,105,86,-1,77,86,106,-1,106,86,88,-1,106,88,107,-1,108,109,110,-1,96,111,94,-1,94,111,112,-1,94,112,99,-1,99,112,113,-1,99,113,97,-1,102,114,71,-1,71,114,115,-1,71,115,116,-1,104,117,74,-1,74,117,118,-1,74,118,119,-1,119,120,74,-1,74,120,121,-1,74,121,72,-1,110,122,108,-1,108,122,123,-1,108,123,83,-1,83,123,124,-1,83,124,84,-1,92,125,93,-1,93,125,79,-1,93,79,82,-1,82,79,89,-1,82,89,80,-1,116,126,71,-1,71,126,127,-1,71,127,85,-1,70,4,91,-1,91,4,3,-1,91,3,92,-1,92,3,51,-1,92,51,125,-1,125,51,50,-1,125,50,79,-1,79,50,32,-1,128,129,130,-1,131,132,133,-1,133,132,134,-1,133,134,135,-1,136,137,138,-1,139,140,141,-1,141,140,130,-1,141,130,142,-1,142,130,129,-1,139,143,140,-1,140,143,144,-1,140,144,145,-1,138,146,136,-1,136,146,147,-1,136,147,148,-1,148,147,149,-1,148,149,150,-1,150,151,148,-1,148,151,152,-1,148,152,130,-1,130,152,153,-1,130,153,154,-1,144,155,145,-1,145,155,156,-1,145,156,157,-1,157,156,158,-1,157,158,159,-1,159,158,133,-1,159,133,160,-1,160,133,135,-1,160,135,161,-1,161,135,162,-1,161,162,163,-1,164,165,166,-1,166,165,161,-1,166,161,167,-1,167,161,163,-1,154,168,130,-1,130,168,169,-1,130,169,170,-1,170,171,130,-1,130,171,172,-1,130,172,128,-1,129,173,142,-1,142,173,174,-1,142,174,141,-1,141,174,175,-1,141,175,139,-1,139,175,176,-1,139,176,143,-1,143,176,177,-1,178,179,180,-1,181,182,183,-1,183,182,184,-1,183,184,185,-1,186,177,176,-1,187,186,188,-1,189,190,178,-1,178,190,191,-1,178,191,179,-1,192,193,194,-1,194,193,195,-1,194,195,196,-1,196,195,178,-1,196,178,197,-1,197,178,180,-1,188,186,198,-1,198,186,176,-1,198,176,189,-1,189,176,175,-1,189,175,174,-1,199,200,201,-1,202,203,189,-1,189,203,204,-1,189,204,190,-1,200,205,201,-1,201,205,185,-1,201,185,206,-1,206,185,207,-1,207,185,184,-1,207,184,208,-1,208,184,209,-1,208,209,188,-1,188,209,210,-1,188,210,187,-1,211,212,201,-1,201,212,213,-1,201,213,199,-1,174,173,189,-1,189,173,214,-1,189,214,215,-1,215,216,189,-1,189,216,217,-1,189,217,202,-1,144,186,155,-1,155,186,187,-1,155,187,156,-1,156,187,210,-1,156,210,158,-1,158,210,209,-1,158,209,133,-1,133,209,184,-1,218,219,220,-1,221,222,223,-1,224,225,226,-1,226,225,227,-1,226,227,228,-1,229,230,231,-1,220,232,221,-1,221,232,233,-1,221,233,222,-1,234,235,236,-1,236,235,237,-1,236,237,238,-1,238,237,221,-1,238,221,239,-1,239,221,223,-1,230,240,241,-1,242,243,244,-1,245,246,220,-1,220,246,247,-1,220,247,232,-1,231,230,248,-1,248,230,241,-1,248,241,220,-1,220,241,249,-1,220,249,218,-1,243,250,244,-1,244,250,228,-1,244,228,251,-1,251,228,252,-1,252,228,227,-1,252,227,253,-1,253,227,254,-1,253,254,231,-1,231,254,255,-1,231,255,229,-1,256,257,244,-1,244,257,258,-1,244,258,242,-1,219,259,220,-1,220,259,260,-1,220,260,261,-1,261,262,220,-1,220,262,263,-1,220,263,245,-1,264,230,265,-1,265,230,229,-1,265,229,266,-1,266,229,255,-1,266,255,267,-1,267,255,254,-1,267,254,268,-1,268,254,227,-1,269,270,268,-1,268,270,271,-1,268,271,272,-1,273,274,275,-1,275,276,273,-1,273,276,277,-1,273,277,278,-1,278,277,279,-1,278,279,280,-1,280,281,278,-1,278,281,282,-1,278,282,283,-1,283,282,284,-1,285,286,287,-1,287,286,283,-1,287,283,288,-1,288,283,289,-1,285,290,286,-1,286,290,264,-1,286,264,291,-1,264,265,291,-1,291,265,266,-1,291,266,292,-1,292,266,267,-1,292,267,293,-1,293,267,268,-1,293,268,294,-1,294,268,272,-1,294,272,295,-1,295,272,296,-1,295,296,297,-1,298,299,300,-1,300,299,295,-1,300,295,301,-1,301,295,297,-1,284,302,283,-1,283,302,303,-1,283,303,304,-1,304,305,283,-1,283,305,306,-1,283,306,307,-1,307,308,283,-1,283,308,309,-1,283,309,289,-1,289,219,288,-1,288,219,218,-1,288,218,287,-1,287,218,249,-1,287,249,285,-1,285,249,241,-1,285,241,290,-1,290,241,240,-1,310,311,312,-1,312,311,313,-1,312,313,314,-1,314,313,315,-1,316,317,318,-1,318,317,319,-1,318,319,320,-1,320,319,321,-1,320,321,322,-1,322,321,323,-1,322,323,324,-1,324,323,325,-1,313,311,316,-1,326,327,324,-1,328,329,330,-1,330,329,331,-1,330,331,332,-1,331,333,332,-1,332,333,334,-1,332,334,335,-1,335,336,332,-1,332,336,337,-1,332,337,338,-1,326,324,330,-1,330,324,339,-1,330,339,340,-1,341,342,337,-1,337,342,343,-1,337,343,338,-1,344,345,346,-1,346,345,347,-1,346,347,348,-1,348,347,349,-1,350,320,351,-1,351,320,322,-1,351,322,352,-1,352,322,324,-1,352,324,353,-1,353,324,327,-1,353,327,347,-1,347,327,354,-1,347,354,349,-1,355,316,350,-1,350,316,318,-1,350,318,320,-1,356,357,330,-1,330,357,358,-1,330,358,328,-1,340,359,330,-1,330,359,360,-1,330,360,356,-1,355,361,316,-1,316,361,315,-1,316,315,313,-1,362,363,364,-1,364,363,365,-1,364,365,366,-1,366,365,367,-1,368,369,370,-1,371,372,373,-1,373,372,374,-1,373,374,375,-1,370,376,371,-1,371,376,377,-1,378,379,380,-1,380,379,381,-1,380,381,375,-1,369,382,370,-1,370,382,383,-1,370,383,376,-1,384,385,380,-1,380,385,386,-1,380,386,378,-1,387,388,389,-1,389,388,368,-1,389,368,390,-1,390,368,370,-1,377,391,371,-1,371,391,392,-1,371,392,393,-1,394,395,396,-1,396,395,397,-1,396,397,374,-1,374,397,398,-1,374,398,375,-1,375,398,399,-1,375,399,380,-1,362,364,400,-1,400,364,366,-1,393,401,371,-1,371,401,402,-1,371,402,403,-1,394,404,395,-1,395,404,400,-1,395,400,405,-1,405,400,366,-1,405,366,406,-1,403,407,371,-1,371,407,408,-1,371,408,372,-1,409,400,410,-1,410,400,404,-1,410,404,411,-1,411,404,394,-1,411,394,412,-1,412,394,396,-1,412,396,413,-1,413,396,374,-1,414,415,416,-1,416,415,417,-1,416,417,418,-1,418,417,419,-1,418,419,420,-1,420,419,421,-1,420,421,422,-1,422,421,423,-1,424,425,414,-1,426,427,428,-1,429,427,422,-1,422,427,430,-1,422,430,431,-1,432,433,427,-1,427,433,434,-1,427,434,428,-1,428,435,426,-1,426,435,436,-1,426,436,437,-1,437,438,426,-1,426,438,439,-1,426,439,440,-1,441,442,439,-1,439,442,443,-1,439,443,440,-1,444,445,446,-1,446,445,447,-1,446,447,448,-1,448,447,449,-1,450,418,451,-1,451,418,420,-1,451,420,452,-1,452,420,422,-1,452,422,453,-1,453,422,431,-1,453,431,447,-1,447,431,454,-1,447,454,449,-1,455,414,450,-1,450,414,416,-1,450,416,418,-1,429,456,427,-1,427,456,457,-1,427,457,458,-1,458,459,427,-1,427,459,460,-1,427,460,432,-1,455,461,414,-1,414,461,462,-1,414,462,424,-1,463,425,464,-1,464,425,424,-1,464,424,465,-1,465,424,462,-1,466,467,468,-1,468,467,469,-1,468,469,470,-1,470,469,471,-1,472,473,474,-1,474,475,476,-1,476,475,477,-1,476,477,478,-1,479,480,481,-1,481,480,482,-1,481,482,483,-1,473,484,474,-1,474,484,485,-1,474,485,475,-1,486,487,476,-1,476,487,488,-1,476,488,489,-1,489,488,490,-1,489,490,483,-1,491,492,481,-1,481,492,493,-1,481,493,479,-1,494,495,496,-1,496,495,472,-1,496,472,497,-1,497,472,474,-1,498,499,500,-1,500,499,501,-1,500,501,490,-1,490,501,502,-1,490,502,483,-1,483,502,503,-1,483,503,481,-1,466,468,504,-1,504,468,470,-1,478,505,476,-1,476,505,506,-1,476,506,507,-1,498,508,499,-1,499,508,504,-1,499,504,509,-1,509,504,470,-1,509,470,510,-1,507,511,476,-1,476,511,512,-1,476,512,486,-1,513,504,514,-1,514,504,508,-1,514,508,515,-1,515,508,498,-1,515,498,516,-1,516,498,500,-1,516,500,517,-1,517,500,490,-1,518,519,520,-1,520,519,521,-1,520,521,522,-1,522,521,523,-1,522,523,524,-1,524,523,525,-1,524,525,526,-1,526,525,527,-1,528,529,518,-1,530,531,532,-1,533,531,526,-1,526,531,534,-1,526,534,535,-1,536,537,531,-1,531,537,538,-1,531,538,532,-1,532,539,530,-1,530,539,540,-1,530,540,541,-1,541,542,530,-1,530,542,543,-1,530,543,544,-1,545,546,543,-1,543,546,547,-1,543,547,544,-1,548,549,550,-1,550,549,551,-1,550,551,552,-1,552,551,553,-1,554,522,555,-1,555,522,524,-1,555,524,556,-1,556,524,526,-1,556,526,557,-1,557,526,535,-1,557,535,551,-1,551,535,558,-1,551,558,553,-1,559,518,554,-1,554,518,520,-1,554,520,522,-1,533,560,531,-1,531,560,561,-1,531,561,562,-1,562,563,531,-1,531,563,564,-1,531,564,536,-1,559,565,518,-1,518,565,566,-1,518,566,528,-1,567,529,568,-1,568,529,528,-1,568,528,569,-1,569,528,566,-1,570,571,572,-1,572,571,573,-1,572,573,574,-1,574,573,575,-1,576,577,578,-1,578,579,580,-1,580,579,581,-1,580,581,582,-1,583,584,585,-1,585,584,586,-1,585,586,587,-1,577,588,578,-1,578,588,589,-1,578,589,579,-1,590,591,580,-1,580,591,592,-1,580,592,593,-1,593,592,594,-1,593,594,587,-1,595,596,585,-1,585,596,597,-1,585,597,583,-1,598,599,600,-1,600,599,576,-1,600,576,601,-1,601,576,578,-1,602,603,604,-1,604,603,605,-1,604,605,594,-1,594,605,606,-1,594,606,587,-1,587,606,607,-1,587,607,585,-1,570,572,608,-1,608,572,574,-1,582,609,580,-1,580,609,610,-1,580,610,611,-1,602,612,603,-1,603,612,608,-1,603,608,613,-1,613,608,574,-1,613,574,614,-1,611,615,580,-1,580,615,616,-1,580,616,590,-1,617,608,618,-1,618,608,612,-1,618,612,619,-1,619,612,602,-1,619,602,620,-1,620,602,604,-1,620,604,621,-1,621,604,594,-1,622,623,624,-1,624,623,625,-1,624,625,626,-1,626,625,627,-1,628,629,630,-1,631,632,633,-1,633,632,634,-1,633,634,635,-1,630,636,631,-1,631,636,637,-1,638,639,640,-1,640,639,641,-1,640,641,635,-1,629,642,630,-1,630,642,643,-1,630,643,636,-1,644,645,640,-1,640,645,646,-1,640,646,638,-1,647,648,649,-1,649,648,628,-1,649,628,650,-1,650,628,630,-1,637,651,631,-1,631,651,652,-1,631,652,653,-1,654,655,656,-1,656,655,657,-1,656,657,634,-1,634,657,658,-1,634,658,635,-1,635,658,659,-1,635,659,640,-1,622,624,660,-1,660,624,626,-1,653,661,631,-1,631,661,662,-1,631,662,663,-1,654,664,655,-1,655,664,660,-1,655,660,665,-1,665,660,626,-1,665,626,666,-1,663,667,631,-1,631,667,668,-1,631,668,632,-1,669,660,670,-1,670,660,664,-1,670,664,671,-1,671,664,654,-1,671,654,672,-1,672,654,656,-1,672,656,673,-1,673,656,634,-1,674,675,676,-1,676,675,677,-1,676,677,678,-1,678,677,679,-1,678,679,680,-1,680,679,681,-1,680,681,682,-1,682,681,683,-1,684,685,686,-1,686,685,687,-1,686,687,688,-1,688,687,689,-1,690,691,692,-1,693,694,695,-1,695,694,683,-1,695,683,696,-1,692,697,693,-1,693,697,698,-1,699,700,701,-1,701,700,702,-1,701,702,696,-1,691,703,692,-1,692,703,704,-1,692,704,697,-1,705,706,701,-1,701,706,707,-1,701,707,699,-1,708,709,710,-1,710,709,690,-1,710,690,711,-1,711,690,692,-1,698,712,693,-1,693,712,713,-1,693,713,714,-1,679,715,681,-1,681,715,716,-1,681,716,683,-1,683,716,717,-1,683,717,696,-1,696,717,718,-1,696,718,701,-1,684,686,675,-1,675,686,688,-1,714,719,693,-1,693,719,720,-1,693,720,721,-1,679,677,715,-1,715,677,675,-1,715,675,722,-1,722,675,688,-1,722,688,723,-1,721,724,693,-1,693,724,725,-1,693,725,694,-1,726,727,728,-1,728,727,729,-1,728,729,730,-1,730,729,731,-1,730,731,732,-1,732,731,733,-1,732,733,734,-1,734,733,735,-1,736,737,726,-1,738,739,740,-1,741,739,734,-1,734,739,742,-1,734,742,743,-1,744,745,739,-1,739,745,746,-1,739,746,740,-1,740,747,738,-1,738,747,748,-1,738,748,749,-1,749,750,738,-1,738,750,751,-1,738,751,752,-1,753,754,751,-1,751,754,755,-1,751,755,752,-1,756,757,758,-1,758,757,759,-1,758,759,760,-1,760,759,761,-1,762,730,763,-1,763,730,732,-1,763,732,764,-1,764,732,734,-1,764,734,765,-1,765,734,743,-1,765,743,759,-1,759,743,766,-1,759,766,761,-1,767,726,762,-1,762,726,728,-1,762,728,730,-1,741,768,739,-1,739,768,769,-1,739,769,770,-1,770,771,739,-1,739,771,772,-1,739,772,744,-1,767,773,726,-1,726,773,774,-1,726,774,736,-1,775,737,776,-1,776,737,736,-1,776,736,777,-1,777,736,774,-1,778,779,780,-1,780,779,781,-1,780,781,782,-1,782,781,783,-1,784,785,786,-1,786,787,788,-1,788,787,789,-1,788,789,790,-1,791,792,793,-1,793,792,794,-1,793,794,795,-1,785,796,786,-1,786,796,797,-1,786,797,787,-1,798,799,788,-1,788,799,800,-1,788,800,801,-1,801,800,802,-1,801,802,795,-1,803,804,793,-1,793,804,805,-1,793,805,791,-1,806,807,808,-1,808,807,784,-1,808,784,809,-1,809,784,786,-1,810,811,812,-1,812,811,813,-1,812,813,802,-1,802,813,814,-1,802,814,795,-1,795,814,815,-1,795,815,793,-1,778,780,816,-1,816,780,782,-1,790,817,788,-1,788,817,818,-1,788,818,819,-1,810,820,811,-1,811,820,816,-1,811,816,821,-1,821,816,782,-1,821,782,822,-1,819,823,788,-1,788,823,824,-1,788,824,798,-1,825,816,826,-1,826,816,820,-1,826,820,827,-1,827,820,810,-1,827,810,828,-1,828,810,812,-1,828,812,829,-1,829,812,802,-1,830,831,832,-1,832,831,833,-1,832,833,834,-1,834,833,835,-1,836,837,838,-1,838,839,840,-1,840,839,841,-1,840,841,842,-1,843,844,845,-1,845,844,846,-1,845,846,847,-1,837,848,838,-1,838,848,849,-1,838,849,839,-1,850,851,840,-1,840,851,852,-1,840,852,853,-1,853,852,854,-1,853,854,847,-1,855,856,845,-1,845,856,857,-1,845,857,843,-1,858,859,860,-1,860,859,836,-1,860,836,861,-1,861,836,838,-1,862,863,864,-1,864,863,865,-1,864,865,854,-1,854,865,866,-1,854,866,847,-1,847,866,867,-1,847,867,845,-1,830,832,868,-1,868,832,834,-1,842,869,840,-1,840,869,870,-1,840,870,871,-1,862,872,863,-1,863,872,868,-1,863,868,873,-1,873,868,834,-1,873,834,874,-1,871,875,840,-1,840,875,876,-1,840,876,850,-1,877,868,878,-1,878,868,872,-1,878,872,879,-1,879,872,862,-1,879,862,880,-1,880,862,864,-1,880,864,881,-1,881,864,854,-1,882,883,884,-1,884,883,885,-1,884,885,886,-1,886,885,887,-1,888,889,890,-1,891,892,893,-1,893,892,894,-1,893,894,895,-1,890,896,891,-1,891,896,897,-1,898,899,900,-1,900,899,901,-1,900,901,895,-1,889,902,890,-1,890,902,903,-1,890,903,896,-1,904,905,900,-1,900,905,906,-1,900,906,898,-1,907,908,909,-1,909,908,888,-1,909,888,910,-1,910,888,890,-1,897,911,891,-1,891,911,912,-1,891,912,913,-1,914,915,916,-1,916,915,917,-1,916,917,894,-1,894,917,918,-1,894,918,895,-1,895,918,919,-1,895,919,900,-1,882,884,920,-1,920,884,886,-1,913,921,891,-1,891,921,922,-1,891,922,923,-1,914,924,915,-1,915,924,920,-1,915,920,925,-1,925,920,886,-1,925,886,926,-1,923,927,891,-1,891,927,928,-1,891,928,892,-1,929,920,930,-1,930,920,924,-1,930,924,931,-1,931,924,914,-1,931,914,932,-1,932,914,916,-1,932,916,933,-1,933,916,894,-1,934,935,936,-1,937,938,939,-1,939,938,940,-1,939,940,941,-1,942,943,936,-1,944,945,939,-1,939,945,946,-1,939,946,937,-1,940,947,941,-1,941,947,948,-1,941,948,949,-1,950,951,952,-1,943,953,936,-1,936,953,954,-1,936,954,950,-1,950,954,955,-1,950,955,951,-1,956,957,958,-1,959,960,961,-1,961,960,941,-1,961,941,962,-1,962,941,963,-1,959,964,960,-1,960,964,965,-1,960,965,966,-1,967,968,941,-1,952,969,950,-1,950,969,956,-1,950,956,970,-1,970,956,958,-1,970,958,971,-1,972,973,966,-1,966,973,974,-1,966,974,975,-1,975,974,976,-1,944,977,945,-1,945,977,978,-1,945,978,979,-1,968,980,941,-1,941,980,981,-1,941,981,963,-1,935,982,936,-1,936,982,983,-1,936,983,984,-1,972,966,985,-1,985,966,965,-1,985,965,986,-1,986,965,987,-1,986,987,936,-1,936,987,988,-1,936,988,934,-1,989,990,991,-1,991,990,992,-1,991,992,974,-1,974,992,993,-1,974,993,976,-1,984,994,936,-1,936,994,995,-1,936,995,942,-1,949,996,941,-1,941,996,997,-1,941,997,967,-1,963,998,962,-1,962,998,999,-1,962,999,961,-1,961,999,1000,-1,961,1000,959,-1,959,1000,1001,-1,959,1001,964,-1,964,1001,1002,-1,1003,1004,1005,-1,1006,1007,1008,-1,1009,1010,1011,-1,1008,1007,1011,-1,1011,1007,1012,-1,1011,1012,1009,-1,1013,1002,1001,-1,1014,1015,1016,-1,1016,1015,1017,-1,1016,1017,1018,-1,1003,1005,1019,-1,1020,1021,1022,-1,1023,1013,1024,-1,1024,1013,1001,-1,1024,1001,1008,-1,1008,1001,1000,-1,1008,1000,999,-1,1004,1025,1005,-1,1005,1025,1026,-1,1005,1026,1027,-1,1028,1029,1030,-1,1031,1032,1033,-1,1033,1032,1034,-1,1033,1034,1005,-1,1005,1034,1035,-1,1005,1035,1036,-1,999,998,1008,-1,1008,998,1037,-1,1008,1037,1038,-1,1010,1039,1011,-1,1011,1039,1020,-1,1011,1020,1040,-1,1040,1020,1022,-1,1040,1022,1041,-1,1042,1043,1044,-1,1030,1045,1028,-1,1028,1045,1046,-1,1028,1046,1033,-1,1033,1046,1047,-1,1033,1047,1031,-1,1036,1048,1005,-1,1005,1048,1049,-1,1005,1049,1050,-1,1038,1051,1008,-1,1008,1051,1052,-1,1008,1052,1053,-1,1044,1054,1042,-1,1042,1054,1055,-1,1042,1055,1017,-1,1017,1055,1056,-1,1017,1056,1018,-1,1026,1057,1027,-1,1027,1057,1013,-1,1027,1013,1016,-1,1016,1013,1023,-1,1016,1023,1014,-1,1053,1058,1008,-1,1008,1058,1059,-1,1008,1059,1006,-1,1050,1060,1005,-1,1005,1060,1061,-1,1005,1061,1019,-1,1004,935,1025,-1,1025,935,934,-1,1025,934,1026,-1,1026,934,988,-1,1026,988,1057,-1,1057,988,987,-1,1057,987,1013,-1,1013,987,965,-1,
        ]
    }
}
Shape{
    appearance Appearance {
        material  Material 	{
            diffuseColor 1.0 1.0 1.0
            specularColor 0.5019607843137255 0.5019607843137255 0.5019607843137255
            ambientIntensity 0.2
            transparency 0
            shininess 0.5
        }
    }
    geometry IndexedFaceSet {
        ccw TRUE
        solid FALSE
        coord DEF co Coordinate {
            point [
                -3.2087 0.1693 0.2323, -3.2087 0.1693 0.1575, -3.2087 1.1385 0.2323, -3.2087 1.1496 0.1575, -3.2087 1.1496 0.2323, -3.3465 1.1496 0.2323, -3.3465 1.1496 0.1575, -3.315 1.1496 0.0984, -3.2402 1.1496 0.0984, -3.3465 1.1385 0.2323, -3.3465 0.1693 0.1575, -3.3465 0.1693 0.2323, -3.2402 0.1693 0.0984, -3.315 0.1693 0.0984, -3.315 0.1693 0.0984
            ]
        }
        coordIndex [
            0,1,2,-1,2,1,3,-1,2,3,4,-1,5,4,6,-1,6,4,3,-1,6,3,7,-1,7,3,8,-1,5,6,9,-1,9,6,10,-1,9,10,11,-1,0,11,1,-1,1,11,10,-1,1,10,12,-1,12,10,13,-1,
        ]
    }
}
Shape{
    appearance Appearance {
        material  Material 	{
            diffuseColor 0.7529411764705882 0.7529411764705882 0.7529411764705882
            specularColor 0.6627450980392157 0.6627450980392157 0.6627450980392157
            ambientIntensity 0.2
            transparency 0
            shininess 0.5
        }
    }
    geometry IndexedFaceSet {
        ccw TRUE
        solid FALSE
        coord DEF co Coordinate {
            point [
                -4.1398 0.1155 0.0965, -4.1398 0.1123 0.0924, -4.1398 0.1969 0.0, -4.1398 0.1083 0.0893, -4.1398 0.9528 0.0866, -4.1398 0.9528 0.2126, -4.1398 0.7815 0.0866, -4.1398 0.6437 0.2126, -4.1398 0.7713 0.0853, -4.1398 0.1174 0.1012, -4.1398 0.2362 0.0866, -4.1398 0.1181 0.1063, -4.1398 0.6064 0.2323, -4.1398 0.1916 0.2323, -4.1398 0.1853 0.2241, -4.1398 -0.0197 0.0669, -4.1398 -0.0197 0.0197, -4.1398 -0.0 0.0866, -4.1398 0.0 0.0, -4.1398 0.0984 0.0866, -4.1398 0.1035 0.0873, -4.1398 0.6226 0.2178, -4.1398 0.6136 0.2241, -4.1398 0.5476 0.0853, -4.1398 0.5374 0.0866, -4.1398 0.1772 0.2179, -4.1398 0.1677 0.2139, -4.1398 0.6328 0.2139, -4.1398 0.5571 0.0813, -4.1398 0.5652 0.0751, -4.1398 0.7474 0.0669, -4.1398 0.7537 0.0751, -4.1398 0.5754 0.0574, -4.1398 0.5715 0.0669, -4.1398 0.7618 0.0813, -4.1398 0.1575 0.2126, -4.1398 0.1487 0.2116, -4.1398 0.1404 0.2087, -4.1398 0.1329 0.204, -4.1398 0.1267 0.1978, -4.1398 0.122 0.1903, -4.1398 0.1191 0.182, -4.1398 0.1181 0.1732, -4.1398 0.5768 0.0472, -4.1398 0.7421 0.0472, -4.1398 0.7435 0.0574, -4.187 0.6064 0.2323, -4.187 0.6136 0.2241, -4.187 0.6226 0.2178, -4.187 0.6328 0.2139, -4.187 0.6437 0.2126, -4.187 0.9528 0.2126, -4.187 0.9528 0.0866, -4.187 0.7815 0.0866, -4.187 0.7713 0.0853, -4.187 0.1083 0.0893, -4.187 0.1123 0.0924, -4.187 0.1969 0.0, -4.187 0.1155 0.0965, -4.187 0.2362 0.0866, -4.187 0.1174 0.1012, -4.187 0.1181 0.1063, -4.187 0.0 0.0, -4.187 -0.0197 0.0197, -4.187 -0.0197 0.0669, -4.187 0.1853 0.2241, -4.187 0.5374 0.0866, -4.187 0.1772 0.2179, -4.187 0.1677 0.2139, -4.187 0.1916 0.2323, -4.187 0.5476 0.0853, -4.187 -0.0 0.0866, -4.187 0.0984 0.0866, -4.187 0.1035 0.0873, -4.187 0.1404 0.2087, -4.187 0.1487 0.2116, -4.187 0.1575 0.2126, -4.187 0.5571 0.0813, -4.187 0.5652 0.0751, -4.187 0.5715 0.0669, -4.187 0.5754 0.0574, -4.187 0.7618 0.0813, -4.187 0.7537 0.0751, -4.187 0.7421 0.0472, -4.187 0.5768 0.0472, -4.187 0.7435 0.0574, -4.187 0.7474 0.0669, -4.187 0.1181 0.1732, -4.187 0.1191 0.182, -4.187 0.122 0.1903, -4.187 0.1267 0.1978, -4.187 0.1329 0.204, -4.5807 0.9528 0.2126, -4.5807 0.9528 0.0866, -4.5807 0.6437 0.2126, -4.5807 0.7815 0.0866, -4.5807 0.7713 0.0853, -4.5807 0.1083 0.0893, -4.5807 0.1123 0.0924, -4.5807 0.1969 0.0, -4.5807 0.1155 0.0965, -4.5807 0.2362 0.0866, -4.5807 0.1853 0.2241, -4.5807 0.5374 0.0866, -4.5807 0.1772 0.2179, -4.5807 0.1677 0.2139, -4.5807 0.1575 0.2126, -4.5807 0.1916 0.2323, -4.5807 0.6064 0.2323, -4.5807 0.5476 0.0853, -4.5807 0.0 0.0, -4.5807 -0.0197 0.0197, -4.5807 -0.0197 0.0669, -4.5807 0.1174 0.1012, -4.5807 0.1181 0.1063, -4.5807 0.1181 0.1732, -4.5807 0.0 0.0866, -4.5807 0.0984 0.0866, -4.5807 0.1035 0.0873, -4.5807 0.6136 0.2241, -4.5807 0.6226 0.2178, -4.5807 0.5571 0.0813, -4.5807 0.6328 0.2139, -4.5807 0.5652 0.0751, -4.5807 0.5715 0.0669, -4.5807 0.5754 0.0574, -4.5807 0.7618 0.0813, -4.5807 0.7537 0.0751, -4.5807 0.1296 0.2011, -4.5807 0.1378 0.2073, -4.5807 0.1473 0.2113, -4.5807 0.7421 0.0472, -4.5807 0.5768 0.0472, -4.5807 0.7435 0.0574, -4.5807 0.7474 0.0669, -4.5807 0.1195 0.1834, -4.5807 0.1234 0.1929, -4.5335 0.1575 0.2126, -4.5335 0.1677 0.2139, -4.5335 0.1772 0.2179, -4.5335 0.1853 0.2241, -4.5335 0.1916 0.2323, -4.5335 0.1155 0.0965, -4.5335 0.1123 0.0924, -4.5335 0.1969 0.0, -4.5335 0.1083 0.0893, -4.5335 0.9528 0.0866, -4.5335 0.9528 0.2126, -4.5335 0.7815 0.0866, -4.5335 0.6437 0.2126, -4.5335 0.7713 0.0853, -4.5335 0.1174 0.1012, -4.5335 0.2362 0.0866, -4.5335 0.1181 0.1063, -4.5335 0.6064 0.2323, -4.5335 0.6226 0.2178, -4.5335 0.6136 0.2241, -4.5335 0.5476 0.0853, -4.5335 0.5374 0.0866, -4.5335 0.1473 0.2113, -4.5335 -0.0197 0.0669, -4.5335 -0.0197 0.0197, -4.5335 -0.0 0.0866, -4.5335 0.0 0.0, -4.5335 0.0984 0.0866, -4.5335 0.1035 0.0873, -4.5335 0.6328 0.2139, -4.5335 0.5571 0.0813, -4.5335 0.5652 0.0751, -4.5335 0.7474 0.0669, -4.5335 0.7537 0.0751, -4.5335 0.5754 0.0574, -4.5335 0.5715 0.0669, -4.5335 0.7618 0.0813, -4.5335 0.1378 0.2073, -4.5335 0.1296 0.2011, -4.5335 0.1234 0.1929, -4.5335 0.1195 0.1834, -4.5335 0.1181 0.1732, -4.5335 0.5768 0.0472, -4.5335 0.7421 0.0472, -4.5335 0.7435 0.0574, -4.5335 0.7435 0.0574
            ]
        }
        coordIndex [
            0,1,2,-1,2,1,3,-1,4,5,6,-1,6,5,7,-1,6,7,8,-1,0,2,9,-1,9,2,10,-1,9,10,11,-1,12,13,14,-1,15,16,17,-1,17,16,18,-1,17,18,19,-1,19,18,2,-1,19,2,20,-1,20,2,3,-1,21,22,23,-1,23,22,12,-1,23,12,24,-1,24,12,14,-1,24,14,10,-1,10,14,25,-1,10,25,26,-1,21,23,27,-1,27,23,28,-1,27,28,7,-1,7,28,29,-1,7,29,8,-1,30,31,32,-1,29,33,8,-1,8,33,32,-1,8,32,34,-1,34,32,31,-1,26,35,10,-1,10,35,36,-1,10,36,37,-1,37,38,10,-1,10,38,39,-1,10,39,40,-1,40,41,10,-1,10,41,42,-1,10,42,11,-1,43,44,32,-1,32,44,45,-1,32,45,30,-1,46,12,47,-1,47,12,22,-1,47,22,48,-1,48,22,21,-1,48,21,49,-1,49,21,27,-1,49,27,50,-1,50,27,7,-1,51,52,50,-1,50,52,53,-1,50,53,54,-1,55,56,57,-1,57,56,58,-1,57,58,59,-1,59,58,60,-1,59,60,61,-1,62,63,64,-1,65,66,67,-1,67,66,59,-1,67,59,68,-1,65,69,66,-1,66,69,46,-1,66,46,70,-1,64,71,62,-1,62,71,72,-1,62,72,57,-1,57,72,73,-1,57,73,55,-1,74,75,59,-1,59,75,76,-1,59,76,68,-1,46,47,70,-1,70,47,48,-1,70,48,77,-1,77,48,49,-1,77,49,78,-1,78,49,50,-1,78,50,79,-1,79,50,54,-1,79,54,80,-1,80,54,81,-1,80,81,82,-1,83,84,85,-1,85,84,80,-1,85,80,86,-1,86,80,82,-1,61,87,59,-1,59,87,88,-1,59,88,89,-1,89,90,59,-1,59,90,91,-1,59,91,74,-1,76,35,68,-1,68,35,26,-1,68,26,67,-1,67,26,25,-1,67,25,65,-1,65,25,14,-1,65,14,69,-1,69,14,13,-1,92,93,94,-1,94,93,95,-1,94,95,96,-1,97,98,99,-1,99,98,100,-1,99,100,101,-1,102,103,104,-1,104,103,101,-1,104,101,105,-1,105,101,106,-1,102,107,103,-1,103,107,108,-1,103,108,109,-1,110,111,112,-1,100,113,101,-1,101,113,114,-1,101,114,115,-1,112,116,110,-1,110,116,117,-1,110,117,99,-1,99,117,118,-1,99,118,97,-1,108,119,109,-1,109,119,120,-1,109,120,121,-1,121,120,122,-1,121,122,123,-1,123,122,94,-1,123,94,124,-1,124,94,96,-1,124,96,125,-1,125,96,126,-1,125,126,127,-1,128,129,101,-1,101,129,130,-1,101,130,106,-1,131,132,133,-1,133,132,125,-1,133,125,134,-1,134,125,127,-1,115,135,101,-1,101,135,136,-1,101,136,128,-1,106,137,105,-1,105,137,138,-1,105,138,104,-1,104,138,139,-1,104,139,102,-1,102,139,140,-1,102,140,107,-1,107,140,141,-1,142,143,144,-1,144,143,145,-1,146,147,148,-1,148,147,149,-1,148,149,150,-1,142,144,151,-1,151,144,152,-1,151,152,153,-1,154,141,140,-1,155,156,157,-1,157,156,154,-1,157,154,158,-1,158,154,140,-1,158,140,152,-1,152,140,139,-1,139,138,152,-1,152,138,137,-1,152,137,159,-1,160,161,162,-1,162,161,163,-1,162,163,164,-1,164,163,144,-1,164,144,165,-1,165,144,145,-1,155,157,166,-1,166,157,167,-1,166,167,149,-1,149,167,168,-1,149,168,150,-1,169,170,171,-1,168,172,150,-1,150,172,171,-1,150,171,173,-1,173,171,170,-1,159,174,152,-1,152,174,175,-1,152,175,176,-1,176,177,152,-1,152,177,178,-1,152,178,153,-1,179,180,171,-1,171,180,181,-1,171,181,169,-1,108,154,119,-1,119,154,156,-1,119,156,120,-1,120,156,155,-1,120,155,122,-1,122,155,166,-1,122,166,94,-1,94,166,149,-1,
        ]
    }
}
Shape{
    appearance Appearance {
        material  Material 	{
            diffuseColor 1.0 1.0 1.0
            specularColor 0.5019607843137255 0.5019607843137255 0.5019607843137255
            ambientIntensity 0.2
            transparency 0
            shininess 0.5
        }
    }
    geometry IndexedFaceSet {
        ccw TRUE
        solid FALSE
        coord DEF co Coordinate {
            point [
                -1.378 1.1496 0.2323, -1.378 1.1496 0.1575, -1.378 1.1385 0.2323, -1.378 0.1693 0.1575, -1.378 0.1693 0.2323, -1.2402 0.1693 0.2323, -1.2402 0.1693 0.1575, -1.2717 0.1693 0.0984, -1.3465 0.1693 0.0984, -1.2402 1.1385 0.2323, -1.2402 1.1496 0.1575, -1.2402 1.1496 0.2323, -1.3465 1.1496 0.0984, -1.2717 1.1496 0.0984, -4.5866 0.1693 0.2323, -4.7244 0.1693 0.2323, -4.5866 0.1693 0.1575, -4.7244 0.1693 0.1575, -4.6181 0.1693 0.0984, -4.6929 0.1693 0.0984, -4.5866 1.1385 0.2323, -4.5866 1.1496 0.1575, -4.5866 1.1496 0.2323, -4.6181 1.1496 0.0984, -4.6929 1.1496 0.0984, -4.7244 1.1496 0.1575, -4.7244 1.1496 0.2323, -4.7244 1.1385 0.2323, -4.7244 1.1385 0.2323
            ]
        }
        coordIndex [
            0,1,2,-1,2,1,3,-1,2,3,4,-1,5,4,6,-1,6,4,3,-1,6,3,7,-1,7,3,8,-1,5,6,9,-1,9,6,10,-1,9,10,11,-1,0,11,1,-1,1,11,10,-1,1,10,12,-1,12,10,13,-1,14,15,16,-1,16,15,17,-1,16,17,18,-1,18,17,19,-1,14,16,20,-1,20,16,21,-1,20,21,22,-1,23,24,21,-1,21,24,25,-1,21,25,22,-1,22,25,26,-1,26,25,27,-1,27,25,17,-1,27,17,15,-1,
        ]
    }
}
Shape{
    appearance Appearance {
        material  Material 	{
            diffuseColor 0.7529411764705882 0.7529411764705882 0.7529411764705882
            specularColor 0.6627450980392157 0.6627450980392157 0.6627450980392157
            ambientIntensity 0.2
            transparency 0
            shininess 0.5
        }
    }
    geometry IndexedFaceSet {
        ccw TRUE
        solid FALSE
        coord DEF co Coordinate {
            point [
                -1.3839 0.1155 0.0965, -1.3839 0.1123 0.0924, -1.3839 0.1969 0.0, -1.3839 0.1083 0.0893, -1.3839 0.9528 0.0866, -1.3839 0.9528 0.2126, -1.3839 0.7815 0.0866, -1.3839 0.6437 0.2126, -1.3839 0.7713 0.0853, -1.3839 0.1174 0.1012, -1.3839 0.2362 0.0866, -1.3839 0.1181 0.1063, -1.3839 0.6064 0.2323, -1.3839 0.1916 0.2323, -1.3839 0.1853 0.2241, -1.3839 -0.0197 0.0669, -1.3839 -0.0197 0.0197, -1.3839 -0.0 0.0866, -1.3839 0.0 0.0, -1.3839 0.0984 0.0866, -1.3839 0.1035 0.0873, -1.3839 0.6226 0.2178, -1.3839 0.6136 0.2241, -1.3839 0.5476 0.0853, -1.3839 0.5374 0.0866, -1.3839 0.1772 0.2179, -1.3839 0.1677 0.2139, -1.3839 0.6328 0.2139, -1.3839 0.5571 0.0813, -1.3839 0.5652 0.0751, -1.3839 0.7474 0.0669, -1.3839 0.7537 0.0751, -1.3839 0.5754 0.0574, -1.3839 0.1575 0.2126, -1.3839 0.1487 0.2116, -1.3839 0.1404 0.2087, -1.3839 0.5715 0.0669, -1.3839 0.7618 0.0813, -1.3839 0.1329 0.204, -1.3839 0.1267 0.1978, -1.3839 0.122 0.1903, -1.3839 0.5768 0.0472, -1.3839 0.7421 0.0472, -1.3839 0.7435 0.0574, -1.3839 0.1191 0.182, -1.3839 0.1181 0.1732, -1.4311 0.6064 0.2323, -1.4311 0.6136 0.2241, -1.4311 0.6226 0.2178, -1.4311 0.6328 0.2139, -1.4311 0.6437 0.2126, -1.4311 0.1487 0.2116, -1.4311 0.1575 0.2126, -1.4311 0.2362 0.0866, -1.4311 0.9528 0.2126, -1.4311 0.9528 0.0866, -1.4311 0.7815 0.0866, -1.4311 0.7713 0.0853, -1.4311 0.1083 0.0893, -1.4311 0.1123 0.0924, -1.4311 0.1969 0.0, -1.4311 0.1155 0.0965, -1.4311 0.0 0.0, -1.4311 -0.0197 0.0197, -1.4311 -0.0197 0.0669, -1.4311 0.1174 0.1012, -1.4311 0.1181 0.1063, -1.4311 0.1181 0.1732, -1.4311 0.1853 0.2241, -1.4311 0.5374 0.0866, -1.4311 0.1772 0.2179, -1.4311 0.1677 0.2139, -1.4311 0.1916 0.2323, -1.4311 0.5476 0.0853, -1.4311 -0.0 0.0866, -1.4311 0.0984 0.0866, -1.4311 0.1035 0.0873, -1.4311 0.5571 0.0813, -1.4311 0.5652 0.0751, -1.4311 0.5715 0.0669, -1.4311 0.5754 0.0574, -1.4311 0.7618 0.0813, -1.4311 0.7537 0.0751, -1.4311 0.7421 0.0472, -1.4311 0.5768 0.0472, -1.4311 0.7435 0.0574, -1.4311 0.7474 0.0669, -1.4311 0.1191 0.182, -1.4311 0.122 0.1903, -1.4311 0.1267 0.1978, -1.4311 0.1329 0.204, -1.4311 0.1404 0.2087, -1.4311 0.1404 0.2087
            ]
        }
        coordIndex [
            0,1,2,-1,2,1,3,-1,4,5,6,-1,6,5,7,-1,6,7,8,-1,0,2,9,-1,9,2,10,-1,9,10,11,-1,12,13,14,-1,15,16,17,-1,17,16,18,-1,17,18,19,-1,19,18,2,-1,19,2,20,-1,20,2,3,-1,21,22,23,-1,23,22,12,-1,23,12,24,-1,24,12,14,-1,24,14,10,-1,10,14,25,-1,10,25,26,-1,21,23,27,-1,27,23,28,-1,27,28,7,-1,7,28,29,-1,7,29,8,-1,30,31,32,-1,26,33,10,-1,10,33,34,-1,10,34,35,-1,29,36,8,-1,8,36,32,-1,8,32,37,-1,37,32,31,-1,35,38,10,-1,10,38,39,-1,10,39,40,-1,41,42,32,-1,32,42,43,-1,32,43,30,-1,40,44,10,-1,10,44,45,-1,10,45,11,-1,46,12,47,-1,47,12,22,-1,47,22,48,-1,48,22,21,-1,48,21,49,-1,49,21,27,-1,49,27,50,-1,50,27,7,-1,51,52,53,-1,54,55,50,-1,50,55,56,-1,50,56,57,-1,58,59,60,-1,60,59,61,-1,60,61,53,-1,62,63,64,-1,61,65,53,-1,53,65,66,-1,53,66,67,-1,68,69,70,-1,70,69,53,-1,70,53,71,-1,71,53,52,-1,68,72,69,-1,69,72,46,-1,69,46,73,-1,64,74,62,-1,62,74,75,-1,62,75,60,-1,60,75,76,-1,60,76,58,-1,46,47,73,-1,73,47,48,-1,73,48,77,-1,77,48,49,-1,77,49,78,-1,78,49,50,-1,78,50,79,-1,79,50,57,-1,79,57,80,-1,80,57,81,-1,80,81,82,-1,83,84,85,-1,85,84,80,-1,85,80,86,-1,86,80,82,-1,67,87,53,-1,53,87,88,-1,53,88,89,-1,89,90,53,-1,53,90,91,-1,53,91,51,-1,52,33,71,-1,71,33,26,-1,71,26,70,-1,70,26,25,-1,70,25,68,-1,68,25,14,-1,68,14,72,-1,72,14,13,-1,
        ]
    }
}
Shape{
    appearance Appearance {
        material  Material 	{
            diffuseColor 1.0 1.0 1.0
            specularColor 0.5019607843137255 0.5019607843137255 0.5019607843137255
            ambientIntensity 0.2
            transparency 0
            shininess 0.5
        }
    }
    geometry IndexedFaceSet {
        ccw TRUE
        solid FALSE
        coord DEF co Coordinate {
            point [
                -1.437 0.1693 0.2323, -1.5748 0.1693 0.2323, -1.437 0.1693 0.1575, -1.5748 0.1693 0.1575, -1.4685 0.1693 0.0984, -1.5433 0.1693 0.0984, -1.437 1.1385 0.2323, -1.437 1.1496 0.1575, -1.437 1.1496 0.2323, -1.4685 1.1496 0.0984, -1.5433 1.1496 0.0984, -1.5748 1.1496 0.1575, -1.5748 1.1496 0.2323, -1.5748 1.1385 0.2323, -1.5748 1.1385 0.2323
            ]
        }
        coordIndex [
            0,1,2,-1,2,1,3,-1,2,3,4,-1,4,3,5,-1,0,2,6,-1,6,2,7,-1,6,7,8,-1,9,10,7,-1,7,10,11,-1,7,11,8,-1,8,11,12,-1,12,11,13,-1,13,11,3,-1,13,3,1,-1,
        ]
    }
}
Shape{
    appearance Appearance {
        material  Material 	{
            diffuseColor 0.7529411764705882 0.7529411764705882 0.7529411764705882
            specularColor 0.6627450980392157 0.6627450980392157 0.6627450980392157
            ambientIntensity 0.2
            transparency 0
            shininess 0.5
        }
    }
    geometry IndexedFaceSet {
        ccw TRUE
        solid FALSE
        coord DEF co Coordinate {
            point [
                -2.1713 0.1677 0.2139, -2.1713 0.1575 0.2126, -2.1713 0.2362 0.0866, -2.1713 0.1969 0.0, -2.1713 0.1123 0.0924, -2.1713 0.1083 0.0893, -2.1713 0.9528 0.0866, -2.1713 0.9528 0.2126, -2.1713 0.7815 0.0866, -2.1713 0.6437 0.2126, -2.1713 0.7713 0.0853, -2.1713 0.6136 0.2241, -2.1713 0.6064 0.2323, -2.1713 0.5476 0.0853, -2.1713 0.1174 0.1012, -2.1713 0.1155 0.0965, -2.1713 -0.0197 0.0669, -2.1713 -0.0197 0.0197, -2.1713 -0.0 0.0866, -2.1713 0.0 0.0, -2.1713 0.0984 0.0866, -2.1713 0.1035 0.0873, -2.1713 0.1916 0.2323, -2.1713 0.1853 0.2241, -2.1713 0.7474 0.0669, -2.1713 0.7537 0.0751, -2.1713 0.5754 0.0574, -2.1713 0.1191 0.182, -2.1713 0.1181 0.1732, -2.1713 0.1181 0.1063, -2.1713 0.5374 0.0866, -2.1713 0.1772 0.2179, -2.1713 0.7618 0.0813, -2.1713 0.5715 0.0669, -2.1713 0.5652 0.0751, -2.1713 0.5571 0.0813, -2.1713 0.6328 0.2139, -2.1713 0.6226 0.2178, -2.1713 0.5768 0.0472, -2.1713 0.7421 0.0472, -2.1713 0.7435 0.0574, -2.1713 0.1487 0.2116, -2.1713 0.1404 0.2087, -2.1713 0.1329 0.204, -2.1713 0.1267 0.1978, -2.1713 0.122 0.1903, -2.2185 0.6064 0.2323, -2.2185 0.6136 0.2241, -2.2185 0.6226 0.2178, -2.2185 0.6328 0.2139, -2.2185 0.6437 0.2126, -2.2185 0.9528 0.2126, -2.2185 0.9528 0.0866, -2.2185 0.7815 0.0866, -2.2185 0.7713 0.0853, -2.2185 0.0 0.0, -2.2185 -0.0197 0.0197, -2.2185 -0.0197 0.0669, -2.2185 -0.0 0.0866, -2.2185 0.0984 0.0866, -2.2185 0.1969 0.0, -2.2185 0.1035 0.0873, -2.2185 0.1083 0.0893, -2.2185 0.1123 0.0924, -2.2185 0.1155 0.0965, -2.2185 0.2362 0.0866, -2.2185 0.1174 0.1012, -2.2185 0.1853 0.2241, -2.2185 0.5374 0.0866, -2.2185 0.1772 0.2179, -2.2185 0.1677 0.2139, -2.2185 0.1575 0.2126, -2.2185 0.1916 0.2323, -2.2185 0.5476 0.0853, -2.2185 0.5571 0.0813, -2.2185 0.5652 0.0751, -2.2185 0.5715 0.0669, -2.2185 0.5754 0.0574, -2.2185 0.7618 0.0813, -2.2185 0.7537 0.0751, -2.2185 0.7421 0.0472, -2.2185 0.5768 0.0472, -2.2185 0.7435 0.0574, -2.2185 0.7474 0.0669, -2.2185 0.1181 0.1063, -2.2185 0.1181 0.1732, -2.2185 0.1191 0.182, -2.2185 0.122 0.1903, -2.2185 0.1267 0.1978, -2.2185 0.1329 0.204, -2.2185 0.1404 0.2087, -2.2185 0.1487 0.2116, -4.9272 0.1155 0.0965, -4.9272 0.1123 0.0924, -4.9272 0.1969 0.0, -4.9272 0.1083 0.0893, -4.9272 0.9528 0.0866, -4.9272 0.9528 0.2126, -4.9272 0.7815 0.0866, -4.9272 0.6437 0.2126, -4.9272 0.7713 0.0853, -4.9272 0.1174 0.1012, -4.9272 0.2362 0.0866, -4.9272 0.1181 0.1063, -4.9272 0.6064 0.2323, -4.9272 0.1916 0.2323, -4.9272 0.1853 0.2241, -4.9272 -0.0197 0.0669, -4.9272 -0.0197 0.0197, -4.9272 -0.0 0.0866, -4.9272 0.0 0.0, -4.9272 0.0984 0.0866, -4.9272 0.1035 0.0873, -4.9272 0.6226 0.2178, -4.9272 0.6136 0.2241, -4.9272 0.5476 0.0853, -4.9272 0.5374 0.0866, -4.9272 0.1772 0.2179, -4.9272 0.1677 0.2139, -4.9272 0.6328 0.2139, -4.9272 0.5571 0.0813, -4.9272 0.5652 0.0751, -4.9272 0.7474 0.0669, -4.9272 0.7537 0.0751, -4.9272 0.5754 0.0574, -4.9272 0.5715 0.0669, -4.9272 0.7618 0.0813, -4.9272 0.1575 0.2126, -4.9272 0.1487 0.2116, -4.9272 0.1404 0.2087, -4.9272 0.1329 0.204, -4.9272 0.1267 0.1978, -4.9272 0.122 0.1903, -4.9272 0.5768 0.0472, -4.9272 0.7421 0.0472, -4.9272 0.7435 0.0574, -4.9272 0.1191 0.182, -4.9272 0.1181 0.1732, -4.9744 0.6064 0.2323, -4.9744 0.6136 0.2241, -4.9744 0.6226 0.2178, -4.9744 0.6328 0.2139, -4.9744 0.6437 0.2126, -4.9744 0.9528 0.2126, -4.9744 0.9528 0.0866, -4.9744 0.7815 0.0866, -4.9744 0.7713 0.0853, -4.9744 0.1083 0.0893, -4.9744 0.1123 0.0924, -4.9744 0.1969 0.0, -4.9744 0.1155 0.0965, -4.9744 0.2362 0.0866, -4.9744 0.0 0.0, -4.9744 -0.0197 0.0197, -4.9744 -0.0197 0.0669, -4.9744 0.1174 0.1012, -4.9744 0.1181 0.1063, -4.9744 0.1181 0.1732, -4.9744 0.1853 0.2241, -4.9744 0.5374 0.0866, -4.9744 0.1772 0.2179, -4.9744 0.1677 0.2139, -4.9744 0.1575 0.2126, -4.9744 0.1916 0.2323, -4.9744 0.5476 0.0853, -4.9744 -0.0 0.0866, -4.9744 0.0984 0.0866, -4.9744 0.1035 0.0873, -4.9744 0.5571 0.0813, -4.9744 0.5652 0.0751, -4.9744 0.5715 0.0669, -4.9744 0.5754 0.0574, -4.9744 0.7618 0.0813, -4.9744 0.7537 0.0751, -4.9744 0.1267 0.1978, -4.9744 0.1329 0.204, -4.9744 0.7421 0.0472, -4.9744 0.5768 0.0472, -4.9744 0.7435 0.0574, -4.9744 0.7474 0.0669, -4.9744 0.1191 0.182, -4.9744 0.122 0.1903, -4.9744 0.1404 0.2087, -4.9744 0.1487 0.2116, -4.9744 0.1487 0.2116
            ]
        }
        coordIndex [
            0,1,2,-1,3,4,5,-1,6,7,8,-1,8,7,9,-1,8,9,10,-1,11,12,13,-1,2,14,3,-1,3,14,15,-1,3,15,4,-1,16,17,18,-1,18,17,19,-1,18,19,20,-1,20,19,3,-1,20,3,21,-1,21,3,5,-1,12,22,23,-1,24,25,26,-1,27,28,2,-1,2,28,29,-1,2,29,14,-1,13,12,30,-1,30,12,23,-1,30,23,2,-1,2,23,31,-1,2,31,0,-1,25,32,26,-1,26,32,10,-1,26,10,33,-1,33,10,34,-1,34,10,9,-1,34,9,35,-1,35,9,36,-1,35,36,13,-1,13,36,37,-1,13,37,11,-1,38,39,26,-1,26,39,40,-1,26,40,24,-1,1,41,2,-1,2,41,42,-1,2,42,43,-1,43,44,2,-1,2,44,45,-1,2,45,27,-1,46,12,47,-1,47,12,11,-1,47,11,48,-1,48,11,37,-1,48,37,49,-1,49,37,36,-1,49,36,50,-1,50,36,9,-1,51,52,50,-1,50,52,53,-1,50,53,54,-1,55,56,57,-1,57,58,55,-1,55,58,59,-1,55,59,60,-1,60,59,61,-1,60,61,62,-1,62,63,60,-1,60,63,64,-1,60,64,65,-1,65,64,66,-1,67,68,69,-1,69,68,65,-1,69,65,70,-1,70,65,71,-1,67,72,68,-1,68,72,46,-1,68,46,73,-1,46,47,73,-1,73,47,48,-1,73,48,74,-1,74,48,49,-1,74,49,75,-1,75,49,50,-1,75,50,76,-1,76,50,54,-1,76,54,77,-1,77,54,78,-1,77,78,79,-1,80,81,82,-1,82,81,77,-1,82,77,83,-1,83,77,79,-1,66,84,65,-1,65,84,85,-1,65,85,86,-1,86,87,65,-1,65,87,88,-1,65,88,89,-1,89,90,65,-1,65,90,91,-1,65,91,71,-1,71,1,70,-1,70,1,0,-1,70,0,69,-1,69,0,31,-1,69,31,67,-1,67,31,23,-1,67,23,72,-1,72,23,22,-1,92,93,94,-1,94,93,95,-1,96,97,98,-1,98,97,99,-1,98,99,100,-1,92,94,101,-1,101,94,102,-1,101,102,103,-1,104,105,106,-1,107,108,109,-1,109,108,110,-1,109,110,111,-1,111,110,94,-1,111,94,112,-1,112,94,95,-1,113,114,115,-1,115,114,104,-1,115,104,116,-1,116,104,106,-1,116,106,102,-1,102,106,117,-1,102,117,118,-1,113,115,119,-1,119,115,120,-1,119,120,99,-1,99,120,121,-1,99,121,100,-1,122,123,124,-1,121,125,100,-1,100,125,124,-1,100,124,126,-1,126,124,123,-1,118,127,102,-1,102,127,128,-1,102,128,129,-1,129,130,102,-1,102,130,131,-1,102,131,132,-1,133,134,124,-1,124,134,135,-1,124,135,122,-1,132,136,102,-1,102,136,137,-1,102,137,103,-1,138,104,139,-1,139,104,114,-1,139,114,140,-1,140,114,113,-1,140,113,141,-1,141,113,119,-1,141,119,142,-1,142,119,99,-1,143,144,142,-1,142,144,145,-1,142,145,146,-1,147,148,149,-1,149,148,150,-1,149,150,151,-1,152,153,154,-1,150,155,151,-1,151,155,156,-1,151,156,157,-1,158,159,160,-1,160,159,151,-1,160,151,161,-1,161,151,162,-1,158,163,159,-1,159,163,138,-1,159,138,164,-1,154,165,152,-1,152,165,166,-1,152,166,149,-1,149,166,167,-1,149,167,147,-1,138,139,164,-1,164,139,140,-1,164,140,168,-1,168,140,141,-1,168,141,169,-1,169,141,142,-1,169,142,170,-1,170,142,146,-1,170,146,171,-1,171,146,172,-1,171,172,173,-1,151,174,175,-1,176,177,178,-1,178,177,171,-1,178,171,179,-1,179,171,173,-1,157,180,151,-1,151,180,181,-1,151,181,174,-1,175,182,151,-1,151,182,183,-1,151,183,162,-1,162,127,161,-1,161,127,118,-1,161,118,160,-1,160,118,117,-1,160,117,158,-1,158,117,106,-1,158,106,163,-1,163,106,105,-1,
        ]
    }
}
Shape{
    appearance Appearance {
        material  Material 	{
            diffuseColor 1.0 1.0 1.0
            specularColor 0.5019607843137255 0.5019607843137255 0.5019607843137255
            ambientIntensity 0.2
            transparency 0
            shininess 0.5
        }
    }
    geometry IndexedFaceSet {
        ccw TRUE
        solid FALSE
        coord DEF co Coordinate {
            point [
                -0.6496 0.1693 0.2323, -0.6496 0.1693 0.1575, -0.6496 1.1385 0.2323, -0.6496 1.1496 0.1575, -0.6496 1.1496 0.2323, -0.6811 1.1496 0.0984, -0.7559 1.1496 0.0984, -0.7874 1.1496 0.1575, -0.7874 1.1496 0.2323, -0.7874 1.1385 0.2323, -0.7874 0.1693 0.1575, -0.7874 0.1693 0.2323, -0.7559 0.1693 0.0984, -0.6811 0.1693 0.0984, -0.6811 0.1693 0.0984
            ]
        }
        coordIndex [
            0,1,2,-1,2,1,3,-1,2,3,4,-1,5,6,3,-1,3,6,7,-1,3,7,4,-1,4,7,8,-1,8,7,9,-1,9,7,10,-1,9,10,11,-1,12,13,10,-1,10,13,1,-1,10,1,11,-1,11,1,0,-1,
        ]
    }
}
Shape{
    appearance Appearance {
        material  Material 	{
            diffuseColor 0.7529411764705882 0.7529411764705882 0.7529411764705882
            specularColor 0.6627450980392157 0.6627450980392157 0.6627450980392157
            ambientIntensity 0.2
            transparency 0
            shininess 0.5
        }
    }
    geometry IndexedFaceSet {
        ccw TRUE
        solid FALSE
        coord DEF co Coordinate {
            point [
                -2.9587 0.1677 0.2139, -2.9587 0.1575 0.2126, -2.9587 0.2362 0.0866, -2.9587 0.1969 0.0, -2.9587 0.1123 0.0924, -2.9587 0.1083 0.0893, -2.9587 0.9528 0.0866, -2.9587 0.9528 0.2126, -2.9587 0.7815 0.0866, -2.9587 0.6437 0.2126, -2.9587 0.7713 0.0853, -2.9587 0.6136 0.2241, -2.9587 0.6064 0.2323, -2.9587 0.5476 0.0853, -2.9587 0.1174 0.1012, -2.9587 0.1155 0.0965, -2.9587 -0.0197 0.0669, -2.9587 -0.0197 0.0197, -2.9587 -0.0 0.0866, -2.9587 0.0 0.0, -2.9587 0.0984 0.0866, -2.9587 0.1035 0.0873, -2.9587 0.1916 0.2323, -2.9587 0.1853 0.2241, -2.9587 0.7474 0.0669, -2.9587 0.7537 0.0751, -2.9587 0.5754 0.0574, -2.9587 0.1191 0.182, -2.9587 0.1181 0.1732, -2.9587 0.1181 0.1063, -2.9587 0.5374 0.0866, -2.9587 0.1772 0.2179, -2.9587 0.7618 0.0813, -2.9587 0.5715 0.0669, -2.9587 0.5652 0.0751, -2.9587 0.5571 0.0813, -2.9587 0.6328 0.2139, -2.9587 0.6226 0.2178, -2.9587 0.5768 0.0472, -2.9587 0.7421 0.0472, -2.9587 0.7435 0.0574, -2.9587 0.1487 0.2116, -2.9587 0.1404 0.2087, -2.9587 0.1329 0.204, -2.9587 0.1267 0.1978, -2.9587 0.122 0.1903, -3.0059 0.6064 0.2323, -3.0059 0.6136 0.2241, -3.0059 0.6226 0.2178, -3.0059 0.6328 0.2139, -3.0059 0.6437 0.2126, -3.0059 0.9528 0.2126, -3.0059 0.9528 0.0866, -3.0059 0.7815 0.0866, -3.0059 0.7713 0.0853, -3.0059 0.0 0.0, -3.0059 -0.0197 0.0197, -3.0059 -0.0197 0.0669, -3.0059 -0.0 0.0866, -3.0059 0.0984 0.0866, -3.0059 0.1969 0.0, -3.0059 0.1035 0.0873, -3.0059 0.1083 0.0893, -3.0059 0.1123 0.0924, -3.0059 0.1155 0.0965, -3.0059 0.2362 0.0866, -3.0059 0.1174 0.1012, -3.0059 0.1853 0.2241, -3.0059 0.5374 0.0866, -3.0059 0.1772 0.2179, -3.0059 0.1677 0.2139, -3.0059 0.1575 0.2126, -3.0059 0.1916 0.2323, -3.0059 0.5476 0.0853, -3.0059 0.5571 0.0813, -3.0059 0.5652 0.0751, -3.0059 0.5715 0.0669, -3.0059 0.5754 0.0574, -3.0059 0.7618 0.0813, -3.0059 0.7537 0.0751, -3.0059 0.7421 0.0472, -3.0059 0.5768 0.0472, -3.0059 0.7435 0.0574, -3.0059 0.7474 0.0669, -3.0059 0.1181 0.1063, -3.0059 0.1181 0.1732, -3.0059 0.1191 0.182, -3.0059 0.122 0.1903, -3.0059 0.1267 0.1978, -3.0059 0.1329 0.204, -3.0059 0.1404 0.2087, -3.0059 0.1487 0.2116, -3.0059 0.1487 0.2116
            ]
        }
        coordIndex [
            0,1,2,-1,3,4,5,-1,6,7,8,-1,8,7,9,-1,8,9,10,-1,11,12,13,-1,2,14,3,-1,3,14,15,-1,3,15,4,-1,16,17,18,-1,18,17,19,-1,18,19,20,-1,20,19,3,-1,20,3,21,-1,21,3,5,-1,12,22,23,-1,24,25,26,-1,27,28,2,-1,2,28,29,-1,2,29,14,-1,13,12,30,-1,30,12,23,-1,30,23,2,-1,2,23,31,-1,2,31,0,-1,25,32,26,-1,26,32,10,-1,26,10,33,-1,33,10,34,-1,34,10,9,-1,34,9,35,-1,35,9,36,-1,35,36,13,-1,13,36,37,-1,13,37,11,-1,38,39,26,-1,26,39,40,-1,26,40,24,-1,1,41,2,-1,2,41,42,-1,2,42,43,-1,43,44,2,-1,2,44,45,-1,2,45,27,-1,46,12,47,-1,47,12,11,-1,47,11,48,-1,48,11,37,-1,48,37,49,-1,49,37,36,-1,49,36,50,-1,50,36,9,-1,51,52,50,-1,50,52,53,-1,50,53,54,-1,55,56,57,-1,57,58,55,-1,55,58,59,-1,55,59,60,-1,60,59,61,-1,60,61,62,-1,62,63,60,-1,60,63,64,-1,60,64,65,-1,65,64,66,-1,67,68,69,-1,69,68,65,-1,69,65,70,-1,70,65,71,-1,67,72,68,-1,68,72,46,-1,68,46,73,-1,46,47,73,-1,73,47,48,-1,73,48,74,-1,74,48,49,-1,74,49,75,-1,75,49,50,-1,75,50,76,-1,76,50,54,-1,76,54,77,-1,77,54,78,-1,77,78,79,-1,80,81,82,-1,82,81,77,-1,82,77,83,-1,83,77,79,-1,66,84,65,-1,65,84,85,-1,65,85,86,-1,86,87,65,-1,65,87,88,-1,65,88,89,-1,89,90,65,-1,65,90,91,-1,65,91,71,-1,71,1,70,-1,70,1,0,-1,70,0,69,-1,69,0,31,-1,69,31,67,-1,67,31,23,-1,67,23,72,-1,72,23,22,-1,
        ]
    }
}
Shape{
    appearance Appearance {
        material  Material 	{
            diffuseColor 1.0 1.0 1.0
            specularColor 0.5019607843137255 0.5019607843137255 0.5019607843137255
            ambientIntensity 0.2
            transparency 0
            shininess 0.5
        }
    }
    geometry IndexedFaceSet {
        ccw TRUE
        solid FALSE
        coord DEF co Coordinate {
            point [
                -4.7835 0.1693 0.2323, -4.9213 0.1693 0.2323, -4.7835 0.1693 0.1575, -4.9213 0.1693 0.1575, -4.815 0.1693 0.0984, -4.8898 0.1693 0.0984, -4.7835 1.1385 0.2323, -4.7835 1.1496 0.1575, -4.7835 1.1496 0.2323, -4.815 1.1496 0.0984, -4.8898 1.1496 0.0984, -4.9213 1.1496 0.1575, -4.9213 1.1496 0.2323, -4.9213 1.1385 0.2323, -4.9213 1.1385 0.2323
            ]
        }
        coordIndex [
            0,1,2,-1,2,1,3,-1,2,3,4,-1,4,3,5,-1,0,2,6,-1,6,2,7,-1,6,7,8,-1,9,10,7,-1,7,10,11,-1,7,11,8,-1,8,11,12,-1,12,11,13,-1,13,11,3,-1,13,3,1,-1,
        ]
    }
}
Shape{
    appearance Appearance {
        material  Material 	{
            diffuseColor 0.7529411764705882 0.7529411764705882 0.7529411764705882
            specularColor 0.6627450980392157 0.6627450980392157 0.6627450980392157
            ambientIntensity 0.2
            transparency 0
            shininess 0.5
        }
    }
    geometry IndexedFaceSet {
        ccw TRUE
        solid FALSE
        coord DEF co Coordinate {
            point [
                -1.8248 0.9528 0.2126, -1.8248 0.9528 0.0866, -1.8248 0.6437 0.2126, -1.8248 0.7815 0.0866, -1.8248 0.7713 0.0853, -1.8248 0.1083 0.0893, -1.8248 0.1123 0.0924, -1.8248 0.1969 0.0, -1.8248 0.1155 0.0965, -1.8248 0.2362 0.0866, -1.8248 0.1853 0.2241, -1.8248 0.5374 0.0866, -1.8248 0.1772 0.2179, -1.8248 0.1677 0.2139, -1.8248 0.1575 0.2126, -1.8248 0.1916 0.2323, -1.8248 0.6064 0.2323, -1.8248 0.5476 0.0853, -1.8248 0.0 0.0, -1.8248 -0.0197 0.0197, -1.8248 -0.0197 0.0669, -1.8248 0.1174 0.1012, -1.8248 0.1181 0.1063, -1.8248 0.1181 0.1732, -1.8248 0.0 0.0866, -1.8248 0.0984 0.0866, -1.8248 0.1035 0.0873, -1.8248 0.6136 0.2241, -1.8248 0.6226 0.2178, -1.8248 0.5571 0.0813, -1.8248 0.6328 0.2139, -1.8248 0.5652 0.0751, -1.8248 0.5715 0.0669, -1.8248 0.5754 0.0574, -1.8248 0.7618 0.0813, -1.8248 0.7537 0.0751, -1.8248 0.1296 0.2011, -1.8248 0.1378 0.2073, -1.8248 0.1473 0.2113, -1.8248 0.7421 0.0472, -1.8248 0.5768 0.0472, -1.8248 0.7435 0.0574, -1.8248 0.7474 0.0669, -1.8248 0.1195 0.1834, -1.8248 0.1234 0.1929, -1.7776 0.1575 0.2126, -1.7776 0.1677 0.2139, -1.7776 0.1772 0.2179, -1.7776 0.1853 0.2241, -1.7776 0.1916 0.2323, -1.7776 0.1155 0.0965, -1.7776 0.1123 0.0924, -1.7776 0.1969 0.0, -1.7776 0.1083 0.0893, -1.7776 0.9528 0.0866, -1.7776 0.9528 0.2126, -1.7776 0.7815 0.0866, -1.7776 0.6437 0.2126, -1.7776 0.7713 0.0853, -1.7776 0.1174 0.1012, -1.7776 0.2362 0.0866, -1.7776 0.1181 0.1063, -1.7776 0.6064 0.2323, -1.7776 0.6226 0.2178, -1.7776 0.6136 0.2241, -1.7776 0.5476 0.0853, -1.7776 0.5374 0.0866, -1.7776 0.1473 0.2113, -1.7776 -0.0197 0.0669, -1.7776 -0.0197 0.0197, -1.7776 -0.0 0.0866, -1.7776 0.0 0.0, -1.7776 0.0984 0.0866, -1.7776 0.1035 0.0873, -1.7776 0.6328 0.2139, -1.7776 0.5571 0.0813, -1.7776 0.5652 0.0751, -1.7776 0.7474 0.0669, -1.7776 0.7537 0.0751, -1.7776 0.5754 0.0574, -1.7776 0.5715 0.0669, -1.7776 0.7618 0.0813, -1.7776 0.1378 0.2073, -1.7776 0.1296 0.2011, -1.7776 0.1234 0.1929, -1.7776 0.1195 0.1834, -1.7776 0.1181 0.1732, -1.7776 0.5768 0.0472, -1.7776 0.7421 0.0472, -1.7776 0.7435 0.0574, -1.7776 0.7435 0.0574
            ]
        }
        coordIndex [
            0,1,2,-1,2,1,3,-1,2,3,4,-1,5,6,7,-1,7,6,8,-1,7,8,9,-1,10,11,12,-1,12,11,9,-1,12,9,13,-1,13,9,14,-1,10,15,11,-1,11,15,16,-1,11,16,17,-1,18,19,20,-1,8,21,9,-1,9,21,22,-1,9,22,23,-1,20,24,18,-1,18,24,25,-1,18,25,7,-1,7,25,26,-1,7,26,5,-1,16,27,17,-1,17,27,28,-1,17,28,29,-1,29,28,30,-1,29,30,31,-1,31,30,2,-1,31,2,32,-1,32,2,4,-1,32,4,33,-1,33,4,34,-1,33,34,35,-1,36,37,9,-1,9,37,38,-1,9,38,14,-1,39,40,41,-1,41,40,33,-1,41,33,42,-1,42,33,35,-1,23,43,9,-1,9,43,44,-1,9,44,36,-1,14,45,13,-1,13,45,46,-1,13,46,12,-1,12,46,47,-1,12,47,10,-1,10,47,48,-1,10,48,15,-1,15,48,49,-1,50,51,52,-1,52,51,53,-1,54,55,56,-1,56,55,57,-1,56,57,58,-1,50,52,59,-1,59,52,60,-1,59,60,61,-1,62,49,48,-1,63,64,65,-1,65,64,62,-1,65,62,66,-1,66,62,48,-1,66,48,60,-1,60,48,47,-1,47,46,60,-1,60,46,45,-1,60,45,67,-1,68,69,70,-1,70,69,71,-1,70,71,72,-1,72,71,52,-1,72,52,73,-1,73,52,53,-1,63,65,74,-1,74,65,75,-1,74,75,57,-1,57,75,76,-1,57,76,58,-1,77,78,79,-1,76,80,58,-1,58,80,79,-1,58,79,81,-1,81,79,78,-1,67,82,60,-1,60,82,83,-1,60,83,84,-1,84,85,60,-1,60,85,86,-1,60,86,61,-1,87,88,79,-1,79,88,89,-1,79,89,77,-1,16,62,27,-1,27,62,64,-1,27,64,28,-1,28,64,63,-1,28,63,30,-1,30,63,74,-1,30,74,2,-1,2,74,57,-1,
        ]
    }
}
Shape{
    appearance Appearance {
        material  Material 	{
            diffuseColor 1.0 1.0 1.0
            specularColor 0.5019607843137255 0.5019607843137255 0.5019607843137255
            ambientIntensity 0.2
            transparency 0
            shininess 0.5
        }
    }
    geometry IndexedFaceSet {
        ccw TRUE
        solid FALSE
        coord DEF co Coordinate {
            point [
                -4.3307 1.1496 0.2323, -4.3307 1.1496 0.1575, -4.3307 1.1385 0.2323, -4.3307 0.1693 0.1575, -4.3307 0.1693 0.2323, -4.2992 0.1693 0.0984, -4.2244 0.1693 0.0984, -4.1929 0.1693 0.1575, -4.1929 0.1693 0.2323, -4.1929 1.1385 0.2323, -4.1929 1.1496 0.1575, -4.1929 1.1496 0.2323, -4.2992 1.1496 0.0984, -4.2244 1.1496 0.0984, -3.1496 1.1496 0.2323, -3.1496 1.1496 0.1575, -3.1496 1.1385 0.2323, -3.1496 0.1693 0.1575, -3.1496 0.1693 0.2323, -3.1181 0.1693 0.0984, -3.0433 0.1693 0.0984, -3.0118 0.1693 0.1575, -3.0118 0.1693 0.2323, -3.0118 1.1385 0.2323, -3.0118 1.1496 0.1575, -3.0118 1.1496 0.2323, -3.1181 1.1496 0.0984, -3.0433 1.1496 0.0984, -3.7992 0.1693 0.2323, -3.7992 0.1693 0.1575, -3.7992 1.1385 0.2323, -3.7992 1.1496 0.1575, -3.7992 1.1496 0.2323, -3.8307 1.1496 0.0984, -3.9055 1.1496 0.0984, -3.937 1.1496 0.1575, -3.937 1.1496 0.2323, -3.937 1.1385 0.2323, -3.937 0.1693 0.1575, -3.937 0.1693 0.2323, -3.8307 0.1693 0.0984, -3.9055 0.1693 0.0984, -1.0433 0.1693 0.2323, -1.1811 0.1693 0.2323, -1.0433 0.1693 0.1575, -1.1811 0.1693 0.1575, -1.0748 0.1693 0.0984, -1.1496 0.1693 0.0984, -1.0433 1.1385 0.2323, -1.0433 1.1496 0.1575, -1.0433 1.1496 0.2323, -1.0748 1.1496 0.0984, -1.1496 1.1496 0.0984, -1.1811 1.1496 0.1575, -1.1811 1.1496 0.2323, -1.1811 1.1385 0.2323, -2.3622 1.1496 0.2323, -2.3622 1.1496 0.1575, -2.3622 1.1385 0.2323, -2.3622 0.1693 0.1575, -2.3622 0.1693 0.2323, -2.3307 0.1693 0.0984, -2.2559 0.1693 0.0984, -2.2244 0.1693 0.1575, -2.2244 0.1693 0.2323, -2.2244 1.1385 0.2323, -2.2244 1.1496 0.1575, -2.2244 1.1496 0.2323, -2.3307 1.1496 0.0984, -2.2559 1.1496 0.0984, -0.065 0.1693 0.2323, -0.3937 0.1693 0.2323, -0.3937 0.1693 0.1575, -0.3622 0.1693 0.0984, -0.1063 0.1693 0.0984, -0.065 0.1693 0.1501, -0.065 0.1693 0.1501
            ]
        }
        coordIndex [
            0,1,2,-1,2,1,3,-1,2,3,4,-1,5,6,3,-1,3,6,7,-1,3,7,4,-1,4,7,8,-1,8,7,9,-1,9,7,10,-1,9,10,11,-1,0,11,1,-1,1,11,10,-1,1,10,12,-1,12,10,13,-1,14,15,16,-1,16,15,17,-1,16,17,18,-1,19,20,17,-1,17,20,21,-1,17,21,18,-1,18,21,22,-1,22,21,23,-1,23,21,24,-1,23,24,25,-1,14,25,15,-1,15,25,24,-1,15,24,26,-1,26,24,27,-1,28,29,30,-1,30,29,31,-1,30,31,32,-1,33,34,31,-1,31,34,35,-1,31,35,32,-1,32,35,36,-1,36,35,37,-1,37,35,38,-1,37,38,39,-1,28,39,29,-1,29,39,38,-1,29,38,40,-1,40,38,41,-1,42,43,44,-1,44,43,45,-1,44,45,46,-1,46,45,47,-1,42,44,48,-1,48,44,49,-1,48,49,50,-1,51,52,49,-1,49,52,53,-1,49,53,50,-1,50,53,54,-1,54,53,55,-1,55,53,45,-1,55,45,43,-1,56,57,58,-1,58,57,59,-1,58,59,60,-1,61,62,59,-1,59,62,63,-1,59,63,60,-1,60,63,64,-1,64,63,65,-1,65,63,66,-1,65,66,67,-1,56,67,57,-1,57,67,66,-1,57,66,68,-1,68,66,69,-1,70,71,72,-1,73,74,72,-1,72,74,75,-1,72,75,70,-1,
        ]
    }
}
Shape{
    appearance Appearance {
        material  Material 	{
            diffuseColor 0.7529411764705882 0.7529411764705882 0.7529411764705882
            specularColor 0.6627450980392157 0.6627450980392157 0.6627450980392157
            ambientIntensity 0.2
            transparency 0
            shininess 0.5
        }
    }
    geometry IndexedFaceSet {
        ccw TRUE
        solid FALSE
        coord DEF co Coordinate {
            point [
                -0.065 0.1693 0.2323, -0.065 0.1693 0.1501, -0.065 1.1385 0.2323, -0.065 1.1496 0.1501, -0.065 1.1496 0.2323, -0.065 1.1496 0.2323
            ]
        }
        coordIndex [
            0,1,2,-1,2,1,3,-1,2,3,4,-1,
        ]
    }
}
Shape{
    appearance Appearance {
        material  Material 	{
            diffuseColor 1.0 1.0 1.0
            specularColor 0.5019607843137255 0.5019607843137255 0.5019607843137255
            ambientIntensity 0.2
            transparency 0
            shininess 0.5
        }
    }
    geometry IndexedFaceSet {
        ccw TRUE
        solid FALSE
        coord DEF co Coordinate {
            point [
                -0.1063 1.1496 0.0984, -0.3622 1.1496 0.0984, -0.065 1.1496 0.1501, -0.3937 1.1496 0.1575, -0.065 1.1496 0.2323, -0.3937 1.1496 0.2323, -0.3937 1.1385 0.2323, -0.3937 0.1693 0.1575, -0.3937 0.1693 0.2323, -0.3937 0.1693 0.2323
            ]
        }
        coordIndex [
            0,1,2,-1,2,1,3,-1,2,3,4,-1,4,3,5,-1,5,3,6,-1,6,3,7,-1,6,7,8,-1,
        ]
    }
}
Shape{
    appearance Appearance {
        material  Material 	{
            diffuseColor 0.7529411764705882 0.7529411764705882 0.7529411764705882
            specularColor 0.6627450980392157 0.6627450980392157 0.6627450980392157
            ambientIntensity 0.2
            transparency 0
            shininess 0.5
        }
    }
    geometry IndexedFaceSet {
        ccw TRUE
        solid FALSE
        coord DEF co Coordinate {
            point [
                -3.7933 0.9528 0.2126, -3.7933 0.9528 0.0866, -3.7933 0.6437 0.2126, -3.7933 0.7815 0.0866, -3.7933 0.7713 0.0853, -3.7933 0.1083 0.0893, -3.7933 0.1123 0.0924, -3.7933 0.1969 0.0, -3.7933 0.1155 0.0965, -3.7933 0.2362 0.0866, -3.7933 0.1853 0.2241, -3.7933 0.5374 0.0866, -3.7933 0.1772 0.2179, -3.7933 0.1677 0.2139, -3.7933 0.1575 0.2126, -3.7933 0.1916 0.2323, -3.7933 0.6064 0.2323, -3.7933 0.5476 0.0853, -3.7933 0.0 0.0, -3.7933 -0.0197 0.0197, -3.7933 -0.0197 0.0669, -3.7933 0.1174 0.1012, -3.7933 0.1181 0.1063, -3.7933 0.1181 0.1732, -3.7933 0.0 0.0866, -3.7933 0.0984 0.0866, -3.7933 0.1035 0.0873, -3.7933 0.6136 0.2241, -3.7933 0.6226 0.2178, -3.7933 0.5571 0.0813, -3.7933 0.6328 0.2139, -3.7933 0.5652 0.0751, -3.7933 0.5715 0.0669, -3.7933 0.5754 0.0574, -3.7933 0.7618 0.0813, -3.7933 0.7537 0.0751, -3.7933 0.1296 0.2011, -3.7933 0.1378 0.2073, -3.7933 0.1473 0.2113, -3.7933 0.7421 0.0472, -3.7933 0.5768 0.0472, -3.7933 0.7435 0.0574, -3.7933 0.7474 0.0669, -3.7933 0.1195 0.1834, -3.7933 0.1234 0.1929, -3.7461 0.1575 0.2126, -3.7461 0.1677 0.2139, -3.7461 0.1772 0.2179, -3.7461 0.1853 0.2241, -3.7461 0.1916 0.2323, -3.7461 0.1155 0.0965, -3.7461 0.1123 0.0924, -3.7461 0.1969 0.0, -3.7461 0.1083 0.0893, -3.7461 0.9528 0.0866, -3.7461 0.9528 0.2126, -3.7461 0.7815 0.0866, -3.7461 0.6437 0.2126, -3.7461 0.7713 0.0853, -3.7461 0.1174 0.1012, -3.7461 0.2362 0.0866, -3.7461 0.1181 0.1063, -3.7461 0.6064 0.2323, -3.7461 0.6226 0.2178, -3.7461 0.6136 0.2241, -3.7461 0.5476 0.0853, -3.7461 0.5374 0.0866, -3.7461 0.1473 0.2113, -3.7461 -0.0197 0.0669, -3.7461 -0.0197 0.0197, -3.7461 -0.0 0.0866, -3.7461 0.0 0.0, -3.7461 0.0984 0.0866, -3.7461 0.1035 0.0873, -3.7461 0.6328 0.2139, -3.7461 0.5571 0.0813, -3.7461 0.5652 0.0751, -3.7461 0.7474 0.0669, -3.7461 0.7537 0.0751, -3.7461 0.5754 0.0574, -3.7461 0.5715 0.0669, -3.7461 0.7618 0.0813, -3.7461 0.1378 0.2073, -3.7461 0.1296 0.2011, -3.7461 0.1234 0.1929, -3.7461 0.1195 0.1834, -3.7461 0.1181 0.1732, -3.7461 0.5768 0.0472, -3.7461 0.7421 0.0472, -3.7461 0.7435 0.0574, -3.7461 0.7435 0.0574
            ]
        }
        coordIndex [
            0,1,2,-1,2,1,3,-1,2,3,4,-1,5,6,7,-1,7,6,8,-1,7,8,9,-1,10,11,12,-1,12,11,9,-1,12,9,13,-1,13,9,14,-1,10,15,11,-1,11,15,16,-1,11,16,17,-1,18,19,20,-1,8,21,9,-1,9,21,22,-1,9,22,23,-1,20,24,18,-1,18,24,25,-1,18,25,7,-1,7,25,26,-1,7,26,5,-1,16,27,17,-1,17,27,28,-1,17,28,29,-1,29,28,30,-1,29,30,31,-1,31,30,2,-1,31,2,32,-1,32,2,4,-1,32,4,33,-1,33,4,34,-1,33,34,35,-1,36,37,9,-1,9,37,38,-1,9,38,14,-1,39,40,41,-1,41,40,33,-1,41,33,42,-1,42,33,35,-1,23,43,9,-1,9,43,44,-1,9,44,36,-1,14,45,13,-1,13,45,46,-1,13,46,12,-1,12,46,47,-1,12,47,10,-1,10,47,48,-1,10,48,15,-1,15,48,49,-1,50,51,52,-1,52,51,53,-1,54,55,56,-1,56,55,57,-1,56,57,58,-1,50,52,59,-1,59,52,60,-1,59,60,61,-1,62,49,48,-1,63,64,65,-1,65,64,62,-1,65,62,66,-1,66,62,48,-1,66,48,60,-1,60,48,47,-1,47,46,60,-1,60,46,45,-1,60,45,67,-1,68,69,70,-1,70,69,71,-1,70,71,72,-1,72,71,52,-1,72,52,73,-1,73,52,53,-1,63,65,74,-1,74,65,75,-1,74,75,57,-1,57,75,76,-1,57,76,58,-1,77,78,79,-1,76,80,58,-1,58,80,79,-1,58,79,81,-1,81,79,78,-1,67,82,60,-1,60,82,83,-1,60,83,84,-1,84,85,60,-1,60,85,86,-1,60,86,61,-1,87,88,79,-1,79,88,89,-1,79,89,77,-1,16,62,27,-1,27,62,64,-1,27,64,28,-1,28,64,63,-1,28,63,30,-1,30,63,74,-1,30,74,2,-1,2,74,57,-1,
        ]
    }
}
Shape{
    appearance Appearance {
        material  Material 	{
            diffuseColor 1.0 1.0 1.0
            specularColor 0.5019607843137255 0.5019607843137255 0.5019607843137255
            ambientIntensity 0.2
            transparency 0
            shininess 0.5
        }
    }
    geometry IndexedFaceSet {
        ccw TRUE
        solid FALSE
        coord DEF co Coordinate {
            point [
                0.0472 0.1693 0.0984, 0.128 0.1693 0.0984, 0.0059 0.1693 0.1501, 0.128 0.1693 0.2323, 0.0059 0.1693 0.2323, 0.128 1.1385 0.2323, 0.128 1.1496 0.0984, 0.128 1.1496 0.2323, 0.0472 1.1496 0.0984, 0.0059 1.1496 0.1501, 0.0059 1.1496 0.2323, 0.0059 1.1385 0.2323, 0.0059 1.1385 0.2323
            ]
        }
        coordIndex [
            0,1,2,-1,2,1,3,-1,2,3,4,-1,3,1,5,-1,5,1,6,-1,5,6,7,-1,6,8,7,-1,7,8,9,-1,7,9,10,-1,10,9,11,-1,11,9,2,-1,11,2,4,-1,
        ]
    }
}
Shape{
    appearance Appearance {
        material  Material 	{
            diffuseColor 0.7529411764705882 0.7529411764705882 0.7529411764705882
            specularColor 0.6627450980392157 0.6627450980392157 0.6627450980392157
            ambientIntensity 0.2
            transparency 0
            shininess 0.5
        }
    }
    geometry IndexedFaceSet {
        ccw TRUE
        solid FALSE
        coord DEF co Coordinate {
            point [
                -0.9902 0.1155 0.0965, -0.9902 0.1123 0.0924, -0.9902 0.1969 0.0, -0.9902 0.1083 0.0893, -0.9902 0.9528 0.0866, -0.9902 0.9528 0.2126, -0.9902 0.7815 0.0866, -0.9902 0.6437 0.2126, -0.9902 0.7713 0.0853, -0.9902 0.1174 0.1012, -0.9902 0.2362 0.0866, -0.9902 0.1181 0.1063, -0.9902 0.6064 0.2323, -0.9902 0.1916 0.2323, -0.9902 0.1853 0.2241, -0.9902 -0.0197 0.0669, -0.9902 -0.0197 0.0197, -0.9902 -0.0 0.0866, -0.9902 0.0 0.0, -0.9902 0.0984 0.0866, -0.9902 0.1035 0.0873, -0.9902 0.6226 0.2178, -0.9902 0.6136 0.2241, -0.9902 0.5476 0.0853, -0.9902 0.5374 0.0866, -0.9902 0.1772 0.2179, -0.9902 0.1677 0.2139, -0.9902 0.6328 0.2139, -0.9902 0.5571 0.0813, -0.9902 0.5652 0.0751, -0.9902 0.7474 0.0669, -0.9902 0.7537 0.0751, -0.9902 0.5754 0.0574, -0.9902 0.1575 0.2126, -0.9902 0.1487 0.2116, -0.9902 0.1404 0.2087, -0.9902 0.5715 0.0669, -0.9902 0.7618 0.0813, -0.9902 0.1329 0.204, -0.9902 0.1267 0.1978, -0.9902 0.122 0.1903, -0.9902 0.5768 0.0472, -0.9902 0.7421 0.0472, -0.9902 0.7435 0.0574, -0.9902 0.1191 0.182, -0.9902 0.1181 0.1732, -1.0374 0.6064 0.2323, -1.0374 0.6136 0.2241, -1.0374 0.6226 0.2178, -1.0374 0.6328 0.2139, -1.0374 0.6437 0.2126, -1.0374 0.1487 0.2116, -1.0374 0.1575 0.2126, -1.0374 0.2362 0.0866, -1.0374 0.9528 0.2126, -1.0374 0.9528 0.0866, -1.0374 0.7815 0.0866, -1.0374 0.7713 0.0853, -1.0374 0.1083 0.0893, -1.0374 0.1123 0.0924, -1.0374 0.1969 0.0, -1.0374 0.1155 0.0965, -1.0374 0.0 0.0, -1.0374 -0.0197 0.0197, -1.0374 -0.0197 0.0669, -1.0374 0.1174 0.1012, -1.0374 0.1181 0.1063, -1.0374 0.1181 0.1732, -1.0374 0.1853 0.2241, -1.0374 0.5374 0.0866, -1.0374 0.1772 0.2179, -1.0374 0.1677 0.2139, -1.0374 0.1916 0.2323, -1.0374 0.5476 0.0853, -1.0374 -0.0 0.0866, -1.0374 0.0984 0.0866, -1.0374 0.1035 0.0873, -1.0374 0.5571 0.0813, -1.0374 0.5652 0.0751, -1.0374 0.5715 0.0669, -1.0374 0.5754 0.0574, -1.0374 0.7618 0.0813, -1.0374 0.7537 0.0751, -1.0374 0.7421 0.0472, -1.0374 0.5768 0.0472, -1.0374 0.7435 0.0574, -1.0374 0.7474 0.0669, -1.0374 0.1191 0.182, -1.0374 0.122 0.1903, -1.0374 0.1267 0.1978, -1.0374 0.1329 0.204, -1.0374 0.1404 0.2087, -1.0374 0.1404 0.2087
            ]
        }
        coordIndex [
            0,1,2,-1,2,1,3,-1,4,5,6,-1,6,5,7,-1,6,7,8,-1,0,2,9,-1,9,2,10,-1,9,10,11,-1,12,13,14,-1,15,16,17,-1,17,16,18,-1,17,18,19,-1,19,18,2,-1,19,2,20,-1,20,2,3,-1,21,22,23,-1,23,22,12,-1,23,12,24,-1,24,12,14,-1,24,14,10,-1,10,14,25,-1,10,25,26,-1,21,23,27,-1,27,23,28,-1,27,28,7,-1,7,28,29,-1,7,29,8,-1,30,31,32,-1,26,33,10,-1,10,33,34,-1,10,34,35,-1,29,36,8,-1,8,36,32,-1,8,32,37,-1,37,32,31,-1,35,38,10,-1,10,38,39,-1,10,39,40,-1,41,42,32,-1,32,42,43,-1,32,43,30,-1,40,44,10,-1,10,44,45,-1,10,45,11,-1,46,12,47,-1,47,12,22,-1,47,22,48,-1,48,22,21,-1,48,21,49,-1,49,21,27,-1,49,27,50,-1,50,27,7,-1,51,52,53,-1,54,55,50,-1,50,55,56,-1,50,56,57,-1,58,59,60,-1,60,59,61,-1,60,61,53,-1,62,63,64,-1,61,65,53,-1,53,65,66,-1,53,66,67,-1,68,69,70,-1,70,69,53,-1,70,53,71,-1,71,53,52,-1,68,72,69,-1,69,72,46,-1,69,46,73,-1,64,74,62,-1,62,74,75,-1,62,75,60,-1,60,75,76,-1,60,76,58,-1,46,47,73,-1,73,47,48,-1,73,48,77,-1,77,48,49,-1,77,49,78,-1,78,49,50,-1,78,50,79,-1,79,50,57,-1,79,57,80,-1,80,57,81,-1,80,81,82,-1,83,84,85,-1,85,84,80,-1,85,80,86,-1,86,80,82,-1,67,87,53,-1,53,87,88,-1,53,88,89,-1,89,90,53,-1,53,90,91,-1,53,91,51,-1,52,33,71,-1,71,33,26,-1,71,26,70,-1,70,26,25,-1,70,25,68,-1,68,25,14,-1,68,14,72,-1,72,14,13,-1,
        ]
    }
}
Shape{
    appearance Appearance {
        material  Material 	{
            diffuseColor 1.0 1.0 1.0
            specularColor 0.5019607843137255 0.5019607843137255 0.5019607843137255
            ambientIntensity 0.2
            transparency 0
            shininess 0.5
        }
    }
    geometry IndexedFaceSet {
        ccw TRUE
        solid FALSE
        coord DEF co Coordinate {
            point [
                -5.4213 1.1496 0.0984, -5.502 1.1496 0.0984, -5.3799 1.1496 0.1501, -5.502 1.1496 0.2323, -5.3799 1.1496 0.2323, -5.502 1.1385 0.2323, -5.502 0.1693 0.0984, -5.502 0.1693 0.2323, -5.4213 0.1693 0.0984, -5.3799 0.1693 0.1501, -5.3799 0.1693 0.2323, -5.3799 1.1385 0.2323, -0.8465 0.1693 0.2323, -0.9843 0.1693 0.2323, -0.8465 0.1693 0.1575, -0.9843 0.1693 0.1575, -0.878 0.1693 0.0984, -0.9528 0.1693 0.0984, -0.8465 1.1385 0.2323, -0.8465 1.1496 0.1575, -0.8465 1.1496 0.2323, -0.878 1.1496 0.0984, -0.9528 1.1496 0.0984, -0.9843 1.1496 0.1575, -0.9843 1.1496 0.2323, -0.9843 1.1385 0.2323, -1.6339 0.1693 0.2323, -1.7717 0.1693 0.2323, -1.6339 0.1693 0.1575, -1.7717 0.1693 0.1575, -1.6654 0.1693 0.0984, -1.7402 0.1693 0.0984, -1.6339 1.1385 0.2323, -1.6339 1.1496 0.1575, -1.6339 1.1496 0.2323, -1.6654 1.1496 0.0984, -1.7402 1.1496 0.0984, -1.7717 1.1496 0.1575, -1.7717 1.1496 0.2323, -1.7717 1.1385 0.2323, -1.8307 0.1693 0.2323, -1.8307 0.1693 0.1575, -1.8307 1.1385 0.2323, -1.8307 1.1496 0.1575, -1.8307 1.1496 0.2323, -1.8622 1.1496 0.0984, -1.937 1.1496 0.0984, -1.9685 1.1496 0.1575, -1.9685 1.1496 0.2323, -1.9685 1.1385 0.2323, -1.9685 0.1693 0.1575, -1.9685 0.1693 0.2323, -1.937 0.1693 0.0984, -1.8622 0.1693 0.0984, -2.9528 1.1496 0.2323, -2.9528 1.1496 0.1575, -2.9528 1.1385 0.2323, -2.9528 0.1693 0.1575, -2.9528 0.1693 0.2323, -2.815 0.1693 0.2323, -2.815 0.1693 0.1575, -2.8465 0.1693 0.0984, -2.9213 0.1693 0.0984, -2.815 1.1385 0.2323, -2.815 1.1496 0.1575, -2.815 1.1496 0.2323, -2.8465 1.1496 0.0984, -2.9213 1.1496 0.0984, -0.5906 1.1496 0.2323, -0.5906 1.1496 0.1575, -0.5906 1.1385 0.2323, -0.5906 0.1693 0.1575, -0.5906 0.1693 0.2323, -0.4528 0.1693 0.2323, -0.4528 0.1693 0.1575, -0.4843 0.1693 0.0984, -0.5591 0.1693 0.0984, -0.4528 1.1385 0.2323, -0.4528 1.1496 0.1575, -0.4528 1.1496 0.2323, -0.5591 1.1496 0.0984, -0.4843 1.1496 0.0984, -2.6181 0.1693 0.2323, -2.7559 0.1693 0.2323, -2.6181 0.1693 0.1575, -2.7559 0.1693 0.1575, -2.6496 0.1693 0.0984, -2.7244 0.1693 0.0984, -2.6181 1.1385 0.2323, -2.6181 1.1496 0.1575, -2.6181 1.1496 0.2323, -2.6496 1.1496 0.0984, -2.7244 1.1496 0.0984, -2.7559 1.1496 0.1575, -2.7559 1.1496 0.2323, -2.7559 1.1385 0.2323, -5.2677 0.1693 0.0984, -5.0118 0.1693 0.0984, -5.3091 0.1693 0.1501, -4.9803 0.1693 0.1575, -5.3091 0.1693 0.2323, -4.9803 0.1693 0.2323, -4.9803 1.1385 0.2323, -4.9803 1.1496 0.1575, -4.9803 1.1496 0.2323, -5.3091 1.1496 0.2323, -5.0118 1.1496 0.0984, -5.2677 1.1496 0.0984, -5.3091 1.1496 0.1501, -5.3091 1.1385 0.2323, -2.4213 0.1693 0.2323, -2.4213 0.1693 0.1575, -2.4213 1.1385 0.2323, -2.4213 1.1496 0.1575, -2.4213 1.1496 0.2323, -2.4528 1.1496 0.0984, -2.5276 1.1496 0.0984, -2.5591 1.1496 0.1575, -2.5591 1.1496 0.2323, -2.5591 1.1385 0.2323, -2.5591 0.1693 0.1575, -2.5591 0.1693 0.2323, -2.4528 0.1693 0.0984, -2.5276 0.1693 0.0984, -3.5433 1.1496 0.2323, -3.5433 1.1496 0.1575, -3.5433 1.1385 0.2323, -3.5433 0.1693 0.1575, -3.5433 0.1693 0.2323, -3.4055 0.1693 0.2323, -3.4055 0.1693 0.1575, -3.437 0.1693 0.0984, -3.5118 0.1693 0.0984, -3.4055 1.1385 0.2323, -3.4055 1.1496 0.1575, -3.4055 1.1496 0.2323, -3.437 1.1496 0.0984, -3.5118 1.1496 0.0984, -3.5118 1.1496 0.0984
            ]
        }
        coordIndex [
            0,1,2,-1,2,1,3,-1,2,3,4,-1,3,1,5,-1,5,1,6,-1,5,6,7,-1,6,8,7,-1,7,8,9,-1,7,9,10,-1,10,9,11,-1,11,9,2,-1,11,2,4,-1,12,13,14,-1,14,13,15,-1,14,15,16,-1,16,15,17,-1,12,14,18,-1,18,14,19,-1,18,19,20,-1,21,22,19,-1,19,22,23,-1,19,23,20,-1,20,23,24,-1,24,23,25,-1,25,23,15,-1,25,15,13,-1,26,27,28,-1,28,27,29,-1,28,29,30,-1,30,29,31,-1,26,28,32,-1,32,28,33,-1,32,33,34,-1,35,36,33,-1,33,36,37,-1,33,37,34,-1,34,37,38,-1,38,37,39,-1,39,37,29,-1,39,29,27,-1,40,41,42,-1,42,41,43,-1,42,43,44,-1,45,46,43,-1,43,46,47,-1,43,47,44,-1,44,47,48,-1,48,47,49,-1,49,47,50,-1,49,50,51,-1,52,53,50,-1,50,53,41,-1,50,41,51,-1,51,41,40,-1,54,55,56,-1,56,55,57,-1,56,57,58,-1,59,58,60,-1,60,58,57,-1,60,57,61,-1,61,57,62,-1,59,60,63,-1,63,60,64,-1,63,64,65,-1,66,67,64,-1,64,67,55,-1,64,55,65,-1,65,55,54,-1,68,69,70,-1,70,69,71,-1,70,71,72,-1,73,72,74,-1,74,72,71,-1,74,71,75,-1,75,71,76,-1,73,74,77,-1,77,74,78,-1,77,78,79,-1,68,79,69,-1,69,79,78,-1,69,78,80,-1,80,78,81,-1,82,83,84,-1,84,83,85,-1,84,85,86,-1,86,85,87,-1,82,84,88,-1,88,84,89,-1,88,89,90,-1,91,92,89,-1,89,92,93,-1,89,93,90,-1,90,93,94,-1,94,93,95,-1,95,93,85,-1,95,85,83,-1,96,97,98,-1,98,97,99,-1,98,99,100,-1,100,99,101,-1,101,99,102,-1,102,99,103,-1,102,103,104,-1,105,104,103,-1,106,107,103,-1,103,107,108,-1,103,108,105,-1,105,108,109,-1,109,108,98,-1,109,98,100,-1,110,111,112,-1,112,111,113,-1,112,113,114,-1,115,116,113,-1,113,116,117,-1,113,117,114,-1,114,117,118,-1,118,117,119,-1,119,117,120,-1,119,120,121,-1,110,121,111,-1,111,121,120,-1,111,120,122,-1,122,120,123,-1,124,125,126,-1,126,125,127,-1,126,127,128,-1,129,128,130,-1,130,128,127,-1,130,127,131,-1,131,127,132,-1,129,130,133,-1,133,130,134,-1,133,134,135,-1,136,137,134,-1,134,137,125,-1,134,125,135,-1,135,125,124,-1,
        ]
    }
}
Shape{
    appearance Appearance {
        material  Material 	{
            diffuseColor 0.7529411764705882 0.7529411764705882 0.7529411764705882
            specularColor 0.6627450980392157 0.6627450980392157 0.6627450980392157
            ambientIntensity 0.2
            transparency 0
            shininess 0.5
        }
    }
    geometry IndexedFaceSet {
        ccw TRUE
        solid FALSE
        coord DEF co Coordinate {
            point [
                -0.5965 0.1677 0.2139, -0.5965 0.1575 0.2126, -0.5965 0.2362 0.0866, -0.5965 0.1969 -0.0, -0.5965 0.1123 0.0924, -0.5965 0.1083 0.0893, -0.5965 0.9528 0.0866, -0.5965 0.9528 0.2126, -0.5965 0.7815 0.0866, -0.5965 0.6437 0.2126, -0.5965 0.7713 0.0853, -0.5965 0.6136 0.2241, -0.5965 0.6064 0.2323, -0.5965 0.5476 0.0853, -0.5965 0.1174 0.1012, -0.5965 0.1155 0.0965, -0.5965 -0.0197 0.0669, -0.5965 -0.0197 0.0197, -0.5965 -0.0 0.0866, -0.5965 0.0 0.0, -0.5965 0.0984 0.0866, -0.5965 0.1035 0.0873, -0.5965 0.1916 0.2323, -0.5965 0.1853 0.2241, -0.5965 0.7474 0.0669, -0.5965 0.7537 0.0751, -0.5965 0.5754 0.0574, -0.5965 0.1191 0.182, -0.5965 0.1181 0.1732, -0.5965 0.1181 0.1063, -0.5965 0.5374 0.0866, -0.5965 0.1772 0.2179, -0.5965 0.7618 0.0813, -0.5965 0.5715 0.0669, -0.5965 0.5652 0.0751, -0.5965 0.5571 0.0813, -0.5965 0.6328 0.2139, -0.5965 0.6226 0.2178, -0.5965 0.5768 0.0472, -0.5965 0.7421 0.0472, -0.5965 0.7435 0.0574, -0.5965 0.1487 0.2116, -0.5965 0.1404 0.2087, -0.5965 0.1329 0.204, -0.5965 0.1267 0.1978, -0.5965 0.122 0.1903, -0.6437 0.6064 0.2323, -0.6437 0.6136 0.2241, -0.6437 0.6226 0.2178, -0.6437 0.6328 0.2139, -0.6437 0.6437 0.2126, -0.6437 0.9528 0.2126, -0.6437 0.9528 0.0866, -0.6437 0.7815 0.0866, -0.6437 0.7713 0.0853, -0.6437 0.0 0.0, -0.6437 -0.0197 0.0197, -0.6437 -0.0197 0.0669, -0.6437 -0.0 0.0866, -0.6437 0.0984 0.0866, -0.6437 0.1969 0.0, -0.6437 0.1035 0.0873, -0.6437 0.1083 0.0893, -0.6437 0.1123 0.0924, -0.6437 0.1155 0.0965, -0.6437 0.2362 0.0866, -0.6437 0.1174 0.1012, -0.6437 0.1853 0.2241, -0.6437 0.5374 0.0866, -0.6437 0.1772 0.2179, -0.6437 0.1677 0.2139, -0.6437 0.1575 0.2126, -0.6437 0.1916 0.2323, -0.6437 0.5476 0.0853, -0.6437 0.5571 0.0813, -0.6437 0.5652 0.0751, -0.6437 0.5715 0.0669, -0.6437 0.5754 0.0574, -0.6437 0.7618 0.0813, -0.6437 0.7537 0.0751, -0.6437 0.7421 0.0472, -0.6437 0.5768 0.0472, -0.6437 0.7435 0.0574, -0.6437 0.7474 0.0669, -0.6437 0.1181 0.1063, -0.6437 0.1181 0.1732, -0.6437 0.1191 0.182, -0.6437 0.122 0.1903, -0.6437 0.1267 0.1978, -0.6437 0.1329 0.204, -0.6437 0.1404 0.2087, -0.6437 0.1487 0.2116, -0.6437 0.1487 0.2116
            ]
        }
        coordIndex [
            0,1,2,-1,3,4,5,-1,6,7,8,-1,8,7,9,-1,8,9,10,-1,11,12,13,-1,2,14,3,-1,3,14,15,-1,3,15,4,-1,16,17,18,-1,18,17,19,-1,18,19,20,-1,20,19,3,-1,20,3,21,-1,21,3,5,-1,12,22,23,-1,24,25,26,-1,27,28,2,-1,2,28,29,-1,2,29,14,-1,13,12,30,-1,30,12,23,-1,30,23,2,-1,2,23,31,-1,2,31,0,-1,25,32,26,-1,26,32,10,-1,26,10,33,-1,33,10,34,-1,34,10,9,-1,34,9,35,-1,35,9,36,-1,35,36,13,-1,13,36,37,-1,13,37,11,-1,38,39,26,-1,26,39,40,-1,26,40,24,-1,1,41,2,-1,2,41,42,-1,2,42,43,-1,43,44,2,-1,2,44,45,-1,2,45,27,-1,46,12,47,-1,47,12,11,-1,47,11,48,-1,48,11,37,-1,48,37,49,-1,49,37,36,-1,49,36,50,-1,50,36,9,-1,51,52,50,-1,50,52,53,-1,50,53,54,-1,55,56,57,-1,57,58,55,-1,55,58,59,-1,55,59,60,-1,60,59,61,-1,60,61,62,-1,62,63,60,-1,60,63,64,-1,60,64,65,-1,65,64,66,-1,67,68,69,-1,69,68,65,-1,69,65,70,-1,70,65,71,-1,67,72,68,-1,68,72,46,-1,68,46,73,-1,46,47,73,-1,73,47,48,-1,73,48,74,-1,74,48,49,-1,74,49,75,-1,75,49,50,-1,75,50,76,-1,76,50,54,-1,76,54,77,-1,77,54,78,-1,77,78,79,-1,80,81,82,-1,82,81,77,-1,82,77,83,-1,83,77,79,-1,66,84,65,-1,65,84,85,-1,65,85,86,-1,86,87,65,-1,65,87,88,-1,65,88,89,-1,89,90,65,-1,65,90,91,-1,65,91,71,-1,71,1,70,-1,70,1,0,-1,70,0,69,-1,69,0,31,-1,69,31,67,-1,67,31,23,-1,67,23,72,-1,72,23,22,-1,
        ]
    }
}
Shape{
    appearance Appearance {
        material  Material 	{
            diffuseColor 1.0 1.0 1.0
            specularColor 0.5019607843137255 0.5019607843137255 0.5019607843137255
            ambientIntensity 0.2
            transparency 0
            shininess 0.5
        }
    }
    geometry IndexedFaceSet {
        ccw TRUE
        solid FALSE
        coord DEF co Coordinate {
            point [
                -5.6791 1.1614 2.0472, -5.6791 1.1614 0.2323, -5.6791 1.1385 0.2323, -5.6791 0.1378 0.2323, -5.6791 0.1378 2.0118, -5.6791 0.1732 2.0472, -5.6201 0.0787 1.9527, -5.5531 0.0787 1.9527, -5.5379 0.1732 2.0472, -5.502 0.5591 1.9738, -5.502 0.7756 1.7323, -5.502 0.5591 2.0472, -5.502 0.9606 1.9509, -5.502 1.063 2.0472, -5.502 0.783 1.6895, -5.502 0.779 1.6966, -5.502 0.5591 1.3167, -5.502 0.7764 1.7044, -5.502 0.7756 1.7126, -5.502 0.9606 0.9685, -5.502 0.9606 1.6063, -5.502 0.5591 0.9685, -5.502 0.874 1.6063, -5.502 0.7885 1.6834, -0.1339 0.9606 1.9509, 0.128 0.9606 1.9509, 0.128 1.063 2.0472, -5.2402 0.9606 1.9509, 0.128 0.5591 2.0472, 0.128 0.5591 1.9738, 0.128 0.7756 1.7323, 0.128 0.7756 1.7126, 0.128 0.5591 1.3167, 0.128 0.7765 1.7044, 0.128 0.779 1.6965, 0.128 0.9606 1.6063, 0.128 0.9606 0.9685, 0.128 0.874 1.6063, 0.128 0.5591 0.9685, 0.128 0.7886 1.6834, 0.128 0.7832 1.6894, 0.1791 0.0787 1.9527, 0.2461 0.0787 1.9527, 0.1639 0.1732 2.0472, 0.3051 0.1378 2.0118, 0.3051 0.1732 2.0472, 0.3051 1.1385 0.2323, 0.3051 1.1614 0.2323, 0.3051 1.1614 2.0472, 0.3051 0.1378 0.2323, -5.6004 1.2402 0.2323, -5.6004 1.2402 2.0472, -4.5335 0.1916 0.2323, -4.5335 0.6064 0.2323, -4.5276 0.1693 0.2323, -4.5276 1.1496 0.2323, -4.5276 1.1385 0.2323, -4.5837 1.1385 0.2323, 0.2264 1.2402 0.2323, -5.312 1.1385 0.2323, -5.3799 1.1385 0.2323, -5.312 1.2402 0.2323, -5.3799 1.1496 0.2323, -5.502 1.1496 0.2323, -5.502 1.1385 0.2323, -5.502 0.1693 0.2323, -5.3799 0.1693 0.2323, -5.312 0.0787 0.2323, -5.6201 0.0787 0.2323, -5.315 1.1273 0.2323, -5.374 1.1273 0.2323, -5.374 0.1916 0.2323, -5.315 0.1916 0.2323, 0.2165 1.2402 0.2323, 0.2165 1.1385 0.2323, 0.2165 0.0787 0.2323, 0.2461 0.0787 0.2323, -3.5994 1.2402 0.2323, -3.6024 1.1496 0.2323, -3.7431 1.2402 0.2323, -3.7402 1.1496 0.2323, -3.7431 1.1385 0.2323, -3.7402 1.1385 0.2323, -3.7402 0.1693 0.2323, -3.6024 1.1385 0.2323, -3.5994 1.1385 0.2323, -3.6024 0.1693 0.2323, -3.5994 0.0787 0.2323, -3.7431 0.0787 0.2323, -4.5837 1.2402 0.2323, -4.3898 1.1496 0.2323, -4.3868 1.2402 0.2323, -4.5807 0.1916 0.2323, -4.5837 0.0787 0.2323, -4.5807 0.6064 0.2323, -4.3898 1.1385 0.2323, -4.3868 1.1385 0.2323, -4.3898 0.1693 0.2323, -4.3868 0.0787 0.2323, -4.1368 1.2402 0.2323, -3.9931 1.2402 0.2323, -3.9961 1.1496 0.2323, -4.1339 1.1496 0.2323, -4.1339 1.1385 0.2323, -4.1368 1.1385 0.2323, -4.1339 0.1693 0.2323, -2.1654 1.1496 0.2323, -2.1654 1.1385 0.2323, -2.1683 1.1385 0.2323, -2.1654 0.1693 0.2323, -2.1683 1.2402 0.2323, -2.0246 1.2402 0.2323, -2.0276 1.1496 0.2323, -3.2087 1.1496 0.2323, -3.2057 1.2402 0.2323, -3.2057 1.1385 0.2323, -3.3494 1.2402 0.2323, -3.3465 1.1496 0.2323, -3.3465 1.1385 0.2323, -3.3494 1.1385 0.2323, -3.3465 0.1693 0.2323, -1.378 1.1496 0.2323, -1.378 1.1385 0.2323, -1.3809 1.1385 0.2323, -1.378 0.1693 0.2323, -1.2343 0.3503 0.2323, -1.187 0.3503 0.2323, -1.1841 0.0787 0.2323, -1.187 0.6064 0.2323, -1.1841 1.1385 0.2323, -1.2402 1.1385 0.2323, -1.1841 1.2402 0.2323, -1.2402 1.1496 0.2323, -1.3809 1.2402 0.2323, -4.5866 1.1496 0.2323, -4.7274 1.2402 0.2323, -4.7244 1.1496 0.2323, -4.7244 1.1385 0.2323, -4.7274 1.1385 0.2323, -4.7244 0.1693 0.2323, -1.5778 1.2402 0.2323, -1.4341 1.2402 0.2323, -1.437 1.1496 0.2323, -1.5748 1.1496 0.2323, -1.5748 1.1385 0.2323, -1.5778 1.1385 0.2323, -1.5748 0.1693 0.2323, -0.6496 1.1496 0.2323, -0.6467 1.2402 0.2323, -0.6467 1.1385 0.2323, -0.7904 1.2402 0.2323, -0.7874 1.1496 0.2323, -0.7874 1.1385 0.2323, -0.7904 1.1385 0.2323, -0.7874 0.1693 0.2323, -4.9242 1.2402 0.2323, -4.7805 1.2402 0.2323, -4.7835 1.1496 0.2323, -4.9213 1.1496 0.2323, -4.9213 1.1385 0.2323, -4.9242 1.1385 0.2323, -4.9213 0.1693 0.2323, -4.3307 1.1496 0.2323, -4.3307 1.1385 0.2323, -4.3337 1.1385 0.2323, -4.3307 0.1693 0.2323, -4.3337 1.2402 0.2323, -4.19 1.2402 0.2323, -4.1929 1.1496 0.2323, -3.1555 0.6064 0.2323, -3.2028 0.6064 0.2323, -3.2057 0.0787 0.2323, -3.2028 0.3503 0.2323, -3.1496 0.1693 0.2323, -3.0089 0.0787 0.2323, -3.0118 0.1693 0.2323, -3.0089 1.1385 0.2323, -3.0118 1.1385 0.2323, -3.1555 0.3503 0.2323, -3.1496 1.1385 0.2323, -3.1496 1.1496 0.2323, -3.0118 1.1496 0.2323, -3.0089 1.2402 0.2323, -3.937 1.1496 0.2323, -3.937 1.1385 0.2323, -3.94 1.1385 0.2323, -3.937 0.1693 0.2323, -3.7461 0.6064 0.2323, -3.7933 0.6064 0.2323, -3.7992 1.1385 0.2323, -3.7992 0.1693 0.2323, -3.7933 0.1916 0.2323, -3.7461 0.1916 0.2323, -3.7992 1.1496 0.2323, -3.94 1.2402 0.2323, -1.0404 1.2402 0.2323, -1.0433 1.1496 0.2323, -1.1811 1.1496 0.2323, -1.1811 1.1385 0.2323, -1.1811 0.1693 0.2323, -1.0433 1.1385 0.2323, -1.0404 1.1385 0.2323, -1.0433 0.1693 0.2323, -1.0404 0.0787 0.2323, -1.2343 0.6064 0.2323, -1.2402 0.1693 0.2323, -2.2244 1.1385 0.2323, -2.2215 1.1385 0.2323, -2.2244 0.1693 0.2323, -2.2215 0.0787 0.2323, -2.3622 0.1693 0.2323, -2.3652 0.0787 0.2323, -2.3652 1.1385 0.2323, -2.2215 1.2402 0.2323, -2.2244 1.1496 0.2323, -2.3652 1.2402 0.2323, -2.3622 1.1496 0.2323, -2.3622 1.1385 0.2323, -0.3967 1.2402 0.2323, -0.062 1.2402 0.2323, -0.065 1.1496 0.2323, -0.3937 1.1496 0.2323, -0.3937 1.1385 0.2323, -0.3967 1.1385 0.2323, -0.3937 0.1693 0.2323, 0.003 1.2402 0.2323, 0.128 1.1496 0.2323, 0.0059 1.1496 0.2323, 0.0059 1.1385 0.2323, 0.003 1.1385 0.2323, 0.0059 0.1693 0.2323, 0.128 1.1385 0.2323, 0.128 0.1693 0.2323, 0.003 0.0787 0.2323, -0.9872 1.2402 0.2323, -0.8435 1.2402 0.2323, -0.8465 1.1496 0.2323, -0.9843 1.1496 0.2323, -0.9843 1.1385 0.2323, -0.9872 1.1385 0.2323, -0.9843 0.1693 0.2323, -1.6309 1.2402 0.2323, -1.6339 1.1496 0.2323, -1.7746 1.2402 0.2323, -1.7717 1.1496 0.2323, -1.7746 1.1385 0.2323, -1.7717 1.1385 0.2323, -1.7717 0.1693 0.2323, -1.6339 1.1385 0.2323, -1.6309 1.1385 0.2323, -1.6339 0.1693 0.2323, -1.6309 0.0787 0.2323, -1.7746 0.0787 0.2323, -1.9685 1.1496 0.2323, -1.9685 1.1385 0.2323, -1.9715 1.1385 0.2323, -1.9685 0.1693 0.2323, -1.7776 0.6064 0.2323, -1.8248 0.6064 0.2323, -1.8307 1.1385 0.2323, -1.8307 0.1693 0.2323, -1.8248 0.1916 0.2323, -1.7776 0.1916 0.2323, -1.8307 1.1496 0.2323, -1.9715 1.2402 0.2323, -2.9528 1.1496 0.2323, -2.9528 1.1385 0.2323, -2.9557 1.1385 0.2323, -2.9528 0.1693 0.2323, -2.9557 1.2402 0.2323, -2.812 1.2402 0.2323, -2.815 1.1496 0.2323, -0.5965 0.6064 0.2323, -0.6437 0.6064 0.2323, -0.6467 0.0787 0.2323, -0.4528 1.1385 0.2323, -0.4498 1.1385 0.2323, -0.4528 0.1693 0.2323, -0.4498 0.0787 0.2323, -0.5906 0.1693 0.2323, -0.6437 0.1916 0.2323, -0.5965 0.1916 0.2323, -0.5906 1.1385 0.2323, -0.5906 1.1496 0.2323, -0.4528 1.1496 0.2323, -0.4498 1.2402 0.2323, -2.7589 1.2402 0.2323, -2.6152 1.2402 0.2323, -2.6181 1.1496 0.2323, -2.6152 1.1385 0.2323, -2.6181 1.1385 0.2323, -2.7559 1.1496 0.2323, -2.7559 1.1385 0.2323, -2.7589 1.1385 0.2323, -2.7559 0.1693 0.2323, -4.9774 1.2402 0.2323, -4.9803 1.1496 0.2323, -5.3091 1.1496 0.2323, -5.3091 1.1385 0.2323, -5.3091 0.1693 0.2323, -4.9803 1.1385 0.2323, -4.9774 1.1385 0.2323, -4.9803 0.1693 0.2323, -4.9774 0.0787 0.2323, -2.565 0.6064 0.2323, -2.6122 0.6064 0.2323, -2.6152 0.0787 0.2323, -2.3681 0.6064 0.2323, -2.4154 0.6064 0.2323, -2.4213 1.1385 0.2323, -2.4213 0.1693 0.2323, -2.4154 0.3503 0.2323, -2.5591 0.1693 0.2323, -2.6122 0.1916 0.2323, -2.3681 0.3503 0.2323, -2.4213 1.1496 0.2323, -2.5591 1.1496 0.2323, -2.5591 1.1385 0.2323, -2.565 0.1916 0.2323, -3.5433 1.1496 0.2323, -3.5433 1.1385 0.2323, -3.5463 1.1385 0.2323, -3.5433 0.1693 0.2323, -3.5463 1.2402 0.2323, -3.4026 1.2402 0.2323, -3.4055 1.1496 0.2323, -4.7835 1.1385 0.2323, -4.7805 1.1385 0.2323, -4.7835 0.1693 0.2323, -4.7805 0.0787 0.2323, -4.9242 0.0787 0.2323, -4.9272 0.6064 0.2323, -4.9744 0.6064 0.2323, -4.9744 0.1916 0.2323, -4.9272 0.1916 0.2323, -4.7274 0.0787 0.2323, -4.7303 0.3503 0.2323, -4.7303 0.6064 0.2323, -4.7776 0.3503 0.2323, -4.7776 0.6064 0.2323, -4.5866 0.1693 0.2323, -4.5866 1.1385 0.2323, -4.1929 1.1385 0.2323, -4.19 1.1385 0.2323, -4.1929 0.1693 0.2323, -4.19 0.0787 0.2323, -4.3337 0.0787 0.2323, -4.3366 0.6064 0.2323, -4.3839 0.6064 0.2323, -4.3839 0.3503 0.2323, -4.3366 0.3503 0.2323, -3.9961 1.1385 0.2323, -3.9931 1.1385 0.2323, -3.9961 0.1693 0.2323, -3.9931 0.0787 0.2323, -4.1368 0.0787 0.2323, -4.1398 0.6064 0.2323, -4.187 0.6064 0.2323, -4.187 0.1916 0.2323, -4.1398 0.1916 0.2323, -3.94 0.0787 0.2323, -3.9429 0.6064 0.2323, -3.9902 0.6064 0.2323, -3.9902 0.3503 0.2323, -3.9429 0.3503 0.2323, -3.4055 1.1385 0.2323, -3.4026 1.1385 0.2323, -3.4055 0.1693 0.2323, -3.4026 0.0787 0.2323, -3.5463 0.0787 0.2323, -3.5492 0.6064 0.2323, -3.5965 0.6064 0.2323, -3.5965 0.3503 0.2323, -3.5492 0.3503 0.2323, -3.3494 0.0787 0.2323, -3.3524 0.1916 0.2323, -3.3524 0.6064 0.2323, -3.3996 0.1916 0.2323, -3.3996 0.6064 0.2323, -3.2087 0.1693 0.2323, -3.2087 1.1385 0.2323, -2.815 1.1385 0.2323, -2.812 1.1385 0.2323, -2.815 0.1693 0.2323, -2.812 0.0787 0.2323, -2.9557 0.0787 0.2323, -2.9587 0.6064 0.2323, -3.0059 0.6064 0.2323, -3.0059 0.1916 0.2323, -2.9587 0.1916 0.2323, -2.6181 0.1693 0.2323, -2.7589 0.0787 0.2323, -2.7618 0.6064 0.2323, -2.8091 0.6064 0.2323, -2.8091 0.3503 0.2323, -2.7618 0.3503 0.2323, -2.0276 1.1385 0.2323, -2.0246 1.1385 0.2323, -2.0276 0.1693 0.2323, -2.0246 0.0787 0.2323, -2.1683 0.0787 0.2323, -2.1713 0.6064 0.2323, -2.2185 0.6064 0.2323, -2.2185 0.1916 0.2323, -2.1713 0.1916 0.2323, -1.9715 0.0787 0.2323, -1.9744 0.6064 0.2323, -2.0217 0.6064 0.2323, -2.0217 0.3503 0.2323, -1.9744 0.3503 0.2323, -1.437 1.1385 0.2323, -1.4341 1.1385 0.2323, -1.437 0.1693 0.2323, -1.4341 0.0787 0.2323, -1.5778 0.0787 0.2323, -1.5807 0.6064 0.2323, -1.628 0.6064 0.2323, -1.628 0.3503 0.2323, -1.5807 0.3503 0.2323, -1.3809 0.0787 0.2323, -1.3839 0.6064 0.2323, -1.4311 0.6064 0.2323, -1.4311 0.1916 0.2323, -1.3839 0.1916 0.2323, -0.8465 1.1385 0.2323, -0.8435 1.1385 0.2323, -0.8465 0.1693 0.2323, -0.8435 0.0787 0.2323, -0.9872 0.0787 0.2323, -0.9902 0.6064 0.2323, -1.0374 0.6064 0.2323, -1.0374 0.1916 0.2323, -0.9902 0.1916 0.2323, -0.7904 0.0787 0.2323, -0.7933 0.3503 0.2323, -0.7933 0.6064 0.2323, -0.8406 0.3503 0.2323, -0.8406 0.6064 0.2323, -0.6496 0.1693 0.2323, -0.6496 1.1385 0.2323, -0.065 0.1693 0.2323, -0.062 0.0787 0.2323, -0.3967 0.0787 0.2323, -0.3996 0.6064 0.2323, -0.4469 0.6064 0.2323, -0.4469 0.3503 0.2323, -0.3996 0.3503 0.2323, -0.062 1.1385 0.2323, -0.0591 1.1273 0.2323, -0.0591 0.1916 0.2323, 0.0 1.1273 0.2323, 0.0 0.1916 0.2323, -0.065 1.1385 0.2323, 0.2264 1.2402 2.0472, 0.1398 0.3228 2.0472, -5.5138 0.3228 2.0472, -5.5138 0.3228 2.0472
            ]
        }
        coordIndex [
            0,1,2,-1,3,4,2,-1,2,4,5,-1,2,5,0,-1,6,7,4,-1,4,7,8,-1,4,8,5,-1,9,10,11,-1,11,10,12,-1,11,12,13,-1,14,15,16,-1,16,15,17,-1,16,17,9,-1,9,17,18,-1,9,18,10,-1,19,20,21,-1,21,20,22,-1,21,22,16,-1,16,22,23,-1,16,23,14,-1,24,25,26,-1,24,26,27,-1,27,26,13,-1,27,13,12,-1,28,26,25,-1,28,25,29,-1,25,30,29,-1,29,30,31,-1,29,31,32,-1,32,31,33,-1,32,33,34,-1,35,36,37,-1,37,36,38,-1,37,38,39,-1,39,38,32,-1,39,32,40,-1,40,32,34,-1,41,42,43,-1,43,42,44,-1,43,44,45,-1,46,47,48,-1,49,46,44,-1,44,46,48,-1,44,48,45,-1,50,1,51,-1,51,1,0,-1,52,53,54,-1,55,56,57,-1,58,47,46,-1,59,60,61,-1,61,60,62,-1,61,62,50,-1,50,62,63,-1,50,63,1,-1,1,63,64,-1,65,3,64,-1,64,3,2,-1,64,2,1,-1,66,67,65,-1,65,67,68,-1,65,68,3,-1,59,69,60,-1,60,69,70,-1,60,70,71,-1,72,67,71,-1,71,67,66,-1,71,66,60,-1,73,58,74,-1,74,58,46,-1,74,46,75,-1,75,46,49,-1,75,49,76,-1,77,78,79,-1,79,78,80,-1,79,80,81,-1,81,80,82,-1,81,82,83,-1,84,85,86,-1,86,85,87,-1,86,87,83,-1,83,87,88,-1,83,88,81,-1,55,89,90,-1,90,89,91,-1,92,93,94,-1,94,93,57,-1,94,57,53,-1,53,57,56,-1,53,56,54,-1,95,96,97,-1,97,96,98,-1,97,98,54,-1,54,98,93,-1,54,93,52,-1,52,93,92,-1,99,100,101,-1,102,103,104,-1,104,103,105,-1,106,107,108,-1,108,107,109,-1,110,111,112,-1,113,114,115,-1,114,113,116,-1,117,118,119,-1,119,118,120,-1,121,122,123,-1,123,122,124,-1,125,126,127,-1,127,126,128,-1,129,130,131,-1,131,130,132,-1,131,132,133,-1,55,57,89,-1,89,57,134,-1,89,134,135,-1,136,137,138,-1,138,137,139,-1,140,141,142,-1,143,144,145,-1,145,144,146,-1,147,148,149,-1,148,147,150,-1,151,152,153,-1,153,152,154,-1,155,156,157,-1,158,159,160,-1,160,159,161,-1,162,163,164,-1,164,163,165,-1,166,167,168,-1,115,169,170,-1,115,170,171,-1,170,172,171,-1,171,172,173,-1,171,173,174,-1,174,173,175,-1,174,175,176,-1,176,175,177,-1,172,178,173,-1,173,178,169,-1,173,169,179,-1,179,169,115,-1,179,115,180,-1,180,115,114,-1,180,114,181,-1,181,114,182,-1,183,184,185,-1,185,184,186,-1,187,188,189,-1,189,188,190,-1,191,192,88,-1,88,192,187,-1,88,187,81,-1,81,187,189,-1,81,189,79,-1,79,189,193,-1,79,193,194,-1,195,196,131,-1,131,196,197,-1,131,197,129,-1,129,197,198,-1,129,198,199,-1,200,201,202,-1,202,201,203,-1,202,203,199,-1,199,203,127,-1,199,127,129,-1,129,127,128,-1,129,128,130,-1,130,128,204,-1,130,204,205,-1,206,207,208,-1,208,207,209,-1,208,209,210,-1,210,209,211,-1,210,211,212,-1,213,214,215,-1,215,214,216,-1,215,216,212,-1,212,216,217,-1,212,217,210,-1,218,219,220,-1,221,222,223,-1,223,222,224,-1,225,73,226,-1,227,228,229,-1,229,228,230,-1,226,73,231,-1,231,73,74,-1,231,74,232,-1,232,74,75,-1,232,75,230,-1,230,75,233,-1,230,233,229,-1,234,235,236,-1,237,238,239,-1,239,238,240,-1,241,242,243,-1,243,242,244,-1,243,244,245,-1,245,244,246,-1,245,246,247,-1,248,249,250,-1,250,249,251,-1,250,251,247,-1,247,251,252,-1,247,252,245,-1,253,254,255,-1,255,254,256,-1,257,258,259,-1,259,258,260,-1,261,262,252,-1,252,262,257,-1,252,257,245,-1,245,257,259,-1,245,259,243,-1,243,259,263,-1,243,263,264,-1,265,266,267,-1,267,266,268,-1,269,270,271,-1,272,273,149,-1,149,273,274,-1,275,276,277,-1,277,276,278,-1,277,278,279,-1,279,278,274,-1,273,280,274,-1,274,280,281,-1,274,281,279,-1,279,281,272,-1,279,272,282,-1,282,272,149,-1,282,149,283,-1,283,149,148,-1,283,148,284,-1,284,148,285,-1,286,287,288,-1,288,287,289,-1,288,289,290,-1,291,292,293,-1,293,292,294,-1,295,296,61,-1,61,296,297,-1,61,297,59,-1,59,297,298,-1,59,298,299,-1,300,301,302,-1,302,301,303,-1,302,303,299,-1,299,303,67,-1,299,67,59,-1,59,67,72,-1,59,72,69,-1,289,304,305,-1,289,305,306,-1,307,308,309,-1,309,308,310,-1,308,311,310,-1,310,311,211,-1,310,211,312,-1,312,211,306,-1,312,306,313,-1,313,306,305,-1,311,314,211,-1,211,314,307,-1,211,307,212,-1,212,307,309,-1,212,309,215,-1,215,309,315,-1,215,315,287,-1,287,315,316,-1,287,316,289,-1,289,316,317,-1,289,317,304,-1,304,317,312,-1,304,312,318,-1,318,312,313,-1,319,320,321,-1,321,320,322,-1,323,324,325,-1,326,327,328,-1,328,327,329,-1,328,329,161,-1,161,329,330,-1,161,330,160,-1,160,330,331,-1,160,331,301,-1,301,331,332,-1,301,332,303,-1,303,332,333,-1,303,333,330,-1,330,333,334,-1,330,334,331,-1,300,296,301,-1,301,296,295,-1,301,295,160,-1,160,295,155,-1,160,155,158,-1,158,155,157,-1,335,336,337,-1,336,335,338,-1,338,335,329,-1,338,329,339,-1,339,329,327,-1,339,327,337,-1,337,327,138,-1,337,138,335,-1,335,138,139,-1,335,139,93,-1,93,139,340,-1,93,340,57,-1,57,340,341,-1,57,341,134,-1,326,157,327,-1,327,157,156,-1,327,156,138,-1,138,156,135,-1,138,135,136,-1,136,135,134,-1,342,343,344,-1,344,343,345,-1,344,345,165,-1,165,345,346,-1,165,346,164,-1,164,346,347,-1,164,347,96,-1,96,347,348,-1,96,348,98,-1,98,348,349,-1,98,349,346,-1,346,349,350,-1,346,350,347,-1,95,90,96,-1,96,90,91,-1,96,91,164,-1,164,91,166,-1,164,166,162,-1,162,166,168,-1,351,352,353,-1,353,352,354,-1,353,354,105,-1,105,354,355,-1,105,355,104,-1,104,355,356,-1,104,356,343,-1,343,356,357,-1,343,357,345,-1,345,357,358,-1,345,358,355,-1,355,358,359,-1,355,359,356,-1,342,168,343,-1,343,168,167,-1,343,167,104,-1,104,167,99,-1,104,99,102,-1,102,99,101,-1,188,191,190,-1,190,191,88,-1,190,88,186,-1,186,88,360,-1,186,360,185,-1,185,360,361,-1,185,361,352,-1,352,361,362,-1,352,362,354,-1,354,362,363,-1,354,363,360,-1,360,363,364,-1,360,364,361,-1,351,101,352,-1,352,101,100,-1,352,100,185,-1,185,100,194,-1,185,194,183,-1,183,194,193,-1,365,366,367,-1,367,366,368,-1,367,368,322,-1,322,368,369,-1,322,369,321,-1,321,369,370,-1,321,370,85,-1,85,370,371,-1,85,371,87,-1,87,371,372,-1,87,372,369,-1,369,372,373,-1,369,373,370,-1,84,78,85,-1,85,78,77,-1,85,77,321,-1,321,77,323,-1,321,323,319,-1,319,323,325,-1,374,375,376,-1,375,374,377,-1,377,374,368,-1,377,368,378,-1,378,368,366,-1,378,366,376,-1,376,366,119,-1,376,119,374,-1,374,119,120,-1,374,120,171,-1,171,120,379,-1,171,379,115,-1,115,379,380,-1,115,380,113,-1,365,325,366,-1,366,325,324,-1,366,324,119,-1,119,324,116,-1,119,116,117,-1,117,116,113,-1,381,382,383,-1,383,382,384,-1,383,384,268,-1,268,384,385,-1,268,385,267,-1,267,385,386,-1,267,386,176,-1,176,386,387,-1,176,387,174,-1,174,387,388,-1,174,388,385,-1,385,388,389,-1,385,389,386,-1,177,181,176,-1,176,181,182,-1,176,182,267,-1,267,182,269,-1,267,269,265,-1,265,269,271,-1,290,289,390,-1,390,289,306,-1,390,306,294,-1,294,306,391,-1,294,391,293,-1,293,391,392,-1,293,392,382,-1,382,392,393,-1,382,393,384,-1,384,393,394,-1,384,394,391,-1,391,394,395,-1,391,395,392,-1,381,271,382,-1,382,271,270,-1,382,270,293,-1,293,270,286,-1,293,286,291,-1,291,286,288,-1,396,397,398,-1,398,397,399,-1,398,399,109,-1,109,399,400,-1,109,400,108,-1,108,400,401,-1,108,401,207,-1,207,401,402,-1,207,402,209,-1,209,402,403,-1,209,403,400,-1,400,403,404,-1,400,404,401,-1,206,214,207,-1,207,214,213,-1,207,213,108,-1,108,213,110,-1,108,110,106,-1,106,110,112,-1,258,261,260,-1,260,261,252,-1,260,252,256,-1,256,252,405,-1,256,405,255,-1,255,405,406,-1,255,406,397,-1,397,406,407,-1,397,407,399,-1,399,407,408,-1,399,408,405,-1,405,408,409,-1,405,409,406,-1,396,112,397,-1,397,112,111,-1,397,111,255,-1,255,111,264,-1,255,264,253,-1,253,264,263,-1,410,411,412,-1,412,411,413,-1,412,413,146,-1,146,413,414,-1,146,414,145,-1,145,414,415,-1,145,415,249,-1,249,415,416,-1,249,416,251,-1,251,416,417,-1,251,417,414,-1,414,417,418,-1,414,418,415,-1,248,242,249,-1,249,242,241,-1,249,241,145,-1,145,241,140,-1,145,140,143,-1,143,140,142,-1,204,125,205,-1,205,125,127,-1,205,127,124,-1,124,127,419,-1,124,419,123,-1,123,419,420,-1,123,420,411,-1,411,420,421,-1,411,421,413,-1,413,421,422,-1,413,422,419,-1,419,422,423,-1,419,423,420,-1,410,142,411,-1,411,142,141,-1,411,141,123,-1,123,141,133,-1,123,133,121,-1,121,133,132,-1,424,425,426,-1,426,425,427,-1,426,427,240,-1,240,427,428,-1,240,428,239,-1,239,428,429,-1,239,429,201,-1,201,429,430,-1,201,430,203,-1,203,430,431,-1,203,431,428,-1,428,431,432,-1,428,432,429,-1,200,196,201,-1,201,196,195,-1,201,195,239,-1,239,195,234,-1,239,234,237,-1,237,234,236,-1,433,434,435,-1,434,433,436,-1,436,433,427,-1,436,427,437,-1,437,427,425,-1,437,425,435,-1,435,425,153,-1,435,153,433,-1,433,153,154,-1,433,154,274,-1,274,154,438,-1,274,438,149,-1,149,438,439,-1,149,439,147,-1,424,236,425,-1,425,236,235,-1,425,235,153,-1,153,235,150,-1,153,150,151,-1,151,150,147,-1,440,441,224,-1,224,441,442,-1,224,442,223,-1,223,442,443,-1,223,443,276,-1,276,443,444,-1,276,444,278,-1,278,444,445,-1,278,445,442,-1,442,445,446,-1,442,446,443,-1,275,284,276,-1,276,284,285,-1,276,285,223,-1,223,285,218,-1,223,218,221,-1,221,218,220,-1,447,448,449,-1,448,447,450,-1,450,447,229,-1,450,229,451,-1,451,229,233,-1,451,233,449,-1,449,233,441,-1,449,441,447,-1,447,441,440,-1,447,440,452,-1,452,220,447,-1,447,220,219,-1,447,219,229,-1,229,219,225,-1,229,225,227,-1,227,225,226,-1,47,58,48,-1,48,58,453,-1,454,43,45,-1,11,5,455,-1,455,5,8,-1,454,45,28,-1,28,45,48,-1,28,48,26,-1,26,48,453,-1,26,453,13,-1,13,453,51,-1,13,51,11,-1,11,51,0,-1,11,0,5,-1,453,58,73,-1,453,150,235,-1,73,225,453,-1,453,225,219,-1,453,219,218,-1,218,285,453,-1,453,285,148,-1,453,148,150,-1,235,234,453,-1,453,234,195,-1,453,195,131,-1,131,133,453,-1,453,133,141,-1,453,141,140,-1,140,241,453,-1,453,241,243,-1,453,243,264,-1,264,111,453,-1,453,111,110,-1,453,110,213,-1,213,215,453,-1,453,215,287,-1,453,287,51,-1,51,287,286,-1,51,286,270,-1,270,269,51,-1,51,269,182,-1,51,182,114,-1,114,116,51,-1,51,116,324,-1,51,324,323,-1,323,77,51,-1,51,77,79,-1,51,79,194,-1,194,100,51,-1,51,100,99,-1,51,99,167,-1,167,166,51,-1,51,166,91,-1,51,91,89,-1,89,135,51,-1,51,135,156,-1,51,156,155,-1,155,295,51,-1,51,295,61,-1,51,61,50,-1,
        ]
    }
}
Shape{
    appearance Appearance {
        material  Material 	{
            diffuseColor 0.0 0.0 0.0
            specularColor 0.0 0.0 0.0
            ambientIntensity 0.2
            transparency 0
            shininess 0.5
        }
    }
    geometry IndexedFaceSet {
        ccw TRUE
        solid FALSE
        coord DEF co Coordinate {
            point [
                -2.661 0.0748 0.5192, -2.661 0.0748 0.5101, -2.661 0.0787 0.5192, -2.661 0.0787 0.5101, -2.6929 0.0748 0.5192, -2.6929 0.0787 0.5192, -2.6929 0.0748 0.5901, -2.6929 0.0787 0.5901, -2.7032 0.0748 0.5901, -2.7032 0.0787 0.5901, -2.7032 0.0748 0.5101, -2.7032 0.0787 0.5101, -2.6199 0.0748 0.5087, -2.6199 0.0787 0.5087, -2.615 0.0787 0.5089, -2.615 0.0748 0.5089, -2.6105 0.0787 0.5094, -2.6105 0.0748 0.5094, -2.6064 0.0787 0.5102, -2.6064 0.0748 0.5102, -2.6027 0.0787 0.5113, -2.6027 0.0748 0.5113, -2.5994 0.0787 0.5126, -2.5994 0.0748 0.5126, -2.5977 0.0787 0.5134, -2.5977 0.0748 0.5134, -2.5977 0.0748 0.5233, -2.5977 0.0787 0.5233, -2.6008 0.0787 0.5217, -2.6008 0.0748 0.5217, -2.6039 0.0787 0.5203, -2.6039 0.0748 0.5203, -2.6073 0.0787 0.5193, -2.6073 0.0748 0.5193, -2.6109 0.0787 0.5185, -2.6109 0.0748 0.5185, -2.6147 0.0787 0.5181, -2.6147 0.0748 0.5181, -2.6184 0.0787 0.5179, -2.6184 0.0748 0.5179, -2.6219 0.0787 0.5181, -2.6219 0.0748 0.5181, -2.6252 0.0787 0.5186, -2.6252 0.0748 0.5186, -2.6282 0.0787 0.5194, -2.6282 0.0748 0.5194, -2.631 0.0787 0.5205, -2.631 0.0748 0.5205, -2.6336 0.0787 0.5219, -2.6336 0.0748 0.5219, -2.636 0.0787 0.5236, -2.636 0.0748 0.5236, -2.6382 0.0787 0.5256, -2.6382 0.0748 0.5256, -2.639 0.0787 0.5264, -2.639 0.0748 0.5264, -2.6409 0.0787 0.5287, -2.6409 0.0748 0.5287, -2.6426 0.0787 0.5313, -2.6426 0.0748 0.5313, -2.644 0.0787 0.534, -2.644 0.0748 0.534, -2.6451 0.0787 0.537, -2.6451 0.0748 0.537, -2.646 0.0787 0.5402, -2.646 0.0748 0.5402, -2.6465 0.0787 0.5437, -2.6465 0.0748 0.5437, -2.6468 0.0787 0.5475, -2.6468 0.0748 0.5475, -2.6468 0.0787 0.5492, -2.6468 0.0748 0.5492, -2.6467 0.0787 0.5534, -2.6467 0.0748 0.5534, -2.6462 0.0787 0.5572, -2.6462 0.0748 0.5572, -2.6454 0.0787 0.5608, -2.6454 0.0748 0.5608, -2.6443 0.0787 0.564, -2.6443 0.0748 0.564, -2.6429 0.0787 0.567, -2.6429 0.0748 0.567, -2.6413 0.0787 0.5697, -2.6413 0.0748 0.5697, -2.6394 0.0787 0.5722, -2.6394 0.0748 0.5722, -2.6384 0.0787 0.5733, -2.6384 0.0748 0.5733, -2.6361 0.0787 0.5755, -2.6361 0.0748 0.5755, -2.6336 0.0787 0.5773, -2.6336 0.0748 0.5773, -2.631 0.0787 0.5789, -2.631 0.0748 0.5789, -2.6283 0.0787 0.5801, -2.6283 0.0748 0.5801, -2.6253 0.0787 0.5811, -2.6253 0.0748 0.5811, -2.6222 0.0787 0.5817, -2.6222 0.0748 0.5817, -2.6188 0.0787 0.5821, -2.6188 0.0748 0.5821, -2.6166 0.0787 0.5822, -2.6166 0.0748 0.5822, -2.6128 0.0787 0.582, -2.6128 0.0748 0.582, -2.6091 0.0787 0.5815, -2.6091 0.0748 0.5815, -2.6055 0.0787 0.5807, -2.6055 0.0748 0.5807, -2.6021 0.0787 0.5795, -2.6021 0.0748 0.5795, -2.5989 0.0787 0.578, -2.5989 0.0748 0.578, -2.5977 0.0787 0.5774, -2.5977 0.0748 0.5774, -2.5977 0.0748 0.5882, -2.5977 0.0787 0.5882, -2.6008 0.0787 0.5894, -2.6008 0.0748 0.5894, -2.6042 0.0787 0.5903, -2.6042 0.0748 0.5903, -2.6081 0.0787 0.591, -2.6081 0.0748 0.591, -2.6124 0.0787 0.5914, -2.6124 0.0748 0.5914, -2.6167 0.0787 0.5915, -2.6167 0.0748 0.5915, -2.6209 0.0787 0.5913, -2.6209 0.0748 0.5913, -2.6249 0.0787 0.5908, -2.6249 0.0748 0.5908, -2.6286 0.0787 0.59, -2.6286 0.0748 0.59, -2.6321 0.0787 0.5889, -2.6321 0.0748 0.5889, -2.6354 0.0787 0.5875, -2.6354 0.0748 0.5875, -2.6386 0.0787 0.5857, -2.6386 0.0748 0.5857, -2.6415 0.0787 0.5837, -2.6415 0.0748 0.5837, -2.6444 0.0787 0.5814, -2.6444 0.0748 0.5814, -2.6461 0.0787 0.5797, -2.6461 0.0748 0.5797, -2.6486 0.0787 0.577, -2.6486 0.0748 0.577, -2.6507 0.0787 0.574, -2.6507 0.0748 0.574, -2.6526 0.0787 0.571, -2.6526 0.0748 0.571, -2.6542 0.0787 0.5677, -2.6542 0.0748 0.5677, -2.6554 0.0787 0.5642, -2.6554 0.0748 0.5642, -2.6564 0.0787 0.5605, -2.6564 0.0748 0.5605, -2.6572 0.0787 0.5566, -2.6572 0.0748 0.5566, -2.6576 0.0787 0.5524, -2.6576 0.0748 0.5524, -2.6577 0.0787 0.5486, -2.6577 0.0748 0.5486, -2.6575 0.0787 0.5441, -2.6575 0.0748 0.5441, -2.657 0.0787 0.5399, -2.657 0.0748 0.5399, -2.6562 0.0787 0.5359, -2.6562 0.0748 0.5359, -2.6551 0.0787 0.5323, -2.6551 0.0748 0.5323, -2.6537 0.0787 0.5289, -2.6537 0.0748 0.5289, -2.6521 0.0787 0.5258, -2.6521 0.0748 0.5258, -2.6501 0.0787 0.5229, -2.6501 0.0748 0.5229, -2.6481 0.0787 0.5203, -2.6481 0.0748 0.5203, -2.6474 0.0787 0.5197, -2.6474 0.0748 0.5197, -2.6449 0.0787 0.5173, -2.6449 0.0748 0.5173, -2.6423 0.0787 0.5152, -2.6423 0.0748 0.5152, -2.6394 0.0787 0.5134, -2.6394 0.0748 0.5134, -2.6364 0.0787 0.5119, -2.6364 0.0748 0.5119, -2.6332 0.0787 0.5107, -2.6332 0.0748 0.5107, -2.6298 0.0787 0.5097, -2.6298 0.0748 0.5097, -2.6262 0.0787 0.5091, -2.6262 0.0748 0.5091, -2.6222 0.0787 0.5088, -2.6222 0.0748 0.5088, -2.5386 0.0748 0.5192, -2.5386 0.0748 0.5101, -2.5386 0.0787 0.5192, -2.5386 0.0787 0.5101, -2.5714 0.0748 0.5192, -2.5714 0.0787 0.5192, -2.5714 0.0748 0.5461, -2.5714 0.0787 0.5461, -2.5427 0.0748 0.5461, -2.5427 0.0787 0.5461, -2.5427 0.0748 0.5553, -2.5427 0.0787 0.5553, -2.5714 0.0748 0.5553, -2.5714 0.0787 0.5553, -2.5714 0.0748 0.5809, -2.5714 0.0787 0.5809, -2.5405 0.0748 0.5809, -2.5405 0.0787 0.5809, -2.5405 0.0748 0.5901, -2.5405 0.0787 0.5901, -2.5817 0.0748 0.5901, -2.5817 0.0787 0.5901, -2.5817 0.0748 0.5101, -2.5817 0.0787 0.5101, -2.4867 0.0748 0.5218, -2.4811 0.0748 0.5141, -2.4838 0.0748 0.5231, -2.4778 0.0748 0.5158, -2.4811 0.0748 0.5248, -2.4747 0.0748 0.5178, -2.4788 0.0748 0.5266, -2.4718 0.0748 0.5201, -2.4778 0.0748 0.5276, -2.4704 0.0748 0.5213, -2.4757 0.0748 0.5298, -2.4679 0.0748 0.5239, -2.474 0.0748 0.5322, -2.4656 0.0748 0.5267, -2.4725 0.0748 0.5348, -2.4637 0.0748 0.5297, -2.4713 0.0748 0.5376, -2.4699 0.0748 0.5586, -2.4598 0.0748 0.5628, -2.4707 0.0748 0.5619, -2.461 0.0748 0.5662, -2.4718 0.0748 0.5649, -2.4624 0.0748 0.5693, -2.4731 0.0748 0.5675, -2.4641 0.0748 0.5723, -2.4747 0.0748 0.5699, -2.4661 0.0748 0.575, -2.4684 0.0748 0.5776, -2.4765 0.0748 0.572, -2.4704 0.0748 0.5795, -2.478 0.0748 0.5734, -2.4734 0.0748 0.5819, -2.4805 0.0748 0.5753, -2.4765 0.0748 0.584, -2.4831 0.0748 0.5769, -2.4798 0.0748 0.5858, -2.486 0.0748 0.5783, -2.4833 0.0748 0.5872, -2.4892 0.0748 0.5794, -2.4869 0.0748 0.5884, -2.4925 0.0748 0.5802, -2.4908 0.0748 0.5893, -2.4962 0.0748 0.5807, -2.4949 0.0748 0.5899, -2.5001 0.0748 0.5809, -2.4992 0.0748 0.5901, -2.5011 0.0748 0.5809, -2.5007 0.0748 0.5901, -2.5132 0.0748 0.5809, -2.5235 0.0748 0.5901, -2.5132 0.0748 0.5192, -2.5235 0.0748 0.5101, -2.5016 0.0748 0.5192, -2.5015 0.0748 0.5101, -2.4974 0.0748 0.5194, -2.4969 0.0748 0.5102, -2.4934 0.0748 0.5199, -2.4926 0.0748 0.5108, -2.4899 0.0748 0.5207, -2.4885 0.0748 0.5116, -2.4847 0.0748 0.5127, -2.462 0.0748 0.5328, -2.4607 0.0748 0.5361, -2.4704 0.0748 0.5407, -2.4597 0.0748 0.5396, -2.4697 0.0748 0.5441, -2.4589 0.0748 0.5433, -2.4693 0.0748 0.5478, -2.4585 0.0748 0.5473, -2.4692 0.0748 0.5508, -2.4583 0.0748 0.5511, -2.4694 0.0748 0.5549, -2.4585 0.0748 0.5553, -2.459 0.0748 0.5592, -2.4805 0.0787 0.5753, -2.4734 0.0787 0.5819, -2.478 0.0787 0.5734, -2.4704 0.0787 0.5795, -2.4765 0.0787 0.572, -2.4684 0.0787 0.5776, -2.4747 0.0787 0.5699, -2.4661 0.0787 0.575, -2.4731 0.0787 0.5675, -2.4641 0.0787 0.5723, -2.4718 0.0787 0.5649, -2.4624 0.0787 0.5693, -2.4707 0.0787 0.5619, -2.4838 0.0787 0.5231, -2.4811 0.0787 0.5141, -2.4867 0.0787 0.5218, -2.4847 0.0787 0.5127, -2.4899 0.0787 0.5207, -2.4885 0.0787 0.5116, -2.4934 0.0787 0.5199, -2.4926 0.0787 0.5108, -2.4974 0.0787 0.5194, -2.4969 0.0787 0.5102, -2.5016 0.0787 0.5192, -2.5015 0.0787 0.5101, -2.5132 0.0787 0.5192, -2.5235 0.0787 0.5101, -2.5132 0.0787 0.5809, -2.5235 0.0787 0.5901, -2.5011 0.0787 0.5809, -2.5007 0.0787 0.5901, -2.5001 0.0787 0.5809, -2.4992 0.0787 0.5901, -2.4962 0.0787 0.5807, -2.4949 0.0787 0.5899, -2.4925 0.0787 0.5802, -2.4908 0.0787 0.5893, -2.4892 0.0787 0.5794, -2.4869 0.0787 0.5884, -2.486 0.0787 0.5783, -2.4833 0.0787 0.5872, -2.4831 0.0787 0.5769, -2.4798 0.0787 0.5858, -2.4765 0.0787 0.584, -2.4704 0.0787 0.5407, -2.4607 0.0787 0.5361, -2.4713 0.0787 0.5376, -2.462 0.0787 0.5328, -2.4725 0.0787 0.5348, -2.4637 0.0787 0.5297, -2.474 0.0787 0.5322, -2.4656 0.0787 0.5267, -2.4757 0.0787 0.5298, -2.4679 0.0787 0.5239, -2.4778 0.0787 0.5276, -2.4704 0.0787 0.5213, -2.4788 0.0787 0.5266, -2.4718 0.0787 0.5201, -2.4811 0.0787 0.5248, -2.4747 0.0787 0.5178, -2.4778 0.0787 0.5158, -2.461 0.0787 0.5662, -2.4598 0.0787 0.5628, -2.4699 0.0787 0.5586, -2.459 0.0787 0.5592, -2.4694 0.0787 0.5549, -2.4585 0.0787 0.5553, -2.4692 0.0787 0.5508, -2.4583 0.0787 0.5511, -2.4693 0.0787 0.5478, -2.4585 0.0787 0.5473, -2.4697 0.0787 0.5441, -2.4589 0.0787 0.5433, -2.4597 0.0787 0.5396, -2.4315 0.0748 0.541, -2.4348 0.0748 0.532, -2.4046 0.0748 0.541, -2.4014 0.0748 0.532, -2.4195 0.0748 0.5743, -2.4234 0.0748 0.5901, -2.4539 0.0748 0.5101, -2.4425 0.0748 0.5101, -2.4188 0.0748 0.5767, -2.4182 0.0748 0.5799, -2.4123 0.0748 0.5901, -2.418 0.0748 0.5799, -2.4173 0.0748 0.5765, -2.4167 0.0748 0.5743, -2.3818 0.0748 0.5101, -2.3933 0.0748 0.5101, -2.4046 0.0787 0.541, -2.4167 0.0787 0.5743, -2.4123 0.0787 0.5901, -2.4173 0.0787 0.5765, -2.418 0.0787 0.5799, -2.4234 0.0787 0.5901, -2.4182 0.0787 0.5799, -2.4188 0.0787 0.5767, -2.4195 0.0787 0.5743, -2.4315 0.0787 0.541, -2.4539 0.0787 0.5101, -2.3818 0.0787 0.5101, -2.3933 0.0787 0.5101, -2.4014 0.0787 0.532, -2.4425 0.0787 0.5101, -2.4348 0.0787 0.532, -2.6601 0.0748 0.3922, -2.6601 0.0748 0.3831, -2.6601 0.0787 0.3922, -2.6601 0.0787 0.3831, -2.6929 0.0748 0.3922, -2.6929 0.0787 0.3922, -2.6929 0.0748 0.4191, -2.6929 0.0787 0.4191, -2.6642 0.0748 0.4191, -2.6642 0.0787 0.4191, -2.6642 0.0748 0.4283, -2.6642 0.0787 0.4283, -2.6929 0.0748 0.4283, -2.6929 0.0787 0.4283, -2.6929 0.0748 0.4539, -2.6929 0.0787 0.4539, -2.6619 0.0748 0.4539, -2.6619 0.0787 0.4539, -2.6619 0.0748 0.4631, -2.6619 0.0787 0.4631, -2.7032 0.0748 0.4631, -2.7032 0.0787 0.4631, -2.7032 0.0748 0.3831, -2.7032 0.0787 0.3831, -2.6146 0.0748 0.3831, -2.6046 0.0748 0.3831, -2.6146 0.0748 0.3919, -2.6046 0.0748 0.4199, -2.6223 0.0748 0.4329, -2.6207 0.0748 0.4323, -2.6166 0.0748 0.4403, -2.6401 0.0748 0.4148, -2.6423 0.0748 0.4137, -2.6366 0.0748 0.4073, -2.6377 0.0748 0.4064, -2.6146 0.0748 0.4395, -2.6193 0.0748 0.4316, -2.6128 0.0748 0.4386, -2.6182 0.0748 0.4306, -2.6112 0.0748 0.4375, -2.6385 0.0748 0.3936, -2.6393 0.0748 0.3947, -2.6476 0.0748 0.3885, -2.6441 0.0748 0.4125, -2.6457 0.0748 0.4111, -2.6386 0.0748 0.4053, -2.6376 0.0748 0.4157, -2.6352 0.0748 0.4081, -2.6347 0.0748 0.4165, -2.6334 0.0748 0.4088, -2.6316 0.0748 0.417, -2.6097 0.0748 0.4361, -2.6172 0.0748 0.4295, -2.6085 0.0748 0.4346, -2.6163 0.0748 0.4281, -2.6074 0.0748 0.4329, -2.646 0.0748 0.4108, -2.6473 0.0748 0.4093, -2.6394 0.0748 0.4041, -2.6483 0.0748 0.4077, -2.6399 0.0748 0.4027, -2.6166 0.0748 0.3978, -2.6149 0.0748 0.3919, -2.6176 0.0748 0.3961, -2.6154 0.0748 0.3911, -2.6277 0.0748 0.3901, -2.6254 0.0748 0.3828, -2.6257 0.0748 0.3904, -2.6234 0.0748 0.3836, -2.6239 0.0748 0.391, -2.6216 0.0748 0.3846, -2.6223 0.0748 0.3918, -2.6146 0.0748 0.4057, -2.6148 0.0748 0.4036, -2.6152 0.0748 0.4015, -2.6158 0.0748 0.3996, -2.6064 0.0748 0.4309, -2.6157 0.0748 0.4266, -2.6056 0.0748 0.4286, -2.6151 0.0748 0.4247, -2.6051 0.0748 0.426, -2.6374 0.0748 0.3925, -2.6423 0.0748 0.3839, -2.6362 0.0748 0.3916, -2.6405 0.0748 0.3831, -2.6349 0.0748 0.3909, -2.6384 0.0748 0.3824, -2.6333 0.0748 0.3903, -2.6464 0.0748 0.387, -2.6456 0.0748 0.3862, -2.6441 0.0748 0.385, -2.6402 0.0748 0.3975, -2.65 0.0748 0.3938, -2.6399 0.0748 0.3961, -2.6494 0.0748 0.3919, -2.6486 0.0748 0.3901, -2.6146 0.0748 0.4117, -2.6146 0.0748 0.4194, -2.628 0.0748 0.4099, -2.6311 0.0748 0.4094, -2.6199 0.0748 0.3859, -2.6182 0.0748 0.3874, -2.6207 0.0748 0.3929, -2.6168 0.0748 0.3891, -2.6193 0.0748 0.3942, -2.6189 0.0748 0.3946, -2.6047 0.0748 0.4231, -2.6148 0.0748 0.4226, -2.6146 0.0748 0.4201, -2.6146 0.0748 0.4063, -2.6362 0.0748 0.382, -2.6338 0.0748 0.3817, -2.6316 0.0748 0.39, -2.6324 0.0748 0.3817, -2.6298 0.0748 0.3899, -2.6299 0.0748 0.3818, -2.6276 0.0748 0.3822, -2.6492 0.0748 0.4059, -2.6498 0.0748 0.404, -2.6402 0.0748 0.4011, -2.6503 0.0748 0.4019, -2.6404 0.0748 0.3992, -2.6188 0.0748 0.4409, -2.6213 0.0748 0.4413, -2.6241 0.0748 0.4333, -2.624 0.0748 0.4415, -2.6262 0.0748 0.4334, -2.6252 0.0748 0.4415, -2.6272 0.0748 0.4334, -2.6286 0.0748 0.4414, -2.6299 0.0748 0.4332, -2.6319 0.0748 0.4411, -2.6325 0.0748 0.4327, -2.6349 0.0748 0.4404, -2.6351 0.0748 0.432, -2.6378 0.0748 0.4396, -2.6376 0.0748 0.431, -2.6406 0.0748 0.4385, -2.6401 0.0748 0.4298, -2.6432 0.0748 0.4373, -2.6425 0.0748 0.4283, -2.6449 0.0748 0.4362, -2.6449 0.0748 0.4265, -2.6505 0.0748 0.3996, -2.6505 0.0748 0.3984, -2.6504 0.0748 0.396, -2.6425 0.0787 0.4283, -2.6449 0.0787 0.4265, -2.6449 0.0787 0.4362, -2.6193 0.0787 0.4316, -2.6128 0.0787 0.4386, -2.6182 0.0787 0.4306, -2.6112 0.0787 0.4375, -2.6172 0.0787 0.4295, -2.6152 0.0787 0.4015, -2.6148 0.0787 0.4036, -2.6046 0.0787 0.4199, -2.6385 0.0787 0.3936, -2.6476 0.0787 0.3885, -2.6393 0.0787 0.3947, -2.6486 0.0787 0.3901, -2.6399 0.0787 0.3961, -2.6097 0.0787 0.4361, -2.6085 0.0787 0.4346, -2.6163 0.0787 0.4281, -2.6074 0.0787 0.4329, -2.6157 0.0787 0.4266, -2.6241 0.0787 0.4333, -2.6213 0.0787 0.4413, -2.6223 0.0787 0.4329, -2.6188 0.0787 0.4409, -2.6207 0.0787 0.4323, -2.6166 0.0787 0.4403, -2.6146 0.0787 0.4395, -2.6158 0.0787 0.3996, -2.6146 0.0787 0.3919, -2.6146 0.0787 0.3831, -2.6046 0.0787 0.3831, -2.6377 0.0787 0.4064, -2.6423 0.0787 0.4137, -2.6366 0.0787 0.4073, -2.6401 0.0787 0.4148, -2.6352 0.0787 0.4081, -2.6376 0.0787 0.4157, -2.6334 0.0787 0.4088, -2.6347 0.0787 0.4165, -2.6311 0.0787 0.4094, -2.6316 0.0787 0.417, -2.6386 0.0787 0.4053, -2.6457 0.0787 0.4111, -2.6441 0.0787 0.4125, -2.6374 0.0787 0.3925, -2.6456 0.0787 0.3862, -2.6464 0.0787 0.387, -2.6362 0.0787 0.3916, -2.6423 0.0787 0.3839, -2.6441 0.0787 0.385, -2.6146 0.0787 0.4117, -2.6047 0.0787 0.4231, -2.6146 0.0787 0.4063, -2.6146 0.0787 0.4057, -2.6394 0.0787 0.4041, -2.6473 0.0787 0.4093, -2.646 0.0787 0.4108, -2.6064 0.0787 0.4309, -2.6056 0.0787 0.4286, -2.6151 0.0787 0.4247, -2.6051 0.0787 0.426, -2.6148 0.0787 0.4226, -2.6146 0.0787 0.4201, -2.6494 0.0787 0.3919, -2.65 0.0787 0.3938, -2.6402 0.0787 0.3975, -2.6146 0.0787 0.4194, -2.628 0.0787 0.4099, -2.6401 0.0787 0.4298, -2.6432 0.0787 0.4373, -2.6376 0.0787 0.431, -2.6406 0.0787 0.4385, -2.6351 0.0787 0.432, -2.6378 0.0787 0.4396, -2.6325 0.0787 0.4327, -2.6349 0.0787 0.4404, -2.6299 0.0787 0.4332, -2.6319 0.0787 0.4411, -2.6272 0.0787 0.4334, -2.6286 0.0787 0.4414, -2.6262 0.0787 0.4334, -2.6252 0.0787 0.4415, -2.624 0.0787 0.4415, -2.6402 0.0787 0.4011, -2.6498 0.0787 0.404, -2.6399 0.0787 0.4027, -2.6492 0.0787 0.4059, -2.6483 0.0787 0.4077, -2.6504 0.0787 0.396, -2.6505 0.0787 0.3984, -2.6404 0.0787 0.3992, -2.6505 0.0787 0.3996, -2.6503 0.0787 0.4019, -2.6154 0.0787 0.3911, -2.6168 0.0787 0.3891, -2.6207 0.0787 0.3929, -2.6182 0.0787 0.3874, -2.6223 0.0787 0.3918, -2.6199 0.0787 0.3859, -2.6239 0.0787 0.391, -2.6216 0.0787 0.3846, -2.6257 0.0787 0.3904, -2.6316 0.0787 0.39, -2.6338 0.0787 0.3817, -2.6333 0.0787 0.3903, -2.6362 0.0787 0.382, -2.6349 0.0787 0.3909, -2.6384 0.0787 0.3824, -2.6405 0.0787 0.3831, -2.6234 0.0787 0.3836, -2.6254 0.0787 0.3828, -2.6277 0.0787 0.3901, -2.6276 0.0787 0.3822, -2.6298 0.0787 0.3899, -2.6299 0.0787 0.3818, -2.6324 0.0787 0.3817, -2.6193 0.0787 0.3942, -2.6189 0.0787 0.3946, -2.6149 0.0787 0.3919, -2.6176 0.0787 0.3961, -2.6166 0.0787 0.3978, -2.5745 0.0748 0.3899, -2.5745 0.0787 0.3899, -2.5771 0.0787 0.39, -2.5771 0.0748 0.39, -2.5796 0.0787 0.3904, -2.5796 0.0748 0.3904, -2.582 0.0787 0.3909, -2.582 0.0748 0.3909, -2.5844 0.0787 0.3918, -2.5844 0.0748 0.3918, -2.5867 0.0787 0.3928, -2.5867 0.0748 0.3928, -2.5891 0.0787 0.3941, -2.5891 0.0748 0.3941, -2.591 0.0787 0.3954, -2.591 0.0748 0.3954, -2.591 0.0748 0.3851, -2.591 0.0787 0.3851, -2.5886 0.0787 0.384, -2.5886 0.0748 0.384, -2.586 0.0787 0.3831, -2.586 0.0748 0.3831, -2.5833 0.0787 0.3825, -2.5833 0.0748 0.3825, -2.5805 0.0787 0.382, -2.5805 0.0748 0.382, -2.5775 0.0787 0.3817, -2.5775 0.0748 0.3817, -2.5755 0.0787 0.3817, -2.5755 0.0748 0.3817, -2.5723 0.0787 0.3818, -2.5723 0.0748 0.3818, -2.5693 0.0787 0.3822, -2.5693 0.0748 0.3822, -2.5666 0.0787 0.3827, -2.5666 0.0748 0.3827, -2.5641 0.0787 0.3835, -2.5641 0.0748 0.3835, -2.5619 0.0787 0.3844, -2.5619 0.0748 0.3844, -2.5599 0.0787 0.3855, -2.5599 0.0748 0.3855, -2.5588 0.0787 0.3862, -2.5588 0.0748 0.3862, -2.5572 0.0787 0.3875, -2.5572 0.0748 0.3875, -2.5558 0.0787 0.3889, -2.5558 0.0748 0.3889, -2.5547 0.0787 0.3904, -2.5547 0.0748 0.3904, -2.5538 0.0787 0.3919, -2.5538 0.0748 0.3919, -2.5531 0.0787 0.3936, -2.5531 0.0748 0.3936, -2.5527 0.0787 0.3954, -2.5527 0.0748 0.3954, -2.5524 0.0787 0.3973, -2.5524 0.0748 0.3973, -2.5524 0.0787 0.3986, -2.5524 0.0748 0.3986, -2.5525 0.0787 0.4006, -2.5525 0.0748 0.4006, -2.5528 0.0787 0.4026, -2.5528 0.0748 0.4026, -2.5534 0.0787 0.4043, -2.5534 0.0748 0.4043, -2.5542 0.0787 0.4059, -2.5542 0.0748 0.4059, -2.5551 0.0787 0.4073, -2.5551 0.0748 0.4073, -2.5557 0.0787 0.4081, -2.5557 0.0748 0.4081, -2.557 0.0787 0.4093, -2.557 0.0748 0.4093, -2.5586 0.0787 0.4105, -2.5586 0.0748 0.4105, -2.5607 0.0787 0.4118, -2.5607 0.0748 0.4118, -2.5633 0.0787 0.4132, -2.5633 0.0748 0.4132, -2.5665 0.0787 0.4146, -2.5665 0.0748 0.4146, -2.5687 0.0787 0.4155, -2.5687 0.0748 0.4155, -2.573 0.0787 0.4173, -2.573 0.0748 0.4173, -2.5757 0.0787 0.4186, -2.5757 0.0748 0.4186, -2.5775 0.0787 0.4197, -2.5775 0.0748 0.4197, -2.5784 0.0787 0.4204, -2.5784 0.0748 0.4204, -2.5792 0.0787 0.4213, -2.5792 0.0748 0.4213, -2.5799 0.0787 0.4223, -2.5799 0.0748 0.4223, -2.5803 0.0787 0.4234, -2.5803 0.0748 0.4234, -2.5805 0.0787 0.4248, -2.5805 0.0748 0.4248, -2.5806 0.0787 0.4257, -2.5806 0.0748 0.4257, -2.5805 0.0787 0.427, -2.5805 0.0748 0.427, -2.5801 0.0787 0.4282, -2.5801 0.0748 0.4282, -2.5796 0.0787 0.4293, -2.5796 0.0748 0.4293, -2.5788 0.0787 0.4302, -2.5788 0.0748 0.4302, -2.5778 0.0787 0.4311, -2.5778 0.0748 0.4311, -2.5775 0.0787 0.4313, -2.5775 0.0748 0.4313, -2.5762 0.0787 0.4321, -2.5762 0.0748 0.4321, -2.5747 0.0787 0.4327, -2.5747 0.0748 0.4327, -2.5731 0.0787 0.4331, -2.5731 0.0748 0.4331, -2.5712 0.0787 0.4333, -2.5712 0.0748 0.4333, -2.5696 0.0787 0.4334, -2.5696 0.0748 0.4334, -2.567 0.0787 0.4333, -2.567 0.0748 0.4333, -2.5644 0.0787 0.4329, -2.5644 0.0748 0.4329, -2.5619 0.0787 0.4324, -2.5619 0.0748 0.4324, -2.5596 0.0787 0.4316, -2.5596 0.0748 0.4316, -2.5573 0.0787 0.4306, -2.5573 0.0748 0.4306, -2.5551 0.0787 0.4293, -2.5551 0.0748 0.4293, -2.5551 0.0748 0.439, -2.5551 0.0787 0.439, -2.5577 0.0787 0.44, -2.5577 0.0748 0.44, -2.5604 0.0787 0.4407, -2.5604 0.0748 0.4407, -2.5632 0.0787 0.4412, -2.5632 0.0748 0.4412, -2.5661 0.0787 0.4415, -2.5661 0.0748 0.4415, -2.5687 0.0787 0.4415, -2.5687 0.0748 0.4415, -2.5716 0.0787 0.4414, -2.5716 0.0748 0.4414, -2.5744 0.0787 0.4411, -2.5744 0.0748 0.4411, -2.5769 0.0787 0.4405, -2.5769 0.0748 0.4405, -2.5793 0.0787 0.4397, -2.5793 0.0748 0.4397, -2.5815 0.0787 0.4388, -2.5815 0.0748 0.4388, -2.5836 0.0787 0.4376, -2.5836 0.0748 0.4376, -2.5845 0.0787 0.437, -2.5845 0.0748 0.437, -2.5861 0.0787 0.4357, -2.5861 0.0748 0.4357, -2.5875 0.0787 0.4342, -2.5875 0.0748 0.4342, -2.5887 0.0787 0.4327, -2.5887 0.0748 0.4327, -2.5896 0.0787 0.4312, -2.5896 0.0748 0.4312, -2.5902 0.0787 0.4295, -2.5902 0.0748 0.4295, -2.5907 0.0787 0.4277, -2.5907 0.0748 0.4277, -2.5909 0.0787 0.4258, -2.5909 0.0748 0.4258, -2.5909 0.0787 0.4248, -2.5909 0.0748 0.4248, -2.5908 0.0787 0.4227, -2.5908 0.0748 0.4227, -2.5905 0.0787 0.4208, -2.5905 0.0748 0.4208, -2.5899 0.0787 0.419, -2.5899 0.0748 0.419, -2.5891 0.0787 0.4174, -2.5891 0.0748 0.4174, -2.5882 0.0787 0.4159, -2.5882 0.0748 0.4159, -2.5881 0.0787 0.4158, -2.5881 0.0748 0.4158, -2.5871 0.0787 0.4146, -2.5871 0.0748 0.4146, -2.5857 0.0787 0.4134, -2.5857 0.0748 0.4134, -2.5839 0.0787 0.4122, -2.5839 0.0748 0.4122, -2.5815 0.0787 0.4108, -2.5815 0.0748 0.4108, -2.5785 0.0787 0.4094, -2.5785 0.0748 0.4094, -2.5757 0.0787 0.4082, -2.5757 0.0748 0.4082, -2.5713 0.0787 0.4064, -2.5713 0.0748 0.4064, -2.5684 0.0787 0.4051, -2.5684 0.0748 0.4051, -2.5665 0.0787 0.4039, -2.5665 0.0748 0.4039, -2.5652 0.0787 0.4031, -2.5652 0.0748 0.4031, -2.5642 0.0787 0.4021, -2.5642 0.0748 0.4021, -2.5635 0.0787 0.401, -2.5635 0.0748 0.401, -2.563 0.0787 0.3999, -2.563 0.0748 0.3999, -2.5627 0.0787 0.3986, -2.5627 0.0748 0.3986, -2.5627 0.0787 0.3976, -2.5627 0.0748 0.3976, -2.5628 0.0787 0.3962, -2.5628 0.0748 0.3962, -2.5631 0.0787 0.3949, -2.5631 0.0748 0.3949, -2.5637 0.0787 0.3938, -2.5637 0.0748 0.3938, -2.5644 0.0787 0.3928, -2.5644 0.0748 0.3928, -2.5653 0.0787 0.392, -2.5653 0.0748 0.392, -2.5665 0.0787 0.3913, -2.5665 0.0748 0.3913, -2.5679 0.0787 0.3907, -2.5679 0.0748 0.3907, -2.5697 0.0787 0.3903, -2.5697 0.0748 0.3903, -2.5717 0.0787 0.39, -2.5717 0.0748 0.39, -2.5026 0.0748 0.4402, -2.4922 0.0748 0.4402, -2.5026 0.0787 0.4402, -2.4922 0.0787 0.4402, -2.5183 0.0748 0.3972, -2.5183 0.0787 0.3972, -2.519 0.0787 0.3945, -2.519 0.0748 0.3945, -2.5195 0.0787 0.3925, -2.5195 0.0748 0.3925, -2.5198 0.0748 0.3925, -2.5198 0.0787 0.3925, -2.521 0.0748 0.3973, -2.521 0.0787 0.3973, -2.5359 0.0748 0.4402, -2.5359 0.0787 0.4402, -2.5471 0.0748 0.4402, -2.5471 0.0787 0.4402, -2.5247 0.0748 0.3832, -2.5247 0.0787 0.3832, -2.5291 0.0748 0.3728, -2.5291 0.0787 0.3728, -2.5303 0.0787 0.3704, -2.5303 0.0748 0.3704, -2.5315 0.0787 0.3686, -2.5315 0.0748 0.3686, -2.5329 0.0787 0.3671, -2.5329 0.0748 0.3671, -2.5344 0.0787 0.366, -2.5344 0.0748 0.366, -2.536 0.0787 0.3653, -2.536 0.0748 0.3653, -2.5377 0.0787 0.3648, -2.5377 0.0748 0.3648, -2.5394 0.0787 0.3647, -2.5394 0.0748 0.3647, -2.5415 0.0787 0.3649, -2.5415 0.0748 0.3649, -2.5438 0.0787 0.3654, -2.5438 0.0748 0.3654, -2.5451 0.0787 0.3659, -2.5451 0.0748 0.3659, -2.5451 0.0748 0.3569, -2.5451 0.0787 0.3569, -2.5427 0.0787 0.3564, -2.5427 0.0748 0.3564, -2.54 0.0787 0.3561, -2.54 0.0748 0.3561, -2.5386 0.0787 0.3561, -2.5386 0.0748 0.3561, -2.5362 0.0787 0.3563, -2.5362 0.0748 0.3563, -2.5338 0.0787 0.3568, -2.5338 0.0748 0.3568, -2.5316 0.0787 0.3576, -2.5316 0.0748 0.3576, -2.5295 0.0787 0.3587, -2.5295 0.0748 0.3587, -2.5275 0.0787 0.3602, -2.5275 0.0748 0.3602, -2.5255 0.0787 0.362, -2.5255 0.0748 0.362, -2.5237 0.0787 0.3643, -2.5237 0.0748 0.3643, -2.5219 0.0787 0.3669, -2.5219 0.0748 0.3669, -2.5201 0.0787 0.3701, -2.5201 0.0748 0.3701, -2.5185 0.0787 0.3738, -2.5185 0.0748 0.3738, -2.5182 0.0787 0.3744, -2.5182 0.0748 0.3744, -2.4384 0.0748 0.3922, -2.4384 0.0748 0.3831, -2.4384 0.0787 0.3922, -2.4384 0.0787 0.3831, -2.4711 0.0748 0.3922, -2.4711 0.0787 0.3922, -2.4711 0.0748 0.4191, -2.4711 0.0787 0.4191, -2.4425 0.0748 0.4191, -2.4425 0.0787 0.4191, -2.4425 0.0748 0.4283, -2.4425 0.0787 0.4283, -2.4711 0.0748 0.4283, -2.4711 0.0787 0.4283, -2.4711 0.0748 0.4539, -2.4711 0.0787 0.4539, -2.4402 0.0748 0.4539, -2.4402 0.0787 0.4539, -2.4402 0.0748 0.4631, -2.4402 0.0787 0.4631, -2.4814 0.0748 0.4631, -2.4814 0.0787 0.4631, -2.4814 0.0748 0.3831, -2.4814 0.0787 0.3831, -2.3864 0.0748 0.3948, -2.3809 0.0748 0.3871, -2.3835 0.0748 0.3961, -2.3775 0.0748 0.3888, -2.3809 0.0748 0.3977, -2.3744 0.0748 0.3908, -2.3785 0.0748 0.3996, -2.3715 0.0748 0.3931, -2.3775 0.0748 0.4005, -2.3701 0.0748 0.3943, -2.3755 0.0748 0.4027, -2.3676 0.0748 0.3969, -2.3737 0.0748 0.4051, -2.3653 0.0748 0.3997, -2.3722 0.0748 0.4078, -2.3634 0.0748 0.4026, -2.371 0.0748 0.4106, -2.3696 0.0748 0.4315, -2.3596 0.0748 0.4358, -2.3704 0.0748 0.4349, -2.3607 0.0748 0.4391, -2.3715 0.0748 0.4378, -2.3621 0.0748 0.4423, -2.3728 0.0748 0.4405, -2.3638 0.0748 0.4452, -2.3744 0.0748 0.4429, -2.3658 0.0748 0.448, -2.3681 0.0748 0.4506, -2.3763 0.0748 0.445, -2.3701 0.0748 0.4525, -2.3777 0.0748 0.4464, -2.3731 0.0748 0.4549, -2.3802 0.0748 0.4483, -2.3762 0.0748 0.457, -2.3829 0.0748 0.4499, -2.3795 0.0748 0.4587, -2.3858 0.0748 0.4513, -2.383 0.0748 0.4602, -2.3889 0.0748 0.4523, -2.3867 0.0748 0.4614, -2.3923 0.0748 0.4532, -2.3905 0.0748 0.4623, -2.3959 0.0748 0.4537, -2.3946 0.0748 0.4628, -2.3998 0.0748 0.4539, -2.3989 0.0748 0.4631, -2.4008 0.0748 0.4539, -2.4004 0.0748 0.4631, -2.4129 0.0748 0.4539, -2.4233 0.0748 0.4631, -2.4129 0.0748 0.3922, -2.4233 0.0748 0.3831, -2.4013 0.0748 0.3922, -2.4012 0.0748 0.3831, -2.3971 0.0748 0.3924, -2.3966 0.0748 0.3832, -2.3932 0.0748 0.3929, -2.3923 0.0748 0.3837, -2.3896 0.0748 0.3937, -2.3882 0.0748 0.3846, -2.3844 0.0748 0.3857, -2.3618 0.0748 0.4058, -2.3604 0.0748 0.4091, -2.3701 0.0748 0.4137, -2.3594 0.0748 0.4126, -2.3694 0.0748 0.4171, -2.3586 0.0748 0.4163, -2.369 0.0748 0.4208, -2.3582 0.0748 0.4203, -2.3689 0.0748 0.4238, -2.3581 0.0748 0.4241, -2.3691 0.0748 0.4278, -2.3582 0.0748 0.4282, -2.3587 0.0748 0.4321, -2.3802 0.0787 0.4483, -2.3731 0.0787 0.4549, -2.3777 0.0787 0.4464, -2.3701 0.0787 0.4525, -2.3763 0.0787 0.445, -2.3681 0.0787 0.4506, -2.3744 0.0787 0.4429, -2.3658 0.0787 0.448, -2.3728 0.0787 0.4405, -2.3638 0.0787 0.4452, -2.3715 0.0787 0.4378, -2.3621 0.0787 0.4423, -2.3704 0.0787 0.4349, -2.3835 0.0787 0.3961, -2.3809 0.0787 0.3871, -2.3864 0.0787 0.3948, -2.3844 0.0787 0.3857, -2.3896 0.0787 0.3937, -2.3882 0.0787 0.3846, -2.3932 0.0787 0.3929, -2.3923 0.0787 0.3837, -2.3971 0.0787 0.3924, -2.3966 0.0787 0.3832, -2.4013 0.0787 0.3922, -2.4012 0.0787 0.3831, -2.4129 0.0787 0.3922, -2.4233 0.0787 0.3831, -2.4129 0.0787 0.4539, -2.4233 0.0787 0.4631, -2.4008 0.0787 0.4539, -2.4004 0.0787 0.4631, -2.3998 0.0787 0.4539, -2.3989 0.0787 0.4631, -2.3959 0.0787 0.4537, -2.3946 0.0787 0.4628, -2.3923 0.0787 0.4532, -2.3905 0.0787 0.4623, -2.3889 0.0787 0.4523, -2.3867 0.0787 0.4614, -2.3858 0.0787 0.4513, -2.383 0.0787 0.4602, -2.3829 0.0787 0.4499, -2.3795 0.0787 0.4587, -2.3762 0.0787 0.457, -2.3701 0.0787 0.4137, -2.3604 0.0787 0.4091, -2.371 0.0787 0.4106, -2.3618 0.0787 0.4058, -2.3722 0.0787 0.4078, -2.3634 0.0787 0.4026, -2.3737 0.0787 0.4051, -2.3653 0.0787 0.3997, -2.3755 0.0787 0.4027, -2.3676 0.0787 0.3969, -2.3775 0.0787 0.4005, -2.3701 0.0787 0.3943, -2.3785 0.0787 0.3996, -2.3715 0.0787 0.3931, -2.3809 0.0787 0.3977, -2.3744 0.0787 0.3908, -2.3775 0.0787 0.3888, -2.3607 0.0787 0.4391, -2.3596 0.0787 0.4358, -2.3696 0.0787 0.4315, -2.3587 0.0787 0.4321, -2.3691 0.0787 0.4278, -2.3582 0.0787 0.4282, -2.3689 0.0787 0.4238, -2.3581 0.0787 0.4241, -2.369 0.0787 0.4208, -2.3582 0.0787 0.4203, -2.3694 0.0787 0.4171, -2.3586 0.0787 0.4163, -2.3594 0.0787 0.4126, -2.3312 0.0748 0.414, -2.3345 0.0748 0.405, -2.3044 0.0748 0.414, -2.3012 0.0748 0.405, -2.3193 0.0748 0.4473, -2.3231 0.0748 0.4631, -2.3536 0.0748 0.3831, -2.3422 0.0748 0.3831, -2.3186 0.0748 0.4497, -2.3179 0.0748 0.4529, -2.3121 0.0748 0.4631, -2.3177 0.0748 0.4529, -2.3171 0.0748 0.4495, -2.3165 0.0748 0.4473, -2.2816 0.0748 0.3831, -2.293 0.0748 0.3831, -2.3044 0.0787 0.414, -2.3165 0.0787 0.4473, -2.3121 0.0787 0.4631, -2.3171 0.0787 0.4495, -2.3177 0.0787 0.4529, -2.3231 0.0787 0.4631, -2.3179 0.0787 0.4529, -2.3186 0.0787 0.4497, -2.3193 0.0787 0.4473, -2.3312 0.0787 0.414, -2.3536 0.0787 0.3831, -2.2816 0.0787 0.3831, -2.293 0.0787 0.3831, -2.3012 0.0787 0.405, -2.3422 0.0787 0.3831, -2.3345 0.0787 0.405, -3.0483 0.0748 0.3612, -3.0421 0.0748 0.356, -3.0619 0.0748 0.4221, -3.0131 0.0748 0.5251, -3.009 0.0748 0.5228, -3.0267 0.0748 0.5644, -2.9758 0.0748 0.5652, -2.9661 0.0748 0.5704, -2.9838 0.0748 0.6, -2.8625 0.0748 0.5359, -2.8578 0.0748 0.5259, -2.8251 0.0748 0.5371, -2.8546 0.0748 0.5153, -2.853 0.0748 0.5063, -3.0051 0.0748 0.4234, -2.9998 0.0748 0.4217, -2.9879 0.0748 0.4559, -2.8314 0.0748 0.4207, -2.8393 0.0748 0.4183, -2.8309 0.0748 0.3844, -3.0625 0.0748 0.3839, -3.059 0.0748 0.3756, -3.0543 0.0748 0.368, -2.8718 0.0748 0.45, -2.8895 0.0748 0.4801, -2.9515 0.0748 0.4078, -2.9657 0.0748 0.4403, -2.9515 0.0748 0.4021, -2.9823 0.0748 0.3516, -2.952 0.0748 0.3948, -2.9746 0.0748 0.3564, -2.9682 0.0748 0.3619, -3.0141 0.0748 0.38, -3.0163 0.0748 0.3457, -3.009 0.0748 0.3794, -3.0084 0.0748 0.3452, -3.0036 0.0748 0.38, -3.0239 0.0748 0.3851, -3.0194 0.0748 0.3819, -3.0342 0.0748 0.3512, -3.0255 0.0748 0.3478, -2.9886 0.0748 0.4103, -2.9871 0.0748 0.4051, -2.9869 0.0748 0.3996, -2.9881 0.0748 0.3941, -2.9906 0.0748 0.3891, -3.0556 0.0748 0.5289, -3.0629 0.0748 0.5626, -3.074 0.0748 0.5589, -2.8416 0.0748 0.3828, -2.845 0.0748 0.4175, -2.8752 0.0748 0.3828, -2.8707 0.0748 0.4175, -2.8781 0.0748 0.3832, -2.9717 0.0748 0.6051, -2.9557 0.0748 0.5742, -2.9592 0.0748 0.6087, -3.0702 0.0748 0.4266, -3.0798 0.0748 0.3902, -3.069 0.0748 0.3858, -3.0643 0.0748 0.5255, -3.0846 0.0748 0.5538, -3.0723 0.0748 0.5207, -3.0946 0.0748 0.5474, -3.0794 0.0748 0.5146, -2.9622 0.0748 0.369, -2.9574 0.0748 0.377, -2.9539 0.0748 0.3857, -3.0311 0.0748 0.3992, -3.0299 0.0748 0.394, -3.0275 0.0748 0.3892, -2.9796 0.0748 0.4519, -2.9951 0.0748 0.4188, -2.9722 0.0748 0.4466, -2.8059 0.0748 0.4747, -2.7758 0.0748 0.4933, -2.809 0.0748 0.4823, -2.7809 0.0748 0.5028, -2.8135 0.0748 0.4892, -2.7874 0.0748 0.5118, -2.8191 0.0748 0.4952, -2.7951 0.0748 0.5198, -2.8256 0.0748 0.5, -3.0839 0.0748 0.4394, -3.1081 0.0748 0.4112, -3.0775 0.0748 0.4324, -3.0994 0.0748 0.4029, -3.09 0.0748 0.3959, -3.0515 0.0748 0.5648, -3.0465 0.0748 0.5309, -3.0397 0.0748 0.5655, -3.0392 0.0748 0.5314, -3.0332 0.0748 0.5652, -3.0303 0.0748 0.5306, -3.0216 0.0748 0.5285, -3.031 0.0748 0.4048, -3.0295 0.0748 0.4102, -3.0594 0.0748 0.4279, -3.0267 0.0748 0.415, -3.009 0.0748 0.4238, -3.0175 0.0748 0.4589, -3.0144 0.0748 0.4231, -3.0261 0.0748 0.4568, -3.0193 0.0748 0.4212, -2.9968 0.0748 0.4585, -3.0055 0.0748 0.4596, -3.0084 0.0748 0.4596, -2.9942 0.0748 0.385, -2.9986 0.0748 0.3819, -2.9906 0.0748 0.3481, -2.9993 0.0748 0.3459, -2.8206 0.0748 0.3875, -2.8108 0.0748 0.392, -2.8242 0.0748 0.4245, -2.8016 0.0748 0.3979, -2.8178 0.0748 0.4296, -2.7931 0.0748 0.405, -2.8152 0.0748 0.4323, -2.7898 0.0748 0.4084, -2.8104 0.0748 0.4388, -2.9954 0.0748 0.5936, -3.0016 0.0748 0.5894, -2.9846 0.0748 0.5587, -3.0106 0.0748 0.5821, -2.9925 0.0748 0.5511, -3.0189 0.0748 0.5738, -2.9992 0.0748 0.5424, -3.0048 0.0748 0.533, -2.8301 0.0748 0.5485, -2.8364 0.0748 0.5593, -2.8686 0.0748 0.5452, -2.8441 0.0748 0.5697, -2.8758 0.0748 0.5536, -3.0952 0.0748 0.4642, -3.129 0.0748 0.4502, -3.0927 0.0748 0.4552, -3.1253 0.0748 0.439, -3.0888 0.0748 0.4466, -3.1202 0.0748 0.4283, -3.1138 0.0748 0.4183, -2.9912 0.0748 0.4149, -2.8048 0.0748 0.4537, -2.7689 0.0748 0.4575, -2.8041 0.0748 0.4619, -2.7688 0.0748 0.4625, -2.8043 0.0748 0.4666, -2.7697 0.0748 0.4731, -2.772 0.0748 0.4834, -2.783 0.0748 0.4169, -2.7775 0.0748 0.4261, -2.8069 0.0748 0.446, -2.7732 0.0748 0.436, -2.7704 0.0748 0.4466, -3.0344 0.0748 0.4532, -3.0414 0.0748 0.449, -3.0238 0.0748 0.4181, -3.0484 0.0748 0.443, -3.0545 0.0748 0.4359, -2.8734 0.0748 0.418, -2.8873 0.0748 0.3888, -2.8856 0.0748 0.3871, -2.9333 0.0748 0.6116, -2.9327 0.0748 0.5775, -2.9293 0.0748 0.6116, -2.9219 0.0748 0.5767, -3.0897 0.0748 0.5006, -3.1246 0.0748 0.5094, -3.0932 0.0748 0.4923, -3.1285 0.0748 0.4983, -3.0954 0.0748 0.4836, -3.131 0.0748 0.4868, -3.0961 0.0748 0.4744, -3.1319 0.0748 0.4757, -3.0961 0.0748 0.4728, -3.132 0.0748 0.4733, -3.1312 0.0748 0.4616, -2.8485 0.0748 0.5063, -2.8404 0.0748 0.5056, -2.823 0.0748 0.5363, -2.8328 0.0748 0.5035, -2.8134 0.0748 0.5323, -2.8038 0.0748 0.5267, -2.8917 0.0748 0.4004, -2.8912 0.0748 0.3963, -2.8897 0.0748 0.3924, -2.8717 0.0748 0.4176, -2.8818 0.0748 0.3846, -2.9465 0.0748 0.6109, -2.9448 0.0748 0.5766, -2.9344 0.0748 0.5775, -2.8783 0.0748 0.4175, -2.8822 0.0748 0.416, -2.8916 0.0748 0.4021, -2.8858 0.0748 0.4136, -2.8886 0.0748 0.4105, -2.8906 0.0748 0.4065, -3.1032 0.0748 0.5401, -3.1052 0.0748 0.5382, -3.0849 0.0748 0.5083, -3.1129 0.0748 0.5294, -3.1194 0.0748 0.5198, -2.8741 0.0748 0.4181, -2.8532 0.0748 0.5795, -2.8559 0.0748 0.582, -2.8828 0.0748 0.5599, -2.8667 0.0748 0.5904, -2.8917 0.0748 0.5661, -2.8783 0.0748 0.5975, -2.9013 0.0748 0.571, -2.8905 0.0748 0.6033, -2.9114 0.0748 0.5746, -2.9032 0.0748 0.6076, -2.9162 0.0748 0.6103, -2.8895 0.0787 0.4801, -2.8718 0.0787 0.45, -2.9657 0.0787 0.4403, -2.9515 0.0787 0.4078, -2.9823 0.0787 0.3516, -2.9515 0.0787 0.4021, -2.952 0.0787 0.3948, -2.9746 0.0787 0.3564, -2.9682 0.0787 0.3619, -3.0144 0.0787 0.4231, -3.0193 0.0787 0.4212, -3.0619 0.0787 0.4221, -3.0238 0.0787 0.4181, -2.9661 0.0787 0.5704, -2.9758 0.0787 0.5652, -2.9954 0.0787 0.5936, -3.0483 0.0787 0.3612, -3.0543 0.0787 0.368, -3.0295 0.0787 0.4102, -3.059 0.0787 0.3756, -3.0625 0.0787 0.3839, -2.9906 0.0787 0.3891, -2.9881 0.0787 0.3941, -2.9869 0.0787 0.3996, -2.9871 0.0787 0.4051, -3.0927 0.0787 0.4552, -3.0888 0.0787 0.4466, -3.1202 0.0787 0.4283, -2.9539 0.0787 0.3857, -2.9574 0.0787 0.377, -2.9622 0.0787 0.369, -3.009 0.0787 0.3794, -3.0036 0.0787 0.38, -2.9993 0.0787 0.3459, -3.0643 0.0787 0.5255, -3.074 0.0787 0.5589, -3.0556 0.0787 0.5289, -3.0629 0.0787 0.5626, -3.0465 0.0787 0.5309, -3.0515 0.0787 0.5648, -3.0392 0.0787 0.5314, -3.1138 0.0787 0.4183, -3.0839 0.0787 0.4394, -3.1081 0.0787 0.4112, -3.0775 0.0787 0.4324, -3.0994 0.0787 0.4029, -3.09 0.0787 0.3959, -3.0702 0.0787 0.4266, -3.0798 0.0787 0.3902, -3.069 0.0787 0.3858, -3.0267 0.0787 0.415, -2.8686 0.0787 0.5452, -2.8364 0.0787 0.5593, -2.8625 0.0787 0.5359, -2.8301 0.0787 0.5485, -2.8578 0.0787 0.5259, -2.8251 0.0787 0.5371, -2.8546 0.0787 0.5153, -3.0016 0.0787 0.5894, -2.9846 0.0787 0.5587, -3.0106 0.0787 0.5821, -2.8328 0.0787 0.5035, -2.8404 0.0787 0.5056, -3.031 0.0787 0.4048, -3.0311 0.0787 0.3992, -3.0299 0.0787 0.394, -3.0189 0.0787 0.5738, -2.9925 0.0787 0.5511, -3.0267 0.0787 0.5644, -2.9992 0.0787 0.5424, -3.0048 0.0787 0.533, -2.8069 0.0787 0.446, -2.7775 0.0787 0.4261, -2.8104 0.0787 0.4388, -2.783 0.0787 0.4169, -2.8152 0.0787 0.4323, -2.7898 0.0787 0.4084, -2.8178 0.0787 0.4296, -2.7931 0.0787 0.405, -2.8242 0.0787 0.4245, -2.809 0.0787 0.4823, -2.7758 0.0787 0.4933, -2.8059 0.0787 0.4747, -2.772 0.0787 0.4834, -2.8043 0.0787 0.4666, -2.7697 0.0787 0.4731, -2.8041 0.0787 0.4619, -2.8485 0.0787 0.5063, -2.853 0.0787 0.5063, -3.0194 0.0787 0.3819, -3.0421 0.0787 0.356, -3.0239 0.0787 0.3851, -3.0275 0.0787 0.3892, -3.009 0.0787 0.4238, -3.0055 0.0787 0.4596, -3.0051 0.0787 0.4234, -2.9968 0.0787 0.4585, -2.9998 0.0787 0.4217, -3.0397 0.0787 0.5655, -3.0332 0.0787 0.5652, -3.0303 0.0787 0.5306, -3.0216 0.0787 0.5285, -2.9906 0.0787 0.3481, -2.9986 0.0787 0.3819, -2.9942 0.0787 0.385, -2.9879 0.0787 0.4559, -2.9796 0.0787 0.4519, -2.9951 0.0787 0.4188, -2.9722 0.0787 0.4466, -2.9912 0.0787 0.4149, -2.9886 0.0787 0.4103, -3.0344 0.0787 0.4532, -3.0261 0.0787 0.4568, -3.0131 0.0787 0.5251, -3.009 0.0787 0.5228, -2.8856 0.0787 0.3871, -2.8873 0.0787 0.3888, -2.8734 0.0787 0.418, -2.8897 0.0787 0.3924, -2.7688 0.0787 0.4625, -2.7689 0.0787 0.4575, -2.8048 0.0787 0.4537, -2.7704 0.0787 0.4466, -2.7732 0.0787 0.436, -2.823 0.0787 0.5363, -2.8134 0.0787 0.5323, -2.8256 0.0787 0.5, -2.8038 0.0787 0.5267, -2.8191 0.0787 0.4952, -2.7951 0.0787 0.5198, -2.8135 0.0787 0.4892, -2.7874 0.0787 0.5118, -2.7809 0.0787 0.5028, -3.0084 0.0787 0.3452, -3.0163 0.0787 0.3457, -3.0141 0.0787 0.38, -3.0255 0.0787 0.3478, -3.0342 0.0787 0.3512, -3.0545 0.0787 0.4359, -3.0484 0.0787 0.443, -3.0414 0.0787 0.449, -3.0175 0.0787 0.4589, -3.0084 0.0787 0.4596, -3.0932 0.0787 0.4923, -3.1246 0.0787 0.5094, -3.0897 0.0787 0.5006, -3.1194 0.0787 0.5198, -3.0849 0.0787 0.5083, -3.1253 0.0787 0.439, -3.129 0.0787 0.4502, -3.0952 0.0787 0.4642, -3.1312 0.0787 0.4616, -3.0961 0.0787 0.4728, -3.132 0.0787 0.4733, -3.0961 0.0787 0.4744, -3.1319 0.0787 0.4757, -3.0954 0.0787 0.4836, -3.131 0.0787 0.4868, -3.1285 0.0787 0.4983, -2.8016 0.0787 0.3979, -2.8108 0.0787 0.392, -2.8314 0.0787 0.4207, -2.8206 0.0787 0.3875, -2.8393 0.0787 0.4183, -2.8309 0.0787 0.3844, -2.845 0.0787 0.4175, -2.8416 0.0787 0.3828, -2.8707 0.0787 0.4175, -2.8752 0.0787 0.3828, -2.8717 0.0787 0.4176, -2.8781 0.0787 0.3832, -2.8818 0.0787 0.3846, -2.8912 0.0787 0.3963, -2.8917 0.0787 0.4004, -2.8916 0.0787 0.4021, -3.0594 0.0787 0.4279, -3.1129 0.0787 0.5294, -3.1052 0.0787 0.5382, -3.0794 0.0787 0.5146, -3.1032 0.0787 0.5401, -3.0723 0.0787 0.5207, -3.0946 0.0787 0.5474, -3.0846 0.0787 0.5538, -2.8906 0.0787 0.4065, -2.8886 0.0787 0.4105, -2.8858 0.0787 0.4136, -2.8822 0.0787 0.416, -2.8828 0.0787 0.5599, -2.8559 0.0787 0.582, -2.8758 0.0787 0.5536, -2.8532 0.0787 0.5795, -2.8441 0.0787 0.5697, -2.9838 0.0787 0.6, -2.9717 0.0787 0.6051, -2.9557 0.0787 0.5742, -2.9592 0.0787 0.6087, -2.9448 0.0787 0.5766, -2.9465 0.0787 0.6109, -2.9344 0.0787 0.5775, -2.9333 0.0787 0.6116, -2.9327 0.0787 0.5775, -2.9293 0.0787 0.6116, -2.9219 0.0787 0.5767, -2.9162 0.0787 0.6103, -2.9114 0.0787 0.5746, -2.9032 0.0787 0.6076, -2.9013 0.0787 0.571, -2.8905 0.0787 0.6033, -2.8917 0.0787 0.5661, -2.8783 0.0787 0.5975, -2.8667 0.0787 0.5904, -2.8783 0.0787 0.4175, -2.8741 0.0787 0.4181, -2.8741 0.0787 0.4181
            ]
        }
        coordIndex [
            0,1,2,-1,2,1,3,-1,4,0,5,-1,5,0,2,-1,6,4,7,-1,7,4,5,-1,8,6,9,-1,9,6,7,-1,10,8,11,-1,11,8,9,-1,1,10,3,-1,3,10,11,-1,6,8,4,-1,4,8,10,-1,4,10,0,-1,0,10,1,-1,2,3,5,-1,5,3,11,-1,5,11,7,-1,7,11,9,-1,12,13,14,-1,12,14,15,-1,15,14,16,-1,15,16,17,-1,17,16,18,-1,17,18,19,-1,19,18,20,-1,19,20,21,-1,21,20,22,-1,21,22,23,-1,23,22,24,-1,23,24,25,-1,26,25,27,-1,27,25,24,-1,26,27,28,-1,26,28,29,-1,29,28,30,-1,29,30,31,-1,31,30,32,-1,31,32,33,-1,33,32,34,-1,33,34,35,-1,35,34,36,-1,35,36,37,-1,37,36,38,-1,37,38,39,-1,39,38,40,-1,39,40,41,-1,41,40,42,-1,41,42,43,-1,43,42,44,-1,43,44,45,-1,45,44,46,-1,45,46,47,-1,47,46,48,-1,47,48,49,-1,49,48,50,-1,49,50,51,-1,51,50,52,-1,51,52,53,-1,53,52,54,-1,53,54,55,-1,55,54,56,-1,55,56,57,-1,57,56,58,-1,57,58,59,-1,59,58,60,-1,59,60,61,-1,61,60,62,-1,61,62,63,-1,63,62,64,-1,63,64,65,-1,65,64,66,-1,65,66,67,-1,67,66,68,-1,67,68,69,-1,69,68,70,-1,69,70,71,-1,71,70,72,-1,71,72,73,-1,73,72,74,-1,73,74,75,-1,75,74,76,-1,75,76,77,-1,77,76,78,-1,77,78,79,-1,79,78,80,-1,79,80,81,-1,81,80,82,-1,81,82,83,-1,83,82,84,-1,83,84,85,-1,85,84,86,-1,85,86,87,-1,87,86,88,-1,87,88,89,-1,89,88,90,-1,89,90,91,-1,91,90,92,-1,91,92,93,-1,93,92,94,-1,93,94,95,-1,95,94,96,-1,95,96,97,-1,97,96,98,-1,97,98,99,-1,99,98,100,-1,99,100,101,-1,101,100,102,-1,101,102,103,-1,103,102,104,-1,103,104,105,-1,105,104,106,-1,105,106,107,-1,107,106,108,-1,107,108,109,-1,109,108,110,-1,109,110,111,-1,111,110,112,-1,111,112,113,-1,113,112,114,-1,113,114,115,-1,116,115,117,-1,117,115,114,-1,116,117,118,-1,116,118,119,-1,119,118,120,-1,119,120,121,-1,121,120,122,-1,121,122,123,-1,123,122,124,-1,123,124,125,-1,125,124,126,-1,125,126,127,-1,127,126,128,-1,127,128,129,-1,129,128,130,-1,129,130,131,-1,131,130,132,-1,131,132,133,-1,133,132,134,-1,133,134,135,-1,135,134,136,-1,135,136,137,-1,137,136,138,-1,137,138,139,-1,139,138,140,-1,139,140,141,-1,141,140,142,-1,141,142,143,-1,143,142,144,-1,143,144,145,-1,145,144,146,-1,145,146,147,-1,147,146,148,-1,147,148,149,-1,149,148,150,-1,149,150,151,-1,151,150,152,-1,151,152,153,-1,153,152,154,-1,153,154,155,-1,155,154,156,-1,155,156,157,-1,157,156,158,-1,157,158,159,-1,159,158,160,-1,159,160,161,-1,161,160,162,-1,161,162,163,-1,163,162,164,-1,163,164,165,-1,165,164,166,-1,165,166,167,-1,167,166,168,-1,167,168,169,-1,169,168,170,-1,169,170,171,-1,171,170,172,-1,171,172,173,-1,173,172,174,-1,173,174,175,-1,175,174,176,-1,175,176,177,-1,177,176,178,-1,177,178,179,-1,179,178,180,-1,179,180,181,-1,181,180,182,-1,181,182,183,-1,183,182,184,-1,183,184,185,-1,185,184,186,-1,185,186,187,-1,187,186,188,-1,187,188,189,-1,189,188,190,-1,189,190,191,-1,191,190,192,-1,191,192,193,-1,193,192,194,-1,193,194,195,-1,195,194,196,-1,195,196,197,-1,197,196,13,-1,197,13,12,-1,113,115,116,-1,57,177,179,-1,57,179,55,-1,55,179,181,-1,55,181,53,-1,53,181,183,-1,53,183,51,-1,51,183,185,-1,51,185,49,-1,49,185,187,-1,49,187,47,-1,33,21,31,-1,31,21,23,-1,31,23,29,-1,29,23,25,-1,29,25,26,-1,187,189,47,-1,47,189,191,-1,47,191,45,-1,45,191,193,-1,45,193,43,-1,43,193,195,-1,43,195,41,-1,41,195,197,-1,41,197,39,-1,39,197,12,-1,39,12,37,-1,37,12,15,-1,37,15,35,-1,35,15,17,-1,35,17,33,-1,33,17,19,-1,33,19,21,-1,89,143,87,-1,87,143,145,-1,87,145,85,-1,85,145,147,-1,85,147,83,-1,83,147,149,-1,83,149,81,-1,81,149,151,-1,81,151,79,-1,79,151,153,-1,79,153,77,-1,77,153,155,-1,77,155,75,-1,113,116,111,-1,111,116,119,-1,111,119,109,-1,109,119,121,-1,109,121,107,-1,107,121,123,-1,107,123,105,-1,105,123,125,-1,105,125,103,-1,103,125,127,-1,103,127,101,-1,101,127,129,-1,101,129,99,-1,99,129,131,-1,99,131,97,-1,97,131,133,-1,97,133,95,-1,95,133,135,-1,95,135,93,-1,93,135,137,-1,93,137,91,-1,91,137,139,-1,91,139,89,-1,89,139,141,-1,89,141,143,-1,177,57,175,-1,175,57,59,-1,175,59,173,-1,173,59,61,-1,173,61,171,-1,171,61,63,-1,171,63,169,-1,169,63,65,-1,169,65,167,-1,167,65,165,-1,165,65,67,-1,165,67,163,-1,155,157,75,-1,75,157,159,-1,75,159,73,-1,73,159,161,-1,73,161,71,-1,71,161,163,-1,71,163,69,-1,69,163,67,-1,28,27,24,-1,28,24,30,-1,44,190,46,-1,46,190,188,-1,46,188,48,-1,48,188,186,-1,48,186,50,-1,50,186,184,-1,50,184,52,-1,52,184,182,-1,52,182,54,-1,114,112,117,-1,117,112,110,-1,117,110,118,-1,118,110,108,-1,182,180,54,-1,54,180,178,-1,54,178,56,-1,56,178,176,-1,56,176,58,-1,58,176,174,-1,58,174,60,-1,60,174,172,-1,60,172,62,-1,24,22,30,-1,30,22,20,-1,30,20,32,-1,32,20,18,-1,32,18,34,-1,34,18,16,-1,34,16,36,-1,36,16,14,-1,36,14,38,-1,38,14,13,-1,38,13,40,-1,40,13,196,-1,40,196,42,-1,42,196,194,-1,42,194,44,-1,44,194,192,-1,44,192,190,-1,82,146,84,-1,84,146,144,-1,84,144,86,-1,86,144,142,-1,86,142,88,-1,88,142,140,-1,88,140,90,-1,90,140,138,-1,90,138,92,-1,92,138,136,-1,92,136,94,-1,94,136,134,-1,94,134,96,-1,96,134,132,-1,96,132,98,-1,98,132,130,-1,98,130,100,-1,100,130,128,-1,100,128,102,-1,102,128,126,-1,102,126,104,-1,104,126,124,-1,104,124,106,-1,106,124,122,-1,106,122,108,-1,108,122,120,-1,108,120,118,-1,162,160,72,-1,72,160,158,-1,72,158,74,-1,74,158,156,-1,74,156,76,-1,76,156,154,-1,76,154,78,-1,78,154,152,-1,78,152,80,-1,80,152,150,-1,80,150,82,-1,82,150,148,-1,82,148,146,-1,172,170,62,-1,62,170,168,-1,62,168,64,-1,64,168,166,-1,64,166,66,-1,66,166,164,-1,66,164,68,-1,68,164,162,-1,68,162,70,-1,70,162,72,-1,198,199,200,-1,200,199,201,-1,202,198,203,-1,203,198,200,-1,204,202,205,-1,205,202,203,-1,206,204,207,-1,207,204,205,-1,208,206,209,-1,209,206,207,-1,210,208,211,-1,211,208,209,-1,212,210,213,-1,213,210,211,-1,214,212,215,-1,215,212,213,-1,216,214,217,-1,217,214,215,-1,218,216,219,-1,219,216,217,-1,220,218,221,-1,221,218,219,-1,199,220,201,-1,201,220,221,-1,220,199,198,-1,198,202,220,-1,220,202,204,-1,220,204,218,-1,214,216,212,-1,212,216,218,-1,212,218,210,-1,210,218,204,-1,210,204,208,-1,208,204,206,-1,219,217,215,-1,215,213,219,-1,219,213,211,-1,219,211,221,-1,200,201,203,-1,203,201,221,-1,203,221,205,-1,205,221,211,-1,205,211,207,-1,207,211,209,-1,222,223,224,-1,224,223,225,-1,224,225,226,-1,226,225,227,-1,226,227,228,-1,228,227,229,-1,228,229,230,-1,230,229,231,-1,230,231,232,-1,232,231,233,-1,232,233,234,-1,234,233,235,-1,234,235,236,-1,236,235,237,-1,236,237,238,-1,239,240,241,-1,241,240,242,-1,241,242,243,-1,243,242,244,-1,243,244,245,-1,245,244,246,-1,245,246,247,-1,246,248,247,-1,247,248,249,-1,247,249,250,-1,250,249,251,-1,250,251,252,-1,252,251,253,-1,252,253,254,-1,254,253,255,-1,254,255,256,-1,256,255,257,-1,256,257,258,-1,258,257,259,-1,258,259,260,-1,260,259,261,-1,260,261,262,-1,262,261,263,-1,262,263,264,-1,264,263,265,-1,264,265,266,-1,266,265,267,-1,266,267,268,-1,268,267,269,-1,268,269,270,-1,270,269,271,-1,270,271,272,-1,272,271,273,-1,272,273,274,-1,274,273,275,-1,274,275,276,-1,276,275,277,-1,276,277,278,-1,278,277,279,-1,278,279,280,-1,280,279,281,-1,280,281,222,-1,222,281,282,-1,222,282,223,-1,237,283,238,-1,238,283,284,-1,238,284,285,-1,285,284,286,-1,285,286,287,-1,287,286,288,-1,287,288,289,-1,289,288,290,-1,289,290,291,-1,291,290,292,-1,291,292,293,-1,293,292,294,-1,293,294,239,-1,239,294,295,-1,239,295,240,-1,296,297,298,-1,298,297,299,-1,298,299,300,-1,300,299,301,-1,300,301,302,-1,302,301,303,-1,302,303,304,-1,304,303,305,-1,304,305,306,-1,306,305,307,-1,306,307,308,-1,309,310,311,-1,311,310,312,-1,311,312,313,-1,313,312,314,-1,313,314,315,-1,315,314,316,-1,315,316,317,-1,317,316,318,-1,317,318,319,-1,319,318,320,-1,319,320,321,-1,321,320,322,-1,321,322,323,-1,323,322,324,-1,323,324,325,-1,325,324,326,-1,325,326,327,-1,327,326,328,-1,327,328,329,-1,329,328,330,-1,329,330,331,-1,331,330,332,-1,331,332,333,-1,333,332,334,-1,333,334,335,-1,335,334,336,-1,335,336,337,-1,337,336,338,-1,337,338,296,-1,296,338,339,-1,296,339,297,-1,340,341,342,-1,342,341,343,-1,342,343,344,-1,344,343,345,-1,344,345,346,-1,346,345,347,-1,346,347,348,-1,348,347,349,-1,348,349,350,-1,350,349,351,-1,350,351,352,-1,352,351,353,-1,352,353,354,-1,354,353,355,-1,354,355,309,-1,309,355,356,-1,309,356,310,-1,307,357,308,-1,308,357,358,-1,308,358,359,-1,359,358,360,-1,359,360,361,-1,361,360,362,-1,361,362,363,-1,363,362,364,-1,363,364,365,-1,365,364,366,-1,365,366,367,-1,367,366,368,-1,367,368,340,-1,340,368,369,-1,340,369,341,-1,275,273,320,-1,320,273,322,-1,275,320,318,-1,275,318,277,-1,277,318,316,-1,277,316,279,-1,279,316,314,-1,279,314,281,-1,281,314,312,-1,281,312,282,-1,282,312,310,-1,282,310,223,-1,223,310,356,-1,223,356,225,-1,225,356,355,-1,225,355,227,-1,227,355,353,-1,227,353,229,-1,229,353,351,-1,229,351,231,-1,231,351,349,-1,231,349,233,-1,233,349,347,-1,233,347,235,-1,235,347,345,-1,235,345,237,-1,237,345,343,-1,237,343,283,-1,283,343,341,-1,283,341,284,-1,284,341,369,-1,284,369,286,-1,286,369,368,-1,286,368,288,-1,288,368,366,-1,288,366,290,-1,290,366,364,-1,290,364,292,-1,292,364,362,-1,292,362,294,-1,294,362,360,-1,294,360,295,-1,295,360,358,-1,295,358,240,-1,240,358,357,-1,240,357,242,-1,242,357,307,-1,242,307,244,-1,244,307,305,-1,244,305,246,-1,246,305,303,-1,246,303,248,-1,248,303,301,-1,248,301,249,-1,249,301,299,-1,249,299,251,-1,251,299,297,-1,251,297,253,-1,253,297,339,-1,253,339,255,-1,255,339,338,-1,255,338,257,-1,257,338,336,-1,257,336,259,-1,259,336,334,-1,259,334,261,-1,261,334,332,-1,261,332,263,-1,263,332,330,-1,263,330,265,-1,265,330,328,-1,265,328,267,-1,267,328,326,-1,267,326,269,-1,271,269,324,-1,324,269,326,-1,273,271,322,-1,322,271,324,-1,268,270,325,-1,325,270,323,-1,270,272,323,-1,323,272,321,-1,272,274,321,-1,321,274,319,-1,230,350,352,-1,230,352,228,-1,228,352,354,-1,228,354,226,-1,226,354,309,-1,226,309,224,-1,224,309,311,-1,224,311,222,-1,222,311,313,-1,222,313,280,-1,280,313,315,-1,280,315,278,-1,278,315,317,-1,278,317,276,-1,276,317,319,-1,276,319,274,-1,291,363,365,-1,291,365,289,-1,289,365,367,-1,289,367,287,-1,287,367,340,-1,287,340,285,-1,285,340,342,-1,285,342,238,-1,238,342,344,-1,238,344,236,-1,236,344,346,-1,236,346,234,-1,234,346,348,-1,234,348,232,-1,232,348,350,-1,232,350,230,-1,252,298,300,-1,252,300,250,-1,250,300,302,-1,250,302,247,-1,247,302,304,-1,247,304,245,-1,245,304,306,-1,245,306,243,-1,243,306,308,-1,243,308,241,-1,241,308,359,-1,241,359,239,-1,239,359,361,-1,239,361,293,-1,293,361,363,-1,293,363,291,-1,268,325,327,-1,268,327,266,-1,266,327,329,-1,266,329,264,-1,264,329,331,-1,264,331,262,-1,262,331,333,-1,262,333,260,-1,260,333,335,-1,260,335,258,-1,258,335,337,-1,258,337,256,-1,256,337,296,-1,256,296,254,-1,254,296,298,-1,254,298,252,-1,370,371,372,-1,372,371,373,-1,374,375,370,-1,370,375,376,-1,370,376,371,-1,371,376,377,-1,374,378,375,-1,375,378,379,-1,375,379,380,-1,380,379,381,-1,380,381,382,-1,382,383,380,-1,380,383,372,-1,380,372,384,-1,384,372,373,-1,384,373,385,-1,386,387,388,-1,387,389,388,-1,388,389,390,-1,388,390,391,-1,391,390,392,-1,391,392,393,-1,393,394,391,-1,391,394,395,-1,391,395,396,-1,397,398,399,-1,400,396,401,-1,401,396,395,-1,401,395,399,-1,399,395,386,-1,399,386,397,-1,397,386,388,-1,380,384,388,-1,388,384,397,-1,375,380,391,-1,391,380,388,-1,376,375,396,-1,396,375,391,-1,377,376,400,-1,400,376,396,-1,371,377,401,-1,401,377,400,-1,373,371,399,-1,399,371,401,-1,385,373,398,-1,398,373,399,-1,384,385,397,-1,397,385,398,-1,370,372,395,-1,395,372,386,-1,372,383,386,-1,386,383,387,-1,381,390,389,-1,381,389,382,-1,382,389,387,-1,382,387,383,-1,381,379,390,-1,390,379,392,-1,374,394,393,-1,374,393,378,-1,378,393,392,-1,378,392,379,-1,374,370,394,-1,394,370,395,-1,402,403,404,-1,404,403,405,-1,406,402,407,-1,407,402,404,-1,408,406,409,-1,409,406,407,-1,410,408,411,-1,411,408,409,-1,412,410,413,-1,413,410,411,-1,414,412,415,-1,415,412,413,-1,416,414,417,-1,417,414,415,-1,418,416,419,-1,419,416,417,-1,420,418,421,-1,421,418,419,-1,422,420,423,-1,423,420,421,-1,424,422,425,-1,425,422,423,-1,403,424,405,-1,405,424,425,-1,424,403,402,-1,402,406,424,-1,424,406,408,-1,424,408,422,-1,418,420,416,-1,416,420,422,-1,416,422,414,-1,414,422,408,-1,414,408,412,-1,412,408,410,-1,423,421,419,-1,419,417,423,-1,423,417,415,-1,423,415,425,-1,404,405,407,-1,407,405,425,-1,407,425,409,-1,409,425,415,-1,409,415,411,-1,411,415,413,-1,426,427,428,-1,428,427,429,-1,430,431,432,-1,433,434,435,-1,435,434,436,-1,432,431,437,-1,437,431,438,-1,437,438,439,-1,439,438,440,-1,439,440,441,-1,442,443,444,-1,434,445,436,-1,436,445,446,-1,436,446,447,-1,433,435,448,-1,448,435,449,-1,448,449,450,-1,450,449,451,-1,450,451,452,-1,441,440,453,-1,453,440,454,-1,453,454,455,-1,455,454,456,-1,455,456,457,-1,446,458,447,-1,447,458,459,-1,447,459,460,-1,460,459,461,-1,460,461,462,-1,428,463,464,-1,464,463,465,-1,464,465,466,-1,467,468,469,-1,469,468,470,-1,469,470,471,-1,471,470,472,-1,471,472,473,-1,474,475,429,-1,429,475,476,-1,429,476,428,-1,428,476,477,-1,428,477,463,-1,457,456,478,-1,478,456,479,-1,478,479,480,-1,480,479,481,-1,480,481,482,-1,483,484,485,-1,485,484,486,-1,485,486,487,-1,487,486,488,-1,487,488,489,-1,444,490,442,-1,442,490,491,-1,442,491,483,-1,483,491,492,-1,483,492,484,-1,493,494,495,-1,495,494,496,-1,495,496,443,-1,443,496,497,-1,443,497,444,-1,498,499,500,-1,500,499,452,-1,500,452,501,-1,501,452,451,-1,472,502,473,-1,473,502,503,-1,473,503,504,-1,504,503,505,-1,504,505,506,-1,506,505,466,-1,506,466,507,-1,507,466,465,-1,482,481,508,-1,508,481,509,-1,508,509,510,-1,510,499,508,-1,508,499,498,-1,508,498,429,-1,429,498,511,-1,429,511,474,-1,488,512,489,-1,489,512,513,-1,489,513,514,-1,514,513,515,-1,514,515,516,-1,516,515,517,-1,516,517,467,-1,467,517,518,-1,467,518,468,-1,461,519,462,-1,462,519,520,-1,462,520,521,-1,521,520,522,-1,521,522,523,-1,432,524,430,-1,430,524,525,-1,430,525,526,-1,526,525,527,-1,526,527,528,-1,528,527,529,-1,528,529,530,-1,530,529,531,-1,530,531,532,-1,532,531,533,-1,532,533,534,-1,534,533,535,-1,534,535,536,-1,536,535,537,-1,536,537,538,-1,538,537,539,-1,538,539,540,-1,540,539,541,-1,540,541,542,-1,542,541,543,-1,542,543,544,-1,522,545,523,-1,523,545,546,-1,523,546,493,-1,493,546,547,-1,493,547,494,-1,548,549,550,-1,551,552,553,-1,553,552,554,-1,553,554,555,-1,556,557,558,-1,559,560,561,-1,561,560,562,-1,561,562,563,-1,554,564,555,-1,555,564,565,-1,555,565,566,-1,566,565,567,-1,566,567,568,-1,569,570,571,-1,571,570,572,-1,571,572,573,-1,573,572,574,-1,573,574,551,-1,551,574,575,-1,551,575,552,-1,576,556,577,-1,577,556,558,-1,577,558,578,-1,578,558,579,-1,580,581,582,-1,582,581,583,-1,582,583,584,-1,584,583,585,-1,584,585,586,-1,586,585,587,-1,586,587,588,-1,588,587,589,-1,590,591,580,-1,580,591,592,-1,580,592,581,-1,593,594,559,-1,559,594,595,-1,559,595,560,-1,596,597,593,-1,593,597,598,-1,593,598,594,-1,599,600,601,-1,601,600,558,-1,601,558,602,-1,602,558,557,-1,603,604,590,-1,590,604,605,-1,590,605,591,-1,567,606,568,-1,568,606,607,-1,568,607,608,-1,608,607,609,-1,608,609,610,-1,610,609,600,-1,610,600,611,-1,562,612,563,-1,563,612,613,-1,563,613,614,-1,611,600,615,-1,615,600,599,-1,615,599,589,-1,589,599,616,-1,589,616,588,-1,548,550,617,-1,617,550,618,-1,617,618,619,-1,619,618,620,-1,619,620,621,-1,621,620,622,-1,621,622,623,-1,623,622,624,-1,623,624,625,-1,625,624,626,-1,625,626,627,-1,627,626,628,-1,627,628,629,-1,629,628,630,-1,629,630,569,-1,569,630,631,-1,569,631,570,-1,632,633,634,-1,634,633,635,-1,634,635,603,-1,603,635,636,-1,603,636,604,-1,613,637,614,-1,614,637,638,-1,614,638,639,-1,639,638,640,-1,639,640,632,-1,632,640,641,-1,632,641,633,-1,642,643,644,-1,644,643,645,-1,644,645,646,-1,646,645,647,-1,646,647,648,-1,648,647,649,-1,648,649,650,-1,651,652,653,-1,653,652,654,-1,653,654,655,-1,655,654,656,-1,655,656,596,-1,596,656,657,-1,596,657,597,-1,649,658,650,-1,650,658,659,-1,650,659,660,-1,660,659,661,-1,660,661,662,-1,662,661,663,-1,662,663,651,-1,651,663,664,-1,651,664,652,-1,644,665,642,-1,642,665,666,-1,642,666,667,-1,667,666,668,-1,667,668,577,-1,577,668,669,-1,577,669,576,-1,529,630,628,-1,529,628,531,-1,531,628,626,-1,531,626,533,-1,533,626,624,-1,533,624,535,-1,535,624,622,-1,535,622,537,-1,537,622,620,-1,537,620,539,-1,539,620,618,-1,539,618,541,-1,541,618,550,-1,541,550,543,-1,544,543,549,-1,549,543,550,-1,544,549,548,-1,544,548,542,-1,542,548,617,-1,542,617,540,-1,540,617,619,-1,540,619,538,-1,538,619,621,-1,538,621,536,-1,536,621,623,-1,536,623,534,-1,534,623,625,-1,534,625,532,-1,532,625,627,-1,532,627,530,-1,530,627,629,-1,530,629,528,-1,528,629,569,-1,528,569,526,-1,526,569,571,-1,526,571,430,-1,430,571,573,-1,430,573,431,-1,431,573,551,-1,431,551,438,-1,438,551,553,-1,438,553,440,-1,440,553,555,-1,440,555,454,-1,454,555,566,-1,454,566,456,-1,456,566,568,-1,456,568,479,-1,479,568,608,-1,479,608,481,-1,481,608,610,-1,481,610,509,-1,509,610,611,-1,509,611,510,-1,510,611,615,-1,510,615,499,-1,452,499,589,-1,589,499,615,-1,452,589,587,-1,452,587,450,-1,450,587,585,-1,450,585,448,-1,448,585,583,-1,448,583,433,-1,433,583,581,-1,433,581,434,-1,434,581,592,-1,434,592,445,-1,445,592,591,-1,445,591,446,-1,446,591,605,-1,446,605,458,-1,458,605,604,-1,458,604,459,-1,459,604,636,-1,459,636,461,-1,461,636,635,-1,461,635,519,-1,519,635,633,-1,519,633,520,-1,520,633,641,-1,520,641,522,-1,522,641,640,-1,522,640,545,-1,545,640,638,-1,545,638,546,-1,546,638,637,-1,546,637,547,-1,547,637,613,-1,547,613,494,-1,494,613,612,-1,494,612,496,-1,496,612,562,-1,496,562,497,-1,497,562,560,-1,497,560,444,-1,444,560,595,-1,444,595,490,-1,490,595,594,-1,490,594,491,-1,491,594,598,-1,491,598,492,-1,492,598,597,-1,492,597,484,-1,484,597,657,-1,484,657,486,-1,486,657,656,-1,486,656,488,-1,488,656,654,-1,488,654,512,-1,512,654,652,-1,512,652,513,-1,513,652,664,-1,513,664,515,-1,515,664,663,-1,515,663,517,-1,517,663,661,-1,517,661,518,-1,518,661,659,-1,518,659,468,-1,468,659,658,-1,468,658,470,-1,470,658,649,-1,470,649,472,-1,472,649,647,-1,472,647,502,-1,502,647,645,-1,502,645,503,-1,503,645,643,-1,503,643,505,-1,505,643,642,-1,505,642,466,-1,466,642,667,-1,466,667,464,-1,428,464,577,-1,577,464,667,-1,426,428,578,-1,578,428,577,-1,427,426,579,-1,579,426,578,-1,429,427,558,-1,558,427,579,-1,429,558,600,-1,429,600,508,-1,508,600,609,-1,508,609,482,-1,482,609,607,-1,482,607,480,-1,480,607,606,-1,480,606,478,-1,478,606,567,-1,478,567,457,-1,457,567,565,-1,457,565,455,-1,455,565,564,-1,455,564,453,-1,453,564,554,-1,453,554,441,-1,441,554,552,-1,441,552,439,-1,439,552,575,-1,439,575,437,-1,437,575,574,-1,437,574,432,-1,432,574,572,-1,432,572,524,-1,524,572,570,-1,524,570,525,-1,525,570,631,-1,525,631,527,-1,527,631,630,-1,527,630,529,-1,436,580,582,-1,436,582,435,-1,435,582,584,-1,435,584,449,-1,449,584,586,-1,449,586,451,-1,451,586,588,-1,451,588,501,-1,501,588,616,-1,501,616,500,-1,523,639,632,-1,523,632,521,-1,521,632,634,-1,521,634,462,-1,462,634,603,-1,462,603,460,-1,460,603,590,-1,460,590,447,-1,447,590,580,-1,447,580,436,-1,483,593,559,-1,483,559,442,-1,442,559,561,-1,442,561,443,-1,443,561,563,-1,443,563,495,-1,495,563,614,-1,495,614,493,-1,493,614,639,-1,493,639,523,-1,516,662,651,-1,516,651,514,-1,514,651,653,-1,514,653,489,-1,489,653,655,-1,489,655,487,-1,487,655,596,-1,487,596,485,-1,485,596,593,-1,485,593,483,-1,507,666,665,-1,507,665,506,-1,506,665,644,-1,506,644,504,-1,504,644,646,-1,504,646,473,-1,473,646,648,-1,473,648,471,-1,471,648,650,-1,471,650,469,-1,469,650,660,-1,469,660,467,-1,467,660,662,-1,467,662,516,-1,511,601,602,-1,511,602,474,-1,474,602,557,-1,474,557,475,-1,475,557,556,-1,475,556,476,-1,476,556,576,-1,476,576,477,-1,477,576,669,-1,477,669,463,-1,463,669,668,-1,463,668,465,-1,465,668,666,-1,465,666,507,-1,511,498,601,-1,601,498,599,-1,498,500,599,-1,599,500,616,-1,670,671,672,-1,670,672,673,-1,673,672,674,-1,673,674,675,-1,675,674,676,-1,675,676,677,-1,677,676,678,-1,677,678,679,-1,679,678,680,-1,679,680,681,-1,681,680,682,-1,681,682,683,-1,683,682,684,-1,683,684,685,-1,686,685,687,-1,687,685,684,-1,686,687,688,-1,686,688,689,-1,689,688,690,-1,689,690,691,-1,691,690,692,-1,691,692,693,-1,693,692,694,-1,693,694,695,-1,695,694,696,-1,695,696,697,-1,697,696,698,-1,697,698,699,-1,699,698,700,-1,699,700,701,-1,701,700,702,-1,701,702,703,-1,703,702,704,-1,703,704,705,-1,705,704,706,-1,705,706,707,-1,707,706,708,-1,707,708,709,-1,709,708,710,-1,709,710,711,-1,711,710,712,-1,711,712,713,-1,713,712,714,-1,713,714,715,-1,715,714,716,-1,715,716,717,-1,717,716,718,-1,717,718,719,-1,719,718,720,-1,719,720,721,-1,721,720,722,-1,721,722,723,-1,723,722,724,-1,723,724,725,-1,725,724,726,-1,725,726,727,-1,727,726,728,-1,727,728,729,-1,729,728,730,-1,729,730,731,-1,731,730,732,-1,731,732,733,-1,733,732,734,-1,733,734,735,-1,735,734,736,-1,735,736,737,-1,737,736,738,-1,737,738,739,-1,739,738,740,-1,739,740,741,-1,741,740,742,-1,741,742,743,-1,743,742,744,-1,743,744,745,-1,745,744,746,-1,745,746,747,-1,747,746,748,-1,747,748,749,-1,749,748,750,-1,749,750,751,-1,751,750,752,-1,751,752,753,-1,753,752,754,-1,753,754,755,-1,755,754,756,-1,755,756,757,-1,757,756,758,-1,757,758,759,-1,759,758,760,-1,759,760,761,-1,761,760,762,-1,761,762,763,-1,763,762,764,-1,763,764,765,-1,765,764,766,-1,765,766,767,-1,767,766,768,-1,767,768,769,-1,769,768,770,-1,769,770,771,-1,771,770,772,-1,771,772,773,-1,773,772,774,-1,773,774,775,-1,775,774,776,-1,775,776,777,-1,777,776,778,-1,777,778,779,-1,779,778,780,-1,779,780,781,-1,781,780,782,-1,781,782,783,-1,783,782,784,-1,783,784,785,-1,785,784,786,-1,785,786,787,-1,787,786,788,-1,787,788,789,-1,789,788,790,-1,789,790,791,-1,791,790,792,-1,791,792,793,-1,793,792,794,-1,793,794,795,-1,795,794,796,-1,795,796,797,-1,797,796,798,-1,797,798,799,-1,799,798,800,-1,799,800,801,-1,801,800,802,-1,801,802,803,-1,803,802,804,-1,803,804,805,-1,806,805,807,-1,807,805,804,-1,806,807,808,-1,806,808,809,-1,809,808,810,-1,809,810,811,-1,811,810,812,-1,811,812,813,-1,813,812,814,-1,813,814,815,-1,815,814,816,-1,815,816,817,-1,817,816,818,-1,817,818,819,-1,819,818,820,-1,819,820,821,-1,821,820,822,-1,821,822,823,-1,823,822,824,-1,823,824,825,-1,825,824,826,-1,825,826,827,-1,827,826,828,-1,827,828,829,-1,829,828,830,-1,829,830,831,-1,831,830,832,-1,831,832,833,-1,833,832,834,-1,833,834,835,-1,835,834,836,-1,835,836,837,-1,837,836,838,-1,837,838,839,-1,839,838,840,-1,839,840,841,-1,841,840,842,-1,841,842,843,-1,843,842,844,-1,843,844,845,-1,845,844,846,-1,845,846,847,-1,847,846,848,-1,847,848,849,-1,849,848,850,-1,849,850,851,-1,851,850,852,-1,851,852,853,-1,853,852,854,-1,853,854,855,-1,855,854,856,-1,855,856,857,-1,857,856,858,-1,857,858,859,-1,859,858,860,-1,859,860,861,-1,861,860,862,-1,861,862,863,-1,863,862,864,-1,863,864,865,-1,865,864,866,-1,865,866,867,-1,867,866,868,-1,867,868,869,-1,869,868,870,-1,869,870,871,-1,871,870,872,-1,871,872,873,-1,873,872,874,-1,873,874,875,-1,875,874,876,-1,875,876,877,-1,877,876,878,-1,877,878,879,-1,879,878,880,-1,879,880,881,-1,881,880,882,-1,881,882,883,-1,883,882,884,-1,883,884,885,-1,885,884,886,-1,885,886,887,-1,887,886,888,-1,887,888,889,-1,889,888,890,-1,889,890,891,-1,891,890,892,-1,891,892,893,-1,893,892,894,-1,893,894,895,-1,895,894,896,-1,895,896,897,-1,897,896,898,-1,897,898,899,-1,899,898,900,-1,899,900,901,-1,901,900,902,-1,901,902,903,-1,903,902,904,-1,903,904,905,-1,905,904,906,-1,905,906,907,-1,907,906,671,-1,907,671,670,-1,683,685,686,-1,803,805,806,-1,713,715,897,-1,897,715,895,-1,777,837,775,-1,775,837,839,-1,775,839,773,-1,715,717,895,-1,895,717,719,-1,895,719,893,-1,779,833,777,-1,777,833,835,-1,777,835,837,-1,713,897,711,-1,711,897,899,-1,711,899,709,-1,709,899,901,-1,709,901,707,-1,707,901,903,-1,707,903,705,-1,855,765,853,-1,853,765,767,-1,737,883,735,-1,735,883,885,-1,839,841,773,-1,773,841,843,-1,773,843,771,-1,843,845,771,-1,771,845,847,-1,771,847,769,-1,769,847,849,-1,769,849,767,-1,767,849,851,-1,767,851,853,-1,855,857,765,-1,765,857,859,-1,765,859,763,-1,763,859,861,-1,763,861,761,-1,761,861,863,-1,761,863,759,-1,759,863,865,-1,759,865,757,-1,889,729,887,-1,887,729,731,-1,887,731,885,-1,885,731,733,-1,885,733,735,-1,719,721,893,-1,893,721,723,-1,893,723,891,-1,891,723,725,-1,891,725,889,-1,889,725,727,-1,889,727,729,-1,737,739,883,-1,883,739,741,-1,883,741,881,-1,881,741,743,-1,881,743,879,-1,879,743,745,-1,879,745,877,-1,877,745,747,-1,877,747,875,-1,705,903,703,-1,703,903,905,-1,703,905,701,-1,701,905,907,-1,701,907,699,-1,699,907,670,-1,699,670,697,-1,697,670,673,-1,697,673,695,-1,695,673,675,-1,695,675,693,-1,693,675,677,-1,693,677,691,-1,691,677,679,-1,691,679,689,-1,689,679,686,-1,686,679,681,-1,686,681,683,-1,747,749,875,-1,875,749,751,-1,875,751,873,-1,873,751,753,-1,873,753,871,-1,871,753,755,-1,871,755,869,-1,869,755,757,-1,869,757,867,-1,867,757,865,-1,803,806,801,-1,801,806,809,-1,801,809,799,-1,799,809,811,-1,799,811,797,-1,797,811,813,-1,797,813,795,-1,795,813,815,-1,795,815,793,-1,793,815,817,-1,793,817,791,-1,791,817,819,-1,791,819,789,-1,789,819,821,-1,789,821,787,-1,787,821,823,-1,787,823,785,-1,785,823,825,-1,785,825,783,-1,783,825,827,-1,783,827,781,-1,781,827,829,-1,781,829,779,-1,779,829,831,-1,779,831,833,-1,894,714,896,-1,896,714,712,-1,896,712,898,-1,898,712,710,-1,898,710,900,-1,776,774,836,-1,856,764,858,-1,858,764,762,-1,892,718,894,-1,894,718,716,-1,894,716,714,-1,886,884,732,-1,732,884,734,-1,734,884,882,-1,734,882,736,-1,856,854,764,-1,764,854,852,-1,764,852,766,-1,766,852,850,-1,766,850,768,-1,880,740,882,-1,882,740,738,-1,882,738,736,-1,770,842,772,-1,772,842,840,-1,772,840,774,-1,774,840,838,-1,774,838,836,-1,890,722,892,-1,892,722,720,-1,892,720,718,-1,850,848,768,-1,768,848,846,-1,768,846,770,-1,770,846,844,-1,770,844,842,-1,710,708,900,-1,900,708,706,-1,900,706,902,-1,902,706,704,-1,902,704,904,-1,904,704,702,-1,904,702,906,-1,906,702,700,-1,906,700,671,-1,671,700,698,-1,671,698,672,-1,672,698,696,-1,672,696,674,-1,674,696,694,-1,674,694,676,-1,732,730,886,-1,886,730,728,-1,886,728,888,-1,888,728,726,-1,888,726,890,-1,890,726,724,-1,890,724,722,-1,694,692,676,-1,676,692,690,-1,676,690,678,-1,678,690,688,-1,678,688,680,-1,680,688,687,-1,680,687,682,-1,682,687,684,-1,872,870,754,-1,754,870,868,-1,754,868,756,-1,756,868,866,-1,756,866,758,-1,758,866,864,-1,758,864,760,-1,760,864,862,-1,760,862,762,-1,762,862,860,-1,762,860,858,-1,836,834,776,-1,776,834,832,-1,776,832,778,-1,778,832,830,-1,778,830,780,-1,780,830,828,-1,780,828,782,-1,782,828,826,-1,782,826,784,-1,784,826,824,-1,784,824,786,-1,786,824,822,-1,786,822,788,-1,788,822,820,-1,788,820,790,-1,790,820,818,-1,790,818,792,-1,792,818,816,-1,792,816,794,-1,794,816,814,-1,794,814,796,-1,796,814,812,-1,796,812,798,-1,798,812,810,-1,798,810,800,-1,800,810,808,-1,800,808,802,-1,802,808,807,-1,802,807,804,-1,754,752,872,-1,872,752,750,-1,872,750,874,-1,874,750,748,-1,874,748,876,-1,876,748,746,-1,876,746,878,-1,878,746,744,-1,878,744,880,-1,880,744,742,-1,880,742,740,-1,908,909,910,-1,910,909,911,-1,912,908,913,-1,913,908,910,-1,912,913,914,-1,912,914,915,-1,915,914,916,-1,915,916,917,-1,918,917,919,-1,919,917,916,-1,920,918,921,-1,921,918,919,-1,922,920,923,-1,923,920,921,-1,924,922,925,-1,925,922,923,-1,926,924,927,-1,927,924,925,-1,928,926,929,-1,929,926,927,-1,928,929,930,-1,928,930,931,-1,931,930,932,-1,931,932,933,-1,933,932,934,-1,933,934,935,-1,935,934,936,-1,935,936,937,-1,937,936,938,-1,937,938,939,-1,939,938,940,-1,939,940,941,-1,941,940,942,-1,941,942,943,-1,943,942,944,-1,943,944,945,-1,945,944,946,-1,945,946,947,-1,947,946,948,-1,947,948,949,-1,950,949,951,-1,951,949,948,-1,950,951,952,-1,950,952,953,-1,953,952,954,-1,953,954,955,-1,955,954,956,-1,955,956,957,-1,957,956,958,-1,957,958,959,-1,959,958,960,-1,959,960,961,-1,961,960,962,-1,961,962,963,-1,963,962,964,-1,963,964,965,-1,965,964,966,-1,965,966,967,-1,967,966,968,-1,967,968,969,-1,969,968,970,-1,969,970,971,-1,971,970,972,-1,971,972,973,-1,973,972,974,-1,973,974,975,-1,975,974,976,-1,975,976,977,-1,977,976,978,-1,977,978,979,-1,909,979,911,-1,911,979,978,-1,915,917,979,-1,909,908,979,-1,979,908,912,-1,979,912,915,-1,922,924,920,-1,920,924,926,-1,920,926,918,-1,933,935,967,-1,967,935,965,-1,965,935,937,-1,965,937,963,-1,963,937,939,-1,963,939,961,-1,961,939,959,-1,959,939,941,-1,959,941,957,-1,957,941,943,-1,957,943,955,-1,967,969,933,-1,933,969,971,-1,933,971,931,-1,931,971,973,-1,931,973,928,-1,955,943,953,-1,953,943,945,-1,953,945,950,-1,950,945,947,-1,950,947,949,-1,973,975,928,-1,928,975,977,-1,928,977,926,-1,926,977,979,-1,926,979,918,-1,918,979,917,-1,940,938,960,-1,927,925,923,-1,910,911,913,-1,913,911,978,-1,960,938,962,-1,962,938,936,-1,962,936,964,-1,960,958,940,-1,940,958,956,-1,940,956,942,-1,942,956,954,-1,942,954,944,-1,944,954,952,-1,944,952,946,-1,946,952,951,-1,946,951,948,-1,964,936,966,-1,966,936,934,-1,966,934,968,-1,968,934,932,-1,968,932,970,-1,970,932,930,-1,970,930,972,-1,972,930,974,-1,974,930,929,-1,974,929,976,-1,919,916,978,-1,978,916,914,-1,978,914,913,-1,923,921,927,-1,927,921,919,-1,927,919,929,-1,929,919,978,-1,929,978,976,-1,980,981,982,-1,982,981,983,-1,984,980,985,-1,985,980,982,-1,986,984,987,-1,987,984,985,-1,988,986,989,-1,989,986,987,-1,990,988,991,-1,991,988,989,-1,992,990,993,-1,993,990,991,-1,994,992,995,-1,995,992,993,-1,996,994,997,-1,997,994,995,-1,998,996,999,-1,999,996,997,-1,1000,998,1001,-1,1001,998,999,-1,1002,1000,1003,-1,1003,1000,1001,-1,981,1002,983,-1,983,1002,1003,-1,1002,981,980,-1,980,984,1002,-1,1002,984,986,-1,1002,986,1000,-1,996,998,994,-1,994,998,1000,-1,994,1000,992,-1,992,1000,986,-1,992,986,990,-1,990,986,988,-1,1001,999,997,-1,997,995,1001,-1,1001,995,993,-1,1001,993,1003,-1,982,983,985,-1,985,983,1003,-1,985,1003,987,-1,987,1003,993,-1,987,993,989,-1,989,993,991,-1,1004,1005,1006,-1,1006,1005,1007,-1,1006,1007,1008,-1,1008,1007,1009,-1,1008,1009,1010,-1,1010,1009,1011,-1,1010,1011,1012,-1,1012,1011,1013,-1,1012,1013,1014,-1,1014,1013,1015,-1,1014,1015,1016,-1,1016,1015,1017,-1,1016,1017,1018,-1,1018,1017,1019,-1,1018,1019,1020,-1,1021,1022,1023,-1,1023,1022,1024,-1,1023,1024,1025,-1,1025,1024,1026,-1,1025,1026,1027,-1,1027,1026,1028,-1,1027,1028,1029,-1,1028,1030,1029,-1,1029,1030,1031,-1,1029,1031,1032,-1,1032,1031,1033,-1,1032,1033,1034,-1,1034,1033,1035,-1,1034,1035,1036,-1,1036,1035,1037,-1,1036,1037,1038,-1,1038,1037,1039,-1,1038,1039,1040,-1,1040,1039,1041,-1,1040,1041,1042,-1,1042,1041,1043,-1,1042,1043,1044,-1,1044,1043,1045,-1,1044,1045,1046,-1,1046,1045,1047,-1,1046,1047,1048,-1,1048,1047,1049,-1,1048,1049,1050,-1,1050,1049,1051,-1,1050,1051,1052,-1,1052,1051,1053,-1,1052,1053,1054,-1,1054,1053,1055,-1,1054,1055,1056,-1,1056,1055,1057,-1,1056,1057,1058,-1,1058,1057,1059,-1,1058,1059,1060,-1,1060,1059,1061,-1,1060,1061,1062,-1,1062,1061,1063,-1,1062,1063,1004,-1,1004,1063,1064,-1,1004,1064,1005,-1,1019,1065,1020,-1,1020,1065,1066,-1,1020,1066,1067,-1,1067,1066,1068,-1,1067,1068,1069,-1,1069,1068,1070,-1,1069,1070,1071,-1,1071,1070,1072,-1,1071,1072,1073,-1,1073,1072,1074,-1,1073,1074,1075,-1,1075,1074,1076,-1,1075,1076,1021,-1,1021,1076,1077,-1,1021,1077,1022,-1,1078,1079,1080,-1,1080,1079,1081,-1,1080,1081,1082,-1,1082,1081,1083,-1,1082,1083,1084,-1,1084,1083,1085,-1,1084,1085,1086,-1,1086,1085,1087,-1,1086,1087,1088,-1,1088,1087,1089,-1,1088,1089,1090,-1,1091,1092,1093,-1,1093,1092,1094,-1,1093,1094,1095,-1,1095,1094,1096,-1,1095,1096,1097,-1,1097,1096,1098,-1,1097,1098,1099,-1,1099,1098,1100,-1,1099,1100,1101,-1,1101,1100,1102,-1,1101,1102,1103,-1,1103,1102,1104,-1,1103,1104,1105,-1,1105,1104,1106,-1,1105,1106,1107,-1,1107,1106,1108,-1,1107,1108,1109,-1,1109,1108,1110,-1,1109,1110,1111,-1,1111,1110,1112,-1,1111,1112,1113,-1,1113,1112,1114,-1,1113,1114,1115,-1,1115,1114,1116,-1,1115,1116,1117,-1,1117,1116,1118,-1,1117,1118,1119,-1,1119,1118,1120,-1,1119,1120,1078,-1,1078,1120,1121,-1,1078,1121,1079,-1,1122,1123,1124,-1,1124,1123,1125,-1,1124,1125,1126,-1,1126,1125,1127,-1,1126,1127,1128,-1,1128,1127,1129,-1,1128,1129,1130,-1,1130,1129,1131,-1,1130,1131,1132,-1,1132,1131,1133,-1,1132,1133,1134,-1,1134,1133,1135,-1,1134,1135,1136,-1,1136,1135,1137,-1,1136,1137,1091,-1,1091,1137,1138,-1,1091,1138,1092,-1,1089,1139,1090,-1,1090,1139,1140,-1,1090,1140,1141,-1,1141,1140,1142,-1,1141,1142,1143,-1,1143,1142,1144,-1,1143,1144,1145,-1,1145,1144,1146,-1,1145,1146,1147,-1,1147,1146,1148,-1,1147,1148,1149,-1,1149,1148,1150,-1,1149,1150,1122,-1,1122,1150,1151,-1,1122,1151,1123,-1,1057,1055,1102,-1,1102,1055,1104,-1,1057,1102,1100,-1,1057,1100,1059,-1,1059,1100,1098,-1,1059,1098,1061,-1,1061,1098,1096,-1,1061,1096,1063,-1,1063,1096,1094,-1,1063,1094,1064,-1,1064,1094,1092,-1,1064,1092,1005,-1,1005,1092,1138,-1,1005,1138,1007,-1,1007,1138,1137,-1,1007,1137,1009,-1,1009,1137,1135,-1,1009,1135,1011,-1,1011,1135,1133,-1,1011,1133,1013,-1,1013,1133,1131,-1,1013,1131,1015,-1,1015,1131,1129,-1,1015,1129,1017,-1,1017,1129,1127,-1,1017,1127,1019,-1,1019,1127,1125,-1,1019,1125,1065,-1,1065,1125,1123,-1,1065,1123,1066,-1,1066,1123,1151,-1,1066,1151,1068,-1,1068,1151,1150,-1,1068,1150,1070,-1,1070,1150,1148,-1,1070,1148,1072,-1,1072,1148,1146,-1,1072,1146,1074,-1,1074,1146,1144,-1,1074,1144,1076,-1,1076,1144,1142,-1,1076,1142,1077,-1,1077,1142,1140,-1,1077,1140,1022,-1,1022,1140,1139,-1,1022,1139,1024,-1,1024,1139,1089,-1,1024,1089,1026,-1,1026,1089,1087,-1,1026,1087,1028,-1,1028,1087,1085,-1,1028,1085,1030,-1,1030,1085,1083,-1,1030,1083,1031,-1,1031,1083,1081,-1,1031,1081,1033,-1,1033,1081,1079,-1,1033,1079,1035,-1,1035,1079,1121,-1,1035,1121,1037,-1,1037,1121,1120,-1,1037,1120,1039,-1,1039,1120,1118,-1,1039,1118,1041,-1,1041,1118,1116,-1,1041,1116,1043,-1,1043,1116,1114,-1,1043,1114,1045,-1,1045,1114,1112,-1,1045,1112,1047,-1,1047,1112,1110,-1,1047,1110,1049,-1,1049,1110,1108,-1,1049,1108,1051,-1,1053,1051,1106,-1,1106,1051,1108,-1,1055,1053,1104,-1,1104,1053,1106,-1,1050,1052,1107,-1,1107,1052,1105,-1,1052,1054,1105,-1,1105,1054,1103,-1,1054,1056,1103,-1,1103,1056,1101,-1,1012,1132,1134,-1,1012,1134,1010,-1,1010,1134,1136,-1,1010,1136,1008,-1,1008,1136,1091,-1,1008,1091,1006,-1,1006,1091,1093,-1,1006,1093,1004,-1,1004,1093,1095,-1,1004,1095,1062,-1,1062,1095,1097,-1,1062,1097,1060,-1,1060,1097,1099,-1,1060,1099,1058,-1,1058,1099,1101,-1,1058,1101,1056,-1,1073,1145,1147,-1,1073,1147,1071,-1,1071,1147,1149,-1,1071,1149,1069,-1,1069,1149,1122,-1,1069,1122,1067,-1,1067,1122,1124,-1,1067,1124,1020,-1,1020,1124,1126,-1,1020,1126,1018,-1,1018,1126,1128,-1,1018,1128,1016,-1,1016,1128,1130,-1,1016,1130,1014,-1,1014,1130,1132,-1,1014,1132,1012,-1,1034,1080,1082,-1,1034,1082,1032,-1,1032,1082,1084,-1,1032,1084,1029,-1,1029,1084,1086,-1,1029,1086,1027,-1,1027,1086,1088,-1,1027,1088,1025,-1,1025,1088,1090,-1,1025,1090,1023,-1,1023,1090,1141,-1,1023,1141,1021,-1,1021,1141,1143,-1,1021,1143,1075,-1,1075,1143,1145,-1,1075,1145,1073,-1,1050,1107,1109,-1,1050,1109,1048,-1,1048,1109,1111,-1,1048,1111,1046,-1,1046,1111,1113,-1,1046,1113,1044,-1,1044,1113,1115,-1,1044,1115,1042,-1,1042,1115,1117,-1,1042,1117,1040,-1,1040,1117,1119,-1,1040,1119,1038,-1,1038,1119,1078,-1,1038,1078,1036,-1,1036,1078,1080,-1,1036,1080,1034,-1,1152,1153,1154,-1,1154,1153,1155,-1,1156,1157,1152,-1,1152,1157,1158,-1,1152,1158,1153,-1,1153,1158,1159,-1,1156,1160,1157,-1,1157,1160,1161,-1,1157,1161,1162,-1,1162,1161,1163,-1,1162,1163,1164,-1,1164,1165,1162,-1,1162,1165,1154,-1,1162,1154,1166,-1,1166,1154,1155,-1,1166,1155,1167,-1,1168,1169,1170,-1,1169,1171,1170,-1,1170,1171,1172,-1,1170,1172,1173,-1,1173,1172,1174,-1,1173,1174,1175,-1,1175,1176,1173,-1,1173,1176,1177,-1,1173,1177,1178,-1,1179,1180,1181,-1,1182,1178,1183,-1,1183,1178,1177,-1,1183,1177,1181,-1,1181,1177,1168,-1,1181,1168,1179,-1,1179,1168,1170,-1,1162,1166,1170,-1,1170,1166,1179,-1,1157,1162,1173,-1,1173,1162,1170,-1,1158,1157,1178,-1,1178,1157,1173,-1,1159,1158,1182,-1,1182,1158,1178,-1,1153,1159,1183,-1,1183,1159,1182,-1,1155,1153,1181,-1,1181,1153,1183,-1,1167,1155,1180,-1,1180,1155,1181,-1,1166,1167,1179,-1,1179,1167,1180,-1,1152,1154,1177,-1,1177,1154,1168,-1,1154,1165,1168,-1,1168,1165,1169,-1,1163,1172,1171,-1,1163,1171,1164,-1,1164,1171,1169,-1,1164,1169,1165,-1,1163,1161,1172,-1,1172,1161,1174,-1,1156,1176,1175,-1,1156,1175,1160,-1,1160,1175,1174,-1,1160,1174,1161,-1,1156,1152,1176,-1,1176,1152,1177,-1,1184,1185,1186,-1,1187,1188,1189,-1,1190,1191,1192,-1,1193,1194,1195,-1,1195,1194,1196,-1,1195,1196,1197,-1,1198,1199,1200,-1,1201,1202,1203,-1,1204,1205,1186,-1,1186,1205,1206,-1,1186,1206,1184,-1,1207,1208,1209,-1,1209,1208,1210,-1,1209,1210,1211,-1,1211,1210,1212,-1,1211,1212,1213,-1,1213,1212,1214,-1,1213,1214,1215,-1,1216,1217,1218,-1,1218,1217,1219,-1,1218,1219,1220,-1,1221,1185,1222,-1,1222,1185,1223,-1,1222,1223,1216,-1,1216,1223,1224,-1,1216,1224,1217,-1,1225,1226,1210,-1,1210,1226,1227,-1,1210,1227,1212,-1,1212,1227,1228,-1,1212,1228,1229,-1,1230,1231,1232,-1,1203,1202,1233,-1,1233,1202,1234,-1,1233,1234,1235,-1,1235,1234,1236,-1,1235,1236,1237,-1,1192,1191,1238,-1,1238,1191,1239,-1,1238,1239,1240,-1,1241,1242,1186,-1,1186,1242,1243,-1,1186,1243,1204,-1,1230,1232,1244,-1,1244,1232,1245,-1,1244,1245,1246,-1,1246,1245,1247,-1,1246,1247,1248,-1,1215,1249,1213,-1,1213,1249,1250,-1,1213,1250,1251,-1,1252,1186,1253,-1,1253,1186,1185,-1,1253,1185,1254,-1,1254,1185,1221,-1,1200,1199,1255,-1,1255,1199,1256,-1,1255,1256,1257,-1,1258,1259,1260,-1,1260,1259,1261,-1,1260,1261,1262,-1,1262,1261,1263,-1,1262,1263,1264,-1,1264,1263,1265,-1,1264,1265,1266,-1,1267,1268,1269,-1,1269,1268,1270,-1,1269,1270,1241,-1,1241,1270,1271,-1,1241,1271,1242,-1,1231,1230,1272,-1,1272,1230,1273,-1,1272,1273,1274,-1,1274,1273,1275,-1,1274,1275,1276,-1,1276,1275,1277,-1,1276,1277,1189,-1,1189,1277,1278,-1,1189,1278,1187,-1,1252,1279,1186,-1,1186,1279,1280,-1,1186,1280,1281,-1,1281,1280,1282,-1,1283,1284,1285,-1,1285,1284,1286,-1,1285,1286,1287,-1,1200,1288,1198,-1,1198,1288,1289,-1,1198,1289,1283,-1,1283,1289,1290,-1,1283,1290,1284,-1,1229,1291,1212,-1,1212,1291,1292,-1,1212,1292,1293,-1,1293,1292,1220,-1,1293,1220,1294,-1,1294,1220,1219,-1,1203,1295,1201,-1,1201,1295,1296,-1,1201,1296,1297,-1,1297,1296,1298,-1,1297,1298,1299,-1,1299,1298,1300,-1,1299,1300,1301,-1,1301,1300,1302,-1,1301,1302,1303,-1,1192,1304,1190,-1,1190,1304,1305,-1,1190,1305,1306,-1,1306,1305,1307,-1,1306,1307,1308,-1,1308,1307,1309,-1,1308,1309,1310,-1,1310,1309,1189,-1,1310,1189,1311,-1,1311,1189,1188,-1,1195,1312,1193,-1,1193,1312,1313,-1,1193,1313,1314,-1,1314,1313,1315,-1,1314,1315,1316,-1,1317,1318,1319,-1,1319,1318,1320,-1,1319,1320,1321,-1,1321,1320,1322,-1,1321,1322,1267,-1,1267,1322,1323,-1,1267,1323,1268,-1,1257,1256,1210,-1,1210,1256,1324,-1,1210,1324,1225,-1,1325,1326,1327,-1,1327,1326,1328,-1,1327,1328,1329,-1,1329,1328,1330,-1,1329,1330,1258,-1,1258,1330,1331,-1,1258,1331,1259,-1,1302,1332,1303,-1,1303,1332,1333,-1,1303,1333,1334,-1,1334,1333,1335,-1,1334,1335,1325,-1,1325,1335,1336,-1,1325,1336,1326,-1,1286,1337,1287,-1,1287,1337,1338,-1,1287,1338,1339,-1,1339,1338,1340,-1,1339,1340,1282,-1,1282,1340,1341,-1,1282,1341,1281,-1,1342,1343,1344,-1,1345,1346,1347,-1,1347,1346,1348,-1,1349,1350,1351,-1,1351,1350,1352,-1,1351,1352,1353,-1,1353,1352,1354,-1,1353,1354,1355,-1,1355,1354,1356,-1,1355,1356,1357,-1,1357,1356,1358,-1,1357,1358,1317,-1,1317,1358,1359,-1,1317,1359,1318,-1,1197,1360,1195,-1,1195,1360,1361,-1,1195,1361,1362,-1,1362,1361,1363,-1,1362,1363,1364,-1,1364,1363,1266,-1,1364,1266,1365,-1,1365,1266,1265,-1,1366,1367,1342,-1,1342,1367,1368,-1,1342,1368,1343,-1,1236,1369,1237,-1,1237,1369,1342,-1,1237,1342,1370,-1,1370,1342,1344,-1,1240,1239,1371,-1,1371,1239,1372,-1,1371,1372,1345,-1,1345,1372,1373,-1,1345,1373,1346,-1,1374,1375,1376,-1,1375,1377,1376,-1,1376,1377,1378,-1,1376,1378,1379,-1,1247,1380,1248,-1,1248,1380,1381,-1,1248,1381,1382,-1,1382,1381,1383,-1,1382,1383,1349,-1,1349,1383,1384,-1,1349,1384,1350,-1,1366,1342,1376,-1,1376,1342,1385,-1,1376,1385,1374,-1,1315,1386,1316,-1,1316,1386,1387,-1,1316,1387,1388,-1,1388,1387,1389,-1,1388,1389,1390,-1,1390,1389,1391,-1,1390,1391,1392,-1,1392,1391,1393,-1,1392,1393,1394,-1,1394,1393,1395,-1,1394,1395,1348,-1,1348,1395,1396,-1,1348,1396,1347,-1,1397,1398,1399,-1,1399,1398,1400,-1,1399,1400,1401,-1,1400,1402,1401,-1,1401,1402,1403,-1,1401,1403,1404,-1,1404,1403,1405,-1,1406,1407,1408,-1,1408,1407,1409,-1,1410,1411,1412,-1,1413,1414,1415,-1,1415,1414,1416,-1,1415,1416,1417,-1,1418,1419,1401,-1,1401,1419,1420,-1,1401,1420,1399,-1,1399,1420,1421,-1,1422,1423,1424,-1,1425,1426,1403,-1,1403,1426,1427,-1,1403,1427,1405,-1,1428,1429,1430,-1,1431,1432,1433,-1,1433,1432,1434,-1,1433,1434,1435,-1,1435,1434,1436,-1,1435,1436,1437,-1,1424,1423,1438,-1,1438,1423,1439,-1,1438,1439,1440,-1,1440,1439,1441,-1,1440,1441,1442,-1,1442,1441,1443,-1,1443,1441,1444,-1,1443,1444,1445,-1,1445,1444,1408,-1,1445,1408,1446,-1,1446,1408,1409,-1,1446,1409,1417,-1,1417,1409,1447,-1,1417,1447,1415,-1,1448,1449,1450,-1,1450,1449,1451,-1,1450,1451,1452,-1,1452,1451,1453,-1,1452,1453,1454,-1,1412,1411,1455,-1,1455,1411,1456,-1,1455,1456,1457,-1,1458,1459,1453,-1,1415,1460,1413,-1,1413,1460,1461,-1,1413,1461,1462,-1,1457,1456,1463,-1,1463,1456,1464,-1,1463,1464,1465,-1,1465,1464,1466,-1,1465,1466,1467,-1,1468,1469,1470,-1,1470,1469,1471,-1,1470,1471,1472,-1,1472,1471,1473,-1,1472,1473,1474,-1,1474,1473,1475,-1,1474,1475,1476,-1,1477,1478,1479,-1,1479,1478,1480,-1,1479,1480,1481,-1,1481,1480,1482,-1,1481,1482,1483,-1,1459,1484,1453,-1,1453,1484,1485,-1,1453,1485,1454,-1,1486,1487,1488,-1,1488,1487,1413,-1,1488,1413,1489,-1,1489,1413,1462,-1,1490,1491,1492,-1,1492,1491,1493,-1,1492,1493,1494,-1,1436,1495,1437,-1,1437,1495,1496,-1,1437,1496,1497,-1,1497,1496,1465,-1,1497,1465,1498,-1,1430,1429,1499,-1,1499,1429,1500,-1,1499,1500,1401,-1,1401,1500,1501,-1,1401,1501,1418,-1,1493,1502,1494,-1,1494,1502,1503,-1,1494,1503,1504,-1,1504,1503,1505,-1,1504,1505,1506,-1,1506,1505,1399,-1,1506,1399,1507,-1,1507,1399,1421,-1,1490,1508,1509,-1,1498,1465,1510,-1,1510,1465,1467,-1,1510,1467,1511,-1,1512,1513,1514,-1,1514,1513,1515,-1,1482,1516,1483,-1,1483,1516,1517,-1,1483,1517,1518,-1,1518,1517,1519,-1,1518,1519,1468,-1,1468,1519,1520,-1,1468,1520,1469,-1,1453,1521,1458,-1,1458,1521,1522,-1,1458,1522,1523,-1,1523,1522,1524,-1,1523,1524,1525,-1,1525,1524,1526,-1,1525,1526,1527,-1,1527,1526,1528,-1,1527,1528,1477,-1,1477,1528,1529,-1,1477,1529,1478,-1,1430,1530,1428,-1,1428,1530,1531,-1,1428,1531,1532,-1,1532,1531,1533,-1,1532,1533,1486,-1,1486,1533,1534,-1,1486,1534,1487,-1,1535,1536,1490,-1,1490,1536,1537,-1,1490,1537,1508,-1,1509,1538,1490,-1,1490,1538,1539,-1,1490,1539,1491,-1,1540,1541,1542,-1,1542,1541,1543,-1,1542,1543,1544,-1,1424,1545,1422,-1,1422,1545,1546,-1,1422,1546,1547,-1,1547,1546,1548,-1,1547,1548,1549,-1,1549,1548,1550,-1,1549,1550,1551,-1,1551,1550,1552,-1,1551,1552,1553,-1,1553,1552,1554,-1,1553,1554,1540,-1,1540,1554,1555,-1,1540,1555,1541,-1,1475,1556,1476,-1,1476,1556,1557,-1,1476,1557,1558,-1,1558,1557,1559,-1,1558,1559,1560,-1,1560,1559,1561,-1,1560,1561,1562,-1,1562,1561,1563,-1,1562,1563,1564,-1,1564,1563,1565,-1,1564,1565,1566,-1,1566,1565,1567,-1,1566,1567,1514,-1,1514,1567,1568,-1,1514,1568,1512,-1,1515,1569,1514,-1,1514,1569,1570,-1,1514,1570,1571,-1,1406,1408,1490,-1,1490,1408,1572,-1,1490,1572,1535,-1,1543,1573,1544,-1,1544,1573,1574,-1,1544,1574,1575,-1,1575,1574,1576,-1,1575,1576,1577,-1,1577,1576,1578,-1,1577,1578,1431,-1,1431,1578,1579,-1,1431,1579,1432,-1,1580,1581,1571,-1,1571,1581,1582,-1,1571,1582,1583,-1,1584,1585,1586,-1,1586,1585,1587,-1,1586,1587,1448,-1,1448,1587,1588,-1,1448,1588,1449,-1,1412,1589,1410,-1,1410,1589,1590,-1,1410,1590,1591,-1,1591,1590,1592,-1,1591,1592,1593,-1,1593,1592,1594,-1,1593,1594,1595,-1,1595,1594,1596,-1,1595,1596,1597,-1,1597,1596,1598,-1,1597,1598,1599,-1,1599,1598,1600,-1,1599,1600,1601,-1,1601,1600,1602,-1,1601,1602,1603,-1,1603,1602,1604,-1,1603,1604,1605,-1,1605,1604,1606,-1,1605,1606,1584,-1,1584,1606,1607,-1,1584,1607,1585,-1,1583,1608,1571,-1,1571,1608,1609,-1,1571,1609,1514,-1,1328,1516,1482,-1,1328,1482,1330,-1,1330,1482,1480,-1,1330,1480,1331,-1,1331,1480,1478,-1,1331,1478,1259,-1,1259,1478,1529,-1,1259,1529,1261,-1,1261,1529,1528,-1,1261,1528,1263,-1,1263,1528,1526,-1,1263,1526,1265,-1,1265,1526,1524,-1,1265,1524,1365,-1,1365,1524,1522,-1,1365,1522,1364,-1,1364,1522,1521,-1,1364,1521,1362,-1,1362,1521,1453,-1,1362,1453,1195,-1,1195,1453,1451,-1,1195,1451,1312,-1,1312,1451,1449,-1,1312,1449,1313,-1,1313,1449,1588,-1,1313,1588,1315,-1,1315,1588,1587,-1,1315,1587,1386,-1,1386,1587,1585,-1,1386,1585,1387,-1,1387,1585,1607,-1,1387,1607,1389,-1,1389,1607,1606,-1,1389,1606,1391,-1,1391,1606,1604,-1,1391,1604,1393,-1,1393,1604,1602,-1,1393,1602,1395,-1,1395,1602,1600,-1,1395,1600,1396,-1,1396,1600,1598,-1,1396,1598,1347,-1,1347,1598,1596,-1,1347,1596,1345,-1,1345,1596,1594,-1,1345,1594,1371,-1,1371,1594,1592,-1,1371,1592,1240,-1,1240,1592,1590,-1,1240,1590,1238,-1,1238,1590,1589,-1,1238,1589,1192,-1,1192,1589,1412,-1,1192,1412,1304,-1,1304,1412,1455,-1,1304,1455,1305,-1,1305,1455,1457,-1,1305,1457,1307,-1,1307,1457,1463,-1,1307,1463,1309,-1,1309,1463,1465,-1,1309,1465,1189,-1,1189,1465,1496,-1,1189,1496,1276,-1,1276,1496,1495,-1,1276,1495,1274,-1,1274,1495,1436,-1,1274,1436,1272,-1,1272,1436,1434,-1,1272,1434,1231,-1,1231,1434,1432,-1,1231,1432,1232,-1,1232,1432,1579,-1,1232,1579,1245,-1,1245,1579,1578,-1,1245,1578,1247,-1,1247,1578,1576,-1,1247,1576,1380,-1,1380,1576,1574,-1,1380,1574,1381,-1,1381,1574,1573,-1,1381,1573,1383,-1,1383,1573,1543,-1,1383,1543,1384,-1,1384,1543,1541,-1,1384,1541,1350,-1,1350,1541,1555,-1,1350,1555,1352,-1,1352,1555,1554,-1,1352,1554,1354,-1,1354,1554,1552,-1,1354,1552,1356,-1,1356,1552,1550,-1,1356,1550,1358,-1,1358,1550,1548,-1,1358,1548,1359,-1,1359,1548,1546,-1,1359,1546,1318,-1,1318,1546,1545,-1,1318,1545,1320,-1,1320,1545,1424,-1,1320,1424,1322,-1,1322,1424,1438,-1,1322,1438,1323,-1,1323,1438,1440,-1,1323,1440,1268,-1,1268,1440,1442,-1,1268,1442,1270,-1,1270,1442,1443,-1,1270,1443,1271,-1,1271,1443,1445,-1,1271,1445,1242,-1,1242,1445,1446,-1,1242,1446,1243,-1,1243,1446,1417,-1,1243,1417,1204,-1,1204,1417,1416,-1,1204,1416,1205,-1,1205,1416,1414,-1,1205,1414,1206,-1,1206,1414,1413,-1,1206,1413,1184,-1,1184,1413,1487,-1,1184,1487,1185,-1,1185,1487,1534,-1,1185,1534,1223,-1,1223,1534,1533,-1,1223,1533,1224,-1,1224,1533,1531,-1,1224,1531,1217,-1,1217,1531,1530,-1,1217,1530,1219,-1,1219,1530,1430,-1,1219,1430,1294,-1,1294,1430,1499,-1,1294,1499,1293,-1,1293,1499,1401,-1,1293,1401,1212,-1,1212,1401,1404,-1,1212,1404,1214,-1,1214,1404,1405,-1,1214,1405,1215,-1,1215,1405,1427,-1,1215,1427,1249,-1,1249,1427,1426,-1,1249,1426,1250,-1,1250,1426,1425,-1,1250,1425,1251,-1,1251,1425,1403,-1,1251,1403,1213,-1,1213,1403,1402,-1,1213,1402,1211,-1,1209,1211,1400,-1,1400,1211,1402,-1,1207,1209,1398,-1,1398,1209,1400,-1,1208,1207,1397,-1,1397,1207,1398,-1,1210,1208,1399,-1,1399,1208,1397,-1,1210,1399,1505,-1,1210,1505,1257,-1,1257,1505,1503,-1,1257,1503,1255,-1,1255,1503,1502,-1,1255,1502,1200,-1,1200,1502,1493,-1,1200,1493,1288,-1,1288,1493,1491,-1,1288,1491,1289,-1,1289,1491,1539,-1,1289,1539,1290,-1,1290,1539,1538,-1,1290,1538,1284,-1,1284,1538,1509,-1,1284,1509,1286,-1,1286,1509,1508,-1,1286,1508,1337,-1,1337,1508,1537,-1,1337,1537,1338,-1,1338,1537,1536,-1,1338,1536,1340,-1,1340,1536,1535,-1,1340,1535,1341,-1,1341,1535,1572,-1,1341,1572,1281,-1,1281,1572,1408,-1,1281,1408,1186,-1,1186,1408,1444,-1,1186,1444,1241,-1,1241,1444,1441,-1,1241,1441,1269,-1,1269,1441,1439,-1,1269,1439,1267,-1,1267,1439,1423,-1,1267,1423,1321,-1,1321,1423,1422,-1,1321,1422,1319,-1,1319,1422,1547,-1,1319,1547,1317,-1,1317,1547,1549,-1,1317,1549,1357,-1,1357,1549,1551,-1,1357,1551,1355,-1,1355,1551,1553,-1,1355,1553,1353,-1,1353,1553,1540,-1,1353,1540,1351,-1,1351,1540,1542,-1,1351,1542,1349,-1,1349,1542,1544,-1,1349,1544,1382,-1,1382,1544,1575,-1,1382,1575,1248,-1,1248,1575,1577,-1,1248,1577,1246,-1,1246,1577,1431,-1,1246,1431,1244,-1,1244,1431,1433,-1,1244,1433,1230,-1,1230,1433,1435,-1,1230,1435,1273,-1,1273,1435,1437,-1,1273,1437,1275,-1,1275,1437,1497,-1,1275,1497,1277,-1,1277,1497,1498,-1,1277,1498,1278,-1,1278,1498,1510,-1,1278,1510,1187,-1,1187,1510,1511,-1,1187,1511,1188,-1,1188,1511,1467,-1,1188,1467,1311,-1,1311,1467,1466,-1,1311,1466,1310,-1,1310,1466,1464,-1,1310,1464,1308,-1,1308,1464,1456,-1,1308,1456,1306,-1,1306,1456,1411,-1,1306,1411,1190,-1,1190,1411,1410,-1,1190,1410,1191,-1,1191,1410,1591,-1,1191,1591,1239,-1,1239,1591,1593,-1,1239,1593,1372,-1,1372,1593,1595,-1,1372,1595,1373,-1,1373,1595,1597,-1,1373,1597,1346,-1,1346,1597,1599,-1,1346,1599,1348,-1,1348,1599,1601,-1,1348,1601,1394,-1,1394,1601,1603,-1,1394,1603,1392,-1,1392,1603,1605,-1,1392,1605,1390,-1,1390,1605,1584,-1,1390,1584,1388,-1,1388,1584,1586,-1,1388,1586,1316,-1,1316,1586,1448,-1,1316,1448,1314,-1,1314,1448,1450,-1,1314,1450,1193,-1,1193,1450,1452,-1,1193,1452,1194,-1,1194,1452,1454,-1,1194,1454,1196,-1,1196,1454,1485,-1,1196,1485,1197,-1,1360,1197,1484,-1,1484,1197,1485,-1,1360,1484,1459,-1,1360,1459,1361,-1,1361,1459,1458,-1,1361,1458,1363,-1,1363,1458,1523,-1,1363,1523,1266,-1,1266,1523,1525,-1,1266,1525,1264,-1,1264,1525,1527,-1,1264,1527,1262,-1,1262,1527,1477,-1,1262,1477,1260,-1,1260,1477,1479,-1,1260,1479,1258,-1,1258,1479,1481,-1,1258,1481,1329,-1,1329,1481,1483,-1,1329,1483,1327,-1,1327,1483,1518,-1,1327,1518,1325,-1,1325,1518,1468,-1,1325,1468,1334,-1,1334,1468,1470,-1,1334,1470,1303,-1,1303,1470,1472,-1,1303,1472,1301,-1,1301,1472,1474,-1,1301,1474,1299,-1,1299,1474,1476,-1,1299,1476,1297,-1,1297,1476,1558,-1,1297,1558,1201,-1,1201,1558,1560,-1,1201,1560,1202,-1,1202,1560,1562,-1,1202,1562,1234,-1,1236,1234,1564,-1,1564,1234,1562,-1,1236,1564,1566,-1,1236,1566,1369,-1,1369,1566,1514,-1,1369,1514,1342,-1,1342,1514,1609,-1,1342,1609,1385,-1,1385,1609,1608,-1,1385,1608,1374,-1,1374,1608,1583,-1,1374,1583,1375,-1,1375,1583,1582,-1,1375,1582,1377,-1,1377,1582,1581,-1,1377,1581,1378,-1,1378,1581,1580,-1,1378,1580,1379,-1,1379,1580,1571,-1,1379,1571,1376,-1,1376,1571,1570,-1,1376,1570,1366,-1,1366,1570,1569,-1,1366,1569,1367,-1,1367,1569,1515,-1,1367,1515,1368,-1,1368,1515,1513,-1,1368,1513,1343,-1,1343,1513,1512,-1,1343,1512,1344,-1,1344,1512,1568,-1,1344,1568,1370,-1,1370,1568,1567,-1,1370,1567,1237,-1,1237,1567,1565,-1,1237,1565,1235,-1,1233,1235,1563,-1,1563,1235,1565,-1,1233,1563,1561,-1,1233,1561,1203,-1,1203,1561,1559,-1,1203,1559,1295,-1,1295,1559,1557,-1,1295,1557,1296,-1,1296,1557,1556,-1,1296,1556,1298,-1,1298,1556,1475,-1,1298,1475,1300,-1,1300,1475,1473,-1,1300,1473,1302,-1,1302,1473,1471,-1,1302,1471,1332,-1,1332,1471,1469,-1,1332,1469,1333,-1,1333,1469,1520,-1,1333,1520,1335,-1,1335,1520,1519,-1,1335,1519,1336,-1,1336,1519,1517,-1,1336,1517,1326,-1,1326,1517,1516,-1,1326,1516,1328,-1,1283,1490,1492,-1,1283,1492,1198,-1,1198,1492,1494,-1,1198,1494,1199,-1,1199,1494,1504,-1,1199,1504,1256,-1,1256,1504,1506,-1,1256,1506,1324,-1,1324,1506,1507,-1,1324,1507,1225,-1,1225,1507,1421,-1,1225,1421,1226,-1,1226,1421,1420,-1,1226,1420,1227,-1,1227,1420,1419,-1,1227,1419,1228,-1,1228,1419,1418,-1,1228,1418,1229,-1,1229,1418,1501,-1,1229,1501,1291,-1,1291,1501,1500,-1,1291,1500,1292,-1,1292,1500,1429,-1,1292,1429,1220,-1,1220,1429,1428,-1,1220,1428,1218,-1,1218,1428,1532,-1,1218,1532,1216,-1,1216,1532,1486,-1,1216,1486,1222,-1,1222,1486,1488,-1,1222,1488,1221,-1,1221,1488,1489,-1,1221,1489,1254,-1,1254,1489,1462,-1,1254,1462,1253,-1,1253,1462,1461,-1,1253,1461,1252,-1,1252,1461,1460,-1,1252,1460,1279,-1,1279,1460,1415,-1,1279,1415,1280,-1,1280,1415,1447,-1,1280,1447,1282,-1,1282,1447,1409,-1,1282,1409,1339,-1,1339,1409,1407,-1,1339,1407,1287,-1,1287,1407,1406,-1,1287,1406,1285,-1,1285,1406,1490,-1,1285,1490,1283,-1,
        ]
    }
}