#VRML V2.0 utf8
# 3D model generated by easyeda2kicad.py (https://github.com/uPesy/easyeda2kicad.py)

Shape{
    appearance Appearance {
        material  Material 	{
            diffuseColor 0.9882352941176471 0.7372549019607844 0.5176470588235295
            specularColor 0.49411764705882355 0.3686274509803922 0.25882352941176473
            ambientIntensity 0.2
            transparency 0
            shininess 0.5
        }
    }
    geometry IndexedFaceSet {
        ccw TRUE
        solid FALSE
        coord DEF co Coordinate {
            point [
                -3.2677 -0.0775 -2.1457, -3.4252 -0.0775 -2.1457, -3.2677 -0.8563 -2.1457, -3.4252 -0.8563 -2.1457, -3.3132 -0.935 -2.1457, -3.3797 -0.935 -2.1457, -3.3132 -0.935 -2.185, -3.3797 -0.935 -2.185, -3.2677 -0.8563 -2.185, -3.4252 -0.8563 -2.185, -3.2677 -0.0775 -2.185, -3.4252 -0.0775 -2.185, -3.4252 -0.0488 -2.182, -3.2677 -0.0488 -2.182, -3.4252 -0.0214 -2.1731, -3.2677 -0.0214 -2.1731, -3.4252 0.0035 -2.1587, -3.2677 0.0035 -2.1587, -3.4252 0.0249 -2.1394, -3.2677 0.0249 -2.1394, -3.4252 0.0419 -2.1161, -3.2677 0.0419 -2.1161, -3.2677 0.0646 -2.0768, -3.4252 0.0646 -2.0768, -3.2677 0.0767 -2.0601, -3.4252 0.0767 -2.0601, -3.2677 0.092 -2.0464, -3.4252 0.092 -2.0464, -3.2677 0.1098 -2.0361, -3.4252 0.1098 -2.0361, -3.2677 0.1294 -2.0297, -3.4252 0.1294 -2.0297, -3.2677 0.1498 -2.0276, -3.4252 0.1498 -2.0276, -3.2677 0.1575 -2.0276, -3.4252 0.1575 -2.0276, -3.4252 0.1881 -2.0241, -3.2677 0.1881 -2.0241, -3.4252 0.2173 -2.0139, -3.2677 0.2173 -2.0139, -3.4252 0.2434 -1.9975, -3.2677 0.2434 -1.9975, -3.4252 0.2652 -1.9757, -3.2677 0.2652 -1.9757, -3.4252 0.2816 -1.9496, -3.2677 0.2816 -1.9496, -3.4252 0.2918 -1.9204, -3.2677 0.2918 -1.9204, -3.4252 0.2953 -1.8898, -3.2677 0.2953 -1.8898, -3.2677 0.2953 -0.3543, -3.4252 0.2953 -0.3543, -3.4252 0.2914 -0.3218, -3.2677 0.2914 -0.3218, -3.4252 0.2799 -0.2911, -3.2677 0.2799 -0.2911, -3.4252 0.2615 -0.2639, -3.2677 0.2615 -0.2639, -3.4252 0.2372 -0.2419, -3.2677 0.2372 -0.2419, -3.4252 0.2084 -0.2263, -3.2677 0.2084 -0.2263, -3.4252 0.1767 -0.2179, -3.2677 0.1767 -0.2179, -3.4252 0.1439 -0.2172, -3.2677 0.1439 -0.2172, -3.4252 0.1119 -0.2243, -3.2677 0.1119 -0.2243, -3.4252 0.0824 -0.2388, -3.2677 0.0824 -0.2388, -3.2677 -0.2321 -0.443, -3.4252 -0.2321 -0.443, -3.4252 -0.2674 -0.4716, -3.2677 -0.2674 -0.4716, -3.4252 -0.296 -0.507, -3.2677 -0.296 -0.507, -3.4252 -0.3165 -0.5475, -3.2677 -0.3165 -0.5475, -3.4252 -0.3281 -0.5914, -3.2677 -0.3281 -0.5914, -3.4252 -0.3304 -0.6368, -3.2677 -0.3304 -0.6368, -3.4252 -0.3231 -0.6817, -3.2677 -0.3231 -0.6817, -3.4252 -0.3066 -0.724, -3.2677 -0.3066 -0.724, -3.2677 -0.1234 -1.0786, -3.4252 -0.1234 -1.0786, -3.2677 -0.0884 -1.0605, -3.4252 -0.0884 -1.0605, -3.2677 -0.2716 -0.7059, -3.4252 -0.2716 -0.7059, -3.2677 -0.2866 -0.6653, -3.4252 -0.2866 -0.6653, -3.2677 -0.2913 -0.6222, -3.4252 -0.2913 -0.6222, -3.2677 -0.2854 -0.5792, -3.4252 -0.2854 -0.5792, -3.2677 -0.2693 -0.539, -3.4252 -0.2693 -0.539, -3.2677 -0.2439 -0.5039, -3.4252 -0.2439 -0.5039, -3.2677 -0.2107 -0.476, -3.4252 -0.2107 -0.476, -3.2677 0.1039 -0.2718, -3.4252 0.1039 -0.2718, -3.2677 0.1249 -0.2615, -3.4252 0.1249 -0.2615, -3.2677 0.1478 -0.2564, -3.4252 0.1478 -0.2564, -3.2677 0.1712 -0.2569, -3.4252 0.1712 -0.2569, -3.2677 0.1938 -0.2629, -3.4252 0.1938 -0.2629, -3.2677 0.2144 -0.274, -3.4252 0.2144 -0.274, -3.2677 0.2318 -0.2898, -3.4252 0.2318 -0.2898, -3.2677 0.2449 -0.3091, -3.4252 0.2449 -0.3091, -3.2677 0.2531 -0.3311, -3.4252 0.2531 -0.3311, -3.2677 0.2559 -0.3543, -3.4252 0.2559 -0.3543, -3.2677 0.2559 -1.8898, -3.4252 0.2559 -1.8898, -3.2677 0.2526 -1.9152, -3.4252 0.2526 -1.9152, -3.2677 0.2427 -1.939, -3.4252 0.2427 -1.939, -3.2677 0.2271 -1.9594, -3.4252 0.2271 -1.9594, -3.2677 0.2067 -1.975, -3.4252 0.2067 -1.975, -3.2677 0.183 -1.9848, -3.4252 0.183 -1.9848, -3.2677 0.1575 -1.9882, -3.4252 0.1575 -1.9882, -3.2677 0.1498 -1.9882, -3.4252 0.1498 -1.9882, -3.4252 0.1212 -1.9912, -3.2677 0.1212 -1.9912, -3.4252 0.0938 -2.0001, -3.2677 0.0938 -2.0001, -3.4252 0.0688 -2.0145, -3.2677 0.0688 -2.0145, -3.4252 0.0474 -2.0338, -3.2677 0.0474 -2.0338, -3.4252 0.0305 -2.0571, -3.2677 0.0305 -2.0571, -3.2677 0.0078 -2.0965, -3.4252 0.0078 -2.0965, -3.2677 -0.0043 -2.1131, -3.4252 -0.0043 -2.1131, -3.2677 -0.0196 -2.1269, -3.4252 -0.0196 -2.1269, -3.2677 -0.0374 -2.1372, -3.4252 -0.0374 -2.1372, -3.2677 -0.057 -2.1435, -3.4252 -0.057 -2.1435, -2.986 0.935 -2.185, -2.9195 0.935 -2.185, -3.0315 0.8563 -2.185, -2.874 0.8563 -2.185, -3.0315 0.3937 -2.185, -2.874 0.3937 -2.185, -2.9195 0.935 -2.1457, -2.986 0.935 -2.1457, -3.0315 0.3937 -2.1457, -2.874 0.3937 -2.1457, -3.0315 0.8563 -2.1457, -2.874 0.8563 -2.1457, -2.874 0.3682 -2.1423, -3.0315 0.3682 -2.1423, -2.874 0.3445 -2.1325, -3.0315 0.3445 -2.1325, -2.874 0.3241 -2.1168, -3.0315 0.3241 -2.1168, -2.874 0.3085 -2.0965, -3.0315 0.3085 -2.0965, -2.874 0.2986 -2.0727, -3.0315 0.2986 -2.0727, -2.874 0.2953 -2.0472, -3.0315 0.2953 -2.0472, -2.874 0.2953 -0.3543, -3.0315 0.2953 -0.3543, -3.0315 0.2914 -0.3218, -2.874 0.2914 -0.3218, -3.0315 0.2799 -0.2911, -2.874 0.2799 -0.2911, -3.0315 0.2615 -0.2639, -2.874 0.2615 -0.2639, -3.0315 0.2372 -0.2419, -2.874 0.2372 -0.2419, -3.0315 0.2084 -0.2263, -2.874 0.2084 -0.2263, -3.0315 0.1767 -0.2179, -2.874 0.1767 -0.2179, -3.0315 0.1439 -0.2172, -2.874 0.1439 -0.2172, -3.0315 0.1119 -0.2243, -2.874 0.1119 -0.2243, -3.0315 0.0824 -0.2388, -2.874 0.0824 -0.2388, -2.874 -0.2321 -0.443, -3.0315 -0.2321 -0.443, -3.0315 -0.2674 -0.4716, -2.874 -0.2674 -0.4716, -3.0315 -0.296 -0.507, -2.874 -0.296 -0.507, -3.0315 -0.3165 -0.5475, -2.874 -0.3165 -0.5475, -3.0315 -0.3281 -0.5914, -2.874 -0.3281 -0.5914, -3.0315 -0.3304 -0.6368, -2.874 -0.3304 -0.6368, -3.0315 -0.3231 -0.6817, -2.874 -0.3231 -0.6817, -3.0315 -0.3066 -0.724, -2.874 -0.3066 -0.724, -2.874 -0.1234 -1.0786, -3.0315 -0.1234 -1.0786, -2.874 -0.0884 -1.0605, -3.0315 -0.0884 -1.0605, -2.874 -0.2716 -0.7059, -3.0315 -0.2716 -0.7059, -2.874 -0.2866 -0.6653, -3.0315 -0.2866 -0.6653, -2.874 -0.2913 -0.6222, -3.0315 -0.2913 -0.6222, -2.874 -0.2854 -0.5792, -3.0315 -0.2854 -0.5792, -2.874 -0.2693 -0.539, -3.0315 -0.2693 -0.539, -2.874 -0.2439 -0.5039, -3.0315 -0.2439 -0.5039, -2.874 -0.2107 -0.476, -3.0315 -0.2107 -0.476, -2.874 0.1039 -0.2718, -3.0315 0.1039 -0.2718, -2.874 0.1249 -0.2615, -3.0315 0.1249 -0.2615, -2.874 0.1478 -0.2564, -3.0315 0.1478 -0.2564, -2.874 0.1712 -0.2569, -3.0315 0.1712 -0.2569, -2.874 0.1938 -0.2629, -3.0315 0.1938 -0.2629, -2.874 0.2144 -0.274, -3.0315 0.2144 -0.274, -2.874 0.2318 -0.2898, -3.0315 0.2318 -0.2898, -2.874 0.2449 -0.3091, -3.0315 0.2449 -0.3091, -2.874 0.2531 -0.3311, -3.0315 0.2531 -0.3311, -2.874 0.2559 -0.3543, -3.0315 0.2559 -0.3543, -2.874 0.2559 -2.0472, -3.0315 0.2559 -2.0472, -3.0315 0.2606 -2.0829, -2.874 0.2606 -2.0829, -3.0315 0.2744 -2.1161, -2.874 0.2744 -2.1161, -3.0315 0.2963 -2.1447, -2.874 0.2963 -2.1447, -3.0315 0.3248 -2.1666, -2.874 0.3248 -2.1666, -3.0315 0.358 -2.1803, -2.874 0.358 -2.1803, -2.4803 -0.0775 -2.1457, -2.6378 -0.0775 -2.1457, -2.4803 -0.8563 -2.1457, -2.6378 -0.8563 -2.1457, -2.5258 -0.935 -2.1457, -2.5923 -0.935 -2.1457, -2.5258 -0.935 -2.185, -2.5923 -0.935 -2.185, -2.4803 -0.8563 -2.185, -2.6378 -0.8563 -2.185, -2.4803 -0.0775 -2.185, -2.6378 -0.0775 -2.185, -2.6378 -0.0488 -2.182, -2.4803 -0.0488 -2.182, -2.6378 -0.0214 -2.1731, -2.4803 -0.0214 -2.1731, -2.6378 0.0035 -2.1587, -2.4803 0.0035 -2.1587, -2.6378 0.0249 -2.1394, -2.4803 0.0249 -2.1394, -2.6378 0.0419 -2.1161, -2.4803 0.0419 -2.1161, -2.4803 0.0646 -2.0768, -2.6378 0.0646 -2.0768, -2.4803 0.0767 -2.0601, -2.6378 0.0767 -2.0601, -2.4803 0.092 -2.0464, -2.6378 0.092 -2.0464, -2.4803 0.1098 -2.0361, -2.6378 0.1098 -2.0361, -2.4803 0.1294 -2.0297, -2.6378 0.1294 -2.0297, -2.4803 0.1498 -2.0276, -2.6378 0.1498 -2.0276, -2.4803 0.1575 -2.0276, -2.6378 0.1575 -2.0276, -2.6378 0.1881 -2.0241, -2.4803 0.1881 -2.0241, -2.6378 0.2173 -2.0139, -2.4803 0.2173 -2.0139, -2.6378 0.2434 -1.9975, -2.4803 0.2434 -1.9975, -2.6378 0.2652 -1.9757, -2.4803 0.2652 -1.9757, -2.6378 0.2816 -1.9496, -2.4803 0.2816 -1.9496, -2.6378 0.2918 -1.9204, -2.4803 0.2918 -1.9204, -2.6378 0.2953 -1.8898, -2.4803 0.2953 -1.8898, -2.4803 0.2953 -0.3543, -2.6378 0.2953 -0.3543, -2.6378 0.2914 -0.3218, -2.4803 0.2914 -0.3218, -2.6378 0.2799 -0.2911, -2.4803 0.2799 -0.2911, -2.6378 0.2615 -0.2639, -2.4803 0.2615 -0.2639, -2.6378 0.2372 -0.2419, -2.4803 0.2372 -0.2419, -2.6378 0.2084 -0.2263, -2.4803 0.2084 -0.2263, -2.6378 0.1767 -0.2179, -2.4803 0.1767 -0.2179, -2.6378 0.1439 -0.2172, -2.4803 0.1439 -0.2172, -2.6378 0.1119 -0.2243, -2.4803 0.1119 -0.2243, -2.6378 0.0824 -0.2388, -2.4803 0.0824 -0.2388, -2.4803 -0.2321 -0.443, -2.6378 -0.2321 -0.443, -2.6378 -0.2674 -0.4716, -2.4803 -0.2674 -0.4716, -2.6378 -0.296 -0.507, -2.4803 -0.296 -0.507, -2.6378 -0.3165 -0.5475, -2.4803 -0.3165 -0.5475, -2.6378 -0.3281 -0.5914, -2.4803 -0.3281 -0.5914, -2.6378 -0.3304 -0.6368, -2.4803 -0.3304 -0.6368, -2.6378 -0.3231 -0.6817, -2.4803 -0.3231 -0.6817, -2.6378 -0.3066 -0.724, -2.4803 -0.3066 -0.724, -2.4803 -0.1234 -1.0786, -2.6378 -0.1234 -1.0786, -2.4803 -0.0884 -1.0605, -2.6378 -0.0884 -1.0605, -2.4803 -0.2716 -0.7059, -2.6378 -0.2716 -0.7059, -2.4803 -0.2866 -0.6653, -2.6378 -0.2866 -0.6653, -2.4803 -0.2913 -0.6222, -2.6378 -0.2913 -0.6222, -2.4803 -0.2854 -0.5792, -2.6378 -0.2854 -0.5792, -2.4803 -0.2693 -0.539, -2.6378 -0.2693 -0.539, -2.4803 -0.2439 -0.5039, -2.6378 -0.2439 -0.5039, -2.4803 -0.2107 -0.476, -2.6378 -0.2107 -0.476, -2.4803 0.1039 -0.2718, -2.6378 0.1039 -0.2718, -2.4803 0.1249 -0.2615, -2.6378 0.1249 -0.2615, -2.4803 0.1478 -0.2564, -2.6378 0.1478 -0.2564, -2.4803 0.1712 -0.2569, -2.6378 0.1712 -0.2569, -2.4803 0.1938 -0.2629, -2.6378 0.1938 -0.2629, -2.4803 0.2144 -0.274, -2.6378 0.2144 -0.274, -2.4803 0.2318 -0.2898, -2.6378 0.2318 -0.2898, -2.4803 0.2449 -0.3091, -2.6378 0.2449 -0.3091, -2.4803 0.2531 -0.3311, -2.6378 0.2531 -0.3311, -2.4803 0.2559 -0.3543, -2.6378 0.2559 -0.3543, -2.4803 0.2559 -1.8898, -2.6378 0.2559 -1.8898, -2.4803 0.2526 -1.9152, -2.6378 0.2526 -1.9152, -2.4803 0.2427 -1.939, -2.6378 0.2427 -1.939, -2.4803 0.2271 -1.9594, -2.6378 0.2271 -1.9594, -2.4803 0.2067 -1.975, -2.6378 0.2067 -1.975, -2.4803 0.183 -1.9848, -2.6378 0.183 -1.9848, -2.4803 0.1575 -1.9882, -2.6378 0.1575 -1.9882, -2.4803 0.1498 -1.9882, -2.6378 0.1498 -1.9882, -2.6378 0.1212 -1.9912, -2.4803 0.1212 -1.9912, -2.6378 0.0938 -2.0001, -2.4803 0.0938 -2.0001, -2.6378 0.0688 -2.0145, -2.4803 0.0688 -2.0145, -2.6378 0.0474 -2.0338, -2.4803 0.0474 -2.0338, -2.6378 0.0305 -2.0571, -2.4803 0.0305 -2.0571, -2.4803 0.0078 -2.0965, -2.6378 0.0078 -2.0965, -2.4803 -0.0043 -2.1131, -2.6378 -0.0043 -2.1131, -2.4803 -0.0196 -2.1269, -2.6378 -0.0196 -2.1269, -2.4803 -0.0374 -2.1372, -2.6378 -0.0374 -2.1372, -2.4803 -0.057 -2.1435, -2.6378 -0.057 -2.1435, -2.1986 0.935 -2.185, -2.1321 0.935 -2.185, -2.2441 0.8563 -2.185, -2.0866 0.8563 -2.185, -2.2441 0.3937 -2.185, -2.0866 0.3937 -2.185, -2.1321 0.935 -2.1457, -2.1986 0.935 -2.1457, -2.2441 0.3937 -2.1457, -2.0866 0.3937 -2.1457, -2.2441 0.8563 -2.1457, -2.0866 0.8563 -2.1457, -2.0866 0.3682 -2.1423, -2.2441 0.3682 -2.1423, -2.0866 0.3445 -2.1325, -2.2441 0.3445 -2.1325, -2.0866 0.3241 -2.1168, -2.2441 0.3241 -2.1168, -2.0866 0.3085 -2.0965, -2.2441 0.3085 -2.0965, -2.0866 0.2986 -2.0727, -2.2441 0.2986 -2.0727, -2.0866 0.2953 -2.0472, -2.2441 0.2953 -2.0472, -2.0866 0.2953 -0.3543, -2.2441 0.2953 -0.3543, -2.2441 0.2914 -0.3218, -2.0866 0.2914 -0.3218, -2.2441 0.2799 -0.2911, -2.0866 0.2799 -0.2911, -2.2441 0.2615 -0.2639, -2.0866 0.2615 -0.2639, -2.2441 0.2372 -0.2419, -2.0866 0.2372 -0.2419, -2.2441 0.2084 -0.2263, -2.0866 0.2084 -0.2263, -2.2441 0.1767 -0.2179, -2.0866 0.1767 -0.2179, -2.2441 0.1439 -0.2172, -2.0866 0.1439 -0.2172, -2.2441 0.1119 -0.2243, -2.0866 0.1119 -0.2243, -2.2441 0.0824 -0.2388, -2.0866 0.0824 -0.2388, -2.0866 -0.2321 -0.443, -2.2441 -0.2321 -0.443, -2.2441 -0.2674 -0.4716, -2.0866 -0.2674 -0.4716, -2.2441 -0.296 -0.507, -2.0866 -0.296 -0.507, -2.2441 -0.3165 -0.5475, -2.0866 -0.3165 -0.5475, -2.2441 -0.3281 -0.5914, -2.0866 -0.3281 -0.5914, -2.2441 -0.3304 -0.6368, -2.0866 -0.3304 -0.6368, -2.2441 -0.3231 -0.6817, -2.0866 -0.3231 -0.6817, -2.2441 -0.3066 -0.724, -2.0866 -0.3066 -0.724, -2.0866 -0.1234 -1.0786, -2.2441 -0.1234 -1.0786, -2.0866 -0.0884 -1.0605, -2.2441 -0.0884 -1.0605, -2.0866 -0.2716 -0.7059, -2.2441 -0.2716 -0.7059, -2.0866 -0.2866 -0.6653, -2.2441 -0.2866 -0.6653, -2.0866 -0.2913 -0.6222, -2.2441 -0.2913 -0.6222, -2.0866 -0.2854 -0.5792, -2.2441 -0.2854 -0.5792, -2.0866 -0.2693 -0.539, -2.2441 -0.2693 -0.539, -2.0866 -0.2439 -0.5039, -2.2441 -0.2439 -0.5039, -2.0866 -0.2107 -0.476, -2.2441 -0.2107 -0.476, -2.0866 0.1039 -0.2718, -2.2441 0.1039 -0.2718, -2.0866 0.1249 -0.2615, -2.2441 0.1249 -0.2615, -2.0866 0.1478 -0.2564, -2.2441 0.1478 -0.2564, -2.0866 0.1712 -0.2569, -2.2441 0.1712 -0.2569, -2.0866 0.1938 -0.2629, -2.2441 0.1938 -0.2629, -2.0866 0.2144 -0.274, -2.2441 0.2144 -0.274, -2.0866 0.2318 -0.2898, -2.2441 0.2318 -0.2898, -2.0866 0.2449 -0.3091, -2.2441 0.2449 -0.3091, -2.0866 0.2531 -0.3311, -2.2441 0.2531 -0.3311, -2.0866 0.2559 -0.3543, -2.2441 0.2559 -0.3543, -2.0866 0.2559 -2.0472, -2.2441 0.2559 -2.0472, -2.2441 0.2606 -2.0829, -2.0866 0.2606 -2.0829, -2.2441 0.2744 -2.1161, -2.0866 0.2744 -2.1161, -2.2441 0.2963 -2.1447, -2.0866 0.2963 -2.1447, -2.2441 0.3248 -2.1666, -2.0866 0.3248 -2.1666, -2.2441 0.358 -2.1803, -2.0866 0.358 -2.1803, -2.0866 0.358 -2.1803
            ]
        }
        coordIndex [
            0,1,2,-1,2,1,3,-1,2,3,4,-1,4,3,5,-1,4,5,6,-1,6,5,7,-1,6,7,8,-1,8,7,9,-1,8,9,10,-1,10,9,11,-1,10,11,12,-1,10,12,13,-1,13,12,14,-1,13,14,15,-1,15,14,16,-1,15,16,17,-1,17,16,18,-1,17,18,19,-1,19,18,20,-1,19,20,21,-1,22,21,23,-1,23,21,20,-1,22,23,24,-1,24,23,25,-1,24,25,26,-1,26,25,27,-1,26,27,28,-1,28,27,29,-1,28,29,30,-1,30,29,31,-1,30,31,32,-1,32,31,33,-1,34,32,35,-1,35,32,33,-1,34,35,36,-1,34,36,37,-1,37,36,38,-1,37,38,39,-1,39,38,40,-1,39,40,41,-1,41,40,42,-1,41,42,43,-1,43,42,44,-1,43,44,45,-1,45,44,46,-1,45,46,47,-1,47,46,48,-1,47,48,49,-1,50,49,51,-1,51,49,48,-1,50,51,52,-1,50,52,53,-1,53,52,54,-1,53,54,55,-1,55,54,56,-1,55,56,57,-1,57,56,58,-1,57,58,59,-1,59,58,60,-1,59,60,61,-1,61,60,62,-1,61,62,63,-1,63,62,64,-1,63,64,65,-1,65,64,66,-1,65,66,67,-1,67,66,68,-1,67,68,69,-1,70,69,71,-1,71,69,68,-1,70,71,72,-1,70,72,73,-1,73,72,74,-1,73,74,75,-1,75,74,76,-1,75,76,77,-1,77,76,78,-1,77,78,79,-1,79,78,80,-1,79,80,81,-1,81,80,82,-1,81,82,83,-1,83,82,84,-1,83,84,85,-1,86,85,87,-1,87,85,84,-1,88,86,89,-1,89,86,87,-1,90,88,91,-1,91,88,89,-1,90,91,92,-1,92,91,93,-1,92,93,94,-1,94,93,95,-1,94,95,96,-1,96,95,97,-1,96,97,98,-1,98,97,99,-1,98,99,100,-1,100,99,101,-1,100,101,102,-1,102,101,103,-1,104,102,105,-1,105,102,103,-1,104,105,106,-1,106,105,107,-1,106,107,108,-1,108,107,109,-1,108,109,110,-1,110,109,111,-1,110,111,112,-1,112,111,113,-1,112,113,114,-1,114,113,115,-1,114,115,116,-1,116,115,117,-1,116,117,118,-1,118,117,119,-1,118,119,120,-1,120,119,121,-1,120,121,122,-1,122,121,123,-1,124,122,125,-1,125,122,123,-1,124,125,126,-1,126,125,127,-1,126,127,128,-1,128,127,129,-1,128,129,130,-1,130,129,131,-1,130,131,132,-1,132,131,133,-1,132,133,134,-1,134,133,135,-1,134,135,136,-1,136,135,137,-1,138,136,139,-1,139,136,137,-1,138,139,140,-1,138,140,141,-1,141,140,142,-1,141,142,143,-1,143,142,144,-1,143,144,145,-1,145,144,146,-1,145,146,147,-1,147,146,148,-1,147,148,149,-1,150,149,151,-1,151,149,148,-1,150,151,152,-1,152,151,153,-1,152,153,154,-1,154,153,155,-1,154,155,156,-1,156,155,157,-1,156,157,158,-1,158,157,159,-1,158,159,0,-1,0,159,1,-1,86,88,85,-1,85,88,90,-1,85,90,83,-1,83,90,92,-1,83,92,81,-1,81,92,94,-1,81,94,79,-1,79,94,96,-1,2,8,0,-1,0,8,10,-1,0,10,158,-1,158,10,13,-1,158,13,156,-1,156,13,15,-1,156,15,154,-1,154,15,17,-1,154,17,152,-1,152,17,19,-1,152,19,150,-1,150,19,21,-1,150,21,149,-1,149,21,22,-1,149,22,147,-1,147,22,24,-1,147,24,145,-1,145,24,26,-1,145,26,143,-1,143,26,28,-1,143,28,141,-1,141,28,30,-1,141,30,138,-1,138,30,32,-1,138,32,136,-1,136,32,34,-1,136,34,134,-1,134,34,37,-1,134,37,132,-1,37,39,132,-1,132,39,41,-1,132,41,130,-1,130,41,43,-1,130,43,128,-1,128,43,45,-1,128,45,126,-1,126,45,47,-1,126,47,124,-1,124,47,49,-1,124,49,122,-1,122,49,50,-1,122,50,120,-1,120,50,53,-1,120,53,118,-1,118,53,55,-1,118,55,116,-1,116,55,57,-1,116,57,114,-1,114,57,59,-1,114,59,112,-1,112,59,61,-1,112,61,110,-1,110,61,63,-1,110,63,108,-1,108,63,65,-1,108,65,106,-1,106,65,67,-1,106,67,104,-1,104,67,69,-1,104,69,102,-1,102,69,70,-1,102,70,100,-1,100,70,73,-1,100,73,98,-1,98,73,75,-1,98,75,96,-1,96,75,77,-1,96,77,79,-1,89,87,91,-1,91,87,84,-1,91,84,93,-1,93,84,82,-1,93,82,95,-1,9,3,11,-1,11,3,1,-1,11,1,12,-1,12,1,159,-1,12,159,14,-1,14,159,157,-1,14,157,16,-1,16,157,155,-1,16,155,18,-1,18,155,153,-1,18,153,20,-1,20,153,151,-1,20,151,23,-1,23,151,148,-1,23,148,25,-1,25,148,146,-1,25,146,27,-1,27,146,144,-1,27,144,29,-1,29,144,142,-1,29,142,31,-1,31,142,140,-1,31,140,33,-1,33,140,139,-1,33,139,35,-1,35,139,137,-1,35,137,36,-1,36,137,135,-1,36,135,38,-1,38,135,133,-1,38,133,40,-1,40,133,131,-1,82,80,95,-1,95,80,78,-1,95,78,97,-1,97,78,76,-1,97,76,99,-1,99,76,74,-1,99,74,101,-1,101,74,72,-1,101,72,103,-1,103,72,71,-1,103,71,105,-1,105,71,68,-1,105,68,107,-1,107,68,66,-1,107,66,109,-1,109,66,64,-1,109,64,111,-1,111,64,62,-1,111,62,113,-1,113,62,60,-1,113,60,115,-1,115,60,58,-1,115,58,117,-1,117,58,56,-1,117,56,119,-1,119,56,54,-1,119,54,121,-1,121,54,52,-1,121,52,123,-1,123,52,51,-1,123,51,125,-1,125,51,48,-1,125,48,127,-1,127,48,46,-1,127,46,129,-1,129,46,44,-1,129,44,131,-1,131,44,42,-1,131,42,40,-1,2,4,8,-1,8,4,6,-1,5,3,7,-1,7,3,9,-1,160,161,162,-1,162,161,163,-1,162,163,164,-1,164,163,165,-1,161,160,166,-1,166,160,167,-1,168,169,170,-1,170,169,171,-1,170,171,167,-1,167,171,166,-1,169,168,172,-1,172,168,173,-1,172,173,174,-1,174,173,175,-1,174,175,176,-1,176,175,177,-1,176,177,178,-1,178,177,179,-1,178,179,180,-1,180,179,181,-1,180,181,182,-1,182,181,183,-1,184,182,185,-1,185,182,183,-1,184,185,186,-1,184,186,187,-1,187,186,188,-1,187,188,189,-1,189,188,190,-1,189,190,191,-1,191,190,192,-1,191,192,193,-1,193,192,194,-1,193,194,195,-1,195,194,196,-1,195,196,197,-1,197,196,198,-1,197,198,199,-1,199,198,200,-1,199,200,201,-1,201,200,202,-1,201,202,203,-1,204,203,205,-1,205,203,202,-1,204,205,206,-1,204,206,207,-1,207,206,208,-1,207,208,209,-1,209,208,210,-1,209,210,211,-1,211,210,212,-1,211,212,213,-1,213,212,214,-1,213,214,215,-1,215,214,216,-1,215,216,217,-1,217,216,218,-1,217,218,219,-1,220,219,221,-1,221,219,218,-1,222,220,223,-1,223,220,221,-1,224,222,225,-1,225,222,223,-1,224,225,226,-1,226,225,227,-1,226,227,228,-1,228,227,229,-1,228,229,230,-1,230,229,231,-1,230,231,232,-1,232,231,233,-1,232,233,234,-1,234,233,235,-1,234,235,236,-1,236,235,237,-1,238,236,239,-1,239,236,237,-1,238,239,240,-1,240,239,241,-1,240,241,242,-1,242,241,243,-1,242,243,244,-1,244,243,245,-1,244,245,246,-1,246,245,247,-1,246,247,248,-1,248,247,249,-1,248,249,250,-1,250,249,251,-1,250,251,252,-1,252,251,253,-1,252,253,254,-1,254,253,255,-1,254,255,256,-1,256,255,257,-1,258,256,259,-1,259,256,257,-1,258,259,260,-1,258,260,261,-1,261,260,262,-1,261,262,263,-1,263,262,264,-1,263,264,265,-1,265,264,266,-1,265,266,267,-1,267,266,268,-1,267,268,269,-1,269,268,164,-1,269,164,165,-1,232,211,230,-1,230,211,213,-1,230,213,228,-1,228,213,215,-1,228,215,226,-1,226,215,217,-1,226,217,224,-1,224,217,219,-1,224,219,222,-1,222,219,220,-1,163,171,165,-1,165,171,169,-1,165,169,269,-1,269,169,172,-1,269,172,267,-1,267,172,174,-1,267,174,265,-1,265,174,176,-1,265,176,263,-1,263,176,178,-1,263,178,261,-1,261,178,180,-1,261,180,258,-1,258,180,182,-1,258,182,256,-1,256,182,184,-1,256,184,254,-1,254,184,187,-1,254,187,252,-1,252,187,189,-1,252,189,250,-1,250,189,191,-1,250,191,248,-1,248,191,193,-1,248,193,246,-1,246,193,195,-1,246,195,244,-1,244,195,197,-1,244,197,242,-1,242,197,199,-1,242,199,240,-1,240,199,201,-1,240,201,238,-1,238,201,203,-1,238,203,236,-1,236,203,204,-1,236,204,234,-1,234,204,207,-1,234,207,232,-1,232,207,209,-1,232,209,211,-1,223,221,225,-1,225,221,218,-1,225,218,227,-1,227,218,216,-1,227,216,229,-1,229,216,214,-1,229,214,231,-1,214,212,231,-1,231,212,210,-1,231,210,233,-1,233,210,208,-1,233,208,235,-1,235,208,206,-1,235,206,237,-1,237,206,205,-1,237,205,239,-1,239,205,202,-1,239,202,241,-1,241,202,200,-1,241,200,243,-1,243,200,198,-1,243,198,245,-1,245,198,196,-1,245,196,247,-1,247,196,194,-1,247,194,249,-1,249,194,192,-1,249,192,251,-1,251,192,190,-1,251,190,253,-1,253,190,188,-1,253,188,255,-1,255,188,186,-1,255,186,257,-1,257,186,185,-1,257,185,259,-1,259,185,183,-1,259,183,260,-1,260,183,181,-1,260,181,262,-1,262,181,179,-1,262,179,264,-1,264,179,177,-1,264,177,266,-1,266,177,175,-1,266,175,268,-1,268,175,173,-1,268,173,164,-1,164,173,168,-1,164,168,162,-1,162,168,170,-1,163,161,171,-1,171,161,166,-1,160,162,167,-1,167,162,170,-1,270,271,272,-1,272,271,273,-1,272,273,274,-1,274,273,275,-1,274,275,276,-1,276,275,277,-1,276,277,278,-1,278,277,279,-1,278,279,280,-1,280,279,281,-1,280,281,282,-1,280,282,283,-1,283,282,284,-1,283,284,285,-1,285,284,286,-1,285,286,287,-1,287,286,288,-1,287,288,289,-1,289,288,290,-1,289,290,291,-1,292,291,293,-1,293,291,290,-1,292,293,294,-1,294,293,295,-1,294,295,296,-1,296,295,297,-1,296,297,298,-1,298,297,299,-1,298,299,300,-1,300,299,301,-1,300,301,302,-1,302,301,303,-1,304,302,305,-1,305,302,303,-1,304,305,306,-1,304,306,307,-1,307,306,308,-1,307,308,309,-1,309,308,310,-1,309,310,311,-1,311,310,312,-1,311,312,313,-1,313,312,314,-1,313,314,315,-1,315,314,316,-1,315,316,317,-1,317,316,318,-1,317,318,319,-1,320,319,321,-1,321,319,318,-1,320,321,322,-1,320,322,323,-1,323,322,324,-1,323,324,325,-1,325,324,326,-1,325,326,327,-1,327,326,328,-1,327,328,329,-1,329,328,330,-1,329,330,331,-1,331,330,332,-1,331,332,333,-1,333,332,334,-1,333,334,335,-1,335,334,336,-1,335,336,337,-1,337,336,338,-1,337,338,339,-1,340,339,341,-1,341,339,338,-1,340,341,342,-1,340,342,343,-1,343,342,344,-1,343,344,345,-1,345,344,346,-1,345,346,347,-1,347,346,348,-1,347,348,349,-1,349,348,350,-1,349,350,351,-1,351,350,352,-1,351,352,353,-1,353,352,354,-1,353,354,355,-1,356,355,357,-1,357,355,354,-1,358,356,359,-1,359,356,357,-1,360,358,361,-1,361,358,359,-1,360,361,362,-1,362,361,363,-1,362,363,364,-1,364,363,365,-1,364,365,366,-1,366,365,367,-1,366,367,368,-1,368,367,369,-1,368,369,370,-1,370,369,371,-1,370,371,372,-1,372,371,373,-1,374,372,375,-1,375,372,373,-1,374,375,376,-1,376,375,377,-1,376,377,378,-1,378,377,379,-1,378,379,380,-1,380,379,381,-1,380,381,382,-1,382,381,383,-1,382,383,384,-1,384,383,385,-1,384,385,386,-1,386,385,387,-1,386,387,388,-1,388,387,389,-1,388,389,390,-1,390,389,391,-1,390,391,392,-1,392,391,393,-1,394,392,395,-1,395,392,393,-1,394,395,396,-1,396,395,397,-1,396,397,398,-1,398,397,399,-1,398,399,400,-1,400,399,401,-1,400,401,402,-1,402,401,403,-1,402,403,404,-1,404,403,405,-1,404,405,406,-1,406,405,407,-1,408,406,409,-1,409,406,407,-1,408,409,410,-1,408,410,411,-1,411,410,412,-1,411,412,413,-1,413,412,414,-1,413,414,415,-1,415,414,416,-1,415,416,417,-1,417,416,418,-1,417,418,419,-1,420,419,421,-1,421,419,418,-1,420,421,422,-1,422,421,423,-1,422,423,424,-1,424,423,425,-1,424,425,426,-1,426,425,427,-1,426,427,428,-1,428,427,429,-1,428,429,270,-1,270,429,271,-1,356,358,355,-1,355,358,360,-1,355,360,353,-1,353,360,362,-1,353,362,351,-1,351,362,364,-1,351,364,349,-1,349,364,366,-1,272,278,270,-1,270,278,280,-1,270,280,428,-1,428,280,283,-1,428,283,426,-1,426,283,285,-1,426,285,424,-1,424,285,287,-1,424,287,422,-1,422,287,289,-1,422,289,420,-1,420,289,291,-1,420,291,419,-1,419,291,292,-1,419,292,417,-1,417,292,294,-1,417,294,415,-1,415,294,296,-1,415,296,413,-1,413,296,298,-1,413,298,411,-1,411,298,300,-1,411,300,408,-1,408,300,302,-1,408,302,406,-1,406,302,304,-1,406,304,404,-1,404,304,307,-1,404,307,402,-1,307,309,402,-1,402,309,311,-1,402,311,400,-1,400,311,313,-1,400,313,398,-1,398,313,315,-1,398,315,396,-1,396,315,317,-1,396,317,394,-1,394,317,319,-1,394,319,392,-1,392,319,320,-1,392,320,390,-1,390,320,323,-1,390,323,388,-1,388,323,325,-1,388,325,386,-1,386,325,327,-1,386,327,384,-1,384,327,329,-1,384,329,382,-1,382,329,331,-1,382,331,380,-1,380,331,333,-1,380,333,378,-1,378,333,335,-1,378,335,376,-1,376,335,337,-1,376,337,374,-1,374,337,339,-1,374,339,372,-1,372,339,340,-1,372,340,370,-1,370,340,343,-1,370,343,368,-1,368,343,345,-1,368,345,366,-1,366,345,347,-1,366,347,349,-1,359,357,361,-1,361,357,354,-1,361,354,363,-1,363,354,352,-1,363,352,365,-1,279,273,281,-1,281,273,271,-1,281,271,282,-1,282,271,429,-1,282,429,284,-1,284,429,427,-1,284,427,286,-1,286,427,425,-1,286,425,288,-1,288,425,423,-1,288,423,290,-1,290,423,421,-1,290,421,293,-1,293,421,418,-1,293,418,295,-1,295,418,416,-1,295,416,297,-1,297,416,414,-1,297,414,299,-1,299,414,412,-1,299,412,301,-1,301,412,410,-1,301,410,303,-1,303,410,409,-1,303,409,305,-1,305,409,407,-1,305,407,306,-1,306,407,405,-1,306,405,308,-1,308,405,403,-1,308,403,310,-1,310,403,401,-1,352,350,365,-1,365,350,348,-1,365,348,367,-1,367,348,346,-1,367,346,369,-1,369,346,344,-1,369,344,371,-1,371,344,342,-1,371,342,373,-1,373,342,341,-1,373,341,375,-1,375,341,338,-1,375,338,377,-1,377,338,336,-1,377,336,379,-1,379,336,334,-1,379,334,381,-1,381,334,332,-1,381,332,383,-1,383,332,330,-1,383,330,385,-1,385,330,328,-1,385,328,387,-1,387,328,326,-1,387,326,389,-1,389,326,324,-1,389,324,391,-1,391,324,322,-1,391,322,393,-1,393,322,321,-1,393,321,395,-1,395,321,318,-1,395,318,397,-1,397,318,316,-1,397,316,399,-1,399,316,314,-1,399,314,401,-1,401,314,312,-1,401,312,310,-1,272,274,278,-1,278,274,276,-1,275,273,277,-1,277,273,279,-1,430,431,432,-1,432,431,433,-1,432,433,434,-1,434,433,435,-1,431,430,436,-1,436,430,437,-1,438,439,440,-1,440,439,441,-1,440,441,437,-1,437,441,436,-1,439,438,442,-1,442,438,443,-1,442,443,444,-1,444,443,445,-1,444,445,446,-1,446,445,447,-1,446,447,448,-1,448,447,449,-1,448,449,450,-1,450,449,451,-1,450,451,452,-1,452,451,453,-1,454,452,455,-1,455,452,453,-1,454,455,456,-1,454,456,457,-1,457,456,458,-1,457,458,459,-1,459,458,460,-1,459,460,461,-1,461,460,462,-1,461,462,463,-1,463,462,464,-1,463,464,465,-1,465,464,466,-1,465,466,467,-1,467,466,468,-1,467,468,469,-1,469,468,470,-1,469,470,471,-1,471,470,472,-1,471,472,473,-1,474,473,475,-1,475,473,472,-1,474,475,476,-1,474,476,477,-1,477,476,478,-1,477,478,479,-1,479,478,480,-1,479,480,481,-1,481,480,482,-1,481,482,483,-1,483,482,484,-1,483,484,485,-1,485,484,486,-1,485,486,487,-1,487,486,488,-1,487,488,489,-1,490,489,491,-1,491,489,488,-1,492,490,493,-1,493,490,491,-1,494,492,495,-1,495,492,493,-1,494,495,496,-1,496,495,497,-1,496,497,498,-1,498,497,499,-1,498,499,500,-1,500,499,501,-1,500,501,502,-1,502,501,503,-1,502,503,504,-1,504,503,505,-1,504,505,506,-1,506,505,507,-1,508,506,509,-1,509,506,507,-1,508,509,510,-1,510,509,511,-1,510,511,512,-1,512,511,513,-1,512,513,514,-1,514,513,515,-1,514,515,516,-1,516,515,517,-1,516,517,518,-1,518,517,519,-1,518,519,520,-1,520,519,521,-1,520,521,522,-1,522,521,523,-1,522,523,524,-1,524,523,525,-1,524,525,526,-1,526,525,527,-1,528,526,529,-1,529,526,527,-1,528,529,530,-1,528,530,531,-1,531,530,532,-1,531,532,533,-1,533,532,534,-1,533,534,535,-1,535,534,536,-1,535,536,537,-1,537,536,538,-1,537,538,539,-1,539,538,434,-1,539,434,435,-1,502,481,500,-1,500,481,483,-1,500,483,498,-1,498,483,485,-1,498,485,496,-1,496,485,487,-1,496,487,494,-1,494,487,489,-1,494,489,492,-1,492,489,490,-1,433,441,435,-1,435,441,439,-1,435,439,539,-1,539,439,442,-1,539,442,537,-1,537,442,444,-1,537,444,535,-1,535,444,446,-1,535,446,533,-1,533,446,448,-1,533,448,531,-1,531,448,450,-1,531,450,528,-1,528,450,452,-1,528,452,526,-1,526,452,454,-1,526,454,524,-1,524,454,457,-1,524,457,522,-1,522,457,459,-1,522,459,520,-1,520,459,461,-1,520,461,518,-1,518,461,463,-1,518,463,516,-1,516,463,465,-1,516,465,514,-1,514,465,467,-1,514,467,512,-1,512,467,469,-1,512,469,510,-1,510,469,471,-1,510,471,508,-1,508,471,473,-1,508,473,506,-1,506,473,474,-1,506,474,504,-1,504,474,477,-1,504,477,502,-1,502,477,479,-1,502,479,481,-1,493,491,495,-1,495,491,488,-1,495,488,497,-1,497,488,486,-1,497,486,499,-1,499,486,484,-1,499,484,501,-1,484,482,501,-1,501,482,480,-1,501,480,503,-1,503,480,478,-1,503,478,505,-1,505,478,476,-1,505,476,507,-1,507,476,475,-1,507,475,509,-1,509,475,472,-1,509,472,511,-1,511,472,470,-1,511,470,513,-1,513,470,468,-1,513,468,515,-1,515,468,466,-1,515,466,517,-1,517,466,464,-1,517,464,519,-1,519,464,462,-1,519,462,521,-1,521,462,460,-1,521,460,523,-1,523,460,458,-1,523,458,525,-1,525,458,456,-1,525,456,527,-1,527,456,455,-1,527,455,529,-1,529,455,453,-1,529,453,530,-1,530,453,451,-1,530,451,532,-1,532,451,449,-1,532,449,534,-1,534,449,447,-1,534,447,536,-1,536,447,445,-1,536,445,538,-1,538,445,443,-1,538,443,434,-1,434,443,438,-1,434,438,432,-1,432,438,440,-1,433,431,441,-1,441,431,436,-1,430,432,437,-1,437,432,440,-1,
        ]
    }
}
Shape{
    appearance Appearance {
        material  Material 	{
            diffuseColor 1.0 1.0 1.0
            specularColor 0.5019607843137255 0.5019607843137255 0.5019607843137255
            ambientIntensity 0.2
            transparency 0
            shininess 0.5
        }
    }
    geometry IndexedFaceSet {
        ccw TRUE
        solid FALSE
        coord DEF co Coordinate {
            point [
                4.1339 -0.6102 -2.2047, 4.1339 -0.4365 -2.2047, 4.1339 -0.4365 -1.2308, 4.1339 0.1709 -1.1558, 4.1339 0.1878 -1.1558, 4.1339 0.1878 -1.1406, 4.1339 0.2297 -1.1245, 4.1339 0.2243 -1.1099, 4.1339 0.2047 -1.1099, 4.1339 -0.1428 -1.2014, 4.1339 -0.1449 -1.2096, 4.1339 -0.1022 -1.2004, 4.1339 -0.0956 -1.0652, 4.1339 -0.0874 -1.0707, 4.1339 0.0013 -1.0707, 4.1339 -0.0787 -1.0765, 4.1339 -0.0662 -1.0909, 4.1339 -0.0582 -1.1065, 4.1339 -0.0551 -1.1076, 4.1339 -0.0439 -1.1135, 4.1339 -0.1666 -1.0659, 4.1339 -0.1491 -1.0591, 4.1339 -0.4365 -0.5284, 4.1339 0.0013 -0.5284, 4.1339 -0.1303 -1.0568, 4.1339 -0.1146 -1.0585, 4.1339 -0.1743 -1.0707, 4.1339 -0.4365 -1.0707, 4.1339 -0.1758 -1.0716, 4.1339 -0.2541 -1.1176, 4.1339 -0.2449 -1.1058, 4.1339 -0.2163 -1.0894, 4.1339 -0.2013 -1.0876, 4.1339 -0.1847 -1.0792, 4.1339 -0.1969 -1.0878, 4.1339 -0.1925 -1.0883, 4.1339 -0.2424 -1.1034, 4.1339 -0.2303 -1.0949, 4.1339 -0.2213 -1.2072, 4.1339 -0.235 -1.2005, 4.1339 -0.4365 -1.2096, 4.1339 -0.2468 -1.1904, 4.1339 -0.2554 -1.1781, 4.1339 -0.2609 -1.164, 4.1339 -0.4365 -1.1406, 4.1339 -0.2627 -1.149, 4.1339 -0.2626 -1.1455, 4.1339 -0.2618 -1.1406, 4.1339 -0.2601 -1.1312, 4.1339 -0.2164 -1.2086, 4.1339 -0.216 -1.2096, 4.1339 -0.2124 -1.2171, 4.1339 -0.2067 -1.224, 4.1339 -0.1993 -1.2295, 4.1339 -0.1905 -1.2331, 4.1339 -0.1961 -1.2308, 4.1339 -0.1647 -1.2308, 4.1339 -0.1709 -1.2332, 4.1339 0.0013 -2.2047, 4.1339 -0.1804 -1.2344, 4.1339 -0.1815 -1.2344, 4.1339 0.0013 -1.2096, 4.1339 0.0013 -1.2308, 4.1339 -0.1452 -1.2107, 4.1339 -0.1499 -1.219, 4.1339 -0.1549 -1.2246, 4.1339 -0.1625 -1.2299, 4.1339 -0.1589 -1.1648, 4.1339 -0.1519 -1.171, 4.1339 -0.1011 -1.1445, 4.1339 -0.0987 -1.1889, 4.1339 -0.0964 -1.1873, 4.1339 -0.0893 -1.1646, 4.1339 -0.0937 -1.209, 4.1339 -0.0962 -1.208, 4.1339 -0.0987 -1.2063, 4.1339 -0.0444 -1.1523, 4.1339 -0.0465 -1.1451, 4.1339 -0.0491 -1.1406, 4.1339 -0.2379 -1.1406, 4.1339 -0.0938 -1.1862, 4.1339 -0.0908 -1.1858, 4.1339 -0.0904 -1.1859, 4.1339 -0.0339 -1.1224, 4.1339 -0.0264 -1.1334, 4.1339 0.0013 -1.1406, 4.1339 -0.0237 -1.1406, 4.1339 -0.022 -1.1451, 4.1339 -0.0996 -1.2054, 4.1339 -0.1012 -1.203, 4.1339 -0.1424 -1.1965, 4.1339 -0.1026 -1.1976, 4.1339 -0.1424 -1.1927, 4.1339 -0.1025 -1.1961, 4.1339 -0.1017 -1.1932, 4.1339 -0.1003 -1.1906, 4.1339 -0.0278 -1.1831, 4.1339 -0.0346 -1.1923, 4.1339 -0.0361 -1.1939, 4.1339 -0.0462 -1.2018, 4.1339 -0.1898 -1.1593, 4.1339 -0.1804 -1.1581, 4.1339 -0.1762 -1.1584, 4.1339 -0.167 -1.1606, 4.1339 -0.0893 -1.1861, 4.1339 -0.0885 -1.1862, 4.1339 -0.0715 -1.1862, 4.1339 -0.0206 -1.1562, 4.1339 -0.0207 -1.1588, 4.1339 -0.0227 -1.1712, 4.1339 -0.0579 -1.2071, 4.1339 -0.0692 -1.2094, 4.1339 -0.0916 -1.2094, 4.1339 -0.2121 -1.1753, 4.1339 -0.2383 -1.1547, 4.1339 -0.2354 -1.1639, 4.1339 -0.2312 -1.171, 4.1339 -0.2245 -1.178, 4.1339 -0.2161 -1.1832, 4.1339 -0.2388 -1.1483, 4.1339 -0.2059 -1.1681, 4.1339 -0.1981 -1.1626, 4.1339 -0.052 -1.1768, 4.1339 -0.0478 -1.1711, 4.1339 -0.0451 -1.1643, 4.1339 -0.0441 -1.1566, 4.1339 -0.0642 -1.1848, 4.1339 -0.0575 -1.1816, 4.1339 -0.1808 -1.116, 4.1339 -0.1836 -1.1145, 4.1339 -0.1921 -1.1114, 4.1339 -0.1758 -1.1054, 4.1339 -0.0768 -1.127, 4.1339 -0.0737 -1.127, 4.1339 -0.0502 -1.1387, 4.1339 -0.0538 -1.1348, 4.1339 -0.0596 -1.1306, 4.1339 -0.0662 -1.128, 4.1339 -0.0956 -1.0921, 4.1339 -0.0778 -1.121, 4.1339 -0.0903 -1.0973, 4.1339 -0.0826 -1.1083, 4.1339 -0.1299 -1.0796, 4.1339 -0.1324 -1.0796, 4.1339 -0.145 -1.0817, 4.1339 -0.1065 -1.085, 4.1339 -0.1185 -1.0808, 4.1339 -0.2151 -1.1131, 4.1339 -0.2234 -1.1178, 4.1339 -0.2058 -1.1106, 4.1339 -0.229 -1.1228, 4.1339 -0.2343 -1.1304, 4.1339 -0.1573 -1.087, 4.1339 -0.1677 -1.095, 4.1339 -0.2009 -1.1103, 4.1339 -0.2376 -1.1388, 4.1339 0.2373 -1.1245, 4.1339 0.2047 -1.1406, 4.1339 0.217 -1.0711, 4.1339 0.6102 -1.1406, 4.1339 0.6102 -1.0707, 4.1339 0.2047 -1.0707, 4.1339 0.2096 -1.0711, 4.1339 0.2047 -1.0841, 4.1339 0.1969 -1.1245, 4.1339 0.1893 -1.1245, 4.1339 0.2021 -1.1099, 4.1339 0.1316 -1.0773, 4.1339 0.1378 -1.0707, 4.1339 0.1316 -1.0711, 4.1339 0.1254 -1.0707, 4.1339 0.1254 -1.0711, 4.1339 0.111 -1.1005, 4.1339 0.111 -1.1184, 4.1339 0.1254 -1.1005, 4.1339 0.1254 -1.1184, 4.1339 0.1301 -1.1005, 4.1339 0.1328 -1.1184, 4.1339 0.1301 -1.0944, 4.1339 0.111 -1.0773, 4.1339 0.111 -1.0944, 4.1339 0.1254 -1.0773, 4.1339 0.1254 -1.0944, 4.1339 0.1041 -1.1245, 4.1339 0.101 -1.1406, 4.1339 0.1254 -1.1245, 4.1339 0.1254 -1.1406, 4.1339 0.1328 -1.1245, 4.1339 0.1378 -1.1406, 4.1339 0.1041 -1.0711, 4.1339 0.101 -1.0707, 4.1339 0.0862 -1.0707, 4.1339 0.0882 -1.0709, 4.1339 0.0934 -1.0724, 4.1339 0.0934 -1.0796, 4.1339 0.0934 -1.1157, 4.1339 0.0934 -1.1223, 4.1339 0.0819 -1.1192, 4.1339 0.0879 -1.1181, 4.1339 0.0607 -1.0989, 4.1339 0.0607 -1.0984, 4.1339 0.0656 -1.0832, 4.1339 0.0631 -1.087, 4.1339 0.0614 -1.0918, 4.1339 0.0693 -1.124, 4.1339 0.0643 -1.1215, 4.1339 0.0558 -1.1406, 4.1339 0.0603 -1.1181, 4.1339 0.0594 -1.1171, 4.1339 0.0871 -1.0772, 4.1339 0.0808 -1.0765, 4.1339 0.0785 -1.0766, 4.1339 0.0739 -1.0775, 4.1339 0.0615 -1.1055, 4.1339 0.0632 -1.1098, 4.1339 0.0659 -1.1137, 4.1339 0.0708 -1.1173, 4.1339 0.0747 -1.1187, 4.1339 0.0796 -1.1193, 4.1339 0.0926 -1.0792, 4.1339 0.0697 -1.0795, 4.1339 0.0663 -1.0824, 4.1339 0.0672 -1.1149, 4.1339 0.0874 -1.1245, 4.1339 0.0786 -1.1254, 4.1339 0.0751 -1.1252, 4.1339 0.0813 -1.0702, 4.1339 0.101 -0.5284, 4.1339 0.0808 -1.0702, 4.1339 0.0558 -0.5284, 4.1339 0.0767 -1.0707, 4.1339 0.0558 -1.0707, 4.1339 0.068 -1.0731, 4.1339 0.0736 -1.071, 4.1339 0.0574 -1.0829, 4.1339 0.0612 -1.0781, 4.1339 0.0627 -1.0766, 4.1339 0.0564 -1.1125, 4.1339 0.0558 -1.111, 4.1339 0.0526 -1.1406, 4.1339 0.0526 -1.0707, 4.1339 0.0548 -1.0888, 4.1339 0.0558 -1.0865, 4.1339 0.0543 -1.1067, 4.1339 0.0534 -1.0988, 4.1339 0.0536 -1.0956, 4.1339 0.2524 -2.2047, 4.1339 0.6102 -2.2047, 4.1339 0.2524 -2.0866, 4.1339 0.6102 -1.2308, 4.1339 0.2047 -2.0866, 4.1339 0.2047 -1.2308, 4.1339 0.1878 -2.0866, 4.1339 0.1878 -1.2308, 4.1339 0.1673 -2.0866, 4.1339 0.1673 -1.2308, 4.1339 0.1378 -2.0866, 4.1339 0.1378 -1.2308, 4.1339 0.1254 -2.0866, 4.1339 0.1254 -1.2308, 4.1339 0.101 -2.0866, 4.1339 0.101 -1.2308, 4.1339 0.0558 -1.2308, 4.1339 0.0558 -2.0866, 4.1339 0.0526 -2.0866, 4.1339 0.0526 -1.2308, 4.1339 0.0162 -2.0866, 4.1339 0.0162 -2.2047, 4.1339 0.1878 -1.0707, 4.1339 0.1673 -1.0707, 4.1339 0.1673 -1.0724, 4.1339 0.1861 -1.1009, 4.1339 0.1848 -1.1071, 4.1339 0.173 -1.0745, 4.1339 0.1783 -1.0782, 4.1339 0.1805 -1.0804, 4.1339 0.1821 -1.1126, 4.1339 0.1783 -1.117, 4.1339 0.1773 -1.1179, 4.1339 0.1837 -1.0852, 4.1339 0.1856 -1.0904, 4.1339 0.1863 -1.0971, 4.1339 0.1721 -1.1214, 4.1339 0.1673 -1.1231, 4.1339 0.1673 -1.1406, 4.1339 0.1659 -1.1236, 4.1339 0.1576 -1.1245, 4.1339 0.1429 -1.1245, 4.1339 0.1429 -1.0711, 4.1339 0.1581 -1.0711, 4.1339 0.1666 -1.0721, 4.1339 0.0596 -1.1928, 4.1339 0.061 -1.1909, 4.1339 0.0619 -1.1802, 4.1339 0.0765 -1.2087, 4.1339 0.0739 -1.2096, 4.1339 0.0822 -1.2092, 4.1339 0.0788 -1.2072, 4.1339 0.0637 -1.2087, 4.1339 0.0558 -1.2096, 4.1339 0.0663 -1.2096, 4.1339 0.0664 -1.2096, 4.1339 0.0594 -1.2043, 4.1339 0.0586 -1.202, 4.1339 0.0582 -1.199, 4.1339 0.082 -1.1714, 4.1339 0.099 -1.1768, 4.1339 0.1003 -1.175, 4.1339 0.0631 -1.1892, 4.1339 0.066 -1.1877, 4.1339 0.0662 -1.1775, 4.1339 0.0709 -1.1865, 4.1339 0.0767 -1.1759, 4.1339 0.0744 -1.1756, 4.1339 0.0704 -1.1761, 4.1339 0.0615 -1.2071, 4.1339 0.0607 -1.2063, 4.1339 0.0822 -1.2033, 4.1339 0.082 -1.2033, 4.1339 0.0809 -1.2049, 4.1339 0.0582 -1.198, 4.1339 0.0587 -1.1952, 4.1339 0.0842 -1.1727, 4.1339 0.086 -1.1744, 4.1339 0.0982 -1.179, 4.1339 0.0873 -1.1766, 4.1339 0.0884 -1.1797, 4.1339 0.0792 -1.1706, 4.1339 0.0751 -1.1702, 4.1339 0.0688 -1.1709, 4.1339 0.0619 -1.1737, 4.1339 0.0637 -1.1727, 4.1339 0.0822 -1.185, 4.1339 0.0819 -1.182, 4.1339 0.0812 -1.1796, 4.1339 0.0805 -1.1782, 4.1339 0.1009 -1.1885, 4.1339 0.0979 -1.201, 4.1339 0.101 -1.1886, 4.1339 0.1005 -1.2026, 4.1339 0.101 -1.2027, 4.1339 0.0999 -1.1874, 4.1339 0.099 -1.186, 4.1339 0.0889 -1.1847, 4.1339 0.0982 -1.184, 4.1339 0.098 -1.1814, 4.1339 0.0794 -1.1772, 4.1339 0.0783 -1.1764, 4.1339 0.0703 -1.2101, 4.1339 0.0738 -1.2097, 4.1339 0.0979 -1.2079, 4.1339 0.0889 -1.2092, 4.1339 0.101 -1.2089, 4.1339 0.101 -1.2096, 4.1339 0.1027 -1.2095, 4.1339 0.1039 -1.2096, 4.1339 0.1126 -1.2096, 4.1339 0.1083 -1.2101, 4.1339 0.1254 -1.2096, 4.1339 0.1137 -1.2095, 4.1339 0.1218 -1.1719, 4.1339 0.1218 -1.1784, 4.1339 0.1022 -1.1732, 4.1339 0.1042 -1.172, 4.1339 0.1233 -1.2015, 4.1339 0.1225 -1.2036, 4.1339 0.1213 -1.2054, 4.1339 0.101 -1.1743, 4.1339 0.1079 -1.1707, 4.1339 0.1128 -1.1702, 4.1339 0.1165 -1.1704, 4.1339 0.1214 -1.1925, 4.1339 0.1227 -1.1944, 4.1339 0.1234 -1.1963, 4.1339 0.1237 -1.1988, 4.1339 0.1194 -1.2071, 4.1339 0.1174 -1.2083, 4.1339 0.1121 -1.1756, 4.1339 0.1102 -1.1758, 4.1339 0.1048 -1.1808, 4.1339 0.1084 -1.1762, 4.1339 0.1069 -1.177, 4.1339 0.1049 -1.1816, 4.1339 0.1052 -1.1827, 4.1339 0.1057 -1.1836, 4.1339 0.1063 -1.1843, 4.1339 0.1087 -1.1858, 4.1339 0.1165 -1.1761, 4.1339 0.1128 -1.1876, 4.1339 0.1203 -1.1775, 4.1339 0.1154 -1.1886, 4.1339 0.1198 -1.1911, 4.1339 0.1059 -1.1779, 4.1339 0.1053 -1.1788, 4.1339 0.105 -1.1797, 4.1339 0.1047 -1.2041, 4.1339 0.1081 -1.1924, 4.1339 0.1041 -1.1906, 4.1339 0.1089 -1.2046, 4.1339 0.1092 -1.2046, 4.1339 0.1125 -1.1943, 4.1339 0.1126 -1.2043, 4.1339 0.1168 -1.1995, 4.1339 0.1167 -1.1986, 4.1339 0.1144 -1.2036, 4.1339 0.115 -1.2032, 4.1339 0.1157 -1.2026, 4.1339 0.1163 -1.2017, 4.1339 0.1167 -1.2008, 4.1339 0.1164 -1.1976, 4.1339 0.1159 -1.1967, 4.1339 0.1151 -1.1958, 4.1339 0.1568 -1.1711, 4.1339 0.1637 -1.1711, 4.1339 0.1673 -1.2096, 4.1339 0.1446 -1.1997, 4.1339 0.1454 -1.2029, 4.1339 0.1456 -1.2029, 4.1339 0.1378 -1.1804, 4.1339 0.1464 -1.1998, 4.1339 0.1459 -1.2016, 4.1339 0.1378 -1.1983, 4.1339 0.1271 -1.1711, 4.1339 0.1346 -1.1711, 4.1339 0.1419 -1.2096, 4.1339 0.1421 -1.2091, 4.1339 0.1378 -1.2185, 4.1339 0.1379 -1.2184, 4.1339 0.1378 -1.2096, 4.1339 0.1392 -1.216, 4.1339 0.1285 -1.2207, 4.1339 0.1285 -1.2266, 4.1339 0.1299 -1.2211, 4.1339 0.1323 -1.2214, 4.1339 0.1339 -1.2212, 4.1339 0.1378 -1.226, 4.1339 0.1355 -1.2268, 4.1339 0.1328 -1.2272, 4.1339 0.1314 -1.2271, 4.1339 0.1354 -1.2207, 4.1339 0.1366 -1.2198, 4.1339 0.1464 -1.215, 4.1339 0.1434 -1.2208, 4.1339 0.1485 -1.2096, 4.1339 0.141 -1.2238, 4.1339 0.1405 -1.2242, 4.1339 0.1382 -1.2258, 4.1339 0.1984 -1.1558, 4.1339 0.1984 -1.162, 4.1339 0.1997 -1.2031, 4.1339 0.2047 -1.2096, 4.1339 0.1997 -1.2092, 4.1339 0.1878 -1.2096, 4.1339 0.1778 -1.1852, 4.1339 0.1778 -1.2031, 4.1339 0.1878 -1.1852, 4.1339 0.1878 -1.2031, 4.1339 0.1969 -1.1852, 4.1339 0.1969 -1.179, 4.1339 0.1878 -1.179, 4.1339 0.1878 -1.162, 4.1339 0.1778 -1.179, 4.1339 0.1778 -1.162, 4.1339 0.1878 -1.2092, 4.1339 0.1709 -1.2092, 4.1339 0.2562 -1.2092, 4.1339 0.253 -1.1856, 4.1339 0.2516 -1.1918, 4.1339 0.2765 -1.1558, 4.1339 0.2839 -1.1558, 4.1339 0.225 -1.1558, 4.1339 0.2335 -1.1568, 4.1339 0.2489 -1.1973, 4.1339 0.2451 -1.2017, 4.1339 0.2442 -1.2026, 4.1339 0.2532 -1.1818, 4.1339 0.2525 -1.1751, 4.1339 0.2451 -1.1629, 4.1339 0.2474 -1.1651, 4.1339 0.2506 -1.1699, 4.1339 0.2399 -1.1592, 4.1339 0.2389 -1.206, 4.1339 0.2327 -1.2083, 4.1339 0.2244 -1.2092, 4.1339 0.2911 -1.1946, 4.1339 0.2689 -1.1946, 4.1339 0.2966 -1.2092, 4.1339 0.2638 -1.2092, 4.1339 0.6102 -1.2096, 4.1339 0.3042 -1.2092, 4.1339 0.2097 -1.2092, 4.1339 0.2097 -1.1558, 4.1339 0.6102 -0.5284, 4.1339 0.2047 -0.5284, 4.1339 0.1878 -0.5284, 4.1339 0.1673 -0.5284, 4.1339 0.1378 -0.5284, 4.1339 0.1254 -0.5284, 4.1339 0.0526 -1.2096, 4.1339 0.0518 -1.2031, 4.1339 0.0518 -1.2092, 4.1339 0.0231 -1.2092, 4.1339 0.0506 -1.162, 4.1339 0.0231 -1.1558, 4.1339 0.0506 -1.1558, 4.1339 0.03 -1.1852, 4.1339 0.03 -1.2031, 4.1339 0.0491 -1.1852, 4.1339 0.0491 -1.179, 4.1339 0.03 -1.179, 4.1339 0.03 -1.162, 4.1339 0.03 -1.0711, 4.1339 0.03 -1.1184, 4.1339 0.0513 -1.1184, 4.1339 0.0231 -1.1245, 4.1339 0.0231 -1.0711, 4.1339 0.0513 -1.1245, 4.1339 0.0526 -0.5284, 4.1339 -0.6102 -1.2308, 4.1339 -0.6102 -1.2096, 4.1339 -0.6102 -1.1406, 4.1339 -0.6102 -1.0707, 4.1339 -0.6102 -0.5284, 4.1339 0.6102 0.0, 4.1339 0.2047 0.0, 4.1339 0.1878 0.0, 4.1339 0.1673 0.0, 4.1339 0.1378 0.0, 4.1339 0.1254 0.0, 4.1339 0.101 0.0, 4.1339 0.0558 0.0, 4.1339 0.0526 0.0, 4.1339 0.0013 0.0, 4.1339 -0.4365 0.0, 4.1339 -0.6102 0.0, 3.6614 0.0162 -2.2047, 3.6614 -0.6693 -2.2047, 4.0748 -0.6693 -2.2047, 4.1318 -0.6255 -2.2047, 4.1259 -0.6398 -2.2047, 4.1166 -0.652 -2.2047, 4.1043 -0.6614 -2.2047, 4.0901 -0.6673 -2.2047, -3.6614 0.0162 -2.2047, -3.6614 -0.6693 -2.2047, -4.1339 0.0162 -2.2047, -4.0748 -0.6693 -2.2047, -4.1339 -0.6102 -2.2047, -4.1318 -0.6255 -2.2047, -4.0901 -0.6673 -2.2047, -4.1043 -0.6614 -2.2047, -4.1166 -0.652 -2.2047, -4.1259 -0.6398 -2.2047, -2.6398 0.0162 -2.126, -2.6398 -0.6693 -2.126, -2.872 0.0162 -2.126, -2.872 -0.6693 -2.126, -3.0335 0.0162 -2.126, -3.0335 -0.6693 -2.126, -3.2657 0.0162 -2.126, -3.2657 -0.6693 -2.126, -2.2461 0.0162 -2.126, -2.2461 -0.6693 -2.126, -2.4783 0.0162 -2.126, -2.4783 -0.6693 -2.126, -1.8524 0.0162 -2.126, -1.8524 -0.6693 -2.126, -2.0846 0.0162 -2.126, -2.0846 -0.6693 -2.126, -1.4587 0.0162 -2.126, -1.4587 -0.6693 -2.126, -1.6909 0.0162 -2.126, -1.6909 -0.6693 -2.126, -1.065 0.0162 -2.126, -1.065 -0.6693 -2.126, -1.2972 0.0162 -2.126, -1.2972 -0.6693 -2.126, -0.6713 0.0162 -2.126, -0.6713 -0.6693 -2.126, -0.9035 0.0162 -2.126, -0.9035 -0.6693 -2.126, -0.2776 0.0162 -2.126, -0.2776 -0.6693 -2.126, -0.5098 0.0162 -2.126, -0.5098 -0.6693 -2.126, 0.1161 0.0162 -2.126, 0.1161 -0.6693 -2.126, -0.1161 0.0162 -2.126, -0.1161 -0.6693 -2.126, 0.5098 0.0162 -2.126, 0.5098 -0.6693 -2.126, 0.2776 0.0162 -2.126, 0.2776 -0.6693 -2.126, 0.9035 0.0162 -2.126, 0.9035 -0.6693 -2.126, 0.6713 0.0162 -2.126, 0.6713 -0.6693 -2.126, 1.2972 0.0162 -2.126, 1.2972 -0.6693 -2.126, 1.065 0.0162 -2.126, 1.065 -0.6693 -2.126, 1.6909 0.0162 -2.126, 1.6909 -0.6693 -2.126, 1.4587 0.0162 -2.126, 1.4587 -0.6693 -2.126, 2.0846 0.0162 -2.126, 2.0846 -0.6693 -2.126, 1.8524 0.0162 -2.126, 1.8524 -0.6693 -2.126, 2.4783 0.0162 -2.126, 2.4783 -0.6693 -2.126, 2.2461 0.0162 -2.126, 2.2461 -0.6693 -2.126, 2.872 0.0162 -2.126, 2.872 -0.6693 -2.126, 2.6398 0.0162 -2.126, 2.6398 -0.6693 -2.126, 3.2657 0.0162 -2.126, 3.2657 -0.6693 -2.126, 3.0335 0.0162 -2.126, 3.0335 -0.6693 -2.126, 3.6614 0.0162 -2.126, 3.6614 -0.6693 -2.126, 3.4272 0.0162 -2.126, 3.4272 -0.6693 -2.126, -3.4272 0.0162 -2.126, -3.4272 -0.6693 -2.126, -3.6614 0.0162 -2.126, -3.6614 -0.6693 -2.126, -3.4272 -0.3543 -1.378, -3.7598 -0.3543 -1.378, -3.7598 -0.3543 -0.0682, 1.8524 -0.3543 -1.378, 1.8524 -0.3543 -2.0079, 1.6909 -0.3543 -2.0079, 1.6909 -0.3543 -1.378, 1.4587 -0.3543 -1.378, 3.7598 -0.3543 -0.0682, 3.4272 -0.3543 -1.378, 3.7598 -0.3543 -1.378, 2.4783 -0.3543 -1.378, 2.2461 -0.3543 -1.378, 3.0335 -0.3543 -1.378, 3.2657 -0.3543 -1.378, 3.2657 -0.3543 -2.0079, 3.4272 -0.3543 -2.0079, 2.6398 -0.3543 -1.378, 2.6398 -0.3543 -2.0079, 2.4783 -0.3543 -2.0079, 2.872 -0.3543 -1.378, 2.872 -0.3543 -2.0079, 3.0335 -0.3543 -2.0079, 2.0846 -0.3543 -1.378, 2.0846 -0.3543 -2.0079, 2.2461 -0.3543 -2.0079, 1.065 -0.3543 -1.378, 1.065 -0.3543 -2.0079, 0.9035 -0.3543 -2.0079, 0.9035 -0.3543 -1.378, 0.6713 -0.3543 -1.378, -0.9035 -0.3543 -1.378, -0.9035 -0.3543 -2.0079, -1.065 -0.3543 -2.0079, -3.2657 -0.3543 -1.378, -3.2657 -0.3543 -2.0079, -3.4272 -0.3543 -2.0079, 1.2972 -0.3543 -1.378, 1.2972 -0.3543 -2.0079, 1.4587 -0.3543 -2.0079, -1.065 -0.3543 -1.378, -1.2972 -0.3543 -1.378, -2.6398 -0.3543 -1.378, -2.872 -0.3543 -1.378, -2.4783 -0.3543 -1.378, -2.4783 -0.3543 -2.0079, -2.6398 -0.3543 -2.0079, 0.6713 -0.3543 -2.0079, 0.5098 -0.3543 -2.0079, 0.5098 -0.3543 -1.378, 0.2776 -0.3543 -1.378, -1.6909 -0.3543 -1.378, -1.6909 -0.3543 -2.0079, -1.8524 -0.3543 -2.0079, 0.2776 -0.3543 -2.0079, 0.1161 -0.3543 -2.0079, 0.1161 -0.3543 -1.378, -0.1161 -0.3543 -1.378, -1.8524 -0.3543 -1.378, -2.0846 -0.3543 -1.378, -3.0335 -0.3543 -1.378, -3.0335 -0.3543 -2.0079, -2.872 -0.3543 -2.0079, -1.4587 -0.3543 -1.378, -1.4587 -0.3543 -2.0079, -1.2972 -0.3543 -2.0079, -0.1161 -0.3543 -2.0079, -0.2776 -0.3543 -2.0079, -0.2776 -0.3543 -1.378, -0.5098 -0.3543 -1.378, -2.2461 -0.3543 -1.378, -2.2461 -0.3543 -2.0079, -2.0846 -0.3543 -2.0079, -0.6713 -0.3543 -1.378, -0.6713 -0.3543 -2.0079, -0.5098 -0.3543 -2.0079, -3.2657 0.315 0.0, -3.4272 0.315 0.0, -3.2657 0.315 -2.0079, -3.4272 0.315 -2.0079, 3.0335 0.315 0.0, 2.872 0.315 0.0, 3.0335 0.315 -2.0079, 2.872 0.315 -2.0079, 2.6398 0.315 0.0, 2.4783 0.315 0.0, 2.6398 0.315 -2.0079, 2.4783 0.315 -2.0079, 2.2461 0.315 0.0, 2.0846 0.315 0.0, 2.2461 0.315 -2.0079, 2.0846 0.315 -2.0079, 1.8524 0.315 0.0, 1.6909 0.315 0.0, 1.8524 0.315 -2.0079, 1.6909 0.315 -2.0079, 1.4587 0.315 0.0, 1.2972 0.315 0.0, 1.4587 0.315 -2.0079, 1.2972 0.315 -2.0079, 1.065 0.315 0.0, 0.9035 0.315 0.0, 1.065 0.315 -2.0079, 0.9035 0.315 -2.0079, 0.6713 0.315 0.0, 0.5098 0.315 0.0, 0.6713 0.315 -2.0079, 0.5098 0.315 -2.0079, 0.2776 0.315 0.0, 0.1161 0.315 0.0, 0.2776 0.315 -2.0079, 0.1161 0.315 -2.0079, -0.1161 0.315 0.0, -0.2776 0.315 0.0, -0.1161 0.315 -2.0079, -0.2776 0.315 -2.0079, -0.5098 0.315 0.0, -0.6713 0.315 0.0, -0.5098 0.315 -2.0079, -0.6713 0.315 -2.0079, -0.9035 0.315 0.0, -1.065 0.315 0.0, -0.9035 0.315 -2.0079, -1.065 0.315 -2.0079, -1.2972 0.315 0.0, -1.4587 0.315 0.0, -1.2972 0.315 -2.0079, -1.4587 0.315 -2.0079, -1.6909 0.315 0.0, -1.8524 0.315 0.0, -1.6909 0.315 -2.0079, -1.8524 0.315 -2.0079, -2.0846 0.315 0.0, -2.2461 0.315 0.0, -2.0846 0.315 -2.0079, -2.2461 0.315 -2.0079, -2.4783 0.315 0.0, -2.6398 0.315 0.0, -2.4783 0.315 -2.0079, -2.6398 0.315 -2.0079, -2.872 0.315 0.0, -3.0335 0.315 0.0, -2.872 0.315 -2.0079, -3.0335 0.315 -2.0079, 3.6614 0.2524 -2.2047, 3.6614 0.6693 -2.2047, 4.0748 0.6693 -2.2047, 4.1318 0.6255 -2.2047, 4.0901 0.6673 -2.2047, 4.1043 0.6614 -2.2047, 4.1166 0.652 -2.2047, 4.1259 0.6398 -2.2047, 3.4272 0.315 0.0, 3.2657 0.315 0.0, 3.4272 0.315 -2.0079, 3.2657 0.315 -2.0079, -3.0335 -0.1772 -0.0682, -3.2657 -0.1772 -0.0682, -3.0335 -0.1772 -1.378, -3.2657 -0.1772 -1.378, -2.872 -0.1772 -1.378, -2.6398 -0.1772 -1.378, -2.872 -0.1772 -0.0682, -2.6398 -0.1772 -0.0682, -2.4783 -0.1772 -1.378, -2.2461 -0.1772 -1.378, -2.4783 -0.1772 -0.0682, -2.2461 -0.1772 -0.0682, -2.0846 -0.1772 -1.378, -1.8524 -0.1772 -1.378, -2.0846 -0.1772 -0.0682, -1.8524 -0.1772 -0.0682, -1.6909 -0.1772 -1.378, -1.4587 -0.1772 -1.378, -1.6909 -0.1772 -0.0682, -1.4587 -0.1772 -0.0682, -1.2972 -0.1772 -1.378, -1.065 -0.1772 -1.378, -1.2972 -0.1772 -0.0682, -1.065 -0.1772 -0.0682, -0.9035 -0.1772 -1.378, -0.6713 -0.1772 -1.378, -0.9035 -0.1772 -0.0682, -0.6713 -0.1772 -0.0682, -0.5098 -0.1772 -1.378, -0.2776 -0.1772 -1.378, -0.5098 -0.1772 -0.0682, -0.2776 -0.1772 -0.0682, -0.1161 -0.1772 -1.378, 0.1161 -0.1772 -1.378, -0.1161 -0.1772 -0.0682, 0.1161 -0.1772 -0.0682, 0.2776 -0.1772 -1.378, 0.5098 -0.1772 -1.378, 0.2776 -0.1772 -0.0682, 0.5098 -0.1772 -0.0682, 0.6713 -0.1772 -1.378, 0.9035 -0.1772 -1.378, 0.6713 -0.1772 -0.0682, 0.9035 -0.1772 -0.0682, 1.065 -0.1772 -1.378, 1.2972 -0.1772 -1.378, 1.065 -0.1772 -0.0682, 1.2972 -0.1772 -0.0682, 1.4587 -0.1772 -1.378, 1.6909 -0.1772 -1.378, 1.4587 -0.1772 -0.0682, 1.6909 -0.1772 -0.0682, 1.8524 -0.1772 -1.378, 2.0846 -0.1772 -1.378, 1.8524 -0.1772 -0.0682, 2.0846 -0.1772 -0.0682, 2.2461 -0.1772 -1.378, 2.4783 -0.1772 -1.378, 2.2461 -0.1772 -0.0682, 2.4783 -0.1772 -0.0682, 2.6398 -0.1772 -1.378, 2.872 -0.1772 -1.378, 2.6398 -0.1772 -0.0682, 2.872 -0.1772 -0.0682, 3.0335 -0.1772 -1.378, 3.2657 -0.1772 -1.378, 3.0335 -0.1772 -0.0682, 3.2657 -0.1772 -0.0682, -3.2657 -0.0591 0.0, -3.0335 -0.0591 0.0, -2.6398 -0.0591 0.0, -2.872 -0.0591 0.0, -2.2461 -0.0591 0.0, -2.4783 -0.0591 0.0, -1.8524 -0.0591 0.0, -2.0846 -0.0591 0.0, -1.4587 -0.0591 0.0, -1.6909 -0.0591 0.0, -1.065 -0.0591 0.0, -1.2972 -0.0591 0.0, -0.6713 -0.0591 0.0, -0.9035 -0.0591 0.0, -0.2776 -0.0591 0.0, -0.5098 -0.0591 0.0, 0.1161 -0.0591 0.0, -0.1161 -0.0591 0.0, 0.5098 -0.0591 0.0, 0.2776 -0.0591 0.0, 0.9035 -0.0591 0.0, 0.6713 -0.0591 0.0, 1.2972 -0.0591 0.0, 1.065 -0.0591 0.0, 1.6909 -0.0591 0.0, 1.4587 -0.0591 0.0, 2.0846 -0.0591 0.0, 1.8524 -0.0591 0.0, 2.4783 -0.0591 0.0, 2.2461 -0.0591 0.0, 2.872 -0.0591 0.0, 2.6398 -0.0591 0.0, 3.2657 -0.0591 0.0, 3.0335 -0.0591 0.0, -3.4272 -0.1772 -0.0682, -3.7598 -0.1772 -0.0682, -3.4272 -0.1772 -1.378, -3.7598 -0.1772 -1.378, -3.878 -0.0591 0.0, -3.4272 -0.0591 0.0, 2.6398 -0.6693 -2.0079, -3.4272 -0.6693 -2.0079, 4.0748 -0.6693 0.0, -4.0748 -0.6693 0.0, -3.2657 -0.6693 -2.0079, -2.4783 -0.6693 -2.0079, 3.0335 -0.6693 -2.0079, 3.2657 -0.6693 -2.0079, -2.2461 -0.6693 -2.0079, -2.0846 -0.6693 -2.0079, -1.8524 -0.6693 -2.0079, -1.6909 -0.6693 -2.0079, -0.5098 -0.6693 -2.0079, -0.2776 -0.6693 -2.0079, -0.1161 -0.6693 -2.0079, -3.0335 -0.6693 -2.0079, -2.872 -0.6693 -2.0079, 0.1161 -0.6693 -2.0079, 0.2776 -0.6693 -2.0079, -1.4587 -0.6693 -2.0079, -1.2972 -0.6693 -2.0079, 1.4587 -0.6693 -2.0079, 1.6909 -0.6693 -2.0079, 1.8524 -0.6693 -2.0079, 2.0846 -0.6693 -2.0079, 2.2461 -0.6693 -2.0079, 2.872 -0.6693 -2.0079, 2.4783 -0.6693 -2.0079, -2.6398 -0.6693 -2.0079, 3.4272 -0.6693 -2.0079, -1.065 -0.6693 -2.0079, -0.9035 -0.6693 -2.0079, 0.5098 -0.6693 -2.0079, 0.6713 -0.6693 -2.0079, -0.6713 -0.6693 -2.0079, 0.9035 -0.6693 -2.0079, 1.065 -0.6693 -2.0079, 1.2972 -0.6693 -2.0079, -4.1339 0.2756 -2.2047, -4.1339 0.2524 -2.2047, -4.1339 0.2524 -2.0866, -4.1339 0.0162 -2.0866, -4.1339 -0.6102 0.0, -4.1339 0.2756 0.0, -3.7575 0.652 -2.2047, -3.7575 0.652 0.0, 3.6614 0.6693 -2.126, 3.4272 0.6693 -2.126, 3.4272 0.6693 -2.0079, 2.872 0.6693 -2.0079, 2.872 0.6693 -2.126, 2.6398 0.6693 -2.126, 4.0748 0.6693 0.0, 2.6398 0.6693 -2.0079, 2.4783 0.6693 -2.0079, 1.2972 0.6693 -2.0079, 1.2972 0.6693 -2.126, 1.065 0.6693 -2.126, 3.2657 0.6693 -2.0079, 2.4783 0.6693 -2.126, 2.2461 0.6693 -2.126, 2.2461 0.6693 -2.0079, 2.0846 0.6693 -2.0079, 1.065 0.6693 -2.0079, 0.9035 0.6693 -2.0079, 2.0846 0.6693 -2.126, 1.8524 0.6693 -2.126, 1.8524 0.6693 -2.0079, 1.6909 0.6693 -2.0079, -0.2776 0.6693 -2.0079, -0.2776 0.6693 -2.126, -0.5098 0.6693 -2.126, -2.2461 0.6693 -2.0079, -2.2461 0.6693 -2.126, -2.4783 0.6693 -2.126, 3.2657 0.6693 -2.126, 3.0335 0.6693 -2.126, 3.0335 0.6693 -2.0079, -0.5098 0.6693 -2.0079, -0.6713 0.6693 -2.0079, 1.6909 0.6693 -2.126, 1.4587 0.6693 -2.126, 1.4587 0.6693 -2.0079, 0.9035 0.6693 -2.126, 0.6713 0.6693 -2.126, 0.6713 0.6693 -2.0079, 0.5098 0.6693 -2.0079, -0.6713 0.6693 -2.126, -0.9035 0.6693 -2.126, -0.9035 0.6693 -2.0079, -1.065 0.6693 -2.0079, -2.6398 0.6693 -2.126, -2.872 0.6693 -2.126, -2.6398 0.6693 -2.0079, -2.872 0.6693 -2.0079, -3.0335 0.6693 -2.0079, -3.0335 0.6693 -2.126, -3.2657 0.6693 -2.126, 0.5098 0.6693 -2.126, 0.2776 0.6693 -2.126, 0.2776 0.6693 -2.0079, 0.1161 0.6693 -2.0079, -1.065 0.6693 -2.126, -1.2972 0.6693 -2.126, -1.2972 0.6693 -2.0079, -1.4587 0.6693 -2.0079, -1.4587 0.6693 -2.126, -1.6909 0.6693 -2.126, -1.6909 0.6693 -2.0079, -1.8524 0.6693 -2.0079, -1.8524 0.6693 -2.126, -2.0846 0.6693 -2.126, -2.0846 0.6693 -2.0079, -2.4783 0.6693 -2.0079, -3.2657 0.6693 -2.0079, -3.7157 0.6693 0.0, -3.4272 0.6693 -2.0079, -3.4272 0.6693 -2.126, -3.6614 0.6693 -2.126, 0.1161 0.6693 -2.126, -0.1161 0.6693 -2.126, -0.1161 0.6693 -2.0079, -3.6614 0.6693 -2.2047, -3.7157 0.6693 -2.2047, -3.6614 0.2524 -2.2047, -3.7452 0.6614 -2.2047, -3.731 0.6673 -2.2047, 3.878 -0.4724 0.0, -3.878 -0.4724 0.0, 3.878 -0.0591 0.0, -3.7452 0.6614 0.0, 4.1166 -0.652 0.0, 4.1259 -0.6398 0.0, 4.1318 -0.6255 0.0, -4.1318 -0.6255 0.0, -4.1259 -0.6398 0.0, -4.1166 -0.652 0.0, -3.731 0.6673 0.0, 4.0901 -0.6673 0.0, 4.1043 -0.6614 0.0, -4.1043 -0.6614 0.0, -4.0901 -0.6673 0.0, 3.4272 -0.0591 0.0, 4.1318 0.6255 0.0, 4.1259 0.6398 0.0, 4.1166 0.652 0.0, 4.1043 0.6614 0.0, 4.0901 0.6673 0.0, 3.4272 -0.1772 -1.378, 3.7598 -0.1772 -1.378, 3.4272 -0.1772 -0.0682, 3.7598 -0.1772 -0.0682, -3.4272 0.2524 -2.0866, -3.4272 0.2524 -2.126, -3.4272 0.0162 -2.0866, -3.2657 0.2524 -2.0866, -3.2657 0.2524 -2.126, -3.2657 0.0162 -2.0866, 3.2657 0.2524 -2.0866, 3.2657 0.2524 -2.126, 3.2657 0.0162 -2.0866, 3.4272 0.2524 -2.0866, 3.4272 0.2524 -2.126, 3.4272 0.0162 -2.0866, 2.872 0.2524 -2.0866, 2.872 0.2524 -2.126, 2.872 0.0162 -2.0866, 3.0335 0.2524 -2.0866, 3.0335 0.2524 -2.126, 3.0335 0.0162 -2.0866, 2.4783 0.2524 -2.0866, 2.4783 0.2524 -2.126, 2.4783 0.0162 -2.0866, 2.6398 0.2524 -2.0866, 2.6398 0.2524 -2.126, 2.6398 0.0162 -2.0866, 2.0846 0.2524 -2.0866, 2.0846 0.2524 -2.126, 2.0846 0.0162 -2.0866, 2.2461 0.2524 -2.0866, 2.2461 0.2524 -2.126, 2.2461 0.0162 -2.0866, 1.6909 0.2524 -2.0866, 1.6909 0.2524 -2.126, 1.6909 0.0162 -2.0866, 1.8524 0.2524 -2.0866, 1.8524 0.2524 -2.126, 1.8524 0.0162 -2.0866, 1.2972 0.2524 -2.0866, 1.2972 0.2524 -2.126, 1.2972 0.0162 -2.0866, 1.4587 0.2524 -2.0866, 1.4587 0.2524 -2.126, 1.4587 0.0162 -2.0866, 0.9035 0.2524 -2.0866, 0.9035 0.2524 -2.126, 0.9035 0.0162 -2.0866, 1.065 0.2524 -2.0866, 1.065 0.2524 -2.126, 1.065 0.0162 -2.0866, 0.5098 0.2524 -2.0866, 0.5098 0.2524 -2.126, 0.5098 0.0162 -2.0866, 0.6713 0.2524 -2.0866, 0.6713 0.2524 -2.126, 0.6713 0.0162 -2.0866, 0.1161 0.2524 -2.0866, 0.1161 0.2524 -2.126, 0.1161 0.0162 -2.0866, 0.2776 0.2524 -2.0866, 0.2776 0.2524 -2.126, 0.2776 0.0162 -2.0866, -0.2776 0.2524 -2.0866, -0.2776 0.2524 -2.126, -0.2776 0.0162 -2.0866, -0.1161 0.2524 -2.0866, -0.1161 0.2524 -2.126, -0.1161 0.0162 -2.0866, -0.6713 0.2524 -2.0866, -0.6713 0.2524 -2.126, -0.6713 0.0162 -2.0866, -0.5098 0.2524 -2.0866, -0.5098 0.2524 -2.126, -0.5098 0.0162 -2.0866, -1.065 0.2524 -2.0866, -1.065 0.2524 -2.126, -1.065 0.0162 -2.0866, -0.9035 0.2524 -2.0866, -0.9035 0.2524 -2.126, -0.9035 0.0162 -2.0866, -1.4587 0.2524 -2.0866, -1.4587 0.2524 -2.126, -1.4587 0.0162 -2.0866, -1.2972 0.2524 -2.0866, -1.2972 0.2524 -2.126, -1.2972 0.0162 -2.0866, -1.8524 0.2524 -2.0866, -1.8524 0.2524 -2.126, -1.8524 0.0162 -2.0866, -1.6909 0.2524 -2.0866, -1.6909 0.2524 -2.126, -1.6909 0.0162 -2.0866, -2.2461 0.2524 -2.0866, -2.2461 0.2524 -2.126, -2.2461 0.0162 -2.0866, -2.0846 0.2524 -2.0866, -2.0846 0.2524 -2.126, -2.0846 0.0162 -2.0866, -2.6398 0.2524 -2.0866, -2.6398 0.2524 -2.126, -2.6398 0.0162 -2.0866, -2.4783 0.2524 -2.0866, -2.4783 0.2524 -2.126, -2.4783 0.0162 -2.0866, -3.0335 0.2524 -2.0866, -3.0335 0.2524 -2.126, -3.0335 0.0162 -2.0866, -2.872 0.2524 -2.0866, -2.872 0.2524 -2.126, -2.872 0.0162 -2.0866, 3.6614 0.2524 -2.126, -3.6614 0.2524 -2.126, -3.6614 0.2524 -2.126
            ]
        }
        coordIndex [
            0,1,2,-1,3,4,5,-1,6,7,8,-1,9,10,11,-1,12,13,14,-1,14,13,15,-1,14,15,16,-1,16,17,14,-1,14,17,18,-1,14,18,19,-1,20,21,22,-1,22,21,23,-1,23,21,24,-1,23,24,25,-1,20,22,26,-1,26,22,27,-1,26,27,28,-1,27,29,30,-1,27,31,28,-1,28,31,32,-1,28,32,33,-1,33,32,34,-1,33,34,35,-1,30,36,27,-1,27,36,37,-1,27,37,31,-1,38,39,40,-1,40,39,41,-1,41,42,40,-1,40,42,43,-1,40,43,44,-1,44,43,45,-1,45,46,44,-1,44,46,47,-1,44,47,27,-1,27,47,48,-1,27,48,29,-1,49,38,50,-1,50,38,40,-1,50,40,51,-1,51,40,2,-1,51,2,52,-1,52,2,53,-1,1,54,2,-1,2,54,55,-1,2,55,53,-1,56,57,58,-1,58,57,59,-1,58,59,1,-1,1,59,60,-1,1,60,54,-1,61,10,62,-1,62,10,63,-1,63,64,62,-1,62,64,65,-1,62,65,66,-1,67,68,69,-1,70,71,72,-1,73,74,10,-1,10,74,75,-1,76,77,69,-1,69,77,78,-1,69,78,79,-1,71,80,72,-1,72,80,81,-1,72,81,82,-1,19,83,14,-1,14,83,84,-1,14,84,85,-1,85,84,86,-1,85,86,87,-1,75,88,10,-1,10,88,89,-1,10,89,11,-1,9,11,90,-1,90,11,91,-1,90,91,92,-1,91,93,92,-1,92,93,94,-1,92,94,72,-1,72,94,95,-1,72,95,70,-1,96,97,61,-1,61,97,98,-1,61,98,99,-1,100,101,79,-1,79,101,102,-1,79,102,69,-1,69,102,103,-1,69,103,67,-1,82,104,72,-1,72,104,105,-1,72,105,106,-1,87,107,85,-1,85,107,108,-1,85,108,61,-1,61,108,109,-1,61,109,96,-1,99,110,61,-1,61,110,111,-1,61,111,10,-1,10,111,112,-1,10,112,73,-1,113,114,115,-1,115,116,113,-1,113,116,117,-1,113,117,118,-1,114,113,119,-1,119,113,120,-1,119,120,79,-1,79,120,121,-1,79,121,100,-1,122,123,72,-1,72,123,124,-1,72,124,69,-1,69,124,125,-1,69,125,76,-1,106,126,72,-1,72,126,127,-1,72,127,122,-1,78,128,79,-1,79,128,129,-1,79,129,130,-1,131,128,132,-1,132,128,78,-1,132,78,133,-1,133,78,134,-1,134,135,133,-1,133,135,136,-1,133,136,137,-1,138,139,140,-1,140,139,141,-1,139,142,132,-1,132,142,143,-1,132,143,144,-1,138,145,139,-1,139,145,146,-1,139,146,142,-1,147,148,149,-1,149,148,150,-1,149,150,151,-1,144,152,132,-1,132,152,153,-1,132,153,131,-1,130,154,79,-1,79,154,149,-1,79,149,155,-1,155,149,151,-1,156,6,157,-1,158,156,159,-1,159,160,158,-1,158,160,161,-1,158,161,162,-1,162,161,163,-1,164,165,5,-1,6,8,157,-1,157,8,166,-1,157,166,164,-1,167,168,169,-1,169,168,170,-1,169,170,171,-1,172,173,174,-1,174,173,175,-1,174,175,176,-1,176,175,177,-1,176,177,178,-1,179,180,181,-1,181,180,182,-1,181,182,167,-1,183,184,185,-1,185,184,186,-1,185,186,187,-1,187,186,188,-1,187,188,177,-1,171,170,189,-1,189,170,190,-1,189,190,183,-1,191,192,190,-1,190,192,193,-1,190,193,194,-1,195,196,184,-1,197,198,199,-1,199,198,195,-1,199,195,200,-1,201,202,195,-1,195,202,203,-1,195,203,200,-1,204,205,206,-1,206,205,207,-1,206,207,208,-1,209,210,195,-1,195,210,211,-1,195,211,212,-1,213,214,215,-1,216,217,199,-1,199,217,218,-1,199,218,197,-1,183,190,184,-1,184,190,194,-1,184,194,195,-1,195,194,219,-1,195,219,209,-1,212,220,195,-1,195,220,221,-1,195,221,201,-1,213,215,199,-1,199,215,222,-1,199,222,216,-1,196,223,184,-1,184,223,224,-1,184,224,206,-1,206,224,225,-1,206,225,204,-1,226,227,228,-1,228,227,229,-1,228,229,230,-1,231,232,233,-1,234,235,231,-1,231,235,236,-1,231,236,232,-1,208,237,206,-1,206,237,238,-1,206,238,239,-1,240,241,231,-1,231,241,242,-1,231,242,234,-1,238,243,239,-1,239,243,244,-1,239,244,240,-1,240,244,245,-1,240,245,241,-1,246,247,248,-1,248,247,249,-1,248,249,250,-1,250,249,251,-1,250,251,252,-1,252,251,253,-1,252,253,254,-1,254,253,255,-1,254,255,256,-1,256,255,257,-1,256,257,258,-1,258,257,259,-1,258,259,260,-1,261,262,263,-1,263,262,264,-1,264,262,265,-1,264,265,266,-1,66,56,62,-1,62,56,58,-1,62,58,266,-1,266,58,267,-1,268,269,270,-1,271,272,5,-1,270,273,268,-1,268,273,274,-1,268,274,275,-1,272,276,5,-1,5,276,277,-1,5,277,278,-1,275,279,268,-1,268,279,280,-1,268,280,281,-1,163,161,165,-1,165,161,268,-1,165,268,5,-1,5,268,281,-1,5,281,271,-1,282,283,284,-1,284,283,285,-1,286,287,188,-1,188,287,168,-1,188,168,177,-1,177,168,167,-1,177,167,178,-1,178,167,182,-1,287,288,168,-1,168,288,289,-1,168,289,269,-1,269,289,290,-1,269,290,270,-1,291,292,293,-1,294,295,296,-1,294,296,297,-1,298,299,300,-1,300,299,301,-1,302,303,299,-1,299,303,304,-1,305,306,307,-1,292,308,293,-1,293,308,309,-1,293,309,310,-1,310,309,311,-1,312,313,311,-1,311,313,314,-1,311,314,310,-1,298,315,299,-1,299,315,316,-1,299,316,302,-1,317,318,296,-1,296,318,319,-1,296,319,297,-1,206,320,321,-1,305,322,306,-1,306,322,323,-1,306,323,324,-1,324,323,325,-1,324,325,326,-1,327,206,328,-1,328,206,329,-1,291,293,321,-1,321,293,330,-1,321,330,206,-1,206,330,331,-1,206,331,329,-1,332,333,311,-1,311,333,334,-1,311,334,335,-1,336,337,338,-1,338,337,339,-1,338,339,340,-1,341,342,343,-1,343,342,344,-1,343,344,326,-1,326,344,345,-1,326,345,324,-1,335,346,311,-1,311,346,347,-1,311,347,312,-1,348,262,349,-1,349,262,261,-1,349,261,295,-1,336,341,337,-1,337,341,343,-1,337,343,350,-1,350,343,351,-1,350,351,352,-1,352,351,353,-1,352,353,354,-1,354,353,355,-1,356,357,261,-1,357,355,261,-1,261,355,353,-1,261,353,295,-1,295,353,351,-1,295,351,296,-1,263,260,261,-1,261,260,259,-1,261,259,356,-1,356,259,358,-1,356,358,359,-1,360,361,358,-1,362,363,184,-1,364,365,358,-1,358,365,366,-1,327,305,206,-1,206,305,307,-1,206,307,184,-1,184,307,367,-1,184,367,362,-1,363,368,184,-1,184,368,369,-1,184,369,186,-1,186,369,370,-1,186,370,360,-1,371,372,361,-1,361,372,373,-1,361,373,358,-1,358,373,374,-1,358,374,364,-1,366,375,358,-1,358,375,376,-1,358,376,359,-1,377,378,379,-1,379,378,380,-1,379,380,381,-1,379,382,377,-1,377,382,383,-1,377,383,384,-1,384,385,377,-1,377,385,386,-1,377,386,387,-1,387,386,388,-1,387,388,389,-1,389,388,390,-1,389,390,361,-1,361,390,391,-1,361,391,371,-1,392,393,381,-1,381,393,394,-1,381,394,379,-1,395,396,340,-1,340,396,397,-1,340,397,338,-1,395,398,396,-1,396,398,399,-1,396,399,400,-1,400,399,401,-1,400,402,403,-1,401,404,400,-1,400,404,405,-1,400,405,406,-1,406,407,400,-1,400,407,408,-1,400,408,402,-1,403,409,400,-1,400,409,410,-1,400,410,411,-1,412,413,284,-1,284,413,414,-1,415,416,417,-1,285,286,284,-1,284,286,188,-1,284,188,412,-1,412,188,418,-1,412,418,419,-1,419,418,415,-1,419,415,420,-1,420,415,417,-1,421,422,358,-1,360,358,186,-1,186,358,422,-1,186,422,188,-1,188,422,423,-1,188,423,418,-1,424,425,421,-1,426,427,428,-1,428,427,429,-1,428,429,424,-1,424,421,428,-1,428,421,358,-1,428,358,430,-1,430,358,259,-1,430,259,431,-1,430,432,428,-1,428,432,433,-1,428,433,434,-1,435,436,257,-1,257,436,437,-1,257,437,259,-1,259,437,438,-1,259,438,431,-1,434,439,428,-1,428,439,440,-1,428,440,426,-1,441,442,255,-1,441,255,443,-1,442,444,255,-1,255,444,445,-1,255,445,257,-1,257,445,446,-1,257,446,435,-1,164,5,157,-1,157,5,4,-1,157,4,447,-1,447,448,157,-1,157,448,449,-1,157,449,450,-1,450,449,451,-1,450,451,452,-1,453,454,455,-1,455,454,456,-1,455,456,457,-1,457,456,449,-1,457,449,458,-1,458,449,448,-1,458,448,459,-1,459,448,460,-1,459,460,461,-1,461,460,462,-1,451,463,452,-1,452,463,464,-1,452,464,414,-1,414,464,3,-1,414,3,284,-1,284,3,5,-1,284,5,282,-1,282,5,278,-1,465,466,467,-1,157,468,469,-1,470,471,157,-1,467,472,465,-1,465,472,473,-1,465,473,474,-1,466,465,475,-1,475,465,468,-1,475,468,476,-1,477,478,468,-1,468,478,479,-1,468,479,476,-1,157,471,468,-1,468,471,480,-1,468,480,477,-1,474,481,465,-1,465,481,482,-1,465,482,483,-1,484,485,486,-1,486,485,487,-1,486,487,488,-1,156,157,159,-1,159,157,469,-1,159,469,488,-1,488,469,489,-1,488,489,486,-1,487,465,488,-1,488,465,483,-1,488,483,450,-1,450,483,490,-1,450,490,157,-1,157,490,491,-1,157,491,470,-1,249,488,251,-1,251,488,450,-1,251,450,253,-1,253,450,452,-1,253,452,255,-1,255,452,414,-1,255,414,443,-1,443,414,413,-1,160,492,161,-1,161,492,493,-1,161,493,268,-1,268,493,494,-1,268,494,269,-1,269,494,495,-1,269,495,168,-1,168,495,496,-1,168,496,170,-1,170,496,497,-1,170,497,190,-1,190,497,227,-1,190,227,191,-1,191,227,226,-1,348,301,262,-1,262,301,299,-1,262,299,265,-1,265,299,498,-1,499,500,498,-1,498,500,501,-1,304,320,299,-1,299,320,206,-1,299,206,498,-1,498,206,239,-1,498,239,499,-1,499,239,502,-1,266,265,62,-1,62,265,498,-1,62,498,61,-1,61,498,501,-1,61,501,85,-1,85,501,503,-1,85,503,239,-1,239,503,504,-1,239,504,502,-1,505,506,507,-1,507,506,499,-1,507,499,508,-1,508,499,502,-1,508,502,509,-1,509,502,510,-1,511,512,513,-1,514,515,14,-1,14,515,511,-1,14,511,240,-1,240,511,513,-1,240,513,239,-1,239,513,516,-1,239,516,85,-1,85,516,514,-1,85,514,14,-1,233,230,231,-1,231,230,229,-1,231,229,240,-1,240,229,517,-1,240,517,14,-1,14,517,23,-1,14,23,12,-1,12,23,25,-1,0,2,518,-1,518,2,40,-1,518,40,519,-1,519,40,44,-1,519,44,520,-1,520,44,27,-1,520,27,521,-1,521,27,22,-1,521,22,522,-1,492,523,493,-1,493,523,524,-1,493,524,494,-1,494,524,525,-1,494,525,495,-1,495,525,526,-1,495,526,496,-1,496,526,527,-1,496,527,497,-1,497,527,528,-1,497,528,227,-1,227,528,529,-1,227,529,229,-1,229,529,530,-1,229,530,517,-1,517,530,531,-1,517,531,23,-1,23,531,532,-1,23,532,22,-1,22,532,533,-1,22,533,522,-1,522,533,534,-1,535,267,58,-1,535,58,536,-1,536,58,1,-1,536,1,537,-1,1,0,537,-1,537,0,538,-1,537,538,539,-1,539,540,537,-1,537,540,541,-1,537,541,542,-1,543,544,545,-1,545,544,546,-1,545,546,547,-1,547,546,548,-1,549,550,551,-1,549,551,546,-1,546,551,552,-1,546,552,548,-1,553,554,555,-1,555,554,556,-1,557,558,559,-1,559,558,560,-1,561,562,563,-1,563,562,564,-1,565,566,567,-1,567,566,568,-1,569,570,571,-1,571,570,572,-1,573,574,575,-1,575,574,576,-1,577,578,579,-1,579,578,580,-1,581,582,583,-1,583,582,584,-1,585,586,587,-1,587,586,588,-1,589,590,591,-1,591,590,592,-1,593,594,595,-1,595,594,596,-1,597,598,599,-1,599,598,600,-1,601,602,603,-1,603,602,604,-1,605,606,607,-1,607,606,608,-1,609,610,611,-1,611,610,612,-1,613,614,615,-1,615,614,616,-1,617,618,619,-1,619,618,620,-1,621,622,623,-1,623,622,624,-1,535,536,621,-1,621,536,622,-1,625,626,627,-1,627,626,628,-1,627,628,543,-1,543,628,544,-1,629,630,631,-1,632,633,634,-1,635,636,631,-1,631,637,638,-1,638,637,639,-1,640,641,631,-1,642,631,643,-1,643,631,638,-1,643,638,644,-1,644,638,645,-1,646,647,648,-1,648,640,646,-1,646,640,631,-1,646,631,649,-1,649,631,642,-1,649,642,650,-1,650,642,651,-1,634,635,632,-1,632,635,631,-1,632,631,652,-1,652,631,641,-1,652,641,653,-1,653,641,654,-1,655,656,657,-1,658,659,631,-1,660,661,662,-1,663,664,665,-1,657,658,655,-1,655,658,631,-1,655,631,666,-1,666,631,636,-1,666,636,667,-1,667,636,668,-1,669,670,631,-1,671,672,631,-1,673,674,675,-1,676,677,659,-1,659,677,678,-1,659,678,631,-1,631,678,679,-1,680,681,682,-1,683,684,679,-1,679,684,685,-1,679,685,631,-1,631,685,686,-1,687,688,631,-1,665,629,663,-1,663,629,631,-1,663,631,689,-1,689,631,672,-1,689,672,690,-1,690,672,691,-1,682,687,680,-1,680,687,631,-1,680,631,692,-1,692,631,670,-1,692,670,693,-1,693,670,694,-1,695,696,686,-1,686,696,697,-1,686,697,631,-1,631,697,698,-1,675,671,673,-1,673,671,631,-1,673,631,699,-1,699,631,688,-1,699,688,700,-1,700,688,701,-1,662,669,660,-1,660,669,631,-1,660,631,702,-1,702,631,698,-1,702,698,703,-1,703,698,704,-1,705,706,707,-1,707,706,708,-1,709,710,711,-1,711,710,712,-1,713,714,715,-1,715,714,716,-1,717,718,719,-1,719,718,720,-1,721,722,723,-1,723,722,724,-1,725,726,727,-1,727,726,728,-1,729,730,731,-1,731,730,732,-1,733,734,735,-1,735,734,736,-1,737,738,739,-1,739,738,740,-1,741,742,743,-1,743,742,744,-1,745,746,747,-1,747,746,748,-1,749,750,751,-1,751,750,752,-1,753,754,755,-1,755,754,756,-1,757,758,759,-1,759,758,760,-1,761,762,763,-1,763,762,764,-1,765,766,767,-1,767,766,768,-1,769,770,771,-1,771,770,772,-1,773,774,246,-1,246,774,775,-1,246,775,247,-1,247,775,776,-1,777,778,779,-1,777,779,775,-1,775,779,780,-1,775,780,776,-1,781,782,783,-1,783,782,784,-1,785,786,787,-1,787,786,788,-1,789,790,791,-1,791,790,792,-1,793,794,795,-1,795,794,796,-1,797,798,799,-1,799,798,800,-1,801,802,803,-1,803,802,804,-1,805,806,807,-1,807,806,808,-1,809,810,811,-1,811,810,812,-1,813,814,815,-1,815,814,816,-1,817,818,819,-1,819,818,820,-1,821,822,823,-1,823,822,824,-1,825,826,827,-1,827,826,828,-1,829,830,831,-1,831,830,832,-1,833,834,835,-1,835,834,836,-1,837,838,839,-1,839,838,840,-1,841,842,843,-1,843,842,844,-1,845,846,847,-1,847,846,848,-1,849,850,851,-1,851,850,852,-1,788,663,787,-1,787,663,689,-1,671,790,672,-1,672,790,789,-1,699,794,673,-1,673,794,793,-1,687,798,688,-1,688,798,797,-1,692,802,680,-1,680,802,801,-1,669,806,670,-1,670,806,805,-1,702,810,660,-1,660,810,809,-1,697,814,698,-1,698,814,813,-1,685,818,686,-1,686,818,817,-1,678,822,679,-1,679,822,821,-1,658,826,659,-1,659,826,825,-1,666,830,655,-1,655,830,829,-1,635,834,636,-1,636,834,833,-1,652,838,632,-1,632,838,837,-1,640,842,641,-1,641,842,841,-1,649,846,646,-1,646,846,845,-1,643,850,642,-1,642,850,849,-1,853,786,854,-1,854,786,785,-1,792,855,791,-1,791,855,856,-1,796,857,795,-1,795,857,858,-1,800,859,799,-1,799,859,860,-1,804,861,803,-1,803,861,862,-1,808,863,807,-1,807,863,864,-1,812,865,811,-1,811,865,866,-1,816,867,815,-1,815,867,868,-1,820,869,819,-1,819,869,870,-1,824,871,823,-1,823,871,872,-1,828,873,827,-1,827,873,874,-1,832,875,831,-1,831,875,876,-1,836,877,835,-1,835,877,878,-1,840,879,839,-1,839,879,880,-1,844,881,843,-1,843,881,882,-1,848,883,847,-1,847,883,884,-1,852,885,851,-1,851,885,886,-1,887,888,889,-1,889,888,890,-1,890,630,889,-1,889,630,629,-1,891,888,892,-1,892,888,887,-1,893,616,614,-1,546,544,628,-1,628,626,894,-1,536,537,622,-1,622,537,895,-1,546,628,896,-1,896,628,894,-1,896,894,897,-1,898,564,562,-1,620,618,899,-1,899,618,900,-1,896,901,902,-1,568,566,902,-1,902,566,903,-1,902,903,896,-1,896,903,904,-1,905,584,582,-1,896,906,907,-1,560,558,897,-1,897,558,908,-1,897,908,896,-1,896,908,909,-1,588,586,907,-1,907,586,910,-1,907,910,896,-1,896,910,911,-1,572,570,904,-1,904,570,912,-1,904,912,896,-1,896,912,913,-1,914,604,602,-1,896,915,916,-1,608,606,916,-1,916,606,917,-1,916,917,896,-1,896,917,918,-1,614,919,893,-1,893,919,896,-1,893,896,920,-1,920,896,918,-1,920,918,610,-1,610,918,612,-1,556,554,909,-1,909,554,921,-1,909,921,896,-1,896,921,898,-1,896,898,901,-1,901,898,562,-1,624,622,922,-1,922,622,895,-1,922,895,900,-1,900,895,896,-1,900,896,899,-1,899,896,919,-1,576,574,913,-1,913,574,923,-1,913,923,896,-1,896,923,924,-1,592,590,911,-1,911,590,925,-1,911,925,896,-1,896,925,926,-1,580,578,924,-1,924,578,927,-1,924,927,896,-1,896,927,905,-1,896,905,906,-1,906,905,582,-1,596,594,926,-1,926,594,928,-1,926,928,896,-1,896,928,929,-1,600,598,929,-1,929,598,930,-1,929,930,896,-1,896,930,914,-1,896,914,915,-1,915,914,602,-1,931,932,933,-1,545,547,934,-1,934,547,935,-1,934,935,933,-1,933,935,936,-1,933,936,931,-1,937,931,938,-1,938,931,936,-1,775,774,939,-1,939,940,941,-1,942,943,944,-1,945,946,947,-1,948,949,950,-1,775,939,945,-1,945,939,941,-1,945,941,951,-1,952,953,947,-1,947,953,954,-1,947,954,945,-1,945,954,955,-1,945,956,957,-1,958,959,955,-1,955,959,960,-1,955,960,945,-1,945,960,961,-1,962,963,964,-1,965,966,967,-1,968,969,951,-1,951,969,970,-1,951,970,945,-1,945,970,942,-1,945,942,946,-1,946,942,944,-1,945,971,972,-1,973,974,961,-1,961,974,975,-1,961,975,945,-1,945,975,948,-1,945,948,956,-1,956,948,950,-1,976,977,957,-1,957,977,978,-1,957,978,945,-1,945,978,979,-1,980,981,972,-1,972,981,982,-1,972,982,945,-1,945,982,983,-1,984,985,986,-1,986,985,987,-1,988,989,990,-1,991,992,979,-1,979,992,993,-1,979,993,945,-1,945,993,994,-1,995,996,983,-1,983,996,997,-1,983,997,945,-1,945,997,998,-1,999,1000,998,-1,998,1000,1001,-1,998,1001,945,-1,945,1001,1002,-1,1003,1004,1002,-1,1002,1004,1005,-1,1002,1005,945,-1,945,1005,965,-1,945,965,1006,-1,1006,965,967,-1,990,1007,988,-1,988,1007,1008,-1,988,1008,987,-1,987,1008,945,-1,987,945,986,-1,986,945,1006,-1,1009,1010,1011,-1,1012,1013,994,-1,994,1013,1014,-1,994,1014,945,-1,945,1014,962,-1,945,962,971,-1,971,962,964,-1,1015,1016,1011,-1,1011,1016,1008,-1,1011,1008,1009,-1,1009,1008,1007,-1,1016,1015,1017,-1,932,931,1017,-1,1017,931,937,-1,937,1018,1017,-1,1017,1018,1019,-1,1017,1019,1016,-1,891,892,706,-1,705,853,854,-1,895,1020,896,-1,896,1020,1021,-1,532,1022,533,-1,533,1022,1020,-1,533,1020,534,-1,936,935,1021,-1,1021,891,936,-1,936,891,706,-1,936,706,938,-1,938,706,1023,-1,1008,770,769,-1,1024,1025,1020,-1,1020,1025,1026,-1,1020,1026,534,-1,532,531,1022,-1,1022,531,530,-1,1022,530,529,-1,935,1027,1021,-1,1021,1027,1028,-1,1021,1028,1029,-1,854,770,705,-1,705,770,1008,-1,705,1008,706,-1,706,1008,1030,-1,706,1030,1023,-1,856,855,769,-1,769,855,766,-1,769,766,1008,-1,1008,766,765,-1,895,1031,1020,-1,1020,1031,1032,-1,1020,1032,1024,-1,1029,1033,1021,-1,1021,1033,1034,-1,1021,1034,896,-1,858,857,765,-1,765,857,762,-1,765,762,1008,-1,1008,762,761,-1,860,859,761,-1,761,859,758,-1,761,758,1008,-1,1008,758,757,-1,529,528,1022,-1,1022,528,527,-1,1022,527,526,-1,862,861,757,-1,757,861,754,-1,757,754,1008,-1,1008,754,753,-1,864,863,753,-1,753,863,750,-1,753,750,1008,-1,1008,750,749,-1,866,865,749,-1,749,865,746,-1,749,746,1008,-1,1008,746,745,-1,868,867,745,-1,745,867,742,-1,745,742,1008,-1,1008,742,741,-1,870,869,741,-1,741,869,738,-1,741,738,1008,-1,1008,738,737,-1,872,871,737,-1,737,871,734,-1,737,734,1008,-1,1008,734,733,-1,874,873,733,-1,733,873,730,-1,733,730,1008,-1,1008,730,729,-1,721,880,879,-1,876,875,729,-1,729,875,726,-1,729,726,1008,-1,1008,726,725,-1,709,886,885,-1,718,717,1008,-1,878,877,725,-1,725,877,722,-1,725,722,1008,-1,1008,722,721,-1,1008,721,718,-1,718,721,879,-1,781,945,782,-1,782,945,1008,-1,882,881,717,-1,717,881,714,-1,717,714,1008,-1,1008,714,713,-1,884,883,713,-1,713,883,710,-1,713,710,1008,-1,1008,710,709,-1,1008,709,782,-1,782,709,885,-1,781,1035,1022,-1,523,781,524,-1,524,781,1022,-1,524,1022,525,-1,525,1022,526,-1,523,1036,781,-1,781,1036,1037,-1,781,1037,1038,-1,1038,1039,781,-1,781,1039,1040,-1,781,1040,945,-1,631,630,888,-1,888,630,890,-1,1041,1042,1043,-1,1043,1042,1044,-1,1044,1042,637,-1,637,1042,639,-1,639,1042,638,-1,638,1042,1041,-1,1021,631,891,-1,891,631,888,-1,1020,637,1021,-1,1021,637,631,-1,1044,1022,1043,-1,1043,1022,1035,-1,1022,1044,1020,-1,1020,1044,637,-1,1045,1046,1010,-1,887,889,892,-1,892,889,708,-1,892,708,706,-1,894,626,665,-1,665,626,625,-1,665,625,629,-1,629,625,1047,-1,629,1047,889,-1,889,1047,1045,-1,889,1045,708,-1,708,1045,1010,-1,708,1010,1009,-1,853,705,707,-1,707,1007,1048,-1,1048,1007,990,-1,1048,990,1049,-1,559,560,664,-1,664,560,897,-1,559,664,1050,-1,1050,664,663,-1,1050,663,1048,-1,1048,663,788,-1,1048,788,707,-1,707,788,786,-1,707,786,853,-1,1051,1052,968,-1,852,850,885,-1,885,850,784,-1,885,784,782,-1,900,618,644,-1,644,618,617,-1,644,617,643,-1,643,617,1053,-1,643,1053,850,-1,850,1053,1051,-1,850,1051,784,-1,784,1051,968,-1,784,968,951,-1,1035,781,783,-1,783,941,1054,-1,1054,941,940,-1,1054,940,1055,-1,623,624,645,-1,645,624,922,-1,623,645,1056,-1,1056,645,638,-1,1056,638,1054,-1,1054,638,1041,-1,1054,1041,783,-1,783,1041,1043,-1,783,1043,1035,-1,1057,1058,943,-1,848,846,883,-1,883,846,712,-1,883,712,710,-1,919,614,650,-1,650,614,613,-1,650,613,649,-1,649,613,1059,-1,649,1059,846,-1,846,1059,1057,-1,846,1057,712,-1,712,1057,943,-1,712,943,942,-1,886,709,711,-1,711,970,1060,-1,1060,970,969,-1,1060,969,1061,-1,619,620,651,-1,651,620,899,-1,619,651,1062,-1,1062,651,642,-1,1062,642,1060,-1,1060,642,849,-1,1060,849,711,-1,711,849,851,-1,711,851,886,-1,1063,1064,952,-1,844,842,881,-1,881,842,716,-1,881,716,714,-1,920,610,648,-1,648,610,609,-1,648,609,640,-1,640,609,1065,-1,640,1065,842,-1,842,1065,1063,-1,842,1063,716,-1,716,1063,952,-1,716,952,947,-1,884,713,715,-1,715,946,1066,-1,1066,946,944,-1,1066,944,1067,-1,615,616,647,-1,647,616,893,-1,615,647,1068,-1,1068,647,646,-1,1068,646,1066,-1,1066,646,845,-1,1066,845,715,-1,715,845,847,-1,715,847,884,-1,1069,1070,958,-1,840,838,879,-1,879,838,720,-1,879,720,718,-1,917,606,653,-1,653,606,605,-1,653,605,652,-1,652,605,1071,-1,652,1071,838,-1,838,1071,1069,-1,838,1069,720,-1,720,1069,958,-1,720,958,955,-1,882,717,719,-1,719,954,1072,-1,1072,954,953,-1,1072,953,1073,-1,611,612,654,-1,654,612,918,-1,611,654,1074,-1,1074,654,641,-1,1074,641,1072,-1,1072,641,841,-1,1072,841,719,-1,719,841,843,-1,719,843,882,-1,1075,1076,973,-1,836,834,877,-1,877,834,724,-1,877,724,722,-1,915,602,634,-1,634,602,601,-1,634,601,635,-1,635,601,1077,-1,635,1077,834,-1,834,1077,1075,-1,834,1075,724,-1,724,1075,973,-1,724,973,961,-1,880,721,723,-1,723,960,1078,-1,1078,960,959,-1,1078,959,1079,-1,607,608,633,-1,633,608,916,-1,607,633,1080,-1,1080,633,632,-1,1080,632,1078,-1,1078,632,837,-1,1078,837,723,-1,723,837,839,-1,723,839,880,-1,1081,1082,949,-1,832,830,875,-1,875,830,728,-1,875,728,726,-1,930,598,667,-1,667,598,597,-1,667,597,666,-1,666,597,1083,-1,666,1083,830,-1,830,1083,1081,-1,830,1081,728,-1,728,1081,949,-1,728,949,948,-1,878,725,727,-1,727,975,1084,-1,1084,975,974,-1,1084,974,1085,-1,603,604,668,-1,668,604,914,-1,603,668,1086,-1,1086,668,636,-1,1086,636,1084,-1,1084,636,833,-1,1084,833,727,-1,727,833,835,-1,727,835,878,-1,1087,1088,976,-1,828,826,873,-1,873,826,732,-1,873,732,730,-1,928,594,657,-1,657,594,593,-1,657,593,658,-1,658,593,1089,-1,658,1089,826,-1,826,1089,1087,-1,826,1087,732,-1,732,1087,976,-1,732,976,957,-1,876,729,731,-1,731,956,1090,-1,1090,956,950,-1,1090,950,1091,-1,599,600,656,-1,656,600,929,-1,599,656,1092,-1,1092,656,655,-1,1092,655,1090,-1,1090,655,829,-1,1090,829,731,-1,731,829,831,-1,731,831,876,-1,1093,1094,991,-1,824,822,871,-1,871,822,736,-1,871,736,734,-1,925,590,677,-1,677,590,589,-1,677,589,678,-1,678,589,1095,-1,678,1095,822,-1,822,1095,1093,-1,822,1093,736,-1,736,1093,991,-1,736,991,979,-1,874,733,735,-1,735,978,1096,-1,1096,978,977,-1,1096,977,1097,-1,595,596,676,-1,676,596,926,-1,595,676,1098,-1,1098,676,659,-1,1098,659,1096,-1,1096,659,825,-1,1096,825,735,-1,735,825,827,-1,735,827,874,-1,1099,1100,1012,-1,820,818,869,-1,869,818,740,-1,869,740,738,-1,910,586,684,-1,684,586,585,-1,684,585,685,-1,685,585,1101,-1,685,1101,818,-1,818,1101,1099,-1,818,1099,740,-1,740,1099,1012,-1,740,1012,994,-1,872,737,739,-1,739,993,1102,-1,1102,993,992,-1,1102,992,1103,-1,591,592,683,-1,683,592,911,-1,591,683,1104,-1,1104,683,679,-1,1104,679,1102,-1,1102,679,821,-1,1102,821,739,-1,739,821,823,-1,739,823,872,-1,1105,1106,963,-1,816,814,867,-1,867,814,744,-1,867,744,742,-1,906,582,696,-1,696,582,581,-1,696,581,697,-1,697,581,1107,-1,697,1107,814,-1,814,1107,1105,-1,814,1105,744,-1,744,1105,963,-1,744,963,962,-1,870,741,743,-1,743,1014,1108,-1,1108,1014,1013,-1,1108,1013,1109,-1,587,588,695,-1,695,588,907,-1,587,695,1110,-1,1110,695,686,-1,1110,686,1108,-1,1108,686,817,-1,1108,817,743,-1,743,817,819,-1,743,819,870,-1,1111,1112,980,-1,812,810,865,-1,865,810,748,-1,865,748,746,-1,927,578,703,-1,703,578,577,-1,703,577,702,-1,702,577,1113,-1,702,1113,810,-1,810,1113,1111,-1,810,1111,748,-1,748,1111,980,-1,748,980,972,-1,868,745,747,-1,747,971,1114,-1,1114,971,964,-1,1114,964,1115,-1,583,584,704,-1,704,584,905,-1,583,704,1116,-1,1116,704,698,-1,1116,698,1114,-1,1114,698,813,-1,1114,813,747,-1,747,813,815,-1,747,815,868,-1,1117,1118,995,-1,808,806,863,-1,863,806,752,-1,863,752,750,-1,923,574,662,-1,662,574,573,-1,662,573,669,-1,669,573,1119,-1,669,1119,806,-1,806,1119,1117,-1,806,1117,752,-1,752,1117,995,-1,752,995,983,-1,866,749,751,-1,751,982,1120,-1,1120,982,981,-1,1120,981,1121,-1,579,580,661,-1,661,580,924,-1,579,661,1122,-1,1122,661,660,-1,1122,660,1120,-1,1120,660,809,-1,1120,809,751,-1,751,809,811,-1,751,811,866,-1,1123,1124,999,-1,804,802,861,-1,861,802,756,-1,861,756,754,-1,912,570,693,-1,693,570,569,-1,693,569,692,-1,692,569,1125,-1,692,1125,802,-1,802,1125,1123,-1,802,1123,756,-1,756,1123,999,-1,756,999,998,-1,864,753,755,-1,755,997,1126,-1,1126,997,996,-1,1126,996,1127,-1,575,576,694,-1,694,576,913,-1,575,694,1128,-1,1128,694,670,-1,1128,670,1126,-1,1126,670,805,-1,1126,805,755,-1,755,805,807,-1,755,807,864,-1,1129,1130,1003,-1,800,798,859,-1,859,798,760,-1,859,760,758,-1,903,566,682,-1,682,566,565,-1,682,565,687,-1,687,565,1131,-1,687,1131,798,-1,798,1131,1129,-1,798,1129,760,-1,760,1129,1003,-1,760,1003,1002,-1,862,757,759,-1,759,1001,1132,-1,1132,1001,1000,-1,1132,1000,1133,-1,571,572,681,-1,681,572,904,-1,571,681,1134,-1,1134,681,680,-1,1134,680,1132,-1,1132,680,801,-1,1132,801,759,-1,759,801,803,-1,759,803,862,-1,1135,1136,966,-1,796,794,857,-1,857,794,764,-1,857,764,762,-1,901,562,700,-1,700,562,561,-1,700,561,699,-1,699,561,1137,-1,699,1137,794,-1,794,1137,1135,-1,794,1135,764,-1,764,1135,966,-1,764,966,965,-1,860,761,763,-1,763,1005,1138,-1,1138,1005,1004,-1,1138,1004,1139,-1,567,568,701,-1,701,568,902,-1,567,701,1140,-1,1140,701,688,-1,1140,688,1138,-1,1138,688,797,-1,1138,797,763,-1,763,797,799,-1,763,799,860,-1,1141,1142,984,-1,792,790,855,-1,855,790,768,-1,855,768,766,-1,921,554,675,-1,675,554,553,-1,675,553,671,-1,671,553,1143,-1,671,1143,790,-1,790,1143,1141,-1,790,1141,768,-1,768,1141,984,-1,768,984,986,-1,858,765,767,-1,767,1006,1144,-1,1144,1006,967,-1,1144,967,1145,-1,563,564,674,-1,674,564,898,-1,563,674,1146,-1,1146,674,673,-1,1146,673,1144,-1,1144,673,793,-1,1144,793,767,-1,767,793,795,-1,767,795,858,-1,1147,1148,989,-1,785,787,854,-1,854,787,772,-1,854,772,770,-1,908,558,690,-1,690,558,557,-1,690,557,689,-1,689,557,1149,-1,689,1149,787,-1,787,1149,1147,-1,787,1147,772,-1,772,1147,989,-1,772,989,988,-1,856,769,771,-1,771,987,1150,-1,1150,987,985,-1,1150,985,1151,-1,555,556,691,-1,691,556,909,-1,555,691,1152,-1,1152,691,672,-1,1152,672,1150,-1,1150,672,789,-1,1150,789,771,-1,771,789,791,-1,771,791,856,-1,784,951,783,-1,783,951,941,-1,645,922,644,-1,644,922,900,-1,772,988,771,-1,771,988,987,-1,768,986,767,-1,767,986,1006,-1,764,965,763,-1,763,965,1005,-1,760,1002,759,-1,759,1002,1001,-1,756,998,755,-1,755,998,997,-1,752,983,751,-1,751,983,982,-1,748,972,747,-1,747,972,971,-1,744,962,743,-1,743,962,1014,-1,740,994,739,-1,739,994,993,-1,736,979,735,-1,735,979,978,-1,732,957,731,-1,731,957,956,-1,728,948,727,-1,727,948,975,-1,724,961,723,-1,723,961,960,-1,720,955,719,-1,719,955,954,-1,716,947,715,-1,715,947,946,-1,712,942,711,-1,711,942,970,-1,708,1009,707,-1,707,1009,1007,-1,897,894,664,-1,664,894,665,-1,909,908,691,-1,691,908,690,-1,898,921,674,-1,674,921,675,-1,902,901,701,-1,701,901,700,-1,904,903,681,-1,681,903,682,-1,913,912,694,-1,694,912,693,-1,924,923,661,-1,661,923,662,-1,905,927,704,-1,704,927,703,-1,907,906,695,-1,695,906,696,-1,911,910,683,-1,683,910,684,-1,926,925,676,-1,676,925,677,-1,929,928,656,-1,656,928,657,-1,914,930,668,-1,668,930,667,-1,916,915,633,-1,633,915,634,-1,918,917,654,-1,654,917,653,-1,893,920,647,-1,647,920,648,-1,899,919,651,-1,651,919,650,-1,1151,985,1142,-1,1142,985,984,-1,1049,990,1148,-1,1148,990,989,-1,1145,967,1136,-1,1136,967,966,-1,1139,1004,1130,-1,1130,1004,1003,-1,1133,1000,1124,-1,1124,1000,999,-1,1127,996,1118,-1,1118,996,995,-1,1121,981,1112,-1,1112,981,980,-1,1115,964,1106,-1,1106,964,963,-1,1109,1013,1100,-1,1100,1013,1012,-1,1103,992,1094,-1,1094,992,991,-1,1097,977,1088,-1,1088,977,976,-1,1091,950,1082,-1,1082,950,949,-1,1085,974,1076,-1,1076,974,973,-1,1079,959,1070,-1,1070,959,958,-1,1073,953,1064,-1,1064,953,952,-1,1067,944,1058,-1,1058,944,943,-1,1061,969,1052,-1,1052,969,968,-1,1055,940,1153,-1,1153,940,939,-1,1153,939,773,-1,773,939,774,-1,1154,1011,1046,-1,1046,1011,1010,-1,1017,1015,1154,-1,1154,1015,1011,-1,1046,1045,1154,-1,1154,1045,933,-1,1154,933,1017,-1,1017,933,932,-1,1047,625,627,-1,543,545,627,-1,627,545,934,-1,627,934,1047,-1,933,1045,934,-1,934,1045,1047,-1,623,1056,621,-1,621,1056,266,-1,621,266,535,-1,535,266,267,-1,1054,1055,1153,-1,773,246,1153,-1,1153,246,248,-1,1153,248,1054,-1,266,1056,248,-1,248,1056,1054,-1,1061,1052,1060,-1,1060,1052,1051,-1,1062,1053,619,-1,619,1053,617,-1,1060,1051,1062,-1,1062,1051,1053,-1,1067,1058,1066,-1,1066,1058,1057,-1,1068,1059,615,-1,615,1059,613,-1,1066,1057,1068,-1,1068,1057,1059,-1,1073,1064,1072,-1,1072,1064,1063,-1,1074,1065,611,-1,611,1065,609,-1,1072,1063,1074,-1,1074,1063,1065,-1,1079,1070,1078,-1,1078,1070,1069,-1,1080,1071,607,-1,607,1071,605,-1,1078,1069,1080,-1,1080,1069,1071,-1,1085,1076,1084,-1,1084,1076,1075,-1,1086,1077,603,-1,603,1077,601,-1,1084,1075,1086,-1,1086,1075,1077,-1,1091,1082,1090,-1,1090,1082,1081,-1,1092,1083,599,-1,599,1083,597,-1,1090,1081,1092,-1,1092,1081,1083,-1,1097,1088,1096,-1,1096,1088,1087,-1,1098,1089,595,-1,595,1089,593,-1,1096,1087,1098,-1,1098,1087,1089,-1,1103,1094,1102,-1,1102,1094,1093,-1,1104,1095,591,-1,591,1095,589,-1,1102,1093,1104,-1,1104,1093,1095,-1,1109,1100,1108,-1,1108,1100,1099,-1,1110,1101,587,-1,587,1101,585,-1,1108,1099,1110,-1,1110,1099,1101,-1,1115,1106,1114,-1,1114,1106,1105,-1,1116,1107,583,-1,583,1107,581,-1,1114,1105,1116,-1,1116,1105,1107,-1,1121,1112,1120,-1,1120,1112,1111,-1,1122,1113,579,-1,579,1113,577,-1,1120,1111,1122,-1,1122,1111,1113,-1,1127,1118,1126,-1,1126,1118,1117,-1,1128,1119,575,-1,575,1119,573,-1,1126,1117,1128,-1,1128,1117,1119,-1,1133,1124,1132,-1,1132,1124,1123,-1,1134,1125,571,-1,571,1125,569,-1,1132,1123,1134,-1,1134,1123,1125,-1,1139,1130,1138,-1,1138,1130,1129,-1,1140,1131,567,-1,567,1131,565,-1,1138,1129,1140,-1,1140,1129,1131,-1,1145,1136,1144,-1,1144,1136,1135,-1,1146,1137,563,-1,563,1137,561,-1,1144,1135,1146,-1,1146,1135,1137,-1,557,559,1149,-1,1149,559,1050,-1,1147,1048,1148,-1,1148,1048,1049,-1,1149,1050,1147,-1,1147,1050,1048,-1,1150,1141,1152,-1,1152,1141,1143,-1,1152,1143,555,-1,555,1143,553,-1,1151,1142,1150,-1,1150,1142,1141,-1,937,938,1023,-1,937,1023,1018,-1,1018,1023,1030,-1,1018,1030,1019,-1,1019,1030,1008,-1,1019,1008,1016,-1,546,896,1034,-1,546,1034,549,-1,549,1034,1033,-1,549,1033,550,-1,550,1033,1029,-1,550,1029,551,-1,551,1029,1028,-1,551,1028,552,-1,552,1028,1027,-1,552,1027,548,-1,548,1027,935,-1,548,935,547,-1,0,518,538,-1,538,518,519,-1,1026,519,520,-1,520,521,1026,-1,1026,521,522,-1,1026,522,534,-1,519,1026,538,-1,538,1026,1025,-1,538,1025,539,-1,539,1025,1024,-1,539,1024,540,-1,540,1024,1032,-1,540,1032,541,-1,541,1032,1031,-1,541,1031,542,-1,542,1031,895,-1,542,895,537,-1,775,945,1040,-1,523,492,1036,-1,1036,492,160,-1,775,1040,777,-1,777,1040,1039,-1,777,1039,778,-1,778,1039,1038,-1,778,1038,779,-1,779,1038,1037,-1,779,1037,780,-1,780,1037,1036,-1,780,1036,776,-1,776,1036,160,-1,776,160,159,-1,159,488,776,-1,776,488,249,-1,776,249,247,-1,
        ]
    }
}
Shape{
    appearance Appearance {
        material  Material 	{
            diffuseColor 0.0 0.0 0.0
            specularColor 0.0 0.0 0.0
            ambientIntensity 0.2
            transparency 0
            shininess 0.5
        }
    }
    geometry IndexedFaceSet {
        ccw TRUE
        solid FALSE
        coord DEF co Coordinate {
            point [
                4.1343 0.0513 -1.1184, 4.1343 0.0513 -1.1245, 4.1339 0.0513 -1.1184, 4.1339 0.0513 -1.1245, 4.1343 0.03 -1.1184, 4.1339 0.03 -1.1184, 4.1343 0.03 -1.0711, 4.1339 0.03 -1.0711, 4.1343 0.0231 -1.0711, 4.1339 0.0231 -1.0711, 4.1343 0.0231 -1.1245, 4.1339 0.0231 -1.1245, 4.1343 0.0786 -1.1254, 4.1339 0.0786 -1.1254, 4.1339 0.0874 -1.1245, 4.1343 0.0874 -1.1245, 4.1339 0.0934 -1.1223, 4.1343 0.0934 -1.1223, 4.1343 0.0934 -1.1157, 4.1339 0.0934 -1.1157, 4.1339 0.0879 -1.1181, 4.1343 0.0879 -1.1181, 4.1339 0.0819 -1.1192, 4.1343 0.0819 -1.1192, 4.1339 0.0796 -1.1193, 4.1343 0.0796 -1.1193, 4.1339 0.0747 -1.1187, 4.1343 0.0747 -1.1187, 4.1339 0.0708 -1.1173, 4.1343 0.0708 -1.1173, 4.1339 0.0672 -1.1149, 4.1343 0.0672 -1.1149, 4.1339 0.0659 -1.1137, 4.1343 0.0659 -1.1137, 4.1339 0.0632 -1.1098, 4.1343 0.0632 -1.1098, 4.1339 0.0615 -1.1055, 4.1343 0.0615 -1.1055, 4.1339 0.0607 -1.0989, 4.1343 0.0607 -1.0989, 4.1339 0.0607 -1.0984, 4.1343 0.0607 -1.0984, 4.1339 0.0614 -1.0918, 4.1343 0.0614 -1.0918, 4.1339 0.0631 -1.087, 4.1343 0.0631 -1.087, 4.1339 0.0656 -1.0832, 4.1343 0.0656 -1.0832, 4.1339 0.0663 -1.0824, 4.1343 0.0663 -1.0824, 4.1339 0.0697 -1.0795, 4.1343 0.0697 -1.0795, 4.1339 0.0739 -1.0775, 4.1343 0.0739 -1.0775, 4.1339 0.0785 -1.0766, 4.1343 0.0785 -1.0766, 4.1339 0.0808 -1.0765, 4.1343 0.0808 -1.0765, 4.1339 0.0871 -1.0772, 4.1343 0.0871 -1.0772, 4.1339 0.0926 -1.0792, 4.1343 0.0926 -1.0792, 4.1339 0.0934 -1.0796, 4.1343 0.0934 -1.0796, 4.1343 0.0934 -1.0724, 4.1339 0.0934 -1.0724, 4.1339 0.0808 -1.0702, 4.1343 0.0808 -1.0702, 4.1343 0.0813 -1.0702, 4.1339 0.0882 -1.0709, 4.1343 0.0882 -1.0709, 4.1339 0.0862 -1.0707, 4.1339 0.0813 -1.0702, 4.1343 0.0736 -1.071, 4.1339 0.0767 -1.0707, 4.1339 0.0736 -1.071, 4.1339 0.068 -1.0731, 4.1343 0.068 -1.0731, 4.1339 0.0627 -1.0766, 4.1343 0.0627 -1.0766, 4.1339 0.0612 -1.0781, 4.1343 0.0612 -1.0781, 4.1339 0.0574 -1.0829, 4.1343 0.0574 -1.0829, 4.1339 0.0558 -1.0865, 4.1343 0.0548 -1.0888, 4.1339 0.0548 -1.0888, 4.1339 0.0536 -1.0956, 4.1343 0.0536 -1.0956, 4.1339 0.0534 -1.0988, 4.1343 0.0534 -1.0988, 4.1339 0.0543 -1.1067, 4.1343 0.0543 -1.1067, 4.1339 0.0558 -1.111, 4.1343 0.0564 -1.1125, 4.1339 0.0564 -1.1125, 4.1339 0.0594 -1.1171, 4.1343 0.0594 -1.1171, 4.1339 0.0603 -1.1181, 4.1343 0.0603 -1.1181, 4.1339 0.0643 -1.1215, 4.1343 0.0643 -1.1215, 4.1339 0.0693 -1.124, 4.1343 0.0693 -1.124, 4.1339 0.0751 -1.1252, 4.1343 0.0751 -1.1252, 4.1343 0.1328 -1.1184, 4.1343 0.1328 -1.1245, 4.1339 0.1328 -1.1184, 4.1339 0.1328 -1.1245, 4.1339 0.111 -1.1184, 4.1343 0.111 -1.1184, 4.1339 0.1254 -1.1184, 4.1343 0.111 -1.1005, 4.1339 0.111 -1.1005, 4.1339 0.1301 -1.1005, 4.1343 0.1301 -1.1005, 4.1339 0.1254 -1.1005, 4.1343 0.1301 -1.0944, 4.1339 0.1301 -1.0944, 4.1339 0.111 -1.0944, 4.1343 0.111 -1.0944, 4.1339 0.1254 -1.0944, 4.1343 0.111 -1.0773, 4.1339 0.111 -1.0773, 4.1339 0.1316 -1.0773, 4.1343 0.1316 -1.0773, 4.1339 0.1254 -1.0773, 4.1343 0.1316 -1.0711, 4.1339 0.1316 -1.0711, 4.1339 0.1041 -1.0711, 4.1343 0.1041 -1.0711, 4.1339 0.1254 -1.0711, 4.1343 0.1041 -1.1245, 4.1339 0.1041 -1.1245, 4.1339 0.1254 -1.1245, 4.1343 0.179 -1.1004, 4.1343 0.1861 -1.1009, 4.1343 0.1791 -1.0973, 4.1343 0.1863 -1.0971, 4.1343 0.1785 -1.0913, 4.1343 0.1856 -1.0904, 4.1343 0.1771 -1.0872, 4.1343 0.1837 -1.0852, 4.1343 0.1751 -1.0841, 4.1343 0.1805 -1.0804, 4.1343 0.1732 -1.0823, 4.1343 0.1783 -1.0782, 4.1343 0.1691 -1.0796, 4.1343 0.173 -1.0745, 4.1343 0.1645 -1.078, 4.1343 0.1666 -1.0721, 4.1343 0.1578 -1.0773, 4.1343 0.1581 -1.0711, 4.1343 0.1498 -1.0773, 4.1343 0.1429 -1.0711, 4.1343 0.1498 -1.1184, 4.1343 0.1429 -1.1245, 4.1343 0.1575 -1.1184, 4.1343 0.1576 -1.1245, 4.1343 0.1642 -1.1177, 4.1343 0.1659 -1.1236, 4.1343 0.1688 -1.1161, 4.1343 0.1721 -1.1214, 4.1343 0.1723 -1.1138, 4.1343 0.1773 -1.1179, 4.1343 0.1734 -1.1129, 4.1343 0.1783 -1.117, 4.1343 0.1762 -1.1093, 4.1343 0.1821 -1.1126, 4.1343 0.178 -1.1053, 4.1343 0.1848 -1.1071, 4.1339 0.1576 -1.1245, 4.1339 0.1429 -1.1245, 4.1339 0.1659 -1.1236, 4.1339 0.1673 -1.1231, 4.1339 0.1721 -1.1214, 4.1339 0.1773 -1.1179, 4.1339 0.1783 -1.117, 4.1339 0.1821 -1.1126, 4.1339 0.1848 -1.1071, 4.1339 0.1861 -1.1009, 4.1339 0.1863 -1.0971, 4.1339 0.1856 -1.0904, 4.1339 0.1837 -1.0852, 4.1339 0.1805 -1.0804, 4.1339 0.1783 -1.0782, 4.1339 0.173 -1.0745, 4.1339 0.1673 -1.0724, 4.1339 0.1666 -1.0721, 4.1339 0.1581 -1.0711, 4.1339 0.1429 -1.0711, 4.1339 0.1578 -1.0773, 4.1339 0.1498 -1.0773, 4.1339 0.1498 -1.1184, 4.1339 0.1575 -1.1184, 4.1339 0.1734 -1.1129, 4.1339 0.1723 -1.1138, 4.1339 0.1688 -1.1161, 4.1339 0.1642 -1.1177, 4.1339 0.1791 -1.0973, 4.1339 0.179 -1.1004, 4.1339 0.178 -1.1053, 4.1339 0.1762 -1.1093, 4.1339 0.1732 -1.0823, 4.1339 0.1751 -1.0841, 4.1339 0.1771 -1.0872, 4.1339 0.1785 -1.0913, 4.1339 0.1645 -1.078, 4.1339 0.1691 -1.0796, 4.1339 0.1691 -1.0796
            ]
        }
        coordIndex [
            0,1,2,-1,2,1,3,-1,4,0,5,-1,5,0,2,-1,6,4,7,-1,7,4,5,-1,8,6,9,-1,9,6,7,-1,10,8,11,-1,11,8,9,-1,1,10,3,-1,3,10,11,-1,6,8,4,-1,4,8,10,-1,4,10,0,-1,0,10,1,-1,12,13,14,-1,12,14,15,-1,15,14,16,-1,15,16,17,-1,18,17,19,-1,19,17,16,-1,18,19,20,-1,18,20,21,-1,21,20,22,-1,21,22,23,-1,23,22,24,-1,23,24,25,-1,25,24,26,-1,25,26,27,-1,27,26,28,-1,27,28,29,-1,29,28,30,-1,29,30,31,-1,31,30,32,-1,31,32,33,-1,33,32,34,-1,33,34,35,-1,35,34,36,-1,35,36,37,-1,37,36,38,-1,37,38,39,-1,39,38,40,-1,39,40,41,-1,41,40,42,-1,41,42,43,-1,43,42,44,-1,43,44,45,-1,45,44,46,-1,45,46,47,-1,47,46,48,-1,47,48,49,-1,49,48,50,-1,49,50,51,-1,51,50,52,-1,51,52,53,-1,53,52,54,-1,53,54,55,-1,55,54,56,-1,55,56,57,-1,57,56,58,-1,57,58,59,-1,59,58,60,-1,59,60,61,-1,61,60,62,-1,61,62,63,-1,64,63,65,-1,65,63,62,-1,66,67,68,-1,64,65,69,-1,64,69,70,-1,70,69,71,-1,70,71,68,-1,68,71,72,-1,68,72,66,-1,73,67,74,-1,74,67,66,-1,74,75,73,-1,73,75,76,-1,73,76,77,-1,77,76,78,-1,77,78,79,-1,79,78,80,-1,79,80,81,-1,81,80,82,-1,81,82,83,-1,83,82,84,-1,83,84,85,-1,84,86,85,-1,85,86,87,-1,85,87,88,-1,88,87,89,-1,88,89,90,-1,90,89,91,-1,90,91,92,-1,92,91,93,-1,92,93,94,-1,93,95,94,-1,94,95,96,-1,94,96,97,-1,97,96,98,-1,97,98,99,-1,99,98,100,-1,99,100,101,-1,101,100,102,-1,101,102,103,-1,103,102,104,-1,103,104,105,-1,105,104,13,-1,105,13,12,-1,61,63,64,-1,35,37,92,-1,43,45,83,-1,92,37,90,-1,83,45,81,-1,61,64,59,-1,59,64,70,-1,59,70,57,-1,57,70,68,-1,57,68,55,-1,55,68,67,-1,55,67,53,-1,53,67,73,-1,53,73,51,-1,17,18,15,-1,15,18,21,-1,15,21,12,-1,73,77,51,-1,51,77,79,-1,51,79,49,-1,49,79,81,-1,49,81,47,-1,47,81,45,-1,92,94,35,-1,35,94,97,-1,35,97,33,-1,33,97,99,-1,33,99,31,-1,31,99,101,-1,31,101,29,-1,29,101,103,-1,29,103,27,-1,27,103,105,-1,27,105,25,-1,25,105,12,-1,25,12,23,-1,23,12,21,-1,37,39,90,-1,90,39,41,-1,90,41,88,-1,88,41,43,-1,88,43,85,-1,85,43,83,-1,106,107,108,-1,108,107,109,-1,110,111,112,-1,112,111,106,-1,112,106,108,-1,113,111,114,-1,114,111,110,-1,115,116,117,-1,117,116,113,-1,117,113,114,-1,118,116,119,-1,119,116,115,-1,120,121,122,-1,122,121,118,-1,122,118,119,-1,123,121,124,-1,124,121,120,-1,125,126,127,-1,127,126,123,-1,127,123,124,-1,128,126,129,-1,129,126,125,-1,130,131,132,-1,132,131,128,-1,132,128,129,-1,133,131,134,-1,134,131,130,-1,109,107,135,-1,135,107,133,-1,135,133,134,-1,133,107,106,-1,106,111,133,-1,133,111,113,-1,133,113,131,-1,126,128,123,-1,123,128,131,-1,123,131,121,-1,121,131,113,-1,121,113,118,-1,118,113,116,-1,136,137,138,-1,138,137,139,-1,138,139,140,-1,140,139,141,-1,140,141,142,-1,142,141,143,-1,142,143,144,-1,144,143,145,-1,144,145,146,-1,146,145,147,-1,146,147,148,-1,148,147,149,-1,148,149,150,-1,150,149,151,-1,150,151,152,-1,152,151,153,-1,152,153,154,-1,154,153,155,-1,154,155,156,-1,156,155,157,-1,156,157,158,-1,158,157,159,-1,158,159,160,-1,160,159,161,-1,160,161,162,-1,162,161,163,-1,162,163,164,-1,164,163,165,-1,164,165,166,-1,166,165,167,-1,166,167,168,-1,168,167,169,-1,168,169,170,-1,170,169,171,-1,170,171,136,-1,136,171,137,-1,159,157,172,-1,172,157,173,-1,159,172,174,-1,159,174,161,-1,161,174,175,-1,161,175,163,-1,175,176,163,-1,163,176,177,-1,163,177,165,-1,165,177,178,-1,165,178,167,-1,167,178,179,-1,167,179,169,-1,169,179,180,-1,169,180,171,-1,171,180,181,-1,171,181,137,-1,137,181,182,-1,137,182,139,-1,139,182,183,-1,139,183,141,-1,141,183,184,-1,141,184,143,-1,143,184,185,-1,143,185,145,-1,145,185,186,-1,145,186,147,-1,147,186,187,-1,188,151,187,-1,187,151,149,-1,187,149,147,-1,188,189,151,-1,151,189,190,-1,151,190,153,-1,155,153,191,-1,191,153,190,-1,157,155,173,-1,173,155,191,-1,152,154,192,-1,192,154,193,-1,154,156,193,-1,193,156,194,-1,156,158,194,-1,194,158,195,-1,166,196,197,-1,166,197,164,-1,164,197,198,-1,164,198,162,-1,162,198,199,-1,162,199,160,-1,160,199,195,-1,160,195,158,-1,138,200,201,-1,138,201,136,-1,136,201,202,-1,136,202,170,-1,170,202,203,-1,170,203,168,-1,168,203,196,-1,168,196,166,-1,146,204,205,-1,146,205,144,-1,144,205,206,-1,144,206,142,-1,142,206,207,-1,142,207,140,-1,140,207,200,-1,140,200,138,-1,152,192,208,-1,152,208,150,-1,150,208,209,-1,150,209,148,-1,148,209,204,-1,148,204,146,-1,
        ]
    }
}
Shape{
    appearance Appearance {
        material  Material 	{
            diffuseColor 1.0 1.0 1.0
            specularColor 0.5019607843137255 0.5019607843137255 0.5019607843137255
            ambientIntensity 0.2
            transparency 0
            shininess 0.5
        }
    }
    geometry IndexedFaceSet {
        ccw TRUE
        solid FALSE
        coord DEF co Coordinate {
            point [
                4.1339 0.1498 -1.0773, 4.1339 0.1498 -1.1184, 4.1339 0.1578 -1.0773, 4.1339 0.1575 -1.1184, 4.1339 0.1642 -1.1177, 4.1339 0.1688 -1.1161, 4.1339 0.1723 -1.1138, 4.1339 0.1734 -1.1129, 4.1339 0.1762 -1.1093, 4.1339 0.178 -1.1053, 4.1339 0.179 -1.1004, 4.1339 0.1791 -1.0973, 4.1339 0.1785 -1.0913, 4.1339 0.1771 -1.0872, 4.1339 0.1751 -1.0841, 4.1339 0.1732 -1.0823, 4.1339 0.1645 -1.078, 4.1339 0.1691 -1.0796, 4.1339 0.1691 -1.0796
            ]
        }
        coordIndex [
            0,1,2,-1,2,1,3,-1,2,3,4,-1,4,5,2,-1,2,5,6,-1,2,6,7,-1,7,8,2,-1,2,8,9,-1,2,9,10,-1,10,11,2,-1,2,11,12,-1,2,12,13,-1,13,14,2,-1,2,14,15,-1,2,15,16,-1,16,15,17,-1,
        ]
    }
}
Shape{
    appearance Appearance {
        material  Material 	{
            diffuseColor 0.0 0.0 0.0
            specularColor 0.0 0.0 0.0
            ambientIntensity 0.2
            transparency 0
            shininess 0.5
        }
    }
    geometry IndexedFaceSet {
        ccw TRUE
        solid FALSE
        coord DEF co Coordinate {
            point [
                4.1343 0.2042 -1.1039, 4.1343 0.2021 -1.1099, 4.1343 0.2222 -1.1039, 4.1343 0.2243 -1.1099, 4.1343 0.2122 -1.0817, 4.1343 0.2096 -1.0711, 4.1343 0.1893 -1.1245, 4.1343 0.1969 -1.1245, 4.1343 0.2127 -1.0801, 4.1343 0.2131 -1.078, 4.1343 0.217 -1.0711, 4.1343 0.2133 -1.078, 4.1343 0.2137 -1.0802, 4.1343 0.2141 -1.0817, 4.1343 0.2373 -1.1245, 4.1343 0.2297 -1.1245, 4.1339 0.217 -1.0711, 4.1339 0.2373 -1.1245, 4.1339 0.2096 -1.0711, 4.1339 0.1893 -1.1245, 4.1339 0.2047 -1.0841, 4.1339 0.1969 -1.1245, 4.1339 0.2021 -1.1099, 4.1339 0.2243 -1.1099, 4.1339 0.2047 -1.1099, 4.1339 0.2297 -1.1245, 4.1339 0.2042 -1.1039, 4.1339 0.2222 -1.1039, 4.1339 0.2141 -1.0817, 4.1339 0.2133 -1.078, 4.1339 0.2137 -1.0802, 4.1339 0.2131 -1.078, 4.1339 0.2122 -1.0817, 4.1339 0.2127 -1.0801, 4.1339 0.2127 -1.0801
            ]
        }
        coordIndex [
            0,1,2,-1,2,1,3,-1,4,5,0,-1,0,5,6,-1,0,6,1,-1,1,6,7,-1,4,8,5,-1,5,8,9,-1,5,9,10,-1,10,9,11,-1,10,11,12,-1,12,13,10,-1,10,13,2,-1,10,2,14,-1,14,2,3,-1,14,3,15,-1,10,14,16,-1,16,14,17,-1,5,10,18,-1,18,10,16,-1,19,6,20,-1,20,6,5,-1,20,5,18,-1,7,6,21,-1,21,6,19,-1,1,7,22,-1,22,7,21,-1,23,3,24,-1,24,3,1,-1,24,1,22,-1,15,3,25,-1,25,3,23,-1,14,15,17,-1,17,15,25,-1,0,2,26,-1,26,2,27,-1,2,13,27,-1,27,13,28,-1,11,29,30,-1,11,30,12,-1,12,30,28,-1,12,28,13,-1,11,9,29,-1,29,9,31,-1,4,32,33,-1,4,33,8,-1,8,33,31,-1,8,31,9,-1,4,0,32,-1,32,0,26,-1,
        ]
    }
}
Shape{
    appearance Appearance {
        material  Material 	{
            diffuseColor 1.0 1.0 1.0
            specularColor 0.5019607843137255 0.5019607843137255 0.5019607843137255
            ambientIntensity 0.2
            transparency 0
            shininess 0.5
        }
    }
    geometry IndexedFaceSet {
        ccw TRUE
        solid FALSE
        coord DEF co Coordinate {
            point [
                4.1339 0.2133 -1.078, 4.1339 0.2131 -1.078, 4.1339 0.2137 -1.0802, 4.1339 0.2127 -1.0801, 4.1339 0.2141 -1.0817, 4.1339 0.2122 -1.0817, 4.1339 0.2222 -1.1039, 4.1339 0.2042 -1.1039, 4.1339 0.2042 -1.1039
            ]
        }
        coordIndex [
            0,1,2,-1,2,1,3,-1,2,3,4,-1,4,3,5,-1,4,5,6,-1,6,5,7,-1,
        ]
    }
}
Shape{
    appearance Appearance {
        material  Material 	{
            diffuseColor 0.0 0.0 0.0
            specularColor 0.0 0.0 0.0
            ambientIntensity 0.2
            transparency 0
            shininess 0.5
        }
    }
    geometry IndexedFaceSet {
        ccw TRUE
        solid FALSE
        coord DEF co Coordinate {
            point [
                4.1343 0.0518 -1.2031, 4.1343 0.0518 -1.2092, 4.1339 0.0518 -1.2031, 4.1339 0.0518 -1.2092, 4.1343 0.03 -1.2031, 4.1339 0.03 -1.2031, 4.1343 0.03 -1.1852, 4.1339 0.03 -1.1852, 4.1343 0.0491 -1.1852, 4.1339 0.0491 -1.1852, 4.1343 0.0491 -1.179, 4.1339 0.0491 -1.179, 4.1343 0.03 -1.179, 4.1339 0.03 -1.179, 4.1343 0.03 -1.162, 4.1339 0.03 -1.162, 4.1343 0.0506 -1.162, 4.1339 0.0506 -1.162, 4.1343 0.0506 -1.1558, 4.1339 0.0506 -1.1558, 4.1343 0.0231 -1.1558, 4.1339 0.0231 -1.1558, 4.1343 0.0231 -1.2092, 4.1339 0.0231 -1.2092, 4.1343 0.082 -1.2033, 4.1343 0.0822 -1.2033, 4.1343 0.0817 -1.1971, 4.1343 0.066 -1.1877, 4.1343 0.0631 -1.1892, 4.1343 0.0668 -1.1936, 4.1343 0.0822 -1.1942, 4.1343 0.0889 -1.1847, 4.1343 0.0822 -1.1937, 4.1343 0.0822 -1.1901, 4.1343 0.0822 -1.2092, 4.1343 0.0889 -1.2092, 4.1343 0.0808 -1.1995, 4.1343 0.0793 -1.2015, 4.1343 0.0809 -1.2049, 4.1343 0.0785 -1.2023, 4.1343 0.0788 -1.2072, 4.1343 0.0766 -1.2036, 4.1343 0.0765 -1.2087, 4.1343 0.0745 -1.2043, 4.1343 0.0738 -1.2097, 4.1343 0.072 -1.2046, 4.1343 0.0703 -1.2101, 4.1343 0.0698 -1.2044, 4.1343 0.0663 -1.2096, 4.1343 0.0683 -1.2038, 4.1343 0.0637 -1.2087, 4.1343 0.0669 -1.2029, 4.1343 0.0615 -1.2071, 4.1343 0.0664 -1.2023, 4.1343 0.066 -1.1946, 4.1343 0.061 -1.1909, 4.1343 0.0654 -1.1958, 4.1343 0.0596 -1.1928, 4.1343 0.0651 -1.1974, 4.1343 0.0677 -1.1929, 4.1343 0.0693 -1.1922, 4.1343 0.0709 -1.1865, 4.1343 0.0732 -1.1913, 4.1343 0.0822 -1.185, 4.1343 0.0619 -1.1737, 4.1343 0.0619 -1.1802, 4.1343 0.0637 -1.1727, 4.1343 0.0662 -1.1775, 4.1343 0.0688 -1.1709, 4.1343 0.0704 -1.1761, 4.1343 0.0751 -1.1702, 4.1343 0.0744 -1.1756, 4.1343 0.0792 -1.1706, 4.1343 0.0767 -1.1759, 4.1343 0.082 -1.1714, 4.1343 0.0783 -1.1764, 4.1343 0.0842 -1.1727, 4.1343 0.0794 -1.1772, 4.1343 0.086 -1.1744, 4.1343 0.0805 -1.1782, 4.1343 0.0873 -1.1766, 4.1343 0.0812 -1.1796, 4.1343 0.0884 -1.1797, 4.1343 0.0819 -1.182, 4.1343 0.0587 -1.1952, 4.1343 0.0582 -1.198, 4.1343 0.065 -1.1984, 4.1343 0.0582 -1.199, 4.1343 0.0652 -1.2, 4.1343 0.0586 -1.202, 4.1343 0.0656 -1.2012, 4.1343 0.0594 -1.2043, 4.1343 0.0607 -1.2063, 4.1339 0.0751 -1.1702, 4.1339 0.0688 -1.1709, 4.1339 0.0637 -1.1727, 4.1339 0.0619 -1.1737, 4.1339 0.0619 -1.1802, 4.1339 0.0662 -1.1775, 4.1339 0.0704 -1.1761, 4.1339 0.0744 -1.1756, 4.1339 0.0767 -1.1759, 4.1339 0.0783 -1.1764, 4.1339 0.0794 -1.1772, 4.1339 0.0805 -1.1782, 4.1339 0.0812 -1.1796, 4.1339 0.0819 -1.182, 4.1339 0.0822 -1.185, 4.1339 0.0709 -1.1865, 4.1339 0.066 -1.1877, 4.1339 0.0631 -1.1892, 4.1339 0.061 -1.1909, 4.1339 0.0596 -1.1928, 4.1339 0.0587 -1.1952, 4.1339 0.0582 -1.198, 4.1339 0.0582 -1.199, 4.1339 0.0586 -1.202, 4.1339 0.0594 -1.2043, 4.1339 0.0607 -1.2063, 4.1339 0.0615 -1.2071, 4.1339 0.0703 -1.2101, 4.1339 0.0664 -1.2096, 4.1339 0.0663 -1.2096, 4.1339 0.0637 -1.2087, 4.1339 0.0738 -1.2097, 4.1339 0.0739 -1.2096, 4.1339 0.0765 -1.2087, 4.1339 0.0788 -1.2072, 4.1339 0.0809 -1.2049, 4.1339 0.082 -1.2033, 4.1339 0.0822 -1.2033, 4.1339 0.0822 -1.2092, 4.1339 0.0889 -1.2092, 4.1339 0.0889 -1.1847, 4.1339 0.0884 -1.1797, 4.1339 0.0873 -1.1766, 4.1339 0.086 -1.1744, 4.1339 0.0842 -1.1727, 4.1339 0.082 -1.1714, 4.1339 0.0792 -1.1706, 4.1339 0.0668 -1.1936, 4.1339 0.0677 -1.1929, 4.1339 0.0693 -1.1922, 4.1339 0.0732 -1.1913, 4.1339 0.065 -1.1984, 4.1339 0.0651 -1.1974, 4.1339 0.0654 -1.1958, 4.1339 0.066 -1.1946, 4.1339 0.0669 -1.2029, 4.1339 0.0664 -1.2023, 4.1339 0.0656 -1.2012, 4.1339 0.0652 -1.2, 4.1339 0.072 -1.2046, 4.1339 0.0698 -1.2044, 4.1339 0.0683 -1.2038, 4.1339 0.0793 -1.2015, 4.1339 0.0785 -1.2023, 4.1339 0.0766 -1.2036, 4.1339 0.0745 -1.2043, 4.1339 0.0822 -1.1937, 4.1339 0.0822 -1.1942, 4.1339 0.0817 -1.1971, 4.1339 0.0808 -1.1995, 4.1339 0.0822 -1.1901, 4.1339 0.0822 -1.1901
            ]
        }
        coordIndex [
            0,1,2,-1,2,1,3,-1,4,0,5,-1,5,0,2,-1,6,4,7,-1,7,4,5,-1,8,6,9,-1,9,6,7,-1,10,8,11,-1,11,8,9,-1,12,10,13,-1,13,10,11,-1,14,12,15,-1,15,12,13,-1,16,14,17,-1,17,14,15,-1,18,16,19,-1,19,16,17,-1,20,18,21,-1,21,18,19,-1,22,20,23,-1,23,20,21,-1,1,22,3,-1,3,22,23,-1,16,18,14,-1,14,18,20,-1,14,20,12,-1,1,0,22,-1,22,0,4,-1,22,4,6,-1,8,10,6,-1,6,10,12,-1,6,12,22,-1,22,12,20,-1,24,25,26,-1,27,28,29,-1,30,31,32,-1,32,31,33,-1,34,35,25,-1,25,35,31,-1,25,31,26,-1,26,31,30,-1,26,36,24,-1,24,36,37,-1,24,37,38,-1,38,37,39,-1,38,39,40,-1,40,39,41,-1,40,41,42,-1,42,41,43,-1,42,43,44,-1,44,43,45,-1,44,45,46,-1,46,45,47,-1,46,47,48,-1,48,47,49,-1,48,49,50,-1,50,49,51,-1,50,51,52,-1,52,51,53,-1,29,28,54,-1,54,28,55,-1,54,55,56,-1,56,55,57,-1,56,57,58,-1,29,59,27,-1,27,59,60,-1,27,60,61,-1,61,60,62,-1,61,62,63,-1,64,65,66,-1,66,65,67,-1,66,67,68,-1,68,67,69,-1,68,69,70,-1,70,69,71,-1,70,71,72,-1,72,71,73,-1,72,73,74,-1,74,73,75,-1,74,75,76,-1,76,75,77,-1,76,77,78,-1,78,77,79,-1,78,79,80,-1,80,79,81,-1,80,81,82,-1,82,81,83,-1,82,83,31,-1,31,83,63,-1,31,63,33,-1,33,63,62,-1,57,84,58,-1,58,84,85,-1,58,85,86,-1,86,85,87,-1,86,87,88,-1,88,87,89,-1,88,89,90,-1,90,89,91,-1,90,91,53,-1,53,91,92,-1,53,92,52,-1,70,93,94,-1,70,94,68,-1,68,94,95,-1,68,95,66,-1,66,95,96,-1,66,96,64,-1,65,64,97,-1,97,64,96,-1,65,97,98,-1,65,98,67,-1,67,98,99,-1,67,99,69,-1,69,99,100,-1,69,100,71,-1,71,100,101,-1,71,101,73,-1,73,101,102,-1,73,102,75,-1,75,102,103,-1,75,103,77,-1,77,103,104,-1,77,104,79,-1,79,104,105,-1,79,105,81,-1,81,105,106,-1,81,106,83,-1,83,106,107,-1,83,107,63,-1,61,63,108,-1,108,63,107,-1,61,108,109,-1,61,109,27,-1,27,109,110,-1,27,110,28,-1,28,110,111,-1,28,111,55,-1,55,111,112,-1,55,112,57,-1,57,112,113,-1,57,113,84,-1,84,113,114,-1,84,114,85,-1,85,114,115,-1,85,115,87,-1,87,115,116,-1,87,116,89,-1,89,116,117,-1,89,117,91,-1,91,117,118,-1,91,118,92,-1,92,118,119,-1,92,119,52,-1,120,46,121,-1,121,46,48,-1,121,48,122,-1,122,48,50,-1,122,50,123,-1,123,50,52,-1,123,52,119,-1,46,120,124,-1,46,124,44,-1,44,124,125,-1,44,125,42,-1,125,126,42,-1,42,126,127,-1,42,127,40,-1,40,127,128,-1,40,128,38,-1,38,128,129,-1,38,129,24,-1,25,24,130,-1,130,24,129,-1,34,25,131,-1,131,25,130,-1,35,34,132,-1,132,34,131,-1,31,35,133,-1,133,35,132,-1,31,133,134,-1,31,134,82,-1,82,134,135,-1,82,135,80,-1,80,135,136,-1,80,136,78,-1,78,136,137,-1,78,137,76,-1,76,137,138,-1,76,138,74,-1,74,138,139,-1,74,139,72,-1,72,139,93,-1,72,93,70,-1,29,140,141,-1,29,141,59,-1,59,141,142,-1,59,142,60,-1,60,142,143,-1,60,143,62,-1,86,144,145,-1,86,145,58,-1,58,145,146,-1,58,146,56,-1,56,146,147,-1,56,147,54,-1,54,147,140,-1,54,140,29,-1,51,148,149,-1,51,149,53,-1,53,149,150,-1,53,150,90,-1,90,150,151,-1,90,151,88,-1,88,151,144,-1,88,144,86,-1,45,152,153,-1,45,153,47,-1,47,153,154,-1,47,154,49,-1,49,154,148,-1,49,148,51,-1,37,155,156,-1,37,156,39,-1,39,156,157,-1,39,157,41,-1,41,157,158,-1,41,158,43,-1,43,158,152,-1,43,152,45,-1,32,159,160,-1,32,160,30,-1,30,160,161,-1,30,161,26,-1,26,161,162,-1,26,162,36,-1,36,162,155,-1,36,155,37,-1,32,33,159,-1,159,33,163,-1,33,62,163,-1,163,62,143,-1,
        ]
    }
}
Shape{
    appearance Appearance {
        material  Material 	{
            diffuseColor 1.0 1.0 1.0
            specularColor 0.5019607843137255 0.5019607843137255 0.5019607843137255
            ambientIntensity 0.2
            transparency 0
            shininess 0.5
        }
    }
    geometry IndexedFaceSet {
        ccw TRUE
        solid FALSE
        coord DEF co Coordinate {
            point [
                4.1339 0.0822 -1.1901, 4.1339 0.0732 -1.1913, 4.1339 0.0822 -1.1937, 4.1339 0.0693 -1.1922, 4.1339 0.0677 -1.1929, 4.1339 0.0668 -1.1936, 4.1339 0.0822 -1.1942, 4.1339 0.0817 -1.1971, 4.1339 0.066 -1.1946, 4.1339 0.0808 -1.1995, 4.1339 0.0664 -1.2023, 4.1339 0.0669 -1.2029, 4.1339 0.0785 -1.2023, 4.1339 0.0656 -1.2012, 4.1339 0.0766 -1.2036, 4.1339 0.0745 -1.2043, 4.1339 0.072 -1.2046, 4.1339 0.0654 -1.1958, 4.1339 0.0651 -1.1974, 4.1339 0.0793 -1.2015, 4.1339 0.065 -1.1984, 4.1339 0.0652 -1.2, 4.1339 0.0683 -1.2038, 4.1339 0.0698 -1.2044, 4.1339 0.0698 -1.2044
            ]
        }
        coordIndex [
            0,1,2,-1,2,1,3,-1,3,4,2,-1,2,4,5,-1,2,5,6,-1,6,5,7,-1,7,5,8,-1,7,8,9,-1,10,11,12,-1,10,12,13,-1,14,12,15,-1,15,12,16,-1,8,17,9,-1,9,17,18,-1,9,18,19,-1,19,18,20,-1,19,20,12,-1,12,20,21,-1,12,21,13,-1,11,22,12,-1,12,22,23,-1,12,23,16,-1,
        ]
    }
}
Shape{
    appearance Appearance {
        material  Material 	{
            diffuseColor 0.0 0.0 0.0
            specularColor 0.0 0.0 0.0
            ambientIntensity 0.2
            transparency 0
            shininess 0.5
        }
    }
    geometry IndexedFaceSet {
        ccw TRUE
        solid FALSE
        coord DEF co Coordinate {
            point [
                4.1343 0.1089 -1.2046, 4.1339 0.1089 -1.2046, 4.1339 0.1047 -1.2041, 4.1339 0.101 -1.2027, 4.1343 0.1005 -1.2026, 4.1343 0.1047 -1.2041, 4.1339 0.1005 -1.2026, 4.1339 0.0979 -1.201, 4.1343 0.0979 -1.201, 4.1343 0.0979 -1.2079, 4.1339 0.0979 -1.2079, 4.1343 0.1027 -1.2095, 4.1339 0.101 -1.2089, 4.1339 0.1083 -1.2101, 4.1343 0.1083 -1.2101, 4.1339 0.1039 -1.2096, 4.1339 0.1027 -1.2095, 4.1343 0.1137 -1.2095, 4.1339 0.1126 -1.2096, 4.1339 0.1137 -1.2095, 4.1339 0.1174 -1.2083, 4.1343 0.1174 -1.2083, 4.1339 0.1194 -1.2071, 4.1343 0.1194 -1.2071, 4.1339 0.1213 -1.2054, 4.1343 0.1213 -1.2054, 4.1339 0.1225 -1.2036, 4.1343 0.1225 -1.2036, 4.1339 0.1233 -1.2015, 4.1343 0.1233 -1.2015, 4.1339 0.1237 -1.1988, 4.1343 0.1237 -1.1988, 4.1339 0.1234 -1.1963, 4.1343 0.1234 -1.1963, 4.1339 0.1227 -1.1944, 4.1343 0.1227 -1.1944, 4.1339 0.1214 -1.1925, 4.1343 0.1214 -1.1925, 4.1339 0.1198 -1.1911, 4.1343 0.1198 -1.1911, 4.1339 0.1154 -1.1886, 4.1343 0.1154 -1.1886, 4.1339 0.1128 -1.1876, 4.1343 0.1128 -1.1876, 4.1339 0.1087 -1.1858, 4.1343 0.1087 -1.1858, 4.1339 0.1063 -1.1843, 4.1343 0.1063 -1.1843, 4.1339 0.1057 -1.1836, 4.1343 0.1057 -1.1836, 4.1339 0.1052 -1.1827, 4.1343 0.1052 -1.1827, 4.1339 0.1049 -1.1816, 4.1343 0.1049 -1.1816, 4.1339 0.1048 -1.1808, 4.1343 0.1048 -1.1808, 4.1339 0.105 -1.1797, 4.1343 0.105 -1.1797, 4.1339 0.1053 -1.1788, 4.1343 0.1053 -1.1788, 4.1339 0.1059 -1.1779, 4.1343 0.1059 -1.1779, 4.1339 0.1069 -1.177, 4.1343 0.1069 -1.177, 4.1339 0.1084 -1.1762, 4.1343 0.1084 -1.1762, 4.1339 0.1102 -1.1758, 4.1343 0.1102 -1.1758, 4.1339 0.1121 -1.1756, 4.1343 0.1121 -1.1756, 4.1339 0.1165 -1.1761, 4.1343 0.1165 -1.1761, 4.1339 0.1203 -1.1775, 4.1343 0.1203 -1.1775, 4.1339 0.1218 -1.1784, 4.1343 0.1218 -1.1784, 4.1343 0.1218 -1.1719, 4.1339 0.1218 -1.1719, 4.1339 0.1165 -1.1704, 4.1343 0.1165 -1.1704, 4.1339 0.1128 -1.1702, 4.1343 0.1128 -1.1702, 4.1339 0.1079 -1.1707, 4.1343 0.1079 -1.1707, 4.1339 0.1042 -1.172, 4.1343 0.1042 -1.172, 4.1339 0.1022 -1.1732, 4.1343 0.1022 -1.1732, 4.1343 0.1003 -1.175, 4.1339 0.101 -1.1743, 4.1339 0.1003 -1.175, 4.1339 0.099 -1.1768, 4.1343 0.099 -1.1768, 4.1339 0.0982 -1.179, 4.1343 0.0982 -1.179, 4.1339 0.098 -1.1814, 4.1343 0.098 -1.1814, 4.1339 0.0982 -1.184, 4.1343 0.0982 -1.184, 4.1339 0.099 -1.186, 4.1343 0.099 -1.186, 4.1339 0.0999 -1.1874, 4.1343 0.0999 -1.1874, 4.1339 0.1081 -1.1924, 4.1343 0.1081 -1.1924, 4.1343 0.1041 -1.1906, 4.1339 0.1009 -1.1885, 4.1343 0.1009 -1.1885, 4.1339 0.101 -1.1886, 4.1339 0.1041 -1.1906, 4.1339 0.1125 -1.1943, 4.1343 0.1125 -1.1943, 4.1339 0.1151 -1.1958, 4.1343 0.1151 -1.1958, 4.1339 0.1159 -1.1967, 4.1343 0.1159 -1.1967, 4.1339 0.1164 -1.1976, 4.1343 0.1164 -1.1976, 4.1339 0.1167 -1.1986, 4.1343 0.1167 -1.1986, 4.1339 0.1168 -1.1995, 4.1343 0.1168 -1.1995, 4.1339 0.1167 -1.2008, 4.1343 0.1167 -1.2008, 4.1339 0.1163 -1.2017, 4.1343 0.1163 -1.2017, 4.1339 0.1157 -1.2026, 4.1343 0.1157 -1.2026, 4.1339 0.115 -1.2032, 4.1343 0.115 -1.2032, 4.1339 0.1144 -1.2036, 4.1343 0.1144 -1.2036, 4.1339 0.1126 -1.2043, 4.1343 0.1126 -1.2043, 4.1339 0.1092 -1.2046, 4.1343 0.1092 -1.2046, 4.1343 0.1568 -1.1711, 4.1343 0.1637 -1.1711, 4.1339 0.1568 -1.1711, 4.1339 0.1637 -1.1711, 4.1343 0.1464 -1.1998, 4.1339 0.1464 -1.1998, 4.1339 0.1459 -1.2016, 4.1343 0.1459 -1.2016, 4.1339 0.1456 -1.2029, 4.1343 0.1456 -1.2029, 4.1343 0.1454 -1.2029, 4.1339 0.1454 -1.2029, 4.1343 0.1446 -1.1997, 4.1339 0.1446 -1.1997, 4.1339 0.1346 -1.1711, 4.1343 0.1346 -1.1711, 4.1339 0.1378 -1.1804, 4.1343 0.1271 -1.1711, 4.1339 0.1271 -1.1711, 4.1339 0.1421 -1.2091, 4.1343 0.1421 -1.2091, 4.1339 0.1378 -1.1983, 4.1339 0.1392 -1.216, 4.1343 0.1392 -1.216, 4.1339 0.1419 -1.2096, 4.1339 0.1379 -1.2184, 4.1343 0.1379 -1.2184, 4.1339 0.1378 -1.2185, 4.1343 0.1366 -1.2198, 4.1339 0.1366 -1.2198, 4.1339 0.1354 -1.2207, 4.1343 0.1354 -1.2207, 4.1339 0.1339 -1.2212, 4.1343 0.1339 -1.2212, 4.1339 0.1323 -1.2214, 4.1343 0.1323 -1.2214, 4.1339 0.1299 -1.2211, 4.1343 0.1299 -1.2211, 4.1339 0.1285 -1.2207, 4.1343 0.1285 -1.2207, 4.1343 0.1285 -1.2266, 4.1339 0.1285 -1.2266, 4.1339 0.1314 -1.2271, 4.1343 0.1314 -1.2271, 4.1339 0.1328 -1.2272, 4.1343 0.1328 -1.2272, 4.1339 0.1355 -1.2268, 4.1339 0.1378 -1.226, 4.1343 0.1382 -1.2258, 4.1343 0.1355 -1.2268, 4.1339 0.1382 -1.2258, 4.1339 0.1405 -1.2242, 4.1343 0.1405 -1.2242, 4.1339 0.141 -1.2238, 4.1343 0.141 -1.2238, 4.1339 0.1434 -1.2208, 4.1343 0.1434 -1.2208, 4.1339 0.1464 -1.215, 4.1343 0.1464 -1.215, 4.1339 0.1485 -1.2096, 4.1343 0.1997 -1.2031, 4.1343 0.1997 -1.2092, 4.1339 0.1997 -1.2031, 4.1339 0.1997 -1.2092, 4.1339 0.1778 -1.2031, 4.1343 0.1778 -1.2031, 4.1339 0.1878 -1.2031, 4.1343 0.1778 -1.1852, 4.1339 0.1778 -1.1852, 4.1339 0.1969 -1.1852, 4.1343 0.1969 -1.1852, 4.1339 0.1878 -1.1852, 4.1343 0.1969 -1.179, 4.1339 0.1969 -1.179, 4.1339 0.1778 -1.179, 4.1343 0.1778 -1.179, 4.1339 0.1878 -1.179, 4.1343 0.1778 -1.162, 4.1339 0.1778 -1.162, 4.1339 0.1984 -1.162, 4.1343 0.1984 -1.162, 4.1339 0.1878 -1.162, 4.1343 0.1984 -1.1558, 4.1339 0.1984 -1.1558, 4.1339 0.1709 -1.1558, 4.1343 0.1709 -1.1558, 4.1339 0.1878 -1.1558, 4.1343 0.1709 -1.2092, 4.1339 0.1709 -1.2092, 4.1339 0.1878 -1.2092, 4.1343 0.2458 -1.185, 4.1343 0.253 -1.1856, 4.1343 0.246 -1.182, 4.1343 0.2532 -1.1818, 4.1343 0.2453 -1.176, 4.1343 0.2525 -1.1751, 4.1343 0.2439 -1.1719, 4.1343 0.2506 -1.1699, 4.1343 0.2419 -1.1688, 4.1343 0.2474 -1.1651, 4.1343 0.2401 -1.167, 4.1343 0.2451 -1.1629, 4.1343 0.236 -1.1643, 4.1343 0.2399 -1.1592, 4.1343 0.2313 -1.1627, 4.1343 0.2335 -1.1568, 4.1343 0.2247 -1.162, 4.1343 0.225 -1.1558, 4.1343 0.2166 -1.162, 4.1343 0.2097 -1.1558, 4.1343 0.2166 -1.2031, 4.1343 0.2097 -1.2092, 4.1343 0.2244 -1.2031, 4.1343 0.2244 -1.2092, 4.1343 0.231 -1.2024, 4.1343 0.2327 -1.2083, 4.1343 0.2356 -1.2008, 4.1343 0.2389 -1.206, 4.1343 0.2392 -1.1985, 4.1343 0.2442 -1.2026, 4.1343 0.2402 -1.1975, 4.1343 0.2451 -1.2017, 4.1343 0.243 -1.194, 4.1343 0.2489 -1.1973, 4.1343 0.2448 -1.19, 4.1343 0.2516 -1.1918, 4.1339 0.2244 -1.2092, 4.1339 0.2097 -1.2092, 4.1339 0.2327 -1.2083, 4.1339 0.2389 -1.206, 4.1339 0.2442 -1.2026, 4.1339 0.2451 -1.2017, 4.1339 0.2489 -1.1973, 4.1339 0.2516 -1.1918, 4.1339 0.253 -1.1856, 4.1339 0.2532 -1.1818, 4.1339 0.2525 -1.1751, 4.1339 0.2506 -1.1699, 4.1339 0.2474 -1.1651, 4.1339 0.2451 -1.1629, 4.1339 0.2399 -1.1592, 4.1339 0.2335 -1.1568, 4.1339 0.225 -1.1558, 4.1339 0.2097 -1.1558, 4.1339 0.2247 -1.162, 4.1339 0.2166 -1.162, 4.1339 0.2166 -1.2031, 4.1339 0.2244 -1.2031, 4.1339 0.2402 -1.1975, 4.1339 0.2392 -1.1985, 4.1339 0.2356 -1.2008, 4.1339 0.231 -1.2024, 4.1339 0.246 -1.182, 4.1339 0.2458 -1.185, 4.1339 0.2448 -1.19, 4.1339 0.243 -1.194, 4.1339 0.2401 -1.167, 4.1339 0.2419 -1.1688, 4.1339 0.2439 -1.1719, 4.1339 0.2453 -1.176, 4.1339 0.2313 -1.1627, 4.1339 0.236 -1.1643, 4.1339 0.236 -1.1643
            ]
        }
        coordIndex [
            0,1,2,-1,3,4,2,-1,2,4,5,-1,2,5,0,-1,3,6,4,-1,4,6,7,-1,4,7,8,-1,9,8,10,-1,10,8,7,-1,11,9,12,-1,12,9,10,-1,13,14,15,-1,15,14,11,-1,15,11,16,-1,16,11,12,-1,14,13,17,-1,17,13,18,-1,18,19,17,-1,17,19,20,-1,17,20,21,-1,21,20,22,-1,21,22,23,-1,23,22,24,-1,23,24,25,-1,25,24,26,-1,25,26,27,-1,27,26,28,-1,27,28,29,-1,29,28,30,-1,29,30,31,-1,31,30,32,-1,31,32,33,-1,33,32,34,-1,33,34,35,-1,35,34,36,-1,35,36,37,-1,37,36,38,-1,37,38,39,-1,39,38,40,-1,39,40,41,-1,41,40,42,-1,41,42,43,-1,43,42,44,-1,43,44,45,-1,45,44,46,-1,45,46,47,-1,47,46,48,-1,47,48,49,-1,49,48,50,-1,49,50,51,-1,51,50,52,-1,51,52,53,-1,53,52,54,-1,53,54,55,-1,55,54,56,-1,55,56,57,-1,57,56,58,-1,57,58,59,-1,59,58,60,-1,59,60,61,-1,61,60,62,-1,61,62,63,-1,63,62,64,-1,63,64,65,-1,65,64,66,-1,65,66,67,-1,67,66,68,-1,67,68,69,-1,69,68,70,-1,69,70,71,-1,71,70,72,-1,71,72,73,-1,73,72,74,-1,73,74,75,-1,76,75,77,-1,77,75,74,-1,76,77,78,-1,76,78,79,-1,79,78,80,-1,79,80,81,-1,81,80,82,-1,81,82,83,-1,83,82,84,-1,83,84,85,-1,85,84,86,-1,85,86,87,-1,87,86,88,-1,88,86,89,-1,89,90,88,-1,88,90,91,-1,88,91,92,-1,92,91,93,-1,92,93,94,-1,94,93,95,-1,94,95,96,-1,96,95,97,-1,96,97,98,-1,98,97,99,-1,98,99,100,-1,100,99,101,-1,100,101,102,-1,103,104,105,-1,102,101,106,-1,102,106,107,-1,107,106,108,-1,107,108,105,-1,105,108,109,-1,105,109,103,-1,104,103,110,-1,104,110,111,-1,111,110,112,-1,111,112,113,-1,113,112,114,-1,113,114,115,-1,115,114,116,-1,115,116,117,-1,117,116,118,-1,117,118,119,-1,119,118,120,-1,119,120,121,-1,121,120,122,-1,121,122,123,-1,123,122,124,-1,123,124,125,-1,125,124,126,-1,125,126,127,-1,127,126,128,-1,127,128,129,-1,129,128,130,-1,129,130,131,-1,131,130,132,-1,131,132,133,-1,133,132,134,-1,133,134,135,-1,135,134,1,-1,135,1,0,-1,61,63,85,-1,85,63,83,-1,111,43,104,-1,104,43,45,-1,21,23,127,-1,127,23,25,-1,127,25,125,-1,125,25,27,-1,125,27,123,-1,123,27,29,-1,123,29,121,-1,121,29,31,-1,121,31,119,-1,119,31,33,-1,119,33,117,-1,117,33,35,-1,117,35,115,-1,115,35,37,-1,115,37,113,-1,113,37,39,-1,113,39,111,-1,111,39,41,-1,111,41,43,-1,14,0,11,-1,11,0,5,-1,11,5,9,-1,9,5,4,-1,9,4,8,-1,63,65,83,-1,83,65,67,-1,83,67,81,-1,81,67,69,-1,81,69,79,-1,79,69,71,-1,79,71,76,-1,76,71,73,-1,76,73,75,-1,127,129,21,-1,21,129,131,-1,21,131,17,-1,17,131,133,-1,17,133,14,-1,14,133,135,-1,14,135,0,-1,85,87,61,-1,61,87,88,-1,61,88,59,-1,59,88,92,-1,59,92,57,-1,57,92,94,-1,57,94,55,-1,55,94,96,-1,55,96,53,-1,53,96,98,-1,53,98,51,-1,51,98,100,-1,51,100,49,-1,49,100,102,-1,49,102,47,-1,47,102,107,-1,47,107,45,-1,45,107,105,-1,45,105,104,-1,136,137,138,-1,138,137,139,-1,140,136,141,-1,141,136,138,-1,140,141,142,-1,140,142,143,-1,143,142,144,-1,143,144,145,-1,146,145,147,-1,147,145,144,-1,148,146,149,-1,149,146,147,-1,150,151,152,-1,152,151,148,-1,152,148,149,-1,153,151,154,-1,154,151,150,-1,155,156,157,-1,157,156,153,-1,157,153,154,-1,158,159,160,-1,160,159,156,-1,160,156,155,-1,159,158,161,-1,159,161,162,-1,162,161,163,-1,162,163,164,-1,163,165,164,-1,164,165,166,-1,164,166,167,-1,167,166,168,-1,167,168,169,-1,169,168,170,-1,169,170,171,-1,171,170,172,-1,171,172,173,-1,173,172,174,-1,173,174,175,-1,176,175,177,-1,177,175,174,-1,176,177,178,-1,176,178,179,-1,179,178,180,-1,179,180,181,-1,181,180,182,-1,183,184,182,-1,182,184,185,-1,182,185,181,-1,183,186,184,-1,184,186,187,-1,184,187,188,-1,188,187,189,-1,188,189,190,-1,190,189,191,-1,190,191,192,-1,192,191,193,-1,192,193,194,-1,139,137,195,-1,195,137,194,-1,195,194,193,-1,143,145,194,-1,137,136,194,-1,194,136,140,-1,194,140,143,-1,151,153,148,-1,148,153,156,-1,148,156,146,-1,192,162,190,-1,190,162,164,-1,175,176,173,-1,173,176,179,-1,173,179,171,-1,171,179,181,-1,171,181,169,-1,169,181,185,-1,169,185,167,-1,167,185,184,-1,167,184,164,-1,164,184,188,-1,164,188,190,-1,145,146,194,-1,194,146,156,-1,194,156,192,-1,192,156,159,-1,192,159,162,-1,196,197,198,-1,198,197,199,-1,200,201,202,-1,202,201,196,-1,202,196,198,-1,203,201,204,-1,204,201,200,-1,205,206,207,-1,207,206,203,-1,207,203,204,-1,208,206,209,-1,209,206,205,-1,210,211,212,-1,212,211,208,-1,212,208,209,-1,213,211,214,-1,214,211,210,-1,215,216,217,-1,217,216,213,-1,217,213,214,-1,218,216,219,-1,219,216,215,-1,220,221,222,-1,222,221,218,-1,222,218,219,-1,223,221,224,-1,224,221,220,-1,199,197,225,-1,225,197,223,-1,225,223,224,-1,223,197,196,-1,196,201,223,-1,223,201,203,-1,223,203,221,-1,216,218,213,-1,213,218,221,-1,213,221,211,-1,211,221,203,-1,211,203,208,-1,208,203,206,-1,226,227,228,-1,228,227,229,-1,228,229,230,-1,230,229,231,-1,230,231,232,-1,232,231,233,-1,232,233,234,-1,234,233,235,-1,234,235,236,-1,236,235,237,-1,236,237,238,-1,238,237,239,-1,238,239,240,-1,240,239,241,-1,240,241,242,-1,242,241,243,-1,242,243,244,-1,244,243,245,-1,244,245,246,-1,246,245,247,-1,246,247,248,-1,248,247,249,-1,248,249,250,-1,250,249,251,-1,250,251,252,-1,252,251,253,-1,252,253,254,-1,254,253,255,-1,254,255,256,-1,256,255,257,-1,256,257,258,-1,258,257,259,-1,258,259,260,-1,260,259,261,-1,260,261,226,-1,226,261,227,-1,249,247,262,-1,262,247,263,-1,249,262,264,-1,249,264,251,-1,251,264,265,-1,251,265,253,-1,253,265,266,-1,253,266,255,-1,255,266,267,-1,255,267,257,-1,257,267,268,-1,257,268,259,-1,259,268,269,-1,259,269,261,-1,261,269,270,-1,261,270,227,-1,227,270,271,-1,227,271,229,-1,229,271,272,-1,229,272,231,-1,231,272,273,-1,231,273,233,-1,233,273,274,-1,233,274,235,-1,235,274,275,-1,235,275,237,-1,237,275,276,-1,237,276,239,-1,239,276,277,-1,239,277,241,-1,241,277,278,-1,241,278,243,-1,245,243,279,-1,279,243,278,-1,247,245,263,-1,263,245,279,-1,242,244,280,-1,280,244,281,-1,244,246,281,-1,281,246,282,-1,246,248,282,-1,282,248,283,-1,256,284,285,-1,256,285,254,-1,254,285,286,-1,254,286,252,-1,252,286,287,-1,252,287,250,-1,250,287,283,-1,250,283,248,-1,228,288,289,-1,228,289,226,-1,226,289,290,-1,226,290,260,-1,260,290,291,-1,260,291,258,-1,258,291,284,-1,258,284,256,-1,236,292,293,-1,236,293,234,-1,234,293,294,-1,234,294,232,-1,232,294,295,-1,232,295,230,-1,230,295,288,-1,230,288,228,-1,242,280,296,-1,242,296,240,-1,240,296,297,-1,240,297,238,-1,238,297,292,-1,238,292,236,-1,
        ]
    }
}
Shape{
    appearance Appearance {
        material  Material 	{
            diffuseColor 1.0 1.0 1.0
            specularColor 0.5019607843137255 0.5019607843137255 0.5019607843137255
            ambientIntensity 0.2
            transparency 0
            shininess 0.5
        }
    }
    geometry IndexedFaceSet {
        ccw TRUE
        solid FALSE
        coord DEF co Coordinate {
            point [
                4.1339 0.2166 -1.162, 4.1339 0.2166 -1.2031, 4.1339 0.2247 -1.162, 4.1339 0.2244 -1.2031, 4.1339 0.231 -1.2024, 4.1339 0.2356 -1.2008, 4.1339 0.2392 -1.1985, 4.1339 0.2402 -1.1975, 4.1339 0.243 -1.194, 4.1339 0.2448 -1.19, 4.1339 0.2458 -1.185, 4.1339 0.246 -1.182, 4.1339 0.2453 -1.176, 4.1339 0.2439 -1.1719, 4.1339 0.2419 -1.1688, 4.1339 0.2401 -1.167, 4.1339 0.2313 -1.1627, 4.1339 0.236 -1.1643, 4.1339 0.236 -1.1643
            ]
        }
        coordIndex [
            0,1,2,-1,2,1,3,-1,2,3,4,-1,4,5,2,-1,2,5,6,-1,2,6,7,-1,7,8,2,-1,2,8,9,-1,2,9,10,-1,10,11,2,-1,2,11,12,-1,2,12,13,-1,13,14,2,-1,2,14,15,-1,2,15,16,-1,16,15,17,-1,
        ]
    }
}
Shape{
    appearance Appearance {
        material  Material 	{
            diffuseColor 0.0 0.0 0.0
            specularColor 0.0 0.0 0.0
            ambientIntensity 0.2
            transparency 0
            shininess 0.5
        }
    }
    geometry IndexedFaceSet {
        ccw TRUE
        solid FALSE
        coord DEF co Coordinate {
            point [
                4.1343 0.2711 -1.1886, 4.1343 0.2689 -1.1946, 4.1343 0.289 -1.1886, 4.1343 0.2911 -1.1946, 4.1343 0.2791 -1.1664, 4.1343 0.2765 -1.1558, 4.1343 0.2562 -1.2092, 4.1343 0.2638 -1.2092, 4.1343 0.2795 -1.1648, 4.1343 0.2799 -1.1626, 4.1343 0.2839 -1.1558, 4.1343 0.2801 -1.1626, 4.1343 0.2805 -1.1649, 4.1343 0.2809 -1.1664, 4.1343 0.3042 -1.2092, 4.1343 0.2966 -1.2092, 4.1339 0.2839 -1.1558, 4.1339 0.3042 -1.2092, 4.1339 0.2765 -1.1558, 4.1339 0.2562 -1.2092, 4.1339 0.2638 -1.2092, 4.1339 0.2689 -1.1946, 4.1339 0.2911 -1.1946, 4.1339 0.2966 -1.2092, 4.1339 0.2711 -1.1886, 4.1339 0.289 -1.1886, 4.1339 0.2809 -1.1664, 4.1339 0.2801 -1.1626, 4.1339 0.2805 -1.1649, 4.1339 0.2799 -1.1626, 4.1339 0.2791 -1.1664, 4.1339 0.2795 -1.1648, 4.1339 0.2795 -1.1648
            ]
        }
        coordIndex [
            0,1,2,-1,2,1,3,-1,4,5,0,-1,0,5,6,-1,0,6,1,-1,1,6,7,-1,4,8,5,-1,5,8,9,-1,5,9,10,-1,10,9,11,-1,10,11,12,-1,12,13,10,-1,10,13,2,-1,10,2,14,-1,14,2,3,-1,14,3,15,-1,10,14,16,-1,16,14,17,-1,5,10,18,-1,18,10,16,-1,6,5,19,-1,19,5,18,-1,7,6,20,-1,20,6,19,-1,1,7,21,-1,21,7,20,-1,3,1,22,-1,22,1,21,-1,15,3,23,-1,23,3,22,-1,14,15,17,-1,17,15,23,-1,0,2,24,-1,24,2,25,-1,2,13,25,-1,25,13,26,-1,11,27,28,-1,11,28,12,-1,12,28,26,-1,12,26,13,-1,11,9,27,-1,27,9,29,-1,4,30,31,-1,4,31,8,-1,8,31,29,-1,8,29,9,-1,4,0,30,-1,30,0,24,-1,
        ]
    }
}
Shape{
    appearance Appearance {
        material  Material 	{
            diffuseColor 1.0 1.0 1.0
            specularColor 0.5019607843137255 0.5019607843137255 0.5019607843137255
            ambientIntensity 0.2
            transparency 0
            shininess 0.5
        }
    }
    geometry IndexedFaceSet {
        ccw TRUE
        solid FALSE
        coord DEF co Coordinate {
            point [
                4.1339 0.2801 -1.1626, 4.1339 0.2799 -1.1626, 4.1339 0.2805 -1.1649, 4.1339 0.2795 -1.1648, 4.1339 0.2809 -1.1664, 4.1339 0.2791 -1.1664, 4.1339 0.289 -1.1886, 4.1339 0.2711 -1.1886, 4.1339 0.2711 -1.1886
            ]
        }
        coordIndex [
            0,1,2,-1,2,1,3,-1,2,3,4,-1,4,3,5,-1,4,5,6,-1,6,5,7,-1,
        ]
    }
}
Shape{
    appearance Appearance {
        material  Material 	{
            diffuseColor 0.0 0.0 0.0
            specularColor 0.0 0.0 0.0
            ambientIntensity 0.2
            transparency 0
            shininess 0.5
        }
    }
    geometry IndexedFaceSet {
        ccw TRUE
        solid FALSE
        coord DEF co Coordinate {
            point [
                4.1343 -0.1499 -1.219, 4.1343 -0.1452 -1.2107, 4.1343 -0.1428 -1.2014, 4.1343 -0.0575 -1.1816, 4.1343 -0.0642 -1.1848, 4.1343 -0.0579 -1.2071, 4.1343 -0.1948 -1.2015, 4.1343 -0.1955 -1.1979, 4.1343 -0.2161 -1.1832, 4.1343 -0.2164 -1.2086, 4.1343 -0.2213 -1.2072, 4.1343 -0.2245 -1.178, 4.1343 -0.0893 -1.1646, 4.1343 -0.1011 -1.1445, 4.1343 -0.1424 -1.1927, 4.1343 -0.1519 -1.171, 4.1343 -0.1424 -1.1965, 4.1343 -0.1625 -1.2299, 4.1343 -0.1549 -1.2246, 4.1343 -0.1933 -1.2047, 4.1343 -0.2067 -1.224, 4.1343 -0.2124 -1.2171, 4.1343 -0.0768 -1.127, 4.1343 -0.0737 -1.127, 4.1343 -0.0582 -1.1065, 4.1343 -0.0662 -1.128, 4.1343 -0.0551 -1.1076, 4.1343 -0.0596 -1.1306, 4.1343 -0.0439 -1.1135, 4.1343 -0.0339 -1.1224, 4.1343 -0.0692 -1.2094, 4.1343 -0.0715 -1.1862, 4.1343 -0.0916 -1.2094, 4.1343 -0.0885 -1.1862, 4.1343 -0.0937 -1.209, 4.1343 -0.1836 -1.1145, 4.1343 -0.1808 -1.116, 4.1343 -0.1925 -1.0883, 4.1343 -0.1758 -1.1054, 4.1343 -0.1847 -1.0792, 4.1343 -0.1677 -1.095, 4.1343 -0.1758 -1.0716, 4.1343 -0.1573 -1.087, 4.1343 -0.1666 -1.0659, 4.1343 -0.1687 -1.2055, 4.1343 -0.1708 -1.2078, 4.1343 -0.1737 -1.2099, 4.1343 -0.1709 -1.2332, 4.1343 -0.177 -1.2112, 4.1343 -0.1804 -1.2344, 4.1343 -0.1808 -1.2117, 4.1343 -0.1815 -1.2344, 4.1343 -0.1814 -1.2116, 4.1343 -0.1905 -1.2331, 4.1343 -0.1848 -1.2111, 4.1343 -0.1993 -1.2295, 4.1343 -0.1882 -1.2096, 4.1343 -0.1912 -1.2074, 4.1343 -0.1669 -1.1916, 4.1343 -0.1661 -1.1951, 4.1343 -0.1661 -1.1986, 4.1343 -0.167 -1.2022, 4.1343 -0.0538 -1.1348, 4.1343 -0.0502 -1.1387, 4.1343 -0.0264 -1.1334, 4.1343 -0.0465 -1.1451, 4.1343 -0.022 -1.1451, 4.1343 -0.0444 -1.1523, 4.1343 -0.0206 -1.1562, 4.1343 -0.0441 -1.1566, 4.1343 -0.0207 -1.1588, 4.1343 -0.0451 -1.1643, 4.1343 -0.1491 -1.0591, 4.1343 -0.145 -1.0817, 4.1343 -0.1303 -1.0568, 4.1343 -0.0787 -1.0765, 4.1343 -0.0903 -1.0973, 4.1343 -0.0662 -1.0909, 4.1343 -0.0826 -1.1083, 4.1343 -0.0778 -1.121, 4.1343 -0.1953 -1.1942, 4.1343 -0.1942 -1.1907, 4.1343 -0.2121 -1.1753, 4.1343 -0.1923 -1.1875, 4.1343 -0.2059 -1.1681, 4.1343 -0.1908 -1.1859, 4.1343 -0.1981 -1.1626, 4.1343 -0.1878 -1.1838, 4.1343 -0.1898 -1.1593, 4.1343 -0.1845 -1.1825, 4.1343 -0.1804 -1.1581, 4.1343 -0.1808 -1.1821, 4.1343 -0.1762 -1.1584, 4.1343 -0.1776 -1.1824, 4.1343 -0.167 -1.1606, 4.1343 -0.1741 -1.1837, 4.1343 -0.1589 -1.1648, 4.1343 -0.171 -1.1857, 4.1343 -0.1686 -1.1884, 4.1343 -0.0462 -1.2018, 4.1343 -0.0361 -1.1939, 4.1343 -0.052 -1.1768, 4.1343 -0.0346 -1.1923, 4.1343 -0.0478 -1.1711, 4.1343 -0.0278 -1.1831, 4.1343 -0.0227 -1.1712, 4.1343 -0.2376 -1.1388, 4.1343 -0.2626 -1.1455, 4.1343 -0.2388 -1.1483, 4.1343 -0.2627 -1.149, 4.1343 -0.2383 -1.1547, 4.1343 -0.2609 -1.164, 4.1343 -0.2354 -1.1639, 4.1343 -0.2554 -1.1781, 4.1343 -0.2312 -1.171, 4.1343 -0.2468 -1.1904, 4.1343 -0.235 -1.2005, 4.1343 -0.1921 -1.1114, 4.1343 -0.1969 -1.0878, 4.1343 -0.2009 -1.1103, 4.1343 -0.2013 -1.0876, 4.1343 -0.2058 -1.1106, 4.1343 -0.2163 -1.0894, 4.1343 -0.2151 -1.1131, 4.1343 -0.2303 -1.0949, 4.1343 -0.2234 -1.1178, 4.1343 -0.2424 -1.1034, 4.1343 -0.229 -1.1228, 4.1343 -0.2449 -1.1058, 4.1343 -0.2343 -1.1304, 4.1343 -0.2541 -1.1176, 4.1343 -0.2601 -1.1312, 4.1343 -0.0904 -1.1859, 4.1343 -0.0996 -1.2054, 4.1343 -0.0987 -1.2063, 4.1343 -0.1324 -1.0796, 4.1343 -0.1299 -1.0796, 4.1343 -0.1146 -1.0585, 4.1343 -0.1185 -1.0808, 4.1343 -0.0956 -1.0652, 4.1343 -0.1065 -1.085, 4.1343 -0.0956 -1.0921, 4.1343 -0.0893 -1.1861, 4.1343 -0.0962 -1.208, 4.1343 -0.1026 -1.1976, 4.1343 -0.1022 -1.2004, 4.1343 -0.1012 -1.203, 4.1343 -0.0938 -1.1862, 4.1343 -0.0964 -1.1873, 4.1343 -0.1025 -1.1961, 4.1343 -0.0987 -1.1889, 4.1343 -0.1003 -1.1906, 4.1343 -0.1017 -1.1932, 4.1343 -0.0908 -1.1858, 4.1339 -0.0206 -1.1562, 4.1339 -0.022 -1.1451, 4.1339 -0.0237 -1.1406, 4.1339 -0.0264 -1.1334, 4.1339 -0.0339 -1.1224, 4.1339 -0.0439 -1.1135, 4.1339 -0.0551 -1.1076, 4.1339 -0.0582 -1.1065, 4.1339 -0.0662 -1.0909, 4.1339 -0.0787 -1.0765, 4.1339 -0.0874 -1.0707, 4.1339 -0.0956 -1.0652, 4.1339 -0.1146 -1.0585, 4.1339 -0.1303 -1.0568, 4.1339 -0.1758 -1.0716, 4.1339 -0.1743 -1.0707, 4.1339 -0.1666 -1.0659, 4.1339 -0.1491 -1.0591, 4.1339 -0.1847 -1.0792, 4.1339 -0.1925 -1.0883, 4.1339 -0.1969 -1.0878, 4.1339 -0.2013 -1.0876, 4.1339 -0.2163 -1.0894, 4.1339 -0.2303 -1.0949, 4.1339 -0.2424 -1.1034, 4.1339 -0.2449 -1.1058, 4.1339 -0.2627 -1.149, 4.1339 -0.2541 -1.1176, 4.1339 -0.2601 -1.1312, 4.1339 -0.2618 -1.1406, 4.1339 -0.2626 -1.1455, 4.1339 -0.2609 -1.164, 4.1339 -0.2554 -1.1781, 4.1339 -0.2468 -1.1904, 4.1339 -0.235 -1.2005, 4.1339 -0.2213 -1.2072, 4.1339 -0.2164 -1.2086, 4.1339 -0.216 -1.2096, 4.1339 -0.2124 -1.2171, 4.1339 -0.2067 -1.224, 4.1339 -0.1993 -1.2295, 4.1339 -0.1961 -1.2308, 4.1339 -0.1905 -1.2331, 4.1339 -0.1815 -1.2344, 4.1339 -0.1804 -1.2344, 4.1339 -0.1424 -1.1965, 4.1339 -0.1709 -1.2332, 4.1339 -0.1647 -1.2308, 4.1339 -0.1625 -1.2299, 4.1339 -0.1549 -1.2246, 4.1339 -0.1499 -1.219, 4.1339 -0.1452 -1.2107, 4.1339 -0.1449 -1.2096, 4.1339 -0.1428 -1.2014, 4.1339 -0.1424 -1.1927, 4.1339 -0.0893 -1.1646, 4.1339 -0.1011 -1.1445, 4.1339 -0.1519 -1.171, 4.1339 -0.1589 -1.1648, 4.1339 -0.167 -1.1606, 4.1339 -0.1762 -1.1584, 4.1339 -0.1804 -1.1581, 4.1339 -0.1898 -1.1593, 4.1339 -0.1981 -1.1626, 4.1339 -0.2059 -1.1681, 4.1339 -0.2121 -1.1753, 4.1339 -0.2161 -1.1832, 4.1339 -0.2245 -1.178, 4.1339 -0.2312 -1.171, 4.1339 -0.2354 -1.1639, 4.1339 -0.2383 -1.1547, 4.1339 -0.2388 -1.1483, 4.1339 -0.2379 -1.1406, 4.1339 -0.2376 -1.1388, 4.1339 -0.2343 -1.1304, 4.1339 -0.229 -1.1228, 4.1339 -0.2234 -1.1178, 4.1339 -0.2151 -1.1131, 4.1339 -0.2058 -1.1106, 4.1339 -0.2009 -1.1103, 4.1339 -0.1921 -1.1114, 4.1339 -0.1836 -1.1145, 4.1339 -0.1808 -1.116, 4.1339 -0.1758 -1.1054, 4.1339 -0.1677 -1.095, 4.1339 -0.1573 -1.087, 4.1339 -0.145 -1.0817, 4.1339 -0.1324 -1.0796, 4.1339 -0.1299 -1.0796, 4.1339 -0.1185 -1.0808, 4.1339 -0.1065 -1.085, 4.1339 -0.0956 -1.0921, 4.1339 -0.0903 -1.0973, 4.1339 -0.0826 -1.1083, 4.1339 -0.0778 -1.121, 4.1339 -0.0768 -1.127, 4.1339 -0.0737 -1.127, 4.1339 -0.0662 -1.128, 4.1339 -0.0596 -1.1306, 4.1339 -0.0538 -1.1348, 4.1339 -0.0502 -1.1387, 4.1339 -0.0491 -1.1406, 4.1339 -0.0465 -1.1451, 4.1339 -0.0444 -1.1523, 4.1339 -0.0441 -1.1566, 4.1339 -0.0451 -1.1643, 4.1339 -0.0478 -1.1711, 4.1339 -0.052 -1.1768, 4.1339 -0.0575 -1.1816, 4.1339 -0.0642 -1.1848, 4.1339 -0.0715 -1.1862, 4.1339 -0.0885 -1.1862, 4.1339 -0.0893 -1.1861, 4.1339 -0.0904 -1.1859, 4.1339 -0.0908 -1.1858, 4.1339 -0.0938 -1.1862, 4.1339 -0.0964 -1.1873, 4.1339 -0.0987 -1.1889, 4.1339 -0.1003 -1.1906, 4.1339 -0.1017 -1.1932, 4.1339 -0.1025 -1.1961, 4.1339 -0.1026 -1.1976, 4.1339 -0.1022 -1.2004, 4.1339 -0.1012 -1.203, 4.1339 -0.0996 -1.2054, 4.1339 -0.0987 -1.2063, 4.1339 -0.0962 -1.208, 4.1339 -0.0937 -1.209, 4.1339 -0.0916 -1.2094, 4.1339 -0.0692 -1.2094, 4.1339 -0.0579 -1.2071, 4.1339 -0.0462 -1.2018, 4.1339 -0.0361 -1.1939, 4.1339 -0.0346 -1.1923, 4.1339 -0.0278 -1.1831, 4.1339 -0.0227 -1.1712, 4.1339 -0.0207 -1.1588, 4.1339 -0.1808 -1.1821, 4.1339 -0.1776 -1.1824, 4.1339 -0.1741 -1.1837, 4.1339 -0.171 -1.1857, 4.1339 -0.1686 -1.1884, 4.1339 -0.1669 -1.1916, 4.1339 -0.1661 -1.1951, 4.1339 -0.1661 -1.1986, 4.1339 -0.167 -1.2022, 4.1339 -0.1687 -1.2055, 4.1339 -0.1708 -1.2078, 4.1339 -0.1737 -1.2099, 4.1339 -0.177 -1.2112, 4.1339 -0.1808 -1.2117, 4.1339 -0.1814 -1.2116, 4.1339 -0.1848 -1.2111, 4.1339 -0.1882 -1.2096, 4.1339 -0.1912 -1.2074, 4.1339 -0.1933 -1.2047, 4.1339 -0.1948 -1.2015, 4.1339 -0.1955 -1.1979, 4.1339 -0.1953 -1.1942, 4.1339 -0.1942 -1.1907, 4.1339 -0.1923 -1.1875, 4.1339 -0.1908 -1.1859, 4.1339 -0.1878 -1.1838, 4.1339 -0.1845 -1.1825, 4.1339 -0.1845 -1.1825
            ]
        }
        coordIndex [
            0,1,2,-1,3,4,5,-1,6,7,8,-1,9,8,10,-1,10,8,11,-1,12,13,14,-1,14,13,15,-1,14,15,16,-1,16,15,17,-1,16,17,2,-1,2,17,18,-1,2,18,0,-1,19,6,20,-1,20,6,8,-1,20,8,21,-1,21,8,9,-1,22,23,24,-1,24,23,25,-1,24,25,26,-1,26,25,27,-1,26,27,28,-1,28,27,29,-1,5,4,30,-1,30,4,31,-1,30,31,32,-1,32,31,33,-1,32,33,34,-1,35,36,37,-1,37,36,38,-1,37,38,39,-1,39,38,40,-1,39,40,41,-1,41,40,42,-1,41,42,43,-1,44,45,17,-1,17,45,46,-1,17,46,47,-1,47,46,48,-1,47,48,49,-1,49,48,50,-1,49,50,51,-1,51,50,52,-1,51,52,53,-1,53,52,54,-1,53,54,55,-1,55,54,56,-1,55,56,20,-1,20,56,57,-1,20,57,19,-1,58,59,15,-1,15,59,60,-1,15,60,17,-1,17,60,61,-1,17,61,44,-1,27,62,29,-1,29,62,63,-1,29,63,64,-1,64,63,65,-1,64,65,66,-1,66,65,67,-1,66,67,68,-1,68,67,69,-1,68,69,70,-1,70,69,71,-1,43,42,72,-1,72,42,73,-1,72,73,74,-1,75,76,77,-1,77,76,78,-1,77,78,24,-1,24,78,79,-1,24,79,22,-1,7,80,8,-1,8,80,81,-1,8,81,82,-1,82,81,83,-1,82,83,84,-1,84,83,85,-1,84,85,86,-1,86,85,87,-1,86,87,88,-1,88,87,89,-1,88,89,90,-1,90,89,91,-1,90,91,92,-1,92,91,93,-1,92,93,94,-1,94,93,95,-1,94,95,96,-1,96,95,97,-1,96,97,15,-1,15,97,98,-1,15,98,58,-1,5,99,3,-1,3,99,100,-1,3,100,101,-1,101,100,102,-1,101,102,103,-1,103,102,104,-1,103,104,71,-1,71,104,105,-1,71,105,70,-1,106,107,108,-1,108,107,109,-1,108,109,110,-1,110,109,111,-1,110,111,112,-1,112,111,113,-1,112,113,114,-1,114,113,115,-1,114,115,11,-1,11,115,116,-1,11,116,10,-1,35,37,117,-1,117,37,118,-1,117,118,119,-1,119,118,120,-1,119,120,121,-1,121,120,122,-1,121,122,123,-1,123,122,124,-1,123,124,125,-1,125,124,126,-1,125,126,127,-1,127,126,128,-1,127,128,129,-1,129,128,130,-1,129,130,106,-1,106,130,131,-1,106,131,107,-1,132,133,134,-1,73,135,74,-1,74,135,136,-1,74,136,137,-1,137,136,138,-1,137,138,139,-1,139,138,140,-1,139,140,75,-1,75,140,141,-1,75,141,76,-1,33,142,34,-1,34,142,132,-1,34,132,143,-1,143,132,134,-1,144,145,132,-1,132,145,146,-1,132,146,133,-1,147,148,149,-1,148,150,149,-1,149,150,151,-1,149,151,152,-1,144,132,149,-1,149,132,153,-1,149,153,147,-1,68,154,155,-1,68,155,66,-1,66,155,156,-1,66,156,64,-1,156,157,64,-1,64,157,158,-1,64,158,29,-1,29,158,159,-1,29,159,28,-1,28,159,160,-1,28,160,26,-1,26,160,161,-1,26,161,24,-1,24,161,162,-1,24,162,77,-1,77,162,163,-1,77,163,75,-1,139,75,164,-1,164,75,163,-1,164,165,139,-1,139,165,166,-1,139,166,137,-1,137,166,167,-1,137,167,74,-1,168,41,169,-1,169,41,43,-1,169,43,170,-1,170,43,72,-1,170,72,171,-1,171,72,74,-1,171,74,167,-1,41,168,172,-1,41,172,39,-1,39,172,173,-1,39,173,37,-1,37,173,174,-1,37,174,118,-1,118,174,175,-1,118,175,120,-1,120,175,176,-1,120,176,122,-1,122,176,177,-1,122,177,124,-1,124,177,178,-1,124,178,126,-1,126,178,179,-1,126,179,128,-1,180,109,107,-1,128,179,181,-1,128,181,130,-1,130,181,182,-1,130,182,131,-1,131,182,183,-1,131,183,107,-1,107,183,184,-1,107,184,180,-1,109,180,185,-1,109,185,111,-1,111,185,186,-1,111,186,113,-1,113,186,187,-1,113,187,115,-1,115,187,188,-1,115,188,116,-1,116,188,189,-1,116,189,10,-1,10,189,190,-1,10,190,9,-1,9,190,191,-1,9,191,21,-1,191,192,21,-1,21,192,193,-1,21,193,20,-1,20,193,194,-1,20,194,55,-1,55,194,195,-1,55,195,53,-1,195,196,53,-1,53,196,197,-1,53,197,51,-1,51,197,198,-1,51,198,49,-1,199,16,2,-1,49,198,200,-1,49,200,47,-1,47,200,201,-1,47,201,17,-1,201,202,17,-1,17,202,203,-1,17,203,18,-1,18,203,204,-1,18,204,0,-1,0,204,205,-1,0,205,1,-1,1,205,206,-1,1,206,2,-1,2,206,207,-1,2,207,199,-1,14,16,208,-1,208,16,199,-1,12,14,209,-1,209,14,208,-1,13,12,210,-1,210,12,209,-1,15,13,211,-1,211,13,210,-1,15,211,212,-1,15,212,96,-1,96,212,213,-1,96,213,94,-1,94,213,214,-1,94,214,92,-1,92,214,215,-1,92,215,90,-1,90,215,216,-1,90,216,88,-1,88,216,217,-1,88,217,86,-1,86,217,218,-1,86,218,84,-1,84,218,219,-1,84,219,82,-1,82,219,220,-1,82,220,8,-1,8,220,221,-1,8,221,11,-1,11,221,222,-1,11,222,114,-1,114,222,223,-1,114,223,112,-1,112,223,224,-1,112,224,110,-1,110,224,225,-1,110,225,108,-1,106,108,226,-1,226,108,225,-1,226,227,106,-1,106,227,228,-1,106,228,129,-1,129,228,229,-1,129,229,127,-1,127,229,230,-1,127,230,125,-1,125,230,231,-1,125,231,123,-1,123,231,232,-1,123,232,121,-1,121,232,233,-1,121,233,119,-1,119,233,234,-1,119,234,117,-1,117,234,235,-1,117,235,35,-1,35,235,236,-1,35,236,36,-1,36,236,237,-1,36,237,38,-1,38,237,238,-1,38,238,40,-1,40,238,239,-1,40,239,42,-1,42,239,240,-1,42,240,73,-1,73,240,241,-1,73,241,135,-1,135,241,242,-1,135,242,136,-1,136,242,243,-1,136,243,138,-1,138,243,244,-1,138,244,140,-1,140,244,245,-1,140,245,141,-1,141,245,246,-1,141,246,76,-1,76,246,247,-1,76,247,78,-1,78,247,248,-1,78,248,79,-1,79,248,249,-1,79,249,22,-1,23,22,250,-1,250,22,249,-1,23,250,251,-1,23,251,25,-1,25,251,252,-1,25,252,27,-1,27,252,253,-1,27,253,62,-1,62,253,254,-1,62,254,63,-1,63,254,255,-1,63,255,65,-1,255,256,65,-1,65,256,257,-1,65,257,67,-1,67,257,258,-1,67,258,69,-1,69,258,259,-1,69,259,71,-1,71,259,260,-1,71,260,103,-1,103,260,261,-1,103,261,101,-1,101,261,262,-1,101,262,3,-1,3,262,263,-1,3,263,4,-1,4,263,264,-1,4,264,31,-1,33,31,265,-1,265,31,264,-1,33,265,266,-1,33,266,142,-1,142,266,267,-1,142,267,132,-1,132,267,268,-1,132,268,153,-1,153,268,269,-1,153,269,147,-1,147,269,270,-1,147,270,148,-1,148,270,271,-1,148,271,150,-1,150,271,272,-1,150,272,151,-1,151,272,273,-1,151,273,152,-1,152,273,274,-1,152,274,149,-1,149,274,275,-1,149,275,144,-1,144,275,276,-1,144,276,145,-1,145,276,277,-1,145,277,146,-1,146,277,278,-1,146,278,133,-1,133,278,279,-1,133,279,134,-1,134,279,280,-1,134,280,143,-1,143,280,281,-1,143,281,34,-1,34,281,282,-1,34,282,32,-1,30,32,283,-1,283,32,282,-1,30,283,284,-1,30,284,5,-1,5,284,285,-1,5,285,99,-1,99,285,286,-1,99,286,100,-1,100,286,287,-1,100,287,102,-1,102,287,288,-1,102,288,104,-1,104,288,289,-1,104,289,105,-1,105,289,290,-1,105,290,70,-1,70,290,154,-1,70,154,68,-1,91,291,292,-1,91,292,93,-1,93,292,293,-1,93,293,95,-1,95,293,294,-1,95,294,97,-1,97,294,295,-1,97,295,98,-1,98,295,296,-1,98,296,58,-1,58,296,297,-1,58,297,59,-1,59,297,298,-1,59,298,60,-1,60,298,299,-1,60,299,61,-1,61,299,300,-1,61,300,44,-1,44,300,301,-1,44,301,45,-1,45,301,302,-1,45,302,46,-1,46,302,303,-1,46,303,48,-1,48,303,304,-1,48,304,50,-1,50,304,305,-1,50,305,52,-1,52,305,306,-1,52,306,54,-1,54,306,307,-1,54,307,56,-1,56,307,308,-1,56,308,57,-1,57,308,309,-1,57,309,19,-1,19,309,310,-1,19,310,6,-1,6,310,311,-1,6,311,7,-1,7,311,312,-1,7,312,80,-1,80,312,313,-1,80,313,81,-1,81,313,314,-1,81,314,83,-1,83,314,315,-1,83,315,85,-1,85,315,316,-1,85,316,87,-1,87,316,317,-1,87,317,89,-1,89,317,291,-1,89,291,91,-1,
        ]
    }
}
Shape{
    appearance Appearance {
        material  Material 	{
            diffuseColor 1.0 1.0 1.0
            specularColor 0.5019607843137255 0.5019607843137255 0.5019607843137255
            ambientIntensity 0.2
            transparency 0
            shininess 0.5
        }
    }
    geometry IndexedFaceSet {
        ccw TRUE
        solid FALSE
        coord DEF co Coordinate {
            point [
                4.1339 -0.1814 -1.2116, 4.1339 -0.1908 -1.1859, 4.1339 -0.1923 -1.1875, 4.1339 -0.177 -1.2112, 4.1339 -0.1737 -1.2099, 4.1339 -0.1776 -1.1824, 4.1339 -0.1808 -1.1821, 4.1339 -0.1845 -1.1825, 4.1339 -0.1878 -1.1838, 4.1339 -0.1948 -1.2015, 4.1339 -0.1933 -1.2047, 4.1339 -0.1912 -1.2074, 4.1339 -0.1808 -1.2117, 4.1339 -0.1942 -1.1907, 4.1339 -0.1953 -1.1942, 4.1339 -0.1955 -1.1979, 4.1339 -0.1882 -1.2096, 4.1339 -0.1848 -1.2111, 4.1339 -0.1708 -1.2078, 4.1339 -0.1687 -1.2055, 4.1339 -0.167 -1.2022, 4.1339 -0.1661 -1.1986, 4.1339 -0.1661 -1.1951, 4.1339 -0.1669 -1.1916, 4.1339 -0.1686 -1.1884, 4.1339 -0.171 -1.1857, 4.1339 -0.1741 -1.1837, 4.1339 -0.1741 -1.1837
            ]
        }
        coordIndex [
            0,1,2,-1,3,4,5,-1,6,7,0,-1,0,7,8,-1,0,8,1,-1,9,10,2,-1,2,10,11,-1,6,0,5,-1,5,0,12,-1,5,12,3,-1,13,14,2,-1,2,14,15,-1,2,15,9,-1,11,16,2,-1,2,16,17,-1,2,17,0,-1,4,18,5,-1,5,18,19,-1,5,19,20,-1,20,21,5,-1,5,21,22,-1,5,22,23,-1,23,24,5,-1,5,24,25,-1,5,25,26,-1,
        ]
    }
}
Shape{
    appearance Appearance {
        material  Material 	{
            diffuseColor 0.9882352941176471 0.7372549019607844 0.5176470588235295
            specularColor 0.49411764705882355 0.3686274509803922 0.25882352941176473
            ambientIntensity 0.2
            transparency 0
            shininess 0.5
        }
    }
    geometry IndexedFaceSet {
        ccw TRUE
        solid FALSE
        coord DEF co Coordinate {
            point [
                -1.6929 -0.0775 -2.1457, -1.8504 -0.0775 -2.1457, -1.6929 -0.8563 -2.1457, -1.8504 -0.8563 -2.1457, -1.7384 -0.935 -2.1457, -1.8049 -0.935 -2.1457, -1.7384 -0.935 -2.185, -1.8049 -0.935 -2.185, -1.6929 -0.8563 -2.185, -1.8504 -0.8563 -2.185, -1.6929 -0.0775 -2.185, -1.8504 -0.0775 -2.185, -1.8504 -0.0488 -2.182, -1.6929 -0.0488 -2.182, -1.8504 -0.0214 -2.1731, -1.6929 -0.0214 -2.1731, -1.8504 0.0035 -2.1587, -1.6929 0.0035 -2.1587, -1.8504 0.0249 -2.1394, -1.6929 0.0249 -2.1394, -1.8504 0.0419 -2.1161, -1.6929 0.0419 -2.1161, -1.6929 0.0646 -2.0768, -1.8504 0.0646 -2.0768, -1.6929 0.0767 -2.0601, -1.8504 0.0767 -2.0601, -1.6929 0.092 -2.0464, -1.8504 0.092 -2.0464, -1.6929 0.1098 -2.0361, -1.8504 0.1098 -2.0361, -1.6929 0.1294 -2.0297, -1.8504 0.1294 -2.0297, -1.6929 0.1498 -2.0276, -1.8504 0.1498 -2.0276, -1.6929 0.1575 -2.0276, -1.8504 0.1575 -2.0276, -1.8504 0.1881 -2.0241, -1.6929 0.1881 -2.0241, -1.8504 0.2173 -2.0139, -1.6929 0.2173 -2.0139, -1.8504 0.2434 -1.9975, -1.6929 0.2434 -1.9975, -1.8504 0.2652 -1.9757, -1.6929 0.2652 -1.9757, -1.8504 0.2816 -1.9496, -1.6929 0.2816 -1.9496, -1.8504 0.2918 -1.9204, -1.6929 0.2918 -1.9204, -1.8504 0.2953 -1.8898, -1.6929 0.2953 -1.8898, -1.6929 0.2953 -0.3543, -1.8504 0.2953 -0.3543, -1.8504 0.2914 -0.3218, -1.6929 0.2914 -0.3218, -1.8504 0.2799 -0.2911, -1.6929 0.2799 -0.2911, -1.8504 0.2615 -0.2639, -1.6929 0.2615 -0.2639, -1.8504 0.2372 -0.2419, -1.6929 0.2372 -0.2419, -1.8504 0.2084 -0.2263, -1.6929 0.2084 -0.2263, -1.8504 0.1767 -0.2179, -1.6929 0.1767 -0.2179, -1.8504 0.1439 -0.2172, -1.6929 0.1439 -0.2172, -1.8504 0.1119 -0.2243, -1.6929 0.1119 -0.2243, -1.8504 0.0824 -0.2388, -1.6929 0.0824 -0.2388, -1.6929 -0.2321 -0.443, -1.8504 -0.2321 -0.443, -1.8504 -0.2674 -0.4716, -1.6929 -0.2674 -0.4716, -1.8504 -0.296 -0.507, -1.6929 -0.296 -0.507, -1.8504 -0.3165 -0.5475, -1.6929 -0.3165 -0.5475, -1.8504 -0.3281 -0.5914, -1.6929 -0.3281 -0.5914, -1.8504 -0.3304 -0.6368, -1.6929 -0.3304 -0.6368, -1.8504 -0.3231 -0.6817, -1.6929 -0.3231 -0.6817, -1.8504 -0.3066 -0.724, -1.6929 -0.3066 -0.724, -1.6929 -0.1234 -1.0786, -1.8504 -0.1234 -1.0786, -1.6929 -0.0884 -1.0605, -1.8504 -0.0884 -1.0605, -1.6929 -0.2716 -0.7059, -1.8504 -0.2716 -0.7059, -1.6929 -0.2866 -0.6653, -1.8504 -0.2866 -0.6653, -1.6929 -0.2913 -0.6222, -1.8504 -0.2913 -0.6222, -1.6929 -0.2854 -0.5792, -1.8504 -0.2854 -0.5792, -1.6929 -0.2693 -0.539, -1.8504 -0.2693 -0.539, -1.6929 -0.2439 -0.5039, -1.8504 -0.2439 -0.5039, -1.6929 -0.2107 -0.476, -1.8504 -0.2107 -0.476, -1.6929 0.1039 -0.2718, -1.8504 0.1039 -0.2718, -1.6929 0.1249 -0.2615, -1.8504 0.1249 -0.2615, -1.6929 0.1478 -0.2564, -1.8504 0.1478 -0.2564, -1.6929 0.1712 -0.2569, -1.8504 0.1712 -0.2569, -1.6929 0.1938 -0.2629, -1.8504 0.1938 -0.2629, -1.6929 0.2144 -0.274, -1.8504 0.2144 -0.274, -1.6929 0.2318 -0.2898, -1.8504 0.2318 -0.2898, -1.6929 0.2449 -0.3091, -1.8504 0.2449 -0.3091, -1.6929 0.2531 -0.3311, -1.8504 0.2531 -0.3311, -1.6929 0.2559 -0.3543, -1.8504 0.2559 -0.3543, -1.6929 0.2559 -1.8898, -1.8504 0.2559 -1.8898, -1.6929 0.2526 -1.9152, -1.8504 0.2526 -1.9152, -1.6929 0.2427 -1.939, -1.8504 0.2427 -1.939, -1.6929 0.2271 -1.9594, -1.8504 0.2271 -1.9594, -1.6929 0.2067 -1.975, -1.8504 0.2067 -1.975, -1.6929 0.183 -1.9848, -1.8504 0.183 -1.9848, -1.6929 0.1575 -1.9882, -1.8504 0.1575 -1.9882, -1.6929 0.1498 -1.9882, -1.8504 0.1498 -1.9882, -1.8504 0.1212 -1.9912, -1.6929 0.1212 -1.9912, -1.8504 0.0938 -2.0001, -1.6929 0.0938 -2.0001, -1.8504 0.0688 -2.0145, -1.6929 0.0688 -2.0145, -1.8504 0.0474 -2.0338, -1.6929 0.0474 -2.0338, -1.8504 0.0305 -2.0571, -1.6929 0.0305 -2.0571, -1.6929 0.0078 -2.0965, -1.8504 0.0078 -2.0965, -1.6929 -0.0043 -2.1131, -1.8504 -0.0043 -2.1131, -1.6929 -0.0196 -2.1269, -1.8504 -0.0196 -2.1269, -1.6929 -0.0374 -2.1372, -1.8504 -0.0374 -2.1372, -1.6929 -0.057 -2.1435, -1.8504 -0.057 -2.1435, -1.4112 0.935 -2.185, -1.3447 0.935 -2.185, -1.4567 0.8563 -2.185, -1.2992 0.8563 -2.185, -1.4567 0.3937 -2.185, -1.2992 0.3937 -2.185, -1.3447 0.935 -2.1457, -1.4112 0.935 -2.1457, -1.4567 0.3937 -2.1457, -1.2992 0.3937 -2.1457, -1.4567 0.8563 -2.1457, -1.2992 0.8563 -2.1457, -1.2992 0.3682 -2.1423, -1.4567 0.3682 -2.1423, -1.2992 0.3445 -2.1325, -1.4567 0.3445 -2.1325, -1.2992 0.3241 -2.1168, -1.4567 0.3241 -2.1168, -1.2992 0.3085 -2.0965, -1.4567 0.3085 -2.0965, -1.2992 0.2986 -2.0727, -1.4567 0.2986 -2.0727, -1.2992 0.2953 -2.0472, -1.4567 0.2953 -2.0472, -1.2992 0.2953 -0.3543, -1.4567 0.2953 -0.3543, -1.4567 0.2914 -0.3218, -1.2992 0.2914 -0.3218, -1.4567 0.2799 -0.2911, -1.2992 0.2799 -0.2911, -1.4567 0.2615 -0.2639, -1.2992 0.2615 -0.2639, -1.4567 0.2372 -0.2419, -1.2992 0.2372 -0.2419, -1.4567 0.2084 -0.2263, -1.2992 0.2084 -0.2263, -1.4567 0.1767 -0.2179, -1.2992 0.1767 -0.2179, -1.4567 0.1439 -0.2172, -1.2992 0.1439 -0.2172, -1.4567 0.1119 -0.2243, -1.2992 0.1119 -0.2243, -1.4567 0.0824 -0.2388, -1.2992 0.0824 -0.2388, -1.2992 -0.2321 -0.443, -1.4567 -0.2321 -0.443, -1.4567 -0.2674 -0.4716, -1.2992 -0.2674 -0.4716, -1.4567 -0.296 -0.507, -1.2992 -0.296 -0.507, -1.4567 -0.3165 -0.5475, -1.2992 -0.3165 -0.5475, -1.4567 -0.3281 -0.5914, -1.2992 -0.3281 -0.5914, -1.4567 -0.3304 -0.6368, -1.2992 -0.3304 -0.6368, -1.4567 -0.3231 -0.6817, -1.2992 -0.3231 -0.6817, -1.4567 -0.3066 -0.724, -1.2992 -0.3066 -0.724, -1.2992 -0.1234 -1.0786, -1.4567 -0.1234 -1.0786, -1.2992 -0.0884 -1.0605, -1.4567 -0.0884 -1.0605, -1.2992 -0.2716 -0.7059, -1.4567 -0.2716 -0.7059, -1.2992 -0.2866 -0.6653, -1.4567 -0.2866 -0.6653, -1.2992 -0.2913 -0.6222, -1.4567 -0.2913 -0.6222, -1.2992 -0.2854 -0.5792, -1.4567 -0.2854 -0.5792, -1.2992 -0.2693 -0.539, -1.4567 -0.2693 -0.539, -1.2992 -0.2439 -0.5039, -1.4567 -0.2439 -0.5039, -1.2992 -0.2107 -0.476, -1.4567 -0.2107 -0.476, -1.2992 0.1039 -0.2718, -1.4567 0.1039 -0.2718, -1.2992 0.1249 -0.2615, -1.4567 0.1249 -0.2615, -1.2992 0.1478 -0.2564, -1.4567 0.1478 -0.2564, -1.2992 0.1712 -0.2569, -1.4567 0.1712 -0.2569, -1.2992 0.1938 -0.2629, -1.4567 0.1938 -0.2629, -1.2992 0.2144 -0.274, -1.4567 0.2144 -0.274, -1.2992 0.2318 -0.2898, -1.4567 0.2318 -0.2898, -1.2992 0.2449 -0.3091, -1.4567 0.2449 -0.3091, -1.2992 0.2531 -0.3311, -1.4567 0.2531 -0.3311, -1.2992 0.2559 -0.3543, -1.4567 0.2559 -0.3543, -1.2992 0.2559 -2.0472, -1.4567 0.2559 -2.0472, -1.4567 0.2606 -2.0829, -1.2992 0.2606 -2.0829, -1.4567 0.2744 -2.1161, -1.2992 0.2744 -2.1161, -1.4567 0.2963 -2.1447, -1.2992 0.2963 -2.1447, -1.4567 0.3248 -2.1666, -1.2992 0.3248 -2.1666, -1.4567 0.358 -2.1803, -1.2992 0.358 -2.1803, -0.9055 -0.0775 -2.1457, -1.063 -0.0775 -2.1457, -0.9055 -0.8563 -2.1457, -1.063 -0.8563 -2.1457, -0.951 -0.935 -2.1457, -1.0175 -0.935 -2.1457, -0.951 -0.935 -2.185, -1.0175 -0.935 -2.185, -0.9055 -0.8563 -2.185, -1.063 -0.8563 -2.185, -0.9055 -0.0775 -2.185, -1.063 -0.0775 -2.185, -1.063 -0.0488 -2.182, -0.9055 -0.0488 -2.182, -1.063 -0.0214 -2.1731, -0.9055 -0.0214 -2.1731, -1.063 0.0035 -2.1587, -0.9055 0.0035 -2.1587, -1.063 0.0249 -2.1394, -0.9055 0.0249 -2.1394, -1.063 0.0419 -2.1161, -0.9055 0.0419 -2.1161, -0.9055 0.0646 -2.0768, -1.063 0.0646 -2.0768, -0.9055 0.0767 -2.0601, -1.063 0.0767 -2.0601, -0.9055 0.092 -2.0464, -1.063 0.092 -2.0464, -0.9055 0.1098 -2.0361, -1.063 0.1098 -2.0361, -0.9055 0.1294 -2.0297, -1.063 0.1294 -2.0297, -0.9055 0.1498 -2.0276, -1.063 0.1498 -2.0276, -0.9055 0.1575 -2.0276, -1.063 0.1575 -2.0276, -1.063 0.1881 -2.0241, -0.9055 0.1881 -2.0241, -1.063 0.2173 -2.0139, -0.9055 0.2173 -2.0139, -1.063 0.2434 -1.9975, -0.9055 0.2434 -1.9975, -1.063 0.2652 -1.9757, -0.9055 0.2652 -1.9757, -1.063 0.2816 -1.9496, -0.9055 0.2816 -1.9496, -1.063 0.2918 -1.9204, -0.9055 0.2918 -1.9204, -1.063 0.2953 -1.8898, -0.9055 0.2953 -1.8898, -0.9055 0.2953 -0.3543, -1.063 0.2953 -0.3543, -1.063 0.2914 -0.3218, -0.9055 0.2914 -0.3218, -1.063 0.2799 -0.2911, -0.9055 0.2799 -0.2911, -1.063 0.2615 -0.2639, -0.9055 0.2615 -0.2639, -1.063 0.2372 -0.2419, -0.9055 0.2372 -0.2419, -1.063 0.2084 -0.2263, -0.9055 0.2084 -0.2263, -1.063 0.1767 -0.2179, -0.9055 0.1767 -0.2179, -1.063 0.1439 -0.2172, -0.9055 0.1439 -0.2172, -1.063 0.1119 -0.2243, -0.9055 0.1119 -0.2243, -1.063 0.0824 -0.2388, -0.9055 0.0824 -0.2388, -0.9055 -0.2321 -0.443, -1.063 -0.2321 -0.443, -1.063 -0.2674 -0.4716, -0.9055 -0.2674 -0.4716, -1.063 -0.296 -0.507, -0.9055 -0.296 -0.507, -1.063 -0.3165 -0.5475, -0.9055 -0.3165 -0.5475, -1.063 -0.3281 -0.5914, -0.9055 -0.3281 -0.5914, -1.063 -0.3304 -0.6368, -0.9055 -0.3304 -0.6368, -1.063 -0.3231 -0.6817, -0.9055 -0.3231 -0.6817, -1.063 -0.3066 -0.724, -0.9055 -0.3066 -0.724, -0.9055 -0.1234 -1.0786, -1.063 -0.1234 -1.0786, -0.9055 -0.0884 -1.0605, -1.063 -0.0884 -1.0605, -0.9055 -0.2716 -0.7059, -1.063 -0.2716 -0.7059, -0.9055 -0.2866 -0.6653, -1.063 -0.2866 -0.6653, -0.9055 -0.2913 -0.6222, -1.063 -0.2913 -0.6222, -0.9055 -0.2854 -0.5792, -1.063 -0.2854 -0.5792, -0.9055 -0.2693 -0.539, -1.063 -0.2693 -0.539, -0.9055 -0.2439 -0.5039, -1.063 -0.2439 -0.5039, -0.9055 -0.2107 -0.476, -1.063 -0.2107 -0.476, -0.9055 0.1039 -0.2718, -1.063 0.1039 -0.2718, -0.9055 0.1249 -0.2615, -1.063 0.1249 -0.2615, -0.9055 0.1478 -0.2564, -1.063 0.1478 -0.2564, -0.9055 0.1712 -0.2569, -1.063 0.1712 -0.2569, -0.9055 0.1938 -0.2629, -1.063 0.1938 -0.2629, -0.9055 0.2144 -0.274, -1.063 0.2144 -0.274, -0.9055 0.2318 -0.2898, -1.063 0.2318 -0.2898, -0.9055 0.2449 -0.3091, -1.063 0.2449 -0.3091, -0.9055 0.2531 -0.3311, -1.063 0.2531 -0.3311, -0.9055 0.2559 -0.3543, -1.063 0.2559 -0.3543, -0.9055 0.2559 -1.8898, -1.063 0.2559 -1.8898, -0.9055 0.2526 -1.9152, -1.063 0.2526 -1.9152, -0.9055 0.2427 -1.939, -1.063 0.2427 -1.939, -0.9055 0.2271 -1.9594, -1.063 0.2271 -1.9594, -0.9055 0.2067 -1.975, -1.063 0.2067 -1.975, -0.9055 0.183 -1.9848, -1.063 0.183 -1.9848, -0.9055 0.1575 -1.9882, -1.063 0.1575 -1.9882, -0.9055 0.1498 -1.9882, -1.063 0.1498 -1.9882, -1.063 0.1212 -1.9912, -0.9055 0.1212 -1.9912, -1.063 0.0938 -2.0001, -0.9055 0.0938 -2.0001, -1.063 0.0688 -2.0145, -0.9055 0.0688 -2.0145, -1.063 0.0474 -2.0338, -0.9055 0.0474 -2.0338, -1.063 0.0305 -2.0571, -0.9055 0.0305 -2.0571, -0.9055 0.0078 -2.0965, -1.063 0.0078 -2.0965, -0.9055 -0.0043 -2.1131, -1.063 -0.0043 -2.1131, -0.9055 -0.0196 -2.1269, -1.063 -0.0196 -2.1269, -0.9055 -0.0374 -2.1372, -1.063 -0.0374 -2.1372, -0.9055 -0.057 -2.1435, -1.063 -0.057 -2.1435, -0.1181 -0.0775 -2.1457, -0.2756 -0.0775 -2.1457, -0.1181 -0.8563 -2.1457, -0.2756 -0.8563 -2.1457, -0.1636 -0.935 -2.1457, -0.2301 -0.935 -2.1457, -0.1636 -0.935 -2.185, -0.2301 -0.935 -2.185, -0.1181 -0.8563 -2.185, -0.2756 -0.8563 -2.185, -0.1181 -0.0775 -2.185, -0.2756 -0.0775 -2.185, -0.2756 -0.0488 -2.182, -0.1181 -0.0488 -2.182, -0.2756 -0.0214 -2.1731, -0.1181 -0.0214 -2.1731, -0.2756 0.0035 -2.1587, -0.1181 0.0035 -2.1587, -0.2756 0.0249 -2.1394, -0.1181 0.0249 -2.1394, -0.2756 0.0419 -2.1161, -0.1181 0.0419 -2.1161, -0.1181 0.0646 -2.0768, -0.2756 0.0646 -2.0768, -0.1181 0.0767 -2.0601, -0.2756 0.0767 -2.0601, -0.1181 0.092 -2.0464, -0.2756 0.092 -2.0464, -0.1181 0.1098 -2.0361, -0.2756 0.1098 -2.0361, -0.1181 0.1294 -2.0297, -0.2756 0.1294 -2.0297, -0.1181 0.1498 -2.0276, -0.2756 0.1498 -2.0276, -0.1181 0.1575 -2.0276, -0.2756 0.1575 -2.0276, -0.2756 0.1881 -2.0241, -0.1181 0.1881 -2.0241, -0.2756 0.2173 -2.0139, -0.1181 0.2173 -2.0139, -0.2756 0.2434 -1.9975, -0.1181 0.2434 -1.9975, -0.2756 0.2652 -1.9757, -0.1181 0.2652 -1.9757, -0.2756 0.2816 -1.9496, -0.1181 0.2816 -1.9496, -0.2756 0.2918 -1.9204, -0.1181 0.2918 -1.9204, -0.2756 0.2953 -1.8898, -0.1181 0.2953 -1.8898, -0.1181 0.2953 -0.3543, -0.2756 0.2953 -0.3543, -0.2756 0.2914 -0.3218, -0.1181 0.2914 -0.3218, -0.2756 0.2799 -0.2911, -0.1181 0.2799 -0.2911, -0.2756 0.2615 -0.2639, -0.1181 0.2615 -0.2639, -0.2756 0.2372 -0.2419, -0.1181 0.2372 -0.2419, -0.2756 0.2084 -0.2263, -0.1181 0.2084 -0.2263, -0.2756 0.1767 -0.2179, -0.1181 0.1767 -0.2179, -0.2756 0.1439 -0.2172, -0.1181 0.1439 -0.2172, -0.2756 0.1119 -0.2243, -0.1181 0.1119 -0.2243, -0.2756 0.0824 -0.2388, -0.1181 0.0824 -0.2388, -0.1181 -0.2321 -0.443, -0.2756 -0.2321 -0.443, -0.2756 -0.2674 -0.4716, -0.1181 -0.2674 -0.4716, -0.2756 -0.296 -0.507, -0.1181 -0.296 -0.507, -0.2756 -0.3165 -0.5475, -0.1181 -0.3165 -0.5475, -0.2756 -0.3281 -0.5914, -0.1181 -0.3281 -0.5914, -0.2756 -0.3304 -0.6368, -0.1181 -0.3304 -0.6368, -0.2756 -0.3231 -0.6817, -0.1181 -0.3231 -0.6817, -0.2756 -0.3066 -0.724, -0.1181 -0.3066 -0.724, -0.1181 -0.1234 -1.0786, -0.2756 -0.1234 -1.0786, -0.1181 -0.0884 -1.0605, -0.2756 -0.0884 -1.0605, -0.1181 -0.2716 -0.7059, -0.2756 -0.2716 -0.7059, -0.1181 -0.2866 -0.6653, -0.2756 -0.2866 -0.6653, -0.1181 -0.2913 -0.6222, -0.2756 -0.2913 -0.6222, -0.1181 -0.2854 -0.5792, -0.2756 -0.2854 -0.5792, -0.1181 -0.2693 -0.539, -0.2756 -0.2693 -0.539, -0.1181 -0.2439 -0.5039, -0.2756 -0.2439 -0.5039, -0.1181 -0.2107 -0.476, -0.2756 -0.2107 -0.476, -0.1181 0.1039 -0.2718, -0.2756 0.1039 -0.2718, -0.1181 0.1249 -0.2615, -0.2756 0.1249 -0.2615, -0.1181 0.1478 -0.2564, -0.2756 0.1478 -0.2564, -0.1181 0.1712 -0.2569, -0.2756 0.1712 -0.2569, -0.1181 0.1938 -0.2629, -0.2756 0.1938 -0.2629, -0.1181 0.2144 -0.274, -0.2756 0.2144 -0.274, -0.1181 0.2318 -0.2898, -0.2756 0.2318 -0.2898, -0.1181 0.2449 -0.3091, -0.2756 0.2449 -0.3091, -0.1181 0.2531 -0.3311, -0.2756 0.2531 -0.3311, -0.1181 0.2559 -0.3543, -0.2756 0.2559 -0.3543, -0.1181 0.2559 -1.8898, -0.2756 0.2559 -1.8898, -0.1181 0.2526 -1.9152, -0.2756 0.2526 -1.9152, -0.1181 0.2427 -1.939, -0.2756 0.2427 -1.939, -0.1181 0.2271 -1.9594, -0.2756 0.2271 -1.9594, -0.1181 0.2067 -1.975, -0.2756 0.2067 -1.975, -0.1181 0.183 -1.9848, -0.2756 0.183 -1.9848, -0.1181 0.1575 -1.9882, -0.2756 0.1575 -1.9882, -0.1181 0.1498 -1.9882, -0.2756 0.1498 -1.9882, -0.2756 0.1212 -1.9912, -0.1181 0.1212 -1.9912, -0.2756 0.0938 -2.0001, -0.1181 0.0938 -2.0001, -0.2756 0.0688 -2.0145, -0.1181 0.0688 -2.0145, -0.2756 0.0474 -2.0338, -0.1181 0.0474 -2.0338, -0.2756 0.0305 -2.0571, -0.1181 0.0305 -2.0571, -0.1181 0.0078 -2.0965, -0.2756 0.0078 -2.0965, -0.1181 -0.0043 -2.1131, -0.2756 -0.0043 -2.1131, -0.1181 -0.0196 -2.1269, -0.2756 -0.0196 -2.1269, -0.1181 -0.0374 -2.1372, -0.2756 -0.0374 -2.1372, -0.1181 -0.057 -2.1435, -0.2756 -0.057 -2.1435, 0.6693 -0.0775 -2.1457, 0.5118 -0.0775 -2.1457, 0.6693 -0.8563 -2.1457, 0.5118 -0.8563 -2.1457, 0.6238 -0.935 -2.1457, 0.5573 -0.935 -2.1457, 0.6238 -0.935 -2.185, 0.5573 -0.935 -2.185, 0.6693 -0.8563 -2.185, 0.5118 -0.8563 -2.185, 0.6693 -0.0775 -2.185, 0.5118 -0.0775 -2.185, 0.5118 -0.0488 -2.182, 0.6693 -0.0488 -2.182, 0.5118 -0.0214 -2.1731, 0.6693 -0.0214 -2.1731, 0.5118 0.0035 -2.1587, 0.6693 0.0035 -2.1587, 0.5118 0.0249 -2.1394, 0.6693 0.0249 -2.1394, 0.5118 0.0419 -2.1161, 0.6693 0.0419 -2.1161, 0.6693 0.0646 -2.0768, 0.5118 0.0646 -2.0768, 0.6693 0.0767 -2.0601, 0.5118 0.0767 -2.0601, 0.6693 0.092 -2.0464, 0.5118 0.092 -2.0464, 0.6693 0.1098 -2.0361, 0.5118 0.1098 -2.0361, 0.6693 0.1294 -2.0297, 0.5118 0.1294 -2.0297, 0.6693 0.1498 -2.0276, 0.5118 0.1498 -2.0276, 0.6693 0.1575 -2.0276, 0.5118 0.1575 -2.0276, 0.5118 0.1881 -2.0241, 0.6693 0.1881 -2.0241, 0.5118 0.2173 -2.0139, 0.6693 0.2173 -2.0139, 0.5118 0.2434 -1.9975, 0.6693 0.2434 -1.9975, 0.5118 0.2652 -1.9757, 0.6693 0.2652 -1.9757, 0.5118 0.2816 -1.9496, 0.6693 0.2816 -1.9496, 0.5118 0.2918 -1.9204, 0.6693 0.2918 -1.9204, 0.5118 0.2953 -1.8898, 0.6693 0.2953 -1.8898, 0.6693 0.2953 -0.3543, 0.5118 0.2953 -0.3543, 0.5118 0.2914 -0.3218, 0.6693 0.2914 -0.3218, 0.5118 0.2799 -0.2911, 0.6693 0.2799 -0.2911, 0.5118 0.2615 -0.2639, 0.6693 0.2615 -0.2639, 0.5118 0.2372 -0.2419, 0.6693 0.2372 -0.2419, 0.5118 0.2084 -0.2263, 0.6693 0.2084 -0.2263, 0.5118 0.1767 -0.2179, 0.6693 0.1767 -0.2179, 0.5118 0.1439 -0.2172, 0.6693 0.1439 -0.2172, 0.5118 0.1119 -0.2243, 0.6693 0.1119 -0.2243, 0.5118 0.0824 -0.2388, 0.6693 0.0824 -0.2388, 0.6693 -0.2321 -0.443, 0.5118 -0.2321 -0.443, 0.5118 -0.2674 -0.4716, 0.6693 -0.2674 -0.4716, 0.5118 -0.296 -0.507, 0.6693 -0.296 -0.507, 0.5118 -0.3165 -0.5475, 0.6693 -0.3165 -0.5475, 0.5118 -0.3281 -0.5914, 0.6693 -0.3281 -0.5914, 0.5118 -0.3304 -0.6368, 0.6693 -0.3304 -0.6368, 0.5118 -0.3231 -0.6817, 0.6693 -0.3231 -0.6817, 0.5118 -0.3066 -0.724, 0.6693 -0.3066 -0.724, 0.6693 -0.1234 -1.0786, 0.5118 -0.1234 -1.0786, 0.6693 -0.0884 -1.0605, 0.5118 -0.0884 -1.0605, 0.6693 -0.2716 -0.7059, 0.5118 -0.2716 -0.7059, 0.6693 -0.2866 -0.6653, 0.5118 -0.2866 -0.6653, 0.6693 -0.2913 -0.6222, 0.5118 -0.2913 -0.6222, 0.6693 -0.2854 -0.5792, 0.5118 -0.2854 -0.5792, 0.6693 -0.2693 -0.539, 0.5118 -0.2693 -0.539, 0.6693 -0.2439 -0.5039, 0.5118 -0.2439 -0.5039, 0.6693 -0.2107 -0.476, 0.5118 -0.2107 -0.476, 0.6693 0.1039 -0.2718, 0.5118 0.1039 -0.2718, 0.6693 0.1249 -0.2615, 0.5118 0.1249 -0.2615, 0.6693 0.1478 -0.2564, 0.5118 0.1478 -0.2564, 0.6693 0.1712 -0.2569, 0.5118 0.1712 -0.2569, 0.6693 0.1938 -0.2629, 0.5118 0.1938 -0.2629, 0.6693 0.2144 -0.274, 0.5118 0.2144 -0.274, 0.6693 0.2318 -0.2898, 0.5118 0.2318 -0.2898, 0.6693 0.2449 -0.3091, 0.5118 0.2449 -0.3091, 0.6693 0.2531 -0.3311, 0.5118 0.2531 -0.3311, 0.6693 0.2559 -0.3543, 0.5118 0.2559 -0.3543, 0.6693 0.2559 -1.8898, 0.5118 0.2559 -1.8898, 0.6693 0.2526 -1.9152, 0.5118 0.2526 -1.9152, 0.6693 0.2427 -1.939, 0.5118 0.2427 -1.939, 0.6693 0.2271 -1.9594, 0.5118 0.2271 -1.9594, 0.6693 0.2067 -1.975, 0.5118 0.2067 -1.975, 0.6693 0.183 -1.9848, 0.5118 0.183 -1.9848, 0.6693 0.1575 -1.9882, 0.5118 0.1575 -1.9882, 0.6693 0.1498 -1.9882, 0.5118 0.1498 -1.9882, 0.5118 0.1212 -1.9912, 0.6693 0.1212 -1.9912, 0.5118 0.0938 -2.0001, 0.6693 0.0938 -2.0001, 0.5118 0.0688 -2.0145, 0.6693 0.0688 -2.0145, 0.5118 0.0474 -2.0338, 0.6693 0.0474 -2.0338, 0.5118 0.0305 -2.0571, 0.6693 0.0305 -2.0571, 0.6693 0.0078 -2.0965, 0.5118 0.0078 -2.0965, 0.6693 -0.0043 -2.1131, 0.5118 -0.0043 -2.1131, 0.6693 -0.0196 -2.1269, 0.5118 -0.0196 -2.1269, 0.6693 -0.0374 -2.1372, 0.5118 -0.0374 -2.1372, 0.6693 -0.057 -2.1435, 0.5118 -0.057 -2.1435, -0.6238 0.935 -2.185, -0.5573 0.935 -2.185, -0.6693 0.8563 -2.185, -0.5118 0.8563 -2.185, -0.6693 0.3937 -2.185, -0.5118 0.3937 -2.185, -0.5573 0.935 -2.1457, -0.6238 0.935 -2.1457, -0.6693 0.3937 -2.1457, -0.5118 0.3937 -2.1457, -0.6693 0.8563 -2.1457, -0.5118 0.8563 -2.1457, -0.5118 0.3682 -2.1423, -0.6693 0.3682 -2.1423, -0.5118 0.3445 -2.1325, -0.6693 0.3445 -2.1325, -0.5118 0.3241 -2.1168, -0.6693 0.3241 -2.1168, -0.5118 0.3085 -2.0965, -0.6693 0.3085 -2.0965, -0.5118 0.2986 -2.0727, -0.6693 0.2986 -2.0727, -0.5118 0.2953 -2.0472, -0.6693 0.2953 -2.0472, -0.5118 0.2953 -0.3543, -0.6693 0.2953 -0.3543, -0.6693 0.2914 -0.3218, -0.5118 0.2914 -0.3218, -0.6693 0.2799 -0.2911, -0.5118 0.2799 -0.2911, -0.6693 0.2615 -0.2639, -0.5118 0.2615 -0.2639, -0.6693 0.2372 -0.2419, -0.5118 0.2372 -0.2419, -0.6693 0.2084 -0.2263, -0.5118 0.2084 -0.2263, -0.6693 0.1767 -0.2179, -0.5118 0.1767 -0.2179, -0.6693 0.1439 -0.2172, -0.5118 0.1439 -0.2172, -0.6693 0.1119 -0.2243, -0.5118 0.1119 -0.2243, -0.6693 0.0824 -0.2388, -0.5118 0.0824 -0.2388, -0.5118 -0.2321 -0.443, -0.6693 -0.2321 -0.443, -0.6693 -0.2674 -0.4716, -0.5118 -0.2674 -0.4716, -0.6693 -0.296 -0.507, -0.5118 -0.296 -0.507, -0.6693 -0.3165 -0.5475, -0.5118 -0.3165 -0.5475, -0.6693 -0.3281 -0.5914, -0.5118 -0.3281 -0.5914, -0.6693 -0.3304 -0.6368, -0.5118 -0.3304 -0.6368, -0.6693 -0.3231 -0.6817, -0.5118 -0.3231 -0.6817, -0.6693 -0.3066 -0.724, -0.5118 -0.3066 -0.724, -0.5118 -0.1234 -1.0786, -0.6693 -0.1234 -1.0786, -0.5118 -0.0884 -1.0605, -0.6693 -0.0884 -1.0605, -0.5118 -0.2716 -0.7059, -0.6693 -0.2716 -0.7059, -0.5118 -0.2866 -0.6653, -0.6693 -0.2866 -0.6653, -0.5118 -0.2913 -0.6222, -0.6693 -0.2913 -0.6222, -0.5118 -0.2854 -0.5792, -0.6693 -0.2854 -0.5792, -0.5118 -0.2693 -0.539, -0.6693 -0.2693 -0.539, -0.5118 -0.2439 -0.5039, -0.6693 -0.2439 -0.5039, -0.5118 -0.2107 -0.476, -0.6693 -0.2107 -0.476, -0.5118 0.1039 -0.2718, -0.6693 0.1039 -0.2718, -0.5118 0.1249 -0.2615, -0.6693 0.1249 -0.2615, -0.5118 0.1478 -0.2564, -0.6693 0.1478 -0.2564, -0.5118 0.1712 -0.2569, -0.6693 0.1712 -0.2569, -0.5118 0.1938 -0.2629, -0.6693 0.1938 -0.2629, -0.5118 0.2144 -0.274, -0.6693 0.2144 -0.274, -0.5118 0.2318 -0.2898, -0.6693 0.2318 -0.2898, -0.5118 0.2449 -0.3091, -0.6693 0.2449 -0.3091, -0.5118 0.2531 -0.3311, -0.6693 0.2531 -0.3311, -0.5118 0.2559 -0.3543, -0.6693 0.2559 -0.3543, -0.5118 0.2559 -2.0472, -0.6693 0.2559 -2.0472, -0.6693 0.2606 -2.0829, -0.5118 0.2606 -2.0829, -0.6693 0.2744 -2.1161, -0.5118 0.2744 -2.1161, -0.6693 0.2963 -2.1447, -0.5118 0.2963 -2.1447, -0.6693 0.3248 -2.1666, -0.5118 0.3248 -2.1666, -0.6693 0.358 -2.1803, -0.5118 0.358 -2.1803, 0.1636 0.935 -2.185, 0.2301 0.935 -2.185, 0.1181 0.8563 -2.185, 0.2756 0.8563 -2.185, 0.1181 0.3937 -2.185, 0.2756 0.3937 -2.185, 0.2301 0.935 -2.1457, 0.1636 0.935 -2.1457, 0.1181 0.3937 -2.1457, 0.2756 0.3937 -2.1457, 0.1181 0.8563 -2.1457, 0.2756 0.8563 -2.1457, 0.2756 0.3682 -2.1423, 0.1181 0.3682 -2.1423, 0.2756 0.3445 -2.1325, 0.1181 0.3445 -2.1325, 0.2756 0.3241 -2.1168, 0.1181 0.3241 -2.1168, 0.2756 0.3085 -2.0965, 0.1181 0.3085 -2.0965, 0.2756 0.2986 -2.0727, 0.1181 0.2986 -2.0727, 0.2756 0.2953 -2.0472, 0.1181 0.2953 -2.0472, 0.2756 0.2953 -0.3543, 0.1181 0.2953 -0.3543, 0.1181 0.2914 -0.3218, 0.2756 0.2914 -0.3218, 0.1181 0.2799 -0.2911, 0.2756 0.2799 -0.2911, 0.1181 0.2615 -0.2639, 0.2756 0.2615 -0.2639, 0.1181 0.2372 -0.2419, 0.2756 0.2372 -0.2419, 0.1181 0.2084 -0.2263, 0.2756 0.2084 -0.2263, 0.1181 0.1767 -0.2179, 0.2756 0.1767 -0.2179, 0.1181 0.1439 -0.2172, 0.2756 0.1439 -0.2172, 0.1181 0.1119 -0.2243, 0.2756 0.1119 -0.2243, 0.1181 0.0824 -0.2388, 0.2756 0.0824 -0.2388, 0.2756 -0.2321 -0.443, 0.1181 -0.2321 -0.443, 0.1181 -0.2674 -0.4716, 0.2756 -0.2674 -0.4716, 0.1181 -0.296 -0.507, 0.2756 -0.296 -0.507, 0.1181 -0.3165 -0.5475, 0.2756 -0.3165 -0.5475, 0.1181 -0.3281 -0.5914, 0.2756 -0.3281 -0.5914, 0.1181 -0.3304 -0.6368, 0.2756 -0.3304 -0.6368, 0.1181 -0.3231 -0.6817, 0.2756 -0.3231 -0.6817, 0.1181 -0.3066 -0.724, 0.2756 -0.3066 -0.724, 0.2756 -0.1234 -1.0786, 0.1181 -0.1234 -1.0786, 0.2756 -0.0884 -1.0605, 0.1181 -0.0884 -1.0605, 0.2756 -0.2716 -0.7059, 0.1181 -0.2716 -0.7059, 0.2756 -0.2866 -0.6653, 0.1181 -0.2866 -0.6653, 0.2756 -0.2913 -0.6222, 0.1181 -0.2913 -0.6222, 0.2756 -0.2854 -0.5792, 0.1181 -0.2854 -0.5792, 0.2756 -0.2693 -0.539, 0.1181 -0.2693 -0.539, 0.2756 -0.2439 -0.5039, 0.1181 -0.2439 -0.5039, 0.2756 -0.2107 -0.476, 0.1181 -0.2107 -0.476, 0.2756 0.1039 -0.2718, 0.1181 0.1039 -0.2718, 0.2756 0.1249 -0.2615, 0.1181 0.1249 -0.2615, 0.2756 0.1478 -0.2564, 0.1181 0.1478 -0.2564, 0.2756 0.1712 -0.2569, 0.1181 0.1712 -0.2569, 0.2756 0.1938 -0.2629, 0.1181 0.1938 -0.2629, 0.2756 0.2144 -0.274, 0.1181 0.2144 -0.274, 0.2756 0.2318 -0.2898, 0.1181 0.2318 -0.2898, 0.2756 0.2449 -0.3091, 0.1181 0.2449 -0.3091, 0.2756 0.2531 -0.3311, 0.1181 0.2531 -0.3311, 0.2756 0.2559 -0.3543, 0.1181 0.2559 -0.3543, 0.2756 0.2559 -2.0472, 0.1181 0.2559 -2.0472, 0.1181 0.2606 -2.0829, 0.2756 0.2606 -2.0829, 0.1181 0.2744 -2.1161, 0.2756 0.2744 -2.1161, 0.1181 0.2963 -2.1447, 0.2756 0.2963 -2.1447, 0.1181 0.3248 -2.1666, 0.2756 0.3248 -2.1666, 0.1181 0.358 -2.1803, 0.2756 0.358 -2.1803, 0.951 0.935 -2.185, 1.0175 0.935 -2.185, 0.9055 0.8563 -2.185, 1.063 0.8563 -2.185, 0.9055 0.3937 -2.185, 1.063 0.3937 -2.185, 1.0175 0.935 -2.1457, 0.951 0.935 -2.1457, 0.9055 0.3937 -2.1457, 1.063 0.3937 -2.1457, 0.9055 0.8563 -2.1457, 1.063 0.8563 -2.1457, 1.063 0.3682 -2.1423, 0.9055 0.3682 -2.1423, 1.063 0.3445 -2.1325, 0.9055 0.3445 -2.1325, 1.063 0.3241 -2.1168, 0.9055 0.3241 -2.1168, 1.063 0.3085 -2.0965, 0.9055 0.3085 -2.0965, 1.063 0.2986 -2.0727, 0.9055 0.2986 -2.0727, 1.063 0.2953 -2.0472, 0.9055 0.2953 -2.0472, 1.063 0.2953 -0.3543, 0.9055 0.2953 -0.3543, 0.9055 0.2914 -0.3218, 1.063 0.2914 -0.3218, 0.9055 0.2799 -0.2911, 1.063 0.2799 -0.2911, 0.9055 0.2615 -0.2639, 1.063 0.2615 -0.2639, 0.9055 0.2372 -0.2419, 1.063 0.2372 -0.2419, 0.9055 0.2084 -0.2263, 1.063 0.2084 -0.2263, 0.9055 0.1767 -0.2179, 1.063 0.1767 -0.2179, 0.9055 0.1439 -0.2172, 1.063 0.1439 -0.2172, 0.9055 0.1119 -0.2243, 1.063 0.1119 -0.2243, 0.9055 0.0824 -0.2388, 1.063 0.0824 -0.2388, 1.063 -0.2321 -0.443, 0.9055 -0.2321 -0.443, 0.9055 -0.2674 -0.4716, 1.063 -0.2674 -0.4716, 0.9055 -0.296 -0.507, 1.063 -0.296 -0.507, 0.9055 -0.3165 -0.5475, 1.063 -0.3165 -0.5475, 0.9055 -0.3281 -0.5914, 1.063 -0.3281 -0.5914, 0.9055 -0.3304 -0.6368, 1.063 -0.3304 -0.6368, 0.9055 -0.3231 -0.6817, 1.063 -0.3231 -0.6817, 0.9055 -0.3066 -0.724, 1.063 -0.3066 -0.724, 1.063 -0.1234 -1.0786, 0.9055 -0.1234 -1.0786, 1.063 -0.0884 -1.0605, 0.9055 -0.0884 -1.0605, 1.063 -0.2716 -0.7059, 0.9055 -0.2716 -0.7059, 1.063 -0.2866 -0.6653, 0.9055 -0.2866 -0.6653, 1.063 -0.2913 -0.6222, 0.9055 -0.2913 -0.6222, 1.063 -0.2854 -0.5792, 0.9055 -0.2854 -0.5792, 1.063 -0.2693 -0.539, 0.9055 -0.2693 -0.539, 1.063 -0.2439 -0.5039, 0.9055 -0.2439 -0.5039, 1.063 -0.2107 -0.476, 0.9055 -0.2107 -0.476, 1.063 0.1039 -0.2718, 0.9055 0.1039 -0.2718, 1.063 0.1249 -0.2615, 0.9055 0.1249 -0.2615, 1.063 0.1478 -0.2564, 0.9055 0.1478 -0.2564, 1.063 0.1712 -0.2569, 0.9055 0.1712 -0.2569, 1.063 0.1938 -0.2629, 0.9055 0.1938 -0.2629, 1.063 0.2144 -0.274, 0.9055 0.2144 -0.274, 1.063 0.2318 -0.2898, 0.9055 0.2318 -0.2898, 1.063 0.2449 -0.3091, 0.9055 0.2449 -0.3091, 1.063 0.2531 -0.3311, 0.9055 0.2531 -0.3311, 1.063 0.2559 -0.3543, 0.9055 0.2559 -0.3543, 1.063 0.2559 -2.0472, 0.9055 0.2559 -2.0472, 0.9055 0.2606 -2.0829, 1.063 0.2606 -2.0829, 0.9055 0.2744 -2.1161, 1.063 0.2744 -2.1161, 0.9055 0.2963 -2.1447, 1.063 0.2963 -2.1447, 0.9055 0.3248 -2.1666, 1.063 0.3248 -2.1666, 0.9055 0.358 -2.1803, 1.063 0.358 -2.1803, 1.4567 -0.0775 -2.1457, 1.2992 -0.0775 -2.1457, 1.4567 -0.8563 -2.1457, 1.2992 -0.8563 -2.1457, 1.4112 -0.935 -2.1457, 1.3447 -0.935 -2.1457, 1.4112 -0.935 -2.185, 1.3447 -0.935 -2.185, 1.4567 -0.8563 -2.185, 1.2992 -0.8563 -2.185, 1.4567 -0.0775 -2.185, 1.2992 -0.0775 -2.185, 1.2992 -0.0488 -2.182, 1.4567 -0.0488 -2.182, 1.2992 -0.0214 -2.1731, 1.4567 -0.0214 -2.1731, 1.2992 0.0035 -2.1587, 1.4567 0.0035 -2.1587, 1.2992 0.0249 -2.1394, 1.4567 0.0249 -2.1394, 1.2992 0.0419 -2.1161, 1.4567 0.0419 -2.1161, 1.4567 0.0646 -2.0768, 1.2992 0.0646 -2.0768, 1.4567 0.0767 -2.0601, 1.2992 0.0767 -2.0601, 1.4567 0.092 -2.0464, 1.2992 0.092 -2.0464, 1.4567 0.1098 -2.0361, 1.2992 0.1098 -2.0361, 1.4567 0.1294 -2.0297, 1.2992 0.1294 -2.0297, 1.4567 0.1498 -2.0276, 1.2992 0.1498 -2.0276, 1.4567 0.1575 -2.0276, 1.2992 0.1575 -2.0276, 1.2992 0.1881 -2.0241, 1.4567 0.1881 -2.0241, 1.2992 0.2173 -2.0139, 1.4567 0.2173 -2.0139, 1.2992 0.2434 -1.9975, 1.4567 0.2434 -1.9975, 1.2992 0.2652 -1.9757, 1.4567 0.2652 -1.9757, 1.2992 0.2816 -1.9496, 1.4567 0.2816 -1.9496, 1.2992 0.2918 -1.9204, 1.4567 0.2918 -1.9204, 1.2992 0.2953 -1.8898, 1.4567 0.2953 -1.8898, 1.4567 0.2953 -0.3543, 1.2992 0.2953 -0.3543, 1.2992 0.2914 -0.3218, 1.4567 0.2914 -0.3218, 1.2992 0.2799 -0.2911, 1.4567 0.2799 -0.2911, 1.2992 0.2615 -0.2639, 1.4567 0.2615 -0.2639, 1.2992 0.2372 -0.2419, 1.4567 0.2372 -0.2419, 1.2992 0.2084 -0.2263, 1.4567 0.2084 -0.2263, 1.2992 0.1767 -0.2179, 1.4567 0.1767 -0.2179, 1.2992 0.1439 -0.2172, 1.4567 0.1439 -0.2172, 1.2992 0.1119 -0.2243, 1.4567 0.1119 -0.2243, 1.2992 0.0824 -0.2388, 1.4567 0.0824 -0.2388, 1.4567 -0.2321 -0.443, 1.2992 -0.2321 -0.443, 1.2992 -0.2674 -0.4716, 1.4567 -0.2674 -0.4716, 1.2992 -0.296 -0.507, 1.4567 -0.296 -0.507, 1.2992 -0.3165 -0.5475, 1.4567 -0.3165 -0.5475, 1.2992 -0.3281 -0.5914, 1.4567 -0.3281 -0.5914, 1.2992 -0.3304 -0.6368, 1.4567 -0.3304 -0.6368, 1.2992 -0.3231 -0.6817, 1.4567 -0.3231 -0.6817, 1.2992 -0.3066 -0.724, 1.4567 -0.3066 -0.724, 1.4567 -0.1234 -1.0786, 1.2992 -0.1234 -1.0786, 1.4567 -0.0884 -1.0605, 1.2992 -0.0884 -1.0605, 1.4567 -0.2716 -0.7059, 1.2992 -0.2716 -0.7059, 1.4567 -0.2866 -0.6653, 1.2992 -0.2866 -0.6653, 1.4567 -0.2913 -0.6222, 1.2992 -0.2913 -0.6222, 1.4567 -0.2854 -0.5792, 1.2992 -0.2854 -0.5792, 1.4567 -0.2693 -0.539, 1.2992 -0.2693 -0.539, 1.4567 -0.2439 -0.5039, 1.2992 -0.2439 -0.5039, 1.4567 -0.2107 -0.476, 1.2992 -0.2107 -0.476, 1.4567 0.1039 -0.2718, 1.2992 0.1039 -0.2718, 1.4567 0.1249 -0.2615, 1.2992 0.1249 -0.2615, 1.4567 0.1478 -0.2564, 1.2992 0.1478 -0.2564, 1.4567 0.1712 -0.2569, 1.2992 0.1712 -0.2569, 1.4567 0.1938 -0.2629, 1.2992 0.1938 -0.2629, 1.4567 0.2144 -0.274, 1.2992 0.2144 -0.274, 1.4567 0.2318 -0.2898, 1.2992 0.2318 -0.2898, 1.4567 0.2449 -0.3091, 1.2992 0.2449 -0.3091, 1.4567 0.2531 -0.3311, 1.2992 0.2531 -0.3311, 1.4567 0.2559 -0.3543, 1.2992 0.2559 -0.3543, 1.4567 0.2559 -1.8898, 1.2992 0.2559 -1.8898, 1.4567 0.2526 -1.9152, 1.2992 0.2526 -1.9152, 1.4567 0.2427 -1.939, 1.2992 0.2427 -1.939, 1.4567 0.2271 -1.9594, 1.2992 0.2271 -1.9594, 1.4567 0.2067 -1.975, 1.2992 0.2067 -1.975, 1.4567 0.183 -1.9848, 1.2992 0.183 -1.9848, 1.4567 0.1575 -1.9882, 1.2992 0.1575 -1.9882, 1.4567 0.1498 -1.9882, 1.2992 0.1498 -1.9882, 1.2992 0.1212 -1.9912, 1.4567 0.1212 -1.9912, 1.2992 0.0938 -2.0001, 1.4567 0.0938 -2.0001, 1.2992 0.0688 -2.0145, 1.4567 0.0688 -2.0145, 1.2992 0.0474 -2.0338, 1.4567 0.0474 -2.0338, 1.2992 0.0305 -2.0571, 1.4567 0.0305 -2.0571, 1.4567 0.0078 -2.0965, 1.2992 0.0078 -2.0965, 1.4567 -0.0043 -2.1131, 1.2992 -0.0043 -2.1131, 1.4567 -0.0196 -2.1269, 1.2992 -0.0196 -2.1269, 1.4567 -0.0374 -2.1372, 1.2992 -0.0374 -2.1372, 1.4567 -0.057 -2.1435, 1.2992 -0.057 -2.1435, 1.7384 0.935 -2.185, 1.8049 0.935 -2.185, 1.6929 0.8563 -2.185, 1.8504 0.8563 -2.185, 1.6929 0.3937 -2.185, 1.8504 0.3937 -2.185, 1.8049 0.935 -2.1457, 1.7384 0.935 -2.1457, 1.6929 0.3937 -2.1457, 1.8504 0.3937 -2.1457, 1.6929 0.8563 -2.1457, 1.8504 0.8563 -2.1457, 1.8504 0.3682 -2.1423, 1.6929 0.3682 -2.1423, 1.8504 0.3445 -2.1325, 1.6929 0.3445 -2.1325, 1.8504 0.3241 -2.1168, 1.6929 0.3241 -2.1168, 1.8504 0.3085 -2.0965, 1.6929 0.3085 -2.0965, 1.8504 0.2986 -2.0727, 1.6929 0.2986 -2.0727, 1.8504 0.2953 -2.0472, 1.6929 0.2953 -2.0472, 1.8504 0.2953 -0.3543, 1.6929 0.2953 -0.3543, 1.6929 0.2914 -0.3218, 1.8504 0.2914 -0.3218, 1.6929 0.2799 -0.2911, 1.8504 0.2799 -0.2911, 1.6929 0.2615 -0.2639, 1.8504 0.2615 -0.2639, 1.6929 0.2372 -0.2419, 1.8504 0.2372 -0.2419, 1.6929 0.2084 -0.2263, 1.8504 0.2084 -0.2263, 1.6929 0.1767 -0.2179, 1.8504 0.1767 -0.2179, 1.6929 0.1439 -0.2172, 1.8504 0.1439 -0.2172, 1.6929 0.1119 -0.2243, 1.8504 0.1119 -0.2243, 1.6929 0.0824 -0.2388, 1.8504 0.0824 -0.2388, 1.8504 -0.2321 -0.443, 1.6929 -0.2321 -0.443, 1.6929 -0.2674 -0.4716, 1.8504 -0.2674 -0.4716, 1.6929 -0.296 -0.507, 1.8504 -0.296 -0.507, 1.6929 -0.3165 -0.5475, 1.8504 -0.3165 -0.5475, 1.6929 -0.3281 -0.5914, 1.8504 -0.3281 -0.5914, 1.6929 -0.3304 -0.6368, 1.8504 -0.3304 -0.6368, 1.6929 -0.3231 -0.6817, 1.8504 -0.3231 -0.6817, 1.6929 -0.3066 -0.724, 1.8504 -0.3066 -0.724, 1.8504 -0.1234 -1.0786, 1.6929 -0.1234 -1.0786, 1.8504 -0.0884 -1.0605, 1.6929 -0.0884 -1.0605, 1.8504 -0.2716 -0.7059, 1.6929 -0.2716 -0.7059, 1.8504 -0.2866 -0.6653, 1.6929 -0.2866 -0.6653, 1.8504 -0.2913 -0.6222, 1.6929 -0.2913 -0.6222, 1.8504 -0.2854 -0.5792, 1.6929 -0.2854 -0.5792, 1.8504 -0.2693 -0.539, 1.6929 -0.2693 -0.539, 1.8504 -0.2439 -0.5039, 1.6929 -0.2439 -0.5039, 1.8504 -0.2107 -0.476, 1.6929 -0.2107 -0.476, 1.8504 0.1039 -0.2718, 1.6929 0.1039 -0.2718, 1.8504 0.1249 -0.2615, 1.6929 0.1249 -0.2615, 1.8504 0.1478 -0.2564, 1.6929 0.1478 -0.2564, 1.8504 0.1712 -0.2569, 1.6929 0.1712 -0.2569, 1.8504 0.1938 -0.2629, 1.6929 0.1938 -0.2629, 1.8504 0.2144 -0.274, 1.6929 0.2144 -0.274, 1.8504 0.2318 -0.2898, 1.6929 0.2318 -0.2898, 1.8504 0.2449 -0.3091, 1.6929 0.2449 -0.3091, 1.8504 0.2531 -0.3311, 1.6929 0.2531 -0.3311, 1.8504 0.2559 -0.3543, 1.6929 0.2559 -0.3543, 1.8504 0.2559 -2.0472, 1.6929 0.2559 -2.0472, 1.6929 0.2606 -2.0829, 1.8504 0.2606 -2.0829, 1.6929 0.2744 -2.1161, 1.8504 0.2744 -2.1161, 1.6929 0.2963 -2.1447, 1.8504 0.2963 -2.1447, 1.6929 0.3248 -2.1666, 1.8504 0.3248 -2.1666, 1.6929 0.358 -2.1803, 1.8504 0.358 -2.1803, 2.2441 -0.0775 -2.1457, 2.0866 -0.0775 -2.1457, 2.2441 -0.8563 -2.1457, 2.0866 -0.8563 -2.1457, 2.1986 -0.935 -2.1457, 2.1321 -0.935 -2.1457, 2.1986 -0.935 -2.185, 2.1321 -0.935 -2.185, 2.2441 -0.8563 -2.185, 2.0866 -0.8563 -2.185, 2.2441 -0.0775 -2.185, 2.0866 -0.0775 -2.185, 2.0866 -0.0488 -2.182, 2.2441 -0.0488 -2.182, 2.0866 -0.0214 -2.1731, 2.2441 -0.0214 -2.1731, 2.0866 0.0035 -2.1587, 2.2441 0.0035 -2.1587, 2.0866 0.0249 -2.1394, 2.2441 0.0249 -2.1394, 2.0866 0.0419 -2.1161, 2.2441 0.0419 -2.1161, 2.2441 0.0646 -2.0768, 2.0866 0.0646 -2.0768, 2.2441 0.0767 -2.0601, 2.0866 0.0767 -2.0601, 2.2441 0.092 -2.0464, 2.0866 0.092 -2.0464, 2.2441 0.1098 -2.0361, 2.0866 0.1098 -2.0361, 2.2441 0.1294 -2.0297, 2.0866 0.1294 -2.0297, 2.2441 0.1498 -2.0276, 2.0866 0.1498 -2.0276, 2.2441 0.1575 -2.0276, 2.0866 0.1575 -2.0276, 2.0866 0.1881 -2.0241, 2.2441 0.1881 -2.0241, 2.0866 0.2173 -2.0139, 2.2441 0.2173 -2.0139, 2.0866 0.2434 -1.9975, 2.2441 0.2434 -1.9975, 2.0866 0.2652 -1.9757, 2.2441 0.2652 -1.9757, 2.0866 0.2816 -1.9496, 2.2441 0.2816 -1.9496, 2.0866 0.2918 -1.9204, 2.2441 0.2918 -1.9204, 2.0866 0.2953 -1.8898, 2.2441 0.2953 -1.8898, 2.2441 0.2953 -0.3543, 2.0866 0.2953 -0.3543, 2.0866 0.2914 -0.3218, 2.2441 0.2914 -0.3218, 2.0866 0.2799 -0.2911, 2.2441 0.2799 -0.2911, 2.0866 0.2615 -0.2639, 2.2441 0.2615 -0.2639, 2.0866 0.2372 -0.2419, 2.2441 0.2372 -0.2419, 2.0866 0.2084 -0.2263, 2.2441 0.2084 -0.2263, 2.0866 0.1767 -0.2179, 2.2441 0.1767 -0.2179, 2.0866 0.1439 -0.2172, 2.2441 0.1439 -0.2172, 2.0866 0.1119 -0.2243, 2.2441 0.1119 -0.2243, 2.0866 0.0824 -0.2388, 2.2441 0.0824 -0.2388, 2.2441 -0.2321 -0.443, 2.0866 -0.2321 -0.443, 2.0866 -0.2674 -0.4716, 2.2441 -0.2674 -0.4716, 2.0866 -0.296 -0.507, 2.2441 -0.296 -0.507, 2.0866 -0.3165 -0.5475, 2.2441 -0.3165 -0.5475, 2.0866 -0.3281 -0.5914, 2.2441 -0.3281 -0.5914, 2.0866 -0.3304 -0.6368, 2.2441 -0.3304 -0.6368, 2.0866 -0.3231 -0.6817, 2.2441 -0.3231 -0.6817, 2.0866 -0.3066 -0.724, 2.2441 -0.3066 -0.724, 2.2441 -0.1234 -1.0786, 2.0866 -0.1234 -1.0786, 2.2441 -0.0884 -1.0605, 2.0866 -0.0884 -1.0605, 2.2441 -0.2716 -0.7059, 2.0866 -0.2716 -0.7059, 2.2441 -0.2866 -0.6653, 2.0866 -0.2866 -0.6653, 2.2441 -0.2913 -0.6222, 2.0866 -0.2913 -0.6222, 2.2441 -0.2854 -0.5792, 2.0866 -0.2854 -0.5792, 2.2441 -0.2693 -0.539, 2.0866 -0.2693 -0.539, 2.2441 -0.2439 -0.5039, 2.0866 -0.2439 -0.5039, 2.2441 -0.2107 -0.476, 2.0866 -0.2107 -0.476, 2.2441 0.1039 -0.2718, 2.0866 0.1039 -0.2718, 2.2441 0.1249 -0.2615, 2.0866 0.1249 -0.2615, 2.2441 0.1478 -0.2564, 2.0866 0.1478 -0.2564, 2.2441 0.1712 -0.2569, 2.0866 0.1712 -0.2569, 2.2441 0.1938 -0.2629, 2.0866 0.1938 -0.2629, 2.2441 0.2144 -0.274, 2.0866 0.2144 -0.274, 2.2441 0.2318 -0.2898, 2.0866 0.2318 -0.2898, 2.2441 0.2449 -0.3091, 2.0866 0.2449 -0.3091, 2.2441 0.2531 -0.3311, 2.0866 0.2531 -0.3311, 2.2441 0.2559 -0.3543, 2.0866 0.2559 -0.3543, 2.2441 0.2559 -1.8898, 2.0866 0.2559 -1.8898, 2.2441 0.2526 -1.9152, 2.0866 0.2526 -1.9152, 2.2441 0.2427 -1.939, 2.0866 0.2427 -1.939, 2.2441 0.2271 -1.9594, 2.0866 0.2271 -1.9594, 2.2441 0.2067 -1.975, 2.0866 0.2067 -1.975, 2.2441 0.183 -1.9848, 2.0866 0.183 -1.9848, 2.2441 0.1575 -1.9882, 2.0866 0.1575 -1.9882, 2.2441 0.1498 -1.9882, 2.0866 0.1498 -1.9882, 2.0866 0.1212 -1.9912, 2.2441 0.1212 -1.9912, 2.0866 0.0938 -2.0001, 2.2441 0.0938 -2.0001, 2.0866 0.0688 -2.0145, 2.2441 0.0688 -2.0145, 2.0866 0.0474 -2.0338, 2.2441 0.0474 -2.0338, 2.0866 0.0305 -2.0571, 2.2441 0.0305 -2.0571, 2.2441 0.0078 -2.0965, 2.0866 0.0078 -2.0965, 2.2441 -0.0043 -2.1131, 2.0866 -0.0043 -2.1131, 2.2441 -0.0196 -2.1269, 2.0866 -0.0196 -2.1269, 2.2441 -0.0374 -2.1372, 2.0866 -0.0374 -2.1372, 2.2441 -0.057 -2.1435, 2.0866 -0.057 -2.1435, 2.5258 0.935 -2.185, 2.5923 0.935 -2.185, 2.4803 0.8563 -2.185, 2.6378 0.8563 -2.185, 2.4803 0.3937 -2.185, 2.6378 0.3937 -2.185, 2.5923 0.935 -2.1457, 2.5258 0.935 -2.1457, 2.4803 0.3937 -2.1457, 2.6378 0.3937 -2.1457, 2.4803 0.8563 -2.1457, 2.6378 0.8563 -2.1457, 2.6378 0.3682 -2.1423, 2.4803 0.3682 -2.1423, 2.6378 0.3445 -2.1325, 2.4803 0.3445 -2.1325, 2.6378 0.3241 -2.1168, 2.4803 0.3241 -2.1168, 2.6378 0.3085 -2.0965, 2.4803 0.3085 -2.0965, 2.6378 0.2986 -2.0727, 2.4803 0.2986 -2.0727, 2.6378 0.2953 -2.0472, 2.4803 0.2953 -2.0472, 2.6378 0.2953 -0.3543, 2.4803 0.2953 -0.3543, 2.4803 0.2914 -0.3218, 2.6378 0.2914 -0.3218, 2.4803 0.2799 -0.2911, 2.6378 0.2799 -0.2911, 2.4803 0.2615 -0.2639, 2.6378 0.2615 -0.2639, 2.4803 0.2372 -0.2419, 2.6378 0.2372 -0.2419, 2.4803 0.2084 -0.2263, 2.6378 0.2084 -0.2263, 2.4803 0.1767 -0.2179, 2.6378 0.1767 -0.2179, 2.4803 0.1439 -0.2172, 2.6378 0.1439 -0.2172, 2.4803 0.1119 -0.2243, 2.6378 0.1119 -0.2243, 2.4803 0.0824 -0.2388, 2.6378 0.0824 -0.2388, 2.6378 -0.2321 -0.443, 2.4803 -0.2321 -0.443, 2.4803 -0.2674 -0.4716, 2.6378 -0.2674 -0.4716, 2.4803 -0.296 -0.507, 2.6378 -0.296 -0.507, 2.4803 -0.3165 -0.5475, 2.6378 -0.3165 -0.5475, 2.4803 -0.3281 -0.5914, 2.6378 -0.3281 -0.5914, 2.4803 -0.3304 -0.6368, 2.6378 -0.3304 -0.6368, 2.4803 -0.3231 -0.6817, 2.6378 -0.3231 -0.6817, 2.4803 -0.3066 -0.724, 2.6378 -0.3066 -0.724, 2.6378 -0.1234 -1.0786, 2.4803 -0.1234 -1.0786, 2.6378 -0.0884 -1.0605, 2.4803 -0.0884 -1.0605, 2.6378 -0.2716 -0.7059, 2.4803 -0.2716 -0.7059, 2.6378 -0.2866 -0.6653, 2.4803 -0.2866 -0.6653, 2.6378 -0.2913 -0.6222, 2.4803 -0.2913 -0.6222, 2.6378 -0.2854 -0.5792, 2.4803 -0.2854 -0.5792, 2.6378 -0.2693 -0.539, 2.4803 -0.2693 -0.539, 2.6378 -0.2439 -0.5039, 2.4803 -0.2439 -0.5039, 2.6378 -0.2107 -0.476, 2.4803 -0.2107 -0.476, 2.6378 0.1039 -0.2718, 2.4803 0.1039 -0.2718, 2.6378 0.1249 -0.2615, 2.4803 0.1249 -0.2615, 2.6378 0.1478 -0.2564, 2.4803 0.1478 -0.2564, 2.6378 0.1712 -0.2569, 2.4803 0.1712 -0.2569, 2.6378 0.1938 -0.2629, 2.4803 0.1938 -0.2629, 2.6378 0.2144 -0.274, 2.4803 0.2144 -0.274, 2.6378 0.2318 -0.2898, 2.4803 0.2318 -0.2898, 2.6378 0.2449 -0.3091, 2.4803 0.2449 -0.3091, 2.6378 0.2531 -0.3311, 2.4803 0.2531 -0.3311, 2.6378 0.2559 -0.3543, 2.4803 0.2559 -0.3543, 2.6378 0.2559 -2.0472, 2.4803 0.2559 -2.0472, 2.4803 0.2606 -2.0829, 2.6378 0.2606 -2.0829, 2.4803 0.2744 -2.1161, 2.6378 0.2744 -2.1161, 2.4803 0.2963 -2.1447, 2.6378 0.2963 -2.1447, 2.4803 0.3248 -2.1666, 2.6378 0.3248 -2.1666, 2.4803 0.358 -2.1803, 2.6378 0.358 -2.1803, 3.0315 -0.0775 -2.1457, 2.874 -0.0775 -2.1457, 3.0315 -0.8563 -2.1457, 2.874 -0.8563 -2.1457, 2.986 -0.935 -2.1457, 2.9195 -0.935 -2.1457, 2.986 -0.935 -2.185, 2.9195 -0.935 -2.185, 3.0315 -0.8563 -2.185, 2.874 -0.8563 -2.185, 3.0315 -0.0775 -2.185, 2.874 -0.0775 -2.185, 2.874 -0.0488 -2.182, 3.0315 -0.0488 -2.182, 2.874 -0.0214 -2.1731, 3.0315 -0.0214 -2.1731, 2.874 0.0035 -2.1587, 3.0315 0.0035 -2.1587, 2.874 0.0249 -2.1394, 3.0315 0.0249 -2.1394, 2.874 0.0419 -2.1161, 3.0315 0.0419 -2.1161, 3.0315 0.0646 -2.0768, 2.874 0.0646 -2.0768, 3.0315 0.0767 -2.0601, 2.874 0.0767 -2.0601, 3.0315 0.092 -2.0464, 2.874 0.092 -2.0464, 3.0315 0.1098 -2.0361, 2.874 0.1098 -2.0361, 3.0315 0.1294 -2.0297, 2.874 0.1294 -2.0297, 3.0315 0.1498 -2.0276, 2.874 0.1498 -2.0276, 3.0315 0.1575 -2.0276, 2.874 0.1575 -2.0276, 2.874 0.1881 -2.0241, 3.0315 0.1881 -2.0241, 2.874 0.2173 -2.0139, 3.0315 0.2173 -2.0139, 2.874 0.2434 -1.9975, 3.0315 0.2434 -1.9975, 2.874 0.2652 -1.9757, 3.0315 0.2652 -1.9757, 2.874 0.2816 -1.9496, 3.0315 0.2816 -1.9496, 2.874 0.2918 -1.9204, 3.0315 0.2918 -1.9204, 2.874 0.2953 -1.8898, 3.0315 0.2953 -1.8898, 3.0315 0.2953 -0.3543, 2.874 0.2953 -0.3543, 2.874 0.2914 -0.3218, 3.0315 0.2914 -0.3218, 2.874 0.2799 -0.2911, 3.0315 0.2799 -0.2911, 2.874 0.2615 -0.2639, 3.0315 0.2615 -0.2639, 2.874 0.2372 -0.2419, 3.0315 0.2372 -0.2419, 2.874 0.2084 -0.2263, 3.0315 0.2084 -0.2263, 2.874 0.1767 -0.2179, 3.0315 0.1767 -0.2179, 2.874 0.1439 -0.2172, 3.0315 0.1439 -0.2172, 2.874 0.1119 -0.2243, 3.0315 0.1119 -0.2243, 2.874 0.0824 -0.2388, 3.0315 0.0824 -0.2388, 3.0315 -0.2321 -0.443, 2.874 -0.2321 -0.443, 2.874 -0.2674 -0.4716, 3.0315 -0.2674 -0.4716, 2.874 -0.296 -0.507, 3.0315 -0.296 -0.507, 2.874 -0.3165 -0.5475, 3.0315 -0.3165 -0.5475, 2.874 -0.3281 -0.5914, 3.0315 -0.3281 -0.5914, 2.874 -0.3304 -0.6368, 3.0315 -0.3304 -0.6368, 2.874 -0.3231 -0.6817, 3.0315 -0.3231 -0.6817, 2.874 -0.3066 -0.724, 3.0315 -0.3066 -0.724, 3.0315 -0.1234 -1.0786, 2.874 -0.1234 -1.0786, 3.0315 -0.0884 -1.0605, 2.874 -0.0884 -1.0605, 3.0315 -0.2716 -0.7059, 2.874 -0.2716 -0.7059, 3.0315 -0.2866 -0.6653, 2.874 -0.2866 -0.6653, 3.0315 -0.2913 -0.6222, 2.874 -0.2913 -0.6222, 3.0315 -0.2854 -0.5792, 2.874 -0.2854 -0.5792, 3.0315 -0.2693 -0.539, 2.874 -0.2693 -0.539, 3.0315 -0.2439 -0.5039, 2.874 -0.2439 -0.5039, 3.0315 -0.2107 -0.476, 2.874 -0.2107 -0.476, 3.0315 0.1039 -0.2718, 2.874 0.1039 -0.2718, 3.0315 0.1249 -0.2615, 2.874 0.1249 -0.2615, 3.0315 0.1478 -0.2564, 2.874 0.1478 -0.2564, 3.0315 0.1712 -0.2569, 2.874 0.1712 -0.2569, 3.0315 0.1938 -0.2629, 2.874 0.1938 -0.2629, 3.0315 0.2144 -0.274, 2.874 0.2144 -0.274, 3.0315 0.2318 -0.2898, 2.874 0.2318 -0.2898, 3.0315 0.2449 -0.3091, 2.874 0.2449 -0.3091, 3.0315 0.2531 -0.3311, 2.874 0.2531 -0.3311, 3.0315 0.2559 -0.3543, 2.874 0.2559 -0.3543, 3.0315 0.2559 -1.8898, 2.874 0.2559 -1.8898, 3.0315 0.2526 -1.9152, 2.874 0.2526 -1.9152, 3.0315 0.2427 -1.939, 2.874 0.2427 -1.939, 3.0315 0.2271 -1.9594, 2.874 0.2271 -1.9594, 3.0315 0.2067 -1.975, 2.874 0.2067 -1.975, 3.0315 0.183 -1.9848, 2.874 0.183 -1.9848, 3.0315 0.1575 -1.9882, 2.874 0.1575 -1.9882, 3.0315 0.1498 -1.9882, 2.874 0.1498 -1.9882, 2.874 0.1212 -1.9912, 3.0315 0.1212 -1.9912, 2.874 0.0938 -2.0001, 3.0315 0.0938 -2.0001, 2.874 0.0688 -2.0145, 3.0315 0.0688 -2.0145, 2.874 0.0474 -2.0338, 3.0315 0.0474 -2.0338, 2.874 0.0305 -2.0571, 3.0315 0.0305 -2.0571, 3.0315 0.0078 -2.0965, 2.874 0.0078 -2.0965, 3.0315 -0.0043 -2.1131, 2.874 -0.0043 -2.1131, 3.0315 -0.0196 -2.1269, 2.874 -0.0196 -2.1269, 3.0315 -0.0374 -2.1372, 2.874 -0.0374 -2.1372, 3.0315 -0.057 -2.1435, 2.874 -0.057 -2.1435, 3.4252 0.3937 -2.185, 3.2677 0.3937 -2.185, 3.4252 0.8563 -2.185, 3.2677 0.8563 -2.185, 3.3797 0.935 -2.185, 3.3132 0.935 -2.185, 3.3797 0.935 -2.1457, 3.3132 0.935 -2.1457, 3.4252 0.8563 -2.1457, 3.2677 0.8563 -2.1457, 3.4252 0.3937 -2.1457, 3.2677 0.3937 -2.1457, 3.4252 0.3682 -2.1423, 3.2677 0.3682 -2.1423, 3.4252 0.3445 -2.1325, 3.2677 0.3445 -2.1325, 3.4252 0.3241 -2.1168, 3.2677 0.3241 -2.1168, 3.4252 0.3085 -2.0965, 3.2677 0.3085 -2.0965, 3.4252 0.2986 -2.0727, 3.2677 0.2986 -2.0727, 3.4252 0.2953 -2.0472, 3.2677 0.2953 -2.0472, 3.4252 0.2953 -0.3543, 3.2677 0.2953 -0.3543, 3.2677 0.2914 -0.3218, 3.4252 0.2914 -0.3218, 3.2677 0.2799 -0.2911, 3.4252 0.2799 -0.2911, 3.2677 0.2615 -0.2639, 3.4252 0.2615 -0.2639, 3.2677 0.2372 -0.2419, 3.4252 0.2372 -0.2419, 3.2677 0.2084 -0.2263, 3.4252 0.2084 -0.2263, 3.2677 0.1767 -0.2179, 3.4252 0.1767 -0.2179, 3.2677 0.1439 -0.2172, 3.4252 0.1439 -0.2172, 3.2677 0.1119 -0.2243, 3.4252 0.1119 -0.2243, 3.2677 0.0824 -0.2388, 3.4252 0.0824 -0.2388, 3.4252 -0.2321 -0.443, 3.2677 -0.2321 -0.443, 3.2677 -0.2674 -0.4716, 3.4252 -0.2674 -0.4716, 3.2677 -0.296 -0.507, 3.4252 -0.296 -0.507, 3.2677 -0.3165 -0.5475, 3.4252 -0.3165 -0.5475, 3.2677 -0.3281 -0.5914, 3.4252 -0.3281 -0.5914, 3.2677 -0.3304 -0.6368, 3.4252 -0.3304 -0.6368, 3.2677 -0.3231 -0.6817, 3.4252 -0.3231 -0.6817, 3.2677 -0.3066 -0.724, 3.4252 -0.3066 -0.724, 3.4252 -0.1234 -1.0786, 3.2677 -0.1234 -1.0786, 3.4252 -0.0884 -1.0605, 3.2677 -0.0884 -1.0605, 3.4252 -0.2716 -0.7059, 3.2677 -0.2716 -0.7059, 3.4252 -0.2866 -0.6653, 3.2677 -0.2866 -0.6653, 3.4252 -0.2913 -0.6222, 3.2677 -0.2913 -0.6222, 3.4252 -0.2854 -0.5792, 3.2677 -0.2854 -0.5792, 3.4252 -0.2693 -0.539, 3.2677 -0.2693 -0.539, 3.4252 -0.2439 -0.5039, 3.2677 -0.2439 -0.5039, 3.4252 -0.2107 -0.476, 3.2677 -0.2107 -0.476, 3.4252 0.1039 -0.2718, 3.2677 0.1039 -0.2718, 3.4252 0.1249 -0.2615, 3.2677 0.1249 -0.2615, 3.4252 0.1478 -0.2564, 3.2677 0.1478 -0.2564, 3.4252 0.1712 -0.2569, 3.2677 0.1712 -0.2569, 3.4252 0.1938 -0.2629, 3.2677 0.1938 -0.2629, 3.4252 0.2144 -0.274, 3.2677 0.2144 -0.274, 3.4252 0.2318 -0.2898, 3.2677 0.2318 -0.2898, 3.4252 0.2449 -0.3091, 3.2677 0.2449 -0.3091, 3.4252 0.2531 -0.3311, 3.2677 0.2531 -0.3311, 3.4252 0.2559 -0.3543, 3.2677 0.2559 -0.3543, 3.4252 0.2559 -2.0472, 3.2677 0.2559 -2.0472, 3.2677 0.2606 -2.0829, 3.4252 0.2606 -2.0829, 3.2677 0.2744 -2.1161, 3.4252 0.2744 -2.1161, 3.2677 0.2963 -2.1447, 3.4252 0.2963 -2.1447, 3.2677 0.3248 -2.1666, 3.4252 0.3248 -2.1666, 3.2677 0.358 -2.1803, 3.4252 0.358 -2.1803, 3.4252 0.358 -2.1803
            ]
        }
        coordIndex [
            0,1,2,-1,2,1,3,-1,2,3,4,-1,4,3,5,-1,4,5,6,-1,6,5,7,-1,6,7,8,-1,8,7,9,-1,8,9,10,-1,10,9,11,-1,10,11,12,-1,10,12,13,-1,13,12,14,-1,13,14,15,-1,15,14,16,-1,15,16,17,-1,17,16,18,-1,17,18,19,-1,19,18,20,-1,19,20,21,-1,22,21,23,-1,23,21,20,-1,22,23,24,-1,24,23,25,-1,24,25,26,-1,26,25,27,-1,26,27,28,-1,28,27,29,-1,28,29,30,-1,30,29,31,-1,30,31,32,-1,32,31,33,-1,34,32,35,-1,35,32,33,-1,34,35,36,-1,34,36,37,-1,37,36,38,-1,37,38,39,-1,39,38,40,-1,39,40,41,-1,41,40,42,-1,41,42,43,-1,43,42,44,-1,43,44,45,-1,45,44,46,-1,45,46,47,-1,47,46,48,-1,47,48,49,-1,50,49,51,-1,51,49,48,-1,50,51,52,-1,50,52,53,-1,53,52,54,-1,53,54,55,-1,55,54,56,-1,55,56,57,-1,57,56,58,-1,57,58,59,-1,59,58,60,-1,59,60,61,-1,61,60,62,-1,61,62,63,-1,63,62,64,-1,63,64,65,-1,65,64,66,-1,65,66,67,-1,67,66,68,-1,67,68,69,-1,70,69,71,-1,71,69,68,-1,70,71,72,-1,70,72,73,-1,73,72,74,-1,73,74,75,-1,75,74,76,-1,75,76,77,-1,77,76,78,-1,77,78,79,-1,79,78,80,-1,79,80,81,-1,81,80,82,-1,81,82,83,-1,83,82,84,-1,83,84,85,-1,86,85,87,-1,87,85,84,-1,88,86,89,-1,89,86,87,-1,90,88,91,-1,91,88,89,-1,90,91,92,-1,92,91,93,-1,92,93,94,-1,94,93,95,-1,94,95,96,-1,96,95,97,-1,96,97,98,-1,98,97,99,-1,98,99,100,-1,100,99,101,-1,100,101,102,-1,102,101,103,-1,104,102,105,-1,105,102,103,-1,104,105,106,-1,106,105,107,-1,106,107,108,-1,108,107,109,-1,108,109,110,-1,110,109,111,-1,110,111,112,-1,112,111,113,-1,112,113,114,-1,114,113,115,-1,114,115,116,-1,116,115,117,-1,116,117,118,-1,118,117,119,-1,118,119,120,-1,120,119,121,-1,120,121,122,-1,122,121,123,-1,124,122,125,-1,125,122,123,-1,124,125,126,-1,126,125,127,-1,126,127,128,-1,128,127,129,-1,128,129,130,-1,130,129,131,-1,130,131,132,-1,132,131,133,-1,132,133,134,-1,134,133,135,-1,134,135,136,-1,136,135,137,-1,138,136,139,-1,139,136,137,-1,138,139,140,-1,138,140,141,-1,141,140,142,-1,141,142,143,-1,143,142,144,-1,143,144,145,-1,145,144,146,-1,145,146,147,-1,147,146,148,-1,147,148,149,-1,150,149,151,-1,151,149,148,-1,150,151,152,-1,152,151,153,-1,152,153,154,-1,154,153,155,-1,154,155,156,-1,156,155,157,-1,156,157,158,-1,158,157,159,-1,158,159,0,-1,0,159,1,-1,86,88,85,-1,85,88,90,-1,85,90,83,-1,83,90,92,-1,83,92,81,-1,81,92,94,-1,81,94,79,-1,79,94,96,-1,2,8,0,-1,0,8,10,-1,0,10,158,-1,158,10,13,-1,158,13,156,-1,156,13,15,-1,156,15,154,-1,154,15,17,-1,154,17,152,-1,152,17,19,-1,152,19,150,-1,150,19,21,-1,150,21,149,-1,149,21,22,-1,149,22,147,-1,147,22,24,-1,147,24,145,-1,145,24,26,-1,145,26,143,-1,143,26,28,-1,143,28,141,-1,141,28,30,-1,141,30,138,-1,138,30,32,-1,138,32,136,-1,136,32,34,-1,136,34,134,-1,134,34,37,-1,134,37,132,-1,37,39,132,-1,132,39,41,-1,132,41,130,-1,130,41,43,-1,130,43,128,-1,128,43,45,-1,128,45,126,-1,126,45,47,-1,126,47,124,-1,124,47,49,-1,124,49,122,-1,122,49,50,-1,122,50,120,-1,120,50,53,-1,120,53,118,-1,118,53,55,-1,118,55,116,-1,116,55,57,-1,116,57,114,-1,114,57,59,-1,114,59,112,-1,112,59,61,-1,112,61,110,-1,110,61,63,-1,110,63,108,-1,108,63,65,-1,108,65,106,-1,106,65,67,-1,106,67,104,-1,104,67,69,-1,104,69,102,-1,102,69,70,-1,102,70,100,-1,100,70,73,-1,100,73,98,-1,98,73,75,-1,98,75,96,-1,96,75,77,-1,96,77,79,-1,89,87,91,-1,91,87,84,-1,91,84,93,-1,93,84,82,-1,93,82,95,-1,9,3,11,-1,11,3,1,-1,11,1,12,-1,12,1,159,-1,12,159,14,-1,14,159,157,-1,14,157,16,-1,16,157,155,-1,16,155,18,-1,18,155,153,-1,18,153,20,-1,20,153,151,-1,20,151,23,-1,23,151,148,-1,23,148,25,-1,25,148,146,-1,25,146,27,-1,27,146,144,-1,27,144,29,-1,29,144,142,-1,29,142,31,-1,31,142,140,-1,31,140,33,-1,33,140,139,-1,33,139,35,-1,35,139,137,-1,35,137,36,-1,36,137,135,-1,36,135,38,-1,38,135,133,-1,38,133,40,-1,40,133,131,-1,82,80,95,-1,95,80,78,-1,95,78,97,-1,97,78,76,-1,97,76,99,-1,99,76,74,-1,99,74,101,-1,101,74,72,-1,101,72,103,-1,103,72,71,-1,103,71,105,-1,105,71,68,-1,105,68,107,-1,107,68,66,-1,107,66,109,-1,109,66,64,-1,109,64,111,-1,111,64,62,-1,111,62,113,-1,113,62,60,-1,113,60,115,-1,115,60,58,-1,115,58,117,-1,117,58,56,-1,117,56,119,-1,119,56,54,-1,119,54,121,-1,121,54,52,-1,121,52,123,-1,123,52,51,-1,123,51,125,-1,125,51,48,-1,125,48,127,-1,127,48,46,-1,127,46,129,-1,129,46,44,-1,129,44,131,-1,131,44,42,-1,131,42,40,-1,2,4,8,-1,8,4,6,-1,5,3,7,-1,7,3,9,-1,160,161,162,-1,162,161,163,-1,162,163,164,-1,164,163,165,-1,161,160,166,-1,166,160,167,-1,168,169,170,-1,170,169,171,-1,170,171,167,-1,167,171,166,-1,169,168,172,-1,172,168,173,-1,172,173,174,-1,174,173,175,-1,174,175,176,-1,176,175,177,-1,176,177,178,-1,178,177,179,-1,178,179,180,-1,180,179,181,-1,180,181,182,-1,182,181,183,-1,184,182,185,-1,185,182,183,-1,184,185,186,-1,184,186,187,-1,187,186,188,-1,187,188,189,-1,189,188,190,-1,189,190,191,-1,191,190,192,-1,191,192,193,-1,193,192,194,-1,193,194,195,-1,195,194,196,-1,195,196,197,-1,197,196,198,-1,197,198,199,-1,199,198,200,-1,199,200,201,-1,201,200,202,-1,201,202,203,-1,204,203,205,-1,205,203,202,-1,204,205,206,-1,204,206,207,-1,207,206,208,-1,207,208,209,-1,209,208,210,-1,209,210,211,-1,211,210,212,-1,211,212,213,-1,213,212,214,-1,213,214,215,-1,215,214,216,-1,215,216,217,-1,217,216,218,-1,217,218,219,-1,220,219,221,-1,221,219,218,-1,222,220,223,-1,223,220,221,-1,224,222,225,-1,225,222,223,-1,224,225,226,-1,226,225,227,-1,226,227,228,-1,228,227,229,-1,228,229,230,-1,230,229,231,-1,230,231,232,-1,232,231,233,-1,232,233,234,-1,234,233,235,-1,234,235,236,-1,236,235,237,-1,238,236,239,-1,239,236,237,-1,238,239,240,-1,240,239,241,-1,240,241,242,-1,242,241,243,-1,242,243,244,-1,244,243,245,-1,244,245,246,-1,246,245,247,-1,246,247,248,-1,248,247,249,-1,248,249,250,-1,250,249,251,-1,250,251,252,-1,252,251,253,-1,252,253,254,-1,254,253,255,-1,254,255,256,-1,256,255,257,-1,258,256,259,-1,259,256,257,-1,258,259,260,-1,258,260,261,-1,261,260,262,-1,261,262,263,-1,263,262,264,-1,263,264,265,-1,265,264,266,-1,265,266,267,-1,267,266,268,-1,267,268,269,-1,269,268,164,-1,269,164,165,-1,232,211,230,-1,230,211,213,-1,230,213,228,-1,228,213,215,-1,228,215,226,-1,226,215,217,-1,226,217,224,-1,224,217,219,-1,224,219,222,-1,222,219,220,-1,163,171,165,-1,165,171,169,-1,165,169,269,-1,269,169,172,-1,269,172,267,-1,267,172,174,-1,267,174,265,-1,265,174,176,-1,265,176,263,-1,263,176,178,-1,263,178,261,-1,261,178,180,-1,261,180,258,-1,258,180,182,-1,258,182,256,-1,256,182,184,-1,256,184,254,-1,254,184,187,-1,254,187,252,-1,252,187,189,-1,252,189,250,-1,250,189,191,-1,250,191,248,-1,248,191,193,-1,248,193,246,-1,246,193,195,-1,246,195,244,-1,244,195,197,-1,244,197,242,-1,242,197,199,-1,242,199,240,-1,240,199,201,-1,240,201,238,-1,238,201,203,-1,238,203,236,-1,236,203,204,-1,236,204,234,-1,234,204,207,-1,234,207,232,-1,232,207,209,-1,232,209,211,-1,223,221,225,-1,225,221,218,-1,225,218,227,-1,227,218,216,-1,227,216,229,-1,229,216,214,-1,229,214,231,-1,214,212,231,-1,231,212,210,-1,231,210,233,-1,233,210,208,-1,233,208,235,-1,235,208,206,-1,235,206,237,-1,237,206,205,-1,237,205,239,-1,239,205,202,-1,239,202,241,-1,241,202,200,-1,241,200,243,-1,243,200,198,-1,243,198,245,-1,245,198,196,-1,245,196,247,-1,247,196,194,-1,247,194,249,-1,249,194,192,-1,249,192,251,-1,251,192,190,-1,251,190,253,-1,253,190,188,-1,253,188,255,-1,255,188,186,-1,255,186,257,-1,257,186,185,-1,257,185,259,-1,259,185,183,-1,259,183,260,-1,260,183,181,-1,260,181,262,-1,262,181,179,-1,262,179,264,-1,264,179,177,-1,264,177,266,-1,266,177,175,-1,266,175,268,-1,268,175,173,-1,268,173,164,-1,164,173,168,-1,164,168,162,-1,162,168,170,-1,163,161,171,-1,171,161,166,-1,160,162,167,-1,167,162,170,-1,270,271,272,-1,272,271,273,-1,272,273,274,-1,274,273,275,-1,274,275,276,-1,276,275,277,-1,276,277,278,-1,278,277,279,-1,278,279,280,-1,280,279,281,-1,280,281,282,-1,280,282,283,-1,283,282,284,-1,283,284,285,-1,285,284,286,-1,285,286,287,-1,287,286,288,-1,287,288,289,-1,289,288,290,-1,289,290,291,-1,292,291,293,-1,293,291,290,-1,292,293,294,-1,294,293,295,-1,294,295,296,-1,296,295,297,-1,296,297,298,-1,298,297,299,-1,298,299,300,-1,300,299,301,-1,300,301,302,-1,302,301,303,-1,304,302,305,-1,305,302,303,-1,304,305,306,-1,304,306,307,-1,307,306,308,-1,307,308,309,-1,309,308,310,-1,309,310,311,-1,311,310,312,-1,311,312,313,-1,313,312,314,-1,313,314,315,-1,315,314,316,-1,315,316,317,-1,317,316,318,-1,317,318,319,-1,320,319,321,-1,321,319,318,-1,320,321,322,-1,320,322,323,-1,323,322,324,-1,323,324,325,-1,325,324,326,-1,325,326,327,-1,327,326,328,-1,327,328,329,-1,329,328,330,-1,329,330,331,-1,331,330,332,-1,331,332,333,-1,333,332,334,-1,333,334,335,-1,335,334,336,-1,335,336,337,-1,337,336,338,-1,337,338,339,-1,340,339,341,-1,341,339,338,-1,340,341,342,-1,340,342,343,-1,343,342,344,-1,343,344,345,-1,345,344,346,-1,345,346,347,-1,347,346,348,-1,347,348,349,-1,349,348,350,-1,349,350,351,-1,351,350,352,-1,351,352,353,-1,353,352,354,-1,353,354,355,-1,356,355,357,-1,357,355,354,-1,358,356,359,-1,359,356,357,-1,360,358,361,-1,361,358,359,-1,360,361,362,-1,362,361,363,-1,362,363,364,-1,364,363,365,-1,364,365,366,-1,366,365,367,-1,366,367,368,-1,368,367,369,-1,368,369,370,-1,370,369,371,-1,370,371,372,-1,372,371,373,-1,374,372,375,-1,375,372,373,-1,374,375,376,-1,376,375,377,-1,376,377,378,-1,378,377,379,-1,378,379,380,-1,380,379,381,-1,380,381,382,-1,382,381,383,-1,382,383,384,-1,384,383,385,-1,384,385,386,-1,386,385,387,-1,386,387,388,-1,388,387,389,-1,388,389,390,-1,390,389,391,-1,390,391,392,-1,392,391,393,-1,394,392,395,-1,395,392,393,-1,394,395,396,-1,396,395,397,-1,396,397,398,-1,398,397,399,-1,398,399,400,-1,400,399,401,-1,400,401,402,-1,402,401,403,-1,402,403,404,-1,404,403,405,-1,404,405,406,-1,406,405,407,-1,408,406,409,-1,409,406,407,-1,408,409,410,-1,408,410,411,-1,411,410,412,-1,411,412,413,-1,413,412,414,-1,413,414,415,-1,415,414,416,-1,415,416,417,-1,417,416,418,-1,417,418,419,-1,420,419,421,-1,421,419,418,-1,420,421,422,-1,422,421,423,-1,422,423,424,-1,424,423,425,-1,424,425,426,-1,426,425,427,-1,426,427,428,-1,428,427,429,-1,428,429,270,-1,270,429,271,-1,356,358,355,-1,355,358,360,-1,355,360,353,-1,353,360,362,-1,353,362,351,-1,351,362,364,-1,351,364,349,-1,349,364,366,-1,272,278,270,-1,270,278,280,-1,270,280,428,-1,428,280,283,-1,428,283,426,-1,426,283,285,-1,426,285,424,-1,424,285,287,-1,424,287,422,-1,422,287,289,-1,422,289,420,-1,420,289,291,-1,420,291,419,-1,419,291,292,-1,419,292,417,-1,417,292,294,-1,417,294,415,-1,415,294,296,-1,415,296,413,-1,413,296,298,-1,413,298,411,-1,411,298,300,-1,411,300,408,-1,408,300,302,-1,408,302,406,-1,406,302,304,-1,406,304,404,-1,404,304,307,-1,404,307,402,-1,307,309,402,-1,402,309,311,-1,402,311,400,-1,400,311,313,-1,400,313,398,-1,398,313,315,-1,398,315,396,-1,396,315,317,-1,396,317,394,-1,394,317,319,-1,394,319,392,-1,392,319,320,-1,392,320,390,-1,390,320,323,-1,390,323,388,-1,388,323,325,-1,388,325,386,-1,386,325,327,-1,386,327,384,-1,384,327,329,-1,384,329,382,-1,382,329,331,-1,382,331,380,-1,380,331,333,-1,380,333,378,-1,378,333,335,-1,378,335,376,-1,376,335,337,-1,376,337,374,-1,374,337,339,-1,374,339,372,-1,372,339,340,-1,372,340,370,-1,370,340,343,-1,370,343,368,-1,368,343,345,-1,368,345,366,-1,366,345,347,-1,366,347,349,-1,359,357,361,-1,361,357,354,-1,361,354,363,-1,363,354,352,-1,363,352,365,-1,279,273,281,-1,281,273,271,-1,281,271,282,-1,282,271,429,-1,282,429,284,-1,284,429,427,-1,284,427,286,-1,286,427,425,-1,286,425,288,-1,288,425,423,-1,288,423,290,-1,290,423,421,-1,290,421,293,-1,293,421,418,-1,293,418,295,-1,295,418,416,-1,295,416,297,-1,297,416,414,-1,297,414,299,-1,299,414,412,-1,299,412,301,-1,301,412,410,-1,301,410,303,-1,303,410,409,-1,303,409,305,-1,305,409,407,-1,305,407,306,-1,306,407,405,-1,306,405,308,-1,308,405,403,-1,308,403,310,-1,310,403,401,-1,352,350,365,-1,365,350,348,-1,365,348,367,-1,367,348,346,-1,367,346,369,-1,369,346,344,-1,369,344,371,-1,371,344,342,-1,371,342,373,-1,373,342,341,-1,373,341,375,-1,375,341,338,-1,375,338,377,-1,377,338,336,-1,377,336,379,-1,379,336,334,-1,379,334,381,-1,381,334,332,-1,381,332,383,-1,383,332,330,-1,383,330,385,-1,385,330,328,-1,385,328,387,-1,387,328,326,-1,387,326,389,-1,389,326,324,-1,389,324,391,-1,391,324,322,-1,391,322,393,-1,393,322,321,-1,393,321,395,-1,395,321,318,-1,395,318,397,-1,397,318,316,-1,397,316,399,-1,399,316,314,-1,399,314,401,-1,401,314,312,-1,401,312,310,-1,272,274,278,-1,278,274,276,-1,275,273,277,-1,277,273,279,-1,430,431,432,-1,432,431,433,-1,432,433,434,-1,434,433,435,-1,434,435,436,-1,436,435,437,-1,436,437,438,-1,438,437,439,-1,438,439,440,-1,440,439,441,-1,440,441,442,-1,440,442,443,-1,443,442,444,-1,443,444,445,-1,445,444,446,-1,445,446,447,-1,447,446,448,-1,447,448,449,-1,449,448,450,-1,449,450,451,-1,452,451,453,-1,453,451,450,-1,452,453,454,-1,454,453,455,-1,454,455,456,-1,456,455,457,-1,456,457,458,-1,458,457,459,-1,458,459,460,-1,460,459,461,-1,460,461,462,-1,462,461,463,-1,464,462,465,-1,465,462,463,-1,464,465,466,-1,464,466,467,-1,467,466,468,-1,467,468,469,-1,469,468,470,-1,469,470,471,-1,471,470,472,-1,471,472,473,-1,473,472,474,-1,473,474,475,-1,475,474,476,-1,475,476,477,-1,477,476,478,-1,477,478,479,-1,480,479,481,-1,481,479,478,-1,480,481,482,-1,480,482,483,-1,483,482,484,-1,483,484,485,-1,485,484,486,-1,485,486,487,-1,487,486,488,-1,487,488,489,-1,489,488,490,-1,489,490,491,-1,491,490,492,-1,491,492,493,-1,493,492,494,-1,493,494,495,-1,495,494,496,-1,495,496,497,-1,497,496,498,-1,497,498,499,-1,500,499,501,-1,501,499,498,-1,500,501,502,-1,500,502,503,-1,503,502,504,-1,503,504,505,-1,505,504,506,-1,505,506,507,-1,507,506,508,-1,507,508,509,-1,509,508,510,-1,509,510,511,-1,511,510,512,-1,511,512,513,-1,513,512,514,-1,513,514,515,-1,516,515,517,-1,517,515,514,-1,518,516,519,-1,519,516,517,-1,520,518,521,-1,521,518,519,-1,520,521,522,-1,522,521,523,-1,522,523,524,-1,524,523,525,-1,524,525,526,-1,526,525,527,-1,526,527,528,-1,528,527,529,-1,528,529,530,-1,530,529,531,-1,530,531,532,-1,532,531,533,-1,534,532,535,-1,535,532,533,-1,534,535,536,-1,536,535,537,-1,536,537,538,-1,538,537,539,-1,538,539,540,-1,540,539,541,-1,540,541,542,-1,542,541,543,-1,542,543,544,-1,544,543,545,-1,544,545,546,-1,546,545,547,-1,546,547,548,-1,548,547,549,-1,548,549,550,-1,550,549,551,-1,550,551,552,-1,552,551,553,-1,554,552,555,-1,555,552,553,-1,554,555,556,-1,556,555,557,-1,556,557,558,-1,558,557,559,-1,558,559,560,-1,560,559,561,-1,560,561,562,-1,562,561,563,-1,562,563,564,-1,564,563,565,-1,564,565,566,-1,566,565,567,-1,568,566,569,-1,569,566,567,-1,568,569,570,-1,568,570,571,-1,571,570,572,-1,571,572,573,-1,573,572,574,-1,573,574,575,-1,575,574,576,-1,575,576,577,-1,577,576,578,-1,577,578,579,-1,580,579,581,-1,581,579,578,-1,580,581,582,-1,582,581,583,-1,582,583,584,-1,584,583,585,-1,584,585,586,-1,586,585,587,-1,586,587,588,-1,588,587,589,-1,588,589,430,-1,430,589,431,-1,516,518,515,-1,515,518,520,-1,515,520,513,-1,513,520,522,-1,513,522,511,-1,511,522,524,-1,511,524,509,-1,509,524,526,-1,432,438,430,-1,430,438,440,-1,430,440,588,-1,588,440,443,-1,588,443,586,-1,586,443,445,-1,586,445,584,-1,584,445,447,-1,584,447,582,-1,582,447,449,-1,582,449,580,-1,580,449,451,-1,580,451,579,-1,579,451,452,-1,579,452,577,-1,577,452,454,-1,577,454,575,-1,575,454,456,-1,575,456,573,-1,573,456,458,-1,573,458,571,-1,571,458,460,-1,571,460,568,-1,568,460,462,-1,568,462,566,-1,566,462,464,-1,566,464,564,-1,564,464,467,-1,564,467,562,-1,467,469,562,-1,562,469,471,-1,562,471,560,-1,560,471,473,-1,560,473,558,-1,558,473,475,-1,558,475,556,-1,556,475,477,-1,556,477,554,-1,554,477,479,-1,554,479,552,-1,552,479,480,-1,552,480,550,-1,550,480,483,-1,550,483,548,-1,548,483,485,-1,548,485,546,-1,546,485,487,-1,546,487,544,-1,544,487,489,-1,544,489,542,-1,542,489,491,-1,542,491,540,-1,540,491,493,-1,540,493,538,-1,538,493,495,-1,538,495,536,-1,536,495,497,-1,536,497,534,-1,534,497,499,-1,534,499,532,-1,532,499,500,-1,532,500,530,-1,530,500,503,-1,530,503,528,-1,528,503,505,-1,528,505,526,-1,526,505,507,-1,526,507,509,-1,519,517,521,-1,521,517,514,-1,521,514,523,-1,523,514,512,-1,523,512,525,-1,439,433,441,-1,441,433,431,-1,441,431,442,-1,442,431,589,-1,442,589,444,-1,444,589,587,-1,444,587,446,-1,446,587,585,-1,446,585,448,-1,448,585,583,-1,448,583,450,-1,450,583,581,-1,450,581,453,-1,453,581,578,-1,453,578,455,-1,455,578,576,-1,455,576,457,-1,457,576,574,-1,457,574,459,-1,459,574,572,-1,459,572,461,-1,461,572,570,-1,461,570,463,-1,463,570,569,-1,463,569,465,-1,465,569,567,-1,465,567,466,-1,466,567,565,-1,466,565,468,-1,468,565,563,-1,468,563,470,-1,470,563,561,-1,512,510,525,-1,525,510,508,-1,525,508,527,-1,527,508,506,-1,527,506,529,-1,529,506,504,-1,529,504,531,-1,531,504,502,-1,531,502,533,-1,533,502,501,-1,533,501,535,-1,535,501,498,-1,535,498,537,-1,537,498,496,-1,537,496,539,-1,539,496,494,-1,539,494,541,-1,541,494,492,-1,541,492,543,-1,543,492,490,-1,543,490,545,-1,545,490,488,-1,545,488,547,-1,547,488,486,-1,547,486,549,-1,549,486,484,-1,549,484,551,-1,551,484,482,-1,551,482,553,-1,553,482,481,-1,553,481,555,-1,555,481,478,-1,555,478,557,-1,557,478,476,-1,557,476,559,-1,559,476,474,-1,559,474,561,-1,561,474,472,-1,561,472,470,-1,432,434,438,-1,438,434,436,-1,435,433,437,-1,437,433,439,-1,590,591,592,-1,592,591,593,-1,592,593,594,-1,594,593,595,-1,594,595,596,-1,596,595,597,-1,596,597,598,-1,598,597,599,-1,598,599,600,-1,600,599,601,-1,600,601,602,-1,600,602,603,-1,603,602,604,-1,603,604,605,-1,605,604,606,-1,605,606,607,-1,607,606,608,-1,607,608,609,-1,609,608,610,-1,609,610,611,-1,612,611,613,-1,613,611,610,-1,612,613,614,-1,614,613,615,-1,614,615,616,-1,616,615,617,-1,616,617,618,-1,618,617,619,-1,618,619,620,-1,620,619,621,-1,620,621,622,-1,622,621,623,-1,624,622,625,-1,625,622,623,-1,624,625,626,-1,624,626,627,-1,627,626,628,-1,627,628,629,-1,629,628,630,-1,629,630,631,-1,631,630,632,-1,631,632,633,-1,633,632,634,-1,633,634,635,-1,635,634,636,-1,635,636,637,-1,637,636,638,-1,637,638,639,-1,640,639,641,-1,641,639,638,-1,640,641,642,-1,640,642,643,-1,643,642,644,-1,643,644,645,-1,645,644,646,-1,645,646,647,-1,647,646,648,-1,647,648,649,-1,649,648,650,-1,649,650,651,-1,651,650,652,-1,651,652,653,-1,653,652,654,-1,653,654,655,-1,655,654,656,-1,655,656,657,-1,657,656,658,-1,657,658,659,-1,660,659,661,-1,661,659,658,-1,660,661,662,-1,660,662,663,-1,663,662,664,-1,663,664,665,-1,665,664,666,-1,665,666,667,-1,667,666,668,-1,667,668,669,-1,669,668,670,-1,669,670,671,-1,671,670,672,-1,671,672,673,-1,673,672,674,-1,673,674,675,-1,676,675,677,-1,677,675,674,-1,678,676,679,-1,679,676,677,-1,680,678,681,-1,681,678,679,-1,680,681,682,-1,682,681,683,-1,682,683,684,-1,684,683,685,-1,684,685,686,-1,686,685,687,-1,686,687,688,-1,688,687,689,-1,688,689,690,-1,690,689,691,-1,690,691,692,-1,692,691,693,-1,694,692,695,-1,695,692,693,-1,694,695,696,-1,696,695,697,-1,696,697,698,-1,698,697,699,-1,698,699,700,-1,700,699,701,-1,700,701,702,-1,702,701,703,-1,702,703,704,-1,704,703,705,-1,704,705,706,-1,706,705,707,-1,706,707,708,-1,708,707,709,-1,708,709,710,-1,710,709,711,-1,710,711,712,-1,712,711,713,-1,714,712,715,-1,715,712,713,-1,714,715,716,-1,716,715,717,-1,716,717,718,-1,718,717,719,-1,718,719,720,-1,720,719,721,-1,720,721,722,-1,722,721,723,-1,722,723,724,-1,724,723,725,-1,724,725,726,-1,726,725,727,-1,728,726,729,-1,729,726,727,-1,728,729,730,-1,728,730,731,-1,731,730,732,-1,731,732,733,-1,733,732,734,-1,733,734,735,-1,735,734,736,-1,735,736,737,-1,737,736,738,-1,737,738,739,-1,740,739,741,-1,741,739,738,-1,740,741,742,-1,742,741,743,-1,742,743,744,-1,744,743,745,-1,744,745,746,-1,746,745,747,-1,746,747,748,-1,748,747,749,-1,748,749,590,-1,590,749,591,-1,676,678,675,-1,675,678,680,-1,675,680,673,-1,673,680,682,-1,673,682,671,-1,671,682,684,-1,671,684,669,-1,669,684,686,-1,592,598,590,-1,590,598,600,-1,590,600,748,-1,748,600,603,-1,748,603,746,-1,746,603,605,-1,746,605,744,-1,744,605,607,-1,744,607,742,-1,742,607,609,-1,742,609,740,-1,740,609,611,-1,740,611,739,-1,739,611,612,-1,739,612,737,-1,737,612,614,-1,737,614,735,-1,735,614,616,-1,735,616,733,-1,733,616,618,-1,733,618,731,-1,731,618,620,-1,731,620,728,-1,728,620,622,-1,728,622,726,-1,726,622,624,-1,726,624,724,-1,724,624,627,-1,724,627,722,-1,627,629,722,-1,722,629,631,-1,722,631,720,-1,720,631,633,-1,720,633,718,-1,718,633,635,-1,718,635,716,-1,716,635,637,-1,716,637,714,-1,714,637,639,-1,714,639,712,-1,712,639,640,-1,712,640,710,-1,710,640,643,-1,710,643,708,-1,708,643,645,-1,708,645,706,-1,706,645,647,-1,706,647,704,-1,704,647,649,-1,704,649,702,-1,702,649,651,-1,702,651,700,-1,700,651,653,-1,700,653,698,-1,698,653,655,-1,698,655,696,-1,696,655,657,-1,696,657,694,-1,694,657,659,-1,694,659,692,-1,692,659,660,-1,692,660,690,-1,690,660,663,-1,690,663,688,-1,688,663,665,-1,688,665,686,-1,686,665,667,-1,686,667,669,-1,679,677,681,-1,681,677,674,-1,681,674,683,-1,683,674,672,-1,683,672,685,-1,599,593,601,-1,601,593,591,-1,601,591,602,-1,602,591,749,-1,602,749,604,-1,604,749,747,-1,604,747,606,-1,606,747,745,-1,606,745,608,-1,608,745,743,-1,608,743,610,-1,610,743,741,-1,610,741,613,-1,613,741,738,-1,613,738,615,-1,615,738,736,-1,615,736,617,-1,617,736,734,-1,617,734,619,-1,619,734,732,-1,619,732,621,-1,621,732,730,-1,621,730,623,-1,623,730,729,-1,623,729,625,-1,625,729,727,-1,625,727,626,-1,626,727,725,-1,626,725,628,-1,628,725,723,-1,628,723,630,-1,630,723,721,-1,672,670,685,-1,685,670,668,-1,685,668,687,-1,687,668,666,-1,687,666,689,-1,689,666,664,-1,689,664,691,-1,691,664,662,-1,691,662,693,-1,693,662,661,-1,693,661,695,-1,695,661,658,-1,695,658,697,-1,697,658,656,-1,697,656,699,-1,699,656,654,-1,699,654,701,-1,701,654,652,-1,701,652,703,-1,703,652,650,-1,703,650,705,-1,705,650,648,-1,705,648,707,-1,707,648,646,-1,707,646,709,-1,709,646,644,-1,709,644,711,-1,711,644,642,-1,711,642,713,-1,713,642,641,-1,713,641,715,-1,715,641,638,-1,715,638,717,-1,717,638,636,-1,717,636,719,-1,719,636,634,-1,719,634,721,-1,721,634,632,-1,721,632,630,-1,592,594,598,-1,598,594,596,-1,595,593,597,-1,597,593,599,-1,750,751,752,-1,752,751,753,-1,752,753,754,-1,754,753,755,-1,751,750,756,-1,756,750,757,-1,758,759,760,-1,760,759,761,-1,760,761,757,-1,757,761,756,-1,759,758,762,-1,762,758,763,-1,762,763,764,-1,764,763,765,-1,764,765,766,-1,766,765,767,-1,766,767,768,-1,768,767,769,-1,768,769,770,-1,770,769,771,-1,770,771,772,-1,772,771,773,-1,774,772,775,-1,775,772,773,-1,774,775,776,-1,774,776,777,-1,777,776,778,-1,777,778,779,-1,779,778,780,-1,779,780,781,-1,781,780,782,-1,781,782,783,-1,783,782,784,-1,783,784,785,-1,785,784,786,-1,785,786,787,-1,787,786,788,-1,787,788,789,-1,789,788,790,-1,789,790,791,-1,791,790,792,-1,791,792,793,-1,794,793,795,-1,795,793,792,-1,794,795,796,-1,794,796,797,-1,797,796,798,-1,797,798,799,-1,799,798,800,-1,799,800,801,-1,801,800,802,-1,801,802,803,-1,803,802,804,-1,803,804,805,-1,805,804,806,-1,805,806,807,-1,807,806,808,-1,807,808,809,-1,810,809,811,-1,811,809,808,-1,812,810,813,-1,813,810,811,-1,814,812,815,-1,815,812,813,-1,814,815,816,-1,816,815,817,-1,816,817,818,-1,818,817,819,-1,818,819,820,-1,820,819,821,-1,820,821,822,-1,822,821,823,-1,822,823,824,-1,824,823,825,-1,824,825,826,-1,826,825,827,-1,828,826,829,-1,829,826,827,-1,828,829,830,-1,830,829,831,-1,830,831,832,-1,832,831,833,-1,832,833,834,-1,834,833,835,-1,834,835,836,-1,836,835,837,-1,836,837,838,-1,838,837,839,-1,838,839,840,-1,840,839,841,-1,840,841,842,-1,842,841,843,-1,842,843,844,-1,844,843,845,-1,844,845,846,-1,846,845,847,-1,848,846,849,-1,849,846,847,-1,848,849,850,-1,848,850,851,-1,851,850,852,-1,851,852,853,-1,853,852,854,-1,853,854,855,-1,855,854,856,-1,855,856,857,-1,857,856,858,-1,857,858,859,-1,859,858,754,-1,859,754,755,-1,822,801,820,-1,820,801,803,-1,820,803,818,-1,818,803,805,-1,818,805,816,-1,816,805,807,-1,816,807,814,-1,814,807,809,-1,814,809,812,-1,812,809,810,-1,753,761,755,-1,755,761,759,-1,755,759,859,-1,859,759,762,-1,859,762,857,-1,857,762,764,-1,857,764,855,-1,855,764,766,-1,855,766,853,-1,853,766,768,-1,853,768,851,-1,851,768,770,-1,851,770,848,-1,848,770,772,-1,848,772,846,-1,846,772,774,-1,846,774,844,-1,844,774,777,-1,844,777,842,-1,842,777,779,-1,842,779,840,-1,840,779,781,-1,840,781,838,-1,838,781,783,-1,838,783,836,-1,836,783,785,-1,836,785,834,-1,834,785,787,-1,834,787,832,-1,832,787,789,-1,832,789,830,-1,830,789,791,-1,830,791,828,-1,828,791,793,-1,828,793,826,-1,826,793,794,-1,826,794,824,-1,824,794,797,-1,824,797,822,-1,822,797,799,-1,822,799,801,-1,813,811,815,-1,815,811,808,-1,815,808,817,-1,817,808,806,-1,817,806,819,-1,819,806,804,-1,819,804,821,-1,804,802,821,-1,821,802,800,-1,821,800,823,-1,823,800,798,-1,823,798,825,-1,825,798,796,-1,825,796,827,-1,827,796,795,-1,827,795,829,-1,829,795,792,-1,829,792,831,-1,831,792,790,-1,831,790,833,-1,833,790,788,-1,833,788,835,-1,835,788,786,-1,835,786,837,-1,837,786,784,-1,837,784,839,-1,839,784,782,-1,839,782,841,-1,841,782,780,-1,841,780,843,-1,843,780,778,-1,843,778,845,-1,845,778,776,-1,845,776,847,-1,847,776,775,-1,847,775,849,-1,849,775,773,-1,849,773,850,-1,850,773,771,-1,850,771,852,-1,852,771,769,-1,852,769,854,-1,854,769,767,-1,854,767,856,-1,856,767,765,-1,856,765,858,-1,858,765,763,-1,858,763,754,-1,754,763,758,-1,754,758,752,-1,752,758,760,-1,753,751,761,-1,761,751,756,-1,750,752,757,-1,757,752,760,-1,860,861,862,-1,862,861,863,-1,862,863,864,-1,864,863,865,-1,861,860,866,-1,866,860,867,-1,868,869,870,-1,870,869,871,-1,870,871,867,-1,867,871,866,-1,869,868,872,-1,872,868,873,-1,872,873,874,-1,874,873,875,-1,874,875,876,-1,876,875,877,-1,876,877,878,-1,878,877,879,-1,878,879,880,-1,880,879,881,-1,880,881,882,-1,882,881,883,-1,884,882,885,-1,885,882,883,-1,884,885,886,-1,884,886,887,-1,887,886,888,-1,887,888,889,-1,889,888,890,-1,889,890,891,-1,891,890,892,-1,891,892,893,-1,893,892,894,-1,893,894,895,-1,895,894,896,-1,895,896,897,-1,897,896,898,-1,897,898,899,-1,899,898,900,-1,899,900,901,-1,901,900,902,-1,901,902,903,-1,904,903,905,-1,905,903,902,-1,904,905,906,-1,904,906,907,-1,907,906,908,-1,907,908,909,-1,909,908,910,-1,909,910,911,-1,911,910,912,-1,911,912,913,-1,913,912,914,-1,913,914,915,-1,915,914,916,-1,915,916,917,-1,917,916,918,-1,917,918,919,-1,920,919,921,-1,921,919,918,-1,922,920,923,-1,923,920,921,-1,924,922,925,-1,925,922,923,-1,924,925,926,-1,926,925,927,-1,926,927,928,-1,928,927,929,-1,928,929,930,-1,930,929,931,-1,930,931,932,-1,932,931,933,-1,932,933,934,-1,934,933,935,-1,934,935,936,-1,936,935,937,-1,938,936,939,-1,939,936,937,-1,938,939,940,-1,940,939,941,-1,940,941,942,-1,942,941,943,-1,942,943,944,-1,944,943,945,-1,944,945,946,-1,946,945,947,-1,946,947,948,-1,948,947,949,-1,948,949,950,-1,950,949,951,-1,950,951,952,-1,952,951,953,-1,952,953,954,-1,954,953,955,-1,954,955,956,-1,956,955,957,-1,958,956,959,-1,959,956,957,-1,958,959,960,-1,958,960,961,-1,961,960,962,-1,961,962,963,-1,963,962,964,-1,963,964,965,-1,965,964,966,-1,965,966,967,-1,967,966,968,-1,967,968,969,-1,969,968,864,-1,969,864,865,-1,932,911,930,-1,930,911,913,-1,930,913,928,-1,928,913,915,-1,928,915,926,-1,926,915,917,-1,926,917,924,-1,924,917,919,-1,924,919,922,-1,922,919,920,-1,863,871,865,-1,865,871,869,-1,865,869,969,-1,969,869,872,-1,969,872,967,-1,967,872,874,-1,967,874,965,-1,965,874,876,-1,965,876,963,-1,963,876,878,-1,963,878,961,-1,961,878,880,-1,961,880,958,-1,958,880,882,-1,958,882,956,-1,956,882,884,-1,956,884,954,-1,954,884,887,-1,954,887,952,-1,952,887,889,-1,952,889,950,-1,950,889,891,-1,950,891,948,-1,948,891,893,-1,948,893,946,-1,946,893,895,-1,946,895,944,-1,944,895,897,-1,944,897,942,-1,942,897,899,-1,942,899,940,-1,940,899,901,-1,940,901,938,-1,938,901,903,-1,938,903,936,-1,936,903,904,-1,936,904,934,-1,934,904,907,-1,934,907,932,-1,932,907,909,-1,932,909,911,-1,923,921,925,-1,925,921,918,-1,925,918,927,-1,927,918,916,-1,927,916,929,-1,929,916,914,-1,929,914,931,-1,914,912,931,-1,931,912,910,-1,931,910,933,-1,933,910,908,-1,933,908,935,-1,935,908,906,-1,935,906,937,-1,937,906,905,-1,937,905,939,-1,939,905,902,-1,939,902,941,-1,941,902,900,-1,941,900,943,-1,943,900,898,-1,943,898,945,-1,945,898,896,-1,945,896,947,-1,947,896,894,-1,947,894,949,-1,949,894,892,-1,949,892,951,-1,951,892,890,-1,951,890,953,-1,953,890,888,-1,953,888,955,-1,955,888,886,-1,955,886,957,-1,957,886,885,-1,957,885,959,-1,959,885,883,-1,959,883,960,-1,960,883,881,-1,960,881,962,-1,962,881,879,-1,962,879,964,-1,964,879,877,-1,964,877,966,-1,966,877,875,-1,966,875,968,-1,968,875,873,-1,968,873,864,-1,864,873,868,-1,864,868,862,-1,862,868,870,-1,863,861,871,-1,871,861,866,-1,860,862,867,-1,867,862,870,-1,970,971,972,-1,972,971,973,-1,972,973,974,-1,974,973,975,-1,971,970,976,-1,976,970,977,-1,978,979,980,-1,980,979,981,-1,980,981,977,-1,977,981,976,-1,979,978,982,-1,982,978,983,-1,982,983,984,-1,984,983,985,-1,984,985,986,-1,986,985,987,-1,986,987,988,-1,988,987,989,-1,988,989,990,-1,990,989,991,-1,990,991,992,-1,992,991,993,-1,994,992,995,-1,995,992,993,-1,994,995,996,-1,994,996,997,-1,997,996,998,-1,997,998,999,-1,999,998,1000,-1,999,1000,1001,-1,1001,1000,1002,-1,1001,1002,1003,-1,1003,1002,1004,-1,1003,1004,1005,-1,1005,1004,1006,-1,1005,1006,1007,-1,1007,1006,1008,-1,1007,1008,1009,-1,1009,1008,1010,-1,1009,1010,1011,-1,1011,1010,1012,-1,1011,1012,1013,-1,1014,1013,1015,-1,1015,1013,1012,-1,1014,1015,1016,-1,1014,1016,1017,-1,1017,1016,1018,-1,1017,1018,1019,-1,1019,1018,1020,-1,1019,1020,1021,-1,1021,1020,1022,-1,1021,1022,1023,-1,1023,1022,1024,-1,1023,1024,1025,-1,1025,1024,1026,-1,1025,1026,1027,-1,1027,1026,1028,-1,1027,1028,1029,-1,1030,1029,1031,-1,1031,1029,1028,-1,1032,1030,1033,-1,1033,1030,1031,-1,1034,1032,1035,-1,1035,1032,1033,-1,1034,1035,1036,-1,1036,1035,1037,-1,1036,1037,1038,-1,1038,1037,1039,-1,1038,1039,1040,-1,1040,1039,1041,-1,1040,1041,1042,-1,1042,1041,1043,-1,1042,1043,1044,-1,1044,1043,1045,-1,1044,1045,1046,-1,1046,1045,1047,-1,1048,1046,1049,-1,1049,1046,1047,-1,1048,1049,1050,-1,1050,1049,1051,-1,1050,1051,1052,-1,1052,1051,1053,-1,1052,1053,1054,-1,1054,1053,1055,-1,1054,1055,1056,-1,1056,1055,1057,-1,1056,1057,1058,-1,1058,1057,1059,-1,1058,1059,1060,-1,1060,1059,1061,-1,1060,1061,1062,-1,1062,1061,1063,-1,1062,1063,1064,-1,1064,1063,1065,-1,1064,1065,1066,-1,1066,1065,1067,-1,1068,1066,1069,-1,1069,1066,1067,-1,1068,1069,1070,-1,1068,1070,1071,-1,1071,1070,1072,-1,1071,1072,1073,-1,1073,1072,1074,-1,1073,1074,1075,-1,1075,1074,1076,-1,1075,1076,1077,-1,1077,1076,1078,-1,1077,1078,1079,-1,1079,1078,974,-1,1079,974,975,-1,1042,1021,1040,-1,1040,1021,1023,-1,1040,1023,1038,-1,1038,1023,1025,-1,1038,1025,1036,-1,1036,1025,1027,-1,1036,1027,1034,-1,1034,1027,1029,-1,1034,1029,1032,-1,1032,1029,1030,-1,973,981,975,-1,975,981,979,-1,975,979,1079,-1,1079,979,982,-1,1079,982,1077,-1,1077,982,984,-1,1077,984,1075,-1,1075,984,986,-1,1075,986,1073,-1,1073,986,988,-1,1073,988,1071,-1,1071,988,990,-1,1071,990,1068,-1,1068,990,992,-1,1068,992,1066,-1,1066,992,994,-1,1066,994,1064,-1,1064,994,997,-1,1064,997,1062,-1,1062,997,999,-1,1062,999,1060,-1,1060,999,1001,-1,1060,1001,1058,-1,1058,1001,1003,-1,1058,1003,1056,-1,1056,1003,1005,-1,1056,1005,1054,-1,1054,1005,1007,-1,1054,1007,1052,-1,1052,1007,1009,-1,1052,1009,1050,-1,1050,1009,1011,-1,1050,1011,1048,-1,1048,1011,1013,-1,1048,1013,1046,-1,1046,1013,1014,-1,1046,1014,1044,-1,1044,1014,1017,-1,1044,1017,1042,-1,1042,1017,1019,-1,1042,1019,1021,-1,1033,1031,1035,-1,1035,1031,1028,-1,1035,1028,1037,-1,1037,1028,1026,-1,1037,1026,1039,-1,1039,1026,1024,-1,1039,1024,1041,-1,1024,1022,1041,-1,1041,1022,1020,-1,1041,1020,1043,-1,1043,1020,1018,-1,1043,1018,1045,-1,1045,1018,1016,-1,1045,1016,1047,-1,1047,1016,1015,-1,1047,1015,1049,-1,1049,1015,1012,-1,1049,1012,1051,-1,1051,1012,1010,-1,1051,1010,1053,-1,1053,1010,1008,-1,1053,1008,1055,-1,1055,1008,1006,-1,1055,1006,1057,-1,1057,1006,1004,-1,1057,1004,1059,-1,1059,1004,1002,-1,1059,1002,1061,-1,1061,1002,1000,-1,1061,1000,1063,-1,1063,1000,998,-1,1063,998,1065,-1,1065,998,996,-1,1065,996,1067,-1,1067,996,995,-1,1067,995,1069,-1,1069,995,993,-1,1069,993,1070,-1,1070,993,991,-1,1070,991,1072,-1,1072,991,989,-1,1072,989,1074,-1,1074,989,987,-1,1074,987,1076,-1,1076,987,985,-1,1076,985,1078,-1,1078,985,983,-1,1078,983,974,-1,974,983,978,-1,974,978,972,-1,972,978,980,-1,973,971,981,-1,981,971,976,-1,970,972,977,-1,977,972,980,-1,1080,1081,1082,-1,1082,1081,1083,-1,1082,1083,1084,-1,1084,1083,1085,-1,1084,1085,1086,-1,1086,1085,1087,-1,1086,1087,1088,-1,1088,1087,1089,-1,1088,1089,1090,-1,1090,1089,1091,-1,1090,1091,1092,-1,1090,1092,1093,-1,1093,1092,1094,-1,1093,1094,1095,-1,1095,1094,1096,-1,1095,1096,1097,-1,1097,1096,1098,-1,1097,1098,1099,-1,1099,1098,1100,-1,1099,1100,1101,-1,1102,1101,1103,-1,1103,1101,1100,-1,1102,1103,1104,-1,1104,1103,1105,-1,1104,1105,1106,-1,1106,1105,1107,-1,1106,1107,1108,-1,1108,1107,1109,-1,1108,1109,1110,-1,1110,1109,1111,-1,1110,1111,1112,-1,1112,1111,1113,-1,1114,1112,1115,-1,1115,1112,1113,-1,1114,1115,1116,-1,1114,1116,1117,-1,1117,1116,1118,-1,1117,1118,1119,-1,1119,1118,1120,-1,1119,1120,1121,-1,1121,1120,1122,-1,1121,1122,1123,-1,1123,1122,1124,-1,1123,1124,1125,-1,1125,1124,1126,-1,1125,1126,1127,-1,1127,1126,1128,-1,1127,1128,1129,-1,1130,1129,1131,-1,1131,1129,1128,-1,1130,1131,1132,-1,1130,1132,1133,-1,1133,1132,1134,-1,1133,1134,1135,-1,1135,1134,1136,-1,1135,1136,1137,-1,1137,1136,1138,-1,1137,1138,1139,-1,1139,1138,1140,-1,1139,1140,1141,-1,1141,1140,1142,-1,1141,1142,1143,-1,1143,1142,1144,-1,1143,1144,1145,-1,1145,1144,1146,-1,1145,1146,1147,-1,1147,1146,1148,-1,1147,1148,1149,-1,1150,1149,1151,-1,1151,1149,1148,-1,1150,1151,1152,-1,1150,1152,1153,-1,1153,1152,1154,-1,1153,1154,1155,-1,1155,1154,1156,-1,1155,1156,1157,-1,1157,1156,1158,-1,1157,1158,1159,-1,1159,1158,1160,-1,1159,1160,1161,-1,1161,1160,1162,-1,1161,1162,1163,-1,1163,1162,1164,-1,1163,1164,1165,-1,1166,1165,1167,-1,1167,1165,1164,-1,1168,1166,1169,-1,1169,1166,1167,-1,1170,1168,1171,-1,1171,1168,1169,-1,1170,1171,1172,-1,1172,1171,1173,-1,1172,1173,1174,-1,1174,1173,1175,-1,1174,1175,1176,-1,1176,1175,1177,-1,1176,1177,1178,-1,1178,1177,1179,-1,1178,1179,1180,-1,1180,1179,1181,-1,1180,1181,1182,-1,1182,1181,1183,-1,1184,1182,1185,-1,1185,1182,1183,-1,1184,1185,1186,-1,1186,1185,1187,-1,1186,1187,1188,-1,1188,1187,1189,-1,1188,1189,1190,-1,1190,1189,1191,-1,1190,1191,1192,-1,1192,1191,1193,-1,1192,1193,1194,-1,1194,1193,1195,-1,1194,1195,1196,-1,1196,1195,1197,-1,1196,1197,1198,-1,1198,1197,1199,-1,1198,1199,1200,-1,1200,1199,1201,-1,1200,1201,1202,-1,1202,1201,1203,-1,1204,1202,1205,-1,1205,1202,1203,-1,1204,1205,1206,-1,1206,1205,1207,-1,1206,1207,1208,-1,1208,1207,1209,-1,1208,1209,1210,-1,1210,1209,1211,-1,1210,1211,1212,-1,1212,1211,1213,-1,1212,1213,1214,-1,1214,1213,1215,-1,1214,1215,1216,-1,1216,1215,1217,-1,1218,1216,1219,-1,1219,1216,1217,-1,1218,1219,1220,-1,1218,1220,1221,-1,1221,1220,1222,-1,1221,1222,1223,-1,1223,1222,1224,-1,1223,1224,1225,-1,1225,1224,1226,-1,1225,1226,1227,-1,1227,1226,1228,-1,1227,1228,1229,-1,1230,1229,1231,-1,1231,1229,1228,-1,1230,1231,1232,-1,1232,1231,1233,-1,1232,1233,1234,-1,1234,1233,1235,-1,1234,1235,1236,-1,1236,1235,1237,-1,1236,1237,1238,-1,1238,1237,1239,-1,1238,1239,1080,-1,1080,1239,1081,-1,1166,1168,1165,-1,1165,1168,1170,-1,1165,1170,1163,-1,1163,1170,1172,-1,1163,1172,1161,-1,1161,1172,1174,-1,1161,1174,1159,-1,1159,1174,1176,-1,1082,1088,1080,-1,1080,1088,1090,-1,1080,1090,1238,-1,1238,1090,1093,-1,1238,1093,1236,-1,1236,1093,1095,-1,1236,1095,1234,-1,1234,1095,1097,-1,1234,1097,1232,-1,1232,1097,1099,-1,1232,1099,1230,-1,1230,1099,1101,-1,1230,1101,1229,-1,1229,1101,1102,-1,1229,1102,1227,-1,1227,1102,1104,-1,1227,1104,1225,-1,1225,1104,1106,-1,1225,1106,1223,-1,1223,1106,1108,-1,1223,1108,1221,-1,1221,1108,1110,-1,1221,1110,1218,-1,1218,1110,1112,-1,1218,1112,1216,-1,1216,1112,1114,-1,1216,1114,1214,-1,1214,1114,1117,-1,1214,1117,1212,-1,1117,1119,1212,-1,1212,1119,1121,-1,1212,1121,1210,-1,1210,1121,1123,-1,1210,1123,1208,-1,1208,1123,1125,-1,1208,1125,1206,-1,1206,1125,1127,-1,1206,1127,1204,-1,1204,1127,1129,-1,1204,1129,1202,-1,1202,1129,1130,-1,1202,1130,1200,-1,1200,1130,1133,-1,1200,1133,1198,-1,1198,1133,1135,-1,1198,1135,1196,-1,1196,1135,1137,-1,1196,1137,1194,-1,1194,1137,1139,-1,1194,1139,1192,-1,1192,1139,1141,-1,1192,1141,1190,-1,1190,1141,1143,-1,1190,1143,1188,-1,1188,1143,1145,-1,1188,1145,1186,-1,1186,1145,1147,-1,1186,1147,1184,-1,1184,1147,1149,-1,1184,1149,1182,-1,1182,1149,1150,-1,1182,1150,1180,-1,1180,1150,1153,-1,1180,1153,1178,-1,1178,1153,1155,-1,1178,1155,1176,-1,1176,1155,1157,-1,1176,1157,1159,-1,1169,1167,1171,-1,1171,1167,1164,-1,1171,1164,1173,-1,1173,1164,1162,-1,1173,1162,1175,-1,1089,1083,1091,-1,1091,1083,1081,-1,1091,1081,1092,-1,1092,1081,1239,-1,1092,1239,1094,-1,1094,1239,1237,-1,1094,1237,1096,-1,1096,1237,1235,-1,1096,1235,1098,-1,1098,1235,1233,-1,1098,1233,1100,-1,1100,1233,1231,-1,1100,1231,1103,-1,1103,1231,1228,-1,1103,1228,1105,-1,1105,1228,1226,-1,1105,1226,1107,-1,1107,1226,1224,-1,1107,1224,1109,-1,1109,1224,1222,-1,1109,1222,1111,-1,1111,1222,1220,-1,1111,1220,1113,-1,1113,1220,1219,-1,1113,1219,1115,-1,1115,1219,1217,-1,1115,1217,1116,-1,1116,1217,1215,-1,1116,1215,1118,-1,1118,1215,1213,-1,1118,1213,1120,-1,1120,1213,1211,-1,1162,1160,1175,-1,1175,1160,1158,-1,1175,1158,1177,-1,1177,1158,1156,-1,1177,1156,1179,-1,1179,1156,1154,-1,1179,1154,1181,-1,1181,1154,1152,-1,1181,1152,1183,-1,1183,1152,1151,-1,1183,1151,1185,-1,1185,1151,1148,-1,1185,1148,1187,-1,1187,1148,1146,-1,1187,1146,1189,-1,1189,1146,1144,-1,1189,1144,1191,-1,1191,1144,1142,-1,1191,1142,1193,-1,1193,1142,1140,-1,1193,1140,1195,-1,1195,1140,1138,-1,1195,1138,1197,-1,1197,1138,1136,-1,1197,1136,1199,-1,1199,1136,1134,-1,1199,1134,1201,-1,1201,1134,1132,-1,1201,1132,1203,-1,1203,1132,1131,-1,1203,1131,1205,-1,1205,1131,1128,-1,1205,1128,1207,-1,1207,1128,1126,-1,1207,1126,1209,-1,1209,1126,1124,-1,1209,1124,1211,-1,1211,1124,1122,-1,1211,1122,1120,-1,1082,1084,1088,-1,1088,1084,1086,-1,1085,1083,1087,-1,1087,1083,1089,-1,1240,1241,1242,-1,1242,1241,1243,-1,1242,1243,1244,-1,1244,1243,1245,-1,1241,1240,1246,-1,1246,1240,1247,-1,1248,1249,1250,-1,1250,1249,1251,-1,1250,1251,1247,-1,1247,1251,1246,-1,1249,1248,1252,-1,1252,1248,1253,-1,1252,1253,1254,-1,1254,1253,1255,-1,1254,1255,1256,-1,1256,1255,1257,-1,1256,1257,1258,-1,1258,1257,1259,-1,1258,1259,1260,-1,1260,1259,1261,-1,1260,1261,1262,-1,1262,1261,1263,-1,1264,1262,1265,-1,1265,1262,1263,-1,1264,1265,1266,-1,1264,1266,1267,-1,1267,1266,1268,-1,1267,1268,1269,-1,1269,1268,1270,-1,1269,1270,1271,-1,1271,1270,1272,-1,1271,1272,1273,-1,1273,1272,1274,-1,1273,1274,1275,-1,1275,1274,1276,-1,1275,1276,1277,-1,1277,1276,1278,-1,1277,1278,1279,-1,1279,1278,1280,-1,1279,1280,1281,-1,1281,1280,1282,-1,1281,1282,1283,-1,1284,1283,1285,-1,1285,1283,1282,-1,1284,1285,1286,-1,1284,1286,1287,-1,1287,1286,1288,-1,1287,1288,1289,-1,1289,1288,1290,-1,1289,1290,1291,-1,1291,1290,1292,-1,1291,1292,1293,-1,1293,1292,1294,-1,1293,1294,1295,-1,1295,1294,1296,-1,1295,1296,1297,-1,1297,1296,1298,-1,1297,1298,1299,-1,1300,1299,1301,-1,1301,1299,1298,-1,1302,1300,1303,-1,1303,1300,1301,-1,1304,1302,1305,-1,1305,1302,1303,-1,1304,1305,1306,-1,1306,1305,1307,-1,1306,1307,1308,-1,1308,1307,1309,-1,1308,1309,1310,-1,1310,1309,1311,-1,1310,1311,1312,-1,1312,1311,1313,-1,1312,1313,1314,-1,1314,1313,1315,-1,1314,1315,1316,-1,1316,1315,1317,-1,1318,1316,1319,-1,1319,1316,1317,-1,1318,1319,1320,-1,1320,1319,1321,-1,1320,1321,1322,-1,1322,1321,1323,-1,1322,1323,1324,-1,1324,1323,1325,-1,1324,1325,1326,-1,1326,1325,1327,-1,1326,1327,1328,-1,1328,1327,1329,-1,1328,1329,1330,-1,1330,1329,1331,-1,1330,1331,1332,-1,1332,1331,1333,-1,1332,1333,1334,-1,1334,1333,1335,-1,1334,1335,1336,-1,1336,1335,1337,-1,1338,1336,1339,-1,1339,1336,1337,-1,1338,1339,1340,-1,1338,1340,1341,-1,1341,1340,1342,-1,1341,1342,1343,-1,1343,1342,1344,-1,1343,1344,1345,-1,1345,1344,1346,-1,1345,1346,1347,-1,1347,1346,1348,-1,1347,1348,1349,-1,1349,1348,1244,-1,1349,1244,1245,-1,1312,1291,1310,-1,1310,1291,1293,-1,1310,1293,1308,-1,1308,1293,1295,-1,1308,1295,1306,-1,1306,1295,1297,-1,1306,1297,1304,-1,1304,1297,1299,-1,1304,1299,1302,-1,1302,1299,1300,-1,1243,1251,1245,-1,1245,1251,1249,-1,1245,1249,1349,-1,1349,1249,1252,-1,1349,1252,1347,-1,1347,1252,1254,-1,1347,1254,1345,-1,1345,1254,1256,-1,1345,1256,1343,-1,1343,1256,1258,-1,1343,1258,1341,-1,1341,1258,1260,-1,1341,1260,1338,-1,1338,1260,1262,-1,1338,1262,1336,-1,1336,1262,1264,-1,1336,1264,1334,-1,1334,1264,1267,-1,1334,1267,1332,-1,1332,1267,1269,-1,1332,1269,1330,-1,1330,1269,1271,-1,1330,1271,1328,-1,1328,1271,1273,-1,1328,1273,1326,-1,1326,1273,1275,-1,1326,1275,1324,-1,1324,1275,1277,-1,1324,1277,1322,-1,1322,1277,1279,-1,1322,1279,1320,-1,1320,1279,1281,-1,1320,1281,1318,-1,1318,1281,1283,-1,1318,1283,1316,-1,1316,1283,1284,-1,1316,1284,1314,-1,1314,1284,1287,-1,1314,1287,1312,-1,1312,1287,1289,-1,1312,1289,1291,-1,1303,1301,1305,-1,1305,1301,1298,-1,1305,1298,1307,-1,1307,1298,1296,-1,1307,1296,1309,-1,1309,1296,1294,-1,1309,1294,1311,-1,1294,1292,1311,-1,1311,1292,1290,-1,1311,1290,1313,-1,1313,1290,1288,-1,1313,1288,1315,-1,1315,1288,1286,-1,1315,1286,1317,-1,1317,1286,1285,-1,1317,1285,1319,-1,1319,1285,1282,-1,1319,1282,1321,-1,1321,1282,1280,-1,1321,1280,1323,-1,1323,1280,1278,-1,1323,1278,1325,-1,1325,1278,1276,-1,1325,1276,1327,-1,1327,1276,1274,-1,1327,1274,1329,-1,1329,1274,1272,-1,1329,1272,1331,-1,1331,1272,1270,-1,1331,1270,1333,-1,1333,1270,1268,-1,1333,1268,1335,-1,1335,1268,1266,-1,1335,1266,1337,-1,1337,1266,1265,-1,1337,1265,1339,-1,1339,1265,1263,-1,1339,1263,1340,-1,1340,1263,1261,-1,1340,1261,1342,-1,1342,1261,1259,-1,1342,1259,1344,-1,1344,1259,1257,-1,1344,1257,1346,-1,1346,1257,1255,-1,1346,1255,1348,-1,1348,1255,1253,-1,1348,1253,1244,-1,1244,1253,1248,-1,1244,1248,1242,-1,1242,1248,1250,-1,1243,1241,1251,-1,1251,1241,1246,-1,1240,1242,1247,-1,1247,1242,1250,-1,1350,1351,1352,-1,1352,1351,1353,-1,1352,1353,1354,-1,1354,1353,1355,-1,1354,1355,1356,-1,1356,1355,1357,-1,1356,1357,1358,-1,1358,1357,1359,-1,1358,1359,1360,-1,1360,1359,1361,-1,1360,1361,1362,-1,1360,1362,1363,-1,1363,1362,1364,-1,1363,1364,1365,-1,1365,1364,1366,-1,1365,1366,1367,-1,1367,1366,1368,-1,1367,1368,1369,-1,1369,1368,1370,-1,1369,1370,1371,-1,1372,1371,1373,-1,1373,1371,1370,-1,1372,1373,1374,-1,1374,1373,1375,-1,1374,1375,1376,-1,1376,1375,1377,-1,1376,1377,1378,-1,1378,1377,1379,-1,1378,1379,1380,-1,1380,1379,1381,-1,1380,1381,1382,-1,1382,1381,1383,-1,1384,1382,1385,-1,1385,1382,1383,-1,1384,1385,1386,-1,1384,1386,1387,-1,1387,1386,1388,-1,1387,1388,1389,-1,1389,1388,1390,-1,1389,1390,1391,-1,1391,1390,1392,-1,1391,1392,1393,-1,1393,1392,1394,-1,1393,1394,1395,-1,1395,1394,1396,-1,1395,1396,1397,-1,1397,1396,1398,-1,1397,1398,1399,-1,1400,1399,1401,-1,1401,1399,1398,-1,1400,1401,1402,-1,1400,1402,1403,-1,1403,1402,1404,-1,1403,1404,1405,-1,1405,1404,1406,-1,1405,1406,1407,-1,1407,1406,1408,-1,1407,1408,1409,-1,1409,1408,1410,-1,1409,1410,1411,-1,1411,1410,1412,-1,1411,1412,1413,-1,1413,1412,1414,-1,1413,1414,1415,-1,1415,1414,1416,-1,1415,1416,1417,-1,1417,1416,1418,-1,1417,1418,1419,-1,1420,1419,1421,-1,1421,1419,1418,-1,1420,1421,1422,-1,1420,1422,1423,-1,1423,1422,1424,-1,1423,1424,1425,-1,1425,1424,1426,-1,1425,1426,1427,-1,1427,1426,1428,-1,1427,1428,1429,-1,1429,1428,1430,-1,1429,1430,1431,-1,1431,1430,1432,-1,1431,1432,1433,-1,1433,1432,1434,-1,1433,1434,1435,-1,1436,1435,1437,-1,1437,1435,1434,-1,1438,1436,1439,-1,1439,1436,1437,-1,1440,1438,1441,-1,1441,1438,1439,-1,1440,1441,1442,-1,1442,1441,1443,-1,1442,1443,1444,-1,1444,1443,1445,-1,1444,1445,1446,-1,1446,1445,1447,-1,1446,1447,1448,-1,1448,1447,1449,-1,1448,1449,1450,-1,1450,1449,1451,-1,1450,1451,1452,-1,1452,1451,1453,-1,1454,1452,1455,-1,1455,1452,1453,-1,1454,1455,1456,-1,1456,1455,1457,-1,1456,1457,1458,-1,1458,1457,1459,-1,1458,1459,1460,-1,1460,1459,1461,-1,1460,1461,1462,-1,1462,1461,1463,-1,1462,1463,1464,-1,1464,1463,1465,-1,1464,1465,1466,-1,1466,1465,1467,-1,1466,1467,1468,-1,1468,1467,1469,-1,1468,1469,1470,-1,1470,1469,1471,-1,1470,1471,1472,-1,1472,1471,1473,-1,1474,1472,1475,-1,1475,1472,1473,-1,1474,1475,1476,-1,1476,1475,1477,-1,1476,1477,1478,-1,1478,1477,1479,-1,1478,1479,1480,-1,1480,1479,1481,-1,1480,1481,1482,-1,1482,1481,1483,-1,1482,1483,1484,-1,1484,1483,1485,-1,1484,1485,1486,-1,1486,1485,1487,-1,1488,1486,1489,-1,1489,1486,1487,-1,1488,1489,1490,-1,1488,1490,1491,-1,1491,1490,1492,-1,1491,1492,1493,-1,1493,1492,1494,-1,1493,1494,1495,-1,1495,1494,1496,-1,1495,1496,1497,-1,1497,1496,1498,-1,1497,1498,1499,-1,1500,1499,1501,-1,1501,1499,1498,-1,1500,1501,1502,-1,1502,1501,1503,-1,1502,1503,1504,-1,1504,1503,1505,-1,1504,1505,1506,-1,1506,1505,1507,-1,1506,1507,1508,-1,1508,1507,1509,-1,1508,1509,1350,-1,1350,1509,1351,-1,1436,1438,1435,-1,1435,1438,1440,-1,1435,1440,1433,-1,1433,1440,1442,-1,1433,1442,1431,-1,1431,1442,1444,-1,1431,1444,1429,-1,1429,1444,1446,-1,1352,1358,1350,-1,1350,1358,1360,-1,1350,1360,1508,-1,1508,1360,1363,-1,1508,1363,1506,-1,1506,1363,1365,-1,1506,1365,1504,-1,1504,1365,1367,-1,1504,1367,1502,-1,1502,1367,1369,-1,1502,1369,1500,-1,1500,1369,1371,-1,1500,1371,1499,-1,1499,1371,1372,-1,1499,1372,1497,-1,1497,1372,1374,-1,1497,1374,1495,-1,1495,1374,1376,-1,1495,1376,1493,-1,1493,1376,1378,-1,1493,1378,1491,-1,1491,1378,1380,-1,1491,1380,1488,-1,1488,1380,1382,-1,1488,1382,1486,-1,1486,1382,1384,-1,1486,1384,1484,-1,1484,1384,1387,-1,1484,1387,1482,-1,1387,1389,1482,-1,1482,1389,1391,-1,1482,1391,1480,-1,1480,1391,1393,-1,1480,1393,1478,-1,1478,1393,1395,-1,1478,1395,1476,-1,1476,1395,1397,-1,1476,1397,1474,-1,1474,1397,1399,-1,1474,1399,1472,-1,1472,1399,1400,-1,1472,1400,1470,-1,1470,1400,1403,-1,1470,1403,1468,-1,1468,1403,1405,-1,1468,1405,1466,-1,1466,1405,1407,-1,1466,1407,1464,-1,1464,1407,1409,-1,1464,1409,1462,-1,1462,1409,1411,-1,1462,1411,1460,-1,1460,1411,1413,-1,1460,1413,1458,-1,1458,1413,1415,-1,1458,1415,1456,-1,1456,1415,1417,-1,1456,1417,1454,-1,1454,1417,1419,-1,1454,1419,1452,-1,1452,1419,1420,-1,1452,1420,1450,-1,1450,1420,1423,-1,1450,1423,1448,-1,1448,1423,1425,-1,1448,1425,1446,-1,1446,1425,1427,-1,1446,1427,1429,-1,1439,1437,1441,-1,1441,1437,1434,-1,1441,1434,1443,-1,1443,1434,1432,-1,1443,1432,1445,-1,1359,1353,1361,-1,1361,1353,1351,-1,1361,1351,1362,-1,1362,1351,1509,-1,1362,1509,1364,-1,1364,1509,1507,-1,1364,1507,1366,-1,1366,1507,1505,-1,1366,1505,1368,-1,1368,1505,1503,-1,1368,1503,1370,-1,1370,1503,1501,-1,1370,1501,1373,-1,1373,1501,1498,-1,1373,1498,1375,-1,1375,1498,1496,-1,1375,1496,1377,-1,1377,1496,1494,-1,1377,1494,1379,-1,1379,1494,1492,-1,1379,1492,1381,-1,1381,1492,1490,-1,1381,1490,1383,-1,1383,1490,1489,-1,1383,1489,1385,-1,1385,1489,1487,-1,1385,1487,1386,-1,1386,1487,1485,-1,1386,1485,1388,-1,1388,1485,1483,-1,1388,1483,1390,-1,1390,1483,1481,-1,1432,1430,1445,-1,1445,1430,1428,-1,1445,1428,1447,-1,1447,1428,1426,-1,1447,1426,1449,-1,1449,1426,1424,-1,1449,1424,1451,-1,1451,1424,1422,-1,1451,1422,1453,-1,1453,1422,1421,-1,1453,1421,1455,-1,1455,1421,1418,-1,1455,1418,1457,-1,1457,1418,1416,-1,1457,1416,1459,-1,1459,1416,1414,-1,1459,1414,1461,-1,1461,1414,1412,-1,1461,1412,1463,-1,1463,1412,1410,-1,1463,1410,1465,-1,1465,1410,1408,-1,1465,1408,1467,-1,1467,1408,1406,-1,1467,1406,1469,-1,1469,1406,1404,-1,1469,1404,1471,-1,1471,1404,1402,-1,1471,1402,1473,-1,1473,1402,1401,-1,1473,1401,1475,-1,1475,1401,1398,-1,1475,1398,1477,-1,1477,1398,1396,-1,1477,1396,1479,-1,1479,1396,1394,-1,1479,1394,1481,-1,1481,1394,1392,-1,1481,1392,1390,-1,1352,1354,1358,-1,1358,1354,1356,-1,1355,1353,1357,-1,1357,1353,1359,-1,1510,1511,1512,-1,1512,1511,1513,-1,1512,1513,1514,-1,1514,1513,1515,-1,1511,1510,1516,-1,1516,1510,1517,-1,1518,1519,1520,-1,1520,1519,1521,-1,1520,1521,1517,-1,1517,1521,1516,-1,1519,1518,1522,-1,1522,1518,1523,-1,1522,1523,1524,-1,1524,1523,1525,-1,1524,1525,1526,-1,1526,1525,1527,-1,1526,1527,1528,-1,1528,1527,1529,-1,1528,1529,1530,-1,1530,1529,1531,-1,1530,1531,1532,-1,1532,1531,1533,-1,1534,1532,1535,-1,1535,1532,1533,-1,1534,1535,1536,-1,1534,1536,1537,-1,1537,1536,1538,-1,1537,1538,1539,-1,1539,1538,1540,-1,1539,1540,1541,-1,1541,1540,1542,-1,1541,1542,1543,-1,1543,1542,1544,-1,1543,1544,1545,-1,1545,1544,1546,-1,1545,1546,1547,-1,1547,1546,1548,-1,1547,1548,1549,-1,1549,1548,1550,-1,1549,1550,1551,-1,1551,1550,1552,-1,1551,1552,1553,-1,1554,1553,1555,-1,1555,1553,1552,-1,1554,1555,1556,-1,1554,1556,1557,-1,1557,1556,1558,-1,1557,1558,1559,-1,1559,1558,1560,-1,1559,1560,1561,-1,1561,1560,1562,-1,1561,1562,1563,-1,1563,1562,1564,-1,1563,1564,1565,-1,1565,1564,1566,-1,1565,1566,1567,-1,1567,1566,1568,-1,1567,1568,1569,-1,1570,1569,1571,-1,1571,1569,1568,-1,1572,1570,1573,-1,1573,1570,1571,-1,1574,1572,1575,-1,1575,1572,1573,-1,1574,1575,1576,-1,1576,1575,1577,-1,1576,1577,1578,-1,1578,1577,1579,-1,1578,1579,1580,-1,1580,1579,1581,-1,1580,1581,1582,-1,1582,1581,1583,-1,1582,1583,1584,-1,1584,1583,1585,-1,1584,1585,1586,-1,1586,1585,1587,-1,1588,1586,1589,-1,1589,1586,1587,-1,1588,1589,1590,-1,1590,1589,1591,-1,1590,1591,1592,-1,1592,1591,1593,-1,1592,1593,1594,-1,1594,1593,1595,-1,1594,1595,1596,-1,1596,1595,1597,-1,1596,1597,1598,-1,1598,1597,1599,-1,1598,1599,1600,-1,1600,1599,1601,-1,1600,1601,1602,-1,1602,1601,1603,-1,1602,1603,1604,-1,1604,1603,1605,-1,1604,1605,1606,-1,1606,1605,1607,-1,1608,1606,1609,-1,1609,1606,1607,-1,1608,1609,1610,-1,1608,1610,1611,-1,1611,1610,1612,-1,1611,1612,1613,-1,1613,1612,1614,-1,1613,1614,1615,-1,1615,1614,1616,-1,1615,1616,1617,-1,1617,1616,1618,-1,1617,1618,1619,-1,1619,1618,1514,-1,1619,1514,1515,-1,1582,1561,1580,-1,1580,1561,1563,-1,1580,1563,1578,-1,1578,1563,1565,-1,1578,1565,1576,-1,1576,1565,1567,-1,1576,1567,1574,-1,1574,1567,1569,-1,1574,1569,1572,-1,1572,1569,1570,-1,1513,1521,1515,-1,1515,1521,1519,-1,1515,1519,1619,-1,1619,1519,1522,-1,1619,1522,1617,-1,1617,1522,1524,-1,1617,1524,1615,-1,1615,1524,1526,-1,1615,1526,1613,-1,1613,1526,1528,-1,1613,1528,1611,-1,1611,1528,1530,-1,1611,1530,1608,-1,1608,1530,1532,-1,1608,1532,1606,-1,1606,1532,1534,-1,1606,1534,1604,-1,1604,1534,1537,-1,1604,1537,1602,-1,1602,1537,1539,-1,1602,1539,1600,-1,1600,1539,1541,-1,1600,1541,1598,-1,1598,1541,1543,-1,1598,1543,1596,-1,1596,1543,1545,-1,1596,1545,1594,-1,1594,1545,1547,-1,1594,1547,1592,-1,1592,1547,1549,-1,1592,1549,1590,-1,1590,1549,1551,-1,1590,1551,1588,-1,1588,1551,1553,-1,1588,1553,1586,-1,1586,1553,1554,-1,1586,1554,1584,-1,1584,1554,1557,-1,1584,1557,1582,-1,1582,1557,1559,-1,1582,1559,1561,-1,1573,1571,1575,-1,1575,1571,1568,-1,1575,1568,1577,-1,1577,1568,1566,-1,1577,1566,1579,-1,1579,1566,1564,-1,1579,1564,1581,-1,1564,1562,1581,-1,1581,1562,1560,-1,1581,1560,1583,-1,1583,1560,1558,-1,1583,1558,1585,-1,1585,1558,1556,-1,1585,1556,1587,-1,1587,1556,1555,-1,1587,1555,1589,-1,1589,1555,1552,-1,1589,1552,1591,-1,1591,1552,1550,-1,1591,1550,1593,-1,1593,1550,1548,-1,1593,1548,1595,-1,1595,1548,1546,-1,1595,1546,1597,-1,1597,1546,1544,-1,1597,1544,1599,-1,1599,1544,1542,-1,1599,1542,1601,-1,1601,1542,1540,-1,1601,1540,1603,-1,1603,1540,1538,-1,1603,1538,1605,-1,1605,1538,1536,-1,1605,1536,1607,-1,1607,1536,1535,-1,1607,1535,1609,-1,1609,1535,1533,-1,1609,1533,1610,-1,1610,1533,1531,-1,1610,1531,1612,-1,1612,1531,1529,-1,1612,1529,1614,-1,1614,1529,1527,-1,1614,1527,1616,-1,1616,1527,1525,-1,1616,1525,1618,-1,1618,1525,1523,-1,1618,1523,1514,-1,1514,1523,1518,-1,1514,1518,1512,-1,1512,1518,1520,-1,1513,1511,1521,-1,1521,1511,1516,-1,1510,1512,1517,-1,1517,1512,1520,-1,1620,1621,1622,-1,1622,1621,1623,-1,1622,1623,1624,-1,1624,1623,1625,-1,1624,1625,1626,-1,1626,1625,1627,-1,1626,1627,1628,-1,1628,1627,1629,-1,1628,1629,1630,-1,1630,1629,1631,-1,1630,1631,1632,-1,1630,1632,1633,-1,1633,1632,1634,-1,1633,1634,1635,-1,1635,1634,1636,-1,1635,1636,1637,-1,1637,1636,1638,-1,1637,1638,1639,-1,1639,1638,1640,-1,1639,1640,1641,-1,1642,1641,1643,-1,1643,1641,1640,-1,1642,1643,1644,-1,1644,1643,1645,-1,1644,1645,1646,-1,1646,1645,1647,-1,1646,1647,1648,-1,1648,1647,1649,-1,1648,1649,1650,-1,1650,1649,1651,-1,1650,1651,1652,-1,1652,1651,1653,-1,1654,1652,1655,-1,1655,1652,1653,-1,1654,1655,1656,-1,1654,1656,1657,-1,1657,1656,1658,-1,1657,1658,1659,-1,1659,1658,1660,-1,1659,1660,1661,-1,1661,1660,1662,-1,1661,1662,1663,-1,1663,1662,1664,-1,1663,1664,1665,-1,1665,1664,1666,-1,1665,1666,1667,-1,1667,1666,1668,-1,1667,1668,1669,-1,1670,1669,1671,-1,1671,1669,1668,-1,1670,1671,1672,-1,1670,1672,1673,-1,1673,1672,1674,-1,1673,1674,1675,-1,1675,1674,1676,-1,1675,1676,1677,-1,1677,1676,1678,-1,1677,1678,1679,-1,1679,1678,1680,-1,1679,1680,1681,-1,1681,1680,1682,-1,1681,1682,1683,-1,1683,1682,1684,-1,1683,1684,1685,-1,1685,1684,1686,-1,1685,1686,1687,-1,1687,1686,1688,-1,1687,1688,1689,-1,1690,1689,1691,-1,1691,1689,1688,-1,1690,1691,1692,-1,1690,1692,1693,-1,1693,1692,1694,-1,1693,1694,1695,-1,1695,1694,1696,-1,1695,1696,1697,-1,1697,1696,1698,-1,1697,1698,1699,-1,1699,1698,1700,-1,1699,1700,1701,-1,1701,1700,1702,-1,1701,1702,1703,-1,1703,1702,1704,-1,1703,1704,1705,-1,1706,1705,1707,-1,1707,1705,1704,-1,1708,1706,1709,-1,1709,1706,1707,-1,1710,1708,1711,-1,1711,1708,1709,-1,1710,1711,1712,-1,1712,1711,1713,-1,1712,1713,1714,-1,1714,1713,1715,-1,1714,1715,1716,-1,1716,1715,1717,-1,1716,1717,1718,-1,1718,1717,1719,-1,1718,1719,1720,-1,1720,1719,1721,-1,1720,1721,1722,-1,1722,1721,1723,-1,1724,1722,1725,-1,1725,1722,1723,-1,1724,1725,1726,-1,1726,1725,1727,-1,1726,1727,1728,-1,1728,1727,1729,-1,1728,1729,1730,-1,1730,1729,1731,-1,1730,1731,1732,-1,1732,1731,1733,-1,1732,1733,1734,-1,1734,1733,1735,-1,1734,1735,1736,-1,1736,1735,1737,-1,1736,1737,1738,-1,1738,1737,1739,-1,1738,1739,1740,-1,1740,1739,1741,-1,1740,1741,1742,-1,1742,1741,1743,-1,1744,1742,1745,-1,1745,1742,1743,-1,1744,1745,1746,-1,1746,1745,1747,-1,1746,1747,1748,-1,1748,1747,1749,-1,1748,1749,1750,-1,1750,1749,1751,-1,1750,1751,1752,-1,1752,1751,1753,-1,1752,1753,1754,-1,1754,1753,1755,-1,1754,1755,1756,-1,1756,1755,1757,-1,1758,1756,1759,-1,1759,1756,1757,-1,1758,1759,1760,-1,1758,1760,1761,-1,1761,1760,1762,-1,1761,1762,1763,-1,1763,1762,1764,-1,1763,1764,1765,-1,1765,1764,1766,-1,1765,1766,1767,-1,1767,1766,1768,-1,1767,1768,1769,-1,1770,1769,1771,-1,1771,1769,1768,-1,1770,1771,1772,-1,1772,1771,1773,-1,1772,1773,1774,-1,1774,1773,1775,-1,1774,1775,1776,-1,1776,1775,1777,-1,1776,1777,1778,-1,1778,1777,1779,-1,1778,1779,1620,-1,1620,1779,1621,-1,1706,1708,1705,-1,1705,1708,1710,-1,1705,1710,1703,-1,1703,1710,1712,-1,1703,1712,1701,-1,1701,1712,1714,-1,1701,1714,1699,-1,1699,1714,1716,-1,1622,1628,1620,-1,1620,1628,1630,-1,1620,1630,1778,-1,1778,1630,1633,-1,1778,1633,1776,-1,1776,1633,1635,-1,1776,1635,1774,-1,1774,1635,1637,-1,1774,1637,1772,-1,1772,1637,1639,-1,1772,1639,1770,-1,1770,1639,1641,-1,1770,1641,1769,-1,1769,1641,1642,-1,1769,1642,1767,-1,1767,1642,1644,-1,1767,1644,1765,-1,1765,1644,1646,-1,1765,1646,1763,-1,1763,1646,1648,-1,1763,1648,1761,-1,1761,1648,1650,-1,1761,1650,1758,-1,1758,1650,1652,-1,1758,1652,1756,-1,1756,1652,1654,-1,1756,1654,1754,-1,1754,1654,1657,-1,1754,1657,1752,-1,1657,1659,1752,-1,1752,1659,1661,-1,1752,1661,1750,-1,1750,1661,1663,-1,1750,1663,1748,-1,1748,1663,1665,-1,1748,1665,1746,-1,1746,1665,1667,-1,1746,1667,1744,-1,1744,1667,1669,-1,1744,1669,1742,-1,1742,1669,1670,-1,1742,1670,1740,-1,1740,1670,1673,-1,1740,1673,1738,-1,1738,1673,1675,-1,1738,1675,1736,-1,1736,1675,1677,-1,1736,1677,1734,-1,1734,1677,1679,-1,1734,1679,1732,-1,1732,1679,1681,-1,1732,1681,1730,-1,1730,1681,1683,-1,1730,1683,1728,-1,1728,1683,1685,-1,1728,1685,1726,-1,1726,1685,1687,-1,1726,1687,1724,-1,1724,1687,1689,-1,1724,1689,1722,-1,1722,1689,1690,-1,1722,1690,1720,-1,1720,1690,1693,-1,1720,1693,1718,-1,1718,1693,1695,-1,1718,1695,1716,-1,1716,1695,1697,-1,1716,1697,1699,-1,1709,1707,1711,-1,1711,1707,1704,-1,1711,1704,1713,-1,1713,1704,1702,-1,1713,1702,1715,-1,1629,1623,1631,-1,1631,1623,1621,-1,1631,1621,1632,-1,1632,1621,1779,-1,1632,1779,1634,-1,1634,1779,1777,-1,1634,1777,1636,-1,1636,1777,1775,-1,1636,1775,1638,-1,1638,1775,1773,-1,1638,1773,1640,-1,1640,1773,1771,-1,1640,1771,1643,-1,1643,1771,1768,-1,1643,1768,1645,-1,1645,1768,1766,-1,1645,1766,1647,-1,1647,1766,1764,-1,1647,1764,1649,-1,1649,1764,1762,-1,1649,1762,1651,-1,1651,1762,1760,-1,1651,1760,1653,-1,1653,1760,1759,-1,1653,1759,1655,-1,1655,1759,1757,-1,1655,1757,1656,-1,1656,1757,1755,-1,1656,1755,1658,-1,1658,1755,1753,-1,1658,1753,1660,-1,1660,1753,1751,-1,1702,1700,1715,-1,1715,1700,1698,-1,1715,1698,1717,-1,1717,1698,1696,-1,1717,1696,1719,-1,1719,1696,1694,-1,1719,1694,1721,-1,1721,1694,1692,-1,1721,1692,1723,-1,1723,1692,1691,-1,1723,1691,1725,-1,1725,1691,1688,-1,1725,1688,1727,-1,1727,1688,1686,-1,1727,1686,1729,-1,1729,1686,1684,-1,1729,1684,1731,-1,1731,1684,1682,-1,1731,1682,1733,-1,1733,1682,1680,-1,1733,1680,1735,-1,1735,1680,1678,-1,1735,1678,1737,-1,1737,1678,1676,-1,1737,1676,1739,-1,1739,1676,1674,-1,1739,1674,1741,-1,1741,1674,1672,-1,1741,1672,1743,-1,1743,1672,1671,-1,1743,1671,1745,-1,1745,1671,1668,-1,1745,1668,1747,-1,1747,1668,1666,-1,1747,1666,1749,-1,1749,1666,1664,-1,1749,1664,1751,-1,1751,1664,1662,-1,1751,1662,1660,-1,1622,1624,1628,-1,1628,1624,1626,-1,1625,1623,1627,-1,1627,1623,1629,-1,1780,1781,1782,-1,1782,1781,1783,-1,1782,1783,1784,-1,1784,1783,1785,-1,1784,1785,1786,-1,1786,1785,1787,-1,1786,1787,1788,-1,1788,1787,1789,-1,1788,1789,1790,-1,1790,1789,1791,-1,1790,1791,1792,-1,1792,1791,1793,-1,1792,1793,1794,-1,1794,1793,1795,-1,1794,1795,1796,-1,1796,1795,1797,-1,1796,1797,1798,-1,1798,1797,1799,-1,1798,1799,1800,-1,1800,1799,1801,-1,1800,1801,1802,-1,1802,1801,1803,-1,1804,1802,1805,-1,1805,1802,1803,-1,1804,1805,1806,-1,1804,1806,1807,-1,1807,1806,1808,-1,1807,1808,1809,-1,1809,1808,1810,-1,1809,1810,1811,-1,1811,1810,1812,-1,1811,1812,1813,-1,1813,1812,1814,-1,1813,1814,1815,-1,1815,1814,1816,-1,1815,1816,1817,-1,1817,1816,1818,-1,1817,1818,1819,-1,1819,1818,1820,-1,1819,1820,1821,-1,1821,1820,1822,-1,1821,1822,1823,-1,1824,1823,1825,-1,1825,1823,1822,-1,1824,1825,1826,-1,1824,1826,1827,-1,1827,1826,1828,-1,1827,1828,1829,-1,1829,1828,1830,-1,1829,1830,1831,-1,1831,1830,1832,-1,1831,1832,1833,-1,1833,1832,1834,-1,1833,1834,1835,-1,1835,1834,1836,-1,1835,1836,1837,-1,1837,1836,1838,-1,1837,1838,1839,-1,1840,1839,1841,-1,1841,1839,1838,-1,1842,1840,1843,-1,1843,1840,1841,-1,1844,1842,1845,-1,1845,1842,1843,-1,1844,1845,1846,-1,1846,1845,1847,-1,1846,1847,1848,-1,1848,1847,1849,-1,1848,1849,1850,-1,1850,1849,1851,-1,1850,1851,1852,-1,1852,1851,1853,-1,1852,1853,1854,-1,1854,1853,1855,-1,1854,1855,1856,-1,1856,1855,1857,-1,1858,1856,1859,-1,1859,1856,1857,-1,1858,1859,1860,-1,1860,1859,1861,-1,1860,1861,1862,-1,1862,1861,1863,-1,1862,1863,1864,-1,1864,1863,1865,-1,1864,1865,1866,-1,1866,1865,1867,-1,1866,1867,1868,-1,1868,1867,1869,-1,1868,1869,1870,-1,1870,1869,1871,-1,1870,1871,1872,-1,1872,1871,1873,-1,1872,1873,1874,-1,1874,1873,1875,-1,1874,1875,1876,-1,1876,1875,1877,-1,1878,1876,1879,-1,1879,1876,1877,-1,1878,1879,1880,-1,1878,1880,1881,-1,1881,1880,1882,-1,1881,1882,1883,-1,1883,1882,1884,-1,1883,1884,1885,-1,1885,1884,1886,-1,1885,1886,1887,-1,1887,1886,1888,-1,1887,1888,1889,-1,1889,1888,1781,-1,1889,1781,1780,-1,1852,1831,1850,-1,1850,1831,1833,-1,1850,1833,1848,-1,1848,1833,1835,-1,1848,1835,1846,-1,1846,1835,1837,-1,1846,1837,1844,-1,1844,1837,1839,-1,1844,1839,1842,-1,1842,1839,1840,-1,1782,1788,1780,-1,1780,1788,1790,-1,1780,1790,1889,-1,1889,1790,1792,-1,1889,1792,1887,-1,1887,1792,1794,-1,1887,1794,1885,-1,1885,1794,1796,-1,1885,1796,1883,-1,1883,1796,1798,-1,1883,1798,1881,-1,1881,1798,1800,-1,1881,1800,1878,-1,1878,1800,1802,-1,1878,1802,1876,-1,1876,1802,1804,-1,1876,1804,1874,-1,1874,1804,1807,-1,1874,1807,1872,-1,1872,1807,1809,-1,1872,1809,1870,-1,1870,1809,1811,-1,1870,1811,1868,-1,1868,1811,1813,-1,1868,1813,1866,-1,1866,1813,1815,-1,1866,1815,1864,-1,1864,1815,1817,-1,1864,1817,1862,-1,1862,1817,1819,-1,1862,1819,1860,-1,1860,1819,1821,-1,1860,1821,1858,-1,1858,1821,1823,-1,1858,1823,1856,-1,1856,1823,1824,-1,1856,1824,1854,-1,1854,1824,1827,-1,1854,1827,1852,-1,1852,1827,1829,-1,1852,1829,1831,-1,1843,1841,1845,-1,1845,1841,1838,-1,1845,1838,1847,-1,1847,1838,1836,-1,1847,1836,1849,-1,1849,1836,1834,-1,1849,1834,1851,-1,1834,1832,1851,-1,1851,1832,1830,-1,1851,1830,1853,-1,1853,1830,1828,-1,1853,1828,1855,-1,1855,1828,1826,-1,1855,1826,1857,-1,1857,1826,1825,-1,1857,1825,1859,-1,1859,1825,1822,-1,1859,1822,1861,-1,1861,1822,1820,-1,1861,1820,1863,-1,1863,1820,1818,-1,1863,1818,1865,-1,1865,1818,1816,-1,1865,1816,1867,-1,1867,1816,1814,-1,1867,1814,1869,-1,1869,1814,1812,-1,1869,1812,1871,-1,1871,1812,1810,-1,1871,1810,1873,-1,1873,1810,1808,-1,1873,1808,1875,-1,1875,1808,1806,-1,1875,1806,1877,-1,1877,1806,1805,-1,1877,1805,1879,-1,1879,1805,1803,-1,1879,1803,1880,-1,1880,1803,1801,-1,1880,1801,1882,-1,1882,1801,1799,-1,1882,1799,1884,-1,1884,1799,1797,-1,1884,1797,1886,-1,1886,1797,1795,-1,1886,1795,1888,-1,1888,1795,1793,-1,1888,1793,1781,-1,1781,1793,1791,-1,1781,1791,1783,-1,1783,1791,1789,-1,1782,1784,1788,-1,1788,1784,1786,-1,1785,1783,1787,-1,1787,1783,1789,-1,
        ]
    }
}