#VRML V2.0 utf8
# 3D model generated by easyeda2kicad.py (https://github.com/uPesy/easyeda2kicad.py)

Shape{
    appearance Appearance {
        material  Material 	{
            diffuseColor 0.9882352941176471 0.7372549019607844 0.5176470588235295
            specularColor 0.49411764705882355 0.3686274509803922 0.25882352941176473
            ambientIntensity 0.2
            transparency 0
            shininess 0.5
        }
    }
    geometry IndexedFaceSet {
        ccw TRUE
        solid FALSE
        coord DEF co Coordinate {
            point [
                -0.9055 -0.0775 -2.1457, -1.063 -0.0775 -2.1457, -0.9055 -0.8563 -2.1457, -1.063 -0.8563 -2.1457, -0.951 -0.935 -2.1457, -1.0175 -0.935 -2.1457, -0.951 -0.935 -2.185, -1.0175 -0.935 -2.185, -0.9055 -0.8563 -2.185, -1.063 -0.8563 -2.185, -0.9055 -0.0775 -2.185, -1.063 -0.0775 -2.185, -1.063 -0.0488 -2.182, -0.9055 -0.0488 -2.182, -1.063 -0.0214 -2.1731, -0.9055 -0.0214 -2.1731, -1.063 0.0035 -2.1587, -0.9055 0.0035 -2.1587, -1.063 0.0249 -2.1394, -0.9055 0.0249 -2.1394, -1.063 0.0419 -2.1161, -0.9055 0.0419 -2.1161, -0.9055 0.0646 -2.0768, -1.063 0.0646 -2.0768, -0.9055 0.0767 -2.0601, -1.063 0.0767 -2.0601, -0.9055 0.092 -2.0464, -1.063 0.092 -2.0464, -0.9055 0.1098 -2.0361, -1.063 0.1098 -2.0361, -0.9055 0.1294 -2.0297, -1.063 0.1294 -2.0297, -0.9055 0.1498 -2.0276, -1.063 0.1498 -2.0276, -0.9055 0.1575 -2.0276, -1.063 0.1575 -2.0276, -1.063 0.1881 -2.0241, -0.9055 0.1881 -2.0241, -1.063 0.2173 -2.0139, -0.9055 0.2173 -2.0139, -1.063 0.2434 -1.9975, -0.9055 0.2434 -1.9975, -1.063 0.2652 -1.9757, -0.9055 0.2652 -1.9757, -1.063 0.2816 -1.9496, -0.9055 0.2816 -1.9496, -1.063 0.2918 -1.9204, -0.9055 0.2918 -1.9204, -1.063 0.2953 -1.8898, -0.9055 0.2953 -1.8898, -0.9055 0.2953 -0.3543, -1.063 0.2953 -0.3543, -1.063 0.2914 -0.3218, -0.9055 0.2914 -0.3218, -1.063 0.2799 -0.2911, -0.9055 0.2799 -0.2911, -1.063 0.2615 -0.2639, -0.9055 0.2615 -0.2639, -1.063 0.2372 -0.2419, -0.9055 0.2372 -0.2419, -1.063 0.2084 -0.2263, -0.9055 0.2084 -0.2263, -1.063 0.1767 -0.2179, -0.9055 0.1767 -0.2179, -1.063 0.1439 -0.2172, -0.9055 0.1439 -0.2172, -1.063 0.1119 -0.2243, -0.9055 0.1119 -0.2243, -1.063 0.0824 -0.2388, -0.9055 0.0824 -0.2388, -0.9055 -0.2321 -0.443, -1.063 -0.2321 -0.443, -1.063 -0.2674 -0.4716, -0.9055 -0.2674 -0.4716, -1.063 -0.296 -0.507, -0.9055 -0.296 -0.507, -1.063 -0.3165 -0.5475, -0.9055 -0.3165 -0.5475, -1.063 -0.3281 -0.5914, -0.9055 -0.3281 -0.5914, -1.063 -0.3304 -0.6368, -0.9055 -0.3304 -0.6368, -1.063 -0.3231 -0.6817, -0.9055 -0.3231 -0.6817, -1.063 -0.3066 -0.724, -0.9055 -0.3066 -0.724, -0.9055 -0.1234 -1.0786, -1.063 -0.1234 -1.0786, -0.9055 -0.0884 -1.0605, -1.063 -0.0884 -1.0605, -0.9055 -0.2716 -0.7059, -1.063 -0.2716 -0.7059, -0.9055 -0.2866 -0.6653, -1.063 -0.2866 -0.6653, -0.9055 -0.2913 -0.6222, -1.063 -0.2913 -0.6222, -0.9055 -0.2854 -0.5792, -1.063 -0.2854 -0.5792, -0.9055 -0.2693 -0.539, -1.063 -0.2693 -0.539, -0.9055 -0.2439 -0.5039, -1.063 -0.2439 -0.5039, -0.9055 -0.2107 -0.476, -1.063 -0.2107 -0.476, -0.9055 0.1039 -0.2718, -1.063 0.1039 -0.2718, -0.9055 0.1249 -0.2615, -1.063 0.1249 -0.2615, -0.9055 0.1478 -0.2564, -1.063 0.1478 -0.2564, -0.9055 0.1712 -0.2569, -1.063 0.1712 -0.2569, -0.9055 0.1938 -0.2629, -1.063 0.1938 -0.2629, -0.9055 0.2144 -0.274, -1.063 0.2144 -0.274, -0.9055 0.2318 -0.2898, -1.063 0.2318 -0.2898, -0.9055 0.2449 -0.3091, -1.063 0.2449 -0.3091, -0.9055 0.2531 -0.3311, -1.063 0.2531 -0.3311, -0.9055 0.2559 -0.3543, -1.063 0.2559 -0.3543, -0.9055 0.2559 -1.8898, -1.063 0.2559 -1.8898, -0.9055 0.2526 -1.9152, -1.063 0.2526 -1.9152, -0.9055 0.2427 -1.939, -1.063 0.2427 -1.939, -0.9055 0.2271 -1.9594, -1.063 0.2271 -1.9594, -0.9055 0.2067 -1.975, -1.063 0.2067 -1.975, -0.9055 0.183 -1.9848, -1.063 0.183 -1.9848, -0.9055 0.1575 -1.9882, -1.063 0.1575 -1.9882, -0.9055 0.1498 -1.9882, -1.063 0.1498 -1.9882, -1.063 0.1212 -1.9912, -0.9055 0.1212 -1.9912, -1.063 0.0938 -2.0001, -0.9055 0.0938 -2.0001, -1.063 0.0688 -2.0145, -0.9055 0.0688 -2.0145, -1.063 0.0474 -2.0338, -0.9055 0.0474 -2.0338, -1.063 0.0305 -2.0571, -0.9055 0.0305 -2.0571, -0.9055 0.0078 -2.0965, -1.063 0.0078 -2.0965, -0.9055 -0.0043 -2.1131, -1.063 -0.0043 -2.1131, -0.9055 -0.0196 -2.1269, -1.063 -0.0196 -2.1269, -0.9055 -0.0374 -2.1372, -1.063 -0.0374 -2.1372, -0.9055 -0.057 -2.1435, -1.063 -0.057 -2.1435, -0.5118 0.3937 -2.185, -0.6693 0.3937 -2.185, -0.5118 0.8563 -2.185, -0.6693 0.8563 -2.185, -0.5573 0.935 -2.185, -0.6238 0.935 -2.185, -0.5573 0.935 -2.1457, -0.6238 0.935 -2.1457, -0.5118 0.8563 -2.1457, -0.6693 0.8563 -2.1457, -0.5118 0.3937 -2.1457, -0.6693 0.3937 -2.1457, -0.5118 0.3682 -2.1423, -0.6693 0.3682 -2.1423, -0.5118 0.3445 -2.1325, -0.6693 0.3445 -2.1325, -0.5118 0.3241 -2.1168, -0.6693 0.3241 -2.1168, -0.5118 0.3085 -2.0965, -0.6693 0.3085 -2.0965, -0.5118 0.2986 -2.0727, -0.6693 0.2986 -2.0727, -0.5118 0.2953 -2.0472, -0.6693 0.2953 -2.0472, -0.5118 0.2953 -0.3543, -0.6693 0.2953 -0.3543, -0.6693 0.2914 -0.3218, -0.5118 0.2914 -0.3218, -0.6693 0.2799 -0.2911, -0.5118 0.2799 -0.2911, -0.6693 0.2615 -0.2639, -0.5118 0.2615 -0.2639, -0.6693 0.2372 -0.2419, -0.5118 0.2372 -0.2419, -0.6693 0.2084 -0.2263, -0.5118 0.2084 -0.2263, -0.6693 0.1767 -0.2179, -0.5118 0.1767 -0.2179, -0.6693 0.1439 -0.2172, -0.5118 0.1439 -0.2172, -0.6693 0.1119 -0.2243, -0.5118 0.1119 -0.2243, -0.6693 0.0824 -0.2388, -0.5118 0.0824 -0.2388, -0.5118 -0.2321 -0.443, -0.6693 -0.2321 -0.443, -0.6693 -0.2674 -0.4716, -0.5118 -0.2674 -0.4716, -0.6693 -0.296 -0.507, -0.5118 -0.296 -0.507, -0.6693 -0.3165 -0.5475, -0.5118 -0.3165 -0.5475, -0.6693 -0.3281 -0.5914, -0.5118 -0.3281 -0.5914, -0.6693 -0.3304 -0.6368, -0.5118 -0.3304 -0.6368, -0.6693 -0.3231 -0.6817, -0.5118 -0.3231 -0.6817, -0.6693 -0.3066 -0.724, -0.5118 -0.3066 -0.724, -0.5118 -0.1234 -1.0786, -0.6693 -0.1234 -1.0786, -0.5118 -0.0884 -1.0605, -0.6693 -0.0884 -1.0605, -0.5118 -0.2716 -0.7059, -0.6693 -0.2716 -0.7059, -0.5118 -0.2866 -0.6653, -0.6693 -0.2866 -0.6653, -0.5118 -0.2913 -0.6222, -0.6693 -0.2913 -0.6222, -0.5118 -0.2854 -0.5792, -0.6693 -0.2854 -0.5792, -0.5118 -0.2693 -0.539, -0.6693 -0.2693 -0.539, -0.5118 -0.2439 -0.5039, -0.6693 -0.2439 -0.5039, -0.5118 -0.2107 -0.476, -0.6693 -0.2107 -0.476, -0.5118 0.1039 -0.2718, -0.6693 0.1039 -0.2718, -0.5118 0.1249 -0.2615, -0.6693 0.1249 -0.2615, -0.5118 0.1478 -0.2564, -0.6693 0.1478 -0.2564, -0.5118 0.1712 -0.2569, -0.6693 0.1712 -0.2569, -0.5118 0.1938 -0.2629, -0.6693 0.1938 -0.2629, -0.5118 0.2144 -0.274, -0.6693 0.2144 -0.274, -0.5118 0.2318 -0.2898, -0.6693 0.2318 -0.2898, -0.5118 0.2449 -0.3091, -0.6693 0.2449 -0.3091, -0.5118 0.2531 -0.3311, -0.6693 0.2531 -0.3311, -0.5118 0.2559 -0.3543, -0.6693 0.2559 -0.3543, -0.5118 0.2559 -2.0472, -0.6693 0.2559 -2.0472, -0.6693 0.2606 -2.0829, -0.5118 0.2606 -2.0829, -0.6693 0.2744 -2.1161, -0.5118 0.2744 -2.1161, -0.6693 0.2963 -2.1447, -0.5118 0.2963 -2.1447, -0.6693 0.3248 -2.1666, -0.5118 0.3248 -2.1666, -0.6693 0.358 -2.1803, -0.5118 0.358 -2.1803, -0.1181 -0.0775 -2.1457, -0.2756 -0.0775 -2.1457, -0.1181 -0.8563 -2.1457, -0.2756 -0.8563 -2.1457, -0.1636 -0.935 -2.1457, -0.2301 -0.935 -2.1457, -0.1636 -0.935 -2.185, -0.2301 -0.935 -2.185, -0.1181 -0.8563 -2.185, -0.2756 -0.8563 -2.185, -0.1181 -0.0775 -2.185, -0.2756 -0.0775 -2.185, -0.2756 -0.0488 -2.182, -0.1181 -0.0488 -2.182, -0.2756 -0.0214 -2.1731, -0.1181 -0.0214 -2.1731, -0.2756 0.0035 -2.1587, -0.1181 0.0035 -2.1587, -0.2756 0.0249 -2.1394, -0.1181 0.0249 -2.1394, -0.2756 0.0419 -2.1161, -0.1181 0.0419 -2.1161, -0.1181 0.0646 -2.0768, -0.2756 0.0646 -2.0768, -0.1181 0.0767 -2.0601, -0.2756 0.0767 -2.0601, -0.1181 0.092 -2.0464, -0.2756 0.092 -2.0464, -0.1181 0.1098 -2.0361, -0.2756 0.1098 -2.0361, -0.1181 0.1294 -2.0297, -0.2756 0.1294 -2.0297, -0.1181 0.1498 -2.0276, -0.2756 0.1498 -2.0276, -0.1181 0.1575 -2.0276, -0.2756 0.1575 -2.0276, -0.2756 0.1881 -2.0241, -0.1181 0.1881 -2.0241, -0.2756 0.2173 -2.0139, -0.1181 0.2173 -2.0139, -0.2756 0.2434 -1.9975, -0.1181 0.2434 -1.9975, -0.2756 0.2652 -1.9757, -0.1181 0.2652 -1.9757, -0.2756 0.2816 -1.9496, -0.1181 0.2816 -1.9496, -0.2756 0.2918 -1.9204, -0.1181 0.2918 -1.9204, -0.2756 0.2953 -1.8898, -0.1181 0.2953 -1.8898, -0.1181 0.2953 -0.3543, -0.2756 0.2953 -0.3543, -0.2756 0.2914 -0.3218, -0.1181 0.2914 -0.3218, -0.2756 0.2799 -0.2911, -0.1181 0.2799 -0.2911, -0.2756 0.2615 -0.2639, -0.1181 0.2615 -0.2639, -0.2756 0.2372 -0.2419, -0.1181 0.2372 -0.2419, -0.2756 0.2084 -0.2263, -0.1181 0.2084 -0.2263, -0.2756 0.1767 -0.2179, -0.1181 0.1767 -0.2179, -0.2756 0.1439 -0.2172, -0.1181 0.1439 -0.2172, -0.2756 0.1119 -0.2243, -0.1181 0.1119 -0.2243, -0.2756 0.0824 -0.2388, -0.1181 0.0824 -0.2388, -0.1181 -0.2321 -0.443, -0.2756 -0.2321 -0.443, -0.2756 -0.2674 -0.4716, -0.1181 -0.2674 -0.4716, -0.2756 -0.296 -0.507, -0.1181 -0.296 -0.507, -0.2756 -0.3165 -0.5475, -0.1181 -0.3165 -0.5475, -0.2756 -0.3281 -0.5914, -0.1181 -0.3281 -0.5914, -0.2756 -0.3304 -0.6368, -0.1181 -0.3304 -0.6368, -0.2756 -0.3231 -0.6817, -0.1181 -0.3231 -0.6817, -0.2756 -0.3066 -0.724, -0.1181 -0.3066 -0.724, -0.1181 -0.1234 -1.0786, -0.2756 -0.1234 -1.0786, -0.1181 -0.0884 -1.0605, -0.2756 -0.0884 -1.0605, -0.1181 -0.2716 -0.7059, -0.2756 -0.2716 -0.7059, -0.1181 -0.2866 -0.6653, -0.2756 -0.2866 -0.6653, -0.1181 -0.2913 -0.6222, -0.2756 -0.2913 -0.6222, -0.1181 -0.2854 -0.5792, -0.2756 -0.2854 -0.5792, -0.1181 -0.2693 -0.539, -0.2756 -0.2693 -0.539, -0.1181 -0.2439 -0.5039, -0.2756 -0.2439 -0.5039, -0.1181 -0.2107 -0.476, -0.2756 -0.2107 -0.476, -0.1181 0.1039 -0.2718, -0.2756 0.1039 -0.2718, -0.1181 0.1249 -0.2615, -0.2756 0.1249 -0.2615, -0.1181 0.1478 -0.2564, -0.2756 0.1478 -0.2564, -0.1181 0.1712 -0.2569, -0.2756 0.1712 -0.2569, -0.1181 0.1938 -0.2629, -0.2756 0.1938 -0.2629, -0.1181 0.2144 -0.274, -0.2756 0.2144 -0.274, -0.1181 0.2318 -0.2898, -0.2756 0.2318 -0.2898, -0.1181 0.2449 -0.3091, -0.2756 0.2449 -0.3091, -0.1181 0.2531 -0.3311, -0.2756 0.2531 -0.3311, -0.1181 0.2559 -0.3543, -0.2756 0.2559 -0.3543, -0.1181 0.2559 -1.8898, -0.2756 0.2559 -1.8898, -0.1181 0.2526 -1.9152, -0.2756 0.2526 -1.9152, -0.1181 0.2427 -1.939, -0.2756 0.2427 -1.939, -0.1181 0.2271 -1.9594, -0.2756 0.2271 -1.9594, -0.1181 0.2067 -1.975, -0.2756 0.2067 -1.975, -0.1181 0.183 -1.9848, -0.2756 0.183 -1.9848, -0.1181 0.1575 -1.9882, -0.2756 0.1575 -1.9882, -0.1181 0.1498 -1.9882, -0.2756 0.1498 -1.9882, -0.2756 0.1212 -1.9912, -0.1181 0.1212 -1.9912, -0.2756 0.0938 -2.0001, -0.1181 0.0938 -2.0001, -0.2756 0.0688 -2.0145, -0.1181 0.0688 -2.0145, -0.2756 0.0474 -2.0338, -0.1181 0.0474 -2.0338, -0.2756 0.0305 -2.0571, -0.1181 0.0305 -2.0571, -0.1181 0.0078 -2.0965, -0.2756 0.0078 -2.0965, -0.1181 -0.0043 -2.1131, -0.2756 -0.0043 -2.1131, -0.1181 -0.0196 -2.1269, -0.2756 -0.0196 -2.1269, -0.1181 -0.0374 -2.1372, -0.2756 -0.0374 -2.1372, -0.1181 -0.057 -2.1435, -0.2756 -0.057 -2.1435, 0.2756 0.3937 -2.185, 0.1181 0.3937 -2.185, 0.2756 0.8563 -2.185, 0.1181 0.8563 -2.185, 0.2301 0.935 -2.185, 0.1636 0.935 -2.185, 0.2301 0.935 -2.1457, 0.1636 0.935 -2.1457, 0.2756 0.8563 -2.1457, 0.1181 0.8563 -2.1457, 0.2756 0.3937 -2.1457, 0.1181 0.3937 -2.1457, 0.2756 0.3682 -2.1423, 0.1181 0.3682 -2.1423, 0.2756 0.3445 -2.1325, 0.1181 0.3445 -2.1325, 0.2756 0.3241 -2.1168, 0.1181 0.3241 -2.1168, 0.2756 0.3085 -2.0965, 0.1181 0.3085 -2.0965, 0.2756 0.2986 -2.0727, 0.1181 0.2986 -2.0727, 0.2756 0.2953 -2.0472, 0.1181 0.2953 -2.0472, 0.2756 0.2953 -0.3543, 0.1181 0.2953 -0.3543, 0.1181 0.2914 -0.3218, 0.2756 0.2914 -0.3218, 0.1181 0.2799 -0.2911, 0.2756 0.2799 -0.2911, 0.1181 0.2615 -0.2639, 0.2756 0.2615 -0.2639, 0.1181 0.2372 -0.2419, 0.2756 0.2372 -0.2419, 0.1181 0.2084 -0.2263, 0.2756 0.2084 -0.2263, 0.1181 0.1767 -0.2179, 0.2756 0.1767 -0.2179, 0.1181 0.1439 -0.2172, 0.2756 0.1439 -0.2172, 0.1181 0.1119 -0.2243, 0.2756 0.1119 -0.2243, 0.1181 0.0824 -0.2388, 0.2756 0.0824 -0.2388, 0.2756 -0.2321 -0.443, 0.1181 -0.2321 -0.443, 0.1181 -0.2674 -0.4716, 0.2756 -0.2674 -0.4716, 0.1181 -0.296 -0.507, 0.2756 -0.296 -0.507, 0.1181 -0.3165 -0.5475, 0.2756 -0.3165 -0.5475, 0.1181 -0.3281 -0.5914, 0.2756 -0.3281 -0.5914, 0.1181 -0.3304 -0.6368, 0.2756 -0.3304 -0.6368, 0.1181 -0.3231 -0.6817, 0.2756 -0.3231 -0.6817, 0.1181 -0.3066 -0.724, 0.2756 -0.3066 -0.724, 0.2756 -0.1234 -1.0786, 0.1181 -0.1234 -1.0786, 0.2756 -0.0884 -1.0605, 0.1181 -0.0884 -1.0605, 0.2756 -0.2716 -0.7059, 0.1181 -0.2716 -0.7059, 0.2756 -0.2866 -0.6653, 0.1181 -0.2866 -0.6653, 0.2756 -0.2913 -0.6222, 0.1181 -0.2913 -0.6222, 0.2756 -0.2854 -0.5792, 0.1181 -0.2854 -0.5792, 0.2756 -0.2693 -0.539, 0.1181 -0.2693 -0.539, 0.2756 -0.2439 -0.5039, 0.1181 -0.2439 -0.5039, 0.2756 -0.2107 -0.476, 0.1181 -0.2107 -0.476, 0.2756 0.1039 -0.2718, 0.1181 0.1039 -0.2718, 0.2756 0.1249 -0.2615, 0.1181 0.1249 -0.2615, 0.2756 0.1478 -0.2564, 0.1181 0.1478 -0.2564, 0.2756 0.1712 -0.2569, 0.1181 0.1712 -0.2569, 0.2756 0.1938 -0.2629, 0.1181 0.1938 -0.2629, 0.2756 0.2144 -0.274, 0.1181 0.2144 -0.274, 0.2756 0.2318 -0.2898, 0.1181 0.2318 -0.2898, 0.2756 0.2449 -0.3091, 0.1181 0.2449 -0.3091, 0.2756 0.2531 -0.3311, 0.1181 0.2531 -0.3311, 0.2756 0.2559 -0.3543, 0.1181 0.2559 -0.3543, 0.2756 0.2559 -2.0472, 0.1181 0.2559 -2.0472, 0.1181 0.2606 -2.0829, 0.2756 0.2606 -2.0829, 0.1181 0.2744 -2.1161, 0.2756 0.2744 -2.1161, 0.1181 0.2963 -2.1447, 0.2756 0.2963 -2.1447, 0.1181 0.3248 -2.1666, 0.2756 0.3248 -2.1666, 0.1181 0.358 -2.1803, 0.2756 0.358 -2.1803, 0.2756 0.358 -2.1803
            ]
        }
        coordIndex [
            0,1,2,-1,2,1,3,-1,2,3,4,-1,4,3,5,-1,4,5,6,-1,6,5,7,-1,6,7,8,-1,8,7,9,-1,8,9,10,-1,10,9,11,-1,10,11,12,-1,10,12,13,-1,13,12,14,-1,13,14,15,-1,15,14,16,-1,15,16,17,-1,17,16,18,-1,17,18,19,-1,19,18,20,-1,19,20,21,-1,22,21,23,-1,23,21,20,-1,22,23,24,-1,24,23,25,-1,24,25,26,-1,26,25,27,-1,26,27,28,-1,28,27,29,-1,28,29,30,-1,30,29,31,-1,30,31,32,-1,32,31,33,-1,34,32,35,-1,35,32,33,-1,34,35,36,-1,34,36,37,-1,37,36,38,-1,37,38,39,-1,39,38,40,-1,39,40,41,-1,41,40,42,-1,41,42,43,-1,43,42,44,-1,43,44,45,-1,45,44,46,-1,45,46,47,-1,47,46,48,-1,47,48,49,-1,50,49,51,-1,51,49,48,-1,50,51,52,-1,50,52,53,-1,53,52,54,-1,53,54,55,-1,55,54,56,-1,55,56,57,-1,57,56,58,-1,57,58,59,-1,59,58,60,-1,59,60,61,-1,61,60,62,-1,61,62,63,-1,63,62,64,-1,63,64,65,-1,65,64,66,-1,65,66,67,-1,67,66,68,-1,67,68,69,-1,70,69,71,-1,71,69,68,-1,70,71,72,-1,70,72,73,-1,73,72,74,-1,73,74,75,-1,75,74,76,-1,75,76,77,-1,77,76,78,-1,77,78,79,-1,79,78,80,-1,79,80,81,-1,81,80,82,-1,81,82,83,-1,83,82,84,-1,83,84,85,-1,86,85,87,-1,87,85,84,-1,88,86,89,-1,89,86,87,-1,90,88,91,-1,91,88,89,-1,90,91,92,-1,92,91,93,-1,92,93,94,-1,94,93,95,-1,94,95,96,-1,96,95,97,-1,96,97,98,-1,98,97,99,-1,98,99,100,-1,100,99,101,-1,100,101,102,-1,102,101,103,-1,104,102,105,-1,105,102,103,-1,104,105,106,-1,106,105,107,-1,106,107,108,-1,108,107,109,-1,108,109,110,-1,110,109,111,-1,110,111,112,-1,112,111,113,-1,112,113,114,-1,114,113,115,-1,114,115,116,-1,116,115,117,-1,116,117,118,-1,118,117,119,-1,118,119,120,-1,120,119,121,-1,120,121,122,-1,122,121,123,-1,124,122,125,-1,125,122,123,-1,124,125,126,-1,126,125,127,-1,126,127,128,-1,128,127,129,-1,128,129,130,-1,130,129,131,-1,130,131,132,-1,132,131,133,-1,132,133,134,-1,134,133,135,-1,134,135,136,-1,136,135,137,-1,138,136,139,-1,139,136,137,-1,138,139,140,-1,138,140,141,-1,141,140,142,-1,141,142,143,-1,143,142,144,-1,143,144,145,-1,145,144,146,-1,145,146,147,-1,147,146,148,-1,147,148,149,-1,150,149,151,-1,151,149,148,-1,150,151,152,-1,152,151,153,-1,152,153,154,-1,154,153,155,-1,154,155,156,-1,156,155,157,-1,156,157,158,-1,158,157,159,-1,158,159,0,-1,0,159,1,-1,86,88,85,-1,85,88,90,-1,85,90,83,-1,83,90,92,-1,83,92,81,-1,81,92,94,-1,81,94,79,-1,79,94,96,-1,2,8,0,-1,0,8,10,-1,0,10,158,-1,158,10,13,-1,158,13,156,-1,156,13,15,-1,156,15,154,-1,154,15,17,-1,154,17,152,-1,152,17,19,-1,152,19,150,-1,150,19,21,-1,150,21,149,-1,149,21,22,-1,149,22,147,-1,147,22,24,-1,147,24,145,-1,145,24,26,-1,145,26,143,-1,143,26,28,-1,143,28,141,-1,141,28,30,-1,141,30,138,-1,138,30,32,-1,138,32,136,-1,136,32,34,-1,136,34,134,-1,134,34,37,-1,134,37,132,-1,37,39,132,-1,132,39,41,-1,132,41,130,-1,130,41,43,-1,130,43,128,-1,128,43,45,-1,128,45,126,-1,126,45,47,-1,126,47,124,-1,124,47,49,-1,124,49,122,-1,122,49,50,-1,122,50,120,-1,120,50,53,-1,120,53,118,-1,118,53,55,-1,118,55,116,-1,116,55,57,-1,116,57,114,-1,114,57,59,-1,114,59,112,-1,112,59,61,-1,112,61,110,-1,110,61,63,-1,110,63,108,-1,108,63,65,-1,108,65,106,-1,106,65,67,-1,106,67,104,-1,104,67,69,-1,104,69,102,-1,102,69,70,-1,102,70,100,-1,100,70,73,-1,100,73,98,-1,98,73,75,-1,98,75,96,-1,96,75,77,-1,96,77,79,-1,89,87,91,-1,91,87,84,-1,91,84,93,-1,93,84,82,-1,93,82,95,-1,9,3,11,-1,11,3,1,-1,11,1,12,-1,12,1,159,-1,12,159,14,-1,14,159,157,-1,14,157,16,-1,16,157,155,-1,16,155,18,-1,18,155,153,-1,18,153,20,-1,20,153,151,-1,20,151,23,-1,23,151,148,-1,23,148,25,-1,25,148,146,-1,25,146,27,-1,27,146,144,-1,27,144,29,-1,29,144,142,-1,29,142,31,-1,31,142,140,-1,31,140,33,-1,33,140,139,-1,33,139,35,-1,35,139,137,-1,35,137,36,-1,36,137,135,-1,36,135,38,-1,38,135,133,-1,38,133,40,-1,40,133,131,-1,82,80,95,-1,95,80,78,-1,95,78,97,-1,97,78,76,-1,97,76,99,-1,99,76,74,-1,99,74,101,-1,101,74,72,-1,101,72,103,-1,103,72,71,-1,103,71,105,-1,105,71,68,-1,105,68,107,-1,107,68,66,-1,107,66,109,-1,109,66,64,-1,109,64,111,-1,111,64,62,-1,111,62,113,-1,113,62,60,-1,113,60,115,-1,115,60,58,-1,115,58,117,-1,117,58,56,-1,117,56,119,-1,119,56,54,-1,119,54,121,-1,121,54,52,-1,121,52,123,-1,123,52,51,-1,123,51,125,-1,125,51,48,-1,125,48,127,-1,127,48,46,-1,127,46,129,-1,129,46,44,-1,129,44,131,-1,131,44,42,-1,131,42,40,-1,2,4,8,-1,8,4,6,-1,5,3,7,-1,7,3,9,-1,160,161,162,-1,162,161,163,-1,162,163,164,-1,164,163,165,-1,164,165,166,-1,166,165,167,-1,166,167,168,-1,168,167,169,-1,168,169,170,-1,170,169,171,-1,170,171,172,-1,172,171,173,-1,172,173,174,-1,174,173,175,-1,174,175,176,-1,176,175,177,-1,176,177,178,-1,178,177,179,-1,178,179,180,-1,180,179,181,-1,180,181,182,-1,182,181,183,-1,184,182,185,-1,185,182,183,-1,184,185,186,-1,184,186,187,-1,187,186,188,-1,187,188,189,-1,189,188,190,-1,189,190,191,-1,191,190,192,-1,191,192,193,-1,193,192,194,-1,193,194,195,-1,195,194,196,-1,195,196,197,-1,197,196,198,-1,197,198,199,-1,199,198,200,-1,199,200,201,-1,201,200,202,-1,201,202,203,-1,204,203,205,-1,205,203,202,-1,204,205,206,-1,204,206,207,-1,207,206,208,-1,207,208,209,-1,209,208,210,-1,209,210,211,-1,211,210,212,-1,211,212,213,-1,213,212,214,-1,213,214,215,-1,215,214,216,-1,215,216,217,-1,217,216,218,-1,217,218,219,-1,220,219,221,-1,221,219,218,-1,222,220,223,-1,223,220,221,-1,224,222,225,-1,225,222,223,-1,224,225,226,-1,226,225,227,-1,226,227,228,-1,228,227,229,-1,228,229,230,-1,230,229,231,-1,230,231,232,-1,232,231,233,-1,232,233,234,-1,234,233,235,-1,234,235,236,-1,236,235,237,-1,238,236,239,-1,239,236,237,-1,238,239,240,-1,240,239,241,-1,240,241,242,-1,242,241,243,-1,242,243,244,-1,244,243,245,-1,244,245,246,-1,246,245,247,-1,246,247,248,-1,248,247,249,-1,248,249,250,-1,250,249,251,-1,250,251,252,-1,252,251,253,-1,252,253,254,-1,254,253,255,-1,254,255,256,-1,256,255,257,-1,258,256,259,-1,259,256,257,-1,258,259,260,-1,258,260,261,-1,261,260,262,-1,261,262,263,-1,263,262,264,-1,263,264,265,-1,265,264,266,-1,265,266,267,-1,267,266,268,-1,267,268,269,-1,269,268,161,-1,269,161,160,-1,232,211,230,-1,230,211,213,-1,230,213,228,-1,228,213,215,-1,228,215,226,-1,226,215,217,-1,226,217,224,-1,224,217,219,-1,224,219,222,-1,222,219,220,-1,162,168,160,-1,160,168,170,-1,160,170,269,-1,269,170,172,-1,269,172,267,-1,267,172,174,-1,267,174,265,-1,265,174,176,-1,265,176,263,-1,263,176,178,-1,263,178,261,-1,261,178,180,-1,261,180,258,-1,258,180,182,-1,258,182,256,-1,256,182,184,-1,256,184,254,-1,254,184,187,-1,254,187,252,-1,252,187,189,-1,252,189,250,-1,250,189,191,-1,250,191,248,-1,248,191,193,-1,248,193,246,-1,246,193,195,-1,246,195,244,-1,244,195,197,-1,244,197,242,-1,242,197,199,-1,242,199,240,-1,240,199,201,-1,240,201,238,-1,238,201,203,-1,238,203,236,-1,236,203,204,-1,236,204,234,-1,234,204,207,-1,234,207,232,-1,232,207,209,-1,232,209,211,-1,223,221,225,-1,225,221,218,-1,225,218,227,-1,227,218,216,-1,227,216,229,-1,229,216,214,-1,229,214,231,-1,214,212,231,-1,231,212,210,-1,231,210,233,-1,233,210,208,-1,233,208,235,-1,235,208,206,-1,235,206,237,-1,237,206,205,-1,237,205,239,-1,239,205,202,-1,239,202,241,-1,241,202,200,-1,241,200,243,-1,243,200,198,-1,243,198,245,-1,245,198,196,-1,245,196,247,-1,247,196,194,-1,247,194,249,-1,249,194,192,-1,249,192,251,-1,251,192,190,-1,251,190,253,-1,253,190,188,-1,253,188,255,-1,255,188,186,-1,255,186,257,-1,257,186,185,-1,257,185,259,-1,259,185,183,-1,259,183,260,-1,260,183,181,-1,260,181,262,-1,262,181,179,-1,262,179,264,-1,264,179,177,-1,264,177,266,-1,266,177,175,-1,266,175,268,-1,268,175,173,-1,268,173,161,-1,161,173,171,-1,161,171,163,-1,163,171,169,-1,162,164,168,-1,168,164,166,-1,165,163,167,-1,167,163,169,-1,270,271,272,-1,272,271,273,-1,272,273,274,-1,274,273,275,-1,274,275,276,-1,276,275,277,-1,276,277,278,-1,278,277,279,-1,278,279,280,-1,280,279,281,-1,280,281,282,-1,280,282,283,-1,283,282,284,-1,283,284,285,-1,285,284,286,-1,285,286,287,-1,287,286,288,-1,287,288,289,-1,289,288,290,-1,289,290,291,-1,292,291,293,-1,293,291,290,-1,292,293,294,-1,294,293,295,-1,294,295,296,-1,296,295,297,-1,296,297,298,-1,298,297,299,-1,298,299,300,-1,300,299,301,-1,300,301,302,-1,302,301,303,-1,304,302,305,-1,305,302,303,-1,304,305,306,-1,304,306,307,-1,307,306,308,-1,307,308,309,-1,309,308,310,-1,309,310,311,-1,311,310,312,-1,311,312,313,-1,313,312,314,-1,313,314,315,-1,315,314,316,-1,315,316,317,-1,317,316,318,-1,317,318,319,-1,320,319,321,-1,321,319,318,-1,320,321,322,-1,320,322,323,-1,323,322,324,-1,323,324,325,-1,325,324,326,-1,325,326,327,-1,327,326,328,-1,327,328,329,-1,329,328,330,-1,329,330,331,-1,331,330,332,-1,331,332,333,-1,333,332,334,-1,333,334,335,-1,335,334,336,-1,335,336,337,-1,337,336,338,-1,337,338,339,-1,340,339,341,-1,341,339,338,-1,340,341,342,-1,340,342,343,-1,343,342,344,-1,343,344,345,-1,345,344,346,-1,345,346,347,-1,347,346,348,-1,347,348,349,-1,349,348,350,-1,349,350,351,-1,351,350,352,-1,351,352,353,-1,353,352,354,-1,353,354,355,-1,356,355,357,-1,357,355,354,-1,358,356,359,-1,359,356,357,-1,360,358,361,-1,361,358,359,-1,360,361,362,-1,362,361,363,-1,362,363,364,-1,364,363,365,-1,364,365,366,-1,366,365,367,-1,366,367,368,-1,368,367,369,-1,368,369,370,-1,370,369,371,-1,370,371,372,-1,372,371,373,-1,374,372,375,-1,375,372,373,-1,374,375,376,-1,376,375,377,-1,376,377,378,-1,378,377,379,-1,378,379,380,-1,380,379,381,-1,380,381,382,-1,382,381,383,-1,382,383,384,-1,384,383,385,-1,384,385,386,-1,386,385,387,-1,386,387,388,-1,388,387,389,-1,388,389,390,-1,390,389,391,-1,390,391,392,-1,392,391,393,-1,394,392,395,-1,395,392,393,-1,394,395,396,-1,396,395,397,-1,396,397,398,-1,398,397,399,-1,398,399,400,-1,400,399,401,-1,400,401,402,-1,402,401,403,-1,402,403,404,-1,404,403,405,-1,404,405,406,-1,406,405,407,-1,408,406,409,-1,409,406,407,-1,408,409,410,-1,408,410,411,-1,411,410,412,-1,411,412,413,-1,413,412,414,-1,413,414,415,-1,415,414,416,-1,415,416,417,-1,417,416,418,-1,417,418,419,-1,420,419,421,-1,421,419,418,-1,420,421,422,-1,422,421,423,-1,422,423,424,-1,424,423,425,-1,424,425,426,-1,426,425,427,-1,426,427,428,-1,428,427,429,-1,428,429,270,-1,270,429,271,-1,356,358,355,-1,355,358,360,-1,355,360,353,-1,353,360,362,-1,353,362,351,-1,351,362,364,-1,351,364,349,-1,349,364,366,-1,272,278,270,-1,270,278,280,-1,270,280,428,-1,428,280,283,-1,428,283,426,-1,426,283,285,-1,426,285,424,-1,424,285,287,-1,424,287,422,-1,422,287,289,-1,422,289,420,-1,420,289,291,-1,420,291,419,-1,419,291,292,-1,419,292,417,-1,417,292,294,-1,417,294,415,-1,415,294,296,-1,415,296,413,-1,413,296,298,-1,413,298,411,-1,411,298,300,-1,411,300,408,-1,408,300,302,-1,408,302,406,-1,406,302,304,-1,406,304,404,-1,404,304,307,-1,404,307,402,-1,307,309,402,-1,402,309,311,-1,402,311,400,-1,400,311,313,-1,400,313,398,-1,398,313,315,-1,398,315,396,-1,396,315,317,-1,396,317,394,-1,394,317,319,-1,394,319,392,-1,392,319,320,-1,392,320,390,-1,390,320,323,-1,390,323,388,-1,388,323,325,-1,388,325,386,-1,386,325,327,-1,386,327,384,-1,384,327,329,-1,384,329,382,-1,382,329,331,-1,382,331,380,-1,380,331,333,-1,380,333,378,-1,378,333,335,-1,378,335,376,-1,376,335,337,-1,376,337,374,-1,374,337,339,-1,374,339,372,-1,372,339,340,-1,372,340,370,-1,370,340,343,-1,370,343,368,-1,368,343,345,-1,368,345,366,-1,366,345,347,-1,366,347,349,-1,359,357,361,-1,361,357,354,-1,361,354,363,-1,363,354,352,-1,363,352,365,-1,279,273,281,-1,281,273,271,-1,281,271,282,-1,282,271,429,-1,282,429,284,-1,284,429,427,-1,284,427,286,-1,286,427,425,-1,286,425,288,-1,288,425,423,-1,288,423,290,-1,290,423,421,-1,290,421,293,-1,293,421,418,-1,293,418,295,-1,295,418,416,-1,295,416,297,-1,297,416,414,-1,297,414,299,-1,299,414,412,-1,299,412,301,-1,301,412,410,-1,301,410,303,-1,303,410,409,-1,303,409,305,-1,305,409,407,-1,305,407,306,-1,306,407,405,-1,306,405,308,-1,308,405,403,-1,308,403,310,-1,310,403,401,-1,352,350,365,-1,365,350,348,-1,365,348,367,-1,367,348,346,-1,367,346,369,-1,369,346,344,-1,369,344,371,-1,371,344,342,-1,371,342,373,-1,373,342,341,-1,373,341,375,-1,375,341,338,-1,375,338,377,-1,377,338,336,-1,377,336,379,-1,379,336,334,-1,379,334,381,-1,381,334,332,-1,381,332,383,-1,383,332,330,-1,383,330,385,-1,385,330,328,-1,385,328,387,-1,387,328,326,-1,387,326,389,-1,389,326,324,-1,389,324,391,-1,391,324,322,-1,391,322,393,-1,393,322,321,-1,393,321,395,-1,395,321,318,-1,395,318,397,-1,397,318,316,-1,397,316,399,-1,399,316,314,-1,399,314,401,-1,401,314,312,-1,401,312,310,-1,272,274,278,-1,278,274,276,-1,275,273,277,-1,277,273,279,-1,430,431,432,-1,432,431,433,-1,432,433,434,-1,434,433,435,-1,434,435,436,-1,436,435,437,-1,436,437,438,-1,438,437,439,-1,438,439,440,-1,440,439,441,-1,440,441,442,-1,442,441,443,-1,442,443,444,-1,444,443,445,-1,444,445,446,-1,446,445,447,-1,446,447,448,-1,448,447,449,-1,448,449,450,-1,450,449,451,-1,450,451,452,-1,452,451,453,-1,454,452,455,-1,455,452,453,-1,454,455,456,-1,454,456,457,-1,457,456,458,-1,457,458,459,-1,459,458,460,-1,459,460,461,-1,461,460,462,-1,461,462,463,-1,463,462,464,-1,463,464,465,-1,465,464,466,-1,465,466,467,-1,467,466,468,-1,467,468,469,-1,469,468,470,-1,469,470,471,-1,471,470,472,-1,471,472,473,-1,474,473,475,-1,475,473,472,-1,474,475,476,-1,474,476,477,-1,477,476,478,-1,477,478,479,-1,479,478,480,-1,479,480,481,-1,481,480,482,-1,481,482,483,-1,483,482,484,-1,483,484,485,-1,485,484,486,-1,485,486,487,-1,487,486,488,-1,487,488,489,-1,490,489,491,-1,491,489,488,-1,492,490,493,-1,493,490,491,-1,494,492,495,-1,495,492,493,-1,494,495,496,-1,496,495,497,-1,496,497,498,-1,498,497,499,-1,498,499,500,-1,500,499,501,-1,500,501,502,-1,502,501,503,-1,502,503,504,-1,504,503,505,-1,504,505,506,-1,506,505,507,-1,508,506,509,-1,509,506,507,-1,508,509,510,-1,510,509,511,-1,510,511,512,-1,512,511,513,-1,512,513,514,-1,514,513,515,-1,514,515,516,-1,516,515,517,-1,516,517,518,-1,518,517,519,-1,518,519,520,-1,520,519,521,-1,520,521,522,-1,522,521,523,-1,522,523,524,-1,524,523,525,-1,524,525,526,-1,526,525,527,-1,528,526,529,-1,529,526,527,-1,528,529,530,-1,528,530,531,-1,531,530,532,-1,531,532,533,-1,533,532,534,-1,533,534,535,-1,535,534,536,-1,535,536,537,-1,537,536,538,-1,537,538,539,-1,539,538,431,-1,539,431,430,-1,502,481,500,-1,500,481,483,-1,500,483,498,-1,498,483,485,-1,498,485,496,-1,496,485,487,-1,496,487,494,-1,494,487,489,-1,494,489,492,-1,492,489,490,-1,432,438,430,-1,430,438,440,-1,430,440,539,-1,539,440,442,-1,539,442,537,-1,537,442,444,-1,537,444,535,-1,535,444,446,-1,535,446,533,-1,533,446,448,-1,533,448,531,-1,531,448,450,-1,531,450,528,-1,528,450,452,-1,528,452,526,-1,526,452,454,-1,526,454,524,-1,524,454,457,-1,524,457,522,-1,522,457,459,-1,522,459,520,-1,520,459,461,-1,520,461,518,-1,518,461,463,-1,518,463,516,-1,516,463,465,-1,516,465,514,-1,514,465,467,-1,514,467,512,-1,512,467,469,-1,512,469,510,-1,510,469,471,-1,510,471,508,-1,508,471,473,-1,508,473,506,-1,506,473,474,-1,506,474,504,-1,504,474,477,-1,504,477,502,-1,502,477,479,-1,502,479,481,-1,493,491,495,-1,495,491,488,-1,495,488,497,-1,497,488,486,-1,497,486,499,-1,499,486,484,-1,499,484,501,-1,484,482,501,-1,501,482,480,-1,501,480,503,-1,503,480,478,-1,503,478,505,-1,505,478,476,-1,505,476,507,-1,507,476,475,-1,507,475,509,-1,509,475,472,-1,509,472,511,-1,511,472,470,-1,511,470,513,-1,513,470,468,-1,513,468,515,-1,515,468,466,-1,515,466,517,-1,517,466,464,-1,517,464,519,-1,519,464,462,-1,519,462,521,-1,521,462,460,-1,521,460,523,-1,523,460,458,-1,523,458,525,-1,525,458,456,-1,525,456,527,-1,527,456,455,-1,527,455,529,-1,529,455,453,-1,529,453,530,-1,530,453,451,-1,530,451,532,-1,532,451,449,-1,532,449,534,-1,534,449,447,-1,534,447,536,-1,536,447,445,-1,536,445,538,-1,538,445,443,-1,538,443,431,-1,431,443,441,-1,431,441,433,-1,433,441,439,-1,432,434,438,-1,438,434,436,-1,435,433,437,-1,437,433,439,-1,
        ]
    }
}
Shape{
    appearance Appearance {
        material  Material 	{
            diffuseColor 1.0 1.0 1.0
            specularColor 0.5019607843137255 0.5019607843137255 0.5019607843137255
            ambientIntensity 0.2
            transparency 0
            shininess 0.5
        }
    }
    geometry IndexedFaceSet {
        ccw TRUE
        solid FALSE
        coord DEF co Coordinate {
            point [
                1.7717 -0.6102 -2.2047, 1.7717 -0.4365 -2.2047, 1.7717 -0.4365 -1.2308, 1.7717 0.1709 -1.1558, 1.7717 0.1878 -1.1558, 1.7717 0.1878 -1.1406, 1.7717 0.2297 -1.1245, 1.7717 0.2243 -1.1099, 1.7717 0.2047 -1.1099, 1.7717 -0.0956 -1.0652, 1.7717 -0.0874 -1.0707, 1.7717 0.0013 -1.0707, 1.7717 -0.0787 -1.0765, 1.7717 -0.0661 -1.0911, 1.7717 -0.0236 -1.1406, 1.7717 0.0013 -1.1406, 1.7717 -0.027 -1.1322, 1.7717 -0.0347 -1.1214, 1.7717 -0.045 -1.1127, 1.7717 -0.0582 -1.1065, 1.7717 -0.0563 -1.1071, 1.7717 -0.1666 -1.0659, 1.7717 -0.1491 -1.0591, 1.7717 -0.4365 -0.5284, 1.7717 0.0013 -0.5284, 1.7717 -0.1303 -1.0568, 1.7717 -0.1146 -1.0585, 1.7717 -0.1743 -1.0707, 1.7717 -0.4365 -1.0707, 1.7717 -0.1758 -1.0716, 1.7717 -0.254 -1.1175, 1.7717 -0.2449 -1.1058, 1.7717 -0.2162 -1.0894, 1.7717 -0.2013 -1.0876, 1.7717 -0.1847 -1.0792, 1.7717 -0.1969 -1.0878, 1.7717 -0.1925 -1.0883, 1.7717 -0.2423 -1.1034, 1.7717 -0.2303 -1.0949, 1.7717 -0.235 -1.2005, 1.7717 -0.2468 -1.1904, 1.7717 -0.4365 -1.2096, 1.7717 -0.2213 -1.2072, 1.7717 -0.2555 -1.1781, 1.7717 -0.2609 -1.1639, 1.7717 -0.4365 -1.1406, 1.7717 -0.2627 -1.149, 1.7717 -0.2626 -1.1454, 1.7717 -0.2618 -1.1406, 1.7717 -0.2601 -1.1311, 1.7717 -0.2164 -1.2086, 1.7717 -0.216 -1.2096, 1.7717 -0.2126 -1.2168, 1.7717 -0.207 -1.2237, 1.7717 -0.1995 -1.2293, 1.7717 -0.1908 -1.233, 1.7717 -0.1961 -1.2308, 1.7717 -0.1647 -1.2308, 1.7717 -0.1712 -1.2333, 1.7717 0.0013 -2.2047, 1.7717 -0.1804 -1.2344, 1.7717 -0.1818 -1.2344, 1.7717 0.0013 -1.2096, 1.7717 -0.1448 -1.2096, 1.7717 0.0013 -1.2308, 1.7717 -0.1449 -1.2099, 1.7717 -0.1494 -1.2183, 1.7717 -0.1552 -1.2248, 1.7717 -0.1627 -1.23, 1.7717 -0.0964 -1.1873, 1.7717 -0.0938 -1.1862, 1.7717 -0.0893 -1.1646, 1.7717 -0.0346 -1.1923, 1.7717 -0.045 -1.201, 1.7717 -0.1519 -1.171, 1.7717 -0.1011 -1.1445, 1.7717 -0.1586 -1.165, 1.7717 -0.1666 -1.1607, 1.7717 -0.0987 -1.1889, 1.7717 -0.0271 -1.1818, 1.7717 -0.0443 -1.1532, 1.7717 -0.0461 -1.1459, 1.7717 -0.049 -1.1406, 1.7717 -0.2379 -1.1406, 1.7717 -0.0223 -1.1438, 1.7717 -0.0206 -1.1562, 1.7717 -0.0223 -1.1698, 1.7717 -0.0908 -1.1858, 1.7717 -0.0904 -1.1859, 1.7717 -0.0893 -1.1861, 1.7717 -0.2356 -1.1635, 1.7717 -0.2311 -1.1711, 1.7717 -0.2119 -1.1751, 1.7717 -0.2243 -1.1781, 1.7717 -0.2161 -1.1832, 1.7717 -0.1979 -1.1625, 1.7717 -0.2056 -1.1679, 1.7717 -0.2388 -1.1483, 1.7717 -0.2384 -1.1542, 1.7717 -0.1895 -1.1593, 1.7717 -0.1804 -1.1581, 1.7717 -0.1758 -1.1584, 1.7717 -0.1026 -1.1976, 1.7717 -0.1025 -1.1961, 1.7717 -0.1424 -1.1927, 1.7717 -0.1017 -1.1932, 1.7717 -0.1003 -1.1906, 1.7717 -0.0519 -1.1767, 1.7717 -0.0477 -1.1708, 1.7717 -0.0451 -1.164, 1.7717 -0.0441 -1.1566, 1.7717 -0.0937 -1.209, 1.7717 -0.0962 -1.208, 1.7717 -0.0987 -1.2063, 1.7717 -0.0996 -1.2054, 1.7717 -0.1012 -1.203, 1.7717 -0.1022 -1.2004, 1.7717 -0.1426 -1.2005, 1.7717 -0.1424 -1.1965, 1.7717 -0.0565 -1.2067, 1.7717 -0.0692 -1.2094, 1.7717 -0.0916 -1.2094, 1.7717 -0.0885 -1.1862, 1.7717 -0.0715 -1.1862, 1.7717 -0.0646 -1.1849, 1.7717 -0.0579 -1.1818, 1.7717 -0.0523 -1.1772, 1.7717 -0.085 -1.1042, 1.7717 -0.0936 -1.0939, 1.7717 -0.1808 -1.116, 1.7717 -0.0945 -1.0931, 1.7717 -0.1051 -1.0857, 1.7717 -0.175 -1.104, 1.7717 -0.1834 -1.1146, 1.7717 -0.1919 -1.1114, 1.7717 -0.0497 -1.1394, 1.7717 -0.054 -1.1346, 1.7717 -0.0737 -1.127, 1.7717 -0.0599 -1.1305, 1.7717 -0.0665 -1.1279, 1.7717 -0.0768 -1.127, 1.7717 -0.0791 -1.1164, 1.7717 -0.2143 -1.1128, 1.7717 -0.2227 -1.1173, 1.7717 -0.2049 -1.1105, 1.7717 -0.2292 -1.123, 1.7717 -0.2344 -1.1306, 1.7717 -0.1664 -1.0938, 1.7717 -0.117 -1.0812, 1.7717 -0.1563 -1.0864, 1.7717 -0.1299 -1.0796, 1.7717 -0.1439 -1.0814, 1.7717 -0.2009 -1.1103, 1.7717 -0.2377 -1.1391, 1.7717 0.2373 -1.1245, 1.7717 0.2047 -1.1406, 1.7717 0.217 -1.0711, 1.7717 0.6102 -1.1406, 1.7717 0.6102 -1.0707, 1.7717 0.2047 -1.0707, 1.7717 0.2096 -1.0711, 1.7717 0.2047 -1.0841, 1.7717 0.1969 -1.1245, 1.7717 0.1893 -1.1245, 1.7717 0.2021 -1.1099, 1.7717 0.1316 -1.0773, 1.7717 0.1378 -1.0707, 1.7717 0.1316 -1.0711, 1.7717 0.1254 -1.0707, 1.7717 0.1254 -1.0711, 1.7717 0.111 -1.1005, 1.7717 0.111 -1.1184, 1.7717 0.1254 -1.1005, 1.7717 0.1254 -1.1184, 1.7717 0.1301 -1.1005, 1.7717 0.1328 -1.1184, 1.7717 0.1301 -1.0944, 1.7717 0.111 -1.0773, 1.7717 0.111 -1.0944, 1.7717 0.1254 -1.0773, 1.7717 0.1254 -1.0944, 1.7717 0.1041 -1.1245, 1.7717 0.101 -1.1406, 1.7717 0.1254 -1.1245, 1.7717 0.1254 -1.1406, 1.7717 0.1328 -1.1245, 1.7717 0.1378 -1.1406, 1.7717 0.1041 -1.0711, 1.7717 0.101 -1.0707, 1.7717 0.0862 -1.0707, 1.7717 0.0883 -1.0709, 1.7717 0.0934 -1.0724, 1.7717 0.0934 -1.0796, 1.7717 0.0825 -1.1192, 1.7717 0.0884 -1.118, 1.7717 0.0607 -1.0989, 1.7717 0.0934 -1.1157, 1.7717 0.0607 -1.0984, 1.7717 0.0654 -1.0833, 1.7717 0.063 -1.0872, 1.7717 0.0613 -1.092, 1.7717 0.0934 -1.1223, 1.7717 0.0925 -1.1228, 1.7717 0.0695 -1.124, 1.7717 0.0645 -1.1216, 1.7717 0.0558 -1.1406, 1.7717 0.0603 -1.1181, 1.7717 0.0598 -1.1176, 1.7717 0.0924 -1.0791, 1.7717 0.0869 -1.0771, 1.7717 0.067 -1.1147, 1.7717 0.0705 -1.1172, 1.7717 0.0808 -1.0765, 1.7717 0.0785 -1.0766, 1.7717 0.0739 -1.0775, 1.7717 0.0659 -1.1137, 1.7717 0.0615 -1.1055, 1.7717 0.0632 -1.1098, 1.7717 0.0743 -1.1186, 1.7717 0.0796 -1.1193, 1.7717 0.0868 -1.1246, 1.7717 0.0786 -1.1254, 1.7717 0.0752 -1.1252, 1.7717 0.0697 -1.0795, 1.7717 0.0663 -1.0824, 1.7717 0.0814 -1.0702, 1.7717 0.101 -0.5284, 1.7717 0.0808 -1.0702, 1.7717 0.0558 -0.5284, 1.7717 0.0763 -1.0707, 1.7717 0.0558 -1.0707, 1.7717 0.0685 -1.0728, 1.7717 0.0742 -1.0709, 1.7717 0.0576 -1.0827, 1.7717 0.0612 -1.0781, 1.7717 0.0631 -1.0763, 1.7717 0.0566 -1.113, 1.7717 0.0558 -1.111, 1.7717 0.0526 -1.1406, 1.7717 0.0526 -1.0707, 1.7717 0.0549 -1.0885, 1.7717 0.0558 -1.0865, 1.7717 0.0545 -1.1074, 1.7717 0.0534 -1.0988, 1.7717 0.0536 -1.0954, 1.7717 0.2524 -2.2047, 1.7717 0.6102 -2.2047, 1.7717 0.2524 -2.0866, 1.7717 0.6102 -1.2308, 1.7717 0.2047 -2.0866, 1.7717 0.2047 -1.2308, 1.7717 0.1878 -2.0866, 1.7717 0.1878 -1.2308, 1.7717 0.1673 -2.0866, 1.7717 0.1673 -1.2308, 1.7717 0.1378 -2.0866, 1.7717 0.1378 -1.2308, 1.7717 0.1254 -2.0866, 1.7717 0.1254 -1.2308, 1.7717 0.101 -2.0866, 1.7717 0.101 -1.2308, 1.7717 0.0558 -1.2308, 1.7717 0.0558 -2.0866, 1.7717 0.0526 -2.0866, 1.7717 0.0526 -1.2308, 1.7717 0.0162 -2.0866, 1.7717 0.0162 -2.2047, 1.7717 0.1878 -1.0707, 1.7717 0.1673 -1.0707, 1.7717 0.1673 -1.0723, 1.7717 0.1861 -1.101, 1.7717 0.1848 -1.1072, 1.7717 0.182 -1.1127, 1.7717 0.1783 -1.117, 1.7717 0.1734 -1.0747, 1.7717 0.1783 -1.0782, 1.7717 0.1807 -1.0806, 1.7717 0.1839 -1.0855, 1.7717 0.1857 -1.0908, 1.7717 0.1863 -1.0971, 1.7717 0.1726 -1.1211, 1.7717 0.1673 -1.1231, 1.7717 0.1673 -1.1406, 1.7717 0.1665 -1.1234, 1.7717 0.1576 -1.1245, 1.7717 0.1429 -1.1245, 1.7717 0.1429 -1.0711, 1.7717 0.1581 -1.0711, 1.7717 0.1671 -1.0722, 1.7717 0.0765 -1.2087, 1.7717 0.0739 -1.2096, 1.7717 0.0822 -1.2092, 1.7717 0.0767 -1.1759, 1.7717 0.0744 -1.1756, 1.7717 0.0709 -1.1865, 1.7717 0.0788 -1.2072, 1.7717 0.0558 -1.2096, 1.7717 0.0594 -1.2043, 1.7717 0.0586 -1.202, 1.7717 0.0607 -1.1913, 1.7717 0.0627 -1.1895, 1.7717 0.0619 -1.1802, 1.7717 0.0654 -1.188, 1.7717 0.0665 -1.1773, 1.7717 0.0707 -1.176, 1.7717 0.0637 -1.2087, 1.7717 0.0663 -1.2096, 1.7717 0.0664 -1.2096, 1.7717 0.0615 -1.2071, 1.7717 0.0607 -1.2063, 1.7717 0.0582 -1.199, 1.7717 0.0585 -1.1959, 1.7717 0.0822 -1.2033, 1.7717 0.082 -1.2033, 1.7717 0.0809 -1.2049, 1.7717 0.0639 -1.1727, 1.7717 0.0619 -1.1737, 1.7717 0.0593 -1.1934, 1.7717 0.0999 -1.1874, 1.7717 0.099 -1.186, 1.7717 0.0889 -1.1847, 1.7717 0.0982 -1.184, 1.7717 0.0882 -1.179, 1.7717 0.098 -1.1814, 1.7717 0.0822 -1.185, 1.7717 0.0819 -1.182, 1.7717 0.0812 -1.1796, 1.7717 0.0805 -1.1782, 1.7717 0.069 -1.1709, 1.7717 0.0751 -1.1702, 1.7717 0.0797 -1.1707, 1.7717 0.1009 -1.1885, 1.7717 0.0979 -1.201, 1.7717 0.101 -1.1886, 1.7717 0.1005 -1.2026, 1.7717 0.101 -1.2027, 1.7717 0.0824 -1.1716, 1.7717 0.0845 -1.173, 1.7717 0.1003 -1.175, 1.7717 0.0794 -1.1772, 1.7717 0.0783 -1.1764, 1.7717 0.0982 -1.179, 1.7717 0.099 -1.1768, 1.7717 0.0871 -1.1762, 1.7717 0.0857 -1.1741, 1.7717 0.0703 -1.2101, 1.7717 0.0738 -1.2097, 1.7717 0.0979 -1.2079, 1.7717 0.0889 -1.2092, 1.7717 0.101 -1.2089, 1.7717 0.101 -1.2096, 1.7717 0.1027 -1.2095, 1.7717 0.1039 -1.2096, 1.7717 0.1122 -1.2096, 1.7717 0.1083 -1.2101, 1.7717 0.1254 -1.2096, 1.7717 0.1141 -1.2094, 1.7717 0.1218 -1.1719, 1.7717 0.1218 -1.1784, 1.7717 0.1022 -1.1732, 1.7717 0.1039 -1.1722, 1.7717 0.101 -1.1743, 1.7717 0.1233 -1.2015, 1.7717 0.1225 -1.2036, 1.7717 0.1213 -1.2054, 1.7717 0.1074 -1.1708, 1.7717 0.1128 -1.1702, 1.7717 0.1168 -1.1705, 1.7717 0.1214 -1.1925, 1.7717 0.1227 -1.1944, 1.7717 0.1234 -1.1963, 1.7717 0.1237 -1.1988, 1.7717 0.1194 -1.2071, 1.7717 0.1176 -1.2081, 1.7717 0.1121 -1.1756, 1.7717 0.1102 -1.1758, 1.7717 0.1048 -1.1808, 1.7717 0.1084 -1.1762, 1.7717 0.1069 -1.177, 1.7717 0.1049 -1.1816, 1.7717 0.1052 -1.1827, 1.7717 0.1057 -1.1836, 1.7717 0.1063 -1.1843, 1.7717 0.1087 -1.1858, 1.7717 0.1165 -1.1761, 1.7717 0.1128 -1.1876, 1.7717 0.1203 -1.1775, 1.7717 0.1154 -1.1886, 1.7717 0.1198 -1.1911, 1.7717 0.1059 -1.1779, 1.7717 0.1053 -1.1788, 1.7717 0.105 -1.1797, 1.7717 0.1047 -1.2041, 1.7717 0.1081 -1.1924, 1.7717 0.1041 -1.1906, 1.7717 0.1089 -1.2046, 1.7717 0.1092 -1.2046, 1.7717 0.1125 -1.1943, 1.7717 0.1126 -1.2043, 1.7717 0.1168 -1.1995, 1.7717 0.1167 -1.1986, 1.7717 0.1144 -1.2036, 1.7717 0.115 -1.2032, 1.7717 0.1157 -1.2026, 1.7717 0.1163 -1.2017, 1.7717 0.1167 -1.2008, 1.7717 0.1164 -1.1976, 1.7717 0.1159 -1.1967, 1.7717 0.1151 -1.1958, 1.7717 0.1568 -1.1711, 1.7717 0.1637 -1.1711, 1.7717 0.1673 -1.2096, 1.7717 0.1446 -1.1997, 1.7717 0.1454 -1.2029, 1.7717 0.1456 -1.2029, 1.7717 0.1378 -1.1804, 1.7717 0.1464 -1.1998, 1.7717 0.1459 -1.2016, 1.7717 0.1378 -1.1983, 1.7717 0.1271 -1.1711, 1.7717 0.1346 -1.1711, 1.7717 0.1419 -1.2096, 1.7717 0.1421 -1.2091, 1.7717 0.1378 -1.2185, 1.7717 0.1379 -1.2184, 1.7717 0.1378 -1.2096, 1.7717 0.1392 -1.216, 1.7717 0.1285 -1.2207, 1.7717 0.1285 -1.2266, 1.7717 0.1299 -1.2211, 1.7717 0.1323 -1.2214, 1.7717 0.1339 -1.2212, 1.7717 0.1378 -1.226, 1.7717 0.1355 -1.2268, 1.7717 0.1328 -1.2272, 1.7717 0.1314 -1.2271, 1.7717 0.1354 -1.2207, 1.7717 0.1366 -1.2198, 1.7717 0.1464 -1.215, 1.7717 0.1434 -1.2208, 1.7717 0.1485 -1.2096, 1.7717 0.141 -1.2238, 1.7717 0.1405 -1.2242, 1.7717 0.1382 -1.2258, 1.7717 0.1984 -1.1558, 1.7717 0.1984 -1.162, 1.7717 0.1997 -1.2031, 1.7717 0.2047 -1.2096, 1.7717 0.1997 -1.2092, 1.7717 0.1878 -1.2096, 1.7717 0.1778 -1.1852, 1.7717 0.1778 -1.2031, 1.7717 0.1878 -1.1852, 1.7717 0.1878 -1.2031, 1.7717 0.1969 -1.1852, 1.7717 0.1969 -1.179, 1.7717 0.1878 -1.179, 1.7717 0.1878 -1.162, 1.7717 0.1778 -1.179, 1.7717 0.1778 -1.162, 1.7717 0.1878 -1.2092, 1.7717 0.1709 -1.2092, 1.7717 0.2765 -1.1558, 1.7717 0.2839 -1.1558, 1.7717 0.2516 -1.1919, 1.7717 0.2489 -1.1974, 1.7717 0.2562 -1.2092, 1.7717 0.2451 -1.2017, 1.7717 0.2476 -1.1653, 1.7717 0.2507 -1.1702, 1.7717 0.225 -1.1558, 1.7717 0.2339 -1.1569, 1.7717 0.2451 -1.1629, 1.7717 0.2525 -1.1754, 1.7717 0.2532 -1.1818, 1.7717 0.253 -1.1857, 1.7717 0.2395 -1.2058, 1.7717 0.2334 -1.2081, 1.7717 0.2244 -1.2092, 1.7717 0.2402 -1.1594, 1.7717 0.2911 -1.1946, 1.7717 0.2689 -1.1946, 1.7717 0.2966 -1.2092, 1.7717 0.2638 -1.2092, 1.7717 0.6102 -1.2096, 1.7717 0.3042 -1.2092, 1.7717 0.2097 -1.2092, 1.7717 0.2097 -1.1558, 1.7717 0.6102 -0.5284, 1.7717 0.2047 -0.5284, 1.7717 0.1878 -0.5284, 1.7717 0.1673 -0.5284, 1.7717 0.1378 -0.5284, 1.7717 0.1254 -0.5284, 1.7717 0.0526 -1.2096, 1.7717 0.0518 -1.2031, 1.7717 0.0518 -1.2092, 1.7717 0.0231 -1.2092, 1.7717 0.0506 -1.162, 1.7717 0.0231 -1.1558, 1.7717 0.0506 -1.1558, 1.7717 0.03 -1.1852, 1.7717 0.03 -1.2031, 1.7717 0.0491 -1.1852, 1.7717 0.0491 -1.179, 1.7717 0.03 -1.179, 1.7717 0.03 -1.162, 1.7717 0.03 -1.0711, 1.7717 0.03 -1.1184, 1.7717 0.0513 -1.1184, 1.7717 0.0231 -1.1245, 1.7717 0.0231 -1.0711, 1.7717 0.0513 -1.1245, 1.7717 0.0526 -0.5284, 1.7717 -0.6102 -1.2308, 1.7717 -0.6102 -1.2096, 1.7717 -0.6102 -1.1406, 1.7717 -0.6102 -1.0707, 1.7717 -0.6102 -0.5284, 1.7717 0.6102 0.0, 1.7717 0.2047 0.0, 1.7717 0.1878 0.0, 1.7717 0.1673 0.0, 1.7717 0.1378 0.0, 1.7717 0.1254 0.0, 1.7717 0.101 0.0, 1.7717 0.0558 0.0, 1.7717 0.0526 0.0, 1.7717 0.0013 0.0, 1.7717 -0.4365 0.0, 1.7717 -0.6102 0.0, 1.2992 0.0162 -2.2047, 1.2992 -0.6693 -2.2047, 1.7126 -0.6693 -2.2047, 1.7696 -0.6255 -2.2047, 1.7637 -0.6398 -2.2047, 1.7544 -0.652 -2.2047, 1.7421 -0.6614 -2.2047, 1.7279 -0.6673 -2.2047, -1.7696 -0.6255 -2.2047, -1.7717 -0.6102 -2.2047, -1.7126 -0.6693 -2.2047, -1.7717 0.0162 -2.2047, -1.2992 0.0162 -2.2047, -1.2992 -0.6693 -2.2047, -1.7279 -0.6673 -2.2047, -1.7421 -0.6614 -2.2047, -1.7544 -0.652 -2.2047, -1.7637 -0.6398 -2.2047, -0.2776 0.0162 -2.126, -0.2776 -0.6693 -2.126, -0.5098 0.0162 -2.126, -0.5098 -0.6693 -2.126, -0.6713 0.0162 -2.126, -0.6713 -0.6693 -2.126, -0.9035 0.0162 -2.126, -0.9035 -0.6693 -2.126, 0.1161 0.0162 -2.126, 0.1161 -0.6693 -2.126, -0.1161 0.0162 -2.126, -0.1161 -0.6693 -2.126, 0.5098 0.0162 -2.126, 0.5098 -0.6693 -2.126, 0.2776 0.0162 -2.126, 0.2776 -0.6693 -2.126, 0.9035 0.0162 -2.126, 0.9035 -0.6693 -2.126, 0.6713 0.0162 -2.126, 0.6713 -0.6693 -2.126, 1.2992 0.0162 -2.126, 1.2992 -0.6693 -2.126, 1.065 0.0162 -2.126, 1.065 -0.6693 -2.126, -1.065 0.0162 -2.126, -1.065 -0.6693 -2.126, -1.2992 0.0162 -2.126, -1.2992 -0.6693 -2.126, -1.065 -0.3543 -1.378, -1.3976 -0.3543 -1.378, -1.3976 -0.3543 -0.0682, 0.6713 -0.3543 -1.378, 0.6713 -0.3543 -2.0079, 0.5098 -0.3543 -2.0079, 1.3976 -0.3543 -0.0682, 0.5098 -0.3543 -1.378, 0.2776 -0.3543 -1.378, 1.3976 -0.3543 -1.378, 1.065 -0.3543 -1.378, -0.1161 -0.3543 -1.378, -0.1161 -0.3543 -2.0079, -0.2776 -0.3543 -2.0079, 1.065 -0.3543 -2.0079, 0.9035 -0.3543 -2.0079, 0.9035 -0.3543 -1.378, -0.2776 -0.3543 -1.378, -0.5098 -0.3543 -1.378, 0.1161 -0.3543 -1.378, 0.1161 -0.3543 -2.0079, 0.2776 -0.3543 -2.0079, -0.9035 -0.3543 -1.378, -0.9035 -0.3543 -2.0079, -1.065 -0.3543 -2.0079, -0.6713 -0.3543 -1.378, -0.6713 -0.3543 -2.0079, -0.5098 -0.3543 -2.0079, -0.9035 0.315 0.0, -1.065 0.315 0.0, -0.9035 0.315 -2.0079, -1.065 0.315 -2.0079, 0.6713 0.315 0.0, 0.5098 0.315 0.0, 0.6713 0.315 -2.0079, 0.5098 0.315 -2.0079, 0.2776 0.315 0.0, 0.1161 0.315 0.0, 0.2776 0.315 -2.0079, 0.1161 0.315 -2.0079, -0.1161 0.315 0.0, -0.2776 0.315 0.0, -0.1161 0.315 -2.0079, -0.2776 0.315 -2.0079, -0.5098 0.315 0.0, -0.6713 0.315 0.0, -0.5098 0.315 -2.0079, -0.6713 0.315 -2.0079, 1.7696 0.6255 -2.2047, 1.7126 0.6693 -2.2047, 1.2992 0.2524 -2.2047, 1.2992 0.6693 -2.2047, 1.7279 0.6673 -2.2047, 1.7421 0.6614 -2.2047, 1.7544 0.652 -2.2047, 1.7637 0.6398 -2.2047, 1.065 0.315 0.0, 0.9035 0.315 0.0, 1.065 0.315 -2.0079, 0.9035 0.315 -2.0079, -0.6713 -0.1772 -0.0682, -0.9035 -0.1772 -0.0682, -0.6713 -0.1772 -1.378, -0.9035 -0.1772 -1.378, -0.5098 -0.1772 -1.378, -0.2776 -0.1772 -1.378, -0.5098 -0.1772 -0.0682, -0.2776 -0.1772 -0.0682, -0.1161 -0.1772 -1.378, 0.1161 -0.1772 -1.378, -0.1161 -0.1772 -0.0682, 0.1161 -0.1772 -0.0682, 0.2776 -0.1772 -1.378, 0.5098 -0.1772 -1.378, 0.2776 -0.1772 -0.0682, 0.5098 -0.1772 -0.0682, 0.6713 -0.1772 -1.378, 0.9035 -0.1772 -1.378, 0.6713 -0.1772 -0.0682, 0.9035 -0.1772 -0.0682, -0.9035 -0.0591 0.0, -0.6713 -0.0591 0.0, -0.2776 -0.0591 0.0, -0.5098 -0.0591 0.0, 0.1161 -0.0591 0.0, -0.1161 -0.0591 0.0, 0.5098 -0.0591 0.0, 0.2776 -0.0591 0.0, 0.9035 -0.0591 0.0, 0.6713 -0.0591 0.0, -1.065 -0.1772 -0.0682, -1.3976 -0.1772 -0.0682, -1.065 -0.1772 -1.378, -1.3976 -0.1772 -1.378, -1.5157 -0.0591 -0.0, -1.065 -0.0591 0.0, -0.1161 -0.6693 -2.0079, -1.065 -0.6693 -2.0079, -1.7126 -0.6693 0.0, -0.9035 -0.6693 -2.0079, -0.6713 -0.6693 -2.0079, -0.5098 -0.6693 -2.0079, -0.2776 -0.6693 -2.0079, 0.1161 -0.6693 -2.0079, 0.2776 -0.6693 -2.0079, 0.5098 -0.6693 -2.0079, 1.7126 -0.6693 0.0, 0.6713 -0.6693 -2.0079, 1.065 -0.6693 -2.0079, 0.9035 -0.6693 -2.0079, -1.7717 0.2756 -2.2047, -1.7717 0.2524 -2.2047, -1.7717 0.2524 -2.0866, -1.7717 0.0162 -2.0866, -1.7717 -0.6102 0.0, -1.7717 0.2756 0.0, -1.3952 0.652 -2.2047, -1.3952 0.652 0.0, 1.2992 0.6693 -2.126, 0.1161 0.6693 -2.0079, 0.1161 0.6693 -2.126, -0.1161 0.6693 -2.126, 1.065 0.6693 -2.126, 1.065 0.6693 -2.0079, -0.6713 0.6693 -2.0079, -0.6713 0.6693 -2.126, -0.9035 0.6693 -2.126, 1.7126 0.6693 0.0, 0.9035 0.6693 -2.0079, 0.9035 0.6693 -2.126, 0.6713 0.6693 -2.126, 0.6713 0.6693 -2.0079, 0.5098 0.6693 -2.0079, -0.1161 0.6693 -2.0079, -0.2776 0.6693 -2.0079, -1.3535 0.6693 0.0, -0.9035 0.6693 -2.0079, -0.2776 0.6693 -2.126, -0.5098 0.6693 -2.126, -0.5098 0.6693 -2.0079, -1.065 0.6693 -2.0079, -1.065 0.6693 -2.126, -1.2992 0.6693 -2.126, 0.5098 0.6693 -2.126, 0.2776 0.6693 -2.126, 0.2776 0.6693 -2.0079, -1.2992 0.6693 -2.2047, -1.3535 0.6693 -2.2047, -1.2992 0.2524 -2.2047, -1.3863 0.6593 -2.2047, -1.3761 0.6648 -2.2047, -1.365 0.6682 -2.2047, -1.3761 0.6648 0.0, -1.3863 0.6593 0.0, 1.7279 -0.6673 0.0, 1.7421 -0.6614 0.0, 1.5157 -0.4724 0.0, 1.7544 -0.652 0.0, 1.7637 -0.6398 0.0, -1.365 0.6682 0.0, -1.5157 -0.4724 0.0, -1.7696 -0.6255 0.0, 1.7696 0.6255 0.0, -1.7637 -0.6398 0.0, -1.7544 -0.652 0.0, -1.7421 -0.6614 0.0, -1.7279 -0.6673 0.0, 1.7696 -0.6255 0.0, 1.5157 -0.0591 0.0, 1.065 -0.0591 0.0, 1.7637 0.6398 0.0, 1.7544 0.652 0.0, 1.7421 0.6614 0.0, 1.7279 0.6673 0.0, 1.065 -0.1772 -1.378, 1.3976 -0.1772 -1.378, 1.065 -0.1772 -0.0682, 1.3976 -0.1772 -0.0682, -1.065 0.2524 -2.0866, -1.065 0.2524 -2.126, -1.065 0.0162 -2.0866, -0.9035 0.2524 -2.0866, -0.9035 0.2524 -2.126, -0.9035 0.0162 -2.0866, 0.9035 0.2524 -2.0866, 0.9035 0.2524 -2.126, 0.9035 0.0162 -2.0866, 1.065 0.2524 -2.0866, 1.065 0.2524 -2.126, 1.065 0.0162 -2.0866, 0.5098 0.2524 -2.0866, 0.5098 0.2524 -2.126, 0.5098 0.0162 -2.0866, 0.6713 0.2524 -2.0866, 0.6713 0.2524 -2.126, 0.6713 0.0162 -2.0866, 0.1161 0.2524 -2.0866, 0.1161 0.2524 -2.126, 0.1161 0.0162 -2.0866, 0.2776 0.2524 -2.0866, 0.2776 0.2524 -2.126, 0.2776 0.0162 -2.0866, -0.2776 0.2524 -2.0866, -0.2776 0.2524 -2.126, -0.2776 0.0162 -2.0866, -0.1161 0.2524 -2.0866, -0.1161 0.2524 -2.126, -0.1161 0.0162 -2.0866, -0.6713 0.2524 -2.0866, -0.6713 0.2524 -2.126, -0.6713 0.0162 -2.0866, -0.5098 0.2524 -2.0866, -0.5098 0.2524 -2.126, -0.5098 0.0162 -2.0866, 1.2992 0.2524 -2.126, -1.2992 0.2524 -2.126, -1.2992 0.2524 -2.126
            ]
        }
        coordIndex [
            0,1,2,-1,3,4,5,-1,6,7,8,-1,9,10,11,-1,11,10,12,-1,11,12,13,-1,14,15,16,-1,16,15,11,-1,16,11,17,-1,17,11,18,-1,13,19,11,-1,11,19,20,-1,11,20,18,-1,21,22,23,-1,23,22,24,-1,24,22,25,-1,24,25,26,-1,21,23,27,-1,27,23,28,-1,27,28,29,-1,28,30,31,-1,28,32,29,-1,29,32,33,-1,29,33,34,-1,34,33,35,-1,34,35,36,-1,31,37,28,-1,28,37,38,-1,28,38,32,-1,39,40,41,-1,39,41,42,-1,40,43,41,-1,41,43,44,-1,41,44,45,-1,45,44,46,-1,46,47,45,-1,45,47,48,-1,45,48,28,-1,28,48,49,-1,28,49,30,-1,50,42,51,-1,51,42,41,-1,51,41,52,-1,52,41,2,-1,52,2,53,-1,53,2,54,-1,1,55,2,-1,2,55,56,-1,2,56,54,-1,57,58,59,-1,59,58,60,-1,59,60,1,-1,1,60,61,-1,1,61,55,-1,62,63,64,-1,64,63,65,-1,65,66,64,-1,64,66,67,-1,64,67,68,-1,69,70,71,-1,72,73,62,-1,74,75,76,-1,76,75,77,-1,69,71,78,-1,72,62,79,-1,80,81,75,-1,75,81,82,-1,75,82,83,-1,14,84,15,-1,15,84,85,-1,15,85,62,-1,62,85,86,-1,62,86,79,-1,70,87,71,-1,71,87,88,-1,71,88,89,-1,90,91,92,-1,92,91,93,-1,92,93,94,-1,95,83,96,-1,96,83,97,-1,96,97,92,-1,92,97,98,-1,92,98,90,-1,95,99,83,-1,83,99,100,-1,83,100,75,-1,75,100,101,-1,75,101,77,-1,102,103,104,-1,104,103,105,-1,104,105,71,-1,71,105,106,-1,71,106,78,-1,107,108,71,-1,71,108,109,-1,71,109,75,-1,75,109,110,-1,75,110,80,-1,111,112,63,-1,63,112,113,-1,63,113,114,-1,114,115,63,-1,63,115,116,-1,63,116,117,-1,117,116,102,-1,117,102,118,-1,118,102,104,-1,73,119,62,-1,62,119,120,-1,62,120,63,-1,63,120,121,-1,63,121,111,-1,89,122,71,-1,71,122,123,-1,71,123,124,-1,124,125,71,-1,71,125,126,-1,71,126,107,-1,127,128,129,-1,128,130,129,-1,129,130,131,-1,129,131,132,-1,82,129,83,-1,83,129,133,-1,83,133,134,-1,135,136,137,-1,137,136,138,-1,137,138,139,-1,135,137,82,-1,82,137,140,-1,82,140,129,-1,129,140,141,-1,129,141,127,-1,142,143,144,-1,144,143,145,-1,144,145,146,-1,132,131,147,-1,147,131,148,-1,147,148,149,-1,149,148,150,-1,149,150,151,-1,134,152,83,-1,83,152,144,-1,83,144,153,-1,153,144,146,-1,154,6,155,-1,156,154,157,-1,157,158,156,-1,156,158,159,-1,156,159,160,-1,160,159,161,-1,162,163,5,-1,6,8,155,-1,155,8,164,-1,155,164,162,-1,165,166,167,-1,167,166,168,-1,167,168,169,-1,170,171,172,-1,172,171,173,-1,172,173,174,-1,174,173,175,-1,174,175,176,-1,177,178,179,-1,179,178,180,-1,179,180,165,-1,181,182,183,-1,183,182,184,-1,183,184,185,-1,185,184,186,-1,185,186,175,-1,169,168,187,-1,187,168,188,-1,187,188,181,-1,189,190,188,-1,188,190,191,-1,188,191,192,-1,193,194,195,-1,195,194,196,-1,195,196,197,-1,198,199,196,-1,196,199,200,-1,196,200,197,-1,196,201,182,-1,182,201,202,-1,203,204,205,-1,205,204,206,-1,205,206,207,-1,181,188,182,-1,182,188,192,-1,182,192,196,-1,196,192,208,-1,196,208,209,-1,195,210,211,-1,209,212,196,-1,196,212,213,-1,196,213,214,-1,210,195,215,-1,215,195,216,-1,215,216,217,-1,211,218,195,-1,195,218,219,-1,195,219,193,-1,202,220,182,-1,182,220,221,-1,182,221,205,-1,205,221,222,-1,205,222,203,-1,214,223,196,-1,196,223,224,-1,196,224,198,-1,225,226,227,-1,227,226,228,-1,227,228,229,-1,230,231,232,-1,233,234,230,-1,230,234,235,-1,230,235,231,-1,207,236,205,-1,205,236,237,-1,205,237,238,-1,239,240,230,-1,230,240,241,-1,230,241,233,-1,237,242,238,-1,238,242,243,-1,238,243,239,-1,239,243,244,-1,239,244,240,-1,245,246,247,-1,247,246,248,-1,247,248,249,-1,249,248,250,-1,249,250,251,-1,251,250,252,-1,251,252,253,-1,253,252,254,-1,253,254,255,-1,255,254,256,-1,255,256,257,-1,257,256,258,-1,257,258,259,-1,260,261,262,-1,262,261,263,-1,263,261,264,-1,263,264,265,-1,68,57,64,-1,64,57,59,-1,64,59,265,-1,265,59,266,-1,267,268,269,-1,270,271,5,-1,5,271,272,-1,5,272,273,-1,269,274,267,-1,267,274,275,-1,267,275,276,-1,276,277,267,-1,267,277,278,-1,267,278,279,-1,161,159,163,-1,163,159,267,-1,163,267,5,-1,5,267,279,-1,5,279,270,-1,280,281,282,-1,282,281,283,-1,284,285,186,-1,186,285,166,-1,186,166,175,-1,175,166,165,-1,175,165,176,-1,176,165,180,-1,285,286,166,-1,166,286,287,-1,166,287,268,-1,268,287,288,-1,268,288,269,-1,289,290,291,-1,292,293,294,-1,289,291,295,-1,296,297,298,-1,299,300,301,-1,301,300,302,-1,301,302,303,-1,303,302,294,-1,303,294,304,-1,304,294,293,-1,305,296,306,-1,306,296,307,-1,305,308,296,-1,296,308,309,-1,296,309,297,-1,310,311,205,-1,312,313,291,-1,291,313,314,-1,291,314,295,-1,315,205,316,-1,316,205,311,-1,316,311,301,-1,301,311,317,-1,301,317,299,-1,318,319,320,-1,320,319,321,-1,320,321,322,-1,322,321,323,-1,324,325,294,-1,294,325,326,-1,294,326,327,-1,315,328,205,-1,205,328,329,-1,205,329,330,-1,331,332,333,-1,333,332,334,-1,333,334,335,-1,336,337,338,-1,327,339,294,-1,294,339,340,-1,294,340,292,-1,323,341,322,-1,322,341,342,-1,322,342,343,-1,343,342,338,-1,343,338,344,-1,344,338,337,-1,345,261,346,-1,346,261,260,-1,346,260,290,-1,331,318,332,-1,332,318,320,-1,332,320,347,-1,347,320,348,-1,347,348,349,-1,349,348,350,-1,349,350,351,-1,351,350,352,-1,353,354,260,-1,354,352,260,-1,260,352,350,-1,260,350,290,-1,290,350,348,-1,290,348,291,-1,262,259,260,-1,260,259,258,-1,260,258,353,-1,353,258,355,-1,353,355,356,-1,357,358,355,-1,359,360,182,-1,330,336,205,-1,205,336,338,-1,205,338,182,-1,182,338,361,-1,182,361,359,-1,362,363,355,-1,355,363,364,-1,360,365,182,-1,182,365,366,-1,182,366,184,-1,184,366,367,-1,184,367,357,-1,368,369,358,-1,358,369,370,-1,358,370,355,-1,355,370,371,-1,355,371,362,-1,364,372,355,-1,355,372,373,-1,355,373,356,-1,374,375,376,-1,376,375,377,-1,376,377,378,-1,376,379,374,-1,374,379,380,-1,374,380,381,-1,381,382,374,-1,374,382,383,-1,374,383,384,-1,384,383,385,-1,384,385,386,-1,386,385,387,-1,386,387,358,-1,358,387,388,-1,358,388,368,-1,389,390,378,-1,378,390,391,-1,378,391,376,-1,392,393,335,-1,335,393,394,-1,335,394,333,-1,392,395,393,-1,393,395,396,-1,393,396,397,-1,397,396,398,-1,397,399,400,-1,398,401,397,-1,397,401,402,-1,397,402,403,-1,403,404,397,-1,397,404,405,-1,397,405,399,-1,400,406,397,-1,397,406,407,-1,397,407,408,-1,409,410,282,-1,282,410,411,-1,412,413,414,-1,283,284,282,-1,282,284,186,-1,282,186,409,-1,409,186,415,-1,409,415,416,-1,416,415,412,-1,416,412,417,-1,417,412,414,-1,418,419,355,-1,357,355,184,-1,184,355,419,-1,184,419,186,-1,186,419,420,-1,186,420,415,-1,421,422,418,-1,423,424,425,-1,425,424,426,-1,425,426,421,-1,421,418,425,-1,425,418,355,-1,425,355,427,-1,427,355,258,-1,427,258,428,-1,427,429,425,-1,425,429,430,-1,425,430,431,-1,432,433,256,-1,256,433,434,-1,256,434,258,-1,258,434,435,-1,258,435,428,-1,431,436,425,-1,425,436,437,-1,425,437,423,-1,438,439,254,-1,438,254,440,-1,439,441,254,-1,254,441,442,-1,254,442,256,-1,256,442,443,-1,256,443,432,-1,162,5,155,-1,155,5,4,-1,155,4,444,-1,444,445,155,-1,155,445,446,-1,155,446,447,-1,447,446,448,-1,447,448,449,-1,450,451,452,-1,452,451,453,-1,452,453,454,-1,454,453,446,-1,454,446,455,-1,455,446,445,-1,455,445,456,-1,456,445,457,-1,456,457,458,-1,458,457,459,-1,448,460,449,-1,449,460,461,-1,449,461,411,-1,411,461,3,-1,411,3,282,-1,282,3,5,-1,282,5,280,-1,280,5,273,-1,155,462,463,-1,464,465,466,-1,466,465,467,-1,468,469,462,-1,155,470,471,-1,468,462,472,-1,469,473,462,-1,462,473,474,-1,462,474,466,-1,466,474,475,-1,466,475,464,-1,467,476,466,-1,466,476,477,-1,466,477,478,-1,155,471,462,-1,462,471,479,-1,462,479,472,-1,480,481,482,-1,482,481,483,-1,482,483,484,-1,154,155,157,-1,157,155,463,-1,157,463,484,-1,484,463,485,-1,484,485,482,-1,483,466,484,-1,484,466,478,-1,484,478,447,-1,447,478,486,-1,447,486,155,-1,155,486,487,-1,155,487,470,-1,248,484,250,-1,250,484,447,-1,250,447,252,-1,252,447,449,-1,252,449,254,-1,254,449,411,-1,254,411,440,-1,440,411,410,-1,158,488,159,-1,159,488,489,-1,159,489,267,-1,267,489,490,-1,267,490,268,-1,268,490,491,-1,268,491,166,-1,166,491,492,-1,166,492,168,-1,168,492,493,-1,168,493,188,-1,188,493,226,-1,188,226,189,-1,189,226,225,-1,345,307,261,-1,261,307,296,-1,261,296,264,-1,264,296,494,-1,495,496,494,-1,494,496,497,-1,298,310,296,-1,296,310,205,-1,296,205,494,-1,494,205,238,-1,494,238,495,-1,495,238,498,-1,265,264,64,-1,64,264,494,-1,64,494,62,-1,62,494,497,-1,62,497,15,-1,15,497,499,-1,15,499,238,-1,238,499,500,-1,238,500,498,-1,501,502,503,-1,503,502,495,-1,503,495,504,-1,504,495,498,-1,504,498,505,-1,505,498,506,-1,507,508,509,-1,510,511,11,-1,11,511,507,-1,11,507,239,-1,239,507,509,-1,239,509,238,-1,238,509,512,-1,238,512,15,-1,15,512,510,-1,15,510,11,-1,232,229,230,-1,230,229,228,-1,230,228,239,-1,239,228,513,-1,239,513,11,-1,11,513,24,-1,11,24,9,-1,9,24,26,-1,0,2,514,-1,514,2,41,-1,514,41,515,-1,515,41,45,-1,515,45,516,-1,516,45,28,-1,516,28,517,-1,517,28,23,-1,517,23,518,-1,488,519,489,-1,489,519,520,-1,489,520,490,-1,490,520,521,-1,490,521,491,-1,491,521,522,-1,491,522,492,-1,492,522,523,-1,492,523,493,-1,493,523,524,-1,493,524,226,-1,226,524,525,-1,226,525,228,-1,228,525,526,-1,228,526,513,-1,513,526,527,-1,513,527,24,-1,24,527,528,-1,24,528,23,-1,23,528,529,-1,23,529,518,-1,518,529,530,-1,531,266,532,-1,532,266,0,-1,532,0,533,-1,533,0,534,-1,533,534,535,-1,535,536,533,-1,533,536,537,-1,533,537,538,-1,539,540,541,-1,542,543,540,-1,540,543,544,-1,540,544,541,-1,541,545,546,-1,546,547,541,-1,541,547,548,-1,541,548,539,-1,549,550,551,-1,551,550,552,-1,553,554,555,-1,555,554,556,-1,557,558,559,-1,559,558,560,-1,561,562,563,-1,563,562,564,-1,565,566,567,-1,567,566,568,-1,569,570,571,-1,571,570,572,-1,531,532,569,-1,569,532,570,-1,573,574,575,-1,575,574,576,-1,575,576,543,-1,543,576,544,-1,577,578,579,-1,580,581,582,-1,583,584,579,-1,579,584,585,-1,583,586,587,-1,588,589,590,-1,591,592,587,-1,587,592,593,-1,587,593,583,-1,583,593,580,-1,583,580,584,-1,584,580,582,-1,594,595,579,-1,590,594,588,-1,588,594,579,-1,588,579,596,-1,596,579,585,-1,596,585,597,-1,597,585,598,-1,599,600,601,-1,601,577,599,-1,599,577,579,-1,599,579,602,-1,602,579,595,-1,602,595,603,-1,603,595,604,-1,605,606,607,-1,607,606,608,-1,609,610,611,-1,611,610,612,-1,613,614,615,-1,615,614,616,-1,617,618,619,-1,619,618,620,-1,621,622,623,-1,623,622,624,-1,625,246,626,-1,245,627,246,-1,246,627,628,-1,246,628,626,-1,626,629,630,-1,630,631,626,-1,626,631,632,-1,626,632,625,-1,633,634,635,-1,635,634,636,-1,637,638,639,-1,639,638,640,-1,641,642,643,-1,643,642,644,-1,645,646,647,-1,647,646,648,-1,649,650,651,-1,651,650,652,-1,653,654,655,-1,655,654,656,-1,640,599,639,-1,639,599,602,-1,594,642,595,-1,595,642,641,-1,596,646,588,-1,588,646,645,-1,584,650,585,-1,585,650,649,-1,593,654,580,-1,580,654,653,-1,657,638,658,-1,658,638,637,-1,644,659,643,-1,643,659,660,-1,648,661,647,-1,647,661,662,-1,652,663,651,-1,651,663,664,-1,656,665,655,-1,655,665,666,-1,667,668,669,-1,669,668,670,-1,670,578,669,-1,669,578,577,-1,671,668,672,-1,672,668,667,-1,673,560,558,-1,541,544,576,-1,576,574,674,-1,541,576,675,-1,675,576,674,-1,675,674,676,-1,556,554,676,-1,676,554,677,-1,676,677,675,-1,675,677,678,-1,552,550,678,-1,678,550,679,-1,678,679,675,-1,675,679,673,-1,675,673,680,-1,680,673,558,-1,564,562,681,-1,681,562,682,-1,680,681,675,-1,675,681,682,-1,675,682,683,-1,683,682,684,-1,532,533,570,-1,570,533,683,-1,572,570,685,-1,685,570,683,-1,685,683,686,-1,686,683,684,-1,686,684,566,-1,566,684,568,-1,687,688,689,-1,542,540,690,-1,690,540,691,-1,690,691,689,-1,689,691,692,-1,689,692,687,-1,693,687,694,-1,694,687,692,-1,626,628,695,-1,696,697,698,-1,695,699,700,-1,701,702,703,-1,626,695,704,-1,704,695,700,-1,704,700,705,-1,706,707,705,-1,705,707,708,-1,705,708,704,-1,704,708,709,-1,704,710,711,-1,712,704,713,-1,714,715,711,-1,711,715,716,-1,711,716,704,-1,704,716,701,-1,704,701,713,-1,713,701,703,-1,717,718,719,-1,720,721,709,-1,709,721,722,-1,709,722,704,-1,704,722,696,-1,704,696,710,-1,710,696,698,-1,723,724,719,-1,719,724,712,-1,719,712,717,-1,717,712,713,-1,725,688,687,-1,687,693,725,-1,725,693,726,-1,725,726,727,-1,727,728,725,-1,725,728,724,-1,725,724,723,-1,605,657,658,-1,712,622,621,-1,613,664,663,-1,660,659,621,-1,621,659,618,-1,621,618,712,-1,712,618,617,-1,729,730,606,-1,606,730,694,-1,606,694,692,-1,662,661,617,-1,617,661,614,-1,617,614,712,-1,712,614,613,-1,712,613,610,-1,610,613,663,-1,731,732,733,-1,733,732,734,-1,733,734,735,-1,658,622,605,-1,605,622,712,-1,605,712,606,-1,606,712,736,-1,606,736,729,-1,666,665,609,-1,609,665,634,-1,672,606,671,-1,671,606,692,-1,671,692,737,-1,737,692,691,-1,737,691,738,-1,519,739,633,-1,738,740,737,-1,737,740,741,-1,737,741,742,-1,742,743,737,-1,737,743,675,-1,737,675,733,-1,733,675,683,-1,733,683,731,-1,735,744,733,-1,733,744,530,-1,733,530,745,-1,745,530,519,-1,745,519,746,-1,746,519,633,-1,739,747,633,-1,633,747,748,-1,633,748,749,-1,610,609,712,-1,712,609,634,-1,712,634,704,-1,704,634,633,-1,704,633,750,-1,750,633,749,-1,579,578,668,-1,668,578,670,-1,751,752,753,-1,753,752,754,-1,754,752,583,-1,583,752,586,-1,586,752,587,-1,587,752,751,-1,737,579,671,-1,671,579,668,-1,733,583,737,-1,737,583,579,-1,754,745,753,-1,753,745,746,-1,745,754,733,-1,733,754,583,-1,755,756,718,-1,667,669,672,-1,672,669,608,-1,672,608,606,-1,674,574,601,-1,601,574,573,-1,601,573,577,-1,577,573,757,-1,577,757,669,-1,669,757,755,-1,669,755,608,-1,608,755,718,-1,608,718,717,-1,657,605,607,-1,555,556,600,-1,600,556,676,-1,607,713,758,-1,758,713,703,-1,758,703,759,-1,555,600,760,-1,760,600,599,-1,760,599,758,-1,758,599,640,-1,758,640,607,-1,607,640,638,-1,607,638,657,-1,761,762,706,-1,656,654,665,-1,665,654,636,-1,665,636,634,-1,686,566,592,-1,592,566,565,-1,592,565,593,-1,593,565,763,-1,593,763,654,-1,654,763,761,-1,654,761,636,-1,636,761,706,-1,636,706,705,-1,746,633,635,-1,571,572,591,-1,591,572,685,-1,635,700,764,-1,764,700,699,-1,764,699,765,-1,571,591,766,-1,766,591,587,-1,766,587,764,-1,764,587,751,-1,764,751,635,-1,635,751,753,-1,635,753,746,-1,767,768,720,-1,652,650,663,-1,663,650,612,-1,663,612,610,-1,682,562,582,-1,582,562,561,-1,582,561,584,-1,584,561,769,-1,584,769,650,-1,650,769,767,-1,650,767,612,-1,612,767,720,-1,612,720,709,-1,666,609,611,-1,567,568,581,-1,581,568,684,-1,611,708,770,-1,770,708,707,-1,770,707,771,-1,567,581,772,-1,772,581,580,-1,772,580,770,-1,770,580,653,-1,770,653,611,-1,611,653,655,-1,611,655,666,-1,773,774,697,-1,648,646,661,-1,661,646,616,-1,661,616,614,-1,680,558,597,-1,597,558,557,-1,597,557,596,-1,596,557,775,-1,596,775,646,-1,646,775,773,-1,646,773,616,-1,616,773,697,-1,616,697,696,-1,664,613,615,-1,563,564,598,-1,598,564,681,-1,615,722,776,-1,776,722,721,-1,776,721,777,-1,563,598,778,-1,778,598,585,-1,778,585,776,-1,776,585,649,-1,776,649,615,-1,615,649,651,-1,615,651,664,-1,779,780,714,-1,644,642,659,-1,659,642,620,-1,659,620,618,-1,679,550,590,-1,590,550,549,-1,590,549,594,-1,594,549,781,-1,594,781,642,-1,642,781,779,-1,642,779,620,-1,620,779,714,-1,620,714,711,-1,662,617,619,-1,559,560,589,-1,589,560,673,-1,619,710,782,-1,782,710,698,-1,782,698,783,-1,559,589,784,-1,784,589,588,-1,784,588,782,-1,782,588,645,-1,782,645,619,-1,619,645,647,-1,619,647,662,-1,785,786,702,-1,637,639,658,-1,658,639,624,-1,658,624,622,-1,677,554,603,-1,603,554,553,-1,603,553,602,-1,602,553,787,-1,602,787,639,-1,639,787,785,-1,639,785,624,-1,624,785,702,-1,624,702,701,-1,660,621,623,-1,551,552,604,-1,604,552,678,-1,623,716,788,-1,788,716,715,-1,788,715,789,-1,551,604,790,-1,790,604,595,-1,790,595,788,-1,788,595,641,-1,788,641,623,-1,623,641,643,-1,623,643,660,-1,636,705,635,-1,635,705,700,-1,591,685,592,-1,592,685,686,-1,624,701,623,-1,623,701,716,-1,620,711,619,-1,619,711,710,-1,616,696,615,-1,615,696,722,-1,612,709,611,-1,611,709,708,-1,608,717,607,-1,607,717,713,-1,676,674,600,-1,600,674,601,-1,678,677,604,-1,604,677,603,-1,673,679,589,-1,589,679,590,-1,681,680,598,-1,598,680,597,-1,684,682,581,-1,581,682,582,-1,789,715,780,-1,780,715,714,-1,759,703,786,-1,786,703,702,-1,783,698,774,-1,774,698,697,-1,777,721,768,-1,768,721,720,-1,771,707,762,-1,762,707,706,-1,765,699,791,-1,791,699,695,-1,791,695,627,-1,627,695,628,-1,792,719,756,-1,756,719,718,-1,725,723,792,-1,792,723,719,-1,756,755,792,-1,792,755,689,-1,792,689,725,-1,725,689,688,-1,757,573,575,-1,543,542,575,-1,575,542,690,-1,575,690,757,-1,689,755,690,-1,690,755,757,-1,571,766,569,-1,569,766,265,-1,569,265,531,-1,531,265,266,-1,764,765,791,-1,627,245,791,-1,791,245,247,-1,791,247,764,-1,265,766,247,-1,247,766,764,-1,771,762,770,-1,770,762,761,-1,772,763,567,-1,567,763,565,-1,770,761,772,-1,772,761,763,-1,777,768,776,-1,776,768,767,-1,778,769,563,-1,563,769,561,-1,776,767,778,-1,778,767,769,-1,783,774,782,-1,782,774,773,-1,784,775,559,-1,559,775,557,-1,782,773,784,-1,784,773,775,-1,553,555,787,-1,787,555,760,-1,785,758,786,-1,786,758,759,-1,787,760,785,-1,785,760,758,-1,788,779,790,-1,790,779,781,-1,790,781,551,-1,551,781,549,-1,789,780,788,-1,788,780,779,-1,693,694,730,-1,693,730,726,-1,726,730,729,-1,726,729,727,-1,727,729,736,-1,727,736,728,-1,728,736,712,-1,728,712,724,-1,541,675,743,-1,541,743,545,-1,545,743,742,-1,545,742,546,-1,546,742,741,-1,546,741,547,-1,547,741,740,-1,547,740,548,-1,548,740,738,-1,548,738,539,-1,539,738,691,-1,539,691,540,-1,0,530,744,-1,0,744,534,-1,534,744,735,-1,534,735,535,-1,535,735,734,-1,535,734,536,-1,536,734,732,-1,536,732,537,-1,537,732,731,-1,537,731,538,-1,538,731,683,-1,538,683,533,-1,626,704,750,-1,626,750,629,-1,629,750,749,-1,629,749,630,-1,630,749,748,-1,630,748,631,-1,631,748,747,-1,631,747,632,-1,632,747,739,-1,632,739,625,-1,625,739,519,-1,625,519,246,-1,
        ]
    }
}
Shape{
    appearance Appearance {
        material  Material 	{
            diffuseColor 0.0 0.0 0.0
            specularColor 0.0 0.0 0.0
            ambientIntensity 0.2
            transparency 0
            shininess 0.5
        }
    }
    geometry IndexedFaceSet {
        ccw TRUE
        solid FALSE
        coord DEF co Coordinate {
            point [
                1.772 0.0513 -1.1184, 1.772 0.0513 -1.1245, 1.7717 0.0513 -1.1184, 1.7717 0.0513 -1.1245, 1.772 0.03 -1.1184, 1.7717 0.03 -1.1184, 1.772 0.03 -1.0711, 1.7717 0.03 -1.0711, 1.772 0.0231 -1.0711, 1.7717 0.0231 -1.0711, 1.772 0.0231 -1.1245, 1.7717 0.0231 -1.1245, 1.772 0.0786 -1.1254, 1.7717 0.0786 -1.1254, 1.7717 0.0868 -1.1246, 1.772 0.0868 -1.1246, 1.7717 0.0925 -1.1228, 1.772 0.0925 -1.1228, 1.7717 0.0934 -1.1223, 1.772 0.0934 -1.1223, 1.772 0.0934 -1.1157, 1.7717 0.0934 -1.1157, 1.7717 0.0884 -1.118, 1.772 0.0884 -1.118, 1.7717 0.0825 -1.1192, 1.772 0.0825 -1.1192, 1.7717 0.0796 -1.1193, 1.772 0.0796 -1.1193, 1.7717 0.0743 -1.1186, 1.772 0.0743 -1.1186, 1.7717 0.0705 -1.1172, 1.772 0.0705 -1.1172, 1.7717 0.067 -1.1147, 1.772 0.067 -1.1147, 1.7717 0.0659 -1.1137, 1.772 0.0659 -1.1137, 1.7717 0.0632 -1.1098, 1.772 0.0632 -1.1098, 1.7717 0.0615 -1.1055, 1.772 0.0615 -1.1055, 1.7717 0.0607 -1.0989, 1.772 0.0607 -1.0989, 1.7717 0.0607 -1.0984, 1.772 0.0607 -1.0984, 1.7717 0.0613 -1.092, 1.772 0.0613 -1.092, 1.7717 0.063 -1.0872, 1.772 0.063 -1.0872, 1.7717 0.0654 -1.0833, 1.772 0.0654 -1.0833, 1.7717 0.0663 -1.0824, 1.772 0.0663 -1.0824, 1.7717 0.0697 -1.0795, 1.772 0.0697 -1.0795, 1.7717 0.0739 -1.0775, 1.772 0.0739 -1.0775, 1.7717 0.0785 -1.0766, 1.772 0.0785 -1.0766, 1.7717 0.0808 -1.0765, 1.772 0.0808 -1.0765, 1.7717 0.0869 -1.0771, 1.772 0.0869 -1.0771, 1.7717 0.0924 -1.0791, 1.772 0.0924 -1.0791, 1.7717 0.0934 -1.0796, 1.772 0.0934 -1.0796, 1.772 0.0934 -1.0724, 1.7717 0.0934 -1.0724, 1.7717 0.0808 -1.0702, 1.772 0.0808 -1.0702, 1.772 0.0814 -1.0702, 1.7717 0.0883 -1.0709, 1.772 0.0883 -1.0709, 1.7717 0.0862 -1.0707, 1.7717 0.0814 -1.0702, 1.772 0.0742 -1.0709, 1.7717 0.0763 -1.0707, 1.7717 0.0742 -1.0709, 1.7717 0.0685 -1.0728, 1.772 0.0685 -1.0728, 1.7717 0.0631 -1.0763, 1.772 0.0631 -1.0763, 1.7717 0.0612 -1.0781, 1.772 0.0612 -1.0781, 1.7717 0.0576 -1.0827, 1.772 0.0576 -1.0827, 1.7717 0.0558 -1.0865, 1.772 0.0549 -1.0885, 1.7717 0.0549 -1.0885, 1.7717 0.0536 -1.0954, 1.772 0.0536 -1.0954, 1.7717 0.0534 -1.0988, 1.772 0.0534 -1.0988, 1.7717 0.0545 -1.1074, 1.772 0.0545 -1.1074, 1.7717 0.0558 -1.111, 1.772 0.0566 -1.113, 1.7717 0.0566 -1.113, 1.7717 0.0598 -1.1176, 1.772 0.0598 -1.1176, 1.7717 0.0603 -1.1181, 1.772 0.0603 -1.1181, 1.7717 0.0645 -1.1216, 1.772 0.0645 -1.1216, 1.7717 0.0695 -1.124, 1.772 0.0695 -1.124, 1.7717 0.0752 -1.1252, 1.772 0.0752 -1.1252, 1.772 0.1328 -1.1184, 1.772 0.1328 -1.1245, 1.7717 0.1328 -1.1184, 1.7717 0.1328 -1.1245, 1.7717 0.111 -1.1184, 1.772 0.111 -1.1184, 1.7717 0.1254 -1.1184, 1.772 0.111 -1.1005, 1.7717 0.111 -1.1005, 1.7717 0.1301 -1.1005, 1.772 0.1301 -1.1005, 1.7717 0.1254 -1.1005, 1.772 0.1301 -1.0944, 1.7717 0.1301 -1.0944, 1.7717 0.111 -1.0944, 1.772 0.111 -1.0944, 1.7717 0.1254 -1.0944, 1.772 0.111 -1.0773, 1.7717 0.111 -1.0773, 1.7717 0.1316 -1.0773, 1.772 0.1316 -1.0773, 1.7717 0.1254 -1.0773, 1.772 0.1316 -1.0711, 1.7717 0.1316 -1.0711, 1.7717 0.1041 -1.0711, 1.772 0.1041 -1.0711, 1.7717 0.1254 -1.0711, 1.772 0.1041 -1.1245, 1.7717 0.1041 -1.1245, 1.7717 0.1254 -1.1245, 1.772 0.1762 -1.1093, 1.772 0.1734 -1.1129, 1.772 0.1783 -1.117, 1.772 0.1722 -1.1139, 1.772 0.1726 -1.1211, 1.772 0.1687 -1.1162, 1.772 0.1665 -1.1234, 1.772 0.164 -1.1178, 1.772 0.1576 -1.1245, 1.772 0.1575 -1.1184, 1.772 0.1429 -1.1245, 1.772 0.1498 -1.1184, 1.772 0.1429 -1.0711, 1.772 0.1498 -1.0773, 1.772 0.1581 -1.0711, 1.772 0.1578 -1.0773, 1.772 0.1671 -1.0722, 1.772 0.1645 -1.078, 1.772 0.1734 -1.0747, 1.772 0.1691 -1.0796, 1.772 0.1783 -1.0782, 1.772 0.1732 -1.0823, 1.772 0.1807 -1.0806, 1.772 0.175 -1.0841, 1.772 0.1839 -1.0855, 1.772 0.177 -1.0871, 1.772 0.1857 -1.0908, 1.772 0.1784 -1.0912, 1.772 0.1863 -1.0971, 1.772 0.1791 -1.0973, 1.772 0.1861 -1.101, 1.772 0.179 -1.1004, 1.772 0.1848 -1.1072, 1.772 0.178 -1.1053, 1.772 0.182 -1.1127, 1.7717 0.1576 -1.1245, 1.7717 0.1429 -1.1245, 1.7717 0.1783 -1.117, 1.7717 0.1665 -1.1234, 1.7717 0.1673 -1.1231, 1.7717 0.1726 -1.1211, 1.7717 0.182 -1.1127, 1.7717 0.1848 -1.1072, 1.7717 0.1861 -1.101, 1.7717 0.1863 -1.0971, 1.7717 0.1857 -1.0908, 1.7717 0.1839 -1.0855, 1.7717 0.1807 -1.0806, 1.7717 0.1783 -1.0782, 1.7717 0.1734 -1.0747, 1.7717 0.1673 -1.0723, 1.7717 0.1671 -1.0722, 1.7717 0.1581 -1.0711, 1.7717 0.1429 -1.0711, 1.7717 0.1578 -1.0773, 1.7717 0.1498 -1.0773, 1.7717 0.1498 -1.1184, 1.7717 0.1575 -1.1184, 1.7717 0.1734 -1.1129, 1.7717 0.1722 -1.1139, 1.7717 0.1687 -1.1162, 1.7717 0.164 -1.1178, 1.7717 0.1791 -1.0973, 1.7717 0.179 -1.1004, 1.7717 0.178 -1.1053, 1.7717 0.1762 -1.1093, 1.7717 0.1732 -1.0823, 1.7717 0.175 -1.0841, 1.7717 0.177 -1.0871, 1.7717 0.1784 -1.0912, 1.7717 0.1645 -1.078, 1.7717 0.1691 -1.0796, 1.7717 0.1691 -1.0796
            ]
        }
        coordIndex [
            0,1,2,-1,2,1,3,-1,4,0,5,-1,5,0,2,-1,6,4,7,-1,7,4,5,-1,8,6,9,-1,9,6,7,-1,10,8,11,-1,11,8,9,-1,1,10,3,-1,3,10,11,-1,6,8,4,-1,4,8,10,-1,4,10,0,-1,0,10,1,-1,12,13,14,-1,12,14,15,-1,15,14,16,-1,15,16,17,-1,17,16,18,-1,17,18,19,-1,20,19,21,-1,21,19,18,-1,20,21,22,-1,20,22,23,-1,23,22,24,-1,23,24,25,-1,25,24,26,-1,25,26,27,-1,27,26,28,-1,27,28,29,-1,29,28,30,-1,29,30,31,-1,31,30,32,-1,31,32,33,-1,33,32,34,-1,33,34,35,-1,35,34,36,-1,35,36,37,-1,37,36,38,-1,37,38,39,-1,39,38,40,-1,39,40,41,-1,41,40,42,-1,41,42,43,-1,43,42,44,-1,43,44,45,-1,45,44,46,-1,45,46,47,-1,47,46,48,-1,47,48,49,-1,49,48,50,-1,49,50,51,-1,51,50,52,-1,51,52,53,-1,53,52,54,-1,53,54,55,-1,55,54,56,-1,55,56,57,-1,57,56,58,-1,57,58,59,-1,59,58,60,-1,59,60,61,-1,61,60,62,-1,61,62,63,-1,63,62,64,-1,63,64,65,-1,66,65,67,-1,67,65,64,-1,68,69,70,-1,66,67,71,-1,66,71,72,-1,72,71,73,-1,72,73,70,-1,70,73,74,-1,70,74,68,-1,75,69,76,-1,76,69,68,-1,76,77,75,-1,75,77,78,-1,75,78,79,-1,79,78,80,-1,79,80,81,-1,81,80,82,-1,81,82,83,-1,83,82,84,-1,83,84,85,-1,85,84,86,-1,85,86,87,-1,86,88,87,-1,87,88,89,-1,87,89,90,-1,90,89,91,-1,90,91,92,-1,92,91,93,-1,92,93,94,-1,94,93,95,-1,94,95,96,-1,95,97,96,-1,96,97,98,-1,96,98,99,-1,99,98,100,-1,99,100,101,-1,101,100,102,-1,101,102,103,-1,103,102,104,-1,103,104,105,-1,105,104,106,-1,105,106,107,-1,107,106,13,-1,107,13,12,-1,63,65,66,-1,53,55,75,-1,37,39,94,-1,45,47,85,-1,75,55,69,-1,63,66,61,-1,94,39,92,-1,85,47,83,-1,55,57,69,-1,69,57,59,-1,69,59,70,-1,70,59,61,-1,70,61,72,-1,72,61,66,-1,94,96,37,-1,37,96,99,-1,37,99,35,-1,35,99,101,-1,35,101,33,-1,33,101,103,-1,33,103,31,-1,31,103,105,-1,31,105,29,-1,29,105,107,-1,29,107,27,-1,27,107,12,-1,27,12,25,-1,25,12,15,-1,25,15,23,-1,23,15,17,-1,23,17,20,-1,20,17,19,-1,75,79,53,-1,53,79,81,-1,53,81,51,-1,51,81,83,-1,51,83,49,-1,49,83,47,-1,39,41,92,-1,92,41,43,-1,92,43,90,-1,90,43,45,-1,90,45,87,-1,87,45,85,-1,108,109,110,-1,110,109,111,-1,112,113,114,-1,114,113,108,-1,114,108,110,-1,115,113,116,-1,116,113,112,-1,117,118,119,-1,119,118,115,-1,119,115,116,-1,120,118,121,-1,121,118,117,-1,122,123,124,-1,124,123,120,-1,124,120,121,-1,125,123,126,-1,126,123,122,-1,127,128,129,-1,129,128,125,-1,129,125,126,-1,130,128,131,-1,131,128,127,-1,132,133,134,-1,134,133,130,-1,134,130,131,-1,135,133,136,-1,136,133,132,-1,111,109,137,-1,137,109,135,-1,137,135,136,-1,135,109,108,-1,108,113,135,-1,135,113,115,-1,135,115,133,-1,128,130,125,-1,125,130,133,-1,125,133,123,-1,123,133,115,-1,123,115,120,-1,120,115,118,-1,138,139,140,-1,140,139,141,-1,140,141,142,-1,142,141,143,-1,142,143,144,-1,144,143,145,-1,144,145,146,-1,146,145,147,-1,146,147,148,-1,148,147,149,-1,148,149,150,-1,150,149,151,-1,150,151,152,-1,152,151,153,-1,152,153,154,-1,154,153,155,-1,154,155,156,-1,156,155,157,-1,156,157,158,-1,158,157,159,-1,158,159,160,-1,160,159,161,-1,160,161,162,-1,162,161,163,-1,162,163,164,-1,164,163,165,-1,164,165,166,-1,166,165,167,-1,166,167,168,-1,168,167,169,-1,168,169,170,-1,170,169,171,-1,170,171,172,-1,172,171,138,-1,172,138,140,-1,146,148,173,-1,173,148,174,-1,175,140,142,-1,146,173,176,-1,146,176,144,-1,144,176,177,-1,144,177,142,-1,142,177,178,-1,142,178,175,-1,140,175,179,-1,140,179,172,-1,172,179,180,-1,172,180,170,-1,170,180,181,-1,170,181,168,-1,168,181,182,-1,168,182,166,-1,166,182,183,-1,166,183,164,-1,164,183,184,-1,164,184,162,-1,162,184,185,-1,162,185,160,-1,160,185,186,-1,160,186,158,-1,158,186,187,-1,188,154,187,-1,187,154,156,-1,187,156,158,-1,188,189,154,-1,154,189,190,-1,154,190,152,-1,150,152,191,-1,191,152,190,-1,148,150,174,-1,174,150,191,-1,153,151,192,-1,192,151,193,-1,151,149,193,-1,193,149,194,-1,149,147,194,-1,194,147,195,-1,139,196,197,-1,139,197,141,-1,141,197,198,-1,141,198,143,-1,143,198,199,-1,143,199,145,-1,145,199,195,-1,145,195,147,-1,167,200,201,-1,167,201,169,-1,169,201,202,-1,169,202,171,-1,171,202,203,-1,171,203,138,-1,138,203,196,-1,138,196,139,-1,159,204,205,-1,159,205,161,-1,161,205,206,-1,161,206,163,-1,163,206,207,-1,163,207,165,-1,165,207,200,-1,165,200,167,-1,153,192,208,-1,153,208,155,-1,155,208,209,-1,155,209,157,-1,157,209,204,-1,157,204,159,-1,
        ]
    }
}
Shape{
    appearance Appearance {
        material  Material 	{
            diffuseColor 1.0 1.0 1.0
            specularColor 0.5019607843137255 0.5019607843137255 0.5019607843137255
            ambientIntensity 0.2
            transparency 0
            shininess 0.5
        }
    }
    geometry IndexedFaceSet {
        ccw TRUE
        solid FALSE
        coord DEF co Coordinate {
            point [
                1.7717 0.1498 -1.0773, 1.7717 0.1498 -1.1184, 1.7717 0.1578 -1.0773, 1.7717 0.1575 -1.1184, 1.7717 0.164 -1.1178, 1.7717 0.1687 -1.1162, 1.7717 0.1722 -1.1139, 1.7717 0.1734 -1.1129, 1.7717 0.1762 -1.1093, 1.7717 0.178 -1.1053, 1.7717 0.179 -1.1004, 1.7717 0.1791 -1.0973, 1.7717 0.1784 -1.0912, 1.7717 0.177 -1.0871, 1.7717 0.175 -1.0841, 1.7717 0.1732 -1.0823, 1.7717 0.1645 -1.078, 1.7717 0.1691 -1.0796, 1.7717 0.1691 -1.0796
            ]
        }
        coordIndex [
            0,1,2,-1,2,1,3,-1,2,3,4,-1,4,5,2,-1,2,5,6,-1,2,6,7,-1,7,8,2,-1,2,8,9,-1,2,9,10,-1,10,11,2,-1,2,11,12,-1,2,12,13,-1,13,14,2,-1,2,14,15,-1,2,15,16,-1,16,15,17,-1,
        ]
    }
}
Shape{
    appearance Appearance {
        material  Material 	{
            diffuseColor 0.0 0.0 0.0
            specularColor 0.0 0.0 0.0
            ambientIntensity 0.2
            transparency 0
            shininess 0.5
        }
    }
    geometry IndexedFaceSet {
        ccw TRUE
        solid FALSE
        coord DEF co Coordinate {
            point [
                1.772 0.2042 -1.1039, 1.772 0.2021 -1.1099, 1.772 0.2222 -1.1039, 1.772 0.2243 -1.1099, 1.772 0.2122 -1.0817, 1.772 0.2096 -1.0711, 1.772 0.1893 -1.1245, 1.772 0.1969 -1.1245, 1.772 0.2127 -1.0801, 1.772 0.2131 -1.078, 1.772 0.217 -1.0711, 1.772 0.2133 -1.078, 1.772 0.2137 -1.0802, 1.772 0.2141 -1.0817, 1.772 0.2373 -1.1245, 1.772 0.2297 -1.1245, 1.7717 0.217 -1.0711, 1.7717 0.2373 -1.1245, 1.7717 0.2096 -1.0711, 1.7717 0.1893 -1.1245, 1.7717 0.2047 -1.0841, 1.7717 0.1969 -1.1245, 1.7717 0.2021 -1.1099, 1.7717 0.2243 -1.1099, 1.7717 0.2047 -1.1099, 1.7717 0.2297 -1.1245, 1.7717 0.2042 -1.1039, 1.7717 0.2222 -1.1039, 1.7717 0.2141 -1.0817, 1.7717 0.2133 -1.078, 1.7717 0.2137 -1.0802, 1.7717 0.2131 -1.078, 1.7717 0.2122 -1.0817, 1.7717 0.2127 -1.0801, 1.7717 0.2127 -1.0801
            ]
        }
        coordIndex [
            0,1,2,-1,2,1,3,-1,4,5,0,-1,0,5,6,-1,0,6,1,-1,1,6,7,-1,4,8,5,-1,5,8,9,-1,5,9,10,-1,10,9,11,-1,10,11,12,-1,12,13,10,-1,10,13,2,-1,10,2,14,-1,14,2,3,-1,14,3,15,-1,10,14,16,-1,16,14,17,-1,5,10,18,-1,18,10,16,-1,19,6,20,-1,20,6,5,-1,20,5,18,-1,7,6,21,-1,21,6,19,-1,1,7,22,-1,22,7,21,-1,23,3,24,-1,24,3,1,-1,24,1,22,-1,15,3,25,-1,25,3,23,-1,14,15,17,-1,17,15,25,-1,0,2,26,-1,26,2,27,-1,2,13,27,-1,27,13,28,-1,11,29,30,-1,11,30,12,-1,12,30,28,-1,12,28,13,-1,11,9,29,-1,29,9,31,-1,4,32,33,-1,4,33,8,-1,8,33,31,-1,8,31,9,-1,4,0,32,-1,32,0,26,-1,
        ]
    }
}
Shape{
    appearance Appearance {
        material  Material 	{
            diffuseColor 1.0 1.0 1.0
            specularColor 0.5019607843137255 0.5019607843137255 0.5019607843137255
            ambientIntensity 0.2
            transparency 0
            shininess 0.5
        }
    }
    geometry IndexedFaceSet {
        ccw TRUE
        solid FALSE
        coord DEF co Coordinate {
            point [
                1.7717 0.2133 -1.078, 1.7717 0.2131 -1.078, 1.7717 0.2137 -1.0802, 1.7717 0.2127 -1.0801, 1.7717 0.2141 -1.0817, 1.7717 0.2122 -1.0817, 1.7717 0.2222 -1.1039, 1.7717 0.2042 -1.1039, 1.7717 0.2042 -1.1039
            ]
        }
        coordIndex [
            0,1,2,-1,2,1,3,-1,2,3,4,-1,4,3,5,-1,4,5,6,-1,6,5,7,-1,
        ]
    }
}
Shape{
    appearance Appearance {
        material  Material 	{
            diffuseColor 0.0 0.0 0.0
            specularColor 0.0 0.0 0.0
            ambientIntensity 0.2
            transparency 0
            shininess 0.5
        }
    }
    geometry IndexedFaceSet {
        ccw TRUE
        solid FALSE
        coord DEF co Coordinate {
            point [
                1.772 0.0518 -1.2031, 1.772 0.0518 -1.2092, 1.7717 0.0518 -1.2031, 1.7717 0.0518 -1.2092, 1.772 0.03 -1.2031, 1.7717 0.03 -1.2031, 1.772 0.03 -1.1852, 1.7717 0.03 -1.1852, 1.772 0.0491 -1.1852, 1.7717 0.0491 -1.1852, 1.772 0.0491 -1.179, 1.7717 0.0491 -1.179, 1.772 0.03 -1.179, 1.7717 0.03 -1.179, 1.772 0.03 -1.162, 1.7717 0.03 -1.162, 1.772 0.0506 -1.162, 1.7717 0.0506 -1.162, 1.772 0.0506 -1.1558, 1.7717 0.0506 -1.1558, 1.772 0.0231 -1.1558, 1.7717 0.0231 -1.1558, 1.772 0.0231 -1.2092, 1.7717 0.0231 -1.2092, 1.772 0.082 -1.2033, 1.772 0.0822 -1.2033, 1.772 0.0817 -1.1971, 1.772 0.0822 -1.1942, 1.772 0.0889 -1.1847, 1.772 0.0822 -1.1937, 1.772 0.0822 -1.1901, 1.772 0.0822 -1.2092, 1.772 0.0889 -1.2092, 1.772 0.0797 -1.1707, 1.772 0.0783 -1.1764, 1.772 0.0824 -1.1716, 1.772 0.0794 -1.1772, 1.772 0.0654 -1.188, 1.772 0.0677 -1.1929, 1.772 0.0693 -1.1921, 1.772 0.0808 -1.1995, 1.772 0.0793 -1.2015, 1.772 0.0809 -1.2049, 1.772 0.0785 -1.2023, 1.772 0.0788 -1.2072, 1.772 0.0766 -1.2036, 1.772 0.0765 -1.2087, 1.772 0.0745 -1.2043, 1.772 0.0738 -1.2097, 1.772 0.072 -1.2046, 1.772 0.0703 -1.2101, 1.772 0.0698 -1.2044, 1.772 0.0663 -1.2096, 1.772 0.0683 -1.2038, 1.772 0.0637 -1.2087, 1.772 0.0669 -1.2029, 1.772 0.0615 -1.2071, 1.772 0.0664 -1.2023, 1.772 0.0619 -1.1737, 1.772 0.0619 -1.1802, 1.772 0.0639 -1.1727, 1.772 0.0665 -1.1773, 1.772 0.069 -1.1709, 1.772 0.0707 -1.176, 1.772 0.0751 -1.1702, 1.772 0.0744 -1.1756, 1.772 0.0767 -1.1759, 1.772 0.0709 -1.1865, 1.772 0.0732 -1.1913, 1.772 0.0822 -1.185, 1.772 0.0819 -1.182, 1.772 0.0882 -1.179, 1.772 0.0812 -1.1796, 1.772 0.0871 -1.1762, 1.772 0.0805 -1.1782, 1.772 0.0857 -1.1741, 1.772 0.0845 -1.173, 1.772 0.0668 -1.1936, 1.772 0.0627 -1.1895, 1.772 0.066 -1.1946, 1.772 0.0607 -1.1913, 1.772 0.0654 -1.1958, 1.772 0.0593 -1.1934, 1.772 0.0651 -1.1974, 1.772 0.0585 -1.1959, 1.772 0.065 -1.1984, 1.772 0.0582 -1.199, 1.772 0.0652 -1.2, 1.772 0.0586 -1.202, 1.772 0.0656 -1.2012, 1.772 0.0594 -1.2043, 1.772 0.0607 -1.2063, 1.7717 0.0751 -1.1702, 1.7717 0.069 -1.1709, 1.7717 0.0639 -1.1727, 1.7717 0.0619 -1.1737, 1.7717 0.0619 -1.1802, 1.7717 0.0665 -1.1773, 1.7717 0.0707 -1.176, 1.7717 0.0744 -1.1756, 1.7717 0.0767 -1.1759, 1.7717 0.0783 -1.1764, 1.7717 0.0794 -1.1772, 1.7717 0.0805 -1.1782, 1.7717 0.0812 -1.1796, 1.7717 0.0819 -1.182, 1.7717 0.0822 -1.185, 1.7717 0.0709 -1.1865, 1.7717 0.0654 -1.188, 1.7717 0.0627 -1.1895, 1.7717 0.0607 -1.1913, 1.7717 0.0593 -1.1934, 1.7717 0.0585 -1.1959, 1.7717 0.0582 -1.199, 1.7717 0.0586 -1.202, 1.7717 0.0594 -1.2043, 1.7717 0.0607 -1.2063, 1.7717 0.0615 -1.2071, 1.7717 0.0703 -1.2101, 1.7717 0.0664 -1.2096, 1.7717 0.0663 -1.2096, 1.7717 0.0637 -1.2087, 1.7717 0.0738 -1.2097, 1.7717 0.0739 -1.2096, 1.7717 0.0765 -1.2087, 1.7717 0.0788 -1.2072, 1.7717 0.0809 -1.2049, 1.7717 0.082 -1.2033, 1.7717 0.0822 -1.2033, 1.7717 0.0822 -1.2092, 1.7717 0.0889 -1.2092, 1.7717 0.0889 -1.1847, 1.7717 0.0882 -1.179, 1.7717 0.0871 -1.1762, 1.7717 0.0857 -1.1741, 1.7717 0.0845 -1.173, 1.7717 0.0824 -1.1716, 1.7717 0.0797 -1.1707, 1.7717 0.0668 -1.1936, 1.7717 0.0677 -1.1929, 1.7717 0.0693 -1.1921, 1.7717 0.0732 -1.1913, 1.7717 0.065 -1.1984, 1.7717 0.0651 -1.1974, 1.7717 0.0654 -1.1958, 1.7717 0.066 -1.1946, 1.7717 0.0669 -1.2029, 1.7717 0.0664 -1.2023, 1.7717 0.0656 -1.2012, 1.7717 0.0652 -1.2, 1.7717 0.072 -1.2046, 1.7717 0.0698 -1.2044, 1.7717 0.0683 -1.2038, 1.7717 0.0793 -1.2015, 1.7717 0.0785 -1.2023, 1.7717 0.0766 -1.2036, 1.7717 0.0745 -1.2043, 1.7717 0.0822 -1.1937, 1.7717 0.0822 -1.1942, 1.7717 0.0817 -1.1971, 1.7717 0.0808 -1.1995, 1.7717 0.0822 -1.1901, 1.7717 0.0822 -1.1901
            ]
        }
        coordIndex [
            0,1,2,-1,2,1,3,-1,4,0,5,-1,5,0,2,-1,6,4,7,-1,7,4,5,-1,8,6,9,-1,9,6,7,-1,10,8,11,-1,11,8,9,-1,12,10,13,-1,13,10,11,-1,14,12,15,-1,15,12,13,-1,16,14,17,-1,17,14,15,-1,18,16,19,-1,19,16,17,-1,20,18,21,-1,21,18,19,-1,22,20,23,-1,23,20,21,-1,1,22,3,-1,3,22,23,-1,16,18,14,-1,14,18,20,-1,14,20,12,-1,1,0,22,-1,22,0,4,-1,22,4,6,-1,8,10,6,-1,6,10,12,-1,6,12,22,-1,22,12,20,-1,24,25,26,-1,27,28,29,-1,29,28,30,-1,31,32,25,-1,25,32,28,-1,25,28,26,-1,26,28,27,-1,33,34,35,-1,35,34,36,-1,37,38,39,-1,26,40,24,-1,24,40,41,-1,24,41,42,-1,42,41,43,-1,42,43,44,-1,44,43,45,-1,44,45,46,-1,46,45,47,-1,46,47,48,-1,48,47,49,-1,48,49,50,-1,50,49,51,-1,50,51,52,-1,52,51,53,-1,52,53,54,-1,54,53,55,-1,54,55,56,-1,56,55,57,-1,58,59,60,-1,60,59,61,-1,60,61,62,-1,62,61,63,-1,62,63,64,-1,64,63,65,-1,64,65,33,-1,33,65,66,-1,33,66,34,-1,37,39,67,-1,67,39,68,-1,67,68,69,-1,68,30,69,-1,69,30,28,-1,69,28,70,-1,70,28,71,-1,70,71,72,-1,72,71,73,-1,72,73,74,-1,74,73,75,-1,74,75,36,-1,36,75,76,-1,36,76,35,-1,38,37,77,-1,77,37,78,-1,77,78,79,-1,79,78,80,-1,79,80,81,-1,81,80,82,-1,81,82,83,-1,83,82,84,-1,83,84,85,-1,85,84,86,-1,85,86,87,-1,87,86,88,-1,87,88,89,-1,89,88,90,-1,89,90,57,-1,57,90,91,-1,57,91,56,-1,64,92,93,-1,64,93,62,-1,62,93,94,-1,62,94,60,-1,60,94,95,-1,60,95,58,-1,59,58,96,-1,96,58,95,-1,59,96,97,-1,59,97,61,-1,61,97,98,-1,61,98,63,-1,63,98,99,-1,63,99,65,-1,65,99,100,-1,65,100,66,-1,66,100,101,-1,66,101,34,-1,34,101,102,-1,34,102,36,-1,36,102,103,-1,36,103,74,-1,74,103,104,-1,74,104,72,-1,72,104,105,-1,72,105,70,-1,70,105,106,-1,70,106,69,-1,67,69,107,-1,107,69,106,-1,67,107,108,-1,67,108,37,-1,37,108,109,-1,37,109,78,-1,78,109,110,-1,78,110,80,-1,80,110,111,-1,80,111,82,-1,82,111,112,-1,82,112,84,-1,84,112,113,-1,84,113,86,-1,86,113,114,-1,86,114,88,-1,88,114,115,-1,88,115,90,-1,90,115,116,-1,90,116,91,-1,91,116,117,-1,91,117,56,-1,118,50,119,-1,119,50,52,-1,119,52,120,-1,120,52,54,-1,120,54,121,-1,121,54,56,-1,121,56,117,-1,50,118,122,-1,50,122,48,-1,48,122,123,-1,48,123,46,-1,123,124,46,-1,46,124,125,-1,46,125,44,-1,44,125,126,-1,44,126,42,-1,42,126,127,-1,42,127,24,-1,25,24,128,-1,128,24,127,-1,31,25,129,-1,129,25,128,-1,32,31,130,-1,130,31,129,-1,28,32,131,-1,131,32,130,-1,28,131,132,-1,28,132,71,-1,71,132,133,-1,71,133,73,-1,73,133,134,-1,73,134,75,-1,75,134,135,-1,75,135,76,-1,76,135,136,-1,76,136,35,-1,35,136,137,-1,35,137,33,-1,33,137,92,-1,33,92,64,-1,77,138,139,-1,77,139,38,-1,38,139,140,-1,38,140,39,-1,39,140,141,-1,39,141,68,-1,85,142,143,-1,85,143,83,-1,83,143,144,-1,83,144,81,-1,81,144,145,-1,81,145,79,-1,79,145,138,-1,79,138,77,-1,55,146,147,-1,55,147,57,-1,57,147,148,-1,57,148,89,-1,89,148,149,-1,89,149,87,-1,87,149,142,-1,87,142,85,-1,49,150,151,-1,49,151,51,-1,51,151,152,-1,51,152,53,-1,53,152,146,-1,53,146,55,-1,41,153,154,-1,41,154,43,-1,43,154,155,-1,43,155,45,-1,45,155,156,-1,45,156,47,-1,47,156,150,-1,47,150,49,-1,29,157,158,-1,29,158,27,-1,27,158,159,-1,27,159,26,-1,26,159,160,-1,26,160,40,-1,40,160,153,-1,40,153,41,-1,29,30,157,-1,157,30,161,-1,30,68,161,-1,161,68,141,-1,
        ]
    }
}
Shape{
    appearance Appearance {
        material  Material 	{
            diffuseColor 1.0 1.0 1.0
            specularColor 0.5019607843137255 0.5019607843137255 0.5019607843137255
            ambientIntensity 0.2
            transparency 0
            shininess 0.5
        }
    }
    geometry IndexedFaceSet {
        ccw TRUE
        solid FALSE
        coord DEF co Coordinate {
            point [
                1.7717 0.0822 -1.1901, 1.7717 0.0732 -1.1913, 1.7717 0.0822 -1.1937, 1.7717 0.0693 -1.1921, 1.7717 0.0677 -1.1929, 1.7717 0.0668 -1.1936, 1.7717 0.0822 -1.1942, 1.7717 0.0817 -1.1971, 1.7717 0.066 -1.1946, 1.7717 0.0808 -1.1995, 1.7717 0.0664 -1.2023, 1.7717 0.0669 -1.2029, 1.7717 0.0785 -1.2023, 1.7717 0.0656 -1.2012, 1.7717 0.0766 -1.2036, 1.7717 0.0745 -1.2043, 1.7717 0.072 -1.2046, 1.7717 0.0654 -1.1958, 1.7717 0.0651 -1.1974, 1.7717 0.0793 -1.2015, 1.7717 0.065 -1.1984, 1.7717 0.0652 -1.2, 1.7717 0.0683 -1.2038, 1.7717 0.0698 -1.2044, 1.7717 0.0698 -1.2044
            ]
        }
        coordIndex [
            0,1,2,-1,2,1,3,-1,3,4,2,-1,2,4,5,-1,2,5,6,-1,6,5,7,-1,7,5,8,-1,7,8,9,-1,10,11,12,-1,10,12,13,-1,14,12,15,-1,15,12,16,-1,8,17,9,-1,9,17,18,-1,9,18,19,-1,19,18,20,-1,19,20,12,-1,12,20,21,-1,12,21,13,-1,11,22,12,-1,12,22,23,-1,12,23,16,-1,
        ]
    }
}
Shape{
    appearance Appearance {
        material  Material 	{
            diffuseColor 0.0 0.0 0.0
            specularColor 0.0 0.0 0.0
            ambientIntensity 0.2
            transparency 0
            shininess 0.5
        }
    }
    geometry IndexedFaceSet {
        ccw TRUE
        solid FALSE
        coord DEF co Coordinate {
            point [
                1.772 0.1089 -1.2046, 1.7717 0.1089 -1.2046, 1.7717 0.1047 -1.2041, 1.7717 0.101 -1.2027, 1.772 0.1005 -1.2026, 1.772 0.1047 -1.2041, 1.7717 0.1005 -1.2026, 1.7717 0.0979 -1.201, 1.772 0.0979 -1.201, 1.772 0.0979 -1.2079, 1.7717 0.0979 -1.2079, 1.772 0.1027 -1.2095, 1.7717 0.101 -1.2089, 1.7717 0.1083 -1.2101, 1.772 0.1083 -1.2101, 1.7717 0.1039 -1.2096, 1.7717 0.1027 -1.2095, 1.772 0.1141 -1.2094, 1.7717 0.1122 -1.2096, 1.7717 0.1141 -1.2094, 1.7717 0.1176 -1.2081, 1.772 0.1176 -1.2081, 1.7717 0.1194 -1.2071, 1.772 0.1194 -1.2071, 1.7717 0.1213 -1.2054, 1.772 0.1213 -1.2054, 1.7717 0.1225 -1.2036, 1.772 0.1225 -1.2036, 1.7717 0.1233 -1.2015, 1.772 0.1233 -1.2015, 1.7717 0.1237 -1.1988, 1.772 0.1237 -1.1988, 1.7717 0.1234 -1.1963, 1.772 0.1234 -1.1963, 1.7717 0.1227 -1.1944, 1.772 0.1227 -1.1944, 1.7717 0.1214 -1.1925, 1.772 0.1214 -1.1925, 1.7717 0.1198 -1.1911, 1.772 0.1198 -1.1911, 1.7717 0.1154 -1.1886, 1.772 0.1154 -1.1886, 1.7717 0.1128 -1.1876, 1.772 0.1128 -1.1876, 1.7717 0.1087 -1.1858, 1.772 0.1087 -1.1858, 1.7717 0.1063 -1.1843, 1.772 0.1063 -1.1843, 1.7717 0.1057 -1.1836, 1.772 0.1057 -1.1836, 1.7717 0.1052 -1.1827, 1.772 0.1052 -1.1827, 1.7717 0.1049 -1.1816, 1.772 0.1049 -1.1816, 1.7717 0.1048 -1.1808, 1.772 0.1048 -1.1808, 1.7717 0.105 -1.1797, 1.772 0.105 -1.1797, 1.7717 0.1053 -1.1788, 1.772 0.1053 -1.1788, 1.7717 0.1059 -1.1779, 1.772 0.1059 -1.1779, 1.7717 0.1069 -1.177, 1.772 0.1069 -1.177, 1.7717 0.1084 -1.1762, 1.772 0.1084 -1.1762, 1.7717 0.1102 -1.1758, 1.772 0.1102 -1.1758, 1.7717 0.1121 -1.1756, 1.772 0.1121 -1.1756, 1.7717 0.1165 -1.1761, 1.772 0.1165 -1.1761, 1.7717 0.1203 -1.1775, 1.772 0.1203 -1.1775, 1.7717 0.1218 -1.1784, 1.772 0.1218 -1.1784, 1.772 0.1218 -1.1719, 1.7717 0.1218 -1.1719, 1.7717 0.1168 -1.1705, 1.772 0.1168 -1.1705, 1.7717 0.1128 -1.1702, 1.772 0.1128 -1.1702, 1.7717 0.1074 -1.1708, 1.772 0.1074 -1.1708, 1.7717 0.1039 -1.1722, 1.772 0.1039 -1.1722, 1.7717 0.1022 -1.1732, 1.772 0.1022 -1.1732, 1.772 0.1003 -1.175, 1.7717 0.101 -1.1743, 1.7717 0.1003 -1.175, 1.7717 0.099 -1.1768, 1.772 0.099 -1.1768, 1.7717 0.0982 -1.179, 1.772 0.0982 -1.179, 1.7717 0.098 -1.1814, 1.772 0.098 -1.1814, 1.7717 0.0982 -1.184, 1.772 0.0982 -1.184, 1.7717 0.099 -1.186, 1.772 0.099 -1.186, 1.7717 0.0999 -1.1874, 1.772 0.0999 -1.1874, 1.7717 0.1081 -1.1924, 1.772 0.1081 -1.1924, 1.772 0.1041 -1.1906, 1.7717 0.1009 -1.1885, 1.772 0.1009 -1.1885, 1.7717 0.101 -1.1886, 1.7717 0.1041 -1.1906, 1.7717 0.1125 -1.1943, 1.772 0.1125 -1.1943, 1.7717 0.1151 -1.1958, 1.772 0.1151 -1.1958, 1.7717 0.1159 -1.1967, 1.772 0.1159 -1.1967, 1.7717 0.1164 -1.1976, 1.772 0.1164 -1.1976, 1.7717 0.1167 -1.1986, 1.772 0.1167 -1.1986, 1.7717 0.1168 -1.1995, 1.772 0.1168 -1.1995, 1.7717 0.1167 -1.2008, 1.772 0.1167 -1.2008, 1.7717 0.1163 -1.2017, 1.772 0.1163 -1.2017, 1.7717 0.1157 -1.2026, 1.772 0.1157 -1.2026, 1.7717 0.115 -1.2032, 1.772 0.115 -1.2032, 1.7717 0.1144 -1.2036, 1.772 0.1144 -1.2036, 1.7717 0.1126 -1.2043, 1.772 0.1126 -1.2043, 1.7717 0.1092 -1.2046, 1.772 0.1092 -1.2046, 1.772 0.1568 -1.1711, 1.772 0.1637 -1.1711, 1.7717 0.1568 -1.1711, 1.7717 0.1637 -1.1711, 1.772 0.1464 -1.1998, 1.7717 0.1464 -1.1998, 1.7717 0.1459 -1.2016, 1.772 0.1459 -1.2016, 1.7717 0.1456 -1.2029, 1.772 0.1456 -1.2029, 1.772 0.1454 -1.2029, 1.7717 0.1454 -1.2029, 1.772 0.1446 -1.1997, 1.7717 0.1446 -1.1997, 1.7717 0.1346 -1.1711, 1.772 0.1346 -1.1711, 1.7717 0.1378 -1.1804, 1.772 0.1271 -1.1711, 1.7717 0.1271 -1.1711, 1.7717 0.1421 -1.2091, 1.772 0.1421 -1.2091, 1.7717 0.1378 -1.1983, 1.7717 0.1392 -1.216, 1.772 0.1392 -1.216, 1.7717 0.1419 -1.2096, 1.7717 0.1379 -1.2184, 1.772 0.1379 -1.2184, 1.7717 0.1378 -1.2185, 1.772 0.1366 -1.2198, 1.7717 0.1366 -1.2198, 1.7717 0.1354 -1.2207, 1.772 0.1354 -1.2207, 1.7717 0.1339 -1.2212, 1.772 0.1339 -1.2212, 1.7717 0.1323 -1.2214, 1.772 0.1323 -1.2214, 1.7717 0.1299 -1.2211, 1.772 0.1299 -1.2211, 1.7717 0.1285 -1.2207, 1.772 0.1285 -1.2207, 1.772 0.1285 -1.2266, 1.7717 0.1285 -1.2266, 1.7717 0.1314 -1.2271, 1.772 0.1314 -1.2271, 1.7717 0.1328 -1.2272, 1.772 0.1328 -1.2272, 1.7717 0.1355 -1.2268, 1.7717 0.1378 -1.226, 1.772 0.1382 -1.2258, 1.772 0.1355 -1.2268, 1.7717 0.1382 -1.2258, 1.7717 0.1405 -1.2242, 1.772 0.1405 -1.2242, 1.7717 0.141 -1.2238, 1.772 0.141 -1.2238, 1.7717 0.1434 -1.2208, 1.772 0.1434 -1.2208, 1.7717 0.1464 -1.215, 1.772 0.1464 -1.215, 1.7717 0.1485 -1.2096, 1.772 0.1997 -1.2031, 1.772 0.1997 -1.2092, 1.7717 0.1997 -1.2031, 1.7717 0.1997 -1.2092, 1.7717 0.1778 -1.2031, 1.772 0.1778 -1.2031, 1.7717 0.1878 -1.2031, 1.772 0.1778 -1.1852, 1.7717 0.1778 -1.1852, 1.7717 0.1969 -1.1852, 1.772 0.1969 -1.1852, 1.7717 0.1878 -1.1852, 1.772 0.1969 -1.179, 1.7717 0.1969 -1.179, 1.7717 0.1778 -1.179, 1.772 0.1778 -1.179, 1.7717 0.1878 -1.179, 1.772 0.1778 -1.162, 1.7717 0.1778 -1.162, 1.7717 0.1984 -1.162, 1.772 0.1984 -1.162, 1.7717 0.1878 -1.162, 1.772 0.1984 -1.1558, 1.7717 0.1984 -1.1558, 1.7717 0.1709 -1.1558, 1.772 0.1709 -1.1558, 1.7717 0.1878 -1.1558, 1.772 0.1709 -1.2092, 1.7717 0.1709 -1.2092, 1.7717 0.1878 -1.2092, 1.772 0.243 -1.194, 1.772 0.2402 -1.1975, 1.772 0.2451 -1.2017, 1.772 0.2391 -1.1986, 1.772 0.2395 -1.2058, 1.772 0.2355 -1.2009, 1.772 0.2334 -1.2081, 1.772 0.2309 -1.2024, 1.772 0.2244 -1.2092, 1.772 0.2244 -1.2031, 1.772 0.2097 -1.2092, 1.772 0.2166 -1.2031, 1.772 0.2097 -1.1558, 1.772 0.2166 -1.162, 1.772 0.225 -1.1558, 1.772 0.2247 -1.162, 1.772 0.2339 -1.1569, 1.772 0.2313 -1.1627, 1.772 0.2402 -1.1594, 1.772 0.236 -1.1643, 1.772 0.2451 -1.1629, 1.772 0.2401 -1.167, 1.772 0.2476 -1.1653, 1.772 0.2419 -1.1688, 1.772 0.2507 -1.1702, 1.772 0.2439 -1.1718, 1.772 0.2525 -1.1754, 1.772 0.2453 -1.1759, 1.772 0.2532 -1.1818, 1.772 0.246 -1.182, 1.772 0.253 -1.1857, 1.772 0.2458 -1.185, 1.772 0.2516 -1.1919, 1.772 0.2448 -1.19, 1.772 0.2489 -1.1974, 1.7717 0.2244 -1.2092, 1.7717 0.2097 -1.2092, 1.7717 0.2334 -1.2081, 1.7717 0.2395 -1.2058, 1.7717 0.2451 -1.2017, 1.7717 0.2489 -1.1974, 1.7717 0.2516 -1.1919, 1.7717 0.253 -1.1857, 1.7717 0.2532 -1.1818, 1.7717 0.2525 -1.1754, 1.7717 0.2507 -1.1702, 1.7717 0.2476 -1.1653, 1.7717 0.2451 -1.1629, 1.7717 0.2402 -1.1594, 1.7717 0.2339 -1.1569, 1.7717 0.225 -1.1558, 1.7717 0.2097 -1.1558, 1.7717 0.2247 -1.162, 1.7717 0.2166 -1.162, 1.7717 0.2166 -1.2031, 1.7717 0.2244 -1.2031, 1.7717 0.2402 -1.1975, 1.7717 0.2391 -1.1986, 1.7717 0.2355 -1.2009, 1.7717 0.2309 -1.2024, 1.7717 0.246 -1.182, 1.7717 0.2458 -1.185, 1.7717 0.2448 -1.19, 1.7717 0.243 -1.194, 1.7717 0.2401 -1.167, 1.7717 0.2419 -1.1688, 1.7717 0.2439 -1.1718, 1.7717 0.2453 -1.1759, 1.7717 0.2313 -1.1627, 1.7717 0.236 -1.1643, 1.7717 0.236 -1.1643
            ]
        }
        coordIndex [
            0,1,2,-1,3,4,2,-1,2,4,5,-1,2,5,0,-1,3,6,4,-1,4,6,7,-1,4,7,8,-1,9,8,10,-1,10,8,7,-1,11,9,12,-1,12,9,10,-1,13,14,15,-1,15,14,11,-1,15,11,16,-1,16,11,12,-1,17,14,18,-1,18,14,13,-1,18,19,17,-1,17,19,20,-1,17,20,21,-1,21,20,22,-1,21,22,23,-1,23,22,24,-1,23,24,25,-1,25,24,26,-1,25,26,27,-1,27,26,28,-1,27,28,29,-1,29,28,30,-1,29,30,31,-1,31,30,32,-1,31,32,33,-1,33,32,34,-1,33,34,35,-1,35,34,36,-1,35,36,37,-1,37,36,38,-1,37,38,39,-1,39,38,40,-1,39,40,41,-1,41,40,42,-1,41,42,43,-1,43,42,44,-1,43,44,45,-1,45,44,46,-1,45,46,47,-1,47,46,48,-1,47,48,49,-1,49,48,50,-1,49,50,51,-1,51,50,52,-1,51,52,53,-1,53,52,54,-1,53,54,55,-1,55,54,56,-1,55,56,57,-1,57,56,58,-1,57,58,59,-1,59,58,60,-1,59,60,61,-1,61,60,62,-1,61,62,63,-1,63,62,64,-1,63,64,65,-1,65,64,66,-1,65,66,67,-1,67,66,68,-1,67,68,69,-1,69,68,70,-1,69,70,71,-1,71,70,72,-1,71,72,73,-1,73,72,74,-1,73,74,75,-1,76,75,77,-1,77,75,74,-1,76,77,78,-1,76,78,79,-1,79,78,80,-1,79,80,81,-1,81,80,82,-1,81,82,83,-1,83,82,84,-1,83,84,85,-1,85,84,86,-1,85,86,87,-1,87,86,88,-1,88,86,89,-1,89,90,88,-1,88,90,91,-1,88,91,92,-1,92,91,93,-1,92,93,94,-1,94,93,95,-1,94,95,96,-1,96,95,97,-1,96,97,98,-1,98,97,99,-1,98,99,100,-1,100,99,101,-1,100,101,102,-1,103,104,105,-1,102,101,106,-1,102,106,107,-1,107,106,108,-1,107,108,105,-1,105,108,109,-1,105,109,103,-1,104,103,110,-1,104,110,111,-1,111,110,112,-1,111,112,113,-1,113,112,114,-1,113,114,115,-1,115,114,116,-1,115,116,117,-1,117,116,118,-1,117,118,119,-1,119,118,120,-1,119,120,121,-1,121,120,122,-1,121,122,123,-1,123,122,124,-1,123,124,125,-1,125,124,126,-1,125,126,127,-1,127,126,128,-1,127,128,129,-1,129,128,130,-1,129,130,131,-1,131,130,132,-1,131,132,133,-1,133,132,134,-1,133,134,135,-1,135,134,1,-1,135,1,0,-1,61,63,85,-1,85,63,83,-1,111,43,104,-1,104,43,45,-1,21,23,127,-1,127,23,25,-1,127,25,125,-1,125,25,27,-1,125,27,123,-1,123,27,29,-1,123,29,121,-1,121,29,31,-1,121,31,119,-1,119,31,33,-1,119,33,117,-1,117,33,35,-1,117,35,115,-1,115,35,37,-1,115,37,113,-1,113,37,39,-1,113,39,111,-1,111,39,41,-1,111,41,43,-1,14,0,11,-1,11,0,5,-1,11,5,9,-1,9,5,4,-1,9,4,8,-1,63,65,83,-1,83,65,67,-1,83,67,81,-1,81,67,69,-1,81,69,79,-1,79,69,71,-1,79,71,76,-1,76,71,73,-1,76,73,75,-1,127,129,21,-1,21,129,131,-1,21,131,17,-1,17,131,133,-1,17,133,14,-1,14,133,135,-1,14,135,0,-1,85,87,61,-1,61,87,88,-1,61,88,59,-1,59,88,92,-1,59,92,57,-1,57,92,94,-1,57,94,55,-1,55,94,96,-1,55,96,53,-1,53,96,98,-1,53,98,51,-1,51,98,100,-1,51,100,49,-1,49,100,102,-1,49,102,47,-1,47,102,107,-1,47,107,45,-1,45,107,105,-1,45,105,104,-1,136,137,138,-1,138,137,139,-1,140,136,141,-1,141,136,138,-1,140,141,142,-1,140,142,143,-1,143,142,144,-1,143,144,145,-1,146,145,147,-1,147,145,144,-1,148,146,149,-1,149,146,147,-1,150,151,152,-1,152,151,148,-1,152,148,149,-1,153,151,154,-1,154,151,150,-1,155,156,157,-1,157,156,153,-1,157,153,154,-1,158,159,160,-1,160,159,156,-1,160,156,155,-1,159,158,161,-1,159,161,162,-1,162,161,163,-1,162,163,164,-1,163,165,164,-1,164,165,166,-1,164,166,167,-1,167,166,168,-1,167,168,169,-1,169,168,170,-1,169,170,171,-1,171,170,172,-1,171,172,173,-1,173,172,174,-1,173,174,175,-1,176,175,177,-1,177,175,174,-1,176,177,178,-1,176,178,179,-1,179,178,180,-1,179,180,181,-1,181,180,182,-1,183,184,182,-1,182,184,185,-1,182,185,181,-1,183,186,184,-1,184,186,187,-1,184,187,188,-1,188,187,189,-1,188,189,190,-1,190,189,191,-1,190,191,192,-1,192,191,193,-1,192,193,194,-1,139,137,195,-1,195,137,194,-1,195,194,193,-1,143,145,194,-1,137,136,194,-1,194,136,140,-1,194,140,143,-1,151,153,148,-1,148,153,156,-1,148,156,146,-1,192,162,190,-1,190,162,164,-1,175,176,173,-1,173,176,179,-1,173,179,171,-1,171,179,181,-1,171,181,169,-1,169,181,185,-1,169,185,167,-1,167,185,184,-1,167,184,164,-1,164,184,188,-1,164,188,190,-1,145,146,194,-1,194,146,156,-1,194,156,192,-1,192,156,159,-1,192,159,162,-1,196,197,198,-1,198,197,199,-1,200,201,202,-1,202,201,196,-1,202,196,198,-1,203,201,204,-1,204,201,200,-1,205,206,207,-1,207,206,203,-1,207,203,204,-1,208,206,209,-1,209,206,205,-1,210,211,212,-1,212,211,208,-1,212,208,209,-1,213,211,214,-1,214,211,210,-1,215,216,217,-1,217,216,213,-1,217,213,214,-1,218,216,219,-1,219,216,215,-1,220,221,222,-1,222,221,218,-1,222,218,219,-1,223,221,224,-1,224,221,220,-1,199,197,225,-1,225,197,223,-1,225,223,224,-1,223,197,196,-1,196,201,223,-1,223,201,203,-1,223,203,221,-1,216,218,213,-1,213,218,221,-1,213,221,211,-1,211,221,203,-1,211,203,208,-1,208,203,206,-1,226,227,228,-1,228,227,229,-1,228,229,230,-1,230,229,231,-1,230,231,232,-1,232,231,233,-1,232,233,234,-1,234,233,235,-1,234,235,236,-1,236,235,237,-1,236,237,238,-1,238,237,239,-1,238,239,240,-1,240,239,241,-1,240,241,242,-1,242,241,243,-1,242,243,244,-1,244,243,245,-1,244,245,246,-1,246,245,247,-1,246,247,248,-1,248,247,249,-1,248,249,250,-1,250,249,251,-1,250,251,252,-1,252,251,253,-1,252,253,254,-1,254,253,255,-1,254,255,256,-1,256,255,257,-1,256,257,258,-1,258,257,259,-1,258,259,260,-1,260,259,226,-1,260,226,228,-1,234,236,261,-1,261,236,262,-1,234,261,263,-1,234,263,232,-1,232,263,264,-1,232,264,230,-1,230,264,265,-1,230,265,228,-1,228,265,266,-1,228,266,260,-1,260,266,267,-1,260,267,258,-1,258,267,268,-1,258,268,256,-1,256,268,269,-1,256,269,254,-1,254,269,270,-1,254,270,252,-1,252,270,271,-1,252,271,250,-1,250,271,272,-1,250,272,248,-1,248,272,273,-1,248,273,246,-1,246,273,274,-1,246,274,244,-1,244,274,275,-1,244,275,242,-1,242,275,276,-1,242,276,240,-1,238,240,277,-1,277,240,276,-1,236,238,262,-1,262,238,277,-1,241,239,278,-1,278,239,279,-1,239,237,279,-1,279,237,280,-1,237,235,280,-1,280,235,281,-1,227,282,283,-1,227,283,229,-1,229,283,284,-1,229,284,231,-1,231,284,285,-1,231,285,233,-1,233,285,281,-1,233,281,235,-1,255,286,287,-1,255,287,257,-1,257,287,288,-1,257,288,259,-1,259,288,289,-1,259,289,226,-1,226,289,282,-1,226,282,227,-1,247,290,291,-1,247,291,249,-1,249,291,292,-1,249,292,251,-1,251,292,293,-1,251,293,253,-1,253,293,286,-1,253,286,255,-1,241,278,294,-1,241,294,243,-1,243,294,295,-1,243,295,245,-1,245,295,290,-1,245,290,247,-1,
        ]
    }
}
Shape{
    appearance Appearance {
        material  Material 	{
            diffuseColor 1.0 1.0 1.0
            specularColor 0.5019607843137255 0.5019607843137255 0.5019607843137255
            ambientIntensity 0.2
            transparency 0
            shininess 0.5
        }
    }
    geometry IndexedFaceSet {
        ccw TRUE
        solid FALSE
        coord DEF co Coordinate {
            point [
                1.7717 0.2166 -1.162, 1.7717 0.2166 -1.2031, 1.7717 0.2247 -1.162, 1.7717 0.2244 -1.2031, 1.7717 0.2309 -1.2024, 1.7717 0.2355 -1.2009, 1.7717 0.2391 -1.1986, 1.7717 0.2402 -1.1975, 1.7717 0.243 -1.194, 1.7717 0.2448 -1.19, 1.7717 0.2458 -1.185, 1.7717 0.246 -1.182, 1.7717 0.2453 -1.1759, 1.7717 0.2439 -1.1718, 1.7717 0.2419 -1.1688, 1.7717 0.2401 -1.167, 1.7717 0.2313 -1.1627, 1.7717 0.236 -1.1643, 1.7717 0.236 -1.1643
            ]
        }
        coordIndex [
            0,1,2,-1,2,1,3,-1,2,3,4,-1,4,5,2,-1,2,5,6,-1,2,6,7,-1,7,8,2,-1,2,8,9,-1,2,9,10,-1,10,11,2,-1,2,11,12,-1,2,12,13,-1,13,14,2,-1,2,14,15,-1,2,15,16,-1,16,15,17,-1,
        ]
    }
}
Shape{
    appearance Appearance {
        material  Material 	{
            diffuseColor 0.0 0.0 0.0
            specularColor 0.0 0.0 0.0
            ambientIntensity 0.2
            transparency 0
            shininess 0.5
        }
    }
    geometry IndexedFaceSet {
        ccw TRUE
        solid FALSE
        coord DEF co Coordinate {
            point [
                1.772 0.2711 -1.1886, 1.772 0.2689 -1.1946, 1.772 0.289 -1.1886, 1.772 0.2911 -1.1946, 1.772 0.2791 -1.1664, 1.772 0.2765 -1.1558, 1.772 0.2562 -1.2092, 1.772 0.2638 -1.2092, 1.772 0.2795 -1.1648, 1.772 0.2799 -1.1626, 1.772 0.2839 -1.1558, 1.772 0.2801 -1.1626, 1.772 0.2805 -1.1649, 1.772 0.2809 -1.1664, 1.772 0.3042 -1.2092, 1.772 0.2966 -1.2092, 1.7717 0.2839 -1.1558, 1.7717 0.3042 -1.2092, 1.7717 0.2765 -1.1558, 1.7717 0.2562 -1.2092, 1.7717 0.2638 -1.2092, 1.7717 0.2689 -1.1946, 1.7717 0.2911 -1.1946, 1.7717 0.2966 -1.2092, 1.7717 0.2711 -1.1886, 1.7717 0.289 -1.1886, 1.7717 0.2809 -1.1664, 1.7717 0.2801 -1.1626, 1.7717 0.2805 -1.1649, 1.7717 0.2799 -1.1626, 1.7717 0.2791 -1.1664, 1.7717 0.2795 -1.1648, 1.7717 0.2795 -1.1648
            ]
        }
        coordIndex [
            0,1,2,-1,2,1,3,-1,4,5,0,-1,0,5,6,-1,0,6,1,-1,1,6,7,-1,4,8,5,-1,5,8,9,-1,5,9,10,-1,10,9,11,-1,10,11,12,-1,12,13,10,-1,10,13,2,-1,10,2,14,-1,14,2,3,-1,14,3,15,-1,10,14,16,-1,16,14,17,-1,5,10,18,-1,18,10,16,-1,6,5,19,-1,19,5,18,-1,7,6,20,-1,20,6,19,-1,1,7,21,-1,21,7,20,-1,3,1,22,-1,22,1,21,-1,15,3,23,-1,23,3,22,-1,14,15,17,-1,17,15,23,-1,0,2,24,-1,24,2,25,-1,2,13,25,-1,25,13,26,-1,11,27,28,-1,11,28,12,-1,12,28,26,-1,12,26,13,-1,11,9,27,-1,27,9,29,-1,4,30,31,-1,4,31,8,-1,8,31,29,-1,8,29,9,-1,4,0,30,-1,30,0,24,-1,
        ]
    }
}
Shape{
    appearance Appearance {
        material  Material 	{
            diffuseColor 1.0 1.0 1.0
            specularColor 0.5019607843137255 0.5019607843137255 0.5019607843137255
            ambientIntensity 0.2
            transparency 0
            shininess 0.5
        }
    }
    geometry IndexedFaceSet {
        ccw TRUE
        solid FALSE
        coord DEF co Coordinate {
            point [
                1.7717 0.2801 -1.1626, 1.7717 0.2799 -1.1626, 1.7717 0.2805 -1.1649, 1.7717 0.2795 -1.1648, 1.7717 0.2809 -1.1664, 1.7717 0.2791 -1.1664, 1.7717 0.289 -1.1886, 1.7717 0.2711 -1.1886, 1.7717 0.2711 -1.1886
            ]
        }
        coordIndex [
            0,1,2,-1,2,1,3,-1,2,3,4,-1,4,3,5,-1,4,5,6,-1,6,5,7,-1,
        ]
    }
}
Shape{
    appearance Appearance {
        material  Material 	{
            diffuseColor 0.0 0.0 0.0
            specularColor 0.0 0.0 0.0
            ambientIntensity 0.2
            transparency 0
            shininess 0.5
        }
    }
    geometry IndexedFaceSet {
        ccw TRUE
        solid FALSE
        coord DEF co Coordinate {
            point [
                1.772 -0.2227 -1.1173, 1.772 -0.2143 -1.1128, 1.772 -0.2162 -1.0894, 1.772 -0.1494 -1.2183, 1.772 -0.1449 -1.2099, 1.772 -0.1426 -1.2005, 1.772 -0.1925 -1.0883, 1.772 -0.1808 -1.116, 1.772 -0.175 -1.104, 1.772 -0.1948 -1.2015, 1.772 -0.1955 -1.1979, 1.772 -0.2161 -1.1832, 1.772 -0.2164 -1.2086, 1.772 -0.2213 -1.2072, 1.772 -0.2243 -1.1781, 1.772 -0.2013 -1.0876, 1.772 -0.0893 -1.1646, 1.772 -0.1011 -1.1445, 1.772 -0.1424 -1.1927, 1.772 -0.1519 -1.171, 1.772 -0.1424 -1.1965, 1.772 -0.1627 -1.23, 1.772 -0.1552 -1.2248, 1.772 -0.1933 -1.2047, 1.772 -0.207 -1.2237, 1.772 -0.2126 -1.2168, 1.772 -0.0768 -1.127, 1.772 -0.0737 -1.127, 1.772 -0.0582 -1.1065, 1.772 -0.0665 -1.1279, 1.772 -0.0563 -1.1071, 1.772 -0.0599 -1.1305, 1.772 -0.045 -1.1127, 1.772 -0.0347 -1.1214, 1.772 -0.1847 -1.0792, 1.772 -0.1664 -1.0938, 1.772 -0.1758 -1.0716, 1.772 -0.1563 -1.0864, 1.772 -0.1666 -1.0659, 1.772 -0.2049 -1.1105, 1.772 -0.2009 -1.1103, 1.772 -0.1969 -1.0878, 1.772 -0.1919 -1.1114, 1.772 -0.1834 -1.1146, 1.772 -0.1687 -1.2055, 1.772 -0.1708 -1.2078, 1.772 -0.1737 -1.2099, 1.772 -0.1712 -1.2333, 1.772 -0.177 -1.2112, 1.772 -0.1804 -1.2344, 1.772 -0.1808 -1.2117, 1.772 -0.1818 -1.2344, 1.772 -0.1814 -1.2116, 1.772 -0.1908 -1.233, 1.772 -0.1848 -1.2111, 1.772 -0.1995 -1.2293, 1.772 -0.1882 -1.2096, 1.772 -0.1912 -1.2074, 1.772 -0.1669 -1.1916, 1.772 -0.1661 -1.1951, 1.772 -0.1661 -1.1986, 1.772 -0.167 -1.2022, 1.772 -0.0346 -1.1923, 1.772 -0.0523 -1.1772, 1.772 -0.045 -1.201, 1.772 -0.0579 -1.1818, 1.772 -0.0565 -1.2067, 1.772 -0.0646 -1.1849, 1.772 -0.0692 -1.2094, 1.772 -0.0715 -1.1862, 1.772 -0.0916 -1.2094, 1.772 -0.0885 -1.1862, 1.772 -0.0937 -1.209, 1.772 -0.1953 -1.1942, 1.772 -0.1942 -1.1907, 1.772 -0.2119 -1.1751, 1.772 -0.1923 -1.1875, 1.772 -0.2056 -1.1679, 1.772 -0.1908 -1.1859, 1.772 -0.1979 -1.1625, 1.772 -0.1878 -1.1838, 1.772 -0.1895 -1.1593, 1.772 -0.1845 -1.1825, 1.772 -0.1804 -1.1581, 1.772 -0.1808 -1.1821, 1.772 -0.1758 -1.1584, 1.772 -0.1776 -1.1824, 1.772 -0.1666 -1.1607, 1.772 -0.1741 -1.1837, 1.772 -0.1586 -1.165, 1.772 -0.171 -1.1857, 1.772 -0.1686 -1.1884, 1.772 -0.054 -1.1346, 1.772 -0.0497 -1.1394, 1.772 -0.027 -1.1322, 1.772 -0.0461 -1.1459, 1.772 -0.0223 -1.1438, 1.772 -0.0443 -1.1532, 1.772 -0.0206 -1.1562, 1.772 -0.0441 -1.1566, 1.772 -0.0223 -1.1698, 1.772 -0.0451 -1.164, 1.772 -0.0271 -1.1818, 1.772 -0.0477 -1.1708, 1.772 -0.0519 -1.1767, 1.772 -0.0787 -1.0765, 1.772 -0.0936 -1.0939, 1.772 -0.0661 -1.0911, 1.772 -0.085 -1.1042, 1.772 -0.0791 -1.1164, 1.772 -0.2377 -1.1391, 1.772 -0.2626 -1.1454, 1.772 -0.2388 -1.1483, 1.772 -0.2627 -1.149, 1.772 -0.2384 -1.1542, 1.772 -0.2609 -1.1639, 1.772 -0.2356 -1.1635, 1.772 -0.2555 -1.1781, 1.772 -0.2311 -1.1711, 1.772 -0.2468 -1.1904, 1.772 -0.235 -1.2005, 1.772 -0.1491 -1.0591, 1.772 -0.1439 -1.0814, 1.772 -0.1303 -1.0568, 1.772 -0.1299 -1.0796, 1.772 -0.1146 -1.0585, 1.772 -0.117 -1.0812, 1.772 -0.0956 -1.0652, 1.772 -0.1051 -1.0857, 1.772 -0.0945 -1.0931, 1.772 -0.2303 -1.0949, 1.772 -0.2423 -1.1034, 1.772 -0.2292 -1.123, 1.772 -0.2449 -1.1058, 1.772 -0.2344 -1.1306, 1.772 -0.254 -1.1175, 1.772 -0.2601 -1.1311, 1.772 -0.0904 -1.1859, 1.772 -0.0996 -1.2054, 1.772 -0.0987 -1.2063, 1.772 -0.0893 -1.1861, 1.772 -0.0962 -1.208, 1.772 -0.1026 -1.1976, 1.772 -0.1022 -1.2004, 1.772 -0.1012 -1.203, 1.772 -0.0938 -1.1862, 1.772 -0.0964 -1.1873, 1.772 -0.1025 -1.1961, 1.772 -0.0987 -1.1889, 1.772 -0.1003 -1.1906, 1.772 -0.1017 -1.1932, 1.772 -0.0908 -1.1858, 1.7717 -0.0206 -1.1562, 1.7717 -0.0223 -1.1438, 1.7717 -0.0236 -1.1406, 1.7717 -0.027 -1.1322, 1.7717 -0.0347 -1.1214, 1.7717 -0.045 -1.1127, 1.7717 -0.0563 -1.1071, 1.7717 -0.0582 -1.1065, 1.7717 -0.0661 -1.0911, 1.7717 -0.0787 -1.0765, 1.7717 -0.0874 -1.0707, 1.7717 -0.0956 -1.0652, 1.7717 -0.1146 -1.0585, 1.7717 -0.1303 -1.0568, 1.7717 -0.1758 -1.0716, 1.7717 -0.1743 -1.0707, 1.7717 -0.1666 -1.0659, 1.7717 -0.1491 -1.0591, 1.7717 -0.1847 -1.0792, 1.7717 -0.1925 -1.0883, 1.7717 -0.1969 -1.0878, 1.7717 -0.2013 -1.0876, 1.7717 -0.2162 -1.0894, 1.7717 -0.2303 -1.0949, 1.7717 -0.2423 -1.1034, 1.7717 -0.2449 -1.1058, 1.7717 -0.2627 -1.149, 1.7717 -0.254 -1.1175, 1.7717 -0.2601 -1.1311, 1.7717 -0.2618 -1.1406, 1.7717 -0.2626 -1.1454, 1.7717 -0.2609 -1.1639, 1.7717 -0.2555 -1.1781, 1.7717 -0.2468 -1.1904, 1.7717 -0.235 -1.2005, 1.7717 -0.2213 -1.2072, 1.7717 -0.2164 -1.2086, 1.7717 -0.216 -1.2096, 1.7717 -0.2126 -1.2168, 1.7717 -0.207 -1.2237, 1.7717 -0.1995 -1.2293, 1.7717 -0.1961 -1.2308, 1.7717 -0.1908 -1.233, 1.7717 -0.1818 -1.2344, 1.7717 -0.1804 -1.2344, 1.7717 -0.1424 -1.1965, 1.7717 -0.1712 -1.2333, 1.7717 -0.1647 -1.2308, 1.7717 -0.1627 -1.23, 1.7717 -0.1552 -1.2248, 1.7717 -0.1494 -1.2183, 1.7717 -0.1449 -1.2099, 1.7717 -0.1448 -1.2096, 1.7717 -0.1426 -1.2005, 1.7717 -0.1424 -1.1927, 1.7717 -0.0893 -1.1646, 1.7717 -0.1011 -1.1445, 1.7717 -0.1519 -1.171, 1.7717 -0.1586 -1.165, 1.7717 -0.1666 -1.1607, 1.7717 -0.1758 -1.1584, 1.7717 -0.1804 -1.1581, 1.7717 -0.1895 -1.1593, 1.7717 -0.1979 -1.1625, 1.7717 -0.2056 -1.1679, 1.7717 -0.2119 -1.1751, 1.7717 -0.2161 -1.1832, 1.7717 -0.2243 -1.1781, 1.7717 -0.2311 -1.1711, 1.7717 -0.2356 -1.1635, 1.7717 -0.2384 -1.1542, 1.7717 -0.2388 -1.1483, 1.7717 -0.2379 -1.1406, 1.7717 -0.2377 -1.1391, 1.7717 -0.2344 -1.1306, 1.7717 -0.2292 -1.123, 1.7717 -0.2227 -1.1173, 1.7717 -0.2143 -1.1128, 1.7717 -0.2049 -1.1105, 1.7717 -0.2009 -1.1103, 1.7717 -0.1919 -1.1114, 1.7717 -0.1834 -1.1146, 1.7717 -0.1808 -1.116, 1.7717 -0.175 -1.104, 1.7717 -0.1664 -1.0938, 1.7717 -0.1563 -1.0864, 1.7717 -0.1439 -1.0814, 1.7717 -0.1299 -1.0796, 1.7717 -0.117 -1.0812, 1.7717 -0.1051 -1.0857, 1.7717 -0.0945 -1.0931, 1.7717 -0.0936 -1.0939, 1.7717 -0.085 -1.1042, 1.7717 -0.0791 -1.1164, 1.7717 -0.0768 -1.127, 1.7717 -0.0737 -1.127, 1.7717 -0.0665 -1.1279, 1.7717 -0.0599 -1.1305, 1.7717 -0.054 -1.1346, 1.7717 -0.0497 -1.1394, 1.7717 -0.049 -1.1406, 1.7717 -0.0461 -1.1459, 1.7717 -0.0443 -1.1532, 1.7717 -0.0441 -1.1566, 1.7717 -0.0451 -1.164, 1.7717 -0.0477 -1.1708, 1.7717 -0.0519 -1.1767, 1.7717 -0.0523 -1.1772, 1.7717 -0.0579 -1.1818, 1.7717 -0.0646 -1.1849, 1.7717 -0.0715 -1.1862, 1.7717 -0.0885 -1.1862, 1.7717 -0.0893 -1.1861, 1.7717 -0.0904 -1.1859, 1.7717 -0.0908 -1.1858, 1.7717 -0.0938 -1.1862, 1.7717 -0.0964 -1.1873, 1.7717 -0.0987 -1.1889, 1.7717 -0.1003 -1.1906, 1.7717 -0.1017 -1.1932, 1.7717 -0.1025 -1.1961, 1.7717 -0.1026 -1.1976, 1.7717 -0.1022 -1.2004, 1.7717 -0.1012 -1.203, 1.7717 -0.0996 -1.2054, 1.7717 -0.0987 -1.2063, 1.7717 -0.0962 -1.208, 1.7717 -0.0937 -1.209, 1.7717 -0.0916 -1.2094, 1.7717 -0.0692 -1.2094, 1.7717 -0.0565 -1.2067, 1.7717 -0.045 -1.201, 1.7717 -0.0346 -1.1923, 1.7717 -0.0271 -1.1818, 1.7717 -0.0223 -1.1698, 1.7717 -0.1808 -1.1821, 1.7717 -0.1776 -1.1824, 1.7717 -0.1741 -1.1837, 1.7717 -0.171 -1.1857, 1.7717 -0.1686 -1.1884, 1.7717 -0.1669 -1.1916, 1.7717 -0.1661 -1.1951, 1.7717 -0.1661 -1.1986, 1.7717 -0.167 -1.2022, 1.7717 -0.1687 -1.2055, 1.7717 -0.1708 -1.2078, 1.7717 -0.1737 -1.2099, 1.7717 -0.177 -1.2112, 1.7717 -0.1808 -1.2117, 1.7717 -0.1814 -1.2116, 1.7717 -0.1848 -1.2111, 1.7717 -0.1882 -1.2096, 1.7717 -0.1912 -1.2074, 1.7717 -0.1933 -1.2047, 1.7717 -0.1948 -1.2015, 1.7717 -0.1955 -1.1979, 1.7717 -0.1953 -1.1942, 1.7717 -0.1942 -1.1907, 1.7717 -0.1923 -1.1875, 1.7717 -0.1908 -1.1859, 1.7717 -0.1878 -1.1838, 1.7717 -0.1845 -1.1825, 1.7717 -0.1845 -1.1825
            ]
        }
        coordIndex [
            0,1,2,-1,3,4,5,-1,6,7,8,-1,9,10,11,-1,12,11,13,-1,13,11,14,-1,2,1,15,-1,16,17,18,-1,18,17,19,-1,18,19,20,-1,20,19,21,-1,20,21,5,-1,5,21,22,-1,5,22,3,-1,23,9,24,-1,24,9,11,-1,24,11,25,-1,25,11,12,-1,26,27,28,-1,28,27,29,-1,28,29,30,-1,30,29,31,-1,30,31,32,-1,32,31,33,-1,6,8,34,-1,34,8,35,-1,34,35,36,-1,36,35,37,-1,36,37,38,-1,1,39,15,-1,15,39,40,-1,15,40,41,-1,41,40,42,-1,41,42,6,-1,6,42,43,-1,6,43,7,-1,44,45,21,-1,21,45,46,-1,21,46,47,-1,47,46,48,-1,47,48,49,-1,49,48,50,-1,49,50,51,-1,51,50,52,-1,51,52,53,-1,53,52,54,-1,53,54,55,-1,55,54,56,-1,55,56,24,-1,24,56,57,-1,24,57,23,-1,58,59,19,-1,19,59,60,-1,19,60,21,-1,21,60,61,-1,21,61,44,-1,62,63,64,-1,64,63,65,-1,64,65,66,-1,66,65,67,-1,66,67,68,-1,68,67,69,-1,68,69,70,-1,70,69,71,-1,70,71,72,-1,10,73,11,-1,11,73,74,-1,11,74,75,-1,75,74,76,-1,75,76,77,-1,77,76,78,-1,77,78,79,-1,79,78,80,-1,79,80,81,-1,81,80,82,-1,81,82,83,-1,83,82,84,-1,83,84,85,-1,85,84,86,-1,85,86,87,-1,87,86,88,-1,87,88,89,-1,89,88,90,-1,89,90,19,-1,19,90,91,-1,19,91,58,-1,31,92,33,-1,33,92,93,-1,33,93,94,-1,94,93,95,-1,94,95,96,-1,96,95,97,-1,96,97,98,-1,98,97,99,-1,98,99,100,-1,100,99,101,-1,100,101,102,-1,102,101,103,-1,102,103,62,-1,62,103,104,-1,62,104,63,-1,105,106,107,-1,107,106,108,-1,107,108,28,-1,28,108,109,-1,28,109,26,-1,110,111,112,-1,112,111,113,-1,112,113,114,-1,114,113,115,-1,114,115,116,-1,116,115,117,-1,116,117,118,-1,118,117,119,-1,118,119,14,-1,14,119,120,-1,14,120,13,-1,38,37,121,-1,121,37,122,-1,121,122,123,-1,123,122,124,-1,123,124,125,-1,125,124,126,-1,125,126,127,-1,127,126,128,-1,127,128,105,-1,105,128,129,-1,105,129,106,-1,2,130,0,-1,0,130,131,-1,0,131,132,-1,132,131,133,-1,132,133,134,-1,134,133,135,-1,134,135,110,-1,110,135,136,-1,110,136,111,-1,137,138,139,-1,71,140,72,-1,72,140,137,-1,72,137,141,-1,141,137,139,-1,142,143,137,-1,137,143,144,-1,137,144,138,-1,145,146,147,-1,146,148,147,-1,147,148,149,-1,147,149,150,-1,142,137,147,-1,147,137,151,-1,147,151,145,-1,98,152,153,-1,98,153,96,-1,96,153,154,-1,96,154,94,-1,154,155,94,-1,94,155,156,-1,94,156,33,-1,33,156,157,-1,33,157,32,-1,32,157,158,-1,32,158,30,-1,30,158,159,-1,30,159,28,-1,28,159,160,-1,28,160,107,-1,107,160,161,-1,107,161,105,-1,127,105,162,-1,162,105,161,-1,162,163,127,-1,127,163,164,-1,127,164,125,-1,125,164,165,-1,125,165,123,-1,166,36,167,-1,167,36,38,-1,167,38,168,-1,168,38,121,-1,168,121,169,-1,169,121,123,-1,169,123,165,-1,36,166,170,-1,36,170,34,-1,34,170,171,-1,34,171,6,-1,6,171,172,-1,6,172,41,-1,41,172,173,-1,41,173,15,-1,15,173,174,-1,15,174,2,-1,2,174,175,-1,2,175,130,-1,130,175,176,-1,130,176,131,-1,131,176,177,-1,131,177,133,-1,178,113,111,-1,133,177,179,-1,133,179,135,-1,135,179,180,-1,135,180,136,-1,136,180,181,-1,136,181,111,-1,111,181,182,-1,111,182,178,-1,113,178,183,-1,113,183,115,-1,115,183,184,-1,115,184,117,-1,117,184,185,-1,117,185,119,-1,119,185,186,-1,119,186,120,-1,120,186,187,-1,120,187,13,-1,13,187,188,-1,13,188,12,-1,12,188,189,-1,12,189,25,-1,189,190,25,-1,25,190,191,-1,25,191,24,-1,24,191,192,-1,24,192,55,-1,55,192,193,-1,55,193,53,-1,193,194,53,-1,53,194,195,-1,53,195,51,-1,51,195,196,-1,51,196,49,-1,197,20,5,-1,49,196,198,-1,49,198,47,-1,47,198,199,-1,47,199,21,-1,199,200,21,-1,21,200,201,-1,21,201,22,-1,22,201,202,-1,22,202,3,-1,3,202,203,-1,3,203,4,-1,4,203,204,-1,4,204,5,-1,5,204,205,-1,5,205,197,-1,18,20,206,-1,206,20,197,-1,16,18,207,-1,207,18,206,-1,17,16,208,-1,208,16,207,-1,19,17,209,-1,209,17,208,-1,19,209,210,-1,19,210,89,-1,89,210,211,-1,89,211,87,-1,87,211,212,-1,87,212,85,-1,85,212,213,-1,85,213,83,-1,83,213,214,-1,83,214,81,-1,81,214,215,-1,81,215,79,-1,79,215,216,-1,79,216,77,-1,77,216,217,-1,77,217,75,-1,75,217,218,-1,75,218,11,-1,11,218,219,-1,11,219,14,-1,14,219,220,-1,14,220,118,-1,118,220,221,-1,118,221,116,-1,116,221,222,-1,116,222,114,-1,114,222,223,-1,114,223,112,-1,110,112,224,-1,224,112,223,-1,224,225,110,-1,110,225,226,-1,110,226,134,-1,134,226,227,-1,134,227,132,-1,132,227,228,-1,132,228,0,-1,0,228,229,-1,0,229,1,-1,1,229,230,-1,1,230,39,-1,39,230,231,-1,39,231,40,-1,40,231,232,-1,40,232,42,-1,42,232,233,-1,42,233,43,-1,43,233,234,-1,43,234,7,-1,7,234,235,-1,7,235,8,-1,8,235,236,-1,8,236,35,-1,35,236,237,-1,35,237,37,-1,37,237,238,-1,37,238,122,-1,122,238,239,-1,122,239,124,-1,124,239,240,-1,124,240,126,-1,126,240,241,-1,126,241,128,-1,128,241,242,-1,128,242,129,-1,129,242,243,-1,129,243,106,-1,106,243,244,-1,106,244,108,-1,108,244,245,-1,108,245,109,-1,109,245,246,-1,109,246,26,-1,27,26,247,-1,247,26,246,-1,27,247,248,-1,27,248,29,-1,29,248,249,-1,29,249,31,-1,31,249,250,-1,31,250,92,-1,92,250,251,-1,92,251,93,-1,93,251,252,-1,93,252,95,-1,252,253,95,-1,95,253,254,-1,95,254,97,-1,97,254,255,-1,97,255,99,-1,99,255,256,-1,99,256,101,-1,101,256,257,-1,101,257,103,-1,103,257,258,-1,103,258,104,-1,104,258,259,-1,104,259,63,-1,63,259,260,-1,63,260,65,-1,65,260,261,-1,65,261,67,-1,67,261,262,-1,67,262,69,-1,71,69,263,-1,263,69,262,-1,71,263,264,-1,71,264,140,-1,140,264,265,-1,140,265,137,-1,137,265,266,-1,137,266,151,-1,151,266,267,-1,151,267,145,-1,145,267,268,-1,145,268,146,-1,146,268,269,-1,146,269,148,-1,148,269,270,-1,148,270,149,-1,149,270,271,-1,149,271,150,-1,150,271,272,-1,150,272,147,-1,147,272,273,-1,147,273,142,-1,142,273,274,-1,142,274,143,-1,143,274,275,-1,143,275,144,-1,144,275,276,-1,144,276,138,-1,138,276,277,-1,138,277,139,-1,139,277,278,-1,139,278,141,-1,141,278,279,-1,141,279,72,-1,72,279,280,-1,72,280,70,-1,68,70,281,-1,281,70,280,-1,68,281,282,-1,68,282,66,-1,66,282,283,-1,66,283,64,-1,64,283,284,-1,64,284,62,-1,62,284,285,-1,62,285,102,-1,102,285,286,-1,102,286,100,-1,100,286,152,-1,100,152,98,-1,84,287,288,-1,84,288,86,-1,86,288,289,-1,86,289,88,-1,88,289,290,-1,88,290,90,-1,90,290,291,-1,90,291,91,-1,91,291,292,-1,91,292,58,-1,58,292,293,-1,58,293,59,-1,59,293,294,-1,59,294,60,-1,60,294,295,-1,60,295,61,-1,61,295,296,-1,61,296,44,-1,44,296,297,-1,44,297,45,-1,45,297,298,-1,45,298,46,-1,46,298,299,-1,46,299,48,-1,48,299,300,-1,48,300,50,-1,50,300,301,-1,50,301,52,-1,52,301,302,-1,52,302,54,-1,54,302,303,-1,54,303,56,-1,56,303,304,-1,56,304,57,-1,57,304,305,-1,57,305,23,-1,23,305,306,-1,23,306,9,-1,9,306,307,-1,9,307,10,-1,10,307,308,-1,10,308,73,-1,73,308,309,-1,73,309,74,-1,74,309,310,-1,74,310,76,-1,76,310,311,-1,76,311,78,-1,78,311,312,-1,78,312,80,-1,80,312,313,-1,80,313,82,-1,82,313,287,-1,82,287,84,-1,
        ]
    }
}
Shape{
    appearance Appearance {
        material  Material 	{
            diffuseColor 1.0 1.0 1.0
            specularColor 0.5019607843137255 0.5019607843137255 0.5019607843137255
            ambientIntensity 0.2
            transparency 0
            shininess 0.5
        }
    }
    geometry IndexedFaceSet {
        ccw TRUE
        solid FALSE
        coord DEF co Coordinate {
            point [
                1.7717 -0.1814 -1.2116, 1.7717 -0.1908 -1.1859, 1.7717 -0.1923 -1.1875, 1.7717 -0.177 -1.2112, 1.7717 -0.1737 -1.2099, 1.7717 -0.1776 -1.1824, 1.7717 -0.1808 -1.1821, 1.7717 -0.1845 -1.1825, 1.7717 -0.1878 -1.1838, 1.7717 -0.1948 -1.2015, 1.7717 -0.1933 -1.2047, 1.7717 -0.1912 -1.2074, 1.7717 -0.1808 -1.2117, 1.7717 -0.1942 -1.1907, 1.7717 -0.1953 -1.1942, 1.7717 -0.1955 -1.1979, 1.7717 -0.1882 -1.2096, 1.7717 -0.1848 -1.2111, 1.7717 -0.1708 -1.2078, 1.7717 -0.1687 -1.2055, 1.7717 -0.167 -1.2022, 1.7717 -0.1661 -1.1986, 1.7717 -0.1661 -1.1951, 1.7717 -0.1669 -1.1916, 1.7717 -0.1686 -1.1884, 1.7717 -0.171 -1.1857, 1.7717 -0.1741 -1.1837, 1.7717 -0.1741 -1.1837
            ]
        }
        coordIndex [
            0,1,2,-1,3,4,5,-1,6,7,0,-1,0,7,8,-1,0,8,1,-1,9,10,2,-1,2,10,11,-1,6,0,5,-1,5,0,12,-1,5,12,3,-1,13,14,2,-1,2,14,15,-1,2,15,9,-1,11,16,2,-1,2,16,17,-1,2,17,0,-1,4,18,5,-1,5,18,19,-1,5,19,20,-1,20,21,5,-1,5,21,22,-1,5,22,23,-1,23,24,5,-1,5,24,25,-1,5,25,26,-1,
        ]
    }
}
Shape{
    appearance Appearance {
        material  Material 	{
            diffuseColor 0.9882352941176471 0.7372549019607844 0.5176470588235295
            specularColor 0.49411764705882355 0.3686274509803922 0.25882352941176473
            ambientIntensity 0.2
            transparency 0
            shininess 0.5
        }
    }
    geometry IndexedFaceSet {
        ccw TRUE
        solid FALSE
        coord DEF co Coordinate {
            point [
                0.6693 -0.0775 -2.1457, 0.5118 -0.0775 -2.1457, 0.6693 -0.8563 -2.1457, 0.5118 -0.8563 -2.1457, 0.6238 -0.935 -2.1457, 0.5573 -0.935 -2.1457, 0.6238 -0.935 -2.185, 0.5573 -0.935 -2.185, 0.6693 -0.8563 -2.185, 0.5118 -0.8563 -2.185, 0.6693 -0.0775 -2.185, 0.5118 -0.0775 -2.185, 0.5118 -0.0488 -2.182, 0.6693 -0.0488 -2.182, 0.5118 -0.0214 -2.1731, 0.6693 -0.0214 -2.1731, 0.5118 0.0035 -2.1587, 0.6693 0.0035 -2.1587, 0.5118 0.0249 -2.1394, 0.6693 0.0249 -2.1394, 0.5118 0.0419 -2.1161, 0.6693 0.0419 -2.1161, 0.6693 0.0646 -2.0768, 0.5118 0.0646 -2.0768, 0.6693 0.0767 -2.0601, 0.5118 0.0767 -2.0601, 0.6693 0.092 -2.0464, 0.5118 0.092 -2.0464, 0.6693 0.1098 -2.0361, 0.5118 0.1098 -2.0361, 0.6693 0.1294 -2.0297, 0.5118 0.1294 -2.0297, 0.6693 0.1498 -2.0276, 0.5118 0.1498 -2.0276, 0.6693 0.1575 -2.0276, 0.5118 0.1575 -2.0276, 0.5118 0.1881 -2.0241, 0.6693 0.1881 -2.0241, 0.5118 0.2173 -2.0139, 0.6693 0.2173 -2.0139, 0.5118 0.2434 -1.9975, 0.6693 0.2434 -1.9975, 0.5118 0.2652 -1.9757, 0.6693 0.2652 -1.9757, 0.5118 0.2816 -1.9496, 0.6693 0.2816 -1.9496, 0.5118 0.2918 -1.9204, 0.6693 0.2918 -1.9204, 0.5118 0.2953 -1.8898, 0.6693 0.2953 -1.8898, 0.6693 0.2953 -0.3543, 0.5118 0.2953 -0.3543, 0.5118 0.2914 -0.3218, 0.6693 0.2914 -0.3218, 0.5118 0.2799 -0.2911, 0.6693 0.2799 -0.2911, 0.5118 0.2615 -0.2639, 0.6693 0.2615 -0.2639, 0.5118 0.2372 -0.2419, 0.6693 0.2372 -0.2419, 0.5118 0.2084 -0.2263, 0.6693 0.2084 -0.2263, 0.5118 0.1767 -0.2179, 0.6693 0.1767 -0.2179, 0.5118 0.1439 -0.2172, 0.6693 0.1439 -0.2172, 0.5118 0.1119 -0.2243, 0.6693 0.1119 -0.2243, 0.5118 0.0824 -0.2388, 0.6693 0.0824 -0.2388, 0.6693 -0.2321 -0.443, 0.5118 -0.2321 -0.443, 0.5118 -0.2674 -0.4716, 0.6693 -0.2674 -0.4716, 0.5118 -0.296 -0.507, 0.6693 -0.296 -0.507, 0.5118 -0.3165 -0.5475, 0.6693 -0.3165 -0.5475, 0.5118 -0.3281 -0.5914, 0.6693 -0.3281 -0.5914, 0.5118 -0.3304 -0.6368, 0.6693 -0.3304 -0.6368, 0.5118 -0.3231 -0.6817, 0.6693 -0.3231 -0.6817, 0.5118 -0.3066 -0.724, 0.6693 -0.3066 -0.724, 0.6693 -0.1234 -1.0786, 0.5118 -0.1234 -1.0786, 0.6693 -0.0884 -1.0605, 0.5118 -0.0884 -1.0605, 0.6693 -0.2716 -0.7059, 0.5118 -0.2716 -0.7059, 0.6693 -0.2866 -0.6653, 0.5118 -0.2866 -0.6653, 0.6693 -0.2913 -0.6222, 0.5118 -0.2913 -0.6222, 0.6693 -0.2854 -0.5792, 0.5118 -0.2854 -0.5792, 0.6693 -0.2693 -0.539, 0.5118 -0.2693 -0.539, 0.6693 -0.2439 -0.5039, 0.5118 -0.2439 -0.5039, 0.6693 -0.2107 -0.476, 0.5118 -0.2107 -0.476, 0.6693 0.1039 -0.2718, 0.5118 0.1039 -0.2718, 0.6693 0.1249 -0.2615, 0.5118 0.1249 -0.2615, 0.6693 0.1478 -0.2564, 0.5118 0.1478 -0.2564, 0.6693 0.1712 -0.2569, 0.5118 0.1712 -0.2569, 0.6693 0.1938 -0.2629, 0.5118 0.1938 -0.2629, 0.6693 0.2144 -0.274, 0.5118 0.2144 -0.274, 0.6693 0.2318 -0.2898, 0.5118 0.2318 -0.2898, 0.6693 0.2449 -0.3091, 0.5118 0.2449 -0.3091, 0.6693 0.2531 -0.3311, 0.5118 0.2531 -0.3311, 0.6693 0.2559 -0.3543, 0.5118 0.2559 -0.3543, 0.6693 0.2559 -1.8898, 0.5118 0.2559 -1.8898, 0.6693 0.2526 -1.9152, 0.5118 0.2526 -1.9152, 0.6693 0.2427 -1.939, 0.5118 0.2427 -1.939, 0.6693 0.2271 -1.9594, 0.5118 0.2271 -1.9594, 0.6693 0.2067 -1.975, 0.5118 0.2067 -1.975, 0.6693 0.183 -1.9848, 0.5118 0.183 -1.9848, 0.6693 0.1575 -1.9882, 0.5118 0.1575 -1.9882, 0.6693 0.1498 -1.9882, 0.5118 0.1498 -1.9882, 0.5118 0.1212 -1.9912, 0.6693 0.1212 -1.9912, 0.5118 0.0938 -2.0001, 0.6693 0.0938 -2.0001, 0.5118 0.0688 -2.0145, 0.6693 0.0688 -2.0145, 0.5118 0.0474 -2.0338, 0.6693 0.0474 -2.0338, 0.5118 0.0305 -2.0571, 0.6693 0.0305 -2.0571, 0.6693 0.0078 -2.0965, 0.5118 0.0078 -2.0965, 0.6693 -0.0043 -2.1131, 0.5118 -0.0043 -2.1131, 0.6693 -0.0196 -2.1269, 0.5118 -0.0196 -2.1269, 0.6693 -0.0374 -2.1372, 0.5118 -0.0374 -2.1372, 0.6693 -0.057 -2.1435, 0.5118 -0.057 -2.1435, 1.063 0.3937 -2.185, 0.9055 0.3937 -2.185, 1.063 0.8563 -2.185, 0.9055 0.8563 -2.185, 1.0175 0.935 -2.185, 0.951 0.935 -2.185, 1.0175 0.935 -2.1457, 0.951 0.935 -2.1457, 1.063 0.8563 -2.1457, 0.9055 0.8563 -2.1457, 1.063 0.3937 -2.1457, 0.9055 0.3937 -2.1457, 1.063 0.3682 -2.1423, 0.9055 0.3682 -2.1423, 1.063 0.3445 -2.1325, 0.9055 0.3445 -2.1325, 1.063 0.3241 -2.1168, 0.9055 0.3241 -2.1168, 1.063 0.3085 -2.0965, 0.9055 0.3085 -2.0965, 1.063 0.2986 -2.0727, 0.9055 0.2986 -2.0727, 1.063 0.2953 -2.0472, 0.9055 0.2953 -2.0472, 1.063 0.2953 -0.3543, 0.9055 0.2953 -0.3543, 0.9055 0.2914 -0.3218, 1.063 0.2914 -0.3218, 0.9055 0.2799 -0.2911, 1.063 0.2799 -0.2911, 0.9055 0.2615 -0.2639, 1.063 0.2615 -0.2639, 0.9055 0.2372 -0.2419, 1.063 0.2372 -0.2419, 0.9055 0.2084 -0.2263, 1.063 0.2084 -0.2263, 0.9055 0.1767 -0.2179, 1.063 0.1767 -0.2179, 0.9055 0.1439 -0.2172, 1.063 0.1439 -0.2172, 0.9055 0.1119 -0.2243, 1.063 0.1119 -0.2243, 0.9055 0.0824 -0.2388, 1.063 0.0824 -0.2388, 1.063 -0.2321 -0.443, 0.9055 -0.2321 -0.443, 0.9055 -0.2674 -0.4716, 1.063 -0.2674 -0.4716, 0.9055 -0.296 -0.507, 1.063 -0.296 -0.507, 0.9055 -0.3165 -0.5475, 1.063 -0.3165 -0.5475, 0.9055 -0.3281 -0.5914, 1.063 -0.3281 -0.5914, 0.9055 -0.3304 -0.6368, 1.063 -0.3304 -0.6368, 0.9055 -0.3231 -0.6817, 1.063 -0.3231 -0.6817, 0.9055 -0.3066 -0.724, 1.063 -0.3066 -0.724, 1.063 -0.1234 -1.0786, 0.9055 -0.1234 -1.0786, 1.063 -0.0884 -1.0605, 0.9055 -0.0884 -1.0605, 1.063 -0.2716 -0.7059, 0.9055 -0.2716 -0.7059, 1.063 -0.2866 -0.6653, 0.9055 -0.2866 -0.6653, 1.063 -0.2913 -0.6222, 0.9055 -0.2913 -0.6222, 1.063 -0.2854 -0.5792, 0.9055 -0.2854 -0.5792, 1.063 -0.2693 -0.539, 0.9055 -0.2693 -0.539, 1.063 -0.2439 -0.5039, 0.9055 -0.2439 -0.5039, 1.063 -0.2107 -0.476, 0.9055 -0.2107 -0.476, 1.063 0.1039 -0.2718, 0.9055 0.1039 -0.2718, 1.063 0.1249 -0.2615, 0.9055 0.1249 -0.2615, 1.063 0.1478 -0.2564, 0.9055 0.1478 -0.2564, 1.063 0.1712 -0.2569, 0.9055 0.1712 -0.2569, 1.063 0.1938 -0.2629, 0.9055 0.1938 -0.2629, 1.063 0.2144 -0.274, 0.9055 0.2144 -0.274, 1.063 0.2318 -0.2898, 0.9055 0.2318 -0.2898, 1.063 0.2449 -0.3091, 0.9055 0.2449 -0.3091, 1.063 0.2531 -0.3311, 0.9055 0.2531 -0.3311, 1.063 0.2559 -0.3543, 0.9055 0.2559 -0.3543, 1.063 0.2559 -2.0472, 0.9055 0.2559 -2.0472, 0.9055 0.2606 -2.0829, 1.063 0.2606 -2.0829, 0.9055 0.2744 -2.1161, 1.063 0.2744 -2.1161, 0.9055 0.2963 -2.1447, 1.063 0.2963 -2.1447, 0.9055 0.3248 -2.1666, 1.063 0.3248 -2.1666, 0.9055 0.358 -2.1803, 1.063 0.358 -2.1803, 1.063 0.358 -2.1803
            ]
        }
        coordIndex [
            0,1,2,-1,2,1,3,-1,2,3,4,-1,4,3,5,-1,4,5,6,-1,6,5,7,-1,6,7,8,-1,8,7,9,-1,8,9,10,-1,10,9,11,-1,10,11,12,-1,10,12,13,-1,13,12,14,-1,13,14,15,-1,15,14,16,-1,15,16,17,-1,17,16,18,-1,17,18,19,-1,19,18,20,-1,19,20,21,-1,22,21,23,-1,23,21,20,-1,22,23,24,-1,24,23,25,-1,24,25,26,-1,26,25,27,-1,26,27,28,-1,28,27,29,-1,28,29,30,-1,30,29,31,-1,30,31,32,-1,32,31,33,-1,34,32,35,-1,35,32,33,-1,34,35,36,-1,34,36,37,-1,37,36,38,-1,37,38,39,-1,39,38,40,-1,39,40,41,-1,41,40,42,-1,41,42,43,-1,43,42,44,-1,43,44,45,-1,45,44,46,-1,45,46,47,-1,47,46,48,-1,47,48,49,-1,50,49,51,-1,51,49,48,-1,50,51,52,-1,50,52,53,-1,53,52,54,-1,53,54,55,-1,55,54,56,-1,55,56,57,-1,57,56,58,-1,57,58,59,-1,59,58,60,-1,59,60,61,-1,61,60,62,-1,61,62,63,-1,63,62,64,-1,63,64,65,-1,65,64,66,-1,65,66,67,-1,67,66,68,-1,67,68,69,-1,70,69,71,-1,71,69,68,-1,70,71,72,-1,70,72,73,-1,73,72,74,-1,73,74,75,-1,75,74,76,-1,75,76,77,-1,77,76,78,-1,77,78,79,-1,79,78,80,-1,79,80,81,-1,81,80,82,-1,81,82,83,-1,83,82,84,-1,83,84,85,-1,86,85,87,-1,87,85,84,-1,88,86,89,-1,89,86,87,-1,90,88,91,-1,91,88,89,-1,90,91,92,-1,92,91,93,-1,92,93,94,-1,94,93,95,-1,94,95,96,-1,96,95,97,-1,96,97,98,-1,98,97,99,-1,98,99,100,-1,100,99,101,-1,100,101,102,-1,102,101,103,-1,104,102,105,-1,105,102,103,-1,104,105,106,-1,106,105,107,-1,106,107,108,-1,108,107,109,-1,108,109,110,-1,110,109,111,-1,110,111,112,-1,112,111,113,-1,112,113,114,-1,114,113,115,-1,114,115,116,-1,116,115,117,-1,116,117,118,-1,118,117,119,-1,118,119,120,-1,120,119,121,-1,120,121,122,-1,122,121,123,-1,124,122,125,-1,125,122,123,-1,124,125,126,-1,126,125,127,-1,126,127,128,-1,128,127,129,-1,128,129,130,-1,130,129,131,-1,130,131,132,-1,132,131,133,-1,132,133,134,-1,134,133,135,-1,134,135,136,-1,136,135,137,-1,138,136,139,-1,139,136,137,-1,138,139,140,-1,138,140,141,-1,141,140,142,-1,141,142,143,-1,143,142,144,-1,143,144,145,-1,145,144,146,-1,145,146,147,-1,147,146,148,-1,147,148,149,-1,150,149,151,-1,151,149,148,-1,150,151,152,-1,152,151,153,-1,152,153,154,-1,154,153,155,-1,154,155,156,-1,156,155,157,-1,156,157,158,-1,158,157,159,-1,158,159,0,-1,0,159,1,-1,86,88,85,-1,85,88,90,-1,85,90,83,-1,83,90,92,-1,83,92,81,-1,81,92,94,-1,81,94,79,-1,79,94,96,-1,2,8,0,-1,0,8,10,-1,0,10,158,-1,158,10,13,-1,158,13,156,-1,156,13,15,-1,156,15,154,-1,154,15,17,-1,154,17,152,-1,152,17,19,-1,152,19,150,-1,150,19,21,-1,150,21,149,-1,149,21,22,-1,149,22,147,-1,147,22,24,-1,147,24,145,-1,145,24,26,-1,145,26,143,-1,143,26,28,-1,143,28,141,-1,141,28,30,-1,141,30,138,-1,138,30,32,-1,138,32,136,-1,136,32,34,-1,136,34,134,-1,134,34,37,-1,134,37,132,-1,37,39,132,-1,132,39,41,-1,132,41,130,-1,130,41,43,-1,130,43,128,-1,128,43,45,-1,128,45,126,-1,126,45,47,-1,126,47,124,-1,124,47,49,-1,124,49,122,-1,122,49,50,-1,122,50,120,-1,120,50,53,-1,120,53,118,-1,118,53,55,-1,118,55,116,-1,116,55,57,-1,116,57,114,-1,114,57,59,-1,114,59,112,-1,112,59,61,-1,112,61,110,-1,110,61,63,-1,110,63,108,-1,108,63,65,-1,108,65,106,-1,106,65,67,-1,106,67,104,-1,104,67,69,-1,104,69,102,-1,102,69,70,-1,102,70,100,-1,100,70,73,-1,100,73,98,-1,98,73,75,-1,98,75,96,-1,96,75,77,-1,96,77,79,-1,89,87,91,-1,91,87,84,-1,91,84,93,-1,93,84,82,-1,93,82,95,-1,9,3,11,-1,11,3,1,-1,11,1,12,-1,12,1,159,-1,12,159,14,-1,14,159,157,-1,14,157,16,-1,16,157,155,-1,16,155,18,-1,18,155,153,-1,18,153,20,-1,20,153,151,-1,20,151,23,-1,23,151,148,-1,23,148,25,-1,25,148,146,-1,25,146,27,-1,27,146,144,-1,27,144,29,-1,29,144,142,-1,29,142,31,-1,31,142,140,-1,31,140,33,-1,33,140,139,-1,33,139,35,-1,35,139,137,-1,35,137,36,-1,36,137,135,-1,36,135,38,-1,38,135,133,-1,38,133,40,-1,40,133,131,-1,82,80,95,-1,95,80,78,-1,95,78,97,-1,97,78,76,-1,97,76,99,-1,99,76,74,-1,99,74,101,-1,101,74,72,-1,101,72,103,-1,103,72,71,-1,103,71,105,-1,105,71,68,-1,105,68,107,-1,107,68,66,-1,107,66,109,-1,109,66,64,-1,109,64,111,-1,111,64,62,-1,111,62,113,-1,113,62,60,-1,113,60,115,-1,115,60,58,-1,115,58,117,-1,117,58,56,-1,117,56,119,-1,119,56,54,-1,119,54,121,-1,121,54,52,-1,121,52,123,-1,123,52,51,-1,123,51,125,-1,125,51,48,-1,125,48,127,-1,127,48,46,-1,127,46,129,-1,129,46,44,-1,129,44,131,-1,131,44,42,-1,131,42,40,-1,2,4,8,-1,8,4,6,-1,5,3,7,-1,7,3,9,-1,160,161,162,-1,162,161,163,-1,162,163,164,-1,164,163,165,-1,164,165,166,-1,166,165,167,-1,166,167,168,-1,168,167,169,-1,168,169,170,-1,170,169,171,-1,170,171,172,-1,172,171,173,-1,172,173,174,-1,174,173,175,-1,174,175,176,-1,176,175,177,-1,176,177,178,-1,178,177,179,-1,178,179,180,-1,180,179,181,-1,180,181,182,-1,182,181,183,-1,184,182,185,-1,185,182,183,-1,184,185,186,-1,184,186,187,-1,187,186,188,-1,187,188,189,-1,189,188,190,-1,189,190,191,-1,191,190,192,-1,191,192,193,-1,193,192,194,-1,193,194,195,-1,195,194,196,-1,195,196,197,-1,197,196,198,-1,197,198,199,-1,199,198,200,-1,199,200,201,-1,201,200,202,-1,201,202,203,-1,204,203,205,-1,205,203,202,-1,204,205,206,-1,204,206,207,-1,207,206,208,-1,207,208,209,-1,209,208,210,-1,209,210,211,-1,211,210,212,-1,211,212,213,-1,213,212,214,-1,213,214,215,-1,215,214,216,-1,215,216,217,-1,217,216,218,-1,217,218,219,-1,220,219,221,-1,221,219,218,-1,222,220,223,-1,223,220,221,-1,224,222,225,-1,225,222,223,-1,224,225,226,-1,226,225,227,-1,226,227,228,-1,228,227,229,-1,228,229,230,-1,230,229,231,-1,230,231,232,-1,232,231,233,-1,232,233,234,-1,234,233,235,-1,234,235,236,-1,236,235,237,-1,238,236,239,-1,239,236,237,-1,238,239,240,-1,240,239,241,-1,240,241,242,-1,242,241,243,-1,242,243,244,-1,244,243,245,-1,244,245,246,-1,246,245,247,-1,246,247,248,-1,248,247,249,-1,248,249,250,-1,250,249,251,-1,250,251,252,-1,252,251,253,-1,252,253,254,-1,254,253,255,-1,254,255,256,-1,256,255,257,-1,258,256,259,-1,259,256,257,-1,258,259,260,-1,258,260,261,-1,261,260,262,-1,261,262,263,-1,263,262,264,-1,263,264,265,-1,265,264,266,-1,265,266,267,-1,267,266,268,-1,267,268,269,-1,269,268,161,-1,269,161,160,-1,232,211,230,-1,230,211,213,-1,230,213,228,-1,228,213,215,-1,228,215,226,-1,226,215,217,-1,226,217,224,-1,224,217,219,-1,224,219,222,-1,222,219,220,-1,162,168,160,-1,160,168,170,-1,160,170,269,-1,269,170,172,-1,269,172,267,-1,267,172,174,-1,267,174,265,-1,265,174,176,-1,265,176,263,-1,263,176,178,-1,263,178,261,-1,261,178,180,-1,261,180,258,-1,258,180,182,-1,258,182,256,-1,256,182,184,-1,256,184,254,-1,254,184,187,-1,254,187,252,-1,252,187,189,-1,252,189,250,-1,250,189,191,-1,250,191,248,-1,248,191,193,-1,248,193,246,-1,246,193,195,-1,246,195,244,-1,244,195,197,-1,244,197,242,-1,242,197,199,-1,242,199,240,-1,240,199,201,-1,240,201,238,-1,238,201,203,-1,238,203,236,-1,236,203,204,-1,236,204,234,-1,234,204,207,-1,234,207,232,-1,232,207,209,-1,232,209,211,-1,223,221,225,-1,225,221,218,-1,225,218,227,-1,227,218,216,-1,227,216,229,-1,229,216,214,-1,229,214,231,-1,214,212,231,-1,231,212,210,-1,231,210,233,-1,233,210,208,-1,233,208,235,-1,235,208,206,-1,235,206,237,-1,237,206,205,-1,237,205,239,-1,239,205,202,-1,239,202,241,-1,241,202,200,-1,241,200,243,-1,243,200,198,-1,243,198,245,-1,245,198,196,-1,245,196,247,-1,247,196,194,-1,247,194,249,-1,249,194,192,-1,249,192,251,-1,251,192,190,-1,251,190,253,-1,253,190,188,-1,253,188,255,-1,255,188,186,-1,255,186,257,-1,257,186,185,-1,257,185,259,-1,259,185,183,-1,259,183,260,-1,260,183,181,-1,260,181,262,-1,262,181,179,-1,262,179,264,-1,264,179,177,-1,264,177,266,-1,266,177,175,-1,266,175,268,-1,268,175,173,-1,268,173,161,-1,161,173,171,-1,161,171,163,-1,163,171,169,-1,162,164,168,-1,168,164,166,-1,165,163,167,-1,167,163,169,-1,
        ]
    }
}