ISO-10303-21;
HEADER;
/* Generated by software containing ST-Developer
 * from STEP Tools, Inc. (www.steptools.com) 
 */

FILE_DESCRIPTION(
/* description */ (''),
/* implementation_level */ '2;1');

FILE_NAME(
/* name */ 'LiPo_603450_1200mAh.step',
/* time_stamp */ '2026-02-01T05:04:27+01:00',
/* author */ ('bln15'),
/* organization */ (''),
/* preprocessor_version */ 'ST-DEVELOPER v19.2',
/* originating_system */ 'Autodesk Inventor 2024',
/* authorisation */ '');

FILE_SCHEMA (('AUTOMOTIVE_DESIGN { 1 0 10303 214 3 1 1 }'));
ENDSEC;

DATA;
#10=MECHANICAL_DESIGN_GEOMETRIC_PRESENTATION_REPRESENTATION('',(#112,#113,
#114,#115,#116,#117,#118,#119,#120,#121,#122,#123,#124,#125,#126,#127,#128,
#129,#130,#131,#132,#133,#134,#135,#136,#137,#138,#139,#140,#141,#142,#143,
#144,#145,#146,#147,#148,#149,#150,#151,#152,#153,#154,#155,#156,#157,#158,
#159,#160,#161,#162,#163,#164,#165,#166),#16609);
#11=SHAPE_REPRESENTATION_RELATIONSHIP('SRR','None',#16616,#12);
#12=ADVANCED_BREP_SHAPE_REPRESENTATION('',(#13),#16608);
#13=MANIFOLD_SOLID_BREP('Solid1',#9220);
#14=SPHERICAL_SURFACE('',#9511,2.);
#15=SPHERICAL_SURFACE('',#9515,2.);
#16=SPHERICAL_SURFACE('',#9520,2.);
#17=SPHERICAL_SURFACE('',#9525,2.);
#18=SPHERICAL_SURFACE('',#9529,2.);
#19=SPHERICAL_SURFACE('',#9534,2.00000000000001);
#20=SPHERICAL_SURFACE('',#9539,2.);
#21=SPHERICAL_SURFACE('',#9545,2.);
#22=CONICAL_SURFACE('',#9505,1.6,0.113792007143708);
#23=CONICAL_SURFACE('',#9510,1.6,0.113792007143708);
#24=TOROIDAL_SURFACE('',#9498,1.6,0.2);
#25=TOROIDAL_SURFACE('',#9502,1.6,0.2);
#26=CYLINDRICAL_SURFACE('',#9497,0.2);
#27=CYLINDRICAL_SURFACE('',#9501,0.2);
#28=CYLINDRICAL_SURFACE('',#9519,2.);
#29=CYLINDRICAL_SURFACE('',#9524,2.);
#30=CYLINDRICAL_SURFACE('',#9533,2.);
#31=CYLINDRICAL_SURFACE('',#9538,2.);
#32=CYLINDRICAL_SURFACE('',#9543,2.);
#33=CYLINDRICAL_SURFACE('',#9544,2.);
#34=CYLINDRICAL_SURFACE('',#9549,2.);
#35=CYLINDRICAL_SURFACE('',#9550,2.);
#36=CYLINDRICAL_SURFACE('',#9551,2.);
#37=CYLINDRICAL_SURFACE('',#9552,2.);
#38=CYLINDRICAL_SURFACE('',#9553,2.);
#39=CYLINDRICAL_SURFACE('',#9554,2.);
#40=CIRCLE('',#9322,1.2);
#41=CIRCLE('',#9323,1.2);
#42=CIRCLE('',#9499,1.4);
#43=CIRCLE('',#9500,1.57729068176785);
#44=CIRCLE('',#9503,1.57729068176785);
#45=CIRCLE('',#9504,1.4);
#46=CIRCLE('',#9512,2.);
#47=CIRCLE('',#9513,2.);
#48=CIRCLE('',#9514,2.);
#49=CIRCLE('',#9516,2.);
#50=CIRCLE('',#9517,2.);
#51=CIRCLE('',#9518,2.);
#52=CIRCLE('',#9521,2.);
#53=CIRCLE('',#9522,2.);
#54=CIRCLE('',#9523,2.);
#55=CIRCLE('',#9526,2.);
#56=CIRCLE('',#9527,2.);
#57=CIRCLE('',#9528,2.);
#58=CIRCLE('',#9530,2.);
#59=CIRCLE('',#9531,2.);
#60=CIRCLE('',#9532,2.);
#61=CIRCLE('',#9535,2.);
#62=CIRCLE('',#9536,2.00000000000001);
#63=CIRCLE('',#9537,2.);
#64=CIRCLE('',#9540,2.00000000000001);
#65=CIRCLE('',#9541,2.);
#66=CIRCLE('',#9542,2.);
#67=CIRCLE('',#9546,2.);
#68=CIRCLE('',#9547,2.);
#69=CIRCLE('',#9548,2.);
#70=FACE_BOUND('',#943,.T.);
#71=FACE_BOUND('',#1005,.T.);
#72=FACE_BOUND('',#1052,.T.);
#73=FACE_BOUND('',#1067,.T.);
#74=FACE_BOUND('',#1068,.T.);
#75=FACE_BOUND('',#1069,.T.);
#76=FACE_BOUND('',#1070,.T.);
#77=FACE_BOUND('',#1071,.T.);
#78=FACE_BOUND('',#1072,.T.);
#79=FACE_BOUND('',#1073,.T.);
#80=FACE_BOUND('',#1074,.T.);
#81=FACE_BOUND('',#1150,.T.);
#82=FACE_BOUND('',#1164,.T.);
#83=FACE_BOUND('',#1213,.T.);
#84=FACE_BOUND('',#1236,.T.);
#85=FACE_BOUND('',#1271,.T.);
#86=FACE_BOUND('',#1285,.T.);
#87=FACE_BOUND('',#1327,.T.);
#88=FACE_BOUND('',#1371,.T.);
#89=FACE_BOUND('',#1399,.T.);
#90=FACE_BOUND('',#1400,.T.);
#91=FACE_BOUND('',#1401,.T.);
#92=FACE_BOUND('',#1402,.T.);
#93=FACE_BOUND('',#1403,.T.);
#94=FACE_BOUND('',#1404,.T.);
#95=FACE_BOUND('',#1405,.T.);
#96=FACE_BOUND('',#1406,.T.);
#97=FACE_BOUND('',#1407,.T.);
#98=FACE_BOUND('',#1408,.T.);
#99=FACE_BOUND('',#1409,.T.);
#100=FACE_BOUND('',#1410,.T.);
#101=FACE_BOUND('',#1411,.T.);
#102=FACE_BOUND('',#1412,.T.);
#103=FACE_BOUND('',#1413,.T.);
#104=FACE_BOUND('',#1414,.T.);
#105=FACE_BOUND('',#1415,.T.);
#106=FACE_BOUND('',#1416,.T.);
#107=FACE_BOUND('',#1417,.T.);
#108=FACE_BOUND('',#1418,.T.);
#109=FACE_BOUND('',#1419,.T.);
#110=FACE_BOUND('',#1420,.T.);
#111=FACE_BOUND('',#1435,.T.);
#112=STYLED_ITEM('',(#16626),#8740);
#113=STYLED_ITEM('',(#16626),#8758);
#114=STYLED_ITEM('',(#16626),#8777);
#115=STYLED_ITEM('',(#16626),#8801);
#116=STYLED_ITEM('',(#16626),#8823);
#117=STYLED_ITEM('',(#16626),#8832);
#118=STYLED_ITEM('',(#16626),#8847);
#119=STYLED_ITEM('',(#16626),#8860);
#120=STYLED_ITEM('',(#16627),#8861);
#121=STYLED_ITEM('',(#16627),#8862);
#122=STYLED_ITEM('',(#16627),#8863);
#123=STYLED_ITEM('',(#16628),#9177);
#124=STYLED_ITEM('',(#16628),#9178);
#125=STYLED_ITEM('',(#16628),#9179);
#126=STYLED_ITEM('',(#16628),#9180);
#127=STYLED_ITEM('',(#16628),#9181);
#128=STYLED_ITEM('',(#16628),#9182);
#129=STYLED_ITEM('',(#16628),#9183);
#130=STYLED_ITEM('',(#16628),#9184);
#131=STYLED_ITEM('',(#16627),#9185);
#132=STYLED_ITEM('',(#16627),#9186);
#133=STYLED_ITEM('',(#16627),#9187);
#134=STYLED_ITEM('',(#16627),#9188);
#135=STYLED_ITEM('',(#16627),#9189);
#136=STYLED_ITEM('',(#16627),#9190);
#137=STYLED_ITEM('',(#16627),#9191);
#138=STYLED_ITEM('',(#16627),#9192);
#139=STYLED_ITEM('',(#16627),#9193);
#140=STYLED_ITEM('',(#16627),#9194);
#141=STYLED_ITEM('',(#16628),#9195);
#142=STYLED_ITEM('',(#16628),#9196);
#143=STYLED_ITEM('',(#16628),#9197);
#144=STYLED_ITEM('',(#16628),#9198);
#145=STYLED_ITEM('',(#16628),#9199);
#146=STYLED_ITEM('',(#16628),#9200);
#147=STYLED_ITEM('',(#16628),#9201);
#148=STYLED_ITEM('',(#16628),#9202);
#149=STYLED_ITEM('',(#16628),#9203);
#150=STYLED_ITEM('',(#16628),#9204);
#151=STYLED_ITEM('',(#16628),#9205);
#152=STYLED_ITEM('',(#16628),#9206);
#153=STYLED_ITEM('',(#16628),#9207);
#154=STYLED_ITEM('',(#16628),#9208);
#155=STYLED_ITEM('',(#16628),#9209);
#156=STYLED_ITEM('',(#16628),#9210);
#157=STYLED_ITEM('',(#16628),#9211);
#158=STYLED_ITEM('',(#16628),#9212);
#159=STYLED_ITEM('',(#16628),#9213);
#160=STYLED_ITEM('',(#16628),#9214);
#161=STYLED_ITEM('',(#16628),#9215);
#162=STYLED_ITEM('',(#16628),#9216);
#163=STYLED_ITEM('',(#16628),#9217);
#164=STYLED_ITEM('',(#16628),#9218);
#165=STYLED_ITEM('',(#16628),#9219);
#166=STYLED_ITEM('',(#16625),#13);
#167=PLANE('',#9243);
#168=PLANE('',#9244);
#169=PLANE('',#9245);
#170=PLANE('',#9246);
#171=PLANE('',#9247);
#172=PLANE('',#9248);
#173=PLANE('',#9249);
#174=PLANE('',#9250);
#175=PLANE('',#9251);
#176=PLANE('',#9252);
#177=PLANE('',#9253);
#178=PLANE('',#9254);
#179=PLANE('',#9255);
#180=PLANE('',#9256);
#181=PLANE('',#9257);
#182=PLANE('',#9258);
#183=PLANE('',#9259);
#184=PLANE('',#9260);
#185=PLANE('',#9261);
#186=PLANE('',#9262);
#187=PLANE('',#9263);
#188=PLANE('',#9264);
#189=PLANE('',#9265);
#190=PLANE('',#9266);
#191=PLANE('',#9267);
#192=PLANE('',#9268);
#193=PLANE('',#9269);
#194=PLANE('',#9270);
#195=PLANE('',#9271);
#196=PLANE('',#9272);
#197=PLANE('',#9273);
#198=PLANE('',#9274);
#199=PLANE('',#9275);
#200=PLANE('',#9276);
#201=PLANE('',#9277);
#202=PLANE('',#9278);
#203=PLANE('',#9279);
#204=PLANE('',#9280);
#205=PLANE('',#9281);
#206=PLANE('',#9282);
#207=PLANE('',#9283);
#208=PLANE('',#9284);
#209=PLANE('',#9285);
#210=PLANE('',#9286);
#211=PLANE('',#9287);
#212=PLANE('',#9288);
#213=PLANE('',#9289);
#214=PLANE('',#9290);
#215=PLANE('',#9291);
#216=PLANE('',#9292);
#217=PLANE('',#9293);
#218=PLANE('',#9294);
#219=PLANE('',#9295);
#220=PLANE('',#9296);
#221=PLANE('',#9297);
#222=PLANE('',#9298);
#223=PLANE('',#9299);
#224=PLANE('',#9300);
#225=PLANE('',#9301);
#226=PLANE('',#9302);
#227=PLANE('',#9303);
#228=PLANE('',#9304);
#229=PLANE('',#9305);
#230=PLANE('',#9306);
#231=PLANE('',#9307);
#232=PLANE('',#9308);
#233=PLANE('',#9309);
#234=PLANE('',#9310);
#235=PLANE('',#9311);
#236=PLANE('',#9312);
#237=PLANE('',#9313);
#238=PLANE('',#9314);
#239=PLANE('',#9315);
#240=PLANE('',#9316);
#241=PLANE('',#9317);
#242=PLANE('',#9318);
#243=PLANE('',#9319);
#244=PLANE('',#9320);
#245=PLANE('',#9321);
#246=PLANE('',#9324);
#247=PLANE('',#9325);
#248=PLANE('',#9326);
#249=PLANE('',#9327);
#250=PLANE('',#9328);
#251=PLANE('',#9329);
#252=PLANE('',#9330);
#253=PLANE('',#9331);
#254=PLANE('',#9332);
#255=PLANE('',#9333);
#256=PLANE('',#9334);
#257=PLANE('',#9335);
#258=PLANE('',#9336);
#259=PLANE('',#9337);
#260=PLANE('',#9338);
#261=PLANE('',#9339);
#262=PLANE('',#9340);
#263=PLANE('',#9341);
#264=PLANE('',#9342);
#265=PLANE('',#9343);
#266=PLANE('',#9344);
#267=PLANE('',#9345);
#268=PLANE('',#9346);
#269=PLANE('',#9347);
#270=PLANE('',#9348);
#271=PLANE('',#9349);
#272=PLANE('',#9350);
#273=PLANE('',#9351);
#274=PLANE('',#9352);
#275=PLANE('',#9353);
#276=PLANE('',#9354);
#277=PLANE('',#9355);
#278=PLANE('',#9356);
#279=PLANE('',#9357);
#280=PLANE('',#9358);
#281=PLANE('',#9359);
#282=PLANE('',#9360);
#283=PLANE('',#9361);
#284=PLANE('',#9362);
#285=PLANE('',#9363);
#286=PLANE('',#9364);
#287=PLANE('',#9365);
#288=PLANE('',#9366);
#289=PLANE('',#9367);
#290=PLANE('',#9368);
#291=PLANE('',#9369);
#292=PLANE('',#9370);
#293=PLANE('',#9371);
#294=PLANE('',#9372);
#295=PLANE('',#9373);
#296=PLANE('',#9374);
#297=PLANE('',#9375);
#298=PLANE('',#9376);
#299=PLANE('',#9377);
#300=PLANE('',#9378);
#301=PLANE('',#9379);
#302=PLANE('',#9380);
#303=PLANE('',#9381);
#304=PLANE('',#9382);
#305=PLANE('',#9383);
#306=PLANE('',#9384);
#307=PLANE('',#9385);
#308=PLANE('',#9386);
#309=PLANE('',#9387);
#310=PLANE('',#9388);
#311=PLANE('',#9389);
#312=PLANE('',#9390);
#313=PLANE('',#9391);
#314=PLANE('',#9392);
#315=PLANE('',#9393);
#316=PLANE('',#9394);
#317=PLANE('',#9395);
#318=PLANE('',#9396);
#319=PLANE('',#9397);
#320=PLANE('',#9398);
#321=PLANE('',#9399);
#322=PLANE('',#9400);
#323=PLANE('',#9401);
#324=PLANE('',#9402);
#325=PLANE('',#9403);
#326=PLANE('',#9404);
#327=PLANE('',#9405);
#328=PLANE('',#9406);
#329=PLANE('',#9407);
#330=PLANE('',#9408);
#331=PLANE('',#9409);
#332=PLANE('',#9410);
#333=PLANE('',#9411);
#334=PLANE('',#9412);
#335=PLANE('',#9413);
#336=PLANE('',#9414);
#337=PLANE('',#9415);
#338=PLANE('',#9416);
#339=PLANE('',#9417);
#340=PLANE('',#9418);
#341=PLANE('',#9419);
#342=PLANE('',#9420);
#343=PLANE('',#9421);
#344=PLANE('',#9422);
#345=PLANE('',#9423);
#346=PLANE('',#9424);
#347=PLANE('',#9425);
#348=PLANE('',#9426);
#349=PLANE('',#9427);
#350=PLANE('',#9428);
#351=PLANE('',#9429);
#352=PLANE('',#9430);
#353=PLANE('',#9431);
#354=PLANE('',#9432);
#355=PLANE('',#9433);
#356=PLANE('',#9434);
#357=PLANE('',#9435);
#358=PLANE('',#9436);
#359=PLANE('',#9437);
#360=PLANE('',#9438);
#361=PLANE('',#9439);
#362=PLANE('',#9440);
#363=PLANE('',#9441);
#364=PLANE('',#9442);
#365=PLANE('',#9443);
#366=PLANE('',#9444);
#367=PLANE('',#9445);
#368=PLANE('',#9446);
#369=PLANE('',#9447);
#370=PLANE('',#9448);
#371=PLANE('',#9449);
#372=PLANE('',#9450);
#373=PLANE('',#9451);
#374=PLANE('',#9452);
#375=PLANE('',#9453);
#376=PLANE('',#9454);
#377=PLANE('',#9455);
#378=PLANE('',#9456);
#379=PLANE('',#9457);
#380=PLANE('',#9458);
#381=PLANE('',#9459);
#382=PLANE('',#9460);
#383=PLANE('',#9461);
#384=PLANE('',#9462);
#385=PLANE('',#9463);
#386=PLANE('',#9464);
#387=PLANE('',#9465);
#388=PLANE('',#9466);
#389=PLANE('',#9467);
#390=PLANE('',#9468);
#391=PLANE('',#9469);
#392=PLANE('',#9470);
#393=PLANE('',#9471);
#394=PLANE('',#9472);
#395=PLANE('',#9473);
#396=PLANE('',#9474);
#397=PLANE('',#9475);
#398=PLANE('',#9476);
#399=PLANE('',#9477);
#400=PLANE('',#9478);
#401=PLANE('',#9479);
#402=PLANE('',#9480);
#403=PLANE('',#9481);
#404=PLANE('',#9482);
#405=PLANE('',#9483);
#406=PLANE('',#9484);
#407=PLANE('',#9485);
#408=PLANE('',#9486);
#409=PLANE('',#9487);
#410=PLANE('',#9488);
#411=PLANE('',#9489);
#412=PLANE('',#9490);
#413=PLANE('',#9491);
#414=PLANE('',#9492);
#415=PLANE('',#9493);
#416=PLANE('',#9494);
#417=PLANE('',#9495);
#418=PLANE('',#9496);
#419=PLANE('',#9506);
#420=PLANE('',#9507);
#421=PLANE('',#9508);
#422=PLANE('',#9509);
#423=PLANE('',#9555);
#424=PLANE('',#9556);
#425=PLANE('',#9557);
#426=PLANE('',#9558);
#427=PLANE('',#9559);
#428=FACE_OUTER_BOUND('',#925,.T.);
#429=FACE_OUTER_BOUND('',#926,.T.);
#430=FACE_OUTER_BOUND('',#927,.T.);
#431=FACE_OUTER_BOUND('',#928,.T.);
#432=FACE_OUTER_BOUND('',#929,.T.);
#433=FACE_OUTER_BOUND('',#930,.T.);
#434=FACE_OUTER_BOUND('',#931,.T.);
#435=FACE_OUTER_BOUND('',#932,.T.);
#436=FACE_OUTER_BOUND('',#933,.T.);
#437=FACE_OUTER_BOUND('',#934,.T.);
#438=FACE_OUTER_BOUND('',#935,.T.);
#439=FACE_OUTER_BOUND('',#936,.T.);
#440=FACE_OUTER_BOUND('',#937,.T.);
#441=FACE_OUTER_BOUND('',#938,.T.);
#442=FACE_OUTER_BOUND('',#939,.T.);
#443=FACE_OUTER_BOUND('',#940,.T.);
#444=FACE_OUTER_BOUND('',#941,.T.);
#445=FACE_OUTER_BOUND('',#942,.T.);
#446=FACE_OUTER_BOUND('',#944,.T.);
#447=FACE_OUTER_BOUND('',#945,.T.);
#448=FACE_OUTER_BOUND('',#946,.T.);
#449=FACE_OUTER_BOUND('',#947,.T.);
#450=FACE_OUTER_BOUND('',#948,.T.);
#451=FACE_OUTER_BOUND('',#949,.T.);
#452=FACE_OUTER_BOUND('',#950,.T.);
#453=FACE_OUTER_BOUND('',#951,.T.);
#454=FACE_OUTER_BOUND('',#952,.T.);
#455=FACE_OUTER_BOUND('',#953,.T.);
#456=FACE_OUTER_BOUND('',#954,.T.);
#457=FACE_OUTER_BOUND('',#955,.T.);
#458=FACE_OUTER_BOUND('',#956,.T.);
#459=FACE_OUTER_BOUND('',#957,.T.);
#460=FACE_OUTER_BOUND('',#958,.T.);
#461=FACE_OUTER_BOUND('',#959,.T.);
#462=FACE_OUTER_BOUND('',#960,.T.);
#463=FACE_OUTER_BOUND('',#961,.T.);
#464=FACE_OUTER_BOUND('',#962,.T.);
#465=FACE_OUTER_BOUND('',#963,.T.);
#466=FACE_OUTER_BOUND('',#964,.T.);
#467=FACE_OUTER_BOUND('',#965,.T.);
#468=FACE_OUTER_BOUND('',#966,.T.);
#469=FACE_OUTER_BOUND('',#967,.T.);
#470=FACE_OUTER_BOUND('',#968,.T.);
#471=FACE_OUTER_BOUND('',#969,.T.);
#472=FACE_OUTER_BOUND('',#970,.T.);
#473=FACE_OUTER_BOUND('',#971,.T.);
#474=FACE_OUTER_BOUND('',#972,.T.);
#475=FACE_OUTER_BOUND('',#973,.T.);
#476=FACE_OUTER_BOUND('',#974,.T.);
#477=FACE_OUTER_BOUND('',#975,.T.);
#478=FACE_OUTER_BOUND('',#976,.T.);
#479=FACE_OUTER_BOUND('',#977,.T.);
#480=FACE_OUTER_BOUND('',#978,.T.);
#481=FACE_OUTER_BOUND('',#979,.T.);
#482=FACE_OUTER_BOUND('',#980,.T.);
#483=FACE_OUTER_BOUND('',#981,.T.);
#484=FACE_OUTER_BOUND('',#982,.T.);
#485=FACE_OUTER_BOUND('',#983,.T.);
#486=FACE_OUTER_BOUND('',#984,.T.);
#487=FACE_OUTER_BOUND('',#985,.T.);
#488=FACE_OUTER_BOUND('',#986,.T.);
#489=FACE_OUTER_BOUND('',#987,.T.);
#490=FACE_OUTER_BOUND('',#988,.T.);
#491=FACE_OUTER_BOUND('',#989,.T.);
#492=FACE_OUTER_BOUND('',#990,.T.);
#493=FACE_OUTER_BOUND('',#991,.T.);
#494=FACE_OUTER_BOUND('',#992,.T.);
#495=FACE_OUTER_BOUND('',#993,.T.);
#496=FACE_OUTER_BOUND('',#994,.T.);
#497=FACE_OUTER_BOUND('',#995,.T.);
#498=FACE_OUTER_BOUND('',#996,.T.);
#499=FACE_OUTER_BOUND('',#997,.T.);
#500=FACE_OUTER_BOUND('',#998,.T.);
#501=FACE_OUTER_BOUND('',#999,.T.);
#502=FACE_OUTER_BOUND('',#1000,.T.);
#503=FACE_OUTER_BOUND('',#1001,.T.);
#504=FACE_OUTER_BOUND('',#1002,.T.);
#505=FACE_OUTER_BOUND('',#1003,.T.);
#506=FACE_OUTER_BOUND('',#1004,.T.);
#507=FACE_OUTER_BOUND('',#1006,.T.);
#508=FACE_OUTER_BOUND('',#1007,.T.);
#509=FACE_OUTER_BOUND('',#1008,.T.);
#510=FACE_OUTER_BOUND('',#1009,.T.);
#511=FACE_OUTER_BOUND('',#1010,.T.);
#512=FACE_OUTER_BOUND('',#1011,.T.);
#513=FACE_OUTER_BOUND('',#1012,.T.);
#514=FACE_OUTER_BOUND('',#1013,.T.);
#515=FACE_OUTER_BOUND('',#1014,.T.);
#516=FACE_OUTER_BOUND('',#1015,.T.);
#517=FACE_OUTER_BOUND('',#1016,.T.);
#518=FACE_OUTER_BOUND('',#1017,.T.);
#519=FACE_OUTER_BOUND('',#1018,.T.);
#520=FACE_OUTER_BOUND('',#1019,.T.);
#521=FACE_OUTER_BOUND('',#1020,.T.);
#522=FACE_OUTER_BOUND('',#1021,.T.);
#523=FACE_OUTER_BOUND('',#1022,.T.);
#524=FACE_OUTER_BOUND('',#1023,.T.);
#525=FACE_OUTER_BOUND('',#1024,.T.);
#526=FACE_OUTER_BOUND('',#1025,.T.);
#527=FACE_OUTER_BOUND('',#1026,.T.);
#528=FACE_OUTER_BOUND('',#1027,.T.);
#529=FACE_OUTER_BOUND('',#1028,.T.);
#530=FACE_OUTER_BOUND('',#1029,.T.);
#531=FACE_OUTER_BOUND('',#1030,.T.);
#532=FACE_OUTER_BOUND('',#1031,.T.);
#533=FACE_OUTER_BOUND('',#1032,.T.);
#534=FACE_OUTER_BOUND('',#1033,.T.);
#535=FACE_OUTER_BOUND('',#1034,.T.);
#536=FACE_OUTER_BOUND('',#1035,.T.);
#537=FACE_OUTER_BOUND('',#1036,.T.);
#538=FACE_OUTER_BOUND('',#1037,.T.);
#539=FACE_OUTER_BOUND('',#1038,.T.);
#540=FACE_OUTER_BOUND('',#1039,.T.);
#541=FACE_OUTER_BOUND('',#1040,.T.);
#542=FACE_OUTER_BOUND('',#1041,.T.);
#543=FACE_OUTER_BOUND('',#1042,.T.);
#544=FACE_OUTER_BOUND('',#1043,.T.);
#545=FACE_OUTER_BOUND('',#1044,.T.);
#546=FACE_OUTER_BOUND('',#1045,.T.);
#547=FACE_OUTER_BOUND('',#1046,.T.);
#548=FACE_OUTER_BOUND('',#1047,.T.);
#549=FACE_OUTER_BOUND('',#1048,.T.);
#550=FACE_OUTER_BOUND('',#1049,.T.);
#551=FACE_OUTER_BOUND('',#1050,.T.);
#552=FACE_OUTER_BOUND('',#1051,.T.);
#553=FACE_OUTER_BOUND('',#1053,.T.);
#554=FACE_OUTER_BOUND('',#1054,.T.);
#555=FACE_OUTER_BOUND('',#1055,.T.);
#556=FACE_OUTER_BOUND('',#1056,.T.);
#557=FACE_OUTER_BOUND('',#1057,.T.);
#558=FACE_OUTER_BOUND('',#1058,.T.);
#559=FACE_OUTER_BOUND('',#1059,.T.);
#560=FACE_OUTER_BOUND('',#1060,.T.);
#561=FACE_OUTER_BOUND('',#1061,.T.);
#562=FACE_OUTER_BOUND('',#1062,.T.);
#563=FACE_OUTER_BOUND('',#1063,.T.);
#564=FACE_OUTER_BOUND('',#1064,.T.);
#565=FACE_OUTER_BOUND('',#1065,.T.);
#566=FACE_OUTER_BOUND('',#1066,.T.);
#567=FACE_OUTER_BOUND('',#1075,.T.);
#568=FACE_OUTER_BOUND('',#1076,.T.);
#569=FACE_OUTER_BOUND('',#1077,.T.);
#570=FACE_OUTER_BOUND('',#1078,.T.);
#571=FACE_OUTER_BOUND('',#1079,.T.);
#572=FACE_OUTER_BOUND('',#1080,.T.);
#573=FACE_OUTER_BOUND('',#1081,.T.);
#574=FACE_OUTER_BOUND('',#1082,.T.);
#575=FACE_OUTER_BOUND('',#1083,.T.);
#576=FACE_OUTER_BOUND('',#1084,.T.);
#577=FACE_OUTER_BOUND('',#1085,.T.);
#578=FACE_OUTER_BOUND('',#1086,.T.);
#579=FACE_OUTER_BOUND('',#1087,.T.);
#580=FACE_OUTER_BOUND('',#1088,.T.);
#581=FACE_OUTER_BOUND('',#1089,.T.);
#582=FACE_OUTER_BOUND('',#1090,.T.);
#583=FACE_OUTER_BOUND('',#1091,.T.);
#584=FACE_OUTER_BOUND('',#1092,.T.);
#585=FACE_OUTER_BOUND('',#1093,.T.);
#586=FACE_OUTER_BOUND('',#1094,.T.);
#587=FACE_OUTER_BOUND('',#1095,.T.);
#588=FACE_OUTER_BOUND('',#1096,.T.);
#589=FACE_OUTER_BOUND('',#1097,.T.);
#590=FACE_OUTER_BOUND('',#1098,.T.);
#591=FACE_OUTER_BOUND('',#1099,.T.);
#592=FACE_OUTER_BOUND('',#1100,.T.);
#593=FACE_OUTER_BOUND('',#1101,.T.);
#594=FACE_OUTER_BOUND('',#1102,.T.);
#595=FACE_OUTER_BOUND('',#1103,.T.);
#596=FACE_OUTER_BOUND('',#1104,.T.);
#597=FACE_OUTER_BOUND('',#1105,.T.);
#598=FACE_OUTER_BOUND('',#1106,.T.);
#599=FACE_OUTER_BOUND('',#1107,.T.);
#600=FACE_OUTER_BOUND('',#1108,.T.);
#601=FACE_OUTER_BOUND('',#1109,.T.);
#602=FACE_OUTER_BOUND('',#1110,.T.);
#603=FACE_OUTER_BOUND('',#1111,.T.);
#604=FACE_OUTER_BOUND('',#1112,.T.);
#605=FACE_OUTER_BOUND('',#1113,.T.);
#606=FACE_OUTER_BOUND('',#1114,.T.);
#607=FACE_OUTER_BOUND('',#1115,.T.);
#608=FACE_OUTER_BOUND('',#1116,.T.);
#609=FACE_OUTER_BOUND('',#1117,.T.);
#610=FACE_OUTER_BOUND('',#1118,.T.);
#611=FACE_OUTER_BOUND('',#1119,.T.);
#612=FACE_OUTER_BOUND('',#1120,.T.);
#613=FACE_OUTER_BOUND('',#1121,.T.);
#614=FACE_OUTER_BOUND('',#1122,.T.);
#615=FACE_OUTER_BOUND('',#1123,.T.);
#616=FACE_OUTER_BOUND('',#1124,.T.);
#617=FACE_OUTER_BOUND('',#1125,.T.);
#618=FACE_OUTER_BOUND('',#1126,.T.);
#619=FACE_OUTER_BOUND('',#1127,.T.);
#620=FACE_OUTER_BOUND('',#1128,.T.);
#621=FACE_OUTER_BOUND('',#1129,.T.);
#622=FACE_OUTER_BOUND('',#1130,.T.);
#623=FACE_OUTER_BOUND('',#1131,.T.);
#624=FACE_OUTER_BOUND('',#1132,.T.);
#625=FACE_OUTER_BOUND('',#1133,.T.);
#626=FACE_OUTER_BOUND('',#1134,.T.);
#627=FACE_OUTER_BOUND('',#1135,.T.);
#628=FACE_OUTER_BOUND('',#1136,.T.);
#629=FACE_OUTER_BOUND('',#1137,.T.);
#630=FACE_OUTER_BOUND('',#1138,.T.);
#631=FACE_OUTER_BOUND('',#1139,.T.);
#632=FACE_OUTER_BOUND('',#1140,.T.);
#633=FACE_OUTER_BOUND('',#1141,.T.);
#634=FACE_OUTER_BOUND('',#1142,.T.);
#635=FACE_OUTER_BOUND('',#1143,.T.);
#636=FACE_OUTER_BOUND('',#1144,.T.);
#637=FACE_OUTER_BOUND('',#1145,.T.);
#638=FACE_OUTER_BOUND('',#1146,.T.);
#639=FACE_OUTER_BOUND('',#1147,.T.);
#640=FACE_OUTER_BOUND('',#1148,.T.);
#641=FACE_OUTER_BOUND('',#1149,.T.);
#642=FACE_OUTER_BOUND('',#1151,.T.);
#643=FACE_OUTER_BOUND('',#1152,.T.);
#644=FACE_OUTER_BOUND('',#1153,.T.);
#645=FACE_OUTER_BOUND('',#1154,.T.);
#646=FACE_OUTER_BOUND('',#1155,.T.);
#647=FACE_OUTER_BOUND('',#1156,.T.);
#648=FACE_OUTER_BOUND('',#1157,.T.);
#649=FACE_OUTER_BOUND('',#1158,.T.);
#650=FACE_OUTER_BOUND('',#1159,.T.);
#651=FACE_OUTER_BOUND('',#1160,.T.);
#652=FACE_OUTER_BOUND('',#1161,.T.);
#653=FACE_OUTER_BOUND('',#1162,.T.);
#654=FACE_OUTER_BOUND('',#1163,.T.);
#655=FACE_OUTER_BOUND('',#1165,.T.);
#656=FACE_OUTER_BOUND('',#1166,.T.);
#657=FACE_OUTER_BOUND('',#1167,.T.);
#658=FACE_OUTER_BOUND('',#1168,.T.);
#659=FACE_OUTER_BOUND('',#1169,.T.);
#660=FACE_OUTER_BOUND('',#1170,.T.);
#661=FACE_OUTER_BOUND('',#1171,.T.);
#662=FACE_OUTER_BOUND('',#1172,.T.);
#663=FACE_OUTER_BOUND('',#1173,.T.);
#664=FACE_OUTER_BOUND('',#1174,.T.);
#665=FACE_OUTER_BOUND('',#1175,.T.);
#666=FACE_OUTER_BOUND('',#1176,.T.);
#667=FACE_OUTER_BOUND('',#1177,.T.);
#668=FACE_OUTER_BOUND('',#1178,.T.);
#669=FACE_OUTER_BOUND('',#1179,.T.);
#670=FACE_OUTER_BOUND('',#1180,.T.);
#671=FACE_OUTER_BOUND('',#1181,.T.);
#672=FACE_OUTER_BOUND('',#1182,.T.);
#673=FACE_OUTER_BOUND('',#1183,.T.);
#674=FACE_OUTER_BOUND('',#1184,.T.);
#675=FACE_OUTER_BOUND('',#1185,.T.);
#676=FACE_OUTER_BOUND('',#1186,.T.);
#677=FACE_OUTER_BOUND('',#1187,.T.);
#678=FACE_OUTER_BOUND('',#1188,.T.);
#679=FACE_OUTER_BOUND('',#1189,.T.);
#680=FACE_OUTER_BOUND('',#1190,.T.);
#681=FACE_OUTER_BOUND('',#1191,.T.);
#682=FACE_OUTER_BOUND('',#1192,.T.);
#683=FACE_OUTER_BOUND('',#1193,.T.);
#684=FACE_OUTER_BOUND('',#1194,.T.);
#685=FACE_OUTER_BOUND('',#1195,.T.);
#686=FACE_OUTER_BOUND('',#1196,.T.);
#687=FACE_OUTER_BOUND('',#1197,.T.);
#688=FACE_OUTER_BOUND('',#1198,.T.);
#689=FACE_OUTER_BOUND('',#1199,.T.);
#690=FACE_OUTER_BOUND('',#1200,.T.);
#691=FACE_OUTER_BOUND('',#1201,.T.);
#692=FACE_OUTER_BOUND('',#1202,.T.);
#693=FACE_OUTER_BOUND('',#1203,.T.);
#694=FACE_OUTER_BOUND('',#1204,.T.);
#695=FACE_OUTER_BOUND('',#1205,.T.);
#696=FACE_OUTER_BOUND('',#1206,.T.);
#697=FACE_OUTER_BOUND('',#1207,.T.);
#698=FACE_OUTER_BOUND('',#1208,.T.);
#699=FACE_OUTER_BOUND('',#1209,.T.);
#700=FACE_OUTER_BOUND('',#1210,.T.);
#701=FACE_OUTER_BOUND('',#1211,.T.);
#702=FACE_OUTER_BOUND('',#1212,.T.);
#703=FACE_OUTER_BOUND('',#1214,.T.);
#704=FACE_OUTER_BOUND('',#1215,.T.);
#705=FACE_OUTER_BOUND('',#1216,.T.);
#706=FACE_OUTER_BOUND('',#1217,.T.);
#707=FACE_OUTER_BOUND('',#1218,.T.);
#708=FACE_OUTER_BOUND('',#1219,.T.);
#709=FACE_OUTER_BOUND('',#1220,.T.);
#710=FACE_OUTER_BOUND('',#1221,.T.);
#711=FACE_OUTER_BOUND('',#1222,.T.);
#712=FACE_OUTER_BOUND('',#1223,.T.);
#713=FACE_OUTER_BOUND('',#1224,.T.);
#714=FACE_OUTER_BOUND('',#1225,.T.);
#715=FACE_OUTER_BOUND('',#1226,.T.);
#716=FACE_OUTER_BOUND('',#1227,.T.);
#717=FACE_OUTER_BOUND('',#1228,.T.);
#718=FACE_OUTER_BOUND('',#1229,.T.);
#719=FACE_OUTER_BOUND('',#1230,.T.);
#720=FACE_OUTER_BOUND('',#1231,.T.);
#721=FACE_OUTER_BOUND('',#1232,.T.);
#722=FACE_OUTER_BOUND('',#1233,.T.);
#723=FACE_OUTER_BOUND('',#1234,.T.);
#724=FACE_OUTER_BOUND('',#1235,.T.);
#725=FACE_OUTER_BOUND('',#1237,.T.);
#726=FACE_OUTER_BOUND('',#1238,.T.);
#727=FACE_OUTER_BOUND('',#1239,.T.);
#728=FACE_OUTER_BOUND('',#1240,.T.);
#729=FACE_OUTER_BOUND('',#1241,.T.);
#730=FACE_OUTER_BOUND('',#1242,.T.);
#731=FACE_OUTER_BOUND('',#1243,.T.);
#732=FACE_OUTER_BOUND('',#1244,.T.);
#733=FACE_OUTER_BOUND('',#1245,.T.);
#734=FACE_OUTER_BOUND('',#1246,.T.);
#735=FACE_OUTER_BOUND('',#1247,.T.);
#736=FACE_OUTER_BOUND('',#1248,.T.);
#737=FACE_OUTER_BOUND('',#1249,.T.);
#738=FACE_OUTER_BOUND('',#1250,.T.);
#739=FACE_OUTER_BOUND('',#1251,.T.);
#740=FACE_OUTER_BOUND('',#1252,.T.);
#741=FACE_OUTER_BOUND('',#1253,.T.);
#742=FACE_OUTER_BOUND('',#1254,.T.);
#743=FACE_OUTER_BOUND('',#1255,.T.);
#744=FACE_OUTER_BOUND('',#1256,.T.);
#745=FACE_OUTER_BOUND('',#1257,.T.);
#746=FACE_OUTER_BOUND('',#1258,.T.);
#747=FACE_OUTER_BOUND('',#1259,.T.);
#748=FACE_OUTER_BOUND('',#1260,.T.);
#749=FACE_OUTER_BOUND('',#1261,.T.);
#750=FACE_OUTER_BOUND('',#1262,.T.);
#751=FACE_OUTER_BOUND('',#1263,.T.);
#752=FACE_OUTER_BOUND('',#1264,.T.);
#753=FACE_OUTER_BOUND('',#1265,.T.);
#754=FACE_OUTER_BOUND('',#1266,.T.);
#755=FACE_OUTER_BOUND('',#1267,.T.);
#756=FACE_OUTER_BOUND('',#1268,.T.);
#757=FACE_OUTER_BOUND('',#1269,.T.);
#758=FACE_OUTER_BOUND('',#1270,.T.);
#759=FACE_OUTER_BOUND('',#1272,.T.);
#760=FACE_OUTER_BOUND('',#1273,.T.);
#761=FACE_OUTER_BOUND('',#1274,.T.);
#762=FACE_OUTER_BOUND('',#1275,.T.);
#763=FACE_OUTER_BOUND('',#1276,.T.);
#764=FACE_OUTER_BOUND('',#1277,.T.);
#765=FACE_OUTER_BOUND('',#1278,.T.);
#766=FACE_OUTER_BOUND('',#1279,.T.);
#767=FACE_OUTER_BOUND('',#1280,.T.);
#768=FACE_OUTER_BOUND('',#1281,.T.);
#769=FACE_OUTER_BOUND('',#1282,.T.);
#770=FACE_OUTER_BOUND('',#1283,.T.);
#771=FACE_OUTER_BOUND('',#1284,.T.);
#772=FACE_OUTER_BOUND('',#1286,.T.);
#773=FACE_OUTER_BOUND('',#1287,.T.);
#774=FACE_OUTER_BOUND('',#1288,.T.);
#775=FACE_OUTER_BOUND('',#1289,.T.);
#776=FACE_OUTER_BOUND('',#1290,.T.);
#777=FACE_OUTER_BOUND('',#1291,.T.);
#778=FACE_OUTER_BOUND('',#1292,.T.);
#779=FACE_OUTER_BOUND('',#1293,.T.);
#780=FACE_OUTER_BOUND('',#1294,.T.);
#781=FACE_OUTER_BOUND('',#1295,.T.);
#782=FACE_OUTER_BOUND('',#1296,.T.);
#783=FACE_OUTER_BOUND('',#1297,.T.);
#784=FACE_OUTER_BOUND('',#1298,.T.);
#785=FACE_OUTER_BOUND('',#1299,.T.);
#786=FACE_OUTER_BOUND('',#1300,.T.);
#787=FACE_OUTER_BOUND('',#1301,.T.);
#788=FACE_OUTER_BOUND('',#1302,.T.);
#789=FACE_OUTER_BOUND('',#1303,.T.);
#790=FACE_OUTER_BOUND('',#1304,.T.);
#791=FACE_OUTER_BOUND('',#1305,.T.);
#792=FACE_OUTER_BOUND('',#1306,.T.);
#793=FACE_OUTER_BOUND('',#1307,.T.);
#794=FACE_OUTER_BOUND('',#1308,.T.);
#795=FACE_OUTER_BOUND('',#1309,.T.);
#796=FACE_OUTER_BOUND('',#1310,.T.);
#797=FACE_OUTER_BOUND('',#1311,.T.);
#798=FACE_OUTER_BOUND('',#1312,.T.);
#799=FACE_OUTER_BOUND('',#1313,.T.);
#800=FACE_OUTER_BOUND('',#1314,.T.);
#801=FACE_OUTER_BOUND('',#1315,.T.);
#802=FACE_OUTER_BOUND('',#1316,.T.);
#803=FACE_OUTER_BOUND('',#1317,.T.);
#804=FACE_OUTER_BOUND('',#1318,.T.);
#805=FACE_OUTER_BOUND('',#1319,.T.);
#806=FACE_OUTER_BOUND('',#1320,.T.);
#807=FACE_OUTER_BOUND('',#1321,.T.);
#808=FACE_OUTER_BOUND('',#1322,.T.);
#809=FACE_OUTER_BOUND('',#1323,.T.);
#810=FACE_OUTER_BOUND('',#1324,.T.);
#811=FACE_OUTER_BOUND('',#1325,.T.);
#812=FACE_OUTER_BOUND('',#1326,.T.);
#813=FACE_OUTER_BOUND('',#1328,.T.);
#814=FACE_OUTER_BOUND('',#1329,.T.);
#815=FACE_OUTER_BOUND('',#1330,.T.);
#816=FACE_OUTER_BOUND('',#1331,.T.);
#817=FACE_OUTER_BOUND('',#1332,.T.);
#818=FACE_OUTER_BOUND('',#1333,.T.);
#819=FACE_OUTER_BOUND('',#1334,.T.);
#820=FACE_OUTER_BOUND('',#1335,.T.);
#821=FACE_OUTER_BOUND('',#1336,.T.);
#822=FACE_OUTER_BOUND('',#1337,.T.);
#823=FACE_OUTER_BOUND('',#1338,.T.);
#824=FACE_OUTER_BOUND('',#1339,.T.);
#825=FACE_OUTER_BOUND('',#1340,.T.);
#826=FACE_OUTER_BOUND('',#1341,.T.);
#827=FACE_OUTER_BOUND('',#1342,.T.);
#828=FACE_OUTER_BOUND('',#1343,.T.);
#829=FACE_OUTER_BOUND('',#1344,.T.);
#830=FACE_OUTER_BOUND('',#1345,.T.);
#831=FACE_OUTER_BOUND('',#1346,.T.);
#832=FACE_OUTER_BOUND('',#1347,.T.);
#833=FACE_OUTER_BOUND('',#1348,.T.);
#834=FACE_OUTER_BOUND('',#1349,.T.);
#835=FACE_OUTER_BOUND('',#1350,.T.);
#836=FACE_OUTER_BOUND('',#1351,.T.);
#837=FACE_OUTER_BOUND('',#1352,.T.);
#838=FACE_OUTER_BOUND('',#1353,.T.);
#839=FACE_OUTER_BOUND('',#1354,.T.);
#840=FACE_OUTER_BOUND('',#1355,.T.);
#841=FACE_OUTER_BOUND('',#1356,.T.);
#842=FACE_OUTER_BOUND('',#1357,.T.);
#843=FACE_OUTER_BOUND('',#1358,.T.);
#844=FACE_OUTER_BOUND('',#1359,.T.);
#845=FACE_OUTER_BOUND('',#1360,.T.);
#846=FACE_OUTER_BOUND('',#1361,.T.);
#847=FACE_OUTER_BOUND('',#1362,.T.);
#848=FACE_OUTER_BOUND('',#1363,.T.);
#849=FACE_OUTER_BOUND('',#1364,.T.);
#850=FACE_OUTER_BOUND('',#1365,.T.);
#851=FACE_OUTER_BOUND('',#1366,.T.);
#852=FACE_OUTER_BOUND('',#1367,.T.);
#853=FACE_OUTER_BOUND('',#1368,.T.);
#854=FACE_OUTER_BOUND('',#1369,.T.);
#855=FACE_OUTER_BOUND('',#1370,.T.);
#856=FACE_OUTER_BOUND('',#1372,.T.);
#857=FACE_OUTER_BOUND('',#1373,.T.);
#858=FACE_OUTER_BOUND('',#1374,.T.);
#859=FACE_OUTER_BOUND('',#1375,.T.);
#860=FACE_OUTER_BOUND('',#1376,.T.);
#861=FACE_OUTER_BOUND('',#1377,.T.);
#862=FACE_OUTER_BOUND('',#1378,.T.);
#863=FACE_OUTER_BOUND('',#1379,.T.);
#864=FACE_OUTER_BOUND('',#1380,.T.);
#865=FACE_OUTER_BOUND('',#1381,.T.);
#866=FACE_OUTER_BOUND('',#1382,.T.);
#867=FACE_OUTER_BOUND('',#1383,.T.);
#868=FACE_OUTER_BOUND('',#1384,.T.);
#869=FACE_OUTER_BOUND('',#1385,.T.);
#870=FACE_OUTER_BOUND('',#1386,.T.);
#871=FACE_OUTER_BOUND('',#1387,.T.);
#872=FACE_OUTER_BOUND('',#1388,.T.);
#873=FACE_OUTER_BOUND('',#1389,.T.);
#874=FACE_OUTER_BOUND('',#1390,.T.);
#875=FACE_OUTER_BOUND('',#1391,.T.);
#876=FACE_OUTER_BOUND('',#1392,.T.);
#877=FACE_OUTER_BOUND('',#1393,.T.);
#878=FACE_OUTER_BOUND('',#1394,.T.);
#879=FACE_OUTER_BOUND('',#1395,.T.);
#880=FACE_OUTER_BOUND('',#1396,.T.);
#881=FACE_OUTER_BOUND('',#1397,.T.);
#882=FACE_OUTER_BOUND('',#1398,.T.);
#883=FACE_OUTER_BOUND('',#1421,.T.);
#884=FACE_OUTER_BOUND('',#1422,.T.);
#885=FACE_OUTER_BOUND('',#1423,.T.);
#886=FACE_OUTER_BOUND('',#1424,.T.);
#887=FACE_OUTER_BOUND('',#1425,.T.);
#888=FACE_OUTER_BOUND('',#1426,.T.);
#889=FACE_OUTER_BOUND('',#1427,.T.);
#890=FACE_OUTER_BOUND('',#1428,.T.);
#891=FACE_OUTER_BOUND('',#1429,.T.);
#892=FACE_OUTER_BOUND('',#1430,.T.);
#893=FACE_OUTER_BOUND('',#1431,.T.);
#894=FACE_OUTER_BOUND('',#1432,.T.);
#895=FACE_OUTER_BOUND('',#1433,.T.);
#896=FACE_OUTER_BOUND('',#1434,.T.);
#897=FACE_OUTER_BOUND('',#1436,.T.);
#898=FACE_OUTER_BOUND('',#1437,.T.);
#899=FACE_OUTER_BOUND('',#1438,.T.);
#900=FACE_OUTER_BOUND('',#1439,.T.);
#901=FACE_OUTER_BOUND('',#1440,.T.);
#902=FACE_OUTER_BOUND('',#1441,.T.);
#903=FACE_OUTER_BOUND('',#1442,.T.);
#904=FACE_OUTER_BOUND('',#1443,.T.);
#905=FACE_OUTER_BOUND('',#1444,.T.);
#906=FACE_OUTER_BOUND('',#1445,.T.);
#907=FACE_OUTER_BOUND('',#1446,.T.);
#908=FACE_OUTER_BOUND('',#1447,.T.);
#909=FACE_OUTER_BOUND('',#1448,.T.);
#910=FACE_OUTER_BOUND('',#1449,.T.);
#911=FACE_OUTER_BOUND('',#1450,.T.);
#912=FACE_OUTER_BOUND('',#1451,.T.);
#913=FACE_OUTER_BOUND('',#1452,.T.);
#914=FACE_OUTER_BOUND('',#1453,.T.);
#915=FACE_OUTER_BOUND('',#1454,.T.);
#916=FACE_OUTER_BOUND('',#1455,.T.);
#917=FACE_OUTER_BOUND('',#1456,.T.);
#918=FACE_OUTER_BOUND('',#1457,.T.);
#919=FACE_OUTER_BOUND('',#1458,.T.);
#920=FACE_OUTER_BOUND('',#1459,.T.);
#921=FACE_OUTER_BOUND('',#1460,.T.);
#922=FACE_OUTER_BOUND('',#1461,.T.);
#923=FACE_OUTER_BOUND('',#1462,.T.);
#924=FACE_OUTER_BOUND('',#1463,.T.);
#925=EDGE_LOOP('',(#5851,#5852,#5853,#5854));
#926=EDGE_LOOP('',(#5855,#5856,#5857,#5858));
#927=EDGE_LOOP('',(#5859,#5860,#5861,#5862));
#928=EDGE_LOOP('',(#5863,#5864,#5865,#5866));
#929=EDGE_LOOP('',(#5867,#5868,#5869,#5870));
#930=EDGE_LOOP('',(#5871,#5872,#5873,#5874));
#931=EDGE_LOOP('',(#5875,#5876,#5877,#5878));
#932=EDGE_LOOP('',(#5879,#5880,#5881,#5882));
#933=EDGE_LOOP('',(#5883,#5884,#5885,#5886));
#934=EDGE_LOOP('',(#5887,#5888,#5889,#5890));
#935=EDGE_LOOP('',(#5891,#5892,#5893,#5894));
#936=EDGE_LOOP('',(#5895,#5896,#5897,#5898));
#937=EDGE_LOOP('',(#5899,#5900,#5901,#5902));
#938=EDGE_LOOP('',(#5903,#5904,#5905,#5906));
#939=EDGE_LOOP('',(#5907,#5908,#5909,#5910));
#940=EDGE_LOOP('',(#5911,#5912,#5913,#5914));
#941=EDGE_LOOP('',(#5915,#5916,#5917,#5918));
#942=EDGE_LOOP('',(#5919,#5920,#5921,#5922,#5923,#5924,#5925,#5926,#5927,
#5928,#5929,#5930));
#943=EDGE_LOOP('',(#5931,#5932,#5933,#5934,#5935));
#944=EDGE_LOOP('',(#5936,#5937,#5938,#5939));
#945=EDGE_LOOP('',(#5940,#5941,#5942,#5943));
#946=EDGE_LOOP('',(#5944,#5945,#5946,#5947));
#947=EDGE_LOOP('',(#5948,#5949,#5950,#5951));
#948=EDGE_LOOP('',(#5952,#5953,#5954,#5955));
#949=EDGE_LOOP('',(#5956,#5957,#5958,#5959));
#950=EDGE_LOOP('',(#5960,#5961,#5962,#5963));
#951=EDGE_LOOP('',(#5964,#5965,#5966,#5967));
#952=EDGE_LOOP('',(#5968,#5969,#5970,#5971));
#953=EDGE_LOOP('',(#5972,#5973,#5974,#5975));
#954=EDGE_LOOP('',(#5976,#5977,#5978,#5979));
#955=EDGE_LOOP('',(#5980,#5981,#5982,#5983));
#956=EDGE_LOOP('',(#5984,#5985,#5986,#5987));
#957=EDGE_LOOP('',(#5988,#5989,#5990,#5991));
#958=EDGE_LOOP('',(#5992,#5993,#5994,#5995));
#959=EDGE_LOOP('',(#5996,#5997,#5998,#5999));
#960=EDGE_LOOP('',(#6000,#6001,#6002,#6003));
#961=EDGE_LOOP('',(#6004,#6005,#6006,#6007,#6008,#6009,#6010,#6011,#6012,
#6013,#6014,#6015,#6016,#6017,#6018,#6019,#6020));
#962=EDGE_LOOP('',(#6021,#6022,#6023,#6024));
#963=EDGE_LOOP('',(#6025,#6026,#6027,#6028));
#964=EDGE_LOOP('',(#6029,#6030,#6031,#6032));
#965=EDGE_LOOP('',(#6033,#6034,#6035,#6036));
#966=EDGE_LOOP('',(#6037,#6038,#6039,#6040));
#967=EDGE_LOOP('',(#6041,#6042,#6043,#6044));
#968=EDGE_LOOP('',(#6045,#6046,#6047,#6048));
#969=EDGE_LOOP('',(#6049,#6050,#6051,#6052));
#970=EDGE_LOOP('',(#6053,#6054,#6055,#6056));
#971=EDGE_LOOP('',(#6057,#6058,#6059,#6060));
#972=EDGE_LOOP('',(#6061,#6062,#6063,#6064));
#973=EDGE_LOOP('',(#6065,#6066,#6067,#6068));
#974=EDGE_LOOP('',(#6069,#6070,#6071,#6072));
#975=EDGE_LOOP('',(#6073,#6074,#6075,#6076));
#976=EDGE_LOOP('',(#6077,#6078,#6079,#6080));
#977=EDGE_LOOP('',(#6081,#6082,#6083,#6084));
#978=EDGE_LOOP('',(#6085,#6086,#6087,#6088));
#979=EDGE_LOOP('',(#6089,#6090,#6091,#6092));
#980=EDGE_LOOP('',(#6093,#6094,#6095,#6096,#6097,#6098,#6099,#6100,#6101,
#6102,#6103,#6104,#6105,#6106,#6107,#6108,#6109,#6110));
#981=EDGE_LOOP('',(#6111,#6112,#6113,#6114));
#982=EDGE_LOOP('',(#6115,#6116,#6117,#6118));
#983=EDGE_LOOP('',(#6119,#6120,#6121,#6122));
#984=EDGE_LOOP('',(#6123,#6124,#6125,#6126));
#985=EDGE_LOOP('',(#6127,#6128,#6129,#6130));
#986=EDGE_LOOP('',(#6131,#6132,#6133,#6134));
#987=EDGE_LOOP('',(#6135,#6136,#6137,#6138));
#988=EDGE_LOOP('',(#6139,#6140,#6141,#6142));
#989=EDGE_LOOP('',(#6143,#6144,#6145,#6146));
#990=EDGE_LOOP('',(#6147,#6148,#6149,#6150));
#991=EDGE_LOOP('',(#6151,#6152,#6153,#6154));
#992=EDGE_LOOP('',(#6155,#6156,#6157,#6158));
#993=EDGE_LOOP('',(#6159,#6160,#6161,#6162));
#994=EDGE_LOOP('',(#6163,#6164,#6165,#6166));
#995=EDGE_LOOP('',(#6167,#6168,#6169,#6170));
#996=EDGE_LOOP('',(#6171,#6172,#6173,#6174));
#997=EDGE_LOOP('',(#6175,#6176,#6177,#6178));
#998=EDGE_LOOP('',(#6179,#6180,#6181,#6182));
#999=EDGE_LOOP('',(#6183,#6184,#6185,#6186));
#1000=EDGE_LOOP('',(#6187,#6188,#6189,#6190));
#1001=EDGE_LOOP('',(#6191,#6192,#6193,#6194));
#1002=EDGE_LOOP('',(#6195,#6196,#6197,#6198));
#1003=EDGE_LOOP('',(#6199,#6200,#6201,#6202));
#1004=EDGE_LOOP('',(#6203,#6204,#6205,#6206,#6207,#6208,#6209,#6210,#6211,
#6212,#6213,#6214,#6215,#6216,#6217,#6218,#6219,#6220));
#1005=EDGE_LOOP('',(#6221,#6222,#6223,#6224,#6225));
#1006=EDGE_LOOP('',(#6226,#6227,#6228,#6229));
#1007=EDGE_LOOP('',(#6230,#6231,#6232,#6233));
#1008=EDGE_LOOP('',(#6234,#6235,#6236,#6237));
#1009=EDGE_LOOP('',(#6238,#6239,#6240,#6241));
#1010=EDGE_LOOP('',(#6242,#6243,#6244,#6245));
#1011=EDGE_LOOP('',(#6246,#6247,#6248,#6249));
#1012=EDGE_LOOP('',(#6250,#6251,#6252,#6253));
#1013=EDGE_LOOP('',(#6254,#6255,#6256,#6257));
#1014=EDGE_LOOP('',(#6258,#6259,#6260,#6261));
#1015=EDGE_LOOP('',(#6262,#6263,#6264,#6265));
#1016=EDGE_LOOP('',(#6266,#6267,#6268,#6269));
#1017=EDGE_LOOP('',(#6270,#6271,#6272,#6273));
#1018=EDGE_LOOP('',(#6274,#6275,#6276,#6277));
#1019=EDGE_LOOP('',(#6278,#6279,#6280,#6281));
#1020=EDGE_LOOP('',(#6282,#6283,#6284,#6285));
#1021=EDGE_LOOP('',(#6286,#6287,#6288,#6289));
#1022=EDGE_LOOP('',(#6290,#6291,#6292,#6293));
#1023=EDGE_LOOP('',(#6294,#6295,#6296,#6297));
#1024=EDGE_LOOP('',(#6298,#6299,#6300,#6301));
#1025=EDGE_LOOP('',(#6302,#6303,#6304,#6305));
#1026=EDGE_LOOP('',(#6306,#6307,#6308,#6309));
#1027=EDGE_LOOP('',(#6310,#6311,#6312,#6313,#6314,#6315,#6316,#6317,#6318,
#6319,#6320,#6321,#6322,#6323,#6324,#6325,#6326,#6327,#6328,#6329,#6330));
#1028=EDGE_LOOP('',(#6331,#6332,#6333,#6334));
#1029=EDGE_LOOP('',(#6335,#6336,#6337,#6338));
#1030=EDGE_LOOP('',(#6339,#6340,#6341,#6342));
#1031=EDGE_LOOP('',(#6343,#6344,#6345,#6346));
#1032=EDGE_LOOP('',(#6347,#6348,#6349,#6350));
#1033=EDGE_LOOP('',(#6351,#6352,#6353,#6354));
#1034=EDGE_LOOP('',(#6355,#6356,#6357,#6358));
#1035=EDGE_LOOP('',(#6359,#6360,#6361,#6362));
#1036=EDGE_LOOP('',(#6363,#6364,#6365,#6366,#6367,#6368,#6369,#6370));
#1037=EDGE_LOOP('',(#6371,#6372,#6373,#6374));
#1038=EDGE_LOOP('',(#6375,#6376,#6377,#6378));
#1039=EDGE_LOOP('',(#6379,#6380,#6381,#6382));
#1040=EDGE_LOOP('',(#6383,#6384,#6385,#6386));
#1041=EDGE_LOOP('',(#6387,#6388,#6389,#6390));
#1042=EDGE_LOOP('',(#6391,#6392,#6393,#6394));
#1043=EDGE_LOOP('',(#6395,#6396,#6397,#6398));
#1044=EDGE_LOOP('',(#6399,#6400,#6401,#6402));
#1045=EDGE_LOOP('',(#6403,#6404,#6405,#6406));
#1046=EDGE_LOOP('',(#6407,#6408,#6409,#6410));
#1047=EDGE_LOOP('',(#6411,#6412,#6413,#6414));
#1048=EDGE_LOOP('',(#6415,#6416,#6417,#6418));
#1049=EDGE_LOOP('',(#6419,#6420,#6421,#6422));
#1050=EDGE_LOOP('',(#6423,#6424,#6425,#6426));
#1051=EDGE_LOOP('',(#6427,#6428,#6429,#6430,#6431,#6432,#6433,#6434,#6435,
#6436,#6437));
#1052=EDGE_LOOP('',(#6438,#6439,#6440));
#1053=EDGE_LOOP('',(#6441,#6442,#6443,#6444));
#1054=EDGE_LOOP('',(#6445,#6446,#6447,#6448));
#1055=EDGE_LOOP('',(#6449,#6450,#6451,#6452));
#1056=EDGE_LOOP('',(#6453,#6454,#6455,#6456));
#1057=EDGE_LOOP('',(#6457,#6458,#6459,#6460));
#1058=EDGE_LOOP('',(#6461,#6462,#6463,#6464));
#1059=EDGE_LOOP('',(#6465,#6466,#6467,#6468));
#1060=EDGE_LOOP('',(#6469,#6470,#6471,#6472));
#1061=EDGE_LOOP('',(#6473,#6474,#6475,#6476));
#1062=EDGE_LOOP('',(#6477,#6478,#6479,#6480));
#1063=EDGE_LOOP('',(#6481,#6482,#6483,#6484));
#1064=EDGE_LOOP('',(#6485,#6486,#6487,#6488));
#1065=EDGE_LOOP('',(#6489,#6490,#6491,#6492,#6493,#6494,#6495,#6496,#6497,
#6498,#6499,#6500));
#1066=EDGE_LOOP('',(#6501,#6502,#6503,#6504));
#1067=EDGE_LOOP('',(#6505,#6506,#6507,#6508,#6509,#6510,#6511,#6512,#6513,
#6514,#6515,#6516));
#1068=EDGE_LOOP('',(#6517,#6518,#6519,#6520,#6521,#6522,#6523,#6524,#6525,
#6526,#6527));
#1069=EDGE_LOOP('',(#6528,#6529,#6530,#6531,#6532,#6533,#6534,#6535));
#1070=EDGE_LOOP('',(#6536,#6537,#6538,#6539,#6540,#6541,#6542,#6543,#6544,
#6545,#6546,#6547,#6548,#6549,#6550,#6551,#6552,#6553,#6554,#6555,#6556));
#1071=EDGE_LOOP('',(#6557,#6558,#6559,#6560,#6561,#6562,#6563,#6564,#6565,
#6566,#6567,#6568,#6569,#6570,#6571,#6572,#6573,#6574));
#1072=EDGE_LOOP('',(#6575,#6576,#6577,#6578,#6579,#6580,#6581,#6582,#6583,
#6584,#6585,#6586,#6587,#6588,#6589,#6590,#6591,#6592));
#1073=EDGE_LOOP('',(#6593,#6594,#6595,#6596,#6597,#6598,#6599,#6600,#6601,
#6602,#6603,#6604,#6605,#6606,#6607,#6608,#6609));
#1074=EDGE_LOOP('',(#6610,#6611,#6612,#6613,#6614,#6615,#6616,#6617,#6618,
#6619,#6620,#6621));
#1075=EDGE_LOOP('',(#6622,#6623,#6624));
#1076=EDGE_LOOP('',(#6625,#6626,#6627,#6628,#6629));
#1077=EDGE_LOOP('',(#6630,#6631,#6632,#6633));
#1078=EDGE_LOOP('',(#6634,#6635,#6636,#6637));
#1079=EDGE_LOOP('',(#6638,#6639,#6640,#6641));
#1080=EDGE_LOOP('',(#6642,#6643,#6644,#6645));
#1081=EDGE_LOOP('',(#6646,#6647,#6648,#6649));
#1082=EDGE_LOOP('',(#6650,#6651,#6652,#6653));
#1083=EDGE_LOOP('',(#6654,#6655,#6656,#6657));
#1084=EDGE_LOOP('',(#6658,#6659,#6660,#6661,#6662,#6663,#6664));
#1085=EDGE_LOOP('',(#6665,#6666,#6667,#6668));
#1086=EDGE_LOOP('',(#6669,#6670,#6671,#6672));
#1087=EDGE_LOOP('',(#6673,#6674,#6675,#6676));
#1088=EDGE_LOOP('',(#6677,#6678,#6679,#6680));
#1089=EDGE_LOOP('',(#6681,#6682,#6683,#6684));
#1090=EDGE_LOOP('',(#6685,#6686,#6687,#6688));
#1091=EDGE_LOOP('',(#6689,#6690,#6691,#6692));
#1092=EDGE_LOOP('',(#6693,#6694,#6695,#6696));
#1093=EDGE_LOOP('',(#6697,#6698,#6699,#6700));
#1094=EDGE_LOOP('',(#6701,#6702,#6703,#6704));
#1095=EDGE_LOOP('',(#6705,#6706,#6707,#6708));
#1096=EDGE_LOOP('',(#6709,#6710,#6711,#6712));
#1097=EDGE_LOOP('',(#6713,#6714,#6715,#6716));
#1098=EDGE_LOOP('',(#6717,#6718,#6719,#6720));
#1099=EDGE_LOOP('',(#6721,#6722,#6723,#6724));
#1100=EDGE_LOOP('',(#6725,#6726,#6727,#6728));
#1101=EDGE_LOOP('',(#6729,#6730,#6731,#6732));
#1102=EDGE_LOOP('',(#6733,#6734,#6735,#6736));
#1103=EDGE_LOOP('',(#6737,#6738,#6739,#6740));
#1104=EDGE_LOOP('',(#6741,#6742,#6743,#6744));
#1105=EDGE_LOOP('',(#6745,#6746,#6747,#6748));
#1106=EDGE_LOOP('',(#6749,#6750,#6751,#6752));
#1107=EDGE_LOOP('',(#6753,#6754,#6755,#6756));
#1108=EDGE_LOOP('',(#6757,#6758,#6759,#6760));
#1109=EDGE_LOOP('',(#6761,#6762,#6763,#6764));
#1110=EDGE_LOOP('',(#6765,#6766,#6767,#6768));
#1111=EDGE_LOOP('',(#6769,#6770,#6771,#6772));
#1112=EDGE_LOOP('',(#6773,#6774,#6775,#6776,#6777,#6778,#6779,#6780,#6781,
#6782,#6783,#6784,#6785,#6786,#6787,#6788,#6789,#6790,#6791,#6792,#6793,
#6794,#6795,#6796,#6797,#6798,#6799));
#1113=EDGE_LOOP('',(#6800,#6801,#6802,#6803));
#1114=EDGE_LOOP('',(#6804,#6805,#6806,#6807));
#1115=EDGE_LOOP('',(#6808,#6809,#6810,#6811));
#1116=EDGE_LOOP('',(#6812,#6813,#6814,#6815));
#1117=EDGE_LOOP('',(#6816,#6817,#6818,#6819));
#1118=EDGE_LOOP('',(#6820,#6821,#6822,#6823));
#1119=EDGE_LOOP('',(#6824,#6825,#6826,#6827));
#1120=EDGE_LOOP('',(#6828,#6829,#6830,#6831));
#1121=EDGE_LOOP('',(#6832,#6833,#6834,#6835));
#1122=EDGE_LOOP('',(#6836,#6837,#6838,#6839));
#1123=EDGE_LOOP('',(#6840,#6841,#6842,#6843));
#1124=EDGE_LOOP('',(#6844,#6845,#6846,#6847));
#1125=EDGE_LOOP('',(#6848,#6849,#6850,#6851));
#1126=EDGE_LOOP('',(#6852,#6853,#6854,#6855));
#1127=EDGE_LOOP('',(#6856,#6857,#6858,#6859));
#1128=EDGE_LOOP('',(#6860,#6861,#6862,#6863));
#1129=EDGE_LOOP('',(#6864,#6865,#6866,#6867));
#1130=EDGE_LOOP('',(#6868,#6869,#6870,#6871));
#1131=EDGE_LOOP('',(#6872,#6873,#6874,#6875));
#1132=EDGE_LOOP('',(#6876,#6877,#6878,#6879));
#1133=EDGE_LOOP('',(#6880,#6881,#6882,#6883));
#1134=EDGE_LOOP('',(#6884,#6885,#6886,#6887));
#1135=EDGE_LOOP('',(#6888,#6889,#6890,#6891));
#1136=EDGE_LOOP('',(#6892,#6893,#6894,#6895,#6896,#6897,#6898,#6899,#6900,
#6901,#6902,#6903,#6904,#6905,#6906,#6907,#6908,#6909,#6910,#6911,#6912,
#6913,#6914));
#1137=EDGE_LOOP('',(#6915,#6916,#6917,#6918));
#1138=EDGE_LOOP('',(#6919,#6920,#6921,#6922));
#1139=EDGE_LOOP('',(#6923,#6924,#6925,#6926));
#1140=EDGE_LOOP('',(#6927,#6928,#6929,#6930));
#1141=EDGE_LOOP('',(#6931,#6932,#6933,#6934));
#1142=EDGE_LOOP('',(#6935,#6936,#6937,#6938));
#1143=EDGE_LOOP('',(#6939,#6940,#6941,#6942));
#1144=EDGE_LOOP('',(#6943,#6944,#6945,#6946));
#1145=EDGE_LOOP('',(#6947,#6948,#6949,#6950));
#1146=EDGE_LOOP('',(#6951,#6952,#6953,#6954));
#1147=EDGE_LOOP('',(#6955,#6956,#6957,#6958));
#1148=EDGE_LOOP('',(#6959,#6960,#6961,#6962));
#1149=EDGE_LOOP('',(#6963,#6964,#6965,#6966));
#1150=EDGE_LOOP('',(#6967,#6968,#6969,#6970,#6971,#6972,#6973,#6974));
#1151=EDGE_LOOP('',(#6975,#6976,#6977,#6978));
#1152=EDGE_LOOP('',(#6979,#6980,#6981,#6982));
#1153=EDGE_LOOP('',(#6983,#6984,#6985,#6986));
#1154=EDGE_LOOP('',(#6987,#6988,#6989,#6990));
#1155=EDGE_LOOP('',(#6991,#6992,#6993,#6994));
#1156=EDGE_LOOP('',(#6995,#6996,#6997,#6998));
#1157=EDGE_LOOP('',(#6999,#7000,#7001,#7002));
#1158=EDGE_LOOP('',(#7003,#7004,#7005,#7006));
#1159=EDGE_LOOP('',(#7007,#7008,#7009,#7010));
#1160=EDGE_LOOP('',(#7011,#7012,#7013,#7014));
#1161=EDGE_LOOP('',(#7015,#7016,#7017,#7018));
#1162=EDGE_LOOP('',(#7019,#7020,#7021,#7022));
#1163=EDGE_LOOP('',(#7023,#7024,#7025,#7026));
#1164=EDGE_LOOP('',(#7027,#7028,#7029,#7030,#7031,#7032,#7033,#7034));
#1165=EDGE_LOOP('',(#7035,#7036,#7037,#7038));
#1166=EDGE_LOOP('',(#7039,#7040,#7041,#7042));
#1167=EDGE_LOOP('',(#7043,#7044,#7045,#7046));
#1168=EDGE_LOOP('',(#7047,#7048,#7049,#7050));
#1169=EDGE_LOOP('',(#7051,#7052,#7053,#7054));
#1170=EDGE_LOOP('',(#7055,#7056,#7057,#7058));
#1171=EDGE_LOOP('',(#7059,#7060,#7061,#7062));
#1172=EDGE_LOOP('',(#7063,#7064,#7065,#7066));
#1173=EDGE_LOOP('',(#7067,#7068,#7069,#7070));
#1174=EDGE_LOOP('',(#7071,#7072,#7073,#7074));
#1175=EDGE_LOOP('',(#7075,#7076,#7077,#7078));
#1176=EDGE_LOOP('',(#7079,#7080,#7081,#7082,#7083,#7084,#7085,#7086,#7087,
#7088,#7089));
#1177=EDGE_LOOP('',(#7090,#7091,#7092,#7093));
#1178=EDGE_LOOP('',(#7094,#7095,#7096,#7097));
#1179=EDGE_LOOP('',(#7098,#7099,#7100,#7101));
#1180=EDGE_LOOP('',(#7102,#7103,#7104,#7105));
#1181=EDGE_LOOP('',(#7106,#7107,#7108,#7109));
#1182=EDGE_LOOP('',(#7110,#7111,#7112,#7113));
#1183=EDGE_LOOP('',(#7114,#7115,#7116,#7117));
#1184=EDGE_LOOP('',(#7118,#7119,#7120,#7121));
#1185=EDGE_LOOP('',(#7122,#7123,#7124,#7125));
#1186=EDGE_LOOP('',(#7126,#7127,#7128,#7129));
#1187=EDGE_LOOP('',(#7130,#7131,#7132,#7133));
#1188=EDGE_LOOP('',(#7134,#7135,#7136,#7137));
#1189=EDGE_LOOP('',(#7138,#7139,#7140,#7141));
#1190=EDGE_LOOP('',(#7142,#7143,#7144,#7145));
#1191=EDGE_LOOP('',(#7146,#7147,#7148,#7149));
#1192=EDGE_LOOP('',(#7150,#7151,#7152,#7153));
#1193=EDGE_LOOP('',(#7154,#7155,#7156,#7157));
#1194=EDGE_LOOP('',(#7158,#7159,#7160,#7161));
#1195=EDGE_LOOP('',(#7162,#7163,#7164,#7165));
#1196=EDGE_LOOP('',(#7166,#7167,#7168,#7169));
#1197=EDGE_LOOP('',(#7170,#7171,#7172,#7173,#7174,#7175,#7176,#7177,#7178,
#7179,#7180,#7181,#7182,#7183,#7184,#7185,#7186,#7187,#7188,#7189));
#1198=EDGE_LOOP('',(#7190,#7191,#7192,#7193));
#1199=EDGE_LOOP('',(#7194,#7195,#7196,#7197));
#1200=EDGE_LOOP('',(#7198,#7199,#7200,#7201));
#1201=EDGE_LOOP('',(#7202,#7203,#7204,#7205));
#1202=EDGE_LOOP('',(#7206,#7207,#7208,#7209));
#1203=EDGE_LOOP('',(#7210,#7211,#7212,#7213));
#1204=EDGE_LOOP('',(#7214,#7215,#7216,#7217));
#1205=EDGE_LOOP('',(#7218,#7219,#7220,#7221));
#1206=EDGE_LOOP('',(#7222,#7223,#7224,#7225));
#1207=EDGE_LOOP('',(#7226,#7227,#7228,#7229));
#1208=EDGE_LOOP('',(#7230,#7231,#7232,#7233));
#1209=EDGE_LOOP('',(#7234,#7235,#7236,#7237));
#1210=EDGE_LOOP('',(#7238,#7239,#7240,#7241));
#1211=EDGE_LOOP('',(#7242,#7243,#7244,#7245));
#1212=EDGE_LOOP('',(#7246,#7247,#7248,#7249,#7250,#7251,#7252,#7253,#7254,
#7255,#7256));
#1213=EDGE_LOOP('',(#7257,#7258,#7259));
#1214=EDGE_LOOP('',(#7260,#7261,#7262,#7263));
#1215=EDGE_LOOP('',(#7264,#7265,#7266,#7267));
#1216=EDGE_LOOP('',(#7268,#7269,#7270,#7271));
#1217=EDGE_LOOP('',(#7272,#7273,#7274,#7275));
#1218=EDGE_LOOP('',(#7276,#7277,#7278,#7279));
#1219=EDGE_LOOP('',(#7280,#7281,#7282,#7283));
#1220=EDGE_LOOP('',(#7284,#7285,#7286,#7287));
#1221=EDGE_LOOP('',(#7288,#7289,#7290,#7291));
#1222=EDGE_LOOP('',(#7292,#7293,#7294,#7295));
#1223=EDGE_LOOP('',(#7296,#7297,#7298,#7299));
#1224=EDGE_LOOP('',(#7300,#7301,#7302,#7303));
#1225=EDGE_LOOP('',(#7304,#7305,#7306,#7307));
#1226=EDGE_LOOP('',(#7308,#7309,#7310,#7311));
#1227=EDGE_LOOP('',(#7312,#7313,#7314,#7315));
#1228=EDGE_LOOP('',(#7316,#7317,#7318,#7319));
#1229=EDGE_LOOP('',(#7320,#7321,#7322,#7323));
#1230=EDGE_LOOP('',(#7324,#7325,#7326,#7327));
#1231=EDGE_LOOP('',(#7328,#7329,#7330,#7331));
#1232=EDGE_LOOP('',(#7332,#7333,#7334,#7335));
#1233=EDGE_LOOP('',(#7336,#7337,#7338,#7339));
#1234=EDGE_LOOP('',(#7340,#7341,#7342,#7343));
#1235=EDGE_LOOP('',(#7344,#7345,#7346,#7347,#7348,#7349,#7350,#7351,#7352));
#1236=EDGE_LOOP('',(#7353,#7354,#7355,#7356,#7357,#7358,#7359));
#1237=EDGE_LOOP('',(#7360,#7361,#7362,#7363));
#1238=EDGE_LOOP('',(#7364,#7365,#7366,#7367));
#1239=EDGE_LOOP('',(#7368,#7369,#7370,#7371));
#1240=EDGE_LOOP('',(#7372,#7373,#7374,#7375));
#1241=EDGE_LOOP('',(#7376,#7377,#7378,#7379));
#1242=EDGE_LOOP('',(#7380,#7381,#7382,#7383));
#1243=EDGE_LOOP('',(#7384,#7385,#7386,#7387));
#1244=EDGE_LOOP('',(#7388,#7389,#7390,#7391));
#1245=EDGE_LOOP('',(#7392,#7393,#7394,#7395));
#1246=EDGE_LOOP('',(#7396,#7397,#7398,#7399));
#1247=EDGE_LOOP('',(#7400,#7401,#7402,#7403));
#1248=EDGE_LOOP('',(#7404,#7405,#7406,#7407,#7408,#7409));
#1249=EDGE_LOOP('',(#7410,#7411,#7412,#7413));
#1250=EDGE_LOOP('',(#7414,#7415,#7416,#7417));
#1251=EDGE_LOOP('',(#7418,#7419,#7420,#7421));
#1252=EDGE_LOOP('',(#7422,#7423,#7424,#7425));
#1253=EDGE_LOOP('',(#7426,#7427,#7428,#7429));
#1254=EDGE_LOOP('',(#7430,#7431,#7432,#7433));
#1255=EDGE_LOOP('',(#7434,#7435,#7436,#7437));
#1256=EDGE_LOOP('',(#7438,#7439,#7440,#7441));
#1257=EDGE_LOOP('',(#7442,#7443,#7444,#7445));
#1258=EDGE_LOOP('',(#7446,#7447,#7448,#7449));
#1259=EDGE_LOOP('',(#7450,#7451,#7452,#7453));
#1260=EDGE_LOOP('',(#7454,#7455,#7456,#7457));
#1261=EDGE_LOOP('',(#7458,#7459,#7460,#7461));
#1262=EDGE_LOOP('',(#7462,#7463,#7464,#7465));
#1263=EDGE_LOOP('',(#7466,#7467,#7468,#7469));
#1264=EDGE_LOOP('',(#7470,#7471,#7472,#7473));
#1265=EDGE_LOOP('',(#7474,#7475,#7476,#7477));
#1266=EDGE_LOOP('',(#7478,#7479,#7480,#7481));
#1267=EDGE_LOOP('',(#7482,#7483,#7484,#7485));
#1268=EDGE_LOOP('',(#7486,#7487,#7488,#7489));
#1269=EDGE_LOOP('',(#7490,#7491,#7492,#7493));
#1270=EDGE_LOOP('',(#7494,#7495,#7496,#7497,#7498,#7499,#7500,#7501,#7502,
#7503,#7504,#7505,#7506,#7507));
#1271=EDGE_LOOP('',(#7508,#7509,#7510,#7511,#7512,#7513,#7514));
#1272=EDGE_LOOP('',(#7515,#7516,#7517,#7518));
#1273=EDGE_LOOP('',(#7519,#7520,#7521,#7522));
#1274=EDGE_LOOP('',(#7523,#7524,#7525,#7526));
#1275=EDGE_LOOP('',(#7527,#7528,#7529,#7530));
#1276=EDGE_LOOP('',(#7531,#7532,#7533,#7534));
#1277=EDGE_LOOP('',(#7535,#7536,#7537,#7538));
#1278=EDGE_LOOP('',(#7539,#7540,#7541,#7542));
#1279=EDGE_LOOP('',(#7543,#7544,#7545,#7546));
#1280=EDGE_LOOP('',(#7547,#7548,#7549,#7550));
#1281=EDGE_LOOP('',(#7551,#7552,#7553,#7554));
#1282=EDGE_LOOP('',(#7555,#7556,#7557,#7558));
#1283=EDGE_LOOP('',(#7559,#7560,#7561,#7562));
#1284=EDGE_LOOP('',(#7563,#7564,#7565,#7566));
#1285=EDGE_LOOP('',(#7567,#7568,#7569,#7570,#7571,#7572,#7573,#7574));
#1286=EDGE_LOOP('',(#7575,#7576,#7577,#7578));
#1287=EDGE_LOOP('',(#7579,#7580,#7581,#7582));
#1288=EDGE_LOOP('',(#7583,#7584,#7585,#7586));
#1289=EDGE_LOOP('',(#7587,#7588,#7589,#7590));
#1290=EDGE_LOOP('',(#7591,#7592,#7593,#7594));
#1291=EDGE_LOOP('',(#7595,#7596,#7597,#7598));
#1292=EDGE_LOOP('',(#7599,#7600,#7601,#7602));
#1293=EDGE_LOOP('',(#7603,#7604,#7605,#7606));
#1294=EDGE_LOOP('',(#7607,#7608,#7609,#7610));
#1295=EDGE_LOOP('',(#7611,#7612,#7613,#7614));
#1296=EDGE_LOOP('',(#7615,#7616,#7617,#7618));
#1297=EDGE_LOOP('',(#7619,#7620,#7621,#7622));
#1298=EDGE_LOOP('',(#7623,#7624,#7625,#7626));
#1299=EDGE_LOOP('',(#7627,#7628,#7629,#7630));
#1300=EDGE_LOOP('',(#7631,#7632,#7633,#7634));
#1301=EDGE_LOOP('',(#7635,#7636,#7637,#7638));
#1302=EDGE_LOOP('',(#7639,#7640,#7641,#7642));
#1303=EDGE_LOOP('',(#7643,#7644,#7645,#7646));
#1304=EDGE_LOOP('',(#7647,#7648,#7649,#7650));
#1305=EDGE_LOOP('',(#7651,#7652,#7653,#7654));
#1306=EDGE_LOOP('',(#7655,#7656,#7657,#7658));
#1307=EDGE_LOOP('',(#7659,#7660,#7661,#7662));
#1308=EDGE_LOOP('',(#7663,#7664,#7665,#7666));
#1309=EDGE_LOOP('',(#7667,#7668,#7669,#7670));
#1310=EDGE_LOOP('',(#7671,#7672,#7673,#7674));
#1311=EDGE_LOOP('',(#7675,#7676,#7677,#7678));
#1312=EDGE_LOOP('',(#7679,#7680,#7681,#7682));
#1313=EDGE_LOOP('',(#7683,#7684,#7685,#7686,#7687,#7688,#7689,#7690,#7691,
#7692,#7693,#7694,#7695,#7696,#7697,#7698,#7699,#7700,#7701,#7702,#7703,
#7704,#7705,#7706,#7707,#7708,#7709));
#1314=EDGE_LOOP('',(#7710,#7711,#7712,#7713));
#1315=EDGE_LOOP('',(#7714,#7715,#7716,#7717));
#1316=EDGE_LOOP('',(#7718,#7719,#7720,#7721));
#1317=EDGE_LOOP('',(#7722,#7723,#7724,#7725));
#1318=EDGE_LOOP('',(#7726,#7727,#7728,#7729));
#1319=EDGE_LOOP('',(#7730,#7731,#7732,#7733));
#1320=EDGE_LOOP('',(#7734,#7735,#7736,#7737));
#1321=EDGE_LOOP('',(#7738,#7739,#7740,#7741));
#1322=EDGE_LOOP('',(#7742,#7743,#7744,#7745));
#1323=EDGE_LOOP('',(#7746,#7747,#7748,#7749));
#1324=EDGE_LOOP('',(#7750,#7751,#7752,#7753));
#1325=EDGE_LOOP('',(#7754,#7755,#7756,#7757));
#1326=EDGE_LOOP('',(#7758,#7759,#7760,#7761));
#1327=EDGE_LOOP('',(#7762,#7763,#7764,#7765,#7766,#7767,#7768,#7769));
#1328=EDGE_LOOP('',(#7770,#7771,#7772,#7773));
#1329=EDGE_LOOP('',(#7774,#7775,#7776,#7777));
#1330=EDGE_LOOP('',(#7778,#7779,#7780,#7781));
#1331=EDGE_LOOP('',(#7782,#7783,#7784,#7785));
#1332=EDGE_LOOP('',(#7786,#7787,#7788,#7789));
#1333=EDGE_LOOP('',(#7790,#7791,#7792,#7793));
#1334=EDGE_LOOP('',(#7794,#7795,#7796,#7797));
#1335=EDGE_LOOP('',(#7798,#7799,#7800,#7801));
#1336=EDGE_LOOP('',(#7802,#7803,#7804,#7805));
#1337=EDGE_LOOP('',(#7806,#7807,#7808,#7809));
#1338=EDGE_LOOP('',(#7810,#7811,#7812,#7813));
#1339=EDGE_LOOP('',(#7814,#7815,#7816,#7817));
#1340=EDGE_LOOP('',(#7818,#7819,#7820,#7821,#7822,#7823,#7824,#7825,#7826,
#7827,#7828,#7829));
#1341=EDGE_LOOP('',(#7830,#7831,#7832,#7833));
#1342=EDGE_LOOP('',(#7834,#7835,#7836,#7837));
#1343=EDGE_LOOP('',(#7838,#7839,#7840,#7841));
#1344=EDGE_LOOP('',(#7842,#7843,#7844,#7845));
#1345=EDGE_LOOP('',(#7846,#7847,#7848,#7849));
#1346=EDGE_LOOP('',(#7850,#7851,#7852,#7853));
#1347=EDGE_LOOP('',(#7854,#7855,#7856,#7857));
#1348=EDGE_LOOP('',(#7858,#7859,#7860,#7861));
#1349=EDGE_LOOP('',(#7862,#7863,#7864,#7865));
#1350=EDGE_LOOP('',(#7866,#7867,#7868,#7869));
#1351=EDGE_LOOP('',(#7870,#7871,#7872,#7873));
#1352=EDGE_LOOP('',(#7874,#7875,#7876,#7877));
#1353=EDGE_LOOP('',(#7878,#7879,#7880,#7881));
#1354=EDGE_LOOP('',(#7882,#7883,#7884,#7885));
#1355=EDGE_LOOP('',(#7886,#7887,#7888,#7889));
#1356=EDGE_LOOP('',(#7890,#7891,#7892,#7893));
#1357=EDGE_LOOP('',(#7894,#7895,#7896,#7897));
#1358=EDGE_LOOP('',(#7898,#7899,#7900,#7901,#7902,#7903,#7904,#7905,#7906,
#7907,#7908,#7909,#7910,#7911,#7912,#7913,#7914));
#1359=EDGE_LOOP('',(#7915,#7916,#7917,#7918));
#1360=EDGE_LOOP('',(#7919,#7920,#7921,#7922));
#1361=EDGE_LOOP('',(#7923,#7924,#7925,#7926));
#1362=EDGE_LOOP('',(#7927,#7928,#7929,#7930));
#1363=EDGE_LOOP('',(#7931,#7932,#7933,#7934));
#1364=EDGE_LOOP('',(#7935,#7936,#7937,#7938));
#1365=EDGE_LOOP('',(#7939,#7940,#7941,#7942));
#1366=EDGE_LOOP('',(#7943,#7944,#7945,#7946));
#1367=EDGE_LOOP('',(#7947,#7948,#7949,#7950));
#1368=EDGE_LOOP('',(#7951,#7952,#7953,#7954));
#1369=EDGE_LOOP('',(#7955,#7956,#7957,#7958));
#1370=EDGE_LOOP('',(#7959,#7960,#7961,#7962,#7963,#7964,#7965,#7966));
#1371=EDGE_LOOP('',(#7967,#7968,#7969));
#1372=EDGE_LOOP('',(#7970,#7971,#7972,#7973));
#1373=EDGE_LOOP('',(#7974,#7975,#7976,#7977));
#1374=EDGE_LOOP('',(#7978,#7979,#7980,#7981));
#1375=EDGE_LOOP('',(#7982,#7983,#7984,#7985));
#1376=EDGE_LOOP('',(#7986,#7987,#7988,#7989));
#1377=EDGE_LOOP('',(#7990,#7991,#7992,#7993));
#1378=EDGE_LOOP('',(#7994,#7995,#7996,#7997));
#1379=EDGE_LOOP('',(#7998,#7999,#8000,#8001));
#1380=EDGE_LOOP('',(#8002,#8003,#8004,#8005));
#1381=EDGE_LOOP('',(#8006,#8007,#8008,#8009));
#1382=EDGE_LOOP('',(#8010,#8011,#8012,#8013));
#1383=EDGE_LOOP('',(#8014,#8015,#8016,#8017));
#1384=EDGE_LOOP('',(#8018,#8019,#8020,#8021,#8022,#8023,#8024,#8025,#8026,
#8027,#8028,#8029));
#1385=EDGE_LOOP('',(#8030,#8031,#8032,#8033));
#1386=EDGE_LOOP('',(#8034,#8035,#8036,#8037));
#1387=EDGE_LOOP('',(#8038,#8039,#8040,#8041));
#1388=EDGE_LOOP('',(#8042,#8043,#8044,#8045));
#1389=EDGE_LOOP('',(#8046,#8047,#8048,#8049));
#1390=EDGE_LOOP('',(#8050,#8051,#8052,#8053));
#1391=EDGE_LOOP('',(#8054,#8055,#8056,#8057));
#1392=EDGE_LOOP('',(#8058,#8059,#8060,#8061));
#1393=EDGE_LOOP('',(#8062,#8063,#8064,#8065));
#1394=EDGE_LOOP('',(#8066,#8067,#8068,#8069));
#1395=EDGE_LOOP('',(#8070,#8071,#8072,#8073));
#1396=EDGE_LOOP('',(#8074,#8075,#8076,#8077));
#1397=EDGE_LOOP('',(#8078,#8079,#8080,#8081,#8082,#8083,#8084));
#1398=EDGE_LOOP('',(#8085,#8086,#8087,#8088));
#1399=EDGE_LOOP('',(#8089,#8090,#8091,#8092,#8093,#8094,#8095));
#1400=EDGE_LOOP('',(#8096,#8097,#8098,#8099,#8100,#8101,#8102,#8103,#8104,
#8105,#8106,#8107,#8108,#8109,#8110,#8111,#8112,#8113,#8114,#8115,#8116,
#8117,#8118,#8119,#8120,#8121,#8122));
#1401=EDGE_LOOP('',(#8123,#8124,#8125,#8126,#8127,#8128,#8129,#8130,#8131,
#8132,#8133,#8134,#8135,#8136,#8137,#8138,#8139,#8140,#8141,#8142,#8143,
#8144,#8145));
#1402=EDGE_LOOP('',(#8146,#8147,#8148,#8149));
#1403=EDGE_LOOP('',(#8150,#8151,#8152,#8153));
#1404=EDGE_LOOP('',(#8154,#8155,#8156,#8157,#8158,#8159,#8160,#8161,#8162,
#8163,#8164));
#1405=EDGE_LOOP('',(#8165,#8166,#8167,#8168,#8169,#8170,#8171,#8172,#8173,
#8174,#8175,#8176,#8177,#8178,#8179,#8180,#8181,#8182,#8183,#8184));
#1406=EDGE_LOOP('',(#8185,#8186,#8187,#8188,#8189,#8190,#8191,#8192,#8193,
#8194,#8195));
#1407=EDGE_LOOP('',(#8196,#8197,#8198,#8199));
#1408=EDGE_LOOP('',(#8200,#8201,#8202,#8203,#8204,#8205,#8206,#8207,#8208));
#1409=EDGE_LOOP('',(#8209,#8210,#8211,#8212));
#1410=EDGE_LOOP('',(#8213,#8214,#8215,#8216,#8217,#8218));
#1411=EDGE_LOOP('',(#8219,#8220,#8221,#8222,#8223,#8224,#8225,#8226,#8227,
#8228,#8229,#8230,#8231,#8232));
#1412=EDGE_LOOP('',(#8233,#8234,#8235,#8236));
#1413=EDGE_LOOP('',(#8237,#8238,#8239,#8240,#8241,#8242,#8243,#8244,#8245,
#8246,#8247,#8248,#8249,#8250,#8251,#8252,#8253,#8254,#8255,#8256,#8257,
#8258,#8259,#8260,#8261,#8262,#8263));
#1414=EDGE_LOOP('',(#8264,#8265,#8266,#8267));
#1415=EDGE_LOOP('',(#8268,#8269,#8270,#8271,#8272,#8273,#8274,#8275,#8276,
#8277,#8278,#8279));
#1416=EDGE_LOOP('',(#8280,#8281,#8282,#8283,#8284,#8285,#8286,#8287,#8288,
#8289,#8290,#8291,#8292,#8293,#8294,#8295,#8296));
#1417=EDGE_LOOP('',(#8297,#8298,#8299,#8300,#8301,#8302,#8303,#8304));
#1418=EDGE_LOOP('',(#8305,#8306,#8307,#8308,#8309,#8310,#8311,#8312,#8313,
#8314,#8315,#8316));
#1419=EDGE_LOOP('',(#8317,#8318,#8319,#8320));
#1420=EDGE_LOOP('',(#8321,#8322,#8323,#8324,#8325,#8326,#8327));
#1421=EDGE_LOOP('',(#8328,#8329,#8330));
#1422=EDGE_LOOP('',(#8331,#8332,#8333,#8334,#8335,#8336,#8337,#8338));
#1423=EDGE_LOOP('',(#8339,#8340,#8341,#8342,#8343,#8344,#8345,#8346));
#1424=EDGE_LOOP('',(#8347,#8348,#8349,#8350,#8351,#8352,#8353));
#1425=EDGE_LOOP('',(#8354,#8355,#8356,#8357,#8358,#8359,#8360));
#1426=EDGE_LOOP('',(#8361,#8362,#8363));
#1427=EDGE_LOOP('',(#8364,#8365,#8366,#8367,#8368,#8369,#8370,#8371));
#1428=EDGE_LOOP('',(#8372,#8373,#8374,#8375));
#1429=EDGE_LOOP('',(#8376,#8377,#8378,#8379));
#1430=EDGE_LOOP('',(#8380,#8381,#8382,#8383));
#1431=EDGE_LOOP('',(#8384,#8385,#8386,#8387));
#1432=EDGE_LOOP('',(#8388,#8389,#8390,#8391));
#1433=EDGE_LOOP('',(#8392,#8393,#8394,#8395));
#1434=EDGE_LOOP('',(#8396,#8397,#8398,#8399));
#1435=EDGE_LOOP('',(#8400,#8401,#8402,#8403));
#1436=EDGE_LOOP('',(#8404,#8405,#8406,#8407,#8408));
#1437=EDGE_LOOP('',(#8409,#8410,#8411,#8412));
#1438=EDGE_LOOP('',(#8413,#8414,#8415,#8416));
#1439=EDGE_LOOP('',(#8417,#8418,#8419));
#1440=EDGE_LOOP('',(#8420,#8421,#8422));
#1441=EDGE_LOOP('',(#8423,#8424,#8425,#8426));
#1442=EDGE_LOOP('',(#8427,#8428,#8429));
#1443=EDGE_LOOP('',(#8430,#8431,#8432,#8433));
#1444=EDGE_LOOP('',(#8434,#8435,#8436));
#1445=EDGE_LOOP('',(#8437,#8438,#8439));
#1446=EDGE_LOOP('',(#8440,#8441,#8442,#8443));
#1447=EDGE_LOOP('',(#8444,#8445,#8446));
#1448=EDGE_LOOP('',(#8447,#8448,#8449,#8450));
#1449=EDGE_LOOP('',(#8451,#8452,#8453));
#1450=EDGE_LOOP('',(#8454,#8455,#8456,#8457));
#1451=EDGE_LOOP('',(#8458,#8459,#8460,#8461));
#1452=EDGE_LOOP('',(#8462,#8463,#8464));
#1453=EDGE_LOOP('',(#8465,#8466,#8467,#8468));
#1454=EDGE_LOOP('',(#8469,#8470,#8471,#8472));
#1455=EDGE_LOOP('',(#8473,#8474,#8475,#8476));
#1456=EDGE_LOOP('',(#8477,#8478,#8479,#8480));
#1457=EDGE_LOOP('',(#8481,#8482,#8483,#8484));
#1458=EDGE_LOOP('',(#8485,#8486,#8487,#8488));
#1459=EDGE_LOOP('',(#8489,#8490,#8491,#8492));
#1460=EDGE_LOOP('',(#8493,#8494,#8495,#8496,#8497,#8498,#8499,#8500));
#1461=EDGE_LOOP('',(#8501,#8502,#8503,#8504));
#1462=EDGE_LOOP('',(#8505,#8506,#8507,#8508));
#1463=EDGE_LOOP('',(#8509,#8510,#8511,#8512));
#1464=LINE('',#11089,#2341);
#1465=LINE('',#11095,#2342);
#1466=LINE('',#11110,#2343);
#1467=LINE('',#11129,#2344);
#1468=LINE('',#11148,#2345);
#1469=LINE('',#11154,#2346);
#1470=LINE('',#11155,#2347);
#1471=LINE('',#11159,#2348);
#1472=LINE('',#11161,#2349);
#1473=LINE('',#11163,#2350);
#1474=LINE('',#11164,#2351);
#1475=LINE('',#11183,#2352);
#1476=LINE('',#11202,#2353);
#1477=LINE('',#11221,#2354);
#1478=LINE('',#11240,#2355);
#1479=LINE('',#11259,#2356);
#1480=LINE('',#11278,#2357);
#1481=LINE('',#11297,#2358);
#1482=LINE('',#11300,#2359);
#1483=LINE('',#11302,#2360);
#1484=LINE('',#11303,#2361);
#1485=LINE('',#11306,#2362);
#1486=LINE('',#11308,#2363);
#1487=LINE('',#11309,#2364);
#1488=LINE('',#11312,#2365);
#1489=LINE('',#11314,#2366);
#1490=LINE('',#11315,#2367);
#1491=LINE('',#11317,#2368);
#1492=LINE('',#11318,#2369);
#1493=LINE('',#11323,#2370);
#1494=LINE('',#11325,#2371);
#1495=LINE('',#11327,#2372);
#1496=LINE('',#11328,#2373);
#1497=LINE('',#11347,#2374);
#1498=LINE('',#11366,#2375);
#1499=LINE('',#11385,#2376);
#1500=LINE('',#11404,#2377);
#1501=LINE('',#11423,#2378);
#1502=LINE('',#11442,#2379);
#1503=LINE('',#11445,#2380);
#1504=LINE('',#11447,#2381);
#1505=LINE('',#11448,#2382);
#1506=LINE('',#11451,#2383);
#1507=LINE('',#11453,#2384);
#1508=LINE('',#11454,#2385);
#1509=LINE('',#11473,#2386);
#1510=LINE('',#11492,#2387);
#1511=LINE('',#11511,#2388);
#1512=LINE('',#11530,#2389);
#1513=LINE('',#11549,#2390);
#1514=LINE('',#11552,#2391);
#1515=LINE('',#11554,#2392);
#1516=LINE('',#11555,#2393);
#1517=LINE('',#11558,#2394);
#1518=LINE('',#11560,#2395);
#1519=LINE('',#11561,#2396);
#1520=LINE('',#11563,#2397);
#1521=LINE('',#11564,#2398);
#1522=LINE('',#11569,#2399);
#1523=LINE('',#11571,#2400);
#1524=LINE('',#11573,#2401);
#1525=LINE('',#11574,#2402);
#1526=LINE('',#11577,#2403);
#1527=LINE('',#11579,#2404);
#1528=LINE('',#11580,#2405);
#1529=LINE('',#11583,#2406);
#1530=LINE('',#11585,#2407);
#1531=LINE('',#11586,#2408);
#1532=LINE('',#11589,#2409);
#1533=LINE('',#11591,#2410);
#1534=LINE('',#11592,#2411);
#1535=LINE('',#11595,#2412);
#1536=LINE('',#11597,#2413);
#1537=LINE('',#11598,#2414);
#1538=LINE('',#11601,#2415);
#1539=LINE('',#11603,#2416);
#1540=LINE('',#11604,#2417);
#1541=LINE('',#11607,#2418);
#1542=LINE('',#11609,#2419);
#1543=LINE('',#11610,#2420);
#1544=LINE('',#11613,#2421);
#1545=LINE('',#11615,#2422);
#1546=LINE('',#11616,#2423);
#1547=LINE('',#11619,#2424);
#1548=LINE('',#11621,#2425);
#1549=LINE('',#11622,#2426);
#1550=LINE('',#11625,#2427);
#1551=LINE('',#11627,#2428);
#1552=LINE('',#11628,#2429);
#1553=LINE('',#11631,#2430);
#1554=LINE('',#11633,#2431);
#1555=LINE('',#11634,#2432);
#1556=LINE('',#11653,#2433);
#1557=LINE('',#11672,#2434);
#1558=LINE('',#11691,#2435);
#1559=LINE('',#11694,#2436);
#1560=LINE('',#11696,#2437);
#1561=LINE('',#11697,#2438);
#1562=LINE('',#11700,#2439);
#1563=LINE('',#11702,#2440);
#1564=LINE('',#11703,#2441);
#1565=LINE('',#11722,#2442);
#1566=LINE('',#11755,#2443);
#1567=LINE('',#11761,#2444);
#1568=LINE('',#11776,#2445);
#1569=LINE('',#11795,#2446);
#1570=LINE('',#11814,#2447);
#1571=LINE('',#11820,#2448);
#1572=LINE('',#11821,#2449);
#1573=LINE('',#11837,#2450);
#1574=LINE('',#11843,#2451);
#1575=LINE('',#11862,#2452);
#1576=LINE('',#11881,#2453);
#1577=LINE('',#11900,#2454);
#1578=LINE('',#11919,#2455);
#1579=LINE('',#11922,#2456);
#1580=LINE('',#11924,#2457);
#1581=LINE('',#11925,#2458);
#1582=LINE('',#11944,#2459);
#1583=LINE('',#11963,#2460);
#1584=LINE('',#11982,#2461);
#1585=LINE('',#11985,#2462);
#1586=LINE('',#11987,#2463);
#1587=LINE('',#11988,#2464);
#1588=LINE('',#11991,#2465);
#1589=LINE('',#11993,#2466);
#1590=LINE('',#11994,#2467);
#1591=LINE('',#12013,#2468);
#1592=LINE('',#12032,#2469);
#1593=LINE('',#12051,#2470);
#1594=LINE('',#12054,#2471);
#1595=LINE('',#12056,#2472);
#1596=LINE('',#12057,#2473);
#1597=LINE('',#12060,#2474);
#1598=LINE('',#12062,#2475);
#1599=LINE('',#12063,#2476);
#1600=LINE('',#12066,#2477);
#1601=LINE('',#12068,#2478);
#1602=LINE('',#12069,#2479);
#1603=LINE('',#12090,#2480);
#1604=LINE('',#12092,#2481);
#1605=LINE('',#12094,#2482);
#1606=LINE('',#12095,#2483);
#1607=LINE('',#12098,#2484);
#1608=LINE('',#12100,#2485);
#1609=LINE('',#12101,#2486);
#1610=LINE('',#12120,#2487);
#1611=LINE('',#12139,#2488);
#1612=LINE('',#12158,#2489);
#1613=LINE('',#12177,#2490);
#1614=LINE('',#12196,#2491);
#1615=LINE('',#12215,#2492);
#1616=LINE('',#12234,#2493);
#1617=LINE('',#12253,#2494);
#1618=LINE('',#12272,#2495);
#1619=LINE('',#12275,#2496);
#1620=LINE('',#12277,#2497);
#1621=LINE('',#12278,#2498);
#1622=LINE('',#12281,#2499);
#1623=LINE('',#12283,#2500);
#1624=LINE('',#12284,#2501);
#1625=LINE('',#12303,#2502);
#1626=LINE('',#12322,#2503);
#1627=LINE('',#12341,#2504);
#1628=LINE('',#12360,#2505);
#1629=LINE('',#12379,#2506);
#1630=LINE('',#12398,#2507);
#1631=LINE('',#12417,#2508);
#1632=LINE('',#12438,#2509);
#1633=LINE('',#12440,#2510);
#1634=LINE('',#12442,#2511);
#1635=LINE('',#12443,#2512);
#1636=LINE('',#12446,#2513);
#1637=LINE('',#12448,#2514);
#1638=LINE('',#12449,#2515);
#1639=LINE('',#12452,#2516);
#1640=LINE('',#12454,#2517);
#1641=LINE('',#12455,#2518);
#1642=LINE('',#12458,#2519);
#1643=LINE('',#12460,#2520);
#1644=LINE('',#12461,#2521);
#1645=LINE('',#12464,#2522);
#1646=LINE('',#12466,#2523);
#1647=LINE('',#12467,#2524);
#1648=LINE('',#12470,#2525);
#1649=LINE('',#12472,#2526);
#1650=LINE('',#12473,#2527);
#1651=LINE('',#12476,#2528);
#1652=LINE('',#12478,#2529);
#1653=LINE('',#12479,#2530);
#1654=LINE('',#12481,#2531);
#1655=LINE('',#12482,#2532);
#1656=LINE('',#12487,#2533);
#1657=LINE('',#12489,#2534);
#1658=LINE('',#12491,#2535);
#1659=LINE('',#12492,#2536);
#1660=LINE('',#12495,#2537);
#1661=LINE('',#12497,#2538);
#1662=LINE('',#12498,#2539);
#1663=LINE('',#12500,#2540);
#1664=LINE('',#12501,#2541);
#1665=LINE('',#12505,#2542);
#1666=LINE('',#12507,#2543);
#1667=LINE('',#12509,#2544);
#1668=LINE('',#12510,#2545);
#1669=LINE('',#12513,#2546);
#1670=LINE('',#12515,#2547);
#1671=LINE('',#12516,#2548);
#1672=LINE('',#12519,#2549);
#1673=LINE('',#12521,#2550);
#1674=LINE('',#12522,#2551);
#1675=LINE('',#12525,#2552);
#1676=LINE('',#12527,#2553);
#1677=LINE('',#12528,#2554);
#1678=LINE('',#12531,#2555);
#1679=LINE('',#12533,#2556);
#1680=LINE('',#12534,#2557);
#1681=LINE('',#12537,#2558);
#1682=LINE('',#12539,#2559);
#1683=LINE('',#12540,#2560);
#1684=LINE('',#12543,#2561);
#1685=LINE('',#12545,#2562);
#1686=LINE('',#12546,#2563);
#1687=LINE('',#12549,#2564);
#1688=LINE('',#12551,#2565);
#1689=LINE('',#12552,#2566);
#1690=LINE('',#12555,#2567);
#1691=LINE('',#12557,#2568);
#1692=LINE('',#12558,#2569);
#1693=LINE('',#12561,#2570);
#1694=LINE('',#12563,#2571);
#1695=LINE('',#12564,#2572);
#1696=LINE('',#12566,#2573);
#1697=LINE('',#12567,#2574);
#1698=LINE('',#12572,#2575);
#1699=LINE('',#12574,#2576);
#1700=LINE('',#12576,#2577);
#1701=LINE('',#12577,#2578);
#1702=LINE('',#12580,#2579);
#1703=LINE('',#12582,#2580);
#1704=LINE('',#12583,#2581);
#1705=LINE('',#12586,#2582);
#1706=LINE('',#12588,#2583);
#1707=LINE('',#12589,#2584);
#1708=LINE('',#12592,#2585);
#1709=LINE('',#12594,#2586);
#1710=LINE('',#12595,#2587);
#1711=LINE('',#12598,#2588);
#1712=LINE('',#12600,#2589);
#1713=LINE('',#12601,#2590);
#1714=LINE('',#12604,#2591);
#1715=LINE('',#12606,#2592);
#1716=LINE('',#12607,#2593);
#1717=LINE('',#12610,#2594);
#1718=LINE('',#12612,#2595);
#1719=LINE('',#12613,#2596);
#1720=LINE('',#12616,#2597);
#1721=LINE('',#12618,#2598);
#1722=LINE('',#12619,#2599);
#1723=LINE('',#12622,#2600);
#1724=LINE('',#12624,#2601);
#1725=LINE('',#12625,#2602);
#1726=LINE('',#12628,#2603);
#1727=LINE('',#12630,#2604);
#1728=LINE('',#12631,#2605);
#1729=LINE('',#12634,#2606);
#1730=LINE('',#12636,#2607);
#1731=LINE('',#12637,#2608);
#1732=LINE('',#12639,#2609);
#1733=LINE('',#12640,#2610);
#1734=LINE('',#12645,#2611);
#1735=LINE('',#12649,#2612);
#1736=LINE('',#12656,#2613);
#1737=LINE('',#12658,#2614);
#1738=LINE('',#12660,#2615);
#1739=LINE('',#12661,#2616);
#1740=LINE('',#12664,#2617);
#1741=LINE('',#12666,#2618);
#1742=LINE('',#12667,#2619);
#1743=LINE('',#12670,#2620);
#1744=LINE('',#12672,#2621);
#1745=LINE('',#12673,#2622);
#1746=LINE('',#12676,#2623);
#1747=LINE('',#12678,#2624);
#1748=LINE('',#12679,#2625);
#1749=LINE('',#12682,#2626);
#1750=LINE('',#12684,#2627);
#1751=LINE('',#12685,#2628);
#1752=LINE('',#12688,#2629);
#1753=LINE('',#12690,#2630);
#1754=LINE('',#12691,#2631);
#1755=LINE('',#12693,#2632);
#1756=LINE('',#12694,#2633);
#1757=LINE('',#12711,#2634);
#1758=LINE('',#12717,#2635);
#1759=LINE('',#12720,#2636);
#1760=LINE('',#12722,#2637);
#1761=LINE('',#12723,#2638);
#1762=LINE('',#12726,#2639);
#1763=LINE('',#12728,#2640);
#1764=LINE('',#12729,#2641);
#1765=LINE('',#12748,#2642);
#1766=LINE('',#12767,#2643);
#1767=LINE('',#12786,#2644);
#1768=LINE('',#12805,#2645);
#1769=LINE('',#12808,#2646);
#1770=LINE('',#12810,#2647);
#1771=LINE('',#12811,#2648);
#1772=LINE('',#12830,#2649);
#1773=LINE('',#12849,#2650);
#1774=LINE('',#12868,#2651);
#1775=LINE('',#12887,#2652);
#1776=LINE('',#12906,#2653);
#1777=LINE('',#12909,#2654);
#1778=LINE('',#12911,#2655);
#1779=LINE('',#12912,#2656);
#1780=LINE('',#12915,#2657);
#1781=LINE('',#12917,#2658);
#1782=LINE('',#12918,#2659);
#1783=LINE('',#12937,#2660);
#1784=LINE('',#12956,#2661);
#1785=LINE('',#12975,#2662);
#1786=LINE('',#12994,#2663);
#1787=LINE('',#13013,#2664);
#1788=LINE('',#13016,#2665);
#1789=LINE('',#13018,#2666);
#1790=LINE('',#13019,#2667);
#1791=LINE('',#13022,#2668);
#1792=LINE('',#13024,#2669);
#1793=LINE('',#13025,#2670);
#1794=LINE('',#13028,#2671);
#1795=LINE('',#13030,#2672);
#1796=LINE('',#13031,#2673);
#1797=LINE('',#13050,#2674);
#1798=LINE('',#13069,#2675);
#1799=LINE('',#13088,#2676);
#1800=LINE('',#13121,#2677);
#1801=LINE('',#13127,#2678);
#1802=LINE('',#13146,#2679);
#1803=LINE('',#13165,#2680);
#1804=LINE('',#13184,#2681);
#1805=LINE('',#13187,#2682);
#1806=LINE('',#13189,#2683);
#1807=LINE('',#13190,#2684);
#1808=LINE('',#13193,#2685);
#1809=LINE('',#13195,#2686);
#1810=LINE('',#13196,#2687);
#1811=LINE('',#13199,#2688);
#1812=LINE('',#13201,#2689);
#1813=LINE('',#13202,#2690);
#1814=LINE('',#13221,#2691);
#1815=LINE('',#13240,#2692);
#1816=LINE('',#13259,#2693);
#1817=LINE('',#13262,#2694);
#1818=LINE('',#13264,#2695);
#1819=LINE('',#13265,#2696);
#1820=LINE('',#13268,#2697);
#1821=LINE('',#13270,#2698);
#1822=LINE('',#13271,#2699);
#1823=LINE('',#13274,#2700);
#1824=LINE('',#13276,#2701);
#1825=LINE('',#13277,#2702);
#1826=LINE('',#13280,#2703);
#1827=LINE('',#13282,#2704);
#1828=LINE('',#13283,#2705);
#1829=LINE('',#13286,#2706);
#1830=LINE('',#13288,#2707);
#1831=LINE('',#13289,#2708);
#1832=LINE('',#13308,#2709);
#1833=LINE('',#13327,#2710);
#1834=LINE('',#13346,#2711);
#1835=LINE('',#13365,#2712);
#1836=LINE('',#13384,#2713);
#1837=LINE('',#13387,#2714);
#1838=LINE('',#13389,#2715);
#1839=LINE('',#13390,#2716);
#1840=LINE('',#13393,#2717);
#1841=LINE('',#13395,#2718);
#1842=LINE('',#13396,#2719);
#1843=LINE('',#13398,#2720);
#1844=LINE('',#13399,#2721);
#1845=LINE('',#13416,#2722);
#1846=LINE('',#13422,#2723);
#1847=LINE('',#13437,#2724);
#1848=LINE('',#13456,#2725);
#1849=LINE('',#13475,#2726);
#1850=LINE('',#13494,#2727);
#1851=LINE('',#13513,#2728);
#1852=LINE('',#13532,#2729);
#1853=LINE('',#13568,#2730);
#1854=LINE('',#13574,#2731);
#1855=LINE('',#13593,#2732);
#1856=LINE('',#13612,#2733);
#1857=LINE('',#13645,#2734);
#1858=LINE('',#13651,#2735);
#1859=LINE('',#13666,#2736);
#1860=LINE('',#13685,#2737);
#1861=LINE('',#13704,#2738);
#1862=LINE('',#13723,#2739);
#1863=LINE('',#13742,#2740);
#1864=LINE('',#13761,#2741);
#1865=LINE('',#13797,#2742);
#1866=LINE('',#13803,#2743);
#1867=LINE('',#13822,#2744);
#1868=LINE('',#13841,#2745);
#1869=LINE('',#13862,#2746);
#1870=LINE('',#13864,#2747);
#1871=LINE('',#13866,#2748);
#1872=LINE('',#13867,#2749);
#1873=LINE('',#13870,#2750);
#1874=LINE('',#13872,#2751);
#1875=LINE('',#13873,#2752);
#1876=LINE('',#13876,#2753);
#1877=LINE('',#13878,#2754);
#1878=LINE('',#13879,#2755);
#1879=LINE('',#13882,#2756);
#1880=LINE('',#13884,#2757);
#1881=LINE('',#13885,#2758);
#1882=LINE('',#13888,#2759);
#1883=LINE('',#13890,#2760);
#1884=LINE('',#13891,#2761);
#1885=LINE('',#13910,#2762);
#1886=LINE('',#13913,#2763);
#1887=LINE('',#13915,#2764);
#1888=LINE('',#13916,#2765);
#1889=LINE('',#13919,#2766);
#1890=LINE('',#13921,#2767);
#1891=LINE('',#13922,#2768);
#1892=LINE('',#13925,#2769);
#1893=LINE('',#13927,#2770);
#1894=LINE('',#13928,#2771);
#1895=LINE('',#13931,#2772);
#1896=LINE('',#13933,#2773);
#1897=LINE('',#13934,#2774);
#1898=LINE('',#13936,#2775);
#1899=LINE('',#13937,#2776);
#1900=LINE('',#13954,#2777);
#1901=LINE('',#13960,#2778);
#1902=LINE('',#13979,#2779);
#1903=LINE('',#13982,#2780);
#1904=LINE('',#13984,#2781);
#1905=LINE('',#13985,#2782);
#1906=LINE('',#13988,#2783);
#1907=LINE('',#13990,#2784);
#1908=LINE('',#13991,#2785);
#1909=LINE('',#14010,#2786);
#1910=LINE('',#14029,#2787);
#1911=LINE('',#14048,#2788);
#1912=LINE('',#14067,#2789);
#1913=LINE('',#14086,#2790);
#1914=LINE('',#14105,#2791);
#1915=LINE('',#14124,#2792);
#1916=LINE('',#14127,#2793);
#1917=LINE('',#14129,#2794);
#1918=LINE('',#14130,#2795);
#1919=LINE('',#14133,#2796);
#1920=LINE('',#14135,#2797);
#1921=LINE('',#14136,#2798);
#1922=LINE('',#14139,#2799);
#1923=LINE('',#14141,#2800);
#1924=LINE('',#14142,#2801);
#1925=LINE('',#14145,#2802);
#1926=LINE('',#14147,#2803);
#1927=LINE('',#14148,#2804);
#1928=LINE('',#14151,#2805);
#1929=LINE('',#14153,#2806);
#1930=LINE('',#14154,#2807);
#1931=LINE('',#14173,#2808);
#1932=LINE('',#14192,#2809);
#1933=LINE('',#14211,#2810);
#1934=LINE('',#14232,#2811);
#1935=LINE('',#14234,#2812);
#1936=LINE('',#14236,#2813);
#1937=LINE('',#14237,#2814);
#1938=LINE('',#14240,#2815);
#1939=LINE('',#14242,#2816);
#1940=LINE('',#14243,#2817);
#1941=LINE('',#14245,#2818);
#1942=LINE('',#14246,#2819);
#1943=LINE('',#14250,#2820);
#1944=LINE('',#14252,#2821);
#1945=LINE('',#14254,#2822);
#1946=LINE('',#14255,#2823);
#1947=LINE('',#14258,#2824);
#1948=LINE('',#14260,#2825);
#1949=LINE('',#14261,#2826);
#1950=LINE('',#14264,#2827);
#1951=LINE('',#14266,#2828);
#1952=LINE('',#14267,#2829);
#1953=LINE('',#14270,#2830);
#1954=LINE('',#14272,#2831);
#1955=LINE('',#14273,#2832);
#1956=LINE('',#14276,#2833);
#1957=LINE('',#14278,#2834);
#1958=LINE('',#14279,#2835);
#1959=LINE('',#14282,#2836);
#1960=LINE('',#14284,#2837);
#1961=LINE('',#14285,#2838);
#1962=LINE('',#14288,#2839);
#1963=LINE('',#14290,#2840);
#1964=LINE('',#14291,#2841);
#1965=LINE('',#14294,#2842);
#1966=LINE('',#14296,#2843);
#1967=LINE('',#14297,#2844);
#1968=LINE('',#14300,#2845);
#1969=LINE('',#14302,#2846);
#1970=LINE('',#14303,#2847);
#1971=LINE('',#14306,#2848);
#1972=LINE('',#14308,#2849);
#1973=LINE('',#14309,#2850);
#1974=LINE('',#14311,#2851);
#1975=LINE('',#14312,#2852);
#1976=LINE('',#14317,#2853);
#1977=LINE('',#14319,#2854);
#1978=LINE('',#14321,#2855);
#1979=LINE('',#14322,#2856);
#1980=LINE('',#14325,#2857);
#1981=LINE('',#14327,#2858);
#1982=LINE('',#14328,#2859);
#1983=LINE('',#14331,#2860);
#1984=LINE('',#14333,#2861);
#1985=LINE('',#14334,#2862);
#1986=LINE('',#14336,#2863);
#1987=LINE('',#14337,#2864);
#1988=LINE('',#14354,#2865);
#1989=LINE('',#14360,#2866);
#1990=LINE('',#14375,#2867);
#1991=LINE('',#14382,#2868);
#1992=LINE('',#14384,#2869);
#1993=LINE('',#14385,#2870);
#1994=LINE('',#14388,#2871);
#1995=LINE('',#14390,#2872);
#1996=LINE('',#14391,#2873);
#1997=LINE('',#14394,#2874);
#1998=LINE('',#14396,#2875);
#1999=LINE('',#14397,#2876);
#2000=LINE('',#14412,#2877);
#2001=LINE('',#14448,#2878);
#2002=LINE('',#14454,#2879);
#2003=LINE('',#14457,#2880);
#2004=LINE('',#14459,#2881);
#2005=LINE('',#14460,#2882);
#2006=LINE('',#14463,#2883);
#2007=LINE('',#14465,#2884);
#2008=LINE('',#14466,#2885);
#2009=LINE('',#14469,#2886);
#2010=LINE('',#14471,#2887);
#2011=LINE('',#14472,#2888);
#2012=LINE('',#14475,#2889);
#2013=LINE('',#14477,#2890);
#2014=LINE('',#14478,#2891);
#2015=LINE('',#14481,#2892);
#2016=LINE('',#14483,#2893);
#2017=LINE('',#14484,#2894);
#2018=LINE('',#14503,#2895);
#2019=LINE('',#14522,#2896);
#2020=LINE('',#14543,#2897);
#2021=LINE('',#14545,#2898);
#2022=LINE('',#14547,#2899);
#2023=LINE('',#14548,#2900);
#2024=LINE('',#14551,#2901);
#2025=LINE('',#14553,#2902);
#2026=LINE('',#14554,#2903);
#2027=LINE('',#14557,#2904);
#2028=LINE('',#14559,#2905);
#2029=LINE('',#14560,#2906);
#2030=LINE('',#14562,#2907);
#2031=LINE('',#14563,#2908);
#2032=LINE('',#14568,#2909);
#2033=LINE('',#14570,#2910);
#2034=LINE('',#14572,#2911);
#2035=LINE('',#14573,#2912);
#2036=LINE('',#14576,#2913);
#2037=LINE('',#14578,#2914);
#2038=LINE('',#14579,#2915);
#2039=LINE('',#14582,#2916);
#2040=LINE('',#14584,#2917);
#2041=LINE('',#14585,#2918);
#2042=LINE('',#14588,#2919);
#2043=LINE('',#14590,#2920);
#2044=LINE('',#14591,#2921);
#2045=LINE('',#14594,#2922);
#2046=LINE('',#14596,#2923);
#2047=LINE('',#14597,#2924);
#2048=LINE('',#14599,#2925);
#2049=LINE('',#14600,#2926);
#2050=LINE('',#14617,#2927);
#2051=LINE('',#14623,#2928);
#2052=LINE('',#14638,#2929);
#2053=LINE('',#14657,#2930);
#2054=LINE('',#14676,#2931);
#2055=LINE('',#14695,#2932);
#2056=LINE('',#14714,#2933);
#2057=LINE('',#14750,#2934);
#2058=LINE('',#14756,#2935);
#2059=LINE('',#14775,#2936);
#2060=LINE('',#14794,#2937);
#2061=LINE('',#14813,#2938);
#2062=LINE('',#14832,#2939);
#2063=LINE('',#14851,#2940);
#2064=LINE('',#14854,#2941);
#2065=LINE('',#14856,#2942);
#2066=LINE('',#14857,#2943);
#2067=LINE('',#14860,#2944);
#2068=LINE('',#14862,#2945);
#2069=LINE('',#14863,#2946);
#2070=LINE('',#14882,#2947);
#2071=LINE('',#14901,#2948);
#2072=LINE('',#14920,#2949);
#2073=LINE('',#14939,#2950);
#2074=LINE('',#14958,#2951);
#2075=LINE('',#14991,#2952);
#2076=LINE('',#14997,#2953);
#2077=LINE('',#15012,#2954);
#2078=LINE('',#15031,#2955);
#2079=LINE('',#15050,#2956);
#2080=LINE('',#15069,#2957);
#2081=LINE('',#15088,#2958);
#2082=LINE('',#15107,#2959);
#2083=LINE('',#15143,#2960);
#2084=LINE('',#15149,#2961);
#2085=LINE('',#15168,#2962);
#2086=LINE('',#15187,#2963);
#2087=LINE('',#15220,#2964);
#2088=LINE('',#15226,#2965);
#2089=LINE('',#15229,#2966);
#2090=LINE('',#15231,#2967);
#2091=LINE('',#15232,#2968);
#2092=LINE('',#15235,#2969);
#2093=LINE('',#15237,#2970);
#2094=LINE('',#15238,#2971);
#2095=LINE('',#15257,#2972);
#2096=LINE('',#15276,#2973);
#2097=LINE('',#15295,#2974);
#2098=LINE('',#15314,#2975);
#2099=LINE('',#15317,#2976);
#2100=LINE('',#15319,#2977);
#2101=LINE('',#15320,#2978);
#2102=LINE('',#15339,#2979);
#2103=LINE('',#15358,#2980);
#2104=LINE('',#15377,#2981);
#2105=LINE('',#15396,#2982);
#2106=LINE('',#15415,#2983);
#2107=LINE('',#15418,#2984);
#2108=LINE('',#15420,#2985);
#2109=LINE('',#15421,#2986);
#2110=LINE('',#15424,#2987);
#2111=LINE('',#15426,#2988);
#2112=LINE('',#15427,#2989);
#2113=LINE('',#15446,#2990);
#2114=LINE('',#15465,#2991);
#2115=LINE('',#15484,#2992);
#2116=LINE('',#15503,#2993);
#2117=LINE('',#15522,#2994);
#2118=LINE('',#15525,#2995);
#2119=LINE('',#15527,#2996);
#2120=LINE('',#15528,#2997);
#2121=LINE('',#15531,#2998);
#2122=LINE('',#15533,#2999);
#2123=LINE('',#15534,#3000);
#2124=LINE('',#15537,#3001);
#2125=LINE('',#15539,#3002);
#2126=LINE('',#15540,#3003);
#2127=LINE('',#15559,#3004);
#2128=LINE('',#15578,#3005);
#2129=LINE('',#15597,#3006);
#2130=LINE('',#15630,#3007);
#2131=LINE('',#15636,#3008);
#2132=LINE('',#15651,#3009);
#2133=LINE('',#15670,#3010);
#2134=LINE('',#15689,#3011);
#2135=LINE('',#15708,#3012);
#2136=LINE('',#15727,#3013);
#2137=LINE('',#15746,#3014);
#2138=LINE('',#15782,#3015);
#2139=LINE('',#15788,#3016);
#2140=LINE('',#15807,#3017);
#2141=LINE('',#15826,#3018);
#2142=LINE('',#15847,#3019);
#2143=LINE('',#15849,#3020);
#2144=LINE('',#15851,#3021);
#2145=LINE('',#15852,#3022);
#2146=LINE('',#15855,#3023);
#2147=LINE('',#15857,#3024);
#2148=LINE('',#15858,#3025);
#2149=LINE('',#15861,#3026);
#2150=LINE('',#15863,#3027);
#2151=LINE('',#15864,#3028);
#2152=LINE('',#15867,#3029);
#2153=LINE('',#15869,#3030);
#2154=LINE('',#15870,#3031);
#2155=LINE('',#15873,#3032);
#2156=LINE('',#15875,#3033);
#2157=LINE('',#15876,#3034);
#2158=LINE('',#15879,#3035);
#2159=LINE('',#15881,#3036);
#2160=LINE('',#15882,#3037);
#2161=LINE('',#15885,#3038);
#2162=LINE('',#15887,#3039);
#2163=LINE('',#15888,#3040);
#2164=LINE('',#15891,#3041);
#2165=LINE('',#15893,#3042);
#2166=LINE('',#15894,#3043);
#2167=LINE('',#15897,#3044);
#2168=LINE('',#15899,#3045);
#2169=LINE('',#15900,#3046);
#2170=LINE('',#15903,#3047);
#2171=LINE('',#15905,#3048);
#2172=LINE('',#15906,#3049);
#2173=LINE('',#15909,#3050);
#2174=LINE('',#15911,#3051);
#2175=LINE('',#15912,#3052);
#2176=LINE('',#15914,#3053);
#2177=LINE('',#15915,#3054);
#2178=LINE('',#15920,#3055);
#2179=LINE('',#15922,#3056);
#2180=LINE('',#15924,#3057);
#2181=LINE('',#15925,#3058);
#2182=LINE('',#15944,#3059);
#2183=LINE('',#15963,#3060);
#2184=LINE('',#15982,#3061);
#2185=LINE('',#16001,#3062);
#2186=LINE('',#16020,#3063);
#2187=LINE('',#16039,#3064);
#2188=LINE('',#16042,#3065);
#2189=LINE('',#16044,#3066);
#2190=LINE('',#16045,#3067);
#2191=LINE('',#16048,#3068);
#2192=LINE('',#16050,#3069);
#2193=LINE('',#16051,#3070);
#2194=LINE('',#16070,#3071);
#2195=LINE('',#16089,#3072);
#2196=LINE('',#16108,#3073);
#2197=LINE('',#16127,#3074);
#2198=LINE('',#16146,#3075);
#2199=LINE('',#16149,#3076);
#2200=LINE('',#16151,#3077);
#2201=LINE('',#16152,#3078);
#2202=LINE('',#16155,#3079);
#2203=LINE('',#16157,#3080);
#2204=LINE('',#16158,#3081);
#2205=LINE('',#16160,#3082);
#2206=LINE('',#16161,#3083);
#2207=LINE('',#16166,#3084);
#2208=LINE('',#16168,#3085);
#2209=LINE('',#16170,#3086);
#2210=LINE('',#16171,#3087);
#2211=LINE('',#16174,#3088);
#2212=LINE('',#16176,#3089);
#2213=LINE('',#16177,#3090);
#2214=LINE('',#16179,#3091);
#2215=LINE('',#16180,#3092);
#2216=LINE('',#16184,#3093);
#2217=LINE('',#16186,#3094);
#2218=LINE('',#16188,#3095);
#2219=LINE('',#16189,#3096);
#2220=LINE('',#16192,#3097);
#2221=LINE('',#16194,#3098);
#2222=LINE('',#16195,#3099);
#2223=LINE('',#16198,#3100);
#2224=LINE('',#16200,#3101);
#2225=LINE('',#16201,#3102);
#2226=LINE('',#16204,#3103);
#2227=LINE('',#16206,#3104);
#2228=LINE('',#16207,#3105);
#2229=LINE('',#16210,#3106);
#2230=LINE('',#16212,#3107);
#2231=LINE('',#16213,#3108);
#2232=LINE('',#16216,#3109);
#2233=LINE('',#16218,#3110);
#2234=LINE('',#16219,#3111);
#2235=LINE('',#16222,#3112);
#2236=LINE('',#16224,#3113);
#2237=LINE('',#16225,#3114);
#2238=LINE('',#16227,#3115);
#2239=LINE('',#16228,#3116);
#2240=LINE('',#16233,#3117);
#2241=LINE('',#16235,#3118);
#2242=LINE('',#16237,#3119);
#2243=LINE('',#16238,#3120);
#2244=LINE('',#16241,#3121);
#2245=LINE('',#16243,#3122);
#2246=LINE('',#16244,#3123);
#2247=LINE('',#16247,#3124);
#2248=LINE('',#16249,#3125);
#2249=LINE('',#16250,#3126);
#2250=LINE('',#16253,#3127);
#2251=LINE('',#16255,#3128);
#2252=LINE('',#16256,#3129);
#2253=LINE('',#16259,#3130);
#2254=LINE('',#16261,#3131);
#2255=LINE('',#16262,#3132);
#2256=LINE('',#16265,#3133);
#2257=LINE('',#16267,#3134);
#2258=LINE('',#16268,#3135);
#2259=LINE('',#16271,#3136);
#2260=LINE('',#16273,#3137);
#2261=LINE('',#16274,#3138);
#2262=LINE('',#16277,#3139);
#2263=LINE('',#16279,#3140);
#2264=LINE('',#16280,#3141);
#2265=LINE('',#16283,#3142);
#2266=LINE('',#16285,#3143);
#2267=LINE('',#16286,#3144);
#2268=LINE('',#16289,#3145);
#2269=LINE('',#16291,#3146);
#2270=LINE('',#16292,#3147);
#2271=LINE('',#16295,#3148);
#2272=LINE('',#16297,#3149);
#2273=LINE('',#16298,#3150);
#2274=LINE('',#16300,#3151);
#2275=LINE('',#16301,#3152);
#2276=LINE('',#16306,#3153);
#2277=LINE('',#16308,#3154);
#2278=LINE('',#16310,#3155);
#2279=LINE('',#16311,#3156);
#2280=LINE('',#16314,#3157);
#2281=LINE('',#16316,#3158);
#2282=LINE('',#16317,#3159);
#2283=LINE('',#16320,#3160);
#2284=LINE('',#16322,#3161);
#2285=LINE('',#16323,#3162);
#2286=LINE('',#16325,#3163);
#2287=LINE('',#16326,#3164);
#2288=LINE('',#16331,#3165);
#2289=LINE('',#16333,#3166);
#2290=LINE('',#16335,#3167);
#2291=LINE('',#16336,#3168);
#2292=LINE('',#16339,#3169);
#2293=LINE('',#16341,#3170);
#2294=LINE('',#16342,#3171);
#2295=LINE('',#16345,#3172);
#2296=LINE('',#16347,#3173);
#2297=LINE('',#16348,#3174);
#2298=LINE('',#16351,#3175);
#2299=LINE('',#16353,#3176);
#2300=LINE('',#16354,#3177);
#2301=LINE('',#16357,#3178);
#2302=LINE('',#16359,#3179);
#2303=LINE('',#16360,#3180);
#2304=LINE('',#16363,#3181);
#2305=LINE('',#16365,#3182);
#2306=LINE('',#16366,#3183);
#2307=LINE('',#16368,#3184);
#2308=LINE('',#16369,#3185);
#2309=LINE('',#16374,#3186);
#2310=LINE('',#16376,#3187);
#2311=LINE('',#16378,#3188);
#2312=LINE('',#16379,#3189);
#2313=LINE('',#16416,#3190);
#2314=LINE('',#16443,#3191);
#2315=LINE('',#16502,#3192);
#2316=LINE('',#16503,#3193);
#2317=LINE('',#16508,#3194);
#2318=LINE('',#16509,#3195);
#2319=LINE('',#16511,#3196);
#2320=LINE('',#16515,#3197);
#2321=LINE('',#16517,#3198);
#2322=LINE('',#16519,#3199);
#2323=LINE('',#16520,#3200);
#2324=LINE('',#16523,#3201);
#2325=LINE('',#16538,#3202);
#2326=LINE('',#16547,#3203);
#2327=LINE('',#16548,#3204);
#2328=LINE('',#16562,#3205);
#2329=LINE('',#16563,#3206);
#2330=LINE('',#16577,#3207);
#2331=LINE('',#16579,#3208);
#2332=LINE('',#16580,#3209);
#2333=LINE('',#16588,#3210);
#2334=LINE('',#16590,#3211);
#2335=LINE('',#16592,#3212);
#2336=LINE('',#16593,#3213);
#2337=LINE('',#16595,#3214);
#2338=LINE('',#16597,#3215);
#2339=LINE('',#16598,#3216);
#2340=LINE('',#16600,#3217);
#2341=VECTOR('',#9562,10.);
#2342=VECTOR('',#9563,10.);
#2343=VECTOR('',#9564,10.);
#2344=VECTOR('',#9565,10.);
#2345=VECTOR('',#9566,10.);
#2346=VECTOR('',#9569,10.);
#2347=VECTOR('',#9570,10.);
#2348=VECTOR('',#9573,10.);
#2349=VECTOR('',#9574,10.);
#2350=VECTOR('',#9575,10.);
#2351=VECTOR('',#9576,10.);
#2352=VECTOR('',#9577,10.);
#2353=VECTOR('',#9578,10.);
#2354=VECTOR('',#9579,10.);
#2355=VECTOR('',#9580,10.);
#2356=VECTOR('',#9581,10.);
#2357=VECTOR('',#9582,10.);
#2358=VECTOR('',#9583,10.);
#2359=VECTOR('',#9586,10.);
#2360=VECTOR('',#9587,10.);
#2361=VECTOR('',#9588,10.);
#2362=VECTOR('',#9591,10.);
#2363=VECTOR('',#9592,10.);
#2364=VECTOR('',#9593,10.);
#2365=VECTOR('',#9596,10.);
#2366=VECTOR('',#9597,10.);
#2367=VECTOR('',#9598,10.);
#2368=VECTOR('',#9601,10.);
#2369=VECTOR('',#9602,10.);
#2370=VECTOR('',#9607,10.);
#2371=VECTOR('',#9608,10.);
#2372=VECTOR('',#9609,10.);
#2373=VECTOR('',#9610,10.);
#2374=VECTOR('',#9611,10.);
#2375=VECTOR('',#9612,10.);
#2376=VECTOR('',#9613,10.);
#2377=VECTOR('',#9614,10.);
#2378=VECTOR('',#9615,10.);
#2379=VECTOR('',#9616,10.);
#2380=VECTOR('',#9619,10.);
#2381=VECTOR('',#9620,10.);
#2382=VECTOR('',#9621,10.);
#2383=VECTOR('',#9624,10.);
#2384=VECTOR('',#9625,10.);
#2385=VECTOR('',#9626,10.);
#2386=VECTOR('',#9627,10.);
#2387=VECTOR('',#9628,10.);
#2388=VECTOR('',#9629,10.);
#2389=VECTOR('',#9630,10.);
#2390=VECTOR('',#9631,10.);
#2391=VECTOR('',#9634,10.);
#2392=VECTOR('',#9635,10.);
#2393=VECTOR('',#9636,10.);
#2394=VECTOR('',#9639,10.);
#2395=VECTOR('',#9640,10.);
#2396=VECTOR('',#9641,10.);
#2397=VECTOR('',#9644,10.);
#2398=VECTOR('',#9645,10.);
#2399=VECTOR('',#9650,10.);
#2400=VECTOR('',#9651,10.);
#2401=VECTOR('',#9652,10.);
#2402=VECTOR('',#9653,10.);
#2403=VECTOR('',#9656,10.);
#2404=VECTOR('',#9657,10.);
#2405=VECTOR('',#9658,10.);
#2406=VECTOR('',#9661,10.);
#2407=VECTOR('',#9662,10.);
#2408=VECTOR('',#9663,10.);
#2409=VECTOR('',#9666,10.);
#2410=VECTOR('',#9667,10.);
#2411=VECTOR('',#9668,10.);
#2412=VECTOR('',#9671,10.);
#2413=VECTOR('',#9672,10.);
#2414=VECTOR('',#9673,10.);
#2415=VECTOR('',#9676,10.);
#2416=VECTOR('',#9677,10.);
#2417=VECTOR('',#9678,10.);
#2418=VECTOR('',#9681,10.);
#2419=VECTOR('',#9682,10.);
#2420=VECTOR('',#9683,10.);
#2421=VECTOR('',#9686,10.);
#2422=VECTOR('',#9687,10.);
#2423=VECTOR('',#9688,10.);
#2424=VECTOR('',#9691,10.);
#2425=VECTOR('',#9692,10.);
#2426=VECTOR('',#9693,10.);
#2427=VECTOR('',#9696,10.);
#2428=VECTOR('',#9697,10.);
#2429=VECTOR('',#9698,10.);
#2430=VECTOR('',#9701,10.);
#2431=VECTOR('',#9702,10.);
#2432=VECTOR('',#9703,10.);
#2433=VECTOR('',#9704,10.);
#2434=VECTOR('',#9705,10.);
#2435=VECTOR('',#9706,10.);
#2436=VECTOR('',#9709,10.);
#2437=VECTOR('',#9710,10.);
#2438=VECTOR('',#9711,10.);
#2439=VECTOR('',#9714,10.);
#2440=VECTOR('',#9715,10.);
#2441=VECTOR('',#9716,10.);
#2442=VECTOR('',#9717,10.);
#2443=VECTOR('',#9720,10.);
#2444=VECTOR('',#9721,10.);
#2445=VECTOR('',#9722,10.);
#2446=VECTOR('',#9723,10.);
#2447=VECTOR('',#9724,10.);
#2448=VECTOR('',#9727,10.);
#2449=VECTOR('',#9728,10.);
#2450=VECTOR('',#9729,10.);
#2451=VECTOR('',#9730,10.);
#2452=VECTOR('',#9731,10.);
#2453=VECTOR('',#9732,10.);
#2454=VECTOR('',#9733,10.);
#2455=VECTOR('',#9734,10.);
#2456=VECTOR('',#9737,10.);
#2457=VECTOR('',#9738,10.);
#2458=VECTOR('',#9739,10.);
#2459=VECTOR('',#9740,10.);
#2460=VECTOR('',#9741,10.);
#2461=VECTOR('',#9742,10.);
#2462=VECTOR('',#9745,10.);
#2463=VECTOR('',#9746,10.);
#2464=VECTOR('',#9747,10.);
#2465=VECTOR('',#9750,10.);
#2466=VECTOR('',#9751,10.);
#2467=VECTOR('',#9752,10.);
#2468=VECTOR('',#9753,10.);
#2469=VECTOR('',#9754,10.);
#2470=VECTOR('',#9755,10.);
#2471=VECTOR('',#9758,10.);
#2472=VECTOR('',#9759,10.);
#2473=VECTOR('',#9760,10.);
#2474=VECTOR('',#9763,10.);
#2475=VECTOR('',#9764,10.);
#2476=VECTOR('',#9765,10.);
#2477=VECTOR('',#9768,10.);
#2478=VECTOR('',#9769,10.);
#2479=VECTOR('',#9770,10.);
#2480=VECTOR('',#9775,10.);
#2481=VECTOR('',#9776,10.);
#2482=VECTOR('',#9777,10.);
#2483=VECTOR('',#9778,10.);
#2484=VECTOR('',#9781,10.);
#2485=VECTOR('',#9782,10.);
#2486=VECTOR('',#9783,10.);
#2487=VECTOR('',#9784,10.);
#2488=VECTOR('',#9785,10.);
#2489=VECTOR('',#9786,10.);
#2490=VECTOR('',#9787,10.);
#2491=VECTOR('',#9788,10.);
#2492=VECTOR('',#9789,10.);
#2493=VECTOR('',#9790,10.);
#2494=VECTOR('',#9791,10.);
#2495=VECTOR('',#9792,10.);
#2496=VECTOR('',#9795,10.);
#2497=VECTOR('',#9796,10.);
#2498=VECTOR('',#9797,10.);
#2499=VECTOR('',#9800,10.);
#2500=VECTOR('',#9801,10.);
#2501=VECTOR('',#9802,10.);
#2502=VECTOR('',#9803,10.);
#2503=VECTOR('',#9804,10.);
#2504=VECTOR('',#9805,10.);
#2505=VECTOR('',#9806,10.);
#2506=VECTOR('',#9807,10.);
#2507=VECTOR('',#9808,10.);
#2508=VECTOR('',#9809,10.);
#2509=VECTOR('',#9814,10.);
#2510=VECTOR('',#9815,10.);
#2511=VECTOR('',#9816,10.);
#2512=VECTOR('',#9817,10.);
#2513=VECTOR('',#9820,10.);
#2514=VECTOR('',#9821,10.);
#2515=VECTOR('',#9822,10.);
#2516=VECTOR('',#9825,10.);
#2517=VECTOR('',#9826,10.);
#2518=VECTOR('',#9827,10.);
#2519=VECTOR('',#9830,10.);
#2520=VECTOR('',#9831,10.);
#2521=VECTOR('',#9832,10.);
#2522=VECTOR('',#9835,10.);
#2523=VECTOR('',#9836,10.);
#2524=VECTOR('',#9837,10.);
#2525=VECTOR('',#9840,10.);
#2526=VECTOR('',#9841,10.);
#2527=VECTOR('',#9842,10.);
#2528=VECTOR('',#9845,10.);
#2529=VECTOR('',#9846,10.);
#2530=VECTOR('',#9847,10.);
#2531=VECTOR('',#9850,10.);
#2532=VECTOR('',#9851,10.);
#2533=VECTOR('',#9856,10.);
#2534=VECTOR('',#9857,10.);
#2535=VECTOR('',#9858,10.);
#2536=VECTOR('',#9859,10.);
#2537=VECTOR('',#9862,10.);
#2538=VECTOR('',#9863,10.);
#2539=VECTOR('',#9864,10.);
#2540=VECTOR('',#9867,10.);
#2541=VECTOR('',#9868,10.);
#2542=VECTOR('',#9871,10.);
#2543=VECTOR('',#9872,10.);
#2544=VECTOR('',#9873,10.);
#2545=VECTOR('',#9874,10.);
#2546=VECTOR('',#9877,10.);
#2547=VECTOR('',#9878,10.);
#2548=VECTOR('',#9879,10.);
#2549=VECTOR('',#9882,10.);
#2550=VECTOR('',#9883,10.);
#2551=VECTOR('',#9884,10.);
#2552=VECTOR('',#9887,10.);
#2553=VECTOR('',#9888,10.);
#2554=VECTOR('',#9889,10.);
#2555=VECTOR('',#9892,10.);
#2556=VECTOR('',#9893,10.);
#2557=VECTOR('',#9894,10.);
#2558=VECTOR('',#9897,10.);
#2559=VECTOR('',#9898,10.);
#2560=VECTOR('',#9899,10.);
#2561=VECTOR('',#9902,10.);
#2562=VECTOR('',#9903,10.);
#2563=VECTOR('',#9904,10.);
#2564=VECTOR('',#9907,10.);
#2565=VECTOR('',#9908,10.);
#2566=VECTOR('',#9909,10.);
#2567=VECTOR('',#9912,10.);
#2568=VECTOR('',#9913,10.);
#2569=VECTOR('',#9914,10.);
#2570=VECTOR('',#9917,10.);
#2571=VECTOR('',#9918,10.);
#2572=VECTOR('',#9919,10.);
#2573=VECTOR('',#9922,10.);
#2574=VECTOR('',#9923,10.);
#2575=VECTOR('',#9928,10.);
#2576=VECTOR('',#9929,10.);
#2577=VECTOR('',#9930,10.);
#2578=VECTOR('',#9931,10.);
#2579=VECTOR('',#9934,10.);
#2580=VECTOR('',#9935,10.);
#2581=VECTOR('',#9936,10.);
#2582=VECTOR('',#9939,10.);
#2583=VECTOR('',#9940,10.);
#2584=VECTOR('',#9941,10.);
#2585=VECTOR('',#9944,10.);
#2586=VECTOR('',#9945,10.);
#2587=VECTOR('',#9946,10.);
#2588=VECTOR('',#9949,10.);
#2589=VECTOR('',#9950,10.);
#2590=VECTOR('',#9951,10.);
#2591=VECTOR('',#9954,10.);
#2592=VECTOR('',#9955,10.);
#2593=VECTOR('',#9956,10.);
#2594=VECTOR('',#9959,10.);
#2595=VECTOR('',#9960,10.);
#2596=VECTOR('',#9961,10.);
#2597=VECTOR('',#9964,10.);
#2598=VECTOR('',#9965,10.);
#2599=VECTOR('',#9966,10.);
#2600=VECTOR('',#9969,10.);
#2601=VECTOR('',#9970,10.);
#2602=VECTOR('',#9971,10.);
#2603=VECTOR('',#9974,10.);
#2604=VECTOR('',#9975,10.);
#2605=VECTOR('',#9976,10.);
#2606=VECTOR('',#9979,10.);
#2607=VECTOR('',#9980,10.);
#2608=VECTOR('',#9981,10.);
#2609=VECTOR('',#9984,10.);
#2610=VECTOR('',#9985,10.);
#2611=VECTOR('',#9990,10.);
#2612=VECTOR('',#9993,10.);
#2613=VECTOR('',#10002,10.);
#2614=VECTOR('',#10003,10.);
#2615=VECTOR('',#10004,10.);
#2616=VECTOR('',#10005,10.);
#2617=VECTOR('',#10008,10.);
#2618=VECTOR('',#10009,10.);
#2619=VECTOR('',#10010,10.);
#2620=VECTOR('',#10013,10.);
#2621=VECTOR('',#10014,10.);
#2622=VECTOR('',#10015,10.);
#2623=VECTOR('',#10018,10.);
#2624=VECTOR('',#10019,10.);
#2625=VECTOR('',#10020,10.);
#2626=VECTOR('',#10023,10.);
#2627=VECTOR('',#10024,10.);
#2628=VECTOR('',#10025,10.);
#2629=VECTOR('',#10028,10.);
#2630=VECTOR('',#10029,10.);
#2631=VECTOR('',#10030,10.);
#2632=VECTOR('',#10033,10.);
#2633=VECTOR('',#10034,10.);
#2634=VECTOR('',#10037,10.);
#2635=VECTOR('',#10038,10.);
#2636=VECTOR('',#10041,10.);
#2637=VECTOR('',#10042,10.);
#2638=VECTOR('',#10043,10.);
#2639=VECTOR('',#10046,10.);
#2640=VECTOR('',#10047,10.);
#2641=VECTOR('',#10048,10.);
#2642=VECTOR('',#10049,10.);
#2643=VECTOR('',#10050,10.);
#2644=VECTOR('',#10051,10.);
#2645=VECTOR('',#10052,10.);
#2646=VECTOR('',#10055,10.);
#2647=VECTOR('',#10056,10.);
#2648=VECTOR('',#10057,10.);
#2649=VECTOR('',#10058,10.);
#2650=VECTOR('',#10059,10.);
#2651=VECTOR('',#10060,10.);
#2652=VECTOR('',#10061,10.);
#2653=VECTOR('',#10062,10.);
#2654=VECTOR('',#10065,10.);
#2655=VECTOR('',#10066,10.);
#2656=VECTOR('',#10067,10.);
#2657=VECTOR('',#10070,10.);
#2658=VECTOR('',#10071,10.);
#2659=VECTOR('',#10072,10.);
#2660=VECTOR('',#10073,10.);
#2661=VECTOR('',#10074,10.);
#2662=VECTOR('',#10075,10.);
#2663=VECTOR('',#10076,10.);
#2664=VECTOR('',#10077,10.);
#2665=VECTOR('',#10080,10.);
#2666=VECTOR('',#10081,10.);
#2667=VECTOR('',#10082,10.);
#2668=VECTOR('',#10085,10.);
#2669=VECTOR('',#10086,10.);
#2670=VECTOR('',#10087,10.);
#2671=VECTOR('',#10090,10.);
#2672=VECTOR('',#10091,10.);
#2673=VECTOR('',#10092,10.);
#2674=VECTOR('',#10093,10.);
#2675=VECTOR('',#10094,10.);
#2676=VECTOR('',#10095,10.);
#2677=VECTOR('',#10098,10.);
#2678=VECTOR('',#10099,10.);
#2679=VECTOR('',#10100,10.);
#2680=VECTOR('',#10101,10.);
#2681=VECTOR('',#10102,10.);
#2682=VECTOR('',#10105,10.);
#2683=VECTOR('',#10106,10.);
#2684=VECTOR('',#10107,10.);
#2685=VECTOR('',#10110,10.);
#2686=VECTOR('',#10111,10.);
#2687=VECTOR('',#10112,10.);
#2688=VECTOR('',#10115,10.);
#2689=VECTOR('',#10116,10.);
#2690=VECTOR('',#10117,10.);
#2691=VECTOR('',#10118,10.);
#2692=VECTOR('',#10119,10.);
#2693=VECTOR('',#10120,10.);
#2694=VECTOR('',#10123,10.);
#2695=VECTOR('',#10124,10.);
#2696=VECTOR('',#10125,10.);
#2697=VECTOR('',#10128,10.);
#2698=VECTOR('',#10129,10.);
#2699=VECTOR('',#10130,10.);
#2700=VECTOR('',#10133,10.);
#2701=VECTOR('',#10134,10.);
#2702=VECTOR('',#10135,10.);
#2703=VECTOR('',#10138,10.);
#2704=VECTOR('',#10139,10.);
#2705=VECTOR('',#10140,10.);
#2706=VECTOR('',#10143,10.);
#2707=VECTOR('',#10144,10.);
#2708=VECTOR('',#10145,10.);
#2709=VECTOR('',#10146,10.);
#2710=VECTOR('',#10147,10.);
#2711=VECTOR('',#10148,10.);
#2712=VECTOR('',#10149,10.);
#2713=VECTOR('',#10150,10.);
#2714=VECTOR('',#10153,10.);
#2715=VECTOR('',#10154,10.);
#2716=VECTOR('',#10155,10.);
#2717=VECTOR('',#10158,10.);
#2718=VECTOR('',#10159,10.);
#2719=VECTOR('',#10160,10.);
#2720=VECTOR('',#10163,10.);
#2721=VECTOR('',#10164,10.);
#2722=VECTOR('',#10167,10.);
#2723=VECTOR('',#10168,10.);
#2724=VECTOR('',#10169,10.);
#2725=VECTOR('',#10170,10.);
#2726=VECTOR('',#10171,10.);
#2727=VECTOR('',#10172,10.);
#2728=VECTOR('',#10173,10.);
#2729=VECTOR('',#10174,10.);
#2730=VECTOR('',#10175,10.);
#2731=VECTOR('',#10176,10.);
#2732=VECTOR('',#10177,10.);
#2733=VECTOR('',#10178,10.);
#2734=VECTOR('',#10181,10.);
#2735=VECTOR('',#10182,10.);
#2736=VECTOR('',#10183,10.);
#2737=VECTOR('',#10184,10.);
#2738=VECTOR('',#10185,10.);
#2739=VECTOR('',#10186,10.);
#2740=VECTOR('',#10187,10.);
#2741=VECTOR('',#10188,10.);
#2742=VECTOR('',#10189,10.);
#2743=VECTOR('',#10190,10.);
#2744=VECTOR('',#10191,10.);
#2745=VECTOR('',#10192,10.);
#2746=VECTOR('',#10197,10.);
#2747=VECTOR('',#10198,10.);
#2748=VECTOR('',#10199,10.);
#2749=VECTOR('',#10200,10.);
#2750=VECTOR('',#10203,10.);
#2751=VECTOR('',#10204,10.);
#2752=VECTOR('',#10205,10.);
#2753=VECTOR('',#10208,10.);
#2754=VECTOR('',#10209,10.);
#2755=VECTOR('',#10210,10.);
#2756=VECTOR('',#10213,10.);
#2757=VECTOR('',#10214,10.);
#2758=VECTOR('',#10215,10.);
#2759=VECTOR('',#10218,10.);
#2760=VECTOR('',#10219,10.);
#2761=VECTOR('',#10220,10.);
#2762=VECTOR('',#10221,10.);
#2763=VECTOR('',#10224,10.);
#2764=VECTOR('',#10225,10.);
#2765=VECTOR('',#10226,10.);
#2766=VECTOR('',#10229,10.);
#2767=VECTOR('',#10230,10.);
#2768=VECTOR('',#10231,10.);
#2769=VECTOR('',#10234,10.);
#2770=VECTOR('',#10235,10.);
#2771=VECTOR('',#10236,10.);
#2772=VECTOR('',#10239,10.);
#2773=VECTOR('',#10240,10.);
#2774=VECTOR('',#10241,10.);
#2775=VECTOR('',#10244,10.);
#2776=VECTOR('',#10245,10.);
#2777=VECTOR('',#10248,10.);
#2778=VECTOR('',#10249,10.);
#2779=VECTOR('',#10250,10.);
#2780=VECTOR('',#10253,10.);
#2781=VECTOR('',#10254,10.);
#2782=VECTOR('',#10255,10.);
#2783=VECTOR('',#10258,10.);
#2784=VECTOR('',#10259,10.);
#2785=VECTOR('',#10260,10.);
#2786=VECTOR('',#10261,10.);
#2787=VECTOR('',#10262,10.);
#2788=VECTOR('',#10263,10.);
#2789=VECTOR('',#10264,10.);
#2790=VECTOR('',#10265,10.);
#2791=VECTOR('',#10266,10.);
#2792=VECTOR('',#10267,10.);
#2793=VECTOR('',#10270,10.);
#2794=VECTOR('',#10271,10.);
#2795=VECTOR('',#10272,10.);
#2796=VECTOR('',#10275,10.);
#2797=VECTOR('',#10276,10.);
#2798=VECTOR('',#10277,10.);
#2799=VECTOR('',#10280,10.);
#2800=VECTOR('',#10281,10.);
#2801=VECTOR('',#10282,10.);
#2802=VECTOR('',#10285,10.);
#2803=VECTOR('',#10286,10.);
#2804=VECTOR('',#10287,10.);
#2805=VECTOR('',#10290,10.);
#2806=VECTOR('',#10291,10.);
#2807=VECTOR('',#10292,10.);
#2808=VECTOR('',#10293,10.);
#2809=VECTOR('',#10294,10.);
#2810=VECTOR('',#10295,10.);
#2811=VECTOR('',#10300,10.);
#2812=VECTOR('',#10301,10.);
#2813=VECTOR('',#10302,10.);
#2814=VECTOR('',#10303,10.);
#2815=VECTOR('',#10306,10.);
#2816=VECTOR('',#10307,10.);
#2817=VECTOR('',#10308,10.);
#2818=VECTOR('',#10311,10.);
#2819=VECTOR('',#10312,10.);
#2820=VECTOR('',#10315,10.);
#2821=VECTOR('',#10316,10.);
#2822=VECTOR('',#10317,10.);
#2823=VECTOR('',#10318,10.);
#2824=VECTOR('',#10321,10.);
#2825=VECTOR('',#10322,10.);
#2826=VECTOR('',#10323,10.);
#2827=VECTOR('',#10326,10.);
#2828=VECTOR('',#10327,10.);
#2829=VECTOR('',#10328,10.);
#2830=VECTOR('',#10331,10.);
#2831=VECTOR('',#10332,10.);
#2832=VECTOR('',#10333,10.);
#2833=VECTOR('',#10336,10.);
#2834=VECTOR('',#10337,10.);
#2835=VECTOR('',#10338,10.);
#2836=VECTOR('',#10341,10.);
#2837=VECTOR('',#10342,10.);
#2838=VECTOR('',#10343,10.);
#2839=VECTOR('',#10346,10.);
#2840=VECTOR('',#10347,10.);
#2841=VECTOR('',#10348,10.);
#2842=VECTOR('',#10351,10.);
#2843=VECTOR('',#10352,10.);
#2844=VECTOR('',#10353,10.);
#2845=VECTOR('',#10356,10.);
#2846=VECTOR('',#10357,10.);
#2847=VECTOR('',#10358,10.);
#2848=VECTOR('',#10361,10.);
#2849=VECTOR('',#10362,10.);
#2850=VECTOR('',#10363,10.);
#2851=VECTOR('',#10366,10.);
#2852=VECTOR('',#10367,10.);
#2853=VECTOR('',#10372,10.);
#2854=VECTOR('',#10373,10.);
#2855=VECTOR('',#10374,10.);
#2856=VECTOR('',#10375,10.);
#2857=VECTOR('',#10378,10.);
#2858=VECTOR('',#10379,10.);
#2859=VECTOR('',#10380,10.);
#2860=VECTOR('',#10383,10.);
#2861=VECTOR('',#10384,10.);
#2862=VECTOR('',#10385,10.);
#2863=VECTOR('',#10388,10.);
#2864=VECTOR('',#10389,10.);
#2865=VECTOR('',#10392,10.);
#2866=VECTOR('',#10393,10.);
#2867=VECTOR('',#10394,10.);
#2868=VECTOR('',#10397,10.);
#2869=VECTOR('',#10398,10.);
#2870=VECTOR('',#10399,10.);
#2871=VECTOR('',#10402,10.);
#2872=VECTOR('',#10403,10.);
#2873=VECTOR('',#10404,10.);
#2874=VECTOR('',#10407,10.);
#2875=VECTOR('',#10408,10.);
#2876=VECTOR('',#10409,10.);
#2877=VECTOR('',#10410,10.);
#2878=VECTOR('',#10411,10.);
#2879=VECTOR('',#10412,10.);
#2880=VECTOR('',#10415,10.);
#2881=VECTOR('',#10416,10.);
#2882=VECTOR('',#10417,10.);
#2883=VECTOR('',#10420,10.);
#2884=VECTOR('',#10421,10.);
#2885=VECTOR('',#10422,10.);
#2886=VECTOR('',#10425,10.);
#2887=VECTOR('',#10426,10.);
#2888=VECTOR('',#10427,10.);
#2889=VECTOR('',#10430,10.);
#2890=VECTOR('',#10431,10.);
#2891=VECTOR('',#10432,10.);
#2892=VECTOR('',#10435,10.);
#2893=VECTOR('',#10436,10.);
#2894=VECTOR('',#10437,10.);
#2895=VECTOR('',#10438,10.);
#2896=VECTOR('',#10439,10.);
#2897=VECTOR('',#10444,10.);
#2898=VECTOR('',#10445,10.);
#2899=VECTOR('',#10446,10.);
#2900=VECTOR('',#10447,10.);
#2901=VECTOR('',#10450,10.);
#2902=VECTOR('',#10451,10.);
#2903=VECTOR('',#10452,10.);
#2904=VECTOR('',#10455,10.);
#2905=VECTOR('',#10456,10.);
#2906=VECTOR('',#10457,10.);
#2907=VECTOR('',#10460,10.);
#2908=VECTOR('',#10461,10.);
#2909=VECTOR('',#10466,10.);
#2910=VECTOR('',#10467,10.);
#2911=VECTOR('',#10468,10.);
#2912=VECTOR('',#10469,10.);
#2913=VECTOR('',#10472,10.);
#2914=VECTOR('',#10473,10.);
#2915=VECTOR('',#10474,10.);
#2916=VECTOR('',#10477,10.);
#2917=VECTOR('',#10478,10.);
#2918=VECTOR('',#10479,10.);
#2919=VECTOR('',#10482,10.);
#2920=VECTOR('',#10483,10.);
#2921=VECTOR('',#10484,10.);
#2922=VECTOR('',#10487,10.);
#2923=VECTOR('',#10488,10.);
#2924=VECTOR('',#10489,10.);
#2925=VECTOR('',#10492,10.);
#2926=VECTOR('',#10493,10.);
#2927=VECTOR('',#10496,10.);
#2928=VECTOR('',#10497,10.);
#2929=VECTOR('',#10498,10.);
#2930=VECTOR('',#10499,10.);
#2931=VECTOR('',#10500,10.);
#2932=VECTOR('',#10501,10.);
#2933=VECTOR('',#10502,10.);
#2934=VECTOR('',#10503,10.);
#2935=VECTOR('',#10504,10.);
#2936=VECTOR('',#10505,10.);
#2937=VECTOR('',#10506,10.);
#2938=VECTOR('',#10507,10.);
#2939=VECTOR('',#10508,10.);
#2940=VECTOR('',#10509,10.);
#2941=VECTOR('',#10512,10.);
#2942=VECTOR('',#10513,10.);
#2943=VECTOR('',#10514,10.);
#2944=VECTOR('',#10517,10.);
#2945=VECTOR('',#10518,10.);
#2946=VECTOR('',#10519,10.);
#2947=VECTOR('',#10520,10.);
#2948=VECTOR('',#10521,10.);
#2949=VECTOR('',#10522,10.);
#2950=VECTOR('',#10523,10.);
#2951=VECTOR('',#10524,10.);
#2952=VECTOR('',#10527,10.);
#2953=VECTOR('',#10528,10.);
#2954=VECTOR('',#10529,10.);
#2955=VECTOR('',#10530,10.);
#2956=VECTOR('',#10531,10.);
#2957=VECTOR('',#10532,10.);
#2958=VECTOR('',#10533,10.);
#2959=VECTOR('',#10534,10.);
#2960=VECTOR('',#10535,10.);
#2961=VECTOR('',#10536,10.);
#2962=VECTOR('',#10537,10.);
#2963=VECTOR('',#10538,10.);
#2964=VECTOR('',#10541,10.);
#2965=VECTOR('',#10542,10.);
#2966=VECTOR('',#10545,10.);
#2967=VECTOR('',#10546,10.);
#2968=VECTOR('',#10547,10.);
#2969=VECTOR('',#10550,10.);
#2970=VECTOR('',#10551,10.);
#2971=VECTOR('',#10552,10.);
#2972=VECTOR('',#10553,10.);
#2973=VECTOR('',#10554,10.);
#2974=VECTOR('',#10555,10.);
#2975=VECTOR('',#10556,10.);
#2976=VECTOR('',#10559,10.);
#2977=VECTOR('',#10560,10.);
#2978=VECTOR('',#10561,10.);
#2979=VECTOR('',#10562,10.);
#2980=VECTOR('',#10563,10.);
#2981=VECTOR('',#10564,10.);
#2982=VECTOR('',#10565,10.);
#2983=VECTOR('',#10566,10.);
#2984=VECTOR('',#10569,10.);
#2985=VECTOR('',#10570,10.);
#2986=VECTOR('',#10571,10.);
#2987=VECTOR('',#10574,10.);
#2988=VECTOR('',#10575,10.);
#2989=VECTOR('',#10576,10.);
#2990=VECTOR('',#10577,10.);
#2991=VECTOR('',#10578,10.);
#2992=VECTOR('',#10579,10.);
#2993=VECTOR('',#10580,10.);
#2994=VECTOR('',#10581,10.);
#2995=VECTOR('',#10584,10.);
#2996=VECTOR('',#10585,10.);
#2997=VECTOR('',#10586,10.);
#2998=VECTOR('',#10589,10.);
#2999=VECTOR('',#10590,10.);
#3000=VECTOR('',#10591,10.);
#3001=VECTOR('',#10594,10.);
#3002=VECTOR('',#10595,10.);
#3003=VECTOR('',#10596,10.);
#3004=VECTOR('',#10597,10.);
#3005=VECTOR('',#10598,10.);
#3006=VECTOR('',#10599,10.);
#3007=VECTOR('',#10602,10.);
#3008=VECTOR('',#10603,10.);
#3009=VECTOR('',#10604,10.);
#3010=VECTOR('',#10605,10.);
#3011=VECTOR('',#10606,10.);
#3012=VECTOR('',#10607,10.);
#3013=VECTOR('',#10608,10.);
#3014=VECTOR('',#10609,10.);
#3015=VECTOR('',#10610,10.);
#3016=VECTOR('',#10611,10.);
#3017=VECTOR('',#10612,10.);
#3018=VECTOR('',#10613,10.);
#3019=VECTOR('',#10618,10.);
#3020=VECTOR('',#10619,10.);
#3021=VECTOR('',#10620,10.);
#3022=VECTOR('',#10621,10.);
#3023=VECTOR('',#10624,10.);
#3024=VECTOR('',#10625,10.);
#3025=VECTOR('',#10626,10.);
#3026=VECTOR('',#10629,10.);
#3027=VECTOR('',#10630,10.);
#3028=VECTOR('',#10631,10.);
#3029=VECTOR('',#10634,10.);
#3030=VECTOR('',#10635,10.);
#3031=VECTOR('',#10636,10.);
#3032=VECTOR('',#10639,10.);
#3033=VECTOR('',#10640,10.);
#3034=VECTOR('',#10641,10.);
#3035=VECTOR('',#10644,10.);
#3036=VECTOR('',#10645,10.);
#3037=VECTOR('',#10646,10.);
#3038=VECTOR('',#10649,10.);
#3039=VECTOR('',#10650,10.);
#3040=VECTOR('',#10651,10.);
#3041=VECTOR('',#10654,10.);
#3042=VECTOR('',#10655,10.);
#3043=VECTOR('',#10656,10.);
#3044=VECTOR('',#10659,10.);
#3045=VECTOR('',#10660,10.);
#3046=VECTOR('',#10661,10.);
#3047=VECTOR('',#10664,10.);
#3048=VECTOR('',#10665,10.);
#3049=VECTOR('',#10666,10.);
#3050=VECTOR('',#10669,10.);
#3051=VECTOR('',#10670,10.);
#3052=VECTOR('',#10671,10.);
#3053=VECTOR('',#10674,10.);
#3054=VECTOR('',#10675,10.);
#3055=VECTOR('',#10680,10.);
#3056=VECTOR('',#10681,10.);
#3057=VECTOR('',#10682,10.);
#3058=VECTOR('',#10683,10.);
#3059=VECTOR('',#10684,10.);
#3060=VECTOR('',#10685,10.);
#3061=VECTOR('',#10686,10.);
#3062=VECTOR('',#10687,10.);
#3063=VECTOR('',#10688,10.);
#3064=VECTOR('',#10689,10.);
#3065=VECTOR('',#10692,10.);
#3066=VECTOR('',#10693,10.);
#3067=VECTOR('',#10694,10.);
#3068=VECTOR('',#10697,10.);
#3069=VECTOR('',#10698,10.);
#3070=VECTOR('',#10699,10.);
#3071=VECTOR('',#10700,10.);
#3072=VECTOR('',#10701,10.);
#3073=VECTOR('',#10702,10.);
#3074=VECTOR('',#10703,10.);
#3075=VECTOR('',#10704,10.);
#3076=VECTOR('',#10707,10.);
#3077=VECTOR('',#10708,10.);
#3078=VECTOR('',#10709,10.);
#3079=VECTOR('',#10712,10.);
#3080=VECTOR('',#10713,10.);
#3081=VECTOR('',#10714,10.);
#3082=VECTOR('',#10717,10.);
#3083=VECTOR('',#10718,10.);
#3084=VECTOR('',#10723,10.);
#3085=VECTOR('',#10724,10.);
#3086=VECTOR('',#10725,10.);
#3087=VECTOR('',#10726,10.);
#3088=VECTOR('',#10729,10.);
#3089=VECTOR('',#10730,10.);
#3090=VECTOR('',#10731,10.);
#3091=VECTOR('',#10734,10.);
#3092=VECTOR('',#10735,10.);
#3093=VECTOR('',#10738,10.);
#3094=VECTOR('',#10739,10.);
#3095=VECTOR('',#10740,10.);
#3096=VECTOR('',#10741,10.);
#3097=VECTOR('',#10744,10.);
#3098=VECTOR('',#10745,10.);
#3099=VECTOR('',#10746,10.);
#3100=VECTOR('',#10749,10.);
#3101=VECTOR('',#10750,10.);
#3102=VECTOR('',#10751,10.);
#3103=VECTOR('',#10754,10.);
#3104=VECTOR('',#10755,10.);
#3105=VECTOR('',#10756,10.);
#3106=VECTOR('',#10759,10.);
#3107=VECTOR('',#10760,10.);
#3108=VECTOR('',#10761,10.);
#3109=VECTOR('',#10764,10.);
#3110=VECTOR('',#10765,10.);
#3111=VECTOR('',#10766,10.);
#3112=VECTOR('',#10769,10.);
#3113=VECTOR('',#10770,10.);
#3114=VECTOR('',#10771,10.);
#3115=VECTOR('',#10774,10.);
#3116=VECTOR('',#10775,10.);
#3117=VECTOR('',#10780,10.);
#3118=VECTOR('',#10781,10.);
#3119=VECTOR('',#10782,10.);
#3120=VECTOR('',#10783,10.);
#3121=VECTOR('',#10786,10.);
#3122=VECTOR('',#10787,10.);
#3123=VECTOR('',#10788,10.);
#3124=VECTOR('',#10791,10.);
#3125=VECTOR('',#10792,10.);
#3126=VECTOR('',#10793,10.);
#3127=VECTOR('',#10796,10.);
#3128=VECTOR('',#10797,10.);
#3129=VECTOR('',#10798,10.);
#3130=VECTOR('',#10801,10.);
#3131=VECTOR('',#10802,10.);
#3132=VECTOR('',#10803,10.);
#3133=VECTOR('',#10806,10.);
#3134=VECTOR('',#10807,10.);
#3135=VECTOR('',#10808,10.);
#3136=VECTOR('',#10811,10.);
#3137=VECTOR('',#10812,10.);
#3138=VECTOR('',#10813,10.);
#3139=VECTOR('',#10816,10.);
#3140=VECTOR('',#10817,10.);
#3141=VECTOR('',#10818,10.);
#3142=VECTOR('',#10821,10.);
#3143=VECTOR('',#10822,10.);
#3144=VECTOR('',#10823,10.);
#3145=VECTOR('',#10826,10.);
#3146=VECTOR('',#10827,10.);
#3147=VECTOR('',#10828,10.);
#3148=VECTOR('',#10831,10.);
#3149=VECTOR('',#10832,10.);
#3150=VECTOR('',#10833,10.);
#3151=VECTOR('',#10836,10.);
#3152=VECTOR('',#10837,10.);
#3153=VECTOR('',#10842,10.);
#3154=VECTOR('',#10843,10.);
#3155=VECTOR('',#10844,10.);
#3156=VECTOR('',#10845,10.);
#3157=VECTOR('',#10848,10.);
#3158=VECTOR('',#10849,10.);
#3159=VECTOR('',#10850,10.);
#3160=VECTOR('',#10853,10.);
#3161=VECTOR('',#10854,10.);
#3162=VECTOR('',#10855,10.);
#3163=VECTOR('',#10858,10.);
#3164=VECTOR('',#10859,10.);
#3165=VECTOR('',#10864,10.);
#3166=VECTOR('',#10865,10.);
#3167=VECTOR('',#10866,10.);
#3168=VECTOR('',#10867,10.);
#3169=VECTOR('',#10870,10.);
#3170=VECTOR('',#10871,10.);
#3171=VECTOR('',#10872,10.);
#3172=VECTOR('',#10875,10.);
#3173=VECTOR('',#10876,10.);
#3174=VECTOR('',#10877,10.);
#3175=VECTOR('',#10880,10.);
#3176=VECTOR('',#10881,10.);
#3177=VECTOR('',#10882,10.);
#3178=VECTOR('',#10885,10.);
#3179=VECTOR('',#10886,10.);
#3180=VECTOR('',#10887,10.);
#3181=VECTOR('',#10890,10.);
#3182=VECTOR('',#10891,10.);
#3183=VECTOR('',#10892,10.);
#3184=VECTOR('',#10895,10.);
#3185=VECTOR('',#10896,10.);
#3186=VECTOR('',#10901,10.);
#3187=VECTOR('',#10902,10.);
#3188=VECTOR('',#10903,10.);
#3189=VECTOR('',#10904,10.);
#3190=VECTOR('',#10921,10.);
#3191=VECTOR('',#10922,10.);
#3192=VECTOR('',#10931,10.);
#3193=VECTOR('',#10932,10.);
#3194=VECTOR('',#10941,10.);
#3195=VECTOR('',#10942,10.);
#3196=VECTOR('',#10945,10.);
#3197=VECTOR('',#10948,10.);
#3198=VECTOR('',#10949,10.);
#3199=VECTOR('',#10950,10.);
#3200=VECTOR('',#10951,10.);
#3201=VECTOR('',#10956,10.);
#3202=VECTOR('',#10977,10.);
#3203=VECTOR('',#10988,10.);
#3204=VECTOR('',#10989,10.);
#3205=VECTOR('',#11008,10.);
#3206=VECTOR('',#11009,10.);
#3207=VECTOR('',#11030,10.);
#3208=VECTOR('',#11033,10.);
#3209=VECTOR('',#11034,10.);
#3210=VECTOR('',#11045,10.);
#3211=VECTOR('',#11048,10.);
#3212=VECTOR('',#11051,10.);
#3213=VECTOR('',#11052,10.);
#3214=VECTOR('',#11055,10.);
#3215=VECTOR('',#11058,10.);
#3216=VECTOR('',#11059,10.);
#3217=VECTOR('',#11062,10.);
#3218=B_SPLINE_CURVE_WITH_KNOTS('',2,(#11084,#11085,#11086,#11087),
 .UNSPECIFIED.,.F.,.F.,(3,1,3),(0.,1.,2.),.UNSPECIFIED.);
#3219=B_SPLINE_CURVE_WITH_KNOTS('',2,(#11091,#11092,#11093,#11094),
 .UNSPECIFIED.,.F.,.F.,(3,1,3),(-2.,-1.,0.),.UNSPECIFIED.);
#3220=B_SPLINE_CURVE_WITH_KNOTS('',2,(#11105,#11106,#11107,#11108),
 .UNSPECIFIED.,.F.,.F.,(3,1,3),(0.,1.,2.),.UNSPECIFIED.);
#3221=B_SPLINE_CURVE_WITH_KNOTS('',2,(#11111,#11112,#11113,#11114),
 .UNSPECIFIED.,.F.,.F.,(3,1,3),(-2.,-1.,0.),.UNSPECIFIED.);
#3222=B_SPLINE_CURVE_WITH_KNOTS('',2,(#11124,#11125,#11126,#11127),
 .UNSPECIFIED.,.F.,.F.,(3,1,3),(0.,1.,2.),.UNSPECIFIED.);
#3223=B_SPLINE_CURVE_WITH_KNOTS('',2,(#11130,#11131,#11132,#11133),
 .UNSPECIFIED.,.F.,.F.,(3,1,3),(-2.,-1.,0.),.UNSPECIFIED.);
#3224=B_SPLINE_CURVE_WITH_KNOTS('',2,(#11143,#11144,#11145,#11146),
 .UNSPECIFIED.,.F.,.F.,(3,1,3),(0.,1.,2.),.UNSPECIFIED.);
#3225=B_SPLINE_CURVE_WITH_KNOTS('',2,(#11149,#11150,#11151,#11152),
 .UNSPECIFIED.,.F.,.F.,(3,1,3),(-2.,-1.,0.),.UNSPECIFIED.);
#3226=B_SPLINE_CURVE_WITH_KNOTS('',2,(#11174,#11175,#11176,#11177),
 .UNSPECIFIED.,.F.,.F.,(3,1,3),(0.,1.,2.),.UNSPECIFIED.);
#3227=B_SPLINE_CURVE_WITH_KNOTS('',2,(#11179,#11180,#11181,#11182),
 .UNSPECIFIED.,.F.,.F.,(3,1,3),(-2.,-1.,0.),.UNSPECIFIED.);
#3228=B_SPLINE_CURVE_WITH_KNOTS('',2,(#11193,#11194,#11195,#11196),
 .UNSPECIFIED.,.F.,.F.,(3,1,3),(0.,1.,2.),.UNSPECIFIED.);
#3229=B_SPLINE_CURVE_WITH_KNOTS('',2,(#11198,#11199,#11200,#11201),
 .UNSPECIFIED.,.F.,.F.,(3,1,3),(-2.,-1.,0.),.UNSPECIFIED.);
#3230=B_SPLINE_CURVE_WITH_KNOTS('',2,(#11212,#11213,#11214,#11215),
 .UNSPECIFIED.,.F.,.F.,(3,1,3),(0.,1.,2.),.UNSPECIFIED.);
#3231=B_SPLINE_CURVE_WITH_KNOTS('',2,(#11217,#11218,#11219,#11220),
 .UNSPECIFIED.,.F.,.F.,(3,1,3),(-2.,-1.,0.),.UNSPECIFIED.);
#3232=B_SPLINE_CURVE_WITH_KNOTS('',2,(#11231,#11232,#11233,#11234),
 .UNSPECIFIED.,.F.,.F.,(3,1,3),(0.,1.,2.),.UNSPECIFIED.);
#3233=B_SPLINE_CURVE_WITH_KNOTS('',2,(#11236,#11237,#11238,#11239),
 .UNSPECIFIED.,.F.,.F.,(3,1,3),(-2.,-1.,0.),.UNSPECIFIED.);
#3234=B_SPLINE_CURVE_WITH_KNOTS('',2,(#11250,#11251,#11252,#11253),
 .UNSPECIFIED.,.F.,.F.,(3,1,3),(0.,1.,2.),.UNSPECIFIED.);
#3235=B_SPLINE_CURVE_WITH_KNOTS('',2,(#11255,#11256,#11257,#11258),
 .UNSPECIFIED.,.F.,.F.,(3,1,3),(-2.,-1.,0.),.UNSPECIFIED.);
#3236=B_SPLINE_CURVE_WITH_KNOTS('',2,(#11269,#11270,#11271,#11272),
 .UNSPECIFIED.,.F.,.F.,(3,1,3),(0.,1.,2.),.UNSPECIFIED.);
#3237=B_SPLINE_CURVE_WITH_KNOTS('',2,(#11274,#11275,#11276,#11277),
 .UNSPECIFIED.,.F.,.F.,(3,1,3),(-2.,-1.,0.),.UNSPECIFIED.);
#3238=B_SPLINE_CURVE_WITH_KNOTS('',2,(#11288,#11289,#11290,#11291),
 .UNSPECIFIED.,.F.,.F.,(3,1,3),(0.,1.,2.),.UNSPECIFIED.);
#3239=B_SPLINE_CURVE_WITH_KNOTS('',2,(#11293,#11294,#11295,#11296),
 .UNSPECIFIED.,.F.,.F.,(3,1,3),(-2.,-1.,0.),.UNSPECIFIED.);
#3240=B_SPLINE_CURVE_WITH_KNOTS('',2,(#11338,#11339,#11340,#11341),
 .UNSPECIFIED.,.F.,.F.,(3,1,3),(0.,1.,2.),.UNSPECIFIED.);
#3241=B_SPLINE_CURVE_WITH_KNOTS('',2,(#11343,#11344,#11345,#11346),
 .UNSPECIFIED.,.F.,.F.,(3,1,3),(-2.,-1.,0.),.UNSPECIFIED.);
#3242=B_SPLINE_CURVE_WITH_KNOTS('',2,(#11357,#11358,#11359,#11360),
 .UNSPECIFIED.,.F.,.F.,(3,1,3),(0.,1.,2.),.UNSPECIFIED.);
#3243=B_SPLINE_CURVE_WITH_KNOTS('',2,(#11362,#11363,#11364,#11365),
 .UNSPECIFIED.,.F.,.F.,(3,1,3),(-2.,-1.,0.),.UNSPECIFIED.);
#3244=B_SPLINE_CURVE_WITH_KNOTS('',2,(#11376,#11377,#11378,#11379),
 .UNSPECIFIED.,.F.,.F.,(3,1,3),(0.,1.,2.),.UNSPECIFIED.);
#3245=B_SPLINE_CURVE_WITH_KNOTS('',2,(#11381,#11382,#11383,#11384),
 .UNSPECIFIED.,.F.,.F.,(3,1,3),(-2.,-1.,0.),.UNSPECIFIED.);
#3246=B_SPLINE_CURVE_WITH_KNOTS('',2,(#11395,#11396,#11397,#11398),
 .UNSPECIFIED.,.F.,.F.,(3,1,3),(0.,1.,2.),.UNSPECIFIED.);
#3247=B_SPLINE_CURVE_WITH_KNOTS('',2,(#11400,#11401,#11402,#11403),
 .UNSPECIFIED.,.F.,.F.,(3,1,3),(-2.,-1.,0.),.UNSPECIFIED.);
#3248=B_SPLINE_CURVE_WITH_KNOTS('',2,(#11414,#11415,#11416,#11417),
 .UNSPECIFIED.,.F.,.F.,(3,1,3),(0.,1.,2.),.UNSPECIFIED.);
#3249=B_SPLINE_CURVE_WITH_KNOTS('',2,(#11419,#11420,#11421,#11422),
 .UNSPECIFIED.,.F.,.F.,(3,1,3),(-2.,-1.,0.),.UNSPECIFIED.);
#3250=B_SPLINE_CURVE_WITH_KNOTS('',2,(#11433,#11434,#11435,#11436),
 .UNSPECIFIED.,.F.,.F.,(3,1,3),(0.,1.,2.),.UNSPECIFIED.);
#3251=B_SPLINE_CURVE_WITH_KNOTS('',2,(#11438,#11439,#11440,#11441),
 .UNSPECIFIED.,.F.,.F.,(3,1,3),(-2.,-1.,0.),.UNSPECIFIED.);
#3252=B_SPLINE_CURVE_WITH_KNOTS('',2,(#11464,#11465,#11466,#11467),
 .UNSPECIFIED.,.F.,.F.,(3,1,3),(0.,1.,2.),.UNSPECIFIED.);
#3253=B_SPLINE_CURVE_WITH_KNOTS('',2,(#11469,#11470,#11471,#11472),
 .UNSPECIFIED.,.F.,.F.,(3,1,3),(-2.,-1.,0.),.UNSPECIFIED.);
#3254=B_SPLINE_CURVE_WITH_KNOTS('',2,(#11483,#11484,#11485,#11486),
 .UNSPECIFIED.,.F.,.F.,(3,1,3),(0.,1.,2.),.UNSPECIFIED.);
#3255=B_SPLINE_CURVE_WITH_KNOTS('',2,(#11488,#11489,#11490,#11491),
 .UNSPECIFIED.,.F.,.F.,(3,1,3),(-2.,-1.,0.),.UNSPECIFIED.);
#3256=B_SPLINE_CURVE_WITH_KNOTS('',2,(#11502,#11503,#11504,#11505),
 .UNSPECIFIED.,.F.,.F.,(3,1,3),(0.,1.,2.),.UNSPECIFIED.);
#3257=B_SPLINE_CURVE_WITH_KNOTS('',2,(#11507,#11508,#11509,#11510),
 .UNSPECIFIED.,.F.,.F.,(3,1,3),(-2.,-1.,0.),.UNSPECIFIED.);
#3258=B_SPLINE_CURVE_WITH_KNOTS('',2,(#11521,#11522,#11523,#11524),
 .UNSPECIFIED.,.F.,.F.,(3,1,3),(0.,1.,2.),.UNSPECIFIED.);
#3259=B_SPLINE_CURVE_WITH_KNOTS('',2,(#11526,#11527,#11528,#11529),
 .UNSPECIFIED.,.F.,.F.,(3,1,3),(-2.,-1.,0.),.UNSPECIFIED.);
#3260=B_SPLINE_CURVE_WITH_KNOTS('',2,(#11540,#11541,#11542,#11543),
 .UNSPECIFIED.,.F.,.F.,(3,1,3),(0.,1.,2.),.UNSPECIFIED.);
#3261=B_SPLINE_CURVE_WITH_KNOTS('',2,(#11545,#11546,#11547,#11548),
 .UNSPECIFIED.,.F.,.F.,(3,1,3),(-2.,-1.,0.),.UNSPECIFIED.);
#3262=B_SPLINE_CURVE_WITH_KNOTS('',2,(#11644,#11645,#11646,#11647),
 .UNSPECIFIED.,.F.,.F.,(3,1,3),(0.,1.,2.),.UNSPECIFIED.);
#3263=B_SPLINE_CURVE_WITH_KNOTS('',2,(#11649,#11650,#11651,#11652),
 .UNSPECIFIED.,.F.,.F.,(3,1,3),(-2.,-1.,0.),.UNSPECIFIED.);
#3264=B_SPLINE_CURVE_WITH_KNOTS('',2,(#11663,#11664,#11665,#11666),
 .UNSPECIFIED.,.F.,.F.,(3,1,3),(0.,1.,2.),.UNSPECIFIED.);
#3265=B_SPLINE_CURVE_WITH_KNOTS('',2,(#11668,#11669,#11670,#11671),
 .UNSPECIFIED.,.F.,.F.,(3,1,3),(-2.,-1.,0.),.UNSPECIFIED.);
#3266=B_SPLINE_CURVE_WITH_KNOTS('',2,(#11682,#11683,#11684,#11685),
 .UNSPECIFIED.,.F.,.F.,(3,1,3),(0.,1.,2.),.UNSPECIFIED.);
#3267=B_SPLINE_CURVE_WITH_KNOTS('',2,(#11687,#11688,#11689,#11690),
 .UNSPECIFIED.,.F.,.F.,(3,1,3),(-2.,-1.,0.),.UNSPECIFIED.);
#3268=B_SPLINE_CURVE_WITH_KNOTS('',2,(#11713,#11714,#11715,#11716),
 .UNSPECIFIED.,.F.,.F.,(3,1,3),(0.,1.,2.),.UNSPECIFIED.);
#3269=B_SPLINE_CURVE_WITH_KNOTS('',2,(#11718,#11719,#11720,#11721),
 .UNSPECIFIED.,.F.,.F.,(3,1,3),(-2.,-1.,0.),.UNSPECIFIED.);
#3270=B_SPLINE_CURVE_WITH_KNOTS('',2,(#11731,#11732,#11733,#11734),
 .UNSPECIFIED.,.F.,.F.,(3,1,3),(0.,1.,2.),.UNSPECIFIED.);
#3271=B_SPLINE_CURVE_WITH_KNOTS('',2,(#11735,#11736,#11737,#11738),
 .UNSPECIFIED.,.F.,.F.,(3,1,3),(-2.,-1.,0.),.UNSPECIFIED.);
#3272=B_SPLINE_CURVE_WITH_KNOTS('',2,(#11750,#11751,#11752,#11753),
 .UNSPECIFIED.,.F.,.F.,(3,1,3),(0.,1.,2.),.UNSPECIFIED.);
#3273=B_SPLINE_CURVE_WITH_KNOTS('',2,(#11757,#11758,#11759,#11760),
 .UNSPECIFIED.,.F.,.F.,(3,1,3),(-2.,-1.,0.),.UNSPECIFIED.);
#3274=B_SPLINE_CURVE_WITH_KNOTS('',2,(#11771,#11772,#11773,#11774),
 .UNSPECIFIED.,.F.,.F.,(3,1,3),(0.,1.,2.),.UNSPECIFIED.);
#3275=B_SPLINE_CURVE_WITH_KNOTS('',2,(#11777,#11778,#11779,#11780),
 .UNSPECIFIED.,.F.,.F.,(3,1,3),(-2.,-1.,0.),.UNSPECIFIED.);
#3276=B_SPLINE_CURVE_WITH_KNOTS('',2,(#11790,#11791,#11792,#11793),
 .UNSPECIFIED.,.F.,.F.,(3,1,3),(0.,1.,2.),.UNSPECIFIED.);
#3277=B_SPLINE_CURVE_WITH_KNOTS('',2,(#11796,#11797,#11798,#11799),
 .UNSPECIFIED.,.F.,.F.,(3,1,3),(-2.,-1.,0.),.UNSPECIFIED.);
#3278=B_SPLINE_CURVE_WITH_KNOTS('',2,(#11809,#11810,#11811,#11812),
 .UNSPECIFIED.,.F.,.F.,(3,1,3),(0.,1.,2.),.UNSPECIFIED.);
#3279=B_SPLINE_CURVE_WITH_KNOTS('',2,(#11815,#11816,#11817,#11818),
 .UNSPECIFIED.,.F.,.F.,(3,1,3),(-2.,-1.,0.),.UNSPECIFIED.);
#3280=B_SPLINE_CURVE_WITH_KNOTS('',2,(#11832,#11833,#11834,#11835),
 .UNSPECIFIED.,.F.,.F.,(3,1,3),(0.,1.,2.),.UNSPECIFIED.);
#3281=B_SPLINE_CURVE_WITH_KNOTS('',2,(#11839,#11840,#11841,#11842),
 .UNSPECIFIED.,.F.,.F.,(3,1,3),(-2.,-1.,0.),.UNSPECIFIED.);
#3282=B_SPLINE_CURVE_WITH_KNOTS('',2,(#11853,#11854,#11855,#11856),
 .UNSPECIFIED.,.F.,.F.,(3,1,3),(0.,1.,2.),.UNSPECIFIED.);
#3283=B_SPLINE_CURVE_WITH_KNOTS('',2,(#11858,#11859,#11860,#11861),
 .UNSPECIFIED.,.F.,.F.,(3,1,3),(-2.,-1.,0.),.UNSPECIFIED.);
#3284=B_SPLINE_CURVE_WITH_KNOTS('',2,(#11872,#11873,#11874,#11875),
 .UNSPECIFIED.,.F.,.F.,(3,1,3),(0.,1.,2.),.UNSPECIFIED.);
#3285=B_SPLINE_CURVE_WITH_KNOTS('',2,(#11877,#11878,#11879,#11880),
 .UNSPECIFIED.,.F.,.F.,(3,1,3),(-2.,-1.,0.),.UNSPECIFIED.);
#3286=B_SPLINE_CURVE_WITH_KNOTS('',2,(#11891,#11892,#11893,#11894),
 .UNSPECIFIED.,.F.,.F.,(3,1,3),(0.,1.,2.),.UNSPECIFIED.);
#3287=B_SPLINE_CURVE_WITH_KNOTS('',2,(#11896,#11897,#11898,#11899),
 .UNSPECIFIED.,.F.,.F.,(3,1,3),(-2.,-1.,0.),.UNSPECIFIED.);
#3288=B_SPLINE_CURVE_WITH_KNOTS('',2,(#11910,#11911,#11912,#11913),
 .UNSPECIFIED.,.F.,.F.,(3,1,3),(0.,1.,2.),.UNSPECIFIED.);
#3289=B_SPLINE_CURVE_WITH_KNOTS('',2,(#11915,#11916,#11917,#11918),
 .UNSPECIFIED.,.F.,.F.,(3,1,3),(-2.,-1.,0.),.UNSPECIFIED.);
#3290=B_SPLINE_CURVE_WITH_KNOTS('',2,(#11935,#11936,#11937,#11938),
 .UNSPECIFIED.,.F.,.F.,(3,1,3),(0.,1.,2.),.UNSPECIFIED.);
#3291=B_SPLINE_CURVE_WITH_KNOTS('',2,(#11940,#11941,#11942,#11943),
 .UNSPECIFIED.,.F.,.F.,(3,1,3),(-2.,-1.,0.),.UNSPECIFIED.);
#3292=B_SPLINE_CURVE_WITH_KNOTS('',2,(#11954,#11955,#11956,#11957),
 .UNSPECIFIED.,.F.,.F.,(3,1,3),(0.,1.,2.),.UNSPECIFIED.);
#3293=B_SPLINE_CURVE_WITH_KNOTS('',2,(#11959,#11960,#11961,#11962),
 .UNSPECIFIED.,.F.,.F.,(3,1,3),(-2.,-1.,0.),.UNSPECIFIED.);
#3294=B_SPLINE_CURVE_WITH_KNOTS('',2,(#11973,#11974,#11975,#11976),
 .UNSPECIFIED.,.F.,.F.,(3,1,3),(0.,1.,2.),.UNSPECIFIED.);
#3295=B_SPLINE_CURVE_WITH_KNOTS('',2,(#11978,#11979,#11980,#11981),
 .UNSPECIFIED.,.F.,.F.,(3,1,3),(-2.,-1.,0.),.UNSPECIFIED.);
#3296=B_SPLINE_CURVE_WITH_KNOTS('',2,(#12004,#12005,#12006,#12007),
 .UNSPECIFIED.,.F.,.F.,(3,1,3),(0.,1.,2.),.UNSPECIFIED.);
#3297=B_SPLINE_CURVE_WITH_KNOTS('',2,(#12009,#12010,#12011,#12012),
 .UNSPECIFIED.,.F.,.F.,(3,1,3),(-2.,-1.,0.),.UNSPECIFIED.);
#3298=B_SPLINE_CURVE_WITH_KNOTS('',2,(#12023,#12024,#12025,#12026),
 .UNSPECIFIED.,.F.,.F.,(3,1,3),(0.,1.,2.),.UNSPECIFIED.);
#3299=B_SPLINE_CURVE_WITH_KNOTS('',2,(#12028,#12029,#12030,#12031),
 .UNSPECIFIED.,.F.,.F.,(3,1,3),(-2.,-1.,0.),.UNSPECIFIED.);
#3300=B_SPLINE_CURVE_WITH_KNOTS('',2,(#12042,#12043,#12044,#12045),
 .UNSPECIFIED.,.F.,.F.,(3,1,3),(0.,1.,2.),.UNSPECIFIED.);
#3301=B_SPLINE_CURVE_WITH_KNOTS('',2,(#12047,#12048,#12049,#12050),
 .UNSPECIFIED.,.F.,.F.,(3,1,3),(-2.,-1.,0.),.UNSPECIFIED.);
#3302=B_SPLINE_CURVE_WITH_KNOTS('',2,(#12078,#12079,#12080,#12081),
 .UNSPECIFIED.,.F.,.F.,(3,1,3),(0.,1.,2.),.UNSPECIFIED.);
#3303=B_SPLINE_CURVE_WITH_KNOTS('',2,(#12082,#12083,#12084,#12085),
 .UNSPECIFIED.,.F.,.F.,(3,1,3),(-2.,-1.,0.),.UNSPECIFIED.);
#3304=B_SPLINE_CURVE_WITH_KNOTS('',2,(#12111,#12112,#12113,#12114),
 .UNSPECIFIED.,.F.,.F.,(3,1,3),(0.,1.,2.),.UNSPECIFIED.);
#3305=B_SPLINE_CURVE_WITH_KNOTS('',2,(#12116,#12117,#12118,#12119),
 .UNSPECIFIED.,.F.,.F.,(3,1,3),(-2.,-1.,0.),.UNSPECIFIED.);
#3306=B_SPLINE_CURVE_WITH_KNOTS('',2,(#12130,#12131,#12132,#12133),
 .UNSPECIFIED.,.F.,.F.,(3,1,3),(0.,1.,2.),.UNSPECIFIED.);
#3307=B_SPLINE_CURVE_WITH_KNOTS('',2,(#12135,#12136,#12137,#12138),
 .UNSPECIFIED.,.F.,.F.,(3,1,3),(-2.,-1.,0.),.UNSPECIFIED.);
#3308=B_SPLINE_CURVE_WITH_KNOTS('',2,(#12149,#12150,#12151,#12152),
 .UNSPECIFIED.,.F.,.F.,(3,1,3),(0.,1.,2.),.UNSPECIFIED.);
#3309=B_SPLINE_CURVE_WITH_KNOTS('',2,(#12154,#12155,#12156,#12157),
 .UNSPECIFIED.,.F.,.F.,(3,1,3),(-2.,-1.,0.),.UNSPECIFIED.);
#3310=B_SPLINE_CURVE_WITH_KNOTS('',2,(#12168,#12169,#12170,#12171),
 .UNSPECIFIED.,.F.,.F.,(3,1,3),(0.,1.,2.),.UNSPECIFIED.);
#3311=B_SPLINE_CURVE_WITH_KNOTS('',2,(#12173,#12174,#12175,#12176),
 .UNSPECIFIED.,.F.,.F.,(3,1,3),(-2.,-1.,0.),.UNSPECIFIED.);
#3312=B_SPLINE_CURVE_WITH_KNOTS('',2,(#12187,#12188,#12189,#12190),
 .UNSPECIFIED.,.F.,.F.,(3,1,3),(0.,1.,2.),.UNSPECIFIED.);
#3313=B_SPLINE_CURVE_WITH_KNOTS('',2,(#12192,#12193,#12194,#12195),
 .UNSPECIFIED.,.F.,.F.,(3,1,3),(-2.,-1.,0.),.UNSPECIFIED.);
#3314=B_SPLINE_CURVE_WITH_KNOTS('',2,(#12206,#12207,#12208,#12209),
 .UNSPECIFIED.,.F.,.F.,(3,1,3),(0.,1.,2.),.UNSPECIFIED.);
#3315=B_SPLINE_CURVE_WITH_KNOTS('',2,(#12211,#12212,#12213,#12214),
 .UNSPECIFIED.,.F.,.F.,(3,1,3),(-2.,-1.,0.),.UNSPECIFIED.);
#3316=B_SPLINE_CURVE_WITH_KNOTS('',2,(#12225,#12226,#12227,#12228),
 .UNSPECIFIED.,.F.,.F.,(3,1,3),(0.,1.,2.),.UNSPECIFIED.);
#3317=B_SPLINE_CURVE_WITH_KNOTS('',2,(#12230,#12231,#12232,#12233),
 .UNSPECIFIED.,.F.,.F.,(3,1,3),(-2.,-1.,0.),.UNSPECIFIED.);
#3318=B_SPLINE_CURVE_WITH_KNOTS('',2,(#12244,#12245,#12246,#12247),
 .UNSPECIFIED.,.F.,.F.,(3,1,3),(0.,1.,2.),.UNSPECIFIED.);
#3319=B_SPLINE_CURVE_WITH_KNOTS('',2,(#12249,#12250,#12251,#12252),
 .UNSPECIFIED.,.F.,.F.,(3,1,3),(-2.,-1.,0.),.UNSPECIFIED.);
#3320=B_SPLINE_CURVE_WITH_KNOTS('',2,(#12263,#12264,#12265,#12266),
 .UNSPECIFIED.,.F.,.F.,(3,1,3),(0.,1.,2.),.UNSPECIFIED.);
#3321=B_SPLINE_CURVE_WITH_KNOTS('',2,(#12268,#12269,#12270,#12271),
 .UNSPECIFIED.,.F.,.F.,(3,1,3),(-2.,-1.,0.),.UNSPECIFIED.);
#3322=B_SPLINE_CURVE_WITH_KNOTS('',2,(#12294,#12295,#12296,#12297),
 .UNSPECIFIED.,.F.,.F.,(3,1,3),(0.,1.,2.),.UNSPECIFIED.);
#3323=B_SPLINE_CURVE_WITH_KNOTS('',2,(#12299,#12300,#12301,#12302),
 .UNSPECIFIED.,.F.,.F.,(3,1,3),(-2.,-1.,0.),.UNSPECIFIED.);
#3324=B_SPLINE_CURVE_WITH_KNOTS('',2,(#12313,#12314,#12315,#12316),
 .UNSPECIFIED.,.F.,.F.,(3,1,3),(0.,1.,2.),.UNSPECIFIED.);
#3325=B_SPLINE_CURVE_WITH_KNOTS('',2,(#12318,#12319,#12320,#12321),
 .UNSPECIFIED.,.F.,.F.,(3,1,3),(-2.,-1.,0.),.UNSPECIFIED.);
#3326=B_SPLINE_CURVE_WITH_KNOTS('',2,(#12332,#12333,#12334,#12335),
 .UNSPECIFIED.,.F.,.F.,(3,1,3),(0.,1.,2.),.UNSPECIFIED.);
#3327=B_SPLINE_CURVE_WITH_KNOTS('',2,(#12337,#12338,#12339,#12340),
 .UNSPECIFIED.,.F.,.F.,(3,1,3),(-2.,-1.,0.),.UNSPECIFIED.);
#3328=B_SPLINE_CURVE_WITH_KNOTS('',2,(#12351,#12352,#12353,#12354),
 .UNSPECIFIED.,.F.,.F.,(3,1,3),(0.,1.,2.),.UNSPECIFIED.);
#3329=B_SPLINE_CURVE_WITH_KNOTS('',2,(#12356,#12357,#12358,#12359),
 .UNSPECIFIED.,.F.,.F.,(3,1,3),(-2.,-1.,0.),.UNSPECIFIED.);
#3330=B_SPLINE_CURVE_WITH_KNOTS('',2,(#12370,#12371,#12372,#12373),
 .UNSPECIFIED.,.F.,.F.,(3,1,3),(0.,1.,2.),.UNSPECIFIED.);
#3331=B_SPLINE_CURVE_WITH_KNOTS('',2,(#12375,#12376,#12377,#12378),
 .UNSPECIFIED.,.F.,.F.,(3,1,3),(-2.,-1.,0.),.UNSPECIFIED.);
#3332=B_SPLINE_CURVE_WITH_KNOTS('',2,(#12389,#12390,#12391,#12392),
 .UNSPECIFIED.,.F.,.F.,(3,1,3),(0.,1.,2.),.UNSPECIFIED.);
#3333=B_SPLINE_CURVE_WITH_KNOTS('',2,(#12394,#12395,#12396,#12397),
 .UNSPECIFIED.,.F.,.F.,(3,1,3),(-2.,-1.,0.),.UNSPECIFIED.);
#3334=B_SPLINE_CURVE_WITH_KNOTS('',2,(#12408,#12409,#12410,#12411),
 .UNSPECIFIED.,.F.,.F.,(3,1,3),(0.,1.,2.),.UNSPECIFIED.);
#3335=B_SPLINE_CURVE_WITH_KNOTS('',2,(#12413,#12414,#12415,#12416),
 .UNSPECIFIED.,.F.,.F.,(3,1,3),(-2.,-1.,0.),.UNSPECIFIED.);
#3336=B_SPLINE_CURVE_WITH_KNOTS('',2,(#12426,#12427,#12428,#12429),
 .UNSPECIFIED.,.F.,.F.,(3,1,3),(0.,1.,2.),.UNSPECIFIED.);
#3337=B_SPLINE_CURVE_WITH_KNOTS('',2,(#12430,#12431,#12432,#12433),
 .UNSPECIFIED.,.F.,.F.,(3,1,3),(-2.,-1.,0.),.UNSPECIFIED.);
#3338=B_SPLINE_CURVE_WITH_KNOTS('',2,(#12706,#12707,#12708,#12709),
 .UNSPECIFIED.,.F.,.F.,(3,1,3),(0.,1.,2.),.UNSPECIFIED.);
#3339=B_SPLINE_CURVE_WITH_KNOTS('',2,(#12713,#12714,#12715,#12716),
 .UNSPECIFIED.,.F.,.F.,(3,1,3),(-2.,-1.,0.),.UNSPECIFIED.);
#3340=B_SPLINE_CURVE_WITH_KNOTS('',2,(#12739,#12740,#12741,#12742),
 .UNSPECIFIED.,.F.,.F.,(3,1,3),(0.,1.,2.),.UNSPECIFIED.);
#3341=B_SPLINE_CURVE_WITH_KNOTS('',2,(#12744,#12745,#12746,#12747),
 .UNSPECIFIED.,.F.,.F.,(3,1,3),(-2.,-1.,0.),.UNSPECIFIED.);
#3342=B_SPLINE_CURVE_WITH_KNOTS('',2,(#12758,#12759,#12760,#12761),
 .UNSPECIFIED.,.F.,.F.,(3,1,3),(0.,1.,2.),.UNSPECIFIED.);
#3343=B_SPLINE_CURVE_WITH_KNOTS('',2,(#12763,#12764,#12765,#12766),
 .UNSPECIFIED.,.F.,.F.,(3,1,3),(-2.,-1.,0.),.UNSPECIFIED.);
#3344=B_SPLINE_CURVE_WITH_KNOTS('',2,(#12777,#12778,#12779,#12780),
 .UNSPECIFIED.,.F.,.F.,(3,1,3),(0.,1.,2.),.UNSPECIFIED.);
#3345=B_SPLINE_CURVE_WITH_KNOTS('',2,(#12782,#12783,#12784,#12785),
 .UNSPECIFIED.,.F.,.F.,(3,1,3),(-2.,-1.,0.),.UNSPECIFIED.);
#3346=B_SPLINE_CURVE_WITH_KNOTS('',2,(#12796,#12797,#12798,#12799),
 .UNSPECIFIED.,.F.,.F.,(3,1,3),(0.,1.,2.),.UNSPECIFIED.);
#3347=B_SPLINE_CURVE_WITH_KNOTS('',2,(#12801,#12802,#12803,#12804),
 .UNSPECIFIED.,.F.,.F.,(3,1,3),(-2.,-1.,0.),.UNSPECIFIED.);
#3348=B_SPLINE_CURVE_WITH_KNOTS('',2,(#12821,#12822,#12823,#12824),
 .UNSPECIFIED.,.F.,.F.,(3,1,3),(0.,1.,2.),.UNSPECIFIED.);
#3349=B_SPLINE_CURVE_WITH_KNOTS('',2,(#12826,#12827,#12828,#12829),
 .UNSPECIFIED.,.F.,.F.,(3,1,3),(-2.,-1.,0.),.UNSPECIFIED.);
#3350=B_SPLINE_CURVE_WITH_KNOTS('',2,(#12840,#12841,#12842,#12843),
 .UNSPECIFIED.,.F.,.F.,(3,1,3),(0.,1.,2.),.UNSPECIFIED.);
#3351=B_SPLINE_CURVE_WITH_KNOTS('',2,(#12845,#12846,#12847,#12848),
 .UNSPECIFIED.,.F.,.F.,(3,1,3),(-2.,-1.,0.),.UNSPECIFIED.);
#3352=B_SPLINE_CURVE_WITH_KNOTS('',2,(#12859,#12860,#12861,#12862),
 .UNSPECIFIED.,.F.,.F.,(3,1,3),(0.,1.,2.),.UNSPECIFIED.);
#3353=B_SPLINE_CURVE_WITH_KNOTS('',2,(#12864,#12865,#12866,#12867),
 .UNSPECIFIED.,.F.,.F.,(3,1,3),(-2.,-1.,0.),.UNSPECIFIED.);
#3354=B_SPLINE_CURVE_WITH_KNOTS('',2,(#12878,#12879,#12880,#12881),
 .UNSPECIFIED.,.F.,.F.,(3,1,3),(0.,1.,2.),.UNSPECIFIED.);
#3355=B_SPLINE_CURVE_WITH_KNOTS('',2,(#12883,#12884,#12885,#12886),
 .UNSPECIFIED.,.F.,.F.,(3,1,3),(-2.,-1.,0.),.UNSPECIFIED.);
#3356=B_SPLINE_CURVE_WITH_KNOTS('',2,(#12897,#12898,#12899,#12900),
 .UNSPECIFIED.,.F.,.F.,(3,1,3),(0.,1.,2.),.UNSPECIFIED.);
#3357=B_SPLINE_CURVE_WITH_KNOTS('',2,(#12902,#12903,#12904,#12905),
 .UNSPECIFIED.,.F.,.F.,(3,1,3),(-2.,-1.,0.),.UNSPECIFIED.);
#3358=B_SPLINE_CURVE_WITH_KNOTS('',2,(#12928,#12929,#12930,#12931),
 .UNSPECIFIED.,.F.,.F.,(3,1,3),(0.,1.,2.),.UNSPECIFIED.);
#3359=B_SPLINE_CURVE_WITH_KNOTS('',2,(#12933,#12934,#12935,#12936),
 .UNSPECIFIED.,.F.,.F.,(3,1,3),(-2.,-1.,0.),.UNSPECIFIED.);
#3360=B_SPLINE_CURVE_WITH_KNOTS('',2,(#12947,#12948,#12949,#12950),
 .UNSPECIFIED.,.F.,.F.,(3,1,3),(0.,1.,2.),.UNSPECIFIED.);
#3361=B_SPLINE_CURVE_WITH_KNOTS('',2,(#12952,#12953,#12954,#12955),
 .UNSPECIFIED.,.F.,.F.,(3,1,3),(-2.,-1.,0.),.UNSPECIFIED.);
#3362=B_SPLINE_CURVE_WITH_KNOTS('',2,(#12966,#12967,#12968,#12969),
 .UNSPECIFIED.,.F.,.F.,(3,1,3),(0.,1.,2.),.UNSPECIFIED.);
#3363=B_SPLINE_CURVE_WITH_KNOTS('',2,(#12971,#12972,#12973,#12974),
 .UNSPECIFIED.,.F.,.F.,(3,1,3),(-2.,-1.,0.),.UNSPECIFIED.);
#3364=B_SPLINE_CURVE_WITH_KNOTS('',2,(#12985,#12986,#12987,#12988),
 .UNSPECIFIED.,.F.,.F.,(3,1,3),(0.,1.,2.),.UNSPECIFIED.);
#3365=B_SPLINE_CURVE_WITH_KNOTS('',2,(#12990,#12991,#12992,#12993),
 .UNSPECIFIED.,.F.,.F.,(3,1,3),(-2.,-1.,0.),.UNSPECIFIED.);
#3366=B_SPLINE_CURVE_WITH_KNOTS('',2,(#13004,#13005,#13006,#13007),
 .UNSPECIFIED.,.F.,.F.,(3,1,3),(0.,1.,2.),.UNSPECIFIED.);
#3367=B_SPLINE_CURVE_WITH_KNOTS('',2,(#13009,#13010,#13011,#13012),
 .UNSPECIFIED.,.F.,.F.,(3,1,3),(-2.,-1.,0.),.UNSPECIFIED.);
#3368=B_SPLINE_CURVE_WITH_KNOTS('',2,(#13041,#13042,#13043,#13044),
 .UNSPECIFIED.,.F.,.F.,(3,1,3),(0.,1.,2.),.UNSPECIFIED.);
#3369=B_SPLINE_CURVE_WITH_KNOTS('',2,(#13046,#13047,#13048,#13049),
 .UNSPECIFIED.,.F.,.F.,(3,1,3),(-2.,-1.,0.),.UNSPECIFIED.);
#3370=B_SPLINE_CURVE_WITH_KNOTS('',2,(#13060,#13061,#13062,#13063),
 .UNSPECIFIED.,.F.,.F.,(3,1,3),(0.,1.,2.),.UNSPECIFIED.);
#3371=B_SPLINE_CURVE_WITH_KNOTS('',2,(#13065,#13066,#13067,#13068),
 .UNSPECIFIED.,.F.,.F.,(3,1,3),(-2.,-1.,0.),.UNSPECIFIED.);
#3372=B_SPLINE_CURVE_WITH_KNOTS('',2,(#13079,#13080,#13081,#13082),
 .UNSPECIFIED.,.F.,.F.,(3,1,3),(0.,1.,2.),.UNSPECIFIED.);
#3373=B_SPLINE_CURVE_WITH_KNOTS('',2,(#13084,#13085,#13086,#13087),
 .UNSPECIFIED.,.F.,.F.,(3,1,3),(-2.,-1.,0.),.UNSPECIFIED.);
#3374=B_SPLINE_CURVE_WITH_KNOTS('',2,(#13097,#13098,#13099,#13100),
 .UNSPECIFIED.,.F.,.F.,(3,1,3),(0.,1.,2.),.UNSPECIFIED.);
#3375=B_SPLINE_CURVE_WITH_KNOTS('',2,(#13101,#13102,#13103,#13104),
 .UNSPECIFIED.,.F.,.F.,(3,1,3),(-2.,-1.,0.),.UNSPECIFIED.);
#3376=B_SPLINE_CURVE_WITH_KNOTS('',2,(#13116,#13117,#13118,#13119),
 .UNSPECIFIED.,.F.,.F.,(3,1,3),(0.,1.,2.),.UNSPECIFIED.);
#3377=B_SPLINE_CURVE_WITH_KNOTS('',2,(#13123,#13124,#13125,#13126),
 .UNSPECIFIED.,.F.,.F.,(3,1,3),(-2.,-1.,0.),.UNSPECIFIED.);
#3378=B_SPLINE_CURVE_WITH_KNOTS('',2,(#13137,#13138,#13139,#13140),
 .UNSPECIFIED.,.F.,.F.,(3,1,3),(0.,1.,2.),.UNSPECIFIED.);
#3379=B_SPLINE_CURVE_WITH_KNOTS('',2,(#13142,#13143,#13144,#13145),
 .UNSPECIFIED.,.F.,.F.,(3,1,3),(-2.,-1.,0.),.UNSPECIFIED.);
#3380=B_SPLINE_CURVE_WITH_KNOTS('',2,(#13156,#13157,#13158,#13159),
 .UNSPECIFIED.,.F.,.F.,(3,1,3),(0.,1.,2.),.UNSPECIFIED.);
#3381=B_SPLINE_CURVE_WITH_KNOTS('',2,(#13161,#13162,#13163,#13164),
 .UNSPECIFIED.,.F.,.F.,(3,1,3),(-2.,-1.,0.),.UNSPECIFIED.);
#3382=B_SPLINE_CURVE_WITH_KNOTS('',2,(#13175,#13176,#13177,#13178),
 .UNSPECIFIED.,.F.,.F.,(3,1,3),(0.,1.,2.),.UNSPECIFIED.);
#3383=B_SPLINE_CURVE_WITH_KNOTS('',2,(#13180,#13181,#13182,#13183),
 .UNSPECIFIED.,.F.,.F.,(3,1,3),(-2.,-1.,0.),.UNSPECIFIED.);
#3384=B_SPLINE_CURVE_WITH_KNOTS('',2,(#13212,#13213,#13214,#13215),
 .UNSPECIFIED.,.F.,.F.,(3,1,3),(0.,1.,2.),.UNSPECIFIED.);
#3385=B_SPLINE_CURVE_WITH_KNOTS('',2,(#13217,#13218,#13219,#13220),
 .UNSPECIFIED.,.F.,.F.,(3,1,3),(-2.,-1.,0.),.UNSPECIFIED.);
#3386=B_SPLINE_CURVE_WITH_KNOTS('',2,(#13231,#13232,#13233,#13234),
 .UNSPECIFIED.,.F.,.F.,(3,1,3),(0.,1.,2.),.UNSPECIFIED.);
#3387=B_SPLINE_CURVE_WITH_KNOTS('',2,(#13236,#13237,#13238,#13239),
 .UNSPECIFIED.,.F.,.F.,(3,1,3),(-2.,-1.,0.),.UNSPECIFIED.);
#3388=B_SPLINE_CURVE_WITH_KNOTS('',2,(#13250,#13251,#13252,#13253),
 .UNSPECIFIED.,.F.,.F.,(3,1,3),(0.,1.,2.),.UNSPECIFIED.);
#3389=B_SPLINE_CURVE_WITH_KNOTS('',2,(#13255,#13256,#13257,#13258),
 .UNSPECIFIED.,.F.,.F.,(3,1,3),(-2.,-1.,0.),.UNSPECIFIED.);
#3390=B_SPLINE_CURVE_WITH_KNOTS('',2,(#13299,#13300,#13301,#13302),
 .UNSPECIFIED.,.F.,.F.,(3,1,3),(0.,1.,2.),.UNSPECIFIED.);
#3391=B_SPLINE_CURVE_WITH_KNOTS('',2,(#13304,#13305,#13306,#13307),
 .UNSPECIFIED.,.F.,.F.,(3,1,3),(-2.,-1.,0.),.UNSPECIFIED.);
#3392=B_SPLINE_CURVE_WITH_KNOTS('',2,(#13318,#13319,#13320,#13321),
 .UNSPECIFIED.,.F.,.F.,(3,1,3),(0.,1.,2.),.UNSPECIFIED.);
#3393=B_SPLINE_CURVE_WITH_KNOTS('',2,(#13323,#13324,#13325,#13326),
 .UNSPECIFIED.,.F.,.F.,(3,1,3),(-2.,-1.,0.),.UNSPECIFIED.);
#3394=B_SPLINE_CURVE_WITH_KNOTS('',2,(#13337,#13338,#13339,#13340),
 .UNSPECIFIED.,.F.,.F.,(3,1,3),(0.,1.,2.),.UNSPECIFIED.);
#3395=B_SPLINE_CURVE_WITH_KNOTS('',2,(#13342,#13343,#13344,#13345),
 .UNSPECIFIED.,.F.,.F.,(3,1,3),(-2.,-1.,0.),.UNSPECIFIED.);
#3396=B_SPLINE_CURVE_WITH_KNOTS('',2,(#13356,#13357,#13358,#13359),
 .UNSPECIFIED.,.F.,.F.,(3,1,3),(0.,1.,2.),.UNSPECIFIED.);
#3397=B_SPLINE_CURVE_WITH_KNOTS('',2,(#13361,#13362,#13363,#13364),
 .UNSPECIFIED.,.F.,.F.,(3,1,3),(-2.,-1.,0.),.UNSPECIFIED.);
#3398=B_SPLINE_CURVE_WITH_KNOTS('',2,(#13375,#13376,#13377,#13378),
 .UNSPECIFIED.,.F.,.F.,(3,1,3),(0.,1.,2.),.UNSPECIFIED.);
#3399=B_SPLINE_CURVE_WITH_KNOTS('',2,(#13380,#13381,#13382,#13383),
 .UNSPECIFIED.,.F.,.F.,(3,1,3),(-2.,-1.,0.),.UNSPECIFIED.);
#3400=B_SPLINE_CURVE_WITH_KNOTS('',2,(#13411,#13412,#13413,#13414),
 .UNSPECIFIED.,.F.,.F.,(3,1,3),(0.,1.,2.),.UNSPECIFIED.);
#3401=B_SPLINE_CURVE_WITH_KNOTS('',2,(#13418,#13419,#13420,#13421),
 .UNSPECIFIED.,.F.,.F.,(3,1,3),(-2.,-1.,0.),.UNSPECIFIED.);
#3402=B_SPLINE_CURVE_WITH_KNOTS('',2,(#13432,#13433,#13434,#13435),
 .UNSPECIFIED.,.F.,.F.,(3,1,3),(0.,1.,2.),.UNSPECIFIED.);
#3403=B_SPLINE_CURVE_WITH_KNOTS('',2,(#13438,#13439,#13440,#13441),
 .UNSPECIFIED.,.F.,.F.,(3,1,3),(-2.,-1.,0.),.UNSPECIFIED.);
#3404=B_SPLINE_CURVE_WITH_KNOTS('',2,(#13451,#13452,#13453,#13454),
 .UNSPECIFIED.,.F.,.F.,(3,1,3),(0.,1.,2.),.UNSPECIFIED.);
#3405=B_SPLINE_CURVE_WITH_KNOTS('',2,(#13457,#13458,#13459,#13460),
 .UNSPECIFIED.,.F.,.F.,(3,1,3),(-2.,-1.,0.),.UNSPECIFIED.);
#3406=B_SPLINE_CURVE_WITH_KNOTS('',2,(#13470,#13471,#13472,#13473),
 .UNSPECIFIED.,.F.,.F.,(3,1,3),(0.,1.,2.),.UNSPECIFIED.);
#3407=B_SPLINE_CURVE_WITH_KNOTS('',2,(#13476,#13477,#13478,#13479),
 .UNSPECIFIED.,.F.,.F.,(3,1,3),(-2.,-1.,0.),.UNSPECIFIED.);
#3408=B_SPLINE_CURVE_WITH_KNOTS('',2,(#13489,#13490,#13491,#13492),
 .UNSPECIFIED.,.F.,.F.,(3,1,3),(0.,1.,2.),.UNSPECIFIED.);
#3409=B_SPLINE_CURVE_WITH_KNOTS('',2,(#13495,#13496,#13497,#13498),
 .UNSPECIFIED.,.F.,.F.,(3,1,3),(-2.,-1.,0.),.UNSPECIFIED.);
#3410=B_SPLINE_CURVE_WITH_KNOTS('',2,(#13508,#13509,#13510,#13511),
 .UNSPECIFIED.,.F.,.F.,(3,1,3),(0.,1.,2.),.UNSPECIFIED.);
#3411=B_SPLINE_CURVE_WITH_KNOTS('',2,(#13514,#13515,#13516,#13517),
 .UNSPECIFIED.,.F.,.F.,(3,1,3),(-2.,-1.,0.),.UNSPECIFIED.);
#3412=B_SPLINE_CURVE_WITH_KNOTS('',2,(#13527,#13528,#13529,#13530),
 .UNSPECIFIED.,.F.,.F.,(3,1,3),(0.,1.,2.),.UNSPECIFIED.);
#3413=B_SPLINE_CURVE_WITH_KNOTS('',2,(#13533,#13534,#13535,#13536),
 .UNSPECIFIED.,.F.,.F.,(3,1,3),(-2.,-1.,0.),.UNSPECIFIED.);
#3414=B_SPLINE_CURVE_WITH_KNOTS('',2,(#13545,#13546,#13547,#13548),
 .UNSPECIFIED.,.F.,.F.,(3,1,3),(0.,1.,2.),.UNSPECIFIED.);
#3415=B_SPLINE_CURVE_WITH_KNOTS('',2,(#13549,#13550,#13551,#13552),
 .UNSPECIFIED.,.F.,.F.,(3,1,3),(-2.,-1.,0.),.UNSPECIFIED.);
#3416=B_SPLINE_CURVE_WITH_KNOTS('',2,(#13563,#13564,#13565,#13566),
 .UNSPECIFIED.,.F.,.F.,(3,1,3),(0.,1.,2.),.UNSPECIFIED.);
#3417=B_SPLINE_CURVE_WITH_KNOTS('',2,(#13570,#13571,#13572,#13573),
 .UNSPECIFIED.,.F.,.F.,(3,1,3),(-2.,-1.,0.),.UNSPECIFIED.);
#3418=B_SPLINE_CURVE_WITH_KNOTS('',2,(#13584,#13585,#13586,#13587),
 .UNSPECIFIED.,.F.,.F.,(3,1,3),(0.,1.,2.),.UNSPECIFIED.);
#3419=B_SPLINE_CURVE_WITH_KNOTS('',2,(#13589,#13590,#13591,#13592),
 .UNSPECIFIED.,.F.,.F.,(3,1,3),(-2.,-1.,0.),.UNSPECIFIED.);
#3420=B_SPLINE_CURVE_WITH_KNOTS('',2,(#13603,#13604,#13605,#13606),
 .UNSPECIFIED.,.F.,.F.,(3,1,3),(0.,1.,2.),.UNSPECIFIED.);
#3421=B_SPLINE_CURVE_WITH_KNOTS('',2,(#13608,#13609,#13610,#13611),
 .UNSPECIFIED.,.F.,.F.,(3,1,3),(-2.,-1.,0.),.UNSPECIFIED.);
#3422=B_SPLINE_CURVE_WITH_KNOTS('',2,(#13621,#13622,#13623,#13624),
 .UNSPECIFIED.,.F.,.F.,(3,1,3),(0.,1.,2.),.UNSPECIFIED.);
#3423=B_SPLINE_CURVE_WITH_KNOTS('',2,(#13625,#13626,#13627,#13628),
 .UNSPECIFIED.,.F.,.F.,(3,1,3),(-2.,-1.,0.),.UNSPECIFIED.);
#3424=B_SPLINE_CURVE_WITH_KNOTS('',2,(#13640,#13641,#13642,#13643),
 .UNSPECIFIED.,.F.,.F.,(3,1,3),(0.,1.,2.),.UNSPECIFIED.);
#3425=B_SPLINE_CURVE_WITH_KNOTS('',2,(#13647,#13648,#13649,#13650),
 .UNSPECIFIED.,.F.,.F.,(3,1,3),(-2.,-1.,0.),.UNSPECIFIED.);
#3426=B_SPLINE_CURVE_WITH_KNOTS('',2,(#13661,#13662,#13663,#13664),
 .UNSPECIFIED.,.F.,.F.,(3,1,3),(0.,1.,2.),.UNSPECIFIED.);
#3427=B_SPLINE_CURVE_WITH_KNOTS('',2,(#13667,#13668,#13669,#13670),
 .UNSPECIFIED.,.F.,.F.,(3,1,3),(-2.,-1.,0.),.UNSPECIFIED.);
#3428=B_SPLINE_CURVE_WITH_KNOTS('',2,(#13680,#13681,#13682,#13683),
 .UNSPECIFIED.,.F.,.F.,(3,1,3),(0.,1.,2.),.UNSPECIFIED.);
#3429=B_SPLINE_CURVE_WITH_KNOTS('',2,(#13686,#13687,#13688,#13689),
 .UNSPECIFIED.,.F.,.F.,(3,1,3),(-2.,-1.,0.),.UNSPECIFIED.);
#3430=B_SPLINE_CURVE_WITH_KNOTS('',2,(#13699,#13700,#13701,#13702),
 .UNSPECIFIED.,.F.,.F.,(3,1,3),(0.,1.,2.),.UNSPECIFIED.);
#3431=B_SPLINE_CURVE_WITH_KNOTS('',2,(#13705,#13706,#13707,#13708),
 .UNSPECIFIED.,.F.,.F.,(3,1,3),(-2.,-1.,0.),.UNSPECIFIED.);
#3432=B_SPLINE_CURVE_WITH_KNOTS('',2,(#13718,#13719,#13720,#13721),
 .UNSPECIFIED.,.F.,.F.,(3,1,3),(0.,1.,2.),.UNSPECIFIED.);
#3433=B_SPLINE_CURVE_WITH_KNOTS('',2,(#13724,#13725,#13726,#13727),
 .UNSPECIFIED.,.F.,.F.,(3,1,3),(-2.,-1.,0.),.UNSPECIFIED.);
#3434=B_SPLINE_CURVE_WITH_KNOTS('',2,(#13737,#13738,#13739,#13740),
 .UNSPECIFIED.,.F.,.F.,(3,1,3),(0.,1.,2.),.UNSPECIFIED.);
#3435=B_SPLINE_CURVE_WITH_KNOTS('',2,(#13743,#13744,#13745,#13746),
 .UNSPECIFIED.,.F.,.F.,(3,1,3),(-2.,-1.,0.),.UNSPECIFIED.);
#3436=B_SPLINE_CURVE_WITH_KNOTS('',2,(#13756,#13757,#13758,#13759),
 .UNSPECIFIED.,.F.,.F.,(3,1,3),(0.,1.,2.),.UNSPECIFIED.);
#3437=B_SPLINE_CURVE_WITH_KNOTS('',2,(#13762,#13763,#13764,#13765),
 .UNSPECIFIED.,.F.,.F.,(3,1,3),(-2.,-1.,0.),.UNSPECIFIED.);
#3438=B_SPLINE_CURVE_WITH_KNOTS('',2,(#13774,#13775,#13776,#13777),
 .UNSPECIFIED.,.F.,.F.,(3,1,3),(0.,1.,2.),.UNSPECIFIED.);
#3439=B_SPLINE_CURVE_WITH_KNOTS('',2,(#13778,#13779,#13780,#13781),
 .UNSPECIFIED.,.F.,.F.,(3,1,3),(-2.,-1.,0.),.UNSPECIFIED.);
#3440=B_SPLINE_CURVE_WITH_KNOTS('',2,(#13792,#13793,#13794,#13795),
 .UNSPECIFIED.,.F.,.F.,(3,1,3),(0.,1.,2.),.UNSPECIFIED.);
#3441=B_SPLINE_CURVE_WITH_KNOTS('',2,(#13799,#13800,#13801,#13802),
 .UNSPECIFIED.,.F.,.F.,(3,1,3),(-2.,-1.,0.),.UNSPECIFIED.);
#3442=B_SPLINE_CURVE_WITH_KNOTS('',2,(#13813,#13814,#13815,#13816),
 .UNSPECIFIED.,.F.,.F.,(3,1,3),(0.,1.,2.),.UNSPECIFIED.);
#3443=B_SPLINE_CURVE_WITH_KNOTS('',2,(#13818,#13819,#13820,#13821),
 .UNSPECIFIED.,.F.,.F.,(3,1,3),(-2.,-1.,0.),.UNSPECIFIED.);
#3444=B_SPLINE_CURVE_WITH_KNOTS('',2,(#13832,#13833,#13834,#13835),
 .UNSPECIFIED.,.F.,.F.,(3,1,3),(0.,1.,2.),.UNSPECIFIED.);
#3445=B_SPLINE_CURVE_WITH_KNOTS('',2,(#13837,#13838,#13839,#13840),
 .UNSPECIFIED.,.F.,.F.,(3,1,3),(-2.,-1.,0.),.UNSPECIFIED.);
#3446=B_SPLINE_CURVE_WITH_KNOTS('',2,(#13850,#13851,#13852,#13853),
 .UNSPECIFIED.,.F.,.F.,(3,1,3),(0.,1.,2.),.UNSPECIFIED.);
#3447=B_SPLINE_CURVE_WITH_KNOTS('',2,(#13854,#13855,#13856,#13857),
 .UNSPECIFIED.,.F.,.F.,(3,1,3),(-2.,-1.,0.),.UNSPECIFIED.);
#3448=B_SPLINE_CURVE_WITH_KNOTS('',2,(#13901,#13902,#13903,#13904),
 .UNSPECIFIED.,.F.,.F.,(3,1,3),(0.,1.,2.),.UNSPECIFIED.);
#3449=B_SPLINE_CURVE_WITH_KNOTS('',2,(#13906,#13907,#13908,#13909),
 .UNSPECIFIED.,.F.,.F.,(3,1,3),(-2.,-1.,0.),.UNSPECIFIED.);
#3450=B_SPLINE_CURVE_WITH_KNOTS('',2,(#13949,#13950,#13951,#13952),
 .UNSPECIFIED.,.F.,.F.,(3,1,3),(0.,1.,2.),.UNSPECIFIED.);
#3451=B_SPLINE_CURVE_WITH_KNOTS('',2,(#13956,#13957,#13958,#13959),
 .UNSPECIFIED.,.F.,.F.,(3,1,3),(-2.,-1.,0.),.UNSPECIFIED.);
#3452=B_SPLINE_CURVE_WITH_KNOTS('',2,(#13970,#13971,#13972,#13973),
 .UNSPECIFIED.,.F.,.F.,(3,1,3),(0.,1.,2.),.UNSPECIFIED.);
#3453=B_SPLINE_CURVE_WITH_KNOTS('',2,(#13975,#13976,#13977,#13978),
 .UNSPECIFIED.,.F.,.F.,(3,1,3),(-2.,-1.,0.),.UNSPECIFIED.);
#3454=B_SPLINE_CURVE_WITH_KNOTS('',2,(#14001,#14002,#14003,#14004),
 .UNSPECIFIED.,.F.,.F.,(3,1,3),(0.,1.,2.),.UNSPECIFIED.);
#3455=B_SPLINE_CURVE_WITH_KNOTS('',2,(#14006,#14007,#14008,#14009),
 .UNSPECIFIED.,.F.,.F.,(3,1,3),(-2.,-1.,0.),.UNSPECIFIED.);
#3456=B_SPLINE_CURVE_WITH_KNOTS('',2,(#14020,#14021,#14022,#14023),
 .UNSPECIFIED.,.F.,.F.,(3,1,3),(0.,1.,2.),.UNSPECIFIED.);
#3457=B_SPLINE_CURVE_WITH_KNOTS('',2,(#14025,#14026,#14027,#14028),
 .UNSPECIFIED.,.F.,.F.,(3,1,3),(-2.,-1.,0.),.UNSPECIFIED.);
#3458=B_SPLINE_CURVE_WITH_KNOTS('',2,(#14039,#14040,#14041,#14042),
 .UNSPECIFIED.,.F.,.F.,(3,1,3),(0.,1.,2.),.UNSPECIFIED.);
#3459=B_SPLINE_CURVE_WITH_KNOTS('',2,(#14044,#14045,#14046,#14047),
 .UNSPECIFIED.,.F.,.F.,(3,1,3),(-2.,-1.,0.),.UNSPECIFIED.);
#3460=B_SPLINE_CURVE_WITH_KNOTS('',2,(#14058,#14059,#14060,#14061),
 .UNSPECIFIED.,.F.,.F.,(3,1,3),(0.,1.,2.),.UNSPECIFIED.);
#3461=B_SPLINE_CURVE_WITH_KNOTS('',2,(#14063,#14064,#14065,#14066),
 .UNSPECIFIED.,.F.,.F.,(3,1,3),(-2.,-1.,0.),.UNSPECIFIED.);
#3462=B_SPLINE_CURVE_WITH_KNOTS('',2,(#14077,#14078,#14079,#14080),
 .UNSPECIFIED.,.F.,.F.,(3,1,3),(0.,1.,2.),.UNSPECIFIED.);
#3463=B_SPLINE_CURVE_WITH_KNOTS('',2,(#14082,#14083,#14084,#14085),
 .UNSPECIFIED.,.F.,.F.,(3,1,3),(-2.,-1.,0.),.UNSPECIFIED.);
#3464=B_SPLINE_CURVE_WITH_KNOTS('',2,(#14096,#14097,#14098,#14099),
 .UNSPECIFIED.,.F.,.F.,(3,1,3),(0.,1.,2.),.UNSPECIFIED.);
#3465=B_SPLINE_CURVE_WITH_KNOTS('',2,(#14101,#14102,#14103,#14104),
 .UNSPECIFIED.,.F.,.F.,(3,1,3),(-2.,-1.,0.),.UNSPECIFIED.);
#3466=B_SPLINE_CURVE_WITH_KNOTS('',2,(#14115,#14116,#14117,#14118),
 .UNSPECIFIED.,.F.,.F.,(3,1,3),(0.,1.,2.),.UNSPECIFIED.);
#3467=B_SPLINE_CURVE_WITH_KNOTS('',2,(#14120,#14121,#14122,#14123),
 .UNSPECIFIED.,.F.,.F.,(3,1,3),(-2.,-1.,0.),.UNSPECIFIED.);
#3468=B_SPLINE_CURVE_WITH_KNOTS('',2,(#14164,#14165,#14166,#14167),
 .UNSPECIFIED.,.F.,.F.,(3,1,3),(0.,1.,2.),.UNSPECIFIED.);
#3469=B_SPLINE_CURVE_WITH_KNOTS('',2,(#14169,#14170,#14171,#14172),
 .UNSPECIFIED.,.F.,.F.,(3,1,3),(-2.,-1.,0.),.UNSPECIFIED.);
#3470=B_SPLINE_CURVE_WITH_KNOTS('',2,(#14183,#14184,#14185,#14186),
 .UNSPECIFIED.,.F.,.F.,(3,1,3),(0.,1.,2.),.UNSPECIFIED.);
#3471=B_SPLINE_CURVE_WITH_KNOTS('',2,(#14188,#14189,#14190,#14191),
 .UNSPECIFIED.,.F.,.F.,(3,1,3),(-2.,-1.,0.),.UNSPECIFIED.);
#3472=B_SPLINE_CURVE_WITH_KNOTS('',2,(#14202,#14203,#14204,#14205),
 .UNSPECIFIED.,.F.,.F.,(3,1,3),(0.,1.,2.),.UNSPECIFIED.);
#3473=B_SPLINE_CURVE_WITH_KNOTS('',2,(#14207,#14208,#14209,#14210),
 .UNSPECIFIED.,.F.,.F.,(3,1,3),(-2.,-1.,0.),.UNSPECIFIED.);
#3474=B_SPLINE_CURVE_WITH_KNOTS('',2,(#14220,#14221,#14222,#14223),
 .UNSPECIFIED.,.F.,.F.,(3,1,3),(0.,1.,2.),.UNSPECIFIED.);
#3475=B_SPLINE_CURVE_WITH_KNOTS('',2,(#14224,#14225,#14226,#14227),
 .UNSPECIFIED.,.F.,.F.,(3,1,3),(-2.,-1.,0.),.UNSPECIFIED.);
#3476=B_SPLINE_CURVE_WITH_KNOTS('',2,(#14349,#14350,#14351,#14352),
 .UNSPECIFIED.,.F.,.F.,(3,1,3),(0.,1.,2.),.UNSPECIFIED.);
#3477=B_SPLINE_CURVE_WITH_KNOTS('',2,(#14356,#14357,#14358,#14359),
 .UNSPECIFIED.,.F.,.F.,(3,1,3),(-2.,-1.,0.),.UNSPECIFIED.);
#3478=B_SPLINE_CURVE_WITH_KNOTS('',2,(#14370,#14371,#14372,#14373),
 .UNSPECIFIED.,.F.,.F.,(3,1,3),(0.,1.,2.),.UNSPECIFIED.);
#3479=B_SPLINE_CURVE_WITH_KNOTS('',2,(#14376,#14377,#14378,#14379),
 .UNSPECIFIED.,.F.,.F.,(3,1,3),(-2.,-1.,0.),.UNSPECIFIED.);
#3480=B_SPLINE_CURVE_WITH_KNOTS('',2,(#14407,#14408,#14409,#14410),
 .UNSPECIFIED.,.F.,.F.,(3,1,3),(0.,1.,2.),.UNSPECIFIED.);
#3481=B_SPLINE_CURVE_WITH_KNOTS('',2,(#14413,#14414,#14415,#14416),
 .UNSPECIFIED.,.F.,.F.,(3,1,3),(-2.,-1.,0.),.UNSPECIFIED.);
#3482=B_SPLINE_CURVE_WITH_KNOTS('',2,(#14425,#14426,#14427,#14428),
 .UNSPECIFIED.,.F.,.F.,(3,1,3),(0.,1.,2.),.UNSPECIFIED.);
#3483=B_SPLINE_CURVE_WITH_KNOTS('',2,(#14429,#14430,#14431,#14432),
 .UNSPECIFIED.,.F.,.F.,(3,1,3),(-2.,-1.,0.),.UNSPECIFIED.);
#3484=B_SPLINE_CURVE_WITH_KNOTS('',2,(#14443,#14444,#14445,#14446),
 .UNSPECIFIED.,.F.,.F.,(3,1,3),(0.,1.,2.),.UNSPECIFIED.);
#3485=B_SPLINE_CURVE_WITH_KNOTS('',2,(#14450,#14451,#14452,#14453),
 .UNSPECIFIED.,.F.,.F.,(3,1,3),(-2.,-1.,0.),.UNSPECIFIED.);
#3486=B_SPLINE_CURVE_WITH_KNOTS('',2,(#14494,#14495,#14496,#14497),
 .UNSPECIFIED.,.F.,.F.,(3,1,3),(0.,1.,2.),.UNSPECIFIED.);
#3487=B_SPLINE_CURVE_WITH_KNOTS('',2,(#14499,#14500,#14501,#14502),
 .UNSPECIFIED.,.F.,.F.,(3,1,3),(-2.,-1.,0.),.UNSPECIFIED.);
#3488=B_SPLINE_CURVE_WITH_KNOTS('',2,(#14513,#14514,#14515,#14516),
 .UNSPECIFIED.,.F.,.F.,(3,1,3),(0.,1.,2.),.UNSPECIFIED.);
#3489=B_SPLINE_CURVE_WITH_KNOTS('',2,(#14518,#14519,#14520,#14521),
 .UNSPECIFIED.,.F.,.F.,(3,1,3),(-2.,-1.,0.),.UNSPECIFIED.);
#3490=B_SPLINE_CURVE_WITH_KNOTS('',2,(#14531,#14532,#14533,#14534),
 .UNSPECIFIED.,.F.,.F.,(3,1,3),(0.,1.,2.),.UNSPECIFIED.);
#3491=B_SPLINE_CURVE_WITH_KNOTS('',2,(#14535,#14536,#14537,#14538),
 .UNSPECIFIED.,.F.,.F.,(3,1,3),(-2.,-1.,0.),.UNSPECIFIED.);
#3492=B_SPLINE_CURVE_WITH_KNOTS('',2,(#14612,#14613,#14614,#14615),
 .UNSPECIFIED.,.F.,.F.,(3,1,3),(0.,1.,2.),.UNSPECIFIED.);
#3493=B_SPLINE_CURVE_WITH_KNOTS('',2,(#14619,#14620,#14621,#14622),
 .UNSPECIFIED.,.F.,.F.,(3,1,3),(-2.,-1.,0.),.UNSPECIFIED.);
#3494=B_SPLINE_CURVE_WITH_KNOTS('',2,(#14633,#14634,#14635,#14636),
 .UNSPECIFIED.,.F.,.F.,(3,1,3),(0.,1.,2.),.UNSPECIFIED.);
#3495=B_SPLINE_CURVE_WITH_KNOTS('',2,(#14639,#14640,#14641,#14642),
 .UNSPECIFIED.,.F.,.F.,(3,1,3),(-2.,-1.,0.),.UNSPECIFIED.);
#3496=B_SPLINE_CURVE_WITH_KNOTS('',2,(#14652,#14653,#14654,#14655),
 .UNSPECIFIED.,.F.,.F.,(3,1,3),(0.,1.,2.),.UNSPECIFIED.);
#3497=B_SPLINE_CURVE_WITH_KNOTS('',2,(#14658,#14659,#14660,#14661),
 .UNSPECIFIED.,.F.,.F.,(3,1,3),(-2.,-1.,0.),.UNSPECIFIED.);
#3498=B_SPLINE_CURVE_WITH_KNOTS('',2,(#14671,#14672,#14673,#14674),
 .UNSPECIFIED.,.F.,.F.,(3,1,3),(0.,1.,2.),.UNSPECIFIED.);
#3499=B_SPLINE_CURVE_WITH_KNOTS('',2,(#14677,#14678,#14679,#14680),
 .UNSPECIFIED.,.F.,.F.,(3,1,3),(-2.,-1.,0.),.UNSPECIFIED.);
#3500=B_SPLINE_CURVE_WITH_KNOTS('',2,(#14690,#14691,#14692,#14693),
 .UNSPECIFIED.,.F.,.F.,(3,1,3),(0.,1.,2.),.UNSPECIFIED.);
#3501=B_SPLINE_CURVE_WITH_KNOTS('',2,(#14696,#14697,#14698,#14699),
 .UNSPECIFIED.,.F.,.F.,(3,1,3),(-2.,-1.,0.),.UNSPECIFIED.);
#3502=B_SPLINE_CURVE_WITH_KNOTS('',2,(#14709,#14710,#14711,#14712),
 .UNSPECIFIED.,.F.,.F.,(3,1,3),(0.,1.,2.),.UNSPECIFIED.);
#3503=B_SPLINE_CURVE_WITH_KNOTS('',2,(#14715,#14716,#14717,#14718),
 .UNSPECIFIED.,.F.,.F.,(3,1,3),(-2.,-1.,0.),.UNSPECIFIED.);
#3504=B_SPLINE_CURVE_WITH_KNOTS('',2,(#14727,#14728,#14729,#14730),
 .UNSPECIFIED.,.F.,.F.,(3,1,3),(0.,1.,2.),.UNSPECIFIED.);
#3505=B_SPLINE_CURVE_WITH_KNOTS('',2,(#14731,#14732,#14733,#14734),
 .UNSPECIFIED.,.F.,.F.,(3,1,3),(-2.,-1.,0.),.UNSPECIFIED.);
#3506=B_SPLINE_CURVE_WITH_KNOTS('',2,(#14745,#14746,#14747,#14748),
 .UNSPECIFIED.,.F.,.F.,(3,1,3),(0.,1.,2.),.UNSPECIFIED.);
#3507=B_SPLINE_CURVE_WITH_KNOTS('',2,(#14752,#14753,#14754,#14755),
 .UNSPECIFIED.,.F.,.F.,(3,1,3),(-2.,-1.,0.),.UNSPECIFIED.);
#3508=B_SPLINE_CURVE_WITH_KNOTS('',2,(#14766,#14767,#14768,#14769),
 .UNSPECIFIED.,.F.,.F.,(3,1,3),(0.,1.,2.),.UNSPECIFIED.);
#3509=B_SPLINE_CURVE_WITH_KNOTS('',2,(#14771,#14772,#14773,#14774),
 .UNSPECIFIED.,.F.,.F.,(3,1,3),(-2.,-1.,0.),.UNSPECIFIED.);
#3510=B_SPLINE_CURVE_WITH_KNOTS('',2,(#14785,#14786,#14787,#14788),
 .UNSPECIFIED.,.F.,.F.,(3,1,3),(0.,1.,2.),.UNSPECIFIED.);
#3511=B_SPLINE_CURVE_WITH_KNOTS('',2,(#14790,#14791,#14792,#14793),
 .UNSPECIFIED.,.F.,.F.,(3,1,3),(-2.,-1.,0.),.UNSPECIFIED.);
#3512=B_SPLINE_CURVE_WITH_KNOTS('',2,(#14804,#14805,#14806,#14807),
 .UNSPECIFIED.,.F.,.F.,(3,1,3),(0.,1.,2.),.UNSPECIFIED.);
#3513=B_SPLINE_CURVE_WITH_KNOTS('',2,(#14809,#14810,#14811,#14812),
 .UNSPECIFIED.,.F.,.F.,(3,1,3),(-2.,-1.,0.),.UNSPECIFIED.);
#3514=B_SPLINE_CURVE_WITH_KNOTS('',2,(#14823,#14824,#14825,#14826),
 .UNSPECIFIED.,.F.,.F.,(3,1,3),(0.,1.,2.),.UNSPECIFIED.);
#3515=B_SPLINE_CURVE_WITH_KNOTS('',2,(#14828,#14829,#14830,#14831),
 .UNSPECIFIED.,.F.,.F.,(3,1,3),(-2.,-1.,0.),.UNSPECIFIED.);
#3516=B_SPLINE_CURVE_WITH_KNOTS('',2,(#14842,#14843,#14844,#14845),
 .UNSPECIFIED.,.F.,.F.,(3,1,3),(0.,1.,2.),.UNSPECIFIED.);
#3517=B_SPLINE_CURVE_WITH_KNOTS('',2,(#14847,#14848,#14849,#14850),
 .UNSPECIFIED.,.F.,.F.,(3,1,3),(-2.,-1.,0.),.UNSPECIFIED.);
#3518=B_SPLINE_CURVE_WITH_KNOTS('',2,(#14873,#14874,#14875,#14876),
 .UNSPECIFIED.,.F.,.F.,(3,1,3),(0.,1.,2.),.UNSPECIFIED.);
#3519=B_SPLINE_CURVE_WITH_KNOTS('',2,(#14878,#14879,#14880,#14881),
 .UNSPECIFIED.,.F.,.F.,(3,1,3),(-2.,-1.,0.),.UNSPECIFIED.);
#3520=B_SPLINE_CURVE_WITH_KNOTS('',2,(#14892,#14893,#14894,#14895),
 .UNSPECIFIED.,.F.,.F.,(3,1,3),(0.,1.,2.),.UNSPECIFIED.);
#3521=B_SPLINE_CURVE_WITH_KNOTS('',2,(#14897,#14898,#14899,#14900),
 .UNSPECIFIED.,.F.,.F.,(3,1,3),(-2.,-1.,0.),.UNSPECIFIED.);
#3522=B_SPLINE_CURVE_WITH_KNOTS('',2,(#14911,#14912,#14913,#14914),
 .UNSPECIFIED.,.F.,.F.,(3,1,3),(0.,1.,2.),.UNSPECIFIED.);
#3523=B_SPLINE_CURVE_WITH_KNOTS('',2,(#14916,#14917,#14918,#14919),
 .UNSPECIFIED.,.F.,.F.,(3,1,3),(-2.,-1.,0.),.UNSPECIFIED.);
#3524=B_SPLINE_CURVE_WITH_KNOTS('',2,(#14930,#14931,#14932,#14933),
 .UNSPECIFIED.,.F.,.F.,(3,1,3),(0.,1.,2.),.UNSPECIFIED.);
#3525=B_SPLINE_CURVE_WITH_KNOTS('',2,(#14935,#14936,#14937,#14938),
 .UNSPECIFIED.,.F.,.F.,(3,1,3),(-2.,-1.,0.),.UNSPECIFIED.);
#3526=B_SPLINE_CURVE_WITH_KNOTS('',2,(#14949,#14950,#14951,#14952),
 .UNSPECIFIED.,.F.,.F.,(3,1,3),(0.,1.,2.),.UNSPECIFIED.);
#3527=B_SPLINE_CURVE_WITH_KNOTS('',2,(#14954,#14955,#14956,#14957),
 .UNSPECIFIED.,.F.,.F.,(3,1,3),(-2.,-1.,0.),.UNSPECIFIED.);
#3528=B_SPLINE_CURVE_WITH_KNOTS('',2,(#14967,#14968,#14969,#14970),
 .UNSPECIFIED.,.F.,.F.,(3,1,3),(0.,1.,2.),.UNSPECIFIED.);
#3529=B_SPLINE_CURVE_WITH_KNOTS('',2,(#14971,#14972,#14973,#14974),
 .UNSPECIFIED.,.F.,.F.,(3,1,3),(-2.,-1.,0.),.UNSPECIFIED.);
#3530=B_SPLINE_CURVE_WITH_KNOTS('',2,(#14986,#14987,#14988,#14989),
 .UNSPECIFIED.,.F.,.F.,(3,1,3),(0.,1.,2.),.UNSPECIFIED.);
#3531=B_SPLINE_CURVE_WITH_KNOTS('',2,(#14993,#14994,#14995,#14996),
 .UNSPECIFIED.,.F.,.F.,(3,1,3),(-2.,-1.,0.),.UNSPECIFIED.);
#3532=B_SPLINE_CURVE_WITH_KNOTS('',2,(#15007,#15008,#15009,#15010),
 .UNSPECIFIED.,.F.,.F.,(3,1,3),(0.,1.,2.),.UNSPECIFIED.);
#3533=B_SPLINE_CURVE_WITH_KNOTS('',2,(#15013,#15014,#15015,#15016),
 .UNSPECIFIED.,.F.,.F.,(3,1,3),(-2.,-1.,0.),.UNSPECIFIED.);
#3534=B_SPLINE_CURVE_WITH_KNOTS('',2,(#15026,#15027,#15028,#15029),
 .UNSPECIFIED.,.F.,.F.,(3,1,3),(0.,1.,2.),.UNSPECIFIED.);
#3535=B_SPLINE_CURVE_WITH_KNOTS('',2,(#15032,#15033,#15034,#15035),
 .UNSPECIFIED.,.F.,.F.,(3,1,3),(-2.,-1.,0.),.UNSPECIFIED.);
#3536=B_SPLINE_CURVE_WITH_KNOTS('',2,(#15045,#15046,#15047,#15048),
 .UNSPECIFIED.,.F.,.F.,(3,1,3),(0.,1.,2.),.UNSPECIFIED.);
#3537=B_SPLINE_CURVE_WITH_KNOTS('',2,(#15051,#15052,#15053,#15054),
 .UNSPECIFIED.,.F.,.F.,(3,1,3),(-2.,-1.,0.),.UNSPECIFIED.);
#3538=B_SPLINE_CURVE_WITH_KNOTS('',2,(#15064,#15065,#15066,#15067),
 .UNSPECIFIED.,.F.,.F.,(3,1,3),(0.,1.,2.),.UNSPECIFIED.);
#3539=B_SPLINE_CURVE_WITH_KNOTS('',2,(#15070,#15071,#15072,#15073),
 .UNSPECIFIED.,.F.,.F.,(3,1,3),(-2.,-1.,0.),.UNSPECIFIED.);
#3540=B_SPLINE_CURVE_WITH_KNOTS('',2,(#15083,#15084,#15085,#15086),
 .UNSPECIFIED.,.F.,.F.,(3,1,3),(0.,1.,2.),.UNSPECIFIED.);
#3541=B_SPLINE_CURVE_WITH_KNOTS('',2,(#15089,#15090,#15091,#15092),
 .UNSPECIFIED.,.F.,.F.,(3,1,3),(-2.,-1.,0.),.UNSPECIFIED.);
#3542=B_SPLINE_CURVE_WITH_KNOTS('',2,(#15102,#15103,#15104,#15105),
 .UNSPECIFIED.,.F.,.F.,(3,1,3),(0.,1.,2.),.UNSPECIFIED.);
#3543=B_SPLINE_CURVE_WITH_KNOTS('',2,(#15108,#15109,#15110,#15111),
 .UNSPECIFIED.,.F.,.F.,(3,1,3),(-2.,-1.,0.),.UNSPECIFIED.);
#3544=B_SPLINE_CURVE_WITH_KNOTS('',2,(#15120,#15121,#15122,#15123),
 .UNSPECIFIED.,.F.,.F.,(3,1,3),(0.,1.,2.),.UNSPECIFIED.);
#3545=B_SPLINE_CURVE_WITH_KNOTS('',2,(#15124,#15125,#15126,#15127),
 .UNSPECIFIED.,.F.,.F.,(3,1,3),(-2.,-1.,0.),.UNSPECIFIED.);
#3546=B_SPLINE_CURVE_WITH_KNOTS('',2,(#15138,#15139,#15140,#15141),
 .UNSPECIFIED.,.F.,.F.,(3,1,3),(0.,1.,2.),.UNSPECIFIED.);
#3547=B_SPLINE_CURVE_WITH_KNOTS('',2,(#15145,#15146,#15147,#15148),
 .UNSPECIFIED.,.F.,.F.,(3,1,3),(-2.,-1.,0.),.UNSPECIFIED.);
#3548=B_SPLINE_CURVE_WITH_KNOTS('',2,(#15159,#15160,#15161,#15162),
 .UNSPECIFIED.,.F.,.F.,(3,1,3),(0.,1.,2.),.UNSPECIFIED.);
#3549=B_SPLINE_CURVE_WITH_KNOTS('',2,(#15164,#15165,#15166,#15167),
 .UNSPECIFIED.,.F.,.F.,(3,1,3),(-2.,-1.,0.),.UNSPECIFIED.);
#3550=B_SPLINE_CURVE_WITH_KNOTS('',2,(#15178,#15179,#15180,#15181),
 .UNSPECIFIED.,.F.,.F.,(3,1,3),(0.,1.,2.),.UNSPECIFIED.);
#3551=B_SPLINE_CURVE_WITH_KNOTS('',2,(#15183,#15184,#15185,#15186),
 .UNSPECIFIED.,.F.,.F.,(3,1,3),(-2.,-1.,0.),.UNSPECIFIED.);
#3552=B_SPLINE_CURVE_WITH_KNOTS('',2,(#15196,#15197,#15198,#15199),
 .UNSPECIFIED.,.F.,.F.,(3,1,3),(0.,1.,2.),.UNSPECIFIED.);
#3553=B_SPLINE_CURVE_WITH_KNOTS('',2,(#15200,#15201,#15202,#15203),
 .UNSPECIFIED.,.F.,.F.,(3,1,3),(-2.,-1.,0.),.UNSPECIFIED.);
#3554=B_SPLINE_CURVE_WITH_KNOTS('',2,(#15215,#15216,#15217,#15218),
 .UNSPECIFIED.,.F.,.F.,(3,1,3),(0.,1.,2.),.UNSPECIFIED.);
#3555=B_SPLINE_CURVE_WITH_KNOTS('',2,(#15222,#15223,#15224,#15225),
 .UNSPECIFIED.,.F.,.F.,(3,1,3),(-2.,-1.,0.),.UNSPECIFIED.);
#3556=B_SPLINE_CURVE_WITH_KNOTS('',2,(#15248,#15249,#15250,#15251),
 .UNSPECIFIED.,.F.,.F.,(3,1,3),(0.,1.,2.),.UNSPECIFIED.);
#3557=B_SPLINE_CURVE_WITH_KNOTS('',2,(#15253,#15254,#15255,#15256),
 .UNSPECIFIED.,.F.,.F.,(3,1,3),(-2.,-1.,0.),.UNSPECIFIED.);
#3558=B_SPLINE_CURVE_WITH_KNOTS('',2,(#15267,#15268,#15269,#15270),
 .UNSPECIFIED.,.F.,.F.,(3,1,3),(0.,1.,2.),.UNSPECIFIED.);
#3559=B_SPLINE_CURVE_WITH_KNOTS('',2,(#15272,#15273,#15274,#15275),
 .UNSPECIFIED.,.F.,.F.,(3,1,3),(-2.,-1.,0.),.UNSPECIFIED.);
#3560=B_SPLINE_CURVE_WITH_KNOTS('',2,(#15286,#15287,#15288,#15289),
 .UNSPECIFIED.,.F.,.F.,(3,1,3),(0.,1.,2.),.UNSPECIFIED.);
#3561=B_SPLINE_CURVE_WITH_KNOTS('',2,(#15291,#15292,#15293,#15294),
 .UNSPECIFIED.,.F.,.F.,(3,1,3),(-2.,-1.,0.),.UNSPECIFIED.);
#3562=B_SPLINE_CURVE_WITH_KNOTS('',2,(#15305,#15306,#15307,#15308),
 .UNSPECIFIED.,.F.,.F.,(3,1,3),(0.,1.,2.),.UNSPECIFIED.);
#3563=B_SPLINE_CURVE_WITH_KNOTS('',2,(#15310,#15311,#15312,#15313),
 .UNSPECIFIED.,.F.,.F.,(3,1,3),(-2.,-1.,0.),.UNSPECIFIED.);
#3564=B_SPLINE_CURVE_WITH_KNOTS('',2,(#15330,#15331,#15332,#15333),
 .UNSPECIFIED.,.F.,.F.,(3,1,3),(0.,1.,2.),.UNSPECIFIED.);
#3565=B_SPLINE_CURVE_WITH_KNOTS('',2,(#15335,#15336,#15337,#15338),
 .UNSPECIFIED.,.F.,.F.,(3,1,3),(-2.,-1.,0.),.UNSPECIFIED.);
#3566=B_SPLINE_CURVE_WITH_KNOTS('',2,(#15349,#15350,#15351,#15352),
 .UNSPECIFIED.,.F.,.F.,(3,1,3),(0.,1.,2.),.UNSPECIFIED.);
#3567=B_SPLINE_CURVE_WITH_KNOTS('',2,(#15354,#15355,#15356,#15357),
 .UNSPECIFIED.,.F.,.F.,(3,1,3),(-2.,-1.,0.),.UNSPECIFIED.);
#3568=B_SPLINE_CURVE_WITH_KNOTS('',2,(#15368,#15369,#15370,#15371),
 .UNSPECIFIED.,.F.,.F.,(3,1,3),(0.,1.,2.),.UNSPECIFIED.);
#3569=B_SPLINE_CURVE_WITH_KNOTS('',2,(#15373,#15374,#15375,#15376),
 .UNSPECIFIED.,.F.,.F.,(3,1,3),(-2.,-1.,0.),.UNSPECIFIED.);
#3570=B_SPLINE_CURVE_WITH_KNOTS('',2,(#15387,#15388,#15389,#15390),
 .UNSPECIFIED.,.F.,.F.,(3,1,3),(0.,1.,2.),.UNSPECIFIED.);
#3571=B_SPLINE_CURVE_WITH_KNOTS('',2,(#15392,#15393,#15394,#15395),
 .UNSPECIFIED.,.F.,.F.,(3,1,3),(-2.,-1.,0.),.UNSPECIFIED.);
#3572=B_SPLINE_CURVE_WITH_KNOTS('',2,(#15406,#15407,#15408,#15409),
 .UNSPECIFIED.,.F.,.F.,(3,1,3),(0.,1.,2.),.UNSPECIFIED.);
#3573=B_SPLINE_CURVE_WITH_KNOTS('',2,(#15411,#15412,#15413,#15414),
 .UNSPECIFIED.,.F.,.F.,(3,1,3),(-2.,-1.,0.),.UNSPECIFIED.);
#3574=B_SPLINE_CURVE_WITH_KNOTS('',2,(#15437,#15438,#15439,#15440),
 .UNSPECIFIED.,.F.,.F.,(3,1,3),(0.,1.,2.),.UNSPECIFIED.);
#3575=B_SPLINE_CURVE_WITH_KNOTS('',2,(#15442,#15443,#15444,#15445),
 .UNSPECIFIED.,.F.,.F.,(3,1,3),(-2.,-1.,0.),.UNSPECIFIED.);
#3576=B_SPLINE_CURVE_WITH_KNOTS('',2,(#15456,#15457,#15458,#15459),
 .UNSPECIFIED.,.F.,.F.,(3,1,3),(0.,1.,2.),.UNSPECIFIED.);
#3577=B_SPLINE_CURVE_WITH_KNOTS('',2,(#15461,#15462,#15463,#15464),
 .UNSPECIFIED.,.F.,.F.,(3,1,3),(-2.,-1.,0.),.UNSPECIFIED.);
#3578=B_SPLINE_CURVE_WITH_KNOTS('',2,(#15475,#15476,#15477,#15478),
 .UNSPECIFIED.,.F.,.F.,(3,1,3),(0.,1.,2.),.UNSPECIFIED.);
#3579=B_SPLINE_CURVE_WITH_KNOTS('',2,(#15480,#15481,#15482,#15483),
 .UNSPECIFIED.,.F.,.F.,(3,1,3),(-2.,-1.,0.),.UNSPECIFIED.);
#3580=B_SPLINE_CURVE_WITH_KNOTS('',2,(#15494,#15495,#15496,#15497),
 .UNSPECIFIED.,.F.,.F.,(3,1,3),(0.,1.,2.),.UNSPECIFIED.);
#3581=B_SPLINE_CURVE_WITH_KNOTS('',2,(#15499,#15500,#15501,#15502),
 .UNSPECIFIED.,.F.,.F.,(3,1,3),(-2.,-1.,0.),.UNSPECIFIED.);
#3582=B_SPLINE_CURVE_WITH_KNOTS('',2,(#15513,#15514,#15515,#15516),
 .UNSPECIFIED.,.F.,.F.,(3,1,3),(0.,1.,2.),.UNSPECIFIED.);
#3583=B_SPLINE_CURVE_WITH_KNOTS('',2,(#15518,#15519,#15520,#15521),
 .UNSPECIFIED.,.F.,.F.,(3,1,3),(-2.,-1.,0.),.UNSPECIFIED.);
#3584=B_SPLINE_CURVE_WITH_KNOTS('',2,(#15550,#15551,#15552,#15553),
 .UNSPECIFIED.,.F.,.F.,(3,1,3),(0.,1.,2.),.UNSPECIFIED.);
#3585=B_SPLINE_CURVE_WITH_KNOTS('',2,(#15555,#15556,#15557,#15558),
 .UNSPECIFIED.,.F.,.F.,(3,1,3),(-2.,-1.,0.),.UNSPECIFIED.);
#3586=B_SPLINE_CURVE_WITH_KNOTS('',2,(#15569,#15570,#15571,#15572),
 .UNSPECIFIED.,.F.,.F.,(3,1,3),(0.,1.,2.),.UNSPECIFIED.);
#3587=B_SPLINE_CURVE_WITH_KNOTS('',2,(#15574,#15575,#15576,#15577),
 .UNSPECIFIED.,.F.,.F.,(3,1,3),(-2.,-1.,0.),.UNSPECIFIED.);
#3588=B_SPLINE_CURVE_WITH_KNOTS('',2,(#15588,#15589,#15590,#15591),
 .UNSPECIFIED.,.F.,.F.,(3,1,3),(0.,1.,2.),.UNSPECIFIED.);
#3589=B_SPLINE_CURVE_WITH_KNOTS('',2,(#15593,#15594,#15595,#15596),
 .UNSPECIFIED.,.F.,.F.,(3,1,3),(-2.,-1.,0.),.UNSPECIFIED.);
#3590=B_SPLINE_CURVE_WITH_KNOTS('',2,(#15606,#15607,#15608,#15609),
 .UNSPECIFIED.,.F.,.F.,(3,1,3),(0.,1.,2.),.UNSPECIFIED.);
#3591=B_SPLINE_CURVE_WITH_KNOTS('',2,(#15610,#15611,#15612,#15613),
 .UNSPECIFIED.,.F.,.F.,(3,1,3),(-2.,-1.,0.),.UNSPECIFIED.);
#3592=B_SPLINE_CURVE_WITH_KNOTS('',2,(#15625,#15626,#15627,#15628),
 .UNSPECIFIED.,.F.,.F.,(3,1,3),(0.,1.,2.),.UNSPECIFIED.);
#3593=B_SPLINE_CURVE_WITH_KNOTS('',2,(#15632,#15633,#15634,#15635),
 .UNSPECIFIED.,.F.,.F.,(3,1,3),(-2.,-1.,0.),.UNSPECIFIED.);
#3594=B_SPLINE_CURVE_WITH_KNOTS('',2,(#15646,#15647,#15648,#15649),
 .UNSPECIFIED.,.F.,.F.,(3,1,3),(0.,1.,2.),.UNSPECIFIED.);
#3595=B_SPLINE_CURVE_WITH_KNOTS('',2,(#15652,#15653,#15654,#15655),
 .UNSPECIFIED.,.F.,.F.,(3,1,3),(-2.,-1.,0.),.UNSPECIFIED.);
#3596=B_SPLINE_CURVE_WITH_KNOTS('',2,(#15665,#15666,#15667,#15668),
 .UNSPECIFIED.,.F.,.F.,(3,1,3),(0.,1.,2.),.UNSPECIFIED.);
#3597=B_SPLINE_CURVE_WITH_KNOTS('',2,(#15671,#15672,#15673,#15674),
 .UNSPECIFIED.,.F.,.F.,(3,1,3),(-2.,-1.,0.),.UNSPECIFIED.);
#3598=B_SPLINE_CURVE_WITH_KNOTS('',2,(#15684,#15685,#15686,#15687),
 .UNSPECIFIED.,.F.,.F.,(3,1,3),(0.,1.,2.),.UNSPECIFIED.);
#3599=B_SPLINE_CURVE_WITH_KNOTS('',2,(#15690,#15691,#15692,#15693),
 .UNSPECIFIED.,.F.,.F.,(3,1,3),(-2.,-1.,0.),.UNSPECIFIED.);
#3600=B_SPLINE_CURVE_WITH_KNOTS('',2,(#15703,#15704,#15705,#15706),
 .UNSPECIFIED.,.F.,.F.,(3,1,3),(0.,1.,2.),.UNSPECIFIED.);
#3601=B_SPLINE_CURVE_WITH_KNOTS('',2,(#15709,#15710,#15711,#15712),
 .UNSPECIFIED.,.F.,.F.,(3,1,3),(-2.,-1.,0.),.UNSPECIFIED.);
#3602=B_SPLINE_CURVE_WITH_KNOTS('',2,(#15722,#15723,#15724,#15725),
 .UNSPECIFIED.,.F.,.F.,(3,1,3),(0.,1.,2.),.UNSPECIFIED.);
#3603=B_SPLINE_CURVE_WITH_KNOTS('',2,(#15728,#15729,#15730,#15731),
 .UNSPECIFIED.,.F.,.F.,(3,1,3),(-2.,-1.,0.),.UNSPECIFIED.);
#3604=B_SPLINE_CURVE_WITH_KNOTS('',2,(#15741,#15742,#15743,#15744),
 .UNSPECIFIED.,.F.,.F.,(3,1,3),(0.,1.,2.),.UNSPECIFIED.);
#3605=B_SPLINE_CURVE_WITH_KNOTS('',2,(#15747,#15748,#15749,#15750),
 .UNSPECIFIED.,.F.,.F.,(3,1,3),(-2.,-1.,0.),.UNSPECIFIED.);
#3606=B_SPLINE_CURVE_WITH_KNOTS('',2,(#15759,#15760,#15761,#15762),
 .UNSPECIFIED.,.F.,.F.,(3,1,3),(0.,1.,2.),.UNSPECIFIED.);
#3607=B_SPLINE_CURVE_WITH_KNOTS('',2,(#15763,#15764,#15765,#15766),
 .UNSPECIFIED.,.F.,.F.,(3,1,3),(-2.,-1.,0.),.UNSPECIFIED.);
#3608=B_SPLINE_CURVE_WITH_KNOTS('',2,(#15777,#15778,#15779,#15780),
 .UNSPECIFIED.,.F.,.F.,(3,1,3),(0.,1.,2.),.UNSPECIFIED.);
#3609=B_SPLINE_CURVE_WITH_KNOTS('',2,(#15784,#15785,#15786,#15787),
 .UNSPECIFIED.,.F.,.F.,(3,1,3),(-2.,-1.,0.),.UNSPECIFIED.);
#3610=B_SPLINE_CURVE_WITH_KNOTS('',2,(#15798,#15799,#15800,#15801),
 .UNSPECIFIED.,.F.,.F.,(3,1,3),(0.,1.,2.),.UNSPECIFIED.);
#3611=B_SPLINE_CURVE_WITH_KNOTS('',2,(#15803,#15804,#15805,#15806),
 .UNSPECIFIED.,.F.,.F.,(3,1,3),(-2.,-1.,0.),.UNSPECIFIED.);
#3612=B_SPLINE_CURVE_WITH_KNOTS('',2,(#15817,#15818,#15819,#15820),
 .UNSPECIFIED.,.F.,.F.,(3,1,3),(0.,1.,2.),.UNSPECIFIED.);
#3613=B_SPLINE_CURVE_WITH_KNOTS('',2,(#15822,#15823,#15824,#15825),
 .UNSPECIFIED.,.F.,.F.,(3,1,3),(-2.,-1.,0.),.UNSPECIFIED.);
#3614=B_SPLINE_CURVE_WITH_KNOTS('',2,(#15835,#15836,#15837,#15838),
 .UNSPECIFIED.,.F.,.F.,(3,1,3),(0.,1.,2.),.UNSPECIFIED.);
#3615=B_SPLINE_CURVE_WITH_KNOTS('',2,(#15839,#15840,#15841,#15842),
 .UNSPECIFIED.,.F.,.F.,(3,1,3),(-2.,-1.,0.),.UNSPECIFIED.);
#3616=B_SPLINE_CURVE_WITH_KNOTS('',2,(#15935,#15936,#15937,#15938),
 .UNSPECIFIED.,.F.,.F.,(3,1,3),(0.,1.,2.),.UNSPECIFIED.);
#3617=B_SPLINE_CURVE_WITH_KNOTS('',2,(#15940,#15941,#15942,#15943),
 .UNSPECIFIED.,.F.,.F.,(3,1,3),(-2.,-1.,0.),.UNSPECIFIED.);
#3618=B_SPLINE_CURVE_WITH_KNOTS('',2,(#15954,#15955,#15956,#15957),
 .UNSPECIFIED.,.F.,.F.,(3,1,3),(0.,1.,2.),.UNSPECIFIED.);
#3619=B_SPLINE_CURVE_WITH_KNOTS('',2,(#15959,#15960,#15961,#15962),
 .UNSPECIFIED.,.F.,.F.,(3,1,3),(-2.,-1.,0.),.UNSPECIFIED.);
#3620=B_SPLINE_CURVE_WITH_KNOTS('',2,(#15973,#15974,#15975,#15976),
 .UNSPECIFIED.,.F.,.F.,(3,1,3),(0.,1.,2.),.UNSPECIFIED.);
#3621=B_SPLINE_CURVE_WITH_KNOTS('',2,(#15978,#15979,#15980,#15981),
 .UNSPECIFIED.,.F.,.F.,(3,1,3),(-2.,-1.,0.),.UNSPECIFIED.);
#3622=B_SPLINE_CURVE_WITH_KNOTS('',2,(#15992,#15993,#15994,#15995),
 .UNSPECIFIED.,.F.,.F.,(3,1,3),(0.,1.,2.),.UNSPECIFIED.);
#3623=B_SPLINE_CURVE_WITH_KNOTS('',2,(#15997,#15998,#15999,#16000),
 .UNSPECIFIED.,.F.,.F.,(3,1,3),(-2.,-1.,0.),.UNSPECIFIED.);
#3624=B_SPLINE_CURVE_WITH_KNOTS('',2,(#16011,#16012,#16013,#16014),
 .UNSPECIFIED.,.F.,.F.,(3,1,3),(0.,1.,2.),.UNSPECIFIED.);
#3625=B_SPLINE_CURVE_WITH_KNOTS('',2,(#16016,#16017,#16018,#16019),
 .UNSPECIFIED.,.F.,.F.,(3,1,3),(-2.,-1.,0.),.UNSPECIFIED.);
#3626=B_SPLINE_CURVE_WITH_KNOTS('',2,(#16030,#16031,#16032,#16033),
 .UNSPECIFIED.,.F.,.F.,(3,1,3),(0.,1.,2.),.UNSPECIFIED.);
#3627=B_SPLINE_CURVE_WITH_KNOTS('',2,(#16035,#16036,#16037,#16038),
 .UNSPECIFIED.,.F.,.F.,(3,1,3),(-2.,-1.,0.),.UNSPECIFIED.);
#3628=B_SPLINE_CURVE_WITH_KNOTS('',2,(#16061,#16062,#16063,#16064),
 .UNSPECIFIED.,.F.,.F.,(3,1,3),(0.,1.,2.),.UNSPECIFIED.);
#3629=B_SPLINE_CURVE_WITH_KNOTS('',2,(#16066,#16067,#16068,#16069),
 .UNSPECIFIED.,.F.,.F.,(3,1,3),(-2.,-1.,0.),.UNSPECIFIED.);
#3630=B_SPLINE_CURVE_WITH_KNOTS('',2,(#16080,#16081,#16082,#16083),
 .UNSPECIFIED.,.F.,.F.,(3,1,3),(0.,1.,2.),.UNSPECIFIED.);
#3631=B_SPLINE_CURVE_WITH_KNOTS('',2,(#16085,#16086,#16087,#16088),
 .UNSPECIFIED.,.F.,.F.,(3,1,3),(-2.,-1.,0.),.UNSPECIFIED.);
#3632=B_SPLINE_CURVE_WITH_KNOTS('',2,(#16099,#16100,#16101,#16102),
 .UNSPECIFIED.,.F.,.F.,(3,1,3),(0.,1.,2.),.UNSPECIFIED.);
#3633=B_SPLINE_CURVE_WITH_KNOTS('',2,(#16104,#16105,#16106,#16107),
 .UNSPECIFIED.,.F.,.F.,(3,1,3),(-2.,-1.,0.),.UNSPECIFIED.);
#3634=B_SPLINE_CURVE_WITH_KNOTS('',2,(#16118,#16119,#16120,#16121),
 .UNSPECIFIED.,.F.,.F.,(3,1,3),(0.,1.,2.),.UNSPECIFIED.);
#3635=B_SPLINE_CURVE_WITH_KNOTS('',2,(#16123,#16124,#16125,#16126),
 .UNSPECIFIED.,.F.,.F.,(3,1,3),(-2.,-1.,0.),.UNSPECIFIED.);
#3636=B_SPLINE_CURVE_WITH_KNOTS('',2,(#16137,#16138,#16139,#16140),
 .UNSPECIFIED.,.F.,.F.,(3,1,3),(0.,1.,2.),.UNSPECIFIED.);
#3637=B_SPLINE_CURVE_WITH_KNOTS('',2,(#16142,#16143,#16144,#16145),
 .UNSPECIFIED.,.F.,.F.,(3,1,3),(-2.,-1.,0.),.UNSPECIFIED.);
#3638=B_SPLINE_CURVE_WITH_KNOTS('',3,(#16390,#16391,#16392,#16393,#16394,
#16395,#16396,#16397,#16398,#16399,#16400,#16401,#16402,#16403,#16404,#16405,
#16406,#16407,#16408,#16409,#16410,#16411,#16412,#16413,#16414),
 .UNSPECIFIED.,.F.,.F.,(4,3,3,3,3,3,3,3,4),(0.,0.199025726943684,0.398009414224928,
0.596957247374003,0.795875400034842,0.994871988959071,1.19379904845639,
1.39274586787031,1.45700431965119),.UNSPECIFIED.);
#3639=B_SPLINE_CURVE_WITH_KNOTS('',3,(#16418,#16419,#16420,#16421,#16422,
#16423,#16424,#16425,#16426,#16427,#16428,#16429,#16430,#16431,#16432,#16433,
#16434,#16435,#16436,#16437,#16438,#16439,#16440,#16441,#16442),
 .UNSPECIFIED.,.F.,.F.,(4,3,3,3,3,3,3,3,4),(0.,0.199025726943686,0.398009414224926,
0.596957247373996,0.795875400034829,0.994871988959057,1.19379904845638,
1.3927458678703,1.45700431965119),.UNSPECIFIED.);
#3640=B_SPLINE_CURVE_WITH_KNOTS('',3,(#16447,#16448,#16449,#16450,#16451,
#16452,#16453,#16454,#16455,#16456,#16457,#16458,#16459,#16460,#16461,#16462,
#16463,#16464,#16465,#16466,#16467,#16468,#16469,#16470,#16471),
 .UNSPECIFIED.,.F.,.F.,(4,3,3,3,3,3,3,3,4),(0.,0.199025726943684,0.398009414224934,
0.596957247374007,0.795875400034865,0.994871988959092,1.19379904845643,
1.39274586787035,1.45700431965119),.UNSPECIFIED.);
#3641=B_SPLINE_CURVE_WITH_KNOTS('',3,(#16477,#16478,#16479,#16480,#16481,
#16482,#16483,#16484,#16485,#16486,#16487,#16488,#16489,#16490,#16491,#16492,
#16493,#16494,#16495,#16496,#16497,#16498,#16499,#16500,#16501),
 .UNSPECIFIED.,.F.,.F.,(4,3,3,3,3,3,3,3,4),(0.,0.199025726943685,0.398009414224926,
0.596957247373995,0.795875400034836,0.994871988959062,1.19379904845639,
1.39274586787031,1.45700431965124),.UNSPECIFIED.);
#3642=VERTEX_POINT('',#11082);
#3643=VERTEX_POINT('',#11083);
#3644=VERTEX_POINT('',#11088);
#3645=VERTEX_POINT('',#11090);
#3646=VERTEX_POINT('',#11104);
#3647=VERTEX_POINT('',#11109);
#3648=VERTEX_POINT('',#11123);
#3649=VERTEX_POINT('',#11128);
#3650=VERTEX_POINT('',#11142);
#3651=VERTEX_POINT('',#11147);
#3652=VERTEX_POINT('',#11157);
#3653=VERTEX_POINT('',#11158);
#3654=VERTEX_POINT('',#11160);
#3655=VERTEX_POINT('',#11162);
#3656=VERTEX_POINT('',#11173);
#3657=VERTEX_POINT('',#11178);
#3658=VERTEX_POINT('',#11192);
#3659=VERTEX_POINT('',#11197);
#3660=VERTEX_POINT('',#11211);
#3661=VERTEX_POINT('',#11216);
#3662=VERTEX_POINT('',#11230);
#3663=VERTEX_POINT('',#11235);
#3664=VERTEX_POINT('',#11249);
#3665=VERTEX_POINT('',#11254);
#3666=VERTEX_POINT('',#11268);
#3667=VERTEX_POINT('',#11273);
#3668=VERTEX_POINT('',#11287);
#3669=VERTEX_POINT('',#11292);
#3670=VERTEX_POINT('',#11299);
#3671=VERTEX_POINT('',#11301);
#3672=VERTEX_POINT('',#11305);
#3673=VERTEX_POINT('',#11307);
#3674=VERTEX_POINT('',#11311);
#3675=VERTEX_POINT('',#11313);
#3676=VERTEX_POINT('',#11321);
#3677=VERTEX_POINT('',#11322);
#3678=VERTEX_POINT('',#11324);
#3679=VERTEX_POINT('',#11326);
#3680=VERTEX_POINT('',#11337);
#3681=VERTEX_POINT('',#11342);
#3682=VERTEX_POINT('',#11356);
#3683=VERTEX_POINT('',#11361);
#3684=VERTEX_POINT('',#11375);
#3685=VERTEX_POINT('',#11380);
#3686=VERTEX_POINT('',#11394);
#3687=VERTEX_POINT('',#11399);
#3688=VERTEX_POINT('',#11413);
#3689=VERTEX_POINT('',#11418);
#3690=VERTEX_POINT('',#11432);
#3691=VERTEX_POINT('',#11437);
#3692=VERTEX_POINT('',#11444);
#3693=VERTEX_POINT('',#11446);
#3694=VERTEX_POINT('',#11450);
#3695=VERTEX_POINT('',#11452);
#3696=VERTEX_POINT('',#11463);
#3697=VERTEX_POINT('',#11468);
#3698=VERTEX_POINT('',#11482);
#3699=VERTEX_POINT('',#11487);
#3700=VERTEX_POINT('',#11501);
#3701=VERTEX_POINT('',#11506);
#3702=VERTEX_POINT('',#11520);
#3703=VERTEX_POINT('',#11525);
#3704=VERTEX_POINT('',#11539);
#3705=VERTEX_POINT('',#11544);
#3706=VERTEX_POINT('',#11551);
#3707=VERTEX_POINT('',#11553);
#3708=VERTEX_POINT('',#11557);
#3709=VERTEX_POINT('',#11559);
#3710=VERTEX_POINT('',#11567);
#3711=VERTEX_POINT('',#11568);
#3712=VERTEX_POINT('',#11570);
#3713=VERTEX_POINT('',#11572);
#3714=VERTEX_POINT('',#11576);
#3715=VERTEX_POINT('',#11578);
#3716=VERTEX_POINT('',#11582);
#3717=VERTEX_POINT('',#11584);
#3718=VERTEX_POINT('',#11588);
#3719=VERTEX_POINT('',#11590);
#3720=VERTEX_POINT('',#11594);
#3721=VERTEX_POINT('',#11596);
#3722=VERTEX_POINT('',#11600);
#3723=VERTEX_POINT('',#11602);
#3724=VERTEX_POINT('',#11606);
#3725=VERTEX_POINT('',#11608);
#3726=VERTEX_POINT('',#11612);
#3727=VERTEX_POINT('',#11614);
#3728=VERTEX_POINT('',#11618);
#3729=VERTEX_POINT('',#11620);
#3730=VERTEX_POINT('',#11624);
#3731=VERTEX_POINT('',#11626);
#3732=VERTEX_POINT('',#11630);
#3733=VERTEX_POINT('',#11632);
#3734=VERTEX_POINT('',#11643);
#3735=VERTEX_POINT('',#11648);
#3736=VERTEX_POINT('',#11662);
#3737=VERTEX_POINT('',#11667);
#3738=VERTEX_POINT('',#11681);
#3739=VERTEX_POINT('',#11686);
#3740=VERTEX_POINT('',#11693);
#3741=VERTEX_POINT('',#11695);
#3742=VERTEX_POINT('',#11699);
#3743=VERTEX_POINT('',#11701);
#3744=VERTEX_POINT('',#11712);
#3745=VERTEX_POINT('',#11717);
#3746=VERTEX_POINT('',#11748);
#3747=VERTEX_POINT('',#11749);
#3748=VERTEX_POINT('',#11754);
#3749=VERTEX_POINT('',#11756);
#3750=VERTEX_POINT('',#11770);
#3751=VERTEX_POINT('',#11775);
#3752=VERTEX_POINT('',#11789);
#3753=VERTEX_POINT('',#11794);
#3754=VERTEX_POINT('',#11808);
#3755=VERTEX_POINT('',#11813);
#3756=VERTEX_POINT('',#11830);
#3757=VERTEX_POINT('',#11831);
#3758=VERTEX_POINT('',#11836);
#3759=VERTEX_POINT('',#11838);
#3760=VERTEX_POINT('',#11852);
#3761=VERTEX_POINT('',#11857);
#3762=VERTEX_POINT('',#11871);
#3763=VERTEX_POINT('',#11876);
#3764=VERTEX_POINT('',#11890);
#3765=VERTEX_POINT('',#11895);
#3766=VERTEX_POINT('',#11909);
#3767=VERTEX_POINT('',#11914);
#3768=VERTEX_POINT('',#11921);
#3769=VERTEX_POINT('',#11923);
#3770=VERTEX_POINT('',#11934);
#3771=VERTEX_POINT('',#11939);
#3772=VERTEX_POINT('',#11953);
#3773=VERTEX_POINT('',#11958);
#3774=VERTEX_POINT('',#11972);
#3775=VERTEX_POINT('',#11977);
#3776=VERTEX_POINT('',#11984);
#3777=VERTEX_POINT('',#11986);
#3778=VERTEX_POINT('',#11990);
#3779=VERTEX_POINT('',#11992);
#3780=VERTEX_POINT('',#12003);
#3781=VERTEX_POINT('',#12008);
#3782=VERTEX_POINT('',#12022);
#3783=VERTEX_POINT('',#12027);
#3784=VERTEX_POINT('',#12041);
#3785=VERTEX_POINT('',#12046);
#3786=VERTEX_POINT('',#12053);
#3787=VERTEX_POINT('',#12055);
#3788=VERTEX_POINT('',#12059);
#3789=VERTEX_POINT('',#12061);
#3790=VERTEX_POINT('',#12065);
#3791=VERTEX_POINT('',#12067);
#3792=VERTEX_POINT('',#12088);
#3793=VERTEX_POINT('',#12089);
#3794=VERTEX_POINT('',#12091);
#3795=VERTEX_POINT('',#12093);
#3796=VERTEX_POINT('',#12097);
#3797=VERTEX_POINT('',#12099);
#3798=VERTEX_POINT('',#12110);
#3799=VERTEX_POINT('',#12115);
#3800=VERTEX_POINT('',#12129);
#3801=VERTEX_POINT('',#12134);
#3802=VERTEX_POINT('',#12148);
#3803=VERTEX_POINT('',#12153);
#3804=VERTEX_POINT('',#12167);
#3805=VERTEX_POINT('',#12172);
#3806=VERTEX_POINT('',#12186);
#3807=VERTEX_POINT('',#12191);
#3808=VERTEX_POINT('',#12205);
#3809=VERTEX_POINT('',#12210);
#3810=VERTEX_POINT('',#12224);
#3811=VERTEX_POINT('',#12229);
#3812=VERTEX_POINT('',#12243);
#3813=VERTEX_POINT('',#12248);
#3814=VERTEX_POINT('',#12262);
#3815=VERTEX_POINT('',#12267);
#3816=VERTEX_POINT('',#12274);
#3817=VERTEX_POINT('',#12276);
#3818=VERTEX_POINT('',#12280);
#3819=VERTEX_POINT('',#12282);
#3820=VERTEX_POINT('',#12293);
#3821=VERTEX_POINT('',#12298);
#3822=VERTEX_POINT('',#12312);
#3823=VERTEX_POINT('',#12317);
#3824=VERTEX_POINT('',#12331);
#3825=VERTEX_POINT('',#12336);
#3826=VERTEX_POINT('',#12350);
#3827=VERTEX_POINT('',#12355);
#3828=VERTEX_POINT('',#12369);
#3829=VERTEX_POINT('',#12374);
#3830=VERTEX_POINT('',#12388);
#3831=VERTEX_POINT('',#12393);
#3832=VERTEX_POINT('',#12407);
#3833=VERTEX_POINT('',#12412);
#3834=VERTEX_POINT('',#12436);
#3835=VERTEX_POINT('',#12437);
#3836=VERTEX_POINT('',#12439);
#3837=VERTEX_POINT('',#12441);
#3838=VERTEX_POINT('',#12445);
#3839=VERTEX_POINT('',#12447);
#3840=VERTEX_POINT('',#12451);
#3841=VERTEX_POINT('',#12453);
#3842=VERTEX_POINT('',#12457);
#3843=VERTEX_POINT('',#12459);
#3844=VERTEX_POINT('',#12463);
#3845=VERTEX_POINT('',#12465);
#3846=VERTEX_POINT('',#12469);
#3847=VERTEX_POINT('',#12471);
#3848=VERTEX_POINT('',#12475);
#3849=VERTEX_POINT('',#12477);
#3850=VERTEX_POINT('',#12485);
#3851=VERTEX_POINT('',#12486);
#3852=VERTEX_POINT('',#12488);
#3853=VERTEX_POINT('',#12490);
#3854=VERTEX_POINT('',#12494);
#3855=VERTEX_POINT('',#12496);
#3856=VERTEX_POINT('',#12503);
#3857=VERTEX_POINT('',#12504);
#3858=VERTEX_POINT('',#12506);
#3859=VERTEX_POINT('',#12508);
#3860=VERTEX_POINT('',#12512);
#3861=VERTEX_POINT('',#12514);
#3862=VERTEX_POINT('',#12518);
#3863=VERTEX_POINT('',#12520);
#3864=VERTEX_POINT('',#12524);
#3865=VERTEX_POINT('',#12526);
#3866=VERTEX_POINT('',#12530);
#3867=VERTEX_POINT('',#12532);
#3868=VERTEX_POINT('',#12536);
#3869=VERTEX_POINT('',#12538);
#3870=VERTEX_POINT('',#12542);
#3871=VERTEX_POINT('',#12544);
#3872=VERTEX_POINT('',#12548);
#3873=VERTEX_POINT('',#12550);
#3874=VERTEX_POINT('',#12554);
#3875=VERTEX_POINT('',#12556);
#3876=VERTEX_POINT('',#12560);
#3877=VERTEX_POINT('',#12562);
#3878=VERTEX_POINT('',#12570);
#3879=VERTEX_POINT('',#12571);
#3880=VERTEX_POINT('',#12573);
#3881=VERTEX_POINT('',#12575);
#3882=VERTEX_POINT('',#12579);
#3883=VERTEX_POINT('',#12581);
#3884=VERTEX_POINT('',#12585);
#3885=VERTEX_POINT('',#12587);
#3886=VERTEX_POINT('',#12591);
#3887=VERTEX_POINT('',#12593);
#3888=VERTEX_POINT('',#12597);
#3889=VERTEX_POINT('',#12599);
#3890=VERTEX_POINT('',#12603);
#3891=VERTEX_POINT('',#12605);
#3892=VERTEX_POINT('',#12609);
#3893=VERTEX_POINT('',#12611);
#3894=VERTEX_POINT('',#12615);
#3895=VERTEX_POINT('',#12617);
#3896=VERTEX_POINT('',#12621);
#3897=VERTEX_POINT('',#12623);
#3898=VERTEX_POINT('',#12627);
#3899=VERTEX_POINT('',#12629);
#3900=VERTEX_POINT('',#12633);
#3901=VERTEX_POINT('',#12635);
#3902=VERTEX_POINT('',#12643);
#3903=VERTEX_POINT('',#12644);
#3904=VERTEX_POINT('',#12646);
#3905=VERTEX_POINT('',#12648);
#3906=VERTEX_POINT('',#12654);
#3907=VERTEX_POINT('',#12655);
#3908=VERTEX_POINT('',#12657);
#3909=VERTEX_POINT('',#12659);
#3910=VERTEX_POINT('',#12663);
#3911=VERTEX_POINT('',#12665);
#3912=VERTEX_POINT('',#12669);
#3913=VERTEX_POINT('',#12671);
#3914=VERTEX_POINT('',#12675);
#3915=VERTEX_POINT('',#12677);
#3916=VERTEX_POINT('',#12681);
#3917=VERTEX_POINT('',#12683);
#3918=VERTEX_POINT('',#12687);
#3919=VERTEX_POINT('',#12689);
#3920=VERTEX_POINT('',#12704);
#3921=VERTEX_POINT('',#12705);
#3922=VERTEX_POINT('',#12710);
#3923=VERTEX_POINT('',#12712);
#3924=VERTEX_POINT('',#12719);
#3925=VERTEX_POINT('',#12721);
#3926=VERTEX_POINT('',#12725);
#3927=VERTEX_POINT('',#12727);
#3928=VERTEX_POINT('',#12738);
#3929=VERTEX_POINT('',#12743);
#3930=VERTEX_POINT('',#12757);
#3931=VERTEX_POINT('',#12762);
#3932=VERTEX_POINT('',#12776);
#3933=VERTEX_POINT('',#12781);
#3934=VERTEX_POINT('',#12795);
#3935=VERTEX_POINT('',#12800);
#3936=VERTEX_POINT('',#12807);
#3937=VERTEX_POINT('',#12809);
#3938=VERTEX_POINT('',#12820);
#3939=VERTEX_POINT('',#12825);
#3940=VERTEX_POINT('',#12839);
#3941=VERTEX_POINT('',#12844);
#3942=VERTEX_POINT('',#12858);
#3943=VERTEX_POINT('',#12863);
#3944=VERTEX_POINT('',#12877);
#3945=VERTEX_POINT('',#12882);
#3946=VERTEX_POINT('',#12896);
#3947=VERTEX_POINT('',#12901);
#3948=VERTEX_POINT('',#12908);
#3949=VERTEX_POINT('',#12910);
#3950=VERTEX_POINT('',#12914);
#3951=VERTEX_POINT('',#12916);
#3952=VERTEX_POINT('',#12927);
#3953=VERTEX_POINT('',#12932);
#3954=VERTEX_POINT('',#12946);
#3955=VERTEX_POINT('',#12951);
#3956=VERTEX_POINT('',#12965);
#3957=VERTEX_POINT('',#12970);
#3958=VERTEX_POINT('',#12984);
#3959=VERTEX_POINT('',#12989);
#3960=VERTEX_POINT('',#13003);
#3961=VERTEX_POINT('',#13008);
#3962=VERTEX_POINT('',#13015);
#3963=VERTEX_POINT('',#13017);
#3964=VERTEX_POINT('',#13021);
#3965=VERTEX_POINT('',#13023);
#3966=VERTEX_POINT('',#13027);
#3967=VERTEX_POINT('',#13029);
#3968=VERTEX_POINT('',#13040);
#3969=VERTEX_POINT('',#13045);
#3970=VERTEX_POINT('',#13059);
#3971=VERTEX_POINT('',#13064);
#3972=VERTEX_POINT('',#13078);
#3973=VERTEX_POINT('',#13083);
#3974=VERTEX_POINT('',#13114);
#3975=VERTEX_POINT('',#13115);
#3976=VERTEX_POINT('',#13120);
#3977=VERTEX_POINT('',#13122);
#3978=VERTEX_POINT('',#13136);
#3979=VERTEX_POINT('',#13141);
#3980=VERTEX_POINT('',#13155);
#3981=VERTEX_POINT('',#13160);
#3982=VERTEX_POINT('',#13174);
#3983=VERTEX_POINT('',#13179);
#3984=VERTEX_POINT('',#13186);
#3985=VERTEX_POINT('',#13188);
#3986=VERTEX_POINT('',#13192);
#3987=VERTEX_POINT('',#13194);
#3988=VERTEX_POINT('',#13198);
#3989=VERTEX_POINT('',#13200);
#3990=VERTEX_POINT('',#13211);
#3991=VERTEX_POINT('',#13216);
#3992=VERTEX_POINT('',#13230);
#3993=VERTEX_POINT('',#13235);
#3994=VERTEX_POINT('',#13249);
#3995=VERTEX_POINT('',#13254);
#3996=VERTEX_POINT('',#13261);
#3997=VERTEX_POINT('',#13263);
#3998=VERTEX_POINT('',#13267);
#3999=VERTEX_POINT('',#13269);
#4000=VERTEX_POINT('',#13273);
#4001=VERTEX_POINT('',#13275);
#4002=VERTEX_POINT('',#13279);
#4003=VERTEX_POINT('',#13281);
#4004=VERTEX_POINT('',#13285);
#4005=VERTEX_POINT('',#13287);
#4006=VERTEX_POINT('',#13298);
#4007=VERTEX_POINT('',#13303);
#4008=VERTEX_POINT('',#13317);
#4009=VERTEX_POINT('',#13322);
#4010=VERTEX_POINT('',#13336);
#4011=VERTEX_POINT('',#13341);
#4012=VERTEX_POINT('',#13355);
#4013=VERTEX_POINT('',#13360);
#4014=VERTEX_POINT('',#13374);
#4015=VERTEX_POINT('',#13379);
#4016=VERTEX_POINT('',#13386);
#4017=VERTEX_POINT('',#13388);
#4018=VERTEX_POINT('',#13392);
#4019=VERTEX_POINT('',#13394);
#4020=VERTEX_POINT('',#13409);
#4021=VERTEX_POINT('',#13410);
#4022=VERTEX_POINT('',#13415);
#4023=VERTEX_POINT('',#13417);
#4024=VERTEX_POINT('',#13431);
#4025=VERTEX_POINT('',#13436);
#4026=VERTEX_POINT('',#13450);
#4027=VERTEX_POINT('',#13455);
#4028=VERTEX_POINT('',#13469);
#4029=VERTEX_POINT('',#13474);
#4030=VERTEX_POINT('',#13488);
#4031=VERTEX_POINT('',#13493);
#4032=VERTEX_POINT('',#13507);
#4033=VERTEX_POINT('',#13512);
#4034=VERTEX_POINT('',#13526);
#4035=VERTEX_POINT('',#13531);
#4036=VERTEX_POINT('',#13561);
#4037=VERTEX_POINT('',#13562);
#4038=VERTEX_POINT('',#13567);
#4039=VERTEX_POINT('',#13569);
#4040=VERTEX_POINT('',#13583);
#4041=VERTEX_POINT('',#13588);
#4042=VERTEX_POINT('',#13602);
#4043=VERTEX_POINT('',#13607);
#4044=VERTEX_POINT('',#13638);
#4045=VERTEX_POINT('',#13639);
#4046=VERTEX_POINT('',#13644);
#4047=VERTEX_POINT('',#13646);
#4048=VERTEX_POINT('',#13660);
#4049=VERTEX_POINT('',#13665);
#4050=VERTEX_POINT('',#13679);
#4051=VERTEX_POINT('',#13684);
#4052=VERTEX_POINT('',#13698);
#4053=VERTEX_POINT('',#13703);
#4054=VERTEX_POINT('',#13717);
#4055=VERTEX_POINT('',#13722);
#4056=VERTEX_POINT('',#13736);
#4057=VERTEX_POINT('',#13741);
#4058=VERTEX_POINT('',#13755);
#4059=VERTEX_POINT('',#13760);
#4060=VERTEX_POINT('',#13790);
#4061=VERTEX_POINT('',#13791);
#4062=VERTEX_POINT('',#13796);
#4063=VERTEX_POINT('',#13798);
#4064=VERTEX_POINT('',#13812);
#4065=VERTEX_POINT('',#13817);
#4066=VERTEX_POINT('',#13831);
#4067=VERTEX_POINT('',#13836);
#4068=VERTEX_POINT('',#13860);
#4069=VERTEX_POINT('',#13861);
#4070=VERTEX_POINT('',#13863);
#4071=VERTEX_POINT('',#13865);
#4072=VERTEX_POINT('',#13869);
#4073=VERTEX_POINT('',#13871);
#4074=VERTEX_POINT('',#13875);
#4075=VERTEX_POINT('',#13877);
#4076=VERTEX_POINT('',#13881);
#4077=VERTEX_POINT('',#13883);
#4078=VERTEX_POINT('',#13887);
#4079=VERTEX_POINT('',#13889);
#4080=VERTEX_POINT('',#13900);
#4081=VERTEX_POINT('',#13905);
#4082=VERTEX_POINT('',#13912);
#4083=VERTEX_POINT('',#13914);
#4084=VERTEX_POINT('',#13918);
#4085=VERTEX_POINT('',#13920);
#4086=VERTEX_POINT('',#13924);
#4087=VERTEX_POINT('',#13926);
#4088=VERTEX_POINT('',#13930);
#4089=VERTEX_POINT('',#13932);
#4090=VERTEX_POINT('',#13947);
#4091=VERTEX_POINT('',#13948);
#4092=VERTEX_POINT('',#13953);
#4093=VERTEX_POINT('',#13955);
#4094=VERTEX_POINT('',#13969);
#4095=VERTEX_POINT('',#13974);
#4096=VERTEX_POINT('',#13981);
#4097=VERTEX_POINT('',#13983);
#4098=VERTEX_POINT('',#13987);
#4099=VERTEX_POINT('',#13989);
#4100=VERTEX_POINT('',#14000);
#4101=VERTEX_POINT('',#14005);
#4102=VERTEX_POINT('',#14019);
#4103=VERTEX_POINT('',#14024);
#4104=VERTEX_POINT('',#14038);
#4105=VERTEX_POINT('',#14043);
#4106=VERTEX_POINT('',#14057);
#4107=VERTEX_POINT('',#14062);
#4108=VERTEX_POINT('',#14076);
#4109=VERTEX_POINT('',#14081);
#4110=VERTEX_POINT('',#14095);
#4111=VERTEX_POINT('',#14100);
#4112=VERTEX_POINT('',#14114);
#4113=VERTEX_POINT('',#14119);
#4114=VERTEX_POINT('',#14126);
#4115=VERTEX_POINT('',#14128);
#4116=VERTEX_POINT('',#14132);
#4117=VERTEX_POINT('',#14134);
#4118=VERTEX_POINT('',#14138);
#4119=VERTEX_POINT('',#14140);
#4120=VERTEX_POINT('',#14144);
#4121=VERTEX_POINT('',#14146);
#4122=VERTEX_POINT('',#14150);
#4123=VERTEX_POINT('',#14152);
#4124=VERTEX_POINT('',#14163);
#4125=VERTEX_POINT('',#14168);
#4126=VERTEX_POINT('',#14182);
#4127=VERTEX_POINT('',#14187);
#4128=VERTEX_POINT('',#14201);
#4129=VERTEX_POINT('',#14206);
#4130=VERTEX_POINT('',#14230);
#4131=VERTEX_POINT('',#14231);
#4132=VERTEX_POINT('',#14233);
#4133=VERTEX_POINT('',#14235);
#4134=VERTEX_POINT('',#14239);
#4135=VERTEX_POINT('',#14241);
#4136=VERTEX_POINT('',#14248);
#4137=VERTEX_POINT('',#14249);
#4138=VERTEX_POINT('',#14251);
#4139=VERTEX_POINT('',#14253);
#4140=VERTEX_POINT('',#14257);
#4141=VERTEX_POINT('',#14259);
#4142=VERTEX_POINT('',#14263);
#4143=VERTEX_POINT('',#14265);
#4144=VERTEX_POINT('',#14269);
#4145=VERTEX_POINT('',#14271);
#4146=VERTEX_POINT('',#14275);
#4147=VERTEX_POINT('',#14277);
#4148=VERTEX_POINT('',#14281);
#4149=VERTEX_POINT('',#14283);
#4150=VERTEX_POINT('',#14287);
#4151=VERTEX_POINT('',#14289);
#4152=VERTEX_POINT('',#14293);
#4153=VERTEX_POINT('',#14295);
#4154=VERTEX_POINT('',#14299);
#4155=VERTEX_POINT('',#14301);
#4156=VERTEX_POINT('',#14305);
#4157=VERTEX_POINT('',#14307);
#4158=VERTEX_POINT('',#14315);
#4159=VERTEX_POINT('',#14316);
#4160=VERTEX_POINT('',#14318);
#4161=VERTEX_POINT('',#14320);
#4162=VERTEX_POINT('',#14324);
#4163=VERTEX_POINT('',#14326);
#4164=VERTEX_POINT('',#14330);
#4165=VERTEX_POINT('',#14332);
#4166=VERTEX_POINT('',#14347);
#4167=VERTEX_POINT('',#14348);
#4168=VERTEX_POINT('',#14353);
#4169=VERTEX_POINT('',#14355);
#4170=VERTEX_POINT('',#14369);
#4171=VERTEX_POINT('',#14374);
#4172=VERTEX_POINT('',#14381);
#4173=VERTEX_POINT('',#14383);
#4174=VERTEX_POINT('',#14387);
#4175=VERTEX_POINT('',#14389);
#4176=VERTEX_POINT('',#14393);
#4177=VERTEX_POINT('',#14395);
#4178=VERTEX_POINT('',#14406);
#4179=VERTEX_POINT('',#14411);
#4180=VERTEX_POINT('',#14441);
#4181=VERTEX_POINT('',#14442);
#4182=VERTEX_POINT('',#14447);
#4183=VERTEX_POINT('',#14449);
#4184=VERTEX_POINT('',#14456);
#4185=VERTEX_POINT('',#14458);
#4186=VERTEX_POINT('',#14462);
#4187=VERTEX_POINT('',#14464);
#4188=VERTEX_POINT('',#14468);
#4189=VERTEX_POINT('',#14470);
#4190=VERTEX_POINT('',#14474);
#4191=VERTEX_POINT('',#14476);
#4192=VERTEX_POINT('',#14480);
#4193=VERTEX_POINT('',#14482);
#4194=VERTEX_POINT('',#14493);
#4195=VERTEX_POINT('',#14498);
#4196=VERTEX_POINT('',#14512);
#4197=VERTEX_POINT('',#14517);
#4198=VERTEX_POINT('',#14541);
#4199=VERTEX_POINT('',#14542);
#4200=VERTEX_POINT('',#14544);
#4201=VERTEX_POINT('',#14546);
#4202=VERTEX_POINT('',#14550);
#4203=VERTEX_POINT('',#14552);
#4204=VERTEX_POINT('',#14556);
#4205=VERTEX_POINT('',#14558);
#4206=VERTEX_POINT('',#14566);
#4207=VERTEX_POINT('',#14567);
#4208=VERTEX_POINT('',#14569);
#4209=VERTEX_POINT('',#14571);
#4210=VERTEX_POINT('',#14575);
#4211=VERTEX_POINT('',#14577);
#4212=VERTEX_POINT('',#14581);
#4213=VERTEX_POINT('',#14583);
#4214=VERTEX_POINT('',#14587);
#4215=VERTEX_POINT('',#14589);
#4216=VERTEX_POINT('',#14593);
#4217=VERTEX_POINT('',#14595);
#4218=VERTEX_POINT('',#14610);
#4219=VERTEX_POINT('',#14611);
#4220=VERTEX_POINT('',#14616);
#4221=VERTEX_POINT('',#14618);
#4222=VERTEX_POINT('',#14632);
#4223=VERTEX_POINT('',#14637);
#4224=VERTEX_POINT('',#14651);
#4225=VERTEX_POINT('',#14656);
#4226=VERTEX_POINT('',#14670);
#4227=VERTEX_POINT('',#14675);
#4228=VERTEX_POINT('',#14689);
#4229=VERTEX_POINT('',#14694);
#4230=VERTEX_POINT('',#14708);
#4231=VERTEX_POINT('',#14713);
#4232=VERTEX_POINT('',#14743);
#4233=VERTEX_POINT('',#14744);
#4234=VERTEX_POINT('',#14749);
#4235=VERTEX_POINT('',#14751);
#4236=VERTEX_POINT('',#14765);
#4237=VERTEX_POINT('',#14770);
#4238=VERTEX_POINT('',#14784);
#4239=VERTEX_POINT('',#14789);
#4240=VERTEX_POINT('',#14803);
#4241=VERTEX_POINT('',#14808);
#4242=VERTEX_POINT('',#14822);
#4243=VERTEX_POINT('',#14827);
#4244=VERTEX_POINT('',#14841);
#4245=VERTEX_POINT('',#14846);
#4246=VERTEX_POINT('',#14853);
#4247=VERTEX_POINT('',#14855);
#4248=VERTEX_POINT('',#14859);
#4249=VERTEX_POINT('',#14861);
#4250=VERTEX_POINT('',#14872);
#4251=VERTEX_POINT('',#14877);
#4252=VERTEX_POINT('',#14891);
#4253=VERTEX_POINT('',#14896);
#4254=VERTEX_POINT('',#14910);
#4255=VERTEX_POINT('',#14915);
#4256=VERTEX_POINT('',#14929);
#4257=VERTEX_POINT('',#14934);
#4258=VERTEX_POINT('',#14948);
#4259=VERTEX_POINT('',#14953);
#4260=VERTEX_POINT('',#14984);
#4261=VERTEX_POINT('',#14985);
#4262=VERTEX_POINT('',#14990);
#4263=VERTEX_POINT('',#14992);
#4264=VERTEX_POINT('',#15006);
#4265=VERTEX_POINT('',#15011);
#4266=VERTEX_POINT('',#15025);
#4267=VERTEX_POINT('',#15030);
#4268=VERTEX_POINT('',#15044);
#4269=VERTEX_POINT('',#15049);
#4270=VERTEX_POINT('',#15063);
#4271=VERTEX_POINT('',#15068);
#4272=VERTEX_POINT('',#15082);
#4273=VERTEX_POINT('',#15087);
#4274=VERTEX_POINT('',#15101);
#4275=VERTEX_POINT('',#15106);
#4276=VERTEX_POINT('',#15136);
#4277=VERTEX_POINT('',#15137);
#4278=VERTEX_POINT('',#15142);
#4279=VERTEX_POINT('',#15144);
#4280=VERTEX_POINT('',#15158);
#4281=VERTEX_POINT('',#15163);
#4282=VERTEX_POINT('',#15177);
#4283=VERTEX_POINT('',#15182);
#4284=VERTEX_POINT('',#15213);
#4285=VERTEX_POINT('',#15214);
#4286=VERTEX_POINT('',#15219);
#4287=VERTEX_POINT('',#15221);
#4288=VERTEX_POINT('',#15228);
#4289=VERTEX_POINT('',#15230);
#4290=VERTEX_POINT('',#15234);
#4291=VERTEX_POINT('',#15236);
#4292=VERTEX_POINT('',#15247);
#4293=VERTEX_POINT('',#15252);
#4294=VERTEX_POINT('',#15266);
#4295=VERTEX_POINT('',#15271);
#4296=VERTEX_POINT('',#15285);
#4297=VERTEX_POINT('',#15290);
#4298=VERTEX_POINT('',#15304);
#4299=VERTEX_POINT('',#15309);
#4300=VERTEX_POINT('',#15316);
#4301=VERTEX_POINT('',#15318);
#4302=VERTEX_POINT('',#15329);
#4303=VERTEX_POINT('',#15334);
#4304=VERTEX_POINT('',#15348);
#4305=VERTEX_POINT('',#15353);
#4306=VERTEX_POINT('',#15367);
#4307=VERTEX_POINT('',#15372);
#4308=VERTEX_POINT('',#15386);
#4309=VERTEX_POINT('',#15391);
#4310=VERTEX_POINT('',#15405);
#4311=VERTEX_POINT('',#15410);
#4312=VERTEX_POINT('',#15417);
#4313=VERTEX_POINT('',#15419);
#4314=VERTEX_POINT('',#15423);
#4315=VERTEX_POINT('',#15425);
#4316=VERTEX_POINT('',#15436);
#4317=VERTEX_POINT('',#15441);
#4318=VERTEX_POINT('',#15455);
#4319=VERTEX_POINT('',#15460);
#4320=VERTEX_POINT('',#15474);
#4321=VERTEX_POINT('',#15479);
#4322=VERTEX_POINT('',#15493);
#4323=VERTEX_POINT('',#15498);
#4324=VERTEX_POINT('',#15512);
#4325=VERTEX_POINT('',#15517);
#4326=VERTEX_POINT('',#15524);
#4327=VERTEX_POINT('',#15526);
#4328=VERTEX_POINT('',#15530);
#4329=VERTEX_POINT('',#15532);
#4330=VERTEX_POINT('',#15536);
#4331=VERTEX_POINT('',#15538);
#4332=VERTEX_POINT('',#15549);
#4333=VERTEX_POINT('',#15554);
#4334=VERTEX_POINT('',#15568);
#4335=VERTEX_POINT('',#15573);
#4336=VERTEX_POINT('',#15587);
#4337=VERTEX_POINT('',#15592);
#4338=VERTEX_POINT('',#15623);
#4339=VERTEX_POINT('',#15624);
#4340=VERTEX_POINT('',#15629);
#4341=VERTEX_POINT('',#15631);
#4342=VERTEX_POINT('',#15645);
#4343=VERTEX_POINT('',#15650);
#4344=VERTEX_POINT('',#15664);
#4345=VERTEX_POINT('',#15669);
#4346=VERTEX_POINT('',#15683);
#4347=VERTEX_POINT('',#15688);
#4348=VERTEX_POINT('',#15702);
#4349=VERTEX_POINT('',#15707);
#4350=VERTEX_POINT('',#15721);
#4351=VERTEX_POINT('',#15726);
#4352=VERTEX_POINT('',#15740);
#4353=VERTEX_POINT('',#15745);
#4354=VERTEX_POINT('',#15775);
#4355=VERTEX_POINT('',#15776);
#4356=VERTEX_POINT('',#15781);
#4357=VERTEX_POINT('',#15783);
#4358=VERTEX_POINT('',#15797);
#4359=VERTEX_POINT('',#15802);
#4360=VERTEX_POINT('',#15816);
#4361=VERTEX_POINT('',#15821);
#4362=VERTEX_POINT('',#15845);
#4363=VERTEX_POINT('',#15846);
#4364=VERTEX_POINT('',#15848);
#4365=VERTEX_POINT('',#15850);
#4366=VERTEX_POINT('',#15854);
#4367=VERTEX_POINT('',#15856);
#4368=VERTEX_POINT('',#15860);
#4369=VERTEX_POINT('',#15862);
#4370=VERTEX_POINT('',#15866);
#4371=VERTEX_POINT('',#15868);
#4372=VERTEX_POINT('',#15872);
#4373=VERTEX_POINT('',#15874);
#4374=VERTEX_POINT('',#15878);
#4375=VERTEX_POINT('',#15880);
#4376=VERTEX_POINT('',#15884);
#4377=VERTEX_POINT('',#15886);
#4378=VERTEX_POINT('',#15890);
#4379=VERTEX_POINT('',#15892);
#4380=VERTEX_POINT('',#15896);
#4381=VERTEX_POINT('',#15898);
#4382=VERTEX_POINT('',#15902);
#4383=VERTEX_POINT('',#15904);
#4384=VERTEX_POINT('',#15908);
#4385=VERTEX_POINT('',#15910);
#4386=VERTEX_POINT('',#15918);
#4387=VERTEX_POINT('',#15919);
#4388=VERTEX_POINT('',#15921);
#4389=VERTEX_POINT('',#15923);
#4390=VERTEX_POINT('',#15934);
#4391=VERTEX_POINT('',#15939);
#4392=VERTEX_POINT('',#15953);
#4393=VERTEX_POINT('',#15958);
#4394=VERTEX_POINT('',#15972);
#4395=VERTEX_POINT('',#15977);
#4396=VERTEX_POINT('',#15991);
#4397=VERTEX_POINT('',#15996);
#4398=VERTEX_POINT('',#16010);
#4399=VERTEX_POINT('',#16015);
#4400=VERTEX_POINT('',#16029);
#4401=VERTEX_POINT('',#16034);
#4402=VERTEX_POINT('',#16041);
#4403=VERTEX_POINT('',#16043);
#4404=VERTEX_POINT('',#16047);
#4405=VERTEX_POINT('',#16049);
#4406=VERTEX_POINT('',#16060);
#4407=VERTEX_POINT('',#16065);
#4408=VERTEX_POINT('',#16079);
#4409=VERTEX_POINT('',#16084);
#4410=VERTEX_POINT('',#16098);
#4411=VERTEX_POINT('',#16103);
#4412=VERTEX_POINT('',#16117);
#4413=VERTEX_POINT('',#16122);
#4414=VERTEX_POINT('',#16136);
#4415=VERTEX_POINT('',#16141);
#4416=VERTEX_POINT('',#16148);
#4417=VERTEX_POINT('',#16150);
#4418=VERTEX_POINT('',#16154);
#4419=VERTEX_POINT('',#16156);
#4420=VERTEX_POINT('',#16164);
#4421=VERTEX_POINT('',#16165);
#4422=VERTEX_POINT('',#16167);
#4423=VERTEX_POINT('',#16169);
#4424=VERTEX_POINT('',#16173);
#4425=VERTEX_POINT('',#16175);
#4426=VERTEX_POINT('',#16182);
#4427=VERTEX_POINT('',#16183);
#4428=VERTEX_POINT('',#16185);
#4429=VERTEX_POINT('',#16187);
#4430=VERTEX_POINT('',#16191);
#4431=VERTEX_POINT('',#16193);
#4432=VERTEX_POINT('',#16197);
#4433=VERTEX_POINT('',#16199);
#4434=VERTEX_POINT('',#16203);
#4435=VERTEX_POINT('',#16205);
#4436=VERTEX_POINT('',#16209);
#4437=VERTEX_POINT('',#16211);
#4438=VERTEX_POINT('',#16215);
#4439=VERTEX_POINT('',#16217);
#4440=VERTEX_POINT('',#16221);
#4441=VERTEX_POINT('',#16223);
#4442=VERTEX_POINT('',#16231);
#4443=VERTEX_POINT('',#16232);
#4444=VERTEX_POINT('',#16234);
#4445=VERTEX_POINT('',#16236);
#4446=VERTEX_POINT('',#16240);
#4447=VERTEX_POINT('',#16242);
#4448=VERTEX_POINT('',#16246);
#4449=VERTEX_POINT('',#16248);
#4450=VERTEX_POINT('',#16252);
#4451=VERTEX_POINT('',#16254);
#4452=VERTEX_POINT('',#16258);
#4453=VERTEX_POINT('',#16260);
#4454=VERTEX_POINT('',#16264);
#4455=VERTEX_POINT('',#16266);
#4456=VERTEX_POINT('',#16270);
#4457=VERTEX_POINT('',#16272);
#4458=VERTEX_POINT('',#16276);
#4459=VERTEX_POINT('',#16278);
#4460=VERTEX_POINT('',#16282);
#4461=VERTEX_POINT('',#16284);
#4462=VERTEX_POINT('',#16288);
#4463=VERTEX_POINT('',#16290);
#4464=VERTEX_POINT('',#16294);
#4465=VERTEX_POINT('',#16296);
#4466=VERTEX_POINT('',#16304);
#4467=VERTEX_POINT('',#16305);
#4468=VERTEX_POINT('',#16307);
#4469=VERTEX_POINT('',#16309);
#4470=VERTEX_POINT('',#16313);
#4471=VERTEX_POINT('',#16315);
#4472=VERTEX_POINT('',#16319);
#4473=VERTEX_POINT('',#16321);
#4474=VERTEX_POINT('',#16329);
#4475=VERTEX_POINT('',#16330);
#4476=VERTEX_POINT('',#16332);
#4477=VERTEX_POINT('',#16334);
#4478=VERTEX_POINT('',#16338);
#4479=VERTEX_POINT('',#16340);
#4480=VERTEX_POINT('',#16344);
#4481=VERTEX_POINT('',#16346);
#4482=VERTEX_POINT('',#16350);
#4483=VERTEX_POINT('',#16352);
#4484=VERTEX_POINT('',#16356);
#4485=VERTEX_POINT('',#16358);
#4486=VERTEX_POINT('',#16362);
#4487=VERTEX_POINT('',#16364);
#4488=VERTEX_POINT('',#16372);
#4489=VERTEX_POINT('',#16373);
#4490=VERTEX_POINT('',#16375);
#4491=VERTEX_POINT('',#16377);
#4492=VERTEX_POINT('',#16388);
#4493=VERTEX_POINT('',#16389);
#4494=VERTEX_POINT('',#16415);
#4495=VERTEX_POINT('',#16417);
#4496=VERTEX_POINT('',#16445);
#4497=VERTEX_POINT('',#16446);
#4498=VERTEX_POINT('',#16475);
#4499=VERTEX_POINT('',#16476);
#4500=VERTEX_POINT('',#16513);
#4501=VERTEX_POINT('',#16514);
#4502=VERTEX_POINT('',#16516);
#4503=VERTEX_POINT('',#16518);
#4504=VERTEX_POINT('',#16526);
#4505=VERTEX_POINT('',#16527);
#4506=VERTEX_POINT('',#16532);
#4507=VERTEX_POINT('',#16533);
#4508=VERTEX_POINT('',#16540);
#4509=VERTEX_POINT('',#16541);
#4510=VERTEX_POINT('',#16543);
#4511=VERTEX_POINT('',#16550);
#4512=VERTEX_POINT('',#16555);
#4513=VERTEX_POINT('',#16556);
#4514=VERTEX_POINT('',#16558);
#4515=VERTEX_POINT('',#16565);
#4516=VERTEX_POINT('',#16571);
#4517=VERTEX_POINT('',#16573);
#4518=VERTEX_POINT('',#16582);
#4519=VERTEX_POINT('',#16583);
#4520=EDGE_CURVE('',#3642,#3643,#3218,.T.);
#4521=EDGE_CURVE('',#3642,#3644,#1464,.T.);
#4522=EDGE_CURVE('',#3645,#3644,#3219,.T.);
#4523=EDGE_CURVE('',#3643,#3645,#1465,.T.);
#4524=EDGE_CURVE('',#3646,#3642,#3220,.T.);
#4525=EDGE_CURVE('',#3646,#3647,#1466,.T.);
#4526=EDGE_CURVE('',#3644,#3647,#3221,.T.);
#4527=EDGE_CURVE('',#3648,#3646,#3222,.T.);
#4528=EDGE_CURVE('',#3648,#3649,#1467,.T.);
#4529=EDGE_CURVE('',#3647,#3649,#3223,.T.);
#4530=EDGE_CURVE('',#3650,#3648,#3224,.T.);
#4531=EDGE_CURVE('',#3650,#3651,#1468,.T.);
#4532=EDGE_CURVE('',#3649,#3651,#3225,.T.);
#4533=EDGE_CURVE('',#3643,#3650,#1469,.T.);
#4534=EDGE_CURVE('',#3651,#3645,#1470,.T.);
#4535=EDGE_CURVE('',#3652,#3653,#1471,.T.);
#4536=EDGE_CURVE('',#3652,#3654,#1472,.T.);
#4537=EDGE_CURVE('',#3655,#3654,#1473,.T.);
#4538=EDGE_CURVE('',#3653,#3655,#1474,.T.);
#4539=EDGE_CURVE('',#3653,#3656,#3226,.T.);
#4540=EDGE_CURVE('',#3657,#3655,#3227,.T.);
#4541=EDGE_CURVE('',#3656,#3657,#1475,.T.);
#4542=EDGE_CURVE('',#3656,#3658,#3228,.T.);
#4543=EDGE_CURVE('',#3659,#3657,#3229,.T.);
#4544=EDGE_CURVE('',#3658,#3659,#1476,.T.);
#4545=EDGE_CURVE('',#3658,#3660,#3230,.T.);
#4546=EDGE_CURVE('',#3661,#3659,#3231,.T.);
#4547=EDGE_CURVE('',#3660,#3661,#1477,.T.);
#4548=EDGE_CURVE('',#3660,#3662,#3232,.T.);
#4549=EDGE_CURVE('',#3663,#3661,#3233,.T.);
#4550=EDGE_CURVE('',#3662,#3663,#1478,.T.);
#4551=EDGE_CURVE('',#3662,#3664,#3234,.T.);
#4552=EDGE_CURVE('',#3665,#3663,#3235,.T.);
#4553=EDGE_CURVE('',#3664,#3665,#1479,.T.);
#4554=EDGE_CURVE('',#3664,#3666,#3236,.T.);
#4555=EDGE_CURVE('',#3667,#3665,#3237,.T.);
#4556=EDGE_CURVE('',#3666,#3667,#1480,.T.);
#4557=EDGE_CURVE('',#3666,#3668,#3238,.T.);
#4558=EDGE_CURVE('',#3669,#3667,#3239,.T.);
#4559=EDGE_CURVE('',#3668,#3669,#1481,.T.);
#4560=EDGE_CURVE('',#3668,#3670,#1482,.T.);
#4561=EDGE_CURVE('',#3671,#3669,#1483,.T.);
#4562=EDGE_CURVE('',#3670,#3671,#1484,.T.);
#4563=EDGE_CURVE('',#3670,#3672,#1485,.T.);
#4564=EDGE_CURVE('',#3673,#3671,#1486,.T.);
#4565=EDGE_CURVE('',#3672,#3673,#1487,.T.);
#4566=EDGE_CURVE('',#3672,#3674,#1488,.T.);
#4567=EDGE_CURVE('',#3675,#3673,#1489,.T.);
#4568=EDGE_CURVE('',#3674,#3675,#1490,.T.);
#4569=EDGE_CURVE('',#3674,#3652,#1491,.T.);
#4570=EDGE_CURVE('',#3654,#3675,#1492,.T.);
#4571=EDGE_CURVE('',#3676,#3677,#1493,.T.);
#4572=EDGE_CURVE('',#3676,#3678,#1494,.T.);
#4573=EDGE_CURVE('',#3679,#3678,#1495,.T.);
#4574=EDGE_CURVE('',#3677,#3679,#1496,.T.);
#4575=EDGE_CURVE('',#3677,#3680,#3240,.T.);
#4576=EDGE_CURVE('',#3681,#3679,#3241,.T.);
#4577=EDGE_CURVE('',#3680,#3681,#1497,.T.);
#4578=EDGE_CURVE('',#3680,#3682,#3242,.T.);
#4579=EDGE_CURVE('',#3683,#3681,#3243,.T.);
#4580=EDGE_CURVE('',#3682,#3683,#1498,.T.);
#4581=EDGE_CURVE('',#3682,#3684,#3244,.T.);
#4582=EDGE_CURVE('',#3685,#3683,#3245,.T.);
#4583=EDGE_CURVE('',#3684,#3685,#1499,.T.);
#4584=EDGE_CURVE('',#3684,#3686,#3246,.T.);
#4585=EDGE_CURVE('',#3687,#3685,#3247,.T.);
#4586=EDGE_CURVE('',#3686,#3687,#1500,.T.);
#4587=EDGE_CURVE('',#3686,#3688,#3248,.T.);
#4588=EDGE_CURVE('',#3689,#3687,#3249,.T.);
#4589=EDGE_CURVE('',#3688,#3689,#1501,.T.);
#4590=EDGE_CURVE('',#3688,#3690,#3250,.T.);
#4591=EDGE_CURVE('',#3691,#3689,#3251,.T.);
#4592=EDGE_CURVE('',#3690,#3691,#1502,.T.);
#4593=EDGE_CURVE('',#3690,#3692,#1503,.T.);
#4594=EDGE_CURVE('',#3693,#3691,#1504,.T.);
#4595=EDGE_CURVE('',#3692,#3693,#1505,.T.);
#4596=EDGE_CURVE('',#3692,#3694,#1506,.T.);
#4597=EDGE_CURVE('',#3695,#3693,#1507,.T.);
#4598=EDGE_CURVE('',#3694,#3695,#1508,.T.);
#4599=EDGE_CURVE('',#3694,#3696,#3252,.T.);
#4600=EDGE_CURVE('',#3697,#3695,#3253,.T.);
#4601=EDGE_CURVE('',#3696,#3697,#1509,.T.);
#4602=EDGE_CURVE('',#3696,#3698,#3254,.T.);
#4603=EDGE_CURVE('',#3699,#3697,#3255,.T.);
#4604=EDGE_CURVE('',#3698,#3699,#1510,.T.);
#4605=EDGE_CURVE('',#3698,#3700,#3256,.T.);
#4606=EDGE_CURVE('',#3701,#3699,#3257,.T.);
#4607=EDGE_CURVE('',#3700,#3701,#1511,.T.);
#4608=EDGE_CURVE('',#3700,#3702,#3258,.T.);
#4609=EDGE_CURVE('',#3703,#3701,#3259,.T.);
#4610=EDGE_CURVE('',#3702,#3703,#1512,.T.);
#4611=EDGE_CURVE('',#3702,#3704,#3260,.T.);
#4612=EDGE_CURVE('',#3705,#3703,#3261,.T.);
#4613=EDGE_CURVE('',#3704,#3705,#1513,.T.);
#4614=EDGE_CURVE('',#3704,#3706,#1514,.T.);
#4615=EDGE_CURVE('',#3707,#3705,#1515,.T.);
#4616=EDGE_CURVE('',#3706,#3707,#1516,.T.);
#4617=EDGE_CURVE('',#3706,#3708,#1517,.T.);
#4618=EDGE_CURVE('',#3709,#3707,#1518,.T.);
#4619=EDGE_CURVE('',#3708,#3709,#1519,.T.);
#4620=EDGE_CURVE('',#3708,#3676,#1520,.T.);
#4621=EDGE_CURVE('',#3678,#3709,#1521,.T.);
#4622=EDGE_CURVE('',#3710,#3711,#1522,.T.);
#4623=EDGE_CURVE('',#3710,#3712,#1523,.T.);
#4624=EDGE_CURVE('',#3713,#3712,#1524,.T.);
#4625=EDGE_CURVE('',#3711,#3713,#1525,.T.);
#4626=EDGE_CURVE('',#3711,#3714,#1526,.T.);
#4627=EDGE_CURVE('',#3715,#3713,#1527,.T.);
#4628=EDGE_CURVE('',#3714,#3715,#1528,.T.);
#4629=EDGE_CURVE('',#3714,#3716,#1529,.T.);
#4630=EDGE_CURVE('',#3717,#3715,#1530,.T.);
#4631=EDGE_CURVE('',#3716,#3717,#1531,.T.);
#4632=EDGE_CURVE('',#3716,#3718,#1532,.T.);
#4633=EDGE_CURVE('',#3719,#3717,#1533,.T.);
#4634=EDGE_CURVE('',#3718,#3719,#1534,.T.);
#4635=EDGE_CURVE('',#3718,#3720,#1535,.T.);
#4636=EDGE_CURVE('',#3721,#3719,#1536,.T.);
#4637=EDGE_CURVE('',#3720,#3721,#1537,.T.);
#4638=EDGE_CURVE('',#3720,#3722,#1538,.T.);
#4639=EDGE_CURVE('',#3723,#3721,#1539,.T.);
#4640=EDGE_CURVE('',#3722,#3723,#1540,.T.);
#4641=EDGE_CURVE('',#3722,#3724,#1541,.T.);
#4642=EDGE_CURVE('',#3725,#3723,#1542,.T.);
#4643=EDGE_CURVE('',#3724,#3725,#1543,.T.);
#4644=EDGE_CURVE('',#3724,#3726,#1544,.T.);
#4645=EDGE_CURVE('',#3727,#3725,#1545,.T.);
#4646=EDGE_CURVE('',#3726,#3727,#1546,.T.);
#4647=EDGE_CURVE('',#3726,#3728,#1547,.T.);
#4648=EDGE_CURVE('',#3729,#3727,#1548,.T.);
#4649=EDGE_CURVE('',#3728,#3729,#1549,.T.);
#4650=EDGE_CURVE('',#3728,#3730,#1550,.T.);
#4651=EDGE_CURVE('',#3731,#3729,#1551,.T.);
#4652=EDGE_CURVE('',#3730,#3731,#1552,.T.);
#4653=EDGE_CURVE('',#3730,#3732,#1553,.T.);
#4654=EDGE_CURVE('',#3733,#3731,#1554,.T.);
#4655=EDGE_CURVE('',#3732,#3733,#1555,.T.);
#4656=EDGE_CURVE('',#3732,#3734,#3262,.T.);
#4657=EDGE_CURVE('',#3735,#3733,#3263,.T.);
#4658=EDGE_CURVE('',#3734,#3735,#1556,.T.);
#4659=EDGE_CURVE('',#3734,#3736,#3264,.T.);
#4660=EDGE_CURVE('',#3737,#3735,#3265,.T.);
#4661=EDGE_CURVE('',#3736,#3737,#1557,.T.);
#4662=EDGE_CURVE('',#3736,#3738,#3266,.T.);
#4663=EDGE_CURVE('',#3739,#3737,#3267,.T.);
#4664=EDGE_CURVE('',#3738,#3739,#1558,.T.);
#4665=EDGE_CURVE('',#3738,#3740,#1559,.T.);
#4666=EDGE_CURVE('',#3741,#3739,#1560,.T.);
#4667=EDGE_CURVE('',#3740,#3741,#1561,.T.);
#4668=EDGE_CURVE('',#3740,#3742,#1562,.T.);
#4669=EDGE_CURVE('',#3743,#3741,#1563,.T.);
#4670=EDGE_CURVE('',#3742,#3743,#1564,.T.);
#4671=EDGE_CURVE('',#3742,#3744,#3268,.T.);
#4672=EDGE_CURVE('',#3745,#3743,#3269,.T.);
#4673=EDGE_CURVE('',#3744,#3745,#1565,.T.);
#4674=EDGE_CURVE('',#3744,#3710,#3270,.T.);
#4675=EDGE_CURVE('',#3712,#3745,#3271,.T.);
#4676=EDGE_CURVE('',#3746,#3747,#3272,.T.);
#4677=EDGE_CURVE('',#3746,#3748,#1566,.T.);
#4678=EDGE_CURVE('',#3749,#3748,#3273,.T.);
#4679=EDGE_CURVE('',#3747,#3749,#1567,.T.);
#4680=EDGE_CURVE('',#3750,#3746,#3274,.T.);
#4681=EDGE_CURVE('',#3750,#3751,#1568,.T.);
#4682=EDGE_CURVE('',#3748,#3751,#3275,.T.);
#4683=EDGE_CURVE('',#3752,#3750,#3276,.T.);
#4684=EDGE_CURVE('',#3752,#3753,#1569,.T.);
#4685=EDGE_CURVE('',#3751,#3753,#3277,.T.);
#4686=EDGE_CURVE('',#3754,#3752,#3278,.T.);
#4687=EDGE_CURVE('',#3754,#3755,#1570,.T.);
#4688=EDGE_CURVE('',#3753,#3755,#3279,.T.);
#4689=EDGE_CURVE('',#3747,#3754,#1571,.T.);
#4690=EDGE_CURVE('',#3755,#3749,#1572,.T.);
#4691=EDGE_CURVE('',#3756,#3757,#3280,.T.);
#4692=EDGE_CURVE('',#3756,#3758,#1573,.T.);
#4693=EDGE_CURVE('',#3759,#3758,#3281,.T.);
#4694=EDGE_CURVE('',#3757,#3759,#1574,.T.);
#4695=EDGE_CURVE('',#3757,#3760,#3282,.T.);
#4696=EDGE_CURVE('',#3761,#3759,#3283,.T.);
#4697=EDGE_CURVE('',#3760,#3761,#1575,.T.);
#4698=EDGE_CURVE('',#3760,#3762,#3284,.T.);
#4699=EDGE_CURVE('',#3763,#3761,#3285,.T.);
#4700=EDGE_CURVE('',#3762,#3763,#1576,.T.);
#4701=EDGE_CURVE('',#3762,#3764,#3286,.T.);
#4702=EDGE_CURVE('',#3765,#3763,#3287,.T.);
#4703=EDGE_CURVE('',#3764,#3765,#1577,.T.);
#4704=EDGE_CURVE('',#3764,#3766,#3288,.T.);
#4705=EDGE_CURVE('',#3767,#3765,#3289,.T.);
#4706=EDGE_CURVE('',#3766,#3767,#1578,.T.);
#4707=EDGE_CURVE('',#3766,#3768,#1579,.T.);
#4708=EDGE_CURVE('',#3769,#3767,#1580,.T.);
#4709=EDGE_CURVE('',#3768,#3769,#1581,.T.);
#4710=EDGE_CURVE('',#3768,#3770,#3290,.T.);
#4711=EDGE_CURVE('',#3771,#3769,#3291,.T.);
#4712=EDGE_CURVE('',#3770,#3771,#1582,.T.);
#4713=EDGE_CURVE('',#3770,#3772,#3292,.T.);
#4714=EDGE_CURVE('',#3773,#3771,#3293,.T.);
#4715=EDGE_CURVE('',#3772,#3773,#1583,.T.);
#4716=EDGE_CURVE('',#3772,#3774,#3294,.T.);
#4717=EDGE_CURVE('',#3775,#3773,#3295,.T.);
#4718=EDGE_CURVE('',#3774,#3775,#1584,.T.);
#4719=EDGE_CURVE('',#3774,#3776,#1585,.T.);
#4720=EDGE_CURVE('',#3777,#3775,#1586,.T.);
#4721=EDGE_CURVE('',#3776,#3777,#1587,.T.);
#4722=EDGE_CURVE('',#3776,#3778,#1588,.T.);
#4723=EDGE_CURVE('',#3779,#3777,#1589,.T.);
#4724=EDGE_CURVE('',#3778,#3779,#1590,.T.);
#4725=EDGE_CURVE('',#3778,#3780,#3296,.T.);
#4726=EDGE_CURVE('',#3781,#3779,#3297,.T.);
#4727=EDGE_CURVE('',#3780,#3781,#1591,.T.);
#4728=EDGE_CURVE('',#3780,#3782,#3298,.T.);
#4729=EDGE_CURVE('',#3783,#3781,#3299,.T.);
#4730=EDGE_CURVE('',#3782,#3783,#1592,.T.);
#4731=EDGE_CURVE('',#3782,#3784,#3300,.T.);
#4732=EDGE_CURVE('',#3785,#3783,#3301,.T.);
#4733=EDGE_CURVE('',#3784,#3785,#1593,.T.);
#4734=EDGE_CURVE('',#3784,#3786,#1594,.T.);
#4735=EDGE_CURVE('',#3787,#3785,#1595,.T.);
#4736=EDGE_CURVE('',#3786,#3787,#1596,.T.);
#4737=EDGE_CURVE('',#3786,#3788,#1597,.T.);
#4738=EDGE_CURVE('',#3789,#3787,#1598,.T.);
#4739=EDGE_CURVE('',#3788,#3789,#1599,.T.);
#4740=EDGE_CURVE('',#3788,#3790,#1600,.T.);
#4741=EDGE_CURVE('',#3791,#3789,#1601,.T.);
#4742=EDGE_CURVE('',#3790,#3791,#1602,.T.);
#4743=EDGE_CURVE('',#3790,#3756,#3302,.T.);
#4744=EDGE_CURVE('',#3758,#3791,#3303,.T.);
#4745=EDGE_CURVE('',#3792,#3793,#1603,.T.);
#4746=EDGE_CURVE('',#3792,#3794,#1604,.T.);
#4747=EDGE_CURVE('',#3795,#3794,#1605,.T.);
#4748=EDGE_CURVE('',#3793,#3795,#1606,.T.);
#4749=EDGE_CURVE('',#3793,#3796,#1607,.T.);
#4750=EDGE_CURVE('',#3797,#3795,#1608,.T.);
#4751=EDGE_CURVE('',#3796,#3797,#1609,.T.);
#4752=EDGE_CURVE('',#3796,#3798,#3304,.T.);
#4753=EDGE_CURVE('',#3799,#3797,#3305,.T.);
#4754=EDGE_CURVE('',#3798,#3799,#1610,.T.);
#4755=EDGE_CURVE('',#3798,#3800,#3306,.T.);
#4756=EDGE_CURVE('',#3801,#3799,#3307,.T.);
#4757=EDGE_CURVE('',#3800,#3801,#1611,.T.);
#4758=EDGE_CURVE('',#3800,#3802,#3308,.T.);
#4759=EDGE_CURVE('',#3803,#3801,#3309,.T.);
#4760=EDGE_CURVE('',#3802,#3803,#1612,.T.);
#4761=EDGE_CURVE('',#3802,#3804,#3310,.T.);
#4762=EDGE_CURVE('',#3805,#3803,#3311,.T.);
#4763=EDGE_CURVE('',#3804,#3805,#1613,.T.);
#4764=EDGE_CURVE('',#3804,#3806,#3312,.T.);
#4765=EDGE_CURVE('',#3807,#3805,#3313,.T.);
#4766=EDGE_CURVE('',#3806,#3807,#1614,.T.);
#4767=EDGE_CURVE('',#3806,#3808,#3314,.T.);
#4768=EDGE_CURVE('',#3809,#3807,#3315,.T.);
#4769=EDGE_CURVE('',#3808,#3809,#1615,.T.);
#4770=EDGE_CURVE('',#3808,#3810,#3316,.T.);
#4771=EDGE_CURVE('',#3811,#3809,#3317,.T.);
#4772=EDGE_CURVE('',#3810,#3811,#1616,.T.);
#4773=EDGE_CURVE('',#3810,#3812,#3318,.T.);
#4774=EDGE_CURVE('',#3813,#3811,#3319,.T.);
#4775=EDGE_CURVE('',#3812,#3813,#1617,.T.);
#4776=EDGE_CURVE('',#3812,#3814,#3320,.T.);
#4777=EDGE_CURVE('',#3815,#3813,#3321,.T.);
#4778=EDGE_CURVE('',#3814,#3815,#1618,.T.);
#4779=EDGE_CURVE('',#3814,#3816,#1619,.T.);
#4780=EDGE_CURVE('',#3817,#3815,#1620,.T.);
#4781=EDGE_CURVE('',#3816,#3817,#1621,.T.);
#4782=EDGE_CURVE('',#3816,#3818,#1622,.T.);
#4783=EDGE_CURVE('',#3819,#3817,#1623,.T.);
#4784=EDGE_CURVE('',#3818,#3819,#1624,.T.);
#4785=EDGE_CURVE('',#3818,#3820,#3322,.T.);
#4786=EDGE_CURVE('',#3821,#3819,#3323,.T.);
#4787=EDGE_CURVE('',#3820,#3821,#1625,.T.);
#4788=EDGE_CURVE('',#3820,#3822,#3324,.T.);
#4789=EDGE_CURVE('',#3823,#3821,#3325,.T.);
#4790=EDGE_CURVE('',#3822,#3823,#1626,.T.);
#4791=EDGE_CURVE('',#3822,#3824,#3326,.T.);
#4792=EDGE_CURVE('',#3825,#3823,#3327,.T.);
#4793=EDGE_CURVE('',#3824,#3825,#1627,.T.);
#4794=EDGE_CURVE('',#3824,#3826,#3328,.T.);
#4795=EDGE_CURVE('',#3827,#3825,#3329,.T.);
#4796=EDGE_CURVE('',#3826,#3827,#1628,.T.);
#4797=EDGE_CURVE('',#3826,#3828,#3330,.T.);
#4798=EDGE_CURVE('',#3829,#3827,#3331,.T.);
#4799=EDGE_CURVE('',#3828,#3829,#1629,.T.);
#4800=EDGE_CURVE('',#3828,#3830,#3332,.T.);
#4801=EDGE_CURVE('',#3831,#3829,#3333,.T.);
#4802=EDGE_CURVE('',#3830,#3831,#1630,.T.);
#4803=EDGE_CURVE('',#3830,#3832,#3334,.T.);
#4804=EDGE_CURVE('',#3833,#3831,#3335,.T.);
#4805=EDGE_CURVE('',#3832,#3833,#1631,.T.);
#4806=EDGE_CURVE('',#3832,#3792,#3336,.T.);
#4807=EDGE_CURVE('',#3794,#3833,#3337,.T.);
#4808=EDGE_CURVE('',#3834,#3835,#1632,.T.);
#4809=EDGE_CURVE('',#3834,#3836,#1633,.T.);
#4810=EDGE_CURVE('',#3837,#3836,#1634,.T.);
#4811=EDGE_CURVE('',#3835,#3837,#1635,.T.);
#4812=EDGE_CURVE('',#3835,#3838,#1636,.T.);
#4813=EDGE_CURVE('',#3839,#3837,#1637,.T.);
#4814=EDGE_CURVE('',#3838,#3839,#1638,.T.);
#4815=EDGE_CURVE('',#3838,#3840,#1639,.T.);
#4816=EDGE_CURVE('',#3841,#3839,#1640,.T.);
#4817=EDGE_CURVE('',#3840,#3841,#1641,.T.);
#4818=EDGE_CURVE('',#3840,#3842,#1642,.T.);
#4819=EDGE_CURVE('',#3843,#3841,#1643,.T.);
#4820=EDGE_CURVE('',#3842,#3843,#1644,.T.);
#4821=EDGE_CURVE('',#3842,#3844,#1645,.T.);
#4822=EDGE_CURVE('',#3845,#3843,#1646,.T.);
#4823=EDGE_CURVE('',#3844,#3845,#1647,.T.);
#4824=EDGE_CURVE('',#3844,#3846,#1648,.T.);
#4825=EDGE_CURVE('',#3847,#3845,#1649,.T.);
#4826=EDGE_CURVE('',#3846,#3847,#1650,.T.);
#4827=EDGE_CURVE('',#3846,#3848,#1651,.T.);
#4828=EDGE_CURVE('',#3849,#3847,#1652,.T.);
#4829=EDGE_CURVE('',#3848,#3849,#1653,.T.);
#4830=EDGE_CURVE('',#3848,#3834,#1654,.T.);
#4831=EDGE_CURVE('',#3836,#3849,#1655,.T.);
#4832=EDGE_CURVE('',#3850,#3851,#1656,.T.);
#4833=EDGE_CURVE('',#3850,#3852,#1657,.T.);
#4834=EDGE_CURVE('',#3853,#3852,#1658,.T.);
#4835=EDGE_CURVE('',#3851,#3853,#1659,.T.);
#4836=EDGE_CURVE('',#3854,#3850,#1660,.T.);
#4837=EDGE_CURVE('',#3854,#3855,#1661,.T.);
#4838=EDGE_CURVE('',#3852,#3855,#1662,.T.);
#4839=EDGE_CURVE('',#3851,#3854,#1663,.T.);
#4840=EDGE_CURVE('',#3855,#3853,#1664,.T.);
#4841=EDGE_CURVE('',#3856,#3857,#1665,.T.);
#4842=EDGE_CURVE('',#3856,#3858,#1666,.T.);
#4843=EDGE_CURVE('',#3859,#3858,#1667,.T.);
#4844=EDGE_CURVE('',#3857,#3859,#1668,.T.);
#4845=EDGE_CURVE('',#3857,#3860,#1669,.T.);
#4846=EDGE_CURVE('',#3861,#3859,#1670,.T.);
#4847=EDGE_CURVE('',#3860,#3861,#1671,.T.);
#4848=EDGE_CURVE('',#3860,#3862,#1672,.T.);
#4849=EDGE_CURVE('',#3863,#3861,#1673,.T.);
#4850=EDGE_CURVE('',#3862,#3863,#1674,.T.);
#4851=EDGE_CURVE('',#3862,#3864,#1675,.T.);
#4852=EDGE_CURVE('',#3865,#3863,#1676,.T.);
#4853=EDGE_CURVE('',#3864,#3865,#1677,.T.);
#4854=EDGE_CURVE('',#3864,#3866,#1678,.T.);
#4855=EDGE_CURVE('',#3867,#3865,#1679,.T.);
#4856=EDGE_CURVE('',#3866,#3867,#1680,.T.);
#4857=EDGE_CURVE('',#3866,#3868,#1681,.T.);
#4858=EDGE_CURVE('',#3869,#3867,#1682,.T.);
#4859=EDGE_CURVE('',#3868,#3869,#1683,.T.);
#4860=EDGE_CURVE('',#3868,#3870,#1684,.T.);
#4861=EDGE_CURVE('',#3871,#3869,#1685,.T.);
#4862=EDGE_CURVE('',#3870,#3871,#1686,.T.);
#4863=EDGE_CURVE('',#3870,#3872,#1687,.T.);
#4864=EDGE_CURVE('',#3873,#3871,#1688,.T.);
#4865=EDGE_CURVE('',#3872,#3873,#1689,.T.);
#4866=EDGE_CURVE('',#3872,#3874,#1690,.T.);
#4867=EDGE_CURVE('',#3875,#3873,#1691,.T.);
#4868=EDGE_CURVE('',#3874,#3875,#1692,.T.);
#4869=EDGE_CURVE('',#3874,#3876,#1693,.T.);
#4870=EDGE_CURVE('',#3877,#3875,#1694,.T.);
#4871=EDGE_CURVE('',#3876,#3877,#1695,.T.);
#4872=EDGE_CURVE('',#3876,#3856,#1696,.T.);
#4873=EDGE_CURVE('',#3858,#3877,#1697,.T.);
#4874=EDGE_CURVE('',#3878,#3879,#1698,.T.);
#4875=EDGE_CURVE('',#3878,#3880,#1699,.T.);
#4876=EDGE_CURVE('',#3881,#3880,#1700,.T.);
#4877=EDGE_CURVE('',#3879,#3881,#1701,.T.);
#4878=EDGE_CURVE('',#3879,#3882,#1702,.T.);
#4879=EDGE_CURVE('',#3883,#3881,#1703,.T.);
#4880=EDGE_CURVE('',#3882,#3883,#1704,.T.);
#4881=EDGE_CURVE('',#3882,#3884,#1705,.T.);
#4882=EDGE_CURVE('',#3885,#3883,#1706,.T.);
#4883=EDGE_CURVE('',#3884,#3885,#1707,.T.);
#4884=EDGE_CURVE('',#3884,#3886,#1708,.T.);
#4885=EDGE_CURVE('',#3887,#3885,#1709,.T.);
#4886=EDGE_CURVE('',#3886,#3887,#1710,.T.);
#4887=EDGE_CURVE('',#3886,#3888,#1711,.T.);
#4888=EDGE_CURVE('',#3889,#3887,#1712,.T.);
#4889=EDGE_CURVE('',#3888,#3889,#1713,.T.);
#4890=EDGE_CURVE('',#3888,#3890,#1714,.T.);
#4891=EDGE_CURVE('',#3891,#3889,#1715,.T.);
#4892=EDGE_CURVE('',#3890,#3891,#1716,.T.);
#4893=EDGE_CURVE('',#3890,#3892,#1717,.T.);
#4894=EDGE_CURVE('',#3893,#3891,#1718,.T.);
#4895=EDGE_CURVE('',#3892,#3893,#1719,.T.);
#4896=EDGE_CURVE('',#3892,#3894,#1720,.T.);
#4897=EDGE_CURVE('',#3895,#3893,#1721,.T.);
#4898=EDGE_CURVE('',#3894,#3895,#1722,.T.);
#4899=EDGE_CURVE('',#3894,#3896,#1723,.T.);
#4900=EDGE_CURVE('',#3897,#3895,#1724,.T.);
#4901=EDGE_CURVE('',#3896,#3897,#1725,.T.);
#4902=EDGE_CURVE('',#3896,#3898,#1726,.T.);
#4903=EDGE_CURVE('',#3899,#3897,#1727,.T.);
#4904=EDGE_CURVE('',#3898,#3899,#1728,.T.);
#4905=EDGE_CURVE('',#3898,#3900,#1729,.T.);
#4906=EDGE_CURVE('',#3901,#3899,#1730,.T.);
#4907=EDGE_CURVE('',#3900,#3901,#1731,.T.);
#4908=EDGE_CURVE('',#3900,#3878,#1732,.T.);
#4909=EDGE_CURVE('',#3880,#3901,#1733,.T.);
#4910=EDGE_CURVE('',#3902,#3903,#1734,.T.);
#4911=EDGE_CURVE('',#3904,#3902,#40,.T.);
#4912=EDGE_CURVE('',#3905,#3904,#1735,.T.);
#4913=EDGE_CURVE('',#3903,#3905,#41,.T.);
#4914=EDGE_CURVE('',#3906,#3907,#1736,.T.);
#4915=EDGE_CURVE('',#3906,#3908,#1737,.T.);
#4916=EDGE_CURVE('',#3909,#3908,#1738,.T.);
#4917=EDGE_CURVE('',#3907,#3909,#1739,.T.);
#4918=EDGE_CURVE('',#3907,#3910,#1740,.T.);
#4919=EDGE_CURVE('',#3911,#3909,#1741,.T.);
#4920=EDGE_CURVE('',#3910,#3911,#1742,.T.);
#4921=EDGE_CURVE('',#3910,#3912,#1743,.T.);
#4922=EDGE_CURVE('',#3913,#3911,#1744,.T.);
#4923=EDGE_CURVE('',#3912,#3913,#1745,.T.);
#4924=EDGE_CURVE('',#3912,#3914,#1746,.T.);
#4925=EDGE_CURVE('',#3915,#3913,#1747,.T.);
#4926=EDGE_CURVE('',#3914,#3915,#1748,.T.);
#4927=EDGE_CURVE('',#3914,#3916,#1749,.T.);
#4928=EDGE_CURVE('',#3917,#3915,#1750,.T.);
#4929=EDGE_CURVE('',#3916,#3917,#1751,.T.);
#4930=EDGE_CURVE('',#3916,#3918,#1752,.T.);
#4931=EDGE_CURVE('',#3919,#3917,#1753,.T.);
#4932=EDGE_CURVE('',#3918,#3919,#1754,.T.);
#4933=EDGE_CURVE('',#3918,#3906,#1755,.T.);
#4934=EDGE_CURVE('',#3908,#3919,#1756,.T.);
#4935=EDGE_CURVE('',#3920,#3921,#3338,.T.);
#4936=EDGE_CURVE('',#3920,#3922,#1757,.T.);
#4937=EDGE_CURVE('',#3923,#3922,#3339,.T.);
#4938=EDGE_CURVE('',#3921,#3923,#1758,.T.);
#4939=EDGE_CURVE('',#3921,#3924,#1759,.T.);
#4940=EDGE_CURVE('',#3925,#3923,#1760,.T.);
#4941=EDGE_CURVE('',#3924,#3925,#1761,.T.);
#4942=EDGE_CURVE('',#3924,#3926,#1762,.T.);
#4943=EDGE_CURVE('',#3927,#3925,#1763,.T.);
#4944=EDGE_CURVE('',#3926,#3927,#1764,.T.);
#4945=EDGE_CURVE('',#3926,#3928,#3340,.T.);
#4946=EDGE_CURVE('',#3929,#3927,#3341,.T.);
#4947=EDGE_CURVE('',#3928,#3929,#1765,.T.);
#4948=EDGE_CURVE('',#3928,#3930,#3342,.T.);
#4949=EDGE_CURVE('',#3931,#3929,#3343,.T.);
#4950=EDGE_CURVE('',#3930,#3931,#1766,.T.);
#4951=EDGE_CURVE('',#3930,#3932,#3344,.T.);
#4952=EDGE_CURVE('',#3933,#3931,#3345,.T.);
#4953=EDGE_CURVE('',#3932,#3933,#1767,.T.);
#4954=EDGE_CURVE('',#3932,#3934,#3346,.T.);
#4955=EDGE_CURVE('',#3935,#3933,#3347,.T.);
#4956=EDGE_CURVE('',#3934,#3935,#1768,.T.);
#4957=EDGE_CURVE('',#3934,#3936,#1769,.T.);
#4958=EDGE_CURVE('',#3937,#3935,#1770,.T.);
#4959=EDGE_CURVE('',#3936,#3937,#1771,.T.);
#4960=EDGE_CURVE('',#3936,#3938,#3348,.T.);
#4961=EDGE_CURVE('',#3939,#3937,#3349,.T.);
#4962=EDGE_CURVE('',#3938,#3939,#1772,.T.);
#4963=EDGE_CURVE('',#3938,#3940,#3350,.T.);
#4964=EDGE_CURVE('',#3941,#3939,#3351,.T.);
#4965=EDGE_CURVE('',#3940,#3941,#1773,.T.);
#4966=EDGE_CURVE('',#3940,#3942,#3352,.T.);
#4967=EDGE_CURVE('',#3943,#3941,#3353,.T.);
#4968=EDGE_CURVE('',#3942,#3943,#1774,.T.);
#4969=EDGE_CURVE('',#3942,#3944,#3354,.T.);
#4970=EDGE_CURVE('',#3945,#3943,#3355,.T.);
#4971=EDGE_CURVE('',#3944,#3945,#1775,.T.);
#4972=EDGE_CURVE('',#3944,#3946,#3356,.T.);
#4973=EDGE_CURVE('',#3947,#3945,#3357,.T.);
#4974=EDGE_CURVE('',#3946,#3947,#1776,.T.);
#4975=EDGE_CURVE('',#3946,#3948,#1777,.T.);
#4976=EDGE_CURVE('',#3949,#3947,#1778,.T.);
#4977=EDGE_CURVE('',#3948,#3949,#1779,.T.);
#4978=EDGE_CURVE('',#3948,#3950,#1780,.T.);
#4979=EDGE_CURVE('',#3951,#3949,#1781,.T.);
#4980=EDGE_CURVE('',#3950,#3951,#1782,.T.);
#4981=EDGE_CURVE('',#3950,#3952,#3358,.T.);
#4982=EDGE_CURVE('',#3953,#3951,#3359,.T.);
#4983=EDGE_CURVE('',#3952,#3953,#1783,.T.);
#4984=EDGE_CURVE('',#3952,#3954,#3360,.T.);
#4985=EDGE_CURVE('',#3955,#3953,#3361,.T.);
#4986=EDGE_CURVE('',#3954,#3955,#1784,.T.);
#4987=EDGE_CURVE('',#3954,#3956,#3362,.T.);
#4988=EDGE_CURVE('',#3957,#3955,#3363,.T.);
#4989=EDGE_CURVE('',#3956,#3957,#1785,.T.);
#4990=EDGE_CURVE('',#3956,#3958,#3364,.T.);
#4991=EDGE_CURVE('',#3959,#3957,#3365,.T.);
#4992=EDGE_CURVE('',#3958,#3959,#1786,.T.);
#4993=EDGE_CURVE('',#3958,#3960,#3366,.T.);
#4994=EDGE_CURVE('',#3961,#3959,#3367,.T.);
#4995=EDGE_CURVE('',#3960,#3961,#1787,.T.);
#4996=EDGE_CURVE('',#3960,#3962,#1788,.T.);
#4997=EDGE_CURVE('',#3963,#3961,#1789,.T.);
#4998=EDGE_CURVE('',#3962,#3963,#1790,.T.);
#4999=EDGE_CURVE('',#3962,#3964,#1791,.T.);
#5000=EDGE_CURVE('',#3965,#3963,#1792,.T.);
#5001=EDGE_CURVE('',#3964,#3965,#1793,.T.);
#5002=EDGE_CURVE('',#3964,#3966,#1794,.T.);
#5003=EDGE_CURVE('',#3967,#3965,#1795,.T.);
#5004=EDGE_CURVE('',#3966,#3967,#1796,.T.);
#5005=EDGE_CURVE('',#3966,#3968,#3368,.T.);
#5006=EDGE_CURVE('',#3969,#3967,#3369,.T.);
#5007=EDGE_CURVE('',#3968,#3969,#1797,.T.);
#5008=EDGE_CURVE('',#3968,#3970,#3370,.T.);
#5009=EDGE_CURVE('',#3971,#3969,#3371,.T.);
#5010=EDGE_CURVE('',#3970,#3971,#1798,.T.);
#5011=EDGE_CURVE('',#3970,#3972,#3372,.T.);
#5012=EDGE_CURVE('',#3973,#3971,#3373,.T.);
#5013=EDGE_CURVE('',#3972,#3973,#1799,.T.);
#5014=EDGE_CURVE('',#3972,#3920,#3374,.T.);
#5015=EDGE_CURVE('',#3922,#3973,#3375,.T.);
#5016=EDGE_CURVE('',#3974,#3975,#3376,.T.);
#5017=EDGE_CURVE('',#3974,#3976,#1800,.T.);
#5018=EDGE_CURVE('',#3977,#3976,#3377,.T.);
#5019=EDGE_CURVE('',#3975,#3977,#1801,.T.);
#5020=EDGE_CURVE('',#3975,#3978,#3378,.T.);
#5021=EDGE_CURVE('',#3979,#3977,#3379,.T.);
#5022=EDGE_CURVE('',#3978,#3979,#1802,.T.);
#5023=EDGE_CURVE('',#3978,#3980,#3380,.T.);
#5024=EDGE_CURVE('',#3981,#3979,#3381,.T.);
#5025=EDGE_CURVE('',#3980,#3981,#1803,.T.);
#5026=EDGE_CURVE('',#3980,#3982,#3382,.T.);
#5027=EDGE_CURVE('',#3983,#3981,#3383,.T.);
#5028=EDGE_CURVE('',#3982,#3983,#1804,.T.);
#5029=EDGE_CURVE('',#3982,#3984,#1805,.T.);
#5030=EDGE_CURVE('',#3985,#3983,#1806,.T.);
#5031=EDGE_CURVE('',#3984,#3985,#1807,.T.);
#5032=EDGE_CURVE('',#3984,#3986,#1808,.T.);
#5033=EDGE_CURVE('',#3987,#3985,#1809,.T.);
#5034=EDGE_CURVE('',#3986,#3987,#1810,.T.);
#5035=EDGE_CURVE('',#3986,#3988,#1811,.T.);
#5036=EDGE_CURVE('',#3989,#3987,#1812,.T.);
#5037=EDGE_CURVE('',#3988,#3989,#1813,.T.);
#5038=EDGE_CURVE('',#3988,#3990,#3384,.T.);
#5039=EDGE_CURVE('',#3991,#3989,#3385,.T.);
#5040=EDGE_CURVE('',#3990,#3991,#1814,.T.);
#5041=EDGE_CURVE('',#3990,#3992,#3386,.T.);
#5042=EDGE_CURVE('',#3993,#3991,#3387,.T.);
#5043=EDGE_CURVE('',#3992,#3993,#1815,.T.);
#5044=EDGE_CURVE('',#3992,#3994,#3388,.T.);
#5045=EDGE_CURVE('',#3995,#3993,#3389,.T.);
#5046=EDGE_CURVE('',#3994,#3995,#1816,.T.);
#5047=EDGE_CURVE('',#3994,#3996,#1817,.T.);
#5048=EDGE_CURVE('',#3997,#3995,#1818,.T.);
#5049=EDGE_CURVE('',#3996,#3997,#1819,.T.);
#5050=EDGE_CURVE('',#3996,#3998,#1820,.T.);
#5051=EDGE_CURVE('',#3999,#3997,#1821,.T.);
#5052=EDGE_CURVE('',#3998,#3999,#1822,.T.);
#5053=EDGE_CURVE('',#3998,#4000,#1823,.T.);
#5054=EDGE_CURVE('',#4001,#3999,#1824,.T.);
#5055=EDGE_CURVE('',#4000,#4001,#1825,.T.);
#5056=EDGE_CURVE('',#4000,#4002,#1826,.T.);
#5057=EDGE_CURVE('',#4003,#4001,#1827,.T.);
#5058=EDGE_CURVE('',#4002,#4003,#1828,.T.);
#5059=EDGE_CURVE('',#4002,#4004,#1829,.T.);
#5060=EDGE_CURVE('',#4005,#4003,#1830,.T.);
#5061=EDGE_CURVE('',#4004,#4005,#1831,.T.);
#5062=EDGE_CURVE('',#4004,#4006,#3390,.T.);
#5063=EDGE_CURVE('',#4007,#4005,#3391,.T.);
#5064=EDGE_CURVE('',#4006,#4007,#1832,.T.);
#5065=EDGE_CURVE('',#4006,#4008,#3392,.T.);
#5066=EDGE_CURVE('',#4009,#4007,#3393,.T.);
#5067=EDGE_CURVE('',#4008,#4009,#1833,.T.);
#5068=EDGE_CURVE('',#4008,#4010,#3394,.T.);
#5069=EDGE_CURVE('',#4011,#4009,#3395,.T.);
#5070=EDGE_CURVE('',#4010,#4011,#1834,.T.);
#5071=EDGE_CURVE('',#4010,#4012,#3396,.T.);
#5072=EDGE_CURVE('',#4013,#4011,#3397,.T.);
#5073=EDGE_CURVE('',#4012,#4013,#1835,.T.);
#5074=EDGE_CURVE('',#4012,#4014,#3398,.T.);
#5075=EDGE_CURVE('',#4015,#4013,#3399,.T.);
#5076=EDGE_CURVE('',#4014,#4015,#1836,.T.);
#5077=EDGE_CURVE('',#4014,#4016,#1837,.T.);
#5078=EDGE_CURVE('',#4017,#4015,#1838,.T.);
#5079=EDGE_CURVE('',#4016,#4017,#1839,.T.);
#5080=EDGE_CURVE('',#4016,#4018,#1840,.T.);
#5081=EDGE_CURVE('',#4019,#4017,#1841,.T.);
#5082=EDGE_CURVE('',#4018,#4019,#1842,.T.);
#5083=EDGE_CURVE('',#4018,#3974,#1843,.T.);
#5084=EDGE_CURVE('',#3976,#4019,#1844,.T.);
#5085=EDGE_CURVE('',#4020,#4021,#3400,.T.);
#5086=EDGE_CURVE('',#4020,#4022,#1845,.T.);
#5087=EDGE_CURVE('',#4023,#4022,#3401,.T.);
#5088=EDGE_CURVE('',#4021,#4023,#1846,.T.);
#5089=EDGE_CURVE('',#4024,#4020,#3402,.T.);
#5090=EDGE_CURVE('',#4024,#4025,#1847,.T.);
#5091=EDGE_CURVE('',#4022,#4025,#3403,.T.);
#5092=EDGE_CURVE('',#4026,#4024,#3404,.T.);
#5093=EDGE_CURVE('',#4026,#4027,#1848,.T.);
#5094=EDGE_CURVE('',#4025,#4027,#3405,.T.);
#5095=EDGE_CURVE('',#4028,#4026,#3406,.T.);
#5096=EDGE_CURVE('',#4028,#4029,#1849,.T.);
#5097=EDGE_CURVE('',#4027,#4029,#3407,.T.);
#5098=EDGE_CURVE('',#4030,#4028,#3408,.T.);
#5099=EDGE_CURVE('',#4030,#4031,#1850,.T.);
#5100=EDGE_CURVE('',#4029,#4031,#3409,.T.);
#5101=EDGE_CURVE('',#4032,#4030,#3410,.T.);
#5102=EDGE_CURVE('',#4032,#4033,#1851,.T.);
#5103=EDGE_CURVE('',#4031,#4033,#3411,.T.);
#5104=EDGE_CURVE('',#4034,#4032,#3412,.T.);
#5105=EDGE_CURVE('',#4034,#4035,#1852,.T.);
#5106=EDGE_CURVE('',#4033,#4035,#3413,.T.);
#5107=EDGE_CURVE('',#4021,#4034,#3414,.T.);
#5108=EDGE_CURVE('',#4035,#4023,#3415,.T.);
#5109=EDGE_CURVE('',#4036,#4037,#3416,.T.);
#5110=EDGE_CURVE('',#4036,#4038,#1853,.T.);
#5111=EDGE_CURVE('',#4039,#4038,#3417,.T.);
#5112=EDGE_CURVE('',#4037,#4039,#1854,.T.);
#5113=EDGE_CURVE('',#4037,#4040,#3418,.T.);
#5114=EDGE_CURVE('',#4041,#4039,#3419,.T.);
#5115=EDGE_CURVE('',#4040,#4041,#1855,.T.);
#5116=EDGE_CURVE('',#4040,#4042,#3420,.T.);
#5117=EDGE_CURVE('',#4043,#4041,#3421,.T.);
#5118=EDGE_CURVE('',#4042,#4043,#1856,.T.);
#5119=EDGE_CURVE('',#4042,#4036,#3422,.T.);
#5120=EDGE_CURVE('',#4038,#4043,#3423,.T.);
#5121=EDGE_CURVE('',#4044,#4045,#3424,.T.);
#5122=EDGE_CURVE('',#4044,#4046,#1857,.T.);
#5123=EDGE_CURVE('',#4047,#4046,#3425,.T.);
#5124=EDGE_CURVE('',#4045,#4047,#1858,.T.);
#5125=EDGE_CURVE('',#4048,#4044,#3426,.T.);
#5126=EDGE_CURVE('',#4048,#4049,#1859,.T.);
#5127=EDGE_CURVE('',#4046,#4049,#3427,.T.);
#5128=EDGE_CURVE('',#4050,#4048,#3428,.T.);
#5129=EDGE_CURVE('',#4050,#4051,#1860,.T.);
#5130=EDGE_CURVE('',#4049,#4051,#3429,.T.);
#5131=EDGE_CURVE('',#4052,#4050,#3430,.T.);
#5132=EDGE_CURVE('',#4052,#4053,#1861,.T.);
#5133=EDGE_CURVE('',#4051,#4053,#3431,.T.);
#5134=EDGE_CURVE('',#4054,#4052,#3432,.T.);
#5135=EDGE_CURVE('',#4054,#4055,#1862,.T.);
#5136=EDGE_CURVE('',#4053,#4055,#3433,.T.);
#5137=EDGE_CURVE('',#4056,#4054,#3434,.T.);
#5138=EDGE_CURVE('',#4056,#4057,#1863,.T.);
#5139=EDGE_CURVE('',#4055,#4057,#3435,.T.);
#5140=EDGE_CURVE('',#4058,#4056,#3436,.T.);
#5141=EDGE_CURVE('',#4058,#4059,#1864,.T.);
#5142=EDGE_CURVE('',#4057,#4059,#3437,.T.);
#5143=EDGE_CURVE('',#4045,#4058,#3438,.T.);
#5144=EDGE_CURVE('',#4059,#4047,#3439,.T.);
#5145=EDGE_CURVE('',#4060,#4061,#3440,.T.);
#5146=EDGE_CURVE('',#4060,#4062,#1865,.T.);
#5147=EDGE_CURVE('',#4063,#4062,#3441,.T.);
#5148=EDGE_CURVE('',#4061,#4063,#1866,.T.);
#5149=EDGE_CURVE('',#4061,#4064,#3442,.T.);
#5150=EDGE_CURVE('',#4065,#4063,#3443,.T.);
#5151=EDGE_CURVE('',#4064,#4065,#1867,.T.);
#5152=EDGE_CURVE('',#4064,#4066,#3444,.T.);
#5153=EDGE_CURVE('',#4067,#4065,#3445,.T.);
#5154=EDGE_CURVE('',#4066,#4067,#1868,.T.);
#5155=EDGE_CURVE('',#4066,#4060,#3446,.T.);
#5156=EDGE_CURVE('',#4062,#4067,#3447,.T.);
#5157=EDGE_CURVE('',#4068,#4069,#1869,.T.);
#5158=EDGE_CURVE('',#4068,#4070,#1870,.T.);
#5159=EDGE_CURVE('',#4071,#4070,#1871,.T.);
#5160=EDGE_CURVE('',#4069,#4071,#1872,.T.);
#5161=EDGE_CURVE('',#4069,#4072,#1873,.T.);
#5162=EDGE_CURVE('',#4073,#4071,#1874,.T.);
#5163=EDGE_CURVE('',#4072,#4073,#1875,.T.);
#5164=EDGE_CURVE('',#4072,#4074,#1876,.T.);
#5165=EDGE_CURVE('',#4075,#4073,#1877,.T.);
#5166=EDGE_CURVE('',#4074,#4075,#1878,.T.);
#5167=EDGE_CURVE('',#4074,#4076,#1879,.T.);
#5168=EDGE_CURVE('',#4077,#4075,#1880,.T.);
#5169=EDGE_CURVE('',#4076,#4077,#1881,.T.);
#5170=EDGE_CURVE('',#4076,#4078,#1882,.T.);
#5171=EDGE_CURVE('',#4079,#4077,#1883,.T.);
#5172=EDGE_CURVE('',#4078,#4079,#1884,.T.);
#5173=EDGE_CURVE('',#4078,#4080,#3448,.T.);
#5174=EDGE_CURVE('',#4081,#4079,#3449,.T.);
#5175=EDGE_CURVE('',#4080,#4081,#1885,.T.);
#5176=EDGE_CURVE('',#4080,#4082,#1886,.T.);
#5177=EDGE_CURVE('',#4083,#4081,#1887,.T.);
#5178=EDGE_CURVE('',#4082,#4083,#1888,.T.);
#5179=EDGE_CURVE('',#4082,#4084,#1889,.T.);
#5180=EDGE_CURVE('',#4085,#4083,#1890,.T.);
#5181=EDGE_CURVE('',#4084,#4085,#1891,.T.);
#5182=EDGE_CURVE('',#4084,#4086,#1892,.T.);
#5183=EDGE_CURVE('',#4087,#4085,#1893,.T.);
#5184=EDGE_CURVE('',#4086,#4087,#1894,.T.);
#5185=EDGE_CURVE('',#4086,#4088,#1895,.T.);
#5186=EDGE_CURVE('',#4089,#4087,#1896,.T.);
#5187=EDGE_CURVE('',#4088,#4089,#1897,.T.);
#5188=EDGE_CURVE('',#4088,#4068,#1898,.T.);
#5189=EDGE_CURVE('',#4070,#4089,#1899,.T.);
#5190=EDGE_CURVE('',#4090,#4091,#3450,.T.);
#5191=EDGE_CURVE('',#4090,#4092,#1900,.T.);
#5192=EDGE_CURVE('',#4093,#4092,#3451,.T.);
#5193=EDGE_CURVE('',#4091,#4093,#1901,.T.);
#5194=EDGE_CURVE('',#4091,#4094,#3452,.T.);
#5195=EDGE_CURVE('',#4095,#4093,#3453,.T.);
#5196=EDGE_CURVE('',#4094,#4095,#1902,.T.);
#5197=EDGE_CURVE('',#4094,#4096,#1903,.T.);
#5198=EDGE_CURVE('',#4097,#4095,#1904,.T.);
#5199=EDGE_CURVE('',#4096,#4097,#1905,.T.);
#5200=EDGE_CURVE('',#4096,#4098,#1906,.T.);
#5201=EDGE_CURVE('',#4099,#4097,#1907,.T.);
#5202=EDGE_CURVE('',#4098,#4099,#1908,.T.);
#5203=EDGE_CURVE('',#4098,#4100,#3454,.T.);
#5204=EDGE_CURVE('',#4101,#4099,#3455,.T.);
#5205=EDGE_CURVE('',#4100,#4101,#1909,.T.);
#5206=EDGE_CURVE('',#4100,#4102,#3456,.T.);
#5207=EDGE_CURVE('',#4103,#4101,#3457,.T.);
#5208=EDGE_CURVE('',#4102,#4103,#1910,.T.);
#5209=EDGE_CURVE('',#4102,#4104,#3458,.T.);
#5210=EDGE_CURVE('',#4105,#4103,#3459,.T.);
#5211=EDGE_CURVE('',#4104,#4105,#1911,.T.);
#5212=EDGE_CURVE('',#4104,#4106,#3460,.T.);
#5213=EDGE_CURVE('',#4107,#4105,#3461,.T.);
#5214=EDGE_CURVE('',#4106,#4107,#1912,.T.);
#5215=EDGE_CURVE('',#4106,#4108,#3462,.T.);
#5216=EDGE_CURVE('',#4109,#4107,#3463,.T.);
#5217=EDGE_CURVE('',#4108,#4109,#1913,.T.);
#5218=EDGE_CURVE('',#4108,#4110,#3464,.T.);
#5219=EDGE_CURVE('',#4111,#4109,#3465,.T.);
#5220=EDGE_CURVE('',#4110,#4111,#1914,.T.);
#5221=EDGE_CURVE('',#4110,#4112,#3466,.T.);
#5222=EDGE_CURVE('',#4113,#4111,#3467,.T.);
#5223=EDGE_CURVE('',#4112,#4113,#1915,.T.);
#5224=EDGE_CURVE('',#4112,#4114,#1916,.T.);
#5225=EDGE_CURVE('',#4115,#4113,#1917,.T.);
#5226=EDGE_CURVE('',#4114,#4115,#1918,.T.);
#5227=EDGE_CURVE('',#4114,#4116,#1919,.T.);
#5228=EDGE_CURVE('',#4117,#4115,#1920,.T.);
#5229=EDGE_CURVE('',#4116,#4117,#1921,.T.);
#5230=EDGE_CURVE('',#4116,#4118,#1922,.T.);
#5231=EDGE_CURVE('',#4119,#4117,#1923,.T.);
#5232=EDGE_CURVE('',#4118,#4119,#1924,.T.);
#5233=EDGE_CURVE('',#4118,#4120,#1925,.T.);
#5234=EDGE_CURVE('',#4121,#4119,#1926,.T.);
#5235=EDGE_CURVE('',#4120,#4121,#1927,.T.);
#5236=EDGE_CURVE('',#4120,#4122,#1928,.T.);
#5237=EDGE_CURVE('',#4123,#4121,#1929,.T.);
#5238=EDGE_CURVE('',#4122,#4123,#1930,.T.);
#5239=EDGE_CURVE('',#4122,#4124,#3468,.T.);
#5240=EDGE_CURVE('',#4125,#4123,#3469,.T.);
#5241=EDGE_CURVE('',#4124,#4125,#1931,.T.);
#5242=EDGE_CURVE('',#4124,#4126,#3470,.T.);
#5243=EDGE_CURVE('',#4127,#4125,#3471,.T.);
#5244=EDGE_CURVE('',#4126,#4127,#1932,.T.);
#5245=EDGE_CURVE('',#4126,#4128,#3472,.T.);
#5246=EDGE_CURVE('',#4129,#4127,#3473,.T.);
#5247=EDGE_CURVE('',#4128,#4129,#1933,.T.);
#5248=EDGE_CURVE('',#4128,#4090,#3474,.T.);
#5249=EDGE_CURVE('',#4092,#4129,#3475,.T.);
#5250=EDGE_CURVE('',#4130,#4131,#1934,.T.);
#5251=EDGE_CURVE('',#4130,#4132,#1935,.T.);
#5252=EDGE_CURVE('',#4133,#4132,#1936,.T.);
#5253=EDGE_CURVE('',#4131,#4133,#1937,.T.);
#5254=EDGE_CURVE('',#4134,#4130,#1938,.T.);
#5255=EDGE_CURVE('',#4134,#4135,#1939,.T.);
#5256=EDGE_CURVE('',#4132,#4135,#1940,.T.);
#5257=EDGE_CURVE('',#4131,#4134,#1941,.T.);
#5258=EDGE_CURVE('',#4135,#4133,#1942,.T.);
#5259=EDGE_CURVE('',#4136,#4137,#1943,.T.);
#5260=EDGE_CURVE('',#4136,#4138,#1944,.T.);
#5261=EDGE_CURVE('',#4139,#4138,#1945,.T.);
#5262=EDGE_CURVE('',#4137,#4139,#1946,.T.);
#5263=EDGE_CURVE('',#4137,#4140,#1947,.T.);
#5264=EDGE_CURVE('',#4141,#4139,#1948,.T.);
#5265=EDGE_CURVE('',#4140,#4141,#1949,.T.);
#5266=EDGE_CURVE('',#4140,#4142,#1950,.T.);
#5267=EDGE_CURVE('',#4143,#4141,#1951,.T.);
#5268=EDGE_CURVE('',#4142,#4143,#1952,.T.);
#5269=EDGE_CURVE('',#4142,#4144,#1953,.T.);
#5270=EDGE_CURVE('',#4145,#4143,#1954,.T.);
#5271=EDGE_CURVE('',#4144,#4145,#1955,.T.);
#5272=EDGE_CURVE('',#4144,#4146,#1956,.T.);
#5273=EDGE_CURVE('',#4147,#4145,#1957,.T.);
#5274=EDGE_CURVE('',#4146,#4147,#1958,.T.);
#5275=EDGE_CURVE('',#4146,#4148,#1959,.T.);
#5276=EDGE_CURVE('',#4149,#4147,#1960,.T.);
#5277=EDGE_CURVE('',#4148,#4149,#1961,.T.);
#5278=EDGE_CURVE('',#4148,#4150,#1962,.T.);
#5279=EDGE_CURVE('',#4151,#4149,#1963,.T.);
#5280=EDGE_CURVE('',#4150,#4151,#1964,.T.);
#5281=EDGE_CURVE('',#4150,#4152,#1965,.T.);
#5282=EDGE_CURVE('',#4153,#4151,#1966,.T.);
#5283=EDGE_CURVE('',#4152,#4153,#1967,.T.);
#5284=EDGE_CURVE('',#4152,#4154,#1968,.T.);
#5285=EDGE_CURVE('',#4155,#4153,#1969,.T.);
#5286=EDGE_CURVE('',#4154,#4155,#1970,.T.);
#5287=EDGE_CURVE('',#4154,#4156,#1971,.T.);
#5288=EDGE_CURVE('',#4157,#4155,#1972,.T.);
#5289=EDGE_CURVE('',#4156,#4157,#1973,.T.);
#5290=EDGE_CURVE('',#4156,#4136,#1974,.T.);
#5291=EDGE_CURVE('',#4138,#4157,#1975,.T.);
#5292=EDGE_CURVE('',#4158,#4159,#1976,.T.);
#5293=EDGE_CURVE('',#4158,#4160,#1977,.T.);
#5294=EDGE_CURVE('',#4161,#4160,#1978,.T.);
#5295=EDGE_CURVE('',#4159,#4161,#1979,.T.);
#5296=EDGE_CURVE('',#4159,#4162,#1980,.T.);
#5297=EDGE_CURVE('',#4163,#4161,#1981,.T.);
#5298=EDGE_CURVE('',#4162,#4163,#1982,.T.);
#5299=EDGE_CURVE('',#4162,#4164,#1983,.T.);
#5300=EDGE_CURVE('',#4165,#4163,#1984,.T.);
#5301=EDGE_CURVE('',#4164,#4165,#1985,.T.);
#5302=EDGE_CURVE('',#4164,#4158,#1986,.T.);
#5303=EDGE_CURVE('',#4160,#4165,#1987,.T.);
#5304=EDGE_CURVE('',#4166,#4167,#3476,.T.);
#5305=EDGE_CURVE('',#4166,#4168,#1988,.T.);
#5306=EDGE_CURVE('',#4169,#4168,#3477,.T.);
#5307=EDGE_CURVE('',#4167,#4169,#1989,.T.);
#5308=EDGE_CURVE('',#4170,#4166,#3478,.T.);
#5309=EDGE_CURVE('',#4170,#4171,#1990,.T.);
#5310=EDGE_CURVE('',#4168,#4171,#3479,.T.);
#5311=EDGE_CURVE('',#4172,#4170,#1991,.T.);
#5312=EDGE_CURVE('',#4172,#4173,#1992,.T.);
#5313=EDGE_CURVE('',#4171,#4173,#1993,.T.);
#5314=EDGE_CURVE('',#4174,#4172,#1994,.T.);
#5315=EDGE_CURVE('',#4174,#4175,#1995,.T.);
#5316=EDGE_CURVE('',#4173,#4175,#1996,.T.);
#5317=EDGE_CURVE('',#4176,#4174,#1997,.T.);
#5318=EDGE_CURVE('',#4176,#4177,#1998,.T.);
#5319=EDGE_CURVE('',#4175,#4177,#1999,.T.);
#5320=EDGE_CURVE('',#4178,#4176,#3480,.T.);
#5321=EDGE_CURVE('',#4178,#4179,#2000,.T.);
#5322=EDGE_CURVE('',#4177,#4179,#3481,.T.);
#5323=EDGE_CURVE('',#4167,#4178,#3482,.T.);
#5324=EDGE_CURVE('',#4179,#4169,#3483,.T.);
#5325=EDGE_CURVE('',#4180,#4181,#3484,.T.);
#5326=EDGE_CURVE('',#4180,#4182,#2001,.T.);
#5327=EDGE_CURVE('',#4183,#4182,#3485,.T.);
#5328=EDGE_CURVE('',#4181,#4183,#2002,.T.);
#5329=EDGE_CURVE('',#4181,#4184,#2003,.T.);
#5330=EDGE_CURVE('',#4185,#4183,#2004,.T.);
#5331=EDGE_CURVE('',#4184,#4185,#2005,.T.);
#5332=EDGE_CURVE('',#4184,#4186,#2006,.T.);
#5333=EDGE_CURVE('',#4187,#4185,#2007,.T.);
#5334=EDGE_CURVE('',#4186,#4187,#2008,.T.);
#5335=EDGE_CURVE('',#4186,#4188,#2009,.T.);
#5336=EDGE_CURVE('',#4189,#4187,#2010,.T.);
#5337=EDGE_CURVE('',#4188,#4189,#2011,.T.);
#5338=EDGE_CURVE('',#4188,#4190,#2012,.T.);
#5339=EDGE_CURVE('',#4191,#4189,#2013,.T.);
#5340=EDGE_CURVE('',#4190,#4191,#2014,.T.);
#5341=EDGE_CURVE('',#4190,#4192,#2015,.T.);
#5342=EDGE_CURVE('',#4193,#4191,#2016,.T.);
#5343=EDGE_CURVE('',#4192,#4193,#2017,.T.);
#5344=EDGE_CURVE('',#4192,#4194,#3486,.T.);
#5345=EDGE_CURVE('',#4195,#4193,#3487,.T.);
#5346=EDGE_CURVE('',#4194,#4195,#2018,.T.);
#5347=EDGE_CURVE('',#4194,#4196,#3488,.T.);
#5348=EDGE_CURVE('',#4197,#4195,#3489,.T.);
#5349=EDGE_CURVE('',#4196,#4197,#2019,.T.);
#5350=EDGE_CURVE('',#4196,#4180,#3490,.T.);
#5351=EDGE_CURVE('',#4182,#4197,#3491,.T.);
#5352=EDGE_CURVE('',#4198,#4199,#2020,.T.);
#5353=EDGE_CURVE('',#4198,#4200,#2021,.T.);
#5354=EDGE_CURVE('',#4201,#4200,#2022,.T.);
#5355=EDGE_CURVE('',#4199,#4201,#2023,.T.);
#5356=EDGE_CURVE('',#4199,#4202,#2024,.T.);
#5357=EDGE_CURVE('',#4203,#4201,#2025,.T.);
#5358=EDGE_CURVE('',#4202,#4203,#2026,.T.);
#5359=EDGE_CURVE('',#4202,#4204,#2027,.T.);
#5360=EDGE_CURVE('',#4205,#4203,#2028,.T.);
#5361=EDGE_CURVE('',#4204,#4205,#2029,.T.);
#5362=EDGE_CURVE('',#4204,#4198,#2030,.T.);
#5363=EDGE_CURVE('',#4200,#4205,#2031,.T.);
#5364=EDGE_CURVE('',#4206,#4207,#2032,.T.);
#5365=EDGE_CURVE('',#4206,#4208,#2033,.T.);
#5366=EDGE_CURVE('',#4209,#4208,#2034,.T.);
#5367=EDGE_CURVE('',#4207,#4209,#2035,.T.);
#5368=EDGE_CURVE('',#4207,#4210,#2036,.T.);
#5369=EDGE_CURVE('',#4211,#4209,#2037,.T.);
#5370=EDGE_CURVE('',#4210,#4211,#2038,.T.);
#5371=EDGE_CURVE('',#4210,#4212,#2039,.T.);
#5372=EDGE_CURVE('',#4213,#4211,#2040,.T.);
#5373=EDGE_CURVE('',#4212,#4213,#2041,.T.);
#5374=EDGE_CURVE('',#4212,#4214,#2042,.T.);
#5375=EDGE_CURVE('',#4215,#4213,#2043,.T.);
#5376=EDGE_CURVE('',#4214,#4215,#2044,.T.);
#5377=EDGE_CURVE('',#4214,#4216,#2045,.T.);
#5378=EDGE_CURVE('',#4217,#4215,#2046,.T.);
#5379=EDGE_CURVE('',#4216,#4217,#2047,.T.);
#5380=EDGE_CURVE('',#4216,#4206,#2048,.T.);
#5381=EDGE_CURVE('',#4208,#4217,#2049,.T.);
#5382=EDGE_CURVE('',#4218,#4219,#3492,.T.);
#5383=EDGE_CURVE('',#4218,#4220,#2050,.T.);
#5384=EDGE_CURVE('',#4221,#4220,#3493,.T.);
#5385=EDGE_CURVE('',#4219,#4221,#2051,.T.);
#5386=EDGE_CURVE('',#4222,#4218,#3494,.T.);
#5387=EDGE_CURVE('',#4222,#4223,#2052,.T.);
#5388=EDGE_CURVE('',#4220,#4223,#3495,.T.);
#5389=EDGE_CURVE('',#4224,#4222,#3496,.T.);
#5390=EDGE_CURVE('',#4224,#4225,#2053,.T.);
#5391=EDGE_CURVE('',#4223,#4225,#3497,.T.);
#5392=EDGE_CURVE('',#4226,#4224,#3498,.T.);
#5393=EDGE_CURVE('',#4226,#4227,#2054,.T.);
#5394=EDGE_CURVE('',#4225,#4227,#3499,.T.);
#5395=EDGE_CURVE('',#4228,#4226,#3500,.T.);
#5396=EDGE_CURVE('',#4228,#4229,#2055,.T.);
#5397=EDGE_CURVE('',#4227,#4229,#3501,.T.);
#5398=EDGE_CURVE('',#4230,#4228,#3502,.T.);
#5399=EDGE_CURVE('',#4230,#4231,#2056,.T.);
#5400=EDGE_CURVE('',#4229,#4231,#3503,.T.);
#5401=EDGE_CURVE('',#4219,#4230,#3504,.T.);
#5402=EDGE_CURVE('',#4231,#4221,#3505,.T.);
#5403=EDGE_CURVE('',#4232,#4233,#3506,.T.);
#5404=EDGE_CURVE('',#4232,#4234,#2057,.T.);
#5405=EDGE_CURVE('',#4235,#4234,#3507,.T.);
#5406=EDGE_CURVE('',#4233,#4235,#2058,.T.);
#5407=EDGE_CURVE('',#4233,#4236,#3508,.T.);
#5408=EDGE_CURVE('',#4237,#4235,#3509,.T.);
#5409=EDGE_CURVE('',#4236,#4237,#2059,.T.);
#5410=EDGE_CURVE('',#4236,#4238,#3510,.T.);
#5411=EDGE_CURVE('',#4239,#4237,#3511,.T.);
#5412=EDGE_CURVE('',#4238,#4239,#2060,.T.);
#5413=EDGE_CURVE('',#4238,#4240,#3512,.T.);
#5414=EDGE_CURVE('',#4241,#4239,#3513,.T.);
#5415=EDGE_CURVE('',#4240,#4241,#2061,.T.);
#5416=EDGE_CURVE('',#4240,#4242,#3514,.T.);
#5417=EDGE_CURVE('',#4243,#4241,#3515,.T.);
#5418=EDGE_CURVE('',#4242,#4243,#2062,.T.);
#5419=EDGE_CURVE('',#4242,#4244,#3516,.T.);
#5420=EDGE_CURVE('',#4245,#4243,#3517,.T.);
#5421=EDGE_CURVE('',#4244,#4245,#2063,.T.);
#5422=EDGE_CURVE('',#4244,#4246,#2064,.T.);
#5423=EDGE_CURVE('',#4247,#4245,#2065,.T.);
#5424=EDGE_CURVE('',#4246,#4247,#2066,.T.);
#5425=EDGE_CURVE('',#4246,#4248,#2067,.T.);
#5426=EDGE_CURVE('',#4249,#4247,#2068,.T.);
#5427=EDGE_CURVE('',#4248,#4249,#2069,.T.);
#5428=EDGE_CURVE('',#4248,#4250,#3518,.T.);
#5429=EDGE_CURVE('',#4251,#4249,#3519,.T.);
#5430=EDGE_CURVE('',#4250,#4251,#2070,.T.);
#5431=EDGE_CURVE('',#4250,#4252,#3520,.T.);
#5432=EDGE_CURVE('',#4253,#4251,#3521,.T.);
#5433=EDGE_CURVE('',#4252,#4253,#2071,.T.);
#5434=EDGE_CURVE('',#4252,#4254,#3522,.T.);
#5435=EDGE_CURVE('',#4255,#4253,#3523,.T.);
#5436=EDGE_CURVE('',#4254,#4255,#2072,.T.);
#5437=EDGE_CURVE('',#4254,#4256,#3524,.T.);
#5438=EDGE_CURVE('',#4257,#4255,#3525,.T.);
#5439=EDGE_CURVE('',#4256,#4257,#2073,.T.);
#5440=EDGE_CURVE('',#4256,#4258,#3526,.T.);
#5441=EDGE_CURVE('',#4259,#4257,#3527,.T.);
#5442=EDGE_CURVE('',#4258,#4259,#2074,.T.);
#5443=EDGE_CURVE('',#4258,#4232,#3528,.T.);
#5444=EDGE_CURVE('',#4234,#4259,#3529,.T.);
#5445=EDGE_CURVE('',#4260,#4261,#3530,.T.);
#5446=EDGE_CURVE('',#4260,#4262,#2075,.T.);
#5447=EDGE_CURVE('',#4263,#4262,#3531,.T.);
#5448=EDGE_CURVE('',#4261,#4263,#2076,.T.);
#5449=EDGE_CURVE('',#4264,#4260,#3532,.T.);
#5450=EDGE_CURVE('',#4264,#4265,#2077,.T.);
#5451=EDGE_CURVE('',#4262,#4265,#3533,.T.);
#5452=EDGE_CURVE('',#4266,#4264,#3534,.T.);
#5453=EDGE_CURVE('',#4266,#4267,#2078,.T.);
#5454=EDGE_CURVE('',#4265,#4267,#3535,.T.);
#5455=EDGE_CURVE('',#4268,#4266,#3536,.T.);
#5456=EDGE_CURVE('',#4268,#4269,#2079,.T.);
#5457=EDGE_CURVE('',#4267,#4269,#3537,.T.);
#5458=EDGE_CURVE('',#4270,#4268,#3538,.T.);
#5459=EDGE_CURVE('',#4270,#4271,#2080,.T.);
#5460=EDGE_CURVE('',#4269,#4271,#3539,.T.);
#5461=EDGE_CURVE('',#4272,#4270,#3540,.T.);
#5462=EDGE_CURVE('',#4272,#4273,#2081,.T.);
#5463=EDGE_CURVE('',#4271,#4273,#3541,.T.);
#5464=EDGE_CURVE('',#4274,#4272,#3542,.T.);
#5465=EDGE_CURVE('',#4274,#4275,#2082,.T.);
#5466=EDGE_CURVE('',#4273,#4275,#3543,.T.);
#5467=EDGE_CURVE('',#4261,#4274,#3544,.T.);
#5468=EDGE_CURVE('',#4275,#4263,#3545,.T.);
#5469=EDGE_CURVE('',#4276,#4277,#3546,.T.);
#5470=EDGE_CURVE('',#4276,#4278,#2083,.T.);
#5471=EDGE_CURVE('',#4279,#4278,#3547,.T.);
#5472=EDGE_CURVE('',#4277,#4279,#2084,.T.);
#5473=EDGE_CURVE('',#4277,#4280,#3548,.T.);
#5474=EDGE_CURVE('',#4281,#4279,#3549,.T.);
#5475=EDGE_CURVE('',#4280,#4281,#2085,.T.);
#5476=EDGE_CURVE('',#4280,#4282,#3550,.T.);
#5477=EDGE_CURVE('',#4283,#4281,#3551,.T.);
#5478=EDGE_CURVE('',#4282,#4283,#2086,.T.);
#5479=EDGE_CURVE('',#4282,#4276,#3552,.T.);
#5480=EDGE_CURVE('',#4278,#4283,#3553,.T.);
#5481=EDGE_CURVE('',#4284,#4285,#3554,.T.);
#5482=EDGE_CURVE('',#4284,#4286,#2087,.T.);
#5483=EDGE_CURVE('',#4287,#4286,#3555,.T.);
#5484=EDGE_CURVE('',#4285,#4287,#2088,.T.);
#5485=EDGE_CURVE('',#4285,#4288,#2089,.T.);
#5486=EDGE_CURVE('',#4289,#4287,#2090,.T.);
#5487=EDGE_CURVE('',#4288,#4289,#2091,.T.);
#5488=EDGE_CURVE('',#4288,#4290,#2092,.T.);
#5489=EDGE_CURVE('',#4291,#4289,#2093,.T.);
#5490=EDGE_CURVE('',#4290,#4291,#2094,.T.);
#5491=EDGE_CURVE('',#4290,#4292,#3556,.T.);
#5492=EDGE_CURVE('',#4293,#4291,#3557,.T.);
#5493=EDGE_CURVE('',#4292,#4293,#2095,.T.);
#5494=EDGE_CURVE('',#4292,#4294,#3558,.T.);
#5495=EDGE_CURVE('',#4295,#4293,#3559,.T.);
#5496=EDGE_CURVE('',#4294,#4295,#2096,.T.);
#5497=EDGE_CURVE('',#4294,#4296,#3560,.T.);
#5498=EDGE_CURVE('',#4297,#4295,#3561,.T.);
#5499=EDGE_CURVE('',#4296,#4297,#2097,.T.);
#5500=EDGE_CURVE('',#4296,#4298,#3562,.T.);
#5501=EDGE_CURVE('',#4299,#4297,#3563,.T.);
#5502=EDGE_CURVE('',#4298,#4299,#2098,.T.);
#5503=EDGE_CURVE('',#4298,#4300,#2099,.T.);
#5504=EDGE_CURVE('',#4301,#4299,#2100,.T.);
#5505=EDGE_CURVE('',#4300,#4301,#2101,.T.);
#5506=EDGE_CURVE('',#4300,#4302,#3564,.T.);
#5507=EDGE_CURVE('',#4303,#4301,#3565,.T.);
#5508=EDGE_CURVE('',#4302,#4303,#2102,.T.);
#5509=EDGE_CURVE('',#4302,#4304,#3566,.T.);
#5510=EDGE_CURVE('',#4305,#4303,#3567,.T.);
#5511=EDGE_CURVE('',#4304,#4305,#2103,.T.);
#5512=EDGE_CURVE('',#4304,#4306,#3568,.T.);
#5513=EDGE_CURVE('',#4307,#4305,#3569,.T.);
#5514=EDGE_CURVE('',#4306,#4307,#2104,.T.);
#5515=EDGE_CURVE('',#4306,#4308,#3570,.T.);
#5516=EDGE_CURVE('',#4309,#4307,#3571,.T.);
#5517=EDGE_CURVE('',#4308,#4309,#2105,.T.);
#5518=EDGE_CURVE('',#4308,#4310,#3572,.T.);
#5519=EDGE_CURVE('',#4311,#4309,#3573,.T.);
#5520=EDGE_CURVE('',#4310,#4311,#2106,.T.);
#5521=EDGE_CURVE('',#4310,#4312,#2107,.T.);
#5522=EDGE_CURVE('',#4313,#4311,#2108,.T.);
#5523=EDGE_CURVE('',#4312,#4313,#2109,.T.);
#5524=EDGE_CURVE('',#4312,#4314,#2110,.T.);
#5525=EDGE_CURVE('',#4315,#4313,#2111,.T.);
#5526=EDGE_CURVE('',#4314,#4315,#2112,.T.);
#5527=EDGE_CURVE('',#4314,#4316,#3574,.T.);
#5528=EDGE_CURVE('',#4317,#4315,#3575,.T.);
#5529=EDGE_CURVE('',#4316,#4317,#2113,.T.);
#5530=EDGE_CURVE('',#4316,#4318,#3576,.T.);
#5531=EDGE_CURVE('',#4319,#4317,#3577,.T.);
#5532=EDGE_CURVE('',#4318,#4319,#2114,.T.);
#5533=EDGE_CURVE('',#4318,#4320,#3578,.T.);
#5534=EDGE_CURVE('',#4321,#4319,#3579,.T.);
#5535=EDGE_CURVE('',#4320,#4321,#2115,.T.);
#5536=EDGE_CURVE('',#4320,#4322,#3580,.T.);
#5537=EDGE_CURVE('',#4323,#4321,#3581,.T.);
#5538=EDGE_CURVE('',#4322,#4323,#2116,.T.);
#5539=EDGE_CURVE('',#4322,#4324,#3582,.T.);
#5540=EDGE_CURVE('',#4325,#4323,#3583,.T.);
#5541=EDGE_CURVE('',#4324,#4325,#2117,.T.);
#5542=EDGE_CURVE('',#4324,#4326,#2118,.T.);
#5543=EDGE_CURVE('',#4327,#4325,#2119,.T.);
#5544=EDGE_CURVE('',#4326,#4327,#2120,.T.);
#5545=EDGE_CURVE('',#4326,#4328,#2121,.T.);
#5546=EDGE_CURVE('',#4329,#4327,#2122,.T.);
#5547=EDGE_CURVE('',#4328,#4329,#2123,.T.);
#5548=EDGE_CURVE('',#4328,#4330,#2124,.T.);
#5549=EDGE_CURVE('',#4331,#4329,#2125,.T.);
#5550=EDGE_CURVE('',#4330,#4331,#2126,.T.);
#5551=EDGE_CURVE('',#4330,#4332,#3584,.T.);
#5552=EDGE_CURVE('',#4333,#4331,#3585,.T.);
#5553=EDGE_CURVE('',#4332,#4333,#2127,.T.);
#5554=EDGE_CURVE('',#4332,#4334,#3586,.T.);
#5555=EDGE_CURVE('',#4335,#4333,#3587,.T.);
#5556=EDGE_CURVE('',#4334,#4335,#2128,.T.);
#5557=EDGE_CURVE('',#4334,#4336,#3588,.T.);
#5558=EDGE_CURVE('',#4337,#4335,#3589,.T.);
#5559=EDGE_CURVE('',#4336,#4337,#2129,.T.);
#5560=EDGE_CURVE('',#4336,#4284,#3590,.T.);
#5561=EDGE_CURVE('',#4286,#4337,#3591,.T.);
#5562=EDGE_CURVE('',#4338,#4339,#3592,.T.);
#5563=EDGE_CURVE('',#4338,#4340,#2130,.T.);
#5564=EDGE_CURVE('',#4341,#4340,#3593,.T.);
#5565=EDGE_CURVE('',#4339,#4341,#2131,.T.);
#5566=EDGE_CURVE('',#4342,#4338,#3594,.T.);
#5567=EDGE_CURVE('',#4342,#4343,#2132,.T.);
#5568=EDGE_CURVE('',#4340,#4343,#3595,.T.);
#5569=EDGE_CURVE('',#4344,#4342,#3596,.T.);
#5570=EDGE_CURVE('',#4344,#4345,#2133,.T.);
#5571=EDGE_CURVE('',#4343,#4345,#3597,.T.);
#5572=EDGE_CURVE('',#4346,#4344,#3598,.T.);
#5573=EDGE_CURVE('',#4346,#4347,#2134,.T.);
#5574=EDGE_CURVE('',#4345,#4347,#3599,.T.);
#5575=EDGE_CURVE('',#4348,#4346,#3600,.T.);
#5576=EDGE_CURVE('',#4348,#4349,#2135,.T.);
#5577=EDGE_CURVE('',#4347,#4349,#3601,.T.);
#5578=EDGE_CURVE('',#4350,#4348,#3602,.T.);
#5579=EDGE_CURVE('',#4350,#4351,#2136,.T.);
#5580=EDGE_CURVE('',#4349,#4351,#3603,.T.);
#5581=EDGE_CURVE('',#4352,#4350,#3604,.T.);
#5582=EDGE_CURVE('',#4352,#4353,#2137,.T.);
#5583=EDGE_CURVE('',#4351,#4353,#3605,.T.);
#5584=EDGE_CURVE('',#4339,#4352,#3606,.T.);
#5585=EDGE_CURVE('',#4353,#4341,#3607,.T.);
#5586=EDGE_CURVE('',#4354,#4355,#3608,.T.);
#5587=EDGE_CURVE('',#4354,#4356,#2138,.T.);
#5588=EDGE_CURVE('',#4357,#4356,#3609,.T.);
#5589=EDGE_CURVE('',#4355,#4357,#2139,.T.);
#5590=EDGE_CURVE('',#4355,#4358,#3610,.T.);
#5591=EDGE_CURVE('',#4359,#4357,#3611,.T.);
#5592=EDGE_CURVE('',#4358,#4359,#2140,.T.);
#5593=EDGE_CURVE('',#4358,#4360,#3612,.T.);
#5594=EDGE_CURVE('',#4361,#4359,#3613,.T.);
#5595=EDGE_CURVE('',#4360,#4361,#2141,.T.);
#5596=EDGE_CURVE('',#4360,#4354,#3614,.T.);
#5597=EDGE_CURVE('',#4356,#4361,#3615,.T.);
#5598=EDGE_CURVE('',#4362,#4363,#2142,.T.);
#5599=EDGE_CURVE('',#4362,#4364,#2143,.T.);
#5600=EDGE_CURVE('',#4365,#4364,#2144,.T.);
#5601=EDGE_CURVE('',#4363,#4365,#2145,.T.);
#5602=EDGE_CURVE('',#4363,#4366,#2146,.T.);
#5603=EDGE_CURVE('',#4367,#4365,#2147,.T.);
#5604=EDGE_CURVE('',#4366,#4367,#2148,.T.);
#5605=EDGE_CURVE('',#4366,#4368,#2149,.T.);
#5606=EDGE_CURVE('',#4369,#4367,#2150,.T.);
#5607=EDGE_CURVE('',#4368,#4369,#2151,.T.);
#5608=EDGE_CURVE('',#4368,#4370,#2152,.T.);
#5609=EDGE_CURVE('',#4371,#4369,#2153,.T.);
#5610=EDGE_CURVE('',#4370,#4371,#2154,.T.);
#5611=EDGE_CURVE('',#4370,#4372,#2155,.T.);
#5612=EDGE_CURVE('',#4373,#4371,#2156,.T.);
#5613=EDGE_CURVE('',#4372,#4373,#2157,.T.);
#5614=EDGE_CURVE('',#4372,#4374,#2158,.T.);
#5615=EDGE_CURVE('',#4375,#4373,#2159,.T.);
#5616=EDGE_CURVE('',#4374,#4375,#2160,.T.);
#5617=EDGE_CURVE('',#4374,#4376,#2161,.T.);
#5618=EDGE_CURVE('',#4377,#4375,#2162,.T.);
#5619=EDGE_CURVE('',#4376,#4377,#2163,.T.);
#5620=EDGE_CURVE('',#4376,#4378,#2164,.T.);
#5621=EDGE_CURVE('',#4379,#4377,#2165,.T.);
#5622=EDGE_CURVE('',#4378,#4379,#2166,.T.);
#5623=EDGE_CURVE('',#4378,#4380,#2167,.T.);
#5624=EDGE_CURVE('',#4381,#4379,#2168,.T.);
#5625=EDGE_CURVE('',#4380,#4381,#2169,.T.);
#5626=EDGE_CURVE('',#4380,#4382,#2170,.T.);
#5627=EDGE_CURVE('',#4383,#4381,#2171,.T.);
#5628=EDGE_CURVE('',#4382,#4383,#2172,.T.);
#5629=EDGE_CURVE('',#4382,#4384,#2173,.T.);
#5630=EDGE_CURVE('',#4385,#4383,#2174,.T.);
#5631=EDGE_CURVE('',#4384,#4385,#2175,.T.);
#5632=EDGE_CURVE('',#4384,#4362,#2176,.T.);
#5633=EDGE_CURVE('',#4364,#4385,#2177,.T.);
#5634=EDGE_CURVE('',#4386,#4387,#2178,.T.);
#5635=EDGE_CURVE('',#4386,#4388,#2179,.T.);
#5636=EDGE_CURVE('',#4389,#4388,#2180,.T.);
#5637=EDGE_CURVE('',#4387,#4389,#2181,.T.);
#5638=EDGE_CURVE('',#4387,#4390,#3616,.T.);
#5639=EDGE_CURVE('',#4391,#4389,#3617,.T.);
#5640=EDGE_CURVE('',#4390,#4391,#2182,.T.);
#5641=EDGE_CURVE('',#4390,#4392,#3618,.T.);
#5642=EDGE_CURVE('',#4393,#4391,#3619,.T.);
#5643=EDGE_CURVE('',#4392,#4393,#2183,.T.);
#5644=EDGE_CURVE('',#4392,#4394,#3620,.T.);
#5645=EDGE_CURVE('',#4395,#4393,#3621,.T.);
#5646=EDGE_CURVE('',#4394,#4395,#2184,.T.);
#5647=EDGE_CURVE('',#4394,#4396,#3622,.T.);
#5648=EDGE_CURVE('',#4397,#4395,#3623,.T.);
#5649=EDGE_CURVE('',#4396,#4397,#2185,.T.);
#5650=EDGE_CURVE('',#4396,#4398,#3624,.T.);
#5651=EDGE_CURVE('',#4399,#4397,#3625,.T.);
#5652=EDGE_CURVE('',#4398,#4399,#2186,.T.);
#5653=EDGE_CURVE('',#4398,#4400,#3626,.T.);
#5654=EDGE_CURVE('',#4401,#4399,#3627,.T.);
#5655=EDGE_CURVE('',#4400,#4401,#2187,.T.);
#5656=EDGE_CURVE('',#4400,#4402,#2188,.T.);
#5657=EDGE_CURVE('',#4403,#4401,#2189,.T.);
#5658=EDGE_CURVE('',#4402,#4403,#2190,.T.);
#5659=EDGE_CURVE('',#4402,#4404,#2191,.T.);
#5660=EDGE_CURVE('',#4405,#4403,#2192,.T.);
#5661=EDGE_CURVE('',#4404,#4405,#2193,.T.);
#5662=EDGE_CURVE('',#4404,#4406,#3628,.T.);
#5663=EDGE_CURVE('',#4407,#4405,#3629,.T.);
#5664=EDGE_CURVE('',#4406,#4407,#2194,.T.);
#5665=EDGE_CURVE('',#4406,#4408,#3630,.T.);
#5666=EDGE_CURVE('',#4409,#4407,#3631,.T.);
#5667=EDGE_CURVE('',#4408,#4409,#2195,.T.);
#5668=EDGE_CURVE('',#4408,#4410,#3632,.T.);
#5669=EDGE_CURVE('',#4411,#4409,#3633,.T.);
#5670=EDGE_CURVE('',#4410,#4411,#2196,.T.);
#5671=EDGE_CURVE('',#4410,#4412,#3634,.T.);
#5672=EDGE_CURVE('',#4413,#4411,#3635,.T.);
#5673=EDGE_CURVE('',#4412,#4413,#2197,.T.);
#5674=EDGE_CURVE('',#4412,#4414,#3636,.T.);
#5675=EDGE_CURVE('',#4415,#4413,#3637,.T.);
#5676=EDGE_CURVE('',#4414,#4415,#2198,.T.);
#5677=EDGE_CURVE('',#4414,#4416,#2199,.T.);
#5678=EDGE_CURVE('',#4417,#4415,#2200,.T.);
#5679=EDGE_CURVE('',#4416,#4417,#2201,.T.);
#5680=EDGE_CURVE('',#4416,#4418,#2202,.T.);
#5681=EDGE_CURVE('',#4419,#4417,#2203,.T.);
#5682=EDGE_CURVE('',#4418,#4419,#2204,.T.);
#5683=EDGE_CURVE('',#4418,#4386,#2205,.T.);
#5684=EDGE_CURVE('',#4388,#4419,#2206,.T.);
#5685=EDGE_CURVE('',#4420,#4421,#2207,.T.);
#5686=EDGE_CURVE('',#4420,#4422,#2208,.T.);
#5687=EDGE_CURVE('',#4423,#4422,#2209,.T.);
#5688=EDGE_CURVE('',#4421,#4423,#2210,.T.);
#5689=EDGE_CURVE('',#4424,#4420,#2211,.T.);
#5690=EDGE_CURVE('',#4424,#4425,#2212,.T.);
#5691=EDGE_CURVE('',#4422,#4425,#2213,.T.);
#5692=EDGE_CURVE('',#4421,#4424,#2214,.T.);
#5693=EDGE_CURVE('',#4425,#4423,#2215,.T.);
#5694=EDGE_CURVE('',#4426,#4427,#2216,.T.);
#5695=EDGE_CURVE('',#4426,#4428,#2217,.T.);
#5696=EDGE_CURVE('',#4429,#4428,#2218,.T.);
#5697=EDGE_CURVE('',#4427,#4429,#2219,.T.);
#5698=EDGE_CURVE('',#4427,#4430,#2220,.T.);
#5699=EDGE_CURVE('',#4431,#4429,#2221,.T.);
#5700=EDGE_CURVE('',#4430,#4431,#2222,.T.);
#5701=EDGE_CURVE('',#4430,#4432,#2223,.T.);
#5702=EDGE_CURVE('',#4433,#4431,#2224,.T.);
#5703=EDGE_CURVE('',#4432,#4433,#2225,.T.);
#5704=EDGE_CURVE('',#4432,#4434,#2226,.T.);
#5705=EDGE_CURVE('',#4435,#4433,#2227,.T.);
#5706=EDGE_CURVE('',#4434,#4435,#2228,.T.);
#5707=EDGE_CURVE('',#4434,#4436,#2229,.T.);
#5708=EDGE_CURVE('',#4437,#4435,#2230,.T.);
#5709=EDGE_CURVE('',#4436,#4437,#2231,.T.);
#5710=EDGE_CURVE('',#4436,#4438,#2232,.T.);
#5711=EDGE_CURVE('',#4439,#4437,#2233,.T.);
#5712=EDGE_CURVE('',#4438,#4439,#2234,.T.);
#5713=EDGE_CURVE('',#4438,#4440,#2235,.T.);
#5714=EDGE_CURVE('',#4441,#4439,#2236,.T.);
#5715=EDGE_CURVE('',#4440,#4441,#2237,.T.);
#5716=EDGE_CURVE('',#4440,#4426,#2238,.T.);
#5717=EDGE_CURVE('',#4428,#4441,#2239,.T.);
#5718=EDGE_CURVE('',#4442,#4443,#2240,.T.);
#5719=EDGE_CURVE('',#4442,#4444,#2241,.T.);
#5720=EDGE_CURVE('',#4445,#4444,#2242,.T.);
#5721=EDGE_CURVE('',#4443,#4445,#2243,.T.);
#5722=EDGE_CURVE('',#4443,#4446,#2244,.T.);
#5723=EDGE_CURVE('',#4447,#4445,#2245,.T.);
#5724=EDGE_CURVE('',#4446,#4447,#2246,.T.);
#5725=EDGE_CURVE('',#4446,#4448,#2247,.T.);
#5726=EDGE_CURVE('',#4449,#4447,#2248,.T.);
#5727=EDGE_CURVE('',#4448,#4449,#2249,.T.);
#5728=EDGE_CURVE('',#4448,#4450,#2250,.T.);
#5729=EDGE_CURVE('',#4451,#4449,#2251,.T.);
#5730=EDGE_CURVE('',#4450,#4451,#2252,.T.);
#5731=EDGE_CURVE('',#4450,#4452,#2253,.T.);
#5732=EDGE_CURVE('',#4453,#4451,#2254,.T.);
#5733=EDGE_CURVE('',#4452,#4453,#2255,.T.);
#5734=EDGE_CURVE('',#4452,#4454,#2256,.T.);
#5735=EDGE_CURVE('',#4455,#4453,#2257,.T.);
#5736=EDGE_CURVE('',#4454,#4455,#2258,.T.);
#5737=EDGE_CURVE('',#4454,#4456,#2259,.T.);
#5738=EDGE_CURVE('',#4457,#4455,#2260,.T.);
#5739=EDGE_CURVE('',#4456,#4457,#2261,.T.);
#5740=EDGE_CURVE('',#4456,#4458,#2262,.T.);
#5741=EDGE_CURVE('',#4459,#4457,#2263,.T.);
#5742=EDGE_CURVE('',#4458,#4459,#2264,.T.);
#5743=EDGE_CURVE('',#4458,#4460,#2265,.T.);
#5744=EDGE_CURVE('',#4461,#4459,#2266,.T.);
#5745=EDGE_CURVE('',#4460,#4461,#2267,.T.);
#5746=EDGE_CURVE('',#4460,#4462,#2268,.T.);
#5747=EDGE_CURVE('',#4463,#4461,#2269,.T.);
#5748=EDGE_CURVE('',#4462,#4463,#2270,.T.);
#5749=EDGE_CURVE('',#4462,#4464,#2271,.T.);
#5750=EDGE_CURVE('',#4465,#4463,#2272,.T.);
#5751=EDGE_CURVE('',#4464,#4465,#2273,.T.);
#5752=EDGE_CURVE('',#4464,#4442,#2274,.T.);
#5753=EDGE_CURVE('',#4444,#4465,#2275,.T.);
#5754=EDGE_CURVE('',#4466,#4467,#2276,.T.);
#5755=EDGE_CURVE('',#4466,#4468,#2277,.T.);
#5756=EDGE_CURVE('',#4469,#4468,#2278,.T.);
#5757=EDGE_CURVE('',#4467,#4469,#2279,.T.);
#5758=EDGE_CURVE('',#4467,#4470,#2280,.T.);
#5759=EDGE_CURVE('',#4471,#4469,#2281,.T.);
#5760=EDGE_CURVE('',#4470,#4471,#2282,.T.);
#5761=EDGE_CURVE('',#4470,#4472,#2283,.T.);
#5762=EDGE_CURVE('',#4473,#4471,#2284,.T.);
#5763=EDGE_CURVE('',#4472,#4473,#2285,.T.);
#5764=EDGE_CURVE('',#4472,#4466,#2286,.T.);
#5765=EDGE_CURVE('',#4468,#4473,#2287,.T.);
#5766=EDGE_CURVE('',#4474,#4475,#2288,.T.);
#5767=EDGE_CURVE('',#4474,#4476,#2289,.T.);
#5768=EDGE_CURVE('',#4477,#4476,#2290,.T.);
#5769=EDGE_CURVE('',#4475,#4477,#2291,.T.);
#5770=EDGE_CURVE('',#4475,#4478,#2292,.T.);
#5771=EDGE_CURVE('',#4479,#4477,#2293,.T.);
#5772=EDGE_CURVE('',#4478,#4479,#2294,.T.);
#5773=EDGE_CURVE('',#4478,#4480,#2295,.T.);
#5774=EDGE_CURVE('',#4481,#4479,#2296,.T.);
#5775=EDGE_CURVE('',#4480,#4481,#2297,.T.);
#5776=EDGE_CURVE('',#4480,#4482,#2298,.T.);
#5777=EDGE_CURVE('',#4483,#4481,#2299,.T.);
#5778=EDGE_CURVE('',#4482,#4483,#2300,.T.);
#5779=EDGE_CURVE('',#4482,#4484,#2301,.T.);
#5780=EDGE_CURVE('',#4485,#4483,#2302,.T.);
#5781=EDGE_CURVE('',#4484,#4485,#2303,.T.);
#5782=EDGE_CURVE('',#4484,#4486,#2304,.T.);
#5783=EDGE_CURVE('',#4487,#4485,#2305,.T.);
#5784=EDGE_CURVE('',#4486,#4487,#2306,.T.);
#5785=EDGE_CURVE('',#4486,#4474,#2307,.T.);
#5786=EDGE_CURVE('',#4476,#4487,#2308,.T.);
#5787=EDGE_CURVE('',#4488,#4489,#2309,.T.);
#5788=EDGE_CURVE('',#4490,#4488,#2310,.T.);
#5789=EDGE_CURVE('',#4491,#4490,#2311,.T.);
#5790=EDGE_CURVE('',#4489,#4491,#2312,.T.);
#5791=EDGE_CURVE('',#4492,#4493,#3638,.T.);
#5792=EDGE_CURVE('',#4493,#4494,#2313,.T.);
#5793=EDGE_CURVE('',#4494,#4495,#3639,.T.);
#5794=EDGE_CURVE('',#4495,#4492,#2314,.T.);
#5795=EDGE_CURVE('',#4496,#4497,#3640,.T.);
#5796=EDGE_CURVE('',#4497,#4495,#42,.T.);
#5797=EDGE_CURVE('',#4494,#4496,#43,.T.);
#5798=EDGE_CURVE('',#4498,#4499,#3641,.T.);
#5799=EDGE_CURVE('',#4499,#4497,#2315,.T.);
#5800=EDGE_CURVE('',#4496,#4498,#2316,.T.);
#5801=EDGE_CURVE('',#4498,#4493,#44,.T.);
#5802=EDGE_CURVE('',#4492,#4499,#45,.T.);
#5803=EDGE_CURVE('',#4494,#3904,#2317,.T.);
#5804=EDGE_CURVE('',#3902,#4496,#2318,.T.);
#5805=EDGE_CURVE('',#4493,#3905,#2319,.T.);
#5806=EDGE_CURVE('',#4500,#4501,#2320,.T.);
#5807=EDGE_CURVE('',#4502,#4500,#2321,.T.);
#5808=EDGE_CURVE('',#4503,#4502,#2322,.T.);
#5809=EDGE_CURVE('',#4501,#4503,#2323,.T.);
#5810=EDGE_CURVE('',#4498,#3903,#2324,.T.);
#5811=EDGE_CURVE('',#4504,#4505,#46,.F.);
#5812=EDGE_CURVE('',#4491,#4504,#47,.F.);
#5813=EDGE_CURVE('',#4505,#4491,#48,.F.);
#5814=EDGE_CURVE('',#4506,#4507,#49,.F.);
#5815=EDGE_CURVE('',#4490,#4506,#50,.F.);
#5816=EDGE_CURVE('',#4507,#4490,#51,.F.);
#5817=EDGE_CURVE('',#4506,#4505,#2325,.T.);
#5818=EDGE_CURVE('',#4508,#4509,#52,.F.);
#5819=EDGE_CURVE('',#4510,#4508,#53,.F.);
#5820=EDGE_CURVE('',#4509,#4510,#54,.F.);
#5821=EDGE_CURVE('',#4508,#4504,#2326,.T.);
#5822=EDGE_CURVE('',#4505,#4510,#2327,.T.);
#5823=EDGE_CURVE('',#4500,#4511,#55,.F.);
#5824=EDGE_CURVE('',#4489,#4500,#56,.F.);
#5825=EDGE_CURVE('',#4511,#4489,#57,.F.);
#5826=EDGE_CURVE('',#4512,#4513,#58,.F.);
#5827=EDGE_CURVE('',#4514,#4512,#59,.F.);
#5828=EDGE_CURVE('',#4513,#4514,#60,.F.);
#5829=EDGE_CURVE('',#4512,#4506,#2328,.T.);
#5830=EDGE_CURVE('',#4507,#4514,#2329,.T.);
#5831=EDGE_CURVE('',#4488,#4515,#61,.F.);
#5832=EDGE_CURVE('',#4501,#4488,#62,.F.);
#5833=EDGE_CURVE('',#4515,#4501,#63,.F.);
#5834=EDGE_CURVE('',#4502,#4516,#64,.F.);
#5835=EDGE_CURVE('',#4517,#4502,#65,.F.);
#5836=EDGE_CURVE('',#4516,#4517,#66,.F.);
#5837=EDGE_CURVE('',#4511,#4517,#2330,.T.);
#5838=EDGE_CURVE('',#4509,#4516,#2331,.T.);
#5839=EDGE_CURVE('',#4517,#4508,#2332,.T.);
#5840=EDGE_CURVE('',#4518,#4519,#67,.F.);
#5841=EDGE_CURVE('',#4503,#4518,#68,.F.);
#5842=EDGE_CURVE('',#4519,#4503,#69,.F.);
#5843=EDGE_CURVE('',#4518,#4515,#2333,.T.);
#5844=EDGE_CURVE('',#4516,#4519,#2334,.T.);
#5845=EDGE_CURVE('',#4519,#4513,#2335,.T.);
#5846=EDGE_CURVE('',#4514,#4518,#2336,.T.);
#5847=EDGE_CURVE('',#4515,#4507,#2337,.T.);
#5848=EDGE_CURVE('',#4513,#4509,#2338,.T.);
#5849=EDGE_CURVE('',#4510,#4512,#2339,.T.);
#5850=EDGE_CURVE('',#4504,#4511,#2340,.T.);
#5851=ORIENTED_EDGE('',*,*,#4520,.F.);
#5852=ORIENTED_EDGE('',*,*,#4521,.T.);
#5853=ORIENTED_EDGE('',*,*,#4522,.F.);
#5854=ORIENTED_EDGE('',*,*,#4523,.F.);
#5855=ORIENTED_EDGE('',*,*,#4524,.F.);
#5856=ORIENTED_EDGE('',*,*,#4525,.T.);
#5857=ORIENTED_EDGE('',*,*,#4526,.F.);
#5858=ORIENTED_EDGE('',*,*,#4521,.F.);
#5859=ORIENTED_EDGE('',*,*,#4527,.F.);
#5860=ORIENTED_EDGE('',*,*,#4528,.T.);
#5861=ORIENTED_EDGE('',*,*,#4529,.F.);
#5862=ORIENTED_EDGE('',*,*,#4525,.F.);
#5863=ORIENTED_EDGE('',*,*,#4530,.F.);
#5864=ORIENTED_EDGE('',*,*,#4531,.T.);
#5865=ORIENTED_EDGE('',*,*,#4532,.F.);
#5866=ORIENTED_EDGE('',*,*,#4528,.F.);
#5867=ORIENTED_EDGE('',*,*,#4533,.F.);
#5868=ORIENTED_EDGE('',*,*,#4523,.T.);
#5869=ORIENTED_EDGE('',*,*,#4534,.F.);
#5870=ORIENTED_EDGE('',*,*,#4531,.F.);
#5871=ORIENTED_EDGE('',*,*,#4535,.F.);
#5872=ORIENTED_EDGE('',*,*,#4536,.T.);
#5873=ORIENTED_EDGE('',*,*,#4537,.F.);
#5874=ORIENTED_EDGE('',*,*,#4538,.F.);
#5875=ORIENTED_EDGE('',*,*,#4539,.F.);
#5876=ORIENTED_EDGE('',*,*,#4538,.T.);
#5877=ORIENTED_EDGE('',*,*,#4540,.F.);
#5878=ORIENTED_EDGE('',*,*,#4541,.F.);
#5879=ORIENTED_EDGE('',*,*,#4542,.F.);
#5880=ORIENTED_EDGE('',*,*,#4541,.T.);
#5881=ORIENTED_EDGE('',*,*,#4543,.F.);
#5882=ORIENTED_EDGE('',*,*,#4544,.F.);
#5883=ORIENTED_EDGE('',*,*,#4545,.F.);
#5884=ORIENTED_EDGE('',*,*,#4544,.T.);
#5885=ORIENTED_EDGE('',*,*,#4546,.F.);
#5886=ORIENTED_EDGE('',*,*,#4547,.F.);
#5887=ORIENTED_EDGE('',*,*,#4548,.F.);
#5888=ORIENTED_EDGE('',*,*,#4547,.T.);
#5889=ORIENTED_EDGE('',*,*,#4549,.F.);
#5890=ORIENTED_EDGE('',*,*,#4550,.F.);
#5891=ORIENTED_EDGE('',*,*,#4551,.F.);
#5892=ORIENTED_EDGE('',*,*,#4550,.T.);
#5893=ORIENTED_EDGE('',*,*,#4552,.F.);
#5894=ORIENTED_EDGE('',*,*,#4553,.F.);
#5895=ORIENTED_EDGE('',*,*,#4554,.F.);
#5896=ORIENTED_EDGE('',*,*,#4553,.T.);
#5897=ORIENTED_EDGE('',*,*,#4555,.F.);
#5898=ORIENTED_EDGE('',*,*,#4556,.F.);
#5899=ORIENTED_EDGE('',*,*,#4557,.F.);
#5900=ORIENTED_EDGE('',*,*,#4556,.T.);
#5901=ORIENTED_EDGE('',*,*,#4558,.F.);
#5902=ORIENTED_EDGE('',*,*,#4559,.F.);
#5903=ORIENTED_EDGE('',*,*,#4560,.F.);
#5904=ORIENTED_EDGE('',*,*,#4559,.T.);
#5905=ORIENTED_EDGE('',*,*,#4561,.F.);
#5906=ORIENTED_EDGE('',*,*,#4562,.F.);
#5907=ORIENTED_EDGE('',*,*,#4563,.F.);
#5908=ORIENTED_EDGE('',*,*,#4562,.T.);
#5909=ORIENTED_EDGE('',*,*,#4564,.F.);
#5910=ORIENTED_EDGE('',*,*,#4565,.F.);
#5911=ORIENTED_EDGE('',*,*,#4566,.F.);
#5912=ORIENTED_EDGE('',*,*,#4565,.T.);
#5913=ORIENTED_EDGE('',*,*,#4567,.F.);
#5914=ORIENTED_EDGE('',*,*,#4568,.F.);
#5915=ORIENTED_EDGE('',*,*,#4569,.F.);
#5916=ORIENTED_EDGE('',*,*,#4568,.T.);
#5917=ORIENTED_EDGE('',*,*,#4570,.F.);
#5918=ORIENTED_EDGE('',*,*,#4536,.F.);
#5919=ORIENTED_EDGE('',*,*,#4570,.T.);
#5920=ORIENTED_EDGE('',*,*,#4567,.T.);
#5921=ORIENTED_EDGE('',*,*,#4564,.T.);
#5922=ORIENTED_EDGE('',*,*,#4561,.T.);
#5923=ORIENTED_EDGE('',*,*,#4558,.T.);
#5924=ORIENTED_EDGE('',*,*,#4555,.T.);
#5925=ORIENTED_EDGE('',*,*,#4552,.T.);
#5926=ORIENTED_EDGE('',*,*,#4549,.T.);
#5927=ORIENTED_EDGE('',*,*,#4546,.T.);
#5928=ORIENTED_EDGE('',*,*,#4543,.T.);
#5929=ORIENTED_EDGE('',*,*,#4540,.T.);
#5930=ORIENTED_EDGE('',*,*,#4537,.T.);
#5931=ORIENTED_EDGE('',*,*,#4522,.T.);
#5932=ORIENTED_EDGE('',*,*,#4526,.T.);
#5933=ORIENTED_EDGE('',*,*,#4529,.T.);
#5934=ORIENTED_EDGE('',*,*,#4532,.T.);
#5935=ORIENTED_EDGE('',*,*,#4534,.T.);
#5936=ORIENTED_EDGE('',*,*,#4571,.F.);
#5937=ORIENTED_EDGE('',*,*,#4572,.T.);
#5938=ORIENTED_EDGE('',*,*,#4573,.F.);
#5939=ORIENTED_EDGE('',*,*,#4574,.F.);
#5940=ORIENTED_EDGE('',*,*,#4575,.F.);
#5941=ORIENTED_EDGE('',*,*,#4574,.T.);
#5942=ORIENTED_EDGE('',*,*,#4576,.F.);
#5943=ORIENTED_EDGE('',*,*,#4577,.F.);
#5944=ORIENTED_EDGE('',*,*,#4578,.F.);
#5945=ORIENTED_EDGE('',*,*,#4577,.T.);
#5946=ORIENTED_EDGE('',*,*,#4579,.F.);
#5947=ORIENTED_EDGE('',*,*,#4580,.F.);
#5948=ORIENTED_EDGE('',*,*,#4581,.F.);
#5949=ORIENTED_EDGE('',*,*,#4580,.T.);
#5950=ORIENTED_EDGE('',*,*,#4582,.F.);
#5951=ORIENTED_EDGE('',*,*,#4583,.F.);
#5952=ORIENTED_EDGE('',*,*,#4584,.F.);
#5953=ORIENTED_EDGE('',*,*,#4583,.T.);
#5954=ORIENTED_EDGE('',*,*,#4585,.F.);
#5955=ORIENTED_EDGE('',*,*,#4586,.F.);
#5956=ORIENTED_EDGE('',*,*,#4587,.F.);
#5957=ORIENTED_EDGE('',*,*,#4586,.T.);
#5958=ORIENTED_EDGE('',*,*,#4588,.F.);
#5959=ORIENTED_EDGE('',*,*,#4589,.F.);
#5960=ORIENTED_EDGE('',*,*,#4590,.F.);
#5961=ORIENTED_EDGE('',*,*,#4589,.T.);
#5962=ORIENTED_EDGE('',*,*,#4591,.F.);
#5963=ORIENTED_EDGE('',*,*,#4592,.F.);
#5964=ORIENTED_EDGE('',*,*,#4593,.F.);
#5965=ORIENTED_EDGE('',*,*,#4592,.T.);
#5966=ORIENTED_EDGE('',*,*,#4594,.F.);
#5967=ORIENTED_EDGE('',*,*,#4595,.F.);
#5968=ORIENTED_EDGE('',*,*,#4596,.F.);
#5969=ORIENTED_EDGE('',*,*,#4595,.T.);
#5970=ORIENTED_EDGE('',*,*,#4597,.F.);
#5971=ORIENTED_EDGE('',*,*,#4598,.F.);
#5972=ORIENTED_EDGE('',*,*,#4599,.F.);
#5973=ORIENTED_EDGE('',*,*,#4598,.T.);
#5974=ORIENTED_EDGE('',*,*,#4600,.F.);
#5975=ORIENTED_EDGE('',*,*,#4601,.F.);
#5976=ORIENTED_EDGE('',*,*,#4602,.F.);
#5977=ORIENTED_EDGE('',*,*,#4601,.T.);
#5978=ORIENTED_EDGE('',*,*,#4603,.F.);
#5979=ORIENTED_EDGE('',*,*,#4604,.F.);
#5980=ORIENTED_EDGE('',*,*,#4605,.F.);
#5981=ORIENTED_EDGE('',*,*,#4604,.T.);
#5982=ORIENTED_EDGE('',*,*,#4606,.F.);
#5983=ORIENTED_EDGE('',*,*,#4607,.F.);
#5984=ORIENTED_EDGE('',*,*,#4608,.F.);
#5985=ORIENTED_EDGE('',*,*,#4607,.T.);
#5986=ORIENTED_EDGE('',*,*,#4609,.F.);
#5987=ORIENTED_EDGE('',*,*,#4610,.F.);
#5988=ORIENTED_EDGE('',*,*,#4611,.F.);
#5989=ORIENTED_EDGE('',*,*,#4610,.T.);
#5990=ORIENTED_EDGE('',*,*,#4612,.F.);
#5991=ORIENTED_EDGE('',*,*,#4613,.F.);
#5992=ORIENTED_EDGE('',*,*,#4614,.F.);
#5993=ORIENTED_EDGE('',*,*,#4613,.T.);
#5994=ORIENTED_EDGE('',*,*,#4615,.F.);
#5995=ORIENTED_EDGE('',*,*,#4616,.F.);
#5996=ORIENTED_EDGE('',*,*,#4617,.F.);
#5997=ORIENTED_EDGE('',*,*,#4616,.T.);
#5998=ORIENTED_EDGE('',*,*,#4618,.F.);
#5999=ORIENTED_EDGE('',*,*,#4619,.F.);
#6000=ORIENTED_EDGE('',*,*,#4620,.F.);
#6001=ORIENTED_EDGE('',*,*,#4619,.T.);
#6002=ORIENTED_EDGE('',*,*,#4621,.F.);
#6003=ORIENTED_EDGE('',*,*,#4572,.F.);
#6004=ORIENTED_EDGE('',*,*,#4621,.T.);
#6005=ORIENTED_EDGE('',*,*,#4618,.T.);
#6006=ORIENTED_EDGE('',*,*,#4615,.T.);
#6007=ORIENTED_EDGE('',*,*,#4612,.T.);
#6008=ORIENTED_EDGE('',*,*,#4609,.T.);
#6009=ORIENTED_EDGE('',*,*,#4606,.T.);
#6010=ORIENTED_EDGE('',*,*,#4603,.T.);
#6011=ORIENTED_EDGE('',*,*,#4600,.T.);
#6012=ORIENTED_EDGE('',*,*,#4597,.T.);
#6013=ORIENTED_EDGE('',*,*,#4594,.T.);
#6014=ORIENTED_EDGE('',*,*,#4591,.T.);
#6015=ORIENTED_EDGE('',*,*,#4588,.T.);
#6016=ORIENTED_EDGE('',*,*,#4585,.T.);
#6017=ORIENTED_EDGE('',*,*,#4582,.T.);
#6018=ORIENTED_EDGE('',*,*,#4579,.T.);
#6019=ORIENTED_EDGE('',*,*,#4576,.T.);
#6020=ORIENTED_EDGE('',*,*,#4573,.T.);
#6021=ORIENTED_EDGE('',*,*,#4622,.F.);
#6022=ORIENTED_EDGE('',*,*,#4623,.T.);
#6023=ORIENTED_EDGE('',*,*,#4624,.F.);
#6024=ORIENTED_EDGE('',*,*,#4625,.F.);
#6025=ORIENTED_EDGE('',*,*,#4626,.F.);
#6026=ORIENTED_EDGE('',*,*,#4625,.T.);
#6027=ORIENTED_EDGE('',*,*,#4627,.F.);
#6028=ORIENTED_EDGE('',*,*,#4628,.F.);
#6029=ORIENTED_EDGE('',*,*,#4629,.F.);
#6030=ORIENTED_EDGE('',*,*,#4628,.T.);
#6031=ORIENTED_EDGE('',*,*,#4630,.F.);
#6032=ORIENTED_EDGE('',*,*,#4631,.F.);
#6033=ORIENTED_EDGE('',*,*,#4632,.F.);
#6034=ORIENTED_EDGE('',*,*,#4631,.T.);
#6035=ORIENTED_EDGE('',*,*,#4633,.F.);
#6036=ORIENTED_EDGE('',*,*,#4634,.F.);
#6037=ORIENTED_EDGE('',*,*,#4635,.F.);
#6038=ORIENTED_EDGE('',*,*,#4634,.T.);
#6039=ORIENTED_EDGE('',*,*,#4636,.F.);
#6040=ORIENTED_EDGE('',*,*,#4637,.F.);
#6041=ORIENTED_EDGE('',*,*,#4638,.F.);
#6042=ORIENTED_EDGE('',*,*,#4637,.T.);
#6043=ORIENTED_EDGE('',*,*,#4639,.F.);
#6044=ORIENTED_EDGE('',*,*,#4640,.F.);
#6045=ORIENTED_EDGE('',*,*,#4641,.F.);
#6046=ORIENTED_EDGE('',*,*,#4640,.T.);
#6047=ORIENTED_EDGE('',*,*,#4642,.F.);
#6048=ORIENTED_EDGE('',*,*,#4643,.F.);
#6049=ORIENTED_EDGE('',*,*,#4644,.F.);
#6050=ORIENTED_EDGE('',*,*,#4643,.T.);
#6051=ORIENTED_EDGE('',*,*,#4645,.F.);
#6052=ORIENTED_EDGE('',*,*,#4646,.F.);
#6053=ORIENTED_EDGE('',*,*,#4647,.F.);
#6054=ORIENTED_EDGE('',*,*,#4646,.T.);
#6055=ORIENTED_EDGE('',*,*,#4648,.F.);
#6056=ORIENTED_EDGE('',*,*,#4649,.F.);
#6057=ORIENTED_EDGE('',*,*,#4650,.F.);
#6058=ORIENTED_EDGE('',*,*,#4649,.T.);
#6059=ORIENTED_EDGE('',*,*,#4651,.F.);
#6060=ORIENTED_EDGE('',*,*,#4652,.F.);
#6061=ORIENTED_EDGE('',*,*,#4653,.F.);
#6062=ORIENTED_EDGE('',*,*,#4652,.T.);
#6063=ORIENTED_EDGE('',*,*,#4654,.F.);
#6064=ORIENTED_EDGE('',*,*,#4655,.F.);
#6065=ORIENTED_EDGE('',*,*,#4656,.F.);
#6066=ORIENTED_EDGE('',*,*,#4655,.T.);
#6067=ORIENTED_EDGE('',*,*,#4657,.F.);
#6068=ORIENTED_EDGE('',*,*,#4658,.F.);
#6069=ORIENTED_EDGE('',*,*,#4659,.F.);
#6070=ORIENTED_EDGE('',*,*,#4658,.T.);
#6071=ORIENTED_EDGE('',*,*,#4660,.F.);
#6072=ORIENTED_EDGE('',*,*,#4661,.F.);
#6073=ORIENTED_EDGE('',*,*,#4662,.F.);
#6074=ORIENTED_EDGE('',*,*,#4661,.T.);
#6075=ORIENTED_EDGE('',*,*,#4663,.F.);
#6076=ORIENTED_EDGE('',*,*,#4664,.F.);
#6077=ORIENTED_EDGE('',*,*,#4665,.F.);
#6078=ORIENTED_EDGE('',*,*,#4664,.T.);
#6079=ORIENTED_EDGE('',*,*,#4666,.F.);
#6080=ORIENTED_EDGE('',*,*,#4667,.F.);
#6081=ORIENTED_EDGE('',*,*,#4668,.F.);
#6082=ORIENTED_EDGE('',*,*,#4667,.T.);
#6083=ORIENTED_EDGE('',*,*,#4669,.F.);
#6084=ORIENTED_EDGE('',*,*,#4670,.F.);
#6085=ORIENTED_EDGE('',*,*,#4671,.F.);
#6086=ORIENTED_EDGE('',*,*,#4670,.T.);
#6087=ORIENTED_EDGE('',*,*,#4672,.F.);
#6088=ORIENTED_EDGE('',*,*,#4673,.F.);
#6089=ORIENTED_EDGE('',*,*,#4674,.F.);
#6090=ORIENTED_EDGE('',*,*,#4673,.T.);
#6091=ORIENTED_EDGE('',*,*,#4675,.F.);
#6092=ORIENTED_EDGE('',*,*,#4623,.F.);
#6093=ORIENTED_EDGE('',*,*,#4675,.T.);
#6094=ORIENTED_EDGE('',*,*,#4672,.T.);
#6095=ORIENTED_EDGE('',*,*,#4669,.T.);
#6096=ORIENTED_EDGE('',*,*,#4666,.T.);
#6097=ORIENTED_EDGE('',*,*,#4663,.T.);
#6098=ORIENTED_EDGE('',*,*,#4660,.T.);
#6099=ORIENTED_EDGE('',*,*,#4657,.T.);
#6100=ORIENTED_EDGE('',*,*,#4654,.T.);
#6101=ORIENTED_EDGE('',*,*,#4651,.T.);
#6102=ORIENTED_EDGE('',*,*,#4648,.T.);
#6103=ORIENTED_EDGE('',*,*,#4645,.T.);
#6104=ORIENTED_EDGE('',*,*,#4642,.T.);
#6105=ORIENTED_EDGE('',*,*,#4639,.T.);
#6106=ORIENTED_EDGE('',*,*,#4636,.T.);
#6107=ORIENTED_EDGE('',*,*,#4633,.T.);
#6108=ORIENTED_EDGE('',*,*,#4630,.T.);
#6109=ORIENTED_EDGE('',*,*,#4627,.T.);
#6110=ORIENTED_EDGE('',*,*,#4624,.T.);
#6111=ORIENTED_EDGE('',*,*,#4676,.F.);
#6112=ORIENTED_EDGE('',*,*,#4677,.T.);
#6113=ORIENTED_EDGE('',*,*,#4678,.F.);
#6114=ORIENTED_EDGE('',*,*,#4679,.F.);
#6115=ORIENTED_EDGE('',*,*,#4680,.F.);
#6116=ORIENTED_EDGE('',*,*,#4681,.T.);
#6117=ORIENTED_EDGE('',*,*,#4682,.F.);
#6118=ORIENTED_EDGE('',*,*,#4677,.F.);
#6119=ORIENTED_EDGE('',*,*,#4683,.F.);
#6120=ORIENTED_EDGE('',*,*,#4684,.T.);
#6121=ORIENTED_EDGE('',*,*,#4685,.F.);
#6122=ORIENTED_EDGE('',*,*,#4681,.F.);
#6123=ORIENTED_EDGE('',*,*,#4686,.F.);
#6124=ORIENTED_EDGE('',*,*,#4687,.T.);
#6125=ORIENTED_EDGE('',*,*,#4688,.F.);
#6126=ORIENTED_EDGE('',*,*,#4684,.F.);
#6127=ORIENTED_EDGE('',*,*,#4689,.F.);
#6128=ORIENTED_EDGE('',*,*,#4679,.T.);
#6129=ORIENTED_EDGE('',*,*,#4690,.F.);
#6130=ORIENTED_EDGE('',*,*,#4687,.F.);
#6131=ORIENTED_EDGE('',*,*,#4691,.F.);
#6132=ORIENTED_EDGE('',*,*,#4692,.T.);
#6133=ORIENTED_EDGE('',*,*,#4693,.F.);
#6134=ORIENTED_EDGE('',*,*,#4694,.F.);
#6135=ORIENTED_EDGE('',*,*,#4695,.F.);
#6136=ORIENTED_EDGE('',*,*,#4694,.T.);
#6137=ORIENTED_EDGE('',*,*,#4696,.F.);
#6138=ORIENTED_EDGE('',*,*,#4697,.F.);
#6139=ORIENTED_EDGE('',*,*,#4698,.F.);
#6140=ORIENTED_EDGE('',*,*,#4697,.T.);
#6141=ORIENTED_EDGE('',*,*,#4699,.F.);
#6142=ORIENTED_EDGE('',*,*,#4700,.F.);
#6143=ORIENTED_EDGE('',*,*,#4701,.F.);
#6144=ORIENTED_EDGE('',*,*,#4700,.T.);
#6145=ORIENTED_EDGE('',*,*,#4702,.F.);
#6146=ORIENTED_EDGE('',*,*,#4703,.F.);
#6147=ORIENTED_EDGE('',*,*,#4704,.F.);
#6148=ORIENTED_EDGE('',*,*,#4703,.T.);
#6149=ORIENTED_EDGE('',*,*,#4705,.F.);
#6150=ORIENTED_EDGE('',*,*,#4706,.F.);
#6151=ORIENTED_EDGE('',*,*,#4707,.F.);
#6152=ORIENTED_EDGE('',*,*,#4706,.T.);
#6153=ORIENTED_EDGE('',*,*,#4708,.F.);
#6154=ORIENTED_EDGE('',*,*,#4709,.F.);
#6155=ORIENTED_EDGE('',*,*,#4710,.F.);
#6156=ORIENTED_EDGE('',*,*,#4709,.T.);
#6157=ORIENTED_EDGE('',*,*,#4711,.F.);
#6158=ORIENTED_EDGE('',*,*,#4712,.F.);
#6159=ORIENTED_EDGE('',*,*,#4713,.F.);
#6160=ORIENTED_EDGE('',*,*,#4712,.T.);
#6161=ORIENTED_EDGE('',*,*,#4714,.F.);
#6162=ORIENTED_EDGE('',*,*,#4715,.F.);
#6163=ORIENTED_EDGE('',*,*,#4716,.F.);
#6164=ORIENTED_EDGE('',*,*,#4715,.T.);
#6165=ORIENTED_EDGE('',*,*,#4717,.F.);
#6166=ORIENTED_EDGE('',*,*,#4718,.F.);
#6167=ORIENTED_EDGE('',*,*,#4719,.F.);
#6168=ORIENTED_EDGE('',*,*,#4718,.T.);
#6169=ORIENTED_EDGE('',*,*,#4720,.F.);
#6170=ORIENTED_EDGE('',*,*,#4721,.F.);
#6171=ORIENTED_EDGE('',*,*,#4722,.F.);
#6172=ORIENTED_EDGE('',*,*,#4721,.T.);
#6173=ORIENTED_EDGE('',*,*,#4723,.F.);
#6174=ORIENTED_EDGE('',*,*,#4724,.F.);
#6175=ORIENTED_EDGE('',*,*,#4725,.F.);
#6176=ORIENTED_EDGE('',*,*,#4724,.T.);
#6177=ORIENTED_EDGE('',*,*,#4726,.F.);
#6178=ORIENTED_EDGE('',*,*,#4727,.F.);
#6179=ORIENTED_EDGE('',*,*,#4728,.F.);
#6180=ORIENTED_EDGE('',*,*,#4727,.T.);
#6181=ORIENTED_EDGE('',*,*,#4729,.F.);
#6182=ORIENTED_EDGE('',*,*,#4730,.F.);
#6183=ORIENTED_EDGE('',*,*,#4731,.F.);
#6184=ORIENTED_EDGE('',*,*,#4730,.T.);
#6185=ORIENTED_EDGE('',*,*,#4732,.F.);
#6186=ORIENTED_EDGE('',*,*,#4733,.F.);
#6187=ORIENTED_EDGE('',*,*,#4734,.F.);
#6188=ORIENTED_EDGE('',*,*,#4733,.T.);
#6189=ORIENTED_EDGE('',*,*,#4735,.F.);
#6190=ORIENTED_EDGE('',*,*,#4736,.F.);
#6191=ORIENTED_EDGE('',*,*,#4737,.F.);
#6192=ORIENTED_EDGE('',*,*,#4736,.T.);
#6193=ORIENTED_EDGE('',*,*,#4738,.F.);
#6194=ORIENTED_EDGE('',*,*,#4739,.F.);
#6195=ORIENTED_EDGE('',*,*,#4740,.F.);
#6196=ORIENTED_EDGE('',*,*,#4739,.T.);
#6197=ORIENTED_EDGE('',*,*,#4741,.F.);
#6198=ORIENTED_EDGE('',*,*,#4742,.F.);
#6199=ORIENTED_EDGE('',*,*,#4743,.F.);
#6200=ORIENTED_EDGE('',*,*,#4742,.T.);
#6201=ORIENTED_EDGE('',*,*,#4744,.F.);
#6202=ORIENTED_EDGE('',*,*,#4692,.F.);
#6203=ORIENTED_EDGE('',*,*,#4744,.T.);
#6204=ORIENTED_EDGE('',*,*,#4741,.T.);
#6205=ORIENTED_EDGE('',*,*,#4738,.T.);
#6206=ORIENTED_EDGE('',*,*,#4735,.T.);
#6207=ORIENTED_EDGE('',*,*,#4732,.T.);
#6208=ORIENTED_EDGE('',*,*,#4729,.T.);
#6209=ORIENTED_EDGE('',*,*,#4726,.T.);
#6210=ORIENTED_EDGE('',*,*,#4723,.T.);
#6211=ORIENTED_EDGE('',*,*,#4720,.T.);
#6212=ORIENTED_EDGE('',*,*,#4717,.T.);
#6213=ORIENTED_EDGE('',*,*,#4714,.T.);
#6214=ORIENTED_EDGE('',*,*,#4711,.T.);
#6215=ORIENTED_EDGE('',*,*,#4708,.T.);
#6216=ORIENTED_EDGE('',*,*,#4705,.T.);
#6217=ORIENTED_EDGE('',*,*,#4702,.T.);
#6218=ORIENTED_EDGE('',*,*,#4699,.T.);
#6219=ORIENTED_EDGE('',*,*,#4696,.T.);
#6220=ORIENTED_EDGE('',*,*,#4693,.T.);
#6221=ORIENTED_EDGE('',*,*,#4678,.T.);
#6222=ORIENTED_EDGE('',*,*,#4682,.T.);
#6223=ORIENTED_EDGE('',*,*,#4685,.T.);
#6224=ORIENTED_EDGE('',*,*,#4688,.T.);
#6225=ORIENTED_EDGE('',*,*,#4690,.T.);
#6226=ORIENTED_EDGE('',*,*,#4745,.F.);
#6227=ORIENTED_EDGE('',*,*,#4746,.T.);
#6228=ORIENTED_EDGE('',*,*,#4747,.F.);
#6229=ORIENTED_EDGE('',*,*,#4748,.F.);
#6230=ORIENTED_EDGE('',*,*,#4749,.F.);
#6231=ORIENTED_EDGE('',*,*,#4748,.T.);
#6232=ORIENTED_EDGE('',*,*,#4750,.F.);
#6233=ORIENTED_EDGE('',*,*,#4751,.F.);
#6234=ORIENTED_EDGE('',*,*,#4752,.F.);
#6235=ORIENTED_EDGE('',*,*,#4751,.T.);
#6236=ORIENTED_EDGE('',*,*,#4753,.F.);
#6237=ORIENTED_EDGE('',*,*,#4754,.F.);
#6238=ORIENTED_EDGE('',*,*,#4755,.F.);
#6239=ORIENTED_EDGE('',*,*,#4754,.T.);
#6240=ORIENTED_EDGE('',*,*,#4756,.F.);
#6241=ORIENTED_EDGE('',*,*,#4757,.F.);
#6242=ORIENTED_EDGE('',*,*,#4758,.F.);
#6243=ORIENTED_EDGE('',*,*,#4757,.T.);
#6244=ORIENTED_EDGE('',*,*,#4759,.F.);
#6245=ORIENTED_EDGE('',*,*,#4760,.F.);
#6246=ORIENTED_EDGE('',*,*,#4761,.F.);
#6247=ORIENTED_EDGE('',*,*,#4760,.T.);
#6248=ORIENTED_EDGE('',*,*,#4762,.F.);
#6249=ORIENTED_EDGE('',*,*,#4763,.F.);
#6250=ORIENTED_EDGE('',*,*,#4764,.F.);
#6251=ORIENTED_EDGE('',*,*,#4763,.T.);
#6252=ORIENTED_EDGE('',*,*,#4765,.F.);
#6253=ORIENTED_EDGE('',*,*,#4766,.F.);
#6254=ORIENTED_EDGE('',*,*,#4767,.F.);
#6255=ORIENTED_EDGE('',*,*,#4766,.T.);
#6256=ORIENTED_EDGE('',*,*,#4768,.F.);
#6257=ORIENTED_EDGE('',*,*,#4769,.F.);
#6258=ORIENTED_EDGE('',*,*,#4770,.F.);
#6259=ORIENTED_EDGE('',*,*,#4769,.T.);
#6260=ORIENTED_EDGE('',*,*,#4771,.F.);
#6261=ORIENTED_EDGE('',*,*,#4772,.F.);
#6262=ORIENTED_EDGE('',*,*,#4773,.F.);
#6263=ORIENTED_EDGE('',*,*,#4772,.T.);
#6264=ORIENTED_EDGE('',*,*,#4774,.F.);
#6265=ORIENTED_EDGE('',*,*,#4775,.F.);
#6266=ORIENTED_EDGE('',*,*,#4776,.F.);
#6267=ORIENTED_EDGE('',*,*,#4775,.T.);
#6268=ORIENTED_EDGE('',*,*,#4777,.F.);
#6269=ORIENTED_EDGE('',*,*,#4778,.F.);
#6270=ORIENTED_EDGE('',*,*,#4779,.F.);
#6271=ORIENTED_EDGE('',*,*,#4778,.T.);
#6272=ORIENTED_EDGE('',*,*,#4780,.F.);
#6273=ORIENTED_EDGE('',*,*,#4781,.F.);
#6274=ORIENTED_EDGE('',*,*,#4782,.F.);
#6275=ORIENTED_EDGE('',*,*,#4781,.T.);
#6276=ORIENTED_EDGE('',*,*,#4783,.F.);
#6277=ORIENTED_EDGE('',*,*,#4784,.F.);
#6278=ORIENTED_EDGE('',*,*,#4785,.F.);
#6279=ORIENTED_EDGE('',*,*,#4784,.T.);
#6280=ORIENTED_EDGE('',*,*,#4786,.F.);
#6281=ORIENTED_EDGE('',*,*,#4787,.F.);
#6282=ORIENTED_EDGE('',*,*,#4788,.F.);
#6283=ORIENTED_EDGE('',*,*,#4787,.T.);
#6284=ORIENTED_EDGE('',*,*,#4789,.F.);
#6285=ORIENTED_EDGE('',*,*,#4790,.F.);
#6286=ORIENTED_EDGE('',*,*,#4791,.F.);
#6287=ORIENTED_EDGE('',*,*,#4790,.T.);
#6288=ORIENTED_EDGE('',*,*,#4792,.F.);
#6289=ORIENTED_EDGE('',*,*,#4793,.F.);
#6290=ORIENTED_EDGE('',*,*,#4794,.F.);
#6291=ORIENTED_EDGE('',*,*,#4793,.T.);
#6292=ORIENTED_EDGE('',*,*,#4795,.F.);
#6293=ORIENTED_EDGE('',*,*,#4796,.F.);
#6294=ORIENTED_EDGE('',*,*,#4797,.F.);
#6295=ORIENTED_EDGE('',*,*,#4796,.T.);
#6296=ORIENTED_EDGE('',*,*,#4798,.F.);
#6297=ORIENTED_EDGE('',*,*,#4799,.F.);
#6298=ORIENTED_EDGE('',*,*,#4800,.F.);
#6299=ORIENTED_EDGE('',*,*,#4799,.T.);
#6300=ORIENTED_EDGE('',*,*,#4801,.F.);
#6301=ORIENTED_EDGE('',*,*,#4802,.F.);
#6302=ORIENTED_EDGE('',*,*,#4803,.F.);
#6303=ORIENTED_EDGE('',*,*,#4802,.T.);
#6304=ORIENTED_EDGE('',*,*,#4804,.F.);
#6305=ORIENTED_EDGE('',*,*,#4805,.F.);
#6306=ORIENTED_EDGE('',*,*,#4806,.F.);
#6307=ORIENTED_EDGE('',*,*,#4805,.T.);
#6308=ORIENTED_EDGE('',*,*,#4807,.F.);
#6309=ORIENTED_EDGE('',*,*,#4746,.F.);
#6310=ORIENTED_EDGE('',*,*,#4807,.T.);
#6311=ORIENTED_EDGE('',*,*,#4804,.T.);
#6312=ORIENTED_EDGE('',*,*,#4801,.T.);
#6313=ORIENTED_EDGE('',*,*,#4798,.T.);
#6314=ORIENTED_EDGE('',*,*,#4795,.T.);
#6315=ORIENTED_EDGE('',*,*,#4792,.T.);
#6316=ORIENTED_EDGE('',*,*,#4789,.T.);
#6317=ORIENTED_EDGE('',*,*,#4786,.T.);
#6318=ORIENTED_EDGE('',*,*,#4783,.T.);
#6319=ORIENTED_EDGE('',*,*,#4780,.T.);
#6320=ORIENTED_EDGE('',*,*,#4777,.T.);
#6321=ORIENTED_EDGE('',*,*,#4774,.T.);
#6322=ORIENTED_EDGE('',*,*,#4771,.T.);
#6323=ORIENTED_EDGE('',*,*,#4768,.T.);
#6324=ORIENTED_EDGE('',*,*,#4765,.T.);
#6325=ORIENTED_EDGE('',*,*,#4762,.T.);
#6326=ORIENTED_EDGE('',*,*,#4759,.T.);
#6327=ORIENTED_EDGE('',*,*,#4756,.T.);
#6328=ORIENTED_EDGE('',*,*,#4753,.T.);
#6329=ORIENTED_EDGE('',*,*,#4750,.T.);
#6330=ORIENTED_EDGE('',*,*,#4747,.T.);
#6331=ORIENTED_EDGE('',*,*,#4808,.F.);
#6332=ORIENTED_EDGE('',*,*,#4809,.T.);
#6333=ORIENTED_EDGE('',*,*,#4810,.F.);
#6334=ORIENTED_EDGE('',*,*,#4811,.F.);
#6335=ORIENTED_EDGE('',*,*,#4812,.F.);
#6336=ORIENTED_EDGE('',*,*,#4811,.T.);
#6337=ORIENTED_EDGE('',*,*,#4813,.F.);
#6338=ORIENTED_EDGE('',*,*,#4814,.F.);
#6339=ORIENTED_EDGE('',*,*,#4815,.F.);
#6340=ORIENTED_EDGE('',*,*,#4814,.T.);
#6341=ORIENTED_EDGE('',*,*,#4816,.F.);
#6342=ORIENTED_EDGE('',*,*,#4817,.F.);
#6343=ORIENTED_EDGE('',*,*,#4818,.F.);
#6344=ORIENTED_EDGE('',*,*,#4817,.T.);
#6345=ORIENTED_EDGE('',*,*,#4819,.F.);
#6346=ORIENTED_EDGE('',*,*,#4820,.F.);
#6347=ORIENTED_EDGE('',*,*,#4821,.F.);
#6348=ORIENTED_EDGE('',*,*,#4820,.T.);
#6349=ORIENTED_EDGE('',*,*,#4822,.F.);
#6350=ORIENTED_EDGE('',*,*,#4823,.F.);
#6351=ORIENTED_EDGE('',*,*,#4824,.F.);
#6352=ORIENTED_EDGE('',*,*,#4823,.T.);
#6353=ORIENTED_EDGE('',*,*,#4825,.F.);
#6354=ORIENTED_EDGE('',*,*,#4826,.F.);
#6355=ORIENTED_EDGE('',*,*,#4827,.F.);
#6356=ORIENTED_EDGE('',*,*,#4826,.T.);
#6357=ORIENTED_EDGE('',*,*,#4828,.F.);
#6358=ORIENTED_EDGE('',*,*,#4829,.F.);
#6359=ORIENTED_EDGE('',*,*,#4830,.F.);
#6360=ORIENTED_EDGE('',*,*,#4829,.T.);
#6361=ORIENTED_EDGE('',*,*,#4831,.F.);
#6362=ORIENTED_EDGE('',*,*,#4809,.F.);
#6363=ORIENTED_EDGE('',*,*,#4831,.T.);
#6364=ORIENTED_EDGE('',*,*,#4828,.T.);
#6365=ORIENTED_EDGE('',*,*,#4825,.T.);
#6366=ORIENTED_EDGE('',*,*,#4822,.T.);
#6367=ORIENTED_EDGE('',*,*,#4819,.T.);
#6368=ORIENTED_EDGE('',*,*,#4816,.T.);
#6369=ORIENTED_EDGE('',*,*,#4813,.T.);
#6370=ORIENTED_EDGE('',*,*,#4810,.T.);
#6371=ORIENTED_EDGE('',*,*,#4832,.F.);
#6372=ORIENTED_EDGE('',*,*,#4833,.T.);
#6373=ORIENTED_EDGE('',*,*,#4834,.F.);
#6374=ORIENTED_EDGE('',*,*,#4835,.F.);
#6375=ORIENTED_EDGE('',*,*,#4836,.F.);
#6376=ORIENTED_EDGE('',*,*,#4837,.T.);
#6377=ORIENTED_EDGE('',*,*,#4838,.F.);
#6378=ORIENTED_EDGE('',*,*,#4833,.F.);
#6379=ORIENTED_EDGE('',*,*,#4839,.F.);
#6380=ORIENTED_EDGE('',*,*,#4835,.T.);
#6381=ORIENTED_EDGE('',*,*,#4840,.F.);
#6382=ORIENTED_EDGE('',*,*,#4837,.F.);
#6383=ORIENTED_EDGE('',*,*,#4841,.F.);
#6384=ORIENTED_EDGE('',*,*,#4842,.T.);
#6385=ORIENTED_EDGE('',*,*,#4843,.F.);
#6386=ORIENTED_EDGE('',*,*,#4844,.F.);
#6387=ORIENTED_EDGE('',*,*,#4845,.F.);
#6388=ORIENTED_EDGE('',*,*,#4844,.T.);
#6389=ORIENTED_EDGE('',*,*,#4846,.F.);
#6390=ORIENTED_EDGE('',*,*,#4847,.F.);
#6391=ORIENTED_EDGE('',*,*,#4848,.F.);
#6392=ORIENTED_EDGE('',*,*,#4847,.T.);
#6393=ORIENTED_EDGE('',*,*,#4849,.F.);
#6394=ORIENTED_EDGE('',*,*,#4850,.F.);
#6395=ORIENTED_EDGE('',*,*,#4851,.F.);
#6396=ORIENTED_EDGE('',*,*,#4850,.T.);
#6397=ORIENTED_EDGE('',*,*,#4852,.F.);
#6398=ORIENTED_EDGE('',*,*,#4853,.F.);
#6399=ORIENTED_EDGE('',*,*,#4854,.F.);
#6400=ORIENTED_EDGE('',*,*,#4853,.T.);
#6401=ORIENTED_EDGE('',*,*,#4855,.F.);
#6402=ORIENTED_EDGE('',*,*,#4856,.F.);
#6403=ORIENTED_EDGE('',*,*,#4857,.F.);
#6404=ORIENTED_EDGE('',*,*,#4856,.T.);
#6405=ORIENTED_EDGE('',*,*,#4858,.F.);
#6406=ORIENTED_EDGE('',*,*,#4859,.F.);
#6407=ORIENTED_EDGE('',*,*,#4860,.F.);
#6408=ORIENTED_EDGE('',*,*,#4859,.T.);
#6409=ORIENTED_EDGE('',*,*,#4861,.F.);
#6410=ORIENTED_EDGE('',*,*,#4862,.F.);
#6411=ORIENTED_EDGE('',*,*,#4863,.F.);
#6412=ORIENTED_EDGE('',*,*,#4862,.T.);
#6413=ORIENTED_EDGE('',*,*,#4864,.F.);
#6414=ORIENTED_EDGE('',*,*,#4865,.F.);
#6415=ORIENTED_EDGE('',*,*,#4866,.F.);
#6416=ORIENTED_EDGE('',*,*,#4865,.T.);
#6417=ORIENTED_EDGE('',*,*,#4867,.F.);
#6418=ORIENTED_EDGE('',*,*,#4868,.F.);
#6419=ORIENTED_EDGE('',*,*,#4869,.F.);
#6420=ORIENTED_EDGE('',*,*,#4868,.T.);
#6421=ORIENTED_EDGE('',*,*,#4870,.F.);
#6422=ORIENTED_EDGE('',*,*,#4871,.F.);
#6423=ORIENTED_EDGE('',*,*,#4872,.F.);
#6424=ORIENTED_EDGE('',*,*,#4871,.T.);
#6425=ORIENTED_EDGE('',*,*,#4873,.F.);
#6426=ORIENTED_EDGE('',*,*,#4842,.F.);
#6427=ORIENTED_EDGE('',*,*,#4873,.T.);
#6428=ORIENTED_EDGE('',*,*,#4870,.T.);
#6429=ORIENTED_EDGE('',*,*,#4867,.T.);
#6430=ORIENTED_EDGE('',*,*,#4864,.T.);
#6431=ORIENTED_EDGE('',*,*,#4861,.T.);
#6432=ORIENTED_EDGE('',*,*,#4858,.T.);
#6433=ORIENTED_EDGE('',*,*,#4855,.T.);
#6434=ORIENTED_EDGE('',*,*,#4852,.T.);
#6435=ORIENTED_EDGE('',*,*,#4849,.T.);
#6436=ORIENTED_EDGE('',*,*,#4846,.T.);
#6437=ORIENTED_EDGE('',*,*,#4843,.T.);
#6438=ORIENTED_EDGE('',*,*,#4834,.T.);
#6439=ORIENTED_EDGE('',*,*,#4838,.T.);
#6440=ORIENTED_EDGE('',*,*,#4840,.T.);
#6441=ORIENTED_EDGE('',*,*,#4874,.F.);
#6442=ORIENTED_EDGE('',*,*,#4875,.T.);
#6443=ORIENTED_EDGE('',*,*,#4876,.F.);
#6444=ORIENTED_EDGE('',*,*,#4877,.F.);
#6445=ORIENTED_EDGE('',*,*,#4878,.F.);
#6446=ORIENTED_EDGE('',*,*,#4877,.T.);
#6447=ORIENTED_EDGE('',*,*,#4879,.F.);
#6448=ORIENTED_EDGE('',*,*,#4880,.F.);
#6449=ORIENTED_EDGE('',*,*,#4881,.F.);
#6450=ORIENTED_EDGE('',*,*,#4880,.T.);
#6451=ORIENTED_EDGE('',*,*,#4882,.F.);
#6452=ORIENTED_EDGE('',*,*,#4883,.F.);
#6453=ORIENTED_EDGE('',*,*,#4884,.F.);
#6454=ORIENTED_EDGE('',*,*,#4883,.T.);
#6455=ORIENTED_EDGE('',*,*,#4885,.F.);
#6456=ORIENTED_EDGE('',*,*,#4886,.F.);
#6457=ORIENTED_EDGE('',*,*,#4887,.F.);
#6458=ORIENTED_EDGE('',*,*,#4886,.T.);
#6459=ORIENTED_EDGE('',*,*,#4888,.F.);
#6460=ORIENTED_EDGE('',*,*,#4889,.F.);
#6461=ORIENTED_EDGE('',*,*,#4890,.F.);
#6462=ORIENTED_EDGE('',*,*,#4889,.T.);
#6463=ORIENTED_EDGE('',*,*,#4891,.F.);
#6464=ORIENTED_EDGE('',*,*,#4892,.F.);
#6465=ORIENTED_EDGE('',*,*,#4893,.F.);
#6466=ORIENTED_EDGE('',*,*,#4892,.T.);
#6467=ORIENTED_EDGE('',*,*,#4894,.F.);
#6468=ORIENTED_EDGE('',*,*,#4895,.F.);
#6469=ORIENTED_EDGE('',*,*,#4896,.F.);
#6470=ORIENTED_EDGE('',*,*,#4895,.T.);
#6471=ORIENTED_EDGE('',*,*,#4897,.F.);
#6472=ORIENTED_EDGE('',*,*,#4898,.F.);
#6473=ORIENTED_EDGE('',*,*,#4899,.F.);
#6474=ORIENTED_EDGE('',*,*,#4898,.T.);
#6475=ORIENTED_EDGE('',*,*,#4900,.F.);
#6476=ORIENTED_EDGE('',*,*,#4901,.F.);
#6477=ORIENTED_EDGE('',*,*,#4902,.F.);
#6478=ORIENTED_EDGE('',*,*,#4901,.T.);
#6479=ORIENTED_EDGE('',*,*,#4903,.F.);
#6480=ORIENTED_EDGE('',*,*,#4904,.F.);
#6481=ORIENTED_EDGE('',*,*,#4905,.F.);
#6482=ORIENTED_EDGE('',*,*,#4904,.T.);
#6483=ORIENTED_EDGE('',*,*,#4906,.F.);
#6484=ORIENTED_EDGE('',*,*,#4907,.F.);
#6485=ORIENTED_EDGE('',*,*,#4908,.F.);
#6486=ORIENTED_EDGE('',*,*,#4907,.T.);
#6487=ORIENTED_EDGE('',*,*,#4909,.F.);
#6488=ORIENTED_EDGE('',*,*,#4875,.F.);
#6489=ORIENTED_EDGE('',*,*,#4909,.T.);
#6490=ORIENTED_EDGE('',*,*,#4906,.T.);
#6491=ORIENTED_EDGE('',*,*,#4903,.T.);
#6492=ORIENTED_EDGE('',*,*,#4900,.T.);
#6493=ORIENTED_EDGE('',*,*,#4897,.T.);
#6494=ORIENTED_EDGE('',*,*,#4894,.T.);
#6495=ORIENTED_EDGE('',*,*,#4891,.T.);
#6496=ORIENTED_EDGE('',*,*,#4888,.T.);
#6497=ORIENTED_EDGE('',*,*,#4885,.T.);
#6498=ORIENTED_EDGE('',*,*,#4882,.T.);
#6499=ORIENTED_EDGE('',*,*,#4879,.T.);
#6500=ORIENTED_EDGE('',*,*,#4876,.T.);
#6501=ORIENTED_EDGE('',*,*,#4910,.F.);
#6502=ORIENTED_EDGE('',*,*,#4911,.F.);
#6503=ORIENTED_EDGE('',*,*,#4912,.F.);
#6504=ORIENTED_EDGE('',*,*,#4913,.F.);
#6505=ORIENTED_EDGE('',*,*,#4874,.T.);
#6506=ORIENTED_EDGE('',*,*,#4878,.T.);
#6507=ORIENTED_EDGE('',*,*,#4881,.T.);
#6508=ORIENTED_EDGE('',*,*,#4884,.T.);
#6509=ORIENTED_EDGE('',*,*,#4887,.T.);
#6510=ORIENTED_EDGE('',*,*,#4890,.T.);
#6511=ORIENTED_EDGE('',*,*,#4893,.T.);
#6512=ORIENTED_EDGE('',*,*,#4896,.T.);
#6513=ORIENTED_EDGE('',*,*,#4899,.T.);
#6514=ORIENTED_EDGE('',*,*,#4902,.T.);
#6515=ORIENTED_EDGE('',*,*,#4905,.T.);
#6516=ORIENTED_EDGE('',*,*,#4908,.T.);
#6517=ORIENTED_EDGE('',*,*,#4841,.T.);
#6518=ORIENTED_EDGE('',*,*,#4845,.T.);
#6519=ORIENTED_EDGE('',*,*,#4848,.T.);
#6520=ORIENTED_EDGE('',*,*,#4851,.T.);
#6521=ORIENTED_EDGE('',*,*,#4854,.T.);
#6522=ORIENTED_EDGE('',*,*,#4857,.T.);
#6523=ORIENTED_EDGE('',*,*,#4860,.T.);
#6524=ORIENTED_EDGE('',*,*,#4863,.T.);
#6525=ORIENTED_EDGE('',*,*,#4866,.T.);
#6526=ORIENTED_EDGE('',*,*,#4869,.T.);
#6527=ORIENTED_EDGE('',*,*,#4872,.T.);
#6528=ORIENTED_EDGE('',*,*,#4808,.T.);
#6529=ORIENTED_EDGE('',*,*,#4812,.T.);
#6530=ORIENTED_EDGE('',*,*,#4815,.T.);
#6531=ORIENTED_EDGE('',*,*,#4818,.T.);
#6532=ORIENTED_EDGE('',*,*,#4821,.T.);
#6533=ORIENTED_EDGE('',*,*,#4824,.T.);
#6534=ORIENTED_EDGE('',*,*,#4827,.T.);
#6535=ORIENTED_EDGE('',*,*,#4830,.T.);
#6536=ORIENTED_EDGE('',*,*,#4745,.T.);
#6537=ORIENTED_EDGE('',*,*,#4749,.T.);
#6538=ORIENTED_EDGE('',*,*,#4752,.T.);
#6539=ORIENTED_EDGE('',*,*,#4755,.T.);
#6540=ORIENTED_EDGE('',*,*,#4758,.T.);
#6541=ORIENTED_EDGE('',*,*,#4761,.T.);
#6542=ORIENTED_EDGE('',*,*,#4764,.T.);
#6543=ORIENTED_EDGE('',*,*,#4767,.T.);
#6544=ORIENTED_EDGE('',*,*,#4770,.T.);
#6545=ORIENTED_EDGE('',*,*,#4773,.T.);
#6546=ORIENTED_EDGE('',*,*,#4776,.T.);
#6547=ORIENTED_EDGE('',*,*,#4779,.T.);
#6548=ORIENTED_EDGE('',*,*,#4782,.T.);
#6549=ORIENTED_EDGE('',*,*,#4785,.T.);
#6550=ORIENTED_EDGE('',*,*,#4788,.T.);
#6551=ORIENTED_EDGE('',*,*,#4791,.T.);
#6552=ORIENTED_EDGE('',*,*,#4794,.T.);
#6553=ORIENTED_EDGE('',*,*,#4797,.T.);
#6554=ORIENTED_EDGE('',*,*,#4800,.T.);
#6555=ORIENTED_EDGE('',*,*,#4803,.T.);
#6556=ORIENTED_EDGE('',*,*,#4806,.T.);
#6557=ORIENTED_EDGE('',*,*,#4691,.T.);
#6558=ORIENTED_EDGE('',*,*,#4695,.T.);
#6559=ORIENTED_EDGE('',*,*,#4698,.T.);
#6560=ORIENTED_EDGE('',*,*,#4701,.T.);
#6561=ORIENTED_EDGE('',*,*,#4704,.T.);
#6562=ORIENTED_EDGE('',*,*,#4707,.T.);
#6563=ORIENTED_EDGE('',*,*,#4710,.T.);
#6564=ORIENTED_EDGE('',*,*,#4713,.T.);
#6565=ORIENTED_EDGE('',*,*,#4716,.T.);
#6566=ORIENTED_EDGE('',*,*,#4719,.T.);
#6567=ORIENTED_EDGE('',*,*,#4722,.T.);
#6568=ORIENTED_EDGE('',*,*,#4725,.T.);
#6569=ORIENTED_EDGE('',*,*,#4728,.T.);
#6570=ORIENTED_EDGE('',*,*,#4731,.T.);
#6571=ORIENTED_EDGE('',*,*,#4734,.T.);
#6572=ORIENTED_EDGE('',*,*,#4737,.T.);
#6573=ORIENTED_EDGE('',*,*,#4740,.T.);
#6574=ORIENTED_EDGE('',*,*,#4743,.T.);
#6575=ORIENTED_EDGE('',*,*,#4622,.T.);
#6576=ORIENTED_EDGE('',*,*,#4626,.T.);
#6577=ORIENTED_EDGE('',*,*,#4629,.T.);
#6578=ORIENTED_EDGE('',*,*,#4632,.T.);
#6579=ORIENTED_EDGE('',*,*,#4635,.T.);
#6580=ORIENTED_EDGE('',*,*,#4638,.T.);
#6581=ORIENTED_EDGE('',*,*,#4641,.T.);
#6582=ORIENTED_EDGE('',*,*,#4644,.T.);
#6583=ORIENTED_EDGE('',*,*,#4647,.T.);
#6584=ORIENTED_EDGE('',*,*,#4650,.T.);
#6585=ORIENTED_EDGE('',*,*,#4653,.T.);
#6586=ORIENTED_EDGE('',*,*,#4656,.T.);
#6587=ORIENTED_EDGE('',*,*,#4659,.T.);
#6588=ORIENTED_EDGE('',*,*,#4662,.T.);
#6589=ORIENTED_EDGE('',*,*,#4665,.T.);
#6590=ORIENTED_EDGE('',*,*,#4668,.T.);
#6591=ORIENTED_EDGE('',*,*,#4671,.T.);
#6592=ORIENTED_EDGE('',*,*,#4674,.T.);
#6593=ORIENTED_EDGE('',*,*,#4571,.T.);
#6594=ORIENTED_EDGE('',*,*,#4575,.T.);
#6595=ORIENTED_EDGE('',*,*,#4578,.T.);
#6596=ORIENTED_EDGE('',*,*,#4581,.T.);
#6597=ORIENTED_EDGE('',*,*,#4584,.T.);
#6598=ORIENTED_EDGE('',*,*,#4587,.T.);
#6599=ORIENTED_EDGE('',*,*,#4590,.T.);
#6600=ORIENTED_EDGE('',*,*,#4593,.T.);
#6601=ORIENTED_EDGE('',*,*,#4596,.T.);
#6602=ORIENTED_EDGE('',*,*,#4599,.T.);
#6603=ORIENTED_EDGE('',*,*,#4602,.T.);
#6604=ORIENTED_EDGE('',*,*,#4605,.T.);
#6605=ORIENTED_EDGE('',*,*,#4608,.T.);
#6606=ORIENTED_EDGE('',*,*,#4611,.T.);
#6607=ORIENTED_EDGE('',*,*,#4614,.T.);
#6608=ORIENTED_EDGE('',*,*,#4617,.T.);
#6609=ORIENTED_EDGE('',*,*,#4620,.T.);
#6610=ORIENTED_EDGE('',*,*,#4535,.T.);
#6611=ORIENTED_EDGE('',*,*,#4539,.T.);
#6612=ORIENTED_EDGE('',*,*,#4542,.T.);
#6613=ORIENTED_EDGE('',*,*,#4545,.T.);
#6614=ORIENTED_EDGE('',*,*,#4548,.T.);
#6615=ORIENTED_EDGE('',*,*,#4551,.T.);
#6616=ORIENTED_EDGE('',*,*,#4554,.T.);
#6617=ORIENTED_EDGE('',*,*,#4557,.T.);
#6618=ORIENTED_EDGE('',*,*,#4560,.T.);
#6619=ORIENTED_EDGE('',*,*,#4563,.T.);
#6620=ORIENTED_EDGE('',*,*,#4566,.T.);
#6621=ORIENTED_EDGE('',*,*,#4569,.T.);
#6622=ORIENTED_EDGE('',*,*,#4832,.T.);
#6623=ORIENTED_EDGE('',*,*,#4839,.T.);
#6624=ORIENTED_EDGE('',*,*,#4836,.T.);
#6625=ORIENTED_EDGE('',*,*,#4676,.T.);
#6626=ORIENTED_EDGE('',*,*,#4689,.T.);
#6627=ORIENTED_EDGE('',*,*,#4686,.T.);
#6628=ORIENTED_EDGE('',*,*,#4683,.T.);
#6629=ORIENTED_EDGE('',*,*,#4680,.T.);
#6630=ORIENTED_EDGE('',*,*,#4914,.F.);
#6631=ORIENTED_EDGE('',*,*,#4915,.T.);
#6632=ORIENTED_EDGE('',*,*,#4916,.F.);
#6633=ORIENTED_EDGE('',*,*,#4917,.F.);
#6634=ORIENTED_EDGE('',*,*,#4918,.F.);
#6635=ORIENTED_EDGE('',*,*,#4917,.T.);
#6636=ORIENTED_EDGE('',*,*,#4919,.F.);
#6637=ORIENTED_EDGE('',*,*,#4920,.F.);
#6638=ORIENTED_EDGE('',*,*,#4921,.F.);
#6639=ORIENTED_EDGE('',*,*,#4920,.T.);
#6640=ORIENTED_EDGE('',*,*,#4922,.F.);
#6641=ORIENTED_EDGE('',*,*,#4923,.F.);
#6642=ORIENTED_EDGE('',*,*,#4924,.F.);
#6643=ORIENTED_EDGE('',*,*,#4923,.T.);
#6644=ORIENTED_EDGE('',*,*,#4925,.F.);
#6645=ORIENTED_EDGE('',*,*,#4926,.F.);
#6646=ORIENTED_EDGE('',*,*,#4927,.F.);
#6647=ORIENTED_EDGE('',*,*,#4926,.T.);
#6648=ORIENTED_EDGE('',*,*,#4928,.F.);
#6649=ORIENTED_EDGE('',*,*,#4929,.F.);
#6650=ORIENTED_EDGE('',*,*,#4930,.F.);
#6651=ORIENTED_EDGE('',*,*,#4929,.T.);
#6652=ORIENTED_EDGE('',*,*,#4931,.F.);
#6653=ORIENTED_EDGE('',*,*,#4932,.F.);
#6654=ORIENTED_EDGE('',*,*,#4933,.F.);
#6655=ORIENTED_EDGE('',*,*,#4932,.T.);
#6656=ORIENTED_EDGE('',*,*,#4934,.F.);
#6657=ORIENTED_EDGE('',*,*,#4915,.F.);
#6658=ORIENTED_EDGE('',*,*,#4934,.T.);
#6659=ORIENTED_EDGE('',*,*,#4931,.T.);
#6660=ORIENTED_EDGE('',*,*,#4928,.T.);
#6661=ORIENTED_EDGE('',*,*,#4925,.T.);
#6662=ORIENTED_EDGE('',*,*,#4922,.T.);
#6663=ORIENTED_EDGE('',*,*,#4919,.T.);
#6664=ORIENTED_EDGE('',*,*,#4916,.T.);
#6665=ORIENTED_EDGE('',*,*,#4935,.F.);
#6666=ORIENTED_EDGE('',*,*,#4936,.T.);
#6667=ORIENTED_EDGE('',*,*,#4937,.F.);
#6668=ORIENTED_EDGE('',*,*,#4938,.F.);
#6669=ORIENTED_EDGE('',*,*,#4939,.F.);
#6670=ORIENTED_EDGE('',*,*,#4938,.T.);
#6671=ORIENTED_EDGE('',*,*,#4940,.F.);
#6672=ORIENTED_EDGE('',*,*,#4941,.F.);
#6673=ORIENTED_EDGE('',*,*,#4942,.F.);
#6674=ORIENTED_EDGE('',*,*,#4941,.T.);
#6675=ORIENTED_EDGE('',*,*,#4943,.F.);
#6676=ORIENTED_EDGE('',*,*,#4944,.F.);
#6677=ORIENTED_EDGE('',*,*,#4945,.F.);
#6678=ORIENTED_EDGE('',*,*,#4944,.T.);
#6679=ORIENTED_EDGE('',*,*,#4946,.F.);
#6680=ORIENTED_EDGE('',*,*,#4947,.F.);
#6681=ORIENTED_EDGE('',*,*,#4948,.F.);
#6682=ORIENTED_EDGE('',*,*,#4947,.T.);
#6683=ORIENTED_EDGE('',*,*,#4949,.F.);
#6684=ORIENTED_EDGE('',*,*,#4950,.F.);
#6685=ORIENTED_EDGE('',*,*,#4951,.F.);
#6686=ORIENTED_EDGE('',*,*,#4950,.T.);
#6687=ORIENTED_EDGE('',*,*,#4952,.F.);
#6688=ORIENTED_EDGE('',*,*,#4953,.F.);
#6689=ORIENTED_EDGE('',*,*,#4954,.F.);
#6690=ORIENTED_EDGE('',*,*,#4953,.T.);
#6691=ORIENTED_EDGE('',*,*,#4955,.F.);
#6692=ORIENTED_EDGE('',*,*,#4956,.F.);
#6693=ORIENTED_EDGE('',*,*,#4957,.F.);
#6694=ORIENTED_EDGE('',*,*,#4956,.T.);
#6695=ORIENTED_EDGE('',*,*,#4958,.F.);
#6696=ORIENTED_EDGE('',*,*,#4959,.F.);
#6697=ORIENTED_EDGE('',*,*,#4960,.F.);
#6698=ORIENTED_EDGE('',*,*,#4959,.T.);
#6699=ORIENTED_EDGE('',*,*,#4961,.F.);
#6700=ORIENTED_EDGE('',*,*,#4962,.F.);
#6701=ORIENTED_EDGE('',*,*,#4963,.F.);
#6702=ORIENTED_EDGE('',*,*,#4962,.T.);
#6703=ORIENTED_EDGE('',*,*,#4964,.F.);
#6704=ORIENTED_EDGE('',*,*,#4965,.F.);
#6705=ORIENTED_EDGE('',*,*,#4966,.F.);
#6706=ORIENTED_EDGE('',*,*,#4965,.T.);
#6707=ORIENTED_EDGE('',*,*,#4967,.F.);
#6708=ORIENTED_EDGE('',*,*,#4968,.F.);
#6709=ORIENTED_EDGE('',*,*,#4969,.F.);
#6710=ORIENTED_EDGE('',*,*,#4968,.T.);
#6711=ORIENTED_EDGE('',*,*,#4970,.F.);
#6712=ORIENTED_EDGE('',*,*,#4971,.F.);
#6713=ORIENTED_EDGE('',*,*,#4972,.F.);
#6714=ORIENTED_EDGE('',*,*,#4971,.T.);
#6715=ORIENTED_EDGE('',*,*,#4973,.F.);
#6716=ORIENTED_EDGE('',*,*,#4974,.F.);
#6717=ORIENTED_EDGE('',*,*,#4975,.F.);
#6718=ORIENTED_EDGE('',*,*,#4974,.T.);
#6719=ORIENTED_EDGE('',*,*,#4976,.F.);
#6720=ORIENTED_EDGE('',*,*,#4977,.F.);
#6721=ORIENTED_EDGE('',*,*,#4978,.F.);
#6722=ORIENTED_EDGE('',*,*,#4977,.T.);
#6723=ORIENTED_EDGE('',*,*,#4979,.F.);
#6724=ORIENTED_EDGE('',*,*,#4980,.F.);
#6725=ORIENTED_EDGE('',*,*,#4981,.F.);
#6726=ORIENTED_EDGE('',*,*,#4980,.T.);
#6727=ORIENTED_EDGE('',*,*,#4982,.F.);
#6728=ORIENTED_EDGE('',*,*,#4983,.F.);
#6729=ORIENTED_EDGE('',*,*,#4984,.F.);
#6730=ORIENTED_EDGE('',*,*,#4983,.T.);
#6731=ORIENTED_EDGE('',*,*,#4985,.F.);
#6732=ORIENTED_EDGE('',*,*,#4986,.F.);
#6733=ORIENTED_EDGE('',*,*,#4987,.F.);
#6734=ORIENTED_EDGE('',*,*,#4986,.T.);
#6735=ORIENTED_EDGE('',*,*,#4988,.F.);
#6736=ORIENTED_EDGE('',*,*,#4989,.F.);
#6737=ORIENTED_EDGE('',*,*,#4990,.F.);
#6738=ORIENTED_EDGE('',*,*,#4989,.T.);
#6739=ORIENTED_EDGE('',*,*,#4991,.F.);
#6740=ORIENTED_EDGE('',*,*,#4992,.F.);
#6741=ORIENTED_EDGE('',*,*,#4993,.F.);
#6742=ORIENTED_EDGE('',*,*,#4992,.T.);
#6743=ORIENTED_EDGE('',*,*,#4994,.F.);
#6744=ORIENTED_EDGE('',*,*,#4995,.F.);
#6745=ORIENTED_EDGE('',*,*,#4996,.F.);
#6746=ORIENTED_EDGE('',*,*,#4995,.T.);
#6747=ORIENTED_EDGE('',*,*,#4997,.F.);
#6748=ORIENTED_EDGE('',*,*,#4998,.F.);
#6749=ORIENTED_EDGE('',*,*,#4999,.F.);
#6750=ORIENTED_EDGE('',*,*,#4998,.T.);
#6751=ORIENTED_EDGE('',*,*,#5000,.F.);
#6752=ORIENTED_EDGE('',*,*,#5001,.F.);
#6753=ORIENTED_EDGE('',*,*,#5002,.F.);
#6754=ORIENTED_EDGE('',*,*,#5001,.T.);
#6755=ORIENTED_EDGE('',*,*,#5003,.F.);
#6756=ORIENTED_EDGE('',*,*,#5004,.F.);
#6757=ORIENTED_EDGE('',*,*,#5005,.F.);
#6758=ORIENTED_EDGE('',*,*,#5004,.T.);
#6759=ORIENTED_EDGE('',*,*,#5006,.F.);
#6760=ORIENTED_EDGE('',*,*,#5007,.F.);
#6761=ORIENTED_EDGE('',*,*,#5008,.F.);
#6762=ORIENTED_EDGE('',*,*,#5007,.T.);
#6763=ORIENTED_EDGE('',*,*,#5009,.F.);
#6764=ORIENTED_EDGE('',*,*,#5010,.F.);
#6765=ORIENTED_EDGE('',*,*,#5011,.F.);
#6766=ORIENTED_EDGE('',*,*,#5010,.T.);
#6767=ORIENTED_EDGE('',*,*,#5012,.F.);
#6768=ORIENTED_EDGE('',*,*,#5013,.F.);
#6769=ORIENTED_EDGE('',*,*,#5014,.F.);
#6770=ORIENTED_EDGE('',*,*,#5013,.T.);
#6771=ORIENTED_EDGE('',*,*,#5015,.F.);
#6772=ORIENTED_EDGE('',*,*,#4936,.F.);
#6773=ORIENTED_EDGE('',*,*,#5015,.T.);
#6774=ORIENTED_EDGE('',*,*,#5012,.T.);
#6775=ORIENTED_EDGE('',*,*,#5009,.T.);
#6776=ORIENTED_EDGE('',*,*,#5006,.T.);
#6777=ORIENTED_EDGE('',*,*,#5003,.T.);
#6778=ORIENTED_EDGE('',*,*,#5000,.T.);
#6779=ORIENTED_EDGE('',*,*,#4997,.T.);
#6780=ORIENTED_EDGE('',*,*,#4994,.T.);
#6781=ORIENTED_EDGE('',*,*,#4991,.T.);
#6782=ORIENTED_EDGE('',*,*,#4988,.T.);
#6783=ORIENTED_EDGE('',*,*,#4985,.T.);
#6784=ORIENTED_EDGE('',*,*,#4982,.T.);
#6785=ORIENTED_EDGE('',*,*,#4979,.T.);
#6786=ORIENTED_EDGE('',*,*,#4976,.T.);
#6787=ORIENTED_EDGE('',*,*,#4973,.T.);
#6788=ORIENTED_EDGE('',*,*,#4970,.T.);
#6789=ORIENTED_EDGE('',*,*,#4967,.T.);
#6790=ORIENTED_EDGE('',*,*,#4964,.T.);
#6791=ORIENTED_EDGE('',*,*,#4961,.T.);
#6792=ORIENTED_EDGE('',*,*,#4958,.T.);
#6793=ORIENTED_EDGE('',*,*,#4955,.T.);
#6794=ORIENTED_EDGE('',*,*,#4952,.T.);
#6795=ORIENTED_EDGE('',*,*,#4949,.T.);
#6796=ORIENTED_EDGE('',*,*,#4946,.T.);
#6797=ORIENTED_EDGE('',*,*,#4943,.T.);
#6798=ORIENTED_EDGE('',*,*,#4940,.T.);
#6799=ORIENTED_EDGE('',*,*,#4937,.T.);
#6800=ORIENTED_EDGE('',*,*,#5016,.F.);
#6801=ORIENTED_EDGE('',*,*,#5017,.T.);
#6802=ORIENTED_EDGE('',*,*,#5018,.F.);
#6803=ORIENTED_EDGE('',*,*,#5019,.F.);
#6804=ORIENTED_EDGE('',*,*,#5020,.F.);
#6805=ORIENTED_EDGE('',*,*,#5019,.T.);
#6806=ORIENTED_EDGE('',*,*,#5021,.F.);
#6807=ORIENTED_EDGE('',*,*,#5022,.F.);
#6808=ORIENTED_EDGE('',*,*,#5023,.F.);
#6809=ORIENTED_EDGE('',*,*,#5022,.T.);
#6810=ORIENTED_EDGE('',*,*,#5024,.F.);
#6811=ORIENTED_EDGE('',*,*,#5025,.F.);
#6812=ORIENTED_EDGE('',*,*,#5026,.F.);
#6813=ORIENTED_EDGE('',*,*,#5025,.T.);
#6814=ORIENTED_EDGE('',*,*,#5027,.F.);
#6815=ORIENTED_EDGE('',*,*,#5028,.F.);
#6816=ORIENTED_EDGE('',*,*,#5029,.F.);
#6817=ORIENTED_EDGE('',*,*,#5028,.T.);
#6818=ORIENTED_EDGE('',*,*,#5030,.F.);
#6819=ORIENTED_EDGE('',*,*,#5031,.F.);
#6820=ORIENTED_EDGE('',*,*,#5032,.F.);
#6821=ORIENTED_EDGE('',*,*,#5031,.T.);
#6822=ORIENTED_EDGE('',*,*,#5033,.F.);
#6823=ORIENTED_EDGE('',*,*,#5034,.F.);
#6824=ORIENTED_EDGE('',*,*,#5035,.F.);
#6825=ORIENTED_EDGE('',*,*,#5034,.T.);
#6826=ORIENTED_EDGE('',*,*,#5036,.F.);
#6827=ORIENTED_EDGE('',*,*,#5037,.F.);
#6828=ORIENTED_EDGE('',*,*,#5038,.F.);
#6829=ORIENTED_EDGE('',*,*,#5037,.T.);
#6830=ORIENTED_EDGE('',*,*,#5039,.F.);
#6831=ORIENTED_EDGE('',*,*,#5040,.F.);
#6832=ORIENTED_EDGE('',*,*,#5041,.F.);
#6833=ORIENTED_EDGE('',*,*,#5040,.T.);
#6834=ORIENTED_EDGE('',*,*,#5042,.F.);
#6835=ORIENTED_EDGE('',*,*,#5043,.F.);
#6836=ORIENTED_EDGE('',*,*,#5044,.F.);
#6837=ORIENTED_EDGE('',*,*,#5043,.T.);
#6838=ORIENTED_EDGE('',*,*,#5045,.F.);
#6839=ORIENTED_EDGE('',*,*,#5046,.F.);
#6840=ORIENTED_EDGE('',*,*,#5047,.F.);
#6841=ORIENTED_EDGE('',*,*,#5046,.T.);
#6842=ORIENTED_EDGE('',*,*,#5048,.F.);
#6843=ORIENTED_EDGE('',*,*,#5049,.F.);
#6844=ORIENTED_EDGE('',*,*,#5050,.F.);
#6845=ORIENTED_EDGE('',*,*,#5049,.T.);
#6846=ORIENTED_EDGE('',*,*,#5051,.F.);
#6847=ORIENTED_EDGE('',*,*,#5052,.F.);
#6848=ORIENTED_EDGE('',*,*,#5053,.F.);
#6849=ORIENTED_EDGE('',*,*,#5052,.T.);
#6850=ORIENTED_EDGE('',*,*,#5054,.F.);
#6851=ORIENTED_EDGE('',*,*,#5055,.F.);
#6852=ORIENTED_EDGE('',*,*,#5056,.F.);
#6853=ORIENTED_EDGE('',*,*,#5055,.T.);
#6854=ORIENTED_EDGE('',*,*,#5057,.F.);
#6855=ORIENTED_EDGE('',*,*,#5058,.F.);
#6856=ORIENTED_EDGE('',*,*,#5059,.F.);
#6857=ORIENTED_EDGE('',*,*,#5058,.T.);
#6858=ORIENTED_EDGE('',*,*,#5060,.F.);
#6859=ORIENTED_EDGE('',*,*,#5061,.F.);
#6860=ORIENTED_EDGE('',*,*,#5062,.F.);
#6861=ORIENTED_EDGE('',*,*,#5061,.T.);
#6862=ORIENTED_EDGE('',*,*,#5063,.F.);
#6863=ORIENTED_EDGE('',*,*,#5064,.F.);
#6864=ORIENTED_EDGE('',*,*,#5065,.F.);
#6865=ORIENTED_EDGE('',*,*,#5064,.T.);
#6866=ORIENTED_EDGE('',*,*,#5066,.F.);
#6867=ORIENTED_EDGE('',*,*,#5067,.F.);
#6868=ORIENTED_EDGE('',*,*,#5068,.F.);
#6869=ORIENTED_EDGE('',*,*,#5067,.T.);
#6870=ORIENTED_EDGE('',*,*,#5069,.F.);
#6871=ORIENTED_EDGE('',*,*,#5070,.F.);
#6872=ORIENTED_EDGE('',*,*,#5071,.F.);
#6873=ORIENTED_EDGE('',*,*,#5070,.T.);
#6874=ORIENTED_EDGE('',*,*,#5072,.F.);
#6875=ORIENTED_EDGE('',*,*,#5073,.F.);
#6876=ORIENTED_EDGE('',*,*,#5074,.F.);
#6877=ORIENTED_EDGE('',*,*,#5073,.T.);
#6878=ORIENTED_EDGE('',*,*,#5075,.F.);
#6879=ORIENTED_EDGE('',*,*,#5076,.F.);
#6880=ORIENTED_EDGE('',*,*,#5077,.F.);
#6881=ORIENTED_EDGE('',*,*,#5076,.T.);
#6882=ORIENTED_EDGE('',*,*,#5078,.F.);
#6883=ORIENTED_EDGE('',*,*,#5079,.F.);
#6884=ORIENTED_EDGE('',*,*,#5080,.F.);
#6885=ORIENTED_EDGE('',*,*,#5079,.T.);
#6886=ORIENTED_EDGE('',*,*,#5081,.F.);
#6887=ORIENTED_EDGE('',*,*,#5082,.F.);
#6888=ORIENTED_EDGE('',*,*,#5083,.F.);
#6889=ORIENTED_EDGE('',*,*,#5082,.T.);
#6890=ORIENTED_EDGE('',*,*,#5084,.F.);
#6891=ORIENTED_EDGE('',*,*,#5017,.F.);
#6892=ORIENTED_EDGE('',*,*,#5084,.T.);
#6893=ORIENTED_EDGE('',*,*,#5081,.T.);
#6894=ORIENTED_EDGE('',*,*,#5078,.T.);
#6895=ORIENTED_EDGE('',*,*,#5075,.T.);
#6896=ORIENTED_EDGE('',*,*,#5072,.T.);
#6897=ORIENTED_EDGE('',*,*,#5069,.T.);
#6898=ORIENTED_EDGE('',*,*,#5066,.T.);
#6899=ORIENTED_EDGE('',*,*,#5063,.T.);
#6900=ORIENTED_EDGE('',*,*,#5060,.T.);
#6901=ORIENTED_EDGE('',*,*,#5057,.T.);
#6902=ORIENTED_EDGE('',*,*,#5054,.T.);
#6903=ORIENTED_EDGE('',*,*,#5051,.T.);
#6904=ORIENTED_EDGE('',*,*,#5048,.T.);
#6905=ORIENTED_EDGE('',*,*,#5045,.T.);
#6906=ORIENTED_EDGE('',*,*,#5042,.T.);
#6907=ORIENTED_EDGE('',*,*,#5039,.T.);
#6908=ORIENTED_EDGE('',*,*,#5036,.T.);
#6909=ORIENTED_EDGE('',*,*,#5033,.T.);
#6910=ORIENTED_EDGE('',*,*,#5030,.T.);
#6911=ORIENTED_EDGE('',*,*,#5027,.T.);
#6912=ORIENTED_EDGE('',*,*,#5024,.T.);
#6913=ORIENTED_EDGE('',*,*,#5021,.T.);
#6914=ORIENTED_EDGE('',*,*,#5018,.T.);
#6915=ORIENTED_EDGE('',*,*,#5085,.F.);
#6916=ORIENTED_EDGE('',*,*,#5086,.T.);
#6917=ORIENTED_EDGE('',*,*,#5087,.F.);
#6918=ORIENTED_EDGE('',*,*,#5088,.F.);
#6919=ORIENTED_EDGE('',*,*,#5089,.F.);
#6920=ORIENTED_EDGE('',*,*,#5090,.T.);
#6921=ORIENTED_EDGE('',*,*,#5091,.F.);
#6922=ORIENTED_EDGE('',*,*,#5086,.F.);
#6923=ORIENTED_EDGE('',*,*,#5092,.F.);
#6924=ORIENTED_EDGE('',*,*,#5093,.T.);
#6925=ORIENTED_EDGE('',*,*,#5094,.F.);
#6926=ORIENTED_EDGE('',*,*,#5090,.F.);
#6927=ORIENTED_EDGE('',*,*,#5095,.F.);
#6928=ORIENTED_EDGE('',*,*,#5096,.T.);
#6929=ORIENTED_EDGE('',*,*,#5097,.F.);
#6930=ORIENTED_EDGE('',*,*,#5093,.F.);
#6931=ORIENTED_EDGE('',*,*,#5098,.F.);
#6932=ORIENTED_EDGE('',*,*,#5099,.T.);
#6933=ORIENTED_EDGE('',*,*,#5100,.F.);
#6934=ORIENTED_EDGE('',*,*,#5096,.F.);
#6935=ORIENTED_EDGE('',*,*,#5101,.F.);
#6936=ORIENTED_EDGE('',*,*,#5102,.T.);
#6937=ORIENTED_EDGE('',*,*,#5103,.F.);
#6938=ORIENTED_EDGE('',*,*,#5099,.F.);
#6939=ORIENTED_EDGE('',*,*,#5104,.F.);
#6940=ORIENTED_EDGE('',*,*,#5105,.T.);
#6941=ORIENTED_EDGE('',*,*,#5106,.F.);
#6942=ORIENTED_EDGE('',*,*,#5102,.F.);
#6943=ORIENTED_EDGE('',*,*,#5107,.F.);
#6944=ORIENTED_EDGE('',*,*,#5088,.T.);
#6945=ORIENTED_EDGE('',*,*,#5108,.F.);
#6946=ORIENTED_EDGE('',*,*,#5105,.F.);
#6947=ORIENTED_EDGE('',*,*,#5109,.F.);
#6948=ORIENTED_EDGE('',*,*,#5110,.T.);
#6949=ORIENTED_EDGE('',*,*,#5111,.F.);
#6950=ORIENTED_EDGE('',*,*,#5112,.F.);
#6951=ORIENTED_EDGE('',*,*,#5113,.F.);
#6952=ORIENTED_EDGE('',*,*,#5112,.T.);
#6953=ORIENTED_EDGE('',*,*,#5114,.F.);
#6954=ORIENTED_EDGE('',*,*,#5115,.F.);
#6955=ORIENTED_EDGE('',*,*,#5116,.F.);
#6956=ORIENTED_EDGE('',*,*,#5115,.T.);
#6957=ORIENTED_EDGE('',*,*,#5117,.F.);
#6958=ORIENTED_EDGE('',*,*,#5118,.F.);
#6959=ORIENTED_EDGE('',*,*,#5119,.F.);
#6960=ORIENTED_EDGE('',*,*,#5118,.T.);
#6961=ORIENTED_EDGE('',*,*,#5120,.F.);
#6962=ORIENTED_EDGE('',*,*,#5110,.F.);
#6963=ORIENTED_EDGE('',*,*,#5120,.T.);
#6964=ORIENTED_EDGE('',*,*,#5117,.T.);
#6965=ORIENTED_EDGE('',*,*,#5114,.T.);
#6966=ORIENTED_EDGE('',*,*,#5111,.T.);
#6967=ORIENTED_EDGE('',*,*,#5087,.T.);
#6968=ORIENTED_EDGE('',*,*,#5091,.T.);
#6969=ORIENTED_EDGE('',*,*,#5094,.T.);
#6970=ORIENTED_EDGE('',*,*,#5097,.T.);
#6971=ORIENTED_EDGE('',*,*,#5100,.T.);
#6972=ORIENTED_EDGE('',*,*,#5103,.T.);
#6973=ORIENTED_EDGE('',*,*,#5106,.T.);
#6974=ORIENTED_EDGE('',*,*,#5108,.T.);
#6975=ORIENTED_EDGE('',*,*,#5121,.F.);
#6976=ORIENTED_EDGE('',*,*,#5122,.T.);
#6977=ORIENTED_EDGE('',*,*,#5123,.F.);
#6978=ORIENTED_EDGE('',*,*,#5124,.F.);
#6979=ORIENTED_EDGE('',*,*,#5125,.F.);
#6980=ORIENTED_EDGE('',*,*,#5126,.T.);
#6981=ORIENTED_EDGE('',*,*,#5127,.F.);
#6982=ORIENTED_EDGE('',*,*,#5122,.F.);
#6983=ORIENTED_EDGE('',*,*,#5128,.F.);
#6984=ORIENTED_EDGE('',*,*,#5129,.T.);
#6985=ORIENTED_EDGE('',*,*,#5130,.F.);
#6986=ORIENTED_EDGE('',*,*,#5126,.F.);
#6987=ORIENTED_EDGE('',*,*,#5131,.F.);
#6988=ORIENTED_EDGE('',*,*,#5132,.T.);
#6989=ORIENTED_EDGE('',*,*,#5133,.F.);
#6990=ORIENTED_EDGE('',*,*,#5129,.F.);
#6991=ORIENTED_EDGE('',*,*,#5134,.F.);
#6992=ORIENTED_EDGE('',*,*,#5135,.T.);
#6993=ORIENTED_EDGE('',*,*,#5136,.F.);
#6994=ORIENTED_EDGE('',*,*,#5132,.F.);
#6995=ORIENTED_EDGE('',*,*,#5137,.F.);
#6996=ORIENTED_EDGE('',*,*,#5138,.T.);
#6997=ORIENTED_EDGE('',*,*,#5139,.F.);
#6998=ORIENTED_EDGE('',*,*,#5135,.F.);
#6999=ORIENTED_EDGE('',*,*,#5140,.F.);
#7000=ORIENTED_EDGE('',*,*,#5141,.T.);
#7001=ORIENTED_EDGE('',*,*,#5142,.F.);
#7002=ORIENTED_EDGE('',*,*,#5138,.F.);
#7003=ORIENTED_EDGE('',*,*,#5143,.F.);
#7004=ORIENTED_EDGE('',*,*,#5124,.T.);
#7005=ORIENTED_EDGE('',*,*,#5144,.F.);
#7006=ORIENTED_EDGE('',*,*,#5141,.F.);
#7007=ORIENTED_EDGE('',*,*,#5145,.F.);
#7008=ORIENTED_EDGE('',*,*,#5146,.T.);
#7009=ORIENTED_EDGE('',*,*,#5147,.F.);
#7010=ORIENTED_EDGE('',*,*,#5148,.F.);
#7011=ORIENTED_EDGE('',*,*,#5149,.F.);
#7012=ORIENTED_EDGE('',*,*,#5148,.T.);
#7013=ORIENTED_EDGE('',*,*,#5150,.F.);
#7014=ORIENTED_EDGE('',*,*,#5151,.F.);
#7015=ORIENTED_EDGE('',*,*,#5152,.F.);
#7016=ORIENTED_EDGE('',*,*,#5151,.T.);
#7017=ORIENTED_EDGE('',*,*,#5153,.F.);
#7018=ORIENTED_EDGE('',*,*,#5154,.F.);
#7019=ORIENTED_EDGE('',*,*,#5155,.F.);
#7020=ORIENTED_EDGE('',*,*,#5154,.T.);
#7021=ORIENTED_EDGE('',*,*,#5156,.F.);
#7022=ORIENTED_EDGE('',*,*,#5146,.F.);
#7023=ORIENTED_EDGE('',*,*,#5156,.T.);
#7024=ORIENTED_EDGE('',*,*,#5153,.T.);
#7025=ORIENTED_EDGE('',*,*,#5150,.T.);
#7026=ORIENTED_EDGE('',*,*,#5147,.T.);
#7027=ORIENTED_EDGE('',*,*,#5123,.T.);
#7028=ORIENTED_EDGE('',*,*,#5127,.T.);
#7029=ORIENTED_EDGE('',*,*,#5130,.T.);
#7030=ORIENTED_EDGE('',*,*,#5133,.T.);
#7031=ORIENTED_EDGE('',*,*,#5136,.T.);
#7032=ORIENTED_EDGE('',*,*,#5139,.T.);
#7033=ORIENTED_EDGE('',*,*,#5142,.T.);
#7034=ORIENTED_EDGE('',*,*,#5144,.T.);
#7035=ORIENTED_EDGE('',*,*,#5157,.F.);
#7036=ORIENTED_EDGE('',*,*,#5158,.T.);
#7037=ORIENTED_EDGE('',*,*,#5159,.F.);
#7038=ORIENTED_EDGE('',*,*,#5160,.F.);
#7039=ORIENTED_EDGE('',*,*,#5161,.F.);
#7040=ORIENTED_EDGE('',*,*,#5160,.T.);
#7041=ORIENTED_EDGE('',*,*,#5162,.F.);
#7042=ORIENTED_EDGE('',*,*,#5163,.F.);
#7043=ORIENTED_EDGE('',*,*,#5164,.F.);
#7044=ORIENTED_EDGE('',*,*,#5163,.T.);
#7045=ORIENTED_EDGE('',*,*,#5165,.F.);
#7046=ORIENTED_EDGE('',*,*,#5166,.F.);
#7047=ORIENTED_EDGE('',*,*,#5167,.F.);
#7048=ORIENTED_EDGE('',*,*,#5166,.T.);
#7049=ORIENTED_EDGE('',*,*,#5168,.F.);
#7050=ORIENTED_EDGE('',*,*,#5169,.F.);
#7051=ORIENTED_EDGE('',*,*,#5170,.F.);
#7052=ORIENTED_EDGE('',*,*,#5169,.T.);
#7053=ORIENTED_EDGE('',*,*,#5171,.F.);
#7054=ORIENTED_EDGE('',*,*,#5172,.F.);
#7055=ORIENTED_EDGE('',*,*,#5173,.F.);
#7056=ORIENTED_EDGE('',*,*,#5172,.T.);
#7057=ORIENTED_EDGE('',*,*,#5174,.F.);
#7058=ORIENTED_EDGE('',*,*,#5175,.F.);
#7059=ORIENTED_EDGE('',*,*,#5176,.F.);
#7060=ORIENTED_EDGE('',*,*,#5175,.T.);
#7061=ORIENTED_EDGE('',*,*,#5177,.F.);
#7062=ORIENTED_EDGE('',*,*,#5178,.F.);
#7063=ORIENTED_EDGE('',*,*,#5179,.F.);
#7064=ORIENTED_EDGE('',*,*,#5178,.T.);
#7065=ORIENTED_EDGE('',*,*,#5180,.F.);
#7066=ORIENTED_EDGE('',*,*,#5181,.F.);
#7067=ORIENTED_EDGE('',*,*,#5182,.F.);
#7068=ORIENTED_EDGE('',*,*,#5181,.T.);
#7069=ORIENTED_EDGE('',*,*,#5183,.F.);
#7070=ORIENTED_EDGE('',*,*,#5184,.F.);
#7071=ORIENTED_EDGE('',*,*,#5185,.F.);
#7072=ORIENTED_EDGE('',*,*,#5184,.T.);
#7073=ORIENTED_EDGE('',*,*,#5186,.F.);
#7074=ORIENTED_EDGE('',*,*,#5187,.F.);
#7075=ORIENTED_EDGE('',*,*,#5188,.F.);
#7076=ORIENTED_EDGE('',*,*,#5187,.T.);
#7077=ORIENTED_EDGE('',*,*,#5189,.F.);
#7078=ORIENTED_EDGE('',*,*,#5158,.F.);
#7079=ORIENTED_EDGE('',*,*,#5189,.T.);
#7080=ORIENTED_EDGE('',*,*,#5186,.T.);
#7081=ORIENTED_EDGE('',*,*,#5183,.T.);
#7082=ORIENTED_EDGE('',*,*,#5180,.T.);
#7083=ORIENTED_EDGE('',*,*,#5177,.T.);
#7084=ORIENTED_EDGE('',*,*,#5174,.T.);
#7085=ORIENTED_EDGE('',*,*,#5171,.T.);
#7086=ORIENTED_EDGE('',*,*,#5168,.T.);
#7087=ORIENTED_EDGE('',*,*,#5165,.T.);
#7088=ORIENTED_EDGE('',*,*,#5162,.T.);
#7089=ORIENTED_EDGE('',*,*,#5159,.T.);
#7090=ORIENTED_EDGE('',*,*,#5190,.F.);
#7091=ORIENTED_EDGE('',*,*,#5191,.T.);
#7092=ORIENTED_EDGE('',*,*,#5192,.F.);
#7093=ORIENTED_EDGE('',*,*,#5193,.F.);
#7094=ORIENTED_EDGE('',*,*,#5194,.F.);
#7095=ORIENTED_EDGE('',*,*,#5193,.T.);
#7096=ORIENTED_EDGE('',*,*,#5195,.F.);
#7097=ORIENTED_EDGE('',*,*,#5196,.F.);
#7098=ORIENTED_EDGE('',*,*,#5197,.F.);
#7099=ORIENTED_EDGE('',*,*,#5196,.T.);
#7100=ORIENTED_EDGE('',*,*,#5198,.F.);
#7101=ORIENTED_EDGE('',*,*,#5199,.F.);
#7102=ORIENTED_EDGE('',*,*,#5200,.F.);
#7103=ORIENTED_EDGE('',*,*,#5199,.T.);
#7104=ORIENTED_EDGE('',*,*,#5201,.F.);
#7105=ORIENTED_EDGE('',*,*,#5202,.F.);
#7106=ORIENTED_EDGE('',*,*,#5203,.F.);
#7107=ORIENTED_EDGE('',*,*,#5202,.T.);
#7108=ORIENTED_EDGE('',*,*,#5204,.F.);
#7109=ORIENTED_EDGE('',*,*,#5205,.F.);
#7110=ORIENTED_EDGE('',*,*,#5206,.F.);
#7111=ORIENTED_EDGE('',*,*,#5205,.T.);
#7112=ORIENTED_EDGE('',*,*,#5207,.F.);
#7113=ORIENTED_EDGE('',*,*,#5208,.F.);
#7114=ORIENTED_EDGE('',*,*,#5209,.F.);
#7115=ORIENTED_EDGE('',*,*,#5208,.T.);
#7116=ORIENTED_EDGE('',*,*,#5210,.F.);
#7117=ORIENTED_EDGE('',*,*,#5211,.F.);
#7118=ORIENTED_EDGE('',*,*,#5212,.F.);
#7119=ORIENTED_EDGE('',*,*,#5211,.T.);
#7120=ORIENTED_EDGE('',*,*,#5213,.F.);
#7121=ORIENTED_EDGE('',*,*,#5214,.F.);
#7122=ORIENTED_EDGE('',*,*,#5215,.F.);
#7123=ORIENTED_EDGE('',*,*,#5214,.T.);
#7124=ORIENTED_EDGE('',*,*,#5216,.F.);
#7125=ORIENTED_EDGE('',*,*,#5217,.F.);
#7126=ORIENTED_EDGE('',*,*,#5218,.F.);
#7127=ORIENTED_EDGE('',*,*,#5217,.T.);
#7128=ORIENTED_EDGE('',*,*,#5219,.F.);
#7129=ORIENTED_EDGE('',*,*,#5220,.F.);
#7130=ORIENTED_EDGE('',*,*,#5221,.F.);
#7131=ORIENTED_EDGE('',*,*,#5220,.T.);
#7132=ORIENTED_EDGE('',*,*,#5222,.F.);
#7133=ORIENTED_EDGE('',*,*,#5223,.F.);
#7134=ORIENTED_EDGE('',*,*,#5224,.F.);
#7135=ORIENTED_EDGE('',*,*,#5223,.T.);
#7136=ORIENTED_EDGE('',*,*,#5225,.F.);
#7137=ORIENTED_EDGE('',*,*,#5226,.F.);
#7138=ORIENTED_EDGE('',*,*,#5227,.F.);
#7139=ORIENTED_EDGE('',*,*,#5226,.T.);
#7140=ORIENTED_EDGE('',*,*,#5228,.F.);
#7141=ORIENTED_EDGE('',*,*,#5229,.F.);
#7142=ORIENTED_EDGE('',*,*,#5230,.F.);
#7143=ORIENTED_EDGE('',*,*,#5229,.T.);
#7144=ORIENTED_EDGE('',*,*,#5231,.F.);
#7145=ORIENTED_EDGE('',*,*,#5232,.F.);
#7146=ORIENTED_EDGE('',*,*,#5233,.F.);
#7147=ORIENTED_EDGE('',*,*,#5232,.T.);
#7148=ORIENTED_EDGE('',*,*,#5234,.F.);
#7149=ORIENTED_EDGE('',*,*,#5235,.F.);
#7150=ORIENTED_EDGE('',*,*,#5236,.F.);
#7151=ORIENTED_EDGE('',*,*,#5235,.T.);
#7152=ORIENTED_EDGE('',*,*,#5237,.F.);
#7153=ORIENTED_EDGE('',*,*,#5238,.F.);
#7154=ORIENTED_EDGE('',*,*,#5239,.F.);
#7155=ORIENTED_EDGE('',*,*,#5238,.T.);
#7156=ORIENTED_EDGE('',*,*,#5240,.F.);
#7157=ORIENTED_EDGE('',*,*,#5241,.F.);
#7158=ORIENTED_EDGE('',*,*,#5242,.F.);
#7159=ORIENTED_EDGE('',*,*,#5241,.T.);
#7160=ORIENTED_EDGE('',*,*,#5243,.F.);
#7161=ORIENTED_EDGE('',*,*,#5244,.F.);
#7162=ORIENTED_EDGE('',*,*,#5245,.F.);
#7163=ORIENTED_EDGE('',*,*,#5244,.T.);
#7164=ORIENTED_EDGE('',*,*,#5246,.F.);
#7165=ORIENTED_EDGE('',*,*,#5247,.F.);
#7166=ORIENTED_EDGE('',*,*,#5248,.F.);
#7167=ORIENTED_EDGE('',*,*,#5247,.T.);
#7168=ORIENTED_EDGE('',*,*,#5249,.F.);
#7169=ORIENTED_EDGE('',*,*,#5191,.F.);
#7170=ORIENTED_EDGE('',*,*,#5249,.T.);
#7171=ORIENTED_EDGE('',*,*,#5246,.T.);
#7172=ORIENTED_EDGE('',*,*,#5243,.T.);
#7173=ORIENTED_EDGE('',*,*,#5240,.T.);
#7174=ORIENTED_EDGE('',*,*,#5237,.T.);
#7175=ORIENTED_EDGE('',*,*,#5234,.T.);
#7176=ORIENTED_EDGE('',*,*,#5231,.T.);
#7177=ORIENTED_EDGE('',*,*,#5228,.T.);
#7178=ORIENTED_EDGE('',*,*,#5225,.T.);
#7179=ORIENTED_EDGE('',*,*,#5222,.T.);
#7180=ORIENTED_EDGE('',*,*,#5219,.T.);
#7181=ORIENTED_EDGE('',*,*,#5216,.T.);
#7182=ORIENTED_EDGE('',*,*,#5213,.T.);
#7183=ORIENTED_EDGE('',*,*,#5210,.T.);
#7184=ORIENTED_EDGE('',*,*,#5207,.T.);
#7185=ORIENTED_EDGE('',*,*,#5204,.T.);
#7186=ORIENTED_EDGE('',*,*,#5201,.T.);
#7187=ORIENTED_EDGE('',*,*,#5198,.T.);
#7188=ORIENTED_EDGE('',*,*,#5195,.T.);
#7189=ORIENTED_EDGE('',*,*,#5192,.T.);
#7190=ORIENTED_EDGE('',*,*,#5250,.F.);
#7191=ORIENTED_EDGE('',*,*,#5251,.T.);
#7192=ORIENTED_EDGE('',*,*,#5252,.F.);
#7193=ORIENTED_EDGE('',*,*,#5253,.F.);
#7194=ORIENTED_EDGE('',*,*,#5254,.F.);
#7195=ORIENTED_EDGE('',*,*,#5255,.T.);
#7196=ORIENTED_EDGE('',*,*,#5256,.F.);
#7197=ORIENTED_EDGE('',*,*,#5251,.F.);
#7198=ORIENTED_EDGE('',*,*,#5257,.F.);
#7199=ORIENTED_EDGE('',*,*,#5253,.T.);
#7200=ORIENTED_EDGE('',*,*,#5258,.F.);
#7201=ORIENTED_EDGE('',*,*,#5255,.F.);
#7202=ORIENTED_EDGE('',*,*,#5259,.F.);
#7203=ORIENTED_EDGE('',*,*,#5260,.T.);
#7204=ORIENTED_EDGE('',*,*,#5261,.F.);
#7205=ORIENTED_EDGE('',*,*,#5262,.F.);
#7206=ORIENTED_EDGE('',*,*,#5263,.F.);
#7207=ORIENTED_EDGE('',*,*,#5262,.T.);
#7208=ORIENTED_EDGE('',*,*,#5264,.F.);
#7209=ORIENTED_EDGE('',*,*,#5265,.F.);
#7210=ORIENTED_EDGE('',*,*,#5266,.F.);
#7211=ORIENTED_EDGE('',*,*,#5265,.T.);
#7212=ORIENTED_EDGE('',*,*,#5267,.F.);
#7213=ORIENTED_EDGE('',*,*,#5268,.F.);
#7214=ORIENTED_EDGE('',*,*,#5269,.F.);
#7215=ORIENTED_EDGE('',*,*,#5268,.T.);
#7216=ORIENTED_EDGE('',*,*,#5270,.F.);
#7217=ORIENTED_EDGE('',*,*,#5271,.F.);
#7218=ORIENTED_EDGE('',*,*,#5272,.F.);
#7219=ORIENTED_EDGE('',*,*,#5271,.T.);
#7220=ORIENTED_EDGE('',*,*,#5273,.F.);
#7221=ORIENTED_EDGE('',*,*,#5274,.F.);
#7222=ORIENTED_EDGE('',*,*,#5275,.F.);
#7223=ORIENTED_EDGE('',*,*,#5274,.T.);
#7224=ORIENTED_EDGE('',*,*,#5276,.F.);
#7225=ORIENTED_EDGE('',*,*,#5277,.F.);
#7226=ORIENTED_EDGE('',*,*,#5278,.F.);
#7227=ORIENTED_EDGE('',*,*,#5277,.T.);
#7228=ORIENTED_EDGE('',*,*,#5279,.F.);
#7229=ORIENTED_EDGE('',*,*,#5280,.F.);
#7230=ORIENTED_EDGE('',*,*,#5281,.F.);
#7231=ORIENTED_EDGE('',*,*,#5280,.T.);
#7232=ORIENTED_EDGE('',*,*,#5282,.F.);
#7233=ORIENTED_EDGE('',*,*,#5283,.F.);
#7234=ORIENTED_EDGE('',*,*,#5284,.F.);
#7235=ORIENTED_EDGE('',*,*,#5283,.T.);
#7236=ORIENTED_EDGE('',*,*,#5285,.F.);
#7237=ORIENTED_EDGE('',*,*,#5286,.F.);
#7238=ORIENTED_EDGE('',*,*,#5287,.F.);
#7239=ORIENTED_EDGE('',*,*,#5286,.T.);
#7240=ORIENTED_EDGE('',*,*,#5288,.F.);
#7241=ORIENTED_EDGE('',*,*,#5289,.F.);
#7242=ORIENTED_EDGE('',*,*,#5290,.F.);
#7243=ORIENTED_EDGE('',*,*,#5289,.T.);
#7244=ORIENTED_EDGE('',*,*,#5291,.F.);
#7245=ORIENTED_EDGE('',*,*,#5260,.F.);
#7246=ORIENTED_EDGE('',*,*,#5291,.T.);
#7247=ORIENTED_EDGE('',*,*,#5288,.T.);
#7248=ORIENTED_EDGE('',*,*,#5285,.T.);
#7249=ORIENTED_EDGE('',*,*,#5282,.T.);
#7250=ORIENTED_EDGE('',*,*,#5279,.T.);
#7251=ORIENTED_EDGE('',*,*,#5276,.T.);
#7252=ORIENTED_EDGE('',*,*,#5273,.T.);
#7253=ORIENTED_EDGE('',*,*,#5270,.T.);
#7254=ORIENTED_EDGE('',*,*,#5267,.T.);
#7255=ORIENTED_EDGE('',*,*,#5264,.T.);
#7256=ORIENTED_EDGE('',*,*,#5261,.T.);
#7257=ORIENTED_EDGE('',*,*,#5252,.T.);
#7258=ORIENTED_EDGE('',*,*,#5256,.T.);
#7259=ORIENTED_EDGE('',*,*,#5258,.T.);
#7260=ORIENTED_EDGE('',*,*,#5292,.F.);
#7261=ORIENTED_EDGE('',*,*,#5293,.T.);
#7262=ORIENTED_EDGE('',*,*,#5294,.F.);
#7263=ORIENTED_EDGE('',*,*,#5295,.F.);
#7264=ORIENTED_EDGE('',*,*,#5296,.F.);
#7265=ORIENTED_EDGE('',*,*,#5295,.T.);
#7266=ORIENTED_EDGE('',*,*,#5297,.F.);
#7267=ORIENTED_EDGE('',*,*,#5298,.F.);
#7268=ORIENTED_EDGE('',*,*,#5299,.F.);
#7269=ORIENTED_EDGE('',*,*,#5298,.T.);
#7270=ORIENTED_EDGE('',*,*,#5300,.F.);
#7271=ORIENTED_EDGE('',*,*,#5301,.F.);
#7272=ORIENTED_EDGE('',*,*,#5302,.F.);
#7273=ORIENTED_EDGE('',*,*,#5301,.T.);
#7274=ORIENTED_EDGE('',*,*,#5303,.F.);
#7275=ORIENTED_EDGE('',*,*,#5293,.F.);
#7276=ORIENTED_EDGE('',*,*,#5303,.T.);
#7277=ORIENTED_EDGE('',*,*,#5300,.T.);
#7278=ORIENTED_EDGE('',*,*,#5297,.T.);
#7279=ORIENTED_EDGE('',*,*,#5294,.T.);
#7280=ORIENTED_EDGE('',*,*,#5304,.F.);
#7281=ORIENTED_EDGE('',*,*,#5305,.T.);
#7282=ORIENTED_EDGE('',*,*,#5306,.F.);
#7283=ORIENTED_EDGE('',*,*,#5307,.F.);
#7284=ORIENTED_EDGE('',*,*,#5308,.F.);
#7285=ORIENTED_EDGE('',*,*,#5309,.T.);
#7286=ORIENTED_EDGE('',*,*,#5310,.F.);
#7287=ORIENTED_EDGE('',*,*,#5305,.F.);
#7288=ORIENTED_EDGE('',*,*,#5311,.F.);
#7289=ORIENTED_EDGE('',*,*,#5312,.T.);
#7290=ORIENTED_EDGE('',*,*,#5313,.F.);
#7291=ORIENTED_EDGE('',*,*,#5309,.F.);
#7292=ORIENTED_EDGE('',*,*,#5314,.F.);
#7293=ORIENTED_EDGE('',*,*,#5315,.T.);
#7294=ORIENTED_EDGE('',*,*,#5316,.F.);
#7295=ORIENTED_EDGE('',*,*,#5312,.F.);
#7296=ORIENTED_EDGE('',*,*,#5317,.F.);
#7297=ORIENTED_EDGE('',*,*,#5318,.T.);
#7298=ORIENTED_EDGE('',*,*,#5319,.F.);
#7299=ORIENTED_EDGE('',*,*,#5315,.F.);
#7300=ORIENTED_EDGE('',*,*,#5320,.F.);
#7301=ORIENTED_EDGE('',*,*,#5321,.T.);
#7302=ORIENTED_EDGE('',*,*,#5322,.F.);
#7303=ORIENTED_EDGE('',*,*,#5318,.F.);
#7304=ORIENTED_EDGE('',*,*,#5323,.F.);
#7305=ORIENTED_EDGE('',*,*,#5307,.T.);
#7306=ORIENTED_EDGE('',*,*,#5324,.F.);
#7307=ORIENTED_EDGE('',*,*,#5321,.F.);
#7308=ORIENTED_EDGE('',*,*,#5325,.F.);
#7309=ORIENTED_EDGE('',*,*,#5326,.T.);
#7310=ORIENTED_EDGE('',*,*,#5327,.F.);
#7311=ORIENTED_EDGE('',*,*,#5328,.F.);
#7312=ORIENTED_EDGE('',*,*,#5329,.F.);
#7313=ORIENTED_EDGE('',*,*,#5328,.T.);
#7314=ORIENTED_EDGE('',*,*,#5330,.F.);
#7315=ORIENTED_EDGE('',*,*,#5331,.F.);
#7316=ORIENTED_EDGE('',*,*,#5332,.F.);
#7317=ORIENTED_EDGE('',*,*,#5331,.T.);
#7318=ORIENTED_EDGE('',*,*,#5333,.F.);
#7319=ORIENTED_EDGE('',*,*,#5334,.F.);
#7320=ORIENTED_EDGE('',*,*,#5335,.F.);
#7321=ORIENTED_EDGE('',*,*,#5334,.T.);
#7322=ORIENTED_EDGE('',*,*,#5336,.F.);
#7323=ORIENTED_EDGE('',*,*,#5337,.F.);
#7324=ORIENTED_EDGE('',*,*,#5338,.F.);
#7325=ORIENTED_EDGE('',*,*,#5337,.T.);
#7326=ORIENTED_EDGE('',*,*,#5339,.F.);
#7327=ORIENTED_EDGE('',*,*,#5340,.F.);
#7328=ORIENTED_EDGE('',*,*,#5341,.F.);
#7329=ORIENTED_EDGE('',*,*,#5340,.T.);
#7330=ORIENTED_EDGE('',*,*,#5342,.F.);
#7331=ORIENTED_EDGE('',*,*,#5343,.F.);
#7332=ORIENTED_EDGE('',*,*,#5344,.F.);
#7333=ORIENTED_EDGE('',*,*,#5343,.T.);
#7334=ORIENTED_EDGE('',*,*,#5345,.F.);
#7335=ORIENTED_EDGE('',*,*,#5346,.F.);
#7336=ORIENTED_EDGE('',*,*,#5347,.F.);
#7337=ORIENTED_EDGE('',*,*,#5346,.T.);
#7338=ORIENTED_EDGE('',*,*,#5348,.F.);
#7339=ORIENTED_EDGE('',*,*,#5349,.F.);
#7340=ORIENTED_EDGE('',*,*,#5350,.F.);
#7341=ORIENTED_EDGE('',*,*,#5349,.T.);
#7342=ORIENTED_EDGE('',*,*,#5351,.F.);
#7343=ORIENTED_EDGE('',*,*,#5326,.F.);
#7344=ORIENTED_EDGE('',*,*,#5351,.T.);
#7345=ORIENTED_EDGE('',*,*,#5348,.T.);
#7346=ORIENTED_EDGE('',*,*,#5345,.T.);
#7347=ORIENTED_EDGE('',*,*,#5342,.T.);
#7348=ORIENTED_EDGE('',*,*,#5339,.T.);
#7349=ORIENTED_EDGE('',*,*,#5336,.T.);
#7350=ORIENTED_EDGE('',*,*,#5333,.T.);
#7351=ORIENTED_EDGE('',*,*,#5330,.T.);
#7352=ORIENTED_EDGE('',*,*,#5327,.T.);
#7353=ORIENTED_EDGE('',*,*,#5306,.T.);
#7354=ORIENTED_EDGE('',*,*,#5310,.T.);
#7355=ORIENTED_EDGE('',*,*,#5313,.T.);
#7356=ORIENTED_EDGE('',*,*,#5316,.T.);
#7357=ORIENTED_EDGE('',*,*,#5319,.T.);
#7358=ORIENTED_EDGE('',*,*,#5322,.T.);
#7359=ORIENTED_EDGE('',*,*,#5324,.T.);
#7360=ORIENTED_EDGE('',*,*,#5352,.F.);
#7361=ORIENTED_EDGE('',*,*,#5353,.T.);
#7362=ORIENTED_EDGE('',*,*,#5354,.F.);
#7363=ORIENTED_EDGE('',*,*,#5355,.F.);
#7364=ORIENTED_EDGE('',*,*,#5356,.F.);
#7365=ORIENTED_EDGE('',*,*,#5355,.T.);
#7366=ORIENTED_EDGE('',*,*,#5357,.F.);
#7367=ORIENTED_EDGE('',*,*,#5358,.F.);
#7368=ORIENTED_EDGE('',*,*,#5359,.F.);
#7369=ORIENTED_EDGE('',*,*,#5358,.T.);
#7370=ORIENTED_EDGE('',*,*,#5360,.F.);
#7371=ORIENTED_EDGE('',*,*,#5361,.F.);
#7372=ORIENTED_EDGE('',*,*,#5362,.F.);
#7373=ORIENTED_EDGE('',*,*,#5361,.T.);
#7374=ORIENTED_EDGE('',*,*,#5363,.F.);
#7375=ORIENTED_EDGE('',*,*,#5353,.F.);
#7376=ORIENTED_EDGE('',*,*,#5363,.T.);
#7377=ORIENTED_EDGE('',*,*,#5360,.T.);
#7378=ORIENTED_EDGE('',*,*,#5357,.T.);
#7379=ORIENTED_EDGE('',*,*,#5354,.T.);
#7380=ORIENTED_EDGE('',*,*,#5364,.F.);
#7381=ORIENTED_EDGE('',*,*,#5365,.T.);
#7382=ORIENTED_EDGE('',*,*,#5366,.F.);
#7383=ORIENTED_EDGE('',*,*,#5367,.F.);
#7384=ORIENTED_EDGE('',*,*,#5368,.F.);
#7385=ORIENTED_EDGE('',*,*,#5367,.T.);
#7386=ORIENTED_EDGE('',*,*,#5369,.F.);
#7387=ORIENTED_EDGE('',*,*,#5370,.F.);
#7388=ORIENTED_EDGE('',*,*,#5371,.F.);
#7389=ORIENTED_EDGE('',*,*,#5370,.T.);
#7390=ORIENTED_EDGE('',*,*,#5372,.F.);
#7391=ORIENTED_EDGE('',*,*,#5373,.F.);
#7392=ORIENTED_EDGE('',*,*,#5374,.F.);
#7393=ORIENTED_EDGE('',*,*,#5373,.T.);
#7394=ORIENTED_EDGE('',*,*,#5375,.F.);
#7395=ORIENTED_EDGE('',*,*,#5376,.F.);
#7396=ORIENTED_EDGE('',*,*,#5377,.F.);
#7397=ORIENTED_EDGE('',*,*,#5376,.T.);
#7398=ORIENTED_EDGE('',*,*,#5378,.F.);
#7399=ORIENTED_EDGE('',*,*,#5379,.F.);
#7400=ORIENTED_EDGE('',*,*,#5380,.F.);
#7401=ORIENTED_EDGE('',*,*,#5379,.T.);
#7402=ORIENTED_EDGE('',*,*,#5381,.F.);
#7403=ORIENTED_EDGE('',*,*,#5365,.F.);
#7404=ORIENTED_EDGE('',*,*,#5381,.T.);
#7405=ORIENTED_EDGE('',*,*,#5378,.T.);
#7406=ORIENTED_EDGE('',*,*,#5375,.T.);
#7407=ORIENTED_EDGE('',*,*,#5372,.T.);
#7408=ORIENTED_EDGE('',*,*,#5369,.T.);
#7409=ORIENTED_EDGE('',*,*,#5366,.T.);
#7410=ORIENTED_EDGE('',*,*,#5382,.F.);
#7411=ORIENTED_EDGE('',*,*,#5383,.T.);
#7412=ORIENTED_EDGE('',*,*,#5384,.F.);
#7413=ORIENTED_EDGE('',*,*,#5385,.F.);
#7414=ORIENTED_EDGE('',*,*,#5386,.F.);
#7415=ORIENTED_EDGE('',*,*,#5387,.T.);
#7416=ORIENTED_EDGE('',*,*,#5388,.F.);
#7417=ORIENTED_EDGE('',*,*,#5383,.F.);
#7418=ORIENTED_EDGE('',*,*,#5389,.F.);
#7419=ORIENTED_EDGE('',*,*,#5390,.T.);
#7420=ORIENTED_EDGE('',*,*,#5391,.F.);
#7421=ORIENTED_EDGE('',*,*,#5387,.F.);
#7422=ORIENTED_EDGE('',*,*,#5392,.F.);
#7423=ORIENTED_EDGE('',*,*,#5393,.T.);
#7424=ORIENTED_EDGE('',*,*,#5394,.F.);
#7425=ORIENTED_EDGE('',*,*,#5390,.F.);
#7426=ORIENTED_EDGE('',*,*,#5395,.F.);
#7427=ORIENTED_EDGE('',*,*,#5396,.T.);
#7428=ORIENTED_EDGE('',*,*,#5397,.F.);
#7429=ORIENTED_EDGE('',*,*,#5393,.F.);
#7430=ORIENTED_EDGE('',*,*,#5398,.F.);
#7431=ORIENTED_EDGE('',*,*,#5399,.T.);
#7432=ORIENTED_EDGE('',*,*,#5400,.F.);
#7433=ORIENTED_EDGE('',*,*,#5396,.F.);
#7434=ORIENTED_EDGE('',*,*,#5401,.F.);
#7435=ORIENTED_EDGE('',*,*,#5385,.T.);
#7436=ORIENTED_EDGE('',*,*,#5402,.F.);
#7437=ORIENTED_EDGE('',*,*,#5399,.F.);
#7438=ORIENTED_EDGE('',*,*,#5403,.F.);
#7439=ORIENTED_EDGE('',*,*,#5404,.T.);
#7440=ORIENTED_EDGE('',*,*,#5405,.F.);
#7441=ORIENTED_EDGE('',*,*,#5406,.F.);
#7442=ORIENTED_EDGE('',*,*,#5407,.F.);
#7443=ORIENTED_EDGE('',*,*,#5406,.T.);
#7444=ORIENTED_EDGE('',*,*,#5408,.F.);
#7445=ORIENTED_EDGE('',*,*,#5409,.F.);
#7446=ORIENTED_EDGE('',*,*,#5410,.F.);
#7447=ORIENTED_EDGE('',*,*,#5409,.T.);
#7448=ORIENTED_EDGE('',*,*,#5411,.F.);
#7449=ORIENTED_EDGE('',*,*,#5412,.F.);
#7450=ORIENTED_EDGE('',*,*,#5413,.F.);
#7451=ORIENTED_EDGE('',*,*,#5412,.T.);
#7452=ORIENTED_EDGE('',*,*,#5414,.F.);
#7453=ORIENTED_EDGE('',*,*,#5415,.F.);
#7454=ORIENTED_EDGE('',*,*,#5416,.F.);
#7455=ORIENTED_EDGE('',*,*,#5415,.T.);
#7456=ORIENTED_EDGE('',*,*,#5417,.F.);
#7457=ORIENTED_EDGE('',*,*,#5418,.F.);
#7458=ORIENTED_EDGE('',*,*,#5419,.F.);
#7459=ORIENTED_EDGE('',*,*,#5418,.T.);
#7460=ORIENTED_EDGE('',*,*,#5420,.F.);
#7461=ORIENTED_EDGE('',*,*,#5421,.F.);
#7462=ORIENTED_EDGE('',*,*,#5422,.F.);
#7463=ORIENTED_EDGE('',*,*,#5421,.T.);
#7464=ORIENTED_EDGE('',*,*,#5423,.F.);
#7465=ORIENTED_EDGE('',*,*,#5424,.F.);
#7466=ORIENTED_EDGE('',*,*,#5425,.F.);
#7467=ORIENTED_EDGE('',*,*,#5424,.T.);
#7468=ORIENTED_EDGE('',*,*,#5426,.F.);
#7469=ORIENTED_EDGE('',*,*,#5427,.F.);
#7470=ORIENTED_EDGE('',*,*,#5428,.F.);
#7471=ORIENTED_EDGE('',*,*,#5427,.T.);
#7472=ORIENTED_EDGE('',*,*,#5429,.F.);
#7473=ORIENTED_EDGE('',*,*,#5430,.F.);
#7474=ORIENTED_EDGE('',*,*,#5431,.F.);
#7475=ORIENTED_EDGE('',*,*,#5430,.T.);
#7476=ORIENTED_EDGE('',*,*,#5432,.F.);
#7477=ORIENTED_EDGE('',*,*,#5433,.F.);
#7478=ORIENTED_EDGE('',*,*,#5434,.F.);
#7479=ORIENTED_EDGE('',*,*,#5433,.T.);
#7480=ORIENTED_EDGE('',*,*,#5435,.F.);
#7481=ORIENTED_EDGE('',*,*,#5436,.F.);
#7482=ORIENTED_EDGE('',*,*,#5437,.F.);
#7483=ORIENTED_EDGE('',*,*,#5436,.T.);
#7484=ORIENTED_EDGE('',*,*,#5438,.F.);
#7485=ORIENTED_EDGE('',*,*,#5439,.F.);
#7486=ORIENTED_EDGE('',*,*,#5440,.F.);
#7487=ORIENTED_EDGE('',*,*,#5439,.T.);
#7488=ORIENTED_EDGE('',*,*,#5441,.F.);
#7489=ORIENTED_EDGE('',*,*,#5442,.F.);
#7490=ORIENTED_EDGE('',*,*,#5443,.F.);
#7491=ORIENTED_EDGE('',*,*,#5442,.T.);
#7492=ORIENTED_EDGE('',*,*,#5444,.F.);
#7493=ORIENTED_EDGE('',*,*,#5404,.F.);
#7494=ORIENTED_EDGE('',*,*,#5444,.T.);
#7495=ORIENTED_EDGE('',*,*,#5441,.T.);
#7496=ORIENTED_EDGE('',*,*,#5438,.T.);
#7497=ORIENTED_EDGE('',*,*,#5435,.T.);
#7498=ORIENTED_EDGE('',*,*,#5432,.T.);
#7499=ORIENTED_EDGE('',*,*,#5429,.T.);
#7500=ORIENTED_EDGE('',*,*,#5426,.T.);
#7501=ORIENTED_EDGE('',*,*,#5423,.T.);
#7502=ORIENTED_EDGE('',*,*,#5420,.T.);
#7503=ORIENTED_EDGE('',*,*,#5417,.T.);
#7504=ORIENTED_EDGE('',*,*,#5414,.T.);
#7505=ORIENTED_EDGE('',*,*,#5411,.T.);
#7506=ORIENTED_EDGE('',*,*,#5408,.T.);
#7507=ORIENTED_EDGE('',*,*,#5405,.T.);
#7508=ORIENTED_EDGE('',*,*,#5384,.T.);
#7509=ORIENTED_EDGE('',*,*,#5388,.T.);
#7510=ORIENTED_EDGE('',*,*,#5391,.T.);
#7511=ORIENTED_EDGE('',*,*,#5394,.T.);
#7512=ORIENTED_EDGE('',*,*,#5397,.T.);
#7513=ORIENTED_EDGE('',*,*,#5400,.T.);
#7514=ORIENTED_EDGE('',*,*,#5402,.T.);
#7515=ORIENTED_EDGE('',*,*,#5445,.F.);
#7516=ORIENTED_EDGE('',*,*,#5446,.T.);
#7517=ORIENTED_EDGE('',*,*,#5447,.F.);
#7518=ORIENTED_EDGE('',*,*,#5448,.F.);
#7519=ORIENTED_EDGE('',*,*,#5449,.F.);
#7520=ORIENTED_EDGE('',*,*,#5450,.T.);
#7521=ORIENTED_EDGE('',*,*,#5451,.F.);
#7522=ORIENTED_EDGE('',*,*,#5446,.F.);
#7523=ORIENTED_EDGE('',*,*,#5452,.F.);
#7524=ORIENTED_EDGE('',*,*,#5453,.T.);
#7525=ORIENTED_EDGE('',*,*,#5454,.F.);
#7526=ORIENTED_EDGE('',*,*,#5450,.F.);
#7527=ORIENTED_EDGE('',*,*,#5455,.F.);
#7528=ORIENTED_EDGE('',*,*,#5456,.T.);
#7529=ORIENTED_EDGE('',*,*,#5457,.F.);
#7530=ORIENTED_EDGE('',*,*,#5453,.F.);
#7531=ORIENTED_EDGE('',*,*,#5458,.F.);
#7532=ORIENTED_EDGE('',*,*,#5459,.T.);
#7533=ORIENTED_EDGE('',*,*,#5460,.F.);
#7534=ORIENTED_EDGE('',*,*,#5456,.F.);
#7535=ORIENTED_EDGE('',*,*,#5461,.F.);
#7536=ORIENTED_EDGE('',*,*,#5462,.T.);
#7537=ORIENTED_EDGE('',*,*,#5463,.F.);
#7538=ORIENTED_EDGE('',*,*,#5459,.F.);
#7539=ORIENTED_EDGE('',*,*,#5464,.F.);
#7540=ORIENTED_EDGE('',*,*,#5465,.T.);
#7541=ORIENTED_EDGE('',*,*,#5466,.F.);
#7542=ORIENTED_EDGE('',*,*,#5462,.F.);
#7543=ORIENTED_EDGE('',*,*,#5467,.F.);
#7544=ORIENTED_EDGE('',*,*,#5448,.T.);
#7545=ORIENTED_EDGE('',*,*,#5468,.F.);
#7546=ORIENTED_EDGE('',*,*,#5465,.F.);
#7547=ORIENTED_EDGE('',*,*,#5469,.F.);
#7548=ORIENTED_EDGE('',*,*,#5470,.T.);
#7549=ORIENTED_EDGE('',*,*,#5471,.F.);
#7550=ORIENTED_EDGE('',*,*,#5472,.F.);
#7551=ORIENTED_EDGE('',*,*,#5473,.F.);
#7552=ORIENTED_EDGE('',*,*,#5472,.T.);
#7553=ORIENTED_EDGE('',*,*,#5474,.F.);
#7554=ORIENTED_EDGE('',*,*,#5475,.F.);
#7555=ORIENTED_EDGE('',*,*,#5476,.F.);
#7556=ORIENTED_EDGE('',*,*,#5475,.T.);
#7557=ORIENTED_EDGE('',*,*,#5477,.F.);
#7558=ORIENTED_EDGE('',*,*,#5478,.F.);
#7559=ORIENTED_EDGE('',*,*,#5479,.F.);
#7560=ORIENTED_EDGE('',*,*,#5478,.T.);
#7561=ORIENTED_EDGE('',*,*,#5480,.F.);
#7562=ORIENTED_EDGE('',*,*,#5470,.F.);
#7563=ORIENTED_EDGE('',*,*,#5480,.T.);
#7564=ORIENTED_EDGE('',*,*,#5477,.T.);
#7565=ORIENTED_EDGE('',*,*,#5474,.T.);
#7566=ORIENTED_EDGE('',*,*,#5471,.T.);
#7567=ORIENTED_EDGE('',*,*,#5447,.T.);
#7568=ORIENTED_EDGE('',*,*,#5451,.T.);
#7569=ORIENTED_EDGE('',*,*,#5454,.T.);
#7570=ORIENTED_EDGE('',*,*,#5457,.T.);
#7571=ORIENTED_EDGE('',*,*,#5460,.T.);
#7572=ORIENTED_EDGE('',*,*,#5463,.T.);
#7573=ORIENTED_EDGE('',*,*,#5466,.T.);
#7574=ORIENTED_EDGE('',*,*,#5468,.T.);
#7575=ORIENTED_EDGE('',*,*,#5481,.F.);
#7576=ORIENTED_EDGE('',*,*,#5482,.T.);
#7577=ORIENTED_EDGE('',*,*,#5483,.F.);
#7578=ORIENTED_EDGE('',*,*,#5484,.F.);
#7579=ORIENTED_EDGE('',*,*,#5485,.F.);
#7580=ORIENTED_EDGE('',*,*,#5484,.T.);
#7581=ORIENTED_EDGE('',*,*,#5486,.F.);
#7582=ORIENTED_EDGE('',*,*,#5487,.F.);
#7583=ORIENTED_EDGE('',*,*,#5488,.F.);
#7584=ORIENTED_EDGE('',*,*,#5487,.T.);
#7585=ORIENTED_EDGE('',*,*,#5489,.F.);
#7586=ORIENTED_EDGE('',*,*,#5490,.F.);
#7587=ORIENTED_EDGE('',*,*,#5491,.F.);
#7588=ORIENTED_EDGE('',*,*,#5490,.T.);
#7589=ORIENTED_EDGE('',*,*,#5492,.F.);
#7590=ORIENTED_EDGE('',*,*,#5493,.F.);
#7591=ORIENTED_EDGE('',*,*,#5494,.F.);
#7592=ORIENTED_EDGE('',*,*,#5493,.T.);
#7593=ORIENTED_EDGE('',*,*,#5495,.F.);
#7594=ORIENTED_EDGE('',*,*,#5496,.F.);
#7595=ORIENTED_EDGE('',*,*,#5497,.F.);
#7596=ORIENTED_EDGE('',*,*,#5496,.T.);
#7597=ORIENTED_EDGE('',*,*,#5498,.F.);
#7598=ORIENTED_EDGE('',*,*,#5499,.F.);
#7599=ORIENTED_EDGE('',*,*,#5500,.F.);
#7600=ORIENTED_EDGE('',*,*,#5499,.T.);
#7601=ORIENTED_EDGE('',*,*,#5501,.F.);
#7602=ORIENTED_EDGE('',*,*,#5502,.F.);
#7603=ORIENTED_EDGE('',*,*,#5503,.F.);
#7604=ORIENTED_EDGE('',*,*,#5502,.T.);
#7605=ORIENTED_EDGE('',*,*,#5504,.F.);
#7606=ORIENTED_EDGE('',*,*,#5505,.F.);
#7607=ORIENTED_EDGE('',*,*,#5506,.F.);
#7608=ORIENTED_EDGE('',*,*,#5505,.T.);
#7609=ORIENTED_EDGE('',*,*,#5507,.F.);
#7610=ORIENTED_EDGE('',*,*,#5508,.F.);
#7611=ORIENTED_EDGE('',*,*,#5509,.F.);
#7612=ORIENTED_EDGE('',*,*,#5508,.T.);
#7613=ORIENTED_EDGE('',*,*,#5510,.F.);
#7614=ORIENTED_EDGE('',*,*,#5511,.F.);
#7615=ORIENTED_EDGE('',*,*,#5512,.F.);
#7616=ORIENTED_EDGE('',*,*,#5511,.T.);
#7617=ORIENTED_EDGE('',*,*,#5513,.F.);
#7618=ORIENTED_EDGE('',*,*,#5514,.F.);
#7619=ORIENTED_EDGE('',*,*,#5515,.F.);
#7620=ORIENTED_EDGE('',*,*,#5514,.T.);
#7621=ORIENTED_EDGE('',*,*,#5516,.F.);
#7622=ORIENTED_EDGE('',*,*,#5517,.F.);
#7623=ORIENTED_EDGE('',*,*,#5518,.F.);
#7624=ORIENTED_EDGE('',*,*,#5517,.T.);
#7625=ORIENTED_EDGE('',*,*,#5519,.F.);
#7626=ORIENTED_EDGE('',*,*,#5520,.F.);
#7627=ORIENTED_EDGE('',*,*,#5521,.F.);
#7628=ORIENTED_EDGE('',*,*,#5520,.T.);
#7629=ORIENTED_EDGE('',*,*,#5522,.F.);
#7630=ORIENTED_EDGE('',*,*,#5523,.F.);
#7631=ORIENTED_EDGE('',*,*,#5524,.F.);
#7632=ORIENTED_EDGE('',*,*,#5523,.T.);
#7633=ORIENTED_EDGE('',*,*,#5525,.F.);
#7634=ORIENTED_EDGE('',*,*,#5526,.F.);
#7635=ORIENTED_EDGE('',*,*,#5527,.F.);
#7636=ORIENTED_EDGE('',*,*,#5526,.T.);
#7637=ORIENTED_EDGE('',*,*,#5528,.F.);
#7638=ORIENTED_EDGE('',*,*,#5529,.F.);
#7639=ORIENTED_EDGE('',*,*,#5530,.F.);
#7640=ORIENTED_EDGE('',*,*,#5529,.T.);
#7641=ORIENTED_EDGE('',*,*,#5531,.F.);
#7642=ORIENTED_EDGE('',*,*,#5532,.F.);
#7643=ORIENTED_EDGE('',*,*,#5533,.F.);
#7644=ORIENTED_EDGE('',*,*,#5532,.T.);
#7645=ORIENTED_EDGE('',*,*,#5534,.F.);
#7646=ORIENTED_EDGE('',*,*,#5535,.F.);
#7647=ORIENTED_EDGE('',*,*,#5536,.F.);
#7648=ORIENTED_EDGE('',*,*,#5535,.T.);
#7649=ORIENTED_EDGE('',*,*,#5537,.F.);
#7650=ORIENTED_EDGE('',*,*,#5538,.F.);
#7651=ORIENTED_EDGE('',*,*,#5539,.F.);
#7652=ORIENTED_EDGE('',*,*,#5538,.T.);
#7653=ORIENTED_EDGE('',*,*,#5540,.F.);
#7654=ORIENTED_EDGE('',*,*,#5541,.F.);
#7655=ORIENTED_EDGE('',*,*,#5542,.F.);
#7656=ORIENTED_EDGE('',*,*,#5541,.T.);
#7657=ORIENTED_EDGE('',*,*,#5543,.F.);
#7658=ORIENTED_EDGE('',*,*,#5544,.F.);
#7659=ORIENTED_EDGE('',*,*,#5545,.F.);
#7660=ORIENTED_EDGE('',*,*,#5544,.T.);
#7661=ORIENTED_EDGE('',*,*,#5546,.F.);
#7662=ORIENTED_EDGE('',*,*,#5547,.F.);
#7663=ORIENTED_EDGE('',*,*,#5548,.F.);
#7664=ORIENTED_EDGE('',*,*,#5547,.T.);
#7665=ORIENTED_EDGE('',*,*,#5549,.F.);
#7666=ORIENTED_EDGE('',*,*,#5550,.F.);
#7667=ORIENTED_EDGE('',*,*,#5551,.F.);
#7668=ORIENTED_EDGE('',*,*,#5550,.T.);
#7669=ORIENTED_EDGE('',*,*,#5552,.F.);
#7670=ORIENTED_EDGE('',*,*,#5553,.F.);
#7671=ORIENTED_EDGE('',*,*,#5554,.F.);
#7672=ORIENTED_EDGE('',*,*,#5553,.T.);
#7673=ORIENTED_EDGE('',*,*,#5555,.F.);
#7674=ORIENTED_EDGE('',*,*,#5556,.F.);
#7675=ORIENTED_EDGE('',*,*,#5557,.F.);
#7676=ORIENTED_EDGE('',*,*,#5556,.T.);
#7677=ORIENTED_EDGE('',*,*,#5558,.F.);
#7678=ORIENTED_EDGE('',*,*,#5559,.F.);
#7679=ORIENTED_EDGE('',*,*,#5560,.F.);
#7680=ORIENTED_EDGE('',*,*,#5559,.T.);
#7681=ORIENTED_EDGE('',*,*,#5561,.F.);
#7682=ORIENTED_EDGE('',*,*,#5482,.F.);
#7683=ORIENTED_EDGE('',*,*,#5561,.T.);
#7684=ORIENTED_EDGE('',*,*,#5558,.T.);
#7685=ORIENTED_EDGE('',*,*,#5555,.T.);
#7686=ORIENTED_EDGE('',*,*,#5552,.T.);
#7687=ORIENTED_EDGE('',*,*,#5549,.T.);
#7688=ORIENTED_EDGE('',*,*,#5546,.T.);
#7689=ORIENTED_EDGE('',*,*,#5543,.T.);
#7690=ORIENTED_EDGE('',*,*,#5540,.T.);
#7691=ORIENTED_EDGE('',*,*,#5537,.T.);
#7692=ORIENTED_EDGE('',*,*,#5534,.T.);
#7693=ORIENTED_EDGE('',*,*,#5531,.T.);
#7694=ORIENTED_EDGE('',*,*,#5528,.T.);
#7695=ORIENTED_EDGE('',*,*,#5525,.T.);
#7696=ORIENTED_EDGE('',*,*,#5522,.T.);
#7697=ORIENTED_EDGE('',*,*,#5519,.T.);
#7698=ORIENTED_EDGE('',*,*,#5516,.T.);
#7699=ORIENTED_EDGE('',*,*,#5513,.T.);
#7700=ORIENTED_EDGE('',*,*,#5510,.T.);
#7701=ORIENTED_EDGE('',*,*,#5507,.T.);
#7702=ORIENTED_EDGE('',*,*,#5504,.T.);
#7703=ORIENTED_EDGE('',*,*,#5501,.T.);
#7704=ORIENTED_EDGE('',*,*,#5498,.T.);
#7705=ORIENTED_EDGE('',*,*,#5495,.T.);
#7706=ORIENTED_EDGE('',*,*,#5492,.T.);
#7707=ORIENTED_EDGE('',*,*,#5489,.T.);
#7708=ORIENTED_EDGE('',*,*,#5486,.T.);
#7709=ORIENTED_EDGE('',*,*,#5483,.T.);
#7710=ORIENTED_EDGE('',*,*,#5562,.F.);
#7711=ORIENTED_EDGE('',*,*,#5563,.T.);
#7712=ORIENTED_EDGE('',*,*,#5564,.F.);
#7713=ORIENTED_EDGE('',*,*,#5565,.F.);
#7714=ORIENTED_EDGE('',*,*,#5566,.F.);
#7715=ORIENTED_EDGE('',*,*,#5567,.T.);
#7716=ORIENTED_EDGE('',*,*,#5568,.F.);
#7717=ORIENTED_EDGE('',*,*,#5563,.F.);
#7718=ORIENTED_EDGE('',*,*,#5569,.F.);
#7719=ORIENTED_EDGE('',*,*,#5570,.T.);
#7720=ORIENTED_EDGE('',*,*,#5571,.F.);
#7721=ORIENTED_EDGE('',*,*,#5567,.F.);
#7722=ORIENTED_EDGE('',*,*,#5572,.F.);
#7723=ORIENTED_EDGE('',*,*,#5573,.T.);
#7724=ORIENTED_EDGE('',*,*,#5574,.F.);
#7725=ORIENTED_EDGE('',*,*,#5570,.F.);
#7726=ORIENTED_EDGE('',*,*,#5575,.F.);
#7727=ORIENTED_EDGE('',*,*,#5576,.T.);
#7728=ORIENTED_EDGE('',*,*,#5577,.F.);
#7729=ORIENTED_EDGE('',*,*,#5573,.F.);
#7730=ORIENTED_EDGE('',*,*,#5578,.F.);
#7731=ORIENTED_EDGE('',*,*,#5579,.T.);
#7732=ORIENTED_EDGE('',*,*,#5580,.F.);
#7733=ORIENTED_EDGE('',*,*,#5576,.F.);
#7734=ORIENTED_EDGE('',*,*,#5581,.F.);
#7735=ORIENTED_EDGE('',*,*,#5582,.T.);
#7736=ORIENTED_EDGE('',*,*,#5583,.F.);
#7737=ORIENTED_EDGE('',*,*,#5579,.F.);
#7738=ORIENTED_EDGE('',*,*,#5584,.F.);
#7739=ORIENTED_EDGE('',*,*,#5565,.T.);
#7740=ORIENTED_EDGE('',*,*,#5585,.F.);
#7741=ORIENTED_EDGE('',*,*,#5582,.F.);
#7742=ORIENTED_EDGE('',*,*,#5586,.F.);
#7743=ORIENTED_EDGE('',*,*,#5587,.T.);
#7744=ORIENTED_EDGE('',*,*,#5588,.F.);
#7745=ORIENTED_EDGE('',*,*,#5589,.F.);
#7746=ORIENTED_EDGE('',*,*,#5590,.F.);
#7747=ORIENTED_EDGE('',*,*,#5589,.T.);
#7748=ORIENTED_EDGE('',*,*,#5591,.F.);
#7749=ORIENTED_EDGE('',*,*,#5592,.F.);
#7750=ORIENTED_EDGE('',*,*,#5593,.F.);
#7751=ORIENTED_EDGE('',*,*,#5592,.T.);
#7752=ORIENTED_EDGE('',*,*,#5594,.F.);
#7753=ORIENTED_EDGE('',*,*,#5595,.F.);
#7754=ORIENTED_EDGE('',*,*,#5596,.F.);
#7755=ORIENTED_EDGE('',*,*,#5595,.T.);
#7756=ORIENTED_EDGE('',*,*,#5597,.F.);
#7757=ORIENTED_EDGE('',*,*,#5587,.F.);
#7758=ORIENTED_EDGE('',*,*,#5597,.T.);
#7759=ORIENTED_EDGE('',*,*,#5594,.T.);
#7760=ORIENTED_EDGE('',*,*,#5591,.T.);
#7761=ORIENTED_EDGE('',*,*,#5588,.T.);
#7762=ORIENTED_EDGE('',*,*,#5564,.T.);
#7763=ORIENTED_EDGE('',*,*,#5568,.T.);
#7764=ORIENTED_EDGE('',*,*,#5571,.T.);
#7765=ORIENTED_EDGE('',*,*,#5574,.T.);
#7766=ORIENTED_EDGE('',*,*,#5577,.T.);
#7767=ORIENTED_EDGE('',*,*,#5580,.T.);
#7768=ORIENTED_EDGE('',*,*,#5583,.T.);
#7769=ORIENTED_EDGE('',*,*,#5585,.T.);
#7770=ORIENTED_EDGE('',*,*,#5598,.F.);
#7771=ORIENTED_EDGE('',*,*,#5599,.T.);
#7772=ORIENTED_EDGE('',*,*,#5600,.F.);
#7773=ORIENTED_EDGE('',*,*,#5601,.F.);
#7774=ORIENTED_EDGE('',*,*,#5602,.F.);
#7775=ORIENTED_EDGE('',*,*,#5601,.T.);
#7776=ORIENTED_EDGE('',*,*,#5603,.F.);
#7777=ORIENTED_EDGE('',*,*,#5604,.F.);
#7778=ORIENTED_EDGE('',*,*,#5605,.F.);
#7779=ORIENTED_EDGE('',*,*,#5604,.T.);
#7780=ORIENTED_EDGE('',*,*,#5606,.F.);
#7781=ORIENTED_EDGE('',*,*,#5607,.F.);
#7782=ORIENTED_EDGE('',*,*,#5608,.F.);
#7783=ORIENTED_EDGE('',*,*,#5607,.T.);
#7784=ORIENTED_EDGE('',*,*,#5609,.F.);
#7785=ORIENTED_EDGE('',*,*,#5610,.F.);
#7786=ORIENTED_EDGE('',*,*,#5611,.F.);
#7787=ORIENTED_EDGE('',*,*,#5610,.T.);
#7788=ORIENTED_EDGE('',*,*,#5612,.F.);
#7789=ORIENTED_EDGE('',*,*,#5613,.F.);
#7790=ORIENTED_EDGE('',*,*,#5614,.F.);
#7791=ORIENTED_EDGE('',*,*,#5613,.T.);
#7792=ORIENTED_EDGE('',*,*,#5615,.F.);
#7793=ORIENTED_EDGE('',*,*,#5616,.F.);
#7794=ORIENTED_EDGE('',*,*,#5617,.F.);
#7795=ORIENTED_EDGE('',*,*,#5616,.T.);
#7796=ORIENTED_EDGE('',*,*,#5618,.F.);
#7797=ORIENTED_EDGE('',*,*,#5619,.F.);
#7798=ORIENTED_EDGE('',*,*,#5620,.F.);
#7799=ORIENTED_EDGE('',*,*,#5619,.T.);
#7800=ORIENTED_EDGE('',*,*,#5621,.F.);
#7801=ORIENTED_EDGE('',*,*,#5622,.F.);
#7802=ORIENTED_EDGE('',*,*,#5623,.F.);
#7803=ORIENTED_EDGE('',*,*,#5622,.T.);
#7804=ORIENTED_EDGE('',*,*,#5624,.F.);
#7805=ORIENTED_EDGE('',*,*,#5625,.F.);
#7806=ORIENTED_EDGE('',*,*,#5626,.F.);
#7807=ORIENTED_EDGE('',*,*,#5625,.T.);
#7808=ORIENTED_EDGE('',*,*,#5627,.F.);
#7809=ORIENTED_EDGE('',*,*,#5628,.F.);
#7810=ORIENTED_EDGE('',*,*,#5629,.F.);
#7811=ORIENTED_EDGE('',*,*,#5628,.T.);
#7812=ORIENTED_EDGE('',*,*,#5630,.F.);
#7813=ORIENTED_EDGE('',*,*,#5631,.F.);
#7814=ORIENTED_EDGE('',*,*,#5632,.F.);
#7815=ORIENTED_EDGE('',*,*,#5631,.T.);
#7816=ORIENTED_EDGE('',*,*,#5633,.F.);
#7817=ORIENTED_EDGE('',*,*,#5599,.F.);
#7818=ORIENTED_EDGE('',*,*,#5633,.T.);
#7819=ORIENTED_EDGE('',*,*,#5630,.T.);
#7820=ORIENTED_EDGE('',*,*,#5627,.T.);
#7821=ORIENTED_EDGE('',*,*,#5624,.T.);
#7822=ORIENTED_EDGE('',*,*,#5621,.T.);
#7823=ORIENTED_EDGE('',*,*,#5618,.T.);
#7824=ORIENTED_EDGE('',*,*,#5615,.T.);
#7825=ORIENTED_EDGE('',*,*,#5612,.T.);
#7826=ORIENTED_EDGE('',*,*,#5609,.T.);
#7827=ORIENTED_EDGE('',*,*,#5606,.T.);
#7828=ORIENTED_EDGE('',*,*,#5603,.T.);
#7829=ORIENTED_EDGE('',*,*,#5600,.T.);
#7830=ORIENTED_EDGE('',*,*,#5634,.F.);
#7831=ORIENTED_EDGE('',*,*,#5635,.T.);
#7832=ORIENTED_EDGE('',*,*,#5636,.F.);
#7833=ORIENTED_EDGE('',*,*,#5637,.F.);
#7834=ORIENTED_EDGE('',*,*,#5638,.F.);
#7835=ORIENTED_EDGE('',*,*,#5637,.T.);
#7836=ORIENTED_EDGE('',*,*,#5639,.F.);
#7837=ORIENTED_EDGE('',*,*,#5640,.F.);
#7838=ORIENTED_EDGE('',*,*,#5641,.F.);
#7839=ORIENTED_EDGE('',*,*,#5640,.T.);
#7840=ORIENTED_EDGE('',*,*,#5642,.F.);
#7841=ORIENTED_EDGE('',*,*,#5643,.F.);
#7842=ORIENTED_EDGE('',*,*,#5644,.F.);
#7843=ORIENTED_EDGE('',*,*,#5643,.T.);
#7844=ORIENTED_EDGE('',*,*,#5645,.F.);
#7845=ORIENTED_EDGE('',*,*,#5646,.F.);
#7846=ORIENTED_EDGE('',*,*,#5647,.F.);
#7847=ORIENTED_EDGE('',*,*,#5646,.T.);
#7848=ORIENTED_EDGE('',*,*,#5648,.F.);
#7849=ORIENTED_EDGE('',*,*,#5649,.F.);
#7850=ORIENTED_EDGE('',*,*,#5650,.F.);
#7851=ORIENTED_EDGE('',*,*,#5649,.T.);
#7852=ORIENTED_EDGE('',*,*,#5651,.F.);
#7853=ORIENTED_EDGE('',*,*,#5652,.F.);
#7854=ORIENTED_EDGE('',*,*,#5653,.F.);
#7855=ORIENTED_EDGE('',*,*,#5652,.T.);
#7856=ORIENTED_EDGE('',*,*,#5654,.F.);
#7857=ORIENTED_EDGE('',*,*,#5655,.F.);
#7858=ORIENTED_EDGE('',*,*,#5656,.F.);
#7859=ORIENTED_EDGE('',*,*,#5655,.T.);
#7860=ORIENTED_EDGE('',*,*,#5657,.F.);
#7861=ORIENTED_EDGE('',*,*,#5658,.F.);
#7862=ORIENTED_EDGE('',*,*,#5659,.F.);
#7863=ORIENTED_EDGE('',*,*,#5658,.T.);
#7864=ORIENTED_EDGE('',*,*,#5660,.F.);
#7865=ORIENTED_EDGE('',*,*,#5661,.F.);
#7866=ORIENTED_EDGE('',*,*,#5662,.F.);
#7867=ORIENTED_EDGE('',*,*,#5661,.T.);
#7868=ORIENTED_EDGE('',*,*,#5663,.F.);
#7869=ORIENTED_EDGE('',*,*,#5664,.F.);
#7870=ORIENTED_EDGE('',*,*,#5665,.F.);
#7871=ORIENTED_EDGE('',*,*,#5664,.T.);
#7872=ORIENTED_EDGE('',*,*,#5666,.F.);
#7873=ORIENTED_EDGE('',*,*,#5667,.F.);
#7874=ORIENTED_EDGE('',*,*,#5668,.F.);
#7875=ORIENTED_EDGE('',*,*,#5667,.T.);
#7876=ORIENTED_EDGE('',*,*,#5669,.F.);
#7877=ORIENTED_EDGE('',*,*,#5670,.F.);
#7878=ORIENTED_EDGE('',*,*,#5671,.F.);
#7879=ORIENTED_EDGE('',*,*,#5670,.T.);
#7880=ORIENTED_EDGE('',*,*,#5672,.F.);
#7881=ORIENTED_EDGE('',*,*,#5673,.F.);
#7882=ORIENTED_EDGE('',*,*,#5674,.F.);
#7883=ORIENTED_EDGE('',*,*,#5673,.T.);
#7884=ORIENTED_EDGE('',*,*,#5675,.F.);
#7885=ORIENTED_EDGE('',*,*,#5676,.F.);
#7886=ORIENTED_EDGE('',*,*,#5677,.F.);
#7887=ORIENTED_EDGE('',*,*,#5676,.T.);
#7888=ORIENTED_EDGE('',*,*,#5678,.F.);
#7889=ORIENTED_EDGE('',*,*,#5679,.F.);
#7890=ORIENTED_EDGE('',*,*,#5680,.F.);
#7891=ORIENTED_EDGE('',*,*,#5679,.T.);
#7892=ORIENTED_EDGE('',*,*,#5681,.F.);
#7893=ORIENTED_EDGE('',*,*,#5682,.F.);
#7894=ORIENTED_EDGE('',*,*,#5683,.F.);
#7895=ORIENTED_EDGE('',*,*,#5682,.T.);
#7896=ORIENTED_EDGE('',*,*,#5684,.F.);
#7897=ORIENTED_EDGE('',*,*,#5635,.F.);
#7898=ORIENTED_EDGE('',*,*,#5684,.T.);
#7899=ORIENTED_EDGE('',*,*,#5681,.T.);
#7900=ORIENTED_EDGE('',*,*,#5678,.T.);
#7901=ORIENTED_EDGE('',*,*,#5675,.T.);
#7902=ORIENTED_EDGE('',*,*,#5672,.T.);
#7903=ORIENTED_EDGE('',*,*,#5669,.T.);
#7904=ORIENTED_EDGE('',*,*,#5666,.T.);
#7905=ORIENTED_EDGE('',*,*,#5663,.T.);
#7906=ORIENTED_EDGE('',*,*,#5660,.T.);
#7907=ORIENTED_EDGE('',*,*,#5657,.T.);
#7908=ORIENTED_EDGE('',*,*,#5654,.T.);
#7909=ORIENTED_EDGE('',*,*,#5651,.T.);
#7910=ORIENTED_EDGE('',*,*,#5648,.T.);
#7911=ORIENTED_EDGE('',*,*,#5645,.T.);
#7912=ORIENTED_EDGE('',*,*,#5642,.T.);
#7913=ORIENTED_EDGE('',*,*,#5639,.T.);
#7914=ORIENTED_EDGE('',*,*,#5636,.T.);
#7915=ORIENTED_EDGE('',*,*,#5685,.F.);
#7916=ORIENTED_EDGE('',*,*,#5686,.T.);
#7917=ORIENTED_EDGE('',*,*,#5687,.F.);
#7918=ORIENTED_EDGE('',*,*,#5688,.F.);
#7919=ORIENTED_EDGE('',*,*,#5689,.F.);
#7920=ORIENTED_EDGE('',*,*,#5690,.T.);
#7921=ORIENTED_EDGE('',*,*,#5691,.F.);
#7922=ORIENTED_EDGE('',*,*,#5686,.F.);
#7923=ORIENTED_EDGE('',*,*,#5692,.F.);
#7924=ORIENTED_EDGE('',*,*,#5688,.T.);
#7925=ORIENTED_EDGE('',*,*,#5693,.F.);
#7926=ORIENTED_EDGE('',*,*,#5690,.F.);
#7927=ORIENTED_EDGE('',*,*,#5694,.F.);
#7928=ORIENTED_EDGE('',*,*,#5695,.T.);
#7929=ORIENTED_EDGE('',*,*,#5696,.F.);
#7930=ORIENTED_EDGE('',*,*,#5697,.F.);
#7931=ORIENTED_EDGE('',*,*,#5698,.F.);
#7932=ORIENTED_EDGE('',*,*,#5697,.T.);
#7933=ORIENTED_EDGE('',*,*,#5699,.F.);
#7934=ORIENTED_EDGE('',*,*,#5700,.F.);
#7935=ORIENTED_EDGE('',*,*,#5701,.F.);
#7936=ORIENTED_EDGE('',*,*,#5700,.T.);
#7937=ORIENTED_EDGE('',*,*,#5702,.F.);
#7938=ORIENTED_EDGE('',*,*,#5703,.F.);
#7939=ORIENTED_EDGE('',*,*,#5704,.F.);
#7940=ORIENTED_EDGE('',*,*,#5703,.T.);
#7941=ORIENTED_EDGE('',*,*,#5705,.F.);
#7942=ORIENTED_EDGE('',*,*,#5706,.F.);
#7943=ORIENTED_EDGE('',*,*,#5707,.F.);
#7944=ORIENTED_EDGE('',*,*,#5706,.T.);
#7945=ORIENTED_EDGE('',*,*,#5708,.F.);
#7946=ORIENTED_EDGE('',*,*,#5709,.F.);
#7947=ORIENTED_EDGE('',*,*,#5710,.F.);
#7948=ORIENTED_EDGE('',*,*,#5709,.T.);
#7949=ORIENTED_EDGE('',*,*,#5711,.F.);
#7950=ORIENTED_EDGE('',*,*,#5712,.F.);
#7951=ORIENTED_EDGE('',*,*,#5713,.F.);
#7952=ORIENTED_EDGE('',*,*,#5712,.T.);
#7953=ORIENTED_EDGE('',*,*,#5714,.F.);
#7954=ORIENTED_EDGE('',*,*,#5715,.F.);
#7955=ORIENTED_EDGE('',*,*,#5716,.F.);
#7956=ORIENTED_EDGE('',*,*,#5715,.T.);
#7957=ORIENTED_EDGE('',*,*,#5717,.F.);
#7958=ORIENTED_EDGE('',*,*,#5695,.F.);
#7959=ORIENTED_EDGE('',*,*,#5717,.T.);
#7960=ORIENTED_EDGE('',*,*,#5714,.T.);
#7961=ORIENTED_EDGE('',*,*,#5711,.T.);
#7962=ORIENTED_EDGE('',*,*,#5708,.T.);
#7963=ORIENTED_EDGE('',*,*,#5705,.T.);
#7964=ORIENTED_EDGE('',*,*,#5702,.T.);
#7965=ORIENTED_EDGE('',*,*,#5699,.T.);
#7966=ORIENTED_EDGE('',*,*,#5696,.T.);
#7967=ORIENTED_EDGE('',*,*,#5687,.T.);
#7968=ORIENTED_EDGE('',*,*,#5691,.T.);
#7969=ORIENTED_EDGE('',*,*,#5693,.T.);
#7970=ORIENTED_EDGE('',*,*,#5718,.F.);
#7971=ORIENTED_EDGE('',*,*,#5719,.T.);
#7972=ORIENTED_EDGE('',*,*,#5720,.F.);
#7973=ORIENTED_EDGE('',*,*,#5721,.F.);
#7974=ORIENTED_EDGE('',*,*,#5722,.F.);
#7975=ORIENTED_EDGE('',*,*,#5721,.T.);
#7976=ORIENTED_EDGE('',*,*,#5723,.F.);
#7977=ORIENTED_EDGE('',*,*,#5724,.F.);
#7978=ORIENTED_EDGE('',*,*,#5725,.F.);
#7979=ORIENTED_EDGE('',*,*,#5724,.T.);
#7980=ORIENTED_EDGE('',*,*,#5726,.F.);
#7981=ORIENTED_EDGE('',*,*,#5727,.F.);
#7982=ORIENTED_EDGE('',*,*,#5728,.F.);
#7983=ORIENTED_EDGE('',*,*,#5727,.T.);
#7984=ORIENTED_EDGE('',*,*,#5729,.F.);
#7985=ORIENTED_EDGE('',*,*,#5730,.F.);
#7986=ORIENTED_EDGE('',*,*,#5731,.F.);
#7987=ORIENTED_EDGE('',*,*,#5730,.T.);
#7988=ORIENTED_EDGE('',*,*,#5732,.F.);
#7989=ORIENTED_EDGE('',*,*,#5733,.F.);
#7990=ORIENTED_EDGE('',*,*,#5734,.F.);
#7991=ORIENTED_EDGE('',*,*,#5733,.T.);
#7992=ORIENTED_EDGE('',*,*,#5735,.F.);
#7993=ORIENTED_EDGE('',*,*,#5736,.F.);
#7994=ORIENTED_EDGE('',*,*,#5737,.F.);
#7995=ORIENTED_EDGE('',*,*,#5736,.T.);
#7996=ORIENTED_EDGE('',*,*,#5738,.F.);
#7997=ORIENTED_EDGE('',*,*,#5739,.F.);
#7998=ORIENTED_EDGE('',*,*,#5740,.F.);
#7999=ORIENTED_EDGE('',*,*,#5739,.T.);
#8000=ORIENTED_EDGE('',*,*,#5741,.F.);
#8001=ORIENTED_EDGE('',*,*,#5742,.F.);
#8002=ORIENTED_EDGE('',*,*,#5743,.F.);
#8003=ORIENTED_EDGE('',*,*,#5742,.T.);
#8004=ORIENTED_EDGE('',*,*,#5744,.F.);
#8005=ORIENTED_EDGE('',*,*,#5745,.F.);
#8006=ORIENTED_EDGE('',*,*,#5746,.F.);
#8007=ORIENTED_EDGE('',*,*,#5745,.T.);
#8008=ORIENTED_EDGE('',*,*,#5747,.F.);
#8009=ORIENTED_EDGE('',*,*,#5748,.F.);
#8010=ORIENTED_EDGE('',*,*,#5749,.F.);
#8011=ORIENTED_EDGE('',*,*,#5748,.T.);
#8012=ORIENTED_EDGE('',*,*,#5750,.F.);
#8013=ORIENTED_EDGE('',*,*,#5751,.F.);
#8014=ORIENTED_EDGE('',*,*,#5752,.F.);
#8015=ORIENTED_EDGE('',*,*,#5751,.T.);
#8016=ORIENTED_EDGE('',*,*,#5753,.F.);
#8017=ORIENTED_EDGE('',*,*,#5719,.F.);
#8018=ORIENTED_EDGE('',*,*,#5753,.T.);
#8019=ORIENTED_EDGE('',*,*,#5750,.T.);
#8020=ORIENTED_EDGE('',*,*,#5747,.T.);
#8021=ORIENTED_EDGE('',*,*,#5744,.T.);
#8022=ORIENTED_EDGE('',*,*,#5741,.T.);
#8023=ORIENTED_EDGE('',*,*,#5738,.T.);
#8024=ORIENTED_EDGE('',*,*,#5735,.T.);
#8025=ORIENTED_EDGE('',*,*,#5732,.T.);
#8026=ORIENTED_EDGE('',*,*,#5729,.T.);
#8027=ORIENTED_EDGE('',*,*,#5726,.T.);
#8028=ORIENTED_EDGE('',*,*,#5723,.T.);
#8029=ORIENTED_EDGE('',*,*,#5720,.T.);
#8030=ORIENTED_EDGE('',*,*,#5754,.F.);
#8031=ORIENTED_EDGE('',*,*,#5755,.T.);
#8032=ORIENTED_EDGE('',*,*,#5756,.F.);
#8033=ORIENTED_EDGE('',*,*,#5757,.F.);
#8034=ORIENTED_EDGE('',*,*,#5758,.F.);
#8035=ORIENTED_EDGE('',*,*,#5757,.T.);
#8036=ORIENTED_EDGE('',*,*,#5759,.F.);
#8037=ORIENTED_EDGE('',*,*,#5760,.F.);
#8038=ORIENTED_EDGE('',*,*,#5761,.F.);
#8039=ORIENTED_EDGE('',*,*,#5760,.T.);
#8040=ORIENTED_EDGE('',*,*,#5762,.F.);
#8041=ORIENTED_EDGE('',*,*,#5763,.F.);
#8042=ORIENTED_EDGE('',*,*,#5764,.F.);
#8043=ORIENTED_EDGE('',*,*,#5763,.T.);
#8044=ORIENTED_EDGE('',*,*,#5765,.F.);
#8045=ORIENTED_EDGE('',*,*,#5755,.F.);
#8046=ORIENTED_EDGE('',*,*,#5765,.T.);
#8047=ORIENTED_EDGE('',*,*,#5762,.T.);
#8048=ORIENTED_EDGE('',*,*,#5759,.T.);
#8049=ORIENTED_EDGE('',*,*,#5756,.T.);
#8050=ORIENTED_EDGE('',*,*,#5766,.F.);
#8051=ORIENTED_EDGE('',*,*,#5767,.T.);
#8052=ORIENTED_EDGE('',*,*,#5768,.F.);
#8053=ORIENTED_EDGE('',*,*,#5769,.F.);
#8054=ORIENTED_EDGE('',*,*,#5770,.F.);
#8055=ORIENTED_EDGE('',*,*,#5769,.T.);
#8056=ORIENTED_EDGE('',*,*,#5771,.F.);
#8057=ORIENTED_EDGE('',*,*,#5772,.F.);
#8058=ORIENTED_EDGE('',*,*,#5773,.F.);
#8059=ORIENTED_EDGE('',*,*,#5772,.T.);
#8060=ORIENTED_EDGE('',*,*,#5774,.F.);
#8061=ORIENTED_EDGE('',*,*,#5775,.F.);
#8062=ORIENTED_EDGE('',*,*,#5776,.F.);
#8063=ORIENTED_EDGE('',*,*,#5775,.T.);
#8064=ORIENTED_EDGE('',*,*,#5777,.F.);
#8065=ORIENTED_EDGE('',*,*,#5778,.F.);
#8066=ORIENTED_EDGE('',*,*,#5779,.F.);
#8067=ORIENTED_EDGE('',*,*,#5778,.T.);
#8068=ORIENTED_EDGE('',*,*,#5780,.F.);
#8069=ORIENTED_EDGE('',*,*,#5781,.F.);
#8070=ORIENTED_EDGE('',*,*,#5782,.F.);
#8071=ORIENTED_EDGE('',*,*,#5781,.T.);
#8072=ORIENTED_EDGE('',*,*,#5783,.F.);
#8073=ORIENTED_EDGE('',*,*,#5784,.F.);
#8074=ORIENTED_EDGE('',*,*,#5785,.F.);
#8075=ORIENTED_EDGE('',*,*,#5784,.T.);
#8076=ORIENTED_EDGE('',*,*,#5786,.F.);
#8077=ORIENTED_EDGE('',*,*,#5767,.F.);
#8078=ORIENTED_EDGE('',*,*,#5786,.T.);
#8079=ORIENTED_EDGE('',*,*,#5783,.T.);
#8080=ORIENTED_EDGE('',*,*,#5780,.T.);
#8081=ORIENTED_EDGE('',*,*,#5777,.T.);
#8082=ORIENTED_EDGE('',*,*,#5774,.T.);
#8083=ORIENTED_EDGE('',*,*,#5771,.T.);
#8084=ORIENTED_EDGE('',*,*,#5768,.T.);
#8085=ORIENTED_EDGE('',*,*,#5787,.F.);
#8086=ORIENTED_EDGE('',*,*,#5788,.F.);
#8087=ORIENTED_EDGE('',*,*,#5789,.F.);
#8088=ORIENTED_EDGE('',*,*,#5790,.F.);
#8089=ORIENTED_EDGE('',*,*,#4914,.T.);
#8090=ORIENTED_EDGE('',*,*,#4918,.T.);
#8091=ORIENTED_EDGE('',*,*,#4921,.T.);
#8092=ORIENTED_EDGE('',*,*,#4924,.T.);
#8093=ORIENTED_EDGE('',*,*,#4927,.T.);
#8094=ORIENTED_EDGE('',*,*,#4930,.T.);
#8095=ORIENTED_EDGE('',*,*,#4933,.T.);
#8096=ORIENTED_EDGE('',*,*,#4935,.T.);
#8097=ORIENTED_EDGE('',*,*,#4939,.T.);
#8098=ORIENTED_EDGE('',*,*,#4942,.T.);
#8099=ORIENTED_EDGE('',*,*,#4945,.T.);
#8100=ORIENTED_EDGE('',*,*,#4948,.T.);
#8101=ORIENTED_EDGE('',*,*,#4951,.T.);
#8102=ORIENTED_EDGE('',*,*,#4954,.T.);
#8103=ORIENTED_EDGE('',*,*,#4957,.T.);
#8104=ORIENTED_EDGE('',*,*,#4960,.T.);
#8105=ORIENTED_EDGE('',*,*,#4963,.T.);
#8106=ORIENTED_EDGE('',*,*,#4966,.T.);
#8107=ORIENTED_EDGE('',*,*,#4969,.T.);
#8108=ORIENTED_EDGE('',*,*,#4972,.T.);
#8109=ORIENTED_EDGE('',*,*,#4975,.T.);
#8110=ORIENTED_EDGE('',*,*,#4978,.T.);
#8111=ORIENTED_EDGE('',*,*,#4981,.T.);
#8112=ORIENTED_EDGE('',*,*,#4984,.T.);
#8113=ORIENTED_EDGE('',*,*,#4987,.T.);
#8114=ORIENTED_EDGE('',*,*,#4990,.T.);
#8115=ORIENTED_EDGE('',*,*,#4993,.T.);
#8116=ORIENTED_EDGE('',*,*,#4996,.T.);
#8117=ORIENTED_EDGE('',*,*,#4999,.T.);
#8118=ORIENTED_EDGE('',*,*,#5002,.T.);
#8119=ORIENTED_EDGE('',*,*,#5005,.T.);
#8120=ORIENTED_EDGE('',*,*,#5008,.T.);
#8121=ORIENTED_EDGE('',*,*,#5011,.T.);
#8122=ORIENTED_EDGE('',*,*,#5014,.T.);
#8123=ORIENTED_EDGE('',*,*,#5016,.T.);
#8124=ORIENTED_EDGE('',*,*,#5020,.T.);
#8125=ORIENTED_EDGE('',*,*,#5023,.T.);
#8126=ORIENTED_EDGE('',*,*,#5026,.T.);
#8127=ORIENTED_EDGE('',*,*,#5029,.T.);
#8128=ORIENTED_EDGE('',*,*,#5032,.T.);
#8129=ORIENTED_EDGE('',*,*,#5035,.T.);
#8130=ORIENTED_EDGE('',*,*,#5038,.T.);
#8131=ORIENTED_EDGE('',*,*,#5041,.T.);
#8132=ORIENTED_EDGE('',*,*,#5044,.T.);
#8133=ORIENTED_EDGE('',*,*,#5047,.T.);
#8134=ORIENTED_EDGE('',*,*,#5050,.T.);
#8135=ORIENTED_EDGE('',*,*,#5053,.T.);
#8136=ORIENTED_EDGE('',*,*,#5056,.T.);
#8137=ORIENTED_EDGE('',*,*,#5059,.T.);
#8138=ORIENTED_EDGE('',*,*,#5062,.T.);
#8139=ORIENTED_EDGE('',*,*,#5065,.T.);
#8140=ORIENTED_EDGE('',*,*,#5068,.T.);
#8141=ORIENTED_EDGE('',*,*,#5071,.T.);
#8142=ORIENTED_EDGE('',*,*,#5074,.T.);
#8143=ORIENTED_EDGE('',*,*,#5077,.T.);
#8144=ORIENTED_EDGE('',*,*,#5080,.T.);
#8145=ORIENTED_EDGE('',*,*,#5083,.T.);
#8146=ORIENTED_EDGE('',*,*,#5109,.T.);
#8147=ORIENTED_EDGE('',*,*,#5113,.T.);
#8148=ORIENTED_EDGE('',*,*,#5116,.T.);
#8149=ORIENTED_EDGE('',*,*,#5119,.T.);
#8150=ORIENTED_EDGE('',*,*,#5145,.T.);
#8151=ORIENTED_EDGE('',*,*,#5149,.T.);
#8152=ORIENTED_EDGE('',*,*,#5152,.T.);
#8153=ORIENTED_EDGE('',*,*,#5155,.T.);
#8154=ORIENTED_EDGE('',*,*,#5157,.T.);
#8155=ORIENTED_EDGE('',*,*,#5161,.T.);
#8156=ORIENTED_EDGE('',*,*,#5164,.T.);
#8157=ORIENTED_EDGE('',*,*,#5167,.T.);
#8158=ORIENTED_EDGE('',*,*,#5170,.T.);
#8159=ORIENTED_EDGE('',*,*,#5173,.T.);
#8160=ORIENTED_EDGE('',*,*,#5176,.T.);
#8161=ORIENTED_EDGE('',*,*,#5179,.T.);
#8162=ORIENTED_EDGE('',*,*,#5182,.T.);
#8163=ORIENTED_EDGE('',*,*,#5185,.T.);
#8164=ORIENTED_EDGE('',*,*,#5188,.T.);
#8165=ORIENTED_EDGE('',*,*,#5190,.T.);
#8166=ORIENTED_EDGE('',*,*,#5194,.T.);
#8167=ORIENTED_EDGE('',*,*,#5197,.T.);
#8168=ORIENTED_EDGE('',*,*,#5200,.T.);
#8169=ORIENTED_EDGE('',*,*,#5203,.T.);
#8170=ORIENTED_EDGE('',*,*,#5206,.T.);
#8171=ORIENTED_EDGE('',*,*,#5209,.T.);
#8172=ORIENTED_EDGE('',*,*,#5212,.T.);
#8173=ORIENTED_EDGE('',*,*,#5215,.T.);
#8174=ORIENTED_EDGE('',*,*,#5218,.T.);
#8175=ORIENTED_EDGE('',*,*,#5221,.T.);
#8176=ORIENTED_EDGE('',*,*,#5224,.T.);
#8177=ORIENTED_EDGE('',*,*,#5227,.T.);
#8178=ORIENTED_EDGE('',*,*,#5230,.T.);
#8179=ORIENTED_EDGE('',*,*,#5233,.T.);
#8180=ORIENTED_EDGE('',*,*,#5236,.T.);
#8181=ORIENTED_EDGE('',*,*,#5239,.T.);
#8182=ORIENTED_EDGE('',*,*,#5242,.T.);
#8183=ORIENTED_EDGE('',*,*,#5245,.T.);
#8184=ORIENTED_EDGE('',*,*,#5248,.T.);
#8185=ORIENTED_EDGE('',*,*,#5259,.T.);
#8186=ORIENTED_EDGE('',*,*,#5263,.T.);
#8187=ORIENTED_EDGE('',*,*,#5266,.T.);
#8188=ORIENTED_EDGE('',*,*,#5269,.T.);
#8189=ORIENTED_EDGE('',*,*,#5272,.T.);
#8190=ORIENTED_EDGE('',*,*,#5275,.T.);
#8191=ORIENTED_EDGE('',*,*,#5278,.T.);
#8192=ORIENTED_EDGE('',*,*,#5281,.T.);
#8193=ORIENTED_EDGE('',*,*,#5284,.T.);
#8194=ORIENTED_EDGE('',*,*,#5287,.T.);
#8195=ORIENTED_EDGE('',*,*,#5290,.T.);
#8196=ORIENTED_EDGE('',*,*,#5292,.T.);
#8197=ORIENTED_EDGE('',*,*,#5296,.T.);
#8198=ORIENTED_EDGE('',*,*,#5299,.T.);
#8199=ORIENTED_EDGE('',*,*,#5302,.T.);
#8200=ORIENTED_EDGE('',*,*,#5325,.T.);
#8201=ORIENTED_EDGE('',*,*,#5329,.T.);
#8202=ORIENTED_EDGE('',*,*,#5332,.T.);
#8203=ORIENTED_EDGE('',*,*,#5335,.T.);
#8204=ORIENTED_EDGE('',*,*,#5338,.T.);
#8205=ORIENTED_EDGE('',*,*,#5341,.T.);
#8206=ORIENTED_EDGE('',*,*,#5344,.T.);
#8207=ORIENTED_EDGE('',*,*,#5347,.T.);
#8208=ORIENTED_EDGE('',*,*,#5350,.T.);
#8209=ORIENTED_EDGE('',*,*,#5352,.T.);
#8210=ORIENTED_EDGE('',*,*,#5356,.T.);
#8211=ORIENTED_EDGE('',*,*,#5359,.T.);
#8212=ORIENTED_EDGE('',*,*,#5362,.T.);
#8213=ORIENTED_EDGE('',*,*,#5364,.T.);
#8214=ORIENTED_EDGE('',*,*,#5368,.T.);
#8215=ORIENTED_EDGE('',*,*,#5371,.T.);
#8216=ORIENTED_EDGE('',*,*,#5374,.T.);
#8217=ORIENTED_EDGE('',*,*,#5377,.T.);
#8218=ORIENTED_EDGE('',*,*,#5380,.T.);
#8219=ORIENTED_EDGE('',*,*,#5403,.T.);
#8220=ORIENTED_EDGE('',*,*,#5407,.T.);
#8221=ORIENTED_EDGE('',*,*,#5410,.T.);
#8222=ORIENTED_EDGE('',*,*,#5413,.T.);
#8223=ORIENTED_EDGE('',*,*,#5416,.T.);
#8224=ORIENTED_EDGE('',*,*,#5419,.T.);
#8225=ORIENTED_EDGE('',*,*,#5422,.T.);
#8226=ORIENTED_EDGE('',*,*,#5425,.T.);
#8227=ORIENTED_EDGE('',*,*,#5428,.T.);
#8228=ORIENTED_EDGE('',*,*,#5431,.T.);
#8229=ORIENTED_EDGE('',*,*,#5434,.T.);
#8230=ORIENTED_EDGE('',*,*,#5437,.T.);
#8231=ORIENTED_EDGE('',*,*,#5440,.T.);
#8232=ORIENTED_EDGE('',*,*,#5443,.T.);
#8233=ORIENTED_EDGE('',*,*,#5469,.T.);
#8234=ORIENTED_EDGE('',*,*,#5473,.T.);
#8235=ORIENTED_EDGE('',*,*,#5476,.T.);
#8236=ORIENTED_EDGE('',*,*,#5479,.T.);
#8237=ORIENTED_EDGE('',*,*,#5481,.T.);
#8238=ORIENTED_EDGE('',*,*,#5485,.T.);
#8239=ORIENTED_EDGE('',*,*,#5488,.T.);
#8240=ORIENTED_EDGE('',*,*,#5491,.T.);
#8241=ORIENTED_EDGE('',*,*,#5494,.T.);
#8242=ORIENTED_EDGE('',*,*,#5497,.T.);
#8243=ORIENTED_EDGE('',*,*,#5500,.T.);
#8244=ORIENTED_EDGE('',*,*,#5503,.T.);
#8245=ORIENTED_EDGE('',*,*,#5506,.T.);
#8246=ORIENTED_EDGE('',*,*,#5509,.T.);
#8247=ORIENTED_EDGE('',*,*,#5512,.T.);
#8248=ORIENTED_EDGE('',*,*,#5515,.T.);
#8249=ORIENTED_EDGE('',*,*,#5518,.T.);
#8250=ORIENTED_EDGE('',*,*,#5521,.T.);
#8251=ORIENTED_EDGE('',*,*,#5524,.T.);
#8252=ORIENTED_EDGE('',*,*,#5527,.T.);
#8253=ORIENTED_EDGE('',*,*,#5530,.T.);
#8254=ORIENTED_EDGE('',*,*,#5533,.T.);
#8255=ORIENTED_EDGE('',*,*,#5536,.T.);
#8256=ORIENTED_EDGE('',*,*,#5539,.T.);
#8257=ORIENTED_EDGE('',*,*,#5542,.T.);
#8258=ORIENTED_EDGE('',*,*,#5545,.T.);
#8259=ORIENTED_EDGE('',*,*,#5548,.T.);
#8260=ORIENTED_EDGE('',*,*,#5551,.T.);
#8261=ORIENTED_EDGE('',*,*,#5554,.T.);
#8262=ORIENTED_EDGE('',*,*,#5557,.T.);
#8263=ORIENTED_EDGE('',*,*,#5560,.T.);
#8264=ORIENTED_EDGE('',*,*,#5586,.T.);
#8265=ORIENTED_EDGE('',*,*,#5590,.T.);
#8266=ORIENTED_EDGE('',*,*,#5593,.T.);
#8267=ORIENTED_EDGE('',*,*,#5596,.T.);
#8268=ORIENTED_EDGE('',*,*,#5598,.T.);
#8269=ORIENTED_EDGE('',*,*,#5602,.T.);
#8270=ORIENTED_EDGE('',*,*,#5605,.T.);
#8271=ORIENTED_EDGE('',*,*,#5608,.T.);
#8272=ORIENTED_EDGE('',*,*,#5611,.T.);
#8273=ORIENTED_EDGE('',*,*,#5614,.T.);
#8274=ORIENTED_EDGE('',*,*,#5617,.T.);
#8275=ORIENTED_EDGE('',*,*,#5620,.T.);
#8276=ORIENTED_EDGE('',*,*,#5623,.T.);
#8277=ORIENTED_EDGE('',*,*,#5626,.T.);
#8278=ORIENTED_EDGE('',*,*,#5629,.T.);
#8279=ORIENTED_EDGE('',*,*,#5632,.T.);
#8280=ORIENTED_EDGE('',*,*,#5634,.T.);
#8281=ORIENTED_EDGE('',*,*,#5638,.T.);
#8282=ORIENTED_EDGE('',*,*,#5641,.T.);
#8283=ORIENTED_EDGE('',*,*,#5644,.T.);
#8284=ORIENTED_EDGE('',*,*,#5647,.T.);
#8285=ORIENTED_EDGE('',*,*,#5650,.T.);
#8286=ORIENTED_EDGE('',*,*,#5653,.T.);
#8287=ORIENTED_EDGE('',*,*,#5656,.T.);
#8288=ORIENTED_EDGE('',*,*,#5659,.T.);
#8289=ORIENTED_EDGE('',*,*,#5662,.T.);
#8290=ORIENTED_EDGE('',*,*,#5665,.T.);
#8291=ORIENTED_EDGE('',*,*,#5668,.T.);
#8292=ORIENTED_EDGE('',*,*,#5671,.T.);
#8293=ORIENTED_EDGE('',*,*,#5674,.T.);
#8294=ORIENTED_EDGE('',*,*,#5677,.T.);
#8295=ORIENTED_EDGE('',*,*,#5680,.T.);
#8296=ORIENTED_EDGE('',*,*,#5683,.T.);
#8297=ORIENTED_EDGE('',*,*,#5694,.T.);
#8298=ORIENTED_EDGE('',*,*,#5698,.T.);
#8299=ORIENTED_EDGE('',*,*,#5701,.T.);
#8300=ORIENTED_EDGE('',*,*,#5704,.T.);
#8301=ORIENTED_EDGE('',*,*,#5707,.T.);
#8302=ORIENTED_EDGE('',*,*,#5710,.T.);
#8303=ORIENTED_EDGE('',*,*,#5713,.T.);
#8304=ORIENTED_EDGE('',*,*,#5716,.T.);
#8305=ORIENTED_EDGE('',*,*,#5718,.T.);
#8306=ORIENTED_EDGE('',*,*,#5722,.T.);
#8307=ORIENTED_EDGE('',*,*,#5725,.T.);
#8308=ORIENTED_EDGE('',*,*,#5728,.T.);
#8309=ORIENTED_EDGE('',*,*,#5731,.T.);
#8310=ORIENTED_EDGE('',*,*,#5734,.T.);
#8311=ORIENTED_EDGE('',*,*,#5737,.T.);
#8312=ORIENTED_EDGE('',*,*,#5740,.T.);
#8313=ORIENTED_EDGE('',*,*,#5743,.T.);
#8314=ORIENTED_EDGE('',*,*,#5746,.T.);
#8315=ORIENTED_EDGE('',*,*,#5749,.T.);
#8316=ORIENTED_EDGE('',*,*,#5752,.T.);
#8317=ORIENTED_EDGE('',*,*,#5754,.T.);
#8318=ORIENTED_EDGE('',*,*,#5758,.T.);
#8319=ORIENTED_EDGE('',*,*,#5761,.T.);
#8320=ORIENTED_EDGE('',*,*,#5764,.T.);
#8321=ORIENTED_EDGE('',*,*,#5766,.T.);
#8322=ORIENTED_EDGE('',*,*,#5770,.T.);
#8323=ORIENTED_EDGE('',*,*,#5773,.T.);
#8324=ORIENTED_EDGE('',*,*,#5776,.T.);
#8325=ORIENTED_EDGE('',*,*,#5779,.T.);
#8326=ORIENTED_EDGE('',*,*,#5782,.T.);
#8327=ORIENTED_EDGE('',*,*,#5785,.T.);
#8328=ORIENTED_EDGE('',*,*,#5685,.T.);
#8329=ORIENTED_EDGE('',*,*,#5692,.T.);
#8330=ORIENTED_EDGE('',*,*,#5689,.T.);
#8331=ORIENTED_EDGE('',*,*,#5562,.T.);
#8332=ORIENTED_EDGE('',*,*,#5584,.T.);
#8333=ORIENTED_EDGE('',*,*,#5581,.T.);
#8334=ORIENTED_EDGE('',*,*,#5578,.T.);
#8335=ORIENTED_EDGE('',*,*,#5575,.T.);
#8336=ORIENTED_EDGE('',*,*,#5572,.T.);
#8337=ORIENTED_EDGE('',*,*,#5569,.T.);
#8338=ORIENTED_EDGE('',*,*,#5566,.T.);
#8339=ORIENTED_EDGE('',*,*,#5445,.T.);
#8340=ORIENTED_EDGE('',*,*,#5467,.T.);
#8341=ORIENTED_EDGE('',*,*,#5464,.T.);
#8342=ORIENTED_EDGE('',*,*,#5461,.T.);
#8343=ORIENTED_EDGE('',*,*,#5458,.T.);
#8344=ORIENTED_EDGE('',*,*,#5455,.T.);
#8345=ORIENTED_EDGE('',*,*,#5452,.T.);
#8346=ORIENTED_EDGE('',*,*,#5449,.T.);
#8347=ORIENTED_EDGE('',*,*,#5382,.T.);
#8348=ORIENTED_EDGE('',*,*,#5401,.T.);
#8349=ORIENTED_EDGE('',*,*,#5398,.T.);
#8350=ORIENTED_EDGE('',*,*,#5395,.T.);
#8351=ORIENTED_EDGE('',*,*,#5392,.T.);
#8352=ORIENTED_EDGE('',*,*,#5389,.T.);
#8353=ORIENTED_EDGE('',*,*,#5386,.T.);
#8354=ORIENTED_EDGE('',*,*,#5304,.T.);
#8355=ORIENTED_EDGE('',*,*,#5323,.T.);
#8356=ORIENTED_EDGE('',*,*,#5320,.T.);
#8357=ORIENTED_EDGE('',*,*,#5317,.T.);
#8358=ORIENTED_EDGE('',*,*,#5314,.T.);
#8359=ORIENTED_EDGE('',*,*,#5311,.T.);
#8360=ORIENTED_EDGE('',*,*,#5308,.T.);
#8361=ORIENTED_EDGE('',*,*,#5250,.T.);
#8362=ORIENTED_EDGE('',*,*,#5257,.T.);
#8363=ORIENTED_EDGE('',*,*,#5254,.T.);
#8364=ORIENTED_EDGE('',*,*,#5121,.T.);
#8365=ORIENTED_EDGE('',*,*,#5143,.T.);
#8366=ORIENTED_EDGE('',*,*,#5140,.T.);
#8367=ORIENTED_EDGE('',*,*,#5137,.T.);
#8368=ORIENTED_EDGE('',*,*,#5134,.T.);
#8369=ORIENTED_EDGE('',*,*,#5131,.T.);
#8370=ORIENTED_EDGE('',*,*,#5128,.T.);
#8371=ORIENTED_EDGE('',*,*,#5125,.T.);
#8372=ORIENTED_EDGE('',*,*,#5791,.T.);
#8373=ORIENTED_EDGE('',*,*,#5792,.T.);
#8374=ORIENTED_EDGE('',*,*,#5793,.T.);
#8375=ORIENTED_EDGE('',*,*,#5794,.T.);
#8376=ORIENTED_EDGE('',*,*,#5795,.T.);
#8377=ORIENTED_EDGE('',*,*,#5796,.T.);
#8378=ORIENTED_EDGE('',*,*,#5793,.F.);
#8379=ORIENTED_EDGE('',*,*,#5797,.T.);
#8380=ORIENTED_EDGE('',*,*,#5798,.T.);
#8381=ORIENTED_EDGE('',*,*,#5799,.T.);
#8382=ORIENTED_EDGE('',*,*,#5795,.F.);
#8383=ORIENTED_EDGE('',*,*,#5800,.T.);
#8384=ORIENTED_EDGE('',*,*,#5798,.F.);
#8385=ORIENTED_EDGE('',*,*,#5801,.T.);
#8386=ORIENTED_EDGE('',*,*,#5791,.F.);
#8387=ORIENTED_EDGE('',*,*,#5802,.T.);
#8388=ORIENTED_EDGE('',*,*,#5797,.F.);
#8389=ORIENTED_EDGE('',*,*,#5803,.T.);
#8390=ORIENTED_EDGE('',*,*,#4911,.T.);
#8391=ORIENTED_EDGE('',*,*,#5804,.T.);
#8392=ORIENTED_EDGE('',*,*,#5792,.F.);
#8393=ORIENTED_EDGE('',*,*,#5805,.T.);
#8394=ORIENTED_EDGE('',*,*,#4912,.T.);
#8395=ORIENTED_EDGE('',*,*,#5803,.F.);
#8396=ORIENTED_EDGE('',*,*,#5794,.F.);
#8397=ORIENTED_EDGE('',*,*,#5796,.F.);
#8398=ORIENTED_EDGE('',*,*,#5799,.F.);
#8399=ORIENTED_EDGE('',*,*,#5802,.F.);
#8400=ORIENTED_EDGE('',*,*,#5806,.F.);
#8401=ORIENTED_EDGE('',*,*,#5807,.F.);
#8402=ORIENTED_EDGE('',*,*,#5808,.F.);
#8403=ORIENTED_EDGE('',*,*,#5809,.F.);
#8404=ORIENTED_EDGE('',*,*,#4520,.T.);
#8405=ORIENTED_EDGE('',*,*,#4533,.T.);
#8406=ORIENTED_EDGE('',*,*,#4530,.T.);
#8407=ORIENTED_EDGE('',*,*,#4527,.T.);
#8408=ORIENTED_EDGE('',*,*,#4524,.T.);
#8409=ORIENTED_EDGE('',*,*,#5800,.F.);
#8410=ORIENTED_EDGE('',*,*,#5804,.F.);
#8411=ORIENTED_EDGE('',*,*,#4910,.T.);
#8412=ORIENTED_EDGE('',*,*,#5810,.F.);
#8413=ORIENTED_EDGE('',*,*,#5801,.F.);
#8414=ORIENTED_EDGE('',*,*,#5810,.T.);
#8415=ORIENTED_EDGE('',*,*,#4913,.T.);
#8416=ORIENTED_EDGE('',*,*,#5805,.F.);
#8417=ORIENTED_EDGE('',*,*,#5811,.F.);
#8418=ORIENTED_EDGE('',*,*,#5812,.F.);
#8419=ORIENTED_EDGE('',*,*,#5813,.F.);
#8420=ORIENTED_EDGE('',*,*,#5814,.F.);
#8421=ORIENTED_EDGE('',*,*,#5815,.F.);
#8422=ORIENTED_EDGE('',*,*,#5816,.F.);
#8423=ORIENTED_EDGE('',*,*,#5815,.T.);
#8424=ORIENTED_EDGE('',*,*,#5817,.T.);
#8425=ORIENTED_EDGE('',*,*,#5813,.T.);
#8426=ORIENTED_EDGE('',*,*,#5789,.T.);
#8427=ORIENTED_EDGE('',*,*,#5818,.F.);
#8428=ORIENTED_EDGE('',*,*,#5819,.F.);
#8429=ORIENTED_EDGE('',*,*,#5820,.F.);
#8430=ORIENTED_EDGE('',*,*,#5819,.T.);
#8431=ORIENTED_EDGE('',*,*,#5821,.T.);
#8432=ORIENTED_EDGE('',*,*,#5811,.T.);
#8433=ORIENTED_EDGE('',*,*,#5822,.T.);
#8434=ORIENTED_EDGE('',*,*,#5823,.F.);
#8435=ORIENTED_EDGE('',*,*,#5824,.F.);
#8436=ORIENTED_EDGE('',*,*,#5825,.F.);
#8437=ORIENTED_EDGE('',*,*,#5826,.F.);
#8438=ORIENTED_EDGE('',*,*,#5827,.F.);
#8439=ORIENTED_EDGE('',*,*,#5828,.F.);
#8440=ORIENTED_EDGE('',*,*,#5827,.T.);
#8441=ORIENTED_EDGE('',*,*,#5829,.T.);
#8442=ORIENTED_EDGE('',*,*,#5814,.T.);
#8443=ORIENTED_EDGE('',*,*,#5830,.T.);
#8444=ORIENTED_EDGE('',*,*,#5831,.F.);
#8445=ORIENTED_EDGE('',*,*,#5832,.F.);
#8446=ORIENTED_EDGE('',*,*,#5833,.F.);
#8447=ORIENTED_EDGE('',*,*,#5824,.T.);
#8448=ORIENTED_EDGE('',*,*,#5806,.T.);
#8449=ORIENTED_EDGE('',*,*,#5832,.T.);
#8450=ORIENTED_EDGE('',*,*,#5787,.T.);
#8451=ORIENTED_EDGE('',*,*,#5834,.F.);
#8452=ORIENTED_EDGE('',*,*,#5835,.F.);
#8453=ORIENTED_EDGE('',*,*,#5836,.F.);
#8454=ORIENTED_EDGE('',*,*,#5835,.T.);
#8455=ORIENTED_EDGE('',*,*,#5807,.T.);
#8456=ORIENTED_EDGE('',*,*,#5823,.T.);
#8457=ORIENTED_EDGE('',*,*,#5837,.T.);
#8458=ORIENTED_EDGE('',*,*,#5818,.T.);
#8459=ORIENTED_EDGE('',*,*,#5838,.T.);
#8460=ORIENTED_EDGE('',*,*,#5836,.T.);
#8461=ORIENTED_EDGE('',*,*,#5839,.T.);
#8462=ORIENTED_EDGE('',*,*,#5840,.F.);
#8463=ORIENTED_EDGE('',*,*,#5841,.F.);
#8464=ORIENTED_EDGE('',*,*,#5842,.F.);
#8465=ORIENTED_EDGE('',*,*,#5841,.T.);
#8466=ORIENTED_EDGE('',*,*,#5843,.T.);
#8467=ORIENTED_EDGE('',*,*,#5833,.T.);
#8468=ORIENTED_EDGE('',*,*,#5809,.T.);
#8469=ORIENTED_EDGE('',*,*,#5834,.T.);
#8470=ORIENTED_EDGE('',*,*,#5844,.T.);
#8471=ORIENTED_EDGE('',*,*,#5842,.T.);
#8472=ORIENTED_EDGE('',*,*,#5808,.T.);
#8473=ORIENTED_EDGE('',*,*,#5840,.T.);
#8474=ORIENTED_EDGE('',*,*,#5845,.T.);
#8475=ORIENTED_EDGE('',*,*,#5828,.T.);
#8476=ORIENTED_EDGE('',*,*,#5846,.T.);
#8477=ORIENTED_EDGE('',*,*,#5831,.T.);
#8478=ORIENTED_EDGE('',*,*,#5847,.T.);
#8479=ORIENTED_EDGE('',*,*,#5816,.T.);
#8480=ORIENTED_EDGE('',*,*,#5788,.T.);
#8481=ORIENTED_EDGE('',*,*,#5826,.T.);
#8482=ORIENTED_EDGE('',*,*,#5848,.T.);
#8483=ORIENTED_EDGE('',*,*,#5820,.T.);
#8484=ORIENTED_EDGE('',*,*,#5849,.T.);
#8485=ORIENTED_EDGE('',*,*,#5812,.T.);
#8486=ORIENTED_EDGE('',*,*,#5850,.T.);
#8487=ORIENTED_EDGE('',*,*,#5825,.T.);
#8488=ORIENTED_EDGE('',*,*,#5790,.T.);
#8489=ORIENTED_EDGE('',*,*,#5817,.F.);
#8490=ORIENTED_EDGE('',*,*,#5829,.F.);
#8491=ORIENTED_EDGE('',*,*,#5849,.F.);
#8492=ORIENTED_EDGE('',*,*,#5822,.F.);
#8493=ORIENTED_EDGE('',*,*,#5085,.T.);
#8494=ORIENTED_EDGE('',*,*,#5107,.T.);
#8495=ORIENTED_EDGE('',*,*,#5104,.T.);
#8496=ORIENTED_EDGE('',*,*,#5101,.T.);
#8497=ORIENTED_EDGE('',*,*,#5098,.T.);
#8498=ORIENTED_EDGE('',*,*,#5095,.T.);
#8499=ORIENTED_EDGE('',*,*,#5092,.T.);
#8500=ORIENTED_EDGE('',*,*,#5089,.T.);
#8501=ORIENTED_EDGE('',*,*,#5837,.F.);
#8502=ORIENTED_EDGE('',*,*,#5850,.F.);
#8503=ORIENTED_EDGE('',*,*,#5821,.F.);
#8504=ORIENTED_EDGE('',*,*,#5839,.F.);
#8505=ORIENTED_EDGE('',*,*,#5838,.F.);
#8506=ORIENTED_EDGE('',*,*,#5848,.F.);
#8507=ORIENTED_EDGE('',*,*,#5845,.F.);
#8508=ORIENTED_EDGE('',*,*,#5844,.F.);
#8509=ORIENTED_EDGE('',*,*,#5843,.F.);
#8510=ORIENTED_EDGE('',*,*,#5846,.F.);
#8511=ORIENTED_EDGE('',*,*,#5830,.F.);
#8512=ORIENTED_EDGE('',*,*,#5847,.F.);
#8513=B_SPLINE_SURFACE_WITH_KNOTS('',2,1,((#11074,#11075),(#11076,#11077),
(#11078,#11079),(#11080,#11081)),.UNSPECIFIED.,.F.,.F.,.F.,(3,1,3),(2,2),
(0.,1.,2.),(0.,0.00099999999999989),.UNSPECIFIED.);
#8514=B_SPLINE_SURFACE_WITH_KNOTS('',2,1,((#11096,#11097),(#11098,#11099),
(#11100,#11101),(#11102,#11103)),.UNSPECIFIED.,.F.,.F.,.F.,(3,1,3),(2,2),
(0.,1.,2.),(0.,0.00099999999999989),.UNSPECIFIED.);
#8515=B_SPLINE_SURFACE_WITH_KNOTS('',2,1,((#11115,#11116),(#11117,#11118),
(#11119,#11120),(#11121,#11122)),.UNSPECIFIED.,.F.,.F.,.F.,(3,1,3),(2,2),
(0.,1.,2.),(0.,0.00099999999999989),.UNSPECIFIED.);
#8516=B_SPLINE_SURFACE_WITH_KNOTS('',2,1,((#11134,#11135),(#11136,#11137),
(#11138,#11139),(#11140,#11141)),.UNSPECIFIED.,.F.,.F.,.F.,(3,1,3),(2,2),
(0.,1.,2.),(0.,0.00099999999999989),.UNSPECIFIED.);
#8517=B_SPLINE_SURFACE_WITH_KNOTS('',2,1,((#11165,#11166),(#11167,#11168),
(#11169,#11170),(#11171,#11172)),.UNSPECIFIED.,.F.,.F.,.F.,(3,1,3),(2,2),
(-2.,-1.,0.),(0.,0.00099999999999989),.UNSPECIFIED.);
#8518=B_SPLINE_SURFACE_WITH_KNOTS('',2,1,((#11184,#11185),(#11186,#11187),
(#11188,#11189),(#11190,#11191)),.UNSPECIFIED.,.F.,.F.,.F.,(3,1,3),(2,2),
(-2.,-1.,0.),(0.,0.00099999999999989),.UNSPECIFIED.);
#8519=B_SPLINE_SURFACE_WITH_KNOTS('',2,1,((#11203,#11204),(#11205,#11206),
(#11207,#11208),(#11209,#11210)),.UNSPECIFIED.,.F.,.F.,.F.,(3,1,3),(2,2),
(-2.,-1.,0.),(0.,0.00099999999999989),.UNSPECIFIED.);
#8520=B_SPLINE_SURFACE_WITH_KNOTS('',2,1,((#11222,#11223),(#11224,#11225),
(#11226,#11227),(#11228,#11229)),.UNSPECIFIED.,.F.,.F.,.F.,(3,1,3),(2,2),
(-2.,-1.,0.),(0.,0.00099999999999989),.UNSPECIFIED.);
#8521=B_SPLINE_SURFACE_WITH_KNOTS('',2,1,((#11241,#11242),(#11243,#11244),
(#11245,#11246),(#11247,#11248)),.UNSPECIFIED.,.F.,.F.,.F.,(3,1,3),(2,2),
(-2.,-1.,0.),(0.,0.00099999999999989),.UNSPECIFIED.);
#8522=B_SPLINE_SURFACE_WITH_KNOTS('',2,1,((#11260,#11261),(#11262,#11263),
(#11264,#11265),(#11266,#11267)),.UNSPECIFIED.,.F.,.F.,.F.,(3,1,3),(2,2),
(-2.,-1.,0.),(0.,0.00099999999999989),.UNSPECIFIED.);
#8523=B_SPLINE_SURFACE_WITH_KNOTS('',2,1,((#11279,#11280),(#11281,#11282),
(#11283,#11284),(#11285,#11286)),.UNSPECIFIED.,.F.,.F.,.F.,(3,1,3),(2,2),
(-2.,-1.,0.),(0.,0.00099999999999989),.UNSPECIFIED.);
#8524=B_SPLINE_SURFACE_WITH_KNOTS('',2,1,((#11329,#11330),(#11331,#11332),
(#11333,#11334),(#11335,#11336)),.UNSPECIFIED.,.F.,.F.,.F.,(3,1,3),(2,2),
(-2.,-1.,0.),(0.,0.00099999999999989),.UNSPECIFIED.);
#8525=B_SPLINE_SURFACE_WITH_KNOTS('',2,1,((#11348,#11349),(#11350,#11351),
(#11352,#11353),(#11354,#11355)),.UNSPECIFIED.,.F.,.F.,.F.,(3,1,3),(2,2),
(-2.,-1.,0.),(0.,0.00099999999999989),.UNSPECIFIED.);
#8526=B_SPLINE_SURFACE_WITH_KNOTS('',2,1,((#11367,#11368),(#11369,#11370),
(#11371,#11372),(#11373,#11374)),.UNSPECIFIED.,.F.,.F.,.F.,(3,1,3),(2,2),
(-2.,-1.,0.),(0.,0.00099999999999989),.UNSPECIFIED.);
#8527=B_SPLINE_SURFACE_WITH_KNOTS('',2,1,((#11386,#11387),(#11388,#11389),
(#11390,#11391),(#11392,#11393)),.UNSPECIFIED.,.F.,.F.,.F.,(3,1,3),(2,2),
(-2.,-1.,0.),(0.,0.00099999999999989),.UNSPECIFIED.);
#8528=B_SPLINE_SURFACE_WITH_KNOTS('',2,1,((#11405,#11406),(#11407,#11408),
(#11409,#11410),(#11411,#11412)),.UNSPECIFIED.,.F.,.F.,.F.,(3,1,3),(2,2),
(-2.,-1.,0.),(0.,0.00099999999999989),.UNSPECIFIED.);
#8529=B_SPLINE_SURFACE_WITH_KNOTS('',2,1,((#11424,#11425),(#11426,#11427),
(#11428,#11429),(#11430,#11431)),.UNSPECIFIED.,.F.,.F.,.F.,(3,1,3),(2,2),
(-2.,-1.,0.),(0.,0.00099999999999989),.UNSPECIFIED.);
#8530=B_SPLINE_SURFACE_WITH_KNOTS('',2,1,((#11455,#11456),(#11457,#11458),
(#11459,#11460),(#11461,#11462)),.UNSPECIFIED.,.F.,.F.,.F.,(3,1,3),(2,2),
(-2.,-1.,0.),(0.,0.00099999999999989),.UNSPECIFIED.);
#8531=B_SPLINE_SURFACE_WITH_KNOTS('',2,1,((#11474,#11475),(#11476,#11477),
(#11478,#11479),(#11480,#11481)),.UNSPECIFIED.,.F.,.F.,.F.,(3,1,3),(2,2),
(-2.,-1.,0.),(0.,0.00099999999999989),.UNSPECIFIED.);
#8532=B_SPLINE_SURFACE_WITH_KNOTS('',2,1,((#11493,#11494),(#11495,#11496),
(#11497,#11498),(#11499,#11500)),.UNSPECIFIED.,.F.,.F.,.F.,(3,1,3),(2,2),
(-2.,-1.,0.),(0.,0.00099999999999989),.UNSPECIFIED.);
#8533=B_SPLINE_SURFACE_WITH_KNOTS('',2,1,((#11512,#11513),(#11514,#11515),
(#11516,#11517),(#11518,#11519)),.UNSPECIFIED.,.F.,.F.,.F.,(3,1,3),(2,2),
(-2.,-1.,0.),(0.,0.00099999999999989),.UNSPECIFIED.);
#8534=B_SPLINE_SURFACE_WITH_KNOTS('',2,1,((#11531,#11532),(#11533,#11534),
(#11535,#11536),(#11537,#11538)),.UNSPECIFIED.,.F.,.F.,.F.,(3,1,3),(2,2),
(-2.,-1.,0.),(0.,0.00099999999999989),.UNSPECIFIED.);
#8535=B_SPLINE_SURFACE_WITH_KNOTS('',2,1,((#11635,#11636),(#11637,#11638),
(#11639,#11640),(#11641,#11642)),.UNSPECIFIED.,.F.,.F.,.F.,(3,1,3),(2,2),
(-2.,-1.,0.),(0.,0.00099999999999989),.UNSPECIFIED.);
#8536=B_SPLINE_SURFACE_WITH_KNOTS('',2,1,((#11654,#11655),(#11656,#11657),
(#11658,#11659),(#11660,#11661)),.UNSPECIFIED.,.F.,.F.,.F.,(3,1,3),(2,2),
(-2.,-1.,0.),(0.,0.00099999999999989),.UNSPECIFIED.);
#8537=B_SPLINE_SURFACE_WITH_KNOTS('',2,1,((#11673,#11674),(#11675,#11676),
(#11677,#11678),(#11679,#11680)),.UNSPECIFIED.,.F.,.F.,.F.,(3,1,3),(2,2),
(-2.,-1.,0.),(0.,0.00099999999999989),.UNSPECIFIED.);
#8538=B_SPLINE_SURFACE_WITH_KNOTS('',2,1,((#11704,#11705),(#11706,#11707),
(#11708,#11709),(#11710,#11711)),.UNSPECIFIED.,.F.,.F.,.F.,(3,1,3),(2,2),
(-2.,-1.,0.),(0.,0.00099999999999989),.UNSPECIFIED.);
#8539=B_SPLINE_SURFACE_WITH_KNOTS('',2,1,((#11723,#11724),(#11725,#11726),
(#11727,#11728),(#11729,#11730)),.UNSPECIFIED.,.F.,.F.,.F.,(3,1,3),(2,2),
(-2.,-1.,0.),(0.,0.00099999999999989),.UNSPECIFIED.);
#8540=B_SPLINE_SURFACE_WITH_KNOTS('',2,1,((#11740,#11741),(#11742,#11743),
(#11744,#11745),(#11746,#11747)),.UNSPECIFIED.,.F.,.F.,.F.,(3,1,3),(2,2),
(0.,1.,2.),(0.,0.00099999999999989),.UNSPECIFIED.);
#8541=B_SPLINE_SURFACE_WITH_KNOTS('',2,1,((#11762,#11763),(#11764,#11765),
(#11766,#11767),(#11768,#11769)),.UNSPECIFIED.,.F.,.F.,.F.,(3,1,3),(2,2),
(0.,1.,2.),(0.,0.00099999999999989),.UNSPECIFIED.);
#8542=B_SPLINE_SURFACE_WITH_KNOTS('',2,1,((#11781,#11782),(#11783,#11784),
(#11785,#11786),(#11787,#11788)),.UNSPECIFIED.,.F.,.F.,.F.,(3,1,3),(2,2),
(0.,1.,2.),(0.,0.00099999999999989),.UNSPECIFIED.);
#8543=B_SPLINE_SURFACE_WITH_KNOTS('',2,1,((#11800,#11801),(#11802,#11803),
(#11804,#11805),(#11806,#11807)),.UNSPECIFIED.,.F.,.F.,.F.,(3,1,3),(2,2),
(0.,1.,2.),(0.,0.00099999999999989),.UNSPECIFIED.);
#8544=B_SPLINE_SURFACE_WITH_KNOTS('',2,1,((#11822,#11823),(#11824,#11825),
(#11826,#11827),(#11828,#11829)),.UNSPECIFIED.,.F.,.F.,.F.,(3,1,3),(2,2),
(-2.,-1.,0.),(0.,0.00099999999999989),.UNSPECIFIED.);
#8545=B_SPLINE_SURFACE_WITH_KNOTS('',2,1,((#11844,#11845),(#11846,#11847),
(#11848,#11849),(#11850,#11851)),.UNSPECIFIED.,.F.,.F.,.F.,(3,1,3),(2,2),
(-2.,-1.,0.),(0.,0.00099999999999989),.UNSPECIFIED.);
#8546=B_SPLINE_SURFACE_WITH_KNOTS('',2,1,((#11863,#11864),(#11865,#11866),
(#11867,#11868),(#11869,#11870)),.UNSPECIFIED.,.F.,.F.,.F.,(3,1,3),(2,2),
(-2.,-1.,0.),(0.,0.00099999999999989),.UNSPECIFIED.);
#8547=B_SPLINE_SURFACE_WITH_KNOTS('',2,1,((#11882,#11883),(#11884,#11885),
(#11886,#11887),(#11888,#11889)),.UNSPECIFIED.,.F.,.F.,.F.,(3,1,3),(2,2),
(-2.,-1.,0.),(0.,0.00099999999999989),.UNSPECIFIED.);
#8548=B_SPLINE_SURFACE_WITH_KNOTS('',2,1,((#11901,#11902),(#11903,#11904),
(#11905,#11906),(#11907,#11908)),.UNSPECIFIED.,.F.,.F.,.F.,(3,1,3),(2,2),
(-2.,-1.,0.),(0.,0.00099999999999989),.UNSPECIFIED.);
#8549=B_SPLINE_SURFACE_WITH_KNOTS('',2,1,((#11926,#11927),(#11928,#11929),
(#11930,#11931),(#11932,#11933)),.UNSPECIFIED.,.F.,.F.,.F.,(3,1,3),(2,2),
(-2.,-1.,0.),(0.,0.00099999999999989),.UNSPECIFIED.);
#8550=B_SPLINE_SURFACE_WITH_KNOTS('',2,1,((#11945,#11946),(#11947,#11948),
(#11949,#11950),(#11951,#11952)),.UNSPECIFIED.,.F.,.F.,.F.,(3,1,3),(2,2),
(-2.,-1.,0.),(0.,0.00099999999999989),.UNSPECIFIED.);
#8551=B_SPLINE_SURFACE_WITH_KNOTS('',2,1,((#11964,#11965),(#11966,#11967),
(#11968,#11969),(#11970,#11971)),.UNSPECIFIED.,.F.,.F.,.F.,(3,1,3),(2,2),
(-2.,-1.,0.),(0.,0.00099999999999989),.UNSPECIFIED.);
#8552=B_SPLINE_SURFACE_WITH_KNOTS('',2,1,((#11995,#11996),(#11997,#11998),
(#11999,#12000),(#12001,#12002)),.UNSPECIFIED.,.F.,.F.,.F.,(3,1,3),(2,2),
(-2.,-1.,0.),(0.,0.00099999999999989),.UNSPECIFIED.);
#8553=B_SPLINE_SURFACE_WITH_KNOTS('',2,1,((#12014,#12015),(#12016,#12017),
(#12018,#12019),(#12020,#12021)),.UNSPECIFIED.,.F.,.F.,.F.,(3,1,3),(2,2),
(-2.,-1.,0.),(0.,0.00099999999999989),.UNSPECIFIED.);
#8554=B_SPLINE_SURFACE_WITH_KNOTS('',2,1,((#12033,#12034),(#12035,#12036),
(#12037,#12038),(#12039,#12040)),.UNSPECIFIED.,.F.,.F.,.F.,(3,1,3),(2,2),
(-2.,-1.,0.),(0.,0.00099999999999989),.UNSPECIFIED.);
#8555=B_SPLINE_SURFACE_WITH_KNOTS('',2,1,((#12070,#12071),(#12072,#12073),
(#12074,#12075),(#12076,#12077)),.UNSPECIFIED.,.F.,.F.,.F.,(3,1,3),(2,2),
(-2.,-1.,0.),(0.,0.00099999999999989),.UNSPECIFIED.);
#8556=B_SPLINE_SURFACE_WITH_KNOTS('',2,1,((#12102,#12103),(#12104,#12105),
(#12106,#12107),(#12108,#12109)),.UNSPECIFIED.,.F.,.F.,.F.,(3,1,3),(2,2),
(-2.,-1.,0.),(0.,0.00099999999999989),.UNSPECIFIED.);
#8557=B_SPLINE_SURFACE_WITH_KNOTS('',2,1,((#12121,#12122),(#12123,#12124),
(#12125,#12126),(#12127,#12128)),.UNSPECIFIED.,.F.,.F.,.F.,(3,1,3),(2,2),
(-2.,-1.,0.),(0.,0.00099999999999989),.UNSPECIFIED.);
#8558=B_SPLINE_SURFACE_WITH_KNOTS('',2,1,((#12140,#12141),(#12142,#12143),
(#12144,#12145),(#12146,#12147)),.UNSPECIFIED.,.F.,.F.,.F.,(3,1,3),(2,2),
(-2.,-1.,0.),(0.,0.00099999999999989),.UNSPECIFIED.);
#8559=B_SPLINE_SURFACE_WITH_KNOTS('',2,1,((#12159,#12160),(#12161,#12162),
(#12163,#12164),(#12165,#12166)),.UNSPECIFIED.,.F.,.F.,.F.,(3,1,3),(2,2),
(-2.,-1.,0.),(0.,0.00099999999999989),.UNSPECIFIED.);
#8560=B_SPLINE_SURFACE_WITH_KNOTS('',2,1,((#12178,#12179),(#12180,#12181),
(#12182,#12183),(#12184,#12185)),.UNSPECIFIED.,.F.,.F.,.F.,(3,1,3),(2,2),
(-2.,-1.,0.),(0.,0.00099999999999989),.UNSPECIFIED.);
#8561=B_SPLINE_SURFACE_WITH_KNOTS('',2,1,((#12197,#12198),(#12199,#12200),
(#12201,#12202),(#12203,#12204)),.UNSPECIFIED.,.F.,.F.,.F.,(3,1,3),(2,2),
(-2.,-1.,0.),(0.,0.00099999999999989),.UNSPECIFIED.);
#8562=B_SPLINE_SURFACE_WITH_KNOTS('',2,1,((#12216,#12217),(#12218,#12219),
(#12220,#12221),(#12222,#12223)),.UNSPECIFIED.,.F.,.F.,.F.,(3,1,3),(2,2),
(-2.,-1.,0.),(0.,0.00099999999999989),.UNSPECIFIED.);
#8563=B_SPLINE_SURFACE_WITH_KNOTS('',2,1,((#12235,#12236),(#12237,#12238),
(#12239,#12240),(#12241,#12242)),.UNSPECIFIED.,.F.,.F.,.F.,(3,1,3),(2,2),
(-2.,-1.,0.),(0.,0.00099999999999989),.UNSPECIFIED.);
#8564=B_SPLINE_SURFACE_WITH_KNOTS('',2,1,((#12254,#12255),(#12256,#12257),
(#12258,#12259),(#12260,#12261)),.UNSPECIFIED.,.F.,.F.,.F.,(3,1,3),(2,2),
(-2.,-1.,0.),(0.,0.00099999999999989),.UNSPECIFIED.);
#8565=B_SPLINE_SURFACE_WITH_KNOTS('',2,1,((#12285,#12286),(#12287,#12288),
(#12289,#12290),(#12291,#12292)),.UNSPECIFIED.,.F.,.F.,.F.,(3,1,3),(2,2),
(-2.,-1.,0.),(0.,0.00099999999999989),.UNSPECIFIED.);
#8566=B_SPLINE_SURFACE_WITH_KNOTS('',2,1,((#12304,#12305),(#12306,#12307),
(#12308,#12309),(#12310,#12311)),.UNSPECIFIED.,.F.,.F.,.F.,(3,1,3),(2,2),
(-2.,-1.,0.),(0.,0.00099999999999989),.UNSPECIFIED.);
#8567=B_SPLINE_SURFACE_WITH_KNOTS('',2,1,((#12323,#12324),(#12325,#12326),
(#12327,#12328),(#12329,#12330)),.UNSPECIFIED.,.F.,.F.,.F.,(3,1,3),(2,2),
(-2.,-1.,0.),(0.,0.00099999999999989),.UNSPECIFIED.);
#8568=B_SPLINE_SURFACE_WITH_KNOTS('',2,1,((#12342,#12343),(#12344,#12345),
(#12346,#12347),(#12348,#12349)),.UNSPECIFIED.,.F.,.F.,.F.,(3,1,3),(2,2),
(-2.,-1.,0.),(0.,0.00099999999999989),.UNSPECIFIED.);
#8569=B_SPLINE_SURFACE_WITH_KNOTS('',2,1,((#12361,#12362),(#12363,#12364),
(#12365,#12366),(#12367,#12368)),.UNSPECIFIED.,.F.,.F.,.F.,(3,1,3),(2,2),
(-2.,-1.,0.),(0.,0.00099999999999989),.UNSPECIFIED.);
#8570=B_SPLINE_SURFACE_WITH_KNOTS('',2,1,((#12380,#12381),(#12382,#12383),
(#12384,#12385),(#12386,#12387)),.UNSPECIFIED.,.F.,.F.,.F.,(3,1,3),(2,2),
(-2.,-1.,0.),(0.,0.00099999999999989),.UNSPECIFIED.);
#8571=B_SPLINE_SURFACE_WITH_KNOTS('',2,1,((#12399,#12400),(#12401,#12402),
(#12403,#12404),(#12405,#12406)),.UNSPECIFIED.,.F.,.F.,.F.,(3,1,3),(2,2),
(-2.,-1.,0.),(0.,0.00099999999999989),.UNSPECIFIED.);
#8572=B_SPLINE_SURFACE_WITH_KNOTS('',2,1,((#12418,#12419),(#12420,#12421),
(#12422,#12423),(#12424,#12425)),.UNSPECIFIED.,.F.,.F.,.F.,(3,1,3),(2,2),
(-2.,-1.,0.),(0.,0.00099999999999989),.UNSPECIFIED.);
#8573=B_SPLINE_SURFACE_WITH_KNOTS('',2,1,((#12696,#12697),(#12698,#12699),
(#12700,#12701),(#12702,#12703)),.UNSPECIFIED.,.F.,.F.,.F.,(3,1,3),(2,2),
(-2.,-1.,0.),(0.,0.01),.UNSPECIFIED.);
#8574=B_SPLINE_SURFACE_WITH_KNOTS('',2,1,((#12730,#12731),(#12732,#12733),
(#12734,#12735),(#12736,#12737)),.UNSPECIFIED.,.F.,.F.,.F.,(3,1,3),(2,2),
(-2.,-1.,0.),(0.,0.01),.UNSPECIFIED.);
#8575=B_SPLINE_SURFACE_WITH_KNOTS('',2,1,((#12749,#12750),(#12751,#12752),
(#12753,#12754),(#12755,#12756)),.UNSPECIFIED.,.F.,.F.,.F.,(3,1,3),(2,2),
(-2.,-1.,0.),(0.,0.01),.UNSPECIFIED.);
#8576=B_SPLINE_SURFACE_WITH_KNOTS('',2,1,((#12768,#12769),(#12770,#12771),
(#12772,#12773),(#12774,#12775)),.UNSPECIFIED.,.F.,.F.,.F.,(3,1,3),(2,2),
(-2.,-1.,0.),(0.,0.01),.UNSPECIFIED.);
#8577=B_SPLINE_SURFACE_WITH_KNOTS('',2,1,((#12787,#12788),(#12789,#12790),
(#12791,#12792),(#12793,#12794)),.UNSPECIFIED.,.F.,.F.,.F.,(3,1,3),(2,2),
(-2.,-1.,0.),(0.,0.01),.UNSPECIFIED.);
#8578=B_SPLINE_SURFACE_WITH_KNOTS('',2,1,((#12812,#12813),(#12814,#12815),
(#12816,#12817),(#12818,#12819)),.UNSPECIFIED.,.F.,.F.,.F.,(3,1,3),(2,2),
(-2.,-1.,0.),(0.,0.01),.UNSPECIFIED.);
#8579=B_SPLINE_SURFACE_WITH_KNOTS('',2,1,((#12831,#12832),(#12833,#12834),
(#12835,#12836),(#12837,#12838)),.UNSPECIFIED.,.F.,.F.,.F.,(3,1,3),(2,2),
(-2.,-1.,0.),(0.,0.01),.UNSPECIFIED.);
#8580=B_SPLINE_SURFACE_WITH_KNOTS('',2,1,((#12850,#12851),(#12852,#12853),
(#12854,#12855),(#12856,#12857)),.UNSPECIFIED.,.F.,.F.,.F.,(3,1,3),(2,2),
(-2.,-1.,0.),(0.,0.01),.UNSPECIFIED.);
#8581=B_SPLINE_SURFACE_WITH_KNOTS('',2,1,((#12869,#12870),(#12871,#12872),
(#12873,#12874),(#12875,#12876)),.UNSPECIFIED.,.F.,.F.,.F.,(3,1,3),(2,2),
(-2.,-1.,0.),(0.,0.01),.UNSPECIFIED.);
#8582=B_SPLINE_SURFACE_WITH_KNOTS('',2,1,((#12888,#12889),(#12890,#12891),
(#12892,#12893),(#12894,#12895)),.UNSPECIFIED.,.F.,.F.,.F.,(3,1,3),(2,2),
(-2.,-1.,0.),(0.,0.01),.UNSPECIFIED.);
#8583=B_SPLINE_SURFACE_WITH_KNOTS('',2,1,((#12919,#12920),(#12921,#12922),
(#12923,#12924),(#12925,#12926)),.UNSPECIFIED.,.F.,.F.,.F.,(3,1,3),(2,2),
(-2.,-1.,0.),(0.,0.01),.UNSPECIFIED.);
#8584=B_SPLINE_SURFACE_WITH_KNOTS('',2,1,((#12938,#12939),(#12940,#12941),
(#12942,#12943),(#12944,#12945)),.UNSPECIFIED.,.F.,.F.,.F.,(3,1,3),(2,2),
(-2.,-1.,0.),(0.,0.01),.UNSPECIFIED.);
#8585=B_SPLINE_SURFACE_WITH_KNOTS('',2,1,((#12957,#12958),(#12959,#12960),
(#12961,#12962),(#12963,#12964)),.UNSPECIFIED.,.F.,.F.,.F.,(3,1,3),(2,2),
(-2.,-1.,0.),(0.,0.01),.UNSPECIFIED.);
#8586=B_SPLINE_SURFACE_WITH_KNOTS('',2,1,((#12976,#12977),(#12978,#12979),
(#12980,#12981),(#12982,#12983)),.UNSPECIFIED.,.F.,.F.,.F.,(3,1,3),(2,2),
(-2.,-1.,0.),(0.,0.01),.UNSPECIFIED.);
#8587=B_SPLINE_SURFACE_WITH_KNOTS('',2,1,((#12995,#12996),(#12997,#12998),
(#12999,#13000),(#13001,#13002)),.UNSPECIFIED.,.F.,.F.,.F.,(3,1,3),(2,2),
(-2.,-1.,0.),(0.,0.01),.UNSPECIFIED.);
#8588=B_SPLINE_SURFACE_WITH_KNOTS('',2,1,((#13032,#13033),(#13034,#13035),
(#13036,#13037),(#13038,#13039)),.UNSPECIFIED.,.F.,.F.,.F.,(3,1,3),(2,2),
(-2.,-1.,0.),(0.,0.01),.UNSPECIFIED.);
#8589=B_SPLINE_SURFACE_WITH_KNOTS('',2,1,((#13051,#13052),(#13053,#13054),
(#13055,#13056),(#13057,#13058)),.UNSPECIFIED.,.F.,.F.,.F.,(3,1,3),(2,2),
(-2.,-1.,0.),(0.,0.01),.UNSPECIFIED.);
#8590=B_SPLINE_SURFACE_WITH_KNOTS('',2,1,((#13070,#13071),(#13072,#13073),
(#13074,#13075),(#13076,#13077)),.UNSPECIFIED.,.F.,.F.,.F.,(3,1,3),(2,2),
(-2.,-1.,0.),(0.,0.01),.UNSPECIFIED.);
#8591=B_SPLINE_SURFACE_WITH_KNOTS('',2,1,((#13089,#13090),(#13091,#13092),
(#13093,#13094),(#13095,#13096)),.UNSPECIFIED.,.F.,.F.,.F.,(3,1,3),(2,2),
(-2.,-1.,0.),(0.,0.01),.UNSPECIFIED.);
#8592=B_SPLINE_SURFACE_WITH_KNOTS('',2,1,((#13106,#13107),(#13108,#13109),
(#13110,#13111),(#13112,#13113)),.UNSPECIFIED.,.F.,.F.,.F.,(3,1,3),(2,2),
(-2.,-1.,0.),(0.,0.01),.UNSPECIFIED.);
#8593=B_SPLINE_SURFACE_WITH_KNOTS('',2,1,((#13128,#13129),(#13130,#13131),
(#13132,#13133),(#13134,#13135)),.UNSPECIFIED.,.F.,.F.,.F.,(3,1,3),(2,2),
(-2.,-1.,0.),(0.,0.01),.UNSPECIFIED.);
#8594=B_SPLINE_SURFACE_WITH_KNOTS('',2,1,((#13147,#13148),(#13149,#13150),
(#13151,#13152),(#13153,#13154)),.UNSPECIFIED.,.F.,.F.,.F.,(3,1,3),(2,2),
(-2.,-1.,0.),(0.,0.01),.UNSPECIFIED.);
#8595=B_SPLINE_SURFACE_WITH_KNOTS('',2,1,((#13166,#13167),(#13168,#13169),
(#13170,#13171),(#13172,#13173)),.UNSPECIFIED.,.F.,.F.,.F.,(3,1,3),(2,2),
(-2.,-1.,0.),(0.,0.01),.UNSPECIFIED.);
#8596=B_SPLINE_SURFACE_WITH_KNOTS('',2,1,((#13203,#13204),(#13205,#13206),
(#13207,#13208),(#13209,#13210)),.UNSPECIFIED.,.F.,.F.,.F.,(3,1,3),(2,2),
(-2.,-1.,0.),(0.,0.01),.UNSPECIFIED.);
#8597=B_SPLINE_SURFACE_WITH_KNOTS('',2,1,((#13222,#13223),(#13224,#13225),
(#13226,#13227),(#13228,#13229)),.UNSPECIFIED.,.F.,.F.,.F.,(3,1,3),(2,2),
(-2.,-1.,0.),(0.,0.01),.UNSPECIFIED.);
#8598=B_SPLINE_SURFACE_WITH_KNOTS('',2,1,((#13241,#13242),(#13243,#13244),
(#13245,#13246),(#13247,#13248)),.UNSPECIFIED.,.F.,.F.,.F.,(3,1,3),(2,2),
(-2.,-1.,0.),(0.,0.01),.UNSPECIFIED.);
#8599=B_SPLINE_SURFACE_WITH_KNOTS('',2,1,((#13290,#13291),(#13292,#13293),
(#13294,#13295),(#13296,#13297)),.UNSPECIFIED.,.F.,.F.,.F.,(3,1,3),(2,2),
(-2.,-1.,0.),(0.,0.01),.UNSPECIFIED.);
#8600=B_SPLINE_SURFACE_WITH_KNOTS('',2,1,((#13309,#13310),(#13311,#13312),
(#13313,#13314),(#13315,#13316)),.UNSPECIFIED.,.F.,.F.,.F.,(3,1,3),(2,2),
(-2.,-1.,0.),(0.,0.01),.UNSPECIFIED.);
#8601=B_SPLINE_SURFACE_WITH_KNOTS('',2,1,((#13328,#13329),(#13330,#13331),
(#13332,#13333),(#13334,#13335)),.UNSPECIFIED.,.F.,.F.,.F.,(3,1,3),(2,2),
(-2.,-1.,0.),(0.,0.01),.UNSPECIFIED.);
#8602=B_SPLINE_SURFACE_WITH_KNOTS('',2,1,((#13347,#13348),(#13349,#13350),
(#13351,#13352),(#13353,#13354)),.UNSPECIFIED.,.F.,.F.,.F.,(3,1,3),(2,2),
(-2.,-1.,0.),(0.,0.01),.UNSPECIFIED.);
#8603=B_SPLINE_SURFACE_WITH_KNOTS('',2,1,((#13366,#13367),(#13368,#13369),
(#13370,#13371),(#13372,#13373)),.UNSPECIFIED.,.F.,.F.,.F.,(3,1,3),(2,2),
(-2.,-1.,0.),(0.,0.01),.UNSPECIFIED.);
#8604=B_SPLINE_SURFACE_WITH_KNOTS('',2,1,((#13401,#13402),(#13403,#13404),
(#13405,#13406),(#13407,#13408)),.UNSPECIFIED.,.F.,.F.,.F.,(3,1,3),(2,2),
(0.,1.,2.),(0.,0.01),.UNSPECIFIED.);
#8605=B_SPLINE_SURFACE_WITH_KNOTS('',2,1,((#13423,#13424),(#13425,#13426),
(#13427,#13428),(#13429,#13430)),.UNSPECIFIED.,.F.,.F.,.F.,(3,1,3),(2,2),
(0.,1.,2.),(0.,0.01),.UNSPECIFIED.);
#8606=B_SPLINE_SURFACE_WITH_KNOTS('',2,1,((#13442,#13443),(#13444,#13445),
(#13446,#13447),(#13448,#13449)),.UNSPECIFIED.,.F.,.F.,.F.,(3,1,3),(2,2),
(0.,1.,2.),(0.,0.01),.UNSPECIFIED.);
#8607=B_SPLINE_SURFACE_WITH_KNOTS('',2,1,((#13461,#13462),(#13463,#13464),
(#13465,#13466),(#13467,#13468)),.UNSPECIFIED.,.F.,.F.,.F.,(3,1,3),(2,2),
(0.,1.,2.),(0.,0.01),.UNSPECIFIED.);
#8608=B_SPLINE_SURFACE_WITH_KNOTS('',2,1,((#13480,#13481),(#13482,#13483),
(#13484,#13485),(#13486,#13487)),.UNSPECIFIED.,.F.,.F.,.F.,(3,1,3),(2,2),
(0.,1.,2.),(0.,0.01),.UNSPECIFIED.);
#8609=B_SPLINE_SURFACE_WITH_KNOTS('',2,1,((#13499,#13500),(#13501,#13502),
(#13503,#13504),(#13505,#13506)),.UNSPECIFIED.,.F.,.F.,.F.,(3,1,3),(2,2),
(0.,1.,2.),(0.,0.01),.UNSPECIFIED.);
#8610=B_SPLINE_SURFACE_WITH_KNOTS('',2,1,((#13518,#13519),(#13520,#13521),
(#13522,#13523),(#13524,#13525)),.UNSPECIFIED.,.F.,.F.,.F.,(3,1,3),(2,2),
(0.,1.,2.),(0.,0.01),.UNSPECIFIED.);
#8611=B_SPLINE_SURFACE_WITH_KNOTS('',2,1,((#13537,#13538),(#13539,#13540),
(#13541,#13542),(#13543,#13544)),.UNSPECIFIED.,.F.,.F.,.F.,(3,1,3),(2,2),
(0.,1.,2.),(0.,0.01),.UNSPECIFIED.);
#8612=B_SPLINE_SURFACE_WITH_KNOTS('',2,1,((#13553,#13554),(#13555,#13556),
(#13557,#13558),(#13559,#13560)),.UNSPECIFIED.,.F.,.F.,.F.,(3,1,3),(2,2),
(-2.,-1.,0.),(0.,0.01),.UNSPECIFIED.);
#8613=B_SPLINE_SURFACE_WITH_KNOTS('',2,1,((#13575,#13576),(#13577,#13578),
(#13579,#13580),(#13581,#13582)),.UNSPECIFIED.,.F.,.F.,.F.,(3,1,3),(2,2),
(-2.,-1.,0.),(0.,0.01),.UNSPECIFIED.);
#8614=B_SPLINE_SURFACE_WITH_KNOTS('',2,1,((#13594,#13595),(#13596,#13597),
(#13598,#13599),(#13600,#13601)),.UNSPECIFIED.,.F.,.F.,.F.,(3,1,3),(2,2),
(-2.,-1.,0.),(0.,0.01),.UNSPECIFIED.);
#8615=B_SPLINE_SURFACE_WITH_KNOTS('',2,1,((#13613,#13614),(#13615,#13616),
(#13617,#13618),(#13619,#13620)),.UNSPECIFIED.,.F.,.F.,.F.,(3,1,3),(2,2),
(-2.,-1.,0.),(0.,0.01),.UNSPECIFIED.);
#8616=B_SPLINE_SURFACE_WITH_KNOTS('',2,1,((#13630,#13631),(#13632,#13633),
(#13634,#13635),(#13636,#13637)),.UNSPECIFIED.,.F.,.F.,.F.,(3,1,3),(2,2),
(0.,1.,2.),(0.,0.01),.UNSPECIFIED.);
#8617=B_SPLINE_SURFACE_WITH_KNOTS('',2,1,((#13652,#13653),(#13654,#13655),
(#13656,#13657),(#13658,#13659)),.UNSPECIFIED.,.F.,.F.,.F.,(3,1,3),(2,2),
(0.,1.,2.),(0.,0.01),.UNSPECIFIED.);
#8618=B_SPLINE_SURFACE_WITH_KNOTS('',2,1,((#13671,#13672),(#13673,#13674),
(#13675,#13676),(#13677,#13678)),.UNSPECIFIED.,.F.,.F.,.F.,(3,1,3),(2,2),
(0.,1.,2.),(0.,0.01),.UNSPECIFIED.);
#8619=B_SPLINE_SURFACE_WITH_KNOTS('',2,1,((#13690,#13691),(#13692,#13693),
(#13694,#13695),(#13696,#13697)),.UNSPECIFIED.,.F.,.F.,.F.,(3,1,3),(2,2),
(0.,1.,2.),(0.,0.01),.UNSPECIFIED.);
#8620=B_SPLINE_SURFACE_WITH_KNOTS('',2,1,((#13709,#13710),(#13711,#13712),
(#13713,#13714),(#13715,#13716)),.UNSPECIFIED.,.F.,.F.,.F.,(3,1,3),(2,2),
(0.,1.,2.),(0.,0.01),.UNSPECIFIED.);
#8621=B_SPLINE_SURFACE_WITH_KNOTS('',2,1,((#13728,#13729),(#13730,#13731),
(#13732,#13733),(#13734,#13735)),.UNSPECIFIED.,.F.,.F.,.F.,(3,1,3),(2,2),
(0.,1.,2.),(0.,0.01),.UNSPECIFIED.);
#8622=B_SPLINE_SURFACE_WITH_KNOTS('',2,1,((#13747,#13748),(#13749,#13750),
(#13751,#13752),(#13753,#13754)),.UNSPECIFIED.,.F.,.F.,.F.,(3,1,3),(2,2),
(0.,1.,2.),(0.,0.01),.UNSPECIFIED.);
#8623=B_SPLINE_SURFACE_WITH_KNOTS('',2,1,((#13766,#13767),(#13768,#13769),
(#13770,#13771),(#13772,#13773)),.UNSPECIFIED.,.F.,.F.,.F.,(3,1,3),(2,2),
(0.,1.,2.),(0.,0.01),.UNSPECIFIED.);
#8624=B_SPLINE_SURFACE_WITH_KNOTS('',2,1,((#13782,#13783),(#13784,#13785),
(#13786,#13787),(#13788,#13789)),.UNSPECIFIED.,.F.,.F.,.F.,(3,1,3),(2,2),
(-2.,-1.,0.),(0.,0.01),.UNSPECIFIED.);
#8625=B_SPLINE_SURFACE_WITH_KNOTS('',2,1,((#13804,#13805),(#13806,#13807),
(#13808,#13809),(#13810,#13811)),.UNSPECIFIED.,.F.,.F.,.F.,(3,1,3),(2,2),
(-2.,-1.,0.),(0.,0.01),.UNSPECIFIED.);
#8626=B_SPLINE_SURFACE_WITH_KNOTS('',2,1,((#13823,#13824),(#13825,#13826),
(#13827,#13828),(#13829,#13830)),.UNSPECIFIED.,.F.,.F.,.F.,(3,1,3),(2,2),
(-2.,-1.,0.),(0.,0.01),.UNSPECIFIED.);
#8627=B_SPLINE_SURFACE_WITH_KNOTS('',2,1,((#13842,#13843),(#13844,#13845),
(#13846,#13847),(#13848,#13849)),.UNSPECIFIED.,.F.,.F.,.F.,(3,1,3),(2,2),
(-2.,-1.,0.),(0.,0.01),.UNSPECIFIED.);
#8628=B_SPLINE_SURFACE_WITH_KNOTS('',2,1,((#13892,#13893),(#13894,#13895),
(#13896,#13897),(#13898,#13899)),.UNSPECIFIED.,.F.,.F.,.F.,(3,1,3),(2,2),
(-2.,-1.,0.),(0.,0.01),.UNSPECIFIED.);
#8629=B_SPLINE_SURFACE_WITH_KNOTS('',2,1,((#13939,#13940),(#13941,#13942),
(#13943,#13944),(#13945,#13946)),.UNSPECIFIED.,.F.,.F.,.F.,(3,1,3),(2,2),
(-2.,-1.,0.),(0.,0.01),.UNSPECIFIED.);
#8630=B_SPLINE_SURFACE_WITH_KNOTS('',2,1,((#13961,#13962),(#13963,#13964),
(#13965,#13966),(#13967,#13968)),.UNSPECIFIED.,.F.,.F.,.F.,(3,1,3),(2,2),
(-2.,-1.,0.),(0.,0.01),.UNSPECIFIED.);
#8631=B_SPLINE_SURFACE_WITH_KNOTS('',2,1,((#13992,#13993),(#13994,#13995),
(#13996,#13997),(#13998,#13999)),.UNSPECIFIED.,.F.,.F.,.F.,(3,1,3),(2,2),
(-2.,-1.,0.),(0.,0.01),.UNSPECIFIED.);
#8632=B_SPLINE_SURFACE_WITH_KNOTS('',2,1,((#14011,#14012),(#14013,#14014),
(#14015,#14016),(#14017,#14018)),.UNSPECIFIED.,.F.,.F.,.F.,(3,1,3),(2,2),
(-2.,-1.,0.),(0.,0.01),.UNSPECIFIED.);
#8633=B_SPLINE_SURFACE_WITH_KNOTS('',2,1,((#14030,#14031),(#14032,#14033),
(#14034,#14035),(#14036,#14037)),.UNSPECIFIED.,.F.,.F.,.F.,(3,1,3),(2,2),
(-2.,-1.,0.),(0.,0.01),.UNSPECIFIED.);
#8634=B_SPLINE_SURFACE_WITH_KNOTS('',2,1,((#14049,#14050),(#14051,#14052),
(#14053,#14054),(#14055,#14056)),.UNSPECIFIED.,.F.,.F.,.F.,(3,1,3),(2,2),
(-2.,-1.,0.),(0.,0.01),.UNSPECIFIED.);
#8635=B_SPLINE_SURFACE_WITH_KNOTS('',2,1,((#14068,#14069),(#14070,#14071),
(#14072,#14073),(#14074,#14075)),.UNSPECIFIED.,.F.,.F.,.F.,(3,1,3),(2,2),
(-2.,-1.,0.),(0.,0.01),.UNSPECIFIED.);
#8636=B_SPLINE_SURFACE_WITH_KNOTS('',2,1,((#14087,#14088),(#14089,#14090),
(#14091,#14092),(#14093,#14094)),.UNSPECIFIED.,.F.,.F.,.F.,(3,1,3),(2,2),
(-2.,-1.,0.),(0.,0.01),.UNSPECIFIED.);
#8637=B_SPLINE_SURFACE_WITH_KNOTS('',2,1,((#14106,#14107),(#14108,#14109),
(#14110,#14111),(#14112,#14113)),.UNSPECIFIED.,.F.,.F.,.F.,(3,1,3),(2,2),
(-2.,-1.,0.),(0.,0.01),.UNSPECIFIED.);
#8638=B_SPLINE_SURFACE_WITH_KNOTS('',2,1,((#14155,#14156),(#14157,#14158),
(#14159,#14160),(#14161,#14162)),.UNSPECIFIED.,.F.,.F.,.F.,(3,1,3),(2,2),
(-2.,-1.,0.),(0.,0.01),.UNSPECIFIED.);
#8639=B_SPLINE_SURFACE_WITH_KNOTS('',2,1,((#14174,#14175),(#14176,#14177),
(#14178,#14179),(#14180,#14181)),.UNSPECIFIED.,.F.,.F.,.F.,(3,1,3),(2,2),
(-2.,-1.,0.),(0.,0.01),.UNSPECIFIED.);
#8640=B_SPLINE_SURFACE_WITH_KNOTS('',2,1,((#14193,#14194),(#14195,#14196),
(#14197,#14198),(#14199,#14200)),.UNSPECIFIED.,.F.,.F.,.F.,(3,1,3),(2,2),
(-2.,-1.,0.),(0.,0.01),.UNSPECIFIED.);
#8641=B_SPLINE_SURFACE_WITH_KNOTS('',2,1,((#14212,#14213),(#14214,#14215),
(#14216,#14217),(#14218,#14219)),.UNSPECIFIED.,.F.,.F.,.F.,(3,1,3),(2,2),
(-2.,-1.,0.),(0.,0.01),.UNSPECIFIED.);
#8642=B_SPLINE_SURFACE_WITH_KNOTS('',2,1,((#14339,#14340),(#14341,#14342),
(#14343,#14344),(#14345,#14346)),.UNSPECIFIED.,.F.,.F.,.F.,(3,1,3),(2,2),
(0.,1.,2.),(0.,0.01),.UNSPECIFIED.);
#8643=B_SPLINE_SURFACE_WITH_KNOTS('',2,1,((#14361,#14362),(#14363,#14364),
(#14365,#14366),(#14367,#14368)),.UNSPECIFIED.,.F.,.F.,.F.,(3,1,3),(2,2),
(0.,1.,2.),(0.,0.01),.UNSPECIFIED.);
#8644=B_SPLINE_SURFACE_WITH_KNOTS('',2,1,((#14398,#14399),(#14400,#14401),
(#14402,#14403),(#14404,#14405)),.UNSPECIFIED.,.F.,.F.,.F.,(3,1,3),(2,2),
(0.,1.,2.),(0.,0.01),.UNSPECIFIED.);
#8645=B_SPLINE_SURFACE_WITH_KNOTS('',2,1,((#14417,#14418),(#14419,#14420),
(#14421,#14422),(#14423,#14424)),.UNSPECIFIED.,.F.,.F.,.F.,(3,1,3),(2,2),
(0.,1.,2.),(0.,0.01),.UNSPECIFIED.);
#8646=B_SPLINE_SURFACE_WITH_KNOTS('',2,1,((#14433,#14434),(#14435,#14436),
(#14437,#14438),(#14439,#14440)),.UNSPECIFIED.,.F.,.F.,.F.,(3,1,3),(2,2),
(-2.,-1.,0.),(0.,0.01),.UNSPECIFIED.);
#8647=B_SPLINE_SURFACE_WITH_KNOTS('',2,1,((#14485,#14486),(#14487,#14488),
(#14489,#14490),(#14491,#14492)),.UNSPECIFIED.,.F.,.F.,.F.,(3,1,3),(2,2),
(-2.,-1.,0.),(0.,0.01),.UNSPECIFIED.);
#8648=B_SPLINE_SURFACE_WITH_KNOTS('',2,1,((#14504,#14505),(#14506,#14507),
(#14508,#14509),(#14510,#14511)),.UNSPECIFIED.,.F.,.F.,.F.,(3,1,3),(2,2),
(-2.,-1.,0.),(0.,0.01),.UNSPECIFIED.);
#8649=B_SPLINE_SURFACE_WITH_KNOTS('',2,1,((#14523,#14524),(#14525,#14526),
(#14527,#14528),(#14529,#14530)),.UNSPECIFIED.,.F.,.F.,.F.,(3,1,3),(2,2),
(-2.,-1.,0.),(0.,0.01),.UNSPECIFIED.);
#8650=B_SPLINE_SURFACE_WITH_KNOTS('',2,1,((#14602,#14603),(#14604,#14605),
(#14606,#14607),(#14608,#14609)),.UNSPECIFIED.,.F.,.F.,.F.,(3,1,3),(2,2),
(0.,1.,2.),(0.,0.01),.UNSPECIFIED.);
#8651=B_SPLINE_SURFACE_WITH_KNOTS('',2,1,((#14624,#14625),(#14626,#14627),
(#14628,#14629),(#14630,#14631)),.UNSPECIFIED.,.F.,.F.,.F.,(3,1,3),(2,2),
(0.,1.,2.),(0.,0.01),.UNSPECIFIED.);
#8652=B_SPLINE_SURFACE_WITH_KNOTS('',2,1,((#14643,#14644),(#14645,#14646),
(#14647,#14648),(#14649,#14650)),.UNSPECIFIED.,.F.,.F.,.F.,(3,1,3),(2,2),
(0.,1.,2.),(0.,0.01),.UNSPECIFIED.);
#8653=B_SPLINE_SURFACE_WITH_KNOTS('',2,1,((#14662,#14663),(#14664,#14665),
(#14666,#14667),(#14668,#14669)),.UNSPECIFIED.,.F.,.F.,.F.,(3,1,3),(2,2),
(0.,1.,2.),(0.,0.01),.UNSPECIFIED.);
#8654=B_SPLINE_SURFACE_WITH_KNOTS('',2,1,((#14681,#14682),(#14683,#14684),
(#14685,#14686),(#14687,#14688)),.UNSPECIFIED.,.F.,.F.,.F.,(3,1,3),(2,2),
(0.,1.,2.),(0.,0.01),.UNSPECIFIED.);
#8655=B_SPLINE_SURFACE_WITH_KNOTS('',2,1,((#14700,#14701),(#14702,#14703),
(#14704,#14705),(#14706,#14707)),.UNSPECIFIED.,.F.,.F.,.F.,(3,1,3),(2,2),
(0.,1.,2.),(0.,0.01),.UNSPECIFIED.);
#8656=B_SPLINE_SURFACE_WITH_KNOTS('',2,1,((#14719,#14720),(#14721,#14722),
(#14723,#14724),(#14725,#14726)),.UNSPECIFIED.,.F.,.F.,.F.,(3,1,3),(2,2),
(0.,1.,2.),(0.,0.01),.UNSPECIFIED.);
#8657=B_SPLINE_SURFACE_WITH_KNOTS('',2,1,((#14735,#14736),(#14737,#14738),
(#14739,#14740),(#14741,#14742)),.UNSPECIFIED.,.F.,.F.,.F.,(3,1,3),(2,2),
(-2.,-1.,0.),(0.,0.01),.UNSPECIFIED.);
#8658=B_SPLINE_SURFACE_WITH_KNOTS('',2,1,((#14757,#14758),(#14759,#14760),
(#14761,#14762),(#14763,#14764)),.UNSPECIFIED.,.F.,.F.,.F.,(3,1,3),(2,2),
(-2.,-1.,0.),(0.,0.01),.UNSPECIFIED.);
#8659=B_SPLINE_SURFACE_WITH_KNOTS('',2,1,((#14776,#14777),(#14778,#14779),
(#14780,#14781),(#14782,#14783)),.UNSPECIFIED.,.F.,.F.,.F.,(3,1,3),(2,2),
(-2.,-1.,0.),(0.,0.01),.UNSPECIFIED.);
#8660=B_SPLINE_SURFACE_WITH_KNOTS('',2,1,((#14795,#14796),(#14797,#14798),
(#14799,#14800),(#14801,#14802)),.UNSPECIFIED.,.F.,.F.,.F.,(3,1,3),(2,2),
(-2.,-1.,0.),(0.,0.01),.UNSPECIFIED.);
#8661=B_SPLINE_SURFACE_WITH_KNOTS('',2,1,((#14814,#14815),(#14816,#14817),
(#14818,#14819),(#14820,#14821)),.UNSPECIFIED.,.F.,.F.,.F.,(3,1,3),(2,2),
(-2.,-1.,0.),(0.,0.01),.UNSPECIFIED.);
#8662=B_SPLINE_SURFACE_WITH_KNOTS('',2,1,((#14833,#14834),(#14835,#14836),
(#14837,#14838),(#14839,#14840)),.UNSPECIFIED.,.F.,.F.,.F.,(3,1,3),(2,2),
(-2.,-1.,0.),(0.,0.01),.UNSPECIFIED.);
#8663=B_SPLINE_SURFACE_WITH_KNOTS('',2,1,((#14864,#14865),(#14866,#14867),
(#14868,#14869),(#14870,#14871)),.UNSPECIFIED.,.F.,.F.,.F.,(3,1,3),(2,2),
(-2.,-1.,0.),(0.,0.01),.UNSPECIFIED.);
#8664=B_SPLINE_SURFACE_WITH_KNOTS('',2,1,((#14883,#14884),(#14885,#14886),
(#14887,#14888),(#14889,#14890)),.UNSPECIFIED.,.F.,.F.,.F.,(3,1,3),(2,2),
(-2.,-1.,0.),(0.,0.01),.UNSPECIFIED.);
#8665=B_SPLINE_SURFACE_WITH_KNOTS('',2,1,((#14902,#14903),(#14904,#14905),
(#14906,#14907),(#14908,#14909)),.UNSPECIFIED.,.F.,.F.,.F.,(3,1,3),(2,2),
(-2.,-1.,0.),(0.,0.01),.UNSPECIFIED.);
#8666=B_SPLINE_SURFACE_WITH_KNOTS('',2,1,((#14921,#14922),(#14923,#14924),
(#14925,#14926),(#14927,#14928)),.UNSPECIFIED.,.F.,.F.,.F.,(3,1,3),(2,2),
(-2.,-1.,0.),(0.,0.01),.UNSPECIFIED.);
#8667=B_SPLINE_SURFACE_WITH_KNOTS('',2,1,((#14940,#14941),(#14942,#14943),
(#14944,#14945),(#14946,#14947)),.UNSPECIFIED.,.F.,.F.,.F.,(3,1,3),(2,2),
(-2.,-1.,0.),(0.,0.01),.UNSPECIFIED.);
#8668=B_SPLINE_SURFACE_WITH_KNOTS('',2,1,((#14959,#14960),(#14961,#14962),
(#14963,#14964),(#14965,#14966)),.UNSPECIFIED.,.F.,.F.,.F.,(3,1,3),(2,2),
(-2.,-1.,0.),(0.,0.01),.UNSPECIFIED.);
#8669=B_SPLINE_SURFACE_WITH_KNOTS('',2,1,((#14976,#14977),(#14978,#14979),
(#14980,#14981),(#14982,#14983)),.UNSPECIFIED.,.F.,.F.,.F.,(3,1,3),(2,2),
(0.,1.,2.),(0.,0.01),.UNSPECIFIED.);
#8670=B_SPLINE_SURFACE_WITH_KNOTS('',2,1,((#14998,#14999),(#15000,#15001),
(#15002,#15003),(#15004,#15005)),.UNSPECIFIED.,.F.,.F.,.F.,(3,1,3),(2,2),
(0.,1.,2.),(0.,0.01),.UNSPECIFIED.);
#8671=B_SPLINE_SURFACE_WITH_KNOTS('',2,1,((#15017,#15018),(#15019,#15020),
(#15021,#15022),(#15023,#15024)),.UNSPECIFIED.,.F.,.F.,.F.,(3,1,3),(2,2),
(0.,1.,2.),(0.,0.01),.UNSPECIFIED.);
#8672=B_SPLINE_SURFACE_WITH_KNOTS('',2,1,((#15036,#15037),(#15038,#15039),
(#15040,#15041),(#15042,#15043)),.UNSPECIFIED.,.F.,.F.,.F.,(3,1,3),(2,2),
(0.,1.,2.),(0.,0.01),.UNSPECIFIED.);
#8673=B_SPLINE_SURFACE_WITH_KNOTS('',2,1,((#15055,#15056),(#15057,#15058),
(#15059,#15060),(#15061,#15062)),.UNSPECIFIED.,.F.,.F.,.F.,(3,1,3),(2,2),
(0.,1.,2.),(0.,0.01),.UNSPECIFIED.);
#8674=B_SPLINE_SURFACE_WITH_KNOTS('',2,1,((#15074,#15075),(#15076,#15077),
(#15078,#15079),(#15080,#15081)),.UNSPECIFIED.,.F.,.F.,.F.,(3,1,3),(2,2),
(0.,1.,2.),(0.,0.01),.UNSPECIFIED.);
#8675=B_SPLINE_SURFACE_WITH_KNOTS('',2,1,((#15093,#15094),(#15095,#15096),
(#15097,#15098),(#15099,#15100)),.UNSPECIFIED.,.F.,.F.,.F.,(3,1,3),(2,2),
(0.,1.,2.),(0.,0.01),.UNSPECIFIED.);
#8676=B_SPLINE_SURFACE_WITH_KNOTS('',2,1,((#15112,#15113),(#15114,#15115),
(#15116,#15117),(#15118,#15119)),.UNSPECIFIED.,.F.,.F.,.F.,(3,1,3),(2,2),
(0.,1.,2.),(0.,0.01),.UNSPECIFIED.);
#8677=B_SPLINE_SURFACE_WITH_KNOTS('',2,1,((#15128,#15129),(#15130,#15131),
(#15132,#15133),(#15134,#15135)),.UNSPECIFIED.,.F.,.F.,.F.,(3,1,3),(2,2),
(-2.,-1.,0.),(0.,0.01),.UNSPECIFIED.);
#8678=B_SPLINE_SURFACE_WITH_KNOTS('',2,1,((#15150,#15151),(#15152,#15153),
(#15154,#15155),(#15156,#15157)),.UNSPECIFIED.,.F.,.F.,.F.,(3,1,3),(2,2),
(-2.,-1.,0.),(0.,0.01),.UNSPECIFIED.);
#8679=B_SPLINE_SURFACE_WITH_KNOTS('',2,1,((#15169,#15170),(#15171,#15172),
(#15173,#15174),(#15175,#15176)),.UNSPECIFIED.,.F.,.F.,.F.,(3,1,3),(2,2),
(-2.,-1.,0.),(0.,0.01),.UNSPECIFIED.);
#8680=B_SPLINE_SURFACE_WITH_KNOTS('',2,1,((#15188,#15189),(#15190,#15191),
(#15192,#15193),(#15194,#15195)),.UNSPECIFIED.,.F.,.F.,.F.,(3,1,3),(2,2),
(-2.,-1.,0.),(0.,0.01),.UNSPECIFIED.);
#8681=B_SPLINE_SURFACE_WITH_KNOTS('',2,1,((#15205,#15206),(#15207,#15208),
(#15209,#15210),(#15211,#15212)),.UNSPECIFIED.,.F.,.F.,.F.,(3,1,3),(2,2),
(-2.,-1.,0.),(0.,0.01),.UNSPECIFIED.);
#8682=B_SPLINE_SURFACE_WITH_KNOTS('',2,1,((#15239,#15240),(#15241,#15242),
(#15243,#15244),(#15245,#15246)),.UNSPECIFIED.,.F.,.F.,.F.,(3,1,3),(2,2),
(-2.,-1.,0.),(0.,0.01),.UNSPECIFIED.);
#8683=B_SPLINE_SURFACE_WITH_KNOTS('',2,1,((#15258,#15259),(#15260,#15261),
(#15262,#15263),(#15264,#15265)),.UNSPECIFIED.,.F.,.F.,.F.,(3,1,3),(2,2),
(-2.,-1.,0.),(0.,0.01),.UNSPECIFIED.);
#8684=B_SPLINE_SURFACE_WITH_KNOTS('',2,1,((#15277,#15278),(#15279,#15280),
(#15281,#15282),(#15283,#15284)),.UNSPECIFIED.,.F.,.F.,.F.,(3,1,3),(2,2),
(-2.,-1.,0.),(0.,0.01),.UNSPECIFIED.);
#8685=B_SPLINE_SURFACE_WITH_KNOTS('',2,1,((#15296,#15297),(#15298,#15299),
(#15300,#15301),(#15302,#15303)),.UNSPECIFIED.,.F.,.F.,.F.,(3,1,3),(2,2),
(-2.,-1.,0.),(0.,0.01),.UNSPECIFIED.);
#8686=B_SPLINE_SURFACE_WITH_KNOTS('',2,1,((#15321,#15322),(#15323,#15324),
(#15325,#15326),(#15327,#15328)),.UNSPECIFIED.,.F.,.F.,.F.,(3,1,3),(2,2),
(-2.,-1.,0.),(0.,0.01),.UNSPECIFIED.);
#8687=B_SPLINE_SURFACE_WITH_KNOTS('',2,1,((#15340,#15341),(#15342,#15343),
(#15344,#15345),(#15346,#15347)),.UNSPECIFIED.,.F.,.F.,.F.,(3,1,3),(2,2),
(-2.,-1.,0.),(0.,0.01),.UNSPECIFIED.);
#8688=B_SPLINE_SURFACE_WITH_KNOTS('',2,1,((#15359,#15360),(#15361,#15362),
(#15363,#15364),(#15365,#15366)),.UNSPECIFIED.,.F.,.F.,.F.,(3,1,3),(2,2),
(-2.,-1.,0.),(0.,0.01),.UNSPECIFIED.);
#8689=B_SPLINE_SURFACE_WITH_KNOTS('',2,1,((#15378,#15379),(#15380,#15381),
(#15382,#15383),(#15384,#15385)),.UNSPECIFIED.,.F.,.F.,.F.,(3,1,3),(2,2),
(-2.,-1.,0.),(0.,0.01),.UNSPECIFIED.);
#8690=B_SPLINE_SURFACE_WITH_KNOTS('',2,1,((#15397,#15398),(#15399,#15400),
(#15401,#15402),(#15403,#15404)),.UNSPECIFIED.,.F.,.F.,.F.,(3,1,3),(2,2),
(-2.,-1.,0.),(0.,0.01),.UNSPECIFIED.);
#8691=B_SPLINE_SURFACE_WITH_KNOTS('',2,1,((#15428,#15429),(#15430,#15431),
(#15432,#15433),(#15434,#15435)),.UNSPECIFIED.,.F.,.F.,.F.,(3,1,3),(2,2),
(-2.,-1.,0.),(0.,0.01),.UNSPECIFIED.);
#8692=B_SPLINE_SURFACE_WITH_KNOTS('',2,1,((#15447,#15448),(#15449,#15450),
(#15451,#15452),(#15453,#15454)),.UNSPECIFIED.,.F.,.F.,.F.,(3,1,3),(2,2),
(-2.,-1.,0.),(0.,0.01),.UNSPECIFIED.);
#8693=B_SPLINE_SURFACE_WITH_KNOTS('',2,1,((#15466,#15467),(#15468,#15469),
(#15470,#15471),(#15472,#15473)),.UNSPECIFIED.,.F.,.F.,.F.,(3,1,3),(2,2),
(-2.,-1.,0.),(0.,0.01),.UNSPECIFIED.);
#8694=B_SPLINE_SURFACE_WITH_KNOTS('',2,1,((#15485,#15486),(#15487,#15488),
(#15489,#15490),(#15491,#15492)),.UNSPECIFIED.,.F.,.F.,.F.,(3,1,3),(2,2),
(-2.,-1.,0.),(0.,0.01),.UNSPECIFIED.);
#8695=B_SPLINE_SURFACE_WITH_KNOTS('',2,1,((#15504,#15505),(#15506,#15507),
(#15508,#15509),(#15510,#15511)),.UNSPECIFIED.,.F.,.F.,.F.,(3,1,3),(2,2),
(-2.,-1.,0.),(0.,0.01),.UNSPECIFIED.);
#8696=B_SPLINE_SURFACE_WITH_KNOTS('',2,1,((#15541,#15542),(#15543,#15544),
(#15545,#15546),(#15547,#15548)),.UNSPECIFIED.,.F.,.F.,.F.,(3,1,3),(2,2),
(-2.,-1.,0.),(0.,0.01),.UNSPECIFIED.);
#8697=B_SPLINE_SURFACE_WITH_KNOTS('',2,1,((#15560,#15561),(#15562,#15563),
(#15564,#15565),(#15566,#15567)),.UNSPECIFIED.,.F.,.F.,.F.,(3,1,3),(2,2),
(-2.,-1.,0.),(0.,0.01),.UNSPECIFIED.);
#8698=B_SPLINE_SURFACE_WITH_KNOTS('',2,1,((#15579,#15580),(#15581,#15582),
(#15583,#15584),(#15585,#15586)),.UNSPECIFIED.,.F.,.F.,.F.,(3,1,3),(2,2),
(-2.,-1.,0.),(0.,0.01),.UNSPECIFIED.);
#8699=B_SPLINE_SURFACE_WITH_KNOTS('',2,1,((#15598,#15599),(#15600,#15601),
(#15602,#15603),(#15604,#15605)),.UNSPECIFIED.,.F.,.F.,.F.,(3,1,3),(2,2),
(-2.,-1.,0.),(0.,0.01),.UNSPECIFIED.);
#8700=B_SPLINE_SURFACE_WITH_KNOTS('',2,1,((#15615,#15616),(#15617,#15618),
(#15619,#15620),(#15621,#15622)),.UNSPECIFIED.,.F.,.F.,.F.,(3,1,3),(2,2),
(0.,1.,2.),(0.,0.01),.UNSPECIFIED.);
#8701=B_SPLINE_SURFACE_WITH_KNOTS('',2,1,((#15637,#15638),(#15639,#15640),
(#15641,#15642),(#15643,#15644)),.UNSPECIFIED.,.F.,.F.,.F.,(3,1,3),(2,2),
(0.,1.,2.),(0.,0.01),.UNSPECIFIED.);
#8702=B_SPLINE_SURFACE_WITH_KNOTS('',2,1,((#15656,#15657),(#15658,#15659),
(#15660,#15661),(#15662,#15663)),.UNSPECIFIED.,.F.,.F.,.F.,(3,1,3),(2,2),
(0.,1.,2.),(0.,0.01),.UNSPECIFIED.);
#8703=B_SPLINE_SURFACE_WITH_KNOTS('',2,1,((#15675,#15676),(#15677,#15678),
(#15679,#15680),(#15681,#15682)),.UNSPECIFIED.,.F.,.F.,.F.,(3,1,3),(2,2),
(0.,1.,2.),(0.,0.01),.UNSPECIFIED.);
#8704=B_SPLINE_SURFACE_WITH_KNOTS('',2,1,((#15694,#15695),(#15696,#15697),
(#15698,#15699),(#15700,#15701)),.UNSPECIFIED.,.F.,.F.,.F.,(3,1,3),(2,2),
(0.,1.,2.),(0.,0.01),.UNSPECIFIED.);
#8705=B_SPLINE_SURFACE_WITH_KNOTS('',2,1,((#15713,#15714),(#15715,#15716),
(#15717,#15718),(#15719,#15720)),.UNSPECIFIED.,.F.,.F.,.F.,(3,1,3),(2,2),
(0.,1.,2.),(0.,0.01),.UNSPECIFIED.);
#8706=B_SPLINE_SURFACE_WITH_KNOTS('',2,1,((#15732,#15733),(#15734,#15735),
(#15736,#15737),(#15738,#15739)),.UNSPECIFIED.,.F.,.F.,.F.,(3,1,3),(2,2),
(0.,1.,2.),(0.,0.01),.UNSPECIFIED.);
#8707=B_SPLINE_SURFACE_WITH_KNOTS('',2,1,((#15751,#15752),(#15753,#15754),
(#15755,#15756),(#15757,#15758)),.UNSPECIFIED.,.F.,.F.,.F.,(3,1,3),(2,2),
(0.,1.,2.),(0.,0.01),.UNSPECIFIED.);
#8708=B_SPLINE_SURFACE_WITH_KNOTS('',2,1,((#15767,#15768),(#15769,#15770),
(#15771,#15772),(#15773,#15774)),.UNSPECIFIED.,.F.,.F.,.F.,(3,1,3),(2,2),
(-2.,-1.,0.),(0.,0.01),.UNSPECIFIED.);
#8709=B_SPLINE_SURFACE_WITH_KNOTS('',2,1,((#15789,#15790),(#15791,#15792),
(#15793,#15794),(#15795,#15796)),.UNSPECIFIED.,.F.,.F.,.F.,(3,1,3),(2,2),
(-2.,-1.,0.),(0.,0.01),.UNSPECIFIED.);
#8710=B_SPLINE_SURFACE_WITH_KNOTS('',2,1,((#15808,#15809),(#15810,#15811),
(#15812,#15813),(#15814,#15815)),.UNSPECIFIED.,.F.,.F.,.F.,(3,1,3),(2,2),
(-2.,-1.,0.),(0.,0.01),.UNSPECIFIED.);
#8711=B_SPLINE_SURFACE_WITH_KNOTS('',2,1,((#15827,#15828),(#15829,#15830),
(#15831,#15832),(#15833,#15834)),.UNSPECIFIED.,.F.,.F.,.F.,(3,1,3),(2,2),
(-2.,-1.,0.),(0.,0.01),.UNSPECIFIED.);
#8712=B_SPLINE_SURFACE_WITH_KNOTS('',2,1,((#15926,#15927),(#15928,#15929),
(#15930,#15931),(#15932,#15933)),.UNSPECIFIED.,.F.,.F.,.F.,(3,1,3),(2,2),
(-2.,-1.,0.),(0.,0.01),.UNSPECIFIED.);
#8713=B_SPLINE_SURFACE_WITH_KNOTS('',2,1,((#15945,#15946),(#15947,#15948),
(#15949,#15950),(#15951,#15952)),.UNSPECIFIED.,.F.,.F.,.F.,(3,1,3),(2,2),
(-2.,-1.,0.),(0.,0.01),.UNSPECIFIED.);
#8714=B_SPLINE_SURFACE_WITH_KNOTS('',2,1,((#15964,#15965),(#15966,#15967),
(#15968,#15969),(#15970,#15971)),.UNSPECIFIED.,.F.,.F.,.F.,(3,1,3),(2,2),
(-2.,-1.,0.),(0.,0.01),.UNSPECIFIED.);
#8715=B_SPLINE_SURFACE_WITH_KNOTS('',2,1,((#15983,#15984),(#15985,#15986),
(#15987,#15988),(#15989,#15990)),.UNSPECIFIED.,.F.,.F.,.F.,(3,1,3),(2,2),
(-2.,-1.,0.),(0.,0.01),.UNSPECIFIED.);
#8716=B_SPLINE_SURFACE_WITH_KNOTS('',2,1,((#16002,#16003),(#16004,#16005),
(#16006,#16007),(#16008,#16009)),.UNSPECIFIED.,.F.,.F.,.F.,(3,1,3),(2,2),
(-2.,-1.,0.),(0.,0.01),.UNSPECIFIED.);
#8717=B_SPLINE_SURFACE_WITH_KNOTS('',2,1,((#16021,#16022),(#16023,#16024),
(#16025,#16026),(#16027,#16028)),.UNSPECIFIED.,.F.,.F.,.F.,(3,1,3),(2,2),
(-2.,-1.,0.),(0.,0.01),.UNSPECIFIED.);
#8718=B_SPLINE_SURFACE_WITH_KNOTS('',2,1,((#16052,#16053),(#16054,#16055),
(#16056,#16057),(#16058,#16059)),.UNSPECIFIED.,.F.,.F.,.F.,(3,1,3),(2,2),
(-2.,-1.,0.),(0.,0.01),.UNSPECIFIED.);
#8719=B_SPLINE_SURFACE_WITH_KNOTS('',2,1,((#16071,#16072),(#16073,#16074),
(#16075,#16076),(#16077,#16078)),.UNSPECIFIED.,.F.,.F.,.F.,(3,1,3),(2,2),
(-2.,-1.,0.),(0.,0.01),.UNSPECIFIED.);
#8720=B_SPLINE_SURFACE_WITH_KNOTS('',2,1,((#16090,#16091),(#16092,#16093),
(#16094,#16095),(#16096,#16097)),.UNSPECIFIED.,.F.,.F.,.F.,(3,1,3),(2,2),
(-2.,-1.,0.),(0.,0.01),.UNSPECIFIED.);
#8721=B_SPLINE_SURFACE_WITH_KNOTS('',2,1,((#16109,#16110),(#16111,#16112),
(#16113,#16114),(#16115,#16116)),.UNSPECIFIED.,.F.,.F.,.F.,(3,1,3),(2,2),
(-2.,-1.,0.),(0.,0.01),.UNSPECIFIED.);
#8722=B_SPLINE_SURFACE_WITH_KNOTS('',2,1,((#16128,#16129),(#16130,#16131),
(#16132,#16133),(#16134,#16135)),.UNSPECIFIED.,.F.,.F.,.F.,(3,1,3),(2,2),
(-2.,-1.,0.),(0.,0.01),.UNSPECIFIED.);
#8723=ADVANCED_FACE('',(#428),#8513,.F.);
#8724=ADVANCED_FACE('',(#429),#8514,.F.);
#8725=ADVANCED_FACE('',(#430),#8515,.F.);
#8726=ADVANCED_FACE('',(#431),#8516,.F.);
#8727=ADVANCED_FACE('',(#432),#167,.F.);
#8728=ADVANCED_FACE('',(#433),#168,.T.);
#8729=ADVANCED_FACE('',(#434),#8517,.T.);
#8730=ADVANCED_FACE('',(#435),#8518,.T.);
#8731=ADVANCED_FACE('',(#436),#8519,.T.);
#8732=ADVANCED_FACE('',(#437),#8520,.T.);
#8733=ADVANCED_FACE('',(#438),#8521,.T.);
#8734=ADVANCED_FACE('',(#439),#8522,.T.);
#8735=ADVANCED_FACE('',(#440),#8523,.T.);
#8736=ADVANCED_FACE('',(#441),#169,.T.);
#8737=ADVANCED_FACE('',(#442),#170,.T.);
#8738=ADVANCED_FACE('',(#443),#171,.T.);
#8739=ADVANCED_FACE('',(#444),#172,.T.);
#8740=ADVANCED_FACE('',(#445,#70),#173,.F.);
#8741=ADVANCED_FACE('',(#446),#174,.T.);
#8742=ADVANCED_FACE('',(#447),#8524,.T.);
#8743=ADVANCED_FACE('',(#448),#8525,.T.);
#8744=ADVANCED_FACE('',(#449),#8526,.T.);
#8745=ADVANCED_FACE('',(#450),#8527,.T.);
#8746=ADVANCED_FACE('',(#451),#8528,.T.);
#8747=ADVANCED_FACE('',(#452),#8529,.T.);
#8748=ADVANCED_FACE('',(#453),#175,.T.);
#8749=ADVANCED_FACE('',(#454),#176,.T.);
#8750=ADVANCED_FACE('',(#455),#8530,.T.);
#8751=ADVANCED_FACE('',(#456),#8531,.T.);
#8752=ADVANCED_FACE('',(#457),#8532,.T.);
#8753=ADVANCED_FACE('',(#458),#8533,.T.);
#8754=ADVANCED_FACE('',(#459),#8534,.T.);
#8755=ADVANCED_FACE('',(#460),#177,.T.);
#8756=ADVANCED_FACE('',(#461),#178,.T.);
#8757=ADVANCED_FACE('',(#462),#179,.T.);
#8758=ADVANCED_FACE('',(#463),#180,.F.);
#8759=ADVANCED_FACE('',(#464),#181,.T.);
#8760=ADVANCED_FACE('',(#465),#182,.T.);
#8761=ADVANCED_FACE('',(#466),#183,.T.);
#8762=ADVANCED_FACE('',(#467),#184,.T.);
#8763=ADVANCED_FACE('',(#468),#185,.T.);
#8764=ADVANCED_FACE('',(#469),#186,.T.);
#8765=ADVANCED_FACE('',(#470),#187,.T.);
#8766=ADVANCED_FACE('',(#471),#188,.T.);
#8767=ADVANCED_FACE('',(#472),#189,.T.);
#8768=ADVANCED_FACE('',(#473),#190,.T.);
#8769=ADVANCED_FACE('',(#474),#191,.T.);
#8770=ADVANCED_FACE('',(#475),#8535,.T.);
#8771=ADVANCED_FACE('',(#476),#8536,.T.);
#8772=ADVANCED_FACE('',(#477),#8537,.T.);
#8773=ADVANCED_FACE('',(#478),#192,.T.);
#8774=ADVANCED_FACE('',(#479),#193,.T.);
#8775=ADVANCED_FACE('',(#480),#8538,.T.);
#8776=ADVANCED_FACE('',(#481),#8539,.T.);
#8777=ADVANCED_FACE('',(#482),#194,.F.);
#8778=ADVANCED_FACE('',(#483),#8540,.F.);
#8779=ADVANCED_FACE('',(#484),#8541,.F.);
#8780=ADVANCED_FACE('',(#485),#8542,.F.);
#8781=ADVANCED_FACE('',(#486),#8543,.F.);
#8782=ADVANCED_FACE('',(#487),#195,.F.);
#8783=ADVANCED_FACE('',(#488),#8544,.T.);
#8784=ADVANCED_FACE('',(#489),#8545,.T.);
#8785=ADVANCED_FACE('',(#490),#8546,.T.);
#8786=ADVANCED_FACE('',(#491),#8547,.T.);
#8787=ADVANCED_FACE('',(#492),#8548,.T.);
#8788=ADVANCED_FACE('',(#493),#196,.T.);
#8789=ADVANCED_FACE('',(#494),#8549,.T.);
#8790=ADVANCED_FACE('',(#495),#8550,.T.);
#8791=ADVANCED_FACE('',(#496),#8551,.T.);
#8792=ADVANCED_FACE('',(#497),#197,.T.);
#8793=ADVANCED_FACE('',(#498),#198,.T.);
#8794=ADVANCED_FACE('',(#499),#8552,.T.);
#8795=ADVANCED_FACE('',(#500),#8553,.T.);
#8796=ADVANCED_FACE('',(#501),#8554,.T.);
#8797=ADVANCED_FACE('',(#502),#199,.T.);
#8798=ADVANCED_FACE('',(#503),#200,.T.);
#8799=ADVANCED_FACE('',(#504),#201,.T.);
#8800=ADVANCED_FACE('',(#505),#8555,.T.);
#8801=ADVANCED_FACE('',(#506,#71),#202,.F.);
#8802=ADVANCED_FACE('',(#507),#203,.T.);
#8803=ADVANCED_FACE('',(#508),#204,.T.);
#8804=ADVANCED_FACE('',(#509),#8556,.T.);
#8805=ADVANCED_FACE('',(#510),#8557,.T.);
#8806=ADVANCED_FACE('',(#511),#8558,.T.);
#8807=ADVANCED_FACE('',(#512),#8559,.T.);
#8808=ADVANCED_FACE('',(#513),#8560,.T.);
#8809=ADVANCED_FACE('',(#514),#8561,.T.);
#8810=ADVANCED_FACE('',(#515),#8562,.T.);
#8811=ADVANCED_FACE('',(#516),#8563,.T.);
#8812=ADVANCED_FACE('',(#517),#8564,.T.);
#8813=ADVANCED_FACE('',(#518),#205,.T.);
#8814=ADVANCED_FACE('',(#519),#206,.T.);
#8815=ADVANCED_FACE('',(#520),#8565,.T.);
#8816=ADVANCED_FACE('',(#521),#8566,.T.);
#8817=ADVANCED_FACE('',(#522),#8567,.T.);
#8818=ADVANCED_FACE('',(#523),#8568,.T.);
#8819=ADVANCED_FACE('',(#524),#8569,.T.);
#8820=ADVANCED_FACE('',(#525),#8570,.T.);
#8821=ADVANCED_FACE('',(#526),#8571,.T.);
#8822=ADVANCED_FACE('',(#527),#8572,.T.);
#8823=ADVANCED_FACE('',(#528),#207,.F.);
#8824=ADVANCED_FACE('',(#529),#208,.T.);
#8825=ADVANCED_FACE('',(#530),#209,.T.);
#8826=ADVANCED_FACE('',(#531),#210,.T.);
#8827=ADVANCED_FACE('',(#532),#211,.T.);
#8828=ADVANCED_FACE('',(#533),#212,.T.);
#8829=ADVANCED_FACE('',(#534),#213,.T.);
#8830=ADVANCED_FACE('',(#535),#214,.T.);
#8831=ADVANCED_FACE('',(#536),#215,.T.);
#8832=ADVANCED_FACE('',(#537),#216,.T.);
#8833=ADVANCED_FACE('',(#538),#217,.F.);
#8834=ADVANCED_FACE('',(#539),#218,.F.);
#8835=ADVANCED_FACE('',(#540),#219,.F.);
#8836=ADVANCED_FACE('',(#541),#220,.T.);
#8837=ADVANCED_FACE('',(#542),#221,.T.);
#8838=ADVANCED_FACE('',(#543),#222,.T.);
#8839=ADVANCED_FACE('',(#544),#223,.T.);
#8840=ADVANCED_FACE('',(#545),#224,.T.);
#8841=ADVANCED_FACE('',(#546),#225,.T.);
#8842=ADVANCED_FACE('',(#547),#226,.T.);
#8843=ADVANCED_FACE('',(#548),#227,.T.);
#8844=ADVANCED_FACE('',(#549),#228,.T.);
#8845=ADVANCED_FACE('',(#550),#229,.T.);
#8846=ADVANCED_FACE('',(#551),#230,.T.);
#8847=ADVANCED_FACE('',(#552,#72),#231,.T.);
#8848=ADVANCED_FACE('',(#553),#232,.T.);
#8849=ADVANCED_FACE('',(#554),#233,.T.);
#8850=ADVANCED_FACE('',(#555),#234,.T.);
#8851=ADVANCED_FACE('',(#556),#235,.T.);
#8852=ADVANCED_FACE('',(#557),#236,.T.);
#8853=ADVANCED_FACE('',(#558),#237,.T.);
#8854=ADVANCED_FACE('',(#559),#238,.T.);
#8855=ADVANCED_FACE('',(#560),#239,.T.);
#8856=ADVANCED_FACE('',(#561),#240,.T.);
#8857=ADVANCED_FACE('',(#562),#241,.T.);
#8858=ADVANCED_FACE('',(#563),#242,.T.);
#8859=ADVANCED_FACE('',(#564),#243,.T.);
#8860=ADVANCED_FACE('',(#565),#244,.T.);
#8861=ADVANCED_FACE('',(#566,#73,#74,#75,#76,#77,#78,#79,#80),#245,.F.);
#8862=ADVANCED_FACE('',(#567),#246,.F.);
#8863=ADVANCED_FACE('',(#568),#247,.F.);
#8864=ADVANCED_FACE('',(#569),#248,.T.);
#8865=ADVANCED_FACE('',(#570),#249,.T.);
#8866=ADVANCED_FACE('',(#571),#250,.T.);
#8867=ADVANCED_FACE('',(#572),#251,.T.);
#8868=ADVANCED_FACE('',(#573),#252,.T.);
#8869=ADVANCED_FACE('',(#574),#253,.T.);
#8870=ADVANCED_FACE('',(#575),#254,.T.);
#8871=ADVANCED_FACE('',(#576),#255,.T.);
#8872=ADVANCED_FACE('',(#577),#8573,.T.);
#8873=ADVANCED_FACE('',(#578),#256,.T.);
#8874=ADVANCED_FACE('',(#579),#257,.T.);
#8875=ADVANCED_FACE('',(#580),#8574,.T.);
#8876=ADVANCED_FACE('',(#581),#8575,.T.);
#8877=ADVANCED_FACE('',(#582),#8576,.T.);
#8878=ADVANCED_FACE('',(#583),#8577,.T.);
#8879=ADVANCED_FACE('',(#584),#258,.T.);
#8880=ADVANCED_FACE('',(#585),#8578,.T.);
#8881=ADVANCED_FACE('',(#586),#8579,.T.);
#8882=ADVANCED_FACE('',(#587),#8580,.T.);
#8883=ADVANCED_FACE('',(#588),#8581,.T.);
#8884=ADVANCED_FACE('',(#589),#8582,.T.);
#8885=ADVANCED_FACE('',(#590),#259,.T.);
#8886=ADVANCED_FACE('',(#591),#260,.T.);
#8887=ADVANCED_FACE('',(#592),#8583,.T.);
#8888=ADVANCED_FACE('',(#593),#8584,.T.);
#8889=ADVANCED_FACE('',(#594),#8585,.T.);
#8890=ADVANCED_FACE('',(#595),#8586,.T.);
#8891=ADVANCED_FACE('',(#596),#8587,.T.);
#8892=ADVANCED_FACE('',(#597),#261,.T.);
#8893=ADVANCED_FACE('',(#598),#262,.T.);
#8894=ADVANCED_FACE('',(#599),#263,.T.);
#8895=ADVANCED_FACE('',(#600),#8588,.T.);
#8896=ADVANCED_FACE('',(#601),#8589,.T.);
#8897=ADVANCED_FACE('',(#602),#8590,.T.);
#8898=ADVANCED_FACE('',(#603),#8591,.T.);
#8899=ADVANCED_FACE('',(#604),#264,.T.);
#8900=ADVANCED_FACE('',(#605),#8592,.T.);
#8901=ADVANCED_FACE('',(#606),#8593,.T.);
#8902=ADVANCED_FACE('',(#607),#8594,.T.);
#8903=ADVANCED_FACE('',(#608),#8595,.T.);
#8904=ADVANCED_FACE('',(#609),#265,.T.);
#8905=ADVANCED_FACE('',(#610),#266,.T.);
#8906=ADVANCED_FACE('',(#611),#267,.T.);
#8907=ADVANCED_FACE('',(#612),#8596,.T.);
#8908=ADVANCED_FACE('',(#613),#8597,.T.);
#8909=ADVANCED_FACE('',(#614),#8598,.T.);
#8910=ADVANCED_FACE('',(#615),#268,.T.);
#8911=ADVANCED_FACE('',(#616),#269,.T.);
#8912=ADVANCED_FACE('',(#617),#270,.T.);
#8913=ADVANCED_FACE('',(#618),#271,.T.);
#8914=ADVANCED_FACE('',(#619),#272,.T.);
#8915=ADVANCED_FACE('',(#620),#8599,.T.);
#8916=ADVANCED_FACE('',(#621),#8600,.T.);
#8917=ADVANCED_FACE('',(#622),#8601,.T.);
#8918=ADVANCED_FACE('',(#623),#8602,.T.);
#8919=ADVANCED_FACE('',(#624),#8603,.T.);
#8920=ADVANCED_FACE('',(#625),#273,.T.);
#8921=ADVANCED_FACE('',(#626),#274,.T.);
#8922=ADVANCED_FACE('',(#627),#275,.T.);
#8923=ADVANCED_FACE('',(#628),#276,.T.);
#8924=ADVANCED_FACE('',(#629),#8604,.F.);
#8925=ADVANCED_FACE('',(#630),#8605,.F.);
#8926=ADVANCED_FACE('',(#631),#8606,.F.);
#8927=ADVANCED_FACE('',(#632),#8607,.F.);
#8928=ADVANCED_FACE('',(#633),#8608,.F.);
#8929=ADVANCED_FACE('',(#634),#8609,.F.);
#8930=ADVANCED_FACE('',(#635),#8610,.F.);
#8931=ADVANCED_FACE('',(#636),#8611,.F.);
#8932=ADVANCED_FACE('',(#637),#8612,.T.);
#8933=ADVANCED_FACE('',(#638),#8613,.T.);
#8934=ADVANCED_FACE('',(#639),#8614,.T.);
#8935=ADVANCED_FACE('',(#640),#8615,.T.);
#8936=ADVANCED_FACE('',(#641,#81),#277,.T.);
#8937=ADVANCED_FACE('',(#642),#8616,.F.);
#8938=ADVANCED_FACE('',(#643),#8617,.F.);
#8939=ADVANCED_FACE('',(#644),#8618,.F.);
#8940=ADVANCED_FACE('',(#645),#8619,.F.);
#8941=ADVANCED_FACE('',(#646),#8620,.F.);
#8942=ADVANCED_FACE('',(#647),#8621,.F.);
#8943=ADVANCED_FACE('',(#648),#8622,.F.);
#8944=ADVANCED_FACE('',(#649),#8623,.F.);
#8945=ADVANCED_FACE('',(#650),#8624,.T.);
#8946=ADVANCED_FACE('',(#651),#8625,.T.);
#8947=ADVANCED_FACE('',(#652),#8626,.T.);
#8948=ADVANCED_FACE('',(#653),#8627,.T.);
#8949=ADVANCED_FACE('',(#654,#82),#278,.T.);
#8950=ADVANCED_FACE('',(#655),#279,.T.);
#8951=ADVANCED_FACE('',(#656),#280,.T.);
#8952=ADVANCED_FACE('',(#657),#281,.T.);
#8953=ADVANCED_FACE('',(#658),#282,.T.);
#8954=ADVANCED_FACE('',(#659),#283,.T.);
#8955=ADVANCED_FACE('',(#660),#8628,.T.);
#8956=ADVANCED_FACE('',(#661),#284,.T.);
#8957=ADVANCED_FACE('',(#662),#285,.T.);
#8958=ADVANCED_FACE('',(#663),#286,.T.);
#8959=ADVANCED_FACE('',(#664),#287,.T.);
#8960=ADVANCED_FACE('',(#665),#288,.T.);
#8961=ADVANCED_FACE('',(#666),#289,.F.);
#8962=ADVANCED_FACE('',(#667),#8629,.T.);
#8963=ADVANCED_FACE('',(#668),#8630,.T.);
#8964=ADVANCED_FACE('',(#669),#290,.T.);
#8965=ADVANCED_FACE('',(#670),#291,.T.);
#8966=ADVANCED_FACE('',(#671),#8631,.T.);
#8967=ADVANCED_FACE('',(#672),#8632,.T.);
#8968=ADVANCED_FACE('',(#673),#8633,.T.);
#8969=ADVANCED_FACE('',(#674),#8634,.T.);
#8970=ADVANCED_FACE('',(#675),#8635,.T.);
#8971=ADVANCED_FACE('',(#676),#8636,.T.);
#8972=ADVANCED_FACE('',(#677),#8637,.T.);
#8973=ADVANCED_FACE('',(#678),#292,.T.);
#8974=ADVANCED_FACE('',(#679),#293,.T.);
#8975=ADVANCED_FACE('',(#680),#294,.T.);
#8976=ADVANCED_FACE('',(#681),#295,.T.);
#8977=ADVANCED_FACE('',(#682),#296,.T.);
#8978=ADVANCED_FACE('',(#683),#8638,.T.);
#8979=ADVANCED_FACE('',(#684),#8639,.T.);
#8980=ADVANCED_FACE('',(#685),#8640,.T.);
#8981=ADVANCED_FACE('',(#686),#8641,.T.);
#8982=ADVANCED_FACE('',(#687),#297,.T.);
#8983=ADVANCED_FACE('',(#688),#298,.F.);
#8984=ADVANCED_FACE('',(#689),#299,.F.);
#8985=ADVANCED_FACE('',(#690),#300,.F.);
#8986=ADVANCED_FACE('',(#691),#301,.T.);
#8987=ADVANCED_FACE('',(#692),#302,.T.);
#8988=ADVANCED_FACE('',(#693),#303,.T.);
#8989=ADVANCED_FACE('',(#694),#304,.T.);
#8990=ADVANCED_FACE('',(#695),#305,.T.);
#8991=ADVANCED_FACE('',(#696),#306,.T.);
#8992=ADVANCED_FACE('',(#697),#307,.T.);
#8993=ADVANCED_FACE('',(#698),#308,.T.);
#8994=ADVANCED_FACE('',(#699),#309,.T.);
#8995=ADVANCED_FACE('',(#700),#310,.T.);
#8996=ADVANCED_FACE('',(#701),#311,.T.);
#8997=ADVANCED_FACE('',(#702,#83),#312,.T.);
#8998=ADVANCED_FACE('',(#703),#313,.T.);
#8999=ADVANCED_FACE('',(#704),#314,.T.);
#9000=ADVANCED_FACE('',(#705),#315,.T.);
#9001=ADVANCED_FACE('',(#706),#316,.T.);
#9002=ADVANCED_FACE('',(#707),#317,.T.);
#9003=ADVANCED_FACE('',(#708),#8642,.F.);
#9004=ADVANCED_FACE('',(#709),#8643,.F.);
#9005=ADVANCED_FACE('',(#710),#318,.F.);
#9006=ADVANCED_FACE('',(#711),#319,.F.);
#9007=ADVANCED_FACE('',(#712),#320,.F.);
#9008=ADVANCED_FACE('',(#713),#8644,.F.);
#9009=ADVANCED_FACE('',(#714),#8645,.F.);
#9010=ADVANCED_FACE('',(#715),#8646,.T.);
#9011=ADVANCED_FACE('',(#716),#321,.T.);
#9012=ADVANCED_FACE('',(#717),#322,.T.);
#9013=ADVANCED_FACE('',(#718),#323,.T.);
#9014=ADVANCED_FACE('',(#719),#324,.T.);
#9015=ADVANCED_FACE('',(#720),#325,.T.);
#9016=ADVANCED_FACE('',(#721),#8647,.T.);
#9017=ADVANCED_FACE('',(#722),#8648,.T.);
#9018=ADVANCED_FACE('',(#723),#8649,.T.);
#9019=ADVANCED_FACE('',(#724,#84),#326,.F.);
#9020=ADVANCED_FACE('',(#725),#327,.T.);
#9021=ADVANCED_FACE('',(#726),#328,.T.);
#9022=ADVANCED_FACE('',(#727),#329,.T.);
#9023=ADVANCED_FACE('',(#728),#330,.T.);
#9024=ADVANCED_FACE('',(#729),#331,.T.);
#9025=ADVANCED_FACE('',(#730),#332,.T.);
#9026=ADVANCED_FACE('',(#731),#333,.T.);
#9027=ADVANCED_FACE('',(#732),#334,.T.);
#9028=ADVANCED_FACE('',(#733),#335,.T.);
#9029=ADVANCED_FACE('',(#734),#336,.T.);
#9030=ADVANCED_FACE('',(#735),#337,.T.);
#9031=ADVANCED_FACE('',(#736),#338,.T.);
#9032=ADVANCED_FACE('',(#737),#8650,.F.);
#9033=ADVANCED_FACE('',(#738),#8651,.F.);
#9034=ADVANCED_FACE('',(#739),#8652,.F.);
#9035=ADVANCED_FACE('',(#740),#8653,.F.);
#9036=ADVANCED_FACE('',(#741),#8654,.F.);
#9037=ADVANCED_FACE('',(#742),#8655,.F.);
#9038=ADVANCED_FACE('',(#743),#8656,.F.);
#9039=ADVANCED_FACE('',(#744),#8657,.T.);
#9040=ADVANCED_FACE('',(#745),#8658,.T.);
#9041=ADVANCED_FACE('',(#746),#8659,.T.);
#9042=ADVANCED_FACE('',(#747),#8660,.T.);
#9043=ADVANCED_FACE('',(#748),#8661,.T.);
#9044=ADVANCED_FACE('',(#749),#8662,.T.);
#9045=ADVANCED_FACE('',(#750),#339,.T.);
#9046=ADVANCED_FACE('',(#751),#340,.T.);
#9047=ADVANCED_FACE('',(#752),#8663,.T.);
#9048=ADVANCED_FACE('',(#753),#8664,.T.);
#9049=ADVANCED_FACE('',(#754),#8665,.T.);
#9050=ADVANCED_FACE('',(#755),#8666,.T.);
#9051=ADVANCED_FACE('',(#756),#8667,.T.);
#9052=ADVANCED_FACE('',(#757),#8668,.T.);
#9053=ADVANCED_FACE('',(#758,#85),#341,.F.);
#9054=ADVANCED_FACE('',(#759),#8669,.F.);
#9055=ADVANCED_FACE('',(#760),#8670,.F.);
#9056=ADVANCED_FACE('',(#761),#8671,.F.);
#9057=ADVANCED_FACE('',(#762),#8672,.F.);
#9058=ADVANCED_FACE('',(#763),#8673,.F.);
#9059=ADVANCED_FACE('',(#764),#8674,.F.);
#9060=ADVANCED_FACE('',(#765),#8675,.F.);
#9061=ADVANCED_FACE('',(#766),#8676,.F.);
#9062=ADVANCED_FACE('',(#767),#8677,.T.);
#9063=ADVANCED_FACE('',(#768),#8678,.T.);
#9064=ADVANCED_FACE('',(#769),#8679,.T.);
#9065=ADVANCED_FACE('',(#770),#8680,.T.);
#9066=ADVANCED_FACE('',(#771,#86),#342,.T.);
#9067=ADVANCED_FACE('',(#772),#8681,.T.);
#9068=ADVANCED_FACE('',(#773),#343,.T.);
#9069=ADVANCED_FACE('',(#774),#344,.T.);
#9070=ADVANCED_FACE('',(#775),#8682,.T.);
#9071=ADVANCED_FACE('',(#776),#8683,.T.);
#9072=ADVANCED_FACE('',(#777),#8684,.T.);
#9073=ADVANCED_FACE('',(#778),#8685,.T.);
#9074=ADVANCED_FACE('',(#779),#345,.T.);
#9075=ADVANCED_FACE('',(#780),#8686,.T.);
#9076=ADVANCED_FACE('',(#781),#8687,.T.);
#9077=ADVANCED_FACE('',(#782),#8688,.T.);
#9078=ADVANCED_FACE('',(#783),#8689,.T.);
#9079=ADVANCED_FACE('',(#784),#8690,.T.);
#9080=ADVANCED_FACE('',(#785),#346,.T.);
#9081=ADVANCED_FACE('',(#786),#347,.T.);
#9082=ADVANCED_FACE('',(#787),#8691,.T.);
#9083=ADVANCED_FACE('',(#788),#8692,.T.);
#9084=ADVANCED_FACE('',(#789),#8693,.T.);
#9085=ADVANCED_FACE('',(#790),#8694,.T.);
#9086=ADVANCED_FACE('',(#791),#8695,.T.);
#9087=ADVANCED_FACE('',(#792),#348,.T.);
#9088=ADVANCED_FACE('',(#793),#349,.T.);
#9089=ADVANCED_FACE('',(#794),#350,.T.);
#9090=ADVANCED_FACE('',(#795),#8696,.T.);
#9091=ADVANCED_FACE('',(#796),#8697,.T.);
#9092=ADVANCED_FACE('',(#797),#8698,.T.);
#9093=ADVANCED_FACE('',(#798),#8699,.T.);
#9094=ADVANCED_FACE('',(#799),#351,.T.);
#9095=ADVANCED_FACE('',(#800),#8700,.F.);
#9096=ADVANCED_FACE('',(#801),#8701,.F.);
#9097=ADVANCED_FACE('',(#802),#8702,.F.);
#9098=ADVANCED_FACE('',(#803),#8703,.F.);
#9099=ADVANCED_FACE('',(#804),#8704,.F.);
#9100=ADVANCED_FACE('',(#805),#8705,.F.);
#9101=ADVANCED_FACE('',(#806),#8706,.F.);
#9102=ADVANCED_FACE('',(#807),#8707,.F.);
#9103=ADVANCED_FACE('',(#808),#8708,.T.);
#9104=ADVANCED_FACE('',(#809),#8709,.T.);
#9105=ADVANCED_FACE('',(#810),#8710,.T.);
#9106=ADVANCED_FACE('',(#811),#8711,.T.);
#9107=ADVANCED_FACE('',(#812,#87),#352,.T.);
#9108=ADVANCED_FACE('',(#813),#353,.T.);
#9109=ADVANCED_FACE('',(#814),#354,.T.);
#9110=ADVANCED_FACE('',(#815),#355,.T.);
#9111=ADVANCED_FACE('',(#816),#356,.T.);
#9112=ADVANCED_FACE('',(#817),#357,.T.);
#9113=ADVANCED_FACE('',(#818),#358,.T.);
#9114=ADVANCED_FACE('',(#819),#359,.T.);
#9115=ADVANCED_FACE('',(#820),#360,.T.);
#9116=ADVANCED_FACE('',(#821),#361,.T.);
#9117=ADVANCED_FACE('',(#822),#362,.T.);
#9118=ADVANCED_FACE('',(#823),#363,.T.);
#9119=ADVANCED_FACE('',(#824),#364,.T.);
#9120=ADVANCED_FACE('',(#825),#365,.T.);
#9121=ADVANCED_FACE('',(#826),#366,.T.);
#9122=ADVANCED_FACE('',(#827),#8712,.T.);
#9123=ADVANCED_FACE('',(#828),#8713,.T.);
#9124=ADVANCED_FACE('',(#829),#8714,.T.);
#9125=ADVANCED_FACE('',(#830),#8715,.T.);
#9126=ADVANCED_FACE('',(#831),#8716,.T.);
#9127=ADVANCED_FACE('',(#832),#8717,.T.);
#9128=ADVANCED_FACE('',(#833),#367,.T.);
#9129=ADVANCED_FACE('',(#834),#368,.T.);
#9130=ADVANCED_FACE('',(#835),#8718,.T.);
#9131=ADVANCED_FACE('',(#836),#8719,.T.);
#9132=ADVANCED_FACE('',(#837),#8720,.T.);
#9133=ADVANCED_FACE('',(#838),#8721,.T.);
#9134=ADVANCED_FACE('',(#839),#8722,.T.);
#9135=ADVANCED_FACE('',(#840),#369,.T.);
#9136=ADVANCED_FACE('',(#841),#370,.T.);
#9137=ADVANCED_FACE('',(#842),#371,.T.);
#9138=ADVANCED_FACE('',(#843),#372,.F.);
#9139=ADVANCED_FACE('',(#844),#373,.F.);
#9140=ADVANCED_FACE('',(#845),#374,.F.);
#9141=ADVANCED_FACE('',(#846),#375,.F.);
#9142=ADVANCED_FACE('',(#847),#376,.T.);
#9143=ADVANCED_FACE('',(#848),#377,.T.);
#9144=ADVANCED_FACE('',(#849),#378,.T.);
#9145=ADVANCED_FACE('',(#850),#379,.T.);
#9146=ADVANCED_FACE('',(#851),#380,.T.);
#9147=ADVANCED_FACE('',(#852),#381,.T.);
#9148=ADVANCED_FACE('',(#853),#382,.T.);
#9149=ADVANCED_FACE('',(#854),#383,.T.);
#9150=ADVANCED_FACE('',(#855,#88),#384,.T.);
#9151=ADVANCED_FACE('',(#856),#385,.T.);
#9152=ADVANCED_FACE('',(#857),#386,.T.);
#9153=ADVANCED_FACE('',(#858),#387,.T.);
#9154=ADVANCED_FACE('',(#859),#388,.T.);
#9155=ADVANCED_FACE('',(#860),#389,.T.);
#9156=ADVANCED_FACE('',(#861),#390,.T.);
#9157=ADVANCED_FACE('',(#862),#391,.T.);
#9158=ADVANCED_FACE('',(#863),#392,.T.);
#9159=ADVANCED_FACE('',(#864),#393,.T.);
#9160=ADVANCED_FACE('',(#865),#394,.T.);
#9161=ADVANCED_FACE('',(#866),#395,.T.);
#9162=ADVANCED_FACE('',(#867),#396,.T.);
#9163=ADVANCED_FACE('',(#868),#397,.T.);
#9164=ADVANCED_FACE('',(#869),#398,.T.);
#9165=ADVANCED_FACE('',(#870),#399,.T.);
#9166=ADVANCED_FACE('',(#871),#400,.T.);
#9167=ADVANCED_FACE('',(#872),#401,.T.);
#9168=ADVANCED_FACE('',(#873),#402,.T.);
#9169=ADVANCED_FACE('',(#874),#403,.T.);
#9170=ADVANCED_FACE('',(#875),#404,.T.);
#9171=ADVANCED_FACE('',(#876),#405,.T.);
#9172=ADVANCED_FACE('',(#877),#406,.T.);
#9173=ADVANCED_FACE('',(#878),#407,.T.);
#9174=ADVANCED_FACE('',(#879),#408,.T.);
#9175=ADVANCED_FACE('',(#880),#409,.T.);
#9176=ADVANCED_FACE('',(#881),#410,.T.);
#9177=ADVANCED_FACE('',(#882,#89,#90,#91,#92,#93,#94,#95,#96,#97,#98,#99,
#100,#101,#102,#103,#104,#105,#106,#107,#108,#109,#110),#411,.F.);
#9178=ADVANCED_FACE('',(#883),#412,.F.);
#9179=ADVANCED_FACE('',(#884),#413,.F.);
#9180=ADVANCED_FACE('',(#885),#414,.F.);
#9181=ADVANCED_FACE('',(#886),#415,.F.);
#9182=ADVANCED_FACE('',(#887),#416,.F.);
#9183=ADVANCED_FACE('',(#888),#417,.F.);
#9184=ADVANCED_FACE('',(#889),#418,.F.);
#9185=ADVANCED_FACE('',(#890),#26,.F.);
#9186=ADVANCED_FACE('',(#891),#24,.F.);
#9187=ADVANCED_FACE('',(#892),#27,.F.);
#9188=ADVANCED_FACE('',(#893),#25,.F.);
#9189=ADVANCED_FACE('',(#894),#22,.T.);
#9190=ADVANCED_FACE('',(#895),#419,.F.);
#9191=ADVANCED_FACE('',(#896,#111),#420,.T.);
#9192=ADVANCED_FACE('',(#897),#421,.F.);
#9193=ADVANCED_FACE('',(#898),#422,.F.);
#9194=ADVANCED_FACE('',(#899),#23,.T.);
#9195=ADVANCED_FACE('',(#900),#14,.T.);
#9196=ADVANCED_FACE('',(#901),#15,.T.);
#9197=ADVANCED_FACE('',(#902),#28,.T.);
#9198=ADVANCED_FACE('',(#903),#16,.T.);
#9199=ADVANCED_FACE('',(#904),#29,.T.);
#9200=ADVANCED_FACE('',(#905),#17,.T.);
#9201=ADVANCED_FACE('',(#906),#18,.T.);
#9202=ADVANCED_FACE('',(#907),#30,.T.);
#9203=ADVANCED_FACE('',(#908),#19,.T.);
#9204=ADVANCED_FACE('',(#909),#31,.T.);
#9205=ADVANCED_FACE('',(#910),#20,.T.);
#9206=ADVANCED_FACE('',(#911),#32,.T.);
#9207=ADVANCED_FACE('',(#912),#33,.T.);
#9208=ADVANCED_FACE('',(#913),#21,.T.);
#9209=ADVANCED_FACE('',(#914),#34,.T.);
#9210=ADVANCED_FACE('',(#915),#35,.T.);
#9211=ADVANCED_FACE('',(#916),#36,.T.);
#9212=ADVANCED_FACE('',(#917),#37,.T.);
#9213=ADVANCED_FACE('',(#918),#38,.T.);
#9214=ADVANCED_FACE('',(#919),#39,.T.);
#9215=ADVANCED_FACE('',(#920),#423,.T.);
#9216=ADVANCED_FACE('',(#921),#424,.F.);
#9217=ADVANCED_FACE('',(#922),#425,.T.);
#9218=ADVANCED_FACE('',(#923),#426,.T.);
#9219=ADVANCED_FACE('',(#924),#427,.T.);
#9220=CLOSED_SHELL('',(#8723,#8724,#8725,#8726,#8727,#8728,#8729,#8730,
#8731,#8732,#8733,#8734,#8735,#8736,#8737,#8738,#8739,#8740,#8741,#8742,
#8743,#8744,#8745,#8746,#8747,#8748,#8749,#8750,#8751,#8752,#8753,#8754,
#8755,#8756,#8757,#8758,#8759,#8760,#8761,#8762,#8763,#8764,#8765,#8766,
#8767,#8768,#8769,#8770,#8771,#8772,#8773,#8774,#8775,#8776,#8777,#8778,
#8779,#8780,#8781,#8782,#8783,#8784,#8785,#8786,#8787,#8788,#8789,#8790,
#8791,#8792,#8793,#8794,#8795,#8796,#8797,#8798,#8799,#8800,#8801,#8802,
#8803,#8804,#8805,#8806,#8807,#8808,#8809,#8810,#8811,#8812,#8813,#8814,
#8815,#8816,#8817,#8818,#8819,#8820,#8821,#8822,#8823,#8824,#8825,#8826,
#8827,#8828,#8829,#8830,#8831,#8832,#8833,#8834,#8835,#8836,#8837,#8838,
#8839,#8840,#8841,#8842,#8843,#8844,#8845,#8846,#8847,#8848,#8849,#8850,
#8851,#8852,#8853,#8854,#8855,#8856,#8857,#8858,#8859,#8860,#8861,#8862,
#8863,#8864,#8865,#8866,#8867,#8868,#8869,#8870,#8871,#8872,#8873,#8874,
#8875,#8876,#8877,#8878,#8879,#8880,#8881,#8882,#8883,#8884,#8885,#8886,
#8887,#8888,#8889,#8890,#8891,#8892,#8893,#8894,#8895,#8896,#8897,#8898,
#8899,#8900,#8901,#8902,#8903,#8904,#8905,#8906,#8907,#8908,#8909,#8910,
#8911,#8912,#8913,#8914,#8915,#8916,#8917,#8918,#8919,#8920,#8921,#8922,
#8923,#8924,#8925,#8926,#8927,#8928,#8929,#8930,#8931,#8932,#8933,#8934,
#8935,#8936,#8937,#8938,#8939,#8940,#8941,#8942,#8943,#8944,#8945,#8946,
#8947,#8948,#8949,#8950,#8951,#8952,#8953,#8954,#8955,#8956,#8957,#8958,
#8959,#8960,#8961,#8962,#8963,#8964,#8965,#8966,#8967,#8968,#8969,#8970,
#8971,#8972,#8973,#8974,#8975,#8976,#8977,#8978,#8979,#8980,#8981,#8982,
#8983,#8984,#8985,#8986,#8987,#8988,#8989,#8990,#8991,#8992,#8993,#8994,
#8995,#8996,#8997,#8998,#8999,#9000,#9001,#9002,#9003,#9004,#9005,#9006,
#9007,#9008,#9009,#9010,#9011,#9012,#9013,#9014,#9015,#9016,#9017,#9018,
#9019,#9020,#9021,#9022,#9023,#9024,#9025,#9026,#9027,#9028,#9029,#9030,
#9031,#9032,#9033,#9034,#9035,#9036,#9037,#9038,#9039,#9040,#9041,#9042,
#9043,#9044,#9045,#9046,#9047,#9048,#9049,#9050,#9051,#9052,#9053,#9054,
#9055,#9056,#9057,#9058,#9059,#9060,#9061,#9062,#9063,#9064,#9065,#9066,
#9067,#9068,#9069,#9070,#9071,#9072,#9073,#9074,#9075,#9076,#9077,#9078,
#9079,#9080,#9081,#9082,#9083,#9084,#9085,#9086,#9087,#9088,#9089,#9090,
#9091,#9092,#9093,#9094,#9095,#9096,#9097,#9098,#9099,#9100,#9101,#9102,
#9103,#9104,#9105,#9106,#9107,#9108,#9109,#9110,#9111,#9112,#9113,#9114,
#9115,#9116,#9117,#9118,#9119,#9120,#9121,#9122,#9123,#9124,#9125,#9126,
#9127,#9128,#9129,#9130,#9131,#9132,#9133,#9134,#9135,#9136,#9137,#9138,
#9139,#9140,#9141,#9142,#9143,#9144,#9145,#9146,#9147,#9148,#9149,#9150,
#9151,#9152,#9153,#9154,#9155,#9156,#9157,#9158,#9159,#9160,#9161,#9162,
#9163,#9164,#9165,#9166,#9167,#9168,#9169,#9170,#9171,#9172,#9173,#9174,
#9175,#9176,#9177,#9178,#9179,#9180,#9181,#9182,#9183,#9184,#9185,#9186,
#9187,#9188,#9189,#9190,#9191,#9192,#9193,#9194,#9195,#9196,#9197,#9198,
#9199,#9200,#9201,#9202,#9203,#9204,#9205,#9206,#9207,#9208,#9209,#9210,
#9211,#9212,#9213,#9214,#9215,#9216,#9217,#9218,#9219));
#9221=DERIVED_UNIT_ELEMENT(#9224,1.);
#9222=DERIVED_UNIT_ELEMENT(#16611,-3.);
#9223=DIMENSIONAL_EXPONENTS(0.,1.,0.,0.,0.,0.,0.);
#9224=(
CONVERSION_BASED_UNIT('gram',#9226)
MASS_UNIT()
NAMED_UNIT(#9223)
);
#9225=(
MASS_UNIT()
NAMED_UNIT(*)
SI_UNIT(.KILO.,.GRAM.)
);
#9226=MASS_MEASURE_WITH_UNIT(MASS_MEASURE(0.001),#9225);
#9227=DERIVED_UNIT((#9221,#9222));
#9228=MEASURE_REPRESENTATION_ITEM('density measure',
POSITIVE_RATIO_MEASURE(1.),#9227);
#9229=PROPERTY_DEFINITION_REPRESENTATION(#9234,#9231);
#9230=PROPERTY_DEFINITION_REPRESENTATION(#9235,#9232);
#9231=REPRESENTATION('material name',(#9233),#16608);
#9232=REPRESENTATION('density',(#9228),#16608);
#9233=DESCRIPTIVE_REPRESENTATION_ITEM('Generic','Generic');
#9234=PROPERTY_DEFINITION('material property','material name',#16618);
#9235=PROPERTY_DEFINITION('material property','density of part',#16618);
#9236=DATE_TIME_ROLE('creation_date');
#9237=APPLIED_DATE_AND_TIME_ASSIGNMENT(#9238,#9236,(#16618));
#9238=DATE_AND_TIME(#9239,#9240);
#9239=CALENDAR_DATE(2020,8,12);
#9240=LOCAL_TIME(0,0,0.,#9241);
#9241=COORDINATED_UNIVERSAL_TIME_OFFSET(0,0,.BEHIND.);
#9242=AXIS2_PLACEMENT_3D('',#11073,#9560,#9561);
#9243=AXIS2_PLACEMENT_3D('',#11153,#9567,#9568);
#9244=AXIS2_PLACEMENT_3D('',#11156,#9571,#9572);
#9245=AXIS2_PLACEMENT_3D('',#11298,#9584,#9585);
#9246=AXIS2_PLACEMENT_3D('',#11304,#9589,#9590);
#9247=AXIS2_PLACEMENT_3D('',#11310,#9594,#9595);
#9248=AXIS2_PLACEMENT_3D('',#11316,#9599,#9600);
#9249=AXIS2_PLACEMENT_3D('',#11319,#9603,#9604);
#9250=AXIS2_PLACEMENT_3D('',#11320,#9605,#9606);
#9251=AXIS2_PLACEMENT_3D('',#11443,#9617,#9618);
#9252=AXIS2_PLACEMENT_3D('',#11449,#9622,#9623);
#9253=AXIS2_PLACEMENT_3D('',#11550,#9632,#9633);
#9254=AXIS2_PLACEMENT_3D('',#11556,#9637,#9638);
#9255=AXIS2_PLACEMENT_3D('',#11562,#9642,#9643);
#9256=AXIS2_PLACEMENT_3D('',#11565,#9646,#9647);
#9257=AXIS2_PLACEMENT_3D('',#11566,#9648,#9649);
#9258=AXIS2_PLACEMENT_3D('',#11575,#9654,#9655);
#9259=AXIS2_PLACEMENT_3D('',#11581,#9659,#9660);
#9260=AXIS2_PLACEMENT_3D('',#11587,#9664,#9665);
#9261=AXIS2_PLACEMENT_3D('',#11593,#9669,#9670);
#9262=AXIS2_PLACEMENT_3D('',#11599,#9674,#9675);
#9263=AXIS2_PLACEMENT_3D('',#11605,#9679,#9680);
#9264=AXIS2_PLACEMENT_3D('',#11611,#9684,#9685);
#9265=AXIS2_PLACEMENT_3D('',#11617,#9689,#9690);
#9266=AXIS2_PLACEMENT_3D('',#11623,#9694,#9695);
#9267=AXIS2_PLACEMENT_3D('',#11629,#9699,#9700);
#9268=AXIS2_PLACEMENT_3D('',#11692,#9707,#9708);
#9269=AXIS2_PLACEMENT_3D('',#11698,#9712,#9713);
#9270=AXIS2_PLACEMENT_3D('',#11739,#9718,#9719);
#9271=AXIS2_PLACEMENT_3D('',#11819,#9725,#9726);
#9272=AXIS2_PLACEMENT_3D('',#11920,#9735,#9736);
#9273=AXIS2_PLACEMENT_3D('',#11983,#9743,#9744);
#9274=AXIS2_PLACEMENT_3D('',#11989,#9748,#9749);
#9275=AXIS2_PLACEMENT_3D('',#12052,#9756,#9757);
#9276=AXIS2_PLACEMENT_3D('',#12058,#9761,#9762);
#9277=AXIS2_PLACEMENT_3D('',#12064,#9766,#9767);
#9278=AXIS2_PLACEMENT_3D('',#12086,#9771,#9772);
#9279=AXIS2_PLACEMENT_3D('',#12087,#9773,#9774);
#9280=AXIS2_PLACEMENT_3D('',#12096,#9779,#9780);
#9281=AXIS2_PLACEMENT_3D('',#12273,#9793,#9794);
#9282=AXIS2_PLACEMENT_3D('',#12279,#9798,#9799);
#9283=AXIS2_PLACEMENT_3D('',#12434,#9810,#9811);
#9284=AXIS2_PLACEMENT_3D('',#12435,#9812,#9813);
#9285=AXIS2_PLACEMENT_3D('',#12444,#9818,#9819);
#9286=AXIS2_PLACEMENT_3D('',#12450,#9823,#9824);
#9287=AXIS2_PLACEMENT_3D('',#12456,#9828,#9829);
#9288=AXIS2_PLACEMENT_3D('',#12462,#9833,#9834);
#9289=AXIS2_PLACEMENT_3D('',#12468,#9838,#9839);
#9290=AXIS2_PLACEMENT_3D('',#12474,#9843,#9844);
#9291=AXIS2_PLACEMENT_3D('',#12480,#9848,#9849);
#9292=AXIS2_PLACEMENT_3D('',#12483,#9852,#9853);
#9293=AXIS2_PLACEMENT_3D('',#12484,#9854,#9855);
#9294=AXIS2_PLACEMENT_3D('',#12493,#9860,#9861);
#9295=AXIS2_PLACEMENT_3D('',#12499,#9865,#9866);
#9296=AXIS2_PLACEMENT_3D('',#12502,#9869,#9870);
#9297=AXIS2_PLACEMENT_3D('',#12511,#9875,#9876);
#9298=AXIS2_PLACEMENT_3D('',#12517,#9880,#9881);
#9299=AXIS2_PLACEMENT_3D('',#12523,#9885,#9886);
#9300=AXIS2_PLACEMENT_3D('',#12529,#9890,#9891);
#9301=AXIS2_PLACEMENT_3D('',#12535,#9895,#9896);
#9302=AXIS2_PLACEMENT_3D('',#12541,#9900,#9901);
#9303=AXIS2_PLACEMENT_3D('',#12547,#9905,#9906);
#9304=AXIS2_PLACEMENT_3D('',#12553,#9910,#9911);
#9305=AXIS2_PLACEMENT_3D('',#12559,#9915,#9916);
#9306=AXIS2_PLACEMENT_3D('',#12565,#9920,#9921);
#9307=AXIS2_PLACEMENT_3D('',#12568,#9924,#9925);
#9308=AXIS2_PLACEMENT_3D('',#12569,#9926,#9927);
#9309=AXIS2_PLACEMENT_3D('',#12578,#9932,#9933);
#9310=AXIS2_PLACEMENT_3D('',#12584,#9937,#9938);
#9311=AXIS2_PLACEMENT_3D('',#12590,#9942,#9943);
#9312=AXIS2_PLACEMENT_3D('',#12596,#9947,#9948);
#9313=AXIS2_PLACEMENT_3D('',#12602,#9952,#9953);
#9314=AXIS2_PLACEMENT_3D('',#12608,#9957,#9958);
#9315=AXIS2_PLACEMENT_3D('',#12614,#9962,#9963);
#9316=AXIS2_PLACEMENT_3D('',#12620,#9967,#9968);
#9317=AXIS2_PLACEMENT_3D('',#12626,#9972,#9973);
#9318=AXIS2_PLACEMENT_3D('',#12632,#9977,#9978);
#9319=AXIS2_PLACEMENT_3D('',#12638,#9982,#9983);
#9320=AXIS2_PLACEMENT_3D('',#12641,#9986,#9987);
#9321=AXIS2_PLACEMENT_3D('',#12642,#9988,#9989);
#9322=AXIS2_PLACEMENT_3D('',#12647,#9991,#9992);
#9323=AXIS2_PLACEMENT_3D('',#12650,#9994,#9995);
#9324=AXIS2_PLACEMENT_3D('',#12651,#9996,#9997);
#9325=AXIS2_PLACEMENT_3D('',#12652,#9998,#9999);
#9326=AXIS2_PLACEMENT_3D('',#12653,#10000,#10001);
#9327=AXIS2_PLACEMENT_3D('',#12662,#10006,#10007);
#9328=AXIS2_PLACEMENT_3D('',#12668,#10011,#10012);
#9329=AXIS2_PLACEMENT_3D('',#12674,#10016,#10017);
#9330=AXIS2_PLACEMENT_3D('',#12680,#10021,#10022);
#9331=AXIS2_PLACEMENT_3D('',#12686,#10026,#10027);
#9332=AXIS2_PLACEMENT_3D('',#12692,#10031,#10032);
#9333=AXIS2_PLACEMENT_3D('',#12695,#10035,#10036);
#9334=AXIS2_PLACEMENT_3D('',#12718,#10039,#10040);
#9335=AXIS2_PLACEMENT_3D('',#12724,#10044,#10045);
#9336=AXIS2_PLACEMENT_3D('',#12806,#10053,#10054);
#9337=AXIS2_PLACEMENT_3D('',#12907,#10063,#10064);
#9338=AXIS2_PLACEMENT_3D('',#12913,#10068,#10069);
#9339=AXIS2_PLACEMENT_3D('',#13014,#10078,#10079);
#9340=AXIS2_PLACEMENT_3D('',#13020,#10083,#10084);
#9341=AXIS2_PLACEMENT_3D('',#13026,#10088,#10089);
#9342=AXIS2_PLACEMENT_3D('',#13105,#10096,#10097);
#9343=AXIS2_PLACEMENT_3D('',#13185,#10103,#10104);
#9344=AXIS2_PLACEMENT_3D('',#13191,#10108,#10109);
#9345=AXIS2_PLACEMENT_3D('',#13197,#10113,#10114);
#9346=AXIS2_PLACEMENT_3D('',#13260,#10121,#10122);
#9347=AXIS2_PLACEMENT_3D('',#13266,#10126,#10127);
#9348=AXIS2_PLACEMENT_3D('',#13272,#10131,#10132);
#9349=AXIS2_PLACEMENT_3D('',#13278,#10136,#10137);
#9350=AXIS2_PLACEMENT_3D('',#13284,#10141,#10142);
#9351=AXIS2_PLACEMENT_3D('',#13385,#10151,#10152);
#9352=AXIS2_PLACEMENT_3D('',#13391,#10156,#10157);
#9353=AXIS2_PLACEMENT_3D('',#13397,#10161,#10162);
#9354=AXIS2_PLACEMENT_3D('',#13400,#10165,#10166);
#9355=AXIS2_PLACEMENT_3D('',#13629,#10179,#10180);
#9356=AXIS2_PLACEMENT_3D('',#13858,#10193,#10194);
#9357=AXIS2_PLACEMENT_3D('',#13859,#10195,#10196);
#9358=AXIS2_PLACEMENT_3D('',#13868,#10201,#10202);
#9359=AXIS2_PLACEMENT_3D('',#13874,#10206,#10207);
#9360=AXIS2_PLACEMENT_3D('',#13880,#10211,#10212);
#9361=AXIS2_PLACEMENT_3D('',#13886,#10216,#10217);
#9362=AXIS2_PLACEMENT_3D('',#13911,#10222,#10223);
#9363=AXIS2_PLACEMENT_3D('',#13917,#10227,#10228);
#9364=AXIS2_PLACEMENT_3D('',#13923,#10232,#10233);
#9365=AXIS2_PLACEMENT_3D('',#13929,#10237,#10238);
#9366=AXIS2_PLACEMENT_3D('',#13935,#10242,#10243);
#9367=AXIS2_PLACEMENT_3D('',#13938,#10246,#10247);
#9368=AXIS2_PLACEMENT_3D('',#13980,#10251,#10252);
#9369=AXIS2_PLACEMENT_3D('',#13986,#10256,#10257);
#9370=AXIS2_PLACEMENT_3D('',#14125,#10268,#10269);
#9371=AXIS2_PLACEMENT_3D('',#14131,#10273,#10274);
#9372=AXIS2_PLACEMENT_3D('',#14137,#10278,#10279);
#9373=AXIS2_PLACEMENT_3D('',#14143,#10283,#10284);
#9374=AXIS2_PLACEMENT_3D('',#14149,#10288,#10289);
#9375=AXIS2_PLACEMENT_3D('',#14228,#10296,#10297);
#9376=AXIS2_PLACEMENT_3D('',#14229,#10298,#10299);
#9377=AXIS2_PLACEMENT_3D('',#14238,#10304,#10305);
#9378=AXIS2_PLACEMENT_3D('',#14244,#10309,#10310);
#9379=AXIS2_PLACEMENT_3D('',#14247,#10313,#10314);
#9380=AXIS2_PLACEMENT_3D('',#14256,#10319,#10320);
#9381=AXIS2_PLACEMENT_3D('',#14262,#10324,#10325);
#9382=AXIS2_PLACEMENT_3D('',#14268,#10329,#10330);
#9383=AXIS2_PLACEMENT_3D('',#14274,#10334,#10335);
#9384=AXIS2_PLACEMENT_3D('',#14280,#10339,#10340);
#9385=AXIS2_PLACEMENT_3D('',#14286,#10344,#10345);
#9386=AXIS2_PLACEMENT_3D('',#14292,#10349,#10350);
#9387=AXIS2_PLACEMENT_3D('',#14298,#10354,#10355);
#9388=AXIS2_PLACEMENT_3D('',#14304,#10359,#10360);
#9389=AXIS2_PLACEMENT_3D('',#14310,#10364,#10365);
#9390=AXIS2_PLACEMENT_3D('',#14313,#10368,#10369);
#9391=AXIS2_PLACEMENT_3D('',#14314,#10370,#10371);
#9392=AXIS2_PLACEMENT_3D('',#14323,#10376,#10377);
#9393=AXIS2_PLACEMENT_3D('',#14329,#10381,#10382);
#9394=AXIS2_PLACEMENT_3D('',#14335,#10386,#10387);
#9395=AXIS2_PLACEMENT_3D('',#14338,#10390,#10391);
#9396=AXIS2_PLACEMENT_3D('',#14380,#10395,#10396);
#9397=AXIS2_PLACEMENT_3D('',#14386,#10400,#10401);
#9398=AXIS2_PLACEMENT_3D('',#14392,#10405,#10406);
#9399=AXIS2_PLACEMENT_3D('',#14455,#10413,#10414);
#9400=AXIS2_PLACEMENT_3D('',#14461,#10418,#10419);
#9401=AXIS2_PLACEMENT_3D('',#14467,#10423,#10424);
#9402=AXIS2_PLACEMENT_3D('',#14473,#10428,#10429);
#9403=AXIS2_PLACEMENT_3D('',#14479,#10433,#10434);
#9404=AXIS2_PLACEMENT_3D('',#14539,#10440,#10441);
#9405=AXIS2_PLACEMENT_3D('',#14540,#10442,#10443);
#9406=AXIS2_PLACEMENT_3D('',#14549,#10448,#10449);
#9407=AXIS2_PLACEMENT_3D('',#14555,#10453,#10454);
#9408=AXIS2_PLACEMENT_3D('',#14561,#10458,#10459);
#9409=AXIS2_PLACEMENT_3D('',#14564,#10462,#10463);
#9410=AXIS2_PLACEMENT_3D('',#14565,#10464,#10465);
#9411=AXIS2_PLACEMENT_3D('',#14574,#10470,#10471);
#9412=AXIS2_PLACEMENT_3D('',#14580,#10475,#10476);
#9413=AXIS2_PLACEMENT_3D('',#14586,#10480,#10481);
#9414=AXIS2_PLACEMENT_3D('',#14592,#10485,#10486);
#9415=AXIS2_PLACEMENT_3D('',#14598,#10490,#10491);
#9416=AXIS2_PLACEMENT_3D('',#14601,#10494,#10495);
#9417=AXIS2_PLACEMENT_3D('',#14852,#10510,#10511);
#9418=AXIS2_PLACEMENT_3D('',#14858,#10515,#10516);
#9419=AXIS2_PLACEMENT_3D('',#14975,#10525,#10526);
#9420=AXIS2_PLACEMENT_3D('',#15204,#10539,#10540);
#9421=AXIS2_PLACEMENT_3D('',#15227,#10543,#10544);
#9422=AXIS2_PLACEMENT_3D('',#15233,#10548,#10549);
#9423=AXIS2_PLACEMENT_3D('',#15315,#10557,#10558);
#9424=AXIS2_PLACEMENT_3D('',#15416,#10567,#10568);
#9425=AXIS2_PLACEMENT_3D('',#15422,#10572,#10573);
#9426=AXIS2_PLACEMENT_3D('',#15523,#10582,#10583);
#9427=AXIS2_PLACEMENT_3D('',#15529,#10587,#10588);
#9428=AXIS2_PLACEMENT_3D('',#15535,#10592,#10593);
#9429=AXIS2_PLACEMENT_3D('',#15614,#10600,#10601);
#9430=AXIS2_PLACEMENT_3D('',#15843,#10614,#10615);
#9431=AXIS2_PLACEMENT_3D('',#15844,#10616,#10617);
#9432=AXIS2_PLACEMENT_3D('',#15853,#10622,#10623);
#9433=AXIS2_PLACEMENT_3D('',#15859,#10627,#10628);
#9434=AXIS2_PLACEMENT_3D('',#15865,#10632,#10633);
#9435=AXIS2_PLACEMENT_3D('',#15871,#10637,#10638);
#9436=AXIS2_PLACEMENT_3D('',#15877,#10642,#10643);
#9437=AXIS2_PLACEMENT_3D('',#15883,#10647,#10648);
#9438=AXIS2_PLACEMENT_3D('',#15889,#10652,#10653);
#9439=AXIS2_PLACEMENT_3D('',#15895,#10657,#10658);
#9440=AXIS2_PLACEMENT_3D('',#15901,#10662,#10663);
#9441=AXIS2_PLACEMENT_3D('',#15907,#10667,#10668);
#9442=AXIS2_PLACEMENT_3D('',#15913,#10672,#10673);
#9443=AXIS2_PLACEMENT_3D('',#15916,#10676,#10677);
#9444=AXIS2_PLACEMENT_3D('',#15917,#10678,#10679);
#9445=AXIS2_PLACEMENT_3D('',#16040,#10690,#10691);
#9446=AXIS2_PLACEMENT_3D('',#16046,#10695,#10696);
#9447=AXIS2_PLACEMENT_3D('',#16147,#10705,#10706);
#9448=AXIS2_PLACEMENT_3D('',#16153,#10710,#10711);
#9449=AXIS2_PLACEMENT_3D('',#16159,#10715,#10716);
#9450=AXIS2_PLACEMENT_3D('',#16162,#10719,#10720);
#9451=AXIS2_PLACEMENT_3D('',#16163,#10721,#10722);
#9452=AXIS2_PLACEMENT_3D('',#16172,#10727,#10728);
#9453=AXIS2_PLACEMENT_3D('',#16178,#10732,#10733);
#9454=AXIS2_PLACEMENT_3D('',#16181,#10736,#10737);
#9455=AXIS2_PLACEMENT_3D('',#16190,#10742,#10743);
#9456=AXIS2_PLACEMENT_3D('',#16196,#10747,#10748);
#9457=AXIS2_PLACEMENT_3D('',#16202,#10752,#10753);
#9458=AXIS2_PLACEMENT_3D('',#16208,#10757,#10758);
#9459=AXIS2_PLACEMENT_3D('',#16214,#10762,#10763);
#9460=AXIS2_PLACEMENT_3D('',#16220,#10767,#10768);
#9461=AXIS2_PLACEMENT_3D('',#16226,#10772,#10773);
#9462=AXIS2_PLACEMENT_3D('',#16229,#10776,#10777);
#9463=AXIS2_PLACEMENT_3D('',#16230,#10778,#10779);
#9464=AXIS2_PLACEMENT_3D('',#16239,#10784,#10785);
#9465=AXIS2_PLACEMENT_3D('',#16245,#10789,#10790);
#9466=AXIS2_PLACEMENT_3D('',#16251,#10794,#10795);
#9467=AXIS2_PLACEMENT_3D('',#16257,#10799,#10800);
#9468=AXIS2_PLACEMENT_3D('',#16263,#10804,#10805);
#9469=AXIS2_PLACEMENT_3D('',#16269,#10809,#10810);
#9470=AXIS2_PLACEMENT_3D('',#16275,#10814,#10815);
#9471=AXIS2_PLACEMENT_3D('',#16281,#10819,#10820);
#9472=AXIS2_PLACEMENT_3D('',#16287,#10824,#10825);
#9473=AXIS2_PLACEMENT_3D('',#16293,#10829,#10830);
#9474=AXIS2_PLACEMENT_3D('',#16299,#10834,#10835);
#9475=AXIS2_PLACEMENT_3D('',#16302,#10838,#10839);
#9476=AXIS2_PLACEMENT_3D('',#16303,#10840,#10841);
#9477=AXIS2_PLACEMENT_3D('',#16312,#10846,#10847);
#9478=AXIS2_PLACEMENT_3D('',#16318,#10851,#10852);
#9479=AXIS2_PLACEMENT_3D('',#16324,#10856,#10857);
#9480=AXIS2_PLACEMENT_3D('',#16327,#10860,#10861);
#9481=AXIS2_PLACEMENT_3D('',#16328,#10862,#10863);
#9482=AXIS2_PLACEMENT_3D('',#16337,#10868,#10869);
#9483=AXIS2_PLACEMENT_3D('',#16343,#10873,#10874);
#9484=AXIS2_PLACEMENT_3D('',#16349,#10878,#10879);
#9485=AXIS2_PLACEMENT_3D('',#16355,#10883,#10884);
#9486=AXIS2_PLACEMENT_3D('',#16361,#10888,#10889);
#9487=AXIS2_PLACEMENT_3D('',#16367,#10893,#10894);
#9488=AXIS2_PLACEMENT_3D('',#16370,#10897,#10898);
#9489=AXIS2_PLACEMENT_3D('',#16371,#10899,#10900);
#9490=AXIS2_PLACEMENT_3D('',#16380,#10905,#10906);
#9491=AXIS2_PLACEMENT_3D('',#16381,#10907,#10908);
#9492=AXIS2_PLACEMENT_3D('',#16382,#10909,#10910);
#9493=AXIS2_PLACEMENT_3D('',#16383,#10911,#10912);
#9494=AXIS2_PLACEMENT_3D('',#16384,#10913,#10914);
#9495=AXIS2_PLACEMENT_3D('',#16385,#10915,#10916);
#9496=AXIS2_PLACEMENT_3D('',#16386,#10917,#10918);
#9497=AXIS2_PLACEMENT_3D('',#16387,#10919,#10920);
#9498=AXIS2_PLACEMENT_3D('',#16444,#10923,#10924);
#9499=AXIS2_PLACEMENT_3D('',#16472,#10925,#10926);
#9500=AXIS2_PLACEMENT_3D('',#16473,#10927,#10928);
#9501=AXIS2_PLACEMENT_3D('',#16474,#10929,#10930);
#9502=AXIS2_PLACEMENT_3D('',#16504,#10933,#10934);
#9503=AXIS2_PLACEMENT_3D('',#16505,#10935,#10936);
#9504=AXIS2_PLACEMENT_3D('',#16506,#10937,#10938);
#9505=AXIS2_PLACEMENT_3D('',#16507,#10939,#10940);
#9506=AXIS2_PLACEMENT_3D('',#16510,#10943,#10944);
#9507=AXIS2_PLACEMENT_3D('',#16512,#10946,#10947);
#9508=AXIS2_PLACEMENT_3D('',#16521,#10952,#10953);
#9509=AXIS2_PLACEMENT_3D('',#16522,#10954,#10955);
#9510=AXIS2_PLACEMENT_3D('',#16524,#10957,#10958);
#9511=AXIS2_PLACEMENT_3D('',#16525,#10959,#10960);
#9512=AXIS2_PLACEMENT_3D('',#16528,#10961,#10962);
#9513=AXIS2_PLACEMENT_3D('',#16529,#10963,#10964);
#9514=AXIS2_PLACEMENT_3D('',#16530,#10965,#10966);
#9515=AXIS2_PLACEMENT_3D('',#16531,#10967,#10968);
#9516=AXIS2_PLACEMENT_3D('',#16534,#10969,#10970);
#9517=AXIS2_PLACEMENT_3D('',#16535,#10971,#10972);
#9518=AXIS2_PLACEMENT_3D('',#16536,#10973,#10974);
#9519=AXIS2_PLACEMENT_3D('',#16537,#10975,#10976);
#9520=AXIS2_PLACEMENT_3D('',#16539,#10978,#10979);
#9521=AXIS2_PLACEMENT_3D('',#16542,#10980,#10981);
#9522=AXIS2_PLACEMENT_3D('',#16544,#10982,#10983);
#9523=AXIS2_PLACEMENT_3D('',#16545,#10984,#10985);
#9524=AXIS2_PLACEMENT_3D('',#16546,#10986,#10987);
#9525=AXIS2_PLACEMENT_3D('',#16549,#10990,#10991);
#9526=AXIS2_PLACEMENT_3D('',#16551,#10992,#10993);
#9527=AXIS2_PLACEMENT_3D('',#16552,#10994,#10995);
#9528=AXIS2_PLACEMENT_3D('',#16553,#10996,#10997);
#9529=AXIS2_PLACEMENT_3D('',#16554,#10998,#10999);
#9530=AXIS2_PLACEMENT_3D('',#16557,#11000,#11001);
#9531=AXIS2_PLACEMENT_3D('',#16559,#11002,#11003);
#9532=AXIS2_PLACEMENT_3D('',#16560,#11004,#11005);
#9533=AXIS2_PLACEMENT_3D('',#16561,#11006,#11007);
#9534=AXIS2_PLACEMENT_3D('',#16564,#11010,#11011);
#9535=AXIS2_PLACEMENT_3D('',#16566,#11012,#11013);
#9536=AXIS2_PLACEMENT_3D('',#16567,#11014,#11015);
#9537=AXIS2_PLACEMENT_3D('',#16568,#11016,#11017);
#9538=AXIS2_PLACEMENT_3D('',#16569,#11018,#11019);
#9539=AXIS2_PLACEMENT_3D('',#16570,#11020,#11021);
#9540=AXIS2_PLACEMENT_3D('',#16572,#11022,#11023);
#9541=AXIS2_PLACEMENT_3D('',#16574,#11024,#11025);
#9542=AXIS2_PLACEMENT_3D('',#16575,#11026,#11027);
#9543=AXIS2_PLACEMENT_3D('',#16576,#11028,#11029);
#9544=AXIS2_PLACEMENT_3D('',#16578,#11031,#11032);
#9545=AXIS2_PLACEMENT_3D('',#16581,#11035,#11036);
#9546=AXIS2_PLACEMENT_3D('',#16584,#11037,#11038);
#9547=AXIS2_PLACEMENT_3D('',#16585,#11039,#11040);
#9548=AXIS2_PLACEMENT_3D('',#16586,#11041,#11042);
#9549=AXIS2_PLACEMENT_3D('',#16587,#11043,#11044);
#9550=AXIS2_PLACEMENT_3D('',#16589,#11046,#11047);
#9551=AXIS2_PLACEMENT_3D('',#16591,#11049,#11050);
#9552=AXIS2_PLACEMENT_3D('',#16594,#11053,#11054);
#9553=AXIS2_PLACEMENT_3D('',#16596,#11056,#11057);
#9554=AXIS2_PLACEMENT_3D('',#16599,#11060,#11061);
#9555=AXIS2_PLACEMENT_3D('',#16601,#11063,#11064);
#9556=AXIS2_PLACEMENT_3D('',#16602,#11065,#11066);
#9557=AXIS2_PLACEMENT_3D('',#16603,#11067,#11068);
#9558=AXIS2_PLACEMENT_3D('',#16604,#11069,#11070);
#9559=AXIS2_PLACEMENT_3D('',#16605,#11071,#11072);
#9560=DIRECTION('axis',(0.,0.,1.));
#9561=DIRECTION('refdir',(1.,0.,0.));
#9562=DIRECTION('',(0.,0.,-1.));
#9563=DIRECTION('',(0.,0.,-1.));
#9564=DIRECTION('',(0.,0.,-1.));
#9565=DIRECTION('',(0.,0.,-1.));
#9566=DIRECTION('',(0.,0.,-1.));
#9567=DIRECTION('center_axis',(-1.,0.,0.));
#9568=DIRECTION('ref_axis',(0.,1.,0.));
#9569=DIRECTION('',(0.,1.,-3.42387545668843E-31));
#9570=DIRECTION('',(0.,-1.,0.));
#9571=DIRECTION('center_axis',(1.,0.,0.));
#9572=DIRECTION('ref_axis',(0.,-1.,0.));
#9573=DIRECTION('',(0.,1.,-3.42387545668843E-31));
#9574=DIRECTION('',(0.,0.,-1.));
#9575=DIRECTION('',(0.,-1.,0.));
#9576=DIRECTION('',(0.,0.,-1.));
#9577=DIRECTION('',(0.,0.,-1.));
#9578=DIRECTION('',(0.,0.,-1.));
#9579=DIRECTION('',(0.,0.,-1.));
#9580=DIRECTION('',(0.,0.,-1.));
#9581=DIRECTION('',(0.,0.,-1.));
#9582=DIRECTION('',(0.,0.,-1.));
#9583=DIRECTION('',(0.,0.,-1.));
#9584=DIRECTION('center_axis',(1.,0.,0.));
#9585=DIRECTION('ref_axis',(0.,-1.,0.));
#9586=DIRECTION('',(0.,1.,-3.42387545668843E-31));
#9587=DIRECTION('',(0.,-1.,0.));
#9588=DIRECTION('',(0.,0.,-1.));
#9589=DIRECTION('center_axis',(0.,1.,0.));
#9590=DIRECTION('ref_axis',(1.,0.,0.));
#9591=DIRECTION('',(-1.,0.,-9.53329026408252E-33));
#9592=DIRECTION('',(1.,0.,0.));
#9593=DIRECTION('',(0.,0.,-1.));
#9594=DIRECTION('center_axis',(-1.,0.,0.));
#9595=DIRECTION('ref_axis',(0.,1.,0.));
#9596=DIRECTION('',(0.,-1.,3.42387545668843E-31));
#9597=DIRECTION('',(0.,1.,0.));
#9598=DIRECTION('',(0.,0.,-1.));
#9599=DIRECTION('center_axis',(0.,-1.,0.));
#9600=DIRECTION('ref_axis',(-1.,0.,0.));
#9601=DIRECTION('',(1.,0.,9.53329026408252E-33));
#9602=DIRECTION('',(-1.,0.,0.));
#9603=DIRECTION('center_axis',(0.,0.,1.));
#9604=DIRECTION('ref_axis',(1.,0.,0.));
#9605=DIRECTION('center_axis',(1.,0.,0.));
#9606=DIRECTION('ref_axis',(0.,-1.,0.));
#9607=DIRECTION('',(0.,1.,-3.42387545668843E-31));
#9608=DIRECTION('',(0.,0.,-1.));
#9609=DIRECTION('',(0.,-1.,0.));
#9610=DIRECTION('',(0.,0.,-1.));
#9611=DIRECTION('',(0.,0.,-1.));
#9612=DIRECTION('',(0.,0.,-1.));
#9613=DIRECTION('',(0.,0.,-1.));
#9614=DIRECTION('',(0.,0.,-1.));
#9615=DIRECTION('',(0.,0.,-1.));
#9616=DIRECTION('',(0.,0.,-1.));
#9617=DIRECTION('center_axis',(0.,-1.,0.));
#9618=DIRECTION('ref_axis',(-1.,0.,0.));
#9619=DIRECTION('',(1.,0.,9.53329026408252E-33));
#9620=DIRECTION('',(-1.,0.,0.));
#9621=DIRECTION('',(0.,0.,-1.));
#9622=DIRECTION('center_axis',(1.,0.,0.));
#9623=DIRECTION('ref_axis',(0.,-1.,0.));
#9624=DIRECTION('',(0.,1.,-3.42387545668843E-31));
#9625=DIRECTION('',(0.,-1.,0.));
#9626=DIRECTION('',(0.,0.,-1.));
#9627=DIRECTION('',(0.,0.,-1.));
#9628=DIRECTION('',(0.,0.,-1.));
#9629=DIRECTION('',(0.,0.,-1.));
#9630=DIRECTION('',(0.,0.,-1.));
#9631=DIRECTION('',(0.,0.,-1.));
#9632=DIRECTION('center_axis',(0.,1.,0.));
#9633=DIRECTION('ref_axis',(1.,0.,0.));
#9634=DIRECTION('',(-1.,0.,-9.53329026408252E-33));
#9635=DIRECTION('',(1.,0.,0.));
#9636=DIRECTION('',(0.,0.,-1.));
#9637=DIRECTION('center_axis',(-1.,0.,0.));
#9638=DIRECTION('ref_axis',(0.,1.,0.));
#9639=DIRECTION('',(0.,-1.,3.42387545668843E-31));
#9640=DIRECTION('',(0.,1.,0.));
#9641=DIRECTION('',(0.,0.,-1.));
#9642=DIRECTION('center_axis',(0.,-1.,0.));
#9643=DIRECTION('ref_axis',(-1.,0.,0.));
#9644=DIRECTION('',(1.,0.,9.53329026408252E-33));
#9645=DIRECTION('',(-1.,0.,0.));
#9646=DIRECTION('center_axis',(0.,0.,1.));
#9647=DIRECTION('ref_axis',(1.,0.,0.));
#9648=DIRECTION('center_axis',(1.,0.,0.));
#9649=DIRECTION('ref_axis',(0.,-1.,0.));
#9650=DIRECTION('',(0.,1.,-3.42387545668843E-31));
#9651=DIRECTION('',(0.,0.,-1.));
#9652=DIRECTION('',(0.,-1.,0.));
#9653=DIRECTION('',(0.,0.,-1.));
#9654=DIRECTION('center_axis',(0.,-1.,0.));
#9655=DIRECTION('ref_axis',(-1.,0.,0.));
#9656=DIRECTION('',(1.,0.,9.53329026408252E-33));
#9657=DIRECTION('',(-1.,0.,0.));
#9658=DIRECTION('',(0.,0.,-1.));
#9659=DIRECTION('center_axis',(1.,0.,0.));
#9660=DIRECTION('ref_axis',(0.,-1.,0.));
#9661=DIRECTION('',(0.,1.,-3.42387545668843E-31));
#9662=DIRECTION('',(0.,-1.,0.));
#9663=DIRECTION('',(0.,0.,-1.));
#9664=DIRECTION('center_axis',(0.,1.,0.));
#9665=DIRECTION('ref_axis',(1.,0.,0.));
#9666=DIRECTION('',(-1.,0.,-9.53329026408252E-33));
#9667=DIRECTION('',(1.,0.,0.));
#9668=DIRECTION('',(0.,0.,-1.));
#9669=DIRECTION('center_axis',(1.,0.,0.));
#9670=DIRECTION('ref_axis',(0.,-1.,0.));
#9671=DIRECTION('',(0.,1.,-3.42387545668843E-31));
#9672=DIRECTION('',(0.,-1.,0.));
#9673=DIRECTION('',(0.,0.,-1.));
#9674=DIRECTION('center_axis',(0.,1.,0.));
#9675=DIRECTION('ref_axis',(1.,0.,0.));
#9676=DIRECTION('',(-1.,0.,-9.53329026408252E-33));
#9677=DIRECTION('',(1.,0.,0.));
#9678=DIRECTION('',(0.,0.,-1.));
#9679=DIRECTION('center_axis',(-1.,0.,0.));
#9680=DIRECTION('ref_axis',(0.,1.,0.));
#9681=DIRECTION('',(0.,-1.,3.42387545668843E-31));
#9682=DIRECTION('',(0.,1.,0.));
#9683=DIRECTION('',(0.,0.,-1.));
#9684=DIRECTION('center_axis',(0.,1.,0.));
#9685=DIRECTION('ref_axis',(1.,0.,0.));
#9686=DIRECTION('',(-1.,0.,-9.53329026408252E-33));
#9687=DIRECTION('',(1.,0.,0.));
#9688=DIRECTION('',(0.,0.,-1.));
#9689=DIRECTION('center_axis',(-1.,0.,0.));
#9690=DIRECTION('ref_axis',(0.,1.,0.));
#9691=DIRECTION('',(0.,-1.,3.42387545668843E-31));
#9692=DIRECTION('',(0.,1.,0.));
#9693=DIRECTION('',(0.,0.,-1.));
#9694=DIRECTION('center_axis',(0.,-1.,0.));
#9695=DIRECTION('ref_axis',(-1.,0.,0.));
#9696=DIRECTION('',(1.,0.,9.53329026408252E-33));
#9697=DIRECTION('',(-1.,0.,0.));
#9698=DIRECTION('',(0.,0.,-1.));
#9699=DIRECTION('center_axis',(-1.,0.,0.));
#9700=DIRECTION('ref_axis',(0.,1.,0.));
#9701=DIRECTION('',(0.,-1.,3.42387545668843E-31));
#9702=DIRECTION('',(0.,1.,0.));
#9703=DIRECTION('',(0.,0.,-1.));
#9704=DIRECTION('',(0.,0.,-1.));
#9705=DIRECTION('',(0.,0.,-1.));
#9706=DIRECTION('',(0.,0.,-1.));
#9707=DIRECTION('center_axis',(0.,1.,0.));
#9708=DIRECTION('ref_axis',(1.,0.,0.));
#9709=DIRECTION('',(-1.,0.,-9.53329026408252E-33));
#9710=DIRECTION('',(1.,0.,0.));
#9711=DIRECTION('',(0.,0.,-1.));
#9712=DIRECTION('center_axis',(-1.,0.,0.));
#9713=DIRECTION('ref_axis',(0.,1.,0.));
#9714=DIRECTION('',(0.,-1.,3.42387545668843E-31));
#9715=DIRECTION('',(0.,1.,0.));
#9716=DIRECTION('',(0.,0.,-1.));
#9717=DIRECTION('',(0.,0.,-1.));
#9718=DIRECTION('center_axis',(0.,0.,1.));
#9719=DIRECTION('ref_axis',(1.,0.,0.));
#9720=DIRECTION('',(0.,0.,-1.));
#9721=DIRECTION('',(0.,0.,-1.));
#9722=DIRECTION('',(0.,0.,-1.));
#9723=DIRECTION('',(0.,0.,-1.));
#9724=DIRECTION('',(0.,0.,-1.));
#9725=DIRECTION('center_axis',(-1.,0.,0.));
#9726=DIRECTION('ref_axis',(0.,1.,0.));
#9727=DIRECTION('',(0.,1.,-3.42387545668843E-31));
#9728=DIRECTION('',(0.,-1.,0.));
#9729=DIRECTION('',(0.,0.,-1.));
#9730=DIRECTION('',(0.,0.,-1.));
#9731=DIRECTION('',(0.,0.,-1.));
#9732=DIRECTION('',(0.,0.,-1.));
#9733=DIRECTION('',(0.,0.,-1.));
#9734=DIRECTION('',(0.,0.,-1.));
#9735=DIRECTION('center_axis',(1.,0.,0.));
#9736=DIRECTION('ref_axis',(0.,-1.,0.));
#9737=DIRECTION('',(0.,1.,-3.42387545668843E-31));
#9738=DIRECTION('',(0.,-1.,0.));
#9739=DIRECTION('',(0.,0.,-1.));
#9740=DIRECTION('',(0.,0.,-1.));
#9741=DIRECTION('',(0.,0.,-1.));
#9742=DIRECTION('',(0.,0.,-1.));
#9743=DIRECTION('center_axis',(0.,-1.,0.));
#9744=DIRECTION('ref_axis',(-1.,0.,0.));
#9745=DIRECTION('',(1.,0.,9.53329026408252E-33));
#9746=DIRECTION('',(-1.,0.,0.));
#9747=DIRECTION('',(0.,0.,-1.));
#9748=DIRECTION('center_axis',(1.,0.,0.));
#9749=DIRECTION('ref_axis',(0.,-1.,0.));
#9750=DIRECTION('',(0.,1.,-3.42387545668843E-31));
#9751=DIRECTION('',(0.,-1.,0.));
#9752=DIRECTION('',(0.,0.,-1.));
#9753=DIRECTION('',(0.,0.,-1.));
#9754=DIRECTION('',(0.,0.,-1.));
#9755=DIRECTION('',(0.,0.,-1.));
#9756=DIRECTION('center_axis',(-1.,0.,0.));
#9757=DIRECTION('ref_axis',(0.,1.,0.));
#9758=DIRECTION('',(0.,-1.,3.42387545668843E-31));
#9759=DIRECTION('',(0.,1.,0.));
#9760=DIRECTION('',(0.,0.,-1.));
#9761=DIRECTION('center_axis',(0.,-1.,0.));
#9762=DIRECTION('ref_axis',(-1.,0.,0.));
#9763=DIRECTION('',(1.,0.,9.53329026408252E-33));
#9764=DIRECTION('',(-1.,0.,0.));
#9765=DIRECTION('',(0.,0.,-1.));
#9766=DIRECTION('center_axis',(1.,0.,0.));
#9767=DIRECTION('ref_axis',(0.,-1.,0.));
#9768=DIRECTION('',(0.,1.,-3.42387545668843E-31));
#9769=DIRECTION('',(0.,-1.,0.));
#9770=DIRECTION('',(0.,0.,-1.));
#9771=DIRECTION('center_axis',(0.,0.,1.));
#9772=DIRECTION('ref_axis',(1.,0.,0.));
#9773=DIRECTION('center_axis',(1.,0.,0.));
#9774=DIRECTION('ref_axis',(0.,-1.,0.));
#9775=DIRECTION('',(0.,1.,-3.42387545668843E-31));
#9776=DIRECTION('',(0.,0.,-1.));
#9777=DIRECTION('',(0.,-1.,0.));
#9778=DIRECTION('',(0.,0.,-1.));
#9779=DIRECTION('center_axis',(0.,1.,0.));
#9780=DIRECTION('ref_axis',(1.,0.,0.));
#9781=DIRECTION('',(-1.,0.,-9.53329026408252E-33));
#9782=DIRECTION('',(1.,0.,0.));
#9783=DIRECTION('',(0.,0.,-1.));
#9784=DIRECTION('',(0.,0.,-1.));
#9785=DIRECTION('',(0.,0.,-1.));
#9786=DIRECTION('',(0.,0.,-1.));
#9787=DIRECTION('',(0.,0.,-1.));
#9788=DIRECTION('',(0.,0.,-1.));
#9789=DIRECTION('',(0.,0.,-1.));
#9790=DIRECTION('',(0.,0.,-1.));
#9791=DIRECTION('',(0.,0.,-1.));
#9792=DIRECTION('',(0.,0.,-1.));
#9793=DIRECTION('center_axis',(-1.,0.,0.));
#9794=DIRECTION('ref_axis',(0.,1.,0.));
#9795=DIRECTION('',(0.,-1.,3.42387545668843E-31));
#9796=DIRECTION('',(0.,1.,0.));
#9797=DIRECTION('',(0.,0.,-1.));
#9798=DIRECTION('center_axis',(0.,-1.,0.));
#9799=DIRECTION('ref_axis',(-1.,0.,0.));
#9800=DIRECTION('',(1.,0.,9.53329026408252E-33));
#9801=DIRECTION('',(-1.,0.,0.));
#9802=DIRECTION('',(0.,0.,-1.));
#9803=DIRECTION('',(0.,0.,-1.));
#9804=DIRECTION('',(0.,0.,-1.));
#9805=DIRECTION('',(0.,0.,-1.));
#9806=DIRECTION('',(0.,0.,-1.));
#9807=DIRECTION('',(0.,0.,-1.));
#9808=DIRECTION('',(0.,0.,-1.));
#9809=DIRECTION('',(0.,0.,-1.));
#9810=DIRECTION('center_axis',(0.,0.,1.));
#9811=DIRECTION('ref_axis',(1.,0.,0.));
#9812=DIRECTION('center_axis',(0.,-1.,0.));
#9813=DIRECTION('ref_axis',(-1.,0.,0.));
#9814=DIRECTION('',(1.,0.,9.53329026408252E-33));
#9815=DIRECTION('',(0.,0.,-1.));
#9816=DIRECTION('',(-1.,0.,0.));
#9817=DIRECTION('',(0.,0.,-1.));
#9818=DIRECTION('center_axis',(0.918651913198306,0.395067921219999,0.));
#9819=DIRECTION('ref_axis',(0.395067921219999,-0.918651913198307,0.));
#9820=DIRECTION('',(-0.395067921219999,0.918651913198307,-3.18301271050973E-31));
#9821=DIRECTION('',(0.395067921219999,-0.918651913198307,0.));
#9822=DIRECTION('',(0.,0.,-1.));
#9823=DIRECTION('center_axis',(0.934353260734933,-0.356348122141817,0.));
#9824=DIRECTION('ref_axis',(-0.356348122141817,-0.934353260734933,0.));
#9825=DIRECTION('',(0.356348122141817,0.934353260734933,-3.16513749647275E-31));
#9826=DIRECTION('',(-0.356348122141817,-0.934353260734933,0.));
#9827=DIRECTION('',(0.,0.,-1.));
#9828=DIRECTION('center_axis',(0.,1.,0.));
#9829=DIRECTION('ref_axis',(1.,0.,0.));
#9830=DIRECTION('',(-1.,0.,-9.53329026408252E-33));
#9831=DIRECTION('',(1.,0.,0.));
#9832=DIRECTION('',(0.,0.,-1.));
#9833=DIRECTION('center_axis',(-0.938226310403915,0.34602223984284,0.));
#9834=DIRECTION('ref_axis',(0.34602223984284,0.938226310403915,0.));
#9835=DIRECTION('',(-0.34602223984284,-0.938226310403915,3.17938273250881E-31));
#9836=DIRECTION('',(0.34602223984284,0.938226310403915,0.));
#9837=DIRECTION('',(0.,0.,-1.));
#9838=DIRECTION('center_axis',(0.938669759516729,0.344817462679614,0.));
#9839=DIRECTION('ref_axis',(0.344817462679614,-0.938669759516728,0.));
#9840=DIRECTION('',(-0.344817462679614,0.938669759516728,-3.24676080114345E-31));
#9841=DIRECTION('',(0.344817462679614,-0.938669759516728,0.));
#9842=DIRECTION('',(0.,0.,-1.));
#9843=DIRECTION('center_axis',(0.,1.,0.));
#9844=DIRECTION('ref_axis',(1.,0.,0.));
#9845=DIRECTION('',(-1.,0.,-9.53329026408252E-33));
#9846=DIRECTION('',(1.,0.,0.));
#9847=DIRECTION('',(0.,0.,-1.));
#9848=DIRECTION('center_axis',(-0.930688981271206,-0.365811454359162,0.));
#9849=DIRECTION('ref_axis',(-0.365811454359162,0.930688981271206,0.));
#9850=DIRECTION('',(0.365811454359162,-0.930688981271206,3.22143702854816E-31));
#9851=DIRECTION('',(-0.365811454359162,0.930688981271206,0.));
#9852=DIRECTION('center_axis',(0.,0.,-1.));
#9853=DIRECTION('ref_axis',(-1.,0.,0.));
#9854=DIRECTION('center_axis',(0.,-1.,0.));
#9855=DIRECTION('ref_axis',(-1.,0.,0.));
#9856=DIRECTION('',(-1.,0.,-9.53329026408252E-33));
#9857=DIRECTION('',(0.,0.,-1.));
#9858=DIRECTION('',(1.,0.,0.));
#9859=DIRECTION('',(0.,0.,-1.));
#9860=DIRECTION('center_axis',(0.757811989834387,0.652472978799311,0.));
#9861=DIRECTION('ref_axis',(0.652472978799311,-0.757811989834387,0.));
#9862=DIRECTION('',(0.652472978799311,-0.757811989834387,2.65685601574183E-31));
#9863=DIRECTION('',(0.,0.,-1.));
#9864=DIRECTION('',(-0.652472978799311,0.757811989834387,0.));
#9865=DIRECTION('center_axis',(-1.,0.,0.));
#9866=DIRECTION('ref_axis',(0.,1.,0.));
#9867=DIRECTION('',(0.,1.,-3.42387545668843E-31));
#9868=DIRECTION('',(0.,-1.,0.));
#9869=DIRECTION('center_axis',(-1.,0.,0.));
#9870=DIRECTION('ref_axis',(0.,1.,0.));
#9871=DIRECTION('',(0.,-1.,3.42387545668843E-31));
#9872=DIRECTION('',(0.,0.,-1.));
#9873=DIRECTION('',(0.,1.,0.));
#9874=DIRECTION('',(0.,0.,-1.));
#9875=DIRECTION('center_axis',(0.,-1.,0.));
#9876=DIRECTION('ref_axis',(-1.,0.,0.));
#9877=DIRECTION('',(1.,0.,9.53329026408252E-33));
#9878=DIRECTION('',(-1.,0.,0.));
#9879=DIRECTION('',(0.,0.,-1.));
#9880=DIRECTION('center_axis',(1.,0.,0.));
#9881=DIRECTION('ref_axis',(0.,-1.,0.));
#9882=DIRECTION('',(0.,1.,-3.42387545668843E-31));
#9883=DIRECTION('',(0.,-1.,0.));
#9884=DIRECTION('',(0.,0.,-1.));
#9885=DIRECTION('center_axis',(0.,-1.,0.));
#9886=DIRECTION('ref_axis',(-1.,0.,0.));
#9887=DIRECTION('',(1.,0.,9.53329026408252E-33));
#9888=DIRECTION('',(-1.,0.,0.));
#9889=DIRECTION('',(0.,0.,-1.));
#9890=DIRECTION('center_axis',(1.,0.,0.));
#9891=DIRECTION('ref_axis',(0.,-1.,0.));
#9892=DIRECTION('',(0.,1.,-3.42387545668843E-31));
#9893=DIRECTION('',(0.,-1.,0.));
#9894=DIRECTION('',(0.,0.,-1.));
#9895=DIRECTION('center_axis',(0.755218729871842,0.655472859888769,0.));
#9896=DIRECTION('ref_axis',(0.655472859888769,-0.755218729871842,0.));
#9897=DIRECTION('',(-0.655472859888769,0.755218729871842,-2.64826300397509E-31));
#9898=DIRECTION('',(0.655472859888769,-0.755218729871842,0.));
#9899=DIRECTION('',(0.,0.,-1.));
#9900=DIRECTION('center_axis',(0.,1.,0.));
#9901=DIRECTION('ref_axis',(1.,0.,0.));
#9902=DIRECTION('',(-1.,0.,-9.53329026408252E-33));
#9903=DIRECTION('',(1.,0.,0.));
#9904=DIRECTION('',(0.,0.,-1.));
#9905=DIRECTION('center_axis',(-1.,0.,0.));
#9906=DIRECTION('ref_axis',(0.,1.,0.));
#9907=DIRECTION('',(0.,-1.,3.42387545668843E-31));
#9908=DIRECTION('',(0.,1.,0.));
#9909=DIRECTION('',(0.,0.,-1.));
#9910=DIRECTION('center_axis',(0.,1.,0.));
#9911=DIRECTION('ref_axis',(1.,0.,0.));
#9912=DIRECTION('',(-1.,0.,-9.53329026408252E-33));
#9913=DIRECTION('',(1.,0.,0.));
#9914=DIRECTION('',(0.,0.,-1.));
#9915=DIRECTION('center_axis',(-1.,0.,0.));
#9916=DIRECTION('ref_axis',(0.,1.,0.));
#9917=DIRECTION('',(0.,-1.,3.42387545668843E-31));
#9918=DIRECTION('',(0.,1.,0.));
#9919=DIRECTION('',(0.,0.,-1.));
#9920=DIRECTION('center_axis',(0.,-1.,0.));
#9921=DIRECTION('ref_axis',(-1.,0.,0.));
#9922=DIRECTION('',(1.,0.,9.53329026408252E-33));
#9923=DIRECTION('',(-1.,0.,0.));
#9924=DIRECTION('center_axis',(0.,0.,-1.));
#9925=DIRECTION('ref_axis',(-1.,0.,0.));
#9926=DIRECTION('center_axis',(0.839764329894164,-0.542951075362601,0.));
#9927=DIRECTION('ref_axis',(-0.542951075362601,-0.839764329894164,0.));
#9928=DIRECTION('',(0.542951075362601,0.839764329894164,-2.82348737652076E-31));
#9929=DIRECTION('',(0.,0.,-1.));
#9930=DIRECTION('',(-0.542951075362601,-0.839764329894164,0.));
#9931=DIRECTION('',(0.,0.,-1.));
#9932=DIRECTION('center_axis',(-0.833153621753708,-0.553041628233065,0.));
#9933=DIRECTION('ref_axis',(-0.553041628233065,0.833153621753708,0.));
#9934=DIRECTION('',(0.553041628233065,-0.833153621753708,2.90533730087426E-31));
#9935=DIRECTION('',(-0.553041628233065,0.833153621753708,0.));
#9936=DIRECTION('',(0.,0.,-1.));
#9937=DIRECTION('center_axis',(0.,-1.,0.));
#9938=DIRECTION('ref_axis',(-1.,0.,0.));
#9939=DIRECTION('',(1.,0.,9.53329026408252E-33));
#9940=DIRECTION('',(-1.,0.,0.));
#9941=DIRECTION('',(0.,0.,-1.));
#9942=DIRECTION('center_axis',(0.819483470564775,0.573102819283863,0.));
#9943=DIRECTION('ref_axis',(0.573102819283863,-0.819483470564775,0.));
#9944=DIRECTION('',(-0.573102819283863,0.819483470564775,-2.86044489730256E-31));
#9945=DIRECTION('',(0.573102819283863,-0.819483470564775,0.));
#9946=DIRECTION('',(0.,0.,-1.));
#9947=DIRECTION('center_axis',(0.82656420841682,-0.562842437423011,0.));
#9948=DIRECTION('ref_axis',(-0.562842437423011,-0.82656420841682,0.));
#9949=DIRECTION('',(0.562842437423011,0.82656420841682,-2.77639550328648E-31));
#9950=DIRECTION('',(-0.562842437423011,-0.82656420841682,0.));
#9951=DIRECTION('',(0.,0.,-1.));
#9952=DIRECTION('center_axis',(0.,1.,0.));
#9953=DIRECTION('ref_axis',(1.,0.,0.));
#9954=DIRECTION('',(-1.,0.,-9.53329026408252E-33));
#9955=DIRECTION('',(1.,0.,0.));
#9956=DIRECTION('',(0.,0.,-1.));
#9957=DIRECTION('center_axis',(-0.838721222625945,0.544561025704962,0.));
#9958=DIRECTION('ref_axis',(0.544561025704962,0.838721222625945,0.));
#9959=DIRECTION('',(-0.544561025704962,-0.838721222625945,2.81976242590717E-31));
#9960=DIRECTION('',(0.544561025704962,0.838721222625945,0.));
#9961=DIRECTION('',(0.,0.,-1.));
#9962=DIRECTION('center_axis',(0.833163214219019,0.553027176974363,0.));
#9963=DIRECTION('ref_axis',(0.553027176974363,-0.833163214219019,0.));
#9964=DIRECTION('',(-0.553027176974363,0.833163214219019,-2.90536876660037E-31));
#9965=DIRECTION('',(0.553027176974363,-0.833163214219019,0.));
#9966=DIRECTION('',(0.,0.,-1.));
#9967=DIRECTION('center_axis',(0.,1.,0.));
#9968=DIRECTION('ref_axis',(1.,0.,0.));
#9969=DIRECTION('',(-1.,0.,-9.53329026408252E-33));
#9970=DIRECTION('',(1.,0.,0.));
#9971=DIRECTION('',(0.,0.,-1.));
#9972=DIRECTION('center_axis',(-0.819989862528728,-0.572378044084604,0.));
#9973=DIRECTION('ref_axis',(-0.572378044084604,0.819989862528728,0.));
#9974=DIRECTION('',(0.572378044084604,-0.819989862528728,2.8621096253959E-31));
#9975=DIRECTION('',(-0.572378044084604,0.819989862528728,0.));
#9976=DIRECTION('',(0.,0.,-1.));
#9977=DIRECTION('center_axis',(-0.826860913284773,0.562406463406913,0.));
#9978=DIRECTION('ref_axis',(0.562406463406913,0.826860913284773,0.));
#9979=DIRECTION('',(-0.562406463406913,-0.826860913284773,2.77745294647017E-31));
#9980=DIRECTION('',(0.562406463406913,0.826860913284773,0.));
#9981=DIRECTION('',(0.,0.,-1.));
#9982=DIRECTION('center_axis',(-1.79321360205839E-15,-1.,0.));
#9983=DIRECTION('ref_axis',(-1.,1.79321360205839E-15,0.));
#9984=DIRECTION('',(1.,-1.79321360205839E-15,9.53329026408314E-33));
#9985=DIRECTION('',(-1.,1.79321360205839E-15,0.));
#9986=DIRECTION('center_axis',(0.,0.,-1.));
#9987=DIRECTION('ref_axis',(-1.,0.,0.));
#9988=DIRECTION('center_axis',(-9.53329026408252E-33,3.42387545668843E-31,
1.));
#9989=DIRECTION('ref_axis',(1.,0.,9.53329026408252E-33));
#9990=DIRECTION('',(1.,6.53072367426563E-17,0.));
#9991=DIRECTION('center_axis',(0.,0.,1.));
#9992=DIRECTION('ref_axis',(0.,-1.,0.));
#9993=DIRECTION('',(-1.,-1.95921710227969E-16,0.));
#9994=DIRECTION('center_axis',(0.,0.,1.));
#9995=DIRECTION('ref_axis',(0.,1.,0.));
#9996=DIRECTION('center_axis',(-9.53329026408252E-33,3.42387545668843E-31,
1.));
#9997=DIRECTION('ref_axis',(1.,0.,9.53329026408252E-33));
#9998=DIRECTION('center_axis',(-9.53329026408252E-33,3.42387545668843E-31,
1.));
#9999=DIRECTION('ref_axis',(1.,0.,9.53329026408252E-33));
#10000=DIRECTION('center_axis',(1.,0.,0.));
#10001=DIRECTION('ref_axis',(0.,0.,1.));
#10002=DIRECTION('',(0.,0.,-1.));
#10003=DIRECTION('',(0.,-1.,0.));
#10004=DIRECTION('',(0.,0.,1.));
#10005=DIRECTION('',(0.,-1.,0.));
#10006=DIRECTION('center_axis',(-0.459888692405045,0.,-0.887976570973569));
#10007=DIRECTION('ref_axis',(0.887976570973569,0.,-0.459888692405045));
#10008=DIRECTION('',(-0.887976570973569,0.,0.459888692405045));
#10009=DIRECTION('',(0.887976570973569,0.,-0.459888692405045));
#10010=DIRECTION('',(0.,-1.,0.));
#10011=DIRECTION('center_axis',(1.,0.,-1.43382015483823E-15));
#10012=DIRECTION('ref_axis',(1.43382015483823E-15,0.,1.));
#10013=DIRECTION('',(-1.43382015483823E-15,0.,-1.));
#10014=DIRECTION('',(1.43382015483823E-15,0.,1.));
#10015=DIRECTION('',(0.,-1.,0.));
#10016=DIRECTION('center_axis',(-1.25978405328546E-14,0.,-1.));
#10017=DIRECTION('ref_axis',(1.,0.,-1.25978405328546E-14));
#10018=DIRECTION('',(-1.,0.,1.25978405328546E-14));
#10019=DIRECTION('',(1.,0.,-1.25978405328546E-14));
#10020=DIRECTION('',(0.,-1.,0.));
#10021=DIRECTION('center_axis',(-1.,0.,0.));
#10022=DIRECTION('ref_axis',(0.,0.,-1.));
#10023=DIRECTION('',(0.,0.,1.));
#10024=DIRECTION('',(0.,0.,-1.));
#10025=DIRECTION('',(0.,-1.,0.));
#10026=DIRECTION('center_axis',(9.87398312034543E-15,0.,1.));
#10027=DIRECTION('ref_axis',(-1.,0.,9.87398312034543E-15));
#10028=DIRECTION('',(1.,0.,-9.87398312034543E-15));
#10029=DIRECTION('',(-1.,0.,9.87398312034543E-15));
#10030=DIRECTION('',(0.,-1.,0.));
#10031=DIRECTION('center_axis',(0.453658506432779,0.,0.891175605333304));
#10032=DIRECTION('ref_axis',(-0.891175605333304,0.,0.453658506432779));
#10033=DIRECTION('',(0.891175605333304,0.,-0.453658506432779));
#10034=DIRECTION('',(-0.891175605333304,0.,0.453658506432779));
#10035=DIRECTION('center_axis',(0.,-1.,0.));
#10036=DIRECTION('ref_axis',(0.,0.,-1.));
#10037=DIRECTION('',(0.,-1.,0.));
#10038=DIRECTION('',(0.,-1.,0.));
#10039=DIRECTION('center_axis',(1.,0.,0.));
#10040=DIRECTION('ref_axis',(0.,0.,1.));
#10041=DIRECTION('',(0.,0.,-1.));
#10042=DIRECTION('',(0.,0.,1.));
#10043=DIRECTION('',(0.,-1.,0.));
#10044=DIRECTION('center_axis',(-1.04382107272223E-14,0.,-1.));
#10045=DIRECTION('ref_axis',(1.,0.,-1.04382107272223E-14));
#10046=DIRECTION('',(-1.,0.,1.04382107272223E-14));
#10047=DIRECTION('',(1.,0.,-1.04382107272223E-14));
#10048=DIRECTION('',(0.,-1.,0.));
#10049=DIRECTION('',(0.,-1.,0.));
#10050=DIRECTION('',(0.,-1.,0.));
#10051=DIRECTION('',(0.,-1.,0.));
#10052=DIRECTION('',(0.,-1.,0.));
#10053=DIRECTION('center_axis',(0.,0.,1.));
#10054=DIRECTION('ref_axis',(-1.,0.,0.));
#10055=DIRECTION('',(1.,0.,0.));
#10056=DIRECTION('',(-1.,0.,0.));
#10057=DIRECTION('',(0.,-1.,0.));
#10058=DIRECTION('',(0.,-1.,0.));
#10059=DIRECTION('',(0.,-1.,0.));
#10060=DIRECTION('',(0.,-1.,0.));
#10061=DIRECTION('',(0.,-1.,0.));
#10062=DIRECTION('',(0.,-1.,0.));
#10063=DIRECTION('center_axis',(0.,0.,-1.));
#10064=DIRECTION('ref_axis',(1.,0.,0.));
#10065=DIRECTION('',(-1.,0.,0.));
#10066=DIRECTION('',(1.,0.,0.));
#10067=DIRECTION('',(0.,-1.,0.));
#10068=DIRECTION('center_axis',(-1.,0.,0.));
#10069=DIRECTION('ref_axis',(0.,0.,-1.));
#10070=DIRECTION('',(0.,0.,1.));
#10071=DIRECTION('',(0.,0.,-1.));
#10072=DIRECTION('',(0.,-1.,0.));
#10073=DIRECTION('',(0.,-1.,0.));
#10074=DIRECTION('',(0.,-1.,0.));
#10075=DIRECTION('',(0.,-1.,0.));
#10076=DIRECTION('',(0.,-1.,0.));
#10077=DIRECTION('',(0.,-1.,0.));
#10078=DIRECTION('center_axis',(1.,0.,0.));
#10079=DIRECTION('ref_axis',(0.,0.,1.));
#10080=DIRECTION('',(0.,0.,-1.));
#10081=DIRECTION('',(0.,0.,1.));
#10082=DIRECTION('',(0.,-1.,0.));
#10083=DIRECTION('center_axis',(0.,0.,-1.));
#10084=DIRECTION('ref_axis',(1.,0.,0.));
#10085=DIRECTION('',(-1.,0.,0.));
#10086=DIRECTION('',(1.,0.,0.));
#10087=DIRECTION('',(0.,-1.,0.));
#10088=DIRECTION('center_axis',(-1.,0.,0.));
#10089=DIRECTION('ref_axis',(0.,0.,-1.));
#10090=DIRECTION('',(0.,0.,1.));
#10091=DIRECTION('',(0.,0.,-1.));
#10092=DIRECTION('',(0.,-1.,0.));
#10093=DIRECTION('',(0.,-1.,0.));
#10094=DIRECTION('',(0.,-1.,0.));
#10095=DIRECTION('',(0.,-1.,0.));
#10096=DIRECTION('center_axis',(0.,-1.,0.));
#10097=DIRECTION('ref_axis',(0.,0.,-1.));
#10098=DIRECTION('',(0.,-1.,0.));
#10099=DIRECTION('',(0.,-1.,0.));
#10100=DIRECTION('',(0.,-1.,0.));
#10101=DIRECTION('',(0.,-1.,0.));
#10102=DIRECTION('',(0.,-1.,0.));
#10103=DIRECTION('center_axis',(0.,0.,1.));
#10104=DIRECTION('ref_axis',(-1.,0.,0.));
#10105=DIRECTION('',(1.,0.,0.));
#10106=DIRECTION('',(-1.,0.,0.));
#10107=DIRECTION('',(0.,-1.,0.));
#10108=DIRECTION('center_axis',(1.,0.,0.));
#10109=DIRECTION('ref_axis',(0.,0.,1.));
#10110=DIRECTION('',(0.,0.,-1.));
#10111=DIRECTION('',(0.,0.,1.));
#10112=DIRECTION('',(0.,-1.,0.));
#10113=DIRECTION('center_axis',(0.,0.,-1.));
#10114=DIRECTION('ref_axis',(1.,0.,0.));
#10115=DIRECTION('',(-1.,0.,0.));
#10116=DIRECTION('',(1.,0.,0.));
#10117=DIRECTION('',(0.,-1.,0.));
#10118=DIRECTION('',(0.,-1.,0.));
#10119=DIRECTION('',(0.,-1.,0.));
#10120=DIRECTION('',(0.,-1.,0.));
#10121=DIRECTION('center_axis',(0.,0.,1.));
#10122=DIRECTION('ref_axis',(-1.,0.,0.));
#10123=DIRECTION('',(1.,0.,0.));
#10124=DIRECTION('',(-1.,0.,0.));
#10125=DIRECTION('',(0.,-1.,0.));
#10126=DIRECTION('center_axis',(1.,0.,0.));
#10127=DIRECTION('ref_axis',(0.,0.,1.));
#10128=DIRECTION('',(0.,0.,-1.));
#10129=DIRECTION('',(0.,0.,1.));
#10130=DIRECTION('',(0.,-1.,0.));
#10131=DIRECTION('center_axis',(0.,0.,-1.));
#10132=DIRECTION('ref_axis',(1.,0.,0.));
#10133=DIRECTION('',(-1.,0.,0.));
#10134=DIRECTION('',(1.,0.,0.));
#10135=DIRECTION('',(0.,-1.,0.));
#10136=DIRECTION('center_axis',(-1.,0.,0.));
#10137=DIRECTION('ref_axis',(0.,0.,-1.));
#10138=DIRECTION('',(0.,0.,1.));
#10139=DIRECTION('',(0.,0.,-1.));
#10140=DIRECTION('',(0.,-1.,0.));
#10141=DIRECTION('center_axis',(0.,0.,1.));
#10142=DIRECTION('ref_axis',(-1.,0.,0.));
#10143=DIRECTION('',(1.,0.,0.));
#10144=DIRECTION('',(-1.,0.,0.));
#10145=DIRECTION('',(0.,-1.,0.));
#10146=DIRECTION('',(0.,-1.,0.));
#10147=DIRECTION('',(0.,-1.,0.));
#10148=DIRECTION('',(0.,-1.,0.));
#10149=DIRECTION('',(0.,-1.,0.));
#10150=DIRECTION('',(0.,-1.,0.));
#10151=DIRECTION('center_axis',(0.,0.,1.));
#10152=DIRECTION('ref_axis',(-1.,0.,0.));
#10153=DIRECTION('',(1.,0.,0.));
#10154=DIRECTION('',(-1.,0.,0.));
#10155=DIRECTION('',(0.,-1.,0.));
#10156=DIRECTION('center_axis',(1.,0.,0.));
#10157=DIRECTION('ref_axis',(0.,0.,1.));
#10158=DIRECTION('',(0.,0.,-1.));
#10159=DIRECTION('',(0.,0.,1.));
#10160=DIRECTION('',(0.,-1.,0.));
#10161=DIRECTION('center_axis',(0.,0.,-1.));
#10162=DIRECTION('ref_axis',(1.,0.,0.));
#10163=DIRECTION('',(-1.,0.,0.));
#10164=DIRECTION('',(1.,0.,0.));
#10165=DIRECTION('center_axis',(0.,-1.,0.));
#10166=DIRECTION('ref_axis',(0.,0.,-1.));
#10167=DIRECTION('',(0.,-1.,0.));
#10168=DIRECTION('',(0.,-1.,0.));
#10169=DIRECTION('',(0.,-1.,0.));
#10170=DIRECTION('',(0.,-1.,0.));
#10171=DIRECTION('',(0.,-1.,0.));
#10172=DIRECTION('',(0.,-1.,0.));
#10173=DIRECTION('',(0.,-1.,0.));
#10174=DIRECTION('',(0.,-1.,0.));
#10175=DIRECTION('',(0.,-1.,0.));
#10176=DIRECTION('',(0.,-1.,0.));
#10177=DIRECTION('',(0.,-1.,0.));
#10178=DIRECTION('',(0.,-1.,0.));
#10179=DIRECTION('center_axis',(0.,-1.,0.));
#10180=DIRECTION('ref_axis',(0.,0.,-1.));
#10181=DIRECTION('',(0.,-1.,0.));
#10182=DIRECTION('',(0.,-1.,0.));
#10183=DIRECTION('',(0.,-1.,0.));
#10184=DIRECTION('',(0.,-1.,0.));
#10185=DIRECTION('',(0.,-1.,0.));
#10186=DIRECTION('',(0.,-1.,0.));
#10187=DIRECTION('',(0.,-1.,0.));
#10188=DIRECTION('',(0.,-1.,0.));
#10189=DIRECTION('',(0.,-1.,0.));
#10190=DIRECTION('',(0.,-1.,0.));
#10191=DIRECTION('',(0.,-1.,0.));
#10192=DIRECTION('',(0.,-1.,0.));
#10193=DIRECTION('center_axis',(0.,-1.,0.));
#10194=DIRECTION('ref_axis',(0.,0.,-1.));
#10195=DIRECTION('center_axis',(-7.24875744945998E-15,0.,-1.));
#10196=DIRECTION('ref_axis',(1.,0.,-7.24875744945998E-15));
#10197=DIRECTION('',(-1.,0.,7.24875744945998E-15));
#10198=DIRECTION('',(0.,-1.,0.));
#10199=DIRECTION('',(1.,0.,-7.24875744945998E-15));
#10200=DIRECTION('',(0.,-1.,0.));
#10201=DIRECTION('center_axis',(-1.,0.,0.));
#10202=DIRECTION('ref_axis',(0.,0.,-1.));
#10203=DIRECTION('',(0.,0.,1.));
#10204=DIRECTION('',(0.,0.,-1.));
#10205=DIRECTION('',(0.,-1.,0.));
#10206=DIRECTION('center_axis',(0.,0.,-1.));
#10207=DIRECTION('ref_axis',(1.,0.,0.));
#10208=DIRECTION('',(-1.,0.,0.));
#10209=DIRECTION('',(1.,0.,0.));
#10210=DIRECTION('',(0.,-1.,0.));
#10211=DIRECTION('center_axis',(1.,0.,0.));
#10212=DIRECTION('ref_axis',(0.,0.,1.));
#10213=DIRECTION('',(0.,0.,-1.));
#10214=DIRECTION('',(0.,0.,1.));
#10215=DIRECTION('',(0.,-1.,0.));
#10216=DIRECTION('center_axis',(0.,0.,-1.));
#10217=DIRECTION('ref_axis',(1.,0.,0.));
#10218=DIRECTION('',(-1.,0.,0.));
#10219=DIRECTION('',(1.,0.,0.));
#10220=DIRECTION('',(0.,-1.,0.));
#10221=DIRECTION('',(0.,-1.,0.));
#10222=DIRECTION('center_axis',(-1.,0.,0.));
#10223=DIRECTION('ref_axis',(0.,0.,-1.));
#10224=DIRECTION('',(0.,0.,1.));
#10225=DIRECTION('',(0.,0.,-1.));
#10226=DIRECTION('',(0.,-1.,0.));
#10227=DIRECTION('center_axis',(0.,0.,1.));
#10228=DIRECTION('ref_axis',(-1.,0.,0.));
#10229=DIRECTION('',(1.,0.,0.));
#10230=DIRECTION('',(-1.,0.,0.));
#10231=DIRECTION('',(0.,-1.,0.));
#10232=DIRECTION('center_axis',(-1.,0.,0.));
#10233=DIRECTION('ref_axis',(0.,0.,-1.));
#10234=DIRECTION('',(0.,0.,1.));
#10235=DIRECTION('',(0.,0.,-1.));
#10236=DIRECTION('',(0.,-1.,0.));
#10237=DIRECTION('center_axis',(0.,0.,1.));
#10238=DIRECTION('ref_axis',(-1.,0.,0.));
#10239=DIRECTION('',(1.,0.,0.));
#10240=DIRECTION('',(-1.,0.,0.));
#10241=DIRECTION('',(0.,-1.,0.));
#10242=DIRECTION('center_axis',(1.,0.,0.));
#10243=DIRECTION('ref_axis',(0.,0.,1.));
#10244=DIRECTION('',(0.,0.,-1.));
#10245=DIRECTION('',(0.,0.,1.));
#10246=DIRECTION('center_axis',(0.,1.,0.));
#10247=DIRECTION('ref_axis',(0.,0.,1.));
#10248=DIRECTION('',(0.,-1.,0.));
#10249=DIRECTION('',(0.,-1.,0.));
#10250=DIRECTION('',(0.,-1.,0.));
#10251=DIRECTION('center_axis',(0.,0.,-1.));
#10252=DIRECTION('ref_axis',(1.,0.,0.));
#10253=DIRECTION('',(-1.,0.,0.));
#10254=DIRECTION('',(1.,0.,0.));
#10255=DIRECTION('',(0.,-1.,0.));
#10256=DIRECTION('center_axis',(-1.,0.,0.));
#10257=DIRECTION('ref_axis',(0.,0.,-1.));
#10258=DIRECTION('',(0.,0.,1.));
#10259=DIRECTION('',(0.,0.,-1.));
#10260=DIRECTION('',(0.,-1.,0.));
#10261=DIRECTION('',(0.,-1.,0.));
#10262=DIRECTION('',(0.,-1.,0.));
#10263=DIRECTION('',(0.,-1.,0.));
#10264=DIRECTION('',(0.,-1.,0.));
#10265=DIRECTION('',(0.,-1.,0.));
#10266=DIRECTION('',(0.,-1.,0.));
#10267=DIRECTION('',(0.,-1.,0.));
#10268=DIRECTION('center_axis',(0.,0.,-1.));
#10269=DIRECTION('ref_axis',(1.,0.,0.));
#10270=DIRECTION('',(-1.,0.,0.));
#10271=DIRECTION('',(1.,0.,0.));
#10272=DIRECTION('',(0.,-1.,0.));
#10273=DIRECTION('center_axis',(-1.,0.,0.));
#10274=DIRECTION('ref_axis',(0.,0.,-1.));
#10275=DIRECTION('',(0.,0.,1.));
#10276=DIRECTION('',(0.,0.,-1.));
#10277=DIRECTION('',(0.,-1.,0.));
#10278=DIRECTION('center_axis',(0.,0.,1.));
#10279=DIRECTION('ref_axis',(-1.,0.,0.));
#10280=DIRECTION('',(1.,0.,0.));
#10281=DIRECTION('',(-1.,0.,0.));
#10282=DIRECTION('',(0.,-1.,0.));
#10283=DIRECTION('center_axis',(1.,0.,-1.76321127149026E-15));
#10284=DIRECTION('ref_axis',(1.76321127149026E-15,0.,1.));
#10285=DIRECTION('',(-1.76321127149026E-15,0.,-1.));
#10286=DIRECTION('',(1.76321127149026E-15,0.,1.));
#10287=DIRECTION('',(0.,-1.,0.));
#10288=DIRECTION('center_axis',(0.,0.,1.));
#10289=DIRECTION('ref_axis',(-1.,0.,0.));
#10290=DIRECTION('',(1.,0.,0.));
#10291=DIRECTION('',(-1.,0.,0.));
#10292=DIRECTION('',(0.,-1.,0.));
#10293=DIRECTION('',(0.,-1.,0.));
#10294=DIRECTION('',(0.,-1.,0.));
#10295=DIRECTION('',(0.,-1.,0.));
#10296=DIRECTION('center_axis',(-2.09808942631136E-16,-1.,1.79290956408093E-17));
#10297=DIRECTION('ref_axis',(0.,-1.79290956408093E-17,-1.));
#10298=DIRECTION('center_axis',(1.,0.,0.));
#10299=DIRECTION('ref_axis',(0.,0.,1.));
#10300=DIRECTION('',(0.,0.,1.));
#10301=DIRECTION('',(0.,-1.,0.));
#10302=DIRECTION('',(0.,0.,-1.));
#10303=DIRECTION('',(0.,-1.,0.));
#10304=DIRECTION('center_axis',(-0.652472978799314,0.,-0.757811989834385));
#10305=DIRECTION('ref_axis',(0.757811989834385,0.,-0.652472978799314));
#10306=DIRECTION('',(0.757811989834385,0.,-0.652472978799314));
#10307=DIRECTION('',(0.,-1.,0.));
#10308=DIRECTION('',(-0.757811989834385,0.,0.652472978799314));
#10309=DIRECTION('center_axis',(0.,0.,1.));
#10310=DIRECTION('ref_axis',(-1.,0.,0.));
#10311=DIRECTION('',(-1.,0.,0.));
#10312=DIRECTION('',(1.,0.,0.));
#10313=DIRECTION('center_axis',(0.,0.,1.));
#10314=DIRECTION('ref_axis',(-1.,0.,0.));
#10315=DIRECTION('',(1.,0.,0.));
#10316=DIRECTION('',(0.,-1.,0.));
#10317=DIRECTION('',(-1.,0.,0.));
#10318=DIRECTION('',(0.,-1.,0.));
#10319=DIRECTION('center_axis',(1.,0.,0.));
#10320=DIRECTION('ref_axis',(0.,0.,1.));
#10321=DIRECTION('',(0.,0.,-1.));
#10322=DIRECTION('',(0.,0.,1.));
#10323=DIRECTION('',(0.,-1.,0.));
#10324=DIRECTION('center_axis',(0.,0.,-1.));
#10325=DIRECTION('ref_axis',(1.,0.,0.));
#10326=DIRECTION('',(-1.,0.,0.));
#10327=DIRECTION('',(1.,0.,0.));
#10328=DIRECTION('',(0.,-1.,0.));
#10329=DIRECTION('center_axis',(1.,0.,0.));
#10330=DIRECTION('ref_axis',(0.,0.,1.));
#10331=DIRECTION('',(0.,0.,-1.));
#10332=DIRECTION('',(0.,0.,1.));
#10333=DIRECTION('',(0.,-1.,0.));
#10334=DIRECTION('center_axis',(0.,0.,-1.));
#10335=DIRECTION('ref_axis',(1.,0.,0.));
#10336=DIRECTION('',(-1.,0.,0.));
#10337=DIRECTION('',(1.,0.,0.));
#10338=DIRECTION('',(0.,-1.,0.));
#10339=DIRECTION('center_axis',(-0.655472859888769,0.,-0.755218729871842));
#10340=DIRECTION('ref_axis',(0.755218729871842,0.,-0.655472859888769));
#10341=DIRECTION('',(-0.755218729871842,0.,0.655472859888769));
#10342=DIRECTION('',(0.755218729871842,0.,-0.655472859888769));
#10343=DIRECTION('',(0.,-1.,0.));
#10344=DIRECTION('center_axis',(-1.,0.,3.00441920602618E-15));
#10345=DIRECTION('ref_axis',(-3.00441920602618E-15,0.,-1.));
#10346=DIRECTION('',(3.00441920602618E-15,0.,1.));
#10347=DIRECTION('',(-3.00441920602618E-15,0.,-1.));
#10348=DIRECTION('',(0.,-1.,0.));
#10349=DIRECTION('center_axis',(0.,0.,1.));
#10350=DIRECTION('ref_axis',(-1.,0.,0.));
#10351=DIRECTION('',(1.,0.,0.));
#10352=DIRECTION('',(-1.,0.,0.));
#10353=DIRECTION('',(0.,-1.,0.));
#10354=DIRECTION('center_axis',(-1.,0.,0.));
#10355=DIRECTION('ref_axis',(0.,0.,-1.));
#10356=DIRECTION('',(0.,0.,1.));
#10357=DIRECTION('',(0.,0.,-1.));
#10358=DIRECTION('',(0.,-1.,0.));
#10359=DIRECTION('center_axis',(0.,0.,1.));
#10360=DIRECTION('ref_axis',(-1.,0.,0.));
#10361=DIRECTION('',(1.,0.,0.));
#10362=DIRECTION('',(-1.,0.,0.));
#10363=DIRECTION('',(0.,-1.,0.));
#10364=DIRECTION('center_axis',(1.,0.,0.));
#10365=DIRECTION('ref_axis',(0.,0.,1.));
#10366=DIRECTION('',(0.,0.,-1.));
#10367=DIRECTION('',(0.,0.,1.));
#10368=DIRECTION('center_axis',(0.,-1.,0.));
#10369=DIRECTION('ref_axis',(0.,0.,-1.));
#10370=DIRECTION('center_axis',(0.,0.,-1.));
#10371=DIRECTION('ref_axis',(1.,0.,0.));
#10372=DIRECTION('',(-1.,0.,0.));
#10373=DIRECTION('',(0.,-1.,0.));
#10374=DIRECTION('',(1.,0.,0.));
#10375=DIRECTION('',(0.,-1.,0.));
#10376=DIRECTION('center_axis',(-1.,0.,0.));
#10377=DIRECTION('ref_axis',(0.,0.,-1.));
#10378=DIRECTION('',(0.,0.,1.));
#10379=DIRECTION('',(0.,0.,-1.));
#10380=DIRECTION('',(0.,-1.,0.));
#10381=DIRECTION('center_axis',(0.,0.,1.));
#10382=DIRECTION('ref_axis',(-1.,0.,0.));
#10383=DIRECTION('',(1.,0.,0.));
#10384=DIRECTION('',(-1.,0.,0.));
#10385=DIRECTION('',(0.,-1.,0.));
#10386=DIRECTION('center_axis',(1.,0.,0.));
#10387=DIRECTION('ref_axis',(0.,0.,1.));
#10388=DIRECTION('',(0.,0.,-1.));
#10389=DIRECTION('',(0.,0.,1.));
#10390=DIRECTION('center_axis',(0.,-1.,0.));
#10391=DIRECTION('ref_axis',(0.,0.,-1.));
#10392=DIRECTION('',(0.,-1.,0.));
#10393=DIRECTION('',(0.,-1.,0.));
#10394=DIRECTION('',(0.,-1.,0.));
#10395=DIRECTION('center_axis',(1.,0.,0.));
#10396=DIRECTION('ref_axis',(0.,0.,1.));
#10397=DIRECTION('',(0.,0.,1.));
#10398=DIRECTION('',(0.,-1.,0.));
#10399=DIRECTION('',(0.,0.,-1.));
#10400=DIRECTION('center_axis',(0.,0.,-1.));
#10401=DIRECTION('ref_axis',(1.,0.,0.));
#10402=DIRECTION('',(1.,0.,0.));
#10403=DIRECTION('',(0.,-1.,0.));
#10404=DIRECTION('',(-1.,0.,0.));
#10405=DIRECTION('center_axis',(-1.,0.,0.));
#10406=DIRECTION('ref_axis',(0.,0.,-1.));
#10407=DIRECTION('',(0.,0.,-1.));
#10408=DIRECTION('',(0.,-1.,0.));
#10409=DIRECTION('',(0.,0.,1.));
#10410=DIRECTION('',(0.,-1.,0.));
#10411=DIRECTION('',(0.,-1.,0.));
#10412=DIRECTION('',(0.,-1.,0.));
#10413=DIRECTION('center_axis',(1.,0.,0.));
#10414=DIRECTION('ref_axis',(0.,0.,1.));
#10415=DIRECTION('',(0.,0.,-1.));
#10416=DIRECTION('',(0.,0.,1.));
#10417=DIRECTION('',(0.,-1.,0.));
#10418=DIRECTION('center_axis',(0.,0.,1.));
#10419=DIRECTION('ref_axis',(-1.,0.,0.));
#10420=DIRECTION('',(1.,0.,0.));
#10421=DIRECTION('',(-1.,0.,0.));
#10422=DIRECTION('',(0.,-1.,0.));
#10423=DIRECTION('center_axis',(1.,0.,0.));
#10424=DIRECTION('ref_axis',(0.,0.,1.));
#10425=DIRECTION('',(0.,0.,-1.));
#10426=DIRECTION('',(0.,0.,1.));
#10427=DIRECTION('',(0.,-1.,0.));
#10428=DIRECTION('center_axis',(0.,0.,-1.));
#10429=DIRECTION('ref_axis',(1.,0.,0.));
#10430=DIRECTION('',(-1.,0.,0.));
#10431=DIRECTION('',(1.,0.,0.));
#10432=DIRECTION('',(0.,-1.,0.));
#10433=DIRECTION('center_axis',(-1.,0.,0.));
#10434=DIRECTION('ref_axis',(0.,0.,-1.));
#10435=DIRECTION('',(0.,0.,1.));
#10436=DIRECTION('',(0.,0.,-1.));
#10437=DIRECTION('',(0.,-1.,0.));
#10438=DIRECTION('',(0.,-1.,0.));
#10439=DIRECTION('',(0.,-1.,0.));
#10440=DIRECTION('center_axis',(0.,1.,0.));
#10441=DIRECTION('ref_axis',(0.,0.,1.));
#10442=DIRECTION('center_axis',(0.,0.,-1.));
#10443=DIRECTION('ref_axis',(1.,0.,0.));
#10444=DIRECTION('',(-1.,0.,0.));
#10445=DIRECTION('',(0.,-1.,0.));
#10446=DIRECTION('',(1.,0.,0.));
#10447=DIRECTION('',(0.,-1.,0.));
#10448=DIRECTION('center_axis',(-1.,0.,0.));
#10449=DIRECTION('ref_axis',(0.,0.,-1.));
#10450=DIRECTION('',(0.,0.,1.));
#10451=DIRECTION('',(0.,0.,-1.));
#10452=DIRECTION('',(0.,-1.,0.));
#10453=DIRECTION('center_axis',(0.,0.,1.));
#10454=DIRECTION('ref_axis',(-1.,0.,0.));
#10455=DIRECTION('',(1.,0.,0.));
#10456=DIRECTION('',(-1.,0.,0.));
#10457=DIRECTION('',(0.,-1.,0.));
#10458=DIRECTION('center_axis',(1.,0.,0.));
#10459=DIRECTION('ref_axis',(0.,0.,1.));
#10460=DIRECTION('',(0.,0.,-1.));
#10461=DIRECTION('',(0.,0.,1.));
#10462=DIRECTION('center_axis',(0.,-1.,0.));
#10463=DIRECTION('ref_axis',(0.,0.,-1.));
#10464=DIRECTION('center_axis',(0.,0.,-1.));
#10465=DIRECTION('ref_axis',(1.,0.,0.));
#10466=DIRECTION('',(-1.,0.,0.));
#10467=DIRECTION('',(0.,-1.,0.));
#10468=DIRECTION('',(1.,0.,0.));
#10469=DIRECTION('',(0.,-1.,0.));
#10470=DIRECTION('center_axis',(-1.,0.,0.));
#10471=DIRECTION('ref_axis',(0.,0.,-1.));
#10472=DIRECTION('',(0.,0.,1.));
#10473=DIRECTION('',(0.,0.,-1.));
#10474=DIRECTION('',(0.,-1.,0.));
#10475=DIRECTION('center_axis',(8.39470072272017E-16,0.,1.));
#10476=DIRECTION('ref_axis',(-1.,0.,8.39470072272016E-16));
#10477=DIRECTION('',(1.,0.,-8.39470072272016E-16));
#10478=DIRECTION('',(-1.,0.,8.39470072272016E-16));
#10479=DIRECTION('',(0.,-1.,0.));
#10480=DIRECTION('center_axis',(-1.,0.,0.));
#10481=DIRECTION('ref_axis',(0.,0.,-1.));
#10482=DIRECTION('',(0.,0.,1.));
#10483=DIRECTION('',(0.,0.,-1.));
#10484=DIRECTION('',(0.,-1.,0.));
#10485=DIRECTION('center_axis',(0.,0.,1.));
#10486=DIRECTION('ref_axis',(-1.,0.,0.));
#10487=DIRECTION('',(1.,0.,0.));
#10488=DIRECTION('',(-1.,0.,0.));
#10489=DIRECTION('',(0.,-1.,0.));
#10490=DIRECTION('center_axis',(1.,0.,0.));
#10491=DIRECTION('ref_axis',(0.,0.,1.));
#10492=DIRECTION('',(0.,0.,-1.));
#10493=DIRECTION('',(0.,0.,1.));
#10494=DIRECTION('center_axis',(0.,-1.,0.));
#10495=DIRECTION('ref_axis',(0.,0.,-1.));
#10496=DIRECTION('',(0.,-1.,0.));
#10497=DIRECTION('',(0.,-1.,0.));
#10498=DIRECTION('',(0.,-1.,0.));
#10499=DIRECTION('',(0.,-1.,0.));
#10500=DIRECTION('',(0.,-1.,0.));
#10501=DIRECTION('',(0.,-1.,0.));
#10502=DIRECTION('',(0.,-1.,0.));
#10503=DIRECTION('',(0.,-1.,0.));
#10504=DIRECTION('',(0.,-1.,0.));
#10505=DIRECTION('',(0.,-1.,0.));
#10506=DIRECTION('',(0.,-1.,0.));
#10507=DIRECTION('',(0.,-1.,0.));
#10508=DIRECTION('',(0.,-1.,0.));
#10509=DIRECTION('',(0.,-1.,0.));
#10510=DIRECTION('center_axis',(0.,0.,1.));
#10511=DIRECTION('ref_axis',(-1.,0.,0.));
#10512=DIRECTION('',(1.,0.,0.));
#10513=DIRECTION('',(-1.,0.,0.));
#10514=DIRECTION('',(0.,-1.,0.));
#10515=DIRECTION('center_axis',(1.,0.,0.));
#10516=DIRECTION('ref_axis',(0.,0.,1.));
#10517=DIRECTION('',(0.,0.,-1.));
#10518=DIRECTION('',(0.,0.,1.));
#10519=DIRECTION('',(0.,-1.,0.));
#10520=DIRECTION('',(0.,-1.,0.));
#10521=DIRECTION('',(0.,-1.,0.));
#10522=DIRECTION('',(0.,-1.,0.));
#10523=DIRECTION('',(0.,-1.,0.));
#10524=DIRECTION('',(0.,-1.,0.));
#10525=DIRECTION('center_axis',(0.,1.,0.));
#10526=DIRECTION('ref_axis',(0.,0.,1.));
#10527=DIRECTION('',(0.,-1.,0.));
#10528=DIRECTION('',(0.,-1.,0.));
#10529=DIRECTION('',(0.,-1.,0.));
#10530=DIRECTION('',(0.,-1.,0.));
#10531=DIRECTION('',(0.,-1.,0.));
#10532=DIRECTION('',(0.,-1.,0.));
#10533=DIRECTION('',(0.,-1.,0.));
#10534=DIRECTION('',(0.,-1.,0.));
#10535=DIRECTION('',(0.,-1.,0.));
#10536=DIRECTION('',(0.,-1.,0.));
#10537=DIRECTION('',(0.,-1.,0.));
#10538=DIRECTION('',(0.,-1.,0.));
#10539=DIRECTION('center_axis',(0.,-1.,0.));
#10540=DIRECTION('ref_axis',(0.,0.,-1.));
#10541=DIRECTION('',(0.,-1.,0.));
#10542=DIRECTION('',(0.,-1.,0.));
#10543=DIRECTION('center_axis',(1.,0.,0.));
#10544=DIRECTION('ref_axis',(0.,0.,1.));
#10545=DIRECTION('',(0.,0.,-1.));
#10546=DIRECTION('',(0.,0.,1.));
#10547=DIRECTION('',(0.,-1.,0.));
#10548=DIRECTION('center_axis',(0.,0.,-1.));
#10549=DIRECTION('ref_axis',(1.,0.,0.));
#10550=DIRECTION('',(-1.,0.,0.));
#10551=DIRECTION('',(1.,0.,0.));
#10552=DIRECTION('',(0.,-1.,0.));
#10553=DIRECTION('',(0.,-1.,0.));
#10554=DIRECTION('',(0.,-1.,0.));
#10555=DIRECTION('',(0.,-1.,0.));
#10556=DIRECTION('',(0.,-1.,0.));
#10557=DIRECTION('center_axis',(0.,0.,1.));
#10558=DIRECTION('ref_axis',(-1.,0.,0.));
#10559=DIRECTION('',(1.,0.,0.));
#10560=DIRECTION('',(-1.,0.,0.));
#10561=DIRECTION('',(0.,-1.,0.));
#10562=DIRECTION('',(0.,-1.,0.));
#10563=DIRECTION('',(0.,-1.,0.));
#10564=DIRECTION('',(0.,-1.,0.));
#10565=DIRECTION('',(0.,-1.,0.));
#10566=DIRECTION('',(0.,-1.,0.));
#10567=DIRECTION('center_axis',(-2.60955268180559E-15,0.,-1.));
#10568=DIRECTION('ref_axis',(1.,0.,-2.60955268180559E-15));
#10569=DIRECTION('',(-1.,0.,2.60955268180559E-15));
#10570=DIRECTION('',(1.,0.,-2.60955268180559E-15));
#10571=DIRECTION('',(0.,-1.,0.));
#10572=DIRECTION('center_axis',(-1.,0.,0.));
#10573=DIRECTION('ref_axis',(0.,0.,-1.));
#10574=DIRECTION('',(0.,0.,1.));
#10575=DIRECTION('',(0.,0.,-1.));
#10576=DIRECTION('',(0.,-1.,0.));
#10577=DIRECTION('',(0.,-1.,0.));
#10578=DIRECTION('',(0.,-1.,0.));
#10579=DIRECTION('',(0.,-1.,0.));
#10580=DIRECTION('',(0.,-1.,0.));
#10581=DIRECTION('',(0.,-1.,0.));
#10582=DIRECTION('center_axis',(1.,0.,0.));
#10583=DIRECTION('ref_axis',(0.,0.,1.));
#10584=DIRECTION('',(0.,0.,-1.));
#10585=DIRECTION('',(0.,0.,1.));
#10586=DIRECTION('',(0.,-1.,0.));
#10587=DIRECTION('center_axis',(0.,0.,-1.));
#10588=DIRECTION('ref_axis',(1.,0.,0.));
#10589=DIRECTION('',(-1.,0.,0.));
#10590=DIRECTION('',(1.,0.,0.));
#10591=DIRECTION('',(0.,-1.,0.));
#10592=DIRECTION('center_axis',(-1.,0.,0.));
#10593=DIRECTION('ref_axis',(0.,0.,-1.));
#10594=DIRECTION('',(0.,0.,1.));
#10595=DIRECTION('',(0.,0.,-1.));
#10596=DIRECTION('',(0.,-1.,0.));
#10597=DIRECTION('',(0.,-1.,0.));
#10598=DIRECTION('',(0.,-1.,0.));
#10599=DIRECTION('',(0.,-1.,0.));
#10600=DIRECTION('center_axis',(0.,-1.,0.));
#10601=DIRECTION('ref_axis',(0.,0.,-1.));
#10602=DIRECTION('',(0.,-1.,0.));
#10603=DIRECTION('',(0.,-1.,0.));
#10604=DIRECTION('',(0.,-1.,0.));
#10605=DIRECTION('',(0.,-1.,0.));
#10606=DIRECTION('',(0.,-1.,0.));
#10607=DIRECTION('',(0.,-1.,0.));
#10608=DIRECTION('',(0.,-1.,0.));
#10609=DIRECTION('',(0.,-1.,0.));
#10610=DIRECTION('',(0.,-1.,0.));
#10611=DIRECTION('',(0.,-1.,0.));
#10612=DIRECTION('',(0.,-1.,0.));
#10613=DIRECTION('',(0.,-1.,0.));
#10614=DIRECTION('center_axis',(0.,-1.,0.));
#10615=DIRECTION('ref_axis',(0.,0.,-1.));
#10616=DIRECTION('center_axis',(0.,0.,1.));
#10617=DIRECTION('ref_axis',(-1.,0.,0.));
#10618=DIRECTION('',(1.,0.,0.));
#10619=DIRECTION('',(0.,-1.,0.));
#10620=DIRECTION('',(-1.,0.,0.));
#10621=DIRECTION('',(0.,-1.,0.));
#10622=DIRECTION('center_axis',(1.,0.,0.));
#10623=DIRECTION('ref_axis',(0.,0.,1.));
#10624=DIRECTION('',(0.,0.,-1.));
#10625=DIRECTION('',(0.,0.,1.));
#10626=DIRECTION('',(0.,-1.,0.));
#10627=DIRECTION('center_axis',(0.,0.,-1.));
#10628=DIRECTION('ref_axis',(1.,0.,0.));
#10629=DIRECTION('',(-1.,0.,0.));
#10630=DIRECTION('',(1.,0.,0.));
#10631=DIRECTION('',(0.,-1.,0.));
#10632=DIRECTION('center_axis',(1.,0.,0.));
#10633=DIRECTION('ref_axis',(0.,0.,1.));
#10634=DIRECTION('',(0.,0.,-1.));
#10635=DIRECTION('',(0.,0.,1.));
#10636=DIRECTION('',(0.,-1.,0.));
#10637=DIRECTION('center_axis',(0.,0.,-1.));
#10638=DIRECTION('ref_axis',(1.,0.,0.));
#10639=DIRECTION('',(-1.,0.,0.));
#10640=DIRECTION('',(1.,0.,0.));
#10641=DIRECTION('',(0.,-1.,0.));
#10642=DIRECTION('center_axis',(-1.,0.,0.));
#10643=DIRECTION('ref_axis',(0.,0.,-1.));
#10644=DIRECTION('',(0.,0.,1.));
#10645=DIRECTION('',(0.,0.,-1.));
#10646=DIRECTION('',(0.,-1.,0.));
#10647=DIRECTION('center_axis',(0.,0.,-1.));
#10648=DIRECTION('ref_axis',(1.,0.,0.));
#10649=DIRECTION('',(-1.,0.,0.));
#10650=DIRECTION('',(1.,0.,0.));
#10651=DIRECTION('',(0.,-1.,0.));
#10652=DIRECTION('center_axis',(-1.,0.,0.));
#10653=DIRECTION('ref_axis',(0.,0.,-1.));
#10654=DIRECTION('',(0.,0.,1.));
#10655=DIRECTION('',(0.,0.,-1.));
#10656=DIRECTION('',(0.,-1.,0.));
#10657=DIRECTION('center_axis',(0.,0.,1.));
#10658=DIRECTION('ref_axis',(-1.,0.,0.));
#10659=DIRECTION('',(1.,0.,0.));
#10660=DIRECTION('',(-1.,0.,0.));
#10661=DIRECTION('',(0.,-1.,0.));
#10662=DIRECTION('center_axis',(-1.,0.,3.74576961235452E-15));
#10663=DIRECTION('ref_axis',(-3.74576961235452E-15,0.,-1.));
#10664=DIRECTION('',(3.74576961235452E-15,0.,1.));
#10665=DIRECTION('',(-3.74576961235452E-15,0.,-1.));
#10666=DIRECTION('',(0.,-1.,0.));
#10667=DIRECTION('center_axis',(0.,0.,1.));
#10668=DIRECTION('ref_axis',(-1.,0.,0.));
#10669=DIRECTION('',(1.,0.,0.));
#10670=DIRECTION('',(-1.,0.,0.));
#10671=DIRECTION('',(0.,-1.,0.));
#10672=DIRECTION('center_axis',(1.,0.,-3.74576961235452E-15));
#10673=DIRECTION('ref_axis',(3.74576961235452E-15,0.,1.));
#10674=DIRECTION('',(-3.74576961235452E-15,0.,-1.));
#10675=DIRECTION('',(3.74576961235452E-15,0.,1.));
#10676=DIRECTION('center_axis',(0.,-1.,0.));
#10677=DIRECTION('ref_axis',(0.,0.,-1.));
#10678=DIRECTION('center_axis',(0.,0.,-1.));
#10679=DIRECTION('ref_axis',(1.,0.,0.));
#10680=DIRECTION('',(-1.,0.,0.));
#10681=DIRECTION('',(0.,-1.,0.));
#10682=DIRECTION('',(1.,0.,0.));
#10683=DIRECTION('',(0.,-1.,0.));
#10684=DIRECTION('',(0.,-1.,0.));
#10685=DIRECTION('',(0.,-1.,0.));
#10686=DIRECTION('',(0.,-1.,0.));
#10687=DIRECTION('',(0.,-1.,0.));
#10688=DIRECTION('',(0.,-1.,0.));
#10689=DIRECTION('',(0.,-1.,0.));
#10690=DIRECTION('center_axis',(1.,0.,0.));
#10691=DIRECTION('ref_axis',(0.,0.,1.));
#10692=DIRECTION('',(0.,0.,-1.));
#10693=DIRECTION('',(0.,0.,1.));
#10694=DIRECTION('',(0.,-1.,0.));
#10695=DIRECTION('center_axis',(0.,0.,-1.));
#10696=DIRECTION('ref_axis',(1.,0.,0.));
#10697=DIRECTION('',(-1.,0.,0.));
#10698=DIRECTION('',(1.,0.,0.));
#10699=DIRECTION('',(0.,-1.,0.));
#10700=DIRECTION('',(0.,-1.,0.));
#10701=DIRECTION('',(0.,-1.,0.));
#10702=DIRECTION('',(0.,-1.,0.));
#10703=DIRECTION('',(0.,-1.,0.));
#10704=DIRECTION('',(0.,-1.,0.));
#10705=DIRECTION('center_axis',(-1.,0.,0.));
#10706=DIRECTION('ref_axis',(0.,0.,-1.));
#10707=DIRECTION('',(0.,0.,1.));
#10708=DIRECTION('',(0.,0.,-1.));
#10709=DIRECTION('',(0.,-1.,0.));
#10710=DIRECTION('center_axis',(0.,0.,1.));
#10711=DIRECTION('ref_axis',(-1.,0.,0.));
#10712=DIRECTION('',(1.,0.,0.));
#10713=DIRECTION('',(-1.,0.,0.));
#10714=DIRECTION('',(0.,-1.,0.));
#10715=DIRECTION('center_axis',(1.,0.,0.));
#10716=DIRECTION('ref_axis',(0.,0.,1.));
#10717=DIRECTION('',(0.,0.,-1.));
#10718=DIRECTION('',(0.,0.,1.));
#10719=DIRECTION('center_axis',(0.,1.,0.));
#10720=DIRECTION('ref_axis',(0.,0.,1.));
#10721=DIRECTION('center_axis',(1.,0.,0.));
#10722=DIRECTION('ref_axis',(0.,0.,1.));
#10723=DIRECTION('',(0.,0.,1.));
#10724=DIRECTION('',(0.,-1.,0.));
#10725=DIRECTION('',(0.,0.,-1.));
#10726=DIRECTION('',(0.,-1.,0.));
#10727=DIRECTION('center_axis',(-0.310824121666868,0.,-0.95046744572869));
#10728=DIRECTION('ref_axis',(0.95046744572869,0.,-0.310824121666868));
#10729=DIRECTION('',(0.95046744572869,0.,-0.310824121666868));
#10730=DIRECTION('',(0.,-1.,0.));
#10731=DIRECTION('',(-0.95046744572869,0.,0.310824121666868));
#10732=DIRECTION('center_axis',(-0.312300861312514,0.,0.949983248285706));
#10733=DIRECTION('ref_axis',(-0.949983248285706,0.,-0.312300861312514));
#10734=DIRECTION('',(-0.949983248285706,0.,-0.312300861312514));
#10735=DIRECTION('',(0.949983248285706,0.,0.312300861312514));
#10736=DIRECTION('center_axis',(-1.,0.,2.26075108572267E-15));
#10737=DIRECTION('ref_axis',(-2.26075108572267E-15,0.,-1.));
#10738=DIRECTION('',(2.26075108572267E-15,0.,1.));
#10739=DIRECTION('',(0.,-1.,0.));
#10740=DIRECTION('',(-2.26075108572267E-15,0.,-1.));
#10741=DIRECTION('',(0.,-1.,0.));
#10742=DIRECTION('center_axis',(-0.319451166674567,0.,0.947602739606771));
#10743=DIRECTION('ref_axis',(-0.947602739606771,0.,-0.319451166674567));
#10744=DIRECTION('',(0.947602739606771,0.,0.319451166674567));
#10745=DIRECTION('',(-0.947602739606771,0.,-0.319451166674567));
#10746=DIRECTION('',(0.,-1.,0.));
#10747=DIRECTION('center_axis',(1.,0.,0.));
#10748=DIRECTION('ref_axis',(0.,0.,1.));
#10749=DIRECTION('',(0.,0.,-1.));
#10750=DIRECTION('',(0.,0.,1.));
#10751=DIRECTION('',(0.,-1.,0.));
#10752=DIRECTION('center_axis',(0.308774363938381,0.,-0.951135317488762));
#10753=DIRECTION('ref_axis',(0.951135317488762,0.,0.308774363938381));
#10754=DIRECTION('',(-0.951135317488762,0.,-0.308774363938381));
#10755=DIRECTION('',(0.951135317488762,0.,0.308774363938381));
#10756=DIRECTION('',(0.,-1.,0.));
#10757=DIRECTION('center_axis',(1.,0.,0.));
#10758=DIRECTION('ref_axis',(0.,0.,1.));
#10759=DIRECTION('',(0.,0.,-1.));
#10760=DIRECTION('',(0.,0.,1.));
#10761=DIRECTION('',(0.,-1.,0.));
#10762=DIRECTION('center_axis',(0.308774363938381,0.,0.951135317488762));
#10763=DIRECTION('ref_axis',(-0.951135317488762,0.,0.308774363938381));
#10764=DIRECTION('',(0.951135317488762,0.,-0.308774363938381));
#10765=DIRECTION('',(-0.951135317488762,0.,0.308774363938381));
#10766=DIRECTION('',(0.,-1.,0.));
#10767=DIRECTION('center_axis',(1.,0.,0.));
#10768=DIRECTION('ref_axis',(0.,0.,1.));
#10769=DIRECTION('',(0.,0.,-1.));
#10770=DIRECTION('',(0.,0.,1.));
#10771=DIRECTION('',(0.,-1.,0.));
#10772=DIRECTION('center_axis',(-0.31945116667457,0.,-0.94760273960677));
#10773=DIRECTION('ref_axis',(0.94760273960677,0.,-0.31945116667457));
#10774=DIRECTION('',(-0.94760273960677,0.,0.31945116667457));
#10775=DIRECTION('',(0.94760273960677,0.,-0.31945116667457));
#10776=DIRECTION('center_axis',(0.,-1.,0.));
#10777=DIRECTION('ref_axis',(0.,0.,-1.));
#10778=DIRECTION('center_axis',(0.,0.,-1.));
#10779=DIRECTION('ref_axis',(1.,0.,0.));
#10780=DIRECTION('',(-1.,0.,0.));
#10781=DIRECTION('',(0.,-1.,0.));
#10782=DIRECTION('',(1.,0.,0.));
#10783=DIRECTION('',(0.,-1.,0.));
#10784=DIRECTION('center_axis',(1.,0.,-1.60799901167598E-15));
#10785=DIRECTION('ref_axis',(1.60799901167598E-15,0.,1.));
#10786=DIRECTION('',(-1.60799901167598E-15,0.,-1.));
#10787=DIRECTION('',(1.60799901167598E-15,0.,1.));
#10788=DIRECTION('',(0.,-1.,0.));
#10789=DIRECTION('center_axis',(0.,0.,1.));
#10790=DIRECTION('ref_axis',(-1.,0.,0.));
#10791=DIRECTION('',(1.,0.,0.));
#10792=DIRECTION('',(-1.,0.,0.));
#10793=DIRECTION('',(0.,-1.,0.));
#10794=DIRECTION('center_axis',(1.,0.,0.));
#10795=DIRECTION('ref_axis',(0.,0.,1.));
#10796=DIRECTION('',(0.,0.,-1.));
#10797=DIRECTION('',(0.,0.,1.));
#10798=DIRECTION('',(0.,-1.,0.));
#10799=DIRECTION('center_axis',(-1.48029730734515E-15,0.,-1.));
#10800=DIRECTION('ref_axis',(1.,0.,-1.48029730734515E-15));
#10801=DIRECTION('',(-1.,0.,1.48029730734515E-15));
#10802=DIRECTION('',(1.,0.,-1.48029730734515E-15));
#10803=DIRECTION('',(0.,-1.,0.));
#10804=DIRECTION('center_axis',(-1.,0.,0.));
#10805=DIRECTION('ref_axis',(0.,0.,-1.));
#10806=DIRECTION('',(0.,0.,1.));
#10807=DIRECTION('',(0.,0.,-1.));
#10808=DIRECTION('',(0.,-1.,0.));
#10809=DIRECTION('center_axis',(3.77414644062792E-15,0.,1.));
#10810=DIRECTION('ref_axis',(-1.,0.,3.77414644062792E-15));
#10811=DIRECTION('',(1.,0.,-3.77414644062792E-15));
#10812=DIRECTION('',(-1.,0.,3.77414644062792E-15));
#10813=DIRECTION('',(0.,-1.,0.));
#10814=DIRECTION('center_axis',(-1.,0.,1.60799901167598E-15));
#10815=DIRECTION('ref_axis',(-1.60799901167598E-15,0.,-1.));
#10816=DIRECTION('',(1.60799901167598E-15,0.,1.));
#10817=DIRECTION('',(-1.60799901167598E-15,0.,-1.));
#10818=DIRECTION('',(0.,-1.,0.));
#10819=DIRECTION('center_axis',(-3.77414644062791E-15,0.,-1.));
#10820=DIRECTION('ref_axis',(1.,0.,-3.77414644062791E-15));
#10821=DIRECTION('',(-1.,0.,3.77414644062791E-15));
#10822=DIRECTION('',(1.,0.,-3.77414644062791E-15));
#10823=DIRECTION('',(0.,-1.,0.));
#10824=DIRECTION('center_axis',(-1.,0.,0.));
#10825=DIRECTION('ref_axis',(0.,0.,-1.));
#10826=DIRECTION('',(0.,0.,1.));
#10827=DIRECTION('',(0.,0.,-1.));
#10828=DIRECTION('',(0.,-1.,0.));
#10829=DIRECTION('center_axis',(1.48029730734514E-15,0.,1.));
#10830=DIRECTION('ref_axis',(-1.,0.,1.48029730734514E-15));
#10831=DIRECTION('',(1.,0.,-1.48029730734514E-15));
#10832=DIRECTION('',(-1.,0.,1.48029730734514E-15));
#10833=DIRECTION('',(0.,-1.,0.));
#10834=DIRECTION('center_axis',(1.,0.,0.));
#10835=DIRECTION('ref_axis',(0.,0.,1.));
#10836=DIRECTION('',(0.,0.,-1.));
#10837=DIRECTION('',(0.,0.,1.));
#10838=DIRECTION('center_axis',(0.,-1.,0.));
#10839=DIRECTION('ref_axis',(0.,0.,-1.));
#10840=DIRECTION('center_axis',(0.,0.,-1.));
#10841=DIRECTION('ref_axis',(1.,0.,0.));
#10842=DIRECTION('',(-1.,0.,0.));
#10843=DIRECTION('',(0.,-1.,0.));
#10844=DIRECTION('',(1.,0.,0.));
#10845=DIRECTION('',(0.,-1.,0.));
#10846=DIRECTION('center_axis',(-1.,0.,0.));
#10847=DIRECTION('ref_axis',(0.,0.,-1.));
#10848=DIRECTION('',(0.,0.,1.));
#10849=DIRECTION('',(0.,0.,-1.));
#10850=DIRECTION('',(0.,-1.,0.));
#10851=DIRECTION('center_axis',(0.,0.,1.));
#10852=DIRECTION('ref_axis',(-1.,0.,0.));
#10853=DIRECTION('',(1.,0.,0.));
#10854=DIRECTION('',(-1.,0.,0.));
#10855=DIRECTION('',(0.,-1.,0.));
#10856=DIRECTION('center_axis',(1.,0.,0.));
#10857=DIRECTION('ref_axis',(0.,0.,1.));
#10858=DIRECTION('',(0.,0.,-1.));
#10859=DIRECTION('',(0.,0.,1.));
#10860=DIRECTION('center_axis',(0.,-1.,0.));
#10861=DIRECTION('ref_axis',(0.,0.,-1.));
#10862=DIRECTION('center_axis',(1.,0.,0.));
#10863=DIRECTION('ref_axis',(0.,0.,1.));
#10864=DIRECTION('',(0.,0.,-1.));
#10865=DIRECTION('',(0.,-1.,0.));
#10866=DIRECTION('',(0.,0.,1.));
#10867=DIRECTION('',(0.,-1.,0.));
#10868=DIRECTION('center_axis',(0.325636464372621,0.,-0.945495051848977));
#10869=DIRECTION('ref_axis',(0.945495051848977,0.,0.325636464372621));
#10870=DIRECTION('',(-0.945495051848977,0.,-0.325636464372621));
#10871=DIRECTION('',(0.945495051848977,0.,0.325636464372621));
#10872=DIRECTION('',(0.,-1.,0.));
#10873=DIRECTION('center_axis',(-1.,0.,2.59472567793169E-15));
#10874=DIRECTION('ref_axis',(-2.59472567793169E-15,0.,-1.));
#10875=DIRECTION('',(2.59472567793169E-15,0.,1.));
#10876=DIRECTION('',(-2.59472567793169E-15,0.,-1.));
#10877=DIRECTION('',(0.,-1.,0.));
#10878=DIRECTION('center_axis',(-0.316505388780873,0.,0.948590711989459));
#10879=DIRECTION('ref_axis',(-0.948590711989459,0.,-0.316505388780873));
#10880=DIRECTION('',(0.948590711989459,0.,0.316505388780873));
#10881=DIRECTION('',(-0.948590711989459,0.,-0.316505388780873));
#10882=DIRECTION('',(0.,-1.,0.));
#10883=DIRECTION('center_axis',(-0.316505388780874,0.,-0.948590711989459));
#10884=DIRECTION('ref_axis',(0.948590711989458,0.,-0.316505388780874));
#10885=DIRECTION('',(-0.948590711989458,0.,0.316505388780874));
#10886=DIRECTION('',(0.948590711989458,0.,-0.316505388780874));
#10887=DIRECTION('',(0.,-1.,0.));
#10888=DIRECTION('center_axis',(-1.,0.,0.));
#10889=DIRECTION('ref_axis',(0.,0.,-1.));
#10890=DIRECTION('',(0.,0.,1.));
#10891=DIRECTION('',(0.,0.,-1.));
#10892=DIRECTION('',(0.,-1.,0.));
#10893=DIRECTION('center_axis',(0.325636464372622,0.,0.945495051848976));
#10894=DIRECTION('ref_axis',(-0.945495051848976,0.,0.325636464372622));
#10895=DIRECTION('',(0.945495051848976,0.,-0.325636464372622));
#10896=DIRECTION('',(-0.945495051848976,0.,0.325636464372622));
#10897=DIRECTION('center_axis',(0.,-1.,0.));
#10898=DIRECTION('ref_axis',(0.,0.,-1.));
#10899=DIRECTION('center_axis',(0.,1.,0.));
#10900=DIRECTION('ref_axis',(0.,0.,1.));
#10901=DIRECTION('',(-1.,0.,1.30614473485313E-16));
#10902=DIRECTION('',(3.99680288865056E-16,0.,-1.));
#10903=DIRECTION('',(1.,0.,-1.30614473485313E-16));
#10904=DIRECTION('',(-1.77635683940025E-16,0.,1.));
#10905=DIRECTION('center_axis',(0.,1.,0.));
#10906=DIRECTION('ref_axis',(0.,0.,1.));
#10907=DIRECTION('center_axis',(0.,1.,0.));
#10908=DIRECTION('ref_axis',(0.,0.,1.));
#10909=DIRECTION('center_axis',(0.,1.,0.));
#10910=DIRECTION('ref_axis',(0.,0.,1.));
#10911=DIRECTION('center_axis',(0.,1.,0.));
#10912=DIRECTION('ref_axis',(0.,0.,1.));
#10913=DIRECTION('center_axis',(0.,1.,0.));
#10914=DIRECTION('ref_axis',(0.,0.,1.));
#10915=DIRECTION('center_axis',(0.,1.,0.));
#10916=DIRECTION('ref_axis',(0.,0.,1.));
#10917=DIRECTION('center_axis',(0.,1.,0.));
#10918=DIRECTION('ref_axis',(0.,0.,1.));
#10919=DIRECTION('center_axis',(-1.,-6.53072367426562E-17,0.));
#10920=DIRECTION('ref_axis',(6.53072367426562E-17,-1.,0.));
#10921=DIRECTION('',(-1.,-6.53072367426562E-17,0.));
#10922=DIRECTION('',(1.,6.53072367426562E-17,0.));
#10923=DIRECTION('center_axis',(0.,0.,-1.));
#10924=DIRECTION('ref_axis',(-1.,0.,0.));
#10925=DIRECTION('center_axis',(0.,0.,-1.));
#10926=DIRECTION('ref_axis',(-1.,0.,0.));
#10927=DIRECTION('center_axis',(0.,0.,1.));
#10928=DIRECTION('ref_axis',(-1.,0.,0.));
#10929=DIRECTION('center_axis',(1.,2.69355420859165E-16,0.));
#10930=DIRECTION('ref_axis',(-2.69355420859165E-16,1.,0.));
#10931=DIRECTION('',(-1.,-2.69355420859165E-16,0.));
#10932=DIRECTION('',(1.,2.69355420859165E-16,0.));
#10933=DIRECTION('center_axis',(0.,0.,-1.));
#10934=DIRECTION('ref_axis',(1.,0.,0.));
#10935=DIRECTION('center_axis',(0.,0.,1.));
#10936=DIRECTION('ref_axis',(1.,0.,0.));
#10937=DIRECTION('center_axis',(0.,0.,-1.));
#10938=DIRECTION('ref_axis',(1.,0.,0.));
#10939=DIRECTION('center_axis',(0.,0.,1.));
#10940=DIRECTION('ref_axis',(0.,1.,0.));
#10941=DIRECTION('',(0.,-0.113546591160732,-0.993532672656404));
#10942=DIRECTION('',(0.,-0.113546591160732,0.993532672656404));
#10943=DIRECTION('center_axis',(6.48848734647358E-17,-0.993532672656404,
0.113546591160733));
#10944=DIRECTION('ref_axis',(0.,-0.113546591160733,-0.993532672656404));
#10945=DIRECTION('',(0.,-0.113546591160732,-0.993532672656404));
#10946=DIRECTION('center_axis',(0.,0.,1.));
#10947=DIRECTION('ref_axis',(1.,0.,0.));
#10948=DIRECTION('',(1.,0.,-1.30614473485313E-16));
#10949=DIRECTION('',(0.,-1.,0.));
#10950=DIRECTION('',(-1.,0.,1.30614473485313E-16));
#10951=DIRECTION('',(0.,1.,0.));
#10952=DIRECTION('center_axis',(-9.53329026408252E-33,3.42387545668843E-31,
1.));
#10953=DIRECTION('ref_axis',(1.,0.,9.53329026408252E-33));
#10954=DIRECTION('center_axis',(-2.67613411180696E-16,0.993532672656404,
0.113546591160732));
#10955=DIRECTION('ref_axis',(0.,-0.113546591160732,0.993532672656404));
#10956=DIRECTION('',(0.,0.113546591160732,-0.993532672656404));
#10957=DIRECTION('center_axis',(0.,0.,1.));
#10958=DIRECTION('ref_axis',(0.,-1.,0.));
#10959=DIRECTION('center_axis',(0.408248290463863,-0.816496580927726,-0.408248290463863));
#10960=DIRECTION('ref_axis',(-0.577350269189626,-0.577350269189626,0.577350269189626));
#10961=DIRECTION('center_axis',(0.,-1.,0.));
#10962=DIRECTION('ref_axis',(-1.,0.,0.));
#10963=DIRECTION('center_axis',(0.,0.,1.));
#10964=DIRECTION('ref_axis',(0.,-1.,0.));
#10965=DIRECTION('center_axis',(-1.,0.,0.));
#10966=DIRECTION('ref_axis',(0.,0.,1.));
#10967=DIRECTION('center_axis',(0.408248290463863,-0.408248290463863,-0.816496580927726));
#10968=DIRECTION('ref_axis',(0.577350269189626,-0.577350269189625,0.577350269189626));
#10969=DIRECTION('center_axis',(0.,-1.,0.));
#10970=DIRECTION('ref_axis',(0.,0.,1.));
#10971=DIRECTION('center_axis',(1.,0.,0.));
#10972=DIRECTION('ref_axis',(0.,-1.,0.));
#10973=DIRECTION('center_axis',(0.,0.,1.));
#10974=DIRECTION('ref_axis',(1.,0.,0.));
#10975=DIRECTION('center_axis',(1.,0.,-1.30614473485313E-16));
#10976=DIRECTION('ref_axis',(0.,-0.707106781186547,0.707106781186548));
#10977=DIRECTION('',(-1.,0.,1.30614473485313E-16));
#10978=DIRECTION('center_axis',(-0.408248290463863,-0.816496580927726,0.408248290463863));
#10979=DIRECTION('ref_axis',(-0.577350269189626,0.577350269189626,0.577350269189626));
#10980=DIRECTION('center_axis',(0.,0.,1.));
#10981=DIRECTION('ref_axis',(-1.,0.,0.));
#10982=DIRECTION('center_axis',(0.,1.,0.));
#10983=DIRECTION('ref_axis',(0.,0.,1.));
#10984=DIRECTION('center_axis',(-1.,0.,0.));
#10985=DIRECTION('ref_axis',(0.,1.,0.));
#10986=DIRECTION('center_axis',(0.,1.,0.));
#10987=DIRECTION('ref_axis',(-0.707106781186548,0.,0.707106781186548));
#10988=DIRECTION('',(0.,-1.,0.));
#10989=DIRECTION('',(0.,1.,0.));
#10990=DIRECTION('center_axis',(0.408248290463861,-0.816496580927727,0.408248290463863));
#10991=DIRECTION('ref_axis',(-0.577350269189625,-0.577350269189625,-0.577350269189628));
#10992=DIRECTION('center_axis',(0.,-1.,0.));
#10993=DIRECTION('ref_axis',(0.,0.,-1.));
#10994=DIRECTION('center_axis',(-1.,0.,0.));
#10995=DIRECTION('ref_axis',(0.,-1.,0.));
#10996=DIRECTION('center_axis',(0.,-4.44089209850063E-15,-1.));
#10997=DIRECTION('ref_axis',(-1.,0.,0.));
#10998=DIRECTION('center_axis',(0.408248290463862,-0.816496580927726,0.408248290463863));
#10999=DIRECTION('ref_axis',(0.577350269189625,0.577350269189626,0.577350269189627));
#11000=DIRECTION('center_axis',(1.,0.,0.));
#11001=DIRECTION('ref_axis',(0.,0.,1.));
#11002=DIRECTION('center_axis',(0.,1.,0.));
#11003=DIRECTION('ref_axis',(1.,0.,0.));
#11004=DIRECTION('center_axis',(2.22044604925031E-15,0.,1.));
#11005=DIRECTION('ref_axis',(0.,1.,0.));
#11006=DIRECTION('center_axis',(0.,1.,0.));
#11007=DIRECTION('ref_axis',(0.707106781186547,0.,0.707106781186548));
#11008=DIRECTION('',(0.,-1.,0.));
#11009=DIRECTION('',(0.,1.,0.));
#11010=DIRECTION('center_axis',(-0.408248290463862,-0.816496580927726,0.408248290463864));
#11011=DIRECTION('ref_axis',(0.577350269189625,-0.577350269189626,-0.577350269189627));
#11012=DIRECTION('center_axis',(0.,0.,-1.));
#11013=DIRECTION('ref_axis',(0.,-1.,0.));
#11014=DIRECTION('center_axis',(1.,0.,0.));
#11015=DIRECTION('ref_axis',(0.,0.,-1.));
#11016=DIRECTION('center_axis',(0.,-1.,0.));
#11017=DIRECTION('ref_axis',(1.,0.,0.));
#11018=DIRECTION('center_axis',(-1.,0.,1.30614473485313E-16));
#11019=DIRECTION('ref_axis',(0.,-0.707106781186546,-0.707106781186549));
#11020=DIRECTION('center_axis',(-0.816496580927725,-0.408248290463865,0.408248290463863));
#11021=DIRECTION('ref_axis',(-0.577350269189627,0.577350269189628,-0.577350269189623));
#11022=DIRECTION('center_axis',(-1.,0.,0.));
#11023=DIRECTION('ref_axis',(0.,0.,-1.));
#11024=DIRECTION('center_axis',(0.,1.,0.));
#11025=DIRECTION('ref_axis',(-1.,0.,0.));
#11026=DIRECTION('center_axis',(2.22044604925031E-15,0.,-1.));
#11027=DIRECTION('ref_axis',(0.,1.,0.));
#11028=DIRECTION('center_axis',(0.,1.,0.));
#11029=DIRECTION('ref_axis',(-0.707106781186548,0.,-0.707106781186548));
#11030=DIRECTION('',(0.,1.,0.));
#11031=DIRECTION('center_axis',(-1.77635683940025E-16,0.,1.));
#11032=DIRECTION('ref_axis',(-0.707106781186547,0.707106781186548,0.));
#11033=DIRECTION('',(1.77635683940025E-16,0.,-1.));
#11034=DIRECTION('',(-1.77635683940025E-16,0.,1.));
#11035=DIRECTION('center_axis',(-0.408248290463863,-0.408248290463862,-0.816496580927727));
#11036=DIRECTION('ref_axis',(0.577350269189626,0.577350269189626,-0.577350269189626));
#11037=DIRECTION('center_axis',(0.,0.,-1.));
#11038=DIRECTION('ref_axis',(1.,0.,0.));
#11039=DIRECTION('center_axis',(0.,1.,0.));
#11040=DIRECTION('ref_axis',(0.,0.,-1.));
#11041=DIRECTION('center_axis',(1.,0.,-1.11022302462515E-15));
#11042=DIRECTION('ref_axis',(0.,1.,0.));
#11043=DIRECTION('center_axis',(0.,1.,0.));
#11044=DIRECTION('ref_axis',(0.707106781186548,0.,-0.707106781186548));
#11045=DIRECTION('',(0.,-1.,0.));
#11046=DIRECTION('center_axis',(-1.,0.,1.30614473485313E-16));
#11047=DIRECTION('ref_axis',(0.,0.707106781186546,-0.707106781186549));
#11048=DIRECTION('',(1.,0.,-1.30614473485313E-16));
#11049=DIRECTION('center_axis',(3.99680288865056E-16,0.,-1.));
#11050=DIRECTION('ref_axis',(0.707106781186547,0.707106781186548,0.));
#11051=DIRECTION('',(-3.99680288865056E-16,0.,1.));
#11052=DIRECTION('',(3.99680288865056E-16,0.,-1.));
#11053=DIRECTION('center_axis',(3.99680288865056E-16,0.,-1.));
#11054=DIRECTION('ref_axis',(0.707106781186547,-0.707106781186548,0.));
#11055=DIRECTION('',(-3.99680288865056E-16,0.,1.));
#11056=DIRECTION('center_axis',(1.,0.,-1.30614473485313E-16));
#11057=DIRECTION('ref_axis',(0.,0.707106781186547,0.707106781186548));
#11058=DIRECTION('',(-1.,0.,1.30614473485313E-16));
#11059=DIRECTION('',(1.,0.,-1.30614473485313E-16));
#11060=DIRECTION('center_axis',(-1.77635683940025E-16,0.,1.));
#11061=DIRECTION('ref_axis',(-0.707106781186547,-0.707106781186548,0.));
#11062=DIRECTION('',(1.77635683940025E-16,0.,-1.));
#11063=DIRECTION('center_axis',(1.30614473485313E-16,0.,1.));
#11064=DIRECTION('ref_axis',(1.,0.,-1.30614473485313E-16));
#11065=DIRECTION('center_axis',(0.,1.,0.));
#11066=DIRECTION('ref_axis',(0.,0.,1.));
#11067=DIRECTION('center_axis',(-1.,0.,-1.77635683940025E-16));
#11068=DIRECTION('ref_axis',(-1.77635683940025E-16,0.,1.));
#11069=DIRECTION('center_axis',(0.,1.,0.));
#11070=DIRECTION('ref_axis',(0.,0.,1.));
#11071=DIRECTION('center_axis',(1.,0.,3.99680288865056E-16));
#11072=DIRECTION('ref_axis',(3.99680288865056E-16,0.,-1.));
#11073=CARTESIAN_POINT('',(0.,0.,0.));
#11074=CARTESIAN_POINT('Ctrl Pts',(-16.2778505324661,2.13872167486405,-28.5));
#11075=CARTESIAN_POINT('Ctrl Pts',(-16.2778505324661,2.13872167486405,-28.51));
#11076=CARTESIAN_POINT('Ctrl Pts',(-16.3272832722626,2.13872167486405,-28.5));
#11077=CARTESIAN_POINT('Ctrl Pts',(-16.3272832722626,2.13872167486405,-28.51));
#11078=CARTESIAN_POINT('Ctrl Pts',(-16.4277694974229,2.18410255074287,-28.5));
#11079=CARTESIAN_POINT('Ctrl Pts',(-16.4277694974229,2.18410255074287,-28.51));
#11080=CARTESIAN_POINT('Ctrl Pts',(-16.4723400005182,2.22219007156973,-28.5));
#11081=CARTESIAN_POINT('Ctrl Pts',(-16.4723400005182,2.22219007156973,-28.51));
#11082=CARTESIAN_POINT('',(-16.2778505324661,2.13872167486405,-28.5));
#11083=CARTESIAN_POINT('',(-16.4723400005182,2.22219007156973,-28.5));
#11084=CARTESIAN_POINT('Ctrl Pts',(-16.2778505324661,2.13872167486405,-28.5));
#11085=CARTESIAN_POINT('Ctrl Pts',(-16.3272832722626,2.13872167486405,-28.5));
#11086=CARTESIAN_POINT('Ctrl Pts',(-16.4277694974229,2.18410255074287,-28.5));
#11087=CARTESIAN_POINT('Ctrl Pts',(-16.4723400005182,2.22219007156973,-28.5));
#11088=CARTESIAN_POINT('',(-16.2778505324661,2.13872167486405,-28.51));
#11089=CARTESIAN_POINT('',(-16.2778505324661,2.13872167486405,-28.5));
#11090=CARTESIAN_POINT('',(-16.4723400005182,2.22219007156973,-28.51));
#11091=CARTESIAN_POINT('Ctrl Pts',(-16.4723400005182,2.22219007156973,-28.51));
#11092=CARTESIAN_POINT('Ctrl Pts',(-16.4277694974229,2.18410255074287,-28.51));
#11093=CARTESIAN_POINT('Ctrl Pts',(-16.3272832722626,2.13872167486405,-28.51));
#11094=CARTESIAN_POINT('Ctrl Pts',(-16.2778505324661,2.13872167486405,-28.51));
#11095=CARTESIAN_POINT('',(-16.4723400005182,2.22219007156973,-28.5));
#11096=CARTESIAN_POINT('Ctrl Pts',(-16.1003788928685,2.41181730292052,-28.5));
#11097=CARTESIAN_POINT('Ctrl Pts',(-16.1003788928685,2.41181730292052,-28.51));
#11098=CARTESIAN_POINT('Ctrl Pts',(-16.1003788928685,2.27891616641826,-28.5));
#11099=CARTESIAN_POINT('Ctrl Pts',(-16.1003788928685,2.27891616641826,-28.51));
#11100=CARTESIAN_POINT('Ctrl Pts',(-16.1846576623578,2.13872167486405,-28.5));
#11101=CARTESIAN_POINT('Ctrl Pts',(-16.1846576623578,2.13872167486405,-28.51));
#11102=CARTESIAN_POINT('Ctrl Pts',(-16.2778505324661,2.13872167486405,-28.5));
#11103=CARTESIAN_POINT('Ctrl Pts',(-16.2778505324661,2.13872167486405,-28.51));
#11104=CARTESIAN_POINT('',(-16.1003788928685,2.41181730292052,-28.5));
#11105=CARTESIAN_POINT('Ctrl Pts',(-16.1003788928685,2.41181730292052,-28.5));
#11106=CARTESIAN_POINT('Ctrl Pts',(-16.1003788928685,2.27891616641826,-28.5));
#11107=CARTESIAN_POINT('Ctrl Pts',(-16.1846576623578,2.13872167486405,-28.5));
#11108=CARTESIAN_POINT('Ctrl Pts',(-16.2778505324661,2.13872167486405,-28.5));
#11109=CARTESIAN_POINT('',(-16.1003788928685,2.41181730292052,-28.51));
#11110=CARTESIAN_POINT('',(-16.1003788928685,2.41181730292052,-28.5));
#11111=CARTESIAN_POINT('Ctrl Pts',(-16.2778505324661,2.13872167486405,-28.51));
#11112=CARTESIAN_POINT('Ctrl Pts',(-16.1846576623578,2.13872167486405,-28.51));
#11113=CARTESIAN_POINT('Ctrl Pts',(-16.1003788928685,2.27891616641826,-28.51));
#11114=CARTESIAN_POINT('Ctrl Pts',(-16.1003788928685,2.41181730292052,-28.51));
#11115=CARTESIAN_POINT('Ctrl Pts',(-16.3078343254574,2.69544777716315,-28.5));
#11116=CARTESIAN_POINT('Ctrl Pts',(-16.3078343254574,2.69544777716315,-28.51));
#11117=CARTESIAN_POINT('Ctrl Pts',(-16.2105895914314,2.69544777716315,-28.5));
#11118=CARTESIAN_POINT('Ctrl Pts',(-16.2105895914314,2.69544777716315,-28.51));
#11119=CARTESIAN_POINT('Ctrl Pts',(-16.1003788928685,2.54958067612408,-28.5));
#11120=CARTESIAN_POINT('Ctrl Pts',(-16.1003788928685,2.54958067612408,-28.51));
#11121=CARTESIAN_POINT('Ctrl Pts',(-16.1003788928685,2.41181730292052,-28.5));
#11122=CARTESIAN_POINT('Ctrl Pts',(-16.1003788928685,2.41181730292052,-28.51));
#11123=CARTESIAN_POINT('',(-16.3078343254574,2.69544777716315,-28.5));
#11124=CARTESIAN_POINT('Ctrl Pts',(-16.3078343254574,2.69544777716315,-28.5));
#11125=CARTESIAN_POINT('Ctrl Pts',(-16.2105895914314,2.69544777716315,-28.5));
#11126=CARTESIAN_POINT('Ctrl Pts',(-16.1003788928685,2.54958067612408,-28.5));
#11127=CARTESIAN_POINT('Ctrl Pts',(-16.1003788928685,2.41181730292052,-28.5));
#11128=CARTESIAN_POINT('',(-16.3078343254574,2.69544777716315,-28.51));
#11129=CARTESIAN_POINT('',(-16.3078343254574,2.69544777716315,-28.5));
#11130=CARTESIAN_POINT('Ctrl Pts',(-16.1003788928685,2.41181730292052,-28.51));
#11131=CARTESIAN_POINT('Ctrl Pts',(-16.1003788928685,2.54958067612408,-28.51));
#11132=CARTESIAN_POINT('Ctrl Pts',(-16.2105895914314,2.69544777716315,-28.51));
#11133=CARTESIAN_POINT('Ctrl Pts',(-16.3078343254574,2.69544777716315,-28.51));
#11134=CARTESIAN_POINT('Ctrl Pts',(-16.4723400005182,2.65573951076918,-28.5));
#11135=CARTESIAN_POINT('Ctrl Pts',(-16.4723400005182,2.65573951076918,-28.51));
#11136=CARTESIAN_POINT('Ctrl Pts',(-16.4253383790722,2.67842994870859,-28.5));
#11137=CARTESIAN_POINT('Ctrl Pts',(-16.4253383790722,2.67842994870859,-28.51));
#11138=CARTESIAN_POINT('Ctrl Pts',(-16.3507840829856,2.69544777716315,-28.5));
#11139=CARTESIAN_POINT('Ctrl Pts',(-16.3507840829856,2.69544777716315,-28.51));
#11140=CARTESIAN_POINT('Ctrl Pts',(-16.3078343254574,2.69544777716315,-28.5));
#11141=CARTESIAN_POINT('Ctrl Pts',(-16.3078343254574,2.69544777716315,-28.51));
#11142=CARTESIAN_POINT('',(-16.4723400005182,2.65573951076918,-28.5));
#11143=CARTESIAN_POINT('Ctrl Pts',(-16.4723400005182,2.65573951076918,-28.5));
#11144=CARTESIAN_POINT('Ctrl Pts',(-16.4253383790722,2.67842994870859,-28.5));
#11145=CARTESIAN_POINT('Ctrl Pts',(-16.3507840829856,2.69544777716315,-28.5));
#11146=CARTESIAN_POINT('Ctrl Pts',(-16.3078343254574,2.69544777716315,-28.5));
#11147=CARTESIAN_POINT('',(-16.4723400005182,2.65573951076918,-28.51));
#11148=CARTESIAN_POINT('',(-16.4723400005182,2.65573951076918,-28.5));
#11149=CARTESIAN_POINT('Ctrl Pts',(-16.3078343254574,2.69544777716315,-28.51));
#11150=CARTESIAN_POINT('Ctrl Pts',(-16.3507840829856,2.69544777716315,-28.51));
#11151=CARTESIAN_POINT('Ctrl Pts',(-16.4253383790722,2.67842994870859,-28.51));
#11152=CARTESIAN_POINT('Ctrl Pts',(-16.4723400005182,2.65573951076918,-28.51));
#11153=CARTESIAN_POINT('Origin',(-16.4723400005182,2.22219007156973,-28.5));
#11154=CARTESIAN_POINT('',(-16.4723400005182,2.36109503578487,-28.5));
#11155=CARTESIAN_POINT('',(-16.4723400005182,2.37477156096913,-28.51));
#11156=CARTESIAN_POINT('Origin',(-16.4723400005182,2.11603123692464,-28.5));
#11157=CARTESIAN_POINT('',(-16.4723400005182,2.0398561952709,-28.5));
#11158=CARTESIAN_POINT('',(-16.4723400005182,2.11603123692464,-28.5));
#11159=CARTESIAN_POINT('',(-16.4723400005182,2.30801561846232,-28.5));
#11160=CARTESIAN_POINT('',(-16.4723400005182,2.0398561952709,-28.51));
#11161=CARTESIAN_POINT('',(-16.4723400005182,2.0398561952709,-28.5));
#11162=CARTESIAN_POINT('',(-16.4723400005182,2.11603123692464,-28.51));
#11163=CARTESIAN_POINT('',(-16.4723400005182,2.0398561952709,-28.51));
#11164=CARTESIAN_POINT('',(-16.4723400005182,2.11603123692464,-28.5));
#11165=CARTESIAN_POINT('Ctrl Pts',(-16.3710434025744,2.04552880475575,-28.5));
#11166=CARTESIAN_POINT('Ctrl Pts',(-16.3710434025744,2.04552880475575,-28.51));
#11167=CARTESIAN_POINT('Ctrl Pts',(-16.4002168227822,2.05930514207611,-28.5));
#11168=CARTESIAN_POINT('Ctrl Pts',(-16.4002168227822,2.05930514207611,-28.51));
#11169=CARTESIAN_POINT('Ctrl Pts',(-16.4431665803104,2.09172005341812,-28.5));
#11170=CARTESIAN_POINT('Ctrl Pts',(-16.4431665803104,2.09172005341812,-28.51));
#11171=CARTESIAN_POINT('Ctrl Pts',(-16.4723400005182,2.11603123692464,-28.5));
#11172=CARTESIAN_POINT('Ctrl Pts',(-16.4723400005182,2.11603123692464,-28.51));
#11173=CARTESIAN_POINT('',(-16.3710434025744,2.04552880475575,-28.5));
#11174=CARTESIAN_POINT('Ctrl Pts',(-16.4723400005182,2.11603123692464,-28.5));
#11175=CARTESIAN_POINT('Ctrl Pts',(-16.4431665803104,2.09172005341812,-28.5));
#11176=CARTESIAN_POINT('Ctrl Pts',(-16.4002168227822,2.05930514207611,-28.5));
#11177=CARTESIAN_POINT('Ctrl Pts',(-16.3710434025744,2.04552880475575,-28.5));
#11178=CARTESIAN_POINT('',(-16.3710434025744,2.04552880475575,-28.51));
#11179=CARTESIAN_POINT('Ctrl Pts',(-16.3710434025744,2.04552880475575,-28.51));
#11180=CARTESIAN_POINT('Ctrl Pts',(-16.4002168227822,2.05930514207611,-28.51));
#11181=CARTESIAN_POINT('Ctrl Pts',(-16.4431665803104,2.09172005341812,-28.51));
#11182=CARTESIAN_POINT('Ctrl Pts',(-16.4723400005182,2.11603123692464,-28.51));
#11183=CARTESIAN_POINT('',(-16.3710434025744,2.04552880475575,-28.5));
#11184=CARTESIAN_POINT('Ctrl Pts',(-16.2486771122583,2.01878650289859,-28.5));
#11185=CARTESIAN_POINT('Ctrl Pts',(-16.2486771122583,2.01878650289859,-28.51));
#11186=CARTESIAN_POINT('Ctrl Pts',(-16.2867646330851,2.01878650289859,-28.5));
#11187=CARTESIAN_POINT('Ctrl Pts',(-16.2867646330851,2.01878650289859,-28.51));
#11188=CARTESIAN_POINT('Ctrl Pts',(-16.3443011007172,2.03256284021895,-28.5));
#11189=CARTESIAN_POINT('Ctrl Pts',(-16.3443011007172,2.03256284021895,-28.51));
#11190=CARTESIAN_POINT('Ctrl Pts',(-16.3710434025744,2.04552880475575,-28.5));
#11191=CARTESIAN_POINT('Ctrl Pts',(-16.3710434025744,2.04552880475575,-28.51));
#11192=CARTESIAN_POINT('',(-16.2486771122583,2.01878650289859,-28.5));
#11193=CARTESIAN_POINT('Ctrl Pts',(-16.3710434025744,2.04552880475575,-28.5));
#11194=CARTESIAN_POINT('Ctrl Pts',(-16.3443011007172,2.03256284021895,-28.5));
#11195=CARTESIAN_POINT('Ctrl Pts',(-16.2867646330851,2.01878650289859,-28.5));
#11196=CARTESIAN_POINT('Ctrl Pts',(-16.2486771122583,2.01878650289859,-28.5));
#11197=CARTESIAN_POINT('',(-16.2486771122583,2.01878650289859,-28.51));
#11198=CARTESIAN_POINT('Ctrl Pts',(-16.2486771122583,2.01878650289859,-28.51));
#11199=CARTESIAN_POINT('Ctrl Pts',(-16.2867646330851,2.01878650289859,-28.51));
#11200=CARTESIAN_POINT('Ctrl Pts',(-16.3443011007172,2.03256284021895,-28.51));
#11201=CARTESIAN_POINT('Ctrl Pts',(-16.3710434025744,2.04552880475575,-28.51));
#11202=CARTESIAN_POINT('',(-16.2486771122583,2.01878650289859,-28.5));
#11203=CARTESIAN_POINT('Ctrl Pts',(-16.0468942891542,2.11927272805884,-28.5));
#11204=CARTESIAN_POINT('Ctrl Pts',(-16.0468942891542,2.11927272805884,-28.51));
#11205=CARTESIAN_POINT('Ctrl Pts',(-16.083361064414,2.06983998826226,-28.5));
#11206=CARTESIAN_POINT('Ctrl Pts',(-16.083361064414,2.06983998826226,-28.51));
#11207=CARTESIAN_POINT('Ctrl Pts',(-16.1870887807084,2.01878650289859,-28.5));
#11208=CARTESIAN_POINT('Ctrl Pts',(-16.1870887807084,2.01878650289859,-28.51));
#11209=CARTESIAN_POINT('Ctrl Pts',(-16.2486771122583,2.01878650289859,-28.5));
#11210=CARTESIAN_POINT('Ctrl Pts',(-16.2486771122583,2.01878650289859,-28.51));
#11211=CARTESIAN_POINT('',(-16.0468942891542,2.11927272805884,-28.5));
#11212=CARTESIAN_POINT('Ctrl Pts',(-16.2486771122583,2.01878650289859,-28.5));
#11213=CARTESIAN_POINT('Ctrl Pts',(-16.1870887807084,2.01878650289859,-28.5));
#11214=CARTESIAN_POINT('Ctrl Pts',(-16.083361064414,2.06983998826226,-28.5));
#11215=CARTESIAN_POINT('Ctrl Pts',(-16.0468942891542,2.11927272805884,-28.5));
#11216=CARTESIAN_POINT('',(-16.0468942891542,2.11927272805884,-28.51));
#11217=CARTESIAN_POINT('Ctrl Pts',(-16.0468942891542,2.11927272805884,-28.51));
#11218=CARTESIAN_POINT('Ctrl Pts',(-16.083361064414,2.06983998826226,-28.51));
#11219=CARTESIAN_POINT('Ctrl Pts',(-16.1870887807084,2.01878650289859,-28.51));
#11220=CARTESIAN_POINT('Ctrl Pts',(-16.2486771122583,2.01878650289859,-28.51));
#11221=CARTESIAN_POINT('',(-16.0468942891542,2.11927272805884,-28.5));
#11222=CARTESIAN_POINT('Ctrl Pts',(-15.9699088747169,2.40938618456987,-28.5));
#11223=CARTESIAN_POINT('Ctrl Pts',(-15.9699088747169,2.40938618456987,-28.51));
#11224=CARTESIAN_POINT('Ctrl Pts',(-15.9699088747169,2.31457256889448,-28.5));
#11225=CARTESIAN_POINT('Ctrl Pts',(-15.9699088747169,2.31457256889448,-28.51));
#11226=CARTESIAN_POINT('Ctrl Pts',(-16.0104275138945,2.16870546785541,-28.5));
#11227=CARTESIAN_POINT('Ctrl Pts',(-16.0104275138945,2.16870546785541,-28.51));
#11228=CARTESIAN_POINT('Ctrl Pts',(-16.0468942891542,2.11927272805884,-28.5));
#11229=CARTESIAN_POINT('Ctrl Pts',(-16.0468942891542,2.11927272805884,-28.51));
#11230=CARTESIAN_POINT('',(-15.9699088747169,2.40938618456987,-28.5));
#11231=CARTESIAN_POINT('Ctrl Pts',(-16.0468942891542,2.11927272805884,-28.5));
#11232=CARTESIAN_POINT('Ctrl Pts',(-16.0104275138945,2.16870546785541,-28.5));
#11233=CARTESIAN_POINT('Ctrl Pts',(-15.9699088747169,2.31457256889448,-28.5));
#11234=CARTESIAN_POINT('Ctrl Pts',(-15.9699088747169,2.40938618456987,-28.5));
#11235=CARTESIAN_POINT('',(-15.9699088747169,2.40938618456987,-28.51));
#11236=CARTESIAN_POINT('Ctrl Pts',(-15.9699088747169,2.40938618456987,-28.51));
#11237=CARTESIAN_POINT('Ctrl Pts',(-15.9699088747169,2.31457256889448,-28.51));
#11238=CARTESIAN_POINT('Ctrl Pts',(-16.0104275138945,2.16870546785541,-28.51));
#11239=CARTESIAN_POINT('Ctrl Pts',(-16.0468942891542,2.11927272805884,-28.51));
#11240=CARTESIAN_POINT('',(-15.9699088747169,2.40938618456987,-28.5));
#11241=CARTESIAN_POINT('Ctrl Pts',(-16.0655328631759,2.70679299613286,-28.5));
#11242=CARTESIAN_POINT('Ctrl Pts',(-16.0655328631759,2.70679299613286,-28.51));
#11243=CARTESIAN_POINT('Ctrl Pts',(-16.0209623600806,2.65249801963498,-28.5));
#11244=CARTESIAN_POINT('Ctrl Pts',(-16.0209623600806,2.65249801963498,-28.51));
#11245=CARTESIAN_POINT('Ctrl Pts',(-15.9699088747169,2.50825166416302,-28.5));
#11246=CARTESIAN_POINT('Ctrl Pts',(-15.9699088747169,2.50825166416302,-28.51));
#11247=CARTESIAN_POINT('Ctrl Pts',(-15.9699088747169,2.40938618456987,-28.5));
#11248=CARTESIAN_POINT('Ctrl Pts',(-15.9699088747169,2.40938618456987,-28.51));
#11249=CARTESIAN_POINT('',(-16.0655328631759,2.70679299613286,-28.5));
#11250=CARTESIAN_POINT('Ctrl Pts',(-15.9699088747169,2.40938618456987,-28.5));
#11251=CARTESIAN_POINT('Ctrl Pts',(-15.9699088747169,2.50825166416302,-28.5));
#11252=CARTESIAN_POINT('Ctrl Pts',(-16.0209623600806,2.65249801963498,-28.5));
#11253=CARTESIAN_POINT('Ctrl Pts',(-16.0655328631759,2.70679299613286,-28.5));
#11254=CARTESIAN_POINT('',(-16.0655328631759,2.70679299613286,-28.51));
#11255=CARTESIAN_POINT('Ctrl Pts',(-16.0655328631759,2.70679299613286,-28.51));
#11256=CARTESIAN_POINT('Ctrl Pts',(-16.0209623600806,2.65249801963498,-28.51));
#11257=CARTESIAN_POINT('Ctrl Pts',(-15.9699088747169,2.50825166416302,-28.51));
#11258=CARTESIAN_POINT('Ctrl Pts',(-15.9699088747169,2.40938618456987,-28.51));
#11259=CARTESIAN_POINT('',(-16.0655328631759,2.70679299613286,-28.5));
#11260=CARTESIAN_POINT('Ctrl Pts',(-16.2867646330851,2.81133108521086,-28.5));
#11261=CARTESIAN_POINT('Ctrl Pts',(-16.2867646330851,2.81133108521086,-28.51));
#11262=CARTESIAN_POINT('Ctrl Pts',(-16.2227451831846,2.81133108521086,-28.5));
#11263=CARTESIAN_POINT('Ctrl Pts',(-16.2227451831846,2.81133108521086,-28.51));
#11264=CARTESIAN_POINT('Ctrl Pts',(-16.1068618751369,2.75541536314588,-28.5));
#11265=CARTESIAN_POINT('Ctrl Pts',(-16.1068618751369,2.75541536314588,-28.51));
#11266=CARTESIAN_POINT('Ctrl Pts',(-16.0655328631759,2.70679299613286,-28.5));
#11267=CARTESIAN_POINT('Ctrl Pts',(-16.0655328631759,2.70679299613286,-28.51));
#11268=CARTESIAN_POINT('',(-16.2867646330851,2.81133108521086,-28.5));
#11269=CARTESIAN_POINT('Ctrl Pts',(-16.0655328631759,2.70679299613286,-28.5));
#11270=CARTESIAN_POINT('Ctrl Pts',(-16.1068618751369,2.75541536314588,-28.5));
#11271=CARTESIAN_POINT('Ctrl Pts',(-16.2227451831846,2.81133108521086,-28.5));
#11272=CARTESIAN_POINT('Ctrl Pts',(-16.2867646330851,2.81133108521086,-28.5));
#11273=CARTESIAN_POINT('',(-16.2867646330851,2.81133108521086,-28.51));
#11274=CARTESIAN_POINT('Ctrl Pts',(-16.2867646330851,2.81133108521086,-28.51));
#11275=CARTESIAN_POINT('Ctrl Pts',(-16.2227451831846,2.81133108521086,-28.51));
#11276=CARTESIAN_POINT('Ctrl Pts',(-16.1068618751369,2.75541536314588,-28.51));
#11277=CARTESIAN_POINT('Ctrl Pts',(-16.0655328631759,2.70679299613286,-28.51));
#11278=CARTESIAN_POINT('',(-16.2867646330851,2.81133108521086,-28.5));
#11279=CARTESIAN_POINT('Ctrl Pts',(-16.4723400005182,2.76027759984718,-28.5));
#11280=CARTESIAN_POINT('Ctrl Pts',(-16.4723400005182,2.76027759984718,-28.51));
#11281=CARTESIAN_POINT('Ctrl Pts',(-16.4261487518558,2.78620952892079,-28.5));
#11282=CARTESIAN_POINT('Ctrl Pts',(-16.4261487518558,2.78620952892079,-28.51));
#11283=CARTESIAN_POINT('Ctrl Pts',(-16.3426803551501,2.81133108521086,-28.5));
#11284=CARTESIAN_POINT('Ctrl Pts',(-16.3426803551501,2.81133108521086,-28.51));
#11285=CARTESIAN_POINT('Ctrl Pts',(-16.2867646330851,2.81133108521086,-28.5));
#11286=CARTESIAN_POINT('Ctrl Pts',(-16.2867646330851,2.81133108521086,-28.51));
#11287=CARTESIAN_POINT('',(-16.4723400005182,2.76027759984718,-28.5));
#11288=CARTESIAN_POINT('Ctrl Pts',(-16.2867646330851,2.81133108521086,-28.5));
#11289=CARTESIAN_POINT('Ctrl Pts',(-16.3426803551501,2.81133108521086,-28.5));
#11290=CARTESIAN_POINT('Ctrl Pts',(-16.4261487518558,2.78620952892079,-28.5));
#11291=CARTESIAN_POINT('Ctrl Pts',(-16.4723400005182,2.76027759984718,-28.5));
#11292=CARTESIAN_POINT('',(-16.4723400005182,2.76027759984718,-28.51));
#11293=CARTESIAN_POINT('Ctrl Pts',(-16.4723400005182,2.76027759984718,-28.51));
#11294=CARTESIAN_POINT('Ctrl Pts',(-16.4261487518558,2.78620952892079,-28.51));
#11295=CARTESIAN_POINT('Ctrl Pts',(-16.3426803551501,2.81133108521086,-28.51));
#11296=CARTESIAN_POINT('Ctrl Pts',(-16.2867646330851,2.81133108521086,-28.51));
#11297=CARTESIAN_POINT('',(-16.4723400005182,2.76027759984718,-28.5));
#11298=CARTESIAN_POINT('Origin',(-16.4723400005182,3.08442671326733,-28.5));
#11299=CARTESIAN_POINT('',(-16.4723400005182,3.08442671326733,-28.5));
#11300=CARTESIAN_POINT('',(-16.4723400005182,2.79221335663367,-28.5));
#11301=CARTESIAN_POINT('',(-16.4723400005182,3.08442671326733,-28.51));
#11302=CARTESIAN_POINT('',(-16.4723400005182,2.76027759984718,-28.51));
#11303=CARTESIAN_POINT('',(-16.4723400005182,3.08442671326733,-28.5));
#11304=CARTESIAN_POINT('Origin',(-16.598758154752,3.08442671326733,-28.5));
#11305=CARTESIAN_POINT('',(-16.598758154752,3.08442671326733,-28.5));
#11306=CARTESIAN_POINT('',(-8.29937907737601,3.08442671326733,-28.5));
#11307=CARTESIAN_POINT('',(-16.598758154752,3.08442671326733,-28.51));
#11308=CARTESIAN_POINT('',(-16.4723400005182,3.08442671326733,-28.51));
#11309=CARTESIAN_POINT('',(-16.598758154752,3.08442671326733,-28.5));
#11310=CARTESIAN_POINT('Origin',(-16.598758154752,2.0398561952709,-28.5));
#11311=CARTESIAN_POINT('',(-16.598758154752,2.0398561952709,-28.5));
#11312=CARTESIAN_POINT('',(-16.598758154752,2.26992809763545,-28.5));
#11313=CARTESIAN_POINT('',(-16.598758154752,2.0398561952709,-28.51));
#11314=CARTESIAN_POINT('',(-16.598758154752,3.08442671326733,-28.51));
#11315=CARTESIAN_POINT('',(-16.598758154752,2.0398561952709,-28.5));
#11316=CARTESIAN_POINT('Origin',(-16.4723400005182,2.0398561952709,-28.5));
#11317=CARTESIAN_POINT('',(-8.23617000025908,2.0398561952709,-28.5));
#11318=CARTESIAN_POINT('',(-16.598758154752,2.0398561952709,-28.51));
#11319=CARTESIAN_POINT('Origin',(-16.3942814339899,2.52735305036853,-28.51));
#11320=CARTESIAN_POINT('Origin',(-13.8216106255249,2.18167143239222,-28.5));
#11321=CARTESIAN_POINT('',(-13.8216106255249,2.0398561952709,-28.5));
#11322=CARTESIAN_POINT('',(-13.8216106255249,2.18167143239222,-28.5));
#11323=CARTESIAN_POINT('',(-13.8216106255249,2.34083571619611,-28.5));
#11324=CARTESIAN_POINT('',(-13.8216106255249,2.0398561952709,-28.51));
#11325=CARTESIAN_POINT('',(-13.8216106255249,2.0398561952709,-28.5));
#11326=CARTESIAN_POINT('',(-13.8216106255249,2.18167143239222,-28.51));
#11327=CARTESIAN_POINT('',(-13.8216106255249,2.0398561952709,-28.51));
#11328=CARTESIAN_POINT('',(-13.8216106255249,2.18167143239222,-28.5));
#11329=CARTESIAN_POINT('Ctrl Pts',(-14.0631017150229,2.42235214910668,-28.5));
#11330=CARTESIAN_POINT('Ctrl Pts',(-14.0631017150229,2.42235214910668,-28.51));
#11331=CARTESIAN_POINT('Ctrl Pts',(-14.0063756201744,2.3599534447733,-28.5));
#11332=CARTESIAN_POINT('Ctrl Pts',(-14.0063756201744,2.3599534447733,-28.51));
#11333=CARTESIAN_POINT('Ctrl Pts',(-13.888061193776,2.24407013672559,-28.5));
#11334=CARTESIAN_POINT('Ctrl Pts',(-13.888061193776,2.24407013672559,-28.51));
#11335=CARTESIAN_POINT('Ctrl Pts',(-13.8216106255249,2.18167143239222,-28.5));
#11336=CARTESIAN_POINT('Ctrl Pts',(-13.8216106255249,2.18167143239222,-28.51));
#11337=CARTESIAN_POINT('',(-14.0631017150229,2.42235214910668,-28.5));
#11338=CARTESIAN_POINT('Ctrl Pts',(-13.8216106255249,2.18167143239222,-28.5));
#11339=CARTESIAN_POINT('Ctrl Pts',(-13.888061193776,2.24407013672559,-28.5));
#11340=CARTESIAN_POINT('Ctrl Pts',(-14.0063756201744,2.3599534447733,-28.5));
#11341=CARTESIAN_POINT('Ctrl Pts',(-14.0631017150229,2.42235214910668,-28.5));
#11342=CARTESIAN_POINT('',(-14.0631017150229,2.42235214910668,-28.51));
#11343=CARTESIAN_POINT('Ctrl Pts',(-14.0631017150229,2.42235214910668,-28.51));
#11344=CARTESIAN_POINT('Ctrl Pts',(-14.0063756201744,2.3599534447733,-28.51));
#11345=CARTESIAN_POINT('Ctrl Pts',(-13.888061193776,2.24407013672559,-28.51));
#11346=CARTESIAN_POINT('Ctrl Pts',(-13.8216106255249,2.18167143239222,-28.51));
#11347=CARTESIAN_POINT('',(-14.0631017150229,2.42235214910668,-28.5));
#11348=CARTESIAN_POINT('Ctrl Pts',(-14.2608326742092,2.77891617386884,-28.5));
#11349=CARTESIAN_POINT('Ctrl Pts',(-14.2608326742092,2.77891617386884,-28.51));
#11350=CARTESIAN_POINT('Ctrl Pts',(-14.2608326742092,2.69868926829735,-28.5));
#11351=CARTESIAN_POINT('Ctrl Pts',(-14.2608326742092,2.69868926829735,-28.51));
#11352=CARTESIAN_POINT('Ctrl Pts',(-14.1773642775035,2.54795993055698,-28.5));
#11353=CARTESIAN_POINT('Ctrl Pts',(-14.1773642775035,2.54795993055698,-28.51));
#11354=CARTESIAN_POINT('Ctrl Pts',(-14.0631017150229,2.42235214910668,-28.5));
#11355=CARTESIAN_POINT('Ctrl Pts',(-14.0631017150229,2.42235214910668,-28.51));
#11356=CARTESIAN_POINT('',(-14.2608326742092,2.77891617386884,-28.5));
#11357=CARTESIAN_POINT('Ctrl Pts',(-14.0631017150229,2.42235214910668,-28.5));
#11358=CARTESIAN_POINT('Ctrl Pts',(-14.1773642775035,2.54795993055698,-28.5));
#11359=CARTESIAN_POINT('Ctrl Pts',(-14.2608326742092,2.69868926829735,-28.5));
#11360=CARTESIAN_POINT('Ctrl Pts',(-14.2608326742092,2.77891617386884,-28.5));
#11361=CARTESIAN_POINT('',(-14.2608326742092,2.77891617386884,-28.51));
#11362=CARTESIAN_POINT('Ctrl Pts',(-14.2608326742092,2.77891617386884,-28.51));
#11363=CARTESIAN_POINT('Ctrl Pts',(-14.2608326742092,2.69868926829735,-28.51));
#11364=CARTESIAN_POINT('Ctrl Pts',(-14.1773642775035,2.54795993055698,-28.51));
#11365=CARTESIAN_POINT('Ctrl Pts',(-14.0631017150229,2.42235214910668,-28.51));
#11366=CARTESIAN_POINT('',(-14.2608326742092,2.77891617386884,-28.5));
#11367=CARTESIAN_POINT('Ctrl Pts',(-14.2113999344126,2.90452395531915,-28.5));
#11368=CARTESIAN_POINT('Ctrl Pts',(-14.2113999344126,2.90452395531915,-28.51));
#11369=CARTESIAN_POINT('Ctrl Pts',(-14.2349007451356,2.88426463573039,-28.5));
#11370=CARTESIAN_POINT('Ctrl Pts',(-14.2349007451356,2.88426463573039,-28.51));
#11371=CARTESIAN_POINT('Ctrl Pts',(-14.2608326742092,2.82105555861346,-28.5));
#11372=CARTESIAN_POINT('Ctrl Pts',(-14.2608326742092,2.82105555861346,-28.51));
#11373=CARTESIAN_POINT('Ctrl Pts',(-14.2608326742092,2.77891617386884,-28.5));
#11374=CARTESIAN_POINT('Ctrl Pts',(-14.2608326742092,2.77891617386884,-28.51));
#11375=CARTESIAN_POINT('',(-14.2113999344126,2.90452395531915,-28.5));
#11376=CARTESIAN_POINT('Ctrl Pts',(-14.2608326742092,2.77891617386884,-28.5));
#11377=CARTESIAN_POINT('Ctrl Pts',(-14.2608326742092,2.82105555861346,-28.5));
#11378=CARTESIAN_POINT('Ctrl Pts',(-14.2349007451356,2.88426463573039,-28.5));
#11379=CARTESIAN_POINT('Ctrl Pts',(-14.2113999344126,2.90452395531915,-28.5));
#11380=CARTESIAN_POINT('',(-14.2113999344126,2.90452395531915,-28.51));
#11381=CARTESIAN_POINT('Ctrl Pts',(-14.2113999344126,2.90452395531915,-28.51));
#11382=CARTESIAN_POINT('Ctrl Pts',(-14.2349007451356,2.88426463573039,-28.51));
#11383=CARTESIAN_POINT('Ctrl Pts',(-14.2608326742092,2.82105555861346,-28.51));
#11384=CARTESIAN_POINT('Ctrl Pts',(-14.2608326742092,2.77891617386884,-28.51));
#11385=CARTESIAN_POINT('',(-14.2113999344126,2.90452395531915,-28.5));
#11386=CARTESIAN_POINT('Ctrl Pts',(-14.0890336440965,2.94504259449667,-28.5));
#11387=CARTESIAN_POINT('Ctrl Pts',(-14.0890336440965,2.94504259449667,-28.51));
#11388=CARTESIAN_POINT('Ctrl Pts',(-14.1263107921398,2.94504259449667,-28.5));
#11389=CARTESIAN_POINT('Ctrl Pts',(-14.1263107921398,2.94504259449667,-28.51));
#11390=CARTESIAN_POINT('Ctrl Pts',(-14.1878991236897,2.92478327490791,-28.5));
#11391=CARTESIAN_POINT('Ctrl Pts',(-14.1878991236897,2.92478327490791,-28.51));
#11392=CARTESIAN_POINT('Ctrl Pts',(-14.2113999344126,2.90452395531915,-28.5));
#11393=CARTESIAN_POINT('Ctrl Pts',(-14.2113999344126,2.90452395531915,-28.51));
#11394=CARTESIAN_POINT('',(-14.0890336440965,2.94504259449667,-28.5));
#11395=CARTESIAN_POINT('Ctrl Pts',(-14.2113999344126,2.90452395531915,-28.5));
#11396=CARTESIAN_POINT('Ctrl Pts',(-14.1878991236897,2.92478327490791,-28.5));
#11397=CARTESIAN_POINT('Ctrl Pts',(-14.1263107921398,2.94504259449667,-28.5));
#11398=CARTESIAN_POINT('Ctrl Pts',(-14.0890336440965,2.94504259449667,-28.5));
#11399=CARTESIAN_POINT('',(-14.0890336440965,2.94504259449667,-28.51));
#11400=CARTESIAN_POINT('Ctrl Pts',(-14.0890336440965,2.94504259449667,-28.51));
#11401=CARTESIAN_POINT('Ctrl Pts',(-14.1263107921398,2.94504259449667,-28.51));
#11402=CARTESIAN_POINT('Ctrl Pts',(-14.1878991236897,2.92478327490791,-28.51));
#11403=CARTESIAN_POINT('Ctrl Pts',(-14.2113999344126,2.90452395531915,-28.51));
#11404=CARTESIAN_POINT('',(-14.0890336440965,2.94504259449667,-28.5));
#11405=CARTESIAN_POINT('Ctrl Pts',(-13.9472184069752,2.9134380559382,-28.5));
#11406=CARTESIAN_POINT('Ctrl Pts',(-13.9472184069752,2.9134380559382,-28.51));
#11407=CARTESIAN_POINT('Ctrl Pts',(-13.9804436911008,2.92721439325856,-28.5));
#11408=CARTESIAN_POINT('Ctrl Pts',(-13.9804436911008,2.92721439325856,-28.51));
#11409=CARTESIAN_POINT('Ctrl Pts',(-14.0533772416203,2.94504259449667,-28.5));
#11410=CARTESIAN_POINT('Ctrl Pts',(-14.0533772416203,2.94504259449667,-28.51));
#11411=CARTESIAN_POINT('Ctrl Pts',(-14.0890336440965,2.94504259449667,-28.5));
#11412=CARTESIAN_POINT('Ctrl Pts',(-14.0890336440965,2.94504259449667,-28.51));
#11413=CARTESIAN_POINT('',(-13.9472184069752,2.9134380559382,-28.5));
#11414=CARTESIAN_POINT('Ctrl Pts',(-14.0890336440965,2.94504259449667,-28.5));
#11415=CARTESIAN_POINT('Ctrl Pts',(-14.0533772416203,2.94504259449667,-28.5));
#11416=CARTESIAN_POINT('Ctrl Pts',(-13.9804436911008,2.92721439325856,-28.5));
#11417=CARTESIAN_POINT('Ctrl Pts',(-13.9472184069752,2.9134380559382,-28.5));
#11418=CARTESIAN_POINT('',(-13.9472184069752,2.9134380559382,-28.51));
#11419=CARTESIAN_POINT('Ctrl Pts',(-13.9472184069752,2.9134380559382,-28.51));
#11420=CARTESIAN_POINT('Ctrl Pts',(-13.9804436911008,2.92721439325856,-28.51));
#11421=CARTESIAN_POINT('Ctrl Pts',(-14.0533772416203,2.94504259449667,-28.51));
#11422=CARTESIAN_POINT('Ctrl Pts',(-14.0890336440965,2.94504259449667,-28.51));
#11423=CARTESIAN_POINT('',(-13.9472184069752,2.9134380559382,-28.5));
#11424=CARTESIAN_POINT('Ctrl Pts',(-13.8499736729492,2.85833270665678,-28.5));
#11425=CARTESIAN_POINT('Ctrl Pts',(-13.8499736729492,2.85833270665678,-28.51));
#11426=CARTESIAN_POINT('Ctrl Pts',(-13.8661811286202,2.86967792562648,-28.5));
#11427=CARTESIAN_POINT('Ctrl Pts',(-13.8661811286202,2.86967792562648,-28.51));
#11428=CARTESIAN_POINT('Ctrl Pts',(-13.9188553595509,2.9020928369685,-28.5));
#11429=CARTESIAN_POINT('Ctrl Pts',(-13.9188553595509,2.9020928369685,-28.51));
#11430=CARTESIAN_POINT('Ctrl Pts',(-13.9472184069752,2.9134380559382,-28.5));
#11431=CARTESIAN_POINT('Ctrl Pts',(-13.9472184069752,2.9134380559382,-28.51));
#11432=CARTESIAN_POINT('',(-13.8499736729492,2.85833270665678,-28.5));
#11433=CARTESIAN_POINT('Ctrl Pts',(-13.9472184069752,2.9134380559382,-28.5));
#11434=CARTESIAN_POINT('Ctrl Pts',(-13.9188553595509,2.9020928369685,-28.5));
#11435=CARTESIAN_POINT('Ctrl Pts',(-13.8661811286202,2.86967792562648,-28.5));
#11436=CARTESIAN_POINT('Ctrl Pts',(-13.8499736729492,2.85833270665678,-28.5));
#11437=CARTESIAN_POINT('',(-13.8499736729492,2.85833270665678,-28.51));
#11438=CARTESIAN_POINT('Ctrl Pts',(-13.8499736729492,2.85833270665678,-28.51));
#11439=CARTESIAN_POINT('Ctrl Pts',(-13.8661811286202,2.86967792562648,-28.51));
#11440=CARTESIAN_POINT('Ctrl Pts',(-13.9188553595509,2.9020928369685,-28.51));
#11441=CARTESIAN_POINT('Ctrl Pts',(-13.9472184069752,2.9134380559382,-28.51));
#11442=CARTESIAN_POINT('',(-13.8499736729492,2.85833270665678,-28.5));
#11443=CARTESIAN_POINT('Origin',(-13.8426803178972,2.85833270665678,-28.5));
#11444=CARTESIAN_POINT('',(-13.8426803178972,2.85833270665678,-28.5));
#11445=CARTESIAN_POINT('',(-6.9213401589486,2.85833270665678,-28.5));
#11446=CARTESIAN_POINT('',(-13.8426803178972,2.85833270665678,-28.51));
#11447=CARTESIAN_POINT('',(-13.8499736729492,2.85833270665678,-28.51));
#11448=CARTESIAN_POINT('',(-13.8426803178972,2.85833270665678,-28.5));
#11449=CARTESIAN_POINT('Origin',(-13.8426803178972,3.00095831656164,-28.5));
#11450=CARTESIAN_POINT('',(-13.8426803178972,3.00095831656164,-28.5));
#11451=CARTESIAN_POINT('',(-13.8426803178972,2.75047915828082,-28.5));
#11452=CARTESIAN_POINT('',(-13.8426803178972,3.00095831656164,-28.51));
#11453=CARTESIAN_POINT('',(-13.8426803178972,2.85833270665678,-28.51));
#11454=CARTESIAN_POINT('',(-13.8426803178972,3.00095831656164,-28.5));
#11455=CARTESIAN_POINT('Ctrl Pts',(-14.0987581174991,3.06092590254437,-28.5));
#11456=CARTESIAN_POINT('Ctrl Pts',(-14.0987581174991,3.06092590254437,-28.51));
#11457=CARTESIAN_POINT('Ctrl Pts',(-14.032307549248,3.06092590254437,-28.5));
#11458=CARTESIAN_POINT('Ctrl Pts',(-14.032307549248,3.06092590254437,-28.51));
#11459=CARTESIAN_POINT('Ctrl Pts',(-13.8840093298583,3.0212176361504,-28.5));
#11460=CARTESIAN_POINT('Ctrl Pts',(-13.8840093298583,3.0212176361504,-28.51));
#11461=CARTESIAN_POINT('Ctrl Pts',(-13.8426803178972,3.00095831656164,-28.5));
#11462=CARTESIAN_POINT('Ctrl Pts',(-13.8426803178972,3.00095831656164,-28.51));
#11463=CARTESIAN_POINT('',(-14.0987581174991,3.06092590254437,-28.5));
#11464=CARTESIAN_POINT('Ctrl Pts',(-13.8426803178972,3.00095831656164,-28.5));
#11465=CARTESIAN_POINT('Ctrl Pts',(-13.8840093298583,3.0212176361504,-28.5));
#11466=CARTESIAN_POINT('Ctrl Pts',(-14.032307549248,3.06092590254437,-28.5));
#11467=CARTESIAN_POINT('Ctrl Pts',(-14.0987581174991,3.06092590254437,-28.5));
#11468=CARTESIAN_POINT('',(-14.0987581174991,3.06092590254437,-28.51));
#11469=CARTESIAN_POINT('Ctrl Pts',(-14.0987581174991,3.06092590254437,-28.51));
#11470=CARTESIAN_POINT('Ctrl Pts',(-14.032307549248,3.06092590254437,-28.51));
#11471=CARTESIAN_POINT('Ctrl Pts',(-13.8840093298583,3.0212176361504,-28.51));
#11472=CARTESIAN_POINT('Ctrl Pts',(-13.8426803178972,3.00095831656164,-28.51));
#11473=CARTESIAN_POINT('',(-14.0987581174991,3.06092590254437,-28.5));
#11474=CARTESIAN_POINT('Ctrl Pts',(-14.3969753018457,2.78620952892079,-28.5));
#11475=CARTESIAN_POINT('Ctrl Pts',(-14.3969753018457,2.78620952892079,-28.51));
#11476=CARTESIAN_POINT('Ctrl Pts',(-14.3969753018457,2.91262768315465,-28.5));
#11477=CARTESIAN_POINT('Ctrl Pts',(-14.3969753018457,2.91262768315465,-28.51));
#11478=CARTESIAN_POINT('Ctrl Pts',(-14.2389526090533,3.06092590254437,-28.5));
#11479=CARTESIAN_POINT('Ctrl Pts',(-14.2389526090533,3.06092590254437,-28.51));
#11480=CARTESIAN_POINT('Ctrl Pts',(-14.0987581174991,3.06092590254437,-28.5));
#11481=CARTESIAN_POINT('Ctrl Pts',(-14.0987581174991,3.06092590254437,-28.51));
#11482=CARTESIAN_POINT('',(-14.3969753018457,2.78620952892079,-28.5));
#11483=CARTESIAN_POINT('Ctrl Pts',(-14.0987581174991,3.06092590254437,-28.5));
#11484=CARTESIAN_POINT('Ctrl Pts',(-14.2389526090533,3.06092590254437,-28.5));
#11485=CARTESIAN_POINT('Ctrl Pts',(-14.3969753018457,2.91262768315465,-28.5));
#11486=CARTESIAN_POINT('Ctrl Pts',(-14.3969753018457,2.78620952892079,-28.5));
#11487=CARTESIAN_POINT('',(-14.3969753018457,2.78620952892079,-28.51));
#11488=CARTESIAN_POINT('Ctrl Pts',(-14.3969753018457,2.78620952892079,-28.51));
#11489=CARTESIAN_POINT('Ctrl Pts',(-14.3969753018457,2.91262768315465,-28.51));
#11490=CARTESIAN_POINT('Ctrl Pts',(-14.2389526090533,3.06092590254437,-28.51));
#11491=CARTESIAN_POINT('Ctrl Pts',(-14.0987581174991,3.06092590254437,-28.51));
#11492=CARTESIAN_POINT('',(-14.3969753018457,2.78620952892079,-28.5));
#11493=CARTESIAN_POINT('Ctrl Pts',(-14.3451114436984,2.58604745138385,-28.5));
#11494=CARTESIAN_POINT('Ctrl Pts',(-14.3451114436984,2.58604745138385,-28.51));
#11495=CARTESIAN_POINT('Ctrl Pts',(-14.3694226272049,2.62818683612847,-28.5));
#11496=CARTESIAN_POINT('Ctrl Pts',(-14.3694226272049,2.62818683612847,-28.51));
#11497=CARTESIAN_POINT('Ctrl Pts',(-14.3969753018457,2.72705231572162,-28.5));
#11498=CARTESIAN_POINT('Ctrl Pts',(-14.3969753018457,2.72705231572162,-28.51));
#11499=CARTESIAN_POINT('Ctrl Pts',(-14.3969753018457,2.78620952892079,-28.5));
#11500=CARTESIAN_POINT('Ctrl Pts',(-14.3969753018457,2.78620952892079,-28.51));
#11501=CARTESIAN_POINT('',(-14.3451114436984,2.58604745138385,-28.5));
#11502=CARTESIAN_POINT('Ctrl Pts',(-14.3969753018457,2.78620952892079,-28.5));
#11503=CARTESIAN_POINT('Ctrl Pts',(-14.3969753018457,2.72705231572162,-28.5));
#11504=CARTESIAN_POINT('Ctrl Pts',(-14.3694226272049,2.62818683612847,-28.5));
#11505=CARTESIAN_POINT('Ctrl Pts',(-14.3451114436984,2.58604745138385,-28.5));
#11506=CARTESIAN_POINT('',(-14.3451114436984,2.58604745138385,-28.51));
#11507=CARTESIAN_POINT('Ctrl Pts',(-14.3451114436984,2.58604745138385,-28.51));
#11508=CARTESIAN_POINT('Ctrl Pts',(-14.3694226272049,2.62818683612847,-28.51));
#11509=CARTESIAN_POINT('Ctrl Pts',(-14.3969753018457,2.72705231572162,-28.51));
#11510=CARTESIAN_POINT('Ctrl Pts',(-14.3969753018457,2.78620952892079,-28.51));
#11511=CARTESIAN_POINT('',(-14.3451114436984,2.58604745138385,-28.5));
#11512=CARTESIAN_POINT('Ctrl Pts',(-14.2113999344126,2.41505879405472,-28.5));
#11513=CARTESIAN_POINT('Ctrl Pts',(-14.2113999344126,2.41505879405472,-28.51));
#11514=CARTESIAN_POINT('Ctrl Pts',(-14.250297828023,2.45638780601579,-28.5));
#11515=CARTESIAN_POINT('Ctrl Pts',(-14.250297828023,2.45638780601579,-28.51));
#11516=CARTESIAN_POINT('Ctrl Pts',(-14.3208002601919,2.54228732107213,-28.5));
#11517=CARTESIAN_POINT('Ctrl Pts',(-14.3208002601919,2.54228732107213,-28.51));
#11518=CARTESIAN_POINT('Ctrl Pts',(-14.3451114436984,2.58604745138385,-28.5));
#11519=CARTESIAN_POINT('Ctrl Pts',(-14.3451114436984,2.58604745138385,-28.51));
#11520=CARTESIAN_POINT('',(-14.2113999344126,2.41505879405472,-28.5));
#11521=CARTESIAN_POINT('Ctrl Pts',(-14.3451114436984,2.58604745138385,-28.5));
#11522=CARTESIAN_POINT('Ctrl Pts',(-14.3208002601919,2.54228732107213,-28.5));
#11523=CARTESIAN_POINT('Ctrl Pts',(-14.250297828023,2.45638780601579,-28.5));
#11524=CARTESIAN_POINT('Ctrl Pts',(-14.2113999344126,2.41505879405472,-28.5));
#11525=CARTESIAN_POINT('',(-14.2113999344126,2.41505879405472,-28.51));
#11526=CARTESIAN_POINT('Ctrl Pts',(-14.2113999344126,2.41505879405472,-28.51));
#11527=CARTESIAN_POINT('Ctrl Pts',(-14.250297828023,2.45638780601579,-28.51));
#11528=CARTESIAN_POINT('Ctrl Pts',(-14.3208002601919,2.54228732107213,-28.51));
#11529=CARTESIAN_POINT('Ctrl Pts',(-14.3451114436984,2.58604745138385,-28.51));
#11530=CARTESIAN_POINT('',(-14.2113999344126,2.41505879405472,-28.5));
#11531=CARTESIAN_POINT('Ctrl Pts',(-13.9472184069752,2.1557395033186,-28.5));
#11532=CARTESIAN_POINT('Ctrl Pts',(-13.9472184069752,2.1557395033186,-28.51));
#11533=CARTESIAN_POINT('Ctrl Pts',(-13.9934096556376,2.19868926084677,-28.5));
#11534=CARTESIAN_POINT('Ctrl Pts',(-13.9934096556376,2.19868926084677,-28.51));
#11535=CARTESIAN_POINT('Ctrl Pts',(-14.1481908572957,2.34617710745294,-28.5));
#11536=CARTESIAN_POINT('Ctrl Pts',(-14.1481908572957,2.34617710745294,-28.51));
#11537=CARTESIAN_POINT('Ctrl Pts',(-14.2113999344126,2.41505879405472,-28.5));
#11538=CARTESIAN_POINT('Ctrl Pts',(-14.2113999344126,2.41505879405472,-28.51));
#11539=CARTESIAN_POINT('',(-13.9472184069752,2.1557395033186,-28.5));
#11540=CARTESIAN_POINT('Ctrl Pts',(-14.2113999344126,2.41505879405472,-28.5));
#11541=CARTESIAN_POINT('Ctrl Pts',(-14.1481908572957,2.34617710745294,-28.5));
#11542=CARTESIAN_POINT('Ctrl Pts',(-13.9934096556376,2.19868926084677,-28.5));
#11543=CARTESIAN_POINT('Ctrl Pts',(-13.9472184069752,2.1557395033186,-28.5));
#11544=CARTESIAN_POINT('',(-13.9472184069752,2.1557395033186,-28.51));
#11545=CARTESIAN_POINT('Ctrl Pts',(-13.9472184069752,2.1557395033186,-28.51));
#11546=CARTESIAN_POINT('Ctrl Pts',(-13.9934096556376,2.19868926084677,-28.51));
#11547=CARTESIAN_POINT('Ctrl Pts',(-14.1481908572957,2.34617710745294,-28.51));
#11548=CARTESIAN_POINT('Ctrl Pts',(-14.2113999344126,2.41505879405472,-28.51));
#11549=CARTESIAN_POINT('',(-13.9472184069752,2.1557395033186,-28.5));
#11550=CARTESIAN_POINT('Origin',(-14.4383043138067,2.1557395033186,-28.5));
#11551=CARTESIAN_POINT('',(-14.4383043138067,2.1557395033186,-28.5));
#11552=CARTESIAN_POINT('',(-7.21915215690336,2.1557395033186,-28.5));
#11553=CARTESIAN_POINT('',(-14.4383043138067,2.1557395033186,-28.51));
#11554=CARTESIAN_POINT('',(-13.9472184069752,2.1557395033186,-28.51));
#11555=CARTESIAN_POINT('',(-14.4383043138067,2.1557395033186,-28.5));
#11556=CARTESIAN_POINT('Origin',(-14.4383043138067,2.0398561952709,-28.5));
#11557=CARTESIAN_POINT('',(-14.4383043138067,2.0398561952709,-28.5));
#11558=CARTESIAN_POINT('',(-14.4383043138067,2.26992809763545,-28.5));
#11559=CARTESIAN_POINT('',(-14.4383043138067,2.0398561952709,-28.51));
#11560=CARTESIAN_POINT('',(-14.4383043138067,2.1557395033186,-28.51));
#11561=CARTESIAN_POINT('',(-14.4383043138067,2.0398561952709,-28.5));
#11562=CARTESIAN_POINT('Origin',(-13.8216106255249,2.0398561952709,-28.5));
#11563=CARTESIAN_POINT('',(-6.91080531276244,2.0398561952709,-28.5));
#11564=CARTESIAN_POINT('',(-14.4383043138067,2.0398561952709,-28.51));
#11565=CARTESIAN_POINT('Origin',(-14.1313817515636,2.46742199560425,-28.51));
#11566=CARTESIAN_POINT('Origin',(-12.7032961842254,2.68572330376055,-28.5));
#11567=CARTESIAN_POINT('',(-12.7032961842254,2.27000206579921,-28.5));
#11568=CARTESIAN_POINT('',(-12.7032961842254,2.68572330376055,-28.5));
#11569=CARTESIAN_POINT('',(-12.7032961842254,2.59286165188027,-28.5));
#11570=CARTESIAN_POINT('',(-12.7032961842254,2.27000206579921,-28.51));
#11571=CARTESIAN_POINT('',(-12.7032961842254,2.27000206579921,-28.5));
#11572=CARTESIAN_POINT('',(-12.7032961842254,2.68572330376055,-28.51));
#11573=CARTESIAN_POINT('',(-12.7032961842254,2.27000206579921,-28.51));
#11574=CARTESIAN_POINT('',(-12.7032961842254,2.68572330376055,-28.5));
#11575=CARTESIAN_POINT('Origin',(-12.6182070419526,2.68572330376055,-28.5));
#11576=CARTESIAN_POINT('',(-12.6182070419526,2.68572330376055,-28.5));
#11577=CARTESIAN_POINT('',(-6.30910352097629,2.68572330376055,-28.5));
#11578=CARTESIAN_POINT('',(-12.6182070419526,2.68572330376055,-28.51));
#11579=CARTESIAN_POINT('',(-12.7032961842254,2.68572330376055,-28.51));
#11580=CARTESIAN_POINT('',(-12.6182070419526,2.68572330376055,-28.5));
#11581=CARTESIAN_POINT('Origin',(-12.6182070419526,2.79026139283855,-28.5));
#11582=CARTESIAN_POINT('',(-12.6182070419526,2.79026139283855,-28.5));
#11583=CARTESIAN_POINT('',(-12.6182070419526,2.64513069641927,-28.5));
#11584=CARTESIAN_POINT('',(-12.6182070419526,2.79026139283855,-28.51));
#11585=CARTESIAN_POINT('',(-12.6182070419526,2.68572330376055,-28.51));
#11586=CARTESIAN_POINT('',(-12.6182070419526,2.79026139283855,-28.5));
#11587=CARTESIAN_POINT('Origin',(-12.7032961842254,2.79026139283855,-28.5));
#11588=CARTESIAN_POINT('',(-12.7032961842254,2.79026139283855,-28.5));
#11589=CARTESIAN_POINT('',(-6.35164809211268,2.79026139283855,-28.5));
#11590=CARTESIAN_POINT('',(-12.7032961842254,2.79026139283855,-28.51));
#11591=CARTESIAN_POINT('',(-12.6182070419526,2.79026139283855,-28.51));
#11592=CARTESIAN_POINT('',(-12.7032961842254,2.79026139283855,-28.5));
#11593=CARTESIAN_POINT('Origin',(-12.7032961842254,3.00582055326294,-28.5));
#11594=CARTESIAN_POINT('',(-12.7032961842254,3.00582055326294,-28.5));
#11595=CARTESIAN_POINT('',(-12.7032961842254,2.75291027663147,-28.5));
#11596=CARTESIAN_POINT('',(-12.7032961842254,3.00582055326294,-28.51));
#11597=CARTESIAN_POINT('',(-12.7032961842254,2.79026139283855,-28.51));
#11598=CARTESIAN_POINT('',(-12.7032961842254,3.00582055326294,-28.5));
#11599=CARTESIAN_POINT('Origin',(-12.8297143384592,3.00582055326294,-28.5));
#11600=CARTESIAN_POINT('',(-12.8297143384592,3.00582055326294,-28.5));
#11601=CARTESIAN_POINT('',(-6.41485716922961,3.00582055326294,-28.5));
#11602=CARTESIAN_POINT('',(-12.8297143384592,3.00582055326294,-28.51));
#11603=CARTESIAN_POINT('',(-12.7032961842254,3.00582055326294,-28.51));
#11604=CARTESIAN_POINT('',(-12.8297143384592,3.00582055326294,-28.5));
#11605=CARTESIAN_POINT('Origin',(-12.8297143384592,2.79026139283855,-28.5));
#11606=CARTESIAN_POINT('',(-12.8297143384592,2.79026139283855,-28.5));
#11607=CARTESIAN_POINT('',(-12.8297143384592,2.64513069641927,-28.5));
#11608=CARTESIAN_POINT('',(-12.8297143384592,2.79026139283855,-28.51));
#11609=CARTESIAN_POINT('',(-12.8297143384592,3.00582055326294,-28.51));
#11610=CARTESIAN_POINT('',(-12.8297143384592,2.79026139283855,-28.5));
#11611=CARTESIAN_POINT('Origin',(-13.0622913273382,2.79026139283855,-28.5));
#11612=CARTESIAN_POINT('',(-13.0622913273382,2.79026139283855,-28.5));
#11613=CARTESIAN_POINT('',(-6.53114566366909,2.79026139283855,-28.5));
#11614=CARTESIAN_POINT('',(-13.0622913273382,2.79026139283855,-28.51));
#11615=CARTESIAN_POINT('',(-12.8297143384592,2.79026139283855,-28.51));
#11616=CARTESIAN_POINT('',(-13.0622913273382,2.79026139283855,-28.5));
#11617=CARTESIAN_POINT('Origin',(-13.0622913273382,2.68572330376055,-28.5));
#11618=CARTESIAN_POINT('',(-13.0622913273382,2.68572330376055,-28.5));
#11619=CARTESIAN_POINT('',(-13.0622913273382,2.59286165188027,-28.5));
#11620=CARTESIAN_POINT('',(-13.0622913273382,2.68572330376055,-28.51));
#11621=CARTESIAN_POINT('',(-13.0622913273382,2.79026139283855,-28.51));
#11622=CARTESIAN_POINT('',(-13.0622913273382,2.68572330376055,-28.5));
#11623=CARTESIAN_POINT('Origin',(-12.8297143384592,2.68572330376055,-28.5));
#11624=CARTESIAN_POINT('',(-12.8297143384592,2.68572330376055,-28.5));
#11625=CARTESIAN_POINT('',(-6.41485716922961,2.68572330376055,-28.5));
#11626=CARTESIAN_POINT('',(-12.8297143384592,2.68572330376055,-28.51));
#11627=CARTESIAN_POINT('',(-13.0622913273382,2.68572330376055,-28.51));
#11628=CARTESIAN_POINT('',(-12.8297143384592,2.68572330376055,-28.5));
#11629=CARTESIAN_POINT('Origin',(-12.8297143384592,2.32834890621483,-28.5));
#11630=CARTESIAN_POINT('',(-12.8297143384592,2.32834890621483,-28.5));
#11631=CARTESIAN_POINT('',(-12.8297143384592,2.41417445310742,-28.5));
#11632=CARTESIAN_POINT('',(-12.8297143384592,2.32834890621483,-28.51));
#11633=CARTESIAN_POINT('',(-12.8297143384592,2.68572330376055,-28.51));
#11634=CARTESIAN_POINT('',(-12.8297143384592,2.32834890621483,-28.5));
#11635=CARTESIAN_POINT('Ctrl Pts',(-12.8475425396973,2.18248180517576,-28.5));
#11636=CARTESIAN_POINT('Ctrl Pts',(-12.8475425396973,2.18248180517576,-28.51));
#11637=CARTESIAN_POINT('Ctrl Pts',(-12.833766202377,2.20922410703293,-28.5));
#11638=CARTESIAN_POINT('Ctrl Pts',(-12.833766202377,2.20922410703293,-28.51));
#11639=CARTESIAN_POINT('Ctrl Pts',(-12.8297143384592,2.27162281136631,-28.5));
#11640=CARTESIAN_POINT('Ctrl Pts',(-12.8297143384592,2.27162281136631,-28.51));
#11641=CARTESIAN_POINT('Ctrl Pts',(-12.8297143384592,2.32834890621483,-28.5));
#11642=CARTESIAN_POINT('Ctrl Pts',(-12.8297143384592,2.32834890621483,-28.51));
#11643=CARTESIAN_POINT('',(-12.8475425396973,2.18248180517576,-28.5));
#11644=CARTESIAN_POINT('Ctrl Pts',(-12.8297143384592,2.32834890621483,-28.5));
#11645=CARTESIAN_POINT('Ctrl Pts',(-12.8297143384592,2.27162281136631,-28.5));
#11646=CARTESIAN_POINT('Ctrl Pts',(-12.833766202377,2.20922410703293,-28.5));
#11647=CARTESIAN_POINT('Ctrl Pts',(-12.8475425396973,2.18248180517576,-28.5));
#11648=CARTESIAN_POINT('',(-12.8475425396973,2.18248180517576,-28.51));
#11649=CARTESIAN_POINT('Ctrl Pts',(-12.8475425396973,2.18248180517576,-28.51));
#11650=CARTESIAN_POINT('Ctrl Pts',(-12.833766202377,2.20922410703293,-28.51));
#11651=CARTESIAN_POINT('Ctrl Pts',(-12.8297143384592,2.27162281136631,-28.51));
#11652=CARTESIAN_POINT('Ctrl Pts',(-12.8297143384592,2.32834890621483,-28.51));
#11653=CARTESIAN_POINT('',(-12.8475425396973,2.18248180517576,-28.5));
#11654=CARTESIAN_POINT('Ctrl Pts',(-12.9537013743424,2.13548018372984,-28.5));
#11655=CARTESIAN_POINT('Ctrl Pts',(-12.9537013743424,2.13548018372984,-28.51));
#11656=CARTESIAN_POINT('Ctrl Pts',(-12.9099412440307,2.13548018372984,-28.5));
#11657=CARTESIAN_POINT('Ctrl Pts',(-12.9099412440307,2.13548018372984,-28.51));
#11658=CARTESIAN_POINT('Ctrl Pts',(-12.858887758667,2.1589809944528,-28.5));
#11659=CARTESIAN_POINT('Ctrl Pts',(-12.858887758667,2.1589809944528,-28.51));
#11660=CARTESIAN_POINT('Ctrl Pts',(-12.8475425396973,2.18248180517576,-28.5));
#11661=CARTESIAN_POINT('Ctrl Pts',(-12.8475425396973,2.18248180517576,-28.51));
#11662=CARTESIAN_POINT('',(-12.9537013743424,2.13548018372984,-28.5));
#11663=CARTESIAN_POINT('Ctrl Pts',(-12.8475425396973,2.18248180517576,-28.5));
#11664=CARTESIAN_POINT('Ctrl Pts',(-12.858887758667,2.1589809944528,-28.5));
#11665=CARTESIAN_POINT('Ctrl Pts',(-12.9099412440307,2.13548018372984,-28.5));
#11666=CARTESIAN_POINT('Ctrl Pts',(-12.9537013743424,2.13548018372984,-28.5));
#11667=CARTESIAN_POINT('',(-12.9537013743424,2.13548018372984,-28.51));
#11668=CARTESIAN_POINT('Ctrl Pts',(-12.9537013743424,2.13548018372984,-28.51));
#11669=CARTESIAN_POINT('Ctrl Pts',(-12.9099412440307,2.13548018372984,-28.51));
#11670=CARTESIAN_POINT('Ctrl Pts',(-12.858887758667,2.1589809944528,-28.51));
#11671=CARTESIAN_POINT('Ctrl Pts',(-12.8475425396973,2.18248180517576,-28.51));
#11672=CARTESIAN_POINT('',(-12.9537013743424,2.13548018372984,-28.5));
#11673=CARTESIAN_POINT('Ctrl Pts',(-13.0549979722862,2.15979136723635,-28.5));
#11674=CARTESIAN_POINT('Ctrl Pts',(-13.0549979722862,2.15979136723635,-28.51));
#11675=CARTESIAN_POINT('Ctrl Pts',(-13.0420320077494,2.1541187577515,-28.5));
#11676=CARTESIAN_POINT('Ctrl Pts',(-13.0420320077494,2.1541187577515,-28.51));
#11677=CARTESIAN_POINT('Ctrl Pts',(-12.9844955401173,2.13548018372984,-28.5));
#11678=CARTESIAN_POINT('Ctrl Pts',(-12.9844955401173,2.13548018372984,-28.51));
#11679=CARTESIAN_POINT('Ctrl Pts',(-12.9537013743424,2.13548018372984,-28.5));
#11680=CARTESIAN_POINT('Ctrl Pts',(-12.9537013743424,2.13548018372984,-28.51));
#11681=CARTESIAN_POINT('',(-13.0549979722862,2.15979136723635,-28.5));
#11682=CARTESIAN_POINT('Ctrl Pts',(-12.9537013743424,2.13548018372984,-28.5));
#11683=CARTESIAN_POINT('Ctrl Pts',(-12.9844955401173,2.13548018372984,-28.5));
#11684=CARTESIAN_POINT('Ctrl Pts',(-13.0420320077494,2.1541187577515,-28.5));
#11685=CARTESIAN_POINT('Ctrl Pts',(-13.0549979722862,2.15979136723635,-28.5));
#11686=CARTESIAN_POINT('',(-13.0549979722862,2.15979136723635,-28.51));
#11687=CARTESIAN_POINT('Ctrl Pts',(-13.0549979722862,2.15979136723635,-28.51));
#11688=CARTESIAN_POINT('Ctrl Pts',(-13.0420320077494,2.1541187577515,-28.51));
#11689=CARTESIAN_POINT('Ctrl Pts',(-12.9844955401173,2.13548018372984,-28.51));
#11690=CARTESIAN_POINT('Ctrl Pts',(-12.9537013743424,2.13548018372984,-28.51));
#11691=CARTESIAN_POINT('',(-13.0549979722862,2.15979136723635,-28.5));
#11692=CARTESIAN_POINT('Origin',(-13.0622913273382,2.15979136723635,-28.5));
#11693=CARTESIAN_POINT('',(-13.0622913273382,2.15979136723635,-28.5));
#11694=CARTESIAN_POINT('',(-6.53114566366909,2.15979136723635,-28.5));
#11695=CARTESIAN_POINT('',(-13.0622913273382,2.15979136723635,-28.51));
#11696=CARTESIAN_POINT('',(-13.0549979722862,2.15979136723635,-28.51));
#11697=CARTESIAN_POINT('',(-13.0622913273382,2.15979136723635,-28.5));
#11698=CARTESIAN_POINT('Origin',(-13.0622913273382,2.0463391775393,-28.5));
#11699=CARTESIAN_POINT('',(-13.0622913273382,2.0463391775393,-28.5));
#11700=CARTESIAN_POINT('',(-13.0622913273382,2.27316958876965,-28.5));
#11701=CARTESIAN_POINT('',(-13.0622913273382,2.0463391775393,-28.51));
#11702=CARTESIAN_POINT('',(-13.0622913273382,2.15979136723635,-28.51));
#11703=CARTESIAN_POINT('',(-13.0622913273382,2.0463391775393,-28.5));
#11704=CARTESIAN_POINT('Ctrl Pts',(-12.922096835784,2.02526948516699,-28.5));
#11705=CARTESIAN_POINT('Ctrl Pts',(-12.922096835784,2.02526948516699,-28.51));
#11706=CARTESIAN_POINT('Ctrl Pts',(-12.9537013743424,2.02526948516699,-28.5));
#11707=CARTESIAN_POINT('Ctrl Pts',(-12.9537013743424,2.02526948516699,-28.51));
#11708=CARTESIAN_POINT('Ctrl Pts',(-13.026634924862,2.0366147041367,-28.5));
#11709=CARTESIAN_POINT('Ctrl Pts',(-13.026634924862,2.0366147041367,-28.51));
#11710=CARTESIAN_POINT('Ctrl Pts',(-13.0622913273382,2.0463391775393,-28.5));
#11711=CARTESIAN_POINT('Ctrl Pts',(-13.0622913273382,2.0463391775393,-28.51));
#11712=CARTESIAN_POINT('',(-12.922096835784,2.02526948516699,-28.5));
#11713=CARTESIAN_POINT('Ctrl Pts',(-13.0622913273382,2.0463391775393,-28.5));
#11714=CARTESIAN_POINT('Ctrl Pts',(-13.026634924862,2.0366147041367,-28.5));
#11715=CARTESIAN_POINT('Ctrl Pts',(-12.9537013743424,2.02526948516699,-28.5));
#11716=CARTESIAN_POINT('Ctrl Pts',(-12.922096835784,2.02526948516699,-28.5));
#11717=CARTESIAN_POINT('',(-12.922096835784,2.02526948516699,-28.51));
#11718=CARTESIAN_POINT('Ctrl Pts',(-12.922096835784,2.02526948516699,-28.51));
#11719=CARTESIAN_POINT('Ctrl Pts',(-12.9537013743424,2.02526948516699,-28.51));
#11720=CARTESIAN_POINT('Ctrl Pts',(-13.026634924862,2.0366147041367,-28.51));
#11721=CARTESIAN_POINT('Ctrl Pts',(-13.0622913273382,2.0463391775393,-28.51));
#11722=CARTESIAN_POINT('',(-12.922096835784,2.02526948516699,-28.5));
#11723=CARTESIAN_POINT('Ctrl Pts',(-12.7032961842254,2.27000206579921,-28.5));
#11724=CARTESIAN_POINT('Ctrl Pts',(-12.7032961842254,2.27000206579921,-28.51));
#11725=CARTESIAN_POINT('Ctrl Pts',(-12.7032961842254,2.1427735387818,-28.5));
#11726=CARTESIAN_POINT('Ctrl Pts',(-12.7032961842254,2.1427735387818,-28.51));
#11727=CARTESIAN_POINT('Ctrl Pts',(-12.8191794922731,2.02526948516699,-28.5));
#11728=CARTESIAN_POINT('Ctrl Pts',(-12.8191794922731,2.02526948516699,-28.51));
#11729=CARTESIAN_POINT('Ctrl Pts',(-12.922096835784,2.02526948516699,-28.5));
#11730=CARTESIAN_POINT('Ctrl Pts',(-12.922096835784,2.02526948516699,-28.51));
#11731=CARTESIAN_POINT('Ctrl Pts',(-12.922096835784,2.02526948516699,-28.5));
#11732=CARTESIAN_POINT('Ctrl Pts',(-12.8191794922731,2.02526948516699,-28.5));
#11733=CARTESIAN_POINT('Ctrl Pts',(-12.7032961842254,2.1427735387818,-28.5));
#11734=CARTESIAN_POINT('Ctrl Pts',(-12.7032961842254,2.27000206579921,-28.5));
#11735=CARTESIAN_POINT('Ctrl Pts',(-12.7032961842254,2.27000206579921,-28.51));
#11736=CARTESIAN_POINT('Ctrl Pts',(-12.7032961842254,2.1427735387818,-28.51));
#11737=CARTESIAN_POINT('Ctrl Pts',(-12.8191794922731,2.02526948516699,-28.51));
#11738=CARTESIAN_POINT('Ctrl Pts',(-12.922096835784,2.02526948516699,-28.51));
#11739=CARTESIAN_POINT('Origin',(-12.8263692255962,2.54570441326065,-28.51));
#11740=CARTESIAN_POINT('Ctrl Pts',(-12.1927613305886,2.13548018372984,-28.5));
#11741=CARTESIAN_POINT('Ctrl Pts',(-12.1927613305886,2.13548018372984,-28.51));
#11742=CARTESIAN_POINT('Ctrl Pts',(-12.2519185437878,2.13548018372984,-28.5));
#11743=CARTESIAN_POINT('Ctrl Pts',(-12.2519185437878,2.13548018372984,-28.51));
#11744=CARTESIAN_POINT('Ctrl Pts',(-12.3491632778139,2.18653366909352,-28.5));
#11745=CARTESIAN_POINT('Ctrl Pts',(-12.3491632778139,2.18653366909352,-28.51));
#11746=CARTESIAN_POINT('Ctrl Pts',(-12.3913026625585,2.22462118992038,-28.5));
#11747=CARTESIAN_POINT('Ctrl Pts',(-12.3913026625585,2.22462118992038,-28.51));
#11748=CARTESIAN_POINT('',(-12.1927613305886,2.13548018372984,-28.5));
#11749=CARTESIAN_POINT('',(-12.3913026625585,2.22462118992038,-28.5));
#11750=CARTESIAN_POINT('Ctrl Pts',(-12.1927613305886,2.13548018372984,-28.5));
#11751=CARTESIAN_POINT('Ctrl Pts',(-12.2519185437878,2.13548018372984,-28.5));
#11752=CARTESIAN_POINT('Ctrl Pts',(-12.3491632778139,2.18653366909352,-28.5));
#11753=CARTESIAN_POINT('Ctrl Pts',(-12.3913026625585,2.22462118992038,-28.5));
#11754=CARTESIAN_POINT('',(-12.1927613305886,2.13548018372984,-28.51));
#11755=CARTESIAN_POINT('',(-12.1927613305886,2.13548018372984,-28.5));
#11756=CARTESIAN_POINT('',(-12.3913026625585,2.22462118992038,-28.51));
#11757=CARTESIAN_POINT('Ctrl Pts',(-12.3913026625585,2.22462118992038,-28.51));
#11758=CARTESIAN_POINT('Ctrl Pts',(-12.3491632778139,2.18653366909352,-28.51));
#11759=CARTESIAN_POINT('Ctrl Pts',(-12.2519185437878,2.13548018372984,-28.51));
#11760=CARTESIAN_POINT('Ctrl Pts',(-12.1927613305886,2.13548018372984,-28.51));
#11761=CARTESIAN_POINT('',(-12.3913026625585,2.22462118992038,-28.5));
#11762=CARTESIAN_POINT('Ctrl Pts',(-12.0501357206838,2.26595020188145,-28.5));
#11763=CARTESIAN_POINT('Ctrl Pts',(-12.0501357206838,2.26595020188145,-28.51));
#11764=CARTESIAN_POINT('Ctrl Pts',(-12.0501357206838,2.20112037919742,-28.5));
#11765=CARTESIAN_POINT('Ctrl Pts',(-12.0501357206838,2.20112037919742,-28.51));
#11766=CARTESIAN_POINT('Ctrl Pts',(-12.1230692712033,2.13548018372984,-28.5));
#11767=CARTESIAN_POINT('Ctrl Pts',(-12.1230692712033,2.13548018372984,-28.51));
#11768=CARTESIAN_POINT('Ctrl Pts',(-12.1927613305886,2.13548018372984,-28.5));
#11769=CARTESIAN_POINT('Ctrl Pts',(-12.1927613305886,2.13548018372984,-28.51));
#11770=CARTESIAN_POINT('',(-12.0501357206838,2.26595020188145,-28.5));
#11771=CARTESIAN_POINT('Ctrl Pts',(-12.0501357206838,2.26595020188145,-28.5));
#11772=CARTESIAN_POINT('Ctrl Pts',(-12.0501357206838,2.20112037919742,-28.5));
#11773=CARTESIAN_POINT('Ctrl Pts',(-12.1230692712033,2.13548018372984,-28.5));
#11774=CARTESIAN_POINT('Ctrl Pts',(-12.1927613305886,2.13548018372984,-28.5));
#11775=CARTESIAN_POINT('',(-12.0501357206838,2.26595020188145,-28.51));
#11776=CARTESIAN_POINT('',(-12.0501357206838,2.26595020188145,-28.5));
#11777=CARTESIAN_POINT('Ctrl Pts',(-12.1927613305886,2.13548018372984,-28.51));
#11778=CARTESIAN_POINT('Ctrl Pts',(-12.1230692712033,2.13548018372984,-28.51));
#11779=CARTESIAN_POINT('Ctrl Pts',(-12.0501357206838,2.20112037919742,-28.51));
#11780=CARTESIAN_POINT('Ctrl Pts',(-12.0501357206838,2.26595020188145,-28.51));
#11781=CARTESIAN_POINT('Ctrl Pts',(-12.1660190287315,2.40209282951792,-28.5));
#11782=CARTESIAN_POINT('Ctrl Pts',(-12.1660190287315,2.40209282951792,-28.51));
#11783=CARTESIAN_POINT('Ctrl Pts',(-12.1157759161513,2.38669574663046,-28.5));
#11784=CARTESIAN_POINT('Ctrl Pts',(-12.1157759161513,2.38669574663046,-28.51));
#11785=CARTESIAN_POINT('Ctrl Pts',(-12.0501357206838,2.32267629672998,-28.5));
#11786=CARTESIAN_POINT('Ctrl Pts',(-12.0501357206838,2.32267629672998,-28.51));
#11787=CARTESIAN_POINT('Ctrl Pts',(-12.0501357206838,2.26595020188145,-28.5));
#11788=CARTESIAN_POINT('Ctrl Pts',(-12.0501357206838,2.26595020188145,-28.51));
#11789=CARTESIAN_POINT('',(-12.1660190287315,2.40209282951792,-28.5));
#11790=CARTESIAN_POINT('Ctrl Pts',(-12.1660190287315,2.40209282951792,-28.5));
#11791=CARTESIAN_POINT('Ctrl Pts',(-12.1157759161513,2.38669574663046,-28.5));
#11792=CARTESIAN_POINT('Ctrl Pts',(-12.0501357206838,2.32267629672998,-28.5));
#11793=CARTESIAN_POINT('Ctrl Pts',(-12.0501357206838,2.26595020188145,-28.5));
#11794=CARTESIAN_POINT('',(-12.1660190287315,2.40209282951792,-28.51));
#11795=CARTESIAN_POINT('',(-12.1660190287315,2.40209282951792,-28.5));
#11796=CARTESIAN_POINT('Ctrl Pts',(-12.0501357206838,2.26595020188145,-28.51));
#11797=CARTESIAN_POINT('Ctrl Pts',(-12.0501357206838,2.32267629672998,-28.51));
#11798=CARTESIAN_POINT('Ctrl Pts',(-12.1157759161513,2.38669574663046,-28.51));
#11799=CARTESIAN_POINT('Ctrl Pts',(-12.1660190287315,2.40209282951792,-28.51));
#11800=CARTESIAN_POINT('Ctrl Pts',(-12.3913026625585,2.43288699529283,-28.5));
#11801=CARTESIAN_POINT('Ctrl Pts',(-12.3913026625585,2.43288699529283,-28.51));
#11802=CARTESIAN_POINT('Ctrl Pts',(-12.3459217866797,2.42883513137508,-28.5));
#11803=CARTESIAN_POINT('Ctrl Pts',(-12.3459217866797,2.42883513137508,-28.51));
#11804=CARTESIAN_POINT('Ctrl Pts',(-12.2089687862596,2.41505879405472,-28.5));
#11805=CARTESIAN_POINT('Ctrl Pts',(-12.2089687862596,2.41505879405472,-28.51));
#11806=CARTESIAN_POINT('Ctrl Pts',(-12.1660190287315,2.40209282951792,-28.5));
#11807=CARTESIAN_POINT('Ctrl Pts',(-12.1660190287315,2.40209282951792,-28.51));
#11808=CARTESIAN_POINT('',(-12.3913026625585,2.43288699529283,-28.5));
#11809=CARTESIAN_POINT('Ctrl Pts',(-12.3913026625585,2.43288699529283,-28.5));
#11810=CARTESIAN_POINT('Ctrl Pts',(-12.3459217866797,2.42883513137508,-28.5));
#11811=CARTESIAN_POINT('Ctrl Pts',(-12.2089687862596,2.41505879405472,-28.5));
#11812=CARTESIAN_POINT('Ctrl Pts',(-12.1660190287315,2.40209282951792,-28.5));
#11813=CARTESIAN_POINT('',(-12.3913026625585,2.43288699529283,-28.51));
#11814=CARTESIAN_POINT('',(-12.3913026625585,2.43288699529283,-28.5));
#11815=CARTESIAN_POINT('Ctrl Pts',(-12.1660190287315,2.40209282951792,-28.51));
#11816=CARTESIAN_POINT('Ctrl Pts',(-12.2089687862596,2.41505879405472,-28.51));
#11817=CARTESIAN_POINT('Ctrl Pts',(-12.3459217866797,2.42883513137508,-28.51));
#11818=CARTESIAN_POINT('Ctrl Pts',(-12.3913026625585,2.43288699529283,-28.51));
#11819=CARTESIAN_POINT('Origin',(-12.3913026625585,2.22462118992038,-28.5));
#11820=CARTESIAN_POINT('',(-12.3913026625585,2.36231059496019,-28.5));
#11821=CARTESIAN_POINT('',(-12.3913026625585,2.32630204252987,-28.51));
#11822=CARTESIAN_POINT('Ctrl Pts',(-12.1473804547098,2.01878650289859,-28.5));
#11823=CARTESIAN_POINT('Ctrl Pts',(-12.1473804547098,2.01878650289859,-28.51));
#11824=CARTESIAN_POINT('Ctrl Pts',(-12.2041065495583,2.01878650289859,-28.5));
#11825=CARTESIAN_POINT('Ctrl Pts',(-12.2041065495583,2.01878650289859,-28.51));
#11826=CARTESIAN_POINT('Ctrl Pts',(-12.2665052538917,2.03742507692025,-28.5));
#11827=CARTESIAN_POINT('Ctrl Pts',(-12.2665052538917,2.03742507692025,-28.51));
#11828=CARTESIAN_POINT('Ctrl Pts',(-12.2997305380173,2.05525327815836,-28.5));
#11829=CARTESIAN_POINT('Ctrl Pts',(-12.2997305380173,2.05525327815836,-28.51));
#11830=CARTESIAN_POINT('',(-12.2997305380173,2.05525327815836,-28.5));
#11831=CARTESIAN_POINT('',(-12.1473804547098,2.01878650289859,-28.5));
#11832=CARTESIAN_POINT('Ctrl Pts',(-12.2997305380173,2.05525327815836,-28.5));
#11833=CARTESIAN_POINT('Ctrl Pts',(-12.2665052538917,2.03742507692025,-28.5));
#11834=CARTESIAN_POINT('Ctrl Pts',(-12.2041065495583,2.01878650289859,-28.5));
#11835=CARTESIAN_POINT('Ctrl Pts',(-12.1473804547098,2.01878650289859,-28.5));
#11836=CARTESIAN_POINT('',(-12.2997305380173,2.05525327815836,-28.51));
#11837=CARTESIAN_POINT('',(-12.2997305380173,2.05525327815836,-28.5));
#11838=CARTESIAN_POINT('',(-12.1473804547098,2.01878650289859,-28.51));
#11839=CARTESIAN_POINT('Ctrl Pts',(-12.1473804547098,2.01878650289859,-28.51));
#11840=CARTESIAN_POINT('Ctrl Pts',(-12.2041065495583,2.01878650289859,-28.51));
#11841=CARTESIAN_POINT('Ctrl Pts',(-12.2665052538917,2.03742507692025,-28.51));
#11842=CARTESIAN_POINT('Ctrl Pts',(-12.2997305380173,2.05525327815836,-28.51));
#11843=CARTESIAN_POINT('',(-12.1473804547098,2.01878650289859,-28.5));
#11844=CARTESIAN_POINT('Ctrl Pts',(-11.9861162707833,2.08523707114972,-28.5));
#11845=CARTESIAN_POINT('Ctrl Pts',(-11.9861162707833,2.08523707114972,-28.51));
#11846=CARTESIAN_POINT('Ctrl Pts',(-12.0177208093418,2.05363253259126,-28.5));
#11847=CARTESIAN_POINT('Ctrl Pts',(-12.0177208093418,2.05363253259126,-28.51));
#11848=CARTESIAN_POINT('Ctrl Pts',(-12.1011892060474,2.01878650289859,-28.5));
#11849=CARTESIAN_POINT('Ctrl Pts',(-12.1011892060474,2.01878650289859,-28.51));
#11850=CARTESIAN_POINT('Ctrl Pts',(-12.1473804547098,2.01878650289859,-28.5));
#11851=CARTESIAN_POINT('Ctrl Pts',(-12.1473804547098,2.01878650289859,-28.51));
#11852=CARTESIAN_POINT('',(-11.9861162707833,2.08523707114972,-28.5));
#11853=CARTESIAN_POINT('Ctrl Pts',(-12.1473804547098,2.01878650289859,-28.5));
#11854=CARTESIAN_POINT('Ctrl Pts',(-12.1011892060474,2.01878650289859,-28.5));
#11855=CARTESIAN_POINT('Ctrl Pts',(-12.0177208093418,2.05363253259126,-28.5));
#11856=CARTESIAN_POINT('Ctrl Pts',(-11.9861162707833,2.08523707114972,-28.5));
#11857=CARTESIAN_POINT('',(-11.9861162707833,2.08523707114972,-28.51));
#11858=CARTESIAN_POINT('Ctrl Pts',(-11.9861162707833,2.08523707114972,-28.51));
#11859=CARTESIAN_POINT('Ctrl Pts',(-12.0177208093418,2.05363253259126,-28.51));
#11860=CARTESIAN_POINT('Ctrl Pts',(-12.1011892060474,2.01878650289859,-28.51));
#11861=CARTESIAN_POINT('Ctrl Pts',(-12.1473804547098,2.01878650289859,-28.51));
#11862=CARTESIAN_POINT('',(-11.9861162707833,2.08523707114972,-28.5));
#11863=CARTESIAN_POINT('Ctrl Pts',(-11.9196657025322,2.2570361012624,-28.5));
#11864=CARTESIAN_POINT('Ctrl Pts',(-11.9196657025322,2.2570361012624,-28.51));
#11865=CARTESIAN_POINT('Ctrl Pts',(-11.9196657025322,2.20679298868228,-28.5));
#11866=CARTESIAN_POINT('Ctrl Pts',(-11.9196657025322,2.20679298868228,-28.51));
#11867=CARTESIAN_POINT('Ctrl Pts',(-11.9561324777919,2.11603123692463,-28.5));
#11868=CARTESIAN_POINT('Ctrl Pts',(-11.9561324777919,2.11603123692463,-28.51));
#11869=CARTESIAN_POINT('Ctrl Pts',(-11.9861162707833,2.08523707114972,-28.5));
#11870=CARTESIAN_POINT('Ctrl Pts',(-11.9861162707833,2.08523707114972,-28.51));
#11871=CARTESIAN_POINT('',(-11.9196657025322,2.2570361012624,-28.5));
#11872=CARTESIAN_POINT('Ctrl Pts',(-11.9861162707833,2.08523707114972,-28.5));
#11873=CARTESIAN_POINT('Ctrl Pts',(-11.9561324777919,2.11603123692463,-28.5));
#11874=CARTESIAN_POINT('Ctrl Pts',(-11.9196657025322,2.20679298868228,-28.5));
#11875=CARTESIAN_POINT('Ctrl Pts',(-11.9196657025322,2.2570361012624,-28.5));
#11876=CARTESIAN_POINT('',(-11.9196657025322,2.2570361012624,-28.51));
#11877=CARTESIAN_POINT('Ctrl Pts',(-11.9196657025322,2.2570361012624,-28.51));
#11878=CARTESIAN_POINT('Ctrl Pts',(-11.9196657025322,2.20679298868228,-28.51));
#11879=CARTESIAN_POINT('Ctrl Pts',(-11.9561324777919,2.11603123692463,-28.51));
#11880=CARTESIAN_POINT('Ctrl Pts',(-11.9861162707833,2.08523707114972,-28.51));
#11881=CARTESIAN_POINT('',(-11.9196657025322,2.2570361012624,-28.5));
#11882=CARTESIAN_POINT('Ctrl Pts',(-12.0566187029522,2.47664712560455,-28.5));
#11883=CARTESIAN_POINT('Ctrl Pts',(-12.0566187029522,2.47664712560455,-28.51));
#11884=CARTESIAN_POINT('Ctrl Pts',(-11.9853058979997,2.44504258704609,-28.5));
#11885=CARTESIAN_POINT('Ctrl Pts',(-11.9853058979997,2.44504258704609,-28.51));
#11886=CARTESIAN_POINT('Ctrl Pts',(-11.9196657025322,2.33483188848324,-28.5));
#11887=CARTESIAN_POINT('Ctrl Pts',(-11.9196657025322,2.33483188848324,-28.51));
#11888=CARTESIAN_POINT('Ctrl Pts',(-11.9196657025322,2.2570361012624,-28.5));
#11889=CARTESIAN_POINT('Ctrl Pts',(-11.9196657025322,2.2570361012624,-28.51));
#11890=CARTESIAN_POINT('',(-12.0566187029522,2.47664712560455,-28.5));
#11891=CARTESIAN_POINT('Ctrl Pts',(-11.9196657025322,2.2570361012624,-28.5));
#11892=CARTESIAN_POINT('Ctrl Pts',(-11.9196657025322,2.33483188848324,-28.5));
#11893=CARTESIAN_POINT('Ctrl Pts',(-11.9853058979997,2.44504258704609,-28.5));
#11894=CARTESIAN_POINT('Ctrl Pts',(-12.0566187029522,2.47664712560455,-28.5));
#11895=CARTESIAN_POINT('',(-12.0566187029522,2.47664712560455,-28.51));
#11896=CARTESIAN_POINT('Ctrl Pts',(-12.0566187029522,2.47664712560455,-28.51));
#11897=CARTESIAN_POINT('Ctrl Pts',(-11.9853058979997,2.44504258704609,-28.51));
#11898=CARTESIAN_POINT('Ctrl Pts',(-11.9196657025322,2.33483188848324,-28.51));
#11899=CARTESIAN_POINT('Ctrl Pts',(-11.9196657025322,2.2570361012624,-28.51));
#11900=CARTESIAN_POINT('',(-12.0566187029522,2.47664712560455,-28.5));
#11901=CARTESIAN_POINT('Ctrl Pts',(-12.3913026625585,2.53337322045308,-28.5));
#11902=CARTESIAN_POINT('Ctrl Pts',(-12.3913026625585,2.53337322045308,-28.51));
#11903=CARTESIAN_POINT('Ctrl Pts',(-12.2916268101818,2.52770061096822,-28.5));
#11904=CARTESIAN_POINT('Ctrl Pts',(-12.2916268101818,2.52770061096822,-28.51));
#11905=CARTESIAN_POINT('Ctrl Pts',(-12.1198277800691,2.50582054581236,-28.5));
#11906=CARTESIAN_POINT('Ctrl Pts',(-12.1198277800691,2.50582054581236,-28.51));
#11907=CARTESIAN_POINT('Ctrl Pts',(-12.0566187029522,2.47664712560455,-28.5));
#11908=CARTESIAN_POINT('Ctrl Pts',(-12.0566187029522,2.47664712560455,-28.51));
#11909=CARTESIAN_POINT('',(-12.3913026625585,2.53337322045308,-28.5));
#11910=CARTESIAN_POINT('Ctrl Pts',(-12.0566187029522,2.47664712560455,-28.5));
#11911=CARTESIAN_POINT('Ctrl Pts',(-12.1198277800691,2.50582054581236,-28.5));
#11912=CARTESIAN_POINT('Ctrl Pts',(-12.2916268101818,2.52770061096822,-28.5));
#11913=CARTESIAN_POINT('Ctrl Pts',(-12.3913026625585,2.53337322045308,-28.5));
#11914=CARTESIAN_POINT('',(-12.3913026625585,2.53337322045308,-28.51));
#11915=CARTESIAN_POINT('Ctrl Pts',(-12.3913026625585,2.53337322045308,-28.51));
#11916=CARTESIAN_POINT('Ctrl Pts',(-12.2916268101818,2.52770061096822,-28.51));
#11917=CARTESIAN_POINT('Ctrl Pts',(-12.1198277800691,2.50582054581236,-28.51));
#11918=CARTESIAN_POINT('Ctrl Pts',(-12.0566187029522,2.47664712560455,-28.51));
#11919=CARTESIAN_POINT('',(-12.3913026625585,2.53337322045308,-28.5));
#11920=CARTESIAN_POINT('Origin',(-12.3913026625585,2.55768440395959,-28.5));
#11921=CARTESIAN_POINT('',(-12.3913026625585,2.55768440395959,-28.5));
#11922=CARTESIAN_POINT('',(-12.3913026625585,2.52884220197979,-28.5));
#11923=CARTESIAN_POINT('',(-12.3913026625585,2.55768440395959,-28.51));
#11924=CARTESIAN_POINT('',(-12.3913026625585,2.53337322045308,-28.51));
#11925=CARTESIAN_POINT('',(-12.3913026625585,2.55768440395959,-28.5));
#11926=CARTESIAN_POINT('Ctrl Pts',(-12.3402491771948,2.67113659365664,-28.5));
#11927=CARTESIAN_POINT('Ctrl Pts',(-12.3402491771948,2.67113659365664,-28.51));
#11928=CARTESIAN_POINT('Ctrl Pts',(-12.3645603607013,2.65573951076918,-28.5));
#11929=CARTESIAN_POINT('Ctrl Pts',(-12.3645603607013,2.65573951076918,-28.51));
#11930=CARTESIAN_POINT('Ctrl Pts',(-12.3913026625585,2.60144453427131,-28.5));
#11931=CARTESIAN_POINT('Ctrl Pts',(-12.3913026625585,2.60144453427131,-28.51));
#11932=CARTESIAN_POINT('Ctrl Pts',(-12.3913026625585,2.55768440395959,-28.5));
#11933=CARTESIAN_POINT('Ctrl Pts',(-12.3913026625585,2.55768440395959,-28.51));
#11934=CARTESIAN_POINT('',(-12.3402491771948,2.67113659365664,-28.5));
#11935=CARTESIAN_POINT('Ctrl Pts',(-12.3913026625585,2.55768440395959,-28.5));
#11936=CARTESIAN_POINT('Ctrl Pts',(-12.3913026625585,2.60144453427131,-28.5));
#11937=CARTESIAN_POINT('Ctrl Pts',(-12.3645603607013,2.65573951076918,-28.5));
#11938=CARTESIAN_POINT('Ctrl Pts',(-12.3402491771948,2.67113659365664,-28.5));
#11939=CARTESIAN_POINT('',(-12.3402491771948,2.67113659365664,-28.51));
#11940=CARTESIAN_POINT('Ctrl Pts',(-12.3402491771948,2.67113659365664,-28.51));
#11941=CARTESIAN_POINT('Ctrl Pts',(-12.3645603607013,2.65573951076918,-28.51));
#11942=CARTESIAN_POINT('Ctrl Pts',(-12.3913026625585,2.60144453427131,-28.51));
#11943=CARTESIAN_POINT('Ctrl Pts',(-12.3913026625585,2.55768440395959,-28.51));
#11944=CARTESIAN_POINT('',(-12.3402491771948,2.67113659365664,-28.5));
#11945=CARTESIAN_POINT('Ctrl Pts',(-12.2089687862596,2.6962581499467,-28.5));
#11946=CARTESIAN_POINT('Ctrl Pts',(-12.2089687862596,2.6962581499467,-28.51));
#11947=CARTESIAN_POINT('Ctrl Pts',(-12.246245934303,2.6962581499467,-28.5));
#11948=CARTESIAN_POINT('Ctrl Pts',(-12.246245934303,2.6962581499467,-28.51));
#11949=CARTESIAN_POINT('Ctrl Pts',(-12.3159379936883,2.6865336765441,-28.5));
#11950=CARTESIAN_POINT('Ctrl Pts',(-12.3159379936883,2.6865336765441,-28.51));
#11951=CARTESIAN_POINT('Ctrl Pts',(-12.3402491771948,2.67113659365664,-28.5));
#11952=CARTESIAN_POINT('Ctrl Pts',(-12.3402491771948,2.67113659365664,-28.51));
#11953=CARTESIAN_POINT('',(-12.2089687862596,2.6962581499467,-28.5));
#11954=CARTESIAN_POINT('Ctrl Pts',(-12.3402491771948,2.67113659365664,-28.5));
#11955=CARTESIAN_POINT('Ctrl Pts',(-12.3159379936883,2.6865336765441,-28.5));
#11956=CARTESIAN_POINT('Ctrl Pts',(-12.246245934303,2.6962581499467,-28.5));
#11957=CARTESIAN_POINT('Ctrl Pts',(-12.2089687862596,2.6962581499467,-28.5));
#11958=CARTESIAN_POINT('',(-12.2089687862596,2.6962581499467,-28.51));
#11959=CARTESIAN_POINT('Ctrl Pts',(-12.2089687862596,2.6962581499467,-28.51));
#11960=CARTESIAN_POINT('Ctrl Pts',(-12.246245934303,2.6962581499467,-28.51));
#11961=CARTESIAN_POINT('Ctrl Pts',(-12.3159379936883,2.6865336765441,-28.51));
#11962=CARTESIAN_POINT('Ctrl Pts',(-12.3402491771948,2.67113659365664,-28.51));
#11963=CARTESIAN_POINT('',(-12.2089687862596,2.6962581499467,-28.5));
#11964=CARTESIAN_POINT('Ctrl Pts',(-11.9877370163504,2.64520466458303,-28.5));
#11965=CARTESIAN_POINT('Ctrl Pts',(-11.9877370163504,2.64520466458303,-28.51));
#11966=CARTESIAN_POINT('Ctrl Pts',(-12.0468942295496,2.67032622087309,-28.5));
#11967=CARTESIAN_POINT('Ctrl Pts',(-12.0468942295496,2.67032622087309,-28.51));
#11968=CARTESIAN_POINT('Ctrl Pts',(-12.1652086559479,2.6962581499467,-28.5));
#11969=CARTESIAN_POINT('Ctrl Pts',(-12.1652086559479,2.6962581499467,-28.51));
#11970=CARTESIAN_POINT('Ctrl Pts',(-12.2089687862596,2.6962581499467,-28.5));
#11971=CARTESIAN_POINT('Ctrl Pts',(-12.2089687862596,2.6962581499467,-28.51));
#11972=CARTESIAN_POINT('',(-11.9877370163504,2.64520466458303,-28.5));
#11973=CARTESIAN_POINT('Ctrl Pts',(-12.2089687862596,2.6962581499467,-28.5));
#11974=CARTESIAN_POINT('Ctrl Pts',(-12.1652086559479,2.6962581499467,-28.5));
#11975=CARTESIAN_POINT('Ctrl Pts',(-12.0468942295496,2.67032622087309,-28.5));
#11976=CARTESIAN_POINT('Ctrl Pts',(-11.9877370163504,2.64520466458303,-28.5));
#11977=CARTESIAN_POINT('',(-11.9877370163504,2.64520466458303,-28.51));
#11978=CARTESIAN_POINT('Ctrl Pts',(-11.9877370163504,2.64520466458303,-28.51));
#11979=CARTESIAN_POINT('Ctrl Pts',(-12.0468942295496,2.67032622087309,-28.51));
#11980=CARTESIAN_POINT('Ctrl Pts',(-12.1652086559479,2.6962581499467,-28.51));
#11981=CARTESIAN_POINT('Ctrl Pts',(-12.2089687862596,2.6962581499467,-28.51));
#11982=CARTESIAN_POINT('',(-11.9877370163504,2.64520466458303,-28.5));
#11983=CARTESIAN_POINT('Origin',(-11.9804436612984,2.64520466458303,-28.5));
#11984=CARTESIAN_POINT('',(-11.9804436612984,2.64520466458303,-28.5));
#11985=CARTESIAN_POINT('',(-5.99022183064922,2.64520466458303,-28.5));
#11986=CARTESIAN_POINT('',(-11.9804436612984,2.64520466458303,-28.51));
#11987=CARTESIAN_POINT('',(-11.9877370163504,2.64520466458303,-28.51));
#11988=CARTESIAN_POINT('',(-11.9804436612984,2.64520466458303,-28.5));
#11989=CARTESIAN_POINT('Origin',(-11.9804436612984,2.77405393716754,-28.5));
#11990=CARTESIAN_POINT('',(-11.9804436612984,2.77405393716754,-28.5));
#11991=CARTESIAN_POINT('',(-11.9804436612984,2.63702696858377,-28.5));
#11992=CARTESIAN_POINT('',(-11.9804436612984,2.77405393716754,-28.51));
#11993=CARTESIAN_POINT('',(-11.9804436612984,2.64520466458303,-28.51));
#11994=CARTESIAN_POINT('',(-11.9804436612984,2.77405393716754,-28.5));
#11995=CARTESIAN_POINT('Ctrl Pts',(-12.2097791590432,2.80808959407665,-28.5));
#11996=CARTESIAN_POINT('Ctrl Pts',(-12.2097791590432,2.80808959407665,-28.51));
#11997=CARTESIAN_POINT('Ctrl Pts',(-12.1457597091427,2.80808959407665,-28.5));
#11998=CARTESIAN_POINT('Ctrl Pts',(-12.1457597091427,2.80808959407665,-28.51));
#11999=CARTESIAN_POINT('Ctrl Pts',(-12.0152896909911,2.78377841057014,-28.5));
#12000=CARTESIAN_POINT('Ctrl Pts',(-12.0152896909911,2.78377841057014,-28.51));
#12001=CARTESIAN_POINT('Ctrl Pts',(-11.9804436612984,2.77405393716754,-28.5));
#12002=CARTESIAN_POINT('Ctrl Pts',(-11.9804436612984,2.77405393716754,-28.51));
#12003=CARTESIAN_POINT('',(-12.2097791590432,2.80808959407665,-28.5));
#12004=CARTESIAN_POINT('Ctrl Pts',(-11.9804436612984,2.77405393716754,-28.5));
#12005=CARTESIAN_POINT('Ctrl Pts',(-12.0152896909911,2.78377841057014,-28.5));
#12006=CARTESIAN_POINT('Ctrl Pts',(-12.1457597091427,2.80808959407665,-28.5));
#12007=CARTESIAN_POINT('Ctrl Pts',(-12.2097791590432,2.80808959407665,-28.5));
#12008=CARTESIAN_POINT('',(-12.2097791590432,2.80808959407665,-28.51));
#12009=CARTESIAN_POINT('Ctrl Pts',(-12.2097791590432,2.80808959407665,-28.51));
#12010=CARTESIAN_POINT('Ctrl Pts',(-12.1457597091427,2.80808959407665,-28.51));
#12011=CARTESIAN_POINT('Ctrl Pts',(-12.0152896909911,2.78377841057014,-28.51));
#12012=CARTESIAN_POINT('Ctrl Pts',(-11.9804436612984,2.77405393716754,-28.51));
#12013=CARTESIAN_POINT('',(-12.2097791590432,2.80808959407665,-28.5));
#12014=CARTESIAN_POINT('Ctrl Pts',(-12.4358731656537,2.75217387201168,-28.5));
#12015=CARTESIAN_POINT('Ctrl Pts',(-12.4358731656537,2.75217387201168,-28.51));
#12016=CARTESIAN_POINT('Ctrl Pts',(-12.3937337809091,2.78377841057014,-28.5));
#12017=CARTESIAN_POINT('Ctrl Pts',(-12.3937337809091,2.78377841057014,-28.51));
#12018=CARTESIAN_POINT('Ctrl Pts',(-12.287574946264,2.80808959407665,-28.5));
#12019=CARTESIAN_POINT('Ctrl Pts',(-12.287574946264,2.80808959407665,-28.51));
#12020=CARTESIAN_POINT('Ctrl Pts',(-12.2097791590432,2.80808959407665,-28.5));
#12021=CARTESIAN_POINT('Ctrl Pts',(-12.2097791590432,2.80808959407665,-28.51));
#12022=CARTESIAN_POINT('',(-12.4358731656537,2.75217387201168,-28.5));
#12023=CARTESIAN_POINT('Ctrl Pts',(-12.2097791590432,2.80808959407665,-28.5));
#12024=CARTESIAN_POINT('Ctrl Pts',(-12.287574946264,2.80808959407665,-28.5));
#12025=CARTESIAN_POINT('Ctrl Pts',(-12.3937337809091,2.78377841057014,-28.5));
#12026=CARTESIAN_POINT('Ctrl Pts',(-12.4358731656537,2.75217387201168,-28.5));
#12027=CARTESIAN_POINT('',(-12.4358731656537,2.75217387201168,-28.51));
#12028=CARTESIAN_POINT('Ctrl Pts',(-12.4358731656537,2.75217387201168,-28.51));
#12029=CARTESIAN_POINT('Ctrl Pts',(-12.3937337809091,2.78377841057014,-28.51));
#12030=CARTESIAN_POINT('Ctrl Pts',(-12.287574946264,2.80808959407665,-28.51));
#12031=CARTESIAN_POINT('Ctrl Pts',(-12.2097791590432,2.80808959407665,-28.51));
#12032=CARTESIAN_POINT('',(-12.4358731656537,2.75217387201168,-28.5));
#12033=CARTESIAN_POINT('Ctrl Pts',(-12.5177208167923,2.55282216725829,-28.5));
#12034=CARTESIAN_POINT('Ctrl Pts',(-12.5177208167923,2.55282216725829,-28.51));
#12035=CARTESIAN_POINT('Ctrl Pts',(-12.5177208167923,2.62332459942717,-28.5));
#12036=CARTESIAN_POINT('Ctrl Pts',(-12.5177208167923,2.62332459942717,-28.51));
#12037=CARTESIAN_POINT('Ctrl Pts',(-12.4772021776148,2.72137970623676,-28.5));
#12038=CARTESIAN_POINT('Ctrl Pts',(-12.4772021776148,2.72137970623676,-28.51));
#12039=CARTESIAN_POINT('Ctrl Pts',(-12.4358731656537,2.75217387201168,-28.5));
#12040=CARTESIAN_POINT('Ctrl Pts',(-12.4358731656537,2.75217387201168,-28.51));
#12041=CARTESIAN_POINT('',(-12.5177208167923,2.55282216725829,-28.5));
#12042=CARTESIAN_POINT('Ctrl Pts',(-12.4358731656537,2.75217387201168,-28.5));
#12043=CARTESIAN_POINT('Ctrl Pts',(-12.4772021776148,2.72137970623676,-28.5));
#12044=CARTESIAN_POINT('Ctrl Pts',(-12.5177208167923,2.62332459942717,-28.5));
#12045=CARTESIAN_POINT('Ctrl Pts',(-12.5177208167923,2.55282216725829,-28.5));
#12046=CARTESIAN_POINT('',(-12.5177208167923,2.55282216725829,-28.51));
#12047=CARTESIAN_POINT('Ctrl Pts',(-12.5177208167923,2.55282216725829,-28.51));
#12048=CARTESIAN_POINT('Ctrl Pts',(-12.5177208167923,2.62332459942717,-28.51));
#12049=CARTESIAN_POINT('Ctrl Pts',(-12.4772021776148,2.72137970623676,-28.51));
#12050=CARTESIAN_POINT('Ctrl Pts',(-12.4358731656537,2.75217387201168,-28.51));
#12051=CARTESIAN_POINT('',(-12.5177208167923,2.55282216725829,-28.5));
#12052=CARTESIAN_POINT('Origin',(-12.5177208167923,2.0398561952709,-28.5));
#12053=CARTESIAN_POINT('',(-12.5177208167923,2.0398561952709,-28.5));
#12054=CARTESIAN_POINT('',(-12.5177208167923,2.26992809763545,-28.5));
#12055=CARTESIAN_POINT('',(-12.5177208167923,2.0398561952709,-28.51));
#12056=CARTESIAN_POINT('',(-12.5177208167923,2.55282216725829,-28.51));
#12057=CARTESIAN_POINT('',(-12.5177208167923,2.0398561952709,-28.5));
#12058=CARTESIAN_POINT('Origin',(-12.3913026625585,2.0398561952709,-28.5));
#12059=CARTESIAN_POINT('',(-12.3913026625585,2.0398561952709,-28.5));
#12060=CARTESIAN_POINT('',(-6.19565133127924,2.0398561952709,-28.5));
#12061=CARTESIAN_POINT('',(-12.3913026625585,2.0398561952709,-28.51));
#12062=CARTESIAN_POINT('',(-12.5177208167923,2.0398561952709,-28.51));
#12063=CARTESIAN_POINT('',(-12.3913026625585,2.0398561952709,-28.5));
#12064=CARTESIAN_POINT('Origin',(-12.3913026625585,2.11927272805884,-28.5));
#12065=CARTESIAN_POINT('',(-12.3913026625585,2.11927272805884,-28.5));
#12066=CARTESIAN_POINT('',(-12.3913026625585,2.30963636402942,-28.5));
#12067=CARTESIAN_POINT('',(-12.3913026625585,2.11927272805884,-28.51));
#12068=CARTESIAN_POINT('',(-12.3913026625585,2.0398561952709,-28.51));
#12069=CARTESIAN_POINT('',(-12.3913026625585,2.11927272805884,-28.5));
#12070=CARTESIAN_POINT('Ctrl Pts',(-12.2997305380173,2.05525327815836,-28.5));
#12071=CARTESIAN_POINT('Ctrl Pts',(-12.2997305380173,2.05525327815836,-28.51));
#12072=CARTESIAN_POINT('Ctrl Pts',(-12.3240417215238,2.06740886991161,-28.5));
#12073=CARTESIAN_POINT('Ctrl Pts',(-12.3240417215238,2.06740886991161,-28.51));
#12074=CARTESIAN_POINT('Ctrl Pts',(-12.375905579671,2.10792750908913,-28.5));
#12075=CARTESIAN_POINT('Ctrl Pts',(-12.375905579671,2.10792750908913,-28.51));
#12076=CARTESIAN_POINT('Ctrl Pts',(-12.3913026625585,2.11927272805884,-28.5));
#12077=CARTESIAN_POINT('Ctrl Pts',(-12.3913026625585,2.11927272805884,-28.51));
#12078=CARTESIAN_POINT('Ctrl Pts',(-12.3913026625585,2.11927272805884,-28.5));
#12079=CARTESIAN_POINT('Ctrl Pts',(-12.375905579671,2.10792750908913,-28.5));
#12080=CARTESIAN_POINT('Ctrl Pts',(-12.3240417215238,2.06740886991161,-28.5));
#12081=CARTESIAN_POINT('Ctrl Pts',(-12.2997305380173,2.05525327815836,-28.5));
#12082=CARTESIAN_POINT('Ctrl Pts',(-12.2997305380173,2.05525327815836,-28.51));
#12083=CARTESIAN_POINT('Ctrl Pts',(-12.3240417215238,2.06740886991161,-28.51));
#12084=CARTESIAN_POINT('Ctrl Pts',(-12.375905579671,2.10792750908913,-28.51));
#12085=CARTESIAN_POINT('Ctrl Pts',(-12.3913026625585,2.11927272805884,-28.51));
#12086=CARTESIAN_POINT('Origin',(-12.2600357894843,2.42798289513936,-28.51));
#12087=CARTESIAN_POINT('Origin',(-11.3135068604365,2.22705230827104,-28.5));
#12088=CARTESIAN_POINT('',(-11.3135068604365,2.08523707114972,-28.5));
#12089=CARTESIAN_POINT('',(-11.3135068604365,2.22705230827104,-28.5));
#12090=CARTESIAN_POINT('',(-11.3135068604365,2.36352615413552,-28.5));
#12091=CARTESIAN_POINT('',(-11.3135068604365,2.08523707114972,-28.51));
#12092=CARTESIAN_POINT('',(-11.3135068604365,2.08523707114972,-28.5));
#12093=CARTESIAN_POINT('',(-11.3135068604365,2.22705230827104,-28.51));
#12094=CARTESIAN_POINT('',(-11.3135068604365,2.08523707114972,-28.51));
#12095=CARTESIAN_POINT('',(-11.3135068604365,2.22705230827104,-28.5));
#12096=CARTESIAN_POINT('Origin',(-11.3199898427049,2.22705230827104,-28.5));
#12097=CARTESIAN_POINT('',(-11.3199898427049,2.22705230827104,-28.5));
#12098=CARTESIAN_POINT('',(-5.65999492135244,2.22705230827104,-28.5));
#12099=CARTESIAN_POINT('',(-11.3199898427049,2.22705230827104,-28.51));
#12100=CARTESIAN_POINT('',(-11.3135068604365,2.22705230827104,-28.51));
#12101=CARTESIAN_POINT('',(-11.3199898427049,2.22705230827104,-28.5));
#12102=CARTESIAN_POINT('Ctrl Pts',(-11.4164242039474,2.16627434950476,-28.5));
#12103=CARTESIAN_POINT('Ctrl Pts',(-11.4164242039474,2.16627434950476,-28.51));
#12104=CARTESIAN_POINT('Ctrl Pts',(-11.3799574286876,2.18329217795932,-28.5));
#12105=CARTESIAN_POINT('Ctrl Pts',(-11.3799574286876,2.18329217795932,-28.51));
#12106=CARTESIAN_POINT('Ctrl Pts',(-11.3361972983759,2.21408634373423,-28.5));
#12107=CARTESIAN_POINT('Ctrl Pts',(-11.3361972983759,2.21408634373423,-28.51));
#12108=CARTESIAN_POINT('Ctrl Pts',(-11.3199898427049,2.22705230827104,-28.5));
#12109=CARTESIAN_POINT('Ctrl Pts',(-11.3199898427049,2.22705230827104,-28.51));
#12110=CARTESIAN_POINT('',(-11.4164242039474,2.16627434950476,-28.5));
#12111=CARTESIAN_POINT('Ctrl Pts',(-11.3199898427049,2.22705230827104,-28.5));
#12112=CARTESIAN_POINT('Ctrl Pts',(-11.3361972983759,2.21408634373423,-28.5));
#12113=CARTESIAN_POINT('Ctrl Pts',(-11.3799574286876,2.18329217795932,-28.5));
#12114=CARTESIAN_POINT('Ctrl Pts',(-11.4164242039474,2.16627434950476,-28.5));
#12115=CARTESIAN_POINT('',(-11.4164242039474,2.16627434950476,-28.51));
#12116=CARTESIAN_POINT('Ctrl Pts',(-11.4164242039474,2.16627434950476,-28.51));
#12117=CARTESIAN_POINT('Ctrl Pts',(-11.3799574286876,2.18329217795932,-28.51));
#12118=CARTESIAN_POINT('Ctrl Pts',(-11.3361972983759,2.21408634373423,-28.51));
#12119=CARTESIAN_POINT('Ctrl Pts',(-11.3199898427049,2.22705230827104,-28.51));
#12120=CARTESIAN_POINT('',(-11.4164242039474,2.16627434950476,-28.5));
#12121=CARTESIAN_POINT('Ctrl Pts',(-11.5671535416877,2.12818682867789,-28.5));
#12122=CARTESIAN_POINT('Ctrl Pts',(-11.5671535416877,2.12818682867789,-28.51));
#12123=CARTESIAN_POINT('Ctrl Pts',(-11.5258245297267,2.12818682867789,-28.5));
#12124=CARTESIAN_POINT('Ctrl Pts',(-11.5258245297267,2.12818682867789,-28.51));
#12125=CARTESIAN_POINT('Ctrl Pts',(-11.4480287425058,2.1508772666173,-28.5));
#12126=CARTESIAN_POINT('Ctrl Pts',(-11.4480287425058,2.1508772666173,-28.51));
#12127=CARTESIAN_POINT('Ctrl Pts',(-11.4164242039474,2.16627434950476,-28.5));
#12128=CARTESIAN_POINT('Ctrl Pts',(-11.4164242039474,2.16627434950476,-28.51));
#12129=CARTESIAN_POINT('',(-11.5671535416877,2.12818682867789,-28.5));
#12130=CARTESIAN_POINT('Ctrl Pts',(-11.4164242039474,2.16627434950476,-28.5));
#12131=CARTESIAN_POINT('Ctrl Pts',(-11.4480287425058,2.1508772666173,-28.5));
#12132=CARTESIAN_POINT('Ctrl Pts',(-11.5258245297267,2.12818682867789,-28.5));
#12133=CARTESIAN_POINT('Ctrl Pts',(-11.5671535416877,2.12818682867789,-28.5));
#12134=CARTESIAN_POINT('',(-11.5671535416877,2.12818682867789,-28.51));
#12135=CARTESIAN_POINT('Ctrl Pts',(-11.5671535416877,2.12818682867789,-28.51));
#12136=CARTESIAN_POINT('Ctrl Pts',(-11.5258245297267,2.12818682867789,-28.51));
#12137=CARTESIAN_POINT('Ctrl Pts',(-11.4480287425058,2.1508772666173,-28.51));
#12138=CARTESIAN_POINT('Ctrl Pts',(-11.4164242039474,2.16627434950476,-28.51));
#12139=CARTESIAN_POINT('',(-11.5671535416877,2.12818682867789,-28.5));
#12140=CARTESIAN_POINT('Ctrl Pts',(-11.6822264769519,2.15330838496795,-28.5));
#12141=CARTESIAN_POINT('Ctrl Pts',(-11.6822264769519,2.15330838496795,-28.51));
#12142=CARTESIAN_POINT('Ctrl Pts',(-11.6660190212809,2.14196316599825,-28.5));
#12143=CARTESIAN_POINT('Ctrl Pts',(-11.6660190212809,2.14196316599825,-28.51));
#12144=CARTESIAN_POINT('Ctrl Pts',(-11.5971373346791,2.12818682867789,-28.5));
#12145=CARTESIAN_POINT('Ctrl Pts',(-11.5971373346791,2.12818682867789,-28.51));
#12146=CARTESIAN_POINT('Ctrl Pts',(-11.5671535416877,2.12818682867789,-28.5));
#12147=CARTESIAN_POINT('Ctrl Pts',(-11.5671535416877,2.12818682867789,-28.51));
#12148=CARTESIAN_POINT('',(-11.6822264769519,2.15330838496795,-28.5));
#12149=CARTESIAN_POINT('Ctrl Pts',(-11.5671535416877,2.12818682867789,-28.5));
#12150=CARTESIAN_POINT('Ctrl Pts',(-11.5971373346791,2.12818682867789,-28.5));
#12151=CARTESIAN_POINT('Ctrl Pts',(-11.6660190212809,2.14196316599825,-28.5));
#12152=CARTESIAN_POINT('Ctrl Pts',(-11.6822264769519,2.15330838496795,-28.5));
#12153=CARTESIAN_POINT('',(-11.6822264769519,2.15330838496795,-28.51));
#12154=CARTESIAN_POINT('Ctrl Pts',(-11.6822264769519,2.15330838496795,-28.51));
#12155=CARTESIAN_POINT('Ctrl Pts',(-11.6660190212809,2.14196316599825,-28.51));
#12156=CARTESIAN_POINT('Ctrl Pts',(-11.5971373346791,2.12818682867789,-28.51));
#12157=CARTESIAN_POINT('Ctrl Pts',(-11.5671535416877,2.12818682867789,-28.51));
#12158=CARTESIAN_POINT('',(-11.6822264769519,2.15330838496795,-28.5));
#12159=CARTESIAN_POINT('Ctrl Pts',(-11.7267969800472,2.23920790002429,-28.5));
#12160=CARTESIAN_POINT('Ctrl Pts',(-11.7267969800472,2.23920790002429,-28.51));
#12161=CARTESIAN_POINT('Ctrl Pts',(-11.7267969800472,2.20355149754807,-28.5));
#12162=CARTESIAN_POINT('Ctrl Pts',(-11.7267969800472,2.20355149754807,-28.51));
#12163=CARTESIAN_POINT('Ctrl Pts',(-11.7057272876749,2.16870546785541,-28.5));
#12164=CARTESIAN_POINT('Ctrl Pts',(-11.7057272876749,2.16870546785541,-28.51));
#12165=CARTESIAN_POINT('Ctrl Pts',(-11.6822264769519,2.15330838496795,-28.5));
#12166=CARTESIAN_POINT('Ctrl Pts',(-11.6822264769519,2.15330838496795,-28.51));
#12167=CARTESIAN_POINT('',(-11.7267969800472,2.23920790002429,-28.5));
#12168=CARTESIAN_POINT('Ctrl Pts',(-11.6822264769519,2.15330838496795,-28.5));
#12169=CARTESIAN_POINT('Ctrl Pts',(-11.7057272876749,2.16870546785541,-28.5));
#12170=CARTESIAN_POINT('Ctrl Pts',(-11.7267969800472,2.20355149754807,-28.5));
#12171=CARTESIAN_POINT('Ctrl Pts',(-11.7267969800472,2.23920790002429,-28.5));
#12172=CARTESIAN_POINT('',(-11.7267969800472,2.23920790002429,-28.51));
#12173=CARTESIAN_POINT('Ctrl Pts',(-11.7267969800472,2.23920790002429,-28.51));
#12174=CARTESIAN_POINT('Ctrl Pts',(-11.7267969800472,2.20355149754807,-28.51));
#12175=CARTESIAN_POINT('Ctrl Pts',(-11.7057272876749,2.16870546785541,-28.51));
#12176=CARTESIAN_POINT('Ctrl Pts',(-11.6822264769519,2.15330838496795,-28.51));
#12177=CARTESIAN_POINT('',(-11.7267969800472,2.23920790002429,-28.5));
#12178=CARTESIAN_POINT('Ctrl Pts',(-11.6157759087008,2.34536673466939,-28.5));
#12179=CARTESIAN_POINT('Ctrl Pts',(-11.6157759087008,2.34536673466939,-28.51));
#12180=CARTESIAN_POINT('Ctrl Pts',(-11.6781746130341,2.32996965178193,-28.5));
#12181=CARTESIAN_POINT('Ctrl Pts',(-11.6781746130341,2.32996965178193,-28.51));
#12182=CARTESIAN_POINT('Ctrl Pts',(-11.7267969800472,2.28377840311956,-28.5));
#12183=CARTESIAN_POINT('Ctrl Pts',(-11.7267969800472,2.28377840311956,-28.51));
#12184=CARTESIAN_POINT('Ctrl Pts',(-11.7267969800472,2.23920790002429,-28.5));
#12185=CARTESIAN_POINT('Ctrl Pts',(-11.7267969800472,2.23920790002429,-28.51));
#12186=CARTESIAN_POINT('',(-11.6157759087008,2.34536673466939,-28.5));
#12187=CARTESIAN_POINT('Ctrl Pts',(-11.7267969800472,2.23920790002429,-28.5));
#12188=CARTESIAN_POINT('Ctrl Pts',(-11.7267969800472,2.28377840311956,-28.5));
#12189=CARTESIAN_POINT('Ctrl Pts',(-11.6781746130341,2.32996965178193,-28.5));
#12190=CARTESIAN_POINT('Ctrl Pts',(-11.6157759087008,2.34536673466939,-28.5));
#12191=CARTESIAN_POINT('',(-11.6157759087008,2.34536673466939,-28.51));
#12192=CARTESIAN_POINT('Ctrl Pts',(-11.6157759087008,2.34536673466939,-28.51));
#12193=CARTESIAN_POINT('Ctrl Pts',(-11.6781746130341,2.32996965178193,-28.51));
#12194=CARTESIAN_POINT('Ctrl Pts',(-11.7267969800472,2.28377840311956,-28.51));
#12195=CARTESIAN_POINT('Ctrl Pts',(-11.7267969800472,2.23920790002429,-28.51));
#12196=CARTESIAN_POINT('',(-11.6157759087008,2.34536673466939,-28.5));
#12197=CARTESIAN_POINT('Ctrl Pts',(-11.4804436538479,2.3761609004443,-28.5));
#12198=CARTESIAN_POINT('Ctrl Pts',(-11.4804436538479,2.3761609004443,-28.51));
#12199=CARTESIAN_POINT('Ctrl Pts',(-11.5136689379734,2.36724679982525,-28.5));
#12200=CARTESIAN_POINT('Ctrl Pts',(-11.5136689379734,2.36724679982525,-28.51));
#12201=CARTESIAN_POINT('Ctrl Pts',(-11.5914647251943,2.35103934415424,-28.5));
#12202=CARTESIAN_POINT('Ctrl Pts',(-11.5914647251943,2.35103934415424,-28.51));
#12203=CARTESIAN_POINT('Ctrl Pts',(-11.6157759087008,2.34536673466939,-28.5));
#12204=CARTESIAN_POINT('Ctrl Pts',(-11.6157759087008,2.34536673466939,-28.51));
#12205=CARTESIAN_POINT('',(-11.4804436538479,2.3761609004443,-28.5));
#12206=CARTESIAN_POINT('Ctrl Pts',(-11.6157759087008,2.34536673466939,-28.5));
#12207=CARTESIAN_POINT('Ctrl Pts',(-11.5914647251943,2.35103934415424,-28.5));
#12208=CARTESIAN_POINT('Ctrl Pts',(-11.5136689379734,2.36724679982525,-28.5));
#12209=CARTESIAN_POINT('Ctrl Pts',(-11.4804436538479,2.3761609004443,-28.5));
#12210=CARTESIAN_POINT('',(-11.4804436538479,2.3761609004443,-28.51));
#12211=CARTESIAN_POINT('Ctrl Pts',(-11.4804436538479,2.3761609004443,-28.51));
#12212=CARTESIAN_POINT('Ctrl Pts',(-11.5136689379734,2.36724679982525,-28.51));
#12213=CARTESIAN_POINT('Ctrl Pts',(-11.5914647251943,2.35103934415424,-28.51));
#12214=CARTESIAN_POINT('Ctrl Pts',(-11.6157759087008,2.34536673466939,-28.51));
#12215=CARTESIAN_POINT('',(-11.4804436538479,2.3761609004443,-28.5));
#12216=CARTESIAN_POINT('Ctrl Pts',(-11.3167483515707,2.5787540963319,-28.5));
#12217=CARTESIAN_POINT('Ctrl Pts',(-11.3167483515707,2.5787540963319,-28.51));
#12218=CARTESIAN_POINT('Ctrl Pts',(-11.3167483515707,2.50501017302881,-28.5));
#12219=CARTESIAN_POINT('Ctrl Pts',(-11.3167483515707,2.50501017302881,-28.51));
#12220=CARTESIAN_POINT('Ctrl Pts',(-11.3945441387915,2.40128245673437,-28.5));
#12221=CARTESIAN_POINT('Ctrl Pts',(-11.3945441387915,2.40128245673437,-28.51));
#12222=CARTESIAN_POINT('Ctrl Pts',(-11.4804436538479,2.3761609004443,-28.5));
#12223=CARTESIAN_POINT('Ctrl Pts',(-11.4804436538479,2.3761609004443,-28.51));
#12224=CARTESIAN_POINT('',(-11.3167483515707,2.5787540963319,-28.5));
#12225=CARTESIAN_POINT('Ctrl Pts',(-11.4804436538479,2.3761609004443,-28.5));
#12226=CARTESIAN_POINT('Ctrl Pts',(-11.3945441387915,2.40128245673437,-28.5));
#12227=CARTESIAN_POINT('Ctrl Pts',(-11.3167483515707,2.50501017302881,-28.5));
#12228=CARTESIAN_POINT('Ctrl Pts',(-11.3167483515707,2.5787540963319,-28.5));
#12229=CARTESIAN_POINT('',(-11.3167483515707,2.5787540963319,-28.51));
#12230=CARTESIAN_POINT('Ctrl Pts',(-11.3167483515707,2.5787540963319,-28.51));
#12231=CARTESIAN_POINT('Ctrl Pts',(-11.3167483515707,2.50501017302881,-28.51));
#12232=CARTESIAN_POINT('Ctrl Pts',(-11.3945441387915,2.40128245673437,-28.51));
#12233=CARTESIAN_POINT('Ctrl Pts',(-11.4804436538479,2.3761609004443,-28.51));
#12234=CARTESIAN_POINT('',(-11.3167483515707,2.5787540963319,-28.5));
#12235=CARTESIAN_POINT('Ctrl Pts',(-11.5963269618956,2.80808959407665,-28.5));
#12236=CARTESIAN_POINT('Ctrl Pts',(-11.5963269618956,2.80808959407665,-28.51));
#12237=CARTESIAN_POINT('Ctrl Pts',(-11.4699088076617,2.80808959407665,-28.5));
#12238=CARTESIAN_POINT('Ctrl Pts',(-11.4699088076617,2.80808959407665,-28.51));
#12239=CARTESIAN_POINT('Ctrl Pts',(-11.3167483515707,2.68086106705924,-28.5));
#12240=CARTESIAN_POINT('Ctrl Pts',(-11.3167483515707,2.68086106705924,-28.51));
#12241=CARTESIAN_POINT('Ctrl Pts',(-11.3167483515707,2.5787540963319,-28.5));
#12242=CARTESIAN_POINT('Ctrl Pts',(-11.3167483515707,2.5787540963319,-28.51));
#12243=CARTESIAN_POINT('',(-11.5963269618956,2.80808959407665,-28.5));
#12244=CARTESIAN_POINT('Ctrl Pts',(-11.3167483515707,2.5787540963319,-28.5));
#12245=CARTESIAN_POINT('Ctrl Pts',(-11.3167483515707,2.68086106705924,-28.5));
#12246=CARTESIAN_POINT('Ctrl Pts',(-11.4699088076617,2.80808959407665,-28.5));
#12247=CARTESIAN_POINT('Ctrl Pts',(-11.5963269618956,2.80808959407665,-28.5));
#12248=CARTESIAN_POINT('',(-11.5963269618956,2.80808959407665,-28.51));
#12249=CARTESIAN_POINT('Ctrl Pts',(-11.5963269618956,2.80808959407665,-28.51));
#12250=CARTESIAN_POINT('Ctrl Pts',(-11.4699088076617,2.80808959407665,-28.51));
#12251=CARTESIAN_POINT('Ctrl Pts',(-11.3167483515707,2.68086106705924,-28.51));
#12252=CARTESIAN_POINT('Ctrl Pts',(-11.3167483515707,2.5787540963319,-28.51));
#12253=CARTESIAN_POINT('',(-11.5963269618956,2.80808959407665,-28.5));
#12254=CARTESIAN_POINT('Ctrl Pts',(-11.828093577991,2.75379461757878,-28.5));
#12255=CARTESIAN_POINT('Ctrl Pts',(-11.828093577991,2.75379461757878,-28.51));
#12256=CARTESIAN_POINT('Ctrl Pts',(-11.7851438204628,2.77729542830174,-28.5));
#12257=CARTESIAN_POINT('Ctrl Pts',(-11.7851438204628,2.77729542830174,-28.51));
#12258=CARTESIAN_POINT('Ctrl Pts',(-11.6587256662289,2.80808959407665,-28.5));
#12259=CARTESIAN_POINT('Ctrl Pts',(-11.6587256662289,2.80808959407665,-28.51));
#12260=CARTESIAN_POINT('Ctrl Pts',(-11.5963269618956,2.80808959407665,-28.5));
#12261=CARTESIAN_POINT('Ctrl Pts',(-11.5963269618956,2.80808959407665,-28.51));
#12262=CARTESIAN_POINT('',(-11.828093577991,2.75379461757878,-28.5));
#12263=CARTESIAN_POINT('Ctrl Pts',(-11.5963269618956,2.80808959407665,-28.5));
#12264=CARTESIAN_POINT('Ctrl Pts',(-11.6587256662289,2.80808959407665,-28.5));
#12265=CARTESIAN_POINT('Ctrl Pts',(-11.7851438204628,2.77729542830174,-28.5));
#12266=CARTESIAN_POINT('Ctrl Pts',(-11.828093577991,2.75379461757878,-28.5));
#12267=CARTESIAN_POINT('',(-11.828093577991,2.75379461757878,-28.51));
#12268=CARTESIAN_POINT('Ctrl Pts',(-11.828093577991,2.75379461757878,-28.51));
#12269=CARTESIAN_POINT('Ctrl Pts',(-11.7851438204628,2.77729542830174,-28.51));
#12270=CARTESIAN_POINT('Ctrl Pts',(-11.6587256662289,2.80808959407665,-28.51));
#12271=CARTESIAN_POINT('Ctrl Pts',(-11.5963269618956,2.80808959407665,-28.51));
#12272=CARTESIAN_POINT('',(-11.828093577991,2.75379461757878,-28.5));
#12273=CARTESIAN_POINT('Origin',(-11.828093577991,2.61846236272587,-28.5));
#12274=CARTESIAN_POINT('',(-11.828093577991,2.61846236272587,-28.5));
#12275=CARTESIAN_POINT('',(-11.828093577991,2.55923118136293,-28.5));
#12276=CARTESIAN_POINT('',(-11.828093577991,2.61846236272587,-28.51));
#12277=CARTESIAN_POINT('',(-11.828093577991,2.75379461757878,-28.51));
#12278=CARTESIAN_POINT('',(-11.828093577991,2.61846236272587,-28.5));
#12279=CARTESIAN_POINT('Origin',(-11.8216105957226,2.61846236272587,-28.5));
#12280=CARTESIAN_POINT('',(-11.8216105957226,2.61846236272587,-28.5));
#12281=CARTESIAN_POINT('',(-5.91080529786128,2.61846236272587,-28.5));
#12282=CARTESIAN_POINT('',(-11.8216105957226,2.61846236272587,-28.51));
#12283=CARTESIAN_POINT('',(-11.828093577991,2.61846236272587,-28.51));
#12284=CARTESIAN_POINT('',(-11.8216105957226,2.61846236272587,-28.5));
#12285=CARTESIAN_POINT('Ctrl Pts',(-11.5938958435449,2.70193075943155,-28.5));
#12286=CARTESIAN_POINT('Ctrl Pts',(-11.5938958435449,2.70193075943155,-28.51));
#12287=CARTESIAN_POINT('Ctrl Pts',(-11.6546738023112,2.70193075943155,-28.5));
#12288=CARTESIAN_POINT('Ctrl Pts',(-11.6546738023112,2.70193075943155,-28.51));
#12289=CARTESIAN_POINT('Ctrl Pts',(-11.7729882287095,2.65736025633628,-28.5));
#12290=CARTESIAN_POINT('Ctrl Pts',(-11.7729882287095,2.65736025633628,-28.51));
#12291=CARTESIAN_POINT('Ctrl Pts',(-11.8216105957226,2.61846236272587,-28.5));
#12292=CARTESIAN_POINT('Ctrl Pts',(-11.8216105957226,2.61846236272587,-28.51));
#12293=CARTESIAN_POINT('',(-11.5938958435449,2.70193075943155,-28.5));
#12294=CARTESIAN_POINT('Ctrl Pts',(-11.8216105957226,2.61846236272587,-28.5));
#12295=CARTESIAN_POINT('Ctrl Pts',(-11.7729882287095,2.65736025633628,-28.5));
#12296=CARTESIAN_POINT('Ctrl Pts',(-11.6546738023112,2.70193075943155,-28.5));
#12297=CARTESIAN_POINT('Ctrl Pts',(-11.5938958435449,2.70193075943155,-28.5));
#12298=CARTESIAN_POINT('',(-11.5938958435449,2.70193075943155,-28.51));
#12299=CARTESIAN_POINT('Ctrl Pts',(-11.5938958435449,2.70193075943155,-28.51));
#12300=CARTESIAN_POINT('Ctrl Pts',(-11.6546738023112,2.70193075943155,-28.51));
#12301=CARTESIAN_POINT('Ctrl Pts',(-11.7729882287095,2.65736025633628,-28.51));
#12302=CARTESIAN_POINT('Ctrl Pts',(-11.8216105957226,2.61846236272587,-28.51));
#12303=CARTESIAN_POINT('',(-11.5938958435449,2.70193075943155,-28.5));
#12304=CARTESIAN_POINT('Ctrl Pts',(-11.4455976241552,2.59658229757001,-28.5));
#12305=CARTESIAN_POINT('Ctrl Pts',(-11.4455976241552,2.59658229757001,-28.51));
#12306=CARTESIAN_POINT('Ctrl Pts',(-11.4455976241552,2.64925652850078,-28.5));
#12307=CARTESIAN_POINT('Ctrl Pts',(-11.4455976241552,2.64925652850078,-28.51));
#12308=CARTESIAN_POINT('Ctrl Pts',(-11.5314971392115,2.70193075943155,-28.5));
#12309=CARTESIAN_POINT('Ctrl Pts',(-11.5314971392115,2.70193075943155,-28.51));
#12310=CARTESIAN_POINT('Ctrl Pts',(-11.5938958435449,2.70193075943155,-28.5));
#12311=CARTESIAN_POINT('Ctrl Pts',(-11.5938958435449,2.70193075943155,-28.51));
#12312=CARTESIAN_POINT('',(-11.4455976241552,2.59658229757001,-28.5));
#12313=CARTESIAN_POINT('Ctrl Pts',(-11.5938958435449,2.70193075943155,-28.5));
#12314=CARTESIAN_POINT('Ctrl Pts',(-11.5314971392115,2.70193075943155,-28.5));
#12315=CARTESIAN_POINT('Ctrl Pts',(-11.4455976241552,2.64925652850078,-28.5));
#12316=CARTESIAN_POINT('Ctrl Pts',(-11.4455976241552,2.59658229757001,-28.5));
#12317=CARTESIAN_POINT('',(-11.4455976241552,2.59658229757001,-28.51));
#12318=CARTESIAN_POINT('Ctrl Pts',(-11.4455976241552,2.59658229757001,-28.51));
#12319=CARTESIAN_POINT('Ctrl Pts',(-11.4455976241552,2.64925652850078,-28.51));
#12320=CARTESIAN_POINT('Ctrl Pts',(-11.5314971392115,2.70193075943155,-28.51));
#12321=CARTESIAN_POINT('Ctrl Pts',(-11.5938958435449,2.70193075943155,-28.51));
#12322=CARTESIAN_POINT('',(-11.4455976241552,2.59658229757001,-28.5));
#12323=CARTESIAN_POINT('Ctrl Pts',(-11.5533772043674,2.48799234457426,-28.5));
#12324=CARTESIAN_POINT('Ctrl Pts',(-11.5533772043674,2.48799234457426,-28.51));
#12325=CARTESIAN_POINT('Ctrl Pts',(-11.4966511095189,2.50257905467816,-28.5));
#12326=CARTESIAN_POINT('Ctrl Pts',(-11.4966511095189,2.50257905467816,-28.51));
#12327=CARTESIAN_POINT('Ctrl Pts',(-11.4455976241552,2.54877030334053,-28.5));
#12328=CARTESIAN_POINT('Ctrl Pts',(-11.4455976241552,2.54877030334053,-28.51));
#12329=CARTESIAN_POINT('Ctrl Pts',(-11.4455976241552,2.59658229757001,-28.5));
#12330=CARTESIAN_POINT('Ctrl Pts',(-11.4455976241552,2.59658229757001,-28.51));
#12331=CARTESIAN_POINT('',(-11.5533772043674,2.48799234457426,-28.5));
#12332=CARTESIAN_POINT('Ctrl Pts',(-11.4455976241552,2.59658229757001,-28.5));
#12333=CARTESIAN_POINT('Ctrl Pts',(-11.4455976241552,2.54877030334053,-28.5));
#12334=CARTESIAN_POINT('Ctrl Pts',(-11.4966511095189,2.50257905467816,-28.5));
#12335=CARTESIAN_POINT('Ctrl Pts',(-11.5533772043674,2.48799234457426,-28.5));
#12336=CARTESIAN_POINT('',(-11.5533772043674,2.48799234457426,-28.51));
#12337=CARTESIAN_POINT('Ctrl Pts',(-11.5533772043674,2.48799234457426,-28.51));
#12338=CARTESIAN_POINT('Ctrl Pts',(-11.4966511095189,2.50257905467816,-28.51));
#12339=CARTESIAN_POINT('Ctrl Pts',(-11.4455976241552,2.54877030334053,-28.51));
#12340=CARTESIAN_POINT('Ctrl Pts',(-11.4455976241552,2.59658229757001,-28.51));
#12341=CARTESIAN_POINT('',(-11.5533772043674,2.48799234457426,-28.5));
#12342=CARTESIAN_POINT('Ctrl Pts',(-11.6887094592203,2.45719817879934,-28.5));
#12343=CARTESIAN_POINT('Ctrl Pts',(-11.6887094592203,2.45719817879934,-28.51));
#12344=CARTESIAN_POINT('Ctrl Pts',(-11.6506219383934,2.4661122794184,-28.5));
#12345=CARTESIAN_POINT('Ctrl Pts',(-11.6506219383934,2.4661122794184,-28.51));
#12346=CARTESIAN_POINT('Ctrl Pts',(-11.5809298790081,2.4806989895223,-28.5));
#12347=CARTESIAN_POINT('Ctrl Pts',(-11.5809298790081,2.4806989895223,-28.51));
#12348=CARTESIAN_POINT('Ctrl Pts',(-11.5533772043674,2.48799234457426,-28.5));
#12349=CARTESIAN_POINT('Ctrl Pts',(-11.5533772043674,2.48799234457426,-28.51));
#12350=CARTESIAN_POINT('',(-11.6887094592203,2.45719817879934,-28.5));
#12351=CARTESIAN_POINT('Ctrl Pts',(-11.5533772043674,2.48799234457426,-28.5));
#12352=CARTESIAN_POINT('Ctrl Pts',(-11.5809298790081,2.4806989895223,-28.5));
#12353=CARTESIAN_POINT('Ctrl Pts',(-11.6506219383934,2.4661122794184,-28.5));
#12354=CARTESIAN_POINT('Ctrl Pts',(-11.6887094592203,2.45719817879934,-28.5));
#12355=CARTESIAN_POINT('',(-11.6887094592203,2.45719817879934,-28.51));
#12356=CARTESIAN_POINT('Ctrl Pts',(-11.6887094592203,2.45719817879934,-28.51));
#12357=CARTESIAN_POINT('Ctrl Pts',(-11.6506219383934,2.4661122794184,-28.51));
#12358=CARTESIAN_POINT('Ctrl Pts',(-11.5809298790081,2.4806989895223,-28.51));
#12359=CARTESIAN_POINT('Ctrl Pts',(-11.5533772043674,2.48799234457426,-28.51));
#12360=CARTESIAN_POINT('',(-11.6887094592203,2.45719817879934,-28.5));
#12361=CARTESIAN_POINT('Ctrl Pts',(-11.8556462526317,2.25622572847885,-28.5));
#12362=CARTESIAN_POINT('Ctrl Pts',(-11.8556462526317,2.25622572847885,-28.51));
#12363=CARTESIAN_POINT('Ctrl Pts',(-11.8556462526317,2.33969412518454,-28.5));
#12364=CARTESIAN_POINT('Ctrl Pts',(-11.8556462526317,2.33969412518454,-28.51));
#12365=CARTESIAN_POINT('Ctrl Pts',(-11.7713674831424,2.43612848642703,-28.5));
#12366=CARTESIAN_POINT('Ctrl Pts',(-11.7713674831424,2.43612848642703,-28.51));
#12367=CARTESIAN_POINT('Ctrl Pts',(-11.6887094592203,2.45719817879934,-28.5));
#12368=CARTESIAN_POINT('Ctrl Pts',(-11.6887094592203,2.45719817879934,-28.51));
#12369=CARTESIAN_POINT('',(-11.8556462526317,2.25622572847885,-28.5));
#12370=CARTESIAN_POINT('Ctrl Pts',(-11.6887094592203,2.45719817879934,-28.5));
#12371=CARTESIAN_POINT('Ctrl Pts',(-11.7713674831424,2.43612848642703,-28.5));
#12372=CARTESIAN_POINT('Ctrl Pts',(-11.8556462526317,2.33969412518454,-28.5));
#12373=CARTESIAN_POINT('Ctrl Pts',(-11.8556462526317,2.25622572847885,-28.5));
#12374=CARTESIAN_POINT('',(-11.8556462526317,2.25622572847885,-28.51));
#12375=CARTESIAN_POINT('Ctrl Pts',(-11.8556462526317,2.25622572847885,-28.51));
#12376=CARTESIAN_POINT('Ctrl Pts',(-11.8556462526317,2.33969412518454,-28.51));
#12377=CARTESIAN_POINT('Ctrl Pts',(-11.7713674831424,2.43612848642703,-28.51));
#12378=CARTESIAN_POINT('Ctrl Pts',(-11.6887094592203,2.45719817879934,-28.51));
#12379=CARTESIAN_POINT('',(-11.8556462526317,2.25622572847885,-28.5));
#12380=CARTESIAN_POINT('Ctrl Pts',(-11.7802815837615,2.09009930785102,-28.5));
#12381=CARTESIAN_POINT('Ctrl Pts',(-11.7802815837615,2.09009930785102,-28.51));
#12382=CARTESIAN_POINT('Ctrl Pts',(-11.8175587318048,2.12170384640949,-28.5));
#12383=CARTESIAN_POINT('Ctrl Pts',(-11.8175587318048,2.12170384640949,-28.51));
#12384=CARTESIAN_POINT('Ctrl Pts',(-11.8556462526317,2.20760336146583,-28.5));
#12385=CARTESIAN_POINT('Ctrl Pts',(-11.8556462526317,2.20760336146583,-28.51));
#12386=CARTESIAN_POINT('Ctrl Pts',(-11.8556462526317,2.25622572847885,-28.5));
#12387=CARTESIAN_POINT('Ctrl Pts',(-11.8556462526317,2.25622572847885,-28.51));
#12388=CARTESIAN_POINT('',(-11.7802815837615,2.09009930785102,-28.5));
#12389=CARTESIAN_POINT('Ctrl Pts',(-11.8556462526317,2.25622572847885,-28.5));
#12390=CARTESIAN_POINT('Ctrl Pts',(-11.8556462526317,2.20760336146583,-28.5));
#12391=CARTESIAN_POINT('Ctrl Pts',(-11.8175587318048,2.12170384640949,-28.5));
#12392=CARTESIAN_POINT('Ctrl Pts',(-11.7802815837615,2.09009930785102,-28.5));
#12393=CARTESIAN_POINT('',(-11.7802815837615,2.09009930785102,-28.51));
#12394=CARTESIAN_POINT('Ctrl Pts',(-11.7802815837615,2.09009930785102,-28.51));
#12395=CARTESIAN_POINT('Ctrl Pts',(-11.8175587318048,2.12170384640949,-28.51));
#12396=CARTESIAN_POINT('Ctrl Pts',(-11.8556462526317,2.20760336146583,-28.51));
#12397=CARTESIAN_POINT('Ctrl Pts',(-11.8556462526317,2.25622572847885,-28.51));
#12398=CARTESIAN_POINT('',(-11.7802815837615,2.09009930785102,-28.5));
#12399=CARTESIAN_POINT('Ctrl Pts',(-11.5622913049864,2.02202799403279,-28.5));
#12400=CARTESIAN_POINT('Ctrl Pts',(-11.5622913049864,2.02202799403279,-28.51));
#12401=CARTESIAN_POINT('Ctrl Pts',(-11.6392767194237,2.02202799403279,-28.5));
#12402=CARTESIAN_POINT('Ctrl Pts',(-11.6392767194237,2.02202799403279,-28.51));
#12403=CARTESIAN_POINT('Ctrl Pts',(-11.7405733173675,2.05687402372546,-28.5));
#12404=CARTESIAN_POINT('Ctrl Pts',(-11.7405733173675,2.05687402372546,-28.51));
#12405=CARTESIAN_POINT('Ctrl Pts',(-11.7802815837615,2.09009930785102,-28.5));
#12406=CARTESIAN_POINT('Ctrl Pts',(-11.7802815837615,2.09009930785102,-28.51));
#12407=CARTESIAN_POINT('',(-11.5622913049864,2.02202799403279,-28.5));
#12408=CARTESIAN_POINT('Ctrl Pts',(-11.7802815837615,2.09009930785102,-28.5));
#12409=CARTESIAN_POINT('Ctrl Pts',(-11.7405733173675,2.05687402372546,-28.5));
#12410=CARTESIAN_POINT('Ctrl Pts',(-11.6392767194237,2.02202799403279,-28.5));
#12411=CARTESIAN_POINT('Ctrl Pts',(-11.5622913049864,2.02202799403279,-28.5));
#12412=CARTESIAN_POINT('',(-11.5622913049864,2.02202799403279,-28.51));
#12413=CARTESIAN_POINT('Ctrl Pts',(-11.5622913049864,2.02202799403279,-28.51));
#12414=CARTESIAN_POINT('Ctrl Pts',(-11.6392767194237,2.02202799403279,-28.51));
#12415=CARTESIAN_POINT('Ctrl Pts',(-11.7405733173675,2.05687402372546,-28.51));
#12416=CARTESIAN_POINT('Ctrl Pts',(-11.7802815837615,2.09009930785102,-28.51));
#12417=CARTESIAN_POINT('',(-11.5622913049864,2.02202799403279,-28.5));
#12418=CARTESIAN_POINT('Ctrl Pts',(-11.3135068604365,2.08523707114972,-28.5));
#12419=CARTESIAN_POINT('Ctrl Pts',(-11.3135068604365,2.08523707114972,-28.51));
#12420=CARTESIAN_POINT('Ctrl Pts',(-11.3564566179646,2.06254663321031,-28.5));
#12421=CARTESIAN_POINT('Ctrl Pts',(-11.3564566179646,2.06254663321031,-28.51));
#12422=CARTESIAN_POINT('Ctrl Pts',(-11.4869266361163,2.02202799403279,-28.5));
#12423=CARTESIAN_POINT('Ctrl Pts',(-11.4869266361163,2.02202799403279,-28.51));
#12424=CARTESIAN_POINT('Ctrl Pts',(-11.5622913049864,2.02202799403279,-28.5));
#12425=CARTESIAN_POINT('Ctrl Pts',(-11.5622913049864,2.02202799403279,-28.51));
#12426=CARTESIAN_POINT('Ctrl Pts',(-11.5622913049864,2.02202799403279,-28.5));
#12427=CARTESIAN_POINT('Ctrl Pts',(-11.4869266361163,2.02202799403279,-28.5));
#12428=CARTESIAN_POINT('Ctrl Pts',(-11.3564566179646,2.06254663321031,-28.5));
#12429=CARTESIAN_POINT('Ctrl Pts',(-11.3135068604365,2.08523707114972,-28.5));
#12430=CARTESIAN_POINT('Ctrl Pts',(-11.3135068604365,2.08523707114972,-28.51));
#12431=CARTESIAN_POINT('Ctrl Pts',(-11.3564566179646,2.06254663321031,-28.51));
#12432=CARTESIAN_POINT('Ctrl Pts',(-11.4869266361163,2.02202799403279,-28.51));
#12433=CARTESIAN_POINT('Ctrl Pts',(-11.5622913049864,2.02202799403279,-28.51));
#12434=CARTESIAN_POINT('Origin',(-11.5797671672278,2.41063410476494,-28.51));
#12435=CARTESIAN_POINT('Origin',(-13.2057273100266,1.76351907608022,-28.5));
#12436=CARTESIAN_POINT('',(-13.3410595648795,1.76351907608022,-28.5));
#12437=CARTESIAN_POINT('',(-13.2057273100266,1.76351907608022,-28.5));
#12438=CARTESIAN_POINT('',(-6.6028636550133,1.76351907608022,-28.5));
#12439=CARTESIAN_POINT('',(-13.3410595648795,1.76351907608022,-28.51));
#12440=CARTESIAN_POINT('',(-13.3410595648795,1.76351907608022,-28.5));
#12441=CARTESIAN_POINT('',(-13.2057273100266,1.76351907608022,-28.51));
#12442=CARTESIAN_POINT('',(-13.3410595648795,1.76351907608022,-28.51));
#12443=CARTESIAN_POINT('',(-13.2057273100266,1.76351907608022,-28.5));
#12444=CARTESIAN_POINT('Origin',(-13.340249192096,2.07632297053067,-28.5));
#12445=CARTESIAN_POINT('',(-13.340249192096,2.07632297053067,-28.5));
#12446=CARTESIAN_POINT('',(-12.3760675985793,-0.165689650538287,-28.5));
#12447=CARTESIAN_POINT('',(-13.340249192096,2.07632297053067,-28.51));
#12448=CARTESIAN_POINT('',(-13.2057273100266,1.76351907608022,-28.51));
#12449=CARTESIAN_POINT('',(-13.340249192096,2.07632297053067,-28.5));
#12450=CARTESIAN_POINT('Origin',(-13.067963936823,2.79026139283855,-28.5));
#12451=CARTESIAN_POINT('',(-13.067963936823,2.79026139283855,-28.5));
#12452=CARTESIAN_POINT('',(-12.2865748694465,4.83908213200132,-28.5));
#12453=CARTESIAN_POINT('',(-13.067963936823,2.79026139283855,-28.51));
#12454=CARTESIAN_POINT('',(-13.340249192096,2.07632297053067,-28.51));
#12455=CARTESIAN_POINT('',(-13.067963936823,2.79026139283855,-28.5));
#12456=CARTESIAN_POINT('Origin',(-13.2041065644595,2.79026139283855,-28.5));
#12457=CARTESIAN_POINT('',(-13.2041065644595,2.79026139283855,-28.5));
#12458=CARTESIAN_POINT('',(-6.60205328222975,2.79026139283855,-28.5));
#12459=CARTESIAN_POINT('',(-13.2041065644595,2.79026139283855,-28.51));
#12460=CARTESIAN_POINT('',(-13.067963936823,2.79026139283855,-28.51));
#12461=CARTESIAN_POINT('',(-13.2041065644595,2.79026139283855,-28.5));
#12462=CARTESIAN_POINT('Origin',(-13.4091308786977,2.23434566332299,-28.5));
#12463=CARTESIAN_POINT('',(-13.4091308786977,2.23434566332299,-28.5));
#12464=CARTESIAN_POINT('',(-12.5632619719539,4.52788744208288,-28.5));
#12465=CARTESIAN_POINT('',(-13.4091308786977,2.23434566332299,-28.51));
#12466=CARTESIAN_POINT('',(-13.2041065644595,2.79026139283855,-28.51));
#12467=CARTESIAN_POINT('',(-13.4091308786977,2.23434566332299,-28.5));
#12468=CARTESIAN_POINT('Origin',(-13.6133448201524,2.79026139283855,-28.5));
#12469=CARTESIAN_POINT('',(-13.6133448201524,2.79026139283855,-28.5));
#12470=CARTESIAN_POINT('',(-12.7570633026822,0.459272817502804,-28.5));
#12471=CARTESIAN_POINT('',(-13.6133448201524,2.79026139283855,-28.51));
#12472=CARTESIAN_POINT('',(-13.4091308786977,2.23434566332299,-28.51));
#12473=CARTESIAN_POINT('',(-13.6133448201524,2.79026139283855,-28.5));
#12474=CARTESIAN_POINT('Origin',(-13.7446252110876,2.79026139283855,-28.5));
#12475=CARTESIAN_POINT('',(-13.7446252110876,2.79026139283855,-28.5));
#12476=CARTESIAN_POINT('',(-6.8723126055438,2.79026139283855,-28.5));
#12477=CARTESIAN_POINT('',(-13.7446252110876,2.79026139283855,-28.51));
#12478=CARTESIAN_POINT('',(-13.6133448201524,2.79026139283855,-28.51));
#12479=CARTESIAN_POINT('',(-13.7446252110876,2.79026139283855,-28.5));
#12480=CARTESIAN_POINT('Origin',(-13.3410595648795,1.76351907608022,-28.5));
#12481=CARTESIAN_POINT('',(-12.5737924048335,-0.188544160422446,-28.5));
#12482=CARTESIAN_POINT('',(-13.7446252110876,2.79026139283855,-28.51));
#12483=CARTESIAN_POINT('Origin',(-13.3891335752493,2.36770635692499,-28.51));
#12484=CARTESIAN_POINT('Origin',(-14.6311730362917,2.49123383570846,-28.5));
#12485=CARTESIAN_POINT('',(-14.6311730362917,2.49123383570846,-28.5));
#12486=CARTESIAN_POINT('',(-14.9674777414651,2.49123383570846,-28.5));
#12487=CARTESIAN_POINT('',(-7.31558651814586,2.49123383570846,-28.5));
#12488=CARTESIAN_POINT('',(-14.6311730362917,2.49123383570846,-28.51));
#12489=CARTESIAN_POINT('',(-14.6311730362917,2.49123383570846,-28.5));
#12490=CARTESIAN_POINT('',(-14.9674777414651,2.49123383570846,-28.51));
#12491=CARTESIAN_POINT('',(-14.7823185998964,2.49123383570846,-28.51));
#12492=CARTESIAN_POINT('',(-14.9674777414651,2.49123383570846,-28.5));
#12493=CARTESIAN_POINT('Origin',(-14.9674777414651,2.88183351737974,-28.5));
#12494=CARTESIAN_POINT('',(-14.9674777414651,2.88183351737974,-28.5));
#12495=CARTESIAN_POINT('',(-11.687093891171,-0.928154472600456,-28.5));
#12496=CARTESIAN_POINT('',(-14.9674777414651,2.88183351737974,-28.51));
#12497=CARTESIAN_POINT('',(-14.9674777414651,2.88183351737974,-28.5));
#12498=CARTESIAN_POINT('',(-14.8712357251315,2.77005363334891,-28.51));
#12499=CARTESIAN_POINT('Origin',(-14.9674777414651,2.49123383570846,-28.5));
#12500=CARTESIAN_POINT('',(-14.9674777414651,2.49561691785423,-28.5));
#12501=CARTESIAN_POINT('',(-14.9674777414651,2.50653259054046,-28.51));
#12502=CARTESIAN_POINT('Origin',(-15.0963270140496,2.0398561952709,-28.5));
#12503=CARTESIAN_POINT('',(-15.0963270140496,2.38345425549626,-28.5));
#12504=CARTESIAN_POINT('',(-15.0963270140496,2.0398561952709,-28.5));
#12505=CARTESIAN_POINT('',(-15.0963270140496,2.26992809763545,-28.5));
#12506=CARTESIAN_POINT('',(-15.0963270140496,2.38345425549626,-28.51));
#12507=CARTESIAN_POINT('',(-15.0963270140496,2.38345425549626,-28.5));
#12508=CARTESIAN_POINT('',(-15.0963270140496,2.0398561952709,-28.51));
#12509=CARTESIAN_POINT('',(-15.0963270140496,2.38345425549626,-28.51));
#12510=CARTESIAN_POINT('',(-15.0963270140496,2.0398561952709,-28.5));
#12511=CARTESIAN_POINT('Origin',(-14.9674777414651,2.0398561952709,-28.5));
#12512=CARTESIAN_POINT('',(-14.9674777414651,2.0398561952709,-28.5));
#12513=CARTESIAN_POINT('',(-7.48373887073256,2.0398561952709,-28.5));
#12514=CARTESIAN_POINT('',(-14.9674777414651,2.0398561952709,-28.51));
#12515=CARTESIAN_POINT('',(-15.0963270140496,2.0398561952709,-28.51));
#12516=CARTESIAN_POINT('',(-14.9674777414651,2.0398561952709,-28.5));
#12517=CARTESIAN_POINT('Origin',(-14.9674777414651,2.38345425549626,-28.5));
#12518=CARTESIAN_POINT('',(-14.9674777414651,2.38345425549626,-28.5));
#12519=CARTESIAN_POINT('',(-14.9674777414651,2.44172712774813,-28.5));
#12520=CARTESIAN_POINT('',(-14.9674777414651,2.38345425549626,-28.51));
#12521=CARTESIAN_POINT('',(-14.9674777414651,2.0398561952709,-28.51));
#12522=CARTESIAN_POINT('',(-14.9674777414651,2.38345425549626,-28.5));
#12523=CARTESIAN_POINT('Origin',(-14.5258245744302,2.38345425549626,-28.5));
#12524=CARTESIAN_POINT('',(-14.5258245744302,2.38345425549626,-28.5));
#12525=CARTESIAN_POINT('',(-7.26291228721508,2.38345425549626,-28.5));
#12526=CARTESIAN_POINT('',(-14.5258245744302,2.38345425549626,-28.51));
#12527=CARTESIAN_POINT('',(-14.9674777414651,2.38345425549626,-28.51));
#12528=CARTESIAN_POINT('',(-14.5258245744302,2.38345425549626,-28.5));
#12529=CARTESIAN_POINT('Origin',(-14.5258245744302,2.52445911983402,-28.5));
#12530=CARTESIAN_POINT('',(-14.5258245744302,2.52445911983402,-28.5));
#12531=CARTESIAN_POINT('',(-14.5258245744302,2.51222955991701,-28.5));
#12532=CARTESIAN_POINT('',(-14.5258245744302,2.52445911983402,-28.51));
#12533=CARTESIAN_POINT('',(-14.5258245744302,2.38345425549626,-28.51));
#12534=CARTESIAN_POINT('',(-14.5258245744302,2.52445911983402,-28.5));
#12535=CARTESIAN_POINT('Origin',(-14.97315035095,3.03985621017206,-28.5));
#12536=CARTESIAN_POINT('',(-14.97315035095,3.03985621017206,-28.5));
#12537=CARTESIAN_POINT('',(-11.6229619668881,-0.820143449725336,-28.5));
#12538=CARTESIAN_POINT('',(-14.97315035095,3.03985621017206,-28.51));
#12539=CARTESIAN_POINT('',(-14.5258245744302,2.52445911983402,-28.51));
#12540=CARTESIAN_POINT('',(-14.97315035095,3.03985621017206,-28.5));
#12541=CARTESIAN_POINT('Origin',(-15.0963270140496,3.03985621017206,-28.5));
#12542=CARTESIAN_POINT('',(-15.0963270140496,3.03985621017206,-28.5));
#12543=CARTESIAN_POINT('',(-7.54816350702481,3.03985621017206,-28.5));
#12544=CARTESIAN_POINT('',(-15.0963270140496,3.03985621017206,-28.51));
#12545=CARTESIAN_POINT('',(-14.97315035095,3.03985621017206,-28.51));
#12546=CARTESIAN_POINT('',(-15.0963270140496,3.03985621017206,-28.5));
#12547=CARTESIAN_POINT('Origin',(-15.0963270140496,2.49123383570846,-28.5));
#12548=CARTESIAN_POINT('',(-15.0963270140496,2.49123383570846,-28.5));
#12549=CARTESIAN_POINT('',(-15.0963270140496,2.49561691785423,-28.5));
#12550=CARTESIAN_POINT('',(-15.0963270140496,2.49123383570846,-28.51));
#12551=CARTESIAN_POINT('',(-15.0963270140496,3.03985621017206,-28.51));
#12552=CARTESIAN_POINT('',(-15.0963270140496,2.49123383570846,-28.5));
#12553=CARTESIAN_POINT('Origin',(-15.2154518132315,2.49123383570846,-28.5));
#12554=CARTESIAN_POINT('',(-15.2154518132315,2.49123383570846,-28.5));
#12555=CARTESIAN_POINT('',(-7.60772590661577,2.49123383570846,-28.5));
#12556=CARTESIAN_POINT('',(-15.2154518132315,2.49123383570846,-28.51));
#12557=CARTESIAN_POINT('',(-15.0963270140496,2.49123383570846,-28.51));
#12558=CARTESIAN_POINT('',(-15.2154518132315,2.49123383570846,-28.5));
#12559=CARTESIAN_POINT('Origin',(-15.2154518132315,2.38345425549626,-28.5));
#12560=CARTESIAN_POINT('',(-15.2154518132315,2.38345425549626,-28.5));
#12561=CARTESIAN_POINT('',(-15.2154518132315,2.44172712774813,-28.5));
#12562=CARTESIAN_POINT('',(-15.2154518132315,2.38345425549626,-28.51));
#12563=CARTESIAN_POINT('',(-15.2154518132315,2.49123383570846,-28.51));
#12564=CARTESIAN_POINT('',(-15.2154518132315,2.38345425549626,-28.5));
#12565=CARTESIAN_POINT('Origin',(-15.0963270140496,2.38345425549626,-28.5));
#12566=CARTESIAN_POINT('',(-7.54816350702481,2.38345425549626,-28.5));
#12567=CARTESIAN_POINT('',(-15.2154518132315,2.38345425549626,-28.51));
#12568=CARTESIAN_POINT('Origin',(-14.933464163501,2.52183134537247,-28.51));
#12569=CARTESIAN_POINT('Origin',(-15.5866025480976,2.32186592394643,-28.5));
#12570=CARTESIAN_POINT('',(-15.7689364243964,2.0398561952709,-28.5));
#12571=CARTESIAN_POINT('',(-15.5866025480976,2.32186592394643,-28.5));
#12572=CARTESIAN_POINT('',(-13.2485593167493,5.93803945509851,-28.5));
#12573=CARTESIAN_POINT('',(-15.7689364243964,2.0398561952709,-28.51));
#12574=CARTESIAN_POINT('',(-15.7689364243964,2.0398561952709,-28.5));
#12575=CARTESIAN_POINT('',(-15.5866025480976,2.32186592394643,-28.51));
#12576=CARTESIAN_POINT('',(-15.7689364243964,2.0398561952709,-28.51));
#12577=CARTESIAN_POINT('',(-15.5866025480976,2.32186592394643,-28.5));
#12578=CARTESIAN_POINT('Origin',(-15.3994064350975,2.0398561952709,-28.5));
#12579=CARTESIAN_POINT('',(-15.3994064350975,2.0398561952709,-28.5));
#12580=CARTESIAN_POINT('',(-13.1504232963342,-1.34822229948938,-28.5));
#12581=CARTESIAN_POINT('',(-15.3994064350975,2.0398561952709,-28.51));
#12582=CARTESIAN_POINT('',(-15.5866025480976,2.32186592394643,-28.51));
#12583=CARTESIAN_POINT('',(-15.3994064350975,2.0398561952709,-28.5));
#12584=CARTESIAN_POINT('Origin',(-15.2559704524091,2.0398561952709,-28.5));
#12585=CARTESIAN_POINT('',(-15.2559704524091,2.0398561952709,-28.5));
#12586=CARTESIAN_POINT('',(-7.62798522620452,2.0398561952709,-28.5));
#12587=CARTESIAN_POINT('',(-15.2559704524091,2.0398561952709,-28.51));
#12588=CARTESIAN_POINT('',(-15.3994064350975,2.0398561952709,-28.51));
#12589=CARTESIAN_POINT('',(-15.2559704524091,2.0398561952709,-28.5));
#12590=CARTESIAN_POINT('Origin',(-15.5161001159287,2.41181730292052,-28.5));
#12591=CARTESIAN_POINT('',(-15.5161001159287,2.41181730292052,-28.5));
#12592=CARTESIAN_POINT('',(-12.9887005047436,-1.20212793550302,-28.5));
#12593=CARTESIAN_POINT('',(-15.5161001159287,2.41181730292052,-28.51));
#12594=CARTESIAN_POINT('',(-15.2559704524091,2.0398561952709,-28.51));
#12595=CARTESIAN_POINT('',(-15.5161001159287,2.41181730292052,-28.5));
#12596=CARTESIAN_POINT('Origin',(-15.2584015707597,2.79026139283855,-28.5));
#12597=CARTESIAN_POINT('',(-15.2584015707597,2.79026139283855,-28.5));
#12598=CARTESIAN_POINT('',(-12.9090532640858,6.24040497528109,-28.5));
#12599=CARTESIAN_POINT('',(-15.2584015707597,2.79026139283855,-28.51));
#12600=CARTESIAN_POINT('',(-15.5161001159287,2.41181730292052,-28.51));
#12601=CARTESIAN_POINT('',(-15.2584015707597,2.79026139283855,-28.5));
#12602=CARTESIAN_POINT('Origin',(-15.4131827724178,2.79026139283855,-28.5));
#12603=CARTESIAN_POINT('',(-15.4131827724178,2.79026139283855,-28.5));
#12604=CARTESIAN_POINT('',(-7.70659138620891,2.79026139283855,-28.5));
#12605=CARTESIAN_POINT('',(-15.4131827724178,2.79026139283855,-28.51));
#12606=CARTESIAN_POINT('',(-15.2584015707597,2.79026139283855,-28.51));
#12607=CARTESIAN_POINT('',(-15.4131827724178,2.79026139283855,-28.5));
#12608=CARTESIAN_POINT('Origin',(-15.5947062759331,2.51068278251367,-28.5));
#12609=CARTESIAN_POINT('',(-15.5947062759331,2.51068278251367,-28.5));
#12610=CARTESIAN_POINT('',(-13.2848664503157,6.06824858536183,-28.5));
#12611=CARTESIAN_POINT('',(-15.5947062759331,2.51068278251367,-28.51));
#12612=CARTESIAN_POINT('',(-15.4131827724178,2.79026139283855,-28.51));
#12613=CARTESIAN_POINT('',(-15.5947062759331,2.51068278251367,-28.5));
#12614=CARTESIAN_POINT('Origin',(-15.7802816433661,2.79026139283855,-28.5));
#12615=CARTESIAN_POINT('',(-15.7802816433661,2.79026139283855,-28.5));
#12616=CARTESIAN_POINT('',(-13.3002977077726,-0.94595894681115,-28.5));
#12617=CARTESIAN_POINT('',(-15.7802816433661,2.79026139283855,-28.51));
#12618=CARTESIAN_POINT('',(-15.5947062759331,2.51068278251367,-28.51));
#12619=CARTESIAN_POINT('',(-15.7802816433661,2.79026139283855,-28.5));
#12620=CARTESIAN_POINT('Origin',(-15.9237176260546,2.79026139283855,-28.5));
#12621=CARTESIAN_POINT('',(-15.9237176260546,2.79026139283855,-28.5));
#12622=CARTESIAN_POINT('',(-7.96185881302728,2.79026139283855,-28.5));
#12623=CARTESIAN_POINT('',(-15.9237176260546,2.79026139283855,-28.51));
#12624=CARTESIAN_POINT('',(-15.7802816433661,2.79026139283855,-28.51));
#12625=CARTESIAN_POINT('',(-15.9237176260546,2.79026139283855,-28.5));
#12626=CARTESIAN_POINT('Origin',(-15.665208708102,2.41992103075602,-28.5));
#12627=CARTESIAN_POINT('',(-15.665208708102,2.41992103075602,-28.5));
#12628=CARTESIAN_POINT('',(-13.1179096015506,-1.22934446044773,-28.5));
#12629=CARTESIAN_POINT('',(-15.665208708102,2.41992103075602,-28.51));
#12630=CARTESIAN_POINT('',(-15.9237176260546,2.79026139283855,-28.51));
#12631=CARTESIAN_POINT('',(-15.665208708102,2.41992103075602,-28.5));
#12632=CARTESIAN_POINT('Origin',(-15.9237176260546,2.0398561952709,-28.5));
#12633=CARTESIAN_POINT('',(-15.9237176260546,2.0398561952709,-28.5));
#12634=CARTESIAN_POINT('',(-13.2983827031797,5.8996746241997,-28.5));
#12635=CARTESIAN_POINT('',(-15.9237176260546,2.0398561952709,-28.51));
#12636=CARTESIAN_POINT('',(-15.665208708102,2.41992103075602,-28.51));
#12637=CARTESIAN_POINT('',(-15.9237176260546,2.0398561952709,-28.5));
#12638=CARTESIAN_POINT('Origin',(-15.7689364243964,2.0398561952709,-28.5));
#12639=CARTESIAN_POINT('',(-7.88446821219822,2.03985619527089,-28.5));
#12640=CARTESIAN_POINT('',(-15.9237176260546,2.0398561952709,-28.51));
#12641=CARTESIAN_POINT('Origin',(-15.5904977763065,2.41493261241389,-28.51));
#12642=CARTESIAN_POINT('Origin',(1.38777878078145E-15,2.5,-28.5));
#12643=CARTESIAN_POINT('',(-17.,1.3,-28.5));
#12644=CARTESIAN_POINT('',(17.,1.3,-28.5));
#12645=CARTESIAN_POINT('',(17.,1.3,-28.5));
#12646=CARTESIAN_POINT('',(-17.,3.7,-28.5));
#12647=CARTESIAN_POINT('Origin',(-17.,2.5,-28.5));
#12648=CARTESIAN_POINT('',(17.,3.7,-28.5));
#12649=CARTESIAN_POINT('',(-17.,3.69999999999999,-28.5));
#12650=CARTESIAN_POINT('Origin',(17.,2.5,-28.5));
#12651=CARTESIAN_POINT('Origin',(1.38777878078145E-15,2.5,-28.5));
#12652=CARTESIAN_POINT('Origin',(1.38777878078145E-15,2.5,-28.5));
#12653=CARTESIAN_POINT('Origin',(7.29381267311946,0.,14.1018027216994));
#12654=CARTESIAN_POINT('',(7.29381267311946,0.,14.5296795620404));
#12655=CARTESIAN_POINT('',(7.29381267311946,0.,14.1018027216994));
#12656=CARTESIAN_POINT('',(7.29381267311946,0.,7.05090136084968));
#12657=CARTESIAN_POINT('',(7.29381267311946,-0.1,14.5296795620404));
#12658=CARTESIAN_POINT('',(7.29381267311946,0.,14.5296795620404));
#12659=CARTESIAN_POINT('',(7.29381267311946,-0.1,14.1018027216994));
#12660=CARTESIAN_POINT('',(7.29381267311946,-0.1,14.5296795620404));
#12661=CARTESIAN_POINT('',(7.29381267311946,0.,14.1018027216994));
#12662=CARTESIAN_POINT('Origin',(4.64632472350932,0.,15.4729535055195));
#12663=CARTESIAN_POINT('',(4.64632472350932,0.,15.4729535055195));
#12664=CARTESIAN_POINT('',(5.97385363071156,0.,14.7854178731393));
#12665=CARTESIAN_POINT('',(4.64632472350932,-0.1,15.4729535055195));
#12666=CARTESIAN_POINT('',(7.29381267311946,-0.1,14.1018027216994));
#12667=CARTESIAN_POINT('',(4.64632472350932,0.,15.4729535055195));
#12668=CARTESIAN_POINT('Origin',(4.64632472350932,0.,13.9243310776943));
#12669=CARTESIAN_POINT('',(4.64632472350932,0.,13.9243310776943));
#12670=CARTESIAN_POINT('',(4.64632472350931,0.,6.96216553884714));
#12671=CARTESIAN_POINT('',(4.64632472350932,-0.1,13.9243310776943));
#12672=CARTESIAN_POINT('',(4.64632472350932,-0.1,15.4729535055195));
#12673=CARTESIAN_POINT('',(4.64632472350932,0.,13.9243310776943));
#12674=CARTESIAN_POINT('Origin',(4.29381255391017,0.,13.9243310776943));
#12675=CARTESIAN_POINT('',(4.29381255391017,0.,13.9243310776943));
#12676=CARTESIAN_POINT('',(2.14690627695517,0.,13.9243310776943));
#12677=CARTESIAN_POINT('',(4.29381255391017,-0.1,13.9243310776943));
#12678=CARTESIAN_POINT('',(4.64632472350932,-0.1,13.9243310776943));
#12679=CARTESIAN_POINT('',(4.29381255391017,0.,13.9243310776943));
#12680=CARTESIAN_POINT('Origin',(4.29381255391017,0.,15.8278967935297));
#12681=CARTESIAN_POINT('',(4.29381255391017,0.,15.8278967935297));
#12682=CARTESIAN_POINT('',(4.29381255391017,0.,7.91394839676484));
#12683=CARTESIAN_POINT('',(4.29381255391017,-0.1,15.8278967935297));
#12684=CARTESIAN_POINT('',(4.29381255391017,-0.1,13.9243310776943));
#12685=CARTESIAN_POINT('',(4.29381255391017,0.,15.8278967935297));
#12686=CARTESIAN_POINT('Origin',(4.74356945995046,0.,15.8278967935297));
#12687=CARTESIAN_POINT('',(4.74356945995046,0.,15.8278967935297));
#12688=CARTESIAN_POINT('',(2.37178472997531,0.,15.8278967935297));
#12689=CARTESIAN_POINT('',(4.74356945995046,-0.1,15.8278967935297));
#12690=CARTESIAN_POINT('',(4.29381255391017,-0.1,15.8278967935297));
#12691=CARTESIAN_POINT('',(4.74356945995046,0.,15.8278967935297));
#12692=CARTESIAN_POINT('Origin',(7.29381267311946,0.,14.5296795620404));
#12693=CARTESIAN_POINT('',(7.33455936280332,0.,14.5089372052328));
#12694=CARTESIAN_POINT('',(4.74356945995046,-0.1,15.8278967935297));
#12695=CARTESIAN_POINT('Origin',(5.42692590198497,-0.1,14.8931711773936));
#12696=CARTESIAN_POINT('Ctrl Pts',(4.84081419639161,0.,10.5256275390763));
#12697=CARTESIAN_POINT('Ctrl Pts',(4.84081419639161,-0.1,10.5256275390763));
#12698=CARTESIAN_POINT('Ctrl Pts',(4.80191630181515,0.,10.58154326253));
#12699=CARTESIAN_POINT('Ctrl Pts',(4.80191630181515,-0.1,10.58154326253));
#12700=CARTESIAN_POINT('Ctrl Pts',(4.71439603901812,0.,10.7249792487806));
#12701=CARTESIAN_POINT('Ctrl Pts',(4.71439603901812,-0.1,10.7249792487806));
#12702=CARTESIAN_POINT('Ctrl Pts',(4.67306702603063,0.,10.8222239852218));
#12703=CARTESIAN_POINT('Ctrl Pts',(4.67306702603063,-0.1,10.8222239852218));
#12704=CARTESIAN_POINT('',(4.67306702603063,0.,10.8222239852218));
#12705=CARTESIAN_POINT('',(4.84081419639161,0.,10.5256275390763));
#12706=CARTESIAN_POINT('Ctrl Pts',(4.67306702603063,0.,10.8222239852218));
#12707=CARTESIAN_POINT('Ctrl Pts',(4.71439603901812,0.,10.7249792487806));
#12708=CARTESIAN_POINT('Ctrl Pts',(4.80191630181515,0.,10.58154326253));
#12709=CARTESIAN_POINT('Ctrl Pts',(4.84081419639161,0.,10.5256275390763));
#12710=CARTESIAN_POINT('',(4.67306702603063,-0.1,10.8222239852218));
#12711=CARTESIAN_POINT('',(4.67306702603063,0.,10.8222239852218));
#12712=CARTESIAN_POINT('',(4.84081419639161,-0.1,10.5256275390763));
#12713=CARTESIAN_POINT('Ctrl Pts',(4.84081419639161,-0.1,10.5256275390763));
#12714=CARTESIAN_POINT('Ctrl Pts',(4.80191630181515,-0.1,10.58154326253));
#12715=CARTESIAN_POINT('Ctrl Pts',(4.71439603901812,-0.1,10.7249792487806));
#12716=CARTESIAN_POINT('Ctrl Pts',(4.67306702603063,-0.1,10.8222239852218));
#12717=CARTESIAN_POINT('',(4.84081419639161,0.,10.5256275390763));
#12718=CARTESIAN_POINT('Origin',(4.84081419639161,0.,10.501316354966));
#12719=CARTESIAN_POINT('',(4.84081419639161,0.,10.501316354966));
#12720=CARTESIAN_POINT('',(4.84081419639161,0.,5.25065817748301));
#12721=CARTESIAN_POINT('',(4.84081419639161,-0.1,10.501316354966));
#12722=CARTESIAN_POINT('',(4.84081419639161,-0.1,10.5256275390763));
#12723=CARTESIAN_POINT('',(4.84081419639161,0.,10.501316354966));
#12724=CARTESIAN_POINT('Origin',(4.4153684744616,0.,10.501316354966));
#12725=CARTESIAN_POINT('',(4.4153684744616,0.,10.501316354966));
#12726=CARTESIAN_POINT('',(2.20768423723086,0.,10.501316354966));
#12727=CARTESIAN_POINT('',(4.4153684744616,-0.1,10.501316354966));
#12728=CARTESIAN_POINT('',(4.84081419639161,-0.1,10.501316354966));
#12729=CARTESIAN_POINT('',(4.4153684744616,0.,10.501316354966));
#12730=CARTESIAN_POINT('Ctrl Pts',(4.23060347522343,0.,11.2841364833172));
#12731=CARTESIAN_POINT('Ctrl Pts',(4.23060347522343,-0.1,11.2841364833172));
#12732=CARTESIAN_POINT('Ctrl Pts',(4.23060347522343,0.,11.0823536552019));
#12733=CARTESIAN_POINT('Ctrl Pts',(4.23060347522343,-0.1,11.0823536552019));
#12734=CARTESIAN_POINT('Ctrl Pts',(4.34486604054177,0.,10.6325967491616));
#12735=CARTESIAN_POINT('Ctrl Pts',(4.34486604054177,-0.1,10.6325967491616));
#12736=CARTESIAN_POINT('Ctrl Pts',(4.4153684744616,0.,10.501316354966));
#12737=CARTESIAN_POINT('Ctrl Pts',(4.4153684744616,-0.1,10.501316354966));
#12738=CARTESIAN_POINT('',(4.23060347522343,0.,11.2841364833172));
#12739=CARTESIAN_POINT('Ctrl Pts',(4.4153684744616,0.,10.501316354966));
#12740=CARTESIAN_POINT('Ctrl Pts',(4.34486604054177,0.,10.6325967491616));
#12741=CARTESIAN_POINT('Ctrl Pts',(4.23060347522343,0.,11.0823536552019));
#12742=CARTESIAN_POINT('Ctrl Pts',(4.23060347522343,0.,11.2841364833172));
#12743=CARTESIAN_POINT('',(4.23060347522343,-0.1,11.2841364833172));
#12744=CARTESIAN_POINT('Ctrl Pts',(4.23060347522343,-0.1,11.2841364833172));
#12745=CARTESIAN_POINT('Ctrl Pts',(4.23060347522343,-0.1,11.0823536552019));
#12746=CARTESIAN_POINT('Ctrl Pts',(4.34486604054177,-0.1,10.6325967491616));
#12747=CARTESIAN_POINT('Ctrl Pts',(4.4153684744616,-0.1,10.501316354966));
#12748=CARTESIAN_POINT('',(4.23060347522343,0.,11.2841364833172));
#12749=CARTESIAN_POINT('Ctrl Pts',(4.40078176399543,0.,11.9162272701847));
#12750=CARTESIAN_POINT('Ctrl Pts',(4.40078176399543,-0.1,11.9162272701847));
#12751=CARTESIAN_POINT('Ctrl Pts',(4.3132615011984,0.,11.7922402312222));
#12752=CARTESIAN_POINT('Ctrl Pts',(4.3132615011984,-0.1,11.7922402312222));
#12753=CARTESIAN_POINT('Ctrl Pts',(4.23060347522343,0.,11.4883504298436));
#12754=CARTESIAN_POINT('Ctrl Pts',(4.23060347522343,-0.1,11.4883504298436));
#12755=CARTESIAN_POINT('Ctrl Pts',(4.23060347522343,0.,11.2841364833172));
#12756=CARTESIAN_POINT('Ctrl Pts',(4.23060347522343,-0.1,11.2841364833172));
#12757=CARTESIAN_POINT('',(4.40078176399543,0.,11.9162272701847));
#12758=CARTESIAN_POINT('Ctrl Pts',(4.23060347522343,0.,11.2841364833172));
#12759=CARTESIAN_POINT('Ctrl Pts',(4.23060347522343,0.,11.4883504298436));
#12760=CARTESIAN_POINT('Ctrl Pts',(4.3132615011984,0.,11.7922402312222));
#12761=CARTESIAN_POINT('Ctrl Pts',(4.40078176399543,0.,11.9162272701847));
#12762=CARTESIAN_POINT('',(4.40078176399543,-0.1,11.9162272701847));
#12763=CARTESIAN_POINT('Ctrl Pts',(4.40078176399543,-0.1,11.9162272701847));
#12764=CARTESIAN_POINT('Ctrl Pts',(4.3132615011984,-0.1,11.7922402312222));
#12765=CARTESIAN_POINT('Ctrl Pts',(4.23060347522343,-0.1,11.4883504298436));
#12766=CARTESIAN_POINT('Ctrl Pts',(4.23060347522343,-0.1,11.2841364833172));
#12767=CARTESIAN_POINT('',(4.40078176399543,0.,11.9162272701847));
#12768=CARTESIAN_POINT('Ctrl Pts',(4.95507676170995,0.,12.1836502953978));
#12769=CARTESIAN_POINT('Ctrl Pts',(4.95507676170995,-0.1,12.1836502953978));
#12770=CARTESIAN_POINT('Ctrl Pts',(4.77031176247178,0.,12.1836502953978));
#12771=CARTESIAN_POINT('Ctrl Pts',(4.77031176247178,-0.1,12.1836502953978));
#12772=CARTESIAN_POINT('Ctrl Pts',(4.49559538202554,0.,12.0475076643802));
#12773=CARTESIAN_POINT('Ctrl Pts',(4.49559538202554,-0.1,12.0475076643802));
#12774=CARTESIAN_POINT('Ctrl Pts',(4.40078176399543,0.,11.9162272701847));
#12775=CARTESIAN_POINT('Ctrl Pts',(4.40078176399543,-0.1,11.9162272701847));
#12776=CARTESIAN_POINT('',(4.95507676170995,0.,12.1836502953978));
#12777=CARTESIAN_POINT('Ctrl Pts',(4.40078176399543,0.,11.9162272701847));
#12778=CARTESIAN_POINT('Ctrl Pts',(4.49559538202554,0.,12.0475076643802));
#12779=CARTESIAN_POINT('Ctrl Pts',(4.77031176247178,0.,12.1836502953978));
#12780=CARTESIAN_POINT('Ctrl Pts',(4.95507676170995,0.,12.1836502953978));
#12781=CARTESIAN_POINT('',(4.95507676170995,-0.1,12.1836502953978));
#12782=CARTESIAN_POINT('Ctrl Pts',(4.95507676170995,-0.1,12.1836502953978));
#12783=CARTESIAN_POINT('Ctrl Pts',(4.77031176247178,-0.1,12.1836502953978));
#12784=CARTESIAN_POINT('Ctrl Pts',(4.49559538202554,-0.1,12.0475076643802));
#12785=CARTESIAN_POINT('Ctrl Pts',(4.40078176399543,-0.1,11.9162272701847));
#12786=CARTESIAN_POINT('',(4.95507676170995,0.,12.1836502953978));
#12787=CARTESIAN_POINT('Ctrl Pts',(5.62606544315384,0.,11.6293552976833));
#12788=CARTESIAN_POINT('Ctrl Pts',(5.62606544315384,-0.1,11.6293552976833));
#12789=CARTESIAN_POINT('Ctrl Pts',(5.57744307493327,0.,11.85788042832));
#12790=CARTESIAN_POINT('Ctrl Pts',(5.57744307493327,-0.1,11.85788042832));
#12791=CARTESIAN_POINT('Ctrl Pts',(5.20305083963487,0.,12.1836502953978));
#12792=CARTESIAN_POINT('Ctrl Pts',(5.20305083963487,-0.1,12.1836502953978));
#12793=CARTESIAN_POINT('Ctrl Pts',(4.95507676170995,0.,12.1836502953978));
#12794=CARTESIAN_POINT('Ctrl Pts',(4.95507676170995,-0.1,12.1836502953978));
#12795=CARTESIAN_POINT('',(5.62606544315384,0.,11.6293552976833));
#12796=CARTESIAN_POINT('Ctrl Pts',(4.95507676170995,0.,12.1836502953978));
#12797=CARTESIAN_POINT('Ctrl Pts',(5.20305083963487,0.,12.1836502953978));
#12798=CARTESIAN_POINT('Ctrl Pts',(5.57744307493327,0.,11.85788042832));
#12799=CARTESIAN_POINT('Ctrl Pts',(5.62606544315384,0.,11.6293552976833));
#12800=CARTESIAN_POINT('',(5.62606544315384,-0.1,11.6293552976833));
#12801=CARTESIAN_POINT('Ctrl Pts',(5.62606544315384,-0.1,11.6293552976833));
#12802=CARTESIAN_POINT('Ctrl Pts',(5.57744307493327,-0.1,11.85788042832));
#12803=CARTESIAN_POINT('Ctrl Pts',(5.20305083963487,-0.1,12.1836502953978));
#12804=CARTESIAN_POINT('Ctrl Pts',(4.95507676170995,-0.1,12.1836502953978));
#12805=CARTESIAN_POINT('',(5.62606544315384,0.,11.6293552976833));
#12806=CARTESIAN_POINT('Origin',(5.65523886408619,0.,11.6293552976833));
#12807=CARTESIAN_POINT('',(5.65523886408619,0.,11.6293552976833));
#12808=CARTESIAN_POINT('',(2.82761943204309,0.,11.6293552976833));
#12809=CARTESIAN_POINT('',(5.65523886408619,-0.1,11.6293552976833));
#12810=CARTESIAN_POINT('',(5.62606544315384,-0.1,11.6293552976833));
#12811=CARTESIAN_POINT('',(5.65523886408619,0.,11.6293552976833));
#12812=CARTESIAN_POINT('Ctrl Pts',(5.84972833696847,0.,12.032920953914));
#12813=CARTESIAN_POINT('Ctrl Pts',(5.84972833696847,-0.1,12.032920953914));
#12814=CARTESIAN_POINT('Ctrl Pts',(5.76220807417145,0.,11.9405384542949));
#12815=CARTESIAN_POINT('Ctrl Pts',(5.76220807417145,-0.1,11.9405384542949));
#12816=CARTESIAN_POINT('Ctrl Pts',(5.67468781137441,0.,11.7241689157134));
#12817=CARTESIAN_POINT('Ctrl Pts',(5.67468781137441,-0.1,11.7241689157134));
#12818=CARTESIAN_POINT('Ctrl Pts',(5.65523886408619,0.,11.6293552976833));
#12819=CARTESIAN_POINT('Ctrl Pts',(5.65523886408619,-0.1,11.6293552976833));
#12820=CARTESIAN_POINT('',(5.84972833696847,0.,12.032920953914));
#12821=CARTESIAN_POINT('Ctrl Pts',(5.65523886408619,0.,11.6293552976833));
#12822=CARTESIAN_POINT('Ctrl Pts',(5.67468781137441,0.,11.7241689157134));
#12823=CARTESIAN_POINT('Ctrl Pts',(5.76220807417145,0.,11.9405384542949));
#12824=CARTESIAN_POINT('Ctrl Pts',(5.84972833696847,0.,12.032920953914));
#12825=CARTESIAN_POINT('',(5.84972833696847,-0.1,12.032920953914));
#12826=CARTESIAN_POINT('Ctrl Pts',(5.84972833696847,-0.1,12.032920953914));
#12827=CARTESIAN_POINT('Ctrl Pts',(5.76220807417145,-0.1,11.9405384542949));
#12828=CARTESIAN_POINT('Ctrl Pts',(5.67468781137441,-0.1,11.7241689157134));
#12829=CARTESIAN_POINT('Ctrl Pts',(5.65523886408619,-0.1,11.6293552976833));
#12830=CARTESIAN_POINT('',(5.84972833696847,0.,12.032920953914));
#12831=CARTESIAN_POINT('Ctrl Pts',(6.40402333468299,0.,12.2419971372625));
#12832=CARTESIAN_POINT('Ctrl Pts',(6.40402333468299,-0.1,12.2419971372625));
#12833=CARTESIAN_POINT('Ctrl Pts',(6.20710274338968,0.,12.2419971372625));
#12834=CARTESIAN_POINT('Ctrl Pts',(6.20710274338968,-0.1,12.2419971372625));
#12835=CARTESIAN_POINT('Ctrl Pts',(5.93481748135447,0.,12.1253034535331));
#12836=CARTESIAN_POINT('Ctrl Pts',(5.93481748135447,-0.1,12.1253034535331));
#12837=CARTESIAN_POINT('Ctrl Pts',(5.84972833696847,0.,12.032920953914));
#12838=CARTESIAN_POINT('Ctrl Pts',(5.84972833696847,-0.1,12.032920953914));
#12839=CARTESIAN_POINT('',(6.40402333468299,0.,12.2419971372625));
#12840=CARTESIAN_POINT('Ctrl Pts',(5.84972833696847,0.,12.032920953914));
#12841=CARTESIAN_POINT('Ctrl Pts',(5.93481748135447,0.,12.1253034535331));
#12842=CARTESIAN_POINT('Ctrl Pts',(6.20710274338968,0.,12.2419971372625));
#12843=CARTESIAN_POINT('Ctrl Pts',(6.40402333468299,0.,12.2419971372625));
#12844=CARTESIAN_POINT('',(6.40402333468299,-0.1,12.2419971372625));
#12845=CARTESIAN_POINT('Ctrl Pts',(6.40402333468299,-0.1,12.2419971372625));
#12846=CARTESIAN_POINT('Ctrl Pts',(6.20710274338968,-0.1,12.2419971372625));
#12847=CARTESIAN_POINT('Ctrl Pts',(5.93481748135447,-0.1,12.1253034535331));
#12848=CARTESIAN_POINT('Ctrl Pts',(5.84972833696847,-0.1,12.032920953914));
#12849=CARTESIAN_POINT('',(6.40402333468299,0.,12.2419971372625));
#12850=CARTESIAN_POINT('Ctrl Pts',(7.07987425294894,0.,11.9770052304604));
#12851=CARTESIAN_POINT('Ctrl Pts',(7.07987425294894,-0.1,11.9770052304604));
#12852=CARTESIAN_POINT('Ctrl Pts',(6.9485938587534,0.,12.1034233878339));
#12853=CARTESIAN_POINT('Ctrl Pts',(6.9485938587534,-0.1,12.1034233878339));
#12854=CARTESIAN_POINT('Ctrl Pts',(6.60580616279837,0.,12.2419971372625));
#12855=CARTESIAN_POINT('Ctrl Pts',(6.60580616279837,-0.1,12.2419971372625));
#12856=CARTESIAN_POINT('Ctrl Pts',(6.40402333468299,0.,12.2419971372625));
#12857=CARTESIAN_POINT('Ctrl Pts',(6.40402333468299,-0.1,12.2419971372625));
#12858=CARTESIAN_POINT('',(7.07987425294894,0.,11.9770052304604));
#12859=CARTESIAN_POINT('Ctrl Pts',(6.40402333468299,0.,12.2419971372625));
#12860=CARTESIAN_POINT('Ctrl Pts',(6.60580616279837,0.,12.2419971372625));
#12861=CARTESIAN_POINT('Ctrl Pts',(6.9485938587534,0.,12.1034233878339));
#12862=CARTESIAN_POINT('Ctrl Pts',(7.07987425294894,0.,11.9770052304604));
#12863=CARTESIAN_POINT('',(7.07987425294894,-0.1,11.9770052304604));
#12864=CARTESIAN_POINT('Ctrl Pts',(7.07987425294894,-0.1,11.9770052304604));
#12865=CARTESIAN_POINT('Ctrl Pts',(6.9485938587534,-0.1,12.1034233878339));
#12866=CARTESIAN_POINT('Ctrl Pts',(6.60580616279837,-0.1,12.2419971372625));
#12867=CARTESIAN_POINT('Ctrl Pts',(6.40402333468299,-0.1,12.2419971372625));
#12868=CARTESIAN_POINT('',(7.07987425294894,0.,11.9770052304604));
#12869=CARTESIAN_POINT('Ctrl Pts',(7.3570217518062,0.,11.2379452335077));
#12870=CARTESIAN_POINT('Ctrl Pts',(7.3570217518062,-0.1,11.2379452335077));
#12871=CARTESIAN_POINT('Ctrl Pts',(7.3570217518062,0.,11.4737637193775));
#12872=CARTESIAN_POINT('Ctrl Pts',(7.3570217518062,-0.1,11.4737637193775));
#12873=CARTESIAN_POINT('Ctrl Pts',(7.21601688396655,0.,11.8457248362648));
#12874=CARTESIAN_POINT('Ctrl Pts',(7.21601688396655,-0.1,11.8457248362648));
#12875=CARTESIAN_POINT('Ctrl Pts',(7.07987425294894,0.,11.9770052304604));
#12876=CARTESIAN_POINT('Ctrl Pts',(7.07987425294894,-0.1,11.9770052304604));
#12877=CARTESIAN_POINT('',(7.3570217518062,0.,11.2379452335077));
#12878=CARTESIAN_POINT('Ctrl Pts',(7.07987425294894,0.,11.9770052304604));
#12879=CARTESIAN_POINT('Ctrl Pts',(7.21601688396655,0.,11.8457248362648));
#12880=CARTESIAN_POINT('Ctrl Pts',(7.3570217518062,0.,11.4737637193775));
#12881=CARTESIAN_POINT('Ctrl Pts',(7.3570217518062,0.,11.2379452335077));
#12882=CARTESIAN_POINT('',(7.3570217518062,-0.1,11.2379452335077));
#12883=CARTESIAN_POINT('Ctrl Pts',(7.3570217518062,-0.1,11.2379452335077));
#12884=CARTESIAN_POINT('Ctrl Pts',(7.3570217518062,-0.1,11.4737637193775));
#12885=CARTESIAN_POINT('Ctrl Pts',(7.21601688396655,-0.1,11.8457248362648));
#12886=CARTESIAN_POINT('Ctrl Pts',(7.07987425294894,-0.1,11.9770052304604));
#12887=CARTESIAN_POINT('',(7.3570217518062,0.,11.2379452335077));
#12888=CARTESIAN_POINT('Ctrl Pts',(7.17225675256803,0.,10.418658328991));
#12889=CARTESIAN_POINT('Ctrl Pts',(7.17225675256803,-0.1,10.418658328991));
#12890=CARTESIAN_POINT('Ctrl Pts',(7.24762142330992,0.,10.5693876704748));
#12891=CARTESIAN_POINT('Ctrl Pts',(7.24762142330992,-0.1,10.5693876704748));
#12892=CARTESIAN_POINT('Ctrl Pts',(7.3570217518062,0.,11.011851221282));
#12893=CARTESIAN_POINT('Ctrl Pts',(7.3570217518062,-0.1,11.011851221282));
#12894=CARTESIAN_POINT('Ctrl Pts',(7.3570217518062,0.,11.2379452335077));
#12895=CARTESIAN_POINT('Ctrl Pts',(7.3570217518062,-0.1,11.2379452335077));
#12896=CARTESIAN_POINT('',(7.17225675256803,0.,10.418658328991));
#12897=CARTESIAN_POINT('Ctrl Pts',(7.3570217518062,0.,11.2379452335077));
#12898=CARTESIAN_POINT('Ctrl Pts',(7.3570217518062,0.,11.011851221282));
#12899=CARTESIAN_POINT('Ctrl Pts',(7.24762142330992,0.,10.5693876704748));
#12900=CARTESIAN_POINT('Ctrl Pts',(7.17225675256803,0.,10.418658328991));
#12901=CARTESIAN_POINT('',(7.17225675256803,-0.1,10.418658328991));
#12902=CARTESIAN_POINT('Ctrl Pts',(7.17225675256803,-0.1,10.418658328991));
#12903=CARTESIAN_POINT('Ctrl Pts',(7.24762142330992,-0.1,10.5693876704748));
#12904=CARTESIAN_POINT('Ctrl Pts',(7.3570217518062,-0.1,11.011851221282));
#12905=CARTESIAN_POINT('Ctrl Pts',(7.3570217518062,-0.1,11.2379452335077));
#12906=CARTESIAN_POINT('',(7.17225675256803,0.,10.418658328991));
#12907=CARTESIAN_POINT('Origin',(6.74681103063803,0.,10.418658328991));
#12908=CARTESIAN_POINT('',(6.74681103063803,0.,10.418658328991));
#12909=CARTESIAN_POINT('',(3.37340551531901,0.,10.418658328991));
#12910=CARTESIAN_POINT('',(6.74681103063803,-0.1,10.418658328991));
#12911=CARTESIAN_POINT('',(7.17225675256803,-0.1,10.418658328991));
#12912=CARTESIAN_POINT('',(6.74681103063803,0.,10.418658328991));
#12913=CARTESIAN_POINT('Origin',(6.74681103063803,0.,10.4478317499234));
#12914=CARTESIAN_POINT('',(6.74681103063803,0.,10.4478317499234));
#12915=CARTESIAN_POINT('',(6.74681103063803,0.,5.22391587496169));
#12916=CARTESIAN_POINT('',(6.74681103063803,-0.1,10.4478317499234));
#12917=CARTESIAN_POINT('',(6.74681103063803,-0.1,10.418658328991));
#12918=CARTESIAN_POINT('',(6.74681103063803,0.,10.4478317499234));
#12919=CARTESIAN_POINT('Ctrl Pts',(7.00937181902911,0.,11.2136340493974));
#12920=CARTESIAN_POINT('Ctrl Pts',(7.00937181902911,-0.1,11.2136340493974));
#12921=CARTESIAN_POINT('Ctrl Pts',(7.00937181902911,0.,11.0021267476379));
#12922=CARTESIAN_POINT('Ctrl Pts',(7.00937181902911,-0.1,11.0021267476379));
#12923=CARTESIAN_POINT('Ctrl Pts',(6.83919353025711,0.,10.5742499072969));
#12924=CARTESIAN_POINT('Ctrl Pts',(6.83919353025711,-0.1,10.5742499072969));
#12925=CARTESIAN_POINT('Ctrl Pts',(6.74681103063803,0.,10.4478317499234));
#12926=CARTESIAN_POINT('Ctrl Pts',(6.74681103063803,-0.1,10.4478317499234));
#12927=CARTESIAN_POINT('',(7.00937181902911,0.,11.2136340493974));
#12928=CARTESIAN_POINT('Ctrl Pts',(6.74681103063803,0.,10.4478317499234));
#12929=CARTESIAN_POINT('Ctrl Pts',(6.83919353025711,0.,10.5742499072969));
#12930=CARTESIAN_POINT('Ctrl Pts',(7.00937181902911,0.,11.0021267476379));
#12931=CARTESIAN_POINT('Ctrl Pts',(7.00937181902911,0.,11.2136340493974));
#12932=CARTESIAN_POINT('',(7.00937181902911,-0.1,11.2136340493974));
#12933=CARTESIAN_POINT('Ctrl Pts',(7.00937181902911,-0.1,11.2136340493974));
#12934=CARTESIAN_POINT('Ctrl Pts',(7.00937181902911,-0.1,11.0021267476379));
#12935=CARTESIAN_POINT('Ctrl Pts',(6.83919353025711,-0.1,10.5742499072969));
#12936=CARTESIAN_POINT('Ctrl Pts',(6.74681103063803,-0.1,10.4478317499234));
#12937=CARTESIAN_POINT('',(7.00937181902911,0.,11.2136340493974));
#12938=CARTESIAN_POINT('Ctrl Pts',(6.84162464866814,0.,11.6682531922597));
#12939=CARTESIAN_POINT('Ctrl Pts',(6.84162464866814,-0.1,11.6682531922597));
#12940=CARTESIAN_POINT('Ctrl Pts',(6.9315760298762,0.,11.5855951662848));
#12941=CARTESIAN_POINT('Ctrl Pts',(6.9315760298762,-0.1,11.5855951662848));
#12942=CARTESIAN_POINT('Ctrl Pts',(7.00937181902911,0.,11.3376210883599));
#12943=CARTESIAN_POINT('Ctrl Pts',(7.00937181902911,-0.1,11.3376210883599));
#12944=CARTESIAN_POINT('Ctrl Pts',(7.00937181902911,0.,11.2136340493974));
#12945=CARTESIAN_POINT('Ctrl Pts',(7.00937181902911,-0.1,11.2136340493974));
#12946=CARTESIAN_POINT('',(6.84162464866814,0.,11.6682531922597));
#12947=CARTESIAN_POINT('Ctrl Pts',(7.00937181902911,0.,11.2136340493974));
#12948=CARTESIAN_POINT('Ctrl Pts',(7.00937181902911,0.,11.3376210883599));
#12949=CARTESIAN_POINT('Ctrl Pts',(6.9315760298762,0.,11.5855951662848));
#12950=CARTESIAN_POINT('Ctrl Pts',(6.84162464866814,0.,11.6682531922597));
#12951=CARTESIAN_POINT('',(6.84162464866814,-0.1,11.6682531922597));
#12952=CARTESIAN_POINT('Ctrl Pts',(6.84162464866814,-0.1,11.6682531922597));
#12953=CARTESIAN_POINT('Ctrl Pts',(6.9315760298762,-0.1,11.5855951662848));
#12954=CARTESIAN_POINT('Ctrl Pts',(7.00937181902911,-0.1,11.3376210883599));
#12955=CARTESIAN_POINT('Ctrl Pts',(7.00937181902911,-0.1,11.2136340493974));
#12956=CARTESIAN_POINT('',(6.84162464866814,0.,11.6682531922597));
#12957=CARTESIAN_POINT('Ctrl Pts',(6.37484991375065,0.,11.8335692442097));
#12958=CARTESIAN_POINT('Ctrl Pts',(6.37484991375065,-0.1,11.8335692442097));
#12959=CARTESIAN_POINT('Ctrl Pts',(6.53773484728957,0.,11.8335692442097));
#12960=CARTESIAN_POINT('Ctrl Pts',(6.53773484728957,-0.1,11.8335692442097));
#12961=CARTESIAN_POINT('Ctrl Pts',(6.75167326746008,0.,11.7484800998237));
#12962=CARTESIAN_POINT('Ctrl Pts',(6.75167326746008,-0.1,11.7484800998237));
#12963=CARTESIAN_POINT('Ctrl Pts',(6.84162464866814,0.,11.6682531922597));
#12964=CARTESIAN_POINT('Ctrl Pts',(6.84162464866814,-0.1,11.6682531922597));
#12965=CARTESIAN_POINT('',(6.37484991375065,0.,11.8335692442097));
#12966=CARTESIAN_POINT('Ctrl Pts',(6.84162464866814,0.,11.6682531922597));
#12967=CARTESIAN_POINT('Ctrl Pts',(6.75167326746008,0.,11.7484800998237));
#12968=CARTESIAN_POINT('Ctrl Pts',(6.53773484728957,0.,11.8335692442097));
#12969=CARTESIAN_POINT('Ctrl Pts',(6.37484991375065,0.,11.8335692442097));
#12970=CARTESIAN_POINT('',(6.37484991375065,-0.1,11.8335692442097));
#12971=CARTESIAN_POINT('Ctrl Pts',(6.37484991375065,-0.1,11.8335692442097));
#12972=CARTESIAN_POINT('Ctrl Pts',(6.53773484728957,-0.1,11.8335692442097));
#12973=CARTESIAN_POINT('Ctrl Pts',(6.75167326746008,-0.1,11.7484800998237));
#12974=CARTESIAN_POINT('Ctrl Pts',(6.84162464866814,-0.1,11.6682531922597));
#12975=CARTESIAN_POINT('',(6.37484991375065,0.,11.8335692442097));
#12976=CARTESIAN_POINT('Ctrl Pts',(5.93967971817653,0.,11.6536664817936));
#12977=CARTESIAN_POINT('Ctrl Pts',(5.93967971817653,-0.1,11.6536664817936));
#12978=CARTESIAN_POINT('Ctrl Pts',(6.00045767845225,0.,11.7387556261796));
#12979=CARTESIAN_POINT('Ctrl Pts',(6.00045767845225,-0.1,11.7387556261796));
#12980=CARTESIAN_POINT('Ctrl Pts',(6.21196498021173,0.,11.8335692442097));
#12981=CARTESIAN_POINT('Ctrl Pts',(6.21196498021173,-0.1,11.8335692442097));
#12982=CARTESIAN_POINT('Ctrl Pts',(6.37484991375065,0.,11.8335692442097));
#12983=CARTESIAN_POINT('Ctrl Pts',(6.37484991375065,-0.1,11.8335692442097));
#12984=CARTESIAN_POINT('',(5.93967971817653,0.,11.6536664817936));
#12985=CARTESIAN_POINT('Ctrl Pts',(6.37484991375065,0.,11.8335692442097));
#12986=CARTESIAN_POINT('Ctrl Pts',(6.21196498021173,0.,11.8335692442097));
#12987=CARTESIAN_POINT('Ctrl Pts',(6.00045767845225,0.,11.7387556261796));
#12988=CARTESIAN_POINT('Ctrl Pts',(5.93967971817653,0.,11.6536664817936));
#12989=CARTESIAN_POINT('',(5.93967971817653,-0.1,11.6536664817936));
#12990=CARTESIAN_POINT('Ctrl Pts',(5.93967971817653,-0.1,11.6536664817936));
#12991=CARTESIAN_POINT('Ctrl Pts',(6.00045767845225,-0.1,11.7387556261796));
#12992=CARTESIAN_POINT('Ctrl Pts',(6.21196498021173,-0.1,11.8335692442097));
#12993=CARTESIAN_POINT('Ctrl Pts',(6.37484991375065,-0.1,11.8335692442097));
#12994=CARTESIAN_POINT('',(5.93967971817653,0.,11.6536664817936));
#12995=CARTESIAN_POINT('Ctrl Pts',(5.83271050809127,0.,11.2014784573423));
#12996=CARTESIAN_POINT('Ctrl Pts',(5.83271050809127,-0.1,11.2014784573423));
#12997=CARTESIAN_POINT('Ctrl Pts',(5.83271050809127,0.,11.3376210883599));
#12998=CARTESIAN_POINT('Ctrl Pts',(5.83271050809127,-0.1,11.3376210883599));
#12999=CARTESIAN_POINT('Ctrl Pts',(5.87890175790082,0.,11.5685773374076));
#13000=CARTESIAN_POINT('Ctrl Pts',(5.87890175790082,-0.1,11.5685773374076));
#13001=CARTESIAN_POINT('Ctrl Pts',(5.93967971817653,0.,11.6536664817936));
#13002=CARTESIAN_POINT('Ctrl Pts',(5.93967971817653,-0.1,11.6536664817936));
#13003=CARTESIAN_POINT('',(5.83271050809127,0.,11.2014784573423));
#13004=CARTESIAN_POINT('Ctrl Pts',(5.93967971817653,0.,11.6536664817936));
#13005=CARTESIAN_POINT('Ctrl Pts',(5.87890175790082,0.,11.5685773374076));
#13006=CARTESIAN_POINT('Ctrl Pts',(5.83271050809127,0.,11.3376210883599));
#13007=CARTESIAN_POINT('Ctrl Pts',(5.83271050809127,0.,11.2014784573423));
#13008=CARTESIAN_POINT('',(5.83271050809127,-0.1,11.2014784573423));
#13009=CARTESIAN_POINT('Ctrl Pts',(5.83271050809127,-0.1,11.2014784573423));
#13010=CARTESIAN_POINT('Ctrl Pts',(5.83271050809127,-0.1,11.3376210883599));
#13011=CARTESIAN_POINT('Ctrl Pts',(5.87890175790082,-0.1,11.5685773374076));
#13012=CARTESIAN_POINT('Ctrl Pts',(5.93967971817653,-0.1,11.6536664817936));
#13013=CARTESIAN_POINT('',(5.83271050809127,0.,11.2014784573423));
#13014=CARTESIAN_POINT('Origin',(5.83271050809127,0.,11.0313001685702));
#13015=CARTESIAN_POINT('',(5.83271050809127,0.,11.0313001685702));
#13016=CARTESIAN_POINT('',(5.83271050809127,0.,5.51565008428512));
#13017=CARTESIAN_POINT('',(5.83271050809127,-0.1,11.0313001685702));
#13018=CARTESIAN_POINT('',(5.83271050809127,-0.1,11.2014784573423));
#13019=CARTESIAN_POINT('',(5.83271050809127,0.,11.0313001685702));
#13020=CARTESIAN_POINT('Origin',(5.49964728578035,0.,11.0313001685702));
#13021=CARTESIAN_POINT('',(5.49964728578035,0.,11.0313001685702));
#13022=CARTESIAN_POINT('',(2.74982364289018,0.,11.0313001685702));
#13023=CARTESIAN_POINT('',(5.49964728578035,-0.1,11.0313001685702));
#13024=CARTESIAN_POINT('',(5.83271050809127,-0.1,11.0313001685702));
#13025=CARTESIAN_POINT('',(5.49964728578035,0.,11.0313001685702));
#13026=CARTESIAN_POINT('Origin',(5.49964728578035,0.,11.1650116811768));
#13027=CARTESIAN_POINT('',(5.49964728578035,0.,11.1650116811768));
#13028=CARTESIAN_POINT('',(5.49964728578035,0.,5.58250584058841));
#13029=CARTESIAN_POINT('',(5.49964728578035,-0.1,11.1650116811768));
#13030=CARTESIAN_POINT('',(5.49964728578035,-0.1,11.0313001685702));
#13031=CARTESIAN_POINT('',(5.49964728578035,0.,11.1650116811768));
#13032=CARTESIAN_POINT('Ctrl Pts',(4.99640577469744,0.,11.775222402345));
#13033=CARTESIAN_POINT('Ctrl Pts',(4.99640577469744,-0.1,11.775222402345));
#13034=CARTESIAN_POINT('Ctrl Pts',(5.24194873421132,0.,11.775222402345));
#13035=CARTESIAN_POINT('Ctrl Pts',(5.24194873421132,-0.1,11.775222402345));
#13036=CARTESIAN_POINT('Ctrl Pts',(5.49964728578035,0.,11.434865824801));
#13037=CARTESIAN_POINT('Ctrl Pts',(5.49964728578035,-0.1,11.434865824801));
#13038=CARTESIAN_POINT('Ctrl Pts',(5.49964728578035,0.,11.1650116811768));
#13039=CARTESIAN_POINT('Ctrl Pts',(5.49964728578035,-0.1,11.1650116811768));
#13040=CARTESIAN_POINT('',(4.99640577469744,0.,11.775222402345));
#13041=CARTESIAN_POINT('Ctrl Pts',(5.49964728578035,0.,11.1650116811768));
#13042=CARTESIAN_POINT('Ctrl Pts',(5.49964728578035,0.,11.434865824801));
#13043=CARTESIAN_POINT('Ctrl Pts',(5.24194873421132,0.,11.775222402345));
#13044=CARTESIAN_POINT('Ctrl Pts',(4.99640577469744,0.,11.775222402345));
#13045=CARTESIAN_POINT('',(4.99640577469744,-0.1,11.775222402345));
#13046=CARTESIAN_POINT('Ctrl Pts',(4.99640577469744,-0.1,11.775222402345));
#13047=CARTESIAN_POINT('Ctrl Pts',(5.24194873421132,-0.1,11.775222402345));
#13048=CARTESIAN_POINT('Ctrl Pts',(5.49964728578035,-0.1,11.434865824801));
#13049=CARTESIAN_POINT('Ctrl Pts',(5.49964728578035,-0.1,11.1650116811768));
#13050=CARTESIAN_POINT('',(4.99640577469744,0.,11.775222402345));
#13051=CARTESIAN_POINT('Ctrl Pts',(4.6706359076196,0.,11.6171997056281));
#13052=CARTESIAN_POINT('Ctrl Pts',(4.6706359076196,-0.1,11.6171997056281));
#13053=CARTESIAN_POINT('Ctrl Pts',(4.71925827584018,0.,11.687702139548));
#13054=CARTESIAN_POINT('Ctrl Pts',(4.71925827584018,-0.1,11.687702139548));
#13055=CARTESIAN_POINT('Ctrl Pts',(4.88214320937909,0.,11.775222402345));
#13056=CARTESIAN_POINT('Ctrl Pts',(4.88214320937909,-0.1,11.775222402345));
#13057=CARTESIAN_POINT('Ctrl Pts',(4.99640577469744,0.,11.775222402345));
#13058=CARTESIAN_POINT('Ctrl Pts',(4.99640577469744,-0.1,11.775222402345));
#13059=CARTESIAN_POINT('',(4.6706359076196,0.,11.6171997056281));
#13060=CARTESIAN_POINT('Ctrl Pts',(4.99640577469744,0.,11.775222402345));
#13061=CARTESIAN_POINT('Ctrl Pts',(4.88214320937909,0.,11.775222402345));
#13062=CARTESIAN_POINT('Ctrl Pts',(4.71925827584018,0.,11.687702139548));
#13063=CARTESIAN_POINT('Ctrl Pts',(4.6706359076196,0.,11.6171997056281));
#13064=CARTESIAN_POINT('',(4.6706359076196,-0.1,11.6171997056281));
#13065=CARTESIAN_POINT('Ctrl Pts',(4.6706359076196,-0.1,11.6171997056281));
#13066=CARTESIAN_POINT('Ctrl Pts',(4.71925827584018,-0.1,11.687702139548));
#13067=CARTESIAN_POINT('Ctrl Pts',(4.88214320937909,-0.1,11.775222402345));
#13068=CARTESIAN_POINT('Ctrl Pts',(4.99640577469744,-0.1,11.775222402345));
#13069=CARTESIAN_POINT('',(4.6706359076196,0.,11.6171997056281));
#13070=CARTESIAN_POINT('Ctrl Pts',(4.57825340800052,0.,11.2525319439739));
#13071=CARTESIAN_POINT('Ctrl Pts',(4.57825340800052,-0.1,11.2525319439739));
#13072=CARTESIAN_POINT('Ctrl Pts',(4.57825340800052,0.,11.3570700356481));
#13073=CARTESIAN_POINT('Ctrl Pts',(4.57825340800052,-0.1,11.3570700356481));
#13074=CARTESIAN_POINT('Ctrl Pts',(4.619582420988,0.,11.5418350348863));
#13075=CARTESIAN_POINT('Ctrl Pts',(4.619582420988,-0.1,11.5418350348863));
#13076=CARTESIAN_POINT('Ctrl Pts',(4.6706359076196,0.,11.6171997056281));
#13077=CARTESIAN_POINT('Ctrl Pts',(4.6706359076196,-0.1,11.6171997056281));
#13078=CARTESIAN_POINT('',(4.57825340800052,0.,11.2525319439739));
#13079=CARTESIAN_POINT('Ctrl Pts',(4.6706359076196,0.,11.6171997056281));
#13080=CARTESIAN_POINT('Ctrl Pts',(4.619582420988,0.,11.5418350348863));
#13081=CARTESIAN_POINT('Ctrl Pts',(4.57825340800052,0.,11.3570700356481));
#13082=CARTESIAN_POINT('Ctrl Pts',(4.57825340800052,0.,11.2525319439739));
#13083=CARTESIAN_POINT('',(4.57825340800052,-0.1,11.2525319439739));
#13084=CARTESIAN_POINT('Ctrl Pts',(4.57825340800052,-0.1,11.2525319439739));
#13085=CARTESIAN_POINT('Ctrl Pts',(4.57825340800052,-0.1,11.3570700356481));
#13086=CARTESIAN_POINT('Ctrl Pts',(4.619582420988,-0.1,11.5418350348863));
#13087=CARTESIAN_POINT('Ctrl Pts',(4.6706359076196,-0.1,11.6171997056281));
#13088=CARTESIAN_POINT('',(4.57825340800052,0.,11.2525319439739));
#13089=CARTESIAN_POINT('Ctrl Pts',(4.67306702603063,0.,10.8222239852218));
#13090=CARTESIAN_POINT('Ctrl Pts',(4.67306702603063,-0.1,10.8222239852218));
#13091=CARTESIAN_POINT('Ctrl Pts',(4.63173801304315,0.,10.926762076896));
#13092=CARTESIAN_POINT('Ctrl Pts',(4.63173801304315,-0.1,10.926762076896));
#13093=CARTESIAN_POINT('Ctrl Pts',(4.57825340800052,0.,11.1431316154776));
#13094=CARTESIAN_POINT('Ctrl Pts',(4.57825340800052,-0.1,11.1431316154776));
#13095=CARTESIAN_POINT('Ctrl Pts',(4.57825340800052,0.,11.2525319439739));
#13096=CARTESIAN_POINT('Ctrl Pts',(4.57825340800052,-0.1,11.2525319439739));
#13097=CARTESIAN_POINT('Ctrl Pts',(4.57825340800052,0.,11.2525319439739));
#13098=CARTESIAN_POINT('Ctrl Pts',(4.57825340800052,0.,11.1431316154776));
#13099=CARTESIAN_POINT('Ctrl Pts',(4.63173801304315,0.,10.926762076896));
#13100=CARTESIAN_POINT('Ctrl Pts',(4.67306702603063,0.,10.8222239852218));
#13101=CARTESIAN_POINT('Ctrl Pts',(4.67306702603063,-0.1,10.8222239852218));
#13102=CARTESIAN_POINT('Ctrl Pts',(4.63173801304315,-0.1,10.926762076896));
#13103=CARTESIAN_POINT('Ctrl Pts',(4.57825340800052,-0.1,11.1431316154776));
#13104=CARTESIAN_POINT('Ctrl Pts',(4.57825340800052,-0.1,11.2525319439739));
#13105=CARTESIAN_POINT('Origin',(5.78658176855753,-0.1,11.4034518930534));
#13106=CARTESIAN_POINT('Ctrl Pts',(5.49721616736932,0.,0.397588238731155));
#13107=CARTESIAN_POINT('Ctrl Pts',(5.49721616736932,-0.1,0.397588238731155));
#13108=CARTESIAN_POINT('Ctrl Pts',(5.57014971970018,0.,0.43648613330761));
#13109=CARTESIAN_POINT('Ctrl Pts',(5.57014971970018,-0.1,0.43648613330761));
#13110=CARTESIAN_POINT('Ctrl Pts',(5.8351416265023,0.,0.460797317417896));
#13111=CARTESIAN_POINT('Ctrl Pts',(5.8351416265023,-0.1,0.460797317417896));
#13112=CARTESIAN_POINT('Ctrl Pts',(5.99073320480813,0.,0.460797317417896));
#13113=CARTESIAN_POINT('Ctrl Pts',(5.99073320480813,-0.1,0.460797317417896));
#13114=CARTESIAN_POINT('',(5.99073320480813,0.,0.460797317417896));
#13115=CARTESIAN_POINT('',(5.49721616736932,0.,0.397588238731155));
#13116=CARTESIAN_POINT('Ctrl Pts',(5.99073320480813,0.,0.460797317417896));
#13117=CARTESIAN_POINT('Ctrl Pts',(5.8351416265023,0.,0.460797317417896));
#13118=CARTESIAN_POINT('Ctrl Pts',(5.57014971970018,0.,0.43648613330761));
#13119=CARTESIAN_POINT('Ctrl Pts',(5.49721616736932,0.,0.397588238731155));
#13120=CARTESIAN_POINT('',(5.99073320480813,-0.1,0.460797317417896));
#13121=CARTESIAN_POINT('',(5.99073320480813,0.,0.460797317417896));
#13122=CARTESIAN_POINT('',(5.49721616736932,-0.1,0.397588238731155));
#13123=CARTESIAN_POINT('Ctrl Pts',(5.49721616736932,-0.1,0.397588238731155));
#13124=CARTESIAN_POINT('Ctrl Pts',(5.57014971970018,-0.1,0.43648613330761));
#13125=CARTESIAN_POINT('Ctrl Pts',(5.8351416265023,-0.1,0.460797317417896));
#13126=CARTESIAN_POINT('Ctrl Pts',(5.99073320480813,-0.1,0.460797317417896));
#13127=CARTESIAN_POINT('',(5.49721616736932,0.,0.397588238731155));
#13128=CARTESIAN_POINT('Ctrl Pts',(5.33919347065247,0.,0.0815428452974354));
#13129=CARTESIAN_POINT('Ctrl Pts',(5.33919347065247,-0.1,0.0815428452974354));
#13130=CARTESIAN_POINT('Ctrl Pts',(5.33919347065247,0.,0.21039212108195));
#13131=CARTESIAN_POINT('Ctrl Pts',(5.33919347065247,-0.1,0.21039212108195));
#13132=CARTESIAN_POINT('Ctrl Pts',(5.41698925980538,0.,0.358690344154695));
#13133=CARTESIAN_POINT('Ctrl Pts',(5.41698925980538,-0.1,0.358690344154695));
#13134=CARTESIAN_POINT('Ctrl Pts',(5.49721616736932,0.,0.397588238731155));
#13135=CARTESIAN_POINT('Ctrl Pts',(5.49721616736932,-0.1,0.397588238731155));
#13136=CARTESIAN_POINT('',(5.33919347065247,0.,0.0815428452974354));
#13137=CARTESIAN_POINT('Ctrl Pts',(5.49721616736932,0.,0.397588238731155));
#13138=CARTESIAN_POINT('Ctrl Pts',(5.41698925980538,0.,0.358690344154695));
#13139=CARTESIAN_POINT('Ctrl Pts',(5.33919347065247,0.,0.21039212108195));
#13140=CARTESIAN_POINT('Ctrl Pts',(5.33919347065247,0.,0.0815428452974354));
#13141=CARTESIAN_POINT('',(5.33919347065247,-0.1,0.0815428452974354));
#13142=CARTESIAN_POINT('Ctrl Pts',(5.33919347065247,-0.1,0.0815428452974354));
#13143=CARTESIAN_POINT('Ctrl Pts',(5.33919347065247,-0.1,0.21039212108195));
#13144=CARTESIAN_POINT('Ctrl Pts',(5.41698925980538,-0.1,0.358690344154695));
#13145=CARTESIAN_POINT('Ctrl Pts',(5.49721616736932,-0.1,0.397588238731155));
#13146=CARTESIAN_POINT('',(5.33919347065247,0.,0.0815428452974354));
#13147=CARTESIAN_POINT('Ctrl Pts',(5.61877208792075,0.,-0.443578731484739));
#13148=CARTESIAN_POINT('Ctrl Pts',(5.61877208792075,-0.1,-0.443578731484739));
#13149=CARTESIAN_POINT('Ctrl Pts',(5.48262945690315,0.,-0.302573863645081));
#13150=CARTESIAN_POINT('Ctrl Pts',(5.48262945690315,-0.1,-0.302573863645081));
#13151=CARTESIAN_POINT('Ctrl Pts',(5.33919347065247,0.,-0.0351508384319366));
#13152=CARTESIAN_POINT('Ctrl Pts',(5.33919347065247,-0.1,-0.0351508384319366));
#13153=CARTESIAN_POINT('Ctrl Pts',(5.33919347065247,0.,0.0815428452974354));
#13154=CARTESIAN_POINT('Ctrl Pts',(5.33919347065247,-0.1,0.0815428452974354));
#13155=CARTESIAN_POINT('',(5.61877208792076,0.,-0.443578731484739));
#13156=CARTESIAN_POINT('Ctrl Pts',(5.33919347065247,0.,0.0815428452974354));
#13157=CARTESIAN_POINT('Ctrl Pts',(5.33919347065247,0.,-0.0351508384319366));
#13158=CARTESIAN_POINT('Ctrl Pts',(5.48262945690315,0.,-0.302573863645081));
#13159=CARTESIAN_POINT('Ctrl Pts',(5.61877208792075,0.,-0.443578731484739));
#13160=CARTESIAN_POINT('',(5.61877208792076,-0.1,-0.443578731484739));
#13161=CARTESIAN_POINT('Ctrl Pts',(5.61877208792075,-0.1,-0.443578731484739));
#13162=CARTESIAN_POINT('Ctrl Pts',(5.48262945690315,-0.1,-0.302573863645081));
#13163=CARTESIAN_POINT('Ctrl Pts',(5.33919347065247,-0.1,-0.0351508384319366));
#13164=CARTESIAN_POINT('Ctrl Pts',(5.33919347065247,-0.1,0.0815428452974354));
#13165=CARTESIAN_POINT('',(5.61877208792076,0.,-0.443578731484739));
#13166=CARTESIAN_POINT('Ctrl Pts',(5.81083044239201,0.,-0.436285376251655));
#13167=CARTESIAN_POINT('Ctrl Pts',(5.81083044239201,-0.1,-0.436285376251655));
#13168=CARTESIAN_POINT('Ctrl Pts',(5.74762136370527,0.,-0.436285376251655));
#13169=CARTESIAN_POINT('Ctrl Pts',(5.74762136370527,-0.1,-0.436285376251655));
#13170=CARTESIAN_POINT('Ctrl Pts',(5.65280774567516,0.,-0.441147613073711));
#13171=CARTESIAN_POINT('Ctrl Pts',(5.65280774567516,-0.1,-0.441147613073711));
#13172=CARTESIAN_POINT('Ctrl Pts',(5.61877208792075,0.,-0.443578731484739));
#13173=CARTESIAN_POINT('Ctrl Pts',(5.61877208792075,-0.1,-0.443578731484739));
#13174=CARTESIAN_POINT('',(5.81083044239201,0.,-0.436285376251655));
#13175=CARTESIAN_POINT('Ctrl Pts',(5.61877208792075,0.,-0.443578731484739));
#13176=CARTESIAN_POINT('Ctrl Pts',(5.65280774567516,0.,-0.441147613073711));
#13177=CARTESIAN_POINT('Ctrl Pts',(5.74762136370527,0.,-0.436285376251655));
#13178=CARTESIAN_POINT('Ctrl Pts',(5.81083044239201,0.,-0.436285376251655));
#13179=CARTESIAN_POINT('',(5.81083044239201,-0.1,-0.436285376251655));
#13180=CARTESIAN_POINT('Ctrl Pts',(5.81083044239201,-0.1,-0.436285376251655));
#13181=CARTESIAN_POINT('Ctrl Pts',(5.74762136370527,-0.1,-0.436285376251655));
#13182=CARTESIAN_POINT('Ctrl Pts',(5.65280774567516,-0.1,-0.441147613073711));
#13183=CARTESIAN_POINT('Ctrl Pts',(5.61877208792075,-0.1,-0.443578731484739));
#13184=CARTESIAN_POINT('',(5.81083044239201,0.,-0.436285376251655));
#13185=CARTESIAN_POINT('Origin',(7.29381267311946,0.,-0.436285376251655));
#13186=CARTESIAN_POINT('',(7.29381267311946,0.,-0.436285376251655));
#13187=CARTESIAN_POINT('',(3.64690633655973,0.,-0.436285376251655));
#13188=CARTESIAN_POINT('',(7.29381267311946,-0.1,-0.436285376251655));
#13189=CARTESIAN_POINT('',(5.81083044239201,-0.1,-0.436285376251655));
#13190=CARTESIAN_POINT('',(7.29381267311946,0.,-0.436285376251655));
#13191=CARTESIAN_POINT('Origin',(7.29381267311946,0.,-0.815539848372115));
#13192=CARTESIAN_POINT('',(7.29381267311946,0.,-0.815539848372115));
#13193=CARTESIAN_POINT('',(7.29381267311946,0.,-0.407769924186059));
#13194=CARTESIAN_POINT('',(7.29381267311946,-0.1,-0.815539848372115));
#13195=CARTESIAN_POINT('',(7.29381267311946,-0.1,-0.436285376251655));
#13196=CARTESIAN_POINT('',(7.29381267311946,0.,-0.815539848372115));
#13197=CARTESIAN_POINT('Origin',(5.99073320480813,0.,-0.815539848372115));
#13198=CARTESIAN_POINT('',(5.99073320480813,0.,-0.815539848372115));
#13199=CARTESIAN_POINT('',(2.99536660240407,0.,-0.815539848372115));
#13200=CARTESIAN_POINT('',(5.99073320480813,-0.1,-0.815539848372115));
#13201=CARTESIAN_POINT('',(7.29381267311946,-0.1,-0.815539848372115));
#13202=CARTESIAN_POINT('',(5.99073320480813,0.,-0.815539848372115));
#13203=CARTESIAN_POINT('Ctrl Pts',(5.49721616736932,0.,-0.878748927058859));
#13204=CARTESIAN_POINT('Ctrl Pts',(5.49721616736932,-0.1,-0.878748927058859));
#13205=CARTESIAN_POINT('Ctrl Pts',(5.57014971970018,0.,-0.839851032482402));
#13206=CARTESIAN_POINT('Ctrl Pts',(5.57014971970018,-0.1,-0.839851032482402));
#13207=CARTESIAN_POINT('Ctrl Pts',(5.8351416265023,0.,-0.815539848372115));
#13208=CARTESIAN_POINT('Ctrl Pts',(5.8351416265023,-0.1,-0.815539848372115));
#13209=CARTESIAN_POINT('Ctrl Pts',(5.99073320480813,0.,-0.815539848372115));
#13210=CARTESIAN_POINT('Ctrl Pts',(5.99073320480813,-0.1,-0.815539848372115));
#13211=CARTESIAN_POINT('',(5.49721616736932,0.,-0.878748927058859));
#13212=CARTESIAN_POINT('Ctrl Pts',(5.99073320480813,0.,-0.815539848372115));
#13213=CARTESIAN_POINT('Ctrl Pts',(5.8351416265023,0.,-0.815539848372115));
#13214=CARTESIAN_POINT('Ctrl Pts',(5.57014971970018,0.,-0.839851032482402));
#13215=CARTESIAN_POINT('Ctrl Pts',(5.49721616736932,0.,-0.878748927058859));
#13216=CARTESIAN_POINT('',(5.49721616736932,-0.1,-0.878748927058859));
#13217=CARTESIAN_POINT('Ctrl Pts',(5.49721616736932,-0.1,-0.878748927058859));
#13218=CARTESIAN_POINT('Ctrl Pts',(5.57014971970018,-0.1,-0.839851032482402));
#13219=CARTESIAN_POINT('Ctrl Pts',(5.8351416265023,-0.1,-0.815539848372115));
#13220=CARTESIAN_POINT('Ctrl Pts',(5.99073320480813,-0.1,-0.815539848372115));
#13221=CARTESIAN_POINT('',(5.49721616736932,0.,-0.878748927058859));
#13222=CARTESIAN_POINT('Ctrl Pts',(5.33919347065247,0.,-1.19479432049258));
#13223=CARTESIAN_POINT('Ctrl Pts',(5.33919347065247,-0.1,-1.19479432049258));
#13224=CARTESIAN_POINT('Ctrl Pts',(5.33919347065247,0.,-1.06594504470806));
#13225=CARTESIAN_POINT('Ctrl Pts',(5.33919347065247,-0.1,-1.06594504470806));
#13226=CARTESIAN_POINT('Ctrl Pts',(5.41698925980538,0.,-0.917646821635316));
#13227=CARTESIAN_POINT('Ctrl Pts',(5.41698925980538,-0.1,-0.917646821635316));
#13228=CARTESIAN_POINT('Ctrl Pts',(5.49721616736932,0.,-0.878748927058859));
#13229=CARTESIAN_POINT('Ctrl Pts',(5.49721616736932,-0.1,-0.878748927058859));
#13230=CARTESIAN_POINT('',(5.33919347065247,0.,-1.19479432049258));
#13231=CARTESIAN_POINT('Ctrl Pts',(5.49721616736932,0.,-0.878748927058859));
#13232=CARTESIAN_POINT('Ctrl Pts',(5.41698925980538,0.,-0.917646821635316));
#13233=CARTESIAN_POINT('Ctrl Pts',(5.33919347065247,0.,-1.06594504470806));
#13234=CARTESIAN_POINT('Ctrl Pts',(5.33919347065247,0.,-1.19479432049258));
#13235=CARTESIAN_POINT('',(5.33919347065247,-0.1,-1.19479432049258));
#13236=CARTESIAN_POINT('Ctrl Pts',(5.33919347065247,-0.1,-1.19479432049258));
#13237=CARTESIAN_POINT('Ctrl Pts',(5.33919347065247,-0.1,-1.06594504470806));
#13238=CARTESIAN_POINT('Ctrl Pts',(5.41698925980538,-0.1,-0.917646821635316));
#13239=CARTESIAN_POINT('Ctrl Pts',(5.49721616736932,-0.1,-0.878748927058859));
#13240=CARTESIAN_POINT('',(5.33919347065247,0.,-1.19479432049258));
#13241=CARTESIAN_POINT('Ctrl Pts',(5.61147873268767,0.,-1.71262254204167));
#13242=CARTESIAN_POINT('Ctrl Pts',(5.61147873268767,-0.1,-1.71262254204167));
#13243=CARTESIAN_POINT('Ctrl Pts',(5.49235393054727,0.,-1.58620438466818));
#13244=CARTESIAN_POINT('Ctrl Pts',(5.49235393054727,-0.1,-1.58620438466818));
#13245=CARTESIAN_POINT('Ctrl Pts',(5.33919347065247,0.,-1.31635024104401));
#13246=CARTESIAN_POINT('Ctrl Pts',(5.33919347065247,-0.1,-1.31635024104401));
#13247=CARTESIAN_POINT('Ctrl Pts',(5.33919347065247,0.,-1.19479432049258));
#13248=CARTESIAN_POINT('Ctrl Pts',(5.33919347065247,-0.1,-1.19479432049258));
#13249=CARTESIAN_POINT('',(5.61147873268767,0.,-1.71262254204167));
#13250=CARTESIAN_POINT('Ctrl Pts',(5.33919347065247,0.,-1.19479432049258));
#13251=CARTESIAN_POINT('Ctrl Pts',(5.33919347065247,0.,-1.31635024104401));
#13252=CARTESIAN_POINT('Ctrl Pts',(5.49235393054727,0.,-1.58620438466818));
#13253=CARTESIAN_POINT('Ctrl Pts',(5.61147873268767,0.,-1.71262254204167));
#13254=CARTESIAN_POINT('',(5.61147873268767,-0.1,-1.71262254204167));
#13255=CARTESIAN_POINT('Ctrl Pts',(5.61147873268767,-0.1,-1.71262254204167));
#13256=CARTESIAN_POINT('Ctrl Pts',(5.49235393054727,-0.1,-1.58620438466818));
#13257=CARTESIAN_POINT('Ctrl Pts',(5.33919347065247,-0.1,-1.31635024104401));
#13258=CARTESIAN_POINT('Ctrl Pts',(5.33919347065247,-0.1,-1.19479432049258));
#13259=CARTESIAN_POINT('',(5.61147873268767,0.,-1.71262254204167));
#13260=CARTESIAN_POINT('Origin',(7.29381267311946,0.,-1.71262254204167));
#13261=CARTESIAN_POINT('',(7.29381267311946,0.,-1.71262254204167));
#13262=CARTESIAN_POINT('',(3.64690633655973,0.,-1.71262254204167));
#13263=CARTESIAN_POINT('',(7.29381267311946,-0.1,-1.71262254204167));
#13264=CARTESIAN_POINT('',(5.61147873268767,-0.1,-1.71262254204167));
#13265=CARTESIAN_POINT('',(7.29381267311946,0.,-1.71262254204167));
#13266=CARTESIAN_POINT('Origin',(7.29381267311946,0.,-2.09187701416213));
#13267=CARTESIAN_POINT('',(7.29381267311946,0.,-2.09187701416213));
#13268=CARTESIAN_POINT('',(7.29381267311946,0.,-1.04593850708107));
#13269=CARTESIAN_POINT('',(7.29381267311946,-0.1,-2.09187701416213));
#13270=CARTESIAN_POINT('',(7.29381267311946,-0.1,-1.71262254204167));
#13271=CARTESIAN_POINT('',(7.29381267311946,0.,-2.09187701416213));
#13272=CARTESIAN_POINT('Origin',(5.04259702450698,0.,-2.09187701416213));
#13273=CARTESIAN_POINT('',(5.04259702450698,0.,-2.09187701416213));
#13274=CARTESIAN_POINT('',(2.52129851225349,0.,-2.09187701416213));
#13275=CARTESIAN_POINT('',(5.04259702450698,-0.1,-2.09187701416213));
#13276=CARTESIAN_POINT('',(7.29381267311946,-0.1,-2.09187701416213));
#13277=CARTESIAN_POINT('',(5.04259702450698,0.,-2.09187701416213));
#13278=CARTESIAN_POINT('Origin',(5.04259702450698,0.,-1.71262254204167));
#13279=CARTESIAN_POINT('',(5.04259702450698,0.,-1.71262254204167));
#13280=CARTESIAN_POINT('',(5.04259702450698,0.,-0.856311271020835));
#13281=CARTESIAN_POINT('',(5.04259702450698,-0.1,-1.71262254204167));
#13282=CARTESIAN_POINT('',(5.04259702450698,-0.1,-2.09187701416213));
#13283=CARTESIAN_POINT('',(5.04259702450698,0.,-1.71262254204167));
#13284=CARTESIAN_POINT('Origin',(5.29057110243189,0.,-1.71262254204167));
#13285=CARTESIAN_POINT('',(5.29057110243189,0.,-1.71262254204167));
#13286=CARTESIAN_POINT('',(2.64528555121595,0.,-1.71262254204167));
#13287=CARTESIAN_POINT('',(5.29057110243189,-0.1,-1.71262254204167));
#13288=CARTESIAN_POINT('',(5.04259702450698,-0.1,-1.71262254204167));
#13289=CARTESIAN_POINT('',(5.29057110243189,0.,-1.71262254204167));
#13290=CARTESIAN_POINT('Ctrl Pts',(4.97938794582023,0.,-1.09754958405143));
#13291=CARTESIAN_POINT('Ctrl Pts',(4.97938794582023,-0.1,-1.09754958405143));
#13292=CARTESIAN_POINT('Ctrl Pts',(4.97938794582023,0.,-1.27259010964549));
#13293=CARTESIAN_POINT('Ctrl Pts',(4.97938794582023,-0.1,-1.27259010964549));
#13294=CARTESIAN_POINT('Ctrl Pts',(5.14227287935915,0.,-1.56432431896892));
#13295=CARTESIAN_POINT('Ctrl Pts',(5.14227287935915,-0.1,-1.56432431896892));
#13296=CARTESIAN_POINT('Ctrl Pts',(5.29057110243189,0.,-1.71262254204167));
#13297=CARTESIAN_POINT('Ctrl Pts',(5.29057110243189,-0.1,-1.71262254204167));
#13298=CARTESIAN_POINT('',(4.97938794582023,0.,-1.09754958405143));
#13299=CARTESIAN_POINT('Ctrl Pts',(5.29057110243189,0.,-1.71262254204167));
#13300=CARTESIAN_POINT('Ctrl Pts',(5.14227287935915,0.,-1.56432431896892));
#13301=CARTESIAN_POINT('Ctrl Pts',(4.97938794582023,0.,-1.27259010964549));
#13302=CARTESIAN_POINT('Ctrl Pts',(4.97938794582023,0.,-1.09754958405143));
#13303=CARTESIAN_POINT('',(4.97938794582023,-0.1,-1.09754958405143));
#13304=CARTESIAN_POINT('Ctrl Pts',(4.97938794582023,-0.1,-1.09754958405143));
#13305=CARTESIAN_POINT('Ctrl Pts',(4.97938794582023,-0.1,-1.27259010964549));
#13306=CARTESIAN_POINT('Ctrl Pts',(5.14227287935915,-0.1,-1.56432431896892));
#13307=CARTESIAN_POINT('Ctrl Pts',(5.29057110243189,-0.1,-1.71262254204167));
#13308=CARTESIAN_POINT('',(4.97938794582023,0.,-1.09754958405143));
#13309=CARTESIAN_POINT('Ctrl Pts',(5.36836689158481,0.,-0.509218928582511));
#13310=CARTESIAN_POINT('Ctrl Pts',(5.36836689158481,-0.1,-0.509218928582511));
#13311=CARTESIAN_POINT('Ctrl Pts',(5.16172182664738,0.,-0.589445836146456));
#13312=CARTESIAN_POINT('Ctrl Pts',(5.16172182664738,-0.1,-0.589445836146456));
#13313=CARTESIAN_POINT('Ctrl Pts',(4.97938794582023,0.,-0.898197874347086));
#13314=CARTESIAN_POINT('Ctrl Pts',(4.97938794582023,-0.1,-0.898197874347086));
#13315=CARTESIAN_POINT('Ctrl Pts',(4.97938794582023,0.,-1.09754958405143));
#13316=CARTESIAN_POINT('Ctrl Pts',(4.97938794582023,-0.1,-1.09754958405143));
#13317=CARTESIAN_POINT('',(5.36836689158481,0.,-0.509218928582511));
#13318=CARTESIAN_POINT('Ctrl Pts',(4.97938794582023,0.,-1.09754958405143));
#13319=CARTESIAN_POINT('Ctrl Pts',(4.97938794582023,0.,-0.898197874347086));
#13320=CARTESIAN_POINT('Ctrl Pts',(5.16172182664738,0.,-0.589445836146456));
#13321=CARTESIAN_POINT('Ctrl Pts',(5.36836689158481,0.,-0.509218928582511));
#13322=CARTESIAN_POINT('',(5.36836689158481,-0.1,-0.509218928582511));
#13323=CARTESIAN_POINT('Ctrl Pts',(5.36836689158481,-0.1,-0.509218928582511));
#13324=CARTESIAN_POINT('Ctrl Pts',(5.16172182664738,-0.1,-0.589445836146456));
#13325=CARTESIAN_POINT('Ctrl Pts',(4.97938794582023,-0.1,-0.898197874347086));
#13326=CARTESIAN_POINT('Ctrl Pts',(4.97938794582023,-0.1,-1.09754958405143));
#13327=CARTESIAN_POINT('',(5.36836689158481,0.,-0.509218928582511));
#13328=CARTESIAN_POINT('Ctrl Pts',(4.97938794582023,0.,0.17878758173858));
#13329=CARTESIAN_POINT('Ctrl Pts',(4.97938794582023,-0.1,0.17878758173858));
#13330=CARTESIAN_POINT('Ctrl Pts',(4.97938794582023,0.,-0.0108396543216505));
#13331=CARTESIAN_POINT('Ctrl Pts',(4.97938794582023,-0.1,-0.0108396543216505));
#13332=CARTESIAN_POINT('Ctrl Pts',(5.17630853711355,0.,-0.336609521399482));
#13333=CARTESIAN_POINT('Ctrl Pts',(5.17630853711355,-0.1,-0.336609521399482));
#13334=CARTESIAN_POINT('Ctrl Pts',(5.36836689158481,0.,-0.509218928582511));
#13335=CARTESIAN_POINT('Ctrl Pts',(5.36836689158481,-0.1,-0.509218928582511));
#13336=CARTESIAN_POINT('',(4.97938794582023,0.,0.17878758173858));
#13337=CARTESIAN_POINT('Ctrl Pts',(5.36836689158481,0.,-0.509218928582511));
#13338=CARTESIAN_POINT('Ctrl Pts',(5.17630853711355,0.,-0.336609521399482));
#13339=CARTESIAN_POINT('Ctrl Pts',(4.97938794582023,0.,-0.0108396543216505));
#13340=CARTESIAN_POINT('Ctrl Pts',(4.97938794582023,0.,0.17878758173858));
#13341=CARTESIAN_POINT('',(4.97938794582023,-0.1,0.17878758173858));
#13342=CARTESIAN_POINT('Ctrl Pts',(4.97938794582023,-0.1,0.17878758173858));
#13343=CARTESIAN_POINT('Ctrl Pts',(4.97938794582023,-0.1,-0.0108396543216505));
#13344=CARTESIAN_POINT('Ctrl Pts',(5.17630853711355,-0.1,-0.336609521399482));
#13345=CARTESIAN_POINT('Ctrl Pts',(5.36836689158481,-0.1,-0.509218928582511));
#13346=CARTESIAN_POINT('',(4.97938794582023,0.,0.17878758173858));
#13347=CARTESIAN_POINT('Ctrl Pts',(5.17144630029149,0.,0.650424553478128));
#13348=CARTESIAN_POINT('Ctrl Pts',(5.17144630029149,-0.1,0.650424553478128));
#13349=CARTESIAN_POINT('Ctrl Pts',(5.06933932702829,0.,0.562904290681097));
#13350=CARTESIAN_POINT('Ctrl Pts',(5.06933932702829,-0.1,0.562904290681097));
#13351=CARTESIAN_POINT('Ctrl Pts',(4.97938794582023,0.,0.324654686400296));
#13352=CARTESIAN_POINT('Ctrl Pts',(4.97938794582023,-0.1,0.324654686400296));
#13353=CARTESIAN_POINT('Ctrl Pts',(4.97938794582023,0.,0.17878758173858));
#13354=CARTESIAN_POINT('Ctrl Pts',(4.97938794582023,-0.1,0.17878758173858));
#13355=CARTESIAN_POINT('',(5.17144630029149,0.,0.650424553478128));
#13356=CARTESIAN_POINT('Ctrl Pts',(4.97938794582023,0.,0.17878758173858));
#13357=CARTESIAN_POINT('Ctrl Pts',(4.97938794582023,0.,0.324654686400296));
#13358=CARTESIAN_POINT('Ctrl Pts',(5.06933932702829,0.,0.562904290681097));
#13359=CARTESIAN_POINT('Ctrl Pts',(5.17144630029149,0.,0.650424553478128));
#13360=CARTESIAN_POINT('',(5.17144630029149,-0.1,0.650424553478128));
#13361=CARTESIAN_POINT('Ctrl Pts',(5.17144630029149,-0.1,0.650424553478128));
#13362=CARTESIAN_POINT('Ctrl Pts',(5.06933932702829,-0.1,0.562904290681097));
#13363=CARTESIAN_POINT('Ctrl Pts',(4.97938794582023,-0.1,0.324654686400296));
#13364=CARTESIAN_POINT('Ctrl Pts',(4.97938794582023,-0.1,0.17878758173858));
#13365=CARTESIAN_POINT('',(5.17144630029149,0.,0.650424553478128));
#13366=CARTESIAN_POINT('Ctrl Pts',(5.81083044239201,0.,0.840051789538356));
#13367=CARTESIAN_POINT('Ctrl Pts',(5.81083044239201,-0.1,0.840051789538356));
#13368=CARTESIAN_POINT('Ctrl Pts',(5.5798741933443,0.,0.840051789538356));
#13369=CARTESIAN_POINT('Ctrl Pts',(5.5798741933443,-0.1,0.840051789538356));
#13370=CARTESIAN_POINT('Ctrl Pts',(5.27355327355469,0.,0.740375934686184));
#13371=CARTESIAN_POINT('Ctrl Pts',(5.27355327355469,-0.1,0.740375934686184));
#13372=CARTESIAN_POINT('Ctrl Pts',(5.17144630029149,0.,0.650424553478128));
#13373=CARTESIAN_POINT('Ctrl Pts',(5.17144630029149,-0.1,0.650424553478128));
#13374=CARTESIAN_POINT('',(5.81083044239201,0.,0.840051789538356));
#13375=CARTESIAN_POINT('Ctrl Pts',(5.17144630029149,0.,0.650424553478128));
#13376=CARTESIAN_POINT('Ctrl Pts',(5.27355327355469,0.,0.740375934686184));
#13377=CARTESIAN_POINT('Ctrl Pts',(5.5798741933443,0.,0.840051789538356));
#13378=CARTESIAN_POINT('Ctrl Pts',(5.81083044239201,0.,0.840051789538356));
#13379=CARTESIAN_POINT('',(5.81083044239201,-0.1,0.840051789538356));
#13380=CARTESIAN_POINT('Ctrl Pts',(5.81083044239201,-0.1,0.840051789538356));
#13381=CARTESIAN_POINT('Ctrl Pts',(5.5798741933443,-0.1,0.840051789538356));
#13382=CARTESIAN_POINT('Ctrl Pts',(5.27355327355469,-0.1,0.740375934686184));
#13383=CARTESIAN_POINT('Ctrl Pts',(5.17144630029149,-0.1,0.650424553478128));
#13384=CARTESIAN_POINT('',(5.81083044239201,0.,0.840051789538356));
#13385=CARTESIAN_POINT('Origin',(7.29381267311946,0.,0.840051789538356));
#13386=CARTESIAN_POINT('',(7.29381267311946,0.,0.840051789538356));
#13387=CARTESIAN_POINT('',(3.64690633655973,0.,0.840051789538356));
#13388=CARTESIAN_POINT('',(7.29381267311946,-0.1,0.840051789538356));
#13389=CARTESIAN_POINT('',(5.81083044239201,-0.1,0.840051789538356));
#13390=CARTESIAN_POINT('',(7.29381267311946,0.,0.840051789538356));
#13391=CARTESIAN_POINT('Origin',(7.29381267311946,0.,0.460797317417896));
#13392=CARTESIAN_POINT('',(7.29381267311946,0.,0.460797317417896));
#13393=CARTESIAN_POINT('',(7.29381267311946,0.,0.230398658708947));
#13394=CARTESIAN_POINT('',(7.29381267311946,-0.1,0.460797317417896));
#13395=CARTESIAN_POINT('',(7.29381267311946,-0.1,0.840051789538356));
#13396=CARTESIAN_POINT('',(7.29381267311946,0.,0.460797317417896));
#13397=CARTESIAN_POINT('Origin',(5.99073320480813,0.,0.460797317417896));
#13398=CARTESIAN_POINT('',(2.99536660240407,0.,0.460797317417896));
#13399=CARTESIAN_POINT('',(7.29381267311946,-0.1,0.460797317417896));
#13400=CARTESIAN_POINT('Origin',(6.12922890992925,-0.1,-0.690241938665875));
#13401=CARTESIAN_POINT('Ctrl Pts',(7.02395852949528,0.,-4.77826285834873));
#13402=CARTESIAN_POINT('Ctrl Pts',(7.02395852949528,-0.1,-4.77826285834873));
#13403=CARTESIAN_POINT('Ctrl Pts',(7.02395852949528,0.,-4.61294680639879));
#13404=CARTESIAN_POINT('Ctrl Pts',(7.02395852949528,-0.1,-4.61294680639879));
#13405=CARTESIAN_POINT('Ctrl Pts',(6.86593583277843,0.,-4.39657726781724));
#13406=CARTESIAN_POINT('Ctrl Pts',(6.86593583277843,-0.1,-4.39657726781724));
#13407=CARTESIAN_POINT('Ctrl Pts',(6.70791313606157,0.,-4.33579930754152));
#13408=CARTESIAN_POINT('Ctrl Pts',(6.70791313606157,-0.1,-4.33579930754152));
#13409=CARTESIAN_POINT('',(7.02395852949528,0.,-4.77826285834873));
#13410=CARTESIAN_POINT('',(6.70791313606157,0.,-4.33579930754152));
#13411=CARTESIAN_POINT('Ctrl Pts',(7.02395852949528,0.,-4.77826285834873));
#13412=CARTESIAN_POINT('Ctrl Pts',(7.02395852949528,0.,-4.61294680639879));
#13413=CARTESIAN_POINT('Ctrl Pts',(6.86593583277843,0.,-4.39657726781724));
#13414=CARTESIAN_POINT('Ctrl Pts',(6.70791313606157,0.,-4.33579930754152));
#13415=CARTESIAN_POINT('',(7.02395852949528,-0.1,-4.77826285834873));
#13416=CARTESIAN_POINT('',(7.02395852949528,0.,-4.77826285834873));
#13417=CARTESIAN_POINT('',(6.70791313606157,-0.1,-4.33579930754152));
#13418=CARTESIAN_POINT('Ctrl Pts',(6.70791313606157,-0.1,-4.33579930754152));
#13419=CARTESIAN_POINT('Ctrl Pts',(6.86593583277843,-0.1,-4.39657726781724));
#13420=CARTESIAN_POINT('Ctrl Pts',(7.02395852949528,-0.1,-4.61294680639879));
#13421=CARTESIAN_POINT('Ctrl Pts',(7.02395852949528,-0.1,-4.77826285834873));
#13422=CARTESIAN_POINT('',(6.70791313606157,0.,-4.33579930754152));
#13423=CARTESIAN_POINT('Ctrl Pts',(6.70061978082848,0.,-5.22801976438902));
#13424=CARTESIAN_POINT('Ctrl Pts',(6.70061978082848,-0.1,-5.22801976438902));
#13425=CARTESIAN_POINT('Ctrl Pts',(6.85621135913431,0.,-5.16967292252434));
#13426=CARTESIAN_POINT('Ctrl Pts',(6.85621135913431,-0.1,-5.16967292252434));
#13427=CARTESIAN_POINT('Ctrl Pts',(7.02395852949528,0.,-4.95330338394279));
#13428=CARTESIAN_POINT('Ctrl Pts',(7.02395852949528,-0.1,-4.95330338394279));
#13429=CARTESIAN_POINT('Ctrl Pts',(7.02395852949528,0.,-4.77826285834873));
#13430=CARTESIAN_POINT('Ctrl Pts',(7.02395852949528,-0.1,-4.77826285834873));
#13431=CARTESIAN_POINT('',(6.70061978082848,0.,-5.22801976438902));
#13432=CARTESIAN_POINT('Ctrl Pts',(6.70061978082848,0.,-5.22801976438902));
#13433=CARTESIAN_POINT('Ctrl Pts',(6.85621135913431,0.,-5.16967292252434));
#13434=CARTESIAN_POINT('Ctrl Pts',(7.02395852949528,0.,-4.95330338394279));
#13435=CARTESIAN_POINT('Ctrl Pts',(7.02395852949528,0.,-4.77826285834873));
#13436=CARTESIAN_POINT('',(6.70061978082848,-0.1,-5.22801976438902));
#13437=CARTESIAN_POINT('',(6.70061978082848,0.,-5.22801976438902));
#13438=CARTESIAN_POINT('Ctrl Pts',(7.02395852949528,-0.1,-4.77826285834873));
#13439=CARTESIAN_POINT('Ctrl Pts',(7.02395852949528,-0.1,-4.95330338394279));
#13440=CARTESIAN_POINT('Ctrl Pts',(6.85621135913431,-0.1,-5.16967292252434));
#13441=CARTESIAN_POINT('Ctrl Pts',(6.70061978082848,-0.1,-5.22801976438902));
#13442=CARTESIAN_POINT('Ctrl Pts',(5.79624373192584,0.,-5.33012673765222));
#13443=CARTESIAN_POINT('Ctrl Pts',(5.79624373192584,-0.1,-5.33012673765222));
#13444=CARTESIAN_POINT('Ctrl Pts',(6.11228912535956,0.,-5.33012673765222));
#13445=CARTESIAN_POINT('Ctrl Pts',(6.11228912535956,-0.1,-5.33012673765222));
#13446=CARTESIAN_POINT('Ctrl Pts',(6.53530372887853,0.,-5.29122884307577));
#13447=CARTESIAN_POINT('Ctrl Pts',(6.53530372887853,-0.1,-5.29122884307577));
#13448=CARTESIAN_POINT('Ctrl Pts',(6.70061978082848,0.,-5.22801976438902));
#13449=CARTESIAN_POINT('Ctrl Pts',(6.70061978082848,-0.1,-5.22801976438902));
#13450=CARTESIAN_POINT('',(5.79624373192584,0.,-5.33012673765222));
#13451=CARTESIAN_POINT('Ctrl Pts',(5.79624373192584,0.,-5.33012673765222));
#13452=CARTESIAN_POINT('Ctrl Pts',(6.11228912535956,0.,-5.33012673765222));
#13453=CARTESIAN_POINT('Ctrl Pts',(6.53530372887853,0.,-5.29122884307577));
#13454=CARTESIAN_POINT('Ctrl Pts',(6.70061978082848,0.,-5.22801976438902));
#13455=CARTESIAN_POINT('',(5.79624373192584,-0.1,-5.33012673765222));
#13456=CARTESIAN_POINT('',(5.79624373192584,0.,-5.33012673765222));
#13457=CARTESIAN_POINT('Ctrl Pts',(6.70061978082848,-0.1,-5.22801976438902));
#13458=CARTESIAN_POINT('Ctrl Pts',(6.53530372887853,-0.1,-5.29122884307577));
#13459=CARTESIAN_POINT('Ctrl Pts',(6.11228912535956,-0.1,-5.33012673765222));
#13460=CARTESIAN_POINT('Ctrl Pts',(5.79624373192584,-0.1,-5.33012673765222));
#13461=CARTESIAN_POINT('Ctrl Pts',(4.88214320937909,0.,-5.22558864597799));
#13462=CARTESIAN_POINT('Ctrl Pts',(4.88214320937909,-0.1,-5.22558864597799));
#13463=CARTESIAN_POINT('Ctrl Pts',(5.03530366927389,0.,-5.28636660625371));
#13464=CARTESIAN_POINT('Ctrl Pts',(5.03530366927389,-0.1,-5.28636660625371));
#13465=CARTESIAN_POINT('Ctrl Pts',(5.50207840419138,0.,-5.33012673765222));
#13466=CARTESIAN_POINT('Ctrl Pts',(5.50207840419138,-0.1,-5.33012673765222));
#13467=CARTESIAN_POINT('Ctrl Pts',(5.79624373192584,0.,-5.33012673765222));
#13468=CARTESIAN_POINT('Ctrl Pts',(5.79624373192584,-0.1,-5.33012673765222));
#13469=CARTESIAN_POINT('',(4.88214320937909,0.,-5.22558864597799));
#13470=CARTESIAN_POINT('Ctrl Pts',(4.88214320937909,0.,-5.22558864597799));
#13471=CARTESIAN_POINT('Ctrl Pts',(5.03530366927389,0.,-5.28636660625371));
#13472=CARTESIAN_POINT('Ctrl Pts',(5.50207840419138,0.,-5.33012673765222));
#13473=CARTESIAN_POINT('Ctrl Pts',(5.79624373192584,0.,-5.33012673765222));
#13474=CARTESIAN_POINT('',(4.88214320937909,-0.1,-5.22558864597799));
#13475=CARTESIAN_POINT('',(4.88214320937909,0.,-5.22558864597799));
#13476=CARTESIAN_POINT('Ctrl Pts',(5.79624373192584,-0.1,-5.33012673765222));
#13477=CARTESIAN_POINT('Ctrl Pts',(5.50207840419138,-0.1,-5.33012673765222));
#13478=CARTESIAN_POINT('Ctrl Pts',(5.03530366927389,-0.1,-5.28636660625371));
#13479=CARTESIAN_POINT('Ctrl Pts',(4.88214320937909,-0.1,-5.22558864597799));
#13480=CARTESIAN_POINT('Ctrl Pts',(4.56609781594537,0.,-4.77826285834873));
#13481=CARTESIAN_POINT('Ctrl Pts',(4.56609781594537,-0.1,-4.77826285834873));
#13482=CARTESIAN_POINT('Ctrl Pts',(4.56609781594537,0.,-4.9460100287097));
#13483=CARTESIAN_POINT('Ctrl Pts',(4.56609781594537,-0.1,-4.9460100287097));
#13484=CARTESIAN_POINT('Ctrl Pts',(4.72412051266223,0.,-5.16237956729125));
#13485=CARTESIAN_POINT('Ctrl Pts',(4.72412051266223,-0.1,-5.16237956729125));
#13486=CARTESIAN_POINT('Ctrl Pts',(4.88214320937909,0.,-5.22558864597799));
#13487=CARTESIAN_POINT('Ctrl Pts',(4.88214320937909,-0.1,-5.22558864597799));
#13488=CARTESIAN_POINT('',(4.56609781594537,0.,-4.77826285834873));
#13489=CARTESIAN_POINT('Ctrl Pts',(4.56609781594537,0.,-4.77826285834873));
#13490=CARTESIAN_POINT('Ctrl Pts',(4.56609781594537,0.,-4.9460100287097));
#13491=CARTESIAN_POINT('Ctrl Pts',(4.72412051266223,0.,-5.16237956729125));
#13492=CARTESIAN_POINT('Ctrl Pts',(4.88214320937909,0.,-5.22558864597799));
#13493=CARTESIAN_POINT('',(4.56609781594537,-0.1,-4.77826285834873));
#13494=CARTESIAN_POINT('',(4.56609781594537,0.,-4.77826285834873));
#13495=CARTESIAN_POINT('Ctrl Pts',(4.88214320937909,-0.1,-5.22558864597799));
#13496=CARTESIAN_POINT('Ctrl Pts',(4.72412051266223,-0.1,-5.16237956729125));
#13497=CARTESIAN_POINT('Ctrl Pts',(4.56609781594537,-0.1,-4.9460100287097));
#13498=CARTESIAN_POINT('Ctrl Pts',(4.56609781594537,-0.1,-4.77826285834873));
#13499=CARTESIAN_POINT('Ctrl Pts',(4.87728097255703,0.,-4.33823042595255));
#13500=CARTESIAN_POINT('Ctrl Pts',(4.87728097255703,-0.1,-4.33823042595255));
#13501=CARTESIAN_POINT('Ctrl Pts',(4.72412051266223,0.,-4.39900838622827));
#13502=CARTESIAN_POINT('Ctrl Pts',(4.72412051266223,-0.1,-4.39900838622827));
#13503=CARTESIAN_POINT('Ctrl Pts',(4.56609781594537,0.,-4.61051568798776));
#13504=CARTESIAN_POINT('Ctrl Pts',(4.56609781594537,-0.1,-4.61051568798776));
#13505=CARTESIAN_POINT('Ctrl Pts',(4.56609781594537,0.,-4.77826285834873));
#13506=CARTESIAN_POINT('Ctrl Pts',(4.56609781594537,-0.1,-4.77826285834873));
#13507=CARTESIAN_POINT('',(4.87728097255703,0.,-4.33823042595255));
#13508=CARTESIAN_POINT('Ctrl Pts',(4.87728097255703,0.,-4.33823042595255));
#13509=CARTESIAN_POINT('Ctrl Pts',(4.72412051266223,0.,-4.39900838622827));
#13510=CARTESIAN_POINT('Ctrl Pts',(4.56609781594537,0.,-4.61051568798776));
#13511=CARTESIAN_POINT('Ctrl Pts',(4.56609781594537,0.,-4.77826285834873));
#13512=CARTESIAN_POINT('',(4.87728097255703,-0.1,-4.33823042595255));
#13513=CARTESIAN_POINT('',(4.87728097255703,0.,-4.33823042595255));
#13514=CARTESIAN_POINT('Ctrl Pts',(4.56609781594537,-0.1,-4.77826285834873));
#13515=CARTESIAN_POINT('Ctrl Pts',(4.56609781594537,-0.1,-4.61051568798776));
#13516=CARTESIAN_POINT('Ctrl Pts',(4.72412051266223,-0.1,-4.39900838622827));
#13517=CARTESIAN_POINT('Ctrl Pts',(4.87728097255703,-0.1,-4.33823042595255));
#13518=CARTESIAN_POINT('Ctrl Pts',(5.79381261351481,0.,-4.22883009745627));
#13519=CARTESIAN_POINT('Ctrl Pts',(5.79381261351481,-0.1,-4.22883009745627));
#13520=CARTESIAN_POINT('Ctrl Pts',(5.48506057531418,0.,-4.22883009745627));
#13521=CARTESIAN_POINT('Ctrl Pts',(5.48506057531418,-0.1,-4.22883009745627));
#13522=CARTESIAN_POINT('Ctrl Pts',(5.03044143245183,0.,-4.27745246567684));
#13523=CARTESIAN_POINT('Ctrl Pts',(5.03044143245183,-0.1,-4.27745246567684));
#13524=CARTESIAN_POINT('Ctrl Pts',(4.87728097255703,0.,-4.33823042595255));
#13525=CARTESIAN_POINT('Ctrl Pts',(4.87728097255703,-0.1,-4.33823042595255));
#13526=CARTESIAN_POINT('',(5.79381261351481,0.,-4.22883009745627));
#13527=CARTESIAN_POINT('Ctrl Pts',(5.79381261351481,0.,-4.22883009745627));
#13528=CARTESIAN_POINT('Ctrl Pts',(5.48506057531418,0.,-4.22883009745627));
#13529=CARTESIAN_POINT('Ctrl Pts',(5.03044143245183,0.,-4.27745246567684));
#13530=CARTESIAN_POINT('Ctrl Pts',(4.87728097255703,0.,-4.33823042595255));
#13531=CARTESIAN_POINT('',(5.79381261351481,-0.1,-4.22883009745627));
#13532=CARTESIAN_POINT('',(5.79381261351481,0.,-4.22883009745627));
#13533=CARTESIAN_POINT('Ctrl Pts',(4.87728097255703,-0.1,-4.33823042595255));
#13534=CARTESIAN_POINT('Ctrl Pts',(5.03044143245183,-0.1,-4.27745246567684));
#13535=CARTESIAN_POINT('Ctrl Pts',(5.48506057531418,-0.1,-4.22883009745627));
#13536=CARTESIAN_POINT('Ctrl Pts',(5.79381261351481,-0.1,-4.22883009745627));
#13537=CARTESIAN_POINT('Ctrl Pts',(6.70791313606157,0.,-4.33579930754152));
#13538=CARTESIAN_POINT('Ctrl Pts',(6.70791313606157,-0.1,-4.33579930754152));
#13539=CARTESIAN_POINT('Ctrl Pts',(6.55961491298882,0.,-4.27745246567684));
#13540=CARTESIAN_POINT('Ctrl Pts',(6.55961491298882,-0.1,-4.27745246567684));
#13541=CARTESIAN_POINT('Ctrl Pts',(6.10256465171545,0.,-4.22883009745627));
#13542=CARTESIAN_POINT('Ctrl Pts',(6.10256465171545,-0.1,-4.22883009745627));
#13543=CARTESIAN_POINT('Ctrl Pts',(5.79381261351481,0.,-4.22883009745627));
#13544=CARTESIAN_POINT('Ctrl Pts',(5.79381261351481,-0.1,-4.22883009745627));
#13545=CARTESIAN_POINT('Ctrl Pts',(6.70791313606157,0.,-4.33579930754152));
#13546=CARTESIAN_POINT('Ctrl Pts',(6.55961491298882,0.,-4.27745246567684));
#13547=CARTESIAN_POINT('Ctrl Pts',(6.10256465171545,0.,-4.22883009745627));
#13548=CARTESIAN_POINT('Ctrl Pts',(5.79381261351481,0.,-4.22883009745627));
#13549=CARTESIAN_POINT('Ctrl Pts',(5.79381261351481,-0.1,-4.22883009745627));
#13550=CARTESIAN_POINT('Ctrl Pts',(6.10256465171545,-0.1,-4.22883009745627));
#13551=CARTESIAN_POINT('Ctrl Pts',(6.55961491298882,-0.1,-4.27745246567684));
#13552=CARTESIAN_POINT('Ctrl Pts',(6.70791313606157,-0.1,-4.33579930754152));
#13553=CARTESIAN_POINT('Ctrl Pts',(5.79624373192584,0.,-5.73855463070503));
#13554=CARTESIAN_POINT('Ctrl Pts',(5.79624373192584,-0.1,-5.73855463070503));
#13555=CARTESIAN_POINT('Ctrl Pts',(6.58635721551013,0.,-5.73855463070503));
#13556=CARTESIAN_POINT('Ctrl Pts',(6.58635721551013,-0.1,-5.73855463070503));
#13557=CARTESIAN_POINT('Ctrl Pts',(7.3570217518062,0.,-5.27421101419856));
#13558=CARTESIAN_POINT('Ctrl Pts',(7.3570217518062,-0.1,-5.27421101419856));
#13559=CARTESIAN_POINT('Ctrl Pts',(7.3570217518062,0.,-4.77826285834873));
#13560=CARTESIAN_POINT('Ctrl Pts',(7.3570217518062,-0.1,-4.77826285834873));
#13561=CARTESIAN_POINT('',(7.3570217518062,0.,-4.77826285834873));
#13562=CARTESIAN_POINT('',(5.79624373192584,0.,-5.73855463070503));
#13563=CARTESIAN_POINT('Ctrl Pts',(7.3570217518062,0.,-4.77826285834873));
#13564=CARTESIAN_POINT('Ctrl Pts',(7.3570217518062,0.,-5.27421101419856));
#13565=CARTESIAN_POINT('Ctrl Pts',(6.58635721551013,0.,-5.73855463070503));
#13566=CARTESIAN_POINT('Ctrl Pts',(5.79624373192584,0.,-5.73855463070503));
#13567=CARTESIAN_POINT('',(7.3570217518062,-0.1,-4.77826285834873));
#13568=CARTESIAN_POINT('',(7.3570217518062,0.,-4.77826285834873));
#13569=CARTESIAN_POINT('',(5.79624373192584,-0.1,-5.73855463070503));
#13570=CARTESIAN_POINT('Ctrl Pts',(5.79624373192584,-0.1,-5.73855463070503));
#13571=CARTESIAN_POINT('Ctrl Pts',(6.58635721551013,-0.1,-5.73855463070503));
#13572=CARTESIAN_POINT('Ctrl Pts',(7.3570217518062,-0.1,-5.27421101419856));
#13573=CARTESIAN_POINT('Ctrl Pts',(7.3570217518062,-0.1,-4.77826285834873));
#13574=CARTESIAN_POINT('',(5.79624373192584,0.,-5.73855463070503));
#13575=CARTESIAN_POINT('Ctrl Pts',(4.23303459363445,0.,-4.77826285834873));
#13576=CARTESIAN_POINT('Ctrl Pts',(4.23303459363445,-0.1,-4.77826285834873));
#13577=CARTESIAN_POINT('Ctrl Pts',(4.23303459363445,0.,-5.26934877737651));
#13578=CARTESIAN_POINT('Ctrl Pts',(4.23303459363445,-0.1,-5.26934877737651));
#13579=CARTESIAN_POINT('Ctrl Pts',(4.98425018264229,0.,-5.73855463070503));
#13580=CARTESIAN_POINT('Ctrl Pts',(4.98425018264229,-0.1,-5.73855463070503));
#13581=CARTESIAN_POINT('Ctrl Pts',(5.79624373192584,0.,-5.73855463070503));
#13582=CARTESIAN_POINT('Ctrl Pts',(5.79624373192584,-0.1,-5.73855463070503));
#13583=CARTESIAN_POINT('',(4.23303459363445,0.,-4.77826285834873));
#13584=CARTESIAN_POINT('Ctrl Pts',(5.79624373192584,0.,-5.73855463070503));
#13585=CARTESIAN_POINT('Ctrl Pts',(4.98425018264229,0.,-5.73855463070503));
#13586=CARTESIAN_POINT('Ctrl Pts',(4.23303459363445,0.,-5.26934877737651));
#13587=CARTESIAN_POINT('Ctrl Pts',(4.23303459363445,0.,-4.77826285834873));
#13588=CARTESIAN_POINT('',(4.23303459363445,-0.1,-4.77826285834873));
#13589=CARTESIAN_POINT('Ctrl Pts',(4.23303459363445,-0.1,-4.77826285834873));
#13590=CARTESIAN_POINT('Ctrl Pts',(4.23303459363445,-0.1,-5.26934877737651));
#13591=CARTESIAN_POINT('Ctrl Pts',(4.98425018264229,-0.1,-5.73855463070503));
#13592=CARTESIAN_POINT('Ctrl Pts',(5.79624373192584,-0.1,-5.73855463070503));
#13593=CARTESIAN_POINT('',(4.23303459363445,0.,-4.77826285834873));
#13594=CARTESIAN_POINT('Ctrl Pts',(5.79381261351481,0.,-3.82040220440346));
#13595=CARTESIAN_POINT('Ctrl Pts',(5.79381261351481,-0.1,-3.82040220440346));
#13596=CARTESIAN_POINT('Ctrl Pts',(5.0109924851636,0.,-3.82040220440346));
#13597=CARTESIAN_POINT('Ctrl Pts',(5.0109924851636,-0.1,-3.82040220440346));
#13598=CARTESIAN_POINT('Ctrl Pts',(4.23303459363445,0.,-4.28474582090992));
#13599=CARTESIAN_POINT('Ctrl Pts',(4.23303459363445,-0.1,-4.28474582090992));
#13600=CARTESIAN_POINT('Ctrl Pts',(4.23303459363445,0.,-4.77826285834873));
#13601=CARTESIAN_POINT('Ctrl Pts',(4.23303459363445,-0.1,-4.77826285834873));
#13602=CARTESIAN_POINT('',(5.79381261351481,0.,-3.82040220440346));
#13603=CARTESIAN_POINT('Ctrl Pts',(4.23303459363445,0.,-4.77826285834873));
#13604=CARTESIAN_POINT('Ctrl Pts',(4.23303459363445,0.,-4.28474582090992));
#13605=CARTESIAN_POINT('Ctrl Pts',(5.0109924851636,0.,-3.82040220440346));
#13606=CARTESIAN_POINT('Ctrl Pts',(5.79381261351481,0.,-3.82040220440346));
#13607=CARTESIAN_POINT('',(5.79381261351481,-0.1,-3.82040220440346));
#13608=CARTESIAN_POINT('Ctrl Pts',(5.79381261351481,-0.1,-3.82040220440346));
#13609=CARTESIAN_POINT('Ctrl Pts',(5.0109924851636,-0.1,-3.82040220440346));
#13610=CARTESIAN_POINT('Ctrl Pts',(4.23303459363445,-0.1,-4.28474582090992));
#13611=CARTESIAN_POINT('Ctrl Pts',(4.23303459363445,-0.1,-4.77826285834873));
#13612=CARTESIAN_POINT('',(5.79381261351481,0.,-3.82040220440346));
#13613=CARTESIAN_POINT('Ctrl Pts',(7.3570217518062,0.,-4.77826285834873));
#13614=CARTESIAN_POINT('Ctrl Pts',(7.3570217518062,-0.1,-4.77826285834873));
#13615=CARTESIAN_POINT('Ctrl Pts',(7.3570217518062,0.,-4.28960805773198));
#13616=CARTESIAN_POINT('Ctrl Pts',(7.3570217518062,-0.1,-4.28960805773198));
#13617=CARTESIAN_POINT('Ctrl Pts',(6.60094392597631,0.,-3.82040220440346));
#13618=CARTESIAN_POINT('Ctrl Pts',(6.60094392597631,-0.1,-3.82040220440346));
#13619=CARTESIAN_POINT('Ctrl Pts',(5.79381261351481,0.,-3.82040220440346));
#13620=CARTESIAN_POINT('Ctrl Pts',(5.79381261351481,-0.1,-3.82040220440346));
#13621=CARTESIAN_POINT('Ctrl Pts',(5.79381261351481,0.,-3.82040220440346));
#13622=CARTESIAN_POINT('Ctrl Pts',(6.60094392597631,0.,-3.82040220440346));
#13623=CARTESIAN_POINT('Ctrl Pts',(7.3570217518062,0.,-4.28960805773198));
#13624=CARTESIAN_POINT('Ctrl Pts',(7.3570217518062,0.,-4.77826285834873));
#13625=CARTESIAN_POINT('Ctrl Pts',(7.3570217518062,-0.1,-4.77826285834873));
#13626=CARTESIAN_POINT('Ctrl Pts',(7.3570217518062,-0.1,-4.28960805773198));
#13627=CARTESIAN_POINT('Ctrl Pts',(6.60094392597631,-0.1,-3.82040220440346));
#13628=CARTESIAN_POINT('Ctrl Pts',(5.79381261351481,-0.1,-3.82040220440346));
#13629=CARTESIAN_POINT('Origin',(5.79512741402733,-0.1,-4.77993608433158));
#13630=CARTESIAN_POINT('Ctrl Pts',(7.02395852949528,0.,-7.02947850696121));
#13631=CARTESIAN_POINT('Ctrl Pts',(7.02395852949528,-0.1,-7.02947850696121));
#13632=CARTESIAN_POINT('Ctrl Pts',(7.02395852949528,0.,-6.86416245501127));
#13633=CARTESIAN_POINT('Ctrl Pts',(7.02395852949528,-0.1,-6.86416245501127));
#13634=CARTESIAN_POINT('Ctrl Pts',(6.86593583277842,0.,-6.64779291642972));
#13635=CARTESIAN_POINT('Ctrl Pts',(6.86593583277842,-0.1,-6.64779291642972));
#13636=CARTESIAN_POINT('Ctrl Pts',(6.70791313606156,0.,-6.58701495615401));
#13637=CARTESIAN_POINT('Ctrl Pts',(6.70791313606156,-0.1,-6.58701495615401));
#13638=CARTESIAN_POINT('',(7.02395852949528,0.,-7.02947850696121));
#13639=CARTESIAN_POINT('',(6.70791313606156,0.,-6.58701495615401));
#13640=CARTESIAN_POINT('Ctrl Pts',(7.02395852949528,0.,-7.02947850696121));
#13641=CARTESIAN_POINT('Ctrl Pts',(7.02395852949528,0.,-6.86416245501127));
#13642=CARTESIAN_POINT('Ctrl Pts',(6.86593583277842,0.,-6.64779291642972));
#13643=CARTESIAN_POINT('Ctrl Pts',(6.70791313606156,0.,-6.58701495615401));
#13644=CARTESIAN_POINT('',(7.02395852949528,-0.1,-7.02947850696121));
#13645=CARTESIAN_POINT('',(7.02395852949528,0.,-7.02947850696121));
#13646=CARTESIAN_POINT('',(6.70791313606156,-0.1,-6.58701495615401));
#13647=CARTESIAN_POINT('Ctrl Pts',(6.70791313606156,-0.1,-6.58701495615401));
#13648=CARTESIAN_POINT('Ctrl Pts',(6.86593583277842,-0.1,-6.64779291642972));
#13649=CARTESIAN_POINT('Ctrl Pts',(7.02395852949528,-0.1,-6.86416245501127));
#13650=CARTESIAN_POINT('Ctrl Pts',(7.02395852949528,-0.1,-7.02947850696121));
#13651=CARTESIAN_POINT('',(6.70791313606156,0.,-6.58701495615401));
#13652=CARTESIAN_POINT('Ctrl Pts',(6.70061978082848,0.,-7.4792354130015));
#13653=CARTESIAN_POINT('Ctrl Pts',(6.70061978082848,-0.1,-7.4792354130015));
#13654=CARTESIAN_POINT('Ctrl Pts',(6.85621135913431,0.,-7.42088857113682));
#13655=CARTESIAN_POINT('Ctrl Pts',(6.85621135913431,-0.1,-7.42088857113682));
#13656=CARTESIAN_POINT('Ctrl Pts',(7.02395852949528,0.,-7.20451903255527));
#13657=CARTESIAN_POINT('Ctrl Pts',(7.02395852949528,-0.1,-7.20451903255527));
#13658=CARTESIAN_POINT('Ctrl Pts',(7.02395852949528,0.,-7.02947850696121));
#13659=CARTESIAN_POINT('Ctrl Pts',(7.02395852949528,-0.1,-7.02947850696121));
#13660=CARTESIAN_POINT('',(6.70061978082848,0.,-7.4792354130015));
#13661=CARTESIAN_POINT('Ctrl Pts',(6.70061978082848,0.,-7.4792354130015));
#13662=CARTESIAN_POINT('Ctrl Pts',(6.85621135913431,0.,-7.42088857113682));
#13663=CARTESIAN_POINT('Ctrl Pts',(7.02395852949528,0.,-7.20451903255527));
#13664=CARTESIAN_POINT('Ctrl Pts',(7.02395852949528,0.,-7.02947850696121));
#13665=CARTESIAN_POINT('',(6.70061978082848,-0.1,-7.4792354130015));
#13666=CARTESIAN_POINT('',(6.70061978082848,0.,-7.4792354130015));
#13667=CARTESIAN_POINT('Ctrl Pts',(7.02395852949528,-0.1,-7.02947850696121));
#13668=CARTESIAN_POINT('Ctrl Pts',(7.02395852949528,-0.1,-7.20451903255527));
#13669=CARTESIAN_POINT('Ctrl Pts',(6.85621135913431,-0.1,-7.42088857113682));
#13670=CARTESIAN_POINT('Ctrl Pts',(6.70061978082848,-0.1,-7.4792354130015));
#13671=CARTESIAN_POINT('Ctrl Pts',(5.79624373192584,0.,-7.5813423862647));
#13672=CARTESIAN_POINT('Ctrl Pts',(5.79624373192584,-0.1,-7.5813423862647));
#13673=CARTESIAN_POINT('Ctrl Pts',(6.11228912535956,0.,-7.5813423862647));
#13674=CARTESIAN_POINT('Ctrl Pts',(6.11228912535956,-0.1,-7.5813423862647));
#13675=CARTESIAN_POINT('Ctrl Pts',(6.53530372887853,0.,-7.54244449168825));
#13676=CARTESIAN_POINT('Ctrl Pts',(6.53530372887853,-0.1,-7.54244449168825));
#13677=CARTESIAN_POINT('Ctrl Pts',(6.70061978082848,0.,-7.4792354130015));
#13678=CARTESIAN_POINT('Ctrl Pts',(6.70061978082848,-0.1,-7.4792354130015));
#13679=CARTESIAN_POINT('',(5.79624373192584,0.,-7.5813423862647));
#13680=CARTESIAN_POINT('Ctrl Pts',(5.79624373192584,0.,-7.5813423862647));
#13681=CARTESIAN_POINT('Ctrl Pts',(6.11228912535956,0.,-7.5813423862647));
#13682=CARTESIAN_POINT('Ctrl Pts',(6.53530372887853,0.,-7.54244449168825));
#13683=CARTESIAN_POINT('Ctrl Pts',(6.70061978082848,0.,-7.4792354130015));
#13684=CARTESIAN_POINT('',(5.79624373192584,-0.1,-7.5813423862647));
#13685=CARTESIAN_POINT('',(5.79624373192584,0.,-7.5813423862647));
#13686=CARTESIAN_POINT('Ctrl Pts',(6.70061978082848,-0.1,-7.4792354130015));
#13687=CARTESIAN_POINT('Ctrl Pts',(6.53530372887853,-0.1,-7.54244449168825));
#13688=CARTESIAN_POINT('Ctrl Pts',(6.11228912535956,-0.1,-7.5813423862647));
#13689=CARTESIAN_POINT('Ctrl Pts',(5.79624373192584,-0.1,-7.5813423862647));
#13690=CARTESIAN_POINT('Ctrl Pts',(4.88214320937909,0.,-7.47680429459048));
#13691=CARTESIAN_POINT('Ctrl Pts',(4.88214320937909,-0.1,-7.47680429459048));
#13692=CARTESIAN_POINT('Ctrl Pts',(5.03530366927389,0.,-7.53758225486619));
#13693=CARTESIAN_POINT('Ctrl Pts',(5.03530366927389,-0.1,-7.53758225486619));
#13694=CARTESIAN_POINT('Ctrl Pts',(5.50207840419138,0.,-7.5813423862647));
#13695=CARTESIAN_POINT('Ctrl Pts',(5.50207840419138,-0.1,-7.5813423862647));
#13696=CARTESIAN_POINT('Ctrl Pts',(5.79624373192584,0.,-7.5813423862647));
#13697=CARTESIAN_POINT('Ctrl Pts',(5.79624373192584,-0.1,-7.5813423862647));
#13698=CARTESIAN_POINT('',(4.88214320937909,0.,-7.47680429459048));
#13699=CARTESIAN_POINT('Ctrl Pts',(4.88214320937909,0.,-7.47680429459048));
#13700=CARTESIAN_POINT('Ctrl Pts',(5.03530366927389,0.,-7.53758225486619));
#13701=CARTESIAN_POINT('Ctrl Pts',(5.50207840419138,0.,-7.5813423862647));
#13702=CARTESIAN_POINT('Ctrl Pts',(5.79624373192584,0.,-7.5813423862647));
#13703=CARTESIAN_POINT('',(4.88214320937909,-0.1,-7.47680429459048));
#13704=CARTESIAN_POINT('',(4.88214320937909,0.,-7.47680429459048));
#13705=CARTESIAN_POINT('Ctrl Pts',(5.79624373192584,-0.1,-7.5813423862647));
#13706=CARTESIAN_POINT('Ctrl Pts',(5.50207840419138,-0.1,-7.5813423862647));
#13707=CARTESIAN_POINT('Ctrl Pts',(5.03530366927389,-0.1,-7.53758225486619));
#13708=CARTESIAN_POINT('Ctrl Pts',(4.88214320937909,-0.1,-7.47680429459048));
#13709=CARTESIAN_POINT('Ctrl Pts',(4.56609781594537,0.,-7.02947850696121));
#13710=CARTESIAN_POINT('Ctrl Pts',(4.56609781594537,-0.1,-7.02947850696121));
#13711=CARTESIAN_POINT('Ctrl Pts',(4.56609781594537,0.,-7.19722567732219));
#13712=CARTESIAN_POINT('Ctrl Pts',(4.56609781594537,-0.1,-7.19722567732219));
#13713=CARTESIAN_POINT('Ctrl Pts',(4.72412051266223,0.,-7.41359521590373));
#13714=CARTESIAN_POINT('Ctrl Pts',(4.72412051266223,-0.1,-7.41359521590373));
#13715=CARTESIAN_POINT('Ctrl Pts',(4.88214320937909,0.,-7.47680429459048));
#13716=CARTESIAN_POINT('Ctrl Pts',(4.88214320937909,-0.1,-7.47680429459048));
#13717=CARTESIAN_POINT('',(4.56609781594537,0.,-7.02947850696121));
#13718=CARTESIAN_POINT('Ctrl Pts',(4.56609781594537,0.,-7.02947850696121));
#13719=CARTESIAN_POINT('Ctrl Pts',(4.56609781594537,0.,-7.19722567732219));
#13720=CARTESIAN_POINT('Ctrl Pts',(4.72412051266223,0.,-7.41359521590373));
#13721=CARTESIAN_POINT('Ctrl Pts',(4.88214320937909,0.,-7.47680429459048));
#13722=CARTESIAN_POINT('',(4.56609781594537,-0.1,-7.02947850696121));
#13723=CARTESIAN_POINT('',(4.56609781594537,0.,-7.02947850696121));
#13724=CARTESIAN_POINT('Ctrl Pts',(4.88214320937909,-0.1,-7.47680429459048));
#13725=CARTESIAN_POINT('Ctrl Pts',(4.72412051266223,-0.1,-7.41359521590373));
#13726=CARTESIAN_POINT('Ctrl Pts',(4.56609781594537,-0.1,-7.19722567732219));
#13727=CARTESIAN_POINT('Ctrl Pts',(4.56609781594537,-0.1,-7.02947850696121));
#13728=CARTESIAN_POINT('Ctrl Pts',(4.87728097255703,0.,-6.58944607456504));
#13729=CARTESIAN_POINT('Ctrl Pts',(4.87728097255703,-0.1,-6.58944607456504));
#13730=CARTESIAN_POINT('Ctrl Pts',(4.72412051266223,0.,-6.65022403484075));
#13731=CARTESIAN_POINT('Ctrl Pts',(4.72412051266223,-0.1,-6.65022403484075));
#13732=CARTESIAN_POINT('Ctrl Pts',(4.56609781594537,0.,-6.86173133660024));
#13733=CARTESIAN_POINT('Ctrl Pts',(4.56609781594537,-0.1,-6.86173133660024));
#13734=CARTESIAN_POINT('Ctrl Pts',(4.56609781594537,0.,-7.02947850696121));
#13735=CARTESIAN_POINT('Ctrl Pts',(4.56609781594537,-0.1,-7.02947850696121));
#13736=CARTESIAN_POINT('',(4.87728097255703,0.,-6.58944607456504));
#13737=CARTESIAN_POINT('Ctrl Pts',(4.87728097255703,0.,-6.58944607456504));
#13738=CARTESIAN_POINT('Ctrl Pts',(4.72412051266223,0.,-6.65022403484075));
#13739=CARTESIAN_POINT('Ctrl Pts',(4.56609781594537,0.,-6.86173133660024));
#13740=CARTESIAN_POINT('Ctrl Pts',(4.56609781594537,0.,-7.02947850696121));
#13741=CARTESIAN_POINT('',(4.87728097255703,-0.1,-6.58944607456504));
#13742=CARTESIAN_POINT('',(4.87728097255703,0.,-6.58944607456504));
#13743=CARTESIAN_POINT('Ctrl Pts',(4.56609781594537,-0.1,-7.02947850696121));
#13744=CARTESIAN_POINT('Ctrl Pts',(4.56609781594537,-0.1,-6.86173133660024));
#13745=CARTESIAN_POINT('Ctrl Pts',(4.72412051266223,-0.1,-6.65022403484075));
#13746=CARTESIAN_POINT('Ctrl Pts',(4.87728097255703,-0.1,-6.58944607456504));
#13747=CARTESIAN_POINT('Ctrl Pts',(5.79381261351481,0.,-6.48004574606875));
#13748=CARTESIAN_POINT('Ctrl Pts',(5.79381261351481,-0.1,-6.48004574606875));
#13749=CARTESIAN_POINT('Ctrl Pts',(5.48506057531418,0.,-6.48004574606875));
#13750=CARTESIAN_POINT('Ctrl Pts',(5.48506057531418,-0.1,-6.48004574606875));
#13751=CARTESIAN_POINT('Ctrl Pts',(5.03044143245183,0.,-6.52866811428932));
#13752=CARTESIAN_POINT('Ctrl Pts',(5.03044143245183,-0.1,-6.52866811428932));
#13753=CARTESIAN_POINT('Ctrl Pts',(4.87728097255703,0.,-6.58944607456504));
#13754=CARTESIAN_POINT('Ctrl Pts',(4.87728097255703,-0.1,-6.58944607456504));
#13755=CARTESIAN_POINT('',(5.79381261351481,0.,-6.48004574606875));
#13756=CARTESIAN_POINT('Ctrl Pts',(5.79381261351481,0.,-6.48004574606875));
#13757=CARTESIAN_POINT('Ctrl Pts',(5.48506057531418,0.,-6.48004574606875));
#13758=CARTESIAN_POINT('Ctrl Pts',(5.03044143245183,0.,-6.52866811428932));
#13759=CARTESIAN_POINT('Ctrl Pts',(4.87728097255703,0.,-6.58944607456504));
#13760=CARTESIAN_POINT('',(5.79381261351481,-0.1,-6.48004574606875));
#13761=CARTESIAN_POINT('',(5.79381261351481,0.,-6.48004574606875));
#13762=CARTESIAN_POINT('Ctrl Pts',(4.87728097255703,-0.1,-6.58944607456504));
#13763=CARTESIAN_POINT('Ctrl Pts',(5.03044143245183,-0.1,-6.52866811428932));
#13764=CARTESIAN_POINT('Ctrl Pts',(5.48506057531418,-0.1,-6.48004574606875));
#13765=CARTESIAN_POINT('Ctrl Pts',(5.79381261351481,-0.1,-6.48004574606875));
#13766=CARTESIAN_POINT('Ctrl Pts',(6.70791313606156,0.,-6.58701495615401));
#13767=CARTESIAN_POINT('Ctrl Pts',(6.70791313606156,-0.1,-6.58701495615401));
#13768=CARTESIAN_POINT('Ctrl Pts',(6.55961491298882,0.,-6.52866811428932));
#13769=CARTESIAN_POINT('Ctrl Pts',(6.55961491298882,-0.1,-6.52866811428932));
#13770=CARTESIAN_POINT('Ctrl Pts',(6.10256465171544,0.,-6.48004574606875));
#13771=CARTESIAN_POINT('Ctrl Pts',(6.10256465171544,-0.1,-6.48004574606875));
#13772=CARTESIAN_POINT('Ctrl Pts',(5.79381261351481,0.,-6.48004574606875));
#13773=CARTESIAN_POINT('Ctrl Pts',(5.79381261351481,-0.1,-6.48004574606875));
#13774=CARTESIAN_POINT('Ctrl Pts',(6.70791313606156,0.,-6.58701495615401));
#13775=CARTESIAN_POINT('Ctrl Pts',(6.55961491298882,0.,-6.52866811428932));
#13776=CARTESIAN_POINT('Ctrl Pts',(6.10256465171544,0.,-6.48004574606875));
#13777=CARTESIAN_POINT('Ctrl Pts',(5.79381261351481,0.,-6.48004574606875));
#13778=CARTESIAN_POINT('Ctrl Pts',(5.79381261351481,-0.1,-6.48004574606875));
#13779=CARTESIAN_POINT('Ctrl Pts',(6.10256465171544,-0.1,-6.48004574606875));
#13780=CARTESIAN_POINT('Ctrl Pts',(6.55961491298882,-0.1,-6.52866811428932));
#13781=CARTESIAN_POINT('Ctrl Pts',(6.70791313606156,-0.1,-6.58701495615401));
#13782=CARTESIAN_POINT('Ctrl Pts',(5.79624373192584,0.,-7.98977027931751));
#13783=CARTESIAN_POINT('Ctrl Pts',(5.79624373192584,-0.1,-7.98977027931751));
#13784=CARTESIAN_POINT('Ctrl Pts',(6.58635721551013,0.,-7.98977027931751));
#13785=CARTESIAN_POINT('Ctrl Pts',(6.58635721551013,-0.1,-7.98977027931751));
#13786=CARTESIAN_POINT('Ctrl Pts',(7.3570217518062,0.,-7.52542666281105));
#13787=CARTESIAN_POINT('Ctrl Pts',(7.3570217518062,-0.1,-7.52542666281105));
#13788=CARTESIAN_POINT('Ctrl Pts',(7.3570217518062,0.,-7.02947850696121));
#13789=CARTESIAN_POINT('Ctrl Pts',(7.3570217518062,-0.1,-7.02947850696121));
#13790=CARTESIAN_POINT('',(7.3570217518062,0.,-7.02947850696121));
#13791=CARTESIAN_POINT('',(5.79624373192584,0.,-7.98977027931751));
#13792=CARTESIAN_POINT('Ctrl Pts',(7.3570217518062,0.,-7.02947850696121));
#13793=CARTESIAN_POINT('Ctrl Pts',(7.3570217518062,0.,-7.52542666281105));
#13794=CARTESIAN_POINT('Ctrl Pts',(6.58635721551013,0.,-7.98977027931751));
#13795=CARTESIAN_POINT('Ctrl Pts',(5.79624373192584,0.,-7.98977027931751));
#13796=CARTESIAN_POINT('',(7.3570217518062,-0.1,-7.02947850696121));
#13797=CARTESIAN_POINT('',(7.3570217518062,0.,-7.02947850696121));
#13798=CARTESIAN_POINT('',(5.79624373192584,-0.1,-7.98977027931751));
#13799=CARTESIAN_POINT('Ctrl Pts',(5.79624373192584,-0.1,-7.98977027931751));
#13800=CARTESIAN_POINT('Ctrl Pts',(6.58635721551013,-0.1,-7.98977027931751));
#13801=CARTESIAN_POINT('Ctrl Pts',(7.3570217518062,-0.1,-7.52542666281105));
#13802=CARTESIAN_POINT('Ctrl Pts',(7.3570217518062,-0.1,-7.02947850696121));
#13803=CARTESIAN_POINT('',(5.79624373192584,0.,-7.98977027931751));
#13804=CARTESIAN_POINT('Ctrl Pts',(4.23303459363445,0.,-7.02947850696121));
#13805=CARTESIAN_POINT('Ctrl Pts',(4.23303459363445,-0.1,-7.02947850696121));
#13806=CARTESIAN_POINT('Ctrl Pts',(4.23303459363445,0.,-7.52056442598899));
#13807=CARTESIAN_POINT('Ctrl Pts',(4.23303459363445,-0.1,-7.52056442598899));
#13808=CARTESIAN_POINT('Ctrl Pts',(4.98425018264229,0.,-7.98977027931751));
#13809=CARTESIAN_POINT('Ctrl Pts',(4.98425018264229,-0.1,-7.98977027931751));
#13810=CARTESIAN_POINT('Ctrl Pts',(5.79624373192584,0.,-7.98977027931751));
#13811=CARTESIAN_POINT('Ctrl Pts',(5.79624373192584,-0.1,-7.98977027931751));
#13812=CARTESIAN_POINT('',(4.23303459363445,0.,-7.02947850696121));
#13813=CARTESIAN_POINT('Ctrl Pts',(5.79624373192584,0.,-7.98977027931751));
#13814=CARTESIAN_POINT('Ctrl Pts',(4.98425018264229,0.,-7.98977027931751));
#13815=CARTESIAN_POINT('Ctrl Pts',(4.23303459363445,0.,-7.52056442598899));
#13816=CARTESIAN_POINT('Ctrl Pts',(4.23303459363445,0.,-7.02947850696121));
#13817=CARTESIAN_POINT('',(4.23303459363445,-0.1,-7.02947850696121));
#13818=CARTESIAN_POINT('Ctrl Pts',(4.23303459363445,-0.1,-7.02947850696121));
#13819=CARTESIAN_POINT('Ctrl Pts',(4.23303459363445,-0.1,-7.52056442598899));
#13820=CARTESIAN_POINT('Ctrl Pts',(4.98425018264229,-0.1,-7.98977027931751));
#13821=CARTESIAN_POINT('Ctrl Pts',(5.79624373192584,-0.1,-7.98977027931751));
#13822=CARTESIAN_POINT('',(4.23303459363445,0.,-7.02947850696121));
#13823=CARTESIAN_POINT('Ctrl Pts',(5.79381261351481,0.,-6.07161785301594));
#13824=CARTESIAN_POINT('Ctrl Pts',(5.79381261351481,-0.1,-6.07161785301594));
#13825=CARTESIAN_POINT('Ctrl Pts',(5.0109924851636,0.,-6.07161785301594));
#13826=CARTESIAN_POINT('Ctrl Pts',(5.0109924851636,-0.1,-6.07161785301594));
#13827=CARTESIAN_POINT('Ctrl Pts',(4.23303459363445,0.,-6.53596146952241));
#13828=CARTESIAN_POINT('Ctrl Pts',(4.23303459363445,-0.1,-6.53596146952241));
#13829=CARTESIAN_POINT('Ctrl Pts',(4.23303459363445,0.,-7.02947850696121));
#13830=CARTESIAN_POINT('Ctrl Pts',(4.23303459363445,-0.1,-7.02947850696121));
#13831=CARTESIAN_POINT('',(5.79381261351481,0.,-6.07161785301594));
#13832=CARTESIAN_POINT('Ctrl Pts',(4.23303459363445,0.,-7.02947850696121));
#13833=CARTESIAN_POINT('Ctrl Pts',(4.23303459363445,0.,-6.53596146952241));
#13834=CARTESIAN_POINT('Ctrl Pts',(5.0109924851636,0.,-6.07161785301594));
#13835=CARTESIAN_POINT('Ctrl Pts',(5.79381261351481,0.,-6.07161785301594));
#13836=CARTESIAN_POINT('',(5.79381261351481,-0.1,-6.07161785301594));
#13837=CARTESIAN_POINT('Ctrl Pts',(5.79381261351481,-0.1,-6.07161785301594));
#13838=CARTESIAN_POINT('Ctrl Pts',(5.0109924851636,-0.1,-6.07161785301594));
#13839=CARTESIAN_POINT('Ctrl Pts',(4.23303459363445,-0.1,-6.53596146952241));
#13840=CARTESIAN_POINT('Ctrl Pts',(4.23303459363445,-0.1,-7.02947850696121));
#13841=CARTESIAN_POINT('',(5.79381261351481,0.,-6.07161785301594));
#13842=CARTESIAN_POINT('Ctrl Pts',(7.3570217518062,0.,-7.02947850696121));
#13843=CARTESIAN_POINT('Ctrl Pts',(7.3570217518062,-0.1,-7.02947850696121));
#13844=CARTESIAN_POINT('Ctrl Pts',(7.3570217518062,0.,-6.54082370634447));
#13845=CARTESIAN_POINT('Ctrl Pts',(7.3570217518062,-0.1,-6.54082370634447));
#13846=CARTESIAN_POINT('Ctrl Pts',(6.60094392597631,0.,-6.07161785301594));
#13847=CARTESIAN_POINT('Ctrl Pts',(6.60094392597631,-0.1,-6.07161785301594));
#13848=CARTESIAN_POINT('Ctrl Pts',(5.79381261351481,0.,-6.07161785301594));
#13849=CARTESIAN_POINT('Ctrl Pts',(5.79381261351481,-0.1,-6.07161785301594));
#13850=CARTESIAN_POINT('Ctrl Pts',(5.79381261351481,0.,-6.07161785301594));
#13851=CARTESIAN_POINT('Ctrl Pts',(6.60094392597631,0.,-6.07161785301594));
#13852=CARTESIAN_POINT('Ctrl Pts',(7.3570217518062,0.,-6.54082370634447));
#13853=CARTESIAN_POINT('Ctrl Pts',(7.3570217518062,0.,-7.02947850696121));
#13854=CARTESIAN_POINT('Ctrl Pts',(7.3570217518062,-0.1,-7.02947850696121));
#13855=CARTESIAN_POINT('Ctrl Pts',(7.3570217518062,-0.1,-6.54082370634447));
#13856=CARTESIAN_POINT('Ctrl Pts',(6.60094392597631,-0.1,-6.07161785301594));
#13857=CARTESIAN_POINT('Ctrl Pts',(5.79381261351481,-0.1,-6.07161785301594));
#13858=CARTESIAN_POINT('Origin',(5.79512741402733,-0.1,-7.03115173294406));
#13859=CARTESIAN_POINT('Origin',(6.98749175332985,0.,-12.2053296040411));
#13860=CARTESIAN_POINT('',(7.29381267311946,0.,-12.2053296040411));
#13861=CARTESIAN_POINT('',(6.98749175332985,0.,-12.2053296040411));
#13862=CARTESIAN_POINT('',(3.49374587666488,0.,-12.2053296040411));
#13863=CARTESIAN_POINT('',(7.29381267311946,-0.1,-12.2053296040411));
#13864=CARTESIAN_POINT('',(7.29381267311946,0.,-12.2053296040411));
#13865=CARTESIAN_POINT('',(6.98749175332985,-0.1,-12.2053296040411));
#13866=CARTESIAN_POINT('',(7.29381267311946,-0.1,-12.2053296040411));
#13867=CARTESIAN_POINT('',(6.98749175332985,0.,-12.2053296040411));
#13868=CARTESIAN_POINT('Origin',(6.98749175332985,0.,-11.6607590799707));
#13869=CARTESIAN_POINT('',(6.98749175332985,0.,-11.6607590799707));
#13870=CARTESIAN_POINT('',(6.98749175332985,0.,-5.83037953998535));
#13871=CARTESIAN_POINT('',(6.98749175332985,-0.1,-11.6607590799707));
#13872=CARTESIAN_POINT('',(6.98749175332985,-0.1,-12.2053296040411));
#13873=CARTESIAN_POINT('',(6.98749175332985,0.,-11.6607590799707));
#13874=CARTESIAN_POINT('Origin',(4.9769568274092,0.,-11.6607590799707));
#13875=CARTESIAN_POINT('',(4.9769568274092,0.,-11.6607590799707));
#13876=CARTESIAN_POINT('',(2.4884784137046,0.,-11.6607590799707));
#13877=CARTESIAN_POINT('',(4.9769568274092,-0.1,-11.6607590799707));
#13878=CARTESIAN_POINT('',(6.98749175332985,-0.1,-11.6607590799707));
#13879=CARTESIAN_POINT('',(4.9769568274092,0.,-11.6607590799707));
#13880=CARTESIAN_POINT('Origin',(4.9769568274092,0.,-12.2053296040411));
#13881=CARTESIAN_POINT('',(4.9769568274092,0.,-12.2053296040411));
#13882=CARTESIAN_POINT('',(4.9769568274092,0.,-6.10266480202055));
#13883=CARTESIAN_POINT('',(4.9769568274092,-0.1,-12.2053296040411));
#13884=CARTESIAN_POINT('',(4.9769568274092,-0.1,-11.6607590799707));
#13885=CARTESIAN_POINT('',(4.9769568274092,0.,-12.2053296040411));
#13886=CARTESIAN_POINT('Origin',(4.70224044696297,0.,-12.2053296040411));
#13887=CARTESIAN_POINT('',(4.70224044696297,0.,-12.2053296040411));
#13888=CARTESIAN_POINT('',(2.35112022348149,0.,-12.2053296040411));
#13889=CARTESIAN_POINT('',(4.70224044696297,-0.1,-12.2053296040411));
#13890=CARTESIAN_POINT('',(4.9769568274092,-0.1,-12.2053296040411));
#13891=CARTESIAN_POINT('',(4.70224044696297,0.,-12.2053296040411));
#13892=CARTESIAN_POINT('Ctrl Pts',(4.28408808026605,0.,-11.5853944092288));
#13893=CARTESIAN_POINT('Ctrl Pts',(4.28408808026605,-0.1,-11.5853944092288));
#13894=CARTESIAN_POINT('Ctrl Pts',(4.52719992136891,0.,-11.604843356517));
#13895=CARTESIAN_POINT('Ctrl Pts',(4.52719992136891,-0.1,-11.604843356517));
#13896=CARTESIAN_POINT('Ctrl Pts',(4.70224044696297,0.,-11.8965775658405));
#13897=CARTESIAN_POINT('Ctrl Pts',(4.70224044696297,-0.1,-11.8965775658405));
#13898=CARTESIAN_POINT('Ctrl Pts',(4.70224044696297,0.,-12.2053296040411));
#13899=CARTESIAN_POINT('Ctrl Pts',(4.70224044696297,-0.1,-12.2053296040411));
#13900=CARTESIAN_POINT('',(4.28408808026605,0.,-11.5853944092288));
#13901=CARTESIAN_POINT('Ctrl Pts',(4.70224044696297,0.,-12.2053296040411));
#13902=CARTESIAN_POINT('Ctrl Pts',(4.70224044696297,0.,-11.8965775658405));
#13903=CARTESIAN_POINT('Ctrl Pts',(4.52719992136891,0.,-11.604843356517));
#13904=CARTESIAN_POINT('Ctrl Pts',(4.28408808026605,0.,-11.5853944092288));
#13905=CARTESIAN_POINT('',(4.28408808026605,-0.1,-11.5853944092288));
#13906=CARTESIAN_POINT('Ctrl Pts',(4.28408808026605,-0.1,-11.5853944092288));
#13907=CARTESIAN_POINT('Ctrl Pts',(4.52719992136891,-0.1,-11.604843356517));
#13908=CARTESIAN_POINT('Ctrl Pts',(4.70224044696297,-0.1,-11.8965775658405));
#13909=CARTESIAN_POINT('Ctrl Pts',(4.70224044696297,-0.1,-12.2053296040411));
#13910=CARTESIAN_POINT('',(4.28408808026605,0.,-11.5853944092288));
#13911=CARTESIAN_POINT('Origin',(4.28408808026605,0.,-11.2742112526171));
#13912=CARTESIAN_POINT('',(4.28408808026605,0.,-11.2742112526171));
#13913=CARTESIAN_POINT('',(4.28408808026605,0.,-5.63710562630857));
#13914=CARTESIAN_POINT('',(4.28408808026605,-0.1,-11.2742112526171));
#13915=CARTESIAN_POINT('',(4.28408808026605,-0.1,-11.5853944092288));
#13916=CARTESIAN_POINT('',(4.28408808026605,0.,-11.2742112526171));
#13917=CARTESIAN_POINT('Origin',(6.98749175332985,0.,-11.2742112526171));
#13918=CARTESIAN_POINT('',(6.98749175332985,0.,-11.2742112526171));
#13919=CARTESIAN_POINT('',(3.49374587666493,0.,-11.2742112526171));
#13920=CARTESIAN_POINT('',(6.98749175332985,-0.1,-11.2742112526171));
#13921=CARTESIAN_POINT('',(4.28408808026605,-0.1,-11.2742112526171));
#13922=CARTESIAN_POINT('',(6.98749175332985,0.,-11.2742112526171));
#13923=CARTESIAN_POINT('Origin',(6.98749175332985,0.,-10.7417963206019));
#13924=CARTESIAN_POINT('',(6.98749175332985,0.,-10.7417963206019));
#13925=CARTESIAN_POINT('',(6.98749175332985,0.,-5.37089816030094));
#13926=CARTESIAN_POINT('',(6.98749175332985,-0.1,-10.7417963206019));
#13927=CARTESIAN_POINT('',(6.98749175332985,-0.1,-11.2742112526171));
#13928=CARTESIAN_POINT('',(6.98749175332985,0.,-10.7417963206019));
#13929=CARTESIAN_POINT('Origin',(7.29381267311946,0.,-10.7417963206019));
#13930=CARTESIAN_POINT('',(7.29381267311946,0.,-10.7417963206019));
#13931=CARTESIAN_POINT('',(3.64690633655973,0.,-10.7417963206019));
#13932=CARTESIAN_POINT('',(7.29381267311946,-0.1,-10.7417963206019));
#13933=CARTESIAN_POINT('',(6.98749175332985,-0.1,-10.7417963206019));
#13934=CARTESIAN_POINT('',(7.29381267311946,0.,-10.7417963206019));
#13935=CARTESIAN_POINT('Origin',(7.29381267311946,0.,-12.2053296040411));
#13936=CARTESIAN_POINT('',(7.29381267311946,0.,-6.10266480202055));
#13937=CARTESIAN_POINT('',(7.29381267311946,-0.1,-10.7417963206019));
#13938=CARTESIAN_POINT('Origin',(6.03302520282369,-0.1,-11.5256057398143));
#13939=CARTESIAN_POINT('Ctrl Pts',(-4.16829329450422,0.,5.53008448411769));
#13940=CARTESIAN_POINT('Ctrl Pts',(-4.16829329450422,-0.1,5.53008448411769));
#13941=CARTESIAN_POINT('Ctrl Pts',(-4.16829329450422,0.,5.76347185157644));
#13942=CARTESIAN_POINT('Ctrl Pts',(-4.16829329450422,-0.1,5.76347185157644));
#13943=CARTESIAN_POINT('Ctrl Pts',(-4.32631599122108,0.,6.14029520528587));
#13944=CARTESIAN_POINT('Ctrl Pts',(-4.32631599122108,-0.1,6.14029520528587));
#13945=CARTESIAN_POINT('Ctrl Pts',(-4.46245862223868,0.,6.26671336265936));
#13946=CARTESIAN_POINT('Ctrl Pts',(-4.46245862223868,-0.1,6.26671336265936));
#13947=CARTESIAN_POINT('',(-4.46245862223868,0.,6.26671336265936));
#13948=CARTESIAN_POINT('',(-4.16829329450422,0.,5.5300844841177));
#13949=CARTESIAN_POINT('Ctrl Pts',(-4.46245862223868,0.,6.26671336265936));
#13950=CARTESIAN_POINT('Ctrl Pts',(-4.32631599122108,0.,6.14029520528587));
#13951=CARTESIAN_POINT('Ctrl Pts',(-4.16829329450422,0.,5.76347185157644));
#13952=CARTESIAN_POINT('Ctrl Pts',(-4.16829329450422,0.,5.53008448411769));
#13953=CARTESIAN_POINT('',(-4.46245862223868,-0.1,6.26671336265936));
#13954=CARTESIAN_POINT('',(-4.46245862223868,0.,6.26671336265936));
#13955=CARTESIAN_POINT('',(-4.16829329450422,-0.1,5.5300844841177));
#13956=CARTESIAN_POINT('Ctrl Pts',(-4.16829329450422,-0.1,5.53008448411769));
#13957=CARTESIAN_POINT('Ctrl Pts',(-4.16829329450422,-0.1,5.76347185157644));
#13958=CARTESIAN_POINT('Ctrl Pts',(-4.32631599122108,-0.1,6.14029520528587));
#13959=CARTESIAN_POINT('Ctrl Pts',(-4.46245862223868,-0.1,6.26671336265936));
#13960=CARTESIAN_POINT('',(-4.16829329450422,0.,5.5300844841177));
#13961=CARTESIAN_POINT('Ctrl Pts',(-4.33847158327622,0.,4.74483323735546));
#13962=CARTESIAN_POINT('Ctrl Pts',(-4.33847158327622,-0.1,4.74483323735546));
#13963=CARTESIAN_POINT('Ctrl Pts',(-4.26310691253434,0.,4.89799369725026));
#13964=CARTESIAN_POINT('Ctrl Pts',(-4.26310691253434,-0.1,4.89799369725026));
#13965=CARTESIAN_POINT('Ctrl Pts',(-4.16829329450422,0.,5.31614606394718));
#13966=CARTESIAN_POINT('Ctrl Pts',(-4.16829329450422,-0.1,5.31614606394718));
#13967=CARTESIAN_POINT('Ctrl Pts',(-4.16829329450422,0.,5.53008448411769));
#13968=CARTESIAN_POINT('Ctrl Pts',(-4.16829329450422,-0.1,5.53008448411769));
#13969=CARTESIAN_POINT('',(-4.33847158327622,0.,4.74483323735546));
#13970=CARTESIAN_POINT('Ctrl Pts',(-4.16829329450422,0.,5.53008448411769));
#13971=CARTESIAN_POINT('Ctrl Pts',(-4.16829329450422,0.,5.31614606394718));
#13972=CARTESIAN_POINT('Ctrl Pts',(-4.26310691253434,0.,4.89799369725026));
#13973=CARTESIAN_POINT('Ctrl Pts',(-4.33847158327622,0.,4.74483323735546));
#13974=CARTESIAN_POINT('',(-4.33847158327622,-0.1,4.74483323735546));
#13975=CARTESIAN_POINT('Ctrl Pts',(-4.33847158327622,-0.1,4.74483323735546));
#13976=CARTESIAN_POINT('Ctrl Pts',(-4.26310691253434,-0.1,4.89799369725026));
#13977=CARTESIAN_POINT('Ctrl Pts',(-4.16829329450422,-0.1,5.31614606394718));
#13978=CARTESIAN_POINT('Ctrl Pts',(-4.16829329450422,-0.1,5.53008448411769));
#13979=CARTESIAN_POINT('',(-4.33847158327622,0.,4.74483323735546));
#13980=CARTESIAN_POINT('Origin',(-4.76391730520623,0.,4.74483323735546));
#13981=CARTESIAN_POINT('',(-4.76391730520623,0.,4.74483323735546));
#13982=CARTESIAN_POINT('',(-2.38195865260311,0.,4.74483323735546));
#13983=CARTESIAN_POINT('',(-4.76391730520623,-0.1,4.74483323735546));
#13984=CARTESIAN_POINT('',(-4.33847158327622,-0.1,4.74483323735546));
#13985=CARTESIAN_POINT('',(-4.76391730520623,0.,4.74483323735546));
#13986=CARTESIAN_POINT('Origin',(-4.76391730520623,0.,4.7740066582878));
#13987=CARTESIAN_POINT('',(-4.76391730520623,0.,4.7740066582878));
#13988=CARTESIAN_POINT('',(-4.76391730520623,0.,2.3870033291439));
#13989=CARTESIAN_POINT('',(-4.76391730520623,-0.1,4.7740066582878));
#13990=CARTESIAN_POINT('',(-4.76391730520623,-0.1,4.74483323735546));
#13991=CARTESIAN_POINT('',(-4.76391730520623,0.,4.7740066582878));
#13992=CARTESIAN_POINT('Ctrl Pts',(-4.60346349007834,0.,5.0973454069546));
#13993=CARTESIAN_POINT('Ctrl Pts',(-4.60346349007834,-0.1,5.0973454069546));
#13994=CARTESIAN_POINT('Ctrl Pts',(-4.6423613846548,0.,4.99280731528037));
#13995=CARTESIAN_POINT('Ctrl Pts',(-4.6423613846548,-0.1,4.99280731528037));
#13996=CARTESIAN_POINT('Ctrl Pts',(-4.72988164745183,0.,4.82019790809734));
#13997=CARTESIAN_POINT('Ctrl Pts',(-4.72988164745183,-0.1,4.82019790809734));
#13998=CARTESIAN_POINT('Ctrl Pts',(-4.76391730520623,0.,4.7740066582878));
#13999=CARTESIAN_POINT('Ctrl Pts',(-4.76391730520623,-0.1,4.7740066582878));
#14000=CARTESIAN_POINT('',(-4.60346349007834,0.,5.0973454069546));
#14001=CARTESIAN_POINT('Ctrl Pts',(-4.76391730520623,0.,4.7740066582878));
#14002=CARTESIAN_POINT('Ctrl Pts',(-4.72988164745183,0.,4.82019790809734));
#14003=CARTESIAN_POINT('Ctrl Pts',(-4.6423613846548,0.,4.99280731528037));
#14004=CARTESIAN_POINT('Ctrl Pts',(-4.60346349007834,0.,5.0973454069546));
#14005=CARTESIAN_POINT('',(-4.60346349007834,-0.1,5.0973454069546));
#14006=CARTESIAN_POINT('Ctrl Pts',(-4.60346349007834,-0.1,5.0973454069546));
#14007=CARTESIAN_POINT('Ctrl Pts',(-4.6423613846548,-0.1,4.99280731528037));
#14008=CARTESIAN_POINT('Ctrl Pts',(-4.72988164745183,-0.1,4.82019790809734));
#14009=CARTESIAN_POINT('Ctrl Pts',(-4.76391730520623,-0.1,4.7740066582878));
#14010=CARTESIAN_POINT('',(-4.60346349007834,0.,5.0973454069546));
#14011=CARTESIAN_POINT('Ctrl Pts',(-4.51594322728131,0.,5.53737783935078));
#14012=CARTESIAN_POINT('Ctrl Pts',(-4.51594322728131,-0.1,5.53737783935078));
#14013=CARTESIAN_POINT('Ctrl Pts',(-4.51594322728131,0.,5.41339080038832));
#14014=CARTESIAN_POINT('Ctrl Pts',(-4.51594322728131,-0.1,5.41339080038832));
#14015=CARTESIAN_POINT('Ctrl Pts',(-4.56213447709085,0.,5.21647020909501));
#14016=CARTESIAN_POINT('Ctrl Pts',(-4.56213447709085,-0.1,5.21647020909501));
#14017=CARTESIAN_POINT('Ctrl Pts',(-4.60346349007834,0.,5.0973454069546));
#14018=CARTESIAN_POINT('Ctrl Pts',(-4.60346349007834,-0.1,5.0973454069546));
#14019=CARTESIAN_POINT('',(-4.51594322728131,0.,5.53737783935078));
#14020=CARTESIAN_POINT('Ctrl Pts',(-4.60346349007834,0.,5.0973454069546));
#14021=CARTESIAN_POINT('Ctrl Pts',(-4.56213447709085,0.,5.21647020909501));
#14022=CARTESIAN_POINT('Ctrl Pts',(-4.51594322728131,0.,5.41339080038832));
#14023=CARTESIAN_POINT('Ctrl Pts',(-4.51594322728131,0.,5.53737783935078));
#14024=CARTESIAN_POINT('',(-4.51594322728131,-0.1,5.53737783935078));
#14025=CARTESIAN_POINT('Ctrl Pts',(-4.51594322728131,-0.1,5.53737783935078));
#14026=CARTESIAN_POINT('Ctrl Pts',(-4.51594322728131,-0.1,5.41339080038832));
#14027=CARTESIAN_POINT('Ctrl Pts',(-4.56213447709085,-0.1,5.21647020909501));
#14028=CARTESIAN_POINT('Ctrl Pts',(-4.60346349007834,-0.1,5.0973454069546));
#14029=CARTESIAN_POINT('',(-4.51594322728131,0.,5.53737783935078));
#14030=CARTESIAN_POINT('Ctrl Pts',(-4.69827710810845,0.,5.97011691651387));
#14031=CARTESIAN_POINT('Ctrl Pts',(-4.69827710810845,-0.1,5.97011691651387));
#14032=CARTESIAN_POINT('Ctrl Pts',(-4.60346349007834,0.,5.8874588905389));
#14033=CARTESIAN_POINT('Ctrl Pts',(-4.60346349007834,-0.1,5.8874588905389));
#14034=CARTESIAN_POINT('Ctrl Pts',(-4.51594322728131,0.,5.65893375990221));
#14035=CARTESIAN_POINT('Ctrl Pts',(-4.51594322728131,-0.1,5.65893375990221));
#14036=CARTESIAN_POINT('Ctrl Pts',(-4.51594322728131,0.,5.53737783935078));
#14037=CARTESIAN_POINT('Ctrl Pts',(-4.51594322728131,-0.1,5.53737783935078));
#14038=CARTESIAN_POINT('',(-4.69827710810846,0.,5.97011691651387));
#14039=CARTESIAN_POINT('Ctrl Pts',(-4.51594322728131,0.,5.53737783935078));
#14040=CARTESIAN_POINT('Ctrl Pts',(-4.51594322728131,0.,5.65893375990221));
#14041=CARTESIAN_POINT('Ctrl Pts',(-4.60346349007834,0.,5.8874588905389));
#14042=CARTESIAN_POINT('Ctrl Pts',(-4.69827710810845,0.,5.97011691651387));
#14043=CARTESIAN_POINT('',(-4.69827710810846,-0.1,5.97011691651387));
#14044=CARTESIAN_POINT('Ctrl Pts',(-4.69827710810845,-0.1,5.97011691651387));
#14045=CARTESIAN_POINT('Ctrl Pts',(-4.60346349007834,-0.1,5.8874588905389));
#14046=CARTESIAN_POINT('Ctrl Pts',(-4.51594322728131,-0.1,5.65893375990221));
#14047=CARTESIAN_POINT('Ctrl Pts',(-4.51594322728131,-0.1,5.53737783935078));
#14048=CARTESIAN_POINT('',(-4.69827710810846,0.,5.97011691651387));
#14049=CARTESIAN_POINT('Ctrl Pts',(-5.1869319087252,0.,6.12327737640867));
#14050=CARTESIAN_POINT('Ctrl Pts',(-5.1869319087252,-0.1,6.12327737640867));
#14051=CARTESIAN_POINT('Ctrl Pts',(-5.02647809359732,0.,6.12327737640867));
#14052=CARTESIAN_POINT('Ctrl Pts',(-5.02647809359732,-0.1,6.12327737640867));
#14053=CARTESIAN_POINT('Ctrl Pts',(-4.78822848931651,0.,6.04548158725576));
#14054=CARTESIAN_POINT('Ctrl Pts',(-4.78822848931651,-0.1,6.04548158725576));
#14055=CARTESIAN_POINT('Ctrl Pts',(-4.69827710810845,0.,5.97011691651387));
#14056=CARTESIAN_POINT('Ctrl Pts',(-4.69827710810845,-0.1,5.97011691651387));
#14057=CARTESIAN_POINT('',(-5.1869319087252,0.,6.12327737640867));
#14058=CARTESIAN_POINT('Ctrl Pts',(-4.69827710810845,0.,5.97011691651387));
#14059=CARTESIAN_POINT('Ctrl Pts',(-4.78822848931651,0.,6.04548158725576));
#14060=CARTESIAN_POINT('Ctrl Pts',(-5.02647809359732,0.,6.12327737640867));
#14061=CARTESIAN_POINT('Ctrl Pts',(-5.1869319087252,0.,6.12327737640867));
#14062=CARTESIAN_POINT('',(-5.1869319087252,-0.1,6.12327737640867));
#14063=CARTESIAN_POINT('Ctrl Pts',(-5.1869319087252,-0.1,6.12327737640867));
#14064=CARTESIAN_POINT('Ctrl Pts',(-5.02647809359732,-0.1,6.12327737640867));
#14065=CARTESIAN_POINT('Ctrl Pts',(-4.78822848931651,-0.1,6.04548158725576));
#14066=CARTESIAN_POINT('Ctrl Pts',(-4.69827710810845,-0.1,5.97011691651387));
#14067=CARTESIAN_POINT('',(-5.1869319087252,0.,6.12327737640867));
#14068=CARTESIAN_POINT('Ctrl Pts',(-5.61967098588829,0.,5.95309908763667));
#14069=CARTESIAN_POINT('Ctrl Pts',(-5.61967098588829,-0.1,5.95309908763667));
#14070=CARTESIAN_POINT('Ctrl Pts',(-5.55159967037949,0.,6.03575711361164));
#14071=CARTESIAN_POINT('Ctrl Pts',(-5.55159967037949,-0.1,6.03575711361164));
#14072=CARTESIAN_POINT('Ctrl Pts',(-5.34738572385309,0.,6.12327737640867));
#14073=CARTESIAN_POINT('Ctrl Pts',(-5.34738572385309,-0.1,6.12327737640867));
#14074=CARTESIAN_POINT('Ctrl Pts',(-5.1869319087252,0.,6.12327737640867));
#14075=CARTESIAN_POINT('Ctrl Pts',(-5.1869319087252,-0.1,6.12327737640867));
#14076=CARTESIAN_POINT('',(-5.61967098588829,0.,5.95309908763667));
#14077=CARTESIAN_POINT('Ctrl Pts',(-5.1869319087252,0.,6.12327737640867));
#14078=CARTESIAN_POINT('Ctrl Pts',(-5.34738572385309,0.,6.12327737640867));
#14079=CARTESIAN_POINT('Ctrl Pts',(-5.55159967037949,0.,6.03575711361164));
#14080=CARTESIAN_POINT('Ctrl Pts',(-5.61967098588829,0.,5.95309908763667));
#14081=CARTESIAN_POINT('',(-5.61967098588829,-0.1,5.95309908763667));
#14082=CARTESIAN_POINT('Ctrl Pts',(-5.61967098588829,-0.1,5.95309908763667));
#14083=CARTESIAN_POINT('Ctrl Pts',(-5.55159967037949,-0.1,6.03575711361164));
#14084=CARTESIAN_POINT('Ctrl Pts',(-5.34738572385309,-0.1,6.12327737640867));
#14085=CARTESIAN_POINT('Ctrl Pts',(-5.1869319087252,-0.1,6.12327737640867));
#14086=CARTESIAN_POINT('',(-5.61967098588829,0.,5.95309908763667));
#14087=CARTESIAN_POINT('Ctrl Pts',(-5.75824473531692,0.,5.46201316860889));
#14088=CARTESIAN_POINT('Ctrl Pts',(-5.75824473531692,-0.1,5.46201316860889));
#14089=CARTESIAN_POINT('Ctrl Pts',(-5.75824473531692,0.,5.6151736285037));
#14090=CARTESIAN_POINT('Ctrl Pts',(-5.75824473531692,-0.1,5.6151736285037));
#14091=CARTESIAN_POINT('Ctrl Pts',(-5.69503565663018,0.,5.86800994325067));
#14092=CARTESIAN_POINT('Ctrl Pts',(-5.69503565663018,-0.1,5.86800994325067));
#14093=CARTESIAN_POINT('Ctrl Pts',(-5.61967098588829,0.,5.95309908763667));
#14094=CARTESIAN_POINT('Ctrl Pts',(-5.61967098588829,-0.1,5.95309908763667));
#14095=CARTESIAN_POINT('',(-5.75824473531692,0.,5.46201316860889));
#14096=CARTESIAN_POINT('Ctrl Pts',(-5.61967098588829,0.,5.95309908763667));
#14097=CARTESIAN_POINT('Ctrl Pts',(-5.69503565663018,0.,5.86800994325067));
#14098=CARTESIAN_POINT('Ctrl Pts',(-5.75824473531692,0.,5.6151736285037));
#14099=CARTESIAN_POINT('Ctrl Pts',(-5.75824473531692,0.,5.46201316860889));
#14100=CARTESIAN_POINT('',(-5.75824473531692,-0.1,5.46201316860889));
#14101=CARTESIAN_POINT('Ctrl Pts',(-5.75824473531692,-0.1,5.46201316860889));
#14102=CARTESIAN_POINT('Ctrl Pts',(-5.75824473531692,-0.1,5.6151736285037));
#14103=CARTESIAN_POINT('Ctrl Pts',(-5.69503565663018,-0.1,5.86800994325067));
#14104=CARTESIAN_POINT('Ctrl Pts',(-5.61967098588829,-0.1,5.95309908763667));
#14105=CARTESIAN_POINT('',(-5.75824473531692,0.,5.46201316860889));
#14106=CARTESIAN_POINT('Ctrl Pts',(-5.68531118298607,0.,4.86882027631792));
#14107=CARTESIAN_POINT('Ctrl Pts',(-5.68531118298607,-0.1,4.86882027631792));
#14108=CARTESIAN_POINT('Ctrl Pts',(-5.70719124868532,0.,4.96849613117009));
#14109=CARTESIAN_POINT('Ctrl Pts',(-5.70719124868532,-0.1,4.96849613117009));
#14110=CARTESIAN_POINT('Ctrl Pts',(-5.75824473531692,0.,5.29669711665895));
#14111=CARTESIAN_POINT('Ctrl Pts',(-5.75824473531692,-0.1,5.29669711665895));
#14112=CARTESIAN_POINT('Ctrl Pts',(-5.75824473531692,0.,5.46201316860889));
#14113=CARTESIAN_POINT('Ctrl Pts',(-5.75824473531692,-0.1,5.46201316860889));
#14114=CARTESIAN_POINT('',(-5.68531118298607,0.,4.86882027631792));
#14115=CARTESIAN_POINT('Ctrl Pts',(-5.75824473531692,0.,5.46201316860889));
#14116=CARTESIAN_POINT('Ctrl Pts',(-5.75824473531692,0.,5.29669711665895));
#14117=CARTESIAN_POINT('Ctrl Pts',(-5.70719124868532,0.,4.96849613117009));
#14118=CARTESIAN_POINT('Ctrl Pts',(-5.68531118298607,0.,4.86882027631792));
#14119=CARTESIAN_POINT('',(-5.68531118298607,-0.1,4.86882027631792));
#14120=CARTESIAN_POINT('Ctrl Pts',(-5.68531118298607,-0.1,4.86882027631792));
#14121=CARTESIAN_POINT('Ctrl Pts',(-5.70719124868532,-0.1,4.96849613117009));
#14122=CARTESIAN_POINT('Ctrl Pts',(-5.75824473531692,-0.1,5.29669711665895));
#14123=CARTESIAN_POINT('Ctrl Pts',(-5.75824473531692,-0.1,5.46201316860889));
#14124=CARTESIAN_POINT('',(-5.68531118298607,0.,4.86882027631792));
#14125=CARTESIAN_POINT('Origin',(-7.23150249240025,0.,4.86882027631792));
#14126=CARTESIAN_POINT('',(-7.23150249240025,0.,4.86882027631792));
#14127=CARTESIAN_POINT('',(-3.61575124620013,0.,4.86882027631792));
#14128=CARTESIAN_POINT('',(-7.23150249240025,-0.1,4.86882027631792));
#14129=CARTESIAN_POINT('',(-5.68531118298607,-0.1,4.86882027631792));
#14130=CARTESIAN_POINT('',(-7.23150249240025,0.,4.86882027631792));
#14131=CARTESIAN_POINT('Origin',(-7.23150249240025,0.,6.51468744058428));
#14132=CARTESIAN_POINT('',(-7.23150249240025,0.,6.51468744058428));
#14133=CARTESIAN_POINT('',(-7.23150249240025,0.,3.25734372029214));
#14134=CARTESIAN_POINT('',(-7.23150249240025,-0.1,6.51468744058428));
#14135=CARTESIAN_POINT('',(-7.23150249240025,-0.1,4.86882027631792));
#14136=CARTESIAN_POINT('',(-7.23150249240025,0.,6.51468744058428));
#14137=CARTESIAN_POINT('Origin',(-6.87899032280111,0.,6.51468744058428));
#14138=CARTESIAN_POINT('',(-6.87899032280111,0.,6.51468744058428));
#14139=CARTESIAN_POINT('',(-3.43949516140055,0.,6.51468744058428));
#14140=CARTESIAN_POINT('',(-6.87899032280111,-0.1,6.51468744058428));
#14141=CARTESIAN_POINT('',(-7.23150249240025,-0.1,6.51468744058428));
#14142=CARTESIAN_POINT('',(-6.87899032280111,0.,6.51468744058428));
#14143=CARTESIAN_POINT('Origin',(-6.87899032280111,0.,5.25536810367146));
#14144=CARTESIAN_POINT('',(-6.87899032280111,0.,5.25536810367146));
#14145=CARTESIAN_POINT('',(-6.87899032280111,0.,2.62768405183574));
#14146=CARTESIAN_POINT('',(-6.87899032280111,-0.1,5.25536810367146));
#14147=CARTESIAN_POINT('',(-6.87899032280111,-0.1,6.51468744058428));
#14148=CARTESIAN_POINT('',(-6.87899032280111,0.,5.25536810367146));
#14149=CARTESIAN_POINT('Origin',(-6.0791523655727,0.,5.25536810367146));
#14150=CARTESIAN_POINT('',(-6.0791523655727,0.,5.25536810367146));
#14151=CARTESIAN_POINT('',(-3.03957618278635,0.,5.25536810367146));
#14152=CARTESIAN_POINT('',(-6.0791523655727,-0.1,5.25536810367146));
#14153=CARTESIAN_POINT('',(-6.87899032280111,-0.1,5.25536810367146));
#14154=CARTESIAN_POINT('',(-6.0791523655727,0.,5.25536810367146));
#14155=CARTESIAN_POINT('Ctrl Pts',(-6.0961701944499,0.,5.52765336570667));
#14156=CARTESIAN_POINT('Ctrl Pts',(-6.0961701944499,-0.1,5.52765336570667));
#14157=CARTESIAN_POINT('Ctrl Pts',(-6.0961701944499,0.,5.46930652384198));
#14158=CARTESIAN_POINT('Ctrl Pts',(-6.0961701944499,-0.1,5.46930652384198));
#14159=CARTESIAN_POINT('Ctrl Pts',(-6.08887683921681,0.,5.32830165600232));
#14160=CARTESIAN_POINT('Ctrl Pts',(-6.08887683921681,-0.1,5.32830165600232));
#14161=CARTESIAN_POINT('Ctrl Pts',(-6.0791523655727,0.,5.25536810367146));
#14162=CARTESIAN_POINT('Ctrl Pts',(-6.0791523655727,-0.1,5.25536810367146));
#14163=CARTESIAN_POINT('',(-6.0961701944499,0.,5.52765336570667));
#14164=CARTESIAN_POINT('Ctrl Pts',(-6.0791523655727,0.,5.25536810367146));
#14165=CARTESIAN_POINT('Ctrl Pts',(-6.08887683921681,0.,5.32830165600232));
#14166=CARTESIAN_POINT('Ctrl Pts',(-6.0961701944499,0.,5.46930652384198));
#14167=CARTESIAN_POINT('Ctrl Pts',(-6.0961701944499,0.,5.52765336570667));
#14168=CARTESIAN_POINT('',(-6.0961701944499,-0.1,5.52765336570667));
#14169=CARTESIAN_POINT('Ctrl Pts',(-6.0961701944499,-0.1,5.52765336570667));
#14170=CARTESIAN_POINT('Ctrl Pts',(-6.0961701944499,-0.1,5.46930652384198));
#14171=CARTESIAN_POINT('Ctrl Pts',(-6.08887683921681,-0.1,5.32830165600232));
#14172=CARTESIAN_POINT('Ctrl Pts',(-6.0791523655727,-0.1,5.25536810367146));
#14173=CARTESIAN_POINT('',(-6.0961701944499,0.,5.52765336570667));
#14174=CARTESIAN_POINT('Ctrl Pts',(-5.9089740768007,0.,6.22295323126084));
#14175=CARTESIAN_POINT('Ctrl Pts',(-5.9089740768007,-0.1,6.22295323126084));
#14176=CARTESIAN_POINT('Ctrl Pts',(-6.02080552370801,0.,6.07708612659913));
#14177=CARTESIAN_POINT('Ctrl Pts',(-6.02080552370801,-0.1,6.07708612659913));
#14178=CARTESIAN_POINT('Ctrl Pts',(-6.0961701944499,0.,5.75860961475438));
#14179=CARTESIAN_POINT('Ctrl Pts',(-6.0961701944499,-0.1,5.75860961475438));
#14180=CARTESIAN_POINT('Ctrl Pts',(-6.0961701944499,0.,5.52765336570667));
#14181=CARTESIAN_POINT('Ctrl Pts',(-6.0961701944499,-0.1,5.52765336570667));
#14182=CARTESIAN_POINT('',(-5.9089740768007,0.,6.22295323126084));
#14183=CARTESIAN_POINT('Ctrl Pts',(-6.0961701944499,0.,5.52765336570667));
#14184=CARTESIAN_POINT('Ctrl Pts',(-6.0961701944499,0.,5.75860961475438));
#14185=CARTESIAN_POINT('Ctrl Pts',(-6.02080552370801,0.,6.07708612659913));
#14186=CARTESIAN_POINT('Ctrl Pts',(-5.9089740768007,0.,6.22295323126084));
#14187=CARTESIAN_POINT('',(-5.9089740768007,-0.1,6.22295323126084));
#14188=CARTESIAN_POINT('Ctrl Pts',(-5.9089740768007,-0.1,6.22295323126084));
#14189=CARTESIAN_POINT('Ctrl Pts',(-6.02080552370801,-0.1,6.07708612659913));
#14190=CARTESIAN_POINT('Ctrl Pts',(-6.0961701944499,-0.1,5.75860961475438));
#14191=CARTESIAN_POINT('Ctrl Pts',(-6.0961701944499,-0.1,5.52765336570667));
#14192=CARTESIAN_POINT('',(-5.9089740768007,0.,6.22295323126084));
#14193=CARTESIAN_POINT('Ctrl Pts',(-5.18450079031417,0.,6.53170526946148));
#14194=CARTESIAN_POINT('Ctrl Pts',(-5.18450079031417,-0.1,6.53170526946148));
#14195=CARTESIAN_POINT('Ctrl Pts',(-5.45678605234938,0.,6.53170526946148));
#14196=CARTESIAN_POINT('Ctrl Pts',(-5.45678605234938,-0.1,6.53170526946148));
#14197=CARTESIAN_POINT('Ctrl Pts',(-5.79714262989338,0.,6.37125145433359));
#14198=CARTESIAN_POINT('Ctrl Pts',(-5.79714262989338,-0.1,6.37125145433359));
#14199=CARTESIAN_POINT('Ctrl Pts',(-5.9089740768007,0.,6.22295323126084));
#14200=CARTESIAN_POINT('Ctrl Pts',(-5.9089740768007,-0.1,6.22295323126084));
#14201=CARTESIAN_POINT('',(-5.18450079031417,0.,6.53170526946148));
#14202=CARTESIAN_POINT('Ctrl Pts',(-5.9089740768007,0.,6.22295323126084));
#14203=CARTESIAN_POINT('Ctrl Pts',(-5.79714262989338,0.,6.37125145433359));
#14204=CARTESIAN_POINT('Ctrl Pts',(-5.45678605234938,0.,6.53170526946148));
#14205=CARTESIAN_POINT('Ctrl Pts',(-5.18450079031417,0.,6.53170526946148));
#14206=CARTESIAN_POINT('',(-5.18450079031417,-0.1,6.53170526946148));
#14207=CARTESIAN_POINT('Ctrl Pts',(-5.18450079031417,-0.1,6.53170526946148));
#14208=CARTESIAN_POINT('Ctrl Pts',(-5.45678605234938,-0.1,6.53170526946148));
#14209=CARTESIAN_POINT('Ctrl Pts',(-5.79714262989338,-0.1,6.37125145433359));
#14210=CARTESIAN_POINT('Ctrl Pts',(-5.9089740768007,-0.1,6.22295323126084));
#14211=CARTESIAN_POINT('',(-5.18450079031417,0.,6.53170526946148));
#14212=CARTESIAN_POINT('Ctrl Pts',(-4.46245862223868,0.,6.26671336265936));
#14213=CARTESIAN_POINT('Ctrl Pts',(-4.46245862223868,-0.1,6.26671336265936));
#14214=CARTESIAN_POINT('Ctrl Pts',(-4.59860125325628,0.,6.39313152003285));
#14215=CARTESIAN_POINT('Ctrl Pts',(-4.59860125325628,-0.1,6.39313152003285));
#14216=CARTESIAN_POINT('Ctrl Pts',(-4.96813125173263,0.,6.53170526946148));
#14217=CARTESIAN_POINT('Ctrl Pts',(-4.96813125173263,-0.1,6.53170526946148));
#14218=CARTESIAN_POINT('Ctrl Pts',(-5.18450079031417,0.,6.53170526946148));
#14219=CARTESIAN_POINT('Ctrl Pts',(-5.18450079031417,-0.1,6.53170526946148));
#14220=CARTESIAN_POINT('Ctrl Pts',(-5.18450079031417,0.,6.53170526946148));
#14221=CARTESIAN_POINT('Ctrl Pts',(-4.96813125173263,0.,6.53170526946148));
#14222=CARTESIAN_POINT('Ctrl Pts',(-4.59860125325628,0.,6.39313152003285));
#14223=CARTESIAN_POINT('Ctrl Pts',(-4.46245862223868,0.,6.26671336265936));
#14224=CARTESIAN_POINT('Ctrl Pts',(-4.46245862223868,-0.1,6.26671336265936));
#14225=CARTESIAN_POINT('Ctrl Pts',(-4.59860125325628,-0.1,6.39313152003285));
#14226=CARTESIAN_POINT('Ctrl Pts',(-4.96813125173263,-0.1,6.53170526946148));
#14227=CARTESIAN_POINT('Ctrl Pts',(-5.18450079031417,-0.1,6.53170526946148));
#14228=CARTESIAN_POINT('Origin',(-5.88574253153598,-0.1,5.60576177730765));
#14229=CARTESIAN_POINT('Origin',(-5.58563532813389,0.,2.63948469340469));
#14230=CARTESIAN_POINT('',(-5.58563532813389,0.,2.63948469340469));
#14231=CARTESIAN_POINT('',(-5.58563532813389,0.,3.64839883398156));
#14232=CARTESIAN_POINT('',(-5.58563532813389,0.,1.31974234670235));
#14233=CARTESIAN_POINT('',(-5.58563532813389,-0.1,2.63948469340469));
#14234=CARTESIAN_POINT('',(-5.58563532813389,0.,2.63948469340469));
#14235=CARTESIAN_POINT('',(-5.58563532813389,-0.1,3.64839883398156));
#14236=CARTESIAN_POINT('',(-5.58563532813389,-0.1,3.09292139547989));
#14237=CARTESIAN_POINT('',(-5.58563532813389,0.,3.64839883398156));
#14238=CARTESIAN_POINT('Origin',(-6.75743440224968,0.,3.64839883398156));
#14239=CARTESIAN_POINT('',(-6.75743440224968,0.,3.64839883398156));
#14240=CARTESIAN_POINT('',(-3.91512925648292,0.,1.20118589727367));
#14241=CARTESIAN_POINT('',(-6.75743440224968,-0.1,3.64839883398156));
#14242=CARTESIAN_POINT('',(-6.75743440224968,0.,3.64839883398156));
#14243=CARTESIAN_POINT('',(-6.42209474182895,-0.1,3.35967277781018));
#14244=CARTESIAN_POINT('Origin',(-5.58563532813389,0.,3.64839883398156));
#14245=CARTESIAN_POINT('',(-2.79281766406695,0.,3.64839883398156));
#14246=CARTESIAN_POINT('',(-5.63153159376975,-0.1,3.64839883398156));
#14247=CARTESIAN_POINT('Origin',(-4.23150237319097,0.,4.03494666133511));
#14248=CARTESIAN_POINT('',(-5.26229657946709,0.,4.03494666133511));
#14249=CARTESIAN_POINT('',(-4.23150237319097,0.,4.03494666133511));
#14250=CARTESIAN_POINT('',(-2.11575118659548,0.,4.03494666133511));
#14251=CARTESIAN_POINT('',(-5.26229657946709,-0.1,4.03494666133511));
#14252=CARTESIAN_POINT('',(-5.26229657946709,0.,4.03494666133511));
#14253=CARTESIAN_POINT('',(-4.23150237319097,-0.1,4.03494666133511));
#14254=CARTESIAN_POINT('',(-5.26229657946709,-0.1,4.03494666133511));
#14255=CARTESIAN_POINT('',(-4.23150237319097,0.,4.03494666133511));
#14256=CARTESIAN_POINT('Origin',(-4.23150237319097,0.,3.64839883398156));
#14257=CARTESIAN_POINT('',(-4.23150237319097,0.,3.64839883398156));
#14258=CARTESIAN_POINT('',(-4.23150237319097,0.,1.82419941699078));
#14259=CARTESIAN_POINT('',(-4.23150237319097,-0.1,3.64839883398156));
#14260=CARTESIAN_POINT('',(-4.23150237319097,-0.1,4.03494666133511));
#14261=CARTESIAN_POINT('',(-4.23150237319097,0.,3.64839883398156));
#14262=CARTESIAN_POINT('Origin',(-5.26229657946709,0.,3.64839883398156));
#14263=CARTESIAN_POINT('',(-5.26229657946709,0.,3.64839883398156));
#14264=CARTESIAN_POINT('',(-2.63114828973354,0.,3.64839883398156));
#14265=CARTESIAN_POINT('',(-5.26229657946709,-0.1,3.64839883398156));
#14266=CARTESIAN_POINT('',(-4.23150237319097,-0.1,3.64839883398156));
#14267=CARTESIAN_POINT('',(-5.26229657946709,0.,3.64839883398156));
#14268=CARTESIAN_POINT('Origin',(-5.26229657946709,0.,2.32343929997097));
#14269=CARTESIAN_POINT('',(-5.26229657946709,0.,2.32343929997097));
#14270=CARTESIAN_POINT('',(-5.26229657946709,0.,1.16171964998549));
#14271=CARTESIAN_POINT('',(-5.26229657946709,-0.1,2.32343929997097));
#14272=CARTESIAN_POINT('',(-5.26229657946709,-0.1,3.64839883398156));
#14273=CARTESIAN_POINT('',(-5.26229657946709,0.,2.32343929997097));
#14274=CARTESIAN_POINT('Origin',(-5.68531118298607,0.,2.32343929997097));
#14275=CARTESIAN_POINT('',(-5.68531118298607,0.,2.32343929997097));
#14276=CARTESIAN_POINT('',(-2.84265559149303,0.,2.32343929997097));
#14277=CARTESIAN_POINT('',(-5.68531118298607,-0.1,2.32343929997097));
#14278=CARTESIAN_POINT('',(-5.26229657946709,-0.1,2.32343929997097));
#14279=CARTESIAN_POINT('',(-5.68531118298607,0.,2.32343929997097));
#14280=CARTESIAN_POINT('Origin',(-7.23150249240025,0.,3.66541666285876));
#14281=CARTESIAN_POINT('',(-7.23150249240025,0.,3.66541666285876));
#14282=CARTESIAN_POINT('',(-4.26200235786198,0.,1.08811465929724));
#14283=CARTESIAN_POINT('',(-7.23150249240025,-0.1,3.66541666285876));
#14284=CARTESIAN_POINT('',(-5.68531118298607,-0.1,2.32343929997097));
#14285=CARTESIAN_POINT('',(-7.23150249240025,0.,3.66541666285876));
#14286=CARTESIAN_POINT('Origin',(-7.23150249240025,0.,4.03494666133511));
#14287=CARTESIAN_POINT('',(-7.23150249240025,0.,4.03494666133511));
#14288=CARTESIAN_POINT('',(-7.23150249240026,0.,2.01747333066756));
#14289=CARTESIAN_POINT('',(-7.23150249240025,-0.1,4.03494666133511));
#14290=CARTESIAN_POINT('',(-7.23150249240025,-0.1,3.66541666285876));
#14291=CARTESIAN_POINT('',(-7.23150249240025,0.,4.03494666133511));
#14292=CARTESIAN_POINT('Origin',(-5.58563532813389,0.,4.03494666133511));
#14293=CARTESIAN_POINT('',(-5.58563532813389,0.,4.03494666133511));
#14294=CARTESIAN_POINT('',(-2.79281766406695,0.,4.03494666133511));
#14295=CARTESIAN_POINT('',(-5.58563532813389,-0.1,4.03494666133511));
#14296=CARTESIAN_POINT('',(-7.23150249240025,-0.1,4.03494666133511));
#14297=CARTESIAN_POINT('',(-5.58563532813389,0.,4.03494666133511));
#14298=CARTESIAN_POINT('Origin',(-5.58563532813389,0.,4.39232106775631));
#14299=CARTESIAN_POINT('',(-5.58563532813389,0.,4.39232106775631));
#14300=CARTESIAN_POINT('',(-5.58563532813389,0.,2.19616053387815));
#14301=CARTESIAN_POINT('',(-5.58563532813389,-0.1,4.39232106775631));
#14302=CARTESIAN_POINT('',(-5.58563532813389,-0.1,4.03494666133511));
#14303=CARTESIAN_POINT('',(-5.58563532813389,0.,4.39232106775631));
#14304=CARTESIAN_POINT('Origin',(-5.26229657946709,0.,4.39232106775631));
#14305=CARTESIAN_POINT('',(-5.26229657946709,0.,4.39232106775631));
#14306=CARTESIAN_POINT('',(-2.63114828973354,0.,4.39232106775631));
#14307=CARTESIAN_POINT('',(-5.26229657946709,-0.1,4.39232106775631));
#14308=CARTESIAN_POINT('',(-5.58563532813389,-0.1,4.39232106775631));
#14309=CARTESIAN_POINT('',(-5.26229657946709,0.,4.39232106775631));
#14310=CARTESIAN_POINT('Origin',(-5.26229657946709,0.,4.03494666133511));
#14311=CARTESIAN_POINT('',(-5.26229657946709,0.,2.01747333066755));
#14312=CARTESIAN_POINT('',(-5.26229657946709,-0.1,4.39232106775631));
#14313=CARTESIAN_POINT('Origin',(-5.67742785940561,-0.1,3.54635809755509));
#14314=CARTESIAN_POINT('Origin',(-5.72664019597356,0.,-7.11416237164204));
#14315=CARTESIAN_POINT('',(-5.36197243431926,0.,-7.11416237164204));
#14316=CARTESIAN_POINT('',(-5.72664019597356,0.,-7.11416237164204));
#14317=CARTESIAN_POINT('',(-2.86332009798678,0.,-7.11416237164204));
#14318=CARTESIAN_POINT('',(-5.36197243431926,-0.1,-7.11416237164204));
#14319=CARTESIAN_POINT('',(-5.36197243431926,0.,-7.11416237164204));
#14320=CARTESIAN_POINT('',(-5.72664019597356,-0.1,-7.11416237164204));
#14321=CARTESIAN_POINT('',(-5.36197243431926,-0.1,-7.11416237164204));
#14322=CARTESIAN_POINT('',(-5.72664019597356,0.,-7.11416237164204));
#14323=CARTESIAN_POINT('Origin',(-5.72664019597356,0.,-5.97883007369169));
#14324=CARTESIAN_POINT('',(-5.72664019597356,0.,-5.97883007369169));
#14325=CARTESIAN_POINT('',(-5.72664019597356,0.,-2.98941503684585));
#14326=CARTESIAN_POINT('',(-5.72664019597356,-0.1,-5.97883007369169));
#14327=CARTESIAN_POINT('',(-5.72664019597356,-0.1,-7.11416237164204));
#14328=CARTESIAN_POINT('',(-5.72664019597356,0.,-5.97883007369169));
#14329=CARTESIAN_POINT('Origin',(-5.36197243431926,0.,-5.97883007369169));
#14330=CARTESIAN_POINT('',(-5.36197243431926,0.,-5.97883007369169));
#14331=CARTESIAN_POINT('',(-2.68098621715963,0.,-5.97883007369169));
#14332=CARTESIAN_POINT('',(-5.36197243431926,-0.1,-5.97883007369169));
#14333=CARTESIAN_POINT('',(-5.72664019597356,-0.1,-5.97883007369169));
#14334=CARTESIAN_POINT('',(-5.36197243431926,0.,-5.97883007369169));
#14335=CARTESIAN_POINT('Origin',(-5.36197243431926,0.,-7.11416237164204));
#14336=CARTESIAN_POINT('',(-5.36197243431926,0.,-3.55708118582102));
#14337=CARTESIAN_POINT('',(-5.36197243431926,-0.1,-5.97883007369169));
#14338=CARTESIAN_POINT('Origin',(-5.54430631514641,-0.1,-6.54649622266687));
#14339=CARTESIAN_POINT('Ctrl Pts',(-5.87007618222424,0.,-9.24625321811412));
#14340=CARTESIAN_POINT('Ctrl Pts',(-5.87007618222424,-0.1,-9.24625321811412));
#14341=CARTESIAN_POINT('Ctrl Pts',(-5.9600275634323,0.,-9.15630183690607));
#14342=CARTESIAN_POINT('Ctrl Pts',(-5.9600275634323,-0.1,-9.15630183690607));
#14343=CARTESIAN_POINT('Ctrl Pts',(-6.17153486519179,0.,-9.07607492934212));
#14344=CARTESIAN_POINT('Ctrl Pts',(-6.17153486519179,-0.1,-9.07607492934212));
#14345=CARTESIAN_POINT('Ctrl Pts',(-6.31497085144248,0.,-9.07607492934212));
#14346=CARTESIAN_POINT('Ctrl Pts',(-6.31497085144248,-0.1,-9.07607492934212));
#14347=CARTESIAN_POINT('',(-5.87007618222424,0.,-9.24625321811412));
#14348=CARTESIAN_POINT('',(-6.31497085144248,0.,-9.07607492934212));
#14349=CARTESIAN_POINT('Ctrl Pts',(-5.87007618222424,0.,-9.24625321811412));
#14350=CARTESIAN_POINT('Ctrl Pts',(-5.9600275634323,0.,-9.15630183690607));
#14351=CARTESIAN_POINT('Ctrl Pts',(-6.17153486519179,0.,-9.07607492934212));
#14352=CARTESIAN_POINT('Ctrl Pts',(-6.31497085144248,0.,-9.07607492934212));
#14353=CARTESIAN_POINT('',(-5.87007618222424,-0.1,-9.24625321811412));
#14354=CARTESIAN_POINT('',(-5.87007618222424,0.,-9.24625321811412));
#14355=CARTESIAN_POINT('',(-6.31497085144248,-0.1,-9.07607492934212));
#14356=CARTESIAN_POINT('Ctrl Pts',(-6.31497085144248,-0.1,-9.07607492934212));
#14357=CARTESIAN_POINT('Ctrl Pts',(-6.17153486519179,-0.1,-9.07607492934212));
#14358=CARTESIAN_POINT('Ctrl Pts',(-5.9600275634323,-0.1,-9.15630183690607));
#14359=CARTESIAN_POINT('Ctrl Pts',(-5.87007618222424,-0.1,-9.24625321811412));
#14360=CARTESIAN_POINT('',(-6.31497085144248,0.,-9.07607492934212));
#14361=CARTESIAN_POINT('Ctrl Pts',(-5.69017341980813,0.,-9.88563736021465));
#14362=CARTESIAN_POINT('Ctrl Pts',(-5.69017341980813,-0.1,-9.88563736021465));
#14363=CARTESIAN_POINT('Ctrl Pts',(-5.69017341980813,0.,-9.64252551911179));
#14364=CARTESIAN_POINT('Ctrl Pts',(-5.69017341980813,-0.1,-9.64252551911179));
#14365=CARTESIAN_POINT('Ctrl Pts',(-5.76796920896104,0.,-9.34349795455527));
#14366=CARTESIAN_POINT('Ctrl Pts',(-5.76796920896104,-0.1,-9.34349795455527));
#14367=CARTESIAN_POINT('Ctrl Pts',(-5.87007618222424,0.,-9.24625321811412));
#14368=CARTESIAN_POINT('Ctrl Pts',(-5.87007618222424,-0.1,-9.24625321811412));
#14369=CARTESIAN_POINT('',(-5.69017341980813,0.,-9.88563736021465));
#14370=CARTESIAN_POINT('Ctrl Pts',(-5.69017341980813,0.,-9.88563736021465));
#14371=CARTESIAN_POINT('Ctrl Pts',(-5.69017341980813,0.,-9.64252551911179));
#14372=CARTESIAN_POINT('Ctrl Pts',(-5.76796920896104,0.,-9.34349795455527));
#14373=CARTESIAN_POINT('Ctrl Pts',(-5.87007618222424,0.,-9.24625321811412));
#14374=CARTESIAN_POINT('',(-5.69017341980813,-0.1,-9.88563736021465));
#14375=CARTESIAN_POINT('',(-5.69017341980813,0.,-9.88563736021465));
#14376=CARTESIAN_POINT('Ctrl Pts',(-5.87007618222424,-0.1,-9.24625321811412));
#14377=CARTESIAN_POINT('Ctrl Pts',(-5.76796920896104,-0.1,-9.34349795455527));
#14378=CARTESIAN_POINT('Ctrl Pts',(-5.69017341980813,-0.1,-9.64252551911179));
#14379=CARTESIAN_POINT('Ctrl Pts',(-5.69017341980813,-0.1,-9.88563736021465));
#14380=CARTESIAN_POINT('Origin',(-5.69017341980813,0.,-10.1579226222498));
#14381=CARTESIAN_POINT('',(-5.69017341980813,0.,-10.1579226222498));
#14382=CARTESIAN_POINT('',(-5.69017341980813,0.,-5.07896131112493));
#14383=CARTESIAN_POINT('',(-5.69017341980813,-0.1,-10.1579226222498));
#14384=CARTESIAN_POINT('',(-5.69017341980813,0.,-10.1579226222498));
#14385=CARTESIAN_POINT('',(-5.69017341980813,-0.1,-10.0676931897667));
#14386=CARTESIAN_POINT('Origin',(-6.88628367803419,0.,-10.1579226222498));
#14387=CARTESIAN_POINT('',(-6.88628367803419,0.,-10.1579226222498));
#14388=CARTESIAN_POINT('',(-3.4431418390171,0.,-10.1579226222498));
#14389=CARTESIAN_POINT('',(-6.88628367803419,-0.1,-10.1579226222498));
#14390=CARTESIAN_POINT('',(-6.88628367803419,0.,-10.1579226222498));
#14391=CARTESIAN_POINT('',(-6.35710414964656,-0.1,-10.1579226222499));
#14392=CARTESIAN_POINT('Origin',(-6.88628367803419,0.,-9.82729051834996));
#14393=CARTESIAN_POINT('',(-6.88628367803419,0.,-9.82729051834996));
#14394=CARTESIAN_POINT('',(-6.88628367803419,0.,-4.91364525917498));
#14395=CARTESIAN_POINT('',(-6.88628367803419,-0.1,-9.82729051834996));
#14396=CARTESIAN_POINT('',(-6.88628367803419,0.,-9.82729051834996));
#14397=CARTESIAN_POINT('',(-6.88628367803419,-0.1,-9.90237713781672));
#14398=CARTESIAN_POINT('Ctrl Pts',(-6.77202111271585,0.,-9.29244446792367));
#14399=CARTESIAN_POINT('Ctrl Pts',(-6.77202111271585,-0.1,-9.29244446792367));
#14400=CARTESIAN_POINT('Ctrl Pts',(-6.83523019140259,0.,-9.38725808595378));
#14401=CARTESIAN_POINT('Ctrl Pts',(-6.83523019140259,-0.1,-9.38725808595378));
#14402=CARTESIAN_POINT('Ctrl Pts',(-6.88628367803419,0.,-9.64009440070076));
#14403=CARTESIAN_POINT('Ctrl Pts',(-6.88628367803419,-0.1,-9.64009440070076));
#14404=CARTESIAN_POINT('Ctrl Pts',(-6.88628367803419,0.,-9.82729051834996));
#14405=CARTESIAN_POINT('Ctrl Pts',(-6.88628367803419,-0.1,-9.82729051834996));
#14406=CARTESIAN_POINT('',(-6.77202111271585,0.,-9.29244446792367));
#14407=CARTESIAN_POINT('Ctrl Pts',(-6.77202111271585,0.,-9.29244446792367));
#14408=CARTESIAN_POINT('Ctrl Pts',(-6.83523019140259,0.,-9.38725808595378));
#14409=CARTESIAN_POINT('Ctrl Pts',(-6.88628367803419,0.,-9.64009440070076));
#14410=CARTESIAN_POINT('Ctrl Pts',(-6.88628367803419,0.,-9.82729051834996));
#14411=CARTESIAN_POINT('',(-6.77202111271585,-0.1,-9.29244446792367));
#14412=CARTESIAN_POINT('',(-6.77202111271585,0.,-9.29244446792367));
#14413=CARTESIAN_POINT('Ctrl Pts',(-6.88628367803419,-0.1,-9.82729051834996));
#14414=CARTESIAN_POINT('Ctrl Pts',(-6.88628367803419,-0.1,-9.64009440070076));
#14415=CARTESIAN_POINT('Ctrl Pts',(-6.83523019140259,-0.1,-9.38725808595378));
#14416=CARTESIAN_POINT('Ctrl Pts',(-6.77202111271585,-0.1,-9.29244446792367));
#14417=CARTESIAN_POINT('Ctrl Pts',(-6.31497085144248,0.,-9.07607492934212));
#14418=CARTESIAN_POINT('Ctrl Pts',(-6.31497085144248,-0.1,-9.07607492934212));
#14419=CARTESIAN_POINT('Ctrl Pts',(-6.47056242974831,0.,-9.07607492934212));
#14420=CARTESIAN_POINT('Ctrl Pts',(-6.47056242974831,-0.1,-9.07607492934212));
#14421=CARTESIAN_POINT('Ctrl Pts',(-6.69908756038499,0.,-9.18304413942738));
#14422=CARTESIAN_POINT('Ctrl Pts',(-6.69908756038499,-0.1,-9.18304413942738));
#14423=CARTESIAN_POINT('Ctrl Pts',(-6.77202111271585,0.,-9.29244446792367));
#14424=CARTESIAN_POINT('Ctrl Pts',(-6.77202111271585,-0.1,-9.29244446792367));
#14425=CARTESIAN_POINT('Ctrl Pts',(-6.31497085144248,0.,-9.07607492934212));
#14426=CARTESIAN_POINT('Ctrl Pts',(-6.47056242974831,0.,-9.07607492934212));
#14427=CARTESIAN_POINT('Ctrl Pts',(-6.69908756038499,0.,-9.18304413942738));
#14428=CARTESIAN_POINT('Ctrl Pts',(-6.77202111271585,0.,-9.29244446792367));
#14429=CARTESIAN_POINT('Ctrl Pts',(-6.77202111271585,-0.1,-9.29244446792367));
#14430=CARTESIAN_POINT('Ctrl Pts',(-6.69908756038499,-0.1,-9.18304413942738));
#14431=CARTESIAN_POINT('Ctrl Pts',(-6.47056242974831,-0.1,-9.07607492934212));
#14432=CARTESIAN_POINT('Ctrl Pts',(-6.31497085144248,-0.1,-9.07607492934212));
#14433=CARTESIAN_POINT('Ctrl Pts',(-5.34981684226412,0.,-9.81999716311687));
#14434=CARTESIAN_POINT('Ctrl Pts',(-5.34981684226412,-0.1,-9.81999716311687));
#14435=CARTESIAN_POINT('Ctrl Pts',(-5.34981684226412,0.,-9.4990895328611));
#14436=CARTESIAN_POINT('Ctrl Pts',(-5.34981684226412,-0.1,-9.4990895328611));
#14437=CARTESIAN_POINT('Ctrl Pts',(-5.50783953898098,0.,-9.07850604775315));
#14438=CARTESIAN_POINT('Ctrl Pts',(-5.50783953898098,-0.1,-9.07850604775315));
#14439=CARTESIAN_POINT('Ctrl Pts',(-5.66099999887578,0.,-8.92291446944732));
#14440=CARTESIAN_POINT('Ctrl Pts',(-5.66099999887578,-0.1,-8.92291446944732));
#14441=CARTESIAN_POINT('',(-5.66099999887578,0.,-8.92291446944732));
#14442=CARTESIAN_POINT('',(-5.34981684226412,0.,-9.81999716311687));
#14443=CARTESIAN_POINT('Ctrl Pts',(-5.66099999887578,0.,-8.92291446944732));
#14444=CARTESIAN_POINT('Ctrl Pts',(-5.50783953898098,0.,-9.07850604775315));
#14445=CARTESIAN_POINT('Ctrl Pts',(-5.34981684226412,0.,-9.4990895328611));
#14446=CARTESIAN_POINT('Ctrl Pts',(-5.34981684226412,0.,-9.81999716311687));
#14447=CARTESIAN_POINT('',(-5.66099999887578,-0.1,-8.92291446944732));
#14448=CARTESIAN_POINT('',(-5.66099999887578,0.,-8.92291446944732));
#14449=CARTESIAN_POINT('',(-5.34981684226412,-0.1,-9.81999716311687));
#14450=CARTESIAN_POINT('Ctrl Pts',(-5.34981684226412,-0.1,-9.81999716311687));
#14451=CARTESIAN_POINT('Ctrl Pts',(-5.34981684226412,-0.1,-9.4990895328611));
#14452=CARTESIAN_POINT('Ctrl Pts',(-5.50783953898098,-0.1,-9.07850604775315));
#14453=CARTESIAN_POINT('Ctrl Pts',(-5.66099999887578,-0.1,-8.92291446944732));
#14454=CARTESIAN_POINT('',(-5.34981684226412,0.,-9.81999716311687));
#14455=CARTESIAN_POINT('Origin',(-5.34981684226412,0.,-10.1579226222498));
#14456=CARTESIAN_POINT('',(-5.34981684226412,0.,-10.1579226222498));
#14457=CARTESIAN_POINT('',(-5.34981684226412,0.,-5.07896131112493));
#14458=CARTESIAN_POINT('',(-5.34981684226412,-0.1,-10.1579226222498));
#14459=CARTESIAN_POINT('',(-5.34981684226412,-0.1,-9.81999716311687));
#14460=CARTESIAN_POINT('',(-5.34981684226412,0.,-10.1579226222498));
#14461=CARTESIAN_POINT('Origin',(-4.23150237319097,0.,-10.1579226222498));
#14462=CARTESIAN_POINT('',(-4.23150237319097,0.,-10.1579226222498));
#14463=CARTESIAN_POINT('',(-2.11575118659548,0.,-10.1579226222498));
#14464=CARTESIAN_POINT('',(-4.23150237319097,-0.1,-10.1579226222498));
#14465=CARTESIAN_POINT('',(-5.34981684226412,-0.1,-10.1579226222498));
#14466=CARTESIAN_POINT('',(-4.23150237319097,0.,-10.1579226222498));
#14467=CARTESIAN_POINT('Origin',(-4.23150237319097,0.,-10.5566260416585));
#14468=CARTESIAN_POINT('',(-4.23150237319097,0.,-10.5566260416585));
#14469=CARTESIAN_POINT('',(-4.23150237319097,0.,-5.27831302082927));
#14470=CARTESIAN_POINT('',(-4.23150237319097,-0.1,-10.5566260416585));
#14471=CARTESIAN_POINT('',(-4.23150237319097,-0.1,-10.1579226222498));
#14472=CARTESIAN_POINT('',(-4.23150237319097,0.,-10.5566260416585));
#14473=CARTESIAN_POINT('Origin',(-7.23150249240026,0.,-10.5566260416585));
#14474=CARTESIAN_POINT('',(-7.23150249240026,0.,-10.5566260416585));
#14475=CARTESIAN_POINT('',(-3.61575124620013,0.,-10.5566260416585));
#14476=CARTESIAN_POINT('',(-7.23150249240026,-0.1,-10.5566260416585));
#14477=CARTESIAN_POINT('',(-4.23150237319097,-0.1,-10.5566260416585));
#14478=CARTESIAN_POINT('',(-7.23150249240026,0.,-10.5566260416585));
#14479=CARTESIAN_POINT('Origin',(-7.23150249240026,0.,-9.80297933423967));
#14480=CARTESIAN_POINT('',(-7.23150249240026,0.,-9.80297933423967));
#14481=CARTESIAN_POINT('',(-7.23150249240026,0.,-4.90148966711984));
#14482=CARTESIAN_POINT('',(-7.23150249240026,-0.1,-9.80297933423967));
#14483=CARTESIAN_POINT('',(-7.23150249240026,-0.1,-10.5566260416585));
#14484=CARTESIAN_POINT('',(-7.23150249240026,0.,-9.80297933423967));
#14485=CARTESIAN_POINT('Ctrl Pts',(-7.04430637475105,0.,-9.01772808747744));
#14486=CARTESIAN_POINT('Ctrl Pts',(-7.04430637475105,-0.1,-9.01772808747744));
#14487=CARTESIAN_POINT('Ctrl Pts',(-7.14398222960323,0.,-9.16116407372812));
#14488=CARTESIAN_POINT('Ctrl Pts',(-7.14398222960323,-0.1,-9.16116407372812));
#14489=CARTESIAN_POINT('Ctrl Pts',(-7.23150249240026,0.,-9.53555630902653));
#14490=CARTESIAN_POINT('Ctrl Pts',(-7.23150249240026,-0.1,-9.53555630902653));
#14491=CARTESIAN_POINT('Ctrl Pts',(-7.23150249240026,0.,-9.80297933423967));
#14492=CARTESIAN_POINT('Ctrl Pts',(-7.23150249240026,-0.1,-9.80297933423967));
#14493=CARTESIAN_POINT('',(-7.04430637475105,0.,-9.01772808747744));
#14494=CARTESIAN_POINT('Ctrl Pts',(-7.23150249240026,0.,-9.80297933423967));
#14495=CARTESIAN_POINT('Ctrl Pts',(-7.23150249240026,0.,-9.53555630902653));
#14496=CARTESIAN_POINT('Ctrl Pts',(-7.14398222960323,0.,-9.16116407372812));
#14497=CARTESIAN_POINT('Ctrl Pts',(-7.04430637475105,0.,-9.01772808747744));
#14498=CARTESIAN_POINT('',(-7.04430637475105,-0.1,-9.01772808747744));
#14499=CARTESIAN_POINT('Ctrl Pts',(-7.04430637475105,-0.1,-9.01772808747744));
#14500=CARTESIAN_POINT('Ctrl Pts',(-7.14398222960323,-0.1,-9.16116407372812));
#14501=CARTESIAN_POINT('Ctrl Pts',(-7.23150249240026,-0.1,-9.53555630902653));
#14502=CARTESIAN_POINT('Ctrl Pts',(-7.23150249240026,-0.1,-9.80297933423967));
#14503=CARTESIAN_POINT('',(-7.04430637475105,0.,-9.01772808747744));
#14504=CARTESIAN_POINT('Ctrl Pts',(-6.32712644349762,0.,-8.66035368105623));
#14505=CARTESIAN_POINT('Ctrl Pts',(-6.32712644349762,-0.1,-8.66035368105623));
#14506=CARTESIAN_POINT('Ctrl Pts',(-6.57753163983356,0.,-8.66035368105623));
#14507=CARTESIAN_POINT('Ctrl Pts',(-6.57753163983356,-0.1,-8.66035368105623));
#14508=CARTESIAN_POINT('Ctrl Pts',(-6.93004380943271,0.,-8.84998091711646));
#14509=CARTESIAN_POINT('Ctrl Pts',(-6.93004380943271,-0.1,-8.84998091711646));
#14510=CARTESIAN_POINT('Ctrl Pts',(-7.04430637475105,0.,-9.01772808747744));
#14511=CARTESIAN_POINT('Ctrl Pts',(-7.04430637475105,-0.1,-9.01772808747744));
#14512=CARTESIAN_POINT('',(-6.32712644349762,0.,-8.66035368105623));
#14513=CARTESIAN_POINT('Ctrl Pts',(-7.04430637475105,0.,-9.01772808747744));
#14514=CARTESIAN_POINT('Ctrl Pts',(-6.93004380943271,0.,-8.84998091711646));
#14515=CARTESIAN_POINT('Ctrl Pts',(-6.57753163983356,0.,-8.66035368105623));
#14516=CARTESIAN_POINT('Ctrl Pts',(-6.32712644349762,0.,-8.66035368105623));
#14517=CARTESIAN_POINT('',(-6.32712644349762,-0.1,-8.66035368105623));
#14518=CARTESIAN_POINT('Ctrl Pts',(-6.32712644349762,-0.1,-8.66035368105623));
#14519=CARTESIAN_POINT('Ctrl Pts',(-6.57753163983356,-0.1,-8.66035368105623));
#14520=CARTESIAN_POINT('Ctrl Pts',(-6.93004380943271,-0.1,-8.84998091711646));
#14521=CARTESIAN_POINT('Ctrl Pts',(-7.04430637475105,-0.1,-9.01772808747744));
#14522=CARTESIAN_POINT('',(-6.32712644349762,0.,-8.66035368105623));
#14523=CARTESIAN_POINT('Ctrl Pts',(-5.66099999887578,0.,-8.92291446944732));
#14524=CARTESIAN_POINT('Ctrl Pts',(-5.66099999887578,-0.1,-8.92291446944732));
#14525=CARTESIAN_POINT('Ctrl Pts',(-5.78255591942721,0.,-8.79892743048486));
#14526=CARTESIAN_POINT('Ctrl Pts',(-5.78255591942721,-0.1,-8.79892743048486));
#14527=CARTESIAN_POINT('Ctrl Pts',(-6.13263697061533,0.,-8.66035368105623));
#14528=CARTESIAN_POINT('Ctrl Pts',(-6.13263697061533,-0.1,-8.66035368105623));
#14529=CARTESIAN_POINT('Ctrl Pts',(-6.32712644349762,0.,-8.66035368105623));
#14530=CARTESIAN_POINT('Ctrl Pts',(-6.32712644349762,-0.1,-8.66035368105623));
#14531=CARTESIAN_POINT('Ctrl Pts',(-6.32712644349762,0.,-8.66035368105623));
#14532=CARTESIAN_POINT('Ctrl Pts',(-6.13263697061533,0.,-8.66035368105623));
#14533=CARTESIAN_POINT('Ctrl Pts',(-5.78255591942721,0.,-8.79892743048486));
#14534=CARTESIAN_POINT('Ctrl Pts',(-5.66099999887578,0.,-8.92291446944732));
#14535=CARTESIAN_POINT('Ctrl Pts',(-5.66099999887578,-0.1,-8.92291446944732));
#14536=CARTESIAN_POINT('Ctrl Pts',(-5.78255591942721,-0.1,-8.79892743048486));
#14537=CARTESIAN_POINT('Ctrl Pts',(-6.13263697061533,-0.1,-8.66035368105623));
#14538=CARTESIAN_POINT('Ctrl Pts',(-6.32712644349762,-0.1,-8.66035368105623));
#14539=CARTESIAN_POINT('Origin',(-5.82792462125892,-0.1,-9.97746375728349));
#14540=CARTESIAN_POINT('Origin',(-5.97582973408493,0.,-21.9630281622275));
#14541=CARTESIAN_POINT('',(-5.55038403630591,0.,-21.9630281622275));
#14542=CARTESIAN_POINT('',(-5.97582973408493,0.,-21.9630281622275));
#14543=CARTESIAN_POINT('',(-2.98791486704246,0.,-21.9630281622275));
#14544=CARTESIAN_POINT('',(-5.55038403630591,-0.1,-21.9630281622275));
#14545=CARTESIAN_POINT('',(-5.55038403630591,0.,-21.9630281622275));
#14546=CARTESIAN_POINT('',(-5.97582973408493,-0.1,-21.9630281622275));
#14547=CARTESIAN_POINT('',(-5.55038403630591,-0.1,-21.9630281622275));
#14548=CARTESIAN_POINT('',(-5.97582973408493,0.,-21.9630281622275));
#14549=CARTESIAN_POINT('Origin',(-5.97582973408493,0.,-20.6384738898088));
#14550=CARTESIAN_POINT('',(-5.97582973408493,0.,-20.6384738898088));
#14551=CARTESIAN_POINT('',(-5.97582973408493,0.,-10.3192369449044));
#14552=CARTESIAN_POINT('',(-5.97582973408493,-0.1,-20.6384738898088));
#14553=CARTESIAN_POINT('',(-5.97582973408493,-0.1,-21.9630281622275));
#14554=CARTESIAN_POINT('',(-5.97582973408493,0.,-20.6384738898088));
#14555=CARTESIAN_POINT('Origin',(-5.55038403630591,0.,-20.6384738898088));
#14556=CARTESIAN_POINT('',(-5.55038403630591,0.,-20.6384738898088));
#14557=CARTESIAN_POINT('',(-2.77519201815296,0.,-20.6384738898088));
#14558=CARTESIAN_POINT('',(-5.55038403630591,-0.1,-20.6384738898088));
#14559=CARTESIAN_POINT('',(-5.97582973408493,-0.1,-20.6384738898088));
#14560=CARTESIAN_POINT('',(-5.55038403630591,0.,-20.6384738898088));
#14561=CARTESIAN_POINT('Origin',(-5.55038403630591,0.,-21.9630281622275));
#14562=CARTESIAN_POINT('',(-5.55038403630591,0.,-10.9815140811138));
#14563=CARTESIAN_POINT('',(-5.55038403630591,-0.1,-20.6384738898088));
#14564=CARTESIAN_POINT('Origin',(-5.76310688519542,-0.1,-21.3007510260182));
#14565=CARTESIAN_POINT('Origin',(-7.23150249240026,0.,-12.6084899805667));
#14566=CARTESIAN_POINT('',(-4.23150237319097,0.,-12.6084899805667));
#14567=CARTESIAN_POINT('',(-7.23150249240026,0.,-12.6084899805667));
#14568=CARTESIAN_POINT('',(-3.61575124620013,0.,-12.6084899805667));
#14569=CARTESIAN_POINT('',(-4.23150237319097,-0.1,-12.6084899805667));
#14570=CARTESIAN_POINT('',(-4.23150237319097,0.,-12.6084899805667));
#14571=CARTESIAN_POINT('',(-7.23150249240026,-0.1,-12.6084899805667));
#14572=CARTESIAN_POINT('',(-4.23150237319097,-0.1,-12.6084899805667));
#14573=CARTESIAN_POINT('',(-7.23150249240026,0.,-12.6084899805667));
#14574=CARTESIAN_POINT('Origin',(-7.23150249240026,0.,-12.209786561158));
#14575=CARTESIAN_POINT('',(-7.23150249240026,0.,-12.209786561158));
#14576=CARTESIAN_POINT('',(-7.23150249240026,0.,-6.10489328057899));
#14577=CARTESIAN_POINT('',(-7.23150249240026,-0.1,-12.209786561158));
#14578=CARTESIAN_POINT('',(-7.23150249240026,-0.1,-12.6084899805667));
#14579=CARTESIAN_POINT('',(-7.23150249240026,0.,-12.209786561158));
#14580=CARTESIAN_POINT('Origin',(-4.58644566120114,0.,-12.209786561158));
#14581=CARTESIAN_POINT('',(-4.58644566120114,0.,-12.209786561158));
#14582=CARTESIAN_POINT('',(-2.29322283060057,0.,-12.209786561158));
#14583=CARTESIAN_POINT('',(-4.58644566120114,-0.1,-12.209786561158));
#14584=CARTESIAN_POINT('',(-7.23150249240026,-0.1,-12.209786561158));
#14585=CARTESIAN_POINT('',(-4.58644566120114,0.,-12.209786561158));
#14586=CARTESIAN_POINT('Origin',(-4.58644566120114,0.,-10.8702403166812));
#14587=CARTESIAN_POINT('',(-4.58644566120114,0.,-10.8702403166812));
#14588=CARTESIAN_POINT('',(-4.58644566120114,0.,-5.43512015834061));
#14589=CARTESIAN_POINT('',(-4.58644566120114,-0.1,-10.8702403166812));
#14590=CARTESIAN_POINT('',(-4.58644566120114,-0.1,-12.209786561158));
#14591=CARTESIAN_POINT('',(-4.58644566120114,0.,-10.8702403166812));
#14592=CARTESIAN_POINT('Origin',(-4.23150237319097,0.,-10.8702403166812));
#14593=CARTESIAN_POINT('',(-4.23150237319097,0.,-10.8702403166812));
#14594=CARTESIAN_POINT('',(-2.11575118659548,0.,-10.8702403166812));
#14595=CARTESIAN_POINT('',(-4.23150237319097,-0.1,-10.8702403166812));
#14596=CARTESIAN_POINT('',(-4.58644566120114,-0.1,-10.8702403166812));
#14597=CARTESIAN_POINT('',(-4.23150237319097,0.,-10.8702403166812));
#14598=CARTESIAN_POINT('Origin',(-4.23150237319097,0.,-12.6084899805667));
#14599=CARTESIAN_POINT('',(-4.23150237319097,0.,-6.30424499028334));
#14600=CARTESIAN_POINT('',(-4.23150237319097,-0.1,-10.8702403166812));
#14601=CARTESIAN_POINT('Origin',(-5.35761163905761,-0.1,-12.1132559423619));
#14602=CARTESIAN_POINT('Ctrl Pts',(-4.49649427999308,0.,-3.34592883454772));
#14603=CARTESIAN_POINT('Ctrl Pts',(-4.49649427999308,-0.1,-3.34592883454772));
#14604=CARTESIAN_POINT('Ctrl Pts',(-4.49649427999308,0.,-3.10281699344486));
#14605=CARTESIAN_POINT('Ctrl Pts',(-4.49649427999308,-0.1,-3.10281699344486));
#14606=CARTESIAN_POINT('Ctrl Pts',(-4.84171309435914,0.,-2.80378942888834));
#14607=CARTESIAN_POINT('Ctrl Pts',(-4.84171309435914,-0.1,-2.80378942888834));
#14608=CARTESIAN_POINT('Ctrl Pts',(-5.1869319087252,0.,-2.80378942888834));
#14609=CARTESIAN_POINT('Ctrl Pts',(-5.1869319087252,-0.1,-2.80378942888834));
#14610=CARTESIAN_POINT('',(-4.49649427999308,0.,-3.34592883454772));
#14611=CARTESIAN_POINT('',(-5.1869319087252,0.,-2.80378942888834));
#14612=CARTESIAN_POINT('Ctrl Pts',(-4.49649427999308,0.,-3.34592883454772));
#14613=CARTESIAN_POINT('Ctrl Pts',(-4.49649427999308,0.,-3.10281699344486));
#14614=CARTESIAN_POINT('Ctrl Pts',(-4.84171309435914,0.,-2.80378942888834));
#14615=CARTESIAN_POINT('Ctrl Pts',(-5.1869319087252,0.,-2.80378942888834));
#14616=CARTESIAN_POINT('',(-4.49649427999308,-0.1,-3.34592883454772));
#14617=CARTESIAN_POINT('',(-4.49649427999308,0.,-3.34592883454772));
#14618=CARTESIAN_POINT('',(-5.1869319087252,-0.1,-2.80378942888834));
#14619=CARTESIAN_POINT('Ctrl Pts',(-5.1869319087252,-0.1,-2.80378942888834));
#14620=CARTESIAN_POINT('Ctrl Pts',(-4.84171309435914,-0.1,-2.80378942888834));
#14621=CARTESIAN_POINT('Ctrl Pts',(-4.49649427999308,-0.1,-3.10281699344486));
#14622=CARTESIAN_POINT('Ctrl Pts',(-4.49649427999308,-0.1,-3.34592883454772));
#14623=CARTESIAN_POINT('',(-5.1869319087252,0.,-2.80378942888834));
#14624=CARTESIAN_POINT('Ctrl Pts',(-4.66667256876509,0.,-3.72032106984612));
#14625=CARTESIAN_POINT('Ctrl Pts',(-4.66667256876509,-0.1,-3.72032106984612));
#14626=CARTESIAN_POINT('Ctrl Pts',(-4.57185895073497,0.,-3.63523192546012));
#14627=CARTESIAN_POINT('Ctrl Pts',(-4.57185895073497,-0.1,-3.63523192546012));
#14628=CARTESIAN_POINT('Ctrl Pts',(-4.49649427999308,0.,-3.45046692622195));
#14629=CARTESIAN_POINT('Ctrl Pts',(-4.49649427999308,-0.1,-3.45046692622195));
#14630=CARTESIAN_POINT('Ctrl Pts',(-4.49649427999308,0.,-3.34592883454772));
#14631=CARTESIAN_POINT('Ctrl Pts',(-4.49649427999308,-0.1,-3.34592883454772));
#14632=CARTESIAN_POINT('',(-4.66667256876509,0.,-3.72032106984612));
#14633=CARTESIAN_POINT('Ctrl Pts',(-4.66667256876509,0.,-3.72032106984612));
#14634=CARTESIAN_POINT('Ctrl Pts',(-4.57185895073497,0.,-3.63523192546012));
#14635=CARTESIAN_POINT('Ctrl Pts',(-4.49649427999308,0.,-3.45046692622195));
#14636=CARTESIAN_POINT('Ctrl Pts',(-4.49649427999308,0.,-3.34592883454772));
#14637=CARTESIAN_POINT('',(-4.66667256876509,-0.1,-3.72032106984612));
#14638=CARTESIAN_POINT('',(-4.66667256876509,0.,-3.72032106984612));
#14639=CARTESIAN_POINT('Ctrl Pts',(-4.49649427999308,-0.1,-3.34592883454772));
#14640=CARTESIAN_POINT('Ctrl Pts',(-4.49649427999308,-0.1,-3.45046692622195));
#14641=CARTESIAN_POINT('Ctrl Pts',(-4.57185895073497,-0.1,-3.63523192546012));
#14642=CARTESIAN_POINT('Ctrl Pts',(-4.66667256876509,-0.1,-3.72032106984612));
#14643=CARTESIAN_POINT('Ctrl Pts',(-5.45921717076041,0.,-3.93425949001664));
#14644=CARTESIAN_POINT('Ctrl Pts',(-5.45921717076041,-0.1,-3.93425949001664));
#14645=CARTESIAN_POINT('Ctrl Pts',(-5.14803401414875,0.,-3.93425949001664));
#14646=CARTESIAN_POINT('Ctrl Pts',(-5.14803401414875,-0.1,-3.93425949001664));
#14647=CARTESIAN_POINT('Ctrl Pts',(-4.76634842361726,0.,-3.81270356946521));
#14648=CARTESIAN_POINT('Ctrl Pts',(-4.76634842361726,-0.1,-3.81270356946521));
#14649=CARTESIAN_POINT('Ctrl Pts',(-4.66667256876509,0.,-3.72032106984612));
#14650=CARTESIAN_POINT('Ctrl Pts',(-4.66667256876509,-0.1,-3.72032106984612));
#14651=CARTESIAN_POINT('',(-5.45921717076041,0.,-3.93425949001664));
#14652=CARTESIAN_POINT('Ctrl Pts',(-5.45921717076041,0.,-3.93425949001664));
#14653=CARTESIAN_POINT('Ctrl Pts',(-5.14803401414875,0.,-3.93425949001664));
#14654=CARTESIAN_POINT('Ctrl Pts',(-4.76634842361726,0.,-3.81270356946521));
#14655=CARTESIAN_POINT('Ctrl Pts',(-4.66667256876509,0.,-3.72032106984612));
#14656=CARTESIAN_POINT('',(-5.45921717076041,-0.1,-3.93425949001664));
#14657=CARTESIAN_POINT('',(-5.45921717076041,0.,-3.93425949001664));
#14658=CARTESIAN_POINT('Ctrl Pts',(-4.66667256876509,-0.1,-3.72032106984612));
#14659=CARTESIAN_POINT('Ctrl Pts',(-4.76634842361726,-0.1,-3.81270356946521));
#14660=CARTESIAN_POINT('Ctrl Pts',(-5.14803401414875,-0.1,-3.93425949001664));
#14661=CARTESIAN_POINT('Ctrl Pts',(-5.45921717076041,-0.1,-3.93425949001664));
#14662=CARTESIAN_POINT('Ctrl Pts',(-5.64884440682064,0.,-3.92696613478355));
#14663=CARTESIAN_POINT('Ctrl Pts',(-5.64884440682064,-0.1,-3.92696613478355));
#14664=CARTESIAN_POINT('Ctrl Pts',(-5.60508427542213,0.,-3.92939725319458));
#14665=CARTESIAN_POINT('Ctrl Pts',(-5.60508427542213,-0.1,-3.92939725319458));
#14666=CARTESIAN_POINT('Ctrl Pts',(-5.52242624944715,0.,-3.93425949001664));
#14667=CARTESIAN_POINT('Ctrl Pts',(-5.52242624944715,-0.1,-3.93425949001664));
#14668=CARTESIAN_POINT('Ctrl Pts',(-5.45921717076041,0.,-3.93425949001664));
#14669=CARTESIAN_POINT('Ctrl Pts',(-5.45921717076041,-0.1,-3.93425949001664));
#14670=CARTESIAN_POINT('',(-5.64884440682064,0.,-3.92696613478355));
#14671=CARTESIAN_POINT('Ctrl Pts',(-5.64884440682064,0.,-3.92696613478355));
#14672=CARTESIAN_POINT('Ctrl Pts',(-5.60508427542213,0.,-3.92939725319458));
#14673=CARTESIAN_POINT('Ctrl Pts',(-5.52242624944715,0.,-3.93425949001664));
#14674=CARTESIAN_POINT('Ctrl Pts',(-5.45921717076041,0.,-3.93425949001664));
#14675=CARTESIAN_POINT('',(-5.64884440682064,-0.1,-3.92696613478355));
#14676=CARTESIAN_POINT('',(-5.64884440682064,0.,-3.92696613478355));
#14677=CARTESIAN_POINT('Ctrl Pts',(-5.45921717076041,-0.1,-3.93425949001664));
#14678=CARTESIAN_POINT('Ctrl Pts',(-5.52242624944715,-0.1,-3.93425949001664));
#14679=CARTESIAN_POINT('Ctrl Pts',(-5.60508427542213,-0.1,-3.92939725319458));
#14680=CARTESIAN_POINT('Ctrl Pts',(-5.64884440682064,-0.1,-3.92696613478355));
#14681=CARTESIAN_POINT('Ctrl Pts',(-5.81416045877058,0.,-3.39212008435726));
#14682=CARTESIAN_POINT('Ctrl Pts',(-5.81416045877058,-0.1,-3.39212008435726));
#14683=CARTESIAN_POINT('Ctrl Pts',(-5.81416045877058,0.,-3.53312495219692));
#14684=CARTESIAN_POINT('Ctrl Pts',(-5.81416045877058,-0.1,-3.53312495219692));
#14685=CARTESIAN_POINT('Ctrl Pts',(-5.72907131438458,0.,-3.79811685899904));
#14686=CARTESIAN_POINT('Ctrl Pts',(-5.72907131438458,-0.1,-3.79811685899904));
#14687=CARTESIAN_POINT('Ctrl Pts',(-5.64884440682064,0.,-3.92696613478355));
#14688=CARTESIAN_POINT('Ctrl Pts',(-5.64884440682064,-0.1,-3.92696613478355));
#14689=CARTESIAN_POINT('',(-5.81416045877058,0.,-3.39212008435726));
#14690=CARTESIAN_POINT('Ctrl Pts',(-5.81416045877058,0.,-3.39212008435726));
#14691=CARTESIAN_POINT('Ctrl Pts',(-5.81416045877058,0.,-3.53312495219692));
#14692=CARTESIAN_POINT('Ctrl Pts',(-5.72907131438458,0.,-3.79811685899904));
#14693=CARTESIAN_POINT('Ctrl Pts',(-5.64884440682064,0.,-3.92696613478355));
#14694=CARTESIAN_POINT('',(-5.81416045877058,-0.1,-3.39212008435726));
#14695=CARTESIAN_POINT('',(-5.81416045877058,0.,-3.39212008435726));
#14696=CARTESIAN_POINT('Ctrl Pts',(-5.64884440682064,-0.1,-3.92696613478355));
#14697=CARTESIAN_POINT('Ctrl Pts',(-5.72907131438458,-0.1,-3.79811685899904));
#14698=CARTESIAN_POINT('Ctrl Pts',(-5.81416045877058,-0.1,-3.53312495219692));
#14699=CARTESIAN_POINT('Ctrl Pts',(-5.81416045877058,-0.1,-3.39212008435726));
#14700=CARTESIAN_POINT('Ctrl Pts',(-5.70962236709635,0.,-3.00800337541474));
#14701=CARTESIAN_POINT('Ctrl Pts',(-5.70962236709635,-0.1,-3.00800337541474));
#14702=CARTESIAN_POINT('Ctrl Pts',(-5.7728314457831,0.,-3.08823028297868));
#14703=CARTESIAN_POINT('Ctrl Pts',(-5.7728314457831,-0.1,-3.08823028297868));
#14704=CARTESIAN_POINT('Ctrl Pts',(-5.81416045877058,0.,-3.28758199268303));
#14705=CARTESIAN_POINT('Ctrl Pts',(-5.81416045877058,-0.1,-3.28758199268303));
#14706=CARTESIAN_POINT('Ctrl Pts',(-5.81416045877058,0.,-3.39212008435726));
#14707=CARTESIAN_POINT('Ctrl Pts',(-5.81416045877058,-0.1,-3.39212008435726));
#14708=CARTESIAN_POINT('',(-5.70962236709635,0.,-3.00800337541474));
#14709=CARTESIAN_POINT('Ctrl Pts',(-5.70962236709635,0.,-3.00800337541474));
#14710=CARTESIAN_POINT('Ctrl Pts',(-5.7728314457831,0.,-3.08823028297868));
#14711=CARTESIAN_POINT('Ctrl Pts',(-5.81416045877058,0.,-3.28758199268303));
#14712=CARTESIAN_POINT('Ctrl Pts',(-5.81416045877058,0.,-3.39212008435726));
#14713=CARTESIAN_POINT('',(-5.70962236709635,-0.1,-3.00800337541474));
#14714=CARTESIAN_POINT('',(-5.70962236709635,0.,-3.00800337541474));
#14715=CARTESIAN_POINT('Ctrl Pts',(-5.81416045877058,-0.1,-3.39212008435726));
#14716=CARTESIAN_POINT('Ctrl Pts',(-5.81416045877058,-0.1,-3.28758199268303));
#14717=CARTESIAN_POINT('Ctrl Pts',(-5.7728314457831,-0.1,-3.08823028297868));
#14718=CARTESIAN_POINT('Ctrl Pts',(-5.70962236709635,-0.1,-3.00800337541474));
#14719=CARTESIAN_POINT('Ctrl Pts',(-5.1869319087252,0.,-2.80378942888834));
#14720=CARTESIAN_POINT('Ctrl Pts',(-5.1869319087252,-0.1,-2.80378942888834));
#14721=CARTESIAN_POINT('Ctrl Pts',(-5.37169690796338,0.,-2.80378942888834));
#14722=CARTESIAN_POINT('Ctrl Pts',(-5.37169690796338,-0.1,-2.80378942888834));
#14723=CARTESIAN_POINT('Ctrl Pts',(-5.62210210429932,0.,-2.90103416532948));
#14724=CARTESIAN_POINT('Ctrl Pts',(-5.62210210429932,-0.1,-2.90103416532948));
#14725=CARTESIAN_POINT('Ctrl Pts',(-5.70962236709635,0.,-3.00800337541474));
#14726=CARTESIAN_POINT('Ctrl Pts',(-5.70962236709635,-0.1,-3.00800337541474));
#14727=CARTESIAN_POINT('Ctrl Pts',(-5.1869319087252,0.,-2.80378942888834));
#14728=CARTESIAN_POINT('Ctrl Pts',(-5.37169690796338,0.,-2.80378942888834));
#14729=CARTESIAN_POINT('Ctrl Pts',(-5.62210210429932,0.,-2.90103416532948));
#14730=CARTESIAN_POINT('Ctrl Pts',(-5.70962236709635,0.,-3.00800337541474));
#14731=CARTESIAN_POINT('Ctrl Pts',(-5.70962236709635,-0.1,-3.00800337541474));
#14732=CARTESIAN_POINT('Ctrl Pts',(-5.62210210429932,-0.1,-2.90103416532948));
#14733=CARTESIAN_POINT('Ctrl Pts',(-5.37169690796338,-0.1,-2.80378942888834));
#14734=CARTESIAN_POINT('Ctrl Pts',(-5.1869319087252,-0.1,-2.80378942888834));
#14735=CARTESIAN_POINT('Ctrl Pts',(-4.16829329450422,0.,-3.34835995295875));
#14736=CARTESIAN_POINT('Ctrl Pts',(-4.16829329450422,-0.1,-3.34835995295875));
#14737=CARTESIAN_POINT('Ctrl Pts',(-4.16829329450422,0.,-3.14657712484337));
#14738=CARTESIAN_POINT('Ctrl Pts',(-4.16829329450422,-0.1,-3.14657712484337));
#14739=CARTESIAN_POINT('Ctrl Pts',(-4.31172928075491,0.,-2.81108278412143));
#14740=CARTESIAN_POINT('Ctrl Pts',(-4.31172928075491,-0.1,-2.81108278412143));
#14741=CARTESIAN_POINT('Ctrl Pts',(-4.45030303018354,0.,-2.67737127151485));
#14742=CARTESIAN_POINT('Ctrl Pts',(-4.45030303018354,-0.1,-2.67737127151485));
#14743=CARTESIAN_POINT('',(-4.45030303018354,0.,-2.67737127151485));
#14744=CARTESIAN_POINT('',(-4.16829329450422,0.,-3.34835995295875));
#14745=CARTESIAN_POINT('Ctrl Pts',(-4.45030303018354,0.,-2.67737127151485));
#14746=CARTESIAN_POINT('Ctrl Pts',(-4.31172928075491,0.,-2.81108278412143));
#14747=CARTESIAN_POINT('Ctrl Pts',(-4.16829329450422,0.,-3.14657712484337));
#14748=CARTESIAN_POINT('Ctrl Pts',(-4.16829329450422,0.,-3.34835995295875));
#14749=CARTESIAN_POINT('',(-4.45030303018354,-0.1,-2.67737127151485));
#14750=CARTESIAN_POINT('',(-4.45030303018354,0.,-2.67737127151485));
#14751=CARTESIAN_POINT('',(-4.16829329450422,-0.1,-3.34835995295875));
#14752=CARTESIAN_POINT('Ctrl Pts',(-4.16829329450422,-0.1,-3.34835995295875));
#14753=CARTESIAN_POINT('Ctrl Pts',(-4.16829329450422,-0.1,-3.14657712484337));
#14754=CARTESIAN_POINT('Ctrl Pts',(-4.31172928075491,-0.1,-2.81108278412143));
#14755=CARTESIAN_POINT('Ctrl Pts',(-4.45030303018354,-0.1,-2.67737127151485));
#14756=CARTESIAN_POINT('',(-4.16829329450422,0.,-3.34835995295875));
#14757=CARTESIAN_POINT('Ctrl Pts',(-4.44057855653943,0.,-4.00962416075852));
#14758=CARTESIAN_POINT('Ctrl Pts',(-4.44057855653943,-0.1,-4.00962416075852));
#14759=CARTESIAN_POINT('Ctrl Pts',(-4.30443592552183,0.,-3.88320600338504));
#14760=CARTESIAN_POINT('Ctrl Pts',(-4.30443592552183,-0.1,-3.88320600338504));
#14761=CARTESIAN_POINT('Ctrl Pts',(-4.16829329450422,0.,-3.55014278107412));
#14762=CARTESIAN_POINT('Ctrl Pts',(-4.16829329450422,-0.1,-3.55014278107412));
#14763=CARTESIAN_POINT('Ctrl Pts',(-4.16829329450422,0.,-3.34835995295875));
#14764=CARTESIAN_POINT('Ctrl Pts',(-4.16829329450422,-0.1,-3.34835995295875));
#14765=CARTESIAN_POINT('',(-4.44057855653943,0.,-4.00962416075852));
#14766=CARTESIAN_POINT('Ctrl Pts',(-4.16829329450422,0.,-3.34835995295875));
#14767=CARTESIAN_POINT('Ctrl Pts',(-4.16829329450422,0.,-3.55014278107412));
#14768=CARTESIAN_POINT('Ctrl Pts',(-4.30443592552183,0.,-3.88320600338504));
#14769=CARTESIAN_POINT('Ctrl Pts',(-4.44057855653943,0.,-4.00962416075852));
#14770=CARTESIAN_POINT('',(-4.44057855653943,-0.1,-4.00962416075852));
#14771=CARTESIAN_POINT('Ctrl Pts',(-4.44057855653943,-0.1,-4.00962416075852));
#14772=CARTESIAN_POINT('Ctrl Pts',(-4.30443592552183,-0.1,-3.88320600338504));
#14773=CARTESIAN_POINT('Ctrl Pts',(-4.16829329450422,-0.1,-3.55014278107412));
#14774=CARTESIAN_POINT('Ctrl Pts',(-4.16829329450422,-0.1,-3.34835995295875));
#14775=CARTESIAN_POINT('',(-4.44057855653943,0.,-4.00962416075852));
#14776=CARTESIAN_POINT('Ctrl Pts',(-5.54916855196847,0.,-4.34025626465841));
#14777=CARTESIAN_POINT('Ctrl Pts',(-5.54916855196847,-0.1,-4.34025626465841));
#14778=CARTESIAN_POINT('Ctrl Pts',(-5.15046513255978,0.,-4.34025626465841));
#14779=CARTESIAN_POINT('Ctrl Pts',(-5.15046513255978,-0.1,-4.34025626465841));
#14780=CARTESIAN_POINT('Ctrl Pts',(-4.60346349007834,0.,-4.16521573906435));
#14781=CARTESIAN_POINT('Ctrl Pts',(-4.60346349007834,-0.1,-4.16521573906435));
#14782=CARTESIAN_POINT('Ctrl Pts',(-4.44057855653943,0.,-4.00962416075852));
#14783=CARTESIAN_POINT('Ctrl Pts',(-4.44057855653943,-0.1,-4.00962416075852));
#14784=CARTESIAN_POINT('',(-5.54916855196847,0.,-4.34025626465841));
#14785=CARTESIAN_POINT('Ctrl Pts',(-4.44057855653943,0.,-4.00962416075852));
#14786=CARTESIAN_POINT('Ctrl Pts',(-4.60346349007834,0.,-4.16521573906435));
#14787=CARTESIAN_POINT('Ctrl Pts',(-5.15046513255978,0.,-4.34025626465841));
#14788=CARTESIAN_POINT('Ctrl Pts',(-5.54916855196847,0.,-4.34025626465841));
#14789=CARTESIAN_POINT('',(-5.54916855196847,-0.1,-4.34025626465841));
#14790=CARTESIAN_POINT('Ctrl Pts',(-5.54916855196847,-0.1,-4.34025626465841));
#14791=CARTESIAN_POINT('Ctrl Pts',(-5.15046513255978,-0.1,-4.34025626465841));
#14792=CARTESIAN_POINT('Ctrl Pts',(-4.60346349007834,-0.1,-4.16521573906435));
#14793=CARTESIAN_POINT('Ctrl Pts',(-4.44057855653943,-0.1,-4.00962416075852));
#14794=CARTESIAN_POINT('',(-5.54916855196847,0.,-4.34025626465841));
#14795=CARTESIAN_POINT('Ctrl Pts',(-6.80362565205922,0.,-4.01205527916955));
#14796=CARTESIAN_POINT('Ctrl Pts',(-6.80362565205922,-0.1,-4.01205527916955));
#14797=CARTESIAN_POINT('Ctrl Pts',(-6.57023828460048,0.,-4.17980244953053));
#14798=CARTESIAN_POINT('Ctrl Pts',(-6.57023828460048,-0.1,-4.17980244953053));
#14799=CARTESIAN_POINT('Ctrl Pts',(-5.94057861614407,0.,-4.34025626465841));
#14800=CARTESIAN_POINT('Ctrl Pts',(-5.94057861614407,-0.1,-4.34025626465841));
#14801=CARTESIAN_POINT('Ctrl Pts',(-5.54916855196847,0.,-4.34025626465841));
#14802=CARTESIAN_POINT('Ctrl Pts',(-5.54916855196847,-0.1,-4.34025626465841));
#14803=CARTESIAN_POINT('',(-6.80362565205922,0.,-4.01205527916955));
#14804=CARTESIAN_POINT('Ctrl Pts',(-5.54916855196847,0.,-4.34025626465841));
#14805=CARTESIAN_POINT('Ctrl Pts',(-5.94057861614407,0.,-4.34025626465841));
#14806=CARTESIAN_POINT('Ctrl Pts',(-6.57023828460048,0.,-4.17980244953053));
#14807=CARTESIAN_POINT('Ctrl Pts',(-6.80362565205922,0.,-4.01205527916955));
#14808=CARTESIAN_POINT('',(-6.80362565205922,-0.1,-4.01205527916955));
#14809=CARTESIAN_POINT('Ctrl Pts',(-6.80362565205922,-0.1,-4.01205527916955));
#14810=CARTESIAN_POINT('Ctrl Pts',(-6.57023828460048,-0.1,-4.17980244953053));
#14811=CARTESIAN_POINT('Ctrl Pts',(-5.94057861614407,-0.1,-4.34025626465841));
#14812=CARTESIAN_POINT('Ctrl Pts',(-5.54916855196847,-0.1,-4.34025626465841));
#14813=CARTESIAN_POINT('',(-6.80362565205922,0.,-4.01205527916955));
#14814=CARTESIAN_POINT('Ctrl Pts',(-7.28741821585391,0.,-2.9958477833596));
#14815=CARTESIAN_POINT('Ctrl Pts',(-7.28741821585391,-0.1,-2.9958477833596));
#14816=CARTESIAN_POINT('Ctrl Pts',(-7.28741821585391,0.,-3.33377324249257));
#14817=CARTESIAN_POINT('Ctrl Pts',(-7.28741821585391,-0.1,-3.33377324249257));
#14818=CARTESIAN_POINT('Ctrl Pts',(-7.03215078269591,0.,-3.84917034563064));
#14819=CARTESIAN_POINT('Ctrl Pts',(-7.03215078269591,-0.1,-3.84917034563064));
#14820=CARTESIAN_POINT('Ctrl Pts',(-6.80362565205922,0.,-4.01205527916955));
#14821=CARTESIAN_POINT('Ctrl Pts',(-6.80362565205922,-0.1,-4.01205527916955));
#14822=CARTESIAN_POINT('',(-7.28741821585391,0.,-2.9958477833596));
#14823=CARTESIAN_POINT('Ctrl Pts',(-6.80362565205922,0.,-4.01205527916955));
#14824=CARTESIAN_POINT('Ctrl Pts',(-7.03215078269591,0.,-3.84917034563064));
#14825=CARTESIAN_POINT('Ctrl Pts',(-7.28741821585391,0.,-3.33377324249257));
#14826=CARTESIAN_POINT('Ctrl Pts',(-7.28741821585391,0.,-2.9958477833596));
#14827=CARTESIAN_POINT('',(-7.28741821585391,-0.1,-2.9958477833596));
#14828=CARTESIAN_POINT('Ctrl Pts',(-7.28741821585391,-0.1,-2.9958477833596));
#14829=CARTESIAN_POINT('Ctrl Pts',(-7.28741821585391,-0.1,-3.33377324249257));
#14830=CARTESIAN_POINT('Ctrl Pts',(-7.03215078269591,-0.1,-3.84917034563064));
#14831=CARTESIAN_POINT('Ctrl Pts',(-6.80362565205922,-0.1,-4.01205527916955));
#14832=CARTESIAN_POINT('',(-7.28741821585391,0.,-2.9958477833596));
#14833=CARTESIAN_POINT('Ctrl Pts',(-7.24608920286643,0.,-2.65549120581559));
#14834=CARTESIAN_POINT('Ctrl Pts',(-7.24608920286643,-0.1,-2.65549120581559));
#14835=CARTESIAN_POINT('Ctrl Pts',(-7.26796926856569,0.,-2.72113140291337));
#14836=CARTESIAN_POINT('Ctrl Pts',(-7.26796926856569,-0.1,-2.72113140291337));
#14837=CARTESIAN_POINT('Ctrl Pts',(-7.28741821585391,0.,-2.89617192850743));
#14838=CARTESIAN_POINT('Ctrl Pts',(-7.28741821585391,-0.1,-2.89617192850743));
#14839=CARTESIAN_POINT('Ctrl Pts',(-7.28741821585391,0.,-2.9958477833596));
#14840=CARTESIAN_POINT('Ctrl Pts',(-7.28741821585391,-0.1,-2.9958477833596));
#14841=CARTESIAN_POINT('',(-7.24608920286643,0.,-2.65549120581559));
#14842=CARTESIAN_POINT('Ctrl Pts',(-7.28741821585391,0.,-2.9958477833596));
#14843=CARTESIAN_POINT('Ctrl Pts',(-7.28741821585391,0.,-2.89617192850743));
#14844=CARTESIAN_POINT('Ctrl Pts',(-7.26796926856569,0.,-2.72113140291337));
#14845=CARTESIAN_POINT('Ctrl Pts',(-7.24608920286643,0.,-2.65549120581559));
#14846=CARTESIAN_POINT('',(-7.24608920286643,-0.1,-2.65549120581559));
#14847=CARTESIAN_POINT('Ctrl Pts',(-7.24608920286643,-0.1,-2.65549120581559));
#14848=CARTESIAN_POINT('Ctrl Pts',(-7.26796926856569,-0.1,-2.72113140291337));
#14849=CARTESIAN_POINT('Ctrl Pts',(-7.28741821585391,-0.1,-2.89617192850743));
#14850=CARTESIAN_POINT('Ctrl Pts',(-7.28741821585391,-0.1,-2.9958477833596));
#14851=CARTESIAN_POINT('',(-7.24608920286643,0.,-2.65549120581559));
#14852=CARTESIAN_POINT('Origin',(-6.85954137551288,0.,-2.65549120581559));
#14853=CARTESIAN_POINT('',(-6.85954137551288,0.,-2.65549120581559));
#14854=CARTESIAN_POINT('',(-3.42977068775644,0.,-2.65549120581559));
#14855=CARTESIAN_POINT('',(-6.85954137551288,-0.1,-2.65549120581559));
#14856=CARTESIAN_POINT('',(-7.24608920286643,-0.1,-2.65549120581559));
#14857=CARTESIAN_POINT('',(-6.85954137551288,0.,-2.65549120581559));
#14858=CARTESIAN_POINT('Origin',(-6.85954137551288,0.,-2.6725090346928));
#14859=CARTESIAN_POINT('',(-6.85954137551288,0.,-2.6725090346928));
#14860=CARTESIAN_POINT('',(-6.85954137551288,0.,-1.3362545173464));
#14861=CARTESIAN_POINT('',(-6.85954137551288,-0.1,-2.6725090346928));
#14862=CARTESIAN_POINT('',(-6.85954137551288,-0.1,-2.65549120581559));
#14863=CARTESIAN_POINT('',(-6.85954137551288,0.,-2.6725090346928));
#14864=CARTESIAN_POINT('Ctrl Pts',(-6.93976828307682,0.,-3.04933238840223));
#14865=CARTESIAN_POINT('Ctrl Pts',(-6.93976828307682,-0.1,-3.04933238840223));
#14866=CARTESIAN_POINT('Ctrl Pts',(-6.93976828307682,0.,-2.93263870467286));
#14867=CARTESIAN_POINT('Ctrl Pts',(-6.93976828307682,-0.1,-2.93263870467286));
#14868=CARTESIAN_POINT('Ctrl Pts',(-6.88871479644522,0.,-2.72842475814645));
#14869=CARTESIAN_POINT('Ctrl Pts',(-6.88871479644522,-0.1,-2.72842475814645));
#14870=CARTESIAN_POINT('Ctrl Pts',(-6.85954137551288,0.,-2.6725090346928));
#14871=CARTESIAN_POINT('Ctrl Pts',(-6.85954137551288,-0.1,-2.6725090346928));
#14872=CARTESIAN_POINT('',(-6.93976828307682,0.,-3.04933238840223));
#14873=CARTESIAN_POINT('Ctrl Pts',(-6.85954137551288,0.,-2.6725090346928));
#14874=CARTESIAN_POINT('Ctrl Pts',(-6.88871479644522,0.,-2.72842475814645));
#14875=CARTESIAN_POINT('Ctrl Pts',(-6.93976828307682,0.,-2.93263870467286));
#14876=CARTESIAN_POINT('Ctrl Pts',(-6.93976828307682,0.,-3.04933238840223));
#14877=CARTESIAN_POINT('',(-6.93976828307682,-0.1,-3.04933238840223));
#14878=CARTESIAN_POINT('Ctrl Pts',(-6.93976828307682,-0.1,-3.04933238840223));
#14879=CARTESIAN_POINT('Ctrl Pts',(-6.93976828307682,-0.1,-2.93263870467286));
#14880=CARTESIAN_POINT('Ctrl Pts',(-6.88871479644522,-0.1,-2.72842475814645));
#14881=CARTESIAN_POINT('Ctrl Pts',(-6.85954137551288,-0.1,-2.6725090346928));
#14882=CARTESIAN_POINT('',(-6.93976828307682,0.,-3.04933238840223));
#14883=CARTESIAN_POINT('Ctrl Pts',(-5.93814749773304,0.,-3.92696613478355));
#14884=CARTESIAN_POINT('Ctrl Pts',(-5.93814749773304,-0.1,-3.92696613478355));
#14885=CARTESIAN_POINT('Ctrl Pts',(-6.43409565358288,0.,-3.88320600338504));
#14886=CARTESIAN_POINT('Ctrl Pts',(-6.43409565358288,-0.1,-3.88320600338504));
#14887=CARTESIAN_POINT('Ctrl Pts',(-6.93976828307682,0.,-3.42372462370063));
#14888=CARTESIAN_POINT('Ctrl Pts',(-6.93976828307682,-0.1,-3.42372462370063));
#14889=CARTESIAN_POINT('Ctrl Pts',(-6.93976828307682,0.,-3.04933238840223));
#14890=CARTESIAN_POINT('Ctrl Pts',(-6.93976828307682,-0.1,-3.04933238840223));
#14891=CARTESIAN_POINT('',(-5.93814749773304,0.,-3.92696613478355));
#14892=CARTESIAN_POINT('Ctrl Pts',(-6.93976828307682,0.,-3.04933238840223));
#14893=CARTESIAN_POINT('Ctrl Pts',(-6.93976828307682,0.,-3.42372462370063));
#14894=CARTESIAN_POINT('Ctrl Pts',(-6.43409565358288,0.,-3.88320600338504));
#14895=CARTESIAN_POINT('Ctrl Pts',(-5.93814749773304,0.,-3.92696613478355));
#14896=CARTESIAN_POINT('',(-5.93814749773304,-0.1,-3.92696613478355));
#14897=CARTESIAN_POINT('Ctrl Pts',(-5.93814749773304,-0.1,-3.92696613478355));
#14898=CARTESIAN_POINT('Ctrl Pts',(-6.43409565358288,-0.1,-3.88320600338504));
#14899=CARTESIAN_POINT('Ctrl Pts',(-6.93976828307682,-0.1,-3.42372462370063));
#14900=CARTESIAN_POINT('Ctrl Pts',(-6.93976828307682,-0.1,-3.04933238840223));
#14901=CARTESIAN_POINT('',(-5.93814749773304,0.,-3.92696613478355));
#14902=CARTESIAN_POINT('Ctrl Pts',(-6.1472236810815,0.,-3.3021687031492));
#14903=CARTESIAN_POINT('Ctrl Pts',(-6.1472236810815,-0.1,-3.3021687031492));
#14904=CARTESIAN_POINT('Ctrl Pts',(-6.1472236810815,0.,-3.48207146556532));
#14905=CARTESIAN_POINT('Ctrl Pts',(-6.1472236810815,-0.1,-3.48207146556532));
#14906=CARTESIAN_POINT('Ctrl Pts',(-6.03782335258521,0.,-3.78353014853286));
#14907=CARTESIAN_POINT('Ctrl Pts',(-6.03782335258521,-0.1,-3.78353014853286));
#14908=CARTESIAN_POINT('Ctrl Pts',(-5.93814749773304,0.,-3.92696613478355));
#14909=CARTESIAN_POINT('Ctrl Pts',(-5.93814749773304,-0.1,-3.92696613478355));
#14910=CARTESIAN_POINT('',(-6.1472236810815,0.,-3.3021687031492));
#14911=CARTESIAN_POINT('Ctrl Pts',(-5.93814749773304,0.,-3.92696613478355));
#14912=CARTESIAN_POINT('Ctrl Pts',(-6.03782335258521,0.,-3.78353014853286));
#14913=CARTESIAN_POINT('Ctrl Pts',(-6.1472236810815,0.,-3.48207146556532));
#14914=CARTESIAN_POINT('Ctrl Pts',(-6.1472236810815,0.,-3.3021687031492));
#14915=CARTESIAN_POINT('',(-6.1472236810815,-0.1,-3.3021687031492));
#14916=CARTESIAN_POINT('Ctrl Pts',(-6.1472236810815,-0.1,-3.3021687031492));
#14917=CARTESIAN_POINT('Ctrl Pts',(-6.1472236810815,-0.1,-3.48207146556532));
#14918=CARTESIAN_POINT('Ctrl Pts',(-6.03782335258521,-0.1,-3.78353014853286));
#14919=CARTESIAN_POINT('Ctrl Pts',(-5.93814749773304,-0.1,-3.92696613478355));
#14920=CARTESIAN_POINT('',(-6.1472236810815,0.,-3.3021687031492));
#14921=CARTESIAN_POINT('Ctrl Pts',(-5.96975203707641,0.,-2.72113140291337));
#14922=CARTESIAN_POINT('Ctrl Pts',(-5.96975203707641,-0.1,-2.72113140291337));
#14923=CARTESIAN_POINT('Ctrl Pts',(-6.07672124716167,0.,-2.86456738916405));
#14924=CARTESIAN_POINT('Ctrl Pts',(-6.07672124716167,-0.1,-2.86456738916405));
#14925=CARTESIAN_POINT('Ctrl Pts',(-6.1472236810815,0.,-3.12712817755514));
#14926=CARTESIAN_POINT('Ctrl Pts',(-6.1472236810815,-0.1,-3.12712817755514));
#14927=CARTESIAN_POINT('Ctrl Pts',(-6.1472236810815,0.,-3.3021687031492));
#14928=CARTESIAN_POINT('Ctrl Pts',(-6.1472236810815,-0.1,-3.3021687031492));
#14929=CARTESIAN_POINT('',(-5.96975203707641,0.,-2.72113140291337));
#14930=CARTESIAN_POINT('Ctrl Pts',(-6.1472236810815,0.,-3.3021687031492));
#14931=CARTESIAN_POINT('Ctrl Pts',(-6.1472236810815,0.,-3.12712817755514));
#14932=CARTESIAN_POINT('Ctrl Pts',(-6.07672124716167,0.,-2.86456738916405));
#14933=CARTESIAN_POINT('Ctrl Pts',(-5.96975203707641,0.,-2.72113140291337));
#14934=CARTESIAN_POINT('',(-5.96975203707641,-0.1,-2.72113140291337));
#14935=CARTESIAN_POINT('Ctrl Pts',(-5.96975203707641,-0.1,-2.72113140291337));
#14936=CARTESIAN_POINT('Ctrl Pts',(-6.07672124716167,-0.1,-2.86456738916405));
#14937=CARTESIAN_POINT('Ctrl Pts',(-6.1472236810815,-0.1,-3.12712817755514));
#14938=CARTESIAN_POINT('Ctrl Pts',(-6.1472236810815,-0.1,-3.3021687031492));
#14939=CARTESIAN_POINT('',(-5.96975203707641,0.,-2.72113140291337));
#14940=CARTESIAN_POINT('Ctrl Pts',(-5.2039497376024,0.,-2.39536153583554));
#14941=CARTESIAN_POINT('Ctrl Pts',(-5.2039497376024,-0.1,-2.39536153583554));
#14942=CARTESIAN_POINT('Ctrl Pts',(-5.46164828917143,0.,-2.39536153583554));
#14943=CARTESIAN_POINT('Ctrl Pts',(-5.46164828917143,-0.1,-2.39536153583554));
#14944=CARTESIAN_POINT('Ctrl Pts',(-5.84576499811395,0.,-2.55581535096342));
#14945=CARTESIAN_POINT('Ctrl Pts',(-5.84576499811395,-0.1,-2.55581535096342));
#14946=CARTESIAN_POINT('Ctrl Pts',(-5.96975203707641,0.,-2.72113140291337));
#14947=CARTESIAN_POINT('Ctrl Pts',(-5.96975203707641,-0.1,-2.72113140291337));
#14948=CARTESIAN_POINT('',(-5.2039497376024,0.,-2.39536153583554));
#14949=CARTESIAN_POINT('Ctrl Pts',(-5.96975203707641,0.,-2.72113140291337));
#14950=CARTESIAN_POINT('Ctrl Pts',(-5.84576499811395,0.,-2.55581535096342));
#14951=CARTESIAN_POINT('Ctrl Pts',(-5.46164828917143,0.,-2.39536153583554));
#14952=CARTESIAN_POINT('Ctrl Pts',(-5.2039497376024,0.,-2.39536153583554));
#14953=CARTESIAN_POINT('',(-5.2039497376024,-0.1,-2.39536153583554));
#14954=CARTESIAN_POINT('Ctrl Pts',(-5.2039497376024,-0.1,-2.39536153583554));
#14955=CARTESIAN_POINT('Ctrl Pts',(-5.46164828917143,-0.1,-2.39536153583554));
#14956=CARTESIAN_POINT('Ctrl Pts',(-5.84576499811395,-0.1,-2.55581535096342));
#14957=CARTESIAN_POINT('Ctrl Pts',(-5.96975203707641,-0.1,-2.72113140291337));
#14958=CARTESIAN_POINT('',(-5.2039497376024,0.,-2.39536153583554));
#14959=CARTESIAN_POINT('Ctrl Pts',(-4.45030303018354,0.,-2.67737127151485));
#14960=CARTESIAN_POINT('Ctrl Pts',(-4.45030303018354,-0.1,-2.67737127151485));
#14961=CARTESIAN_POINT('Ctrl Pts',(-4.58158342437908,0.,-2.54852199573034));
#14962=CARTESIAN_POINT('Ctrl Pts',(-4.58158342437908,-0.1,-2.54852199573034));
#14963=CARTESIAN_POINT('Ctrl Pts',(-4.97299348855469,0.,-2.39536153583554));
#14964=CARTESIAN_POINT('Ctrl Pts',(-4.97299348855469,-0.1,-2.39536153583554));
#14965=CARTESIAN_POINT('Ctrl Pts',(-5.2039497376024,0.,-2.39536153583554));
#14966=CARTESIAN_POINT('Ctrl Pts',(-5.2039497376024,-0.1,-2.39536153583554));
#14967=CARTESIAN_POINT('Ctrl Pts',(-5.2039497376024,0.,-2.39536153583554));
#14968=CARTESIAN_POINT('Ctrl Pts',(-4.97299348855469,0.,-2.39536153583554));
#14969=CARTESIAN_POINT('Ctrl Pts',(-4.58158342437908,0.,-2.54852199573034));
#14970=CARTESIAN_POINT('Ctrl Pts',(-4.45030303018354,0.,-2.67737127151485));
#14971=CARTESIAN_POINT('Ctrl Pts',(-4.45030303018354,-0.1,-2.67737127151485));
#14972=CARTESIAN_POINT('Ctrl Pts',(-4.58158342437908,-0.1,-2.54852199573034));
#14973=CARTESIAN_POINT('Ctrl Pts',(-4.97299348855469,-0.1,-2.39536153583554));
#14974=CARTESIAN_POINT('Ctrl Pts',(-5.2039497376024,-0.1,-2.39536153583554));
#14975=CARTESIAN_POINT('Origin',(-5.88710294412783,-0.1,-3.40740662597234));
#14976=CARTESIAN_POINT('Ctrl Pts',(-4.50135651681514,0.,-1.13117996210066));
#14977=CARTESIAN_POINT('Ctrl Pts',(-4.50135651681514,-0.1,-1.13117996210066));
#14978=CARTESIAN_POINT('Ctrl Pts',(-4.50135651681514,0.,-0.965863910150719));
#14979=CARTESIAN_POINT('Ctrl Pts',(-4.50135651681514,-0.1,-0.965863910150719));
#14980=CARTESIAN_POINT('Ctrl Pts',(-4.659379213532,0.,-0.749494371569173));
#14981=CARTESIAN_POINT('Ctrl Pts',(-4.659379213532,-0.1,-0.749494371569173));
#14982=CARTESIAN_POINT('Ctrl Pts',(-4.81740191024886,0.,-0.688716411293459));
#14983=CARTESIAN_POINT('Ctrl Pts',(-4.81740191024886,-0.1,-0.688716411293459));
#14984=CARTESIAN_POINT('',(-4.50135651681514,0.,-1.13117996210066));
#14985=CARTESIAN_POINT('',(-4.81740191024886,0.,-0.688716411293459));
#14986=CARTESIAN_POINT('Ctrl Pts',(-4.50135651681514,0.,-1.13117996210066));
#14987=CARTESIAN_POINT('Ctrl Pts',(-4.50135651681514,0.,-0.965863910150719));
#14988=CARTESIAN_POINT('Ctrl Pts',(-4.659379213532,0.,-0.749494371569173));
#14989=CARTESIAN_POINT('Ctrl Pts',(-4.81740191024886,0.,-0.688716411293459));
#14990=CARTESIAN_POINT('',(-4.50135651681514,-0.1,-1.13117996210066));
#14991=CARTESIAN_POINT('',(-4.50135651681514,0.,-1.13117996210066));
#14992=CARTESIAN_POINT('',(-4.81740191024886,-0.1,-0.688716411293459));
#14993=CARTESIAN_POINT('Ctrl Pts',(-4.81740191024886,-0.1,-0.688716411293459));
#14994=CARTESIAN_POINT('Ctrl Pts',(-4.659379213532,-0.1,-0.749494371569173));
#14995=CARTESIAN_POINT('Ctrl Pts',(-4.50135651681514,-0.1,-0.965863910150719));
#14996=CARTESIAN_POINT('Ctrl Pts',(-4.50135651681514,-0.1,-1.13117996210066));
#14997=CARTESIAN_POINT('',(-4.81740191024886,0.,-0.688716411293459));
#14998=CARTESIAN_POINT('Ctrl Pts',(-4.82469526548194,0.,-1.58093686814096));
#14999=CARTESIAN_POINT('Ctrl Pts',(-4.82469526548194,-0.1,-1.58093686814096));
#15000=CARTESIAN_POINT('Ctrl Pts',(-4.66910368717611,0.,-1.52259002627627));
#15001=CARTESIAN_POINT('Ctrl Pts',(-4.66910368717611,-0.1,-1.52259002627627));
#15002=CARTESIAN_POINT('Ctrl Pts',(-4.50135651681514,0.,-1.30622048769472));
#15003=CARTESIAN_POINT('Ctrl Pts',(-4.50135651681514,-0.1,-1.30622048769472));
#15004=CARTESIAN_POINT('Ctrl Pts',(-4.50135651681514,0.,-1.13117996210066));
#15005=CARTESIAN_POINT('Ctrl Pts',(-4.50135651681514,-0.1,-1.13117996210066));
#15006=CARTESIAN_POINT('',(-4.82469526548194,0.,-1.58093686814096));
#15007=CARTESIAN_POINT('Ctrl Pts',(-4.82469526548194,0.,-1.58093686814096));
#15008=CARTESIAN_POINT('Ctrl Pts',(-4.66910368717611,0.,-1.52259002627627));
#15009=CARTESIAN_POINT('Ctrl Pts',(-4.50135651681514,0.,-1.30622048769472));
#15010=CARTESIAN_POINT('Ctrl Pts',(-4.50135651681514,0.,-1.13117996210066));
#15011=CARTESIAN_POINT('',(-4.82469526548194,-0.1,-1.58093686814096));
#15012=CARTESIAN_POINT('',(-4.82469526548194,0.,-1.58093686814096));
#15013=CARTESIAN_POINT('Ctrl Pts',(-4.50135651681514,-0.1,-1.13117996210066));
#15014=CARTESIAN_POINT('Ctrl Pts',(-4.50135651681514,-0.1,-1.30622048769472));
#15015=CARTESIAN_POINT('Ctrl Pts',(-4.66910368717611,-0.1,-1.52259002627627));
#15016=CARTESIAN_POINT('Ctrl Pts',(-4.82469526548194,-0.1,-1.58093686814096));
#15017=CARTESIAN_POINT('Ctrl Pts',(-5.72907131438458,0.,-1.68304384140416));
#15018=CARTESIAN_POINT('Ctrl Pts',(-5.72907131438458,-0.1,-1.68304384140416));
#15019=CARTESIAN_POINT('Ctrl Pts',(-5.41302592095086,0.,-1.68304384140416));
#15020=CARTESIAN_POINT('Ctrl Pts',(-5.41302592095086,-0.1,-1.68304384140416));
#15021=CARTESIAN_POINT('Ctrl Pts',(-4.99001131743189,0.,-1.6441459468277));
#15022=CARTESIAN_POINT('Ctrl Pts',(-4.99001131743189,-0.1,-1.6441459468277));
#15023=CARTESIAN_POINT('Ctrl Pts',(-4.82469526548194,0.,-1.58093686814096));
#15024=CARTESIAN_POINT('Ctrl Pts',(-4.82469526548194,-0.1,-1.58093686814096));
#15025=CARTESIAN_POINT('',(-5.72907131438458,0.,-1.68304384140416));
#15026=CARTESIAN_POINT('Ctrl Pts',(-5.72907131438458,0.,-1.68304384140416));
#15027=CARTESIAN_POINT('Ctrl Pts',(-5.41302592095086,0.,-1.68304384140416));
#15028=CARTESIAN_POINT('Ctrl Pts',(-4.99001131743189,0.,-1.6441459468277));
#15029=CARTESIAN_POINT('Ctrl Pts',(-4.82469526548194,0.,-1.58093686814096));
#15030=CARTESIAN_POINT('',(-5.72907131438458,-0.1,-1.68304384140416));
#15031=CARTESIAN_POINT('',(-5.72907131438458,0.,-1.68304384140416));
#15032=CARTESIAN_POINT('Ctrl Pts',(-4.82469526548194,-0.1,-1.58093686814096));
#15033=CARTESIAN_POINT('Ctrl Pts',(-4.99001131743189,-0.1,-1.6441459468277));
#15034=CARTESIAN_POINT('Ctrl Pts',(-5.41302592095086,-0.1,-1.68304384140416));
#15035=CARTESIAN_POINT('Ctrl Pts',(-5.72907131438458,-0.1,-1.68304384140416));
#15036=CARTESIAN_POINT('Ctrl Pts',(-6.64317183693133,0.,-1.57850574972993));
#15037=CARTESIAN_POINT('Ctrl Pts',(-6.64317183693133,-0.1,-1.57850574972993));
#15038=CARTESIAN_POINT('Ctrl Pts',(-6.49001137703653,0.,-1.63928371000564));
#15039=CARTESIAN_POINT('Ctrl Pts',(-6.49001137703653,-0.1,-1.63928371000564));
#15040=CARTESIAN_POINT('Ctrl Pts',(-6.02323664211904,0.,-1.68304384140416));
#15041=CARTESIAN_POINT('Ctrl Pts',(-6.02323664211904,-0.1,-1.68304384140416));
#15042=CARTESIAN_POINT('Ctrl Pts',(-5.72907131438458,0.,-1.68304384140416));
#15043=CARTESIAN_POINT('Ctrl Pts',(-5.72907131438458,-0.1,-1.68304384140416));
#15044=CARTESIAN_POINT('',(-6.64317183693133,0.,-1.57850574972993));
#15045=CARTESIAN_POINT('Ctrl Pts',(-6.64317183693133,0.,-1.57850574972993));
#15046=CARTESIAN_POINT('Ctrl Pts',(-6.49001137703653,0.,-1.63928371000564));
#15047=CARTESIAN_POINT('Ctrl Pts',(-6.02323664211904,0.,-1.68304384140416));
#15048=CARTESIAN_POINT('Ctrl Pts',(-5.72907131438458,0.,-1.68304384140416));
#15049=CARTESIAN_POINT('',(-6.64317183693133,-0.1,-1.57850574972993));
#15050=CARTESIAN_POINT('',(-6.64317183693133,0.,-1.57850574972993));
#15051=CARTESIAN_POINT('Ctrl Pts',(-5.72907131438458,-0.1,-1.68304384140416));
#15052=CARTESIAN_POINT('Ctrl Pts',(-6.02323664211904,-0.1,-1.68304384140416));
#15053=CARTESIAN_POINT('Ctrl Pts',(-6.49001137703653,-0.1,-1.63928371000564));
#15054=CARTESIAN_POINT('Ctrl Pts',(-6.64317183693133,-0.1,-1.57850574972993));
#15055=CARTESIAN_POINT('Ctrl Pts',(-6.95921723036505,0.,-1.13117996210066));
#15056=CARTESIAN_POINT('Ctrl Pts',(-6.95921723036505,-0.1,-1.13117996210066));
#15057=CARTESIAN_POINT('Ctrl Pts',(-6.95921723036505,0.,-1.29892713246164));
#15058=CARTESIAN_POINT('Ctrl Pts',(-6.95921723036505,-0.1,-1.29892713246164));
#15059=CARTESIAN_POINT('Ctrl Pts',(-6.80119453364819,0.,-1.51529667104318));
#15060=CARTESIAN_POINT('Ctrl Pts',(-6.80119453364819,-0.1,-1.51529667104318));
#15061=CARTESIAN_POINT('Ctrl Pts',(-6.64317183693133,0.,-1.57850574972993));
#15062=CARTESIAN_POINT('Ctrl Pts',(-6.64317183693133,-0.1,-1.57850574972993));
#15063=CARTESIAN_POINT('',(-6.95921723036505,0.,-1.13117996210066));
#15064=CARTESIAN_POINT('Ctrl Pts',(-6.95921723036505,0.,-1.13117996210066));
#15065=CARTESIAN_POINT('Ctrl Pts',(-6.95921723036505,0.,-1.29892713246164));
#15066=CARTESIAN_POINT('Ctrl Pts',(-6.80119453364819,0.,-1.51529667104318));
#15067=CARTESIAN_POINT('Ctrl Pts',(-6.64317183693133,0.,-1.57850574972993));
#15068=CARTESIAN_POINT('',(-6.95921723036505,-0.1,-1.13117996210066));
#15069=CARTESIAN_POINT('',(-6.95921723036505,0.,-1.13117996210066));
#15070=CARTESIAN_POINT('Ctrl Pts',(-6.64317183693133,-0.1,-1.57850574972993));
#15071=CARTESIAN_POINT('Ctrl Pts',(-6.80119453364819,-0.1,-1.51529667104318));
#15072=CARTESIAN_POINT('Ctrl Pts',(-6.95921723036505,-0.1,-1.29892713246164));
#15073=CARTESIAN_POINT('Ctrl Pts',(-6.95921723036505,-0.1,-1.13117996210066));
#15074=CARTESIAN_POINT('Ctrl Pts',(-6.64803407375339,0.,-0.691147529704487));
#15075=CARTESIAN_POINT('Ctrl Pts',(-6.64803407375339,-0.1,-0.691147529704487));
#15076=CARTESIAN_POINT('Ctrl Pts',(-6.80119453364819,0.,-0.751925489980202));
#15077=CARTESIAN_POINT('Ctrl Pts',(-6.80119453364819,-0.1,-0.751925489980202));
#15078=CARTESIAN_POINT('Ctrl Pts',(-6.95921723036505,0.,-0.96343279173969));
#15079=CARTESIAN_POINT('Ctrl Pts',(-6.95921723036505,-0.1,-0.96343279173969));
#15080=CARTESIAN_POINT('Ctrl Pts',(-6.95921723036505,0.,-1.13117996210066));
#15081=CARTESIAN_POINT('Ctrl Pts',(-6.95921723036505,-0.1,-1.13117996210066));
#15082=CARTESIAN_POINT('',(-6.64803407375339,0.,-0.691147529704487));
#15083=CARTESIAN_POINT('Ctrl Pts',(-6.64803407375339,0.,-0.691147529704487));
#15084=CARTESIAN_POINT('Ctrl Pts',(-6.80119453364819,0.,-0.751925489980202));
#15085=CARTESIAN_POINT('Ctrl Pts',(-6.95921723036505,0.,-0.96343279173969));
#15086=CARTESIAN_POINT('Ctrl Pts',(-6.95921723036505,0.,-1.13117996210066));
#15087=CARTESIAN_POINT('',(-6.64803407375339,-0.1,-0.691147529704487));
#15088=CARTESIAN_POINT('',(-6.64803407375339,0.,-0.691147529704487));
#15089=CARTESIAN_POINT('Ctrl Pts',(-6.95921723036505,-0.1,-1.13117996210066));
#15090=CARTESIAN_POINT('Ctrl Pts',(-6.95921723036505,-0.1,-0.96343279173969));
#15091=CARTESIAN_POINT('Ctrl Pts',(-6.80119453364819,-0.1,-0.751925489980202));
#15092=CARTESIAN_POINT('Ctrl Pts',(-6.64803407375339,-0.1,-0.691147529704487));
#15093=CARTESIAN_POINT('Ctrl Pts',(-5.73150243279561,0.,-0.5817472012082));
#15094=CARTESIAN_POINT('Ctrl Pts',(-5.73150243279561,-0.1,-0.5817472012082));
#15095=CARTESIAN_POINT('Ctrl Pts',(-6.04025447099624,0.,-0.5817472012082));
#15096=CARTESIAN_POINT('Ctrl Pts',(-6.04025447099624,-0.1,-0.5817472012082));
#15097=CARTESIAN_POINT('Ctrl Pts',(-6.49487361385859,0.,-0.630369569428773));
#15098=CARTESIAN_POINT('Ctrl Pts',(-6.49487361385859,-0.1,-0.630369569428773));
#15099=CARTESIAN_POINT('Ctrl Pts',(-6.64803407375339,0.,-0.691147529704487));
#15100=CARTESIAN_POINT('Ctrl Pts',(-6.64803407375339,-0.1,-0.691147529704487));
#15101=CARTESIAN_POINT('',(-5.73150243279561,0.,-0.5817472012082));
#15102=CARTESIAN_POINT('Ctrl Pts',(-5.73150243279561,0.,-0.5817472012082));
#15103=CARTESIAN_POINT('Ctrl Pts',(-6.04025447099624,0.,-0.5817472012082));
#15104=CARTESIAN_POINT('Ctrl Pts',(-6.49487361385859,0.,-0.630369569428773));
#15105=CARTESIAN_POINT('Ctrl Pts',(-6.64803407375339,0.,-0.691147529704487));
#15106=CARTESIAN_POINT('',(-5.73150243279561,-0.1,-0.5817472012082));
#15107=CARTESIAN_POINT('',(-5.73150243279561,0.,-0.5817472012082));
#15108=CARTESIAN_POINT('Ctrl Pts',(-6.64803407375339,-0.1,-0.691147529704487));
#15109=CARTESIAN_POINT('Ctrl Pts',(-6.49487361385859,-0.1,-0.630369569428773));
#15110=CARTESIAN_POINT('Ctrl Pts',(-6.04025447099624,-0.1,-0.5817472012082));
#15111=CARTESIAN_POINT('Ctrl Pts',(-5.73150243279561,-0.1,-0.5817472012082));
#15112=CARTESIAN_POINT('Ctrl Pts',(-4.81740191024886,0.,-0.688716411293459));
#15113=CARTESIAN_POINT('Ctrl Pts',(-4.81740191024886,-0.1,-0.688716411293459));
#15114=CARTESIAN_POINT('Ctrl Pts',(-4.9657001333216,0.,-0.630369569428773));
#15115=CARTESIAN_POINT('Ctrl Pts',(-4.9657001333216,-0.1,-0.630369569428773));
#15116=CARTESIAN_POINT('Ctrl Pts',(-5.42275039459498,0.,-0.5817472012082));
#15117=CARTESIAN_POINT('Ctrl Pts',(-5.42275039459498,-0.1,-0.5817472012082));
#15118=CARTESIAN_POINT('Ctrl Pts',(-5.73150243279561,0.,-0.5817472012082));
#15119=CARTESIAN_POINT('Ctrl Pts',(-5.73150243279561,-0.1,-0.5817472012082));
#15120=CARTESIAN_POINT('Ctrl Pts',(-4.81740191024886,0.,-0.688716411293459));
#15121=CARTESIAN_POINT('Ctrl Pts',(-4.9657001333216,0.,-0.630369569428773));
#15122=CARTESIAN_POINT('Ctrl Pts',(-5.42275039459498,0.,-0.5817472012082));
#15123=CARTESIAN_POINT('Ctrl Pts',(-5.73150243279561,0.,-0.5817472012082));
#15124=CARTESIAN_POINT('Ctrl Pts',(-5.73150243279561,-0.1,-0.5817472012082));
#15125=CARTESIAN_POINT('Ctrl Pts',(-5.42275039459498,-0.1,-0.5817472012082));
#15126=CARTESIAN_POINT('Ctrl Pts',(-4.9657001333216,-0.1,-0.630369569428773));
#15127=CARTESIAN_POINT('Ctrl Pts',(-4.81740191024886,-0.1,-0.688716411293459));
#15128=CARTESIAN_POINT('Ctrl Pts',(-5.72907131438458,0.,-2.09147173445696));
#15129=CARTESIAN_POINT('Ctrl Pts',(-5.72907131438458,-0.1,-2.09147173445696));
#15130=CARTESIAN_POINT('Ctrl Pts',(-4.93895783080029,0.,-2.09147173445696));
#15131=CARTESIAN_POINT('Ctrl Pts',(-4.93895783080029,-0.1,-2.09147173445696));
#15132=CARTESIAN_POINT('Ctrl Pts',(-4.16829329450422,0.,-1.6271281179505));
#15133=CARTESIAN_POINT('Ctrl Pts',(-4.16829329450422,-0.1,-1.6271281179505));
#15134=CARTESIAN_POINT('Ctrl Pts',(-4.16829329450422,0.,-1.13117996210066));
#15135=CARTESIAN_POINT('Ctrl Pts',(-4.16829329450422,-0.1,-1.13117996210066));
#15136=CARTESIAN_POINT('',(-4.16829329450422,0.,-1.13117996210066));
#15137=CARTESIAN_POINT('',(-5.72907131438458,0.,-2.09147173445696));
#15138=CARTESIAN_POINT('Ctrl Pts',(-4.16829329450422,0.,-1.13117996210066));
#15139=CARTESIAN_POINT('Ctrl Pts',(-4.16829329450422,0.,-1.6271281179505));
#15140=CARTESIAN_POINT('Ctrl Pts',(-4.93895783080029,0.,-2.09147173445696));
#15141=CARTESIAN_POINT('Ctrl Pts',(-5.72907131438458,0.,-2.09147173445696));
#15142=CARTESIAN_POINT('',(-4.16829329450422,-0.1,-1.13117996210066));
#15143=CARTESIAN_POINT('',(-4.16829329450422,0.,-1.13117996210066));
#15144=CARTESIAN_POINT('',(-5.72907131438458,-0.1,-2.09147173445696));
#15145=CARTESIAN_POINT('Ctrl Pts',(-5.72907131438458,-0.1,-2.09147173445696));
#15146=CARTESIAN_POINT('Ctrl Pts',(-4.93895783080029,-0.1,-2.09147173445696));
#15147=CARTESIAN_POINT('Ctrl Pts',(-4.16829329450422,-0.1,-1.6271281179505));
#15148=CARTESIAN_POINT('Ctrl Pts',(-4.16829329450422,-0.1,-1.13117996210066));
#15149=CARTESIAN_POINT('',(-5.72907131438458,0.,-2.09147173445696));
#15150=CARTESIAN_POINT('Ctrl Pts',(-7.29228045267597,0.,-1.13117996210066));
#15151=CARTESIAN_POINT('Ctrl Pts',(-7.29228045267597,-0.1,-1.13117996210066));
#15152=CARTESIAN_POINT('Ctrl Pts',(-7.29228045267597,0.,-1.62226588112844));
#15153=CARTESIAN_POINT('Ctrl Pts',(-7.29228045267597,-0.1,-1.62226588112844));
#15154=CARTESIAN_POINT('Ctrl Pts',(-6.54106486366813,0.,-2.09147173445696));
#15155=CARTESIAN_POINT('Ctrl Pts',(-6.54106486366813,-0.1,-2.09147173445696));
#15156=CARTESIAN_POINT('Ctrl Pts',(-5.72907131438458,0.,-2.09147173445696));
#15157=CARTESIAN_POINT('Ctrl Pts',(-5.72907131438458,-0.1,-2.09147173445696));
#15158=CARTESIAN_POINT('',(-7.29228045267597,0.,-1.13117996210066));
#15159=CARTESIAN_POINT('Ctrl Pts',(-5.72907131438458,0.,-2.09147173445696));
#15160=CARTESIAN_POINT('Ctrl Pts',(-6.54106486366813,0.,-2.09147173445696));
#15161=CARTESIAN_POINT('Ctrl Pts',(-7.29228045267597,0.,-1.62226588112844));
#15162=CARTESIAN_POINT('Ctrl Pts',(-7.29228045267597,0.,-1.13117996210066));
#15163=CARTESIAN_POINT('',(-7.29228045267597,-0.1,-1.13117996210066));
#15164=CARTESIAN_POINT('Ctrl Pts',(-7.29228045267597,-0.1,-1.13117996210066));
#15165=CARTESIAN_POINT('Ctrl Pts',(-7.29228045267597,-0.1,-1.62226588112844));
#15166=CARTESIAN_POINT('Ctrl Pts',(-6.54106486366813,-0.1,-2.09147173445696));
#15167=CARTESIAN_POINT('Ctrl Pts',(-5.72907131438458,-0.1,-2.09147173445696));
#15168=CARTESIAN_POINT('',(-7.29228045267597,0.,-1.13117996210066));
#15169=CARTESIAN_POINT('Ctrl Pts',(-5.73150243279561,0.,-0.173319308155395));
#15170=CARTESIAN_POINT('Ctrl Pts',(-5.73150243279561,-0.1,-0.173319308155395));
#15171=CARTESIAN_POINT('Ctrl Pts',(-6.51432256114682,0.,-0.173319308155395));
#15172=CARTESIAN_POINT('Ctrl Pts',(-6.51432256114682,-0.1,-0.173319308155395));
#15173=CARTESIAN_POINT('Ctrl Pts',(-7.29228045267597,0.,-0.637662924661857));
#15174=CARTESIAN_POINT('Ctrl Pts',(-7.29228045267597,-0.1,-0.637662924661857));
#15175=CARTESIAN_POINT('Ctrl Pts',(-7.29228045267597,0.,-1.13117996210066));
#15176=CARTESIAN_POINT('Ctrl Pts',(-7.29228045267597,-0.1,-1.13117996210066));
#15177=CARTESIAN_POINT('',(-5.73150243279561,0.,-0.173319308155395));
#15178=CARTESIAN_POINT('Ctrl Pts',(-7.29228045267597,0.,-1.13117996210066));
#15179=CARTESIAN_POINT('Ctrl Pts',(-7.29228045267597,0.,-0.637662924661857));
#15180=CARTESIAN_POINT('Ctrl Pts',(-6.51432256114682,0.,-0.173319308155395));
#15181=CARTESIAN_POINT('Ctrl Pts',(-5.73150243279561,0.,-0.173319308155395));
#15182=CARTESIAN_POINT('',(-5.73150243279561,-0.1,-0.173319308155395));
#15183=CARTESIAN_POINT('Ctrl Pts',(-5.73150243279561,-0.1,-0.173319308155395));
#15184=CARTESIAN_POINT('Ctrl Pts',(-6.51432256114682,-0.1,-0.173319308155395));
#15185=CARTESIAN_POINT('Ctrl Pts',(-7.29228045267597,-0.1,-0.637662924661857));
#15186=CARTESIAN_POINT('Ctrl Pts',(-7.29228045267597,-0.1,-1.13117996210066));
#15187=CARTESIAN_POINT('',(-5.73150243279561,0.,-0.173319308155395));
#15188=CARTESIAN_POINT('Ctrl Pts',(-4.16829329450422,0.,-1.13117996210066));
#15189=CARTESIAN_POINT('Ctrl Pts',(-4.16829329450422,-0.1,-1.13117996210066));
#15190=CARTESIAN_POINT('Ctrl Pts',(-4.16829329450422,0.,-0.642525161483916));
#15191=CARTESIAN_POINT('Ctrl Pts',(-4.16829329450422,-0.1,-0.642525161483916));
#15192=CARTESIAN_POINT('Ctrl Pts',(-4.92437112033411,0.,-0.173319308155395));
#15193=CARTESIAN_POINT('Ctrl Pts',(-4.92437112033411,-0.1,-0.173319308155395));
#15194=CARTESIAN_POINT('Ctrl Pts',(-5.73150243279561,0.,-0.173319308155395));
#15195=CARTESIAN_POINT('Ctrl Pts',(-5.73150243279561,-0.1,-0.173319308155395));
#15196=CARTESIAN_POINT('Ctrl Pts',(-5.73150243279561,0.,-0.173319308155395));
#15197=CARTESIAN_POINT('Ctrl Pts',(-4.92437112033411,0.,-0.173319308155395));
#15198=CARTESIAN_POINT('Ctrl Pts',(-4.16829329450422,0.,-0.642525161483916));
#15199=CARTESIAN_POINT('Ctrl Pts',(-4.16829329450422,0.,-1.13117996210066));
#15200=CARTESIAN_POINT('Ctrl Pts',(-4.16829329450422,-0.1,-1.13117996210066));
#15201=CARTESIAN_POINT('Ctrl Pts',(-4.16829329450422,-0.1,-0.642525161483916));
#15202=CARTESIAN_POINT('Ctrl Pts',(-4.92437112033411,-0.1,-0.173319308155395));
#15203=CARTESIAN_POINT('Ctrl Pts',(-5.73150243279561,-0.1,-0.173319308155395));
#15204=CARTESIAN_POINT('Origin',(-5.73018763228309,-0.1,-1.13285318808351));
#15205=CARTESIAN_POINT('Ctrl Pts',(-6.68450084991882,0.,0.293455426762095));
#15206=CARTESIAN_POINT('Ctrl Pts',(-6.68450084991882,-0.1,0.293455426762095));
#15207=CARTESIAN_POINT('Ctrl Pts',(-6.72339874449528,0.,0.349371150215753));
#15208=CARTESIAN_POINT('Ctrl Pts',(-6.72339874449528,-0.1,0.349371150215753));
#15209=CARTESIAN_POINT('Ctrl Pts',(-6.81091900729231,0.,0.49280713646644));
#15210=CARTESIAN_POINT('Ctrl Pts',(-6.81091900729231,-0.1,0.49280713646644));
#15211=CARTESIAN_POINT('Ctrl Pts',(-6.85224802027979,0.,0.590051872907584));
#15212=CARTESIAN_POINT('Ctrl Pts',(-6.85224802027979,-0.1,0.590051872907584));
#15213=CARTESIAN_POINT('',(-6.85224802027979,0.,0.590051872907584));
#15214=CARTESIAN_POINT('',(-6.68450084991882,0.,0.293455426762095));
#15215=CARTESIAN_POINT('Ctrl Pts',(-6.85224802027979,0.,0.590051872907584));
#15216=CARTESIAN_POINT('Ctrl Pts',(-6.81091900729231,0.,0.49280713646644));
#15217=CARTESIAN_POINT('Ctrl Pts',(-6.72339874449528,0.,0.349371150215753));
#15218=CARTESIAN_POINT('Ctrl Pts',(-6.68450084991882,0.,0.293455426762095));
#15219=CARTESIAN_POINT('',(-6.85224802027979,-0.1,0.590051872907584));
#15220=CARTESIAN_POINT('',(-6.85224802027979,0.,0.590051872907584));
#15221=CARTESIAN_POINT('',(-6.68450084991882,-0.1,0.293455426762095));
#15222=CARTESIAN_POINT('Ctrl Pts',(-6.68450084991882,-0.1,0.293455426762095));
#15223=CARTESIAN_POINT('Ctrl Pts',(-6.72339874449528,-0.1,0.349371150215753));
#15224=CARTESIAN_POINT('Ctrl Pts',(-6.81091900729231,-0.1,0.49280713646644));
#15225=CARTESIAN_POINT('Ctrl Pts',(-6.85224802027979,-0.1,0.590051872907584));
#15226=CARTESIAN_POINT('',(-6.68450084991882,0.,0.293455426762095));
#15227=CARTESIAN_POINT('Origin',(-6.68450084991882,0.,0.269144242651809));
#15228=CARTESIAN_POINT('',(-6.68450084991882,0.,0.269144242651809));
#15229=CARTESIAN_POINT('',(-6.68450084991882,0.,0.134572121325903));
#15230=CARTESIAN_POINT('',(-6.68450084991882,-0.1,0.269144242651809));
#15231=CARTESIAN_POINT('',(-6.68450084991882,-0.1,0.293455426762095));
#15232=CARTESIAN_POINT('',(-6.68450084991882,0.,0.269144242651809));
#15233=CARTESIAN_POINT('Origin',(-7.10994657184882,0.,0.269144242651809));
#15234=CARTESIAN_POINT('',(-7.10994657184882,0.,0.269144242651809));
#15235=CARTESIAN_POINT('',(-3.55497328592441,0.,0.269144242651809));
#15236=CARTESIAN_POINT('',(-7.10994657184882,-0.1,0.269144242651809));
#15237=CARTESIAN_POINT('',(-6.68450084991882,-0.1,0.269144242651809));
#15238=CARTESIAN_POINT('',(-7.10994657184882,0.,0.269144242651809));
#15239=CARTESIAN_POINT('Ctrl Pts',(-7.294711571087,0.,1.05196437100302));
#15240=CARTESIAN_POINT('Ctrl Pts',(-7.294711571087,-0.1,1.05196437100302));
#15241=CARTESIAN_POINT('Ctrl Pts',(-7.294711571087,0.,0.850181542887644));
#15242=CARTESIAN_POINT('Ctrl Pts',(-7.294711571087,-0.1,0.850181542887644));
#15243=CARTESIAN_POINT('Ctrl Pts',(-7.18044900576865,0.,0.400424636847353));
#15244=CARTESIAN_POINT('Ctrl Pts',(-7.18044900576865,-0.1,0.400424636847353));
#15245=CARTESIAN_POINT('Ctrl Pts',(-7.10994657184882,0.,0.269144242651809));
#15246=CARTESIAN_POINT('Ctrl Pts',(-7.10994657184882,-0.1,0.269144242651809));
#15247=CARTESIAN_POINT('',(-7.294711571087,0.,1.05196437100302));
#15248=CARTESIAN_POINT('Ctrl Pts',(-7.10994657184882,0.,0.269144242651809));
#15249=CARTESIAN_POINT('Ctrl Pts',(-7.18044900576865,0.,0.400424636847353));
#15250=CARTESIAN_POINT('Ctrl Pts',(-7.294711571087,0.,0.850181542887644));
#15251=CARTESIAN_POINT('Ctrl Pts',(-7.294711571087,0.,1.05196437100302));
#15252=CARTESIAN_POINT('',(-7.294711571087,-0.1,1.05196437100302));
#15253=CARTESIAN_POINT('Ctrl Pts',(-7.294711571087,-0.1,1.05196437100302));
#15254=CARTESIAN_POINT('Ctrl Pts',(-7.294711571087,-0.1,0.850181542887644));
#15255=CARTESIAN_POINT('Ctrl Pts',(-7.18044900576865,-0.1,0.400424636847353));
#15256=CARTESIAN_POINT('Ctrl Pts',(-7.10994657184882,-0.1,0.269144242651809));
#15257=CARTESIAN_POINT('',(-7.294711571087,0.,1.05196437100302));
#15258=CARTESIAN_POINT('Ctrl Pts',(-7.124533282315,0.,1.68405515787045));
#15259=CARTESIAN_POINT('Ctrl Pts',(-7.124533282315,-0.1,1.68405515787045));
#15260=CARTESIAN_POINT('Ctrl Pts',(-7.21205354511203,0.,1.56006811890799));
#15261=CARTESIAN_POINT('Ctrl Pts',(-7.21205354511203,-0.1,1.56006811890799));
#15262=CARTESIAN_POINT('Ctrl Pts',(-7.294711571087,0.,1.25617831752942));
#15263=CARTESIAN_POINT('Ctrl Pts',(-7.294711571087,-0.1,1.25617831752942));
#15264=CARTESIAN_POINT('Ctrl Pts',(-7.294711571087,0.,1.05196437100302));
#15265=CARTESIAN_POINT('Ctrl Pts',(-7.294711571087,-0.1,1.05196437100302));
#15266=CARTESIAN_POINT('',(-7.124533282315,0.,1.68405515787045));
#15267=CARTESIAN_POINT('Ctrl Pts',(-7.294711571087,0.,1.05196437100302));
#15268=CARTESIAN_POINT('Ctrl Pts',(-7.294711571087,0.,1.25617831752942));
#15269=CARTESIAN_POINT('Ctrl Pts',(-7.21205354511203,0.,1.56006811890799));
#15270=CARTESIAN_POINT('Ctrl Pts',(-7.124533282315,0.,1.68405515787045));
#15271=CARTESIAN_POINT('',(-7.124533282315,-0.1,1.68405515787045));
#15272=CARTESIAN_POINT('Ctrl Pts',(-7.124533282315,-0.1,1.68405515787045));
#15273=CARTESIAN_POINT('Ctrl Pts',(-7.21205354511203,-0.1,1.56006811890799));
#15274=CARTESIAN_POINT('Ctrl Pts',(-7.294711571087,-0.1,1.25617831752942));
#15275=CARTESIAN_POINT('Ctrl Pts',(-7.294711571087,-0.1,1.05196437100302));
#15276=CARTESIAN_POINT('',(-7.124533282315,0.,1.68405515787045));
#15277=CARTESIAN_POINT('Ctrl Pts',(-6.57023828460048,0.,1.9514781830836));
#15278=CARTESIAN_POINT('Ctrl Pts',(-6.57023828460048,-0.1,1.9514781830836));
#15279=CARTESIAN_POINT('Ctrl Pts',(-6.75500328383865,0.,1.9514781830836));
#15280=CARTESIAN_POINT('Ctrl Pts',(-6.75500328383865,-0.1,1.9514781830836));
#15281=CARTESIAN_POINT('Ctrl Pts',(-7.02971966428488,0.,1.815335552066));
#15282=CARTESIAN_POINT('Ctrl Pts',(-7.02971966428488,-0.1,1.815335552066));
#15283=CARTESIAN_POINT('Ctrl Pts',(-7.124533282315,0.,1.68405515787045));
#15284=CARTESIAN_POINT('Ctrl Pts',(-7.124533282315,-0.1,1.68405515787045));
#15285=CARTESIAN_POINT('',(-6.57023828460048,0.,1.9514781830836));
#15286=CARTESIAN_POINT('Ctrl Pts',(-7.124533282315,0.,1.68405515787045));
#15287=CARTESIAN_POINT('Ctrl Pts',(-7.02971966428488,0.,1.815335552066));
#15288=CARTESIAN_POINT('Ctrl Pts',(-6.75500328383865,0.,1.9514781830836));
#15289=CARTESIAN_POINT('Ctrl Pts',(-6.57023828460048,0.,1.9514781830836));
#15290=CARTESIAN_POINT('',(-6.57023828460048,-0.1,1.9514781830836));
#15291=CARTESIAN_POINT('Ctrl Pts',(-6.57023828460048,-0.1,1.9514781830836));
#15292=CARTESIAN_POINT('Ctrl Pts',(-6.75500328383865,-0.1,1.9514781830836));
#15293=CARTESIAN_POINT('Ctrl Pts',(-7.02971966428488,-0.1,1.815335552066));
#15294=CARTESIAN_POINT('Ctrl Pts',(-7.124533282315,-0.1,1.68405515787045));
#15295=CARTESIAN_POINT('',(-6.57023828460048,0.,1.9514781830836));
#15296=CARTESIAN_POINT('Ctrl Pts',(-5.89924960315658,0.,1.39718318536908));
#15297=CARTESIAN_POINT('Ctrl Pts',(-5.89924960315658,-0.1,1.39718318536908));
#15298=CARTESIAN_POINT('Ctrl Pts',(-5.94787197137715,0.,1.62570831600577));
#15299=CARTESIAN_POINT('Ctrl Pts',(-5.94787197137715,-0.1,1.62570831600577));
#15300=CARTESIAN_POINT('Ctrl Pts',(-6.32226420667556,0.,1.9514781830836));
#15301=CARTESIAN_POINT('Ctrl Pts',(-6.32226420667556,-0.1,1.9514781830836));
#15302=CARTESIAN_POINT('Ctrl Pts',(-6.57023828460048,0.,1.9514781830836));
#15303=CARTESIAN_POINT('Ctrl Pts',(-6.57023828460048,-0.1,1.9514781830836));
#15304=CARTESIAN_POINT('',(-5.89924960315658,0.,1.39718318536908));
#15305=CARTESIAN_POINT('Ctrl Pts',(-6.57023828460048,0.,1.9514781830836));
#15306=CARTESIAN_POINT('Ctrl Pts',(-6.32226420667556,0.,1.9514781830836));
#15307=CARTESIAN_POINT('Ctrl Pts',(-5.94787197137715,0.,1.62570831600577));
#15308=CARTESIAN_POINT('Ctrl Pts',(-5.89924960315658,0.,1.39718318536908));
#15309=CARTESIAN_POINT('',(-5.89924960315658,-0.1,1.39718318536908));
#15310=CARTESIAN_POINT('Ctrl Pts',(-5.89924960315658,-0.1,1.39718318536908));
#15311=CARTESIAN_POINT('Ctrl Pts',(-5.94787197137715,-0.1,1.62570831600577));
#15312=CARTESIAN_POINT('Ctrl Pts',(-6.32226420667556,-0.1,1.9514781830836));
#15313=CARTESIAN_POINT('Ctrl Pts',(-6.57023828460048,-0.1,1.9514781830836));
#15314=CARTESIAN_POINT('',(-5.89924960315658,0.,1.39718318536908));
#15315=CARTESIAN_POINT('Origin',(-5.87007618222424,0.,1.39718318536908));
#15316=CARTESIAN_POINT('',(-5.87007618222424,0.,1.39718318536908));
#15317=CARTESIAN_POINT('',(-2.93503809111212,0.,1.39718318536908));
#15318=CARTESIAN_POINT('',(-5.87007618222424,-0.1,1.39718318536908));
#15319=CARTESIAN_POINT('',(-5.89924960315658,-0.1,1.39718318536908));
#15320=CARTESIAN_POINT('',(-5.87007618222424,0.,1.39718318536908));
#15321=CARTESIAN_POINT('Ctrl Pts',(-5.67558670934195,0.,1.80074884159983));
#15322=CARTESIAN_POINT('Ctrl Pts',(-5.67558670934195,-0.1,1.80074884159983));
#15323=CARTESIAN_POINT('Ctrl Pts',(-5.76310697213898,0.,1.70836634198074));
#15324=CARTESIAN_POINT('Ctrl Pts',(-5.76310697213898,-0.1,1.70836634198074));
#15325=CARTESIAN_POINT('Ctrl Pts',(-5.85062723493601,0.,1.49199680339919));
#15326=CARTESIAN_POINT('Ctrl Pts',(-5.85062723493601,-0.1,1.49199680339919));
#15327=CARTESIAN_POINT('Ctrl Pts',(-5.87007618222424,0.,1.39718318536908));
#15328=CARTESIAN_POINT('Ctrl Pts',(-5.87007618222424,-0.1,1.39718318536908));
#15329=CARTESIAN_POINT('',(-5.67558670934195,0.,1.80074884159983));
#15330=CARTESIAN_POINT('Ctrl Pts',(-5.87007618222424,0.,1.39718318536908));
#15331=CARTESIAN_POINT('Ctrl Pts',(-5.85062723493601,0.,1.49199680339919));
#15332=CARTESIAN_POINT('Ctrl Pts',(-5.76310697213898,0.,1.70836634198074));
#15333=CARTESIAN_POINT('Ctrl Pts',(-5.67558670934195,0.,1.80074884159983));
#15334=CARTESIAN_POINT('',(-5.67558670934195,-0.1,1.80074884159983));
#15335=CARTESIAN_POINT('Ctrl Pts',(-5.67558670934195,-0.1,1.80074884159983));
#15336=CARTESIAN_POINT('Ctrl Pts',(-5.76310697213898,-0.1,1.70836634198074));
#15337=CARTESIAN_POINT('Ctrl Pts',(-5.85062723493601,-0.1,1.49199680339919));
#15338=CARTESIAN_POINT('Ctrl Pts',(-5.87007618222424,-0.1,1.39718318536908));
#15339=CARTESIAN_POINT('',(-5.67558670934195,0.,1.80074884159983));
#15340=CARTESIAN_POINT('Ctrl Pts',(-5.12129171162743,0.,2.00982502494828));
#15341=CARTESIAN_POINT('Ctrl Pts',(-5.12129171162743,-0.1,2.00982502494828));
#15342=CARTESIAN_POINT('Ctrl Pts',(-5.31821230292075,0.,2.00982502494828));
#15343=CARTESIAN_POINT('Ctrl Pts',(-5.31821230292075,-0.1,2.00982502494828));
#15344=CARTESIAN_POINT('Ctrl Pts',(-5.59049756495595,0.,1.89313134121891));
#15345=CARTESIAN_POINT('Ctrl Pts',(-5.59049756495595,-0.1,1.89313134121891));
#15346=CARTESIAN_POINT('Ctrl Pts',(-5.67558670934195,0.,1.80074884159983));
#15347=CARTESIAN_POINT('Ctrl Pts',(-5.67558670934195,-0.1,1.80074884159983));
#15348=CARTESIAN_POINT('',(-5.12129171162743,0.,2.00982502494828));
#15349=CARTESIAN_POINT('Ctrl Pts',(-5.67558670934195,0.,1.80074884159983));
#15350=CARTESIAN_POINT('Ctrl Pts',(-5.59049756495595,0.,1.89313134121891));
#15351=CARTESIAN_POINT('Ctrl Pts',(-5.31821230292075,0.,2.00982502494828));
#15352=CARTESIAN_POINT('Ctrl Pts',(-5.12129171162743,0.,2.00982502494828));
#15353=CARTESIAN_POINT('',(-5.12129171162743,-0.1,2.00982502494828));
#15354=CARTESIAN_POINT('Ctrl Pts',(-5.12129171162743,-0.1,2.00982502494828));
#15355=CARTESIAN_POINT('Ctrl Pts',(-5.31821230292075,-0.1,2.00982502494828));
#15356=CARTESIAN_POINT('Ctrl Pts',(-5.59049756495595,-0.1,1.89313134121891));
#15357=CARTESIAN_POINT('Ctrl Pts',(-5.67558670934195,-0.1,1.80074884159983));
#15358=CARTESIAN_POINT('',(-5.12129171162743,0.,2.00982502494828));
#15359=CARTESIAN_POINT('Ctrl Pts',(-4.44544079336148,0.,1.74483311814617));
#15360=CARTESIAN_POINT('Ctrl Pts',(-4.44544079336148,-0.1,1.74483311814617));
#15361=CARTESIAN_POINT('Ctrl Pts',(-4.57672118755703,0.,1.87125127551965));
#15362=CARTESIAN_POINT('Ctrl Pts',(-4.57672118755703,-0.1,1.87125127551965));
#15363=CARTESIAN_POINT('Ctrl Pts',(-4.91950888351206,0.,2.00982502494828));
#15364=CARTESIAN_POINT('Ctrl Pts',(-4.91950888351206,-0.1,2.00982502494828));
#15365=CARTESIAN_POINT('Ctrl Pts',(-5.12129171162743,0.,2.00982502494828));
#15366=CARTESIAN_POINT('Ctrl Pts',(-5.12129171162743,-0.1,2.00982502494828));
#15367=CARTESIAN_POINT('',(-4.44544079336148,0.,1.74483311814617));
#15368=CARTESIAN_POINT('Ctrl Pts',(-5.12129171162743,0.,2.00982502494828));
#15369=CARTESIAN_POINT('Ctrl Pts',(-4.91950888351206,0.,2.00982502494828));
#15370=CARTESIAN_POINT('Ctrl Pts',(-4.57672118755703,0.,1.87125127551965));
#15371=CARTESIAN_POINT('Ctrl Pts',(-4.44544079336148,0.,1.74483311814617));
#15372=CARTESIAN_POINT('',(-4.44544079336148,-0.1,1.74483311814617));
#15373=CARTESIAN_POINT('Ctrl Pts',(-4.44544079336148,-0.1,1.74483311814617));
#15374=CARTESIAN_POINT('Ctrl Pts',(-4.57672118755703,-0.1,1.87125127551965));
#15375=CARTESIAN_POINT('Ctrl Pts',(-4.91950888351206,-0.1,2.00982502494828));
#15376=CARTESIAN_POINT('Ctrl Pts',(-5.12129171162743,-0.1,2.00982502494828));
#15377=CARTESIAN_POINT('',(-4.44544079336148,0.,1.74483311814617));
#15378=CARTESIAN_POINT('Ctrl Pts',(-4.16829329450422,0.,1.00577312119347));
#15379=CARTESIAN_POINT('Ctrl Pts',(-4.16829329450422,-0.1,1.00577312119347));
#15380=CARTESIAN_POINT('Ctrl Pts',(-4.16829329450422,0.,1.24159160706325));
#15381=CARTESIAN_POINT('Ctrl Pts',(-4.16829329450422,-0.1,1.24159160706325));
#15382=CARTESIAN_POINT('Ctrl Pts',(-4.30929816234388,0.,1.61355272395062));
#15383=CARTESIAN_POINT('Ctrl Pts',(-4.30929816234388,-0.1,1.61355272395062));
#15384=CARTESIAN_POINT('Ctrl Pts',(-4.44544079336148,0.,1.74483311814617));
#15385=CARTESIAN_POINT('Ctrl Pts',(-4.44544079336148,-0.1,1.74483311814617));
#15386=CARTESIAN_POINT('',(-4.16829329450422,0.,1.00577312119347));
#15387=CARTESIAN_POINT('Ctrl Pts',(-4.44544079336148,0.,1.74483311814617));
#15388=CARTESIAN_POINT('Ctrl Pts',(-4.30929816234388,0.,1.61355272395062));
#15389=CARTESIAN_POINT('Ctrl Pts',(-4.16829329450422,0.,1.24159160706325));
#15390=CARTESIAN_POINT('Ctrl Pts',(-4.16829329450422,0.,1.00577312119347));
#15391=CARTESIAN_POINT('',(-4.16829329450422,-0.1,1.00577312119347));
#15392=CARTESIAN_POINT('Ctrl Pts',(-4.16829329450422,-0.1,1.00577312119347));
#15393=CARTESIAN_POINT('Ctrl Pts',(-4.16829329450422,-0.1,1.24159160706325));
#15394=CARTESIAN_POINT('Ctrl Pts',(-4.30929816234388,-0.1,1.61355272395062));
#15395=CARTESIAN_POINT('Ctrl Pts',(-4.44544079336148,-0.1,1.74483311814617));
#15396=CARTESIAN_POINT('',(-4.16829329450422,0.,1.00577312119347));
#15397=CARTESIAN_POINT('Ctrl Pts',(-4.3530582937424,0.,0.186486216676836));
#15398=CARTESIAN_POINT('Ctrl Pts',(-4.3530582937424,-0.1,0.186486216676836));
#15399=CARTESIAN_POINT('Ctrl Pts',(-4.27769362300051,0.,0.337215558160608));
#15400=CARTESIAN_POINT('Ctrl Pts',(-4.27769362300051,-0.1,0.337215558160608));
#15401=CARTESIAN_POINT('Ctrl Pts',(-4.16829329450422,0.,0.779679108967813));
#15402=CARTESIAN_POINT('Ctrl Pts',(-4.16829329450422,-0.1,0.779679108967813));
#15403=CARTESIAN_POINT('Ctrl Pts',(-4.16829329450422,0.,1.00577312119347));
#15404=CARTESIAN_POINT('Ctrl Pts',(-4.16829329450422,-0.1,1.00577312119347));
#15405=CARTESIAN_POINT('',(-4.35305829374239,0.,0.186486216676836));
#15406=CARTESIAN_POINT('Ctrl Pts',(-4.16829329450422,0.,1.00577312119347));
#15407=CARTESIAN_POINT('Ctrl Pts',(-4.16829329450422,0.,0.779679108967813));
#15408=CARTESIAN_POINT('Ctrl Pts',(-4.27769362300051,0.,0.337215558160608));
#15409=CARTESIAN_POINT('Ctrl Pts',(-4.3530582937424,0.,0.186486216676836));
#15410=CARTESIAN_POINT('',(-4.35305829374239,-0.1,0.186486216676836));
#15411=CARTESIAN_POINT('Ctrl Pts',(-4.3530582937424,-0.1,0.186486216676836));
#15412=CARTESIAN_POINT('Ctrl Pts',(-4.27769362300051,-0.1,0.337215558160608));
#15413=CARTESIAN_POINT('Ctrl Pts',(-4.16829329450422,-0.1,0.779679108967813));
#15414=CARTESIAN_POINT('Ctrl Pts',(-4.16829329450422,-0.1,1.00577312119347));
#15415=CARTESIAN_POINT('',(-4.35305829374239,0.,0.186486216676836));
#15416=CARTESIAN_POINT('Origin',(-4.7785040156724,0.,0.186486216676837));
#15417=CARTESIAN_POINT('',(-4.7785040156724,0.,0.186486216676837));
#15418=CARTESIAN_POINT('',(-2.3892520078362,0.,0.18648621667683));
#15419=CARTESIAN_POINT('',(-4.7785040156724,-0.1,0.186486216676837));
#15420=CARTESIAN_POINT('',(-4.3530582937424,-0.1,0.186486216676836));
#15421=CARTESIAN_POINT('',(-4.7785040156724,0.,0.186486216676837));
#15422=CARTESIAN_POINT('Origin',(-4.7785040156724,0.,0.21565963760918));
#15423=CARTESIAN_POINT('',(-4.7785040156724,0.,0.21565963760918));
#15424=CARTESIAN_POINT('',(-4.7785040156724,0.,0.107829818804589));
#15425=CARTESIAN_POINT('',(-4.7785040156724,-0.1,0.21565963760918));
#15426=CARTESIAN_POINT('',(-4.7785040156724,-0.1,0.186486216676837));
#15427=CARTESIAN_POINT('',(-4.7785040156724,0.,0.21565963760918));
#15428=CARTESIAN_POINT('Ctrl Pts',(-4.51594322728131,0.,0.981461937083187));
#15429=CARTESIAN_POINT('Ctrl Pts',(-4.51594322728131,-0.1,0.981461937083187));
#15430=CARTESIAN_POINT('Ctrl Pts',(-4.51594322728131,0.,0.769954635323699));
#15431=CARTESIAN_POINT('Ctrl Pts',(-4.51594322728131,-0.1,0.769954635323699));
#15432=CARTESIAN_POINT('Ctrl Pts',(-4.68612151605331,0.,0.342077794982667));
#15433=CARTESIAN_POINT('Ctrl Pts',(-4.68612151605331,-0.1,0.342077794982667));
#15434=CARTESIAN_POINT('Ctrl Pts',(-4.7785040156724,0.,0.21565963760918));
#15435=CARTESIAN_POINT('Ctrl Pts',(-4.7785040156724,-0.1,0.21565963760918));
#15436=CARTESIAN_POINT('',(-4.51594322728131,0.,0.981461937083187));
#15437=CARTESIAN_POINT('Ctrl Pts',(-4.7785040156724,0.,0.21565963760918));
#15438=CARTESIAN_POINT('Ctrl Pts',(-4.68612151605331,0.,0.342077794982667));
#15439=CARTESIAN_POINT('Ctrl Pts',(-4.51594322728131,0.,0.769954635323699));
#15440=CARTESIAN_POINT('Ctrl Pts',(-4.51594322728131,0.,0.981461937083187));
#15441=CARTESIAN_POINT('',(-4.51594322728131,-0.1,0.981461937083187));
#15442=CARTESIAN_POINT('Ctrl Pts',(-4.51594322728131,-0.1,0.981461937083187));
#15443=CARTESIAN_POINT('Ctrl Pts',(-4.51594322728131,-0.1,0.769954635323699));
#15444=CARTESIAN_POINT('Ctrl Pts',(-4.68612151605331,-0.1,0.342077794982667));
#15445=CARTESIAN_POINT('Ctrl Pts',(-4.7785040156724,-0.1,0.21565963760918));
#15446=CARTESIAN_POINT('',(-4.51594322728131,0.,0.981461937083187));
#15447=CARTESIAN_POINT('Ctrl Pts',(-4.68369039764228,0.,1.43608107994553));
#15448=CARTESIAN_POINT('Ctrl Pts',(-4.68369039764228,-0.1,1.43608107994553));
#15449=CARTESIAN_POINT('Ctrl Pts',(-4.59373901643423,0.,1.35342305397056));
#15450=CARTESIAN_POINT('Ctrl Pts',(-4.59373901643423,-0.1,1.35342305397056));
#15451=CARTESIAN_POINT('Ctrl Pts',(-4.51594322728131,0.,1.10544897604565));
#15452=CARTESIAN_POINT('Ctrl Pts',(-4.51594322728131,-0.1,1.10544897604565));
#15453=CARTESIAN_POINT('Ctrl Pts',(-4.51594322728131,0.,0.981461937083187));
#15454=CARTESIAN_POINT('Ctrl Pts',(-4.51594322728131,-0.1,0.981461937083187));
#15455=CARTESIAN_POINT('',(-4.68369039764228,0.,1.43608107994553));
#15456=CARTESIAN_POINT('Ctrl Pts',(-4.51594322728131,0.,0.981461937083187));
#15457=CARTESIAN_POINT('Ctrl Pts',(-4.51594322728131,0.,1.10544897604565));
#15458=CARTESIAN_POINT('Ctrl Pts',(-4.59373901643423,0.,1.35342305397056));
#15459=CARTESIAN_POINT('Ctrl Pts',(-4.68369039764228,0.,1.43608107994553));
#15460=CARTESIAN_POINT('',(-4.68369039764228,-0.1,1.43608107994553));
#15461=CARTESIAN_POINT('Ctrl Pts',(-4.68369039764228,-0.1,1.43608107994553));
#15462=CARTESIAN_POINT('Ctrl Pts',(-4.59373901643423,-0.1,1.35342305397056));
#15463=CARTESIAN_POINT('Ctrl Pts',(-4.51594322728131,-0.1,1.10544897604565));
#15464=CARTESIAN_POINT('Ctrl Pts',(-4.51594322728131,-0.1,0.981461937083187));
#15465=CARTESIAN_POINT('',(-4.68369039764228,0.,1.43608107994553));
#15466=CARTESIAN_POINT('Ctrl Pts',(-5.15046513255978,0.,1.60139713189548));
#15467=CARTESIAN_POINT('Ctrl Pts',(-5.15046513255978,-0.1,1.60139713189548));
#15468=CARTESIAN_POINT('Ctrl Pts',(-4.98758019902086,0.,1.60139713189548));
#15469=CARTESIAN_POINT('Ctrl Pts',(-4.98758019902086,-0.1,1.60139713189548));
#15470=CARTESIAN_POINT('Ctrl Pts',(-4.77364177885034,0.,1.51630798750948));
#15471=CARTESIAN_POINT('Ctrl Pts',(-4.77364177885034,-0.1,1.51630798750948));
#15472=CARTESIAN_POINT('Ctrl Pts',(-4.68369039764228,0.,1.43608107994553));
#15473=CARTESIAN_POINT('Ctrl Pts',(-4.68369039764228,-0.1,1.43608107994553));
#15474=CARTESIAN_POINT('',(-5.15046513255978,0.,1.60139713189548));
#15475=CARTESIAN_POINT('Ctrl Pts',(-4.68369039764228,0.,1.43608107994553));
#15476=CARTESIAN_POINT('Ctrl Pts',(-4.77364177885034,0.,1.51630798750948));
#15477=CARTESIAN_POINT('Ctrl Pts',(-4.98758019902086,0.,1.60139713189548));
#15478=CARTESIAN_POINT('Ctrl Pts',(-5.15046513255978,0.,1.60139713189548));
#15479=CARTESIAN_POINT('',(-5.15046513255978,-0.1,1.60139713189548));
#15480=CARTESIAN_POINT('Ctrl Pts',(-5.15046513255978,-0.1,1.60139713189548));
#15481=CARTESIAN_POINT('Ctrl Pts',(-4.98758019902086,-0.1,1.60139713189548));
#15482=CARTESIAN_POINT('Ctrl Pts',(-4.77364177885034,-0.1,1.51630798750948));
#15483=CARTESIAN_POINT('Ctrl Pts',(-4.68369039764228,-0.1,1.43608107994553));
#15484=CARTESIAN_POINT('',(-5.15046513255978,0.,1.60139713189548));
#15485=CARTESIAN_POINT('Ctrl Pts',(-5.58563532813389,0.,1.42149436947936));
#15486=CARTESIAN_POINT('Ctrl Pts',(-5.58563532813389,-0.1,1.42149436947936));
#15487=CARTESIAN_POINT('Ctrl Pts',(-5.52485736785818,0.,1.50658351386536));
#15488=CARTESIAN_POINT('Ctrl Pts',(-5.52485736785818,-0.1,1.50658351386536));
#15489=CARTESIAN_POINT('Ctrl Pts',(-5.31335006609869,0.,1.60139713189548));
#15490=CARTESIAN_POINT('Ctrl Pts',(-5.31335006609869,-0.1,1.60139713189548));
#15491=CARTESIAN_POINT('Ctrl Pts',(-5.15046513255978,0.,1.60139713189548));
#15492=CARTESIAN_POINT('Ctrl Pts',(-5.15046513255978,-0.1,1.60139713189548));
#15493=CARTESIAN_POINT('',(-5.58563532813389,0.,1.42149436947936));
#15494=CARTESIAN_POINT('Ctrl Pts',(-5.15046513255978,0.,1.60139713189548));
#15495=CARTESIAN_POINT('Ctrl Pts',(-5.31335006609869,0.,1.60139713189548));
#15496=CARTESIAN_POINT('Ctrl Pts',(-5.52485736785818,0.,1.50658351386536));
#15497=CARTESIAN_POINT('Ctrl Pts',(-5.58563532813389,0.,1.42149436947936));
#15498=CARTESIAN_POINT('',(-5.58563532813389,-0.1,1.42149436947936));
#15499=CARTESIAN_POINT('Ctrl Pts',(-5.58563532813389,-0.1,1.42149436947936));
#15500=CARTESIAN_POINT('Ctrl Pts',(-5.52485736785818,-0.1,1.50658351386536));
#15501=CARTESIAN_POINT('Ctrl Pts',(-5.31335006609869,-0.1,1.60139713189548));
#15502=CARTESIAN_POINT('Ctrl Pts',(-5.15046513255978,-0.1,1.60139713189548));
#15503=CARTESIAN_POINT('',(-5.58563532813389,0.,1.42149436947936));
#15504=CARTESIAN_POINT('Ctrl Pts',(-5.69260453821915,0.,0.969306345028045));
#15505=CARTESIAN_POINT('Ctrl Pts',(-5.69260453821915,-0.1,0.969306345028045));
#15506=CARTESIAN_POINT('Ctrl Pts',(-5.69260453821915,0.,1.10544897604565));
#15507=CARTESIAN_POINT('Ctrl Pts',(-5.69260453821915,-0.1,1.10544897604565));
#15508=CARTESIAN_POINT('Ctrl Pts',(-5.64641328840961,0.,1.33640522509336));
#15509=CARTESIAN_POINT('Ctrl Pts',(-5.64641328840961,-0.1,1.33640522509336));
#15510=CARTESIAN_POINT('Ctrl Pts',(-5.58563532813389,0.,1.42149436947936));
#15511=CARTESIAN_POINT('Ctrl Pts',(-5.58563532813389,-0.1,1.42149436947936));
#15512=CARTESIAN_POINT('',(-5.69260453821915,0.,0.969306345028045));
#15513=CARTESIAN_POINT('Ctrl Pts',(-5.58563532813389,0.,1.42149436947936));
#15514=CARTESIAN_POINT('Ctrl Pts',(-5.64641328840961,0.,1.33640522509336));
#15515=CARTESIAN_POINT('Ctrl Pts',(-5.69260453821915,0.,1.10544897604565));
#15516=CARTESIAN_POINT('Ctrl Pts',(-5.69260453821915,0.,0.969306345028045));
#15517=CARTESIAN_POINT('',(-5.69260453821915,-0.1,0.969306345028045));
#15518=CARTESIAN_POINT('Ctrl Pts',(-5.69260453821915,-0.1,0.969306345028045));
#15519=CARTESIAN_POINT('Ctrl Pts',(-5.69260453821915,-0.1,1.10544897604565));
#15520=CARTESIAN_POINT('Ctrl Pts',(-5.64641328840961,-0.1,1.33640522509336));
#15521=CARTESIAN_POINT('Ctrl Pts',(-5.58563532813389,-0.1,1.42149436947936));
#15522=CARTESIAN_POINT('',(-5.69260453821915,0.,0.969306345028045));
#15523=CARTESIAN_POINT('Origin',(-5.69260453821915,0.,0.799128056256043));
#15524=CARTESIAN_POINT('',(-5.69260453821915,0.,0.799128056256043));
#15525=CARTESIAN_POINT('',(-5.69260453821915,0.,0.39956402812802));
#15526=CARTESIAN_POINT('',(-5.69260453821915,-0.1,0.799128056256043));
#15527=CARTESIAN_POINT('',(-5.69260453821915,-0.1,0.969306345028045));
#15528=CARTESIAN_POINT('',(-5.69260453821915,0.,0.799128056256043));
#15529=CARTESIAN_POINT('Origin',(-6.02566776053007,0.,0.799128056256043));
#15530=CARTESIAN_POINT('',(-6.02566776053007,0.,0.799128056256043));
#15531=CARTESIAN_POINT('',(-3.01283388026503,0.,0.799128056256043));
#15532=CARTESIAN_POINT('',(-6.02566776053007,-0.1,0.799128056256043));
#15533=CARTESIAN_POINT('',(-5.69260453821915,-0.1,0.799128056256043));
#15534=CARTESIAN_POINT('',(-6.02566776053007,0.,0.799128056256043));
#15535=CARTESIAN_POINT('Origin',(-6.02566776053007,0.,0.932839568862616));
#15536=CARTESIAN_POINT('',(-6.02566776053007,0.,0.932839568862616));
#15537=CARTESIAN_POINT('',(-6.02566776053007,0.,0.466419784431307));
#15538=CARTESIAN_POINT('',(-6.02566776053007,-0.1,0.932839568862616));
#15539=CARTESIAN_POINT('',(-6.02566776053007,-0.1,0.799128056256043));
#15540=CARTESIAN_POINT('',(-6.02566776053007,0.,0.932839568862616));
#15541=CARTESIAN_POINT('Ctrl Pts',(-6.52890927161299,0.,1.54305029003079));
#15542=CARTESIAN_POINT('Ctrl Pts',(-6.52890927161299,-0.1,1.54305029003079));
#15543=CARTESIAN_POINT('Ctrl Pts',(-6.2833663120991,0.,1.54305029003079));
#15544=CARTESIAN_POINT('Ctrl Pts',(-6.2833663120991,-0.1,1.54305029003079));
#15545=CARTESIAN_POINT('Ctrl Pts',(-6.02566776053007,0.,1.20269371248679));
#15546=CARTESIAN_POINT('Ctrl Pts',(-6.02566776053007,-0.1,1.20269371248679));
#15547=CARTESIAN_POINT('Ctrl Pts',(-6.02566776053007,0.,0.932839568862616));
#15548=CARTESIAN_POINT('Ctrl Pts',(-6.02566776053007,-0.1,0.932839568862616));
#15549=CARTESIAN_POINT('',(-6.52890927161299,0.,1.54305029003079));
#15550=CARTESIAN_POINT('Ctrl Pts',(-6.02566776053007,0.,0.932839568862616));
#15551=CARTESIAN_POINT('Ctrl Pts',(-6.02566776053007,0.,1.20269371248679));
#15552=CARTESIAN_POINT('Ctrl Pts',(-6.2833663120991,0.,1.54305029003079));
#15553=CARTESIAN_POINT('Ctrl Pts',(-6.52890927161299,0.,1.54305029003079));
#15554=CARTESIAN_POINT('',(-6.52890927161299,-0.1,1.54305029003079));
#15555=CARTESIAN_POINT('Ctrl Pts',(-6.52890927161299,-0.1,1.54305029003079));
#15556=CARTESIAN_POINT('Ctrl Pts',(-6.2833663120991,-0.1,1.54305029003079));
#15557=CARTESIAN_POINT('Ctrl Pts',(-6.02566776053007,-0.1,1.20269371248679));
#15558=CARTESIAN_POINT('Ctrl Pts',(-6.02566776053007,-0.1,0.932839568862616));
#15559=CARTESIAN_POINT('',(-6.52890927161299,0.,1.54305029003079));
#15560=CARTESIAN_POINT('Ctrl Pts',(-6.85467913869082,0.,1.38502759331393));
#15561=CARTESIAN_POINT('Ctrl Pts',(-6.85467913869082,-0.1,1.38502759331393));
#15562=CARTESIAN_POINT('Ctrl Pts',(-6.80605677047025,0.,1.45553002723376));
#15563=CARTESIAN_POINT('Ctrl Pts',(-6.80605677047025,-0.1,1.45553002723376));
#15564=CARTESIAN_POINT('Ctrl Pts',(-6.64317183693133,0.,1.54305029003079));
#15565=CARTESIAN_POINT('Ctrl Pts',(-6.64317183693133,-0.1,1.54305029003079));
#15566=CARTESIAN_POINT('Ctrl Pts',(-6.52890927161299,0.,1.54305029003079));
#15567=CARTESIAN_POINT('Ctrl Pts',(-6.52890927161299,-0.1,1.54305029003079));
#15568=CARTESIAN_POINT('',(-6.85467913869082,0.,1.38502759331393));
#15569=CARTESIAN_POINT('Ctrl Pts',(-6.52890927161299,0.,1.54305029003079));
#15570=CARTESIAN_POINT('Ctrl Pts',(-6.64317183693133,0.,1.54305029003079));
#15571=CARTESIAN_POINT('Ctrl Pts',(-6.80605677047025,0.,1.45553002723376));
#15572=CARTESIAN_POINT('Ctrl Pts',(-6.85467913869082,0.,1.38502759331393));
#15573=CARTESIAN_POINT('',(-6.85467913869082,-0.1,1.38502759331393));
#15574=CARTESIAN_POINT('Ctrl Pts',(-6.85467913869082,-0.1,1.38502759331393));
#15575=CARTESIAN_POINT('Ctrl Pts',(-6.80605677047025,-0.1,1.45553002723376));
#15576=CARTESIAN_POINT('Ctrl Pts',(-6.64317183693133,-0.1,1.54305029003079));
#15577=CARTESIAN_POINT('Ctrl Pts',(-6.52890927161299,-0.1,1.54305029003079));
#15578=CARTESIAN_POINT('',(-6.85467913869082,0.,1.38502759331393));
#15579=CARTESIAN_POINT('Ctrl Pts',(-6.94706163830991,0.,1.02035983165965));
#15580=CARTESIAN_POINT('Ctrl Pts',(-6.94706163830991,-0.1,1.02035983165965));
#15581=CARTESIAN_POINT('Ctrl Pts',(-6.94706163830991,0.,1.12489792333388));
#15582=CARTESIAN_POINT('Ctrl Pts',(-6.94706163830991,-0.1,1.12489792333388));
#15583=CARTESIAN_POINT('Ctrl Pts',(-6.90573262532242,0.,1.30966292257205));
#15584=CARTESIAN_POINT('Ctrl Pts',(-6.90573262532242,-0.1,1.30966292257205));
#15585=CARTESIAN_POINT('Ctrl Pts',(-6.85467913869082,0.,1.38502759331393));
#15586=CARTESIAN_POINT('Ctrl Pts',(-6.85467913869082,-0.1,1.38502759331393));
#15587=CARTESIAN_POINT('',(-6.94706163830991,0.,1.02035983165965));
#15588=CARTESIAN_POINT('Ctrl Pts',(-6.85467913869082,0.,1.38502759331393));
#15589=CARTESIAN_POINT('Ctrl Pts',(-6.90573262532242,0.,1.30966292257205));
#15590=CARTESIAN_POINT('Ctrl Pts',(-6.94706163830991,0.,1.12489792333388));
#15591=CARTESIAN_POINT('Ctrl Pts',(-6.94706163830991,0.,1.02035983165965));
#15592=CARTESIAN_POINT('',(-6.94706163830991,-0.1,1.02035983165965));
#15593=CARTESIAN_POINT('Ctrl Pts',(-6.94706163830991,-0.1,1.02035983165965));
#15594=CARTESIAN_POINT('Ctrl Pts',(-6.94706163830991,-0.1,1.12489792333388));
#15595=CARTESIAN_POINT('Ctrl Pts',(-6.90573262532242,-0.1,1.30966292257205));
#15596=CARTESIAN_POINT('Ctrl Pts',(-6.85467913869082,-0.1,1.38502759331393));
#15597=CARTESIAN_POINT('',(-6.94706163830991,0.,1.02035983165965));
#15598=CARTESIAN_POINT('Ctrl Pts',(-6.85224802027979,0.,0.590051872907584));
#15599=CARTESIAN_POINT('Ctrl Pts',(-6.85224802027979,-0.1,0.590051872907584));
#15600=CARTESIAN_POINT('Ctrl Pts',(-6.89357703326728,0.,0.694589964581813));
#15601=CARTESIAN_POINT('Ctrl Pts',(-6.89357703326728,-0.1,0.694589964581813));
#15602=CARTESIAN_POINT('Ctrl Pts',(-6.94706163830991,0.,0.910959503163359));
#15603=CARTESIAN_POINT('Ctrl Pts',(-6.94706163830991,-0.1,0.910959503163359));
#15604=CARTESIAN_POINT('Ctrl Pts',(-6.94706163830991,0.,1.02035983165965));
#15605=CARTESIAN_POINT('Ctrl Pts',(-6.94706163830991,-0.1,1.02035983165965));
#15606=CARTESIAN_POINT('Ctrl Pts',(-6.94706163830991,0.,1.02035983165965));
#15607=CARTESIAN_POINT('Ctrl Pts',(-6.94706163830991,0.,0.910959503163359));
#15608=CARTESIAN_POINT('Ctrl Pts',(-6.89357703326728,0.,0.694589964581813));
#15609=CARTESIAN_POINT('Ctrl Pts',(-6.85224802027979,0.,0.590051872907584));
#15610=CARTESIAN_POINT('Ctrl Pts',(-6.85224802027979,-0.1,0.590051872907584));
#15611=CARTESIAN_POINT('Ctrl Pts',(-6.89357703326728,-0.1,0.694589964581813));
#15612=CARTESIAN_POINT('Ctrl Pts',(-6.94706163830991,-0.1,0.910959503163359));
#15613=CARTESIAN_POINT('Ctrl Pts',(-6.94706163830991,-0.1,1.02035983165965));
#15614=CARTESIAN_POINT('Origin',(-5.7387332777529,-0.1,1.17127978073924));
#15615=CARTESIAN_POINT('Ctrl Pts',(-4.50135651681514,0.,7.87368263234926));
#15616=CARTESIAN_POINT('Ctrl Pts',(-4.50135651681514,-0.1,7.87368263234926));
#15617=CARTESIAN_POINT('Ctrl Pts',(-4.50135651681514,0.,8.03899868429921));
#15618=CARTESIAN_POINT('Ctrl Pts',(-4.50135651681514,-0.1,8.03899868429921));
#15619=CARTESIAN_POINT('Ctrl Pts',(-4.659379213532,0.,8.25536822288075));
#15620=CARTESIAN_POINT('Ctrl Pts',(-4.659379213532,-0.1,8.25536822288075));
#15621=CARTESIAN_POINT('Ctrl Pts',(-4.81740191024886,0.,8.31614618315647));
#15622=CARTESIAN_POINT('Ctrl Pts',(-4.81740191024886,-0.1,8.31614618315647));
#15623=CARTESIAN_POINT('',(-4.50135651681514,0.,7.87368263234926));
#15624=CARTESIAN_POINT('',(-4.81740191024886,0.,8.31614618315647));
#15625=CARTESIAN_POINT('Ctrl Pts',(-4.50135651681514,0.,7.87368263234926));
#15626=CARTESIAN_POINT('Ctrl Pts',(-4.50135651681514,0.,8.03899868429921));
#15627=CARTESIAN_POINT('Ctrl Pts',(-4.659379213532,0.,8.25536822288075));
#15628=CARTESIAN_POINT('Ctrl Pts',(-4.81740191024886,0.,8.31614618315647));
#15629=CARTESIAN_POINT('',(-4.50135651681514,-0.1,7.87368263234926));
#15630=CARTESIAN_POINT('',(-4.50135651681514,0.,7.87368263234926));
#15631=CARTESIAN_POINT('',(-4.81740191024886,-0.1,8.31614618315647));
#15632=CARTESIAN_POINT('Ctrl Pts',(-4.81740191024886,-0.1,8.31614618315647));
#15633=CARTESIAN_POINT('Ctrl Pts',(-4.659379213532,-0.1,8.25536822288075));
#15634=CARTESIAN_POINT('Ctrl Pts',(-4.50135651681514,-0.1,8.03899868429921));
#15635=CARTESIAN_POINT('Ctrl Pts',(-4.50135651681514,-0.1,7.87368263234926));
#15636=CARTESIAN_POINT('',(-4.81740191024886,0.,8.31614618315647));
#15637=CARTESIAN_POINT('Ctrl Pts',(-4.82469526548194,0.,7.42392572630897));
#15638=CARTESIAN_POINT('Ctrl Pts',(-4.82469526548194,-0.1,7.42392572630897));
#15639=CARTESIAN_POINT('Ctrl Pts',(-4.66910368717611,0.,7.48227256817366));
#15640=CARTESIAN_POINT('Ctrl Pts',(-4.66910368717611,-0.1,7.48227256817366));
#15641=CARTESIAN_POINT('Ctrl Pts',(-4.50135651681514,0.,7.69864210675521));
#15642=CARTESIAN_POINT('Ctrl Pts',(-4.50135651681514,-0.1,7.69864210675521));
#15643=CARTESIAN_POINT('Ctrl Pts',(-4.50135651681514,0.,7.87368263234926));
#15644=CARTESIAN_POINT('Ctrl Pts',(-4.50135651681514,-0.1,7.87368263234926));
#15645=CARTESIAN_POINT('',(-4.82469526548194,0.,7.42392572630897));
#15646=CARTESIAN_POINT('Ctrl Pts',(-4.82469526548194,0.,7.42392572630897));
#15647=CARTESIAN_POINT('Ctrl Pts',(-4.66910368717611,0.,7.48227256817366));
#15648=CARTESIAN_POINT('Ctrl Pts',(-4.50135651681514,0.,7.69864210675521));
#15649=CARTESIAN_POINT('Ctrl Pts',(-4.50135651681514,0.,7.87368263234926));
#15650=CARTESIAN_POINT('',(-4.82469526548194,-0.1,7.42392572630897));
#15651=CARTESIAN_POINT('',(-4.82469526548194,0.,7.42392572630897));
#15652=CARTESIAN_POINT('Ctrl Pts',(-4.50135651681514,-0.1,7.87368263234926));
#15653=CARTESIAN_POINT('Ctrl Pts',(-4.50135651681514,-0.1,7.69864210675521));
#15654=CARTESIAN_POINT('Ctrl Pts',(-4.66910368717611,-0.1,7.48227256817366));
#15655=CARTESIAN_POINT('Ctrl Pts',(-4.82469526548194,-0.1,7.42392572630897));
#15656=CARTESIAN_POINT('Ctrl Pts',(-5.72907131438458,0.,7.32181875304577));
#15657=CARTESIAN_POINT('Ctrl Pts',(-5.72907131438458,-0.1,7.32181875304577));
#15658=CARTESIAN_POINT('Ctrl Pts',(-5.41302592095086,0.,7.32181875304577));
#15659=CARTESIAN_POINT('Ctrl Pts',(-5.41302592095086,-0.1,7.32181875304577));
#15660=CARTESIAN_POINT('Ctrl Pts',(-4.99001131743189,0.,7.36071664762223));
#15661=CARTESIAN_POINT('Ctrl Pts',(-4.99001131743189,-0.1,7.36071664762223));
#15662=CARTESIAN_POINT('Ctrl Pts',(-4.82469526548194,0.,7.42392572630897));
#15663=CARTESIAN_POINT('Ctrl Pts',(-4.82469526548194,-0.1,7.42392572630897));
#15664=CARTESIAN_POINT('',(-5.72907131438458,0.,7.32181875304577));
#15665=CARTESIAN_POINT('Ctrl Pts',(-5.72907131438458,0.,7.32181875304577));
#15666=CARTESIAN_POINT('Ctrl Pts',(-5.41302592095086,0.,7.32181875304577));
#15667=CARTESIAN_POINT('Ctrl Pts',(-4.99001131743189,0.,7.36071664762223));
#15668=CARTESIAN_POINT('Ctrl Pts',(-4.82469526548194,0.,7.42392572630897));
#15669=CARTESIAN_POINT('',(-5.72907131438458,-0.1,7.32181875304577));
#15670=CARTESIAN_POINT('',(-5.72907131438458,0.,7.32181875304577));
#15671=CARTESIAN_POINT('Ctrl Pts',(-4.82469526548194,-0.1,7.42392572630897));
#15672=CARTESIAN_POINT('Ctrl Pts',(-4.99001131743189,-0.1,7.36071664762223));
#15673=CARTESIAN_POINT('Ctrl Pts',(-5.41302592095086,-0.1,7.32181875304577));
#15674=CARTESIAN_POINT('Ctrl Pts',(-5.72907131438458,-0.1,7.32181875304577));
#15675=CARTESIAN_POINT('Ctrl Pts',(-6.64317183693133,0.,7.42635684472));
#15676=CARTESIAN_POINT('Ctrl Pts',(-6.64317183693133,-0.1,7.42635684472));
#15677=CARTESIAN_POINT('Ctrl Pts',(-6.49001137703653,0.,7.36557888444429));
#15678=CARTESIAN_POINT('Ctrl Pts',(-6.49001137703653,-0.1,7.36557888444429));
#15679=CARTESIAN_POINT('Ctrl Pts',(-6.02323664211904,0.,7.32181875304577));
#15680=CARTESIAN_POINT('Ctrl Pts',(-6.02323664211904,-0.1,7.32181875304577));
#15681=CARTESIAN_POINT('Ctrl Pts',(-5.72907131438458,0.,7.32181875304577));
#15682=CARTESIAN_POINT('Ctrl Pts',(-5.72907131438458,-0.1,7.32181875304577));
#15683=CARTESIAN_POINT('',(-6.64317183693133,0.,7.42635684472));
#15684=CARTESIAN_POINT('Ctrl Pts',(-6.64317183693133,0.,7.42635684472));
#15685=CARTESIAN_POINT('Ctrl Pts',(-6.49001137703653,0.,7.36557888444429));
#15686=CARTESIAN_POINT('Ctrl Pts',(-6.02323664211904,0.,7.32181875304577));
#15687=CARTESIAN_POINT('Ctrl Pts',(-5.72907131438458,0.,7.32181875304577));
#15688=CARTESIAN_POINT('',(-6.64317183693133,-0.1,7.42635684472));
#15689=CARTESIAN_POINT('',(-6.64317183693133,0.,7.42635684472));
#15690=CARTESIAN_POINT('Ctrl Pts',(-5.72907131438458,-0.1,7.32181875304577));
#15691=CARTESIAN_POINT('Ctrl Pts',(-6.02323664211904,-0.1,7.32181875304577));
#15692=CARTESIAN_POINT('Ctrl Pts',(-6.49001137703653,-0.1,7.36557888444429));
#15693=CARTESIAN_POINT('Ctrl Pts',(-6.64317183693133,-0.1,7.42635684472));
#15694=CARTESIAN_POINT('Ctrl Pts',(-6.95921723036505,0.,7.87368263234926));
#15695=CARTESIAN_POINT('Ctrl Pts',(-6.95921723036505,-0.1,7.87368263234926));
#15696=CARTESIAN_POINT('Ctrl Pts',(-6.95921723036505,0.,7.70593546198829));
#15697=CARTESIAN_POINT('Ctrl Pts',(-6.95921723036505,-0.1,7.70593546198829));
#15698=CARTESIAN_POINT('Ctrl Pts',(-6.80119453364819,0.,7.48956592340674));
#15699=CARTESIAN_POINT('Ctrl Pts',(-6.80119453364819,-0.1,7.48956592340674));
#15700=CARTESIAN_POINT('Ctrl Pts',(-6.64317183693133,0.,7.42635684472));
#15701=CARTESIAN_POINT('Ctrl Pts',(-6.64317183693133,-0.1,7.42635684472));
#15702=CARTESIAN_POINT('',(-6.95921723036505,0.,7.87368263234926));
#15703=CARTESIAN_POINT('Ctrl Pts',(-6.95921723036505,0.,7.87368263234926));
#15704=CARTESIAN_POINT('Ctrl Pts',(-6.95921723036505,0.,7.70593546198829));
#15705=CARTESIAN_POINT('Ctrl Pts',(-6.80119453364819,0.,7.48956592340674));
#15706=CARTESIAN_POINT('Ctrl Pts',(-6.64317183693133,0.,7.42635684472));
#15707=CARTESIAN_POINT('',(-6.95921723036505,-0.1,7.87368263234926));
#15708=CARTESIAN_POINT('',(-6.95921723036505,0.,7.87368263234926));
#15709=CARTESIAN_POINT('Ctrl Pts',(-6.64317183693133,-0.1,7.42635684472));
#15710=CARTESIAN_POINT('Ctrl Pts',(-6.80119453364819,-0.1,7.48956592340674));
#15711=CARTESIAN_POINT('Ctrl Pts',(-6.95921723036505,-0.1,7.70593546198829));
#15712=CARTESIAN_POINT('Ctrl Pts',(-6.95921723036505,-0.1,7.87368263234926));
#15713=CARTESIAN_POINT('Ctrl Pts',(-6.64803407375339,0.,8.31371506474544));
#15714=CARTESIAN_POINT('Ctrl Pts',(-6.64803407375339,-0.1,8.31371506474544));
#15715=CARTESIAN_POINT('Ctrl Pts',(-6.80119453364819,0.,8.25293710446973));
#15716=CARTESIAN_POINT('Ctrl Pts',(-6.80119453364819,-0.1,8.25293710446973));
#15717=CARTESIAN_POINT('Ctrl Pts',(-6.95921723036505,0.,8.04142980271024));
#15718=CARTESIAN_POINT('Ctrl Pts',(-6.95921723036505,-0.1,8.04142980271024));
#15719=CARTESIAN_POINT('Ctrl Pts',(-6.95921723036505,0.,7.87368263234926));
#15720=CARTESIAN_POINT('Ctrl Pts',(-6.95921723036505,-0.1,7.87368263234926));
#15721=CARTESIAN_POINT('',(-6.64803407375339,0.,8.31371506474544));
#15722=CARTESIAN_POINT('Ctrl Pts',(-6.64803407375339,0.,8.31371506474544));
#15723=CARTESIAN_POINT('Ctrl Pts',(-6.80119453364819,0.,8.25293710446973));
#15724=CARTESIAN_POINT('Ctrl Pts',(-6.95921723036505,0.,8.04142980271024));
#15725=CARTESIAN_POINT('Ctrl Pts',(-6.95921723036505,0.,7.87368263234926));
#15726=CARTESIAN_POINT('',(-6.64803407375339,-0.1,8.31371506474544));
#15727=CARTESIAN_POINT('',(-6.64803407375339,0.,8.31371506474544));
#15728=CARTESIAN_POINT('Ctrl Pts',(-6.95921723036505,-0.1,7.87368263234926));
#15729=CARTESIAN_POINT('Ctrl Pts',(-6.95921723036505,-0.1,8.04142980271024));
#15730=CARTESIAN_POINT('Ctrl Pts',(-6.80119453364819,-0.1,8.25293710446973));
#15731=CARTESIAN_POINT('Ctrl Pts',(-6.64803407375339,-0.1,8.31371506474544));
#15732=CARTESIAN_POINT('Ctrl Pts',(-5.73150243279561,0.,8.42311539324173));
#15733=CARTESIAN_POINT('Ctrl Pts',(-5.73150243279561,-0.1,8.42311539324173));
#15734=CARTESIAN_POINT('Ctrl Pts',(-6.04025447099624,0.,8.42311539324173));
#15735=CARTESIAN_POINT('Ctrl Pts',(-6.04025447099624,-0.1,8.42311539324173));
#15736=CARTESIAN_POINT('Ctrl Pts',(-6.49487361385859,0.,8.37449302502115));
#15737=CARTESIAN_POINT('Ctrl Pts',(-6.49487361385859,-0.1,8.37449302502115));
#15738=CARTESIAN_POINT('Ctrl Pts',(-6.64803407375339,0.,8.31371506474544));
#15739=CARTESIAN_POINT('Ctrl Pts',(-6.64803407375339,-0.1,8.31371506474544));
#15740=CARTESIAN_POINT('',(-5.73150243279561,0.,8.42311539324173));
#15741=CARTESIAN_POINT('Ctrl Pts',(-5.73150243279561,0.,8.42311539324173));
#15742=CARTESIAN_POINT('Ctrl Pts',(-6.04025447099624,0.,8.42311539324173));
#15743=CARTESIAN_POINT('Ctrl Pts',(-6.49487361385859,0.,8.37449302502115));
#15744=CARTESIAN_POINT('Ctrl Pts',(-6.64803407375339,0.,8.31371506474544));
#15745=CARTESIAN_POINT('',(-5.73150243279561,-0.1,8.42311539324173));
#15746=CARTESIAN_POINT('',(-5.73150243279561,0.,8.42311539324173));
#15747=CARTESIAN_POINT('Ctrl Pts',(-6.64803407375339,-0.1,8.31371506474544));
#15748=CARTESIAN_POINT('Ctrl Pts',(-6.49487361385859,-0.1,8.37449302502115));
#15749=CARTESIAN_POINT('Ctrl Pts',(-6.04025447099624,-0.1,8.42311539324173));
#15750=CARTESIAN_POINT('Ctrl Pts',(-5.73150243279561,-0.1,8.42311539324173));
#15751=CARTESIAN_POINT('Ctrl Pts',(-4.81740191024886,0.,8.31614618315647));
#15752=CARTESIAN_POINT('Ctrl Pts',(-4.81740191024886,-0.1,8.31614618315647));
#15753=CARTESIAN_POINT('Ctrl Pts',(-4.9657001333216,0.,8.37449302502115));
#15754=CARTESIAN_POINT('Ctrl Pts',(-4.9657001333216,-0.1,8.37449302502115));
#15755=CARTESIAN_POINT('Ctrl Pts',(-5.42275039459498,0.,8.42311539324173));
#15756=CARTESIAN_POINT('Ctrl Pts',(-5.42275039459498,-0.1,8.42311539324173));
#15757=CARTESIAN_POINT('Ctrl Pts',(-5.73150243279561,0.,8.42311539324173));
#15758=CARTESIAN_POINT('Ctrl Pts',(-5.73150243279561,-0.1,8.42311539324173));
#15759=CARTESIAN_POINT('Ctrl Pts',(-4.81740191024886,0.,8.31614618315647));
#15760=CARTESIAN_POINT('Ctrl Pts',(-4.9657001333216,0.,8.37449302502115));
#15761=CARTESIAN_POINT('Ctrl Pts',(-5.42275039459498,0.,8.42311539324173));
#15762=CARTESIAN_POINT('Ctrl Pts',(-5.73150243279561,0.,8.42311539324173));
#15763=CARTESIAN_POINT('Ctrl Pts',(-5.73150243279561,-0.1,8.42311539324173));
#15764=CARTESIAN_POINT('Ctrl Pts',(-5.42275039459498,-0.1,8.42311539324173));
#15765=CARTESIAN_POINT('Ctrl Pts',(-4.9657001333216,-0.1,8.37449302502115));
#15766=CARTESIAN_POINT('Ctrl Pts',(-4.81740191024886,-0.1,8.31614618315647));
#15767=CARTESIAN_POINT('Ctrl Pts',(-5.72907131438458,0.,6.91339085999297));
#15768=CARTESIAN_POINT('Ctrl Pts',(-5.72907131438458,-0.1,6.91339085999297));
#15769=CARTESIAN_POINT('Ctrl Pts',(-4.93895783080029,0.,6.91339085999297));
#15770=CARTESIAN_POINT('Ctrl Pts',(-4.93895783080029,-0.1,6.91339085999297));
#15771=CARTESIAN_POINT('Ctrl Pts',(-4.16829329450422,0.,7.37773447649943));
#15772=CARTESIAN_POINT('Ctrl Pts',(-4.16829329450422,-0.1,7.37773447649943));
#15773=CARTESIAN_POINT('Ctrl Pts',(-4.16829329450422,0.,7.87368263234926));
#15774=CARTESIAN_POINT('Ctrl Pts',(-4.16829329450422,-0.1,7.87368263234926));
#15775=CARTESIAN_POINT('',(-4.16829329450422,0.,7.87368263234926));
#15776=CARTESIAN_POINT('',(-5.72907131438458,0.,6.91339085999297));
#15777=CARTESIAN_POINT('Ctrl Pts',(-4.16829329450422,0.,7.87368263234926));
#15778=CARTESIAN_POINT('Ctrl Pts',(-4.16829329450422,0.,7.37773447649943));
#15779=CARTESIAN_POINT('Ctrl Pts',(-4.93895783080029,0.,6.91339085999297));
#15780=CARTESIAN_POINT('Ctrl Pts',(-5.72907131438458,0.,6.91339085999297));
#15781=CARTESIAN_POINT('',(-4.16829329450422,-0.1,7.87368263234926));
#15782=CARTESIAN_POINT('',(-4.16829329450422,0.,7.87368263234926));
#15783=CARTESIAN_POINT('',(-5.72907131438458,-0.1,6.91339085999297));
#15784=CARTESIAN_POINT('Ctrl Pts',(-5.72907131438458,-0.1,6.91339085999297));
#15785=CARTESIAN_POINT('Ctrl Pts',(-4.93895783080029,-0.1,6.91339085999297));
#15786=CARTESIAN_POINT('Ctrl Pts',(-4.16829329450422,-0.1,7.37773447649943));
#15787=CARTESIAN_POINT('Ctrl Pts',(-4.16829329450422,-0.1,7.87368263234926));
#15788=CARTESIAN_POINT('',(-5.72907131438458,0.,6.91339085999297));
#15789=CARTESIAN_POINT('Ctrl Pts',(-7.29228045267597,0.,7.87368263234926));
#15790=CARTESIAN_POINT('Ctrl Pts',(-7.29228045267597,-0.1,7.87368263234926));
#15791=CARTESIAN_POINT('Ctrl Pts',(-7.29228045267597,0.,7.38259671332149));
#15792=CARTESIAN_POINT('Ctrl Pts',(-7.29228045267597,-0.1,7.38259671332149));
#15793=CARTESIAN_POINT('Ctrl Pts',(-6.54106486366813,0.,6.91339085999297));
#15794=CARTESIAN_POINT('Ctrl Pts',(-6.54106486366813,-0.1,6.91339085999297));
#15795=CARTESIAN_POINT('Ctrl Pts',(-5.72907131438458,0.,6.91339085999297));
#15796=CARTESIAN_POINT('Ctrl Pts',(-5.72907131438458,-0.1,6.91339085999297));
#15797=CARTESIAN_POINT('',(-7.29228045267597,0.,7.87368263234926));
#15798=CARTESIAN_POINT('Ctrl Pts',(-5.72907131438458,0.,6.91339085999297));
#15799=CARTESIAN_POINT('Ctrl Pts',(-6.54106486366813,0.,6.91339085999297));
#15800=CARTESIAN_POINT('Ctrl Pts',(-7.29228045267597,0.,7.38259671332149));
#15801=CARTESIAN_POINT('Ctrl Pts',(-7.29228045267597,0.,7.87368263234926));
#15802=CARTESIAN_POINT('',(-7.29228045267597,-0.1,7.87368263234926));
#15803=CARTESIAN_POINT('Ctrl Pts',(-7.29228045267597,-0.1,7.87368263234926));
#15804=CARTESIAN_POINT('Ctrl Pts',(-7.29228045267597,-0.1,7.38259671332149));
#15805=CARTESIAN_POINT('Ctrl Pts',(-6.54106486366813,-0.1,6.91339085999297));
#15806=CARTESIAN_POINT('Ctrl Pts',(-5.72907131438458,-0.1,6.91339085999297));
#15807=CARTESIAN_POINT('',(-7.29228045267597,0.,7.87368263234926));
#15808=CARTESIAN_POINT('Ctrl Pts',(-5.73150243279561,0.,8.83154328629453));
#15809=CARTESIAN_POINT('Ctrl Pts',(-5.73150243279561,-0.1,8.83154328629453));
#15810=CARTESIAN_POINT('Ctrl Pts',(-6.51432256114682,0.,8.83154328629453));
#15811=CARTESIAN_POINT('Ctrl Pts',(-6.51432256114682,-0.1,8.83154328629453));
#15812=CARTESIAN_POINT('Ctrl Pts',(-7.29228045267597,0.,8.36719966978807));
#15813=CARTESIAN_POINT('Ctrl Pts',(-7.29228045267597,-0.1,8.36719966978807));
#15814=CARTESIAN_POINT('Ctrl Pts',(-7.29228045267597,0.,7.87368263234926));
#15815=CARTESIAN_POINT('Ctrl Pts',(-7.29228045267597,-0.1,7.87368263234926));
#15816=CARTESIAN_POINT('',(-5.73150243279561,0.,8.83154328629453));
#15817=CARTESIAN_POINT('Ctrl Pts',(-7.29228045267597,0.,7.87368263234926));
#15818=CARTESIAN_POINT('Ctrl Pts',(-7.29228045267597,0.,8.36719966978807));
#15819=CARTESIAN_POINT('Ctrl Pts',(-6.51432256114682,0.,8.83154328629453));
#15820=CARTESIAN_POINT('Ctrl Pts',(-5.73150243279561,0.,8.83154328629453));
#15821=CARTESIAN_POINT('',(-5.73150243279561,-0.1,8.83154328629453));
#15822=CARTESIAN_POINT('Ctrl Pts',(-5.73150243279561,-0.1,8.83154328629453));
#15823=CARTESIAN_POINT('Ctrl Pts',(-6.51432256114682,-0.1,8.83154328629453));
#15824=CARTESIAN_POINT('Ctrl Pts',(-7.29228045267597,-0.1,8.36719966978807));
#15825=CARTESIAN_POINT('Ctrl Pts',(-7.29228045267597,-0.1,7.87368263234926));
#15826=CARTESIAN_POINT('',(-5.73150243279561,0.,8.83154328629453));
#15827=CARTESIAN_POINT('Ctrl Pts',(-4.16829329450422,0.,7.87368263234926));
#15828=CARTESIAN_POINT('Ctrl Pts',(-4.16829329450422,-0.1,7.87368263234926));
#15829=CARTESIAN_POINT('Ctrl Pts',(-4.16829329450422,0.,8.36233743296601));
#15830=CARTESIAN_POINT('Ctrl Pts',(-4.16829329450422,-0.1,8.36233743296601));
#15831=CARTESIAN_POINT('Ctrl Pts',(-4.92437112033411,0.,8.83154328629453));
#15832=CARTESIAN_POINT('Ctrl Pts',(-4.92437112033411,-0.1,8.83154328629453));
#15833=CARTESIAN_POINT('Ctrl Pts',(-5.73150243279561,0.,8.83154328629453));
#15834=CARTESIAN_POINT('Ctrl Pts',(-5.73150243279561,-0.1,8.83154328629453));
#15835=CARTESIAN_POINT('Ctrl Pts',(-5.73150243279561,0.,8.83154328629453));
#15836=CARTESIAN_POINT('Ctrl Pts',(-4.92437112033411,0.,8.83154328629453));
#15837=CARTESIAN_POINT('Ctrl Pts',(-4.16829329450422,0.,8.36233743296601));
#15838=CARTESIAN_POINT('Ctrl Pts',(-4.16829329450422,0.,7.87368263234926));
#15839=CARTESIAN_POINT('Ctrl Pts',(-4.16829329450422,-0.1,7.87368263234926));
#15840=CARTESIAN_POINT('Ctrl Pts',(-4.16829329450422,-0.1,8.36233743296601));
#15841=CARTESIAN_POINT('Ctrl Pts',(-4.92437112033411,-0.1,8.83154328629453));
#15842=CARTESIAN_POINT('Ctrl Pts',(-5.73150243279561,-0.1,8.83154328629453));
#15843=CARTESIAN_POINT('Origin',(-5.73018763228309,-0.1,7.87200940636642));
#15844=CARTESIAN_POINT('Origin',(7.13497961261529,0.,-20.2272097152891));
#15845=CARTESIAN_POINT('',(5.94940426813777,0.,-20.2272097152891));
#15846=CARTESIAN_POINT('',(7.13497961261529,0.,-20.2272097152891));
#15847=CARTESIAN_POINT('',(3.56748980630765,0.,-20.2272097152891));
#15848=CARTESIAN_POINT('',(5.94940426813777,-0.1,-20.2272097152891));
#15849=CARTESIAN_POINT('',(5.94940426813777,0.,-20.2272097152891));
#15850=CARTESIAN_POINT('',(7.13497961261529,-0.1,-20.2272097152891));
#15851=CARTESIAN_POINT('',(5.94940426813777,-0.1,-20.2272097152891));
#15852=CARTESIAN_POINT('',(7.13497961261529,0.,-20.2272097152891));
#15853=CARTESIAN_POINT('Origin',(7.13497961261529,0.,-20.6186197572458));
#15854=CARTESIAN_POINT('',(7.13497961261529,0.,-20.6186197572458));
#15855=CARTESIAN_POINT('',(7.13497961261529,0.,-10.3093098786229));
#15856=CARTESIAN_POINT('',(7.13497961261529,-0.1,-20.6186197572458));
#15857=CARTESIAN_POINT('',(7.13497961261529,-0.1,-20.2272097152891));
#15858=CARTESIAN_POINT('',(7.13497961261529,0.,-20.6186197572458));
#15859=CARTESIAN_POINT('Origin',(5.94940426813777,0.,-20.6186197572458));
#15860=CARTESIAN_POINT('',(5.94940426813777,0.,-20.6186197572458));
#15861=CARTESIAN_POINT('',(2.97470213406889,0.,-20.6186197572458));
#15862=CARTESIAN_POINT('',(5.94940426813777,-0.1,-20.6186197572458));
#15863=CARTESIAN_POINT('',(7.13497961261529,-0.1,-20.6186197572458));
#15864=CARTESIAN_POINT('',(5.94940426813777,0.,-20.6186197572458));
#15865=CARTESIAN_POINT('Origin',(5.94940426813777,0.,-21.8041951017233));
#15866=CARTESIAN_POINT('',(5.94940426813777,0.,-21.8041951017233));
#15867=CARTESIAN_POINT('',(5.94940426813777,0.,-10.9020975508617));
#15868=CARTESIAN_POINT('',(5.94940426813777,-0.1,-21.8041951017233));
#15869=CARTESIAN_POINT('',(5.94940426813777,-0.1,-20.6186197572458));
#15870=CARTESIAN_POINT('',(5.94940426813777,0.,-21.8041951017233));
#15871=CARTESIAN_POINT('Origin',(5.57217574944038,0.,-21.8041951017233));
#15872=CARTESIAN_POINT('',(5.57217574944038,0.,-21.8041951017233));
#15873=CARTESIAN_POINT('',(2.78608787472019,0.,-21.8041951017233));
#15874=CARTESIAN_POINT('',(5.57217574944038,-0.1,-21.8041951017233));
#15875=CARTESIAN_POINT('',(5.94940426813777,-0.1,-21.8041951017233));
#15876=CARTESIAN_POINT('',(5.57217574944038,0.,-21.8041951017233));
#15877=CARTESIAN_POINT('Origin',(5.57217574944038,0.,-20.6186197572458));
#15878=CARTESIAN_POINT('',(5.57217574944038,0.,-20.6186197572458));
#15879=CARTESIAN_POINT('',(5.57217574944038,0.,-10.3093098786229));
#15880=CARTESIAN_POINT('',(5.57217574944038,-0.1,-20.6186197572458));
#15881=CARTESIAN_POINT('',(5.57217574944038,-0.1,-21.8041951017233));
#15882=CARTESIAN_POINT('',(5.57217574944038,0.,-20.6186197572458));
#15883=CARTESIAN_POINT('Origin',(4.38660040496286,0.,-20.6186197572458));
#15884=CARTESIAN_POINT('',(4.38660040496286,0.,-20.6186197572458));
#15885=CARTESIAN_POINT('',(2.19330020248143,0.,-20.6186197572458));
#15886=CARTESIAN_POINT('',(4.38660040496286,-0.1,-20.6186197572458));
#15887=CARTESIAN_POINT('',(5.57217574944038,-0.1,-20.6186197572458));
#15888=CARTESIAN_POINT('',(4.38660040496286,0.,-20.6186197572458));
#15889=CARTESIAN_POINT('Origin',(4.38660040496286,0.,-20.2272097152891));
#15890=CARTESIAN_POINT('',(4.38660040496286,0.,-20.2272097152891));
#15891=CARTESIAN_POINT('',(4.38660040496286,0.,-10.1136048576446));
#15892=CARTESIAN_POINT('',(4.38660040496286,-0.1,-20.2272097152891));
#15893=CARTESIAN_POINT('',(4.38660040496286,-0.1,-20.6186197572458));
#15894=CARTESIAN_POINT('',(4.38660040496286,0.,-20.2272097152891));
#15895=CARTESIAN_POINT('Origin',(5.57217574944038,0.,-20.2272097152891));
#15896=CARTESIAN_POINT('',(5.57217574944038,0.,-20.2272097152891));
#15897=CARTESIAN_POINT('',(2.78608787472019,0.,-20.2272097152891));
#15898=CARTESIAN_POINT('',(5.57217574944038,-0.1,-20.2272097152891));
#15899=CARTESIAN_POINT('',(4.38660040496286,-0.1,-20.2272097152891));
#15900=CARTESIAN_POINT('',(5.57217574944038,0.,-20.2272097152891));
#15901=CARTESIAN_POINT('Origin',(5.57217574944038,0.,-19.0416343708116));
#15902=CARTESIAN_POINT('',(5.57217574944038,0.,-19.0416343708116));
#15903=CARTESIAN_POINT('',(5.57217574944042,0.,-9.52081718540581));
#15904=CARTESIAN_POINT('',(5.57217574944038,-0.1,-19.0416343708116));
#15905=CARTESIAN_POINT('',(5.57217574944038,-0.1,-20.2272097152891));
#15906=CARTESIAN_POINT('',(5.57217574944038,0.,-19.0416343708116));
#15907=CARTESIAN_POINT('Origin',(5.94940426813777,0.,-19.0416343708116));
#15908=CARTESIAN_POINT('',(5.94940426813777,0.,-19.0416343708116));
#15909=CARTESIAN_POINT('',(2.97470213406889,0.,-19.0416343708116));
#15910=CARTESIAN_POINT('',(5.94940426813777,-0.1,-19.0416343708116));
#15911=CARTESIAN_POINT('',(5.57217574944038,-0.1,-19.0416343708116));
#15912=CARTESIAN_POINT('',(5.94940426813777,0.,-19.0416343708116));
#15913=CARTESIAN_POINT('Origin',(5.94940426813777,0.,-20.2272097152891));
#15914=CARTESIAN_POINT('',(5.94940426813781,0.,-10.1136048576446));
#15915=CARTESIAN_POINT('',(5.94940426813777,-0.1,-19.0416343708116));
#15916=CARTESIAN_POINT('Origin',(5.76079000878908,-0.1,-20.4229147362675));
#15917=CARTESIAN_POINT('Origin',(6.86836695118945,0.,-10.1899324412984));
#15918=CARTESIAN_POINT('',(7.29381267311946,0.,-10.1899324412984));
#15919=CARTESIAN_POINT('',(6.86836695118945,0.,-10.1899324412984));
#15920=CARTESIAN_POINT('',(3.43418347559473,0.,-10.1899324412984));
#15921=CARTESIAN_POINT('',(7.29381267311946,-0.1,-10.1899324412984));
#15922=CARTESIAN_POINT('',(7.29381267311946,0.,-10.1899324412984));
#15923=CARTESIAN_POINT('',(6.86836695118945,-0.1,-10.1899324412984));
#15924=CARTESIAN_POINT('',(7.29381267311946,-0.1,-10.1899324412984));
#15925=CARTESIAN_POINT('',(6.86836695118945,0.,-10.1899324412984));
#15926=CARTESIAN_POINT('Ctrl Pts',(6.14632478311396,0.,-9.46545915481187));
#15927=CARTESIAN_POINT('Ctrl Pts',(6.14632478311396,-0.1,-9.46545915481187));
#15928=CARTESIAN_POINT('Ctrl Pts',(6.33352090076316,0.,-9.63563744358387));
#15929=CARTESIAN_POINT('Ctrl Pts',(6.33352090076316,-0.1,-9.63563744358387));
#15930=CARTESIAN_POINT('Ctrl Pts',(6.68117083354025,0.,-9.99058073159405));
#15931=CARTESIAN_POINT('Ctrl Pts',(6.68117083354025,-0.1,-9.99058073159405));
#15932=CARTESIAN_POINT('Ctrl Pts',(6.86836695118945,0.,-10.1899324412984));
#15933=CARTESIAN_POINT('Ctrl Pts',(6.86836695118945,-0.1,-10.1899324412984));
#15934=CARTESIAN_POINT('',(6.14632478311396,0.,-9.46545915481187));
#15935=CARTESIAN_POINT('Ctrl Pts',(6.86836695118945,0.,-10.1899324412984));
#15936=CARTESIAN_POINT('Ctrl Pts',(6.68117083354025,0.,-9.99058073159405));
#15937=CARTESIAN_POINT('Ctrl Pts',(6.33352090076316,0.,-9.63563744358387));
#15938=CARTESIAN_POINT('Ctrl Pts',(6.14632478311396,0.,-9.46545915481187));
#15939=CARTESIAN_POINT('',(6.14632478311396,-0.1,-9.46545915481187));
#15940=CARTESIAN_POINT('Ctrl Pts',(6.14632478311396,-0.1,-9.46545915481187));
#15941=CARTESIAN_POINT('Ctrl Pts',(6.33352090076316,-0.1,-9.63563744358387));
#15942=CARTESIAN_POINT('Ctrl Pts',(6.68117083354025,-0.1,-9.99058073159405));
#15943=CARTESIAN_POINT('Ctrl Pts',(6.86836695118945,-0.1,-10.1899324412984));
#15944=CARTESIAN_POINT('',(6.14632478311396,0.,-9.46545915481187));
#15945=CARTESIAN_POINT('Ctrl Pts',(5.07663268226138,0.,-8.87226626252089));
#15946=CARTESIAN_POINT('Ctrl Pts',(5.07663268226138,-0.1,-8.87226626252089));
#15947=CARTESIAN_POINT('Ctrl Pts',(5.31731340495321,0.,-8.87226626252089));
#15948=CARTESIAN_POINT('Ctrl Pts',(5.31731340495321,-0.1,-8.87226626252089));
#15949=CARTESIAN_POINT('Ctrl Pts',(5.76950142940453,0.,-9.12267145885684));
#15950=CARTESIAN_POINT('Ctrl Pts',(5.76950142940453,-0.1,-9.12267145885684));
#15951=CARTESIAN_POINT('Ctrl Pts',(6.14632478311396,0.,-9.46545915481187));
#15952=CARTESIAN_POINT('Ctrl Pts',(6.14632478311396,-0.1,-9.46545915481187));
#15953=CARTESIAN_POINT('',(5.07663268226138,0.,-8.87226626252089));
#15954=CARTESIAN_POINT('Ctrl Pts',(6.14632478311396,0.,-9.46545915481187));
#15955=CARTESIAN_POINT('Ctrl Pts',(5.76950142940453,0.,-9.12267145885684));
#15956=CARTESIAN_POINT('Ctrl Pts',(5.31731340495321,0.,-8.87226626252089));
#15957=CARTESIAN_POINT('Ctrl Pts',(5.07663268226138,0.,-8.87226626252089));
#15958=CARTESIAN_POINT('',(5.07663268226138,-0.1,-8.87226626252089));
#15959=CARTESIAN_POINT('Ctrl Pts',(5.07663268226138,-0.1,-8.87226626252089));
#15960=CARTESIAN_POINT('Ctrl Pts',(5.31731340495321,-0.1,-8.87226626252089));
#15961=CARTESIAN_POINT('Ctrl Pts',(5.76950142940453,-0.1,-9.12267145885684));
#15962=CARTESIAN_POINT('Ctrl Pts',(6.14632478311396,-0.1,-9.46545915481187));
#15963=CARTESIAN_POINT('',(5.07663268226138,0.,-8.87226626252089));
#15964=CARTESIAN_POINT('Ctrl Pts',(4.69980932855194,0.,-9.02056448559363));
#15965=CARTESIAN_POINT('Ctrl Pts',(4.69980932855194,-0.1,-9.02056448559363));
#15966=CARTESIAN_POINT('Ctrl Pts',(4.76058728882766,0.,-8.95006205167381));
#15967=CARTESIAN_POINT('Ctrl Pts',(4.76058728882766,-0.1,-8.95006205167381));
#15968=CARTESIAN_POINT('Ctrl Pts',(4.95021452488789,0.,-8.87226626252089));
#15969=CARTESIAN_POINT('Ctrl Pts',(4.95021452488789,-0.1,-8.87226626252089));
#15970=CARTESIAN_POINT('Ctrl Pts',(5.07663268226138,0.,-8.87226626252089));
#15971=CARTESIAN_POINT('Ctrl Pts',(5.07663268226138,-0.1,-8.87226626252089));
#15972=CARTESIAN_POINT('',(4.69980932855194,0.,-9.02056448559363));
#15973=CARTESIAN_POINT('Ctrl Pts',(5.07663268226138,0.,-8.87226626252089));
#15974=CARTESIAN_POINT('Ctrl Pts',(4.95021452488789,0.,-8.87226626252089));
#15975=CARTESIAN_POINT('Ctrl Pts',(4.76058728882766,0.,-8.95006205167381));
#15976=CARTESIAN_POINT('Ctrl Pts',(4.69980932855194,0.,-9.02056448559363));
#15977=CARTESIAN_POINT('',(4.69980932855194,-0.1,-9.02056448559363));
#15978=CARTESIAN_POINT('Ctrl Pts',(4.69980932855194,-0.1,-9.02056448559363));
#15979=CARTESIAN_POINT('Ctrl Pts',(4.76058728882766,-0.1,-8.95006205167381));
#15980=CARTESIAN_POINT('Ctrl Pts',(4.95021452488789,-0.1,-8.87226626252089));
#15981=CARTESIAN_POINT('Ctrl Pts',(5.07663268226138,-0.1,-8.87226626252089));
#15982=CARTESIAN_POINT('',(4.69980932855194,0.,-9.02056448559363));
#15983=CARTESIAN_POINT('Ctrl Pts',(4.57825340800051,0.,-9.38766336565895));
#15984=CARTESIAN_POINT('Ctrl Pts',(4.57825340800051,-0.1,-9.38766336565895));
#15985=CARTESIAN_POINT('Ctrl Pts',(4.57825340800051,0.,-9.27583191875164));
#15986=CARTESIAN_POINT('Ctrl Pts',(4.57825340800051,-0.1,-9.27583191875164));
#15987=CARTESIAN_POINT('Ctrl Pts',(4.63903136827623,0.,-9.09106691951346));
#15988=CARTESIAN_POINT('Ctrl Pts',(4.63903136827623,-0.1,-9.09106691951346));
#15989=CARTESIAN_POINT('Ctrl Pts',(4.69980932855194,0.,-9.02056448559363));
#15990=CARTESIAN_POINT('Ctrl Pts',(4.69980932855194,-0.1,-9.02056448559363));
#15991=CARTESIAN_POINT('',(4.57825340800051,0.,-9.38766336565895));
#15992=CARTESIAN_POINT('Ctrl Pts',(4.69980932855194,0.,-9.02056448559363));
#15993=CARTESIAN_POINT('Ctrl Pts',(4.63903136827623,0.,-9.09106691951346));
#15994=CARTESIAN_POINT('Ctrl Pts',(4.57825340800051,0.,-9.27583191875164));
#15995=CARTESIAN_POINT('Ctrl Pts',(4.57825340800051,0.,-9.38766336565895));
#15996=CARTESIAN_POINT('',(4.57825340800051,-0.1,-9.38766336565895));
#15997=CARTESIAN_POINT('Ctrl Pts',(4.57825340800051,-0.1,-9.38766336565895));
#15998=CARTESIAN_POINT('Ctrl Pts',(4.57825340800051,-0.1,-9.27583191875164));
#15999=CARTESIAN_POINT('Ctrl Pts',(4.63903136827623,-0.1,-9.09106691951346));
#16000=CARTESIAN_POINT('Ctrl Pts',(4.69980932855194,-0.1,-9.02056448559363));
#16001=CARTESIAN_POINT('',(4.57825340800051,0.,-9.38766336565895));
#16002=CARTESIAN_POINT('Ctrl Pts',(4.67306702603063,0.,-9.81310908758896));
#16003=CARTESIAN_POINT('Ctrl Pts',(4.67306702603063,-0.1,-9.81310908758896));
#16004=CARTESIAN_POINT('Ctrl Pts',(4.63173801304314,0.,-9.71343323273679));
#16005=CARTESIAN_POINT('Ctrl Pts',(4.63173801304314,-0.1,-9.71343323273679));
#16006=CARTESIAN_POINT('Ctrl Pts',(4.57825340800051,0.,-9.49463257574421));
#16007=CARTESIAN_POINT('Ctrl Pts',(4.57825340800051,-0.1,-9.49463257574421));
#16008=CARTESIAN_POINT('Ctrl Pts',(4.57825340800051,0.,-9.38766336565895));
#16009=CARTESIAN_POINT('Ctrl Pts',(4.57825340800051,-0.1,-9.38766336565895));
#16010=CARTESIAN_POINT('',(4.67306702603063,0.,-9.81310908758896));
#16011=CARTESIAN_POINT('Ctrl Pts',(4.57825340800051,0.,-9.38766336565895));
#16012=CARTESIAN_POINT('Ctrl Pts',(4.57825340800051,0.,-9.49463257574421));
#16013=CARTESIAN_POINT('Ctrl Pts',(4.63173801304314,0.,-9.71343323273679));
#16014=CARTESIAN_POINT('Ctrl Pts',(4.67306702603063,0.,-9.81310908758896));
#16015=CARTESIAN_POINT('',(4.67306702603063,-0.1,-9.81310908758896));
#16016=CARTESIAN_POINT('Ctrl Pts',(4.67306702603063,-0.1,-9.81310908758896));
#16017=CARTESIAN_POINT('Ctrl Pts',(4.63173801304314,-0.1,-9.71343323273679));
#16018=CARTESIAN_POINT('Ctrl Pts',(4.57825340800051,-0.1,-9.49463257574421));
#16019=CARTESIAN_POINT('Ctrl Pts',(4.57825340800051,-0.1,-9.38766336565895));
#16020=CARTESIAN_POINT('',(4.67306702603063,0.,-9.81310908758896));
#16021=CARTESIAN_POINT('Ctrl Pts',(4.83838307798057,0.,-10.1048432969124));
#16022=CARTESIAN_POINT('Ctrl Pts',(4.83838307798057,-0.1,-10.1048432969124));
#16023=CARTESIAN_POINT('Ctrl Pts',(4.80434742022617,0.,-10.0562209286918));
#16024=CARTESIAN_POINT('Ctrl Pts',(4.80434742022617,-0.1,-10.0562209286918));
#16025=CARTESIAN_POINT('Ctrl Pts',(4.70710268378503,0.,-9.89819823197496));
#16026=CARTESIAN_POINT('Ctrl Pts',(4.70710268378503,-0.1,-9.89819823197496));
#16027=CARTESIAN_POINT('Ctrl Pts',(4.67306702603063,0.,-9.81310908758896));
#16028=CARTESIAN_POINT('Ctrl Pts',(4.67306702603063,-0.1,-9.81310908758896));
#16029=CARTESIAN_POINT('',(4.83838307798057,0.,-10.1048432969124));
#16030=CARTESIAN_POINT('Ctrl Pts',(4.67306702603063,0.,-9.81310908758896));
#16031=CARTESIAN_POINT('Ctrl Pts',(4.70710268378503,0.,-9.89819823197496));
#16032=CARTESIAN_POINT('Ctrl Pts',(4.80434742022617,0.,-10.0562209286918));
#16033=CARTESIAN_POINT('Ctrl Pts',(4.83838307798057,0.,-10.1048432969124));
#16034=CARTESIAN_POINT('',(4.83838307798057,-0.1,-10.1048432969124));
#16035=CARTESIAN_POINT('Ctrl Pts',(4.83838307798057,-0.1,-10.1048432969124));
#16036=CARTESIAN_POINT('Ctrl Pts',(4.80434742022617,-0.1,-10.0562209286918));
#16037=CARTESIAN_POINT('Ctrl Pts',(4.70710268378503,-0.1,-9.89819823197496));
#16038=CARTESIAN_POINT('Ctrl Pts',(4.67306702603063,-0.1,-9.81310908758896));
#16039=CARTESIAN_POINT('',(4.83838307798057,0.,-10.1048432969124));
#16040=CARTESIAN_POINT('Origin',(4.83838307798057,0.,-10.1267233626116));
#16041=CARTESIAN_POINT('',(4.83838307798057,0.,-10.1267233626116));
#16042=CARTESIAN_POINT('',(4.83838307798057,0.,-5.06336168130582));
#16043=CARTESIAN_POINT('',(4.83838307798057,-0.1,-10.1267233626116));
#16044=CARTESIAN_POINT('',(4.83838307798057,-0.1,-10.1048432969124));
#16045=CARTESIAN_POINT('',(4.83838307798057,0.,-10.1267233626116));
#16046=CARTESIAN_POINT('Origin',(4.41050623763954,0.,-10.1267233626116));
#16047=CARTESIAN_POINT('',(4.41050623763954,0.,-10.1267233626116));
#16048=CARTESIAN_POINT('',(2.20525311881977,0.,-10.1267233626116));
#16049=CARTESIAN_POINT('',(4.41050623763954,-0.1,-10.1267233626116));
#16050=CARTESIAN_POINT('',(4.83838307798057,-0.1,-10.1267233626116));
#16051=CARTESIAN_POINT('',(4.41050623763954,0.,-10.1267233626116));
#16052=CARTESIAN_POINT('Ctrl Pts',(4.23060347522342,0.,-9.35848994472661));
#16053=CARTESIAN_POINT('Ctrl Pts',(4.23060347522342,-0.1,-9.35848994472661));
#16054=CARTESIAN_POINT('Ctrl Pts',(4.23060347522342,0.,-9.55784165443095));
#16055=CARTESIAN_POINT('Ctrl Pts',(4.23060347522342,-0.1,-9.55784165443095));
#16056=CARTESIAN_POINT('Ctrl Pts',(4.34972827736383,0.,-10.0027363236492));
#16057=CARTESIAN_POINT('Ctrl Pts',(4.34972827736383,-0.1,-10.0027363236492));
#16058=CARTESIAN_POINT('Ctrl Pts',(4.41050623763954,0.,-10.1267233626116));
#16059=CARTESIAN_POINT('Ctrl Pts',(4.41050623763954,-0.1,-10.1267233626116));
#16060=CARTESIAN_POINT('',(4.23060347522342,0.,-9.35848994472661));
#16061=CARTESIAN_POINT('Ctrl Pts',(4.41050623763954,0.,-10.1267233626116));
#16062=CARTESIAN_POINT('Ctrl Pts',(4.34972827736383,0.,-10.0027363236492));
#16063=CARTESIAN_POINT('Ctrl Pts',(4.23060347522342,0.,-9.55784165443095));
#16064=CARTESIAN_POINT('Ctrl Pts',(4.23060347522342,0.,-9.35848994472661));
#16065=CARTESIAN_POINT('',(4.23060347522342,-0.1,-9.35848994472661));
#16066=CARTESIAN_POINT('Ctrl Pts',(4.23060347522342,-0.1,-9.35848994472661));
#16067=CARTESIAN_POINT('Ctrl Pts',(4.23060347522342,-0.1,-9.55784165443095));
#16068=CARTESIAN_POINT('Ctrl Pts',(4.34972827736383,-0.1,-10.0027363236492));
#16069=CARTESIAN_POINT('Ctrl Pts',(4.41050623763954,-0.1,-10.1267233626116));
#16070=CARTESIAN_POINT('',(4.23060347522342,0.,-9.35848994472661));
#16071=CARTESIAN_POINT('Ctrl Pts',(5.05475261656212,0.,-8.46383836946809));
#16072=CARTESIAN_POINT('Ctrl Pts',(5.05475261656212,-0.1,-8.46383836946809));
#16073=CARTESIAN_POINT('Ctrl Pts',(4.67549814444166,0.,-8.46383836946809));
#16074=CARTESIAN_POINT('Ctrl Pts',(4.67549814444166,-0.1,-8.46383836946809));
#16075=CARTESIAN_POINT('Ctrl Pts',(4.23060347522342,0.,-8.93790645961866));
#16076=CARTESIAN_POINT('Ctrl Pts',(4.23060347522342,-0.1,-8.93790645961866));
#16077=CARTESIAN_POINT('Ctrl Pts',(4.23060347522342,0.,-9.35848994472661));
#16078=CARTESIAN_POINT('Ctrl Pts',(4.23060347522342,-0.1,-9.35848994472661));
#16079=CARTESIAN_POINT('',(5.05475261656212,0.,-8.46383836946809));
#16080=CARTESIAN_POINT('Ctrl Pts',(4.23060347522342,0.,-9.35848994472661));
#16081=CARTESIAN_POINT('Ctrl Pts',(4.23060347522342,0.,-8.93790645961866));
#16082=CARTESIAN_POINT('Ctrl Pts',(4.67549814444166,0.,-8.46383836946809));
#16083=CARTESIAN_POINT('Ctrl Pts',(5.05475261656212,0.,-8.46383836946809));
#16084=CARTESIAN_POINT('',(5.05475261656212,-0.1,-8.46383836946809));
#16085=CARTESIAN_POINT('Ctrl Pts',(5.05475261656212,-0.1,-8.46383836946809));
#16086=CARTESIAN_POINT('Ctrl Pts',(4.67549814444166,-0.1,-8.46383836946809));
#16087=CARTESIAN_POINT('Ctrl Pts',(4.23060347522342,-0.1,-8.93790645961866));
#16088=CARTESIAN_POINT('Ctrl Pts',(4.23060347522342,-0.1,-9.35848994472661));
#16089=CARTESIAN_POINT('',(5.05475261656212,0.,-8.46383836946809));
#16090=CARTESIAN_POINT('Ctrl Pts',(5.65523886408618,0.,-8.61942994777392));
#16091=CARTESIAN_POINT('Ctrl Pts',(5.65523886408618,-0.1,-8.61942994777392));
#16092=CARTESIAN_POINT('Ctrl Pts',(5.5288207067127,0.,-8.54649639544306));
#16093=CARTESIAN_POINT('Ctrl Pts',(5.5288207067127,-0.1,-8.54649639544306));
#16094=CARTESIAN_POINT('Ctrl Pts',(5.23222426056721,0.,-8.46383836946809));
#16095=CARTESIAN_POINT('Ctrl Pts',(5.23222426056721,-0.1,-8.46383836946809));
#16096=CARTESIAN_POINT('Ctrl Pts',(5.05475261656212,0.,-8.46383836946809));
#16097=CARTESIAN_POINT('Ctrl Pts',(5.05475261656212,-0.1,-8.46383836946809));
#16098=CARTESIAN_POINT('',(5.65523886408618,0.,-8.61942994777392));
#16099=CARTESIAN_POINT('Ctrl Pts',(5.05475261656212,0.,-8.46383836946809));
#16100=CARTESIAN_POINT('Ctrl Pts',(5.23222426056721,0.,-8.46383836946809));
#16101=CARTESIAN_POINT('Ctrl Pts',(5.5288207067127,0.,-8.54649639544306));
#16102=CARTESIAN_POINT('Ctrl Pts',(5.65523886408618,0.,-8.61942994777392));
#16103=CARTESIAN_POINT('',(5.65523886408618,-0.1,-8.61942994777392));
#16104=CARTESIAN_POINT('Ctrl Pts',(5.65523886408618,-0.1,-8.61942994777392));
#16105=CARTESIAN_POINT('Ctrl Pts',(5.5288207067127,-0.1,-8.54649639544306));
#16106=CARTESIAN_POINT('Ctrl Pts',(5.23222426056721,-0.1,-8.46383836946809));
#16107=CARTESIAN_POINT('Ctrl Pts',(5.05475261656212,-0.1,-8.46383836946809));
#16108=CARTESIAN_POINT('',(5.65523886408618,0.,-8.61942994777392));
#16109=CARTESIAN_POINT('Ctrl Pts',(6.16820484881322,0.,-9.02056448559363));
#16110=CARTESIAN_POINT('Ctrl Pts',(6.16820484881322,-0.1,-9.02056448559363));
#16111=CARTESIAN_POINT('Ctrl Pts',(6.04421780985076,0.,-8.90387080186426));
#16112=CARTESIAN_POINT('Ctrl Pts',(6.04421780985076,-0.1,-8.90387080186426));
#16113=CARTESIAN_POINT('Ctrl Pts',(5.78651925828173,0.,-8.69236350010477));
#16114=CARTESIAN_POINT('Ctrl Pts',(5.78651925828173,-0.1,-8.69236350010477));
#16115=CARTESIAN_POINT('Ctrl Pts',(5.65523886408618,0.,-8.61942994777392));
#16116=CARTESIAN_POINT('Ctrl Pts',(5.65523886408618,-0.1,-8.61942994777392));
#16117=CARTESIAN_POINT('',(6.16820484881322,0.,-9.02056448559363));
#16118=CARTESIAN_POINT('Ctrl Pts',(5.65523886408618,0.,-8.61942994777392));
#16119=CARTESIAN_POINT('Ctrl Pts',(5.78651925828173,0.,-8.69236350010477));
#16120=CARTESIAN_POINT('Ctrl Pts',(6.04421780985076,0.,-8.90387080186426));
#16121=CARTESIAN_POINT('Ctrl Pts',(6.16820484881322,0.,-9.02056448559363));
#16122=CARTESIAN_POINT('',(6.16820484881322,-0.1,-9.02056448559363));
#16123=CARTESIAN_POINT('Ctrl Pts',(6.16820484881322,-0.1,-9.02056448559363));
#16124=CARTESIAN_POINT('Ctrl Pts',(6.04421780985076,-0.1,-8.90387080186426));
#16125=CARTESIAN_POINT('Ctrl Pts',(5.78651925828173,-0.1,-8.69236350010477));
#16126=CARTESIAN_POINT('Ctrl Pts',(5.65523886408618,-0.1,-8.61942994777392));
#16127=CARTESIAN_POINT('',(6.16820484881322,0.,-9.02056448559363));
#16128=CARTESIAN_POINT('Ctrl Pts',(6.94616274034237,0.,-9.81310908758896));
#16129=CARTESIAN_POINT('Ctrl Pts',(6.94616274034237,-0.1,-9.81310908758896));
#16130=CARTESIAN_POINT('Ctrl Pts',(6.81731346455785,0.,-9.67453533816033));
#16131=CARTESIAN_POINT('Ctrl Pts',(6.81731346455785,-0.1,-9.67453533816033));
#16132=CARTESIAN_POINT('Ctrl Pts',(6.37484991375065,0.,-9.21019172165387));
#16133=CARTESIAN_POINT('Ctrl Pts',(6.37484991375065,-0.1,-9.21019172165387));
#16134=CARTESIAN_POINT('Ctrl Pts',(6.16820484881322,0.,-9.02056448559363));
#16135=CARTESIAN_POINT('Ctrl Pts',(6.16820484881322,-0.1,-9.02056448559363));
#16136=CARTESIAN_POINT('',(6.94616274034237,0.,-9.81310908758896));
#16137=CARTESIAN_POINT('Ctrl Pts',(6.16820484881322,0.,-9.02056448559363));
#16138=CARTESIAN_POINT('Ctrl Pts',(6.37484991375065,0.,-9.21019172165387));
#16139=CARTESIAN_POINT('Ctrl Pts',(6.81731346455785,0.,-9.67453533816033));
#16140=CARTESIAN_POINT('Ctrl Pts',(6.94616274034237,0.,-9.81310908758896));
#16141=CARTESIAN_POINT('',(6.94616274034237,-0.1,-9.81310908758896));
#16142=CARTESIAN_POINT('Ctrl Pts',(6.94616274034237,-0.1,-9.81310908758896));
#16143=CARTESIAN_POINT('Ctrl Pts',(6.81731346455785,-0.1,-9.67453533816033));
#16144=CARTESIAN_POINT('Ctrl Pts',(6.37484991375065,-0.1,-9.21019172165387));
#16145=CARTESIAN_POINT('Ctrl Pts',(6.16820484881322,-0.1,-9.02056448559363));
#16146=CARTESIAN_POINT('',(6.94616274034237,0.,-9.81310908758896));
#16147=CARTESIAN_POINT('Origin',(6.94616274034237,0.,-8.33985133050563));
#16148=CARTESIAN_POINT('',(6.94616274034237,0.,-8.33985133050563));
#16149=CARTESIAN_POINT('',(6.94616274034237,0.,-4.16992566525281));
#16150=CARTESIAN_POINT('',(6.94616274034237,-0.1,-8.33985133050563));
#16151=CARTESIAN_POINT('',(6.94616274034237,-0.1,-9.81310908758896));
#16152=CARTESIAN_POINT('',(6.94616274034237,0.,-8.33985133050563));
#16153=CARTESIAN_POINT('Origin',(7.29381267311946,0.,-8.33985133050563));
#16154=CARTESIAN_POINT('',(7.29381267311946,0.,-8.33985133050563));
#16155=CARTESIAN_POINT('',(3.64690633655973,0.,-8.33985133050563));
#16156=CARTESIAN_POINT('',(7.29381267311946,-0.1,-8.33985133050563));
#16157=CARTESIAN_POINT('',(6.94616274034237,-0.1,-8.33985133050563));
#16158=CARTESIAN_POINT('',(7.29381267311946,0.,-8.33985133050563));
#16159=CARTESIAN_POINT('Origin',(7.29381267311946,0.,-10.1899324412984));
#16160=CARTESIAN_POINT('',(7.29381267311946,0.,-5.0949662206492));
#16161=CARTESIAN_POINT('',(7.29381267311946,-0.1,-8.33985133050563));
#16162=CARTESIAN_POINT('Origin',(6.01111524026329,-0.1,-9.26061904010243));
#16163=CARTESIAN_POINT('Origin',(6.11472024377059,0.,1.8635526405814));
#16164=CARTESIAN_POINT('',(6.11472024377059,0.,1.8635526405814));
#16165=CARTESIAN_POINT('',(6.11472024377059,0.,2.7898087551833));
#16166=CARTESIAN_POINT('',(6.11472024377059,0.,0.931776320290699));
#16167=CARTESIAN_POINT('',(6.11472024377059,-0.1,1.8635526405814));
#16168=CARTESIAN_POINT('',(6.11472024377059,0.,1.8635526405814));
#16169=CARTESIAN_POINT('',(6.11472024377059,-0.1,2.7898087551833));
#16170=CARTESIAN_POINT('',(6.11472024377059,-0.1,2.09887977823094));
#16171=CARTESIAN_POINT('',(6.11472024377059,0.,2.7898087551833));
#16172=CARTESIAN_POINT('Origin',(4.70224044696297,0.,2.32546513867683));
#16173=CARTESIAN_POINT('',(4.70224044696297,0.,2.32546513867683));
#16174=CARTESIAN_POINT('',(2.92176979193243,0.,2.90771888128578));
#16175=CARTESIAN_POINT('',(4.70224044696297,-0.1,2.32546513867683));
#16176=CARTESIAN_POINT('',(4.70224044696297,0.,2.32546513867683));
#16177=CARTESIAN_POINT('',(5.32933986324136,-0.1,2.12038959806944));
#16178=CARTESIAN_POINT('Origin',(6.11472024377059,0.,2.7898087551833));
#16179=CARTESIAN_POINT('',(2.94170899425999,0.,1.74670178675554));
#16180=CARTESIAN_POINT('',(6.0375277230885,-0.1,2.76443221223961));
#16181=CARTESIAN_POINT('Origin',(4.29381255391017,0.,2.58073257183484));
#16182=CARTESIAN_POINT('',(4.29381255391017,0.,2.08964665280706));
#16183=CARTESIAN_POINT('',(4.29381255391017,0.,2.58073257183484));
#16184=CARTESIAN_POINT('',(4.29381255391017,0.,1.29036628591741));
#16185=CARTESIAN_POINT('',(4.29381255391017,-0.1,2.08964665280706));
#16186=CARTESIAN_POINT('',(4.29381255391017,0.,2.08964665280706));
#16187=CARTESIAN_POINT('',(4.29381255391017,-0.1,2.58073257183484));
#16188=CARTESIAN_POINT('',(4.29381255391017,-0.1,2.08964665280706));
#16189=CARTESIAN_POINT('',(4.29381255391017,0.,2.58073257183484));
#16190=CARTESIAN_POINT('Origin',(7.29381267311946,0.,3.59207783082273));
#16191=CARTESIAN_POINT('',(7.29381267311946,0.,3.59207783082273));
#16192=CARTESIAN_POINT('',(3.47538568567788,0.,2.30482853845993));
#16193=CARTESIAN_POINT('',(7.29381267311946,-0.1,3.59207783082273));
#16194=CARTESIAN_POINT('',(4.29381255391017,-0.1,2.58073257183484));
#16195=CARTESIAN_POINT('',(7.29381267311946,0.,3.59207783082273));
#16196=CARTESIAN_POINT('Origin',(7.29381267311946,0.,3.17149434571478));
#16197=CARTESIAN_POINT('',(7.29381267311946,0.,3.17149434571478));
#16198=CARTESIAN_POINT('',(7.29381267311946,0.,1.58574717285739));
#16199=CARTESIAN_POINT('',(7.29381267311946,-0.1,3.17149434571478));
#16200=CARTESIAN_POINT('',(7.29381267311946,-0.1,3.59207783082273));
#16201=CARTESIAN_POINT('',(7.29381267311946,0.,3.17149434571478));
#16202=CARTESIAN_POINT('Origin',(6.45507682131459,0.,2.89920908367958));
#16203=CARTESIAN_POINT('',(6.45507682131459,0.,2.89920908367958));
#16204=CARTESIAN_POINT('',(3.10952825877194,0.,1.8131179561295));
#16205=CARTESIAN_POINT('',(6.45507682131459,-0.1,2.89920908367958));
#16206=CARTESIAN_POINT('',(7.29381267311946,-0.1,3.17149434571478));
#16207=CARTESIAN_POINT('',(6.45507682131459,0.,2.89920908367958));
#16208=CARTESIAN_POINT('Origin',(6.45507682131459,0.,1.75415231208511));
#16209=CARTESIAN_POINT('',(6.45507682131459,0.,1.75415231208511));
#16210=CARTESIAN_POINT('',(6.45507682131459,0.,0.877076156042554));
#16211=CARTESIAN_POINT('',(6.45507682131459,-0.1,1.75415231208511));
#16212=CARTESIAN_POINT('',(6.45507682131459,-0.1,2.89920908367958));
#16213=CARTESIAN_POINT('',(6.45507682131459,0.,1.75415231208511));
#16214=CARTESIAN_POINT('Origin',(7.29381267311946,0.,1.48186705004991));
#16215=CARTESIAN_POINT('',(7.29381267311946,0.,1.48186705004991));
#16216=CARTESIAN_POINT('',(4.21221020367713,0.,2.48227132998481));
#16217=CARTESIAN_POINT('',(7.29381267311946,-0.1,1.48186705004991));
#16218=CARTESIAN_POINT('',(6.45507682131459,-0.1,1.75415231208511));
#16219=CARTESIAN_POINT('',(7.29381267311946,0.,1.48186705004991));
#16220=CARTESIAN_POINT('Origin',(7.29381267311946,0.,1.07830139381916));
#16221=CARTESIAN_POINT('',(7.29381267311946,0.,1.07830139381916));
#16222=CARTESIAN_POINT('',(7.29381267311946,0.,0.539150696909579));
#16223=CARTESIAN_POINT('',(7.29381267311946,-0.1,1.07830139381916));
#16224=CARTESIAN_POINT('',(7.29381267311946,-0.1,1.48186705004991));
#16225=CARTESIAN_POINT('',(7.29381267311946,0.,1.07830139381916));
#16226=CARTESIAN_POINT('Origin',(4.29381255391017,0.,2.08964665280706));
#16227=CARTESIAN_POINT('',(2.68227741381108,0.,2.63291943909655));
#16228=CARTESIAN_POINT('',(7.29381267311946,-0.1,1.07830139381916));
#16229=CARTESIAN_POINT('Origin',(6.09342661704041,-0.1,2.33420691588048));
#16230=CARTESIAN_POINT('Origin',(5.82541715285819,0.,5.65609736178601));
#16231=CARTESIAN_POINT('',(7.29381267311946,0.,5.65609736178601));
#16232=CARTESIAN_POINT('',(5.82541715285819,0.,5.65609736178601));
#16233=CARTESIAN_POINT('',(2.91270857642909,0.,5.65609736178601));
#16234=CARTESIAN_POINT('',(7.29381267311946,-0.1,5.65609736178601));
#16235=CARTESIAN_POINT('',(7.29381267311946,0.,5.65609736178601));
#16236=CARTESIAN_POINT('',(5.82541715285819,-0.1,5.65609736178601));
#16237=CARTESIAN_POINT('',(7.29381267311946,-0.1,5.65609736178601));
#16238=CARTESIAN_POINT('',(5.82541715285819,0.,5.65609736178601));
#16239=CARTESIAN_POINT('Origin',(5.82541715285818,0.,4.27522210432177));
#16240=CARTESIAN_POINT('',(5.82541715285818,0.,4.27522210432177));
#16241=CARTESIAN_POINT('',(5.82541715285818,0.,2.13761105216088));
#16242=CARTESIAN_POINT('',(5.82541715285818,-0.1,4.27522210432177));
#16243=CARTESIAN_POINT('',(5.82541715285819,-0.1,5.65609736178601));
#16244=CARTESIAN_POINT('',(5.82541715285818,0.,4.27522210432177));
#16245=CARTESIAN_POINT('Origin',(7.29381267311946,0.,4.27522210432177));
#16246=CARTESIAN_POINT('',(7.29381267311946,0.,4.27522210432177));
#16247=CARTESIAN_POINT('',(3.64690633655973,0.,4.27522210432177));
#16248=CARTESIAN_POINT('',(7.29381267311946,-0.1,4.27522210432177));
#16249=CARTESIAN_POINT('',(5.82541715285818,-0.1,4.27522210432177));
#16250=CARTESIAN_POINT('',(7.29381267311946,0.,4.27522210432177));
#16251=CARTESIAN_POINT('Origin',(7.29381267311946,0.,3.87651868491308));
#16252=CARTESIAN_POINT('',(7.29381267311946,0.,3.87651868491308));
#16253=CARTESIAN_POINT('',(7.29381267311946,0.,1.93825934245654));
#16254=CARTESIAN_POINT('',(7.29381267311946,-0.1,3.87651868491308));
#16255=CARTESIAN_POINT('',(7.29381267311946,-0.1,4.27522210432177));
#16256=CARTESIAN_POINT('',(7.29381267311946,0.,3.87651868491308));
#16257=CARTESIAN_POINT('Origin',(4.29381255391017,0.,3.87651868491308));
#16258=CARTESIAN_POINT('',(4.29381255391017,0.,3.87651868491308));
#16259=CARTESIAN_POINT('',(2.14690627695509,0.,3.87651868491309));
#16260=CARTESIAN_POINT('',(4.29381255391017,-0.1,3.87651868491308));
#16261=CARTESIAN_POINT('',(7.29381267311946,-0.1,3.87651868491308));
#16262=CARTESIAN_POINT('',(4.29381255391017,0.,3.87651868491308));
#16263=CARTESIAN_POINT('Origin',(4.29381255391017,0.,4.27522210432177));
#16264=CARTESIAN_POINT('',(4.29381255391017,0.,4.27522210432177));
#16265=CARTESIAN_POINT('',(4.29381255391017,0.,2.13761105216089));
#16266=CARTESIAN_POINT('',(4.29381255391017,-0.1,4.27522210432177));
#16267=CARTESIAN_POINT('',(4.29381255391017,-0.1,3.87651868491308));
#16268=CARTESIAN_POINT('',(4.29381255391017,0.,4.27522210432177));
#16269=CARTESIAN_POINT('Origin',(5.47047386484801,0.,4.27522210432177));
#16270=CARTESIAN_POINT('',(5.47047386484801,0.,4.27522210432177));
#16271=CARTESIAN_POINT('',(2.73523693242401,0.,4.27522210432178));
#16272=CARTESIAN_POINT('',(5.47047386484801,-0.1,4.27522210432177));
#16273=CARTESIAN_POINT('',(4.29381255391017,-0.1,4.27522210432177));
#16274=CARTESIAN_POINT('',(5.47047386484801,0.,4.27522210432177));
#16275=CARTESIAN_POINT('Origin',(5.47047386484801,0.,5.65609736178601));
#16276=CARTESIAN_POINT('',(5.47047386484801,0.,5.65609736178601));
#16277=CARTESIAN_POINT('',(5.47047386484801,0.,2.828048680893));
#16278=CARTESIAN_POINT('',(5.47047386484801,-0.1,5.65609736178601));
#16279=CARTESIAN_POINT('',(5.47047386484801,-0.1,4.27522210432177));
#16280=CARTESIAN_POINT('',(5.47047386484801,0.,5.65609736178601));
#16281=CARTESIAN_POINT('Origin',(4.29381255391017,0.,5.65609736178601));
#16282=CARTESIAN_POINT('',(4.29381255391017,0.,5.65609736178601));
#16283=CARTESIAN_POINT('',(2.1469062769551,0.,5.65609736178602));
#16284=CARTESIAN_POINT('',(4.29381255391017,-0.1,5.65609736178601));
#16285=CARTESIAN_POINT('',(5.47047386484801,-0.1,5.65609736178601));
#16286=CARTESIAN_POINT('',(4.29381255391017,0.,5.65609736178601));
#16287=CARTESIAN_POINT('Origin',(4.29381255391017,0.,6.0548007811947));
#16288=CARTESIAN_POINT('',(4.29381255391017,0.,6.0548007811947));
#16289=CARTESIAN_POINT('',(4.29381255391017,0.,3.02740039059735));
#16290=CARTESIAN_POINT('',(4.29381255391017,-0.1,6.0548007811947));
#16291=CARTESIAN_POINT('',(4.29381255391017,-0.1,5.65609736178601));
#16292=CARTESIAN_POINT('',(4.29381255391017,0.,6.0548007811947));
#16293=CARTESIAN_POINT('Origin',(7.29381267311946,0.,6.0548007811947));
#16294=CARTESIAN_POINT('',(7.29381267311946,0.,6.0548007811947));
#16295=CARTESIAN_POINT('',(3.64690633655974,0.,6.05480078119471));
#16296=CARTESIAN_POINT('',(7.29381267311946,-0.1,6.0548007811947));
#16297=CARTESIAN_POINT('',(4.29381255391017,-0.1,6.0548007811947));
#16298=CARTESIAN_POINT('',(7.29381267311946,0.,6.0548007811947));
#16299=CARTESIAN_POINT('Origin',(7.29381267311946,0.,5.65609736178601));
#16300=CARTESIAN_POINT('',(7.29381267311946,0.,2.828048680893));
#16301=CARTESIAN_POINT('',(7.29381267311946,-0.1,6.0548007811947));
#16302=CARTESIAN_POINT('Origin',(5.77468398760827,-0.1,4.96565973305389));
#16303=CARTESIAN_POINT('Origin',(6.72006872811671,0.,12.8570700952527));
#16304=CARTESIAN_POINT('',(7.29381267311946,0.,12.8570700952527));
#16305=CARTESIAN_POINT('',(6.72006872811671,0.,12.8570700952527));
#16306=CARTESIAN_POINT('',(3.36003436405836,0.,12.8570700952527));
#16307=CARTESIAN_POINT('',(7.29381267311946,-0.1,12.8570700952527));
#16308=CARTESIAN_POINT('',(7.29381267311946,0.,12.8570700952527));
#16309=CARTESIAN_POINT('',(6.72006872811671,-0.1,12.8570700952527));
#16310=CARTESIAN_POINT('',(7.29381267311946,-0.1,12.8570700952527));
#16311=CARTESIAN_POINT('',(6.72006872811671,0.,12.8570700952527));
#16312=CARTESIAN_POINT('Origin',(6.72006872811671,0.,13.3384315406364));
#16313=CARTESIAN_POINT('',(6.72006872811671,0.,13.3384315406364));
#16314=CARTESIAN_POINT('',(6.72006872811671,0.,6.66921577031819));
#16315=CARTESIAN_POINT('',(6.72006872811671,-0.1,13.3384315406364));
#16316=CARTESIAN_POINT('',(6.72006872811671,-0.1,12.8570700952527));
#16317=CARTESIAN_POINT('',(6.72006872811671,0.,13.3384315406364));
#16318=CARTESIAN_POINT('Origin',(7.29381267311946,0.,13.3384315406364));
#16319=CARTESIAN_POINT('',(7.29381267311946,0.,13.3384315406364));
#16320=CARTESIAN_POINT('',(3.64690633655973,0.,13.3384315406364));
#16321=CARTESIAN_POINT('',(7.29381267311946,-0.1,13.3384315406364));
#16322=CARTESIAN_POINT('',(6.72006872811671,-0.1,13.3384315406364));
#16323=CARTESIAN_POINT('',(7.29381267311946,0.,13.3384315406364));
#16324=CARTESIAN_POINT('Origin',(7.29381267311946,0.,12.8570700952527));
#16325=CARTESIAN_POINT('',(7.29381267311946,0.,6.42853504762636));
#16326=CARTESIAN_POINT('',(7.29381267311946,-0.1,13.3384315406364));
#16327=CARTESIAN_POINT('Origin',(7.00694070061809,-0.1,13.0977508179446));
#16328=CARTESIAN_POINT('Origin',(7.29381267311946,0.,18.2808952702575));
#16329=CARTESIAN_POINT('',(7.29381267311946,0.,18.7112032290096));
#16330=CARTESIAN_POINT('',(7.29381267311946,0.,18.2808952702575));
#16331=CARTESIAN_POINT('',(7.29381267311946,0.,9.14044763512876));
#16332=CARTESIAN_POINT('',(7.29381267311946,-0.1,18.7112032290096));
#16333=CARTESIAN_POINT('',(7.29381267311946,0.,18.7112032290096));
#16334=CARTESIAN_POINT('',(7.29381267311946,-0.1,18.2808952702575));
#16335=CARTESIAN_POINT('',(7.29381267311946,-0.1,18.7112032290096));
#16336=CARTESIAN_POINT('',(7.29381267311946,0.,18.2808952702575));
#16337=CARTESIAN_POINT('Origin',(4.29381255391017,0.,17.2476699455704));
#16338=CARTESIAN_POINT('',(4.29381255391017,0.,17.2476699455704));
#16339=CARTESIAN_POINT('',(-0.280610118497355,0.,15.6722002245224));
#16340=CARTESIAN_POINT('',(4.29381255391017,-0.1,17.2476699455704));
#16341=CARTESIAN_POINT('',(7.29381267311946,-0.1,18.2808952702575));
#16342=CARTESIAN_POINT('',(4.29381255391017,0.,17.2476699455704));
#16343=CARTESIAN_POINT('Origin',(4.29381255391017,0.,17.6755467859114));
#16344=CARTESIAN_POINT('',(4.29381255391017,0.,17.6755467859114));
#16345=CARTESIAN_POINT('',(4.29381255391015,0.,8.8377733929557));
#16346=CARTESIAN_POINT('',(4.29381255391017,-0.1,17.6755467859114));
#16347=CARTESIAN_POINT('',(4.29381255391017,-0.1,17.2476699455704));
#16348=CARTESIAN_POINT('',(4.29381255391017,0.,17.6755467859114));
#16349=CARTESIAN_POINT('Origin',(6.78570892521449,0.,18.5069892824832));
#16350=CARTESIAN_POINT('',(6.78570892521449,0.,18.5069892824832));
#16351=CARTESIAN_POINT('',(0.9545215242849,0.,16.561363827734));
#16352=CARTESIAN_POINT('',(6.78570892521449,-0.1,18.5069892824832));
#16353=CARTESIAN_POINT('',(4.29381255391017,-0.1,17.6755467859114));
#16354=CARTESIAN_POINT('',(6.78570892521449,0.,18.5069892824832));
#16355=CARTESIAN_POINT('Origin',(4.29381255391017,0.,19.338431779055));
#16356=CARTESIAN_POINT('',(4.29381255391017,0.,19.338431779055));
#16357=CARTESIAN_POINT('',(5.26500209307844,0.,19.0143860986691));
#16358=CARTESIAN_POINT('',(4.29381255391017,-0.1,19.338431779055));
#16359=CARTESIAN_POINT('',(6.78570892521449,-0.1,18.5069892824832));
#16360=CARTESIAN_POINT('',(4.29381255391017,0.,19.338431779055));
#16361=CARTESIAN_POINT('Origin',(4.29381255391017,0.,19.7444285536967));
#16362=CARTESIAN_POINT('',(4.29381255391017,0.,19.7444285536967));
#16363=CARTESIAN_POINT('',(4.29381255391017,0.,9.87221427684837));
#16364=CARTESIAN_POINT('',(4.29381255391017,-0.1,19.7444285536967));
#16365=CARTESIAN_POINT('',(4.29381255391017,-0.1,19.338431779055));
#16366=CARTESIAN_POINT('',(4.29381255391017,0.,19.7444285536967));
#16367=CARTESIAN_POINT('Origin',(7.29381267311946,0.,18.7112032290096));
#16368=CARTESIAN_POINT('',(6.91409537046827,0.,18.8419810682533));
#16369=CARTESIAN_POINT('',(4.29381255391017,-0.1,19.7444285536967));
#16370=CARTESIAN_POINT('Origin',(5.64299511981195,-0.1,18.4991031882382));
#16371=CARTESIAN_POINT('Origin',(2.22044604925031E-15,0.,-2.22044604925031E-15));
#16372=CARTESIAN_POINT('',(15.,0.,-23.));
#16373=CARTESIAN_POINT('',(-15.,0.,-23.));
#16374=CARTESIAN_POINT('',(8.5,0.,-23.));
#16375=CARTESIAN_POINT('',(15.,0.,23.));
#16376=CARTESIAN_POINT('',(15.,0.,12.5));
#16377=CARTESIAN_POINT('',(-15.,0.,23.));
#16378=CARTESIAN_POINT('',(-8.5,0.,23.));
#16379=CARTESIAN_POINT('',(-15.,0.,-12.5));
#16380=CARTESIAN_POINT('Origin',(2.22044604925031E-15,0.,-2.22044604925031E-15));
#16381=CARTESIAN_POINT('Origin',(2.22044604925031E-15,0.,-2.22044604925031E-15));
#16382=CARTESIAN_POINT('Origin',(2.22044604925031E-15,0.,-2.22044604925031E-15));
#16383=CARTESIAN_POINT('Origin',(2.22044604925031E-15,0.,-2.22044604925031E-15));
#16384=CARTESIAN_POINT('Origin',(2.22044604925031E-15,0.,-2.22044604925031E-15));
#16385=CARTESIAN_POINT('Origin',(2.22044604925031E-15,0.,-2.22044604925031E-15));
#16386=CARTESIAN_POINT('Origin',(2.22044604925031E-15,0.,-2.22044604925031E-15));
#16387=CARTESIAN_POINT('Origin',(8.5,4.1,-25.));
#16388=CARTESIAN_POINT('',(17.,3.9,-25.));
#16389=CARTESIAN_POINT('',(17.,4.07729068176785,-25.1987065345313));
#16390=CARTESIAN_POINT('Ctrl Pts',(17.,3.9,-25.));
#16391=CARTESIAN_POINT('Ctrl Pts',(17.,3.9,-25.0132683817962));
#16392=CARTESIAN_POINT('Ctrl Pts',(17.,3.90132471589522,-25.0265364172671));
#16393=CARTESIAN_POINT('Ctrl Pts',(17.,3.90394806583135,-25.0395428768393));
#16394=CARTESIAN_POINT('Ctrl Pts',(17.,3.90657086164442,-25.0525465890925));
#16395=CARTESIAN_POINT('Ctrl Pts',(17.,3.91049160430692,-25.0652881578242));
#16396=CARTESIAN_POINT('Ctrl Pts',(17.,3.91563313214327,-25.0775168242171));
#16397=CARTESIAN_POINT('Ctrl Pts',(17.,3.9207737335468,-25.0897432871719));
#16398=CARTESIAN_POINT('Ctrl Pts',(17.,3.92713441078346,-25.1014563957767));
#16399=CARTESIAN_POINT('Ctrl Pts',(17.,3.93459002819802,-25.1124257142671));
#16400=CARTESIAN_POINT('Ctrl Pts',(17.,3.94204453332922,-25.1233933962746));
#16401=CARTESIAN_POINT('Ctrl Pts',(17.,3.95059326250012,-25.133616939364));
#16402=CARTESIAN_POINT('Ctrl Pts',(17.,3.96006808368534,-25.1428952721279));
#16403=CARTESIAN_POINT('Ctrl Pts',(17.,3.96954664092762,-25.1521772634707));
#16404=CARTESIAN_POINT('Ctrl Pts',(17.,3.97995152882506,-25.160512812508));
#16405=CARTESIAN_POINT('Ctrl Pts',(17.,3.9910779489113,-25.1677378513831));
#16406=CARTESIAN_POINT('Ctrl Pts',(17.,4.00220048142531,-25.174960365829));
#16407=CARTESIAN_POINT('Ctrl Pts',(17.,4.01404346058137,-25.1810727720438));
#16408=CARTESIAN_POINT('Ctrl Pts',(17.,4.02637394399699,-25.1859548436515));
#16409=CARTESIAN_POINT('Ctrl Pts',(17.,4.03870565223001,-25.1908374002074));
#16410=CARTESIAN_POINT('Ctrl Pts',(17.,4.05152431925462,-25.1944891224792));
#16411=CARTESIAN_POINT('Ctrl Pts',(17.,4.06457776185395,-25.1968381696845));
#16412=CARTESIAN_POINT('Ctrl Pts',(17.,4.06879393386572,-25.1975968957451));
#16413=CARTESIAN_POINT('Ctrl Pts',(17.,4.07303449034528,-25.1982201126544));
#16414=CARTESIAN_POINT('Ctrl Pts',(17.,4.07729068176786,-25.1987065345313));
#16415=CARTESIAN_POINT('',(-17.,4.07729068176785,-25.1987065345313));
#16416=CARTESIAN_POINT('',(8.5,4.07729068176785,-25.1987065345313));
#16417=CARTESIAN_POINT('',(-17.,3.9,-25.));
#16418=CARTESIAN_POINT('Ctrl Pts',(-17.,4.07729068176785,-25.1987065345313));
#16419=CARTESIAN_POINT('Ctrl Pts',(-17.,4.06410811094,-25.1971999550081));
#16420=CARTESIAN_POINT('Ctrl Pts',(-17.,4.05107630117188,-25.1943772662851));
#16421=CARTESIAN_POINT('Ctrl Pts',(-17.,4.03845183107397,-25.1902940432642));
#16422=CARTESIAN_POINT('Ctrl Pts',(-17.,4.02583002760851,-25.1862116827315));
#16423=CARTESIAN_POINT('Ctrl Pts',(-17.,4.01361604973684,-25.1808695350997));
#16424=CARTESIAN_POINT('Ctrl Pts',(-17.,4.00205027309168,-25.1743727358235));
#16425=CARTESIAN_POINT('Ctrl Pts',(-17.,3.99048658044089,-25.1678771071815));
#16426=CARTESIAN_POINT('Ctrl Pts',(-17.,3.97957145756137,-25.1602275829727));
#16427=CARTESIAN_POINT('Ctrl Pts',(-17.,3.96951964118679,-25.1515746547546));
#16428=CARTESIAN_POINT('Ctrl Pts',(-17.,3.95946932441546,-25.1429230174434));
#16429=CARTESIAN_POINT('Ctrl Pts',(-17.,3.95028257938193,-25.133268727235));
#16430=CARTESIAN_POINT('Ctrl Pts',(-17.,3.94214008628068,-25.1228016597629));
#16431=CARTESIAN_POINT('Ctrl Pts',(-17.,3.93399438247833,-25.1123304649769));
#16432=CARTESIAN_POINT('Ctrl Pts',(-17.,3.92689418171732,-25.1010463957169));
#16433=CARTESIAN_POINT('Ctrl Pts',(-17.,3.92097923660632,-25.0891715552962));
#16434=CARTESIAN_POINT('Ctrl Pts',(-17.,3.91506635817769,-25.0773008639459));
#16435=CARTESIAN_POINT('Ctrl Pts',(-17.,3.91033821280708,-25.0648404343233));
#16436=CARTESIAN_POINT('Ctrl Pts',(-17.,3.9068877995138,-25.0520353535914));
#16437=CARTESIAN_POINT('Ctrl Pts',(-17.,3.90343704348244,-25.0392290008991));
#16438=CARTESIAN_POINT('Ctrl Pts',(-17.,3.90126445403778,-25.0260785957744));
#16439=CARTESIAN_POINT('Ctrl Pts',(-17.,3.90041277279984,-25.0128428477587));
#16440=CARTESIAN_POINT('Ctrl Pts',(-17.,3.9001376856287,-25.0085677923537));
#16441=CARTESIAN_POINT('Ctrl Pts',(-17.,3.9,-25.0042838967854));
#16442=CARTESIAN_POINT('Ctrl Pts',(-17.,3.9,-25.));
#16443=CARTESIAN_POINT('',(8.5,3.9,-25.));
#16444=CARTESIAN_POINT('Origin',(-17.,2.5,-25.));
#16445=CARTESIAN_POINT('',(-17.,0.922709318232147,-25.1987065345313));
#16446=CARTESIAN_POINT('',(-17.,1.1,-25.));
#16447=CARTESIAN_POINT('Ctrl Pts',(-17.,0.922709318232147,-25.1987065345313));
#16448=CARTESIAN_POINT('Ctrl Pts',(-17.,0.935891889059997,-25.1971999550081));
#16449=CARTESIAN_POINT('Ctrl Pts',(-17.,0.948923698828122,-25.1943772662851));
#16450=CARTESIAN_POINT('Ctrl Pts',(-17.,0.961548168926029,-25.1902940432642));
#16451=CARTESIAN_POINT('Ctrl Pts',(-17.,0.974169972391487,-25.1862116827315));
#16452=CARTESIAN_POINT('Ctrl Pts',(-17.,0.986383950263163,-25.1808695350997));
#16453=CARTESIAN_POINT('Ctrl Pts',(-17.,0.997949726908326,-25.1743727358235));
#16454=CARTESIAN_POINT('Ctrl Pts',(-17.,1.00951341955911,-25.1678771071815));
#16455=CARTESIAN_POINT('Ctrl Pts',(-17.,1.02042854243863,-25.1602275829727));
#16456=CARTESIAN_POINT('Ctrl Pts',(-17.,1.03048035881321,-25.1515746547546));
#16457=CARTESIAN_POINT('Ctrl Pts',(-17.,1.04053067558454,-25.1429230174434));
#16458=CARTESIAN_POINT('Ctrl Pts',(-17.,1.04971742061808,-25.133268727235));
#16459=CARTESIAN_POINT('Ctrl Pts',(-17.,1.05785991371932,-25.1228016597629));
#16460=CARTESIAN_POINT('Ctrl Pts',(-17.,1.06600561752167,-25.1123304649769));
#16461=CARTESIAN_POINT('Ctrl Pts',(-17.,1.07310581828268,-25.1010463957168));
#16462=CARTESIAN_POINT('Ctrl Pts',(-17.,1.07902076339369,-25.0891715552962));
#16463=CARTESIAN_POINT('Ctrl Pts',(-17.,1.08493364182231,-25.0773008639459));
#16464=CARTESIAN_POINT('Ctrl Pts',(-17.,1.08966178719292,-25.0648404343233));
#16465=CARTESIAN_POINT('Ctrl Pts',(-17.,1.0931122004862,-25.0520353535914));
#16466=CARTESIAN_POINT('Ctrl Pts',(-17.,1.09656295651756,-25.0392290008991));
#16467=CARTESIAN_POINT('Ctrl Pts',(-17.,1.09873554596222,-25.0260785957744));
#16468=CARTESIAN_POINT('Ctrl Pts',(-17.,1.09958722720016,-25.0128428477587));
#16469=CARTESIAN_POINT('Ctrl Pts',(-17.,1.0998623143713,-25.0085677923537));
#16470=CARTESIAN_POINT('Ctrl Pts',(-17.,1.1,-25.0042838967854));
#16471=CARTESIAN_POINT('Ctrl Pts',(-17.,1.1,-25.));
#16472=CARTESIAN_POINT('Origin',(-17.,2.5,-25.));
#16473=CARTESIAN_POINT('Origin',(-17.,2.5,-25.1987065345313));
#16474=CARTESIAN_POINT('Origin',(-8.5,0.900000000000003,-25.));
#16475=CARTESIAN_POINT('',(17.,0.922709318232145,-25.1987065345313));
#16476=CARTESIAN_POINT('',(17.,1.10000000000001,-25.));
#16477=CARTESIAN_POINT('Ctrl Pts',(17.,0.922709318232146,-25.1987065345313));
#16478=CARTESIAN_POINT('Ctrl Pts',(17.,0.935891889059995,-25.1971999550081));
#16479=CARTESIAN_POINT('Ctrl Pts',(17.,0.948923698828121,-25.1943772662851));
#16480=CARTESIAN_POINT('Ctrl Pts',(17.,0.961548168926027,-25.1902940432642));
#16481=CARTESIAN_POINT('Ctrl Pts',(17.,0.974169972391486,-25.1862116827315));
#16482=CARTESIAN_POINT('Ctrl Pts',(17.,0.986383950263162,-25.1808695350997));
#16483=CARTESIAN_POINT('Ctrl Pts',(17.,0.997949726908324,-25.1743727358235));
#16484=CARTESIAN_POINT('Ctrl Pts',(17.,1.00951341955911,-25.1678771071816));
#16485=CARTESIAN_POINT('Ctrl Pts',(17.,1.02042854243863,-25.1602275829727));
#16486=CARTESIAN_POINT('Ctrl Pts',(17.,1.03048035881321,-25.1515746547546));
#16487=CARTESIAN_POINT('Ctrl Pts',(17.,1.04053067558454,-25.1429230174434));
#16488=CARTESIAN_POINT('Ctrl Pts',(17.,1.04971742061808,-25.133268727235));
#16489=CARTESIAN_POINT('Ctrl Pts',(17.,1.05785991371932,-25.1228016597629));
#16490=CARTESIAN_POINT('Ctrl Pts',(17.,1.06600561752167,-25.1123304649769));
#16491=CARTESIAN_POINT('Ctrl Pts',(17.,1.07310581828268,-25.1010463957169));
#16492=CARTESIAN_POINT('Ctrl Pts',(17.,1.07902076339369,-25.0891715552962));
#16493=CARTESIAN_POINT('Ctrl Pts',(17.,1.08493364182231,-25.0773008639459));
#16494=CARTESIAN_POINT('Ctrl Pts',(17.,1.08966178719292,-25.0648404343233));
#16495=CARTESIAN_POINT('Ctrl Pts',(17.,1.0931122004862,-25.0520353535914));
#16496=CARTESIAN_POINT('Ctrl Pts',(17.,1.09656295651757,-25.0392290008991));
#16497=CARTESIAN_POINT('Ctrl Pts',(17.,1.09873554596222,-25.0260785957744));
#16498=CARTESIAN_POINT('Ctrl Pts',(17.,1.09958722720016,-25.0128428477587));
#16499=CARTESIAN_POINT('Ctrl Pts',(17.,1.09986231437131,-25.0085677923537));
#16500=CARTESIAN_POINT('Ctrl Pts',(17.,1.10000000000001,-25.0042838967854));
#16501=CARTESIAN_POINT('Ctrl Pts',(17.,1.10000000000001,-25.));
#16502=CARTESIAN_POINT('',(-8.5,1.1,-25.));
#16503=CARTESIAN_POINT('',(-8.5,0.922709318232149,-25.1987065345313));
#16504=CARTESIAN_POINT('Origin',(17.,2.5,-25.));
#16505=CARTESIAN_POINT('Origin',(17.,2.5,-25.1987065345313));
#16506=CARTESIAN_POINT('Origin',(17.,2.5,-25.));
#16507=CARTESIAN_POINT('Origin',(-17.,2.5,-25.));
#16508=CARTESIAN_POINT('',(-17.,4.1,-25.));
#16509=CARTESIAN_POINT('',(-17.,1.3,-28.5));
#16510=CARTESIAN_POINT('Origin',(17.,4.1,-25.));
#16511=CARTESIAN_POINT('',(17.,4.1,-25.));
#16512=CARTESIAN_POINT('Origin',(1.52655665885959E-15,2.5,-25.));
#16513=CARTESIAN_POINT('',(-15.,2.,-25.));
#16514=CARTESIAN_POINT('',(15.,2.,-25.));
#16515=CARTESIAN_POINT('',(8.5,2.,-25.));
#16516=CARTESIAN_POINT('',(-15.,3.,-25.));
#16517=CARTESIAN_POINT('',(-15.,0.,-25.));
#16518=CARTESIAN_POINT('',(15.,3.,-25.));
#16519=CARTESIAN_POINT('',(8.5,3.,-25.));
#16520=CARTESIAN_POINT('',(15.,0.,-25.));
#16521=CARTESIAN_POINT('Origin',(1.38777878078145E-15,2.5,-28.5));
#16522=CARTESIAN_POINT('Origin',(-17.,0.900000000000001,-25.));
#16523=CARTESIAN_POINT('',(17.,0.899999999999999,-25.));
#16524=CARTESIAN_POINT('Origin',(17.,2.5,-25.));
#16525=CARTESIAN_POINT('Origin',(-15.,2.,23.));
#16526=CARTESIAN_POINT('',(-17.,2.,23.));
#16527=CARTESIAN_POINT('',(-15.,2.,25.));
#16528=CARTESIAN_POINT('Origin',(-15.,2.,23.));
#16529=CARTESIAN_POINT('Origin',(-15.,2.,23.));
#16530=CARTESIAN_POINT('Origin',(-15.,2.,23.));
#16531=CARTESIAN_POINT('Origin',(15.,2.,23.));
#16532=CARTESIAN_POINT('',(15.,2.,25.));
#16533=CARTESIAN_POINT('',(17.,2.,23.));
#16534=CARTESIAN_POINT('Origin',(15.,2.,23.));
#16535=CARTESIAN_POINT('Origin',(15.,2.,23.));
#16536=CARTESIAN_POINT('Origin',(15.,2.,23.));
#16537=CARTESIAN_POINT('Origin',(-8.5,2.,23.));
#16538=CARTESIAN_POINT('',(-8.5,2.,25.));
#16539=CARTESIAN_POINT('Origin',(-15.,3.,23.));
#16540=CARTESIAN_POINT('',(-17.,3.,23.));
#16541=CARTESIAN_POINT('',(-15.,5.,23.));
#16542=CARTESIAN_POINT('Origin',(-15.,3.,23.));
#16543=CARTESIAN_POINT('',(-15.,3.,25.));
#16544=CARTESIAN_POINT('Origin',(-15.,3.,23.));
#16545=CARTESIAN_POINT('Origin',(-15.,3.,23.));
#16546=CARTESIAN_POINT('Origin',(-15.,0.,23.));
#16547=CARTESIAN_POINT('',(-17.,0.,23.));
#16548=CARTESIAN_POINT('',(-15.,0.,25.));
#16549=CARTESIAN_POINT('Origin',(-15.,2.,-23.));
#16550=CARTESIAN_POINT('',(-17.,2.,-23.));
#16551=CARTESIAN_POINT('Origin',(-15.,2.,-23.));
#16552=CARTESIAN_POINT('Origin',(-15.,2.,-23.));
#16553=CARTESIAN_POINT('Origin',(-15.,2.,-23.));
#16554=CARTESIAN_POINT('Origin',(15.,3.,23.));
#16555=CARTESIAN_POINT('',(15.,3.,25.));
#16556=CARTESIAN_POINT('',(15.,5.,23.));
#16557=CARTESIAN_POINT('Origin',(15.,3.,23.));
#16558=CARTESIAN_POINT('',(17.,3.,23.));
#16559=CARTESIAN_POINT('Origin',(15.,3.,23.));
#16560=CARTESIAN_POINT('Origin',(15.,3.,23.));
#16561=CARTESIAN_POINT('Origin',(15.,0.,23.));
#16562=CARTESIAN_POINT('',(15.,0.,25.));
#16563=CARTESIAN_POINT('',(17.,0.,23.));
#16564=CARTESIAN_POINT('Origin',(15.,2.,-23.));
#16565=CARTESIAN_POINT('',(17.,2.,-23.));
#16566=CARTESIAN_POINT('Origin',(15.,2.,-23.));
#16567=CARTESIAN_POINT('Origin',(15.,2.,-23.));
#16568=CARTESIAN_POINT('Origin',(15.,2.,-23.));
#16569=CARTESIAN_POINT('Origin',(8.5,2.,-23.));
#16570=CARTESIAN_POINT('Origin',(-15.,3.,-23.));
#16571=CARTESIAN_POINT('',(-15.,5.,-23.));
#16572=CARTESIAN_POINT('Origin',(-15.,3.,-23.));
#16573=CARTESIAN_POINT('',(-17.,3.,-23.));
#16574=CARTESIAN_POINT('Origin',(-15.,3.,-23.));
#16575=CARTESIAN_POINT('Origin',(-15.,3.,-23.));
#16576=CARTESIAN_POINT('Origin',(-15.,0.,-23.));
#16577=CARTESIAN_POINT('',(-17.,0.,-23.));
#16578=CARTESIAN_POINT('Origin',(-15.,3.,-12.5));
#16579=CARTESIAN_POINT('',(-15.,5.,-12.5));
#16580=CARTESIAN_POINT('',(-17.,3.,-12.5));
#16581=CARTESIAN_POINT('Origin',(15.,3.,-23.));
#16582=CARTESIAN_POINT('',(17.,3.,-23.));
#16583=CARTESIAN_POINT('',(15.,5.,-23.));
#16584=CARTESIAN_POINT('Origin',(15.,3.,-23.));
#16585=CARTESIAN_POINT('Origin',(15.,3.,-23.));
#16586=CARTESIAN_POINT('Origin',(15.,3.,-23.));
#16587=CARTESIAN_POINT('Origin',(15.,0.,-23.));
#16588=CARTESIAN_POINT('',(17.,0.,-23.));
#16589=CARTESIAN_POINT('Origin',(8.5,3.,-23.));
#16590=CARTESIAN_POINT('',(8.5,5.,-23.));
#16591=CARTESIAN_POINT('Origin',(15.,3.,12.5));
#16592=CARTESIAN_POINT('',(15.,5.,12.5));
#16593=CARTESIAN_POINT('',(17.,3.,12.5));
#16594=CARTESIAN_POINT('Origin',(15.,2.,12.5));
#16595=CARTESIAN_POINT('',(17.,2.,12.5));
#16596=CARTESIAN_POINT('Origin',(-8.5,3.,23.));
#16597=CARTESIAN_POINT('',(-8.5,5.,23.));
#16598=CARTESIAN_POINT('',(-8.5,3.,25.));
#16599=CARTESIAN_POINT('Origin',(-15.,2.,-12.5));
#16600=CARTESIAN_POINT('',(-17.,2.,-12.5));
#16601=CARTESIAN_POINT('Origin',(-17.,0.,25.));
#16602=CARTESIAN_POINT('Origin',(2.22044604925031E-15,0.,-2.22044604925031E-15));
#16603=CARTESIAN_POINT('Origin',(-17.,0.,-25.));
#16604=CARTESIAN_POINT('Origin',(2.22044604925031E-15,5.,-4.44089209850063E-15));
#16605=CARTESIAN_POINT('Origin',(17.,0.,25.));
#16606=UNCERTAINTY_MEASURE_WITH_UNIT(LENGTH_MEASURE(0.01),#16610,
'DISTANCE_ACCURACY_VALUE',
'Maximum model space distance between geometric entities at asserted c
onnectivities');
#16607=UNCERTAINTY_MEASURE_WITH_UNIT(LENGTH_MEASURE(0.01),#16610,
'DISTANCE_ACCURACY_VALUE',
'Maximum model space distance between geometric entities at asserted c
onnectivities');
#16608=(
GEOMETRIC_REPRESENTATION_CONTEXT(3)
GLOBAL_UNCERTAINTY_ASSIGNED_CONTEXT((#16606))
GLOBAL_UNIT_ASSIGNED_CONTEXT((#16610,#16612,#16613))
REPRESENTATION_CONTEXT('','3D')
);
#16609=(
GEOMETRIC_REPRESENTATION_CONTEXT(3)
GLOBAL_UNCERTAINTY_ASSIGNED_CONTEXT((#16607))
GLOBAL_UNIT_ASSIGNED_CONTEXT((#16610,#16612,#16613))
REPRESENTATION_CONTEXT('','3D')
);
#16610=(
LENGTH_UNIT()
NAMED_UNIT(*)
SI_UNIT(.MILLI.,.METRE.)
);
#16611=(
LENGTH_UNIT()
NAMED_UNIT(*)
SI_UNIT(.CENTI.,.METRE.)
);
#16612=(
NAMED_UNIT(*)
PLANE_ANGLE_UNIT()
SI_UNIT($,.RADIAN.)
);
#16613=(
NAMED_UNIT(*)
SI_UNIT($,.STERADIAN.)
SOLID_ANGLE_UNIT()
);
#16614=SHAPE_DEFINITION_REPRESENTATION(#16615,#16616);
#16615=PRODUCT_DEFINITION_SHAPE('',$,#16618);
#16616=SHAPE_REPRESENTATION('',(#9242),#16608);
#16617=PRODUCT_DEFINITION_CONTEXT('part definition',#16622,'design');
#16618=PRODUCT_DEFINITION('batttery 1200 Mah 3.7 V',
'batttery 1200 Mah 3.7 V_ saty24xd',#16619,#16617);
#16619=PRODUCT_DEFINITION_FORMATION('',$,#16624);
#16620=PRODUCT_RELATED_PRODUCT_CATEGORY(
'batttery 1200 Mah 3.7 V_ saty24xd','batttery 1200 Mah 3.7 V_ saty24xd',
(#16624));
#16621=APPLICATION_PROTOCOL_DEFINITION('international standard',
'automotive_design',2009,#16622);
#16622=APPLICATION_CONTEXT(
'Core Data for Automotive Mechanical Design Process');
#16623=PRODUCT_CONTEXT('part definition',#16622,'mechanical');
#16624=PRODUCT('batttery 1200 Mah 3.7 V',
'batttery 1200 Mah 3.7 V_ saty24xd',$,(#16623));
#16625=PRESENTATION_STYLE_ASSIGNMENT((#16629));
#16626=PRESENTATION_STYLE_ASSIGNMENT((#16630));
#16627=PRESENTATION_STYLE_ASSIGNMENT((#16631));
#16628=PRESENTATION_STYLE_ASSIGNMENT((#16632));
#16629=SURFACE_STYLE_USAGE(.BOTH.,#16641);
#16630=SURFACE_STYLE_USAGE(.BOTH.,#16642);
#16631=SURFACE_STYLE_USAGE(.BOTH.,#16643);
#16632=SURFACE_STYLE_USAGE(.BOTH.,#16644);
#16633=SURFACE_STYLE_RENDERING_WITH_PROPERTIES($,#16657,(#16637));
#16634=SURFACE_STYLE_RENDERING_WITH_PROPERTIES($,#16658,(#16638));
#16635=SURFACE_STYLE_RENDERING_WITH_PROPERTIES($,#16659,(#16639));
#16636=SURFACE_STYLE_RENDERING_WITH_PROPERTIES($,#16660,(#16640));
#16637=SURFACE_STYLE_TRANSPARENT(0.);
#16638=SURFACE_STYLE_TRANSPARENT(0.);
#16639=SURFACE_STYLE_TRANSPARENT(0.);
#16640=SURFACE_STYLE_TRANSPARENT(0.);
#16641=SURFACE_SIDE_STYLE('',(#16645,#16633));
#16642=SURFACE_SIDE_STYLE('',(#16646,#16634));
#16643=SURFACE_SIDE_STYLE('',(#16647,#16635));
#16644=SURFACE_SIDE_STYLE('',(#16648,#16636));
#16645=SURFACE_STYLE_FILL_AREA(#16649);
#16646=SURFACE_STYLE_FILL_AREA(#16650);
#16647=SURFACE_STYLE_FILL_AREA(#16651);
#16648=SURFACE_STYLE_FILL_AREA(#16652);
#16649=FILL_AREA_STYLE('',(#16653));
#16650=FILL_AREA_STYLE('',(#16654));
#16651=FILL_AREA_STYLE('',(#16655));
#16652=FILL_AREA_STYLE('',(#16656));
#16653=FILL_AREA_STYLE_COLOUR('',#16657);
#16654=FILL_AREA_STYLE_COLOUR('',#16658);
#16655=FILL_AREA_STYLE_COLOUR('',#16659);
#16656=FILL_AREA_STYLE_COLOUR('',#16660);
#16657=COLOUR_RGB('',0.749019607843137,0.749019607843137,0.749019607843137);
#16658=COLOUR_RGB('',1.,0.501960784313725,0.);
#16659=COLOUR_RGB('',1.,0.63921568627451,0.274509803921569);
#16660=COLOUR_RGB('',0.886274509803922,0.886274509803922,0.886274509803922);
ENDSEC;
END-ISO-10303-21;
