#VRML V2.0 utf8
# 3D model generated by easyeda2kicad.py (https://github.com/uPesy/easyeda2kicad.py)

Shape{
    appearance Appearance {
        material  Material 	{
            diffuseColor 0.2235294117647059 0.2235294117647059 0.2235294117647059
            specularColor 0.11372549019607843 0.11372549019607843 0.11372549019607843
            ambientIntensity 0.2
            transparency 0
            shininess 0.5
        }
    }
    geometry IndexedFaceSet {
        ccw TRUE
        solid FALSE
        coord DEF co Coordinate {
            point [
                0.2028 -0.3209 0.1181, 0.2028 -0.3209 0.0, 0.2028 -0.3031 0.0, 0.2028 -0.1575 0.0, 0.2028 -0.0 0.0, 0.2028 0.3209 0.1181, 0.2028 0.1575 0.0, 0.2028 0.3209 0.0, 0.0 0.3209 0.0, -0.2028 0.3209 0.1181, -0.1654 0.3209 0.0, -0.2028 0.3209 0.0, -0.2028 -0.3031 0.0, -0.2028 -0.3209 0.0, -0.2028 -0.3209 0.1181, -0.2028 0.1575 0.0, -0.2028 -0.0 0.0, -0.2028 -0.1575 0.0, 0.0 -0.3209 0.0, -0.1654 -0.3209 0.0, -0.1654 -0.3031 0.0, 0.0 -0.3031 0.0, 0.0915 -0.2838 0.0, 0.0787 -0.2854 0.0, 0.066 -0.2838 0.0, 0.1033 -0.2788 0.0, 0.1135 -0.271 0.0, 0.1214 -0.2608 0.0, 0.0 -0.1575 0.0, 0.0787 -0.187 0.0, 0.066 -0.1887 0.0, 0.0361 -0.2608 0.0, 0.0439 -0.271 0.0, 0.0541 -0.2788 0.0, 0.0541 -0.1936 0.0, 0.0439 -0.2014 0.0, 0.0361 -0.2116 0.0, 0.1214 -0.2116 0.0, 0.1135 -0.2014 0.0, 0.1033 -0.1936 0.0, 0.0915 -0.1887 0.0, 0.0312 -0.2235 0.0, 0.0295 -0.2362 0.0, 0.0312 -0.249 0.0, 0.1263 -0.249 0.0, 0.128 -0.2362 0.0, 0.1263 -0.2235 0.0, -0.0787 -0.2854 0.0, -0.066 -0.2838 0.0, -0.1263 -0.249 0.0, -0.1214 -0.2608 0.0, -0.0915 -0.2838 0.0, -0.1033 -0.1936 0.0, -0.1135 -0.2014 0.0, -0.1654 -0.1575 0.0, -0.1135 -0.271 0.0, -0.1033 -0.2788 0.0, -0.0541 -0.2788 0.0, -0.0439 -0.271 0.0, -0.0361 -0.2608 0.0, -0.1214 -0.2116 0.0, -0.1263 -0.2235 0.0, -0.128 -0.2362 0.0, -0.0361 -0.2116 0.0, -0.0439 -0.2014 0.0, -0.0541 -0.1936 0.0, -0.0312 -0.249 0.0, -0.0295 -0.2362 0.0, -0.0312 -0.2235 0.0, -0.066 -0.1887 0.0, -0.0787 -0.187 0.0, -0.0915 -0.1887 0.0, 0.0787 -0.128 0.0, 0.0915 -0.1263 0.0, 0.1033 -0.1214 0.0, 0.1135 -0.1135 0.0, 0.1214 -0.1033 0.0, 0.0295 -0.0787 0.0, 0.0312 -0.0915 0.0, 0.0361 -0.1033 0.0, 0.0439 -0.1135 0.0, 0.0541 -0.1214 0.0, 0.066 -0.1263 0.0, 0.1263 -0.066 0.0, 0.128 -0.0787 0.0, 0.1263 -0.0915 0.0, 0.1214 -0.0541 0.0, 0.1135 -0.0439 0.0, 0.1033 -0.0361 0.0, 0.0541 -0.0361 0.0, 0.0439 -0.0439 0.0, 0.0 -0.0 0.0, 0.0361 -0.0541 0.0, 0.0312 -0.066 0.0, 0.0915 -0.0312 0.0, 0.0787 -0.0295 0.0, 0.066 -0.0312 0.0, -0.0787 -0.0295 0.0, -0.0915 -0.0312 0.0, -0.1654 -0.0 0.0, -0.1033 -0.0361 0.0, -0.1135 -0.0439 0.0, -0.1214 -0.0541 0.0, -0.1263 -0.0915 0.0, -0.128 -0.0787 0.0, -0.1263 -0.066 0.0, -0.1214 -0.1033 0.0, -0.1135 -0.1135 0.0, -0.1033 -0.1214 0.0, -0.0915 -0.1263 0.0, -0.0787 -0.128 0.0, -0.066 -0.1263 0.0, -0.0541 -0.1214 0.0, -0.0439 -0.1135 0.0, -0.0361 -0.1033 0.0, -0.0312 -0.0915 0.0, -0.0295 -0.0787 0.0, -0.0312 -0.066 0.0, -0.0361 -0.0541 0.0, -0.0439 -0.0439 0.0, -0.0541 -0.0361 0.0, -0.066 -0.0312 0.0, 0.0312 0.066 0.0, 0.0295 0.0787 0.0, 0.0 0.1575 0.0, 0.0312 0.0915 0.0, 0.0361 0.1033 0.0, 0.1033 0.0361 0.0, 0.1135 0.0439 0.0, 0.1214 0.0541 0.0, 0.0787 0.128 0.0, 0.066 0.1263 0.0, 0.1263 0.066 0.0, 0.128 0.0787 0.0, 0.1263 0.0915 0.0, 0.1214 0.1033 0.0, 0.1135 0.1135 0.0, 0.0541 0.1214 0.0, 0.0439 0.1135 0.0, 0.0361 0.0541 0.0, 0.0439 0.0439 0.0, 0.0541 0.0361 0.0, 0.066 0.0312 0.0, 0.0787 0.0295 0.0, 0.0915 0.0312 0.0, 0.1033 0.1214 0.0, 0.0915 0.1263 0.0, -0.1033 0.1214 0.0, -0.1135 0.1135 0.0, -0.1654 0.1575 0.0, -0.1214 0.1033 0.0, -0.0787 0.0295 0.0, -0.066 0.0312 0.0, -0.1263 0.0915 0.0, -0.128 0.0787 0.0, -0.0361 0.1033 0.0, -0.0439 0.1135 0.0, -0.0541 0.1214 0.0, -0.1263 0.066 0.0, -0.1214 0.0541 0.0, -0.1135 0.0439 0.0, -0.0541 0.0361 0.0, -0.0439 0.0439 0.0, -0.0361 0.0541 0.0, -0.066 0.1263 0.0, -0.0787 0.128 0.0, -0.0915 0.1263 0.0, -0.1033 0.0361 0.0, -0.0915 0.0312 0.0, -0.0312 0.066 0.0, -0.0295 0.0787 0.0, -0.0312 0.0915 0.0, 0.066 0.1887 0.0, 0.0787 0.187 0.0, 0.0915 0.1887 0.0, 0.1033 0.1936 0.0, 0.1135 0.2014 0.0, 0.1214 0.2116 0.0, 0.0541 0.2788 0.0, 0.0439 0.271 0.0, 0.0361 0.2608 0.0, 0.0361 0.2116 0.0, 0.0439 0.2014 0.0, 0.0541 0.1936 0.0, 0.1033 0.2788 0.0, 0.1135 0.271 0.0, 0.1214 0.2608 0.0, 0.0312 0.249 0.0, 0.0295 0.2362 0.0, 0.0312 0.2235 0.0, 0.1263 0.2235 0.0, 0.128 0.2362 0.0, 0.1263 0.249 0.0, 0.0915 0.2838 0.0, 0.0787 0.2854 0.0, 0.066 0.2838 0.0, -0.1033 0.2788 0.0, -0.1135 0.271 0.0, -0.128 0.2362 0.0, -0.1263 0.2235 0.0, -0.1214 0.2116 0.0, -0.0541 0.1936 0.0, -0.0439 0.2014 0.0, -0.0361 0.2116 0.0, -0.1214 0.2608 0.0, -0.1263 0.249 0.0, -0.0361 0.2608 0.0, -0.0439 0.271 0.0, -0.0541 0.2788 0.0, -0.0915 0.1887 0.0, -0.0787 0.187 0.0, -0.066 0.1887 0.0, -0.0312 0.2235 0.0, -0.0295 0.2362 0.0, -0.0312 0.249 0.0, -0.1135 0.2014 0.0, -0.1033 0.1936 0.0, -0.066 0.2838 0.0, -0.0787 0.2854 0.0, -0.0915 0.2838 0.0, -0.0915 0.2838 0.0
            ]
        }
        coordIndex [
            0,1,2,-1,2,3,0,-1,0,3,4,-1,0,4,5,-1,5,4,6,-1,5,6,7,-1,5,7,8,-1,5,8,9,-1,9,8,10,-1,9,10,11,-1,12,13,14,-1,11,15,9,-1,9,15,16,-1,9,16,14,-1,14,16,17,-1,14,17,12,-1,1,0,18,-1,18,0,14,-1,18,14,19,-1,19,14,13,-1,9,14,5,-1,5,14,0,-1,19,13,12,-1,18,19,20,-1,21,2,1,-1,22,2,23,-1,23,2,21,-1,23,21,24,-1,22,25,2,-1,2,25,26,-1,2,26,27,-1,28,29,30,-1,31,32,21,-1,21,32,33,-1,21,33,24,-1,30,34,28,-1,28,34,35,-1,28,35,36,-1,3,37,38,-1,38,39,3,-1,3,39,40,-1,3,40,29,-1,36,41,28,-1,28,41,42,-1,28,42,21,-1,21,42,43,-1,21,43,31,-1,27,44,2,-1,2,44,45,-1,2,45,3,-1,3,45,46,-1,3,46,37,-1,47,48,21,-1,49,50,20,-1,1,18,21,-1,21,18,20,-1,21,20,47,-1,47,20,51,-1,52,53,54,-1,50,55,20,-1,20,55,56,-1,20,56,51,-1,48,57,21,-1,21,57,58,-1,21,58,59,-1,53,60,54,-1,54,60,61,-1,54,61,20,-1,20,61,62,-1,20,62,49,-1,63,64,28,-1,28,64,65,-1,59,66,21,-1,21,66,67,-1,21,67,28,-1,28,67,68,-1,28,68,63,-1,65,69,28,-1,28,69,70,-1,28,70,54,-1,54,70,71,-1,54,71,52,-1,29,28,3,-1,3,28,72,-1,3,72,73,-1,73,74,3,-1,3,74,75,-1,3,75,76,-1,77,78,28,-1,28,78,79,-1,28,79,80,-1,80,81,28,-1,28,81,82,-1,28,82,72,-1,83,4,84,-1,84,4,3,-1,84,3,85,-1,85,3,76,-1,83,86,4,-1,4,86,87,-1,4,87,88,-1,89,90,91,-1,91,90,92,-1,91,92,93,-1,88,94,4,-1,4,94,95,-1,4,95,91,-1,91,95,96,-1,91,96,89,-1,97,98,99,-1,98,100,99,-1,99,100,101,-1,99,101,102,-1,103,54,104,-1,104,54,99,-1,104,99,105,-1,105,99,102,-1,103,106,54,-1,54,106,107,-1,54,107,108,-1,108,109,54,-1,54,109,110,-1,54,110,28,-1,28,110,111,-1,28,111,112,-1,112,113,28,-1,28,113,114,-1,28,114,115,-1,115,116,28,-1,28,116,91,-1,28,91,77,-1,77,91,93,-1,116,117,91,-1,91,117,118,-1,91,118,119,-1,119,120,91,-1,91,120,121,-1,91,121,97,-1,122,91,123,-1,123,91,124,-1,123,124,125,-1,125,124,126,-1,127,128,4,-1,4,128,129,-1,130,131,124,-1,129,132,4,-1,4,132,133,-1,4,133,6,-1,133,134,6,-1,6,134,135,-1,6,135,136,-1,131,137,124,-1,124,137,138,-1,124,138,126,-1,122,139,91,-1,91,139,140,-1,91,140,141,-1,141,142,91,-1,91,142,143,-1,91,143,4,-1,4,143,144,-1,4,144,127,-1,136,145,6,-1,6,145,146,-1,6,146,130,-1,147,148,149,-1,149,148,150,-1,97,99,91,-1,91,99,151,-1,91,151,152,-1,150,153,149,-1,149,153,154,-1,149,154,99,-1,155,156,124,-1,124,156,157,-1,154,158,99,-1,99,158,159,-1,99,159,160,-1,152,161,91,-1,91,161,162,-1,91,162,163,-1,157,164,124,-1,124,164,165,-1,124,165,149,-1,149,165,166,-1,149,166,147,-1,160,167,99,-1,99,167,168,-1,99,168,151,-1,163,169,91,-1,91,169,170,-1,91,170,124,-1,124,170,171,-1,124,171,155,-1,172,173,124,-1,130,124,6,-1,6,124,173,-1,6,173,174,-1,174,175,6,-1,6,175,176,-1,6,176,177,-1,178,179,8,-1,8,179,180,-1,181,182,124,-1,124,182,183,-1,124,183,172,-1,184,7,185,-1,185,7,186,-1,180,187,8,-1,8,187,188,-1,8,188,124,-1,124,188,189,-1,124,189,181,-1,177,190,6,-1,6,190,191,-1,6,191,7,-1,7,191,192,-1,7,192,186,-1,184,193,7,-1,7,193,194,-1,7,194,8,-1,8,194,195,-1,8,195,178,-1,196,197,10,-1,10,198,149,-1,149,198,199,-1,149,199,200,-1,201,202,124,-1,124,202,203,-1,197,204,10,-1,10,204,205,-1,10,205,198,-1,206,207,8,-1,8,207,208,-1,149,209,210,-1,149,210,124,-1,124,210,211,-1,124,211,201,-1,203,212,124,-1,124,212,213,-1,124,213,8,-1,8,213,214,-1,8,214,206,-1,200,215,149,-1,149,215,216,-1,149,216,209,-1,208,217,8,-1,8,217,218,-1,8,218,10,-1,10,218,219,-1,10,219,196,-1,19,12,20,-1,20,12,17,-1,20,17,54,-1,54,17,16,-1,54,16,99,-1,99,16,15,-1,99,15,149,-1,149,15,11,-1,149,11,10,-1,
        ]
    }
}
Shape{
    appearance Appearance {
        material  Material 	{
            diffuseColor 0.6666666666666666 0.6980392156862745 0.7686274509803922
            specularColor 0.3333333333333333 0.34901960784313724 0.3843137254901961
            ambientIntensity 0.2
            transparency 0
            shininess 0.5
        }
    }
    geometry IndexedFaceSet {
        ccw TRUE
        solid FALSE
        coord DEF co Coordinate {
            point [
                0.128 0.2362 0.0, 0.1263 0.2235 0.0, 0.127 0.2266 -0.0008, 0.1214 0.2116 0.0, 0.1242 0.2174 -0.0008, 0.1261 0.2235 -0.0008, 0.1135 0.2014 0.0, 0.1197 0.2089 -0.0008, 0.1212 0.2117 -0.0008, 0.1033 0.1936 0.0, 0.1061 0.1953 -0.0008, 0.1135 0.2014 -0.0008, 0.0915 0.1887 0.0, 0.0976 0.1908 -0.0008, 0.1032 0.1938 -0.0008, 0.0787 0.187 0.0, 0.0883 0.188 -0.0008, 0.0914 0.1889 -0.0008, 0.066 0.1887 0.0, 0.0691 0.188 -0.0008, 0.0787 0.187 -0.0008, 0.0541 0.1936 0.0, 0.0599 0.1908 -0.0008, 0.0661 0.1889 -0.0008, 0.0439 0.2014 0.0, 0.0514 0.1953 -0.0008, 0.0542 0.1938 -0.0008, 0.0361 0.2116 0.0, 0.0378 0.2089 -0.0008, 0.0439 0.2014 -0.0008, 0.0312 0.2235 0.0, 0.0333 0.2174 -0.0008, 0.0363 0.2117 -0.0008, 0.0295 0.2362 0.0, 0.0305 0.2266 -0.0008, 0.0314 0.2235 -0.0008, 0.0312 0.249 0.0, 0.0305 0.2458 -0.0008, 0.0295 0.2362 -0.0008, 0.0361 0.2608 0.0, 0.0333 0.2551 -0.0008, 0.0314 0.2489 -0.0008, 0.0439 0.271 0.0, 0.0378 0.2636 -0.0008, 0.0363 0.2607 -0.0008, 0.0541 0.2788 0.0, 0.0514 0.2771 -0.0008, 0.0439 0.271 -0.0008, 0.066 0.2838 0.0, 0.0599 0.2817 -0.0008, 0.0542 0.2787 -0.0008, 0.0787 0.2854 0.0, 0.0691 0.2845 -0.0008, 0.0661 0.2836 -0.0008, 0.0915 0.2838 0.0, 0.0883 0.2845 -0.0008, 0.0787 0.2854 -0.0008, 0.1033 0.2788 0.0, 0.0976 0.2817 -0.0008, 0.0914 0.2836 -0.0008, 0.1135 0.271 0.0, 0.1061 0.2771 -0.0008, 0.1032 0.2787 -0.0008, 0.1214 0.2608 0.0, 0.1197 0.2636 -0.0008, 0.1135 0.271 -0.0008, 0.1263 0.249 0.0, 0.1242 0.2551 -0.0008, 0.1212 0.2607 -0.0008, 0.128 0.2362 -0.0008, 0.127 0.2458 -0.0008, 0.1261 0.2489 -0.0008, 0.0492 0.2362 -0.0205, 0.0498 0.242 -0.0205, 0.0787 0.2362 -0.0205, 0.0498 0.2305 -0.0205, 0.0579 0.2153 -0.0205, 0.0542 0.2198 -0.0205, 0.0515 0.2249 -0.0205, 0.073 0.2073 -0.0205, 0.0674 0.2089 -0.0205, 0.0623 0.2117 -0.0205, 0.09 0.2089 -0.0205, 0.0845 0.2073 -0.0205, 0.0787 0.2067 -0.0205, 0.1033 0.2198 -0.0205, 0.0996 0.2153 -0.0205, 0.0951 0.2117 -0.0205, 0.1083 0.2362 -0.0205, 0.1077 0.2305 -0.0205, 0.106 0.2249 -0.0205, 0.1033 0.2526 -0.0205, 0.106 0.2475 -0.0205, 0.1077 0.242 -0.0205, 0.09 0.2635 -0.0205, 0.0951 0.2608 -0.0205, 0.0996 0.2571 -0.0205, 0.073 0.2652 -0.0205, 0.0787 0.2657 -0.0205, 0.0845 0.2652 -0.0205, 0.0579 0.2571 -0.0205, 0.0623 0.2608 -0.0205, 0.0674 0.2635 -0.0205, 0.0515 0.2475 -0.0205, 0.0542 0.2526 -0.0205, 0.0339 0.2548 -0.0059, 0.0602 0.2811 -0.0059, 0.0973 0.2811 -0.0059, 0.1236 0.2548 -0.0059, 0.1236 0.2176 -0.0059, 0.0973 0.1914 -0.0059, 0.0602 0.1914 -0.0059, 0.0339 0.2176 -0.0059, 0.0448 0.2295 -0.0198, 0.0468 0.223 -0.0198, 0.0401 0.2285 -0.0178, 0.0424 0.2212 -0.0178, 0.0361 0.2277 -0.0147, 0.0386 0.2196 -0.0147, 0.0331 0.2271 -0.0106, 0.0357 0.2184 -0.0106, 0.0311 0.2268 -0.0059, 0.0595 0.2074 -0.0198, 0.0655 0.2042 -0.0198, 0.0569 0.2035 -0.0178, 0.0637 0.1998 -0.0178, 0.0546 0.2001 -0.0147, 0.0621 0.1961 -0.0147, 0.0529 0.1975 -0.0106, 0.0609 0.1932 -0.0106, 0.0518 0.1959 -0.0059, 0.0855 0.2023 -0.0198, 0.092 0.2042 -0.0198, 0.0864 0.1976 -0.0178, 0.0938 0.1998 -0.0178, 0.0872 0.1936 -0.0147, 0.0954 0.1961 -0.0147, 0.0878 0.1905 -0.0106, 0.0966 0.1932 -0.0106, 0.0882 0.1886 -0.0059, 0.1075 0.217 -0.0198, 0.1107 0.223 -0.0198, 0.1115 0.2143 -0.0178, 0.1151 0.2212 -0.0178, 0.1149 0.2121 -0.0147, 0.1189 0.2196 -0.0147, 0.1175 0.2103 -0.0106, 0.1218 0.2184 -0.0106, 0.1191 0.2093 -0.0059, 0.1127 0.243 -0.0198, 0.1107 0.2495 -0.0198, 0.1174 0.2439 -0.0178, 0.1151 0.2513 -0.0178, 0.1214 0.2447 -0.0147, 0.1189 0.2528 -0.0147, 0.1244 0.2453 -0.0106, 0.1218 0.254 -0.0106, 0.1263 0.2457 -0.0059, 0.098 0.265 -0.0198, 0.092 0.2682 -0.0198, 0.1006 0.269 -0.0178, 0.0938 0.2726 -0.0178, 0.1029 0.2723 -0.0147, 0.0954 0.2764 -0.0147, 0.1046 0.2749 -0.0106, 0.0966 0.2793 -0.0106, 0.1057 0.2766 -0.0059, 0.072 0.2702 -0.0198, 0.0655 0.2682 -0.0198, 0.0711 0.2748 -0.0178, 0.0637 0.2726 -0.0178, 0.0703 0.2788 -0.0147, 0.0621 0.2764 -0.0147, 0.0697 0.2819 -0.0106, 0.0609 0.2793 -0.0106, 0.0693 0.2838 -0.0059, 0.05 0.2555 -0.0198, 0.0468 0.2495 -0.0198, 0.046 0.2581 -0.0178, 0.0424 0.2513 -0.0178, 0.0426 0.2604 -0.0147, 0.0386 0.2528 -0.0147, 0.04 0.2621 -0.0106, 0.0357 0.254 -0.0106, 0.0384 0.2632 -0.0059, 0.0441 0.2362 -0.0198, 0.0394 0.2362 -0.0178, 0.0353 0.2362 -0.0147, 0.0322 0.2362 -0.0106, 0.0302 0.2362 -0.0059, 0.0384 0.2093 -0.0059, 0.04 0.2103 -0.0106, 0.0426 0.2121 -0.0147, 0.046 0.2143 -0.0178, 0.05 0.217 -0.0198, 0.0543 0.2117 -0.0198, 0.0509 0.2084 -0.0178, 0.048 0.2055 -0.0147, 0.0458 0.2033 -0.0106, 0.0444 0.2019 -0.0059, 0.0693 0.1886 -0.0059, 0.0697 0.1905 -0.0106, 0.0703 0.1936 -0.0147, 0.0711 0.1976 -0.0178, 0.072 0.2023 -0.0198, 0.0787 0.2016 -0.0198, 0.0787 0.1969 -0.0178, 0.0787 0.1928 -0.0147, 0.0787 0.1896 -0.0106, 0.0787 0.1877 -0.0059, 0.1057 0.1959 -0.0059, 0.1046 0.1975 -0.0106, 0.1029 0.2001 -0.0147, 0.1006 0.2035 -0.0178, 0.098 0.2074 -0.0198, 0.1032 0.2117 -0.0198, 0.1066 0.2084 -0.0178, 0.1095 0.2055 -0.0147, 0.1117 0.2033 -0.0106, 0.1131 0.2019 -0.0059, 0.1263 0.2268 -0.0059, 0.1244 0.2271 -0.0106, 0.1214 0.2277 -0.0147, 0.1174 0.2285 -0.0178, 0.1127 0.2295 -0.0198, 0.1134 0.2362 -0.0198, 0.1181 0.2362 -0.0178, 0.1222 0.2362 -0.0147, 0.1253 0.2362 -0.0106, 0.1273 0.2362 -0.0059, 0.1191 0.2632 -0.0059, 0.1175 0.2621 -0.0106, 0.1149 0.2604 -0.0147, 0.1115 0.2581 -0.0178, 0.1075 0.2555 -0.0198, 0.1032 0.2607 -0.0198, 0.1066 0.2641 -0.0178, 0.1095 0.2669 -0.0147, 0.1117 0.2692 -0.0106, 0.1131 0.2705 -0.0059, 0.0882 0.2838 -0.0059, 0.0878 0.2819 -0.0106, 0.0872 0.2788 -0.0147, 0.0864 0.2748 -0.0178, 0.0855 0.2702 -0.0198, 0.0787 0.2708 -0.0198, 0.0787 0.2756 -0.0178, 0.0787 0.2797 -0.0147, 0.0787 0.2828 -0.0106, 0.0787 0.2848 -0.0059, 0.0518 0.2766 -0.0059, 0.0529 0.2749 -0.0106, 0.0546 0.2723 -0.0147, 0.0569 0.269 -0.0178, 0.0595 0.265 -0.0198, 0.0543 0.2607 -0.0198, 0.0509 0.2641 -0.0178, 0.048 0.2669 -0.0147, 0.0458 0.2692 -0.0106, 0.0444 0.2705 -0.0059, 0.0311 0.2457 -0.0059, 0.0331 0.2453 -0.0106, 0.0361 0.2447 -0.0147, 0.0401 0.2439 -0.0178, 0.0448 0.243 -0.0198, -0.0295 0.2362 0.0, -0.0312 0.2235 0.0, -0.0305 0.2266 -0.0008, -0.0361 0.2116 0.0, -0.0333 0.2174 -0.0008, -0.0314 0.2235 -0.0008, -0.0439 0.2014 0.0, -0.0378 0.2089 -0.0008, -0.0363 0.2117 -0.0008, -0.0541 0.1936 0.0, -0.0514 0.1953 -0.0008, -0.0439 0.2014 -0.0008, -0.066 0.1887 0.0, -0.0599 0.1908 -0.0008, -0.0542 0.1938 -0.0008, -0.0787 0.187 0.0, -0.0691 0.188 -0.0008, -0.0661 0.1889 -0.0008, -0.0915 0.1887 0.0, -0.0883 0.188 -0.0008, -0.0787 0.187 -0.0008, -0.1033 0.1936 0.0, -0.0976 0.1908 -0.0008, -0.0914 0.1889 -0.0008, -0.1135 0.2014 0.0, -0.1061 0.1953 -0.0008, -0.1032 0.1938 -0.0008, -0.1214 0.2116 0.0, -0.1197 0.2089 -0.0008, -0.1135 0.2014 -0.0008, -0.1263 0.2235 0.0, -0.1242 0.2174 -0.0008, -0.1212 0.2117 -0.0008, -0.128 0.2362 0.0, -0.127 0.2266 -0.0008, -0.1261 0.2235 -0.0008, -0.1263 0.249 0.0, -0.127 0.2458 -0.0008, -0.128 0.2362 -0.0008, -0.1214 0.2608 0.0, -0.1242 0.2551 -0.0008, -0.1261 0.2489 -0.0008, -0.1135 0.271 0.0, -0.1197 0.2636 -0.0008, -0.1212 0.2607 -0.0008, -0.1033 0.2788 0.0, -0.1061 0.2771 -0.0008, -0.1135 0.271 -0.0008, -0.0915 0.2838 0.0, -0.0976 0.2817 -0.0008, -0.1032 0.2787 -0.0008, -0.0787 0.2854 0.0, -0.0883 0.2845 -0.0008, -0.0914 0.2836 -0.0008, -0.066 0.2838 0.0, -0.0691 0.2845 -0.0008, -0.0787 0.2854 -0.0008, -0.0541 0.2788 0.0, -0.0599 0.2817 -0.0008, -0.0661 0.2836 -0.0008, -0.0439 0.271 0.0, -0.0514 0.2771 -0.0008, -0.0542 0.2787 -0.0008, -0.0361 0.2608 0.0, -0.0378 0.2636 -0.0008, -0.0439 0.271 -0.0008, -0.0312 0.249 0.0, -0.0333 0.2551 -0.0008, -0.0363 0.2607 -0.0008, -0.0295 0.2362 -0.0008, -0.0305 0.2458 -0.0008, -0.0314 0.2489 -0.0008, -0.1083 0.2362 -0.0205, -0.1077 0.242 -0.0205, -0.0787 0.2362 -0.0205, -0.1077 0.2305 -0.0205, -0.0996 0.2153 -0.0205, -0.1033 0.2198 -0.0205, -0.106 0.2249 -0.0205, -0.0845 0.2073 -0.0205, -0.09 0.2089 -0.0205, -0.0951 0.2117 -0.0205, -0.0674 0.2089 -0.0205, -0.073 0.2073 -0.0205, -0.0787 0.2067 -0.0205, -0.0542 0.2198 -0.0205, -0.0579 0.2153 -0.0205, -0.0623 0.2117 -0.0205, -0.0492 0.2362 -0.0205, -0.0498 0.2305 -0.0205, -0.0515 0.2249 -0.0205, -0.0542 0.2526 -0.0205, -0.0515 0.2475 -0.0205, -0.0498 0.242 -0.0205, -0.0674 0.2635 -0.0205, -0.0623 0.2608 -0.0205, -0.0579 0.2571 -0.0205, -0.0845 0.2652 -0.0205, -0.0787 0.2657 -0.0205, -0.073 0.2652 -0.0205, -0.0996 0.2571 -0.0205, -0.0951 0.2608 -0.0205, -0.09 0.2635 -0.0205, -0.106 0.2475 -0.0205, -0.1033 0.2526 -0.0205, 0.128 0.0787 0.0, 0.1263 0.066 0.0, 0.127 0.0691 -0.0008, 0.1214 0.0541 0.0, 0.1242 0.0599 -0.0008, 0.1261 0.0661 -0.0008, 0.1135 0.0439 0.0, 0.1197 0.0514 -0.0008, 0.1212 0.0542 -0.0008, 0.1033 0.0361 0.0, 0.1061 0.0378 -0.0008, 0.1135 0.0439 -0.0008, 0.0915 0.0312 0.0, 0.0976 0.0333 -0.0008, 0.1032 0.0363 -0.0008, 0.0787 0.0295 0.0, 0.0883 0.0305 -0.0008, 0.0914 0.0314 -0.0008, 0.066 0.0312 0.0, 0.0691 0.0305 -0.0008, 0.0787 0.0295 -0.0008, 0.0541 0.0361 0.0, 0.0599 0.0333 -0.0008, 0.0661 0.0314 -0.0008, 0.0439 0.0439 0.0, 0.0514 0.0378 -0.0008, 0.0542 0.0363 -0.0008, 0.0361 0.0541 0.0, 0.0378 0.0514 -0.0008, 0.0439 0.0439 -0.0008, 0.0312 0.066 0.0, 0.0333 0.0599 -0.0008, 0.0363 0.0542 -0.0008, 0.0295 0.0787 0.0, 0.0305 0.0691 -0.0008, 0.0314 0.0661 -0.0008, 0.0312 0.0915 0.0, 0.0305 0.0883 -0.0008, 0.0295 0.0787 -0.0008, 0.0361 0.1033 0.0, 0.0333 0.0976 -0.0008, 0.0314 0.0914 -0.0008, 0.0439 0.1135 0.0, 0.0378 0.1061 -0.0008, 0.0363 0.1032 -0.0008, 0.0541 0.1214 0.0, 0.0514 0.1197 -0.0008, 0.0439 0.1135 -0.0008, 0.066 0.1263 0.0, 0.0599 0.1242 -0.0008, 0.0542 0.1212 -0.0008, 0.0787 0.128 0.0, 0.0691 0.127 -0.0008, 0.0661 0.1261 -0.0008, 0.0915 0.1263 0.0, 0.0883 0.127 -0.0008, 0.0787 0.128 -0.0008, 0.1033 0.1214 0.0, 0.0976 0.1242 -0.0008, 0.0914 0.1261 -0.0008, 0.1135 0.1135 0.0, 0.1061 0.1197 -0.0008, 0.1032 0.1212 -0.0008, 0.1214 0.1033 0.0, 0.1197 0.1061 -0.0008, 0.1135 0.1135 -0.0008, 0.1263 0.0915 0.0, 0.1242 0.0976 -0.0008, 0.1212 0.1032 -0.0008, 0.128 0.0787 -0.0008, 0.127 0.0883 -0.0008, 0.1261 0.0914 -0.0008, 0.0492 0.0787 -0.0205, 0.0498 0.0845 -0.0205, 0.0787 0.0787 -0.0205, 0.0498 0.073 -0.0205, 0.0579 0.0579 -0.0205, 0.0542 0.0623 -0.0205, 0.0515 0.0674 -0.0205, 0.073 0.0498 -0.0205, 0.0674 0.0515 -0.0205, 0.0623 0.0542 -0.0205, 0.09 0.0515 -0.0205, 0.0845 0.0498 -0.0205, 0.0787 0.0492 -0.0205, 0.1033 0.0623 -0.0205, 0.0996 0.0579 -0.0205, 0.0951 0.0542 -0.0205, 0.1083 0.0787 -0.0205, 0.1077 0.073 -0.0205, 0.106 0.0674 -0.0205, 0.1033 0.0951 -0.0205, 0.106 0.09 -0.0205, 0.1077 0.0845 -0.0205, 0.09 0.106 -0.0205, 0.0951 0.1033 -0.0205, 0.0996 0.0996 -0.0205, 0.073 0.1077 -0.0205, 0.0787 0.1083 -0.0205, 0.0845 0.1077 -0.0205, 0.0579 0.0996 -0.0205, 0.0623 0.1033 -0.0205, 0.0674 0.106 -0.0205, 0.0515 0.09 -0.0205, 0.0542 0.0951 -0.0205, -0.0295 0.0787 0.0, -0.0312 0.066 0.0, -0.0305 0.0691 -0.0008, -0.0361 0.0541 0.0, -0.0333 0.0599 -0.0008, -0.0314 0.0661 -0.0008, -0.0439 0.0439 0.0, -0.0378 0.0514 -0.0008, -0.0363 0.0542 -0.0008, -0.0541 0.0361 0.0, -0.0514 0.0378 -0.0008, -0.0439 0.0439 -0.0008, -0.066 0.0312 0.0, -0.0599 0.0333 -0.0008, -0.0542 0.0363 -0.0008, -0.0787 0.0295 0.0, -0.0691 0.0305 -0.0008, -0.0661 0.0314 -0.0008, -0.0915 0.0312 0.0, -0.0883 0.0305 -0.0008, -0.0787 0.0295 -0.0008, -0.1033 0.0361 0.0, -0.0976 0.0333 -0.0008, -0.0914 0.0314 -0.0008, -0.1135 0.0439 0.0, -0.1061 0.0378 -0.0008, -0.1032 0.0363 -0.0008, -0.1214 0.0541 0.0, -0.1197 0.0514 -0.0008, -0.1135 0.0439 -0.0008, -0.1263 0.066 0.0, -0.1242 0.0599 -0.0008, -0.1212 0.0542 -0.0008, -0.128 0.0787 0.0, -0.127 0.0691 -0.0008, -0.1261 0.0661 -0.0008, -0.1263 0.0915 0.0, -0.127 0.0883 -0.0008, -0.128 0.0787 -0.0008, -0.1214 0.1033 0.0, -0.1242 0.0976 -0.0008, -0.1261 0.0914 -0.0008, -0.1135 0.1135 0.0, -0.1197 0.1061 -0.0008, -0.1212 0.1032 -0.0008, -0.1033 0.1214 0.0, -0.1061 0.1197 -0.0008, -0.1135 0.1135 -0.0008, -0.0915 0.1263 0.0, -0.0976 0.1242 -0.0008, -0.1032 0.1212 -0.0008, -0.0787 0.128 0.0, -0.0883 0.127 -0.0008, -0.0914 0.1261 -0.0008, -0.066 0.1263 0.0, -0.0691 0.127 -0.0008, -0.0787 0.128 -0.0008, -0.0541 0.1214 0.0, -0.0599 0.1242 -0.0008, -0.0661 0.1261 -0.0008, -0.0439 0.1135 0.0, -0.0514 0.1197 -0.0008, -0.0542 0.1212 -0.0008, -0.0361 0.1033 0.0, -0.0378 0.1061 -0.0008, -0.0439 0.1135 -0.0008, -0.0312 0.0915 0.0, -0.0333 0.0976 -0.0008, -0.0363 0.1032 -0.0008, -0.0295 0.0787 -0.0008, -0.0305 0.0883 -0.0008, -0.0314 0.0914 -0.0008, -0.1083 0.0787 -0.0205, -0.1077 0.0845 -0.0205, -0.0787 0.0787 -0.0205, -0.1077 0.073 -0.0205, -0.0996 0.0579 -0.0205, -0.1033 0.0623 -0.0205, -0.106 0.0674 -0.0205, -0.0845 0.0498 -0.0205, -0.09 0.0515 -0.0205, -0.0951 0.0542 -0.0205, -0.0674 0.0515 -0.0205, -0.073 0.0498 -0.0205, -0.0787 0.0492 -0.0205, -0.0542 0.0623 -0.0205, -0.0579 0.0579 -0.0205, -0.0623 0.0542 -0.0205, -0.0492 0.0787 -0.0205, -0.0498 0.073 -0.0205, -0.0515 0.0674 -0.0205, -0.0542 0.0951 -0.0205, -0.0515 0.09 -0.0205, -0.0498 0.0845 -0.0205, -0.0674 0.106 -0.0205, -0.0623 0.1033 -0.0205, -0.0579 0.0996 -0.0205, -0.0845 0.1077 -0.0205, -0.0787 0.1083 -0.0205, -0.073 0.1077 -0.0205, -0.0996 0.0996 -0.0205, -0.0951 0.1033 -0.0205, -0.09 0.106 -0.0205, -0.106 0.09 -0.0205, -0.1033 0.0951 -0.0205, 0.128 -0.0787 0.0, 0.1263 -0.0915 0.0, 0.127 -0.0883 -0.0008, 0.1214 -0.1033 0.0, 0.1242 -0.0976 -0.0008, 0.1261 -0.0914 -0.0008, 0.1135 -0.1135 0.0, 0.1197 -0.1061 -0.0008, 0.1212 -0.1032 -0.0008, 0.1033 -0.1214 0.0, 0.1061 -0.1197 -0.0008, 0.1135 -0.1135 -0.0008, 0.0915 -0.1263 0.0, 0.0976 -0.1242 -0.0008, 0.1032 -0.1212 -0.0008, 0.0787 -0.128 0.0, 0.0883 -0.127 -0.0008, 0.0914 -0.1261 -0.0008, 0.066 -0.1263 0.0, 0.0691 -0.127 -0.0008, 0.0787 -0.128 -0.0008, 0.0541 -0.1214 0.0, 0.0599 -0.1242 -0.0008, 0.0661 -0.1261 -0.0008, 0.0439 -0.1135 0.0, 0.0514 -0.1197 -0.0008, 0.0542 -0.1212 -0.0008, 0.0361 -0.1033 0.0, 0.0378 -0.1061 -0.0008, 0.0439 -0.1135 -0.0008, 0.0312 -0.0915 0.0, 0.0333 -0.0976 -0.0008, 0.0363 -0.1032 -0.0008, 0.0295 -0.0787 0.0, 0.0305 -0.0883 -0.0008, 0.0314 -0.0914 -0.0008, 0.0312 -0.066 0.0, 0.0305 -0.0691 -0.0008, 0.0295 -0.0787 -0.0008, 0.0361 -0.0541 0.0, 0.0333 -0.0599 -0.0008, 0.0314 -0.0661 -0.0008, 0.0439 -0.0439 0.0, 0.0378 -0.0514 -0.0008, 0.0363 -0.0542 -0.0008, 0.0541 -0.0361 0.0, 0.0514 -0.0378 -0.0008, 0.0439 -0.0439 -0.0008, 0.066 -0.0312 0.0, 0.0599 -0.0333 -0.0008, 0.0542 -0.0363 -0.0008, 0.0787 -0.0295 0.0, 0.0691 -0.0305 -0.0008, 0.0661 -0.0314 -0.0008, 0.0915 -0.0312 0.0, 0.0883 -0.0305 -0.0008, 0.0787 -0.0295 -0.0008, 0.1033 -0.0361 0.0, 0.0976 -0.0333 -0.0008, 0.0914 -0.0314 -0.0008, 0.1135 -0.0439 0.0, 0.1061 -0.0378 -0.0008, 0.1032 -0.0363 -0.0008, 0.1214 -0.0541 0.0, 0.1197 -0.0514 -0.0008, 0.1135 -0.0439 -0.0008, 0.1263 -0.066 0.0, 0.1242 -0.0599 -0.0008, 0.1212 -0.0542 -0.0008, 0.128 -0.0787 -0.0008, 0.127 -0.0691 -0.0008, 0.1261 -0.0661 -0.0008, 0.0492 -0.0787 -0.0205, 0.0498 -0.073 -0.0205, 0.0787 -0.0787 -0.0205, 0.0498 -0.0845 -0.0205, 0.0579 -0.0996 -0.0205, 0.0542 -0.0951 -0.0205, 0.0515 -0.09 -0.0205, 0.073 -0.1077 -0.0205, 0.0674 -0.106 -0.0205, 0.0623 -0.1033 -0.0205, 0.09 -0.106 -0.0205, 0.0845 -0.1077 -0.0205, 0.0787 -0.1083 -0.0205, 0.1033 -0.0951 -0.0205, 0.0996 -0.0996 -0.0205, 0.0951 -0.1033 -0.0205, 0.1083 -0.0787 -0.0205, 0.1077 -0.0845 -0.0205, 0.106 -0.09 -0.0205, 0.1033 -0.0623 -0.0205, 0.106 -0.0674 -0.0205, 0.1077 -0.073 -0.0205, 0.09 -0.0515 -0.0205, 0.0951 -0.0542 -0.0205, 0.0996 -0.0579 -0.0205, 0.073 -0.0498 -0.0205, 0.0787 -0.0492 -0.0205, 0.0845 -0.0498 -0.0205, 0.0579 -0.0579 -0.0205, 0.0623 -0.0542 -0.0205, 0.0674 -0.0515 -0.0205, 0.0515 -0.0674 -0.0205, 0.0542 -0.0623 -0.0205, -0.0295 -0.0787 0.0, -0.0312 -0.0915 0.0, -0.0305 -0.0883 -0.0008, -0.0361 -0.1033 0.0, -0.0333 -0.0976 -0.0008, -0.0314 -0.0914 -0.0008, -0.0439 -0.1135 0.0, -0.0378 -0.1061 -0.0008, -0.0363 -0.1032 -0.0008, -0.0541 -0.1214 0.0, -0.0514 -0.1197 -0.0008, -0.0439 -0.1135 -0.0008, -0.066 -0.1263 0.0, -0.0599 -0.1242 -0.0008, -0.0542 -0.1212 -0.0008, -0.0787 -0.128 0.0, -0.0691 -0.127 -0.0008, -0.0661 -0.1261 -0.0008, -0.0915 -0.1263 0.0, -0.0883 -0.127 -0.0008, -0.0787 -0.128 -0.0008, -0.1033 -0.1214 0.0, -0.0976 -0.1242 -0.0008, -0.0914 -0.1261 -0.0008, -0.1135 -0.1135 0.0, -0.1061 -0.1197 -0.0008, -0.1032 -0.1212 -0.0008, -0.1214 -0.1033 0.0, -0.1197 -0.1061 -0.0008, -0.1135 -0.1135 -0.0008, -0.1263 -0.0915 0.0, -0.1242 -0.0976 -0.0008, -0.1212 -0.1032 -0.0008, -0.128 -0.0787 0.0, -0.127 -0.0883 -0.0008, -0.1261 -0.0914 -0.0008, -0.1263 -0.066 0.0, -0.127 -0.0691 -0.0008, -0.128 -0.0787 -0.0008, -0.1214 -0.0541 0.0, -0.1242 -0.0599 -0.0008, -0.1261 -0.0661 -0.0008, -0.1135 -0.0439 0.0, -0.1197 -0.0514 -0.0008, -0.1212 -0.0542 -0.0008, -0.1033 -0.0361 0.0, -0.1061 -0.0378 -0.0008, -0.1135 -0.0439 -0.0008, -0.0915 -0.0312 0.0, -0.0976 -0.0333 -0.0008, -0.1032 -0.0363 -0.0008, -0.0787 -0.0295 0.0, -0.0883 -0.0305 -0.0008, -0.0914 -0.0314 -0.0008, -0.066 -0.0312 0.0, -0.0691 -0.0305 -0.0008, -0.0787 -0.0295 -0.0008, -0.0541 -0.0361 0.0, -0.0599 -0.0333 -0.0008, -0.0661 -0.0314 -0.0008, -0.0439 -0.0439 0.0, -0.0514 -0.0378 -0.0008, -0.0542 -0.0363 -0.0008, -0.0361 -0.0541 0.0, -0.0378 -0.0514 -0.0008, -0.0439 -0.0439 -0.0008, -0.0312 -0.066 0.0, -0.0333 -0.0599 -0.0008, -0.0363 -0.0542 -0.0008, -0.0295 -0.0787 -0.0008, -0.0305 -0.0691 -0.0008, -0.0314 -0.0661 -0.0008, -0.1083 -0.0787 -0.0205, -0.1077 -0.073 -0.0205, -0.0787 -0.0787 -0.0205, -0.1077 -0.0845 -0.0205, -0.0996 -0.0996 -0.0205, -0.1033 -0.0951 -0.0205, -0.106 -0.09 -0.0205, -0.0845 -0.1077 -0.0205, -0.09 -0.106 -0.0205, -0.0951 -0.1033 -0.0205, -0.0674 -0.106 -0.0205, -0.073 -0.1077 -0.0205, -0.0787 -0.1083 -0.0205, -0.0542 -0.0951 -0.0205, -0.0579 -0.0996 -0.0205, -0.0623 -0.1033 -0.0205, -0.0492 -0.0787 -0.0205, -0.0498 -0.0845 -0.0205, -0.0515 -0.09 -0.0205, -0.0542 -0.0623 -0.0205, -0.0515 -0.0674 -0.0205, -0.0498 -0.073 -0.0205, -0.0674 -0.0515 -0.0205, -0.0623 -0.0542 -0.0205, -0.0579 -0.0579 -0.0205, -0.0845 -0.0498 -0.0205, -0.0787 -0.0492 -0.0205, -0.073 -0.0498 -0.0205, -0.0996 -0.0579 -0.0205, -0.0951 -0.0542 -0.0205, -0.09 -0.0515 -0.0205, -0.106 -0.0674 -0.0205, -0.1033 -0.0623 -0.0205, 0.128 -0.2362 0.0, 0.1263 -0.249 0.0, 0.127 -0.2458 -0.0008, 0.1214 -0.2608 0.0, 0.1242 -0.2551 -0.0008, 0.1261 -0.2489 -0.0008, 0.1135 -0.271 0.0, 0.1197 -0.2636 -0.0008, 0.1212 -0.2607 -0.0008, 0.1033 -0.2788 0.0, 0.1061 -0.2771 -0.0008, 0.1135 -0.271 -0.0008, 0.0915 -0.2838 0.0, 0.0976 -0.2817 -0.0008, 0.1032 -0.2787 -0.0008, 0.0787 -0.2854 0.0, 0.0883 -0.2845 -0.0008, 0.0914 -0.2836 -0.0008, 0.066 -0.2838 0.0, 0.0691 -0.2845 -0.0008, 0.0787 -0.2854 -0.0008, 0.0541 -0.2788 0.0, 0.0599 -0.2817 -0.0008, 0.0661 -0.2836 -0.0008, 0.0439 -0.271 0.0, 0.0514 -0.2771 -0.0008, 0.0542 -0.2787 -0.0008, 0.0361 -0.2608 0.0, 0.0378 -0.2636 -0.0008, 0.0439 -0.271 -0.0008, 0.0312 -0.249 0.0, 0.0333 -0.2551 -0.0008, 0.0363 -0.2607 -0.0008, 0.0295 -0.2362 0.0, 0.0305 -0.2458 -0.0008, 0.0314 -0.2489 -0.0008, 0.0312 -0.2235 0.0, 0.0305 -0.2266 -0.0008, 0.0295 -0.2362 -0.0008, 0.0361 -0.2116 0.0, 0.0333 -0.2174 -0.0008, 0.0314 -0.2235 -0.0008, 0.0439 -0.2014 0.0, 0.0378 -0.2089 -0.0008, 0.0363 -0.2117 -0.0008, 0.0541 -0.1936 0.0, 0.0514 -0.1953 -0.0008, 0.0439 -0.2014 -0.0008, 0.066 -0.1887 0.0, 0.0599 -0.1908 -0.0008, 0.0542 -0.1938 -0.0008, 0.0787 -0.187 0.0, 0.0691 -0.188 -0.0008, 0.0661 -0.1889 -0.0008, 0.0915 -0.1887 0.0, 0.0883 -0.188 -0.0008, 0.0787 -0.187 -0.0008, 0.1033 -0.1936 0.0, 0.0976 -0.1908 -0.0008, 0.0914 -0.1889 -0.0008, 0.1135 -0.2014 0.0, 0.1061 -0.1953 -0.0008, 0.1032 -0.1938 -0.0008, 0.1214 -0.2116 0.0, 0.1197 -0.2089 -0.0008, 0.1135 -0.2014 -0.0008, 0.1263 -0.2235 0.0, 0.1242 -0.2174 -0.0008, 0.1212 -0.2117 -0.0008, 0.128 -0.2362 -0.0008, 0.127 -0.2266 -0.0008, 0.1261 -0.2235 -0.0008, 0.0492 -0.2362 -0.0205, 0.0498 -0.2305 -0.0205, 0.0787 -0.2362 -0.0205, 0.0498 -0.242 -0.0205, 0.0579 -0.2571 -0.0205, 0.0542 -0.2526 -0.0205, 0.0515 -0.2475 -0.0205, 0.073 -0.2652 -0.0205, 0.0674 -0.2635 -0.0205, 0.0623 -0.2608 -0.0205, 0.09 -0.2635 -0.0205, 0.0845 -0.2652 -0.0205, 0.0787 -0.2657 -0.0205, 0.1033 -0.2526 -0.0205, 0.0996 -0.2571 -0.0205, 0.0951 -0.2608 -0.0205, 0.1083 -0.2362 -0.0205, 0.1077 -0.242 -0.0205, 0.106 -0.2475 -0.0205, 0.1033 -0.2198 -0.0205, 0.106 -0.2249 -0.0205, 0.1077 -0.2305 -0.0205, 0.09 -0.2089 -0.0205, 0.0951 -0.2117 -0.0205, 0.0996 -0.2153 -0.0205, 0.073 -0.2073 -0.0205, 0.0787 -0.2067 -0.0205, 0.0845 -0.2073 -0.0205, 0.0579 -0.2153 -0.0205, 0.0623 -0.2117 -0.0205, 0.0674 -0.2089 -0.0205, 0.0515 -0.2249 -0.0205, 0.0542 -0.2198 -0.0205, -0.0295 -0.2362 0.0, -0.0312 -0.249 0.0, -0.0305 -0.2458 -0.0008, -0.0361 -0.2608 0.0, -0.0333 -0.2551 -0.0008, -0.0314 -0.2489 -0.0008, -0.0439 -0.271 0.0, -0.0378 -0.2636 -0.0008, -0.0363 -0.2607 -0.0008, -0.0541 -0.2788 0.0, -0.0514 -0.2771 -0.0008, -0.0439 -0.271 -0.0008, -0.066 -0.2838 0.0, -0.0599 -0.2817 -0.0008, -0.0542 -0.2787 -0.0008, -0.0787 -0.2854 0.0, -0.0691 -0.2845 -0.0008, -0.0661 -0.2836 -0.0008, -0.0915 -0.2838 0.0, -0.0883 -0.2845 -0.0008, -0.0787 -0.2854 -0.0008, -0.1033 -0.2788 0.0, -0.0976 -0.2817 -0.0008, -0.0914 -0.2836 -0.0008, -0.1135 -0.271 0.0, -0.1061 -0.2771 -0.0008, -0.1032 -0.2787 -0.0008, -0.1214 -0.2608 0.0, -0.1197 -0.2636 -0.0008, -0.1135 -0.271 -0.0008, -0.1263 -0.249 0.0, -0.1242 -0.2551 -0.0008, -0.1212 -0.2607 -0.0008, -0.128 -0.2362 0.0, -0.127 -0.2458 -0.0008, -0.1261 -0.2489 -0.0008, -0.1263 -0.2235 0.0, -0.127 -0.2266 -0.0008, -0.128 -0.2362 -0.0008, -0.1214 -0.2116 0.0, -0.1242 -0.2174 -0.0008, -0.1261 -0.2235 -0.0008, -0.1135 -0.2014 0.0, -0.1197 -0.2089 -0.0008, -0.1212 -0.2117 -0.0008, -0.1033 -0.1936 0.0, -0.1061 -0.1953 -0.0008, -0.1135 -0.2014 -0.0008, -0.0915 -0.1887 0.0, -0.0976 -0.1908 -0.0008, -0.1032 -0.1938 -0.0008, -0.0787 -0.187 0.0, -0.0883 -0.188 -0.0008, -0.0914 -0.1889 -0.0008, -0.066 -0.1887 0.0, -0.0691 -0.188 -0.0008, -0.0787 -0.187 -0.0008, -0.0541 -0.1936 0.0, -0.0599 -0.1908 -0.0008, -0.0661 -0.1889 -0.0008, -0.0439 -0.2014 0.0, -0.0514 -0.1953 -0.0008, -0.0542 -0.1938 -0.0008, -0.0361 -0.2116 0.0, -0.0378 -0.2089 -0.0008, -0.0439 -0.2014 -0.0008, -0.0312 -0.2235 0.0, -0.0333 -0.2174 -0.0008, -0.0363 -0.2117 -0.0008, -0.0295 -0.2362 -0.0008, -0.0305 -0.2266 -0.0008, -0.0314 -0.2235 -0.0008, -0.1083 -0.2362 -0.0205, -0.1077 -0.2305 -0.0205, -0.0787 -0.2362 -0.0205, -0.1077 -0.242 -0.0205, -0.0996 -0.2571 -0.0205, -0.1033 -0.2526 -0.0205, -0.106 -0.2475 -0.0205, -0.0845 -0.2652 -0.0205, -0.09 -0.2635 -0.0205, -0.0951 -0.2608 -0.0205, -0.0674 -0.2635 -0.0205, -0.073 -0.2652 -0.0205, -0.0787 -0.2657 -0.0205, -0.0542 -0.2526 -0.0205, -0.0579 -0.2571 -0.0205, -0.0623 -0.2608 -0.0205, -0.0492 -0.2362 -0.0205, -0.0498 -0.242 -0.0205, -0.0515 -0.2475 -0.0205, -0.0542 -0.2198 -0.0205, -0.0515 -0.2249 -0.0205, -0.0498 -0.2305 -0.0205, -0.0674 -0.2089 -0.0205, -0.0623 -0.2117 -0.0205, -0.0579 -0.2153 -0.0205, -0.0845 -0.2073 -0.0205, -0.0787 -0.2067 -0.0205, -0.073 -0.2073 -0.0205, -0.0996 -0.2153 -0.0205, -0.0951 -0.2117 -0.0205, -0.09 -0.2089 -0.0205, -0.106 -0.2249 -0.0205, -0.1033 -0.2198 -0.0205, -0.1236 0.2548 -0.0059, -0.0973 0.2811 -0.0059, -0.0602 0.2811 -0.0059, -0.0339 0.2548 -0.0059, -0.0339 0.2176 -0.0059, -0.0602 0.1914 -0.0059, -0.0973 0.1914 -0.0059, -0.1236 0.2176 -0.0059, -0.1127 0.2295 -0.0198, -0.1107 0.223 -0.0198, -0.1174 0.2285 -0.0178, -0.1151 0.2212 -0.0178, -0.1214 0.2277 -0.0147, -0.1189 0.2196 -0.0147, -0.1244 0.2271 -0.0106, -0.1218 0.2184 -0.0106, -0.1263 0.2268 -0.0059, -0.098 0.2074 -0.0198, -0.092 0.2042 -0.0198, -0.1006 0.2035 -0.0178, -0.0938 0.1998 -0.0178, -0.1029 0.2001 -0.0147, -0.0954 0.1961 -0.0147, -0.1046 0.1975 -0.0106, -0.0966 0.1932 -0.0106, -0.1057 0.1959 -0.0059, -0.072 0.2023 -0.0198, -0.0655 0.2042 -0.0198, -0.0711 0.1976 -0.0178, -0.0637 0.1998 -0.0178, -0.0703 0.1936 -0.0147, -0.0621 0.1961 -0.0147, -0.0697 0.1905 -0.0106, -0.0609 0.1932 -0.0106, -0.0693 0.1886 -0.0059, -0.05 0.217 -0.0198, -0.0468 0.223 -0.0198, -0.046 0.2143 -0.0178, -0.0424 0.2212 -0.0178, -0.0426 0.2121 -0.0147, -0.0386 0.2196 -0.0147, -0.04 0.2103 -0.0106, -0.0357 0.2184 -0.0106, -0.0384 0.2093 -0.0059, -0.0448 0.243 -0.0198, -0.0468 0.2495 -0.0198, -0.0401 0.2439 -0.0178, -0.0424 0.2513 -0.0178, -0.0361 0.2447 -0.0147, -0.0386 0.2528 -0.0147, -0.0331 0.2453 -0.0106, -0.0357 0.254 -0.0106, -0.0311 0.2457 -0.0059, -0.0595 0.265 -0.0198, -0.0655 0.2682 -0.0198, -0.0569 0.269 -0.0178, -0.0637 0.2726 -0.0178, -0.0546 0.2723 -0.0147, -0.0621 0.2764 -0.0147, -0.0529 0.2749 -0.0106, -0.0609 0.2793 -0.0106, -0.0518 0.2766 -0.0059, -0.0855 0.2702 -0.0198, -0.092 0.2682 -0.0198, -0.0864 0.2748 -0.0178, -0.0938 0.2726 -0.0178, -0.0872 0.2788 -0.0147, -0.0954 0.2764 -0.0147, -0.0878 0.2819 -0.0106, -0.0966 0.2793 -0.0106, -0.0882 0.2838 -0.0059, -0.1075 0.2555 -0.0198, -0.1107 0.2495 -0.0198, -0.1115 0.2581 -0.0178, -0.1151 0.2513 -0.0178, -0.1149 0.2604 -0.0147, -0.1189 0.2528 -0.0147, -0.1175 0.2621 -0.0106, -0.1218 0.254 -0.0106, -0.1191 0.2632 -0.0059, -0.1134 0.2362 -0.0198, -0.1181 0.2362 -0.0178, -0.1222 0.2362 -0.0147, -0.1253 0.2362 -0.0106, -0.1273 0.2362 -0.0059, -0.1191 0.2093 -0.0059, -0.1175 0.2103 -0.0106, -0.1149 0.2121 -0.0147, -0.1115 0.2143 -0.0178, -0.1075 0.217 -0.0198, -0.1032 0.2117 -0.0198, -0.1066 0.2084 -0.0178, -0.1095 0.2055 -0.0147, -0.1117 0.2033 -0.0106, -0.1131 0.2019 -0.0059, -0.0882 0.1886 -0.0059, -0.0878 0.1905 -0.0106, -0.0872 0.1936 -0.0147, -0.0864 0.1976 -0.0178, -0.0855 0.2023 -0.0198, -0.0787 0.2016 -0.0198, -0.0787 0.1969 -0.0178, -0.0787 0.1928 -0.0147, -0.0787 0.1896 -0.0106, -0.0787 0.1877 -0.0059, -0.0518 0.1959 -0.0059, -0.0529 0.1975 -0.0106, -0.0546 0.2001 -0.0147, -0.0569 0.2035 -0.0178, -0.0595 0.2074 -0.0198, -0.0543 0.2117 -0.0198, -0.0509 0.2084 -0.0178, -0.048 0.2055 -0.0147, -0.0458 0.2033 -0.0106, -0.0444 0.2019 -0.0059, -0.0311 0.2268 -0.0059, -0.0331 0.2271 -0.0106, -0.0361 0.2277 -0.0147, -0.0401 0.2285 -0.0178, -0.0448 0.2295 -0.0198, -0.0441 0.2362 -0.0198, -0.0394 0.2362 -0.0178, -0.0353 0.2362 -0.0147, -0.0322 0.2362 -0.0106, -0.0302 0.2362 -0.0059, -0.0384 0.2632 -0.0059, -0.04 0.2621 -0.0106, -0.0426 0.2604 -0.0147, -0.046 0.2581 -0.0178, -0.05 0.2555 -0.0198, -0.0543 0.2607 -0.0198, -0.0509 0.2641 -0.0178, -0.048 0.2669 -0.0147, -0.0458 0.2692 -0.0106, -0.0444 0.2705 -0.0059, -0.0693 0.2838 -0.0059, -0.0697 0.2819 -0.0106, -0.0703 0.2788 -0.0147, -0.0711 0.2748 -0.0178, -0.072 0.2702 -0.0198, -0.0787 0.2708 -0.0198, -0.0787 0.2756 -0.0178, -0.0787 0.2797 -0.0147, -0.0787 0.2828 -0.0106, -0.0787 0.2848 -0.0059, -0.1057 0.2766 -0.0059, -0.1046 0.2749 -0.0106, -0.1029 0.2723 -0.0147, -0.1006 0.269 -0.0178, -0.098 0.265 -0.0198, -0.1032 0.2607 -0.0198, -0.1066 0.2641 -0.0178, -0.1095 0.2669 -0.0147, -0.1117 0.2692 -0.0106, -0.1131 0.2705 -0.0059, -0.1263 0.2457 -0.0059, -0.1244 0.2453 -0.0106, -0.1214 0.2447 -0.0147, -0.1174 0.2439 -0.0178, -0.1127 0.243 -0.0198, 0.0339 0.0973 -0.0059, 0.0602 0.1236 -0.0059, 0.0973 0.1236 -0.0059, 0.1236 0.0973 -0.0059, 0.1236 0.0602 -0.0059, 0.0973 0.0339 -0.0059, 0.0602 0.0339 -0.0059, 0.0339 0.0602 -0.0059, 0.0448 0.072 -0.0198, 0.0468 0.0655 -0.0198, 0.0401 0.0711 -0.0178, 0.0424 0.0637 -0.0178, 0.0361 0.0703 -0.0147, 0.0386 0.0621 -0.0147, 0.0331 0.0697 -0.0106, 0.0357 0.0609 -0.0106, 0.0311 0.0693 -0.0059, 0.0595 0.05 -0.0198, 0.0655 0.0468 -0.0198, 0.0569 0.046 -0.0178, 0.0637 0.0424 -0.0178, 0.0546 0.0426 -0.0147, 0.0621 0.0386 -0.0147, 0.0529 0.04 -0.0106, 0.0609 0.0357 -0.0106, 0.0518 0.0384 -0.0059, 0.0855 0.0448 -0.0198, 0.092 0.0468 -0.0198, 0.0864 0.0401 -0.0178, 0.0938 0.0424 -0.0178, 0.0872 0.0361 -0.0147, 0.0954 0.0386 -0.0147, 0.0878 0.0331 -0.0106, 0.0966 0.0357 -0.0106, 0.0882 0.0311 -0.0059, 0.1075 0.0595 -0.0198, 0.1107 0.0655 -0.0198, 0.1115 0.0569 -0.0178, 0.1151 0.0637 -0.0178, 0.1149 0.0546 -0.0147, 0.1189 0.0621 -0.0147, 0.1175 0.0529 -0.0106, 0.1218 0.0609 -0.0106, 0.1191 0.0518 -0.0059, 0.1127 0.0855 -0.0198, 0.1107 0.092 -0.0198, 0.1174 0.0864 -0.0178, 0.1151 0.0938 -0.0178, 0.1214 0.0872 -0.0147, 0.1189 0.0954 -0.0147, 0.1244 0.0878 -0.0106, 0.1218 0.0966 -0.0106, 0.1263 0.0882 -0.0059, 0.098 0.1075 -0.0198, 0.092 0.1107 -0.0198, 0.1006 0.1115 -0.0178, 0.0938 0.1151 -0.0178, 0.1029 0.1149 -0.0147, 0.0954 0.1189 -0.0147, 0.1046 0.1175 -0.0106, 0.0966 0.1218 -0.0106, 0.1057 0.1191 -0.0059, 0.072 0.1127 -0.0198, 0.0655 0.1107 -0.0198, 0.0711 0.1174 -0.0178, 0.0637 0.1151 -0.0178, 0.0703 0.1214 -0.0147, 0.0621 0.1189 -0.0147, 0.0697 0.1244 -0.0106, 0.0609 0.1218 -0.0106, 0.0693 0.1263 -0.0059, 0.05 0.098 -0.0198, 0.0468 0.092 -0.0198, 0.046 0.1006 -0.0178, 0.0424 0.0938 -0.0178, 0.0426 0.1029 -0.0147, 0.0386 0.0954 -0.0147, 0.04 0.1046 -0.0106, 0.0357 0.0966 -0.0106, 0.0384 0.1057 -0.0059, 0.0441 0.0787 -0.0198, 0.0394 0.0787 -0.0178, 0.0353 0.0787 -0.0147, 0.0322 0.0787 -0.0106, 0.0302 0.0787 -0.0059, 0.0384 0.0518 -0.0059, 0.04 0.0529 -0.0106, 0.0426 0.0546 -0.0147, 0.046 0.0569 -0.0178, 0.05 0.0595 -0.0198, 0.0543 0.0543 -0.0198, 0.0509 0.0509 -0.0178, 0.048 0.048 -0.0147, 0.0458 0.0458 -0.0106, 0.0444 0.0444 -0.0059, 0.0693 0.0311 -0.0059, 0.0697 0.0331 -0.0106, 0.0703 0.0361 -0.0147, 0.0711 0.0401 -0.0178, 0.072 0.0448 -0.0198, 0.0787 0.0441 -0.0198, 0.0787 0.0394 -0.0178, 0.0787 0.0353 -0.0147, 0.0787 0.0322 -0.0106, 0.0787 0.0302 -0.0059, 0.1057 0.0384 -0.0059, 0.1046 0.04 -0.0106, 0.1029 0.0426 -0.0147, 0.1006 0.046 -0.0178, 0.098 0.05 -0.0198, 0.1032 0.0543 -0.0198, 0.1066 0.0509 -0.0178, 0.1095 0.048 -0.0147, 0.1117 0.0458 -0.0106, 0.1131 0.0444 -0.0059, 0.1263 0.0693 -0.0059, 0.1244 0.0697 -0.0106, 0.1214 0.0703 -0.0147, 0.1174 0.0711 -0.0178, 0.1127 0.072 -0.0198, 0.1134 0.0787 -0.0198, 0.1181 0.0787 -0.0178, 0.1222 0.0787 -0.0147, 0.1253 0.0787 -0.0106, 0.1273 0.0787 -0.0059, 0.1191 0.1057 -0.0059, 0.1175 0.1046 -0.0106, 0.1149 0.1029 -0.0147, 0.1115 0.1006 -0.0178, 0.1075 0.098 -0.0198, 0.1032 0.1032 -0.0198, 0.1066 0.1066 -0.0178, 0.1095 0.1095 -0.0147, 0.1117 0.1117 -0.0106, 0.1131 0.1131 -0.0059, 0.0882 0.1263 -0.0059, 0.0878 0.1244 -0.0106, 0.0872 0.1214 -0.0147, 0.0864 0.1174 -0.0178, 0.0855 0.1127 -0.0198, 0.0787 0.1134 -0.0198, 0.0787 0.1181 -0.0178, 0.0787 0.1222 -0.0147, 0.0787 0.1253 -0.0106, 0.0787 0.1273 -0.0059, 0.0518 0.1191 -0.0059, 0.0529 0.1175 -0.0106, 0.0546 0.1149 -0.0147, 0.0569 0.1115 -0.0178, 0.0595 0.1075 -0.0198, 0.0543 0.1032 -0.0198, 0.0509 0.1066 -0.0178, 0.048 0.1095 -0.0147, 0.0458 0.1117 -0.0106, 0.0444 0.1131 -0.0059, 0.0311 0.0882 -0.0059, 0.0331 0.0878 -0.0106, 0.0361 0.0872 -0.0147, 0.0401 0.0864 -0.0178, 0.0448 0.0855 -0.0198, -0.1236 0.0973 -0.0059, -0.0973 0.1236 -0.0059, -0.0602 0.1236 -0.0059, -0.0339 0.0973 -0.0059, -0.0339 0.0602 -0.0059, -0.0602 0.0339 -0.0059, -0.0973 0.0339 -0.0059, -0.1236 0.0602 -0.0059, -0.1127 0.072 -0.0198, -0.1107 0.0655 -0.0198, -0.1174 0.0711 -0.0178, -0.1151 0.0637 -0.0178, -0.1214 0.0703 -0.0147, -0.1189 0.0621 -0.0147, -0.1244 0.0697 -0.0106, -0.1218 0.0609 -0.0106, -0.1263 0.0693 -0.0059, -0.098 0.05 -0.0198, -0.092 0.0468 -0.0198, -0.1006 0.046 -0.0178, -0.0938 0.0424 -0.0178, -0.1029 0.0426 -0.0147, -0.0954 0.0386 -0.0147, -0.1046 0.04 -0.0106, -0.0966 0.0357 -0.0106, -0.1057 0.0384 -0.0059, -0.072 0.0448 -0.0198, -0.0655 0.0468 -0.0198, -0.0711 0.0401 -0.0178, -0.0637 0.0424 -0.0178, -0.0703 0.0361 -0.0147, -0.0621 0.0386 -0.0147, -0.0697 0.0331 -0.0106, -0.0609 0.0357 -0.0106, -0.0693 0.0311 -0.0059, -0.05 0.0595 -0.0198, -0.0468 0.0655 -0.0198, -0.046 0.0569 -0.0178, -0.0424 0.0637 -0.0178, -0.0426 0.0546 -0.0147, -0.0386 0.0621 -0.0147, -0.04 0.0529 -0.0106, -0.0357 0.0609 -0.0106, -0.0384 0.0518 -0.0059, -0.0448 0.0855 -0.0198, -0.0468 0.092 -0.0198, -0.0401 0.0864 -0.0178, -0.0424 0.0938 -0.0178, -0.0361 0.0872 -0.0147, -0.0386 0.0954 -0.0147, -0.0331 0.0878 -0.0106, -0.0357 0.0966 -0.0106, -0.0311 0.0882 -0.0059, -0.0595 0.1075 -0.0198, -0.0655 0.1107 -0.0198, -0.0569 0.1115 -0.0178, -0.0637 0.1151 -0.0178, -0.0546 0.1149 -0.0147, -0.0621 0.1189 -0.0147, -0.0529 0.1175 -0.0106, -0.0609 0.1218 -0.0106, -0.0518 0.1191 -0.0059, -0.0855 0.1127 -0.0198, -0.092 0.1107 -0.0198, -0.0864 0.1174 -0.0178, -0.0938 0.1151 -0.0178, -0.0872 0.1214 -0.0147, -0.0954 0.1189 -0.0147, -0.0878 0.1244 -0.0106, -0.0966 0.1218 -0.0106, -0.0882 0.1263 -0.0059, -0.1075 0.098 -0.0198, -0.1107 0.092 -0.0198, -0.1115 0.1006 -0.0178, -0.1151 0.0938 -0.0178, -0.1149 0.1029 -0.0147, -0.1189 0.0954 -0.0147, -0.1175 0.1046 -0.0106, -0.1218 0.0966 -0.0106, -0.1191 0.1057 -0.0059, -0.1134 0.0787 -0.0198, -0.1181 0.0787 -0.0178, -0.1222 0.0787 -0.0147, -0.1253 0.0787 -0.0106, -0.1273 0.0787 -0.0059, -0.1191 0.0518 -0.0059, -0.1175 0.0529 -0.0106, -0.1149 0.0546 -0.0147, -0.1115 0.0569 -0.0178, -0.1075 0.0595 -0.0198, -0.1032 0.0543 -0.0198, -0.1066 0.0509 -0.0178, -0.1095 0.048 -0.0147, -0.1117 0.0458 -0.0106, -0.1131 0.0444 -0.0059, -0.0882 0.0311 -0.0059, -0.0878 0.0331 -0.0106, -0.0872 0.0361 -0.0147, -0.0864 0.0401 -0.0178, -0.0855 0.0448 -0.0198, -0.0787 0.0441 -0.0198, -0.0787 0.0394 -0.0178, -0.0787 0.0353 -0.0147, -0.0787 0.0322 -0.0106, -0.0787 0.0302 -0.0059, -0.0518 0.0384 -0.0059, -0.0529 0.04 -0.0106, -0.0546 0.0426 -0.0147, -0.0569 0.046 -0.0178, -0.0595 0.05 -0.0198, -0.0543 0.0543 -0.0198, -0.0509 0.0509 -0.0178, -0.048 0.048 -0.0147, -0.0458 0.0458 -0.0106, -0.0444 0.0444 -0.0059, -0.0311 0.0693 -0.0059, -0.0331 0.0697 -0.0106, -0.0361 0.0703 -0.0147, -0.0401 0.0711 -0.0178, -0.0448 0.072 -0.0198, -0.0441 0.0787 -0.0198, -0.0394 0.0787 -0.0178, -0.0353 0.0787 -0.0147, -0.0322 0.0787 -0.0106, -0.0302 0.0787 -0.0059, -0.0384 0.1057 -0.0059, -0.04 0.1046 -0.0106, -0.0426 0.1029 -0.0147, -0.046 0.1006 -0.0178, -0.05 0.098 -0.0198, -0.0543 0.1032 -0.0198, -0.0509 0.1066 -0.0178, -0.048 0.1095 -0.0147, -0.0458 0.1117 -0.0106, -0.0444 0.1131 -0.0059, -0.0693 0.1263 -0.0059, -0.0697 0.1244 -0.0106, -0.0703 0.1214 -0.0147, -0.0711 0.1174 -0.0178, -0.072 0.1127 -0.0198, -0.0787 0.1134 -0.0198, -0.0787 0.1181 -0.0178, -0.0787 0.1222 -0.0147, -0.0787 0.1253 -0.0106, -0.0787 0.1273 -0.0059, -0.1057 0.1191 -0.0059, -0.1046 0.1175 -0.0106, -0.1029 0.1149 -0.0147, -0.1006 0.1115 -0.0178, -0.098 0.1075 -0.0198, -0.1032 0.1032 -0.0198, -0.1066 0.1066 -0.0178, -0.1095 0.1095 -0.0147, -0.1117 0.1117 -0.0106, -0.1131 0.1131 -0.0059, -0.1263 0.0882 -0.0059, -0.1244 0.0878 -0.0106, -0.1214 0.0872 -0.0147, -0.1174 0.0864 -0.0178, -0.1127 0.0855 -0.0198, 0.0339 -0.0602 -0.0059, 0.0602 -0.0339 -0.0059, 0.0973 -0.0339 -0.0059, 0.1236 -0.0602 -0.0059, 0.1236 -0.0973 -0.0059, 0.0973 -0.1236 -0.0059, 0.0602 -0.1236 -0.0059, 0.0339 -0.0973 -0.0059, 0.0448 -0.0855 -0.0198, 0.0468 -0.092 -0.0198, 0.0401 -0.0864 -0.0178, 0.0424 -0.0938 -0.0178, 0.0361 -0.0872 -0.0147, 0.0386 -0.0954 -0.0147, 0.0331 -0.0878 -0.0106, 0.0357 -0.0966 -0.0106, 0.0311 -0.0882 -0.0059, 0.0595 -0.1075 -0.0198, 0.0655 -0.1107 -0.0198, 0.0569 -0.1115 -0.0178, 0.0637 -0.1151 -0.0178, 0.0546 -0.1149 -0.0147, 0.0621 -0.1189 -0.0147, 0.0529 -0.1175 -0.0106, 0.0609 -0.1218 -0.0106, 0.0518 -0.1191 -0.0059, 0.0855 -0.1127 -0.0198, 0.092 -0.1107 -0.0198, 0.0864 -0.1174 -0.0178, 0.0938 -0.1151 -0.0178, 0.0872 -0.1214 -0.0147, 0.0954 -0.1189 -0.0147, 0.0878 -0.1244 -0.0106, 0.0966 -0.1218 -0.0106, 0.0882 -0.1263 -0.0059, 0.1075 -0.098 -0.0198, 0.1107 -0.092 -0.0198, 0.1115 -0.1006 -0.0178, 0.1151 -0.0938 -0.0178, 0.1149 -0.1029 -0.0147, 0.1189 -0.0954 -0.0147, 0.1175 -0.1046 -0.0106, 0.1218 -0.0966 -0.0106, 0.1191 -0.1057 -0.0059, 0.1127 -0.072 -0.0198, 0.1107 -0.0655 -0.0198, 0.1174 -0.0711 -0.0178, 0.1151 -0.0637 -0.0178, 0.1214 -0.0703 -0.0147, 0.1189 -0.0621 -0.0147, 0.1244 -0.0697 -0.0106, 0.1218 -0.0609 -0.0106, 0.1263 -0.0693 -0.0059, 0.098 -0.05 -0.0198, 0.092 -0.0468 -0.0198, 0.1006 -0.046 -0.0178, 0.0938 -0.0424 -0.0178, 0.1029 -0.0426 -0.0147, 0.0954 -0.0386 -0.0147, 0.1046 -0.04 -0.0106, 0.0966 -0.0357 -0.0106, 0.1057 -0.0384 -0.0059, 0.072 -0.0448 -0.0198, 0.0655 -0.0468 -0.0198, 0.0711 -0.0401 -0.0178, 0.0637 -0.0424 -0.0178, 0.0703 -0.0361 -0.0147, 0.0621 -0.0386 -0.0147, 0.0697 -0.0331 -0.0106, 0.0609 -0.0357 -0.0106, 0.0693 -0.0311 -0.0059, 0.05 -0.0595 -0.0198, 0.0468 -0.0655 -0.0198, 0.046 -0.0569 -0.0178, 0.0424 -0.0637 -0.0178, 0.0426 -0.0546 -0.0147, 0.0386 -0.0621 -0.0147, 0.04 -0.0529 -0.0106, 0.0357 -0.0609 -0.0106, 0.0384 -0.0518 -0.0059, 0.0441 -0.0787 -0.0198, 0.0394 -0.0787 -0.0178, 0.0353 -0.0787 -0.0147, 0.0322 -0.0787 -0.0106, 0.0302 -0.0787 -0.0059, 0.0384 -0.1057 -0.0059, 0.04 -0.1046 -0.0106, 0.0426 -0.1029 -0.0147, 0.046 -0.1006 -0.0178, 0.05 -0.098 -0.0198, 0.0543 -0.1032 -0.0198, 0.0509 -0.1066 -0.0178, 0.048 -0.1095 -0.0147, 0.0458 -0.1117 -0.0106, 0.0444 -0.1131 -0.0059, 0.0693 -0.1263 -0.0059, 0.0697 -0.1244 -0.0106, 0.0703 -0.1214 -0.0147, 0.0711 -0.1174 -0.0178, 0.072 -0.1127 -0.0198, 0.0787 -0.1134 -0.0198, 0.0787 -0.1181 -0.0178, 0.0787 -0.1222 -0.0147, 0.0787 -0.1253 -0.0106, 0.0787 -0.1273 -0.0059, 0.1057 -0.1191 -0.0059, 0.1046 -0.1175 -0.0106, 0.1029 -0.1149 -0.0147, 0.1006 -0.1115 -0.0178, 0.098 -0.1075 -0.0198, 0.1032 -0.1032 -0.0198, 0.1066 -0.1066 -0.0178, 0.1095 -0.1095 -0.0147, 0.1117 -0.1117 -0.0106, 0.1131 -0.1131 -0.0059, 0.1263 -0.0882 -0.0059, 0.1244 -0.0878 -0.0106, 0.1214 -0.0872 -0.0147, 0.1174 -0.0864 -0.0178, 0.1127 -0.0855 -0.0198, 0.1134 -0.0787 -0.0198, 0.1181 -0.0787 -0.0178, 0.1222 -0.0787 -0.0147, 0.1253 -0.0787 -0.0106, 0.1273 -0.0787 -0.0059, 0.1191 -0.0518 -0.0059, 0.1175 -0.0529 -0.0106, 0.1149 -0.0546 -0.0147, 0.1115 -0.0569 -0.0178, 0.1075 -0.0595 -0.0198, 0.1032 -0.0543 -0.0198, 0.1066 -0.0509 -0.0178, 0.1095 -0.048 -0.0147, 0.1117 -0.0458 -0.0106, 0.1131 -0.0444 -0.0059, 0.0882 -0.0311 -0.0059, 0.0878 -0.0331 -0.0106, 0.0872 -0.0361 -0.0147, 0.0864 -0.0401 -0.0178, 0.0855 -0.0448 -0.0198, 0.0787 -0.0441 -0.0198, 0.0787 -0.0394 -0.0178, 0.0787 -0.0353 -0.0147, 0.0787 -0.0322 -0.0106, 0.0787 -0.0302 -0.0059, 0.0518 -0.0384 -0.0059, 0.0529 -0.04 -0.0106, 0.0546 -0.0426 -0.0147, 0.0569 -0.046 -0.0178, 0.0595 -0.05 -0.0198, 0.0543 -0.0543 -0.0198, 0.0509 -0.0509 -0.0178, 0.048 -0.048 -0.0147, 0.0458 -0.0458 -0.0106, 0.0444 -0.0444 -0.0059, 0.0311 -0.0693 -0.0059, 0.0331 -0.0697 -0.0106, 0.0361 -0.0703 -0.0147, 0.0401 -0.0711 -0.0178, 0.0448 -0.072 -0.0198, -0.1236 -0.0602 -0.0059, -0.0973 -0.0339 -0.0059, -0.0602 -0.0339 -0.0059, -0.0339 -0.0602 -0.0059, -0.0339 -0.0973 -0.0059, -0.0602 -0.1236 -0.0059, -0.0973 -0.1236 -0.0059, -0.1236 -0.0973 -0.0059, -0.1127 -0.0855 -0.0198, -0.1107 -0.092 -0.0198, -0.1174 -0.0864 -0.0178, -0.1151 -0.0938 -0.0178, -0.1214 -0.0872 -0.0147, -0.1189 -0.0954 -0.0147, -0.1244 -0.0878 -0.0106, -0.1218 -0.0966 -0.0106, -0.1263 -0.0882 -0.0059, -0.098 -0.1075 -0.0198, -0.092 -0.1107 -0.0198, -0.1006 -0.1115 -0.0178, -0.0938 -0.1151 -0.0178, -0.1029 -0.1149 -0.0147, -0.0954 -0.1189 -0.0147, -0.1046 -0.1175 -0.0106, -0.0966 -0.1218 -0.0106, -0.1057 -0.1191 -0.0059, -0.072 -0.1127 -0.0198, -0.0655 -0.1107 -0.0198, -0.0711 -0.1174 -0.0178, -0.0637 -0.1151 -0.0178, -0.0703 -0.1214 -0.0147, -0.0621 -0.1189 -0.0147, -0.0697 -0.1244 -0.0106, -0.0609 -0.1218 -0.0106, -0.0693 -0.1263 -0.0059, -0.05 -0.098 -0.0198, -0.0468 -0.092 -0.0198, -0.046 -0.1006 -0.0178, -0.0424 -0.0938 -0.0178, -0.0426 -0.1029 -0.0147, -0.0386 -0.0954 -0.0147, -0.04 -0.1046 -0.0106, -0.0357 -0.0966 -0.0106, -0.0384 -0.1057 -0.0059, -0.0448 -0.072 -0.0198, -0.0468 -0.0655 -0.0198, -0.0401 -0.0711 -0.0178, -0.0424 -0.0637 -0.0178, -0.0361 -0.0703 -0.0147, -0.0386 -0.0621 -0.0147, -0.0331 -0.0697 -0.0106, -0.0357 -0.0609 -0.0106, -0.0311 -0.0693 -0.0059, -0.0595 -0.05 -0.0198, -0.0655 -0.0468 -0.0198, -0.0569 -0.046 -0.0178, -0.0637 -0.0424 -0.0178, -0.0546 -0.0426 -0.0147, -0.0621 -0.0386 -0.0147, -0.0529 -0.04 -0.0106, -0.0609 -0.0357 -0.0106, -0.0518 -0.0384 -0.0059, -0.0855 -0.0448 -0.0198, -0.092 -0.0468 -0.0198, -0.0864 -0.0401 -0.0178, -0.0938 -0.0424 -0.0178, -0.0872 -0.0361 -0.0147, -0.0954 -0.0386 -0.0147, -0.0878 -0.0331 -0.0106, -0.0966 -0.0357 -0.0106, -0.0882 -0.0311 -0.0059, -0.1075 -0.0595 -0.0198, -0.1107 -0.0655 -0.0198, -0.1115 -0.0569 -0.0178, -0.1151 -0.0637 -0.0178, -0.1149 -0.0546 -0.0147, -0.1189 -0.0621 -0.0147, -0.1175 -0.0529 -0.0106, -0.1218 -0.0609 -0.0106, -0.1191 -0.0518 -0.0059, -0.1134 -0.0787 -0.0198, -0.1181 -0.0787 -0.0178, -0.1222 -0.0787 -0.0147, -0.1253 -0.0787 -0.0106, -0.1273 -0.0787 -0.0059, -0.1191 -0.1057 -0.0059, -0.1175 -0.1046 -0.0106, -0.1149 -0.1029 -0.0147, -0.1115 -0.1006 -0.0178, -0.1075 -0.098 -0.0198, -0.1032 -0.1032 -0.0198, -0.1066 -0.1066 -0.0178, -0.1095 -0.1095 -0.0147, -0.1117 -0.1117 -0.0106, -0.1131 -0.1131 -0.0059, -0.0882 -0.1263 -0.0059, -0.0878 -0.1244 -0.0106, -0.0872 -0.1214 -0.0147, -0.0864 -0.1174 -0.0178, -0.0855 -0.1127 -0.0198, -0.0787 -0.1134 -0.0198, -0.0787 -0.1181 -0.0178, -0.0787 -0.1222 -0.0147, -0.0787 -0.1253 -0.0106, -0.0787 -0.1273 -0.0059, -0.0518 -0.1191 -0.0059, -0.0529 -0.1175 -0.0106, -0.0546 -0.1149 -0.0147, -0.0569 -0.1115 -0.0178, -0.0595 -0.1075 -0.0198, -0.0543 -0.1032 -0.0198, -0.0509 -0.1066 -0.0178, -0.048 -0.1095 -0.0147, -0.0458 -0.1117 -0.0106, -0.0444 -0.1131 -0.0059, -0.0311 -0.0882 -0.0059, -0.0331 -0.0878 -0.0106, -0.0361 -0.0872 -0.0147, -0.0401 -0.0864 -0.0178, -0.0448 -0.0855 -0.0198, -0.0441 -0.0787 -0.0198, -0.0394 -0.0787 -0.0178, -0.0353 -0.0787 -0.0147, -0.0322 -0.0787 -0.0106, -0.0302 -0.0787 -0.0059, -0.0384 -0.0518 -0.0059, -0.04 -0.0529 -0.0106, -0.0426 -0.0546 -0.0147, -0.046 -0.0569 -0.0178, -0.05 -0.0595 -0.0198, -0.0543 -0.0543 -0.0198, -0.0509 -0.0509 -0.0178, -0.048 -0.048 -0.0147, -0.0458 -0.0458 -0.0106, -0.0444 -0.0444 -0.0059, -0.0693 -0.0311 -0.0059, -0.0697 -0.0331 -0.0106, -0.0703 -0.0361 -0.0147, -0.0711 -0.0401 -0.0178, -0.072 -0.0448 -0.0198, -0.0787 -0.0441 -0.0198, -0.0787 -0.0394 -0.0178, -0.0787 -0.0353 -0.0147, -0.0787 -0.0322 -0.0106, -0.0787 -0.0302 -0.0059, -0.1057 -0.0384 -0.0059, -0.1046 -0.04 -0.0106, -0.1029 -0.0426 -0.0147, -0.1006 -0.046 -0.0178, -0.098 -0.05 -0.0198, -0.1032 -0.0543 -0.0198, -0.1066 -0.0509 -0.0178, -0.1095 -0.048 -0.0147, -0.1117 -0.0458 -0.0106, -0.1131 -0.0444 -0.0059, -0.1263 -0.0693 -0.0059, -0.1244 -0.0697 -0.0106, -0.1214 -0.0703 -0.0147, -0.1174 -0.0711 -0.0178, -0.1127 -0.072 -0.0198, 0.0339 -0.2176 -0.0059, 0.0602 -0.1914 -0.0059, 0.0973 -0.1914 -0.0059, 0.1236 -0.2176 -0.0059, 0.1236 -0.2548 -0.0059, 0.0973 -0.2811 -0.0059, 0.0602 -0.2811 -0.0059, 0.0339 -0.2548 -0.0059, 0.0448 -0.243 -0.0198, 0.0468 -0.2495 -0.0198, 0.0401 -0.2439 -0.0178, 0.0424 -0.2513 -0.0178, 0.0361 -0.2447 -0.0147, 0.0386 -0.2528 -0.0147, 0.0331 -0.2453 -0.0106, 0.0357 -0.254 -0.0106, 0.0311 -0.2457 -0.0059, 0.0595 -0.265 -0.0198, 0.0655 -0.2682 -0.0198, 0.0569 -0.269 -0.0178, 0.0637 -0.2726 -0.0178, 0.0546 -0.2723 -0.0147, 0.0621 -0.2764 -0.0147, 0.0529 -0.2749 -0.0106, 0.0609 -0.2793 -0.0106, 0.0518 -0.2766 -0.0059, 0.0855 -0.2702 -0.0198, 0.092 -0.2682 -0.0198, 0.0864 -0.2748 -0.0178, 0.0938 -0.2726 -0.0178, 0.0872 -0.2788 -0.0147, 0.0954 -0.2764 -0.0147, 0.0878 -0.2819 -0.0106, 0.0966 -0.2793 -0.0106, 0.0882 -0.2838 -0.0059, 0.1075 -0.2555 -0.0198, 0.1107 -0.2495 -0.0198, 0.1115 -0.2581 -0.0178, 0.1151 -0.2513 -0.0178, 0.1149 -0.2604 -0.0147, 0.1189 -0.2528 -0.0147, 0.1175 -0.2621 -0.0106, 0.1218 -0.254 -0.0106, 0.1191 -0.2632 -0.0059, 0.1127 -0.2295 -0.0198, 0.1107 -0.223 -0.0198, 0.1174 -0.2285 -0.0178, 0.1151 -0.2212 -0.0178, 0.1214 -0.2277 -0.0147, 0.1189 -0.2196 -0.0147, 0.1244 -0.2271 -0.0106, 0.1218 -0.2184 -0.0106, 0.1263 -0.2268 -0.0059, 0.098 -0.2074 -0.0198, 0.092 -0.2042 -0.0198, 0.1006 -0.2035 -0.0178, 0.0938 -0.1998 -0.0178, 0.1029 -0.2001 -0.0147, 0.0954 -0.1961 -0.0147, 0.1046 -0.1975 -0.0106, 0.0966 -0.1932 -0.0106, 0.1057 -0.1959 -0.0059, 0.072 -0.2023 -0.0198, 0.0655 -0.2042 -0.0198, 0.0711 -0.1976 -0.0178, 0.0637 -0.1998 -0.0178, 0.0703 -0.1936 -0.0147, 0.0621 -0.1961 -0.0147, 0.0697 -0.1905 -0.0106, 0.0609 -0.1932 -0.0106, 0.0693 -0.1886 -0.0059, 0.05 -0.217 -0.0198, 0.0468 -0.223 -0.0198, 0.046 -0.2143 -0.0178, 0.0424 -0.2212 -0.0178, 0.0426 -0.2121 -0.0147, 0.0386 -0.2196 -0.0147, 0.04 -0.2103 -0.0106, 0.0357 -0.2184 -0.0106, 0.0384 -0.2093 -0.0059, 0.0441 -0.2362 -0.0198, 0.0394 -0.2362 -0.0178, 0.0353 -0.2362 -0.0147, 0.0322 -0.2362 -0.0106, 0.0302 -0.2362 -0.0059, 0.0384 -0.2632 -0.0059, 0.04 -0.2621 -0.0106, 0.0426 -0.2604 -0.0147, 0.046 -0.2581 -0.0178, 0.05 -0.2555 -0.0198, 0.0543 -0.2607 -0.0198, 0.0509 -0.2641 -0.0178, 0.048 -0.2669 -0.0147, 0.0458 -0.2692 -0.0106, 0.0444 -0.2705 -0.0059, 0.0693 -0.2838 -0.0059, 0.0697 -0.2819 -0.0106, 0.0703 -0.2788 -0.0147, 0.0711 -0.2748 -0.0178, 0.072 -0.2702 -0.0198, 0.0787 -0.2708 -0.0198, 0.0787 -0.2756 -0.0178, 0.0787 -0.2797 -0.0147, 0.0787 -0.2828 -0.0106, 0.0787 -0.2848 -0.0059, 0.1057 -0.2766 -0.0059, 0.1046 -0.2749 -0.0106, 0.1029 -0.2723 -0.0147, 0.1006 -0.269 -0.0178, 0.098 -0.265 -0.0198, 0.1032 -0.2607 -0.0198, 0.1066 -0.2641 -0.0178, 0.1095 -0.2669 -0.0147, 0.1117 -0.2692 -0.0106, 0.1131 -0.2705 -0.0059, 0.1263 -0.2457 -0.0059, 0.1244 -0.2453 -0.0106, 0.1214 -0.2447 -0.0147, 0.1174 -0.2439 -0.0178, 0.1127 -0.243 -0.0198, 0.1134 -0.2362 -0.0198, 0.1181 -0.2362 -0.0178, 0.1222 -0.2362 -0.0147, 0.1253 -0.2362 -0.0106, 0.1273 -0.2362 -0.0059, 0.1191 -0.2093 -0.0059, 0.1175 -0.2103 -0.0106, 0.1149 -0.2121 -0.0147, 0.1115 -0.2143 -0.0178, 0.1075 -0.217 -0.0198, 0.1032 -0.2117 -0.0198, 0.1066 -0.2084 -0.0178, 0.1095 -0.2055 -0.0147, 0.1117 -0.2033 -0.0106, 0.1131 -0.2019 -0.0059, 0.0882 -0.1886 -0.0059, 0.0878 -0.1905 -0.0106, 0.0872 -0.1936 -0.0147, 0.0864 -0.1976 -0.0178, 0.0855 -0.2023 -0.0198, 0.0787 -0.2016 -0.0198, 0.0787 -0.1969 -0.0178, 0.0787 -0.1928 -0.0147, 0.0787 -0.1896 -0.0106, 0.0787 -0.1877 -0.0059, 0.0518 -0.1959 -0.0059, 0.0529 -0.1975 -0.0106, 0.0546 -0.2001 -0.0147, 0.0569 -0.2035 -0.0178, 0.0595 -0.2074 -0.0198, 0.0543 -0.2117 -0.0198, 0.0509 -0.2084 -0.0178, 0.048 -0.2055 -0.0147, 0.0458 -0.2033 -0.0106, 0.0444 -0.2019 -0.0059, 0.0311 -0.2268 -0.0059, 0.0331 -0.2271 -0.0106, 0.0361 -0.2277 -0.0147, 0.0401 -0.2285 -0.0178, 0.0448 -0.2295 -0.0198, -0.1236 -0.2176 -0.0059, -0.0973 -0.1914 -0.0059, -0.0602 -0.1914 -0.0059, -0.0339 -0.2176 -0.0059, -0.0339 -0.2548 -0.0059, -0.0602 -0.2811 -0.0059, -0.0973 -0.2811 -0.0059, -0.1236 -0.2548 -0.0059, -0.1127 -0.243 -0.0198, -0.1107 -0.2495 -0.0198, -0.1174 -0.2439 -0.0178, -0.1151 -0.2513 -0.0178, -0.1214 -0.2447 -0.0147, -0.1189 -0.2528 -0.0147, -0.1244 -0.2453 -0.0106, -0.1218 -0.254 -0.0106, -0.1263 -0.2457 -0.0059, -0.098 -0.265 -0.0198, -0.092 -0.2682 -0.0198, -0.1006 -0.269 -0.0178, -0.0938 -0.2726 -0.0178, -0.1029 -0.2723 -0.0147, -0.0954 -0.2764 -0.0147, -0.1046 -0.2749 -0.0106, -0.0966 -0.2793 -0.0106, -0.1057 -0.2766 -0.0059, -0.072 -0.2702 -0.0198, -0.0655 -0.2682 -0.0198, -0.0711 -0.2748 -0.0178, -0.0637 -0.2726 -0.0178, -0.0703 -0.2788 -0.0147, -0.0621 -0.2764 -0.0147, -0.0697 -0.2819 -0.0106, -0.0609 -0.2793 -0.0106, -0.0693 -0.2838 -0.0059, -0.05 -0.2555 -0.0198, -0.0468 -0.2495 -0.0198, -0.046 -0.2581 -0.0178, -0.0424 -0.2513 -0.0178, -0.0426 -0.2604 -0.0147, -0.0386 -0.2528 -0.0147, -0.04 -0.2621 -0.0106, -0.0357 -0.254 -0.0106, -0.0384 -0.2632 -0.0059, -0.0448 -0.2295 -0.0198, -0.0468 -0.223 -0.0198, -0.0401 -0.2285 -0.0178, -0.0424 -0.2212 -0.0178, -0.0361 -0.2277 -0.0147, -0.0386 -0.2196 -0.0147, -0.0331 -0.2271 -0.0106, -0.0357 -0.2184 -0.0106, -0.0311 -0.2268 -0.0059, -0.0595 -0.2074 -0.0198, -0.0655 -0.2042 -0.0198, -0.0569 -0.2035 -0.0178, -0.0637 -0.1998 -0.0178, -0.0546 -0.2001 -0.0147, -0.0621 -0.1961 -0.0147, -0.0529 -0.1975 -0.0106, -0.0609 -0.1932 -0.0106, -0.0518 -0.1959 -0.0059, -0.0855 -0.2023 -0.0198, -0.092 -0.2042 -0.0198, -0.0864 -0.1976 -0.0178, -0.0938 -0.1998 -0.0178, -0.0872 -0.1936 -0.0147, -0.0954 -0.1961 -0.0147, -0.0878 -0.1905 -0.0106, -0.0966 -0.1932 -0.0106, -0.0882 -0.1886 -0.0059, -0.1075 -0.217 -0.0198, -0.1107 -0.223 -0.0198, -0.1115 -0.2143 -0.0178, -0.1151 -0.2212 -0.0178, -0.1149 -0.2121 -0.0147, -0.1189 -0.2196 -0.0147, -0.1175 -0.2103 -0.0106, -0.1218 -0.2184 -0.0106, -0.1191 -0.2093 -0.0059, -0.1134 -0.2362 -0.0198, -0.1181 -0.2362 -0.0178, -0.1222 -0.2362 -0.0147, -0.1253 -0.2362 -0.0106, -0.1273 -0.2362 -0.0059, -0.1191 -0.2632 -0.0059, -0.1175 -0.2621 -0.0106, -0.1149 -0.2604 -0.0147, -0.1115 -0.2581 -0.0178, -0.1075 -0.2555 -0.0198, -0.1032 -0.2607 -0.0198, -0.1066 -0.2641 -0.0178, -0.1095 -0.2669 -0.0147, -0.1117 -0.2692 -0.0106, -0.1131 -0.2705 -0.0059, -0.0882 -0.2838 -0.0059, -0.0878 -0.2819 -0.0106, -0.0872 -0.2788 -0.0147, -0.0864 -0.2748 -0.0178, -0.0855 -0.2702 -0.0198, -0.0787 -0.2708 -0.0198, -0.0787 -0.2756 -0.0178, -0.0787 -0.2797 -0.0147, -0.0787 -0.2828 -0.0106, -0.0787 -0.2848 -0.0059, -0.0518 -0.2766 -0.0059, -0.0529 -0.2749 -0.0106, -0.0546 -0.2723 -0.0147, -0.0569 -0.269 -0.0178, -0.0595 -0.265 -0.0198, -0.0543 -0.2607 -0.0198, -0.0509 -0.2641 -0.0178, -0.048 -0.2669 -0.0147, -0.0458 -0.2692 -0.0106, -0.0444 -0.2705 -0.0059, -0.0311 -0.2457 -0.0059, -0.0331 -0.2453 -0.0106, -0.0361 -0.2447 -0.0147, -0.0401 -0.2439 -0.0178, -0.0448 -0.243 -0.0198, -0.0441 -0.2362 -0.0198, -0.0394 -0.2362 -0.0178, -0.0353 -0.2362 -0.0147, -0.0322 -0.2362 -0.0106, -0.0302 -0.2362 -0.0059, -0.0384 -0.2093 -0.0059, -0.04 -0.2103 -0.0106, -0.0426 -0.2121 -0.0147, -0.046 -0.2143 -0.0178, -0.05 -0.217 -0.0198, -0.0543 -0.2117 -0.0198, -0.0509 -0.2084 -0.0178, -0.048 -0.2055 -0.0147, -0.0458 -0.2033 -0.0106, -0.0444 -0.2019 -0.0059, -0.0693 -0.1886 -0.0059, -0.0697 -0.1905 -0.0106, -0.0703 -0.1936 -0.0147, -0.0711 -0.1976 -0.0178, -0.072 -0.2023 -0.0198, -0.0787 -0.2016 -0.0198, -0.0787 -0.1969 -0.0178, -0.0787 -0.1928 -0.0147, -0.0787 -0.1896 -0.0106, -0.0787 -0.1877 -0.0059, -0.1057 -0.1959 -0.0059, -0.1046 -0.1975 -0.0106, -0.1029 -0.2001 -0.0147, -0.1006 -0.2035 -0.0178, -0.098 -0.2074 -0.0198, -0.1032 -0.2117 -0.0198, -0.1066 -0.2084 -0.0178, -0.1095 -0.2055 -0.0147, -0.1117 -0.2033 -0.0106, -0.1131 -0.2019 -0.0059, -0.1263 -0.2268 -0.0059, -0.1244 -0.2271 -0.0106, -0.1214 -0.2277 -0.0147, -0.1174 -0.2285 -0.0178, -0.1127 -0.2295 -0.0198, -0.1127 -0.2295 -0.0198
            ]
        }
        coordIndex [
            0,1,2,-1,3,4,1,-1,1,4,5,-1,1,5,2,-1,6,7,3,-1,3,7,8,-1,3,8,4,-1,9,10,6,-1,6,10,11,-1,6,11,7,-1,12,13,9,-1,9,13,14,-1,9,14,10,-1,15,16,12,-1,12,16,17,-1,12,17,13,-1,18,19,15,-1,15,19,20,-1,15,20,16,-1,21,22,18,-1,18,22,23,-1,18,23,19,-1,24,25,21,-1,21,25,26,-1,21,26,22,-1,27,28,24,-1,24,28,29,-1,24,29,25,-1,30,31,27,-1,27,31,32,-1,27,32,28,-1,33,34,30,-1,30,34,35,-1,30,35,31,-1,36,37,33,-1,33,37,38,-1,33,38,34,-1,39,40,36,-1,36,40,41,-1,36,41,37,-1,42,43,39,-1,39,43,44,-1,39,44,40,-1,45,46,42,-1,42,46,47,-1,42,47,43,-1,48,49,45,-1,45,49,50,-1,45,50,46,-1,51,52,48,-1,48,52,53,-1,48,53,49,-1,54,55,51,-1,51,55,56,-1,51,56,52,-1,57,58,54,-1,54,58,59,-1,54,59,55,-1,60,61,57,-1,57,61,62,-1,57,62,58,-1,63,64,60,-1,60,64,65,-1,60,65,61,-1,66,67,63,-1,63,67,68,-1,63,68,64,-1,2,69,0,-1,0,69,70,-1,0,70,66,-1,66,70,71,-1,66,71,67,-1,72,73,74,-1,72,74,75,-1,76,77,74,-1,74,77,78,-1,74,78,75,-1,79,80,74,-1,74,80,81,-1,74,81,76,-1,82,83,74,-1,74,83,84,-1,74,84,79,-1,85,86,74,-1,74,86,87,-1,74,87,82,-1,88,89,74,-1,74,89,90,-1,74,90,85,-1,91,92,74,-1,74,92,93,-1,74,93,88,-1,94,95,74,-1,74,95,96,-1,74,96,91,-1,97,98,74,-1,74,98,99,-1,74,99,94,-1,100,101,74,-1,74,101,102,-1,74,102,97,-1,73,103,74,-1,74,103,104,-1,74,104,100,-1,41,40,105,-1,50,49,106,-1,59,58,107,-1,68,67,108,-1,5,4,109,-1,14,13,110,-1,23,22,111,-1,32,31,112,-1,75,78,113,-1,113,78,114,-1,113,114,115,-1,115,114,116,-1,115,116,117,-1,117,116,118,-1,117,118,119,-1,119,118,120,-1,119,120,121,-1,121,120,112,-1,81,80,122,-1,122,80,123,-1,122,123,124,-1,124,123,125,-1,124,125,126,-1,126,125,127,-1,126,127,128,-1,128,127,129,-1,128,129,130,-1,130,129,111,-1,83,82,131,-1,131,82,132,-1,131,132,133,-1,133,132,134,-1,133,134,135,-1,135,134,136,-1,135,136,137,-1,137,136,138,-1,137,138,139,-1,139,138,110,-1,85,90,140,-1,140,90,141,-1,140,141,142,-1,142,141,143,-1,142,143,144,-1,144,143,145,-1,144,145,146,-1,146,145,147,-1,146,147,148,-1,148,147,109,-1,93,92,149,-1,149,92,150,-1,149,150,151,-1,151,150,152,-1,151,152,153,-1,153,152,154,-1,153,154,155,-1,155,154,156,-1,155,156,157,-1,157,156,108,-1,95,94,158,-1,158,94,159,-1,158,159,160,-1,160,159,161,-1,160,161,162,-1,162,161,163,-1,162,163,164,-1,164,163,165,-1,164,165,166,-1,166,165,107,-1,97,102,167,-1,167,102,168,-1,167,168,169,-1,169,168,170,-1,169,170,171,-1,171,170,172,-1,171,172,173,-1,173,172,174,-1,173,174,175,-1,175,174,106,-1,104,103,176,-1,176,103,177,-1,176,177,178,-1,178,177,179,-1,178,179,180,-1,180,179,181,-1,180,181,182,-1,182,181,183,-1,182,183,184,-1,184,183,105,-1,72,75,185,-1,185,75,113,-1,185,113,186,-1,186,113,115,-1,186,115,187,-1,187,115,117,-1,187,117,188,-1,188,117,119,-1,188,119,189,-1,189,119,121,-1,189,121,38,-1,38,121,34,-1,112,31,121,-1,121,31,35,-1,121,35,34,-1,28,32,190,-1,190,32,112,-1,190,112,191,-1,191,112,120,-1,191,120,192,-1,192,120,118,-1,192,118,193,-1,193,118,116,-1,193,116,194,-1,194,116,114,-1,194,114,77,-1,77,114,78,-1,77,76,194,-1,194,76,195,-1,194,195,193,-1,193,195,196,-1,193,196,192,-1,192,196,197,-1,192,197,191,-1,191,197,198,-1,191,198,190,-1,190,198,199,-1,190,199,28,-1,28,199,29,-1,76,81,195,-1,195,81,122,-1,195,122,196,-1,196,122,124,-1,196,124,197,-1,197,124,126,-1,197,126,198,-1,198,126,128,-1,198,128,199,-1,199,128,130,-1,199,130,29,-1,29,130,25,-1,111,22,130,-1,130,22,26,-1,130,26,25,-1,19,23,200,-1,200,23,111,-1,200,111,201,-1,201,111,129,-1,201,129,202,-1,202,129,127,-1,202,127,203,-1,203,127,125,-1,203,125,204,-1,204,125,123,-1,204,123,79,-1,79,123,80,-1,79,84,204,-1,204,84,205,-1,204,205,203,-1,203,205,206,-1,203,206,202,-1,202,206,207,-1,202,207,201,-1,201,207,208,-1,201,208,200,-1,200,208,209,-1,200,209,19,-1,19,209,20,-1,84,83,205,-1,205,83,131,-1,205,131,206,-1,206,131,133,-1,206,133,207,-1,207,133,135,-1,207,135,208,-1,208,135,137,-1,208,137,209,-1,209,137,139,-1,209,139,20,-1,20,139,16,-1,110,13,139,-1,139,13,17,-1,139,17,16,-1,10,14,210,-1,210,14,110,-1,210,110,211,-1,211,110,138,-1,211,138,212,-1,212,138,136,-1,212,136,213,-1,213,136,134,-1,213,134,214,-1,214,134,132,-1,214,132,87,-1,87,132,82,-1,87,86,214,-1,214,86,215,-1,214,215,213,-1,213,215,216,-1,213,216,212,-1,212,216,217,-1,212,217,211,-1,211,217,218,-1,211,218,210,-1,210,218,219,-1,210,219,10,-1,10,219,11,-1,86,85,215,-1,215,85,140,-1,215,140,216,-1,216,140,142,-1,216,142,217,-1,217,142,144,-1,217,144,218,-1,218,144,146,-1,218,146,219,-1,219,146,148,-1,219,148,11,-1,11,148,7,-1,109,4,148,-1,148,4,8,-1,148,8,7,-1,2,5,220,-1,220,5,109,-1,220,109,221,-1,221,109,147,-1,221,147,222,-1,222,147,145,-1,222,145,223,-1,223,145,143,-1,223,143,224,-1,224,143,141,-1,224,141,89,-1,89,141,90,-1,89,88,224,-1,224,88,225,-1,224,225,223,-1,223,225,226,-1,223,226,222,-1,222,226,227,-1,222,227,221,-1,221,227,228,-1,221,228,220,-1,220,228,229,-1,220,229,2,-1,2,229,69,-1,88,93,225,-1,225,93,149,-1,225,149,226,-1,226,149,151,-1,226,151,227,-1,227,151,153,-1,227,153,228,-1,228,153,155,-1,228,155,229,-1,229,155,157,-1,229,157,69,-1,69,157,70,-1,108,67,157,-1,157,67,71,-1,157,71,70,-1,64,68,230,-1,230,68,108,-1,230,108,231,-1,231,108,156,-1,231,156,232,-1,232,156,154,-1,232,154,233,-1,233,154,152,-1,233,152,234,-1,234,152,150,-1,234,150,91,-1,91,150,92,-1,91,96,234,-1,234,96,235,-1,234,235,233,-1,233,235,236,-1,233,236,232,-1,232,236,237,-1,232,237,231,-1,231,237,238,-1,231,238,230,-1,230,238,239,-1,230,239,64,-1,64,239,65,-1,96,95,235,-1,235,95,158,-1,235,158,236,-1,236,158,160,-1,236,160,237,-1,237,160,162,-1,237,162,238,-1,238,162,164,-1,238,164,239,-1,239,164,166,-1,239,166,65,-1,65,166,61,-1,107,58,166,-1,166,58,62,-1,166,62,61,-1,55,59,240,-1,240,59,107,-1,240,107,241,-1,241,107,165,-1,241,165,242,-1,242,165,163,-1,242,163,243,-1,243,163,161,-1,243,161,244,-1,244,161,159,-1,244,159,99,-1,99,159,94,-1,99,98,244,-1,244,98,245,-1,244,245,243,-1,243,245,246,-1,243,246,242,-1,242,246,247,-1,242,247,241,-1,241,247,248,-1,241,248,240,-1,240,248,249,-1,240,249,55,-1,55,249,56,-1,98,97,245,-1,245,97,167,-1,245,167,246,-1,246,167,169,-1,246,169,247,-1,247,169,171,-1,247,171,248,-1,248,171,173,-1,248,173,249,-1,249,173,175,-1,249,175,56,-1,56,175,52,-1,106,49,175,-1,175,49,53,-1,175,53,52,-1,46,50,250,-1,250,50,106,-1,250,106,251,-1,251,106,174,-1,251,174,252,-1,252,174,172,-1,252,172,253,-1,253,172,170,-1,253,170,254,-1,254,170,168,-1,254,168,101,-1,101,168,102,-1,101,100,254,-1,254,100,255,-1,254,255,253,-1,253,255,256,-1,253,256,252,-1,252,256,257,-1,252,257,251,-1,251,257,258,-1,251,258,250,-1,250,258,259,-1,250,259,46,-1,46,259,47,-1,100,104,255,-1,255,104,176,-1,255,176,256,-1,256,176,178,-1,256,178,257,-1,257,178,180,-1,257,180,258,-1,258,180,182,-1,258,182,259,-1,259,182,184,-1,259,184,47,-1,47,184,43,-1,105,40,184,-1,184,40,44,-1,184,44,43,-1,37,41,260,-1,260,41,105,-1,260,105,261,-1,261,105,183,-1,261,183,262,-1,262,183,181,-1,262,181,263,-1,263,181,179,-1,263,179,264,-1,264,179,177,-1,264,177,73,-1,73,177,103,-1,73,72,264,-1,264,72,185,-1,264,185,263,-1,263,185,186,-1,263,186,262,-1,262,186,187,-1,262,187,261,-1,261,187,188,-1,261,188,260,-1,260,188,189,-1,260,189,37,-1,37,189,38,-1,265,266,267,-1,268,269,266,-1,266,269,270,-1,266,270,267,-1,271,272,268,-1,268,272,273,-1,268,273,269,-1,274,275,271,-1,271,275,276,-1,271,276,272,-1,277,278,274,-1,274,278,279,-1,274,279,275,-1,280,281,277,-1,277,281,282,-1,277,282,278,-1,283,284,280,-1,280,284,285,-1,280,285,281,-1,286,287,283,-1,283,287,288,-1,283,288,284,-1,289,290,286,-1,286,290,291,-1,286,291,287,-1,292,293,289,-1,289,293,294,-1,289,294,290,-1,295,296,292,-1,292,296,297,-1,292,297,293,-1,298,299,295,-1,295,299,300,-1,295,300,296,-1,301,302,298,-1,298,302,303,-1,298,303,299,-1,304,305,301,-1,301,305,306,-1,301,306,302,-1,307,308,304,-1,304,308,309,-1,304,309,305,-1,310,311,307,-1,307,311,312,-1,307,312,308,-1,313,314,310,-1,310,314,315,-1,310,315,311,-1,316,317,313,-1,313,317,318,-1,313,318,314,-1,319,320,316,-1,316,320,321,-1,316,321,317,-1,322,323,319,-1,319,323,324,-1,319,324,320,-1,325,326,322,-1,322,326,327,-1,322,327,323,-1,328,329,325,-1,325,329,330,-1,325,330,326,-1,331,332,328,-1,328,332,333,-1,328,333,329,-1,267,334,265,-1,265,334,335,-1,265,335,331,-1,331,335,336,-1,331,336,332,-1,337,338,339,-1,337,339,340,-1,341,342,339,-1,339,342,343,-1,339,343,340,-1,344,345,339,-1,339,345,346,-1,339,346,341,-1,347,348,339,-1,339,348,349,-1,339,349,344,-1,350,351,339,-1,339,351,352,-1,339,352,347,-1,353,354,339,-1,339,354,355,-1,339,355,350,-1,356,357,339,-1,339,357,358,-1,339,358,353,-1,359,360,339,-1,339,360,361,-1,339,361,356,-1,362,363,339,-1,339,363,364,-1,339,364,359,-1,365,366,339,-1,339,366,367,-1,339,367,362,-1,338,368,339,-1,339,368,369,-1,339,369,365,-1,370,371,372,-1,373,374,371,-1,371,374,375,-1,371,375,372,-1,376,377,373,-1,373,377,378,-1,373,378,374,-1,379,380,376,-1,376,380,381,-1,376,381,377,-1,382,383,379,-1,379,383,384,-1,379,384,380,-1,385,386,382,-1,382,386,387,-1,382,387,383,-1,388,389,385,-1,385,389,390,-1,385,390,386,-1,391,392,388,-1,388,392,393,-1,388,393,389,-1,394,395,391,-1,391,395,396,-1,391,396,392,-1,397,398,394,-1,394,398,399,-1,394,399,395,-1,400,401,397,-1,397,401,402,-1,397,402,398,-1,403,404,400,-1,400,404,405,-1,400,405,401,-1,406,407,403,-1,403,407,408,-1,403,408,404,-1,409,410,406,-1,406,410,411,-1,406,411,407,-1,412,413,409,-1,409,413,414,-1,409,414,410,-1,415,416,412,-1,412,416,417,-1,412,417,413,-1,418,419,415,-1,415,419,420,-1,415,420,416,-1,421,422,418,-1,418,422,423,-1,418,423,419,-1,424,425,421,-1,421,425,426,-1,421,426,422,-1,427,428,424,-1,424,428,429,-1,424,429,425,-1,430,431,427,-1,427,431,432,-1,427,432,428,-1,433,434,430,-1,430,434,435,-1,430,435,431,-1,436,437,433,-1,433,437,438,-1,433,438,434,-1,372,439,370,-1,370,439,440,-1,370,440,436,-1,436,440,441,-1,436,441,437,-1,442,443,444,-1,442,444,445,-1,446,447,444,-1,444,447,448,-1,444,448,445,-1,449,450,444,-1,444,450,451,-1,444,451,446,-1,452,453,444,-1,444,453,454,-1,444,454,449,-1,455,456,444,-1,444,456,457,-1,444,457,452,-1,458,459,444,-1,444,459,460,-1,444,460,455,-1,461,462,444,-1,444,462,463,-1,444,463,458,-1,464,465,444,-1,444,465,466,-1,444,466,461,-1,467,468,444,-1,444,468,469,-1,444,469,464,-1,470,471,444,-1,444,471,472,-1,444,472,467,-1,443,473,444,-1,444,473,474,-1,444,474,470,-1,475,476,477,-1,478,479,476,-1,476,479,480,-1,476,480,477,-1,481,482,478,-1,478,482,483,-1,478,483,479,-1,484,485,481,-1,481,485,486,-1,481,486,482,-1,487,488,484,-1,484,488,489,-1,484,489,485,-1,490,491,487,-1,487,491,492,-1,487,492,488,-1,493,494,490,-1,490,494,495,-1,490,495,491,-1,496,497,493,-1,493,497,498,-1,493,498,494,-1,499,500,496,-1,496,500,501,-1,496,501,497,-1,502,503,499,-1,499,503,504,-1,499,504,500,-1,505,506,502,-1,502,506,507,-1,502,507,503,-1,508,509,505,-1,505,509,510,-1,505,510,506,-1,511,512,508,-1,508,512,513,-1,508,513,509,-1,514,515,511,-1,511,515,516,-1,511,516,512,-1,517,518,514,-1,514,518,519,-1,514,519,515,-1,520,521,517,-1,517,521,522,-1,517,522,518,-1,523,524,520,-1,520,524,525,-1,520,525,521,-1,526,527,523,-1,523,527,528,-1,523,528,524,-1,529,530,526,-1,526,530,531,-1,526,531,527,-1,532,533,529,-1,529,533,534,-1,529,534,530,-1,535,536,532,-1,532,536,537,-1,532,537,533,-1,538,539,535,-1,535,539,540,-1,535,540,536,-1,541,542,538,-1,538,542,543,-1,538,543,539,-1,477,544,475,-1,475,544,545,-1,475,545,541,-1,541,545,546,-1,541,546,542,-1,547,548,549,-1,547,549,550,-1,551,552,549,-1,549,552,553,-1,549,553,550,-1,554,555,549,-1,549,555,556,-1,549,556,551,-1,557,558,549,-1,549,558,559,-1,549,559,554,-1,560,561,549,-1,549,561,562,-1,549,562,557,-1,563,564,549,-1,549,564,565,-1,549,565,560,-1,566,567,549,-1,549,567,568,-1,549,568,563,-1,569,570,549,-1,549,570,571,-1,549,571,566,-1,572,573,549,-1,549,573,574,-1,549,574,569,-1,575,576,549,-1,549,576,577,-1,549,577,572,-1,548,578,549,-1,549,578,579,-1,549,579,575,-1,580,581,582,-1,583,584,581,-1,581,584,585,-1,581,585,582,-1,586,587,583,-1,583,587,588,-1,583,588,584,-1,589,590,586,-1,586,590,591,-1,586,591,587,-1,592,593,589,-1,589,593,594,-1,589,594,590,-1,595,596,592,-1,592,596,597,-1,592,597,593,-1,598,599,595,-1,595,599,600,-1,595,600,596,-1,601,602,598,-1,598,602,603,-1,598,603,599,-1,604,605,601,-1,601,605,606,-1,601,606,602,-1,607,608,604,-1,604,608,609,-1,604,609,605,-1,610,611,607,-1,607,611,612,-1,607,612,608,-1,613,614,610,-1,610,614,615,-1,610,615,611,-1,616,617,613,-1,613,617,618,-1,613,618,614,-1,619,620,616,-1,616,620,621,-1,616,621,617,-1,622,623,619,-1,619,623,624,-1,619,624,620,-1,625,626,622,-1,622,626,627,-1,622,627,623,-1,628,629,625,-1,625,629,630,-1,625,630,626,-1,631,632,628,-1,628,632,633,-1,628,633,629,-1,634,635,631,-1,631,635,636,-1,631,636,632,-1,637,638,634,-1,634,638,639,-1,634,639,635,-1,640,641,637,-1,637,641,642,-1,637,642,638,-1,643,644,640,-1,640,644,645,-1,640,645,641,-1,646,647,643,-1,643,647,648,-1,643,648,644,-1,582,649,580,-1,580,649,650,-1,580,650,646,-1,646,650,651,-1,646,651,647,-1,652,653,654,-1,652,654,655,-1,656,657,654,-1,654,657,658,-1,654,658,655,-1,659,660,654,-1,654,660,661,-1,654,661,656,-1,662,663,654,-1,654,663,664,-1,654,664,659,-1,665,666,654,-1,654,666,667,-1,654,667,662,-1,668,669,654,-1,654,669,670,-1,654,670,665,-1,671,672,654,-1,654,672,673,-1,654,673,668,-1,674,675,654,-1,654,675,676,-1,654,676,671,-1,677,678,654,-1,654,678,679,-1,654,679,674,-1,680,681,654,-1,654,681,682,-1,654,682,677,-1,653,683,654,-1,654,683,684,-1,654,684,680,-1,685,686,687,-1,688,689,686,-1,686,689,690,-1,686,690,687,-1,691,692,688,-1,688,692,693,-1,688,693,689,-1,694,695,691,-1,691,695,696,-1,691,696,692,-1,697,698,694,-1,694,698,699,-1,694,699,695,-1,700,701,697,-1,697,701,702,-1,697,702,698,-1,703,704,700,-1,700,704,705,-1,700,705,701,-1,706,707,703,-1,703,707,708,-1,703,708,704,-1,709,710,706,-1,706,710,711,-1,706,711,707,-1,712,713,709,-1,709,713,714,-1,709,714,710,-1,715,716,712,-1,712,716,717,-1,712,717,713,-1,718,719,715,-1,715,719,720,-1,715,720,716,-1,721,722,718,-1,718,722,723,-1,718,723,719,-1,724,725,721,-1,721,725,726,-1,721,726,722,-1,727,728,724,-1,724,728,729,-1,724,729,725,-1,730,731,727,-1,727,731,732,-1,727,732,728,-1,733,734,730,-1,730,734,735,-1,730,735,731,-1,736,737,733,-1,733,737,738,-1,733,738,734,-1,739,740,736,-1,736,740,741,-1,736,741,737,-1,742,743,739,-1,739,743,744,-1,739,744,740,-1,745,746,742,-1,742,746,747,-1,742,747,743,-1,748,749,745,-1,745,749,750,-1,745,750,746,-1,751,752,748,-1,748,752,753,-1,748,753,749,-1,687,754,685,-1,685,754,755,-1,685,755,751,-1,751,755,756,-1,751,756,752,-1,757,758,759,-1,757,759,760,-1,761,762,759,-1,759,762,763,-1,759,763,760,-1,764,765,759,-1,759,765,766,-1,759,766,761,-1,767,768,759,-1,759,768,769,-1,759,769,764,-1,770,771,759,-1,759,771,772,-1,759,772,767,-1,773,774,759,-1,759,774,775,-1,759,775,770,-1,776,777,759,-1,759,777,778,-1,759,778,773,-1,779,780,759,-1,759,780,781,-1,759,781,776,-1,782,783,759,-1,759,783,784,-1,759,784,779,-1,785,786,759,-1,759,786,787,-1,759,787,782,-1,758,788,759,-1,759,788,789,-1,759,789,785,-1,790,791,792,-1,793,794,791,-1,791,794,795,-1,791,795,792,-1,796,797,793,-1,793,797,798,-1,793,798,794,-1,799,800,796,-1,796,800,801,-1,796,801,797,-1,802,803,799,-1,799,803,804,-1,799,804,800,-1,805,806,802,-1,802,806,807,-1,802,807,803,-1,808,809,805,-1,805,809,810,-1,805,810,806,-1,811,812,808,-1,808,812,813,-1,808,813,809,-1,814,815,811,-1,811,815,816,-1,811,816,812,-1,817,818,814,-1,814,818,819,-1,814,819,815,-1,820,821,817,-1,817,821,822,-1,817,822,818,-1,823,824,820,-1,820,824,825,-1,820,825,821,-1,826,827,823,-1,823,827,828,-1,823,828,824,-1,829,830,826,-1,826,830,831,-1,826,831,827,-1,832,833,829,-1,829,833,834,-1,829,834,830,-1,835,836,832,-1,832,836,837,-1,832,837,833,-1,838,839,835,-1,835,839,840,-1,835,840,836,-1,841,842,838,-1,838,842,843,-1,838,843,839,-1,844,845,841,-1,841,845,846,-1,841,846,842,-1,847,848,844,-1,844,848,849,-1,844,849,845,-1,850,851,847,-1,847,851,852,-1,847,852,848,-1,853,854,850,-1,850,854,855,-1,850,855,851,-1,856,857,853,-1,853,857,858,-1,853,858,854,-1,792,859,790,-1,790,859,860,-1,790,860,856,-1,856,860,861,-1,856,861,857,-1,862,863,864,-1,862,864,865,-1,866,867,864,-1,864,867,868,-1,864,868,865,-1,869,870,864,-1,864,870,871,-1,864,871,866,-1,872,873,864,-1,864,873,874,-1,864,874,869,-1,875,876,864,-1,864,876,877,-1,864,877,872,-1,878,879,864,-1,864,879,880,-1,864,880,875,-1,881,882,864,-1,864,882,883,-1,864,883,878,-1,884,885,864,-1,864,885,886,-1,864,886,881,-1,887,888,864,-1,864,888,889,-1,864,889,884,-1,890,891,864,-1,864,891,892,-1,864,892,887,-1,863,893,864,-1,864,893,894,-1,864,894,890,-1,895,896,897,-1,898,899,896,-1,896,899,900,-1,896,900,897,-1,901,902,898,-1,898,902,903,-1,898,903,899,-1,904,905,901,-1,901,905,906,-1,901,906,902,-1,907,908,904,-1,904,908,909,-1,904,909,905,-1,910,911,907,-1,907,911,912,-1,907,912,908,-1,913,914,910,-1,910,914,915,-1,910,915,911,-1,916,917,913,-1,913,917,918,-1,913,918,914,-1,919,920,916,-1,916,920,921,-1,916,921,917,-1,922,923,919,-1,919,923,924,-1,919,924,920,-1,925,926,922,-1,922,926,927,-1,922,927,923,-1,928,929,925,-1,925,929,930,-1,925,930,926,-1,931,932,928,-1,928,932,933,-1,928,933,929,-1,934,935,931,-1,931,935,936,-1,931,936,932,-1,937,938,934,-1,934,938,939,-1,934,939,935,-1,940,941,937,-1,937,941,942,-1,937,942,938,-1,943,944,940,-1,940,944,945,-1,940,945,941,-1,946,947,943,-1,943,947,948,-1,943,948,944,-1,949,950,946,-1,946,950,951,-1,946,951,947,-1,952,953,949,-1,949,953,954,-1,949,954,950,-1,955,956,952,-1,952,956,957,-1,952,957,953,-1,958,959,955,-1,955,959,960,-1,955,960,956,-1,961,962,958,-1,958,962,963,-1,958,963,959,-1,897,964,895,-1,895,964,965,-1,895,965,961,-1,961,965,966,-1,961,966,962,-1,967,968,969,-1,967,969,970,-1,971,972,969,-1,969,972,973,-1,969,973,970,-1,974,975,969,-1,969,975,976,-1,969,976,971,-1,977,978,969,-1,969,978,979,-1,969,979,974,-1,980,981,969,-1,969,981,982,-1,969,982,977,-1,983,984,969,-1,969,984,985,-1,969,985,980,-1,986,987,969,-1,969,987,988,-1,969,988,983,-1,989,990,969,-1,969,990,991,-1,969,991,986,-1,992,993,969,-1,969,993,994,-1,969,994,989,-1,995,996,969,-1,969,996,997,-1,969,997,992,-1,968,998,969,-1,969,998,999,-1,969,999,995,-1,306,305,1000,-1,315,314,1001,-1,324,323,1002,-1,333,332,1003,-1,270,269,1004,-1,279,278,1005,-1,288,287,1006,-1,297,296,1007,-1,340,343,1008,-1,1008,343,1009,-1,1008,1009,1010,-1,1010,1009,1011,-1,1010,1011,1012,-1,1012,1011,1013,-1,1012,1013,1014,-1,1014,1013,1015,-1,1014,1015,1016,-1,1016,1015,1007,-1,346,345,1017,-1,1017,345,1018,-1,1017,1018,1019,-1,1019,1018,1020,-1,1019,1020,1021,-1,1021,1020,1022,-1,1021,1022,1023,-1,1023,1022,1024,-1,1023,1024,1025,-1,1025,1024,1006,-1,348,347,1026,-1,1026,347,1027,-1,1026,1027,1028,-1,1028,1027,1029,-1,1028,1029,1030,-1,1030,1029,1031,-1,1030,1031,1032,-1,1032,1031,1033,-1,1032,1033,1034,-1,1034,1033,1005,-1,350,355,1035,-1,1035,355,1036,-1,1035,1036,1037,-1,1037,1036,1038,-1,1037,1038,1039,-1,1039,1038,1040,-1,1039,1040,1041,-1,1041,1040,1042,-1,1041,1042,1043,-1,1043,1042,1004,-1,358,357,1044,-1,1044,357,1045,-1,1044,1045,1046,-1,1046,1045,1047,-1,1046,1047,1048,-1,1048,1047,1049,-1,1048,1049,1050,-1,1050,1049,1051,-1,1050,1051,1052,-1,1052,1051,1003,-1,360,359,1053,-1,1053,359,1054,-1,1053,1054,1055,-1,1055,1054,1056,-1,1055,1056,1057,-1,1057,1056,1058,-1,1057,1058,1059,-1,1059,1058,1060,-1,1059,1060,1061,-1,1061,1060,1002,-1,362,367,1062,-1,1062,367,1063,-1,1062,1063,1064,-1,1064,1063,1065,-1,1064,1065,1066,-1,1066,1065,1067,-1,1066,1067,1068,-1,1068,1067,1069,-1,1068,1069,1070,-1,1070,1069,1001,-1,369,368,1071,-1,1071,368,1072,-1,1071,1072,1073,-1,1073,1072,1074,-1,1073,1074,1075,-1,1075,1074,1076,-1,1075,1076,1077,-1,1077,1076,1078,-1,1077,1078,1079,-1,1079,1078,1000,-1,337,340,1080,-1,1080,340,1008,-1,1080,1008,1081,-1,1081,1008,1010,-1,1081,1010,1082,-1,1082,1010,1012,-1,1082,1012,1083,-1,1083,1012,1014,-1,1083,1014,1084,-1,1084,1014,1016,-1,1084,1016,303,-1,303,1016,299,-1,1007,296,1016,-1,1016,296,300,-1,1016,300,299,-1,293,297,1085,-1,1085,297,1007,-1,1085,1007,1086,-1,1086,1007,1015,-1,1086,1015,1087,-1,1087,1015,1013,-1,1087,1013,1088,-1,1088,1013,1011,-1,1088,1011,1089,-1,1089,1011,1009,-1,1089,1009,342,-1,342,1009,343,-1,342,341,1089,-1,1089,341,1090,-1,1089,1090,1088,-1,1088,1090,1091,-1,1088,1091,1087,-1,1087,1091,1092,-1,1087,1092,1086,-1,1086,1092,1093,-1,1086,1093,1085,-1,1085,1093,1094,-1,1085,1094,293,-1,293,1094,294,-1,341,346,1090,-1,1090,346,1017,-1,1090,1017,1091,-1,1091,1017,1019,-1,1091,1019,1092,-1,1092,1019,1021,-1,1092,1021,1093,-1,1093,1021,1023,-1,1093,1023,1094,-1,1094,1023,1025,-1,1094,1025,294,-1,294,1025,290,-1,1006,287,1025,-1,1025,287,291,-1,1025,291,290,-1,284,288,1095,-1,1095,288,1006,-1,1095,1006,1096,-1,1096,1006,1024,-1,1096,1024,1097,-1,1097,1024,1022,-1,1097,1022,1098,-1,1098,1022,1020,-1,1098,1020,1099,-1,1099,1020,1018,-1,1099,1018,344,-1,344,1018,345,-1,344,349,1099,-1,1099,349,1100,-1,1099,1100,1098,-1,1098,1100,1101,-1,1098,1101,1097,-1,1097,1101,1102,-1,1097,1102,1096,-1,1096,1102,1103,-1,1096,1103,1095,-1,1095,1103,1104,-1,1095,1104,284,-1,284,1104,285,-1,349,348,1100,-1,1100,348,1026,-1,1100,1026,1101,-1,1101,1026,1028,-1,1101,1028,1102,-1,1102,1028,1030,-1,1102,1030,1103,-1,1103,1030,1032,-1,1103,1032,1104,-1,1104,1032,1034,-1,1104,1034,285,-1,285,1034,281,-1,1005,278,1034,-1,1034,278,282,-1,1034,282,281,-1,275,279,1105,-1,1105,279,1005,-1,1105,1005,1106,-1,1106,1005,1033,-1,1106,1033,1107,-1,1107,1033,1031,-1,1107,1031,1108,-1,1108,1031,1029,-1,1108,1029,1109,-1,1109,1029,1027,-1,1109,1027,352,-1,352,1027,347,-1,352,351,1109,-1,1109,351,1110,-1,1109,1110,1108,-1,1108,1110,1111,-1,1108,1111,1107,-1,1107,1111,1112,-1,1107,1112,1106,-1,1106,1112,1113,-1,1106,1113,1105,-1,1105,1113,1114,-1,1105,1114,275,-1,275,1114,276,-1,351,350,1110,-1,1110,350,1035,-1,1110,1035,1111,-1,1111,1035,1037,-1,1111,1037,1112,-1,1112,1037,1039,-1,1112,1039,1113,-1,1113,1039,1041,-1,1113,1041,1114,-1,1114,1041,1043,-1,1114,1043,276,-1,276,1043,272,-1,1004,269,1043,-1,1043,269,273,-1,1043,273,272,-1,267,270,1115,-1,1115,270,1004,-1,1115,1004,1116,-1,1116,1004,1042,-1,1116,1042,1117,-1,1117,1042,1040,-1,1117,1040,1118,-1,1118,1040,1038,-1,1118,1038,1119,-1,1119,1038,1036,-1,1119,1036,354,-1,354,1036,355,-1,354,353,1119,-1,1119,353,1120,-1,1119,1120,1118,-1,1118,1120,1121,-1,1118,1121,1117,-1,1117,1121,1122,-1,1117,1122,1116,-1,1116,1122,1123,-1,1116,1123,1115,-1,1115,1123,1124,-1,1115,1124,267,-1,267,1124,334,-1,353,358,1120,-1,1120,358,1044,-1,1120,1044,1121,-1,1121,1044,1046,-1,1121,1046,1122,-1,1122,1046,1048,-1,1122,1048,1123,-1,1123,1048,1050,-1,1123,1050,1124,-1,1124,1050,1052,-1,1124,1052,334,-1,334,1052,335,-1,1003,332,1052,-1,1052,332,336,-1,1052,336,335,-1,329,333,1125,-1,1125,333,1003,-1,1125,1003,1126,-1,1126,1003,1051,-1,1126,1051,1127,-1,1127,1051,1049,-1,1127,1049,1128,-1,1128,1049,1047,-1,1128,1047,1129,-1,1129,1047,1045,-1,1129,1045,356,-1,356,1045,357,-1,356,361,1129,-1,1129,361,1130,-1,1129,1130,1128,-1,1128,1130,1131,-1,1128,1131,1127,-1,1127,1131,1132,-1,1127,1132,1126,-1,1126,1132,1133,-1,1126,1133,1125,-1,1125,1133,1134,-1,1125,1134,329,-1,329,1134,330,-1,361,360,1130,-1,1130,360,1053,-1,1130,1053,1131,-1,1131,1053,1055,-1,1131,1055,1132,-1,1132,1055,1057,-1,1132,1057,1133,-1,1133,1057,1059,-1,1133,1059,1134,-1,1134,1059,1061,-1,1134,1061,330,-1,330,1061,326,-1,1002,323,1061,-1,1061,323,327,-1,1061,327,326,-1,320,324,1135,-1,1135,324,1002,-1,1135,1002,1136,-1,1136,1002,1060,-1,1136,1060,1137,-1,1137,1060,1058,-1,1137,1058,1138,-1,1138,1058,1056,-1,1138,1056,1139,-1,1139,1056,1054,-1,1139,1054,364,-1,364,1054,359,-1,364,363,1139,-1,1139,363,1140,-1,1139,1140,1138,-1,1138,1140,1141,-1,1138,1141,1137,-1,1137,1141,1142,-1,1137,1142,1136,-1,1136,1142,1143,-1,1136,1143,1135,-1,1135,1143,1144,-1,1135,1144,320,-1,320,1144,321,-1,363,362,1140,-1,1140,362,1062,-1,1140,1062,1141,-1,1141,1062,1064,-1,1141,1064,1142,-1,1142,1064,1066,-1,1142,1066,1143,-1,1143,1066,1068,-1,1143,1068,1144,-1,1144,1068,1070,-1,1144,1070,321,-1,321,1070,317,-1,1001,314,1070,-1,1070,314,318,-1,1070,318,317,-1,311,315,1145,-1,1145,315,1001,-1,1145,1001,1146,-1,1146,1001,1069,-1,1146,1069,1147,-1,1147,1069,1067,-1,1147,1067,1148,-1,1148,1067,1065,-1,1148,1065,1149,-1,1149,1065,1063,-1,1149,1063,366,-1,366,1063,367,-1,366,365,1149,-1,1149,365,1150,-1,1149,1150,1148,-1,1148,1150,1151,-1,1148,1151,1147,-1,1147,1151,1152,-1,1147,1152,1146,-1,1146,1152,1153,-1,1146,1153,1145,-1,1145,1153,1154,-1,1145,1154,311,-1,311,1154,312,-1,365,369,1150,-1,1150,369,1071,-1,1150,1071,1151,-1,1151,1071,1073,-1,1151,1073,1152,-1,1152,1073,1075,-1,1152,1075,1153,-1,1153,1075,1077,-1,1153,1077,1154,-1,1154,1077,1079,-1,1154,1079,312,-1,312,1079,308,-1,1000,305,1079,-1,1079,305,309,-1,1079,309,308,-1,302,306,1155,-1,1155,306,1000,-1,1155,1000,1156,-1,1156,1000,1078,-1,1156,1078,1157,-1,1157,1078,1076,-1,1157,1076,1158,-1,1158,1076,1074,-1,1158,1074,1159,-1,1159,1074,1072,-1,1159,1072,338,-1,338,1072,368,-1,338,337,1159,-1,1159,337,1080,-1,1159,1080,1158,-1,1158,1080,1081,-1,1158,1081,1157,-1,1157,1081,1082,-1,1157,1082,1156,-1,1156,1082,1083,-1,1156,1083,1155,-1,1155,1083,1084,-1,1155,1084,302,-1,302,1084,303,-1,411,410,1160,-1,420,419,1161,-1,429,428,1162,-1,438,437,1163,-1,375,374,1164,-1,384,383,1165,-1,393,392,1166,-1,402,401,1167,-1,445,448,1168,-1,1168,448,1169,-1,1168,1169,1170,-1,1170,1169,1171,-1,1170,1171,1172,-1,1172,1171,1173,-1,1172,1173,1174,-1,1174,1173,1175,-1,1174,1175,1176,-1,1176,1175,1167,-1,451,450,1177,-1,1177,450,1178,-1,1177,1178,1179,-1,1179,1178,1180,-1,1179,1180,1181,-1,1181,1180,1182,-1,1181,1182,1183,-1,1183,1182,1184,-1,1183,1184,1185,-1,1185,1184,1166,-1,453,452,1186,-1,1186,452,1187,-1,1186,1187,1188,-1,1188,1187,1189,-1,1188,1189,1190,-1,1190,1189,1191,-1,1190,1191,1192,-1,1192,1191,1193,-1,1192,1193,1194,-1,1194,1193,1165,-1,455,460,1195,-1,1195,460,1196,-1,1195,1196,1197,-1,1197,1196,1198,-1,1197,1198,1199,-1,1199,1198,1200,-1,1199,1200,1201,-1,1201,1200,1202,-1,1201,1202,1203,-1,1203,1202,1164,-1,463,462,1204,-1,1204,462,1205,-1,1204,1205,1206,-1,1206,1205,1207,-1,1206,1207,1208,-1,1208,1207,1209,-1,1208,1209,1210,-1,1210,1209,1211,-1,1210,1211,1212,-1,1212,1211,1163,-1,465,464,1213,-1,1213,464,1214,-1,1213,1214,1215,-1,1215,1214,1216,-1,1215,1216,1217,-1,1217,1216,1218,-1,1217,1218,1219,-1,1219,1218,1220,-1,1219,1220,1221,-1,1221,1220,1162,-1,467,472,1222,-1,1222,472,1223,-1,1222,1223,1224,-1,1224,1223,1225,-1,1224,1225,1226,-1,1226,1225,1227,-1,1226,1227,1228,-1,1228,1227,1229,-1,1228,1229,1230,-1,1230,1229,1161,-1,474,473,1231,-1,1231,473,1232,-1,1231,1232,1233,-1,1233,1232,1234,-1,1233,1234,1235,-1,1235,1234,1236,-1,1235,1236,1237,-1,1237,1236,1238,-1,1237,1238,1239,-1,1239,1238,1160,-1,442,445,1240,-1,1240,445,1168,-1,1240,1168,1241,-1,1241,1168,1170,-1,1241,1170,1242,-1,1242,1170,1172,-1,1242,1172,1243,-1,1243,1172,1174,-1,1243,1174,1244,-1,1244,1174,1176,-1,1244,1176,408,-1,408,1176,404,-1,1167,401,1176,-1,1176,401,405,-1,1176,405,404,-1,398,402,1245,-1,1245,402,1167,-1,1245,1167,1246,-1,1246,1167,1175,-1,1246,1175,1247,-1,1247,1175,1173,-1,1247,1173,1248,-1,1248,1173,1171,-1,1248,1171,1249,-1,1249,1171,1169,-1,1249,1169,447,-1,447,1169,448,-1,447,446,1249,-1,1249,446,1250,-1,1249,1250,1248,-1,1248,1250,1251,-1,1248,1251,1247,-1,1247,1251,1252,-1,1247,1252,1246,-1,1246,1252,1253,-1,1246,1253,1245,-1,1245,1253,1254,-1,1245,1254,398,-1,398,1254,399,-1,446,451,1250,-1,1250,451,1177,-1,1250,1177,1251,-1,1251,1177,1179,-1,1251,1179,1252,-1,1252,1179,1181,-1,1252,1181,1253,-1,1253,1181,1183,-1,1253,1183,1254,-1,1254,1183,1185,-1,1254,1185,399,-1,399,1185,395,-1,1166,392,1185,-1,1185,392,396,-1,1185,396,395,-1,389,393,1255,-1,1255,393,1166,-1,1255,1166,1256,-1,1256,1166,1184,-1,1256,1184,1257,-1,1257,1184,1182,-1,1257,1182,1258,-1,1258,1182,1180,-1,1258,1180,1259,-1,1259,1180,1178,-1,1259,1178,449,-1,449,1178,450,-1,449,454,1259,-1,1259,454,1260,-1,1259,1260,1258,-1,1258,1260,1261,-1,1258,1261,1257,-1,1257,1261,1262,-1,1257,1262,1256,-1,1256,1262,1263,-1,1256,1263,1255,-1,1255,1263,1264,-1,1255,1264,389,-1,389,1264,390,-1,454,453,1260,-1,1260,453,1186,-1,1260,1186,1261,-1,1261,1186,1188,-1,1261,1188,1262,-1,1262,1188,1190,-1,1262,1190,1263,-1,1263,1190,1192,-1,1263,1192,1264,-1,1264,1192,1194,-1,1264,1194,390,-1,390,1194,386,-1,1165,383,1194,-1,1194,383,387,-1,1194,387,386,-1,380,384,1265,-1,1265,384,1165,-1,1265,1165,1266,-1,1266,1165,1193,-1,1266,1193,1267,-1,1267,1193,1191,-1,1267,1191,1268,-1,1268,1191,1189,-1,1268,1189,1269,-1,1269,1189,1187,-1,1269,1187,457,-1,457,1187,452,-1,457,456,1269,-1,1269,456,1270,-1,1269,1270,1268,-1,1268,1270,1271,-1,1268,1271,1267,-1,1267,1271,1272,-1,1267,1272,1266,-1,1266,1272,1273,-1,1266,1273,1265,-1,1265,1273,1274,-1,1265,1274,380,-1,380,1274,381,-1,456,455,1270,-1,1270,455,1195,-1,1270,1195,1271,-1,1271,1195,1197,-1,1271,1197,1272,-1,1272,1197,1199,-1,1272,1199,1273,-1,1273,1199,1201,-1,1273,1201,1274,-1,1274,1201,1203,-1,1274,1203,381,-1,381,1203,377,-1,1164,374,1203,-1,1203,374,378,-1,1203,378,377,-1,372,375,1275,-1,1275,375,1164,-1,1275,1164,1276,-1,1276,1164,1202,-1,1276,1202,1277,-1,1277,1202,1200,-1,1277,1200,1278,-1,1278,1200,1198,-1,1278,1198,1279,-1,1279,1198,1196,-1,1279,1196,459,-1,459,1196,460,-1,459,458,1279,-1,1279,458,1280,-1,1279,1280,1278,-1,1278,1280,1281,-1,1278,1281,1277,-1,1277,1281,1282,-1,1277,1282,1276,-1,1276,1282,1283,-1,1276,1283,1275,-1,1275,1283,1284,-1,1275,1284,372,-1,372,1284,439,-1,458,463,1280,-1,1280,463,1204,-1,1280,1204,1281,-1,1281,1204,1206,-1,1281,1206,1282,-1,1282,1206,1208,-1,1282,1208,1283,-1,1283,1208,1210,-1,1283,1210,1284,-1,1284,1210,1212,-1,1284,1212,439,-1,439,1212,440,-1,1163,437,1212,-1,1212,437,441,-1,1212,441,440,-1,434,438,1285,-1,1285,438,1163,-1,1285,1163,1286,-1,1286,1163,1211,-1,1286,1211,1287,-1,1287,1211,1209,-1,1287,1209,1288,-1,1288,1209,1207,-1,1288,1207,1289,-1,1289,1207,1205,-1,1289,1205,461,-1,461,1205,462,-1,461,466,1289,-1,1289,466,1290,-1,1289,1290,1288,-1,1288,1290,1291,-1,1288,1291,1287,-1,1287,1291,1292,-1,1287,1292,1286,-1,1286,1292,1293,-1,1286,1293,1285,-1,1285,1293,1294,-1,1285,1294,434,-1,434,1294,435,-1,466,465,1290,-1,1290,465,1213,-1,1290,1213,1291,-1,1291,1213,1215,-1,1291,1215,1292,-1,1292,1215,1217,-1,1292,1217,1293,-1,1293,1217,1219,-1,1293,1219,1294,-1,1294,1219,1221,-1,1294,1221,435,-1,435,1221,431,-1,1162,428,1221,-1,1221,428,432,-1,1221,432,431,-1,425,429,1295,-1,1295,429,1162,-1,1295,1162,1296,-1,1296,1162,1220,-1,1296,1220,1297,-1,1297,1220,1218,-1,1297,1218,1298,-1,1298,1218,1216,-1,1298,1216,1299,-1,1299,1216,1214,-1,1299,1214,469,-1,469,1214,464,-1,469,468,1299,-1,1299,468,1300,-1,1299,1300,1298,-1,1298,1300,1301,-1,1298,1301,1297,-1,1297,1301,1302,-1,1297,1302,1296,-1,1296,1302,1303,-1,1296,1303,1295,-1,1295,1303,1304,-1,1295,1304,425,-1,425,1304,426,-1,468,467,1300,-1,1300,467,1222,-1,1300,1222,1301,-1,1301,1222,1224,-1,1301,1224,1302,-1,1302,1224,1226,-1,1302,1226,1303,-1,1303,1226,1228,-1,1303,1228,1304,-1,1304,1228,1230,-1,1304,1230,426,-1,426,1230,422,-1,1161,419,1230,-1,1230,419,423,-1,1230,423,422,-1,416,420,1305,-1,1305,420,1161,-1,1305,1161,1306,-1,1306,1161,1229,-1,1306,1229,1307,-1,1307,1229,1227,-1,1307,1227,1308,-1,1308,1227,1225,-1,1308,1225,1309,-1,1309,1225,1223,-1,1309,1223,471,-1,471,1223,472,-1,471,470,1309,-1,1309,470,1310,-1,1309,1310,1308,-1,1308,1310,1311,-1,1308,1311,1307,-1,1307,1311,1312,-1,1307,1312,1306,-1,1306,1312,1313,-1,1306,1313,1305,-1,1305,1313,1314,-1,1305,1314,416,-1,416,1314,417,-1,470,474,1310,-1,1310,474,1231,-1,1310,1231,1311,-1,1311,1231,1233,-1,1311,1233,1312,-1,1312,1233,1235,-1,1312,1235,1313,-1,1313,1235,1237,-1,1313,1237,1314,-1,1314,1237,1239,-1,1314,1239,417,-1,417,1239,413,-1,1160,410,1239,-1,1239,410,414,-1,1239,414,413,-1,407,411,1315,-1,1315,411,1160,-1,1315,1160,1316,-1,1316,1160,1238,-1,1316,1238,1317,-1,1317,1238,1236,-1,1317,1236,1318,-1,1318,1236,1234,-1,1318,1234,1319,-1,1319,1234,1232,-1,1319,1232,443,-1,443,1232,473,-1,443,442,1319,-1,1319,442,1240,-1,1319,1240,1318,-1,1318,1240,1241,-1,1318,1241,1317,-1,1317,1241,1242,-1,1317,1242,1316,-1,1316,1242,1243,-1,1316,1243,1315,-1,1315,1243,1244,-1,1315,1244,407,-1,407,1244,408,-1,516,515,1320,-1,525,524,1321,-1,534,533,1322,-1,543,542,1323,-1,480,479,1324,-1,489,488,1325,-1,498,497,1326,-1,507,506,1327,-1,550,553,1328,-1,1328,553,1329,-1,1328,1329,1330,-1,1330,1329,1331,-1,1330,1331,1332,-1,1332,1331,1333,-1,1332,1333,1334,-1,1334,1333,1335,-1,1334,1335,1336,-1,1336,1335,1327,-1,556,555,1337,-1,1337,555,1338,-1,1337,1338,1339,-1,1339,1338,1340,-1,1339,1340,1341,-1,1341,1340,1342,-1,1341,1342,1343,-1,1343,1342,1344,-1,1343,1344,1345,-1,1345,1344,1326,-1,558,557,1346,-1,1346,557,1347,-1,1346,1347,1348,-1,1348,1347,1349,-1,1348,1349,1350,-1,1350,1349,1351,-1,1350,1351,1352,-1,1352,1351,1353,-1,1352,1353,1354,-1,1354,1353,1325,-1,560,565,1355,-1,1355,565,1356,-1,1355,1356,1357,-1,1357,1356,1358,-1,1357,1358,1359,-1,1359,1358,1360,-1,1359,1360,1361,-1,1361,1360,1362,-1,1361,1362,1363,-1,1363,1362,1324,-1,568,567,1364,-1,1364,567,1365,-1,1364,1365,1366,-1,1366,1365,1367,-1,1366,1367,1368,-1,1368,1367,1369,-1,1368,1369,1370,-1,1370,1369,1371,-1,1370,1371,1372,-1,1372,1371,1323,-1,570,569,1373,-1,1373,569,1374,-1,1373,1374,1375,-1,1375,1374,1376,-1,1375,1376,1377,-1,1377,1376,1378,-1,1377,1378,1379,-1,1379,1378,1380,-1,1379,1380,1381,-1,1381,1380,1322,-1,572,577,1382,-1,1382,577,1383,-1,1382,1383,1384,-1,1384,1383,1385,-1,1384,1385,1386,-1,1386,1385,1387,-1,1386,1387,1388,-1,1388,1387,1389,-1,1388,1389,1390,-1,1390,1389,1321,-1,579,578,1391,-1,1391,578,1392,-1,1391,1392,1393,-1,1393,1392,1394,-1,1393,1394,1395,-1,1395,1394,1396,-1,1395,1396,1397,-1,1397,1396,1398,-1,1397,1398,1399,-1,1399,1398,1320,-1,547,550,1400,-1,1400,550,1328,-1,1400,1328,1401,-1,1401,1328,1330,-1,1401,1330,1402,-1,1402,1330,1332,-1,1402,1332,1403,-1,1403,1332,1334,-1,1403,1334,1404,-1,1404,1334,1336,-1,1404,1336,513,-1,513,1336,509,-1,1327,506,1336,-1,1336,506,510,-1,1336,510,509,-1,503,507,1405,-1,1405,507,1327,-1,1405,1327,1406,-1,1406,1327,1335,-1,1406,1335,1407,-1,1407,1335,1333,-1,1407,1333,1408,-1,1408,1333,1331,-1,1408,1331,1409,-1,1409,1331,1329,-1,1409,1329,552,-1,552,1329,553,-1,552,551,1409,-1,1409,551,1410,-1,1409,1410,1408,-1,1408,1410,1411,-1,1408,1411,1407,-1,1407,1411,1412,-1,1407,1412,1406,-1,1406,1412,1413,-1,1406,1413,1405,-1,1405,1413,1414,-1,1405,1414,503,-1,503,1414,504,-1,551,556,1410,-1,1410,556,1337,-1,1410,1337,1411,-1,1411,1337,1339,-1,1411,1339,1412,-1,1412,1339,1341,-1,1412,1341,1413,-1,1413,1341,1343,-1,1413,1343,1414,-1,1414,1343,1345,-1,1414,1345,504,-1,504,1345,500,-1,1326,497,1345,-1,1345,497,501,-1,1345,501,500,-1,494,498,1415,-1,1415,498,1326,-1,1415,1326,1416,-1,1416,1326,1344,-1,1416,1344,1417,-1,1417,1344,1342,-1,1417,1342,1418,-1,1418,1342,1340,-1,1418,1340,1419,-1,1419,1340,1338,-1,1419,1338,554,-1,554,1338,555,-1,554,559,1419,-1,1419,559,1420,-1,1419,1420,1418,-1,1418,1420,1421,-1,1418,1421,1417,-1,1417,1421,1422,-1,1417,1422,1416,-1,1416,1422,1423,-1,1416,1423,1415,-1,1415,1423,1424,-1,1415,1424,494,-1,494,1424,495,-1,559,558,1420,-1,1420,558,1346,-1,1420,1346,1421,-1,1421,1346,1348,-1,1421,1348,1422,-1,1422,1348,1350,-1,1422,1350,1423,-1,1423,1350,1352,-1,1423,1352,1424,-1,1424,1352,1354,-1,1424,1354,495,-1,495,1354,491,-1,1325,488,1354,-1,1354,488,492,-1,1354,492,491,-1,485,489,1425,-1,1425,489,1325,-1,1425,1325,1426,-1,1426,1325,1353,-1,1426,1353,1427,-1,1427,1353,1351,-1,1427,1351,1428,-1,1428,1351,1349,-1,1428,1349,1429,-1,1429,1349,1347,-1,1429,1347,562,-1,562,1347,557,-1,562,561,1429,-1,1429,561,1430,-1,1429,1430,1428,-1,1428,1430,1431,-1,1428,1431,1427,-1,1427,1431,1432,-1,1427,1432,1426,-1,1426,1432,1433,-1,1426,1433,1425,-1,1425,1433,1434,-1,1425,1434,485,-1,485,1434,486,-1,561,560,1430,-1,1430,560,1355,-1,1430,1355,1431,-1,1431,1355,1357,-1,1431,1357,1432,-1,1432,1357,1359,-1,1432,1359,1433,-1,1433,1359,1361,-1,1433,1361,1434,-1,1434,1361,1363,-1,1434,1363,486,-1,486,1363,482,-1,1324,479,1363,-1,1363,479,483,-1,1363,483,482,-1,477,480,1435,-1,1435,480,1324,-1,1435,1324,1436,-1,1436,1324,1362,-1,1436,1362,1437,-1,1437,1362,1360,-1,1437,1360,1438,-1,1438,1360,1358,-1,1438,1358,1439,-1,1439,1358,1356,-1,1439,1356,564,-1,564,1356,565,-1,564,563,1439,-1,1439,563,1440,-1,1439,1440,1438,-1,1438,1440,1441,-1,1438,1441,1437,-1,1437,1441,1442,-1,1437,1442,1436,-1,1436,1442,1443,-1,1436,1443,1435,-1,1435,1443,1444,-1,1435,1444,477,-1,477,1444,544,-1,563,568,1440,-1,1440,568,1364,-1,1440,1364,1441,-1,1441,1364,1366,-1,1441,1366,1442,-1,1442,1366,1368,-1,1442,1368,1443,-1,1443,1368,1370,-1,1443,1370,1444,-1,1444,1370,1372,-1,1444,1372,544,-1,544,1372,545,-1,1323,542,1372,-1,1372,542,546,-1,1372,546,545,-1,539,543,1445,-1,1445,543,1323,-1,1445,1323,1446,-1,1446,1323,1371,-1,1446,1371,1447,-1,1447,1371,1369,-1,1447,1369,1448,-1,1448,1369,1367,-1,1448,1367,1449,-1,1449,1367,1365,-1,1449,1365,566,-1,566,1365,567,-1,566,571,1449,-1,1449,571,1450,-1,1449,1450,1448,-1,1448,1450,1451,-1,1448,1451,1447,-1,1447,1451,1452,-1,1447,1452,1446,-1,1446,1452,1453,-1,1446,1453,1445,-1,1445,1453,1454,-1,1445,1454,539,-1,539,1454,540,-1,571,570,1450,-1,1450,570,1373,-1,1450,1373,1451,-1,1451,1373,1375,-1,1451,1375,1452,-1,1452,1375,1377,-1,1452,1377,1453,-1,1453,1377,1379,-1,1453,1379,1454,-1,1454,1379,1381,-1,1454,1381,540,-1,540,1381,536,-1,1322,533,1381,-1,1381,533,537,-1,1381,537,536,-1,530,534,1455,-1,1455,534,1322,-1,1455,1322,1456,-1,1456,1322,1380,-1,1456,1380,1457,-1,1457,1380,1378,-1,1457,1378,1458,-1,1458,1378,1376,-1,1458,1376,1459,-1,1459,1376,1374,-1,1459,1374,574,-1,574,1374,569,-1,574,573,1459,-1,1459,573,1460,-1,1459,1460,1458,-1,1458,1460,1461,-1,1458,1461,1457,-1,1457,1461,1462,-1,1457,1462,1456,-1,1456,1462,1463,-1,1456,1463,1455,-1,1455,1463,1464,-1,1455,1464,530,-1,530,1464,531,-1,573,572,1460,-1,1460,572,1382,-1,1460,1382,1461,-1,1461,1382,1384,-1,1461,1384,1462,-1,1462,1384,1386,-1,1462,1386,1463,-1,1463,1386,1388,-1,1463,1388,1464,-1,1464,1388,1390,-1,1464,1390,531,-1,531,1390,527,-1,1321,524,1390,-1,1390,524,528,-1,1390,528,527,-1,521,525,1465,-1,1465,525,1321,-1,1465,1321,1466,-1,1466,1321,1389,-1,1466,1389,1467,-1,1467,1389,1387,-1,1467,1387,1468,-1,1468,1387,1385,-1,1468,1385,1469,-1,1469,1385,1383,-1,1469,1383,576,-1,576,1383,577,-1,576,575,1469,-1,1469,575,1470,-1,1469,1470,1468,-1,1468,1470,1471,-1,1468,1471,1467,-1,1467,1471,1472,-1,1467,1472,1466,-1,1466,1472,1473,-1,1466,1473,1465,-1,1465,1473,1474,-1,1465,1474,521,-1,521,1474,522,-1,575,579,1470,-1,1470,579,1391,-1,1470,1391,1471,-1,1471,1391,1393,-1,1471,1393,1472,-1,1472,1393,1395,-1,1472,1395,1473,-1,1473,1395,1397,-1,1473,1397,1474,-1,1474,1397,1399,-1,1474,1399,522,-1,522,1399,518,-1,1320,515,1399,-1,1399,515,519,-1,1399,519,518,-1,512,516,1475,-1,1475,516,1320,-1,1475,1320,1476,-1,1476,1320,1398,-1,1476,1398,1477,-1,1477,1398,1396,-1,1477,1396,1478,-1,1478,1396,1394,-1,1478,1394,1479,-1,1479,1394,1392,-1,1479,1392,548,-1,548,1392,578,-1,548,547,1479,-1,1479,547,1400,-1,1479,1400,1478,-1,1478,1400,1401,-1,1478,1401,1477,-1,1477,1401,1402,-1,1477,1402,1476,-1,1476,1402,1403,-1,1476,1403,1475,-1,1475,1403,1404,-1,1475,1404,512,-1,512,1404,513,-1,621,620,1480,-1,630,629,1481,-1,639,638,1482,-1,648,647,1483,-1,585,584,1484,-1,594,593,1485,-1,603,602,1486,-1,612,611,1487,-1,655,658,1488,-1,1488,658,1489,-1,1488,1489,1490,-1,1490,1489,1491,-1,1490,1491,1492,-1,1492,1491,1493,-1,1492,1493,1494,-1,1494,1493,1495,-1,1494,1495,1496,-1,1496,1495,1487,-1,661,660,1497,-1,1497,660,1498,-1,1497,1498,1499,-1,1499,1498,1500,-1,1499,1500,1501,-1,1501,1500,1502,-1,1501,1502,1503,-1,1503,1502,1504,-1,1503,1504,1505,-1,1505,1504,1486,-1,663,662,1506,-1,1506,662,1507,-1,1506,1507,1508,-1,1508,1507,1509,-1,1508,1509,1510,-1,1510,1509,1511,-1,1510,1511,1512,-1,1512,1511,1513,-1,1512,1513,1514,-1,1514,1513,1485,-1,665,670,1515,-1,1515,670,1516,-1,1515,1516,1517,-1,1517,1516,1518,-1,1517,1518,1519,-1,1519,1518,1520,-1,1519,1520,1521,-1,1521,1520,1522,-1,1521,1522,1523,-1,1523,1522,1484,-1,673,672,1524,-1,1524,672,1525,-1,1524,1525,1526,-1,1526,1525,1527,-1,1526,1527,1528,-1,1528,1527,1529,-1,1528,1529,1530,-1,1530,1529,1531,-1,1530,1531,1532,-1,1532,1531,1483,-1,675,674,1533,-1,1533,674,1534,-1,1533,1534,1535,-1,1535,1534,1536,-1,1535,1536,1537,-1,1537,1536,1538,-1,1537,1538,1539,-1,1539,1538,1540,-1,1539,1540,1541,-1,1541,1540,1482,-1,677,682,1542,-1,1542,682,1543,-1,1542,1543,1544,-1,1544,1543,1545,-1,1544,1545,1546,-1,1546,1545,1547,-1,1546,1547,1548,-1,1548,1547,1549,-1,1548,1549,1550,-1,1550,1549,1481,-1,684,683,1551,-1,1551,683,1552,-1,1551,1552,1553,-1,1553,1552,1554,-1,1553,1554,1555,-1,1555,1554,1556,-1,1555,1556,1557,-1,1557,1556,1558,-1,1557,1558,1559,-1,1559,1558,1480,-1,652,655,1560,-1,1560,655,1488,-1,1560,1488,1561,-1,1561,1488,1490,-1,1561,1490,1562,-1,1562,1490,1492,-1,1562,1492,1563,-1,1563,1492,1494,-1,1563,1494,1564,-1,1564,1494,1496,-1,1564,1496,618,-1,618,1496,614,-1,1487,611,1496,-1,1496,611,615,-1,1496,615,614,-1,608,612,1565,-1,1565,612,1487,-1,1565,1487,1566,-1,1566,1487,1495,-1,1566,1495,1567,-1,1567,1495,1493,-1,1567,1493,1568,-1,1568,1493,1491,-1,1568,1491,1569,-1,1569,1491,1489,-1,1569,1489,657,-1,657,1489,658,-1,657,656,1569,-1,1569,656,1570,-1,1569,1570,1568,-1,1568,1570,1571,-1,1568,1571,1567,-1,1567,1571,1572,-1,1567,1572,1566,-1,1566,1572,1573,-1,1566,1573,1565,-1,1565,1573,1574,-1,1565,1574,608,-1,608,1574,609,-1,656,661,1570,-1,1570,661,1497,-1,1570,1497,1571,-1,1571,1497,1499,-1,1571,1499,1572,-1,1572,1499,1501,-1,1572,1501,1573,-1,1573,1501,1503,-1,1573,1503,1574,-1,1574,1503,1505,-1,1574,1505,609,-1,609,1505,605,-1,1486,602,1505,-1,1505,602,606,-1,1505,606,605,-1,599,603,1575,-1,1575,603,1486,-1,1575,1486,1576,-1,1576,1486,1504,-1,1576,1504,1577,-1,1577,1504,1502,-1,1577,1502,1578,-1,1578,1502,1500,-1,1578,1500,1579,-1,1579,1500,1498,-1,1579,1498,659,-1,659,1498,660,-1,659,664,1579,-1,1579,664,1580,-1,1579,1580,1578,-1,1578,1580,1581,-1,1578,1581,1577,-1,1577,1581,1582,-1,1577,1582,1576,-1,1576,1582,1583,-1,1576,1583,1575,-1,1575,1583,1584,-1,1575,1584,599,-1,599,1584,600,-1,664,663,1580,-1,1580,663,1506,-1,1580,1506,1581,-1,1581,1506,1508,-1,1581,1508,1582,-1,1582,1508,1510,-1,1582,1510,1583,-1,1583,1510,1512,-1,1583,1512,1584,-1,1584,1512,1514,-1,1584,1514,600,-1,600,1514,596,-1,1485,593,1514,-1,1514,593,597,-1,1514,597,596,-1,590,594,1585,-1,1585,594,1485,-1,1585,1485,1586,-1,1586,1485,1513,-1,1586,1513,1587,-1,1587,1513,1511,-1,1587,1511,1588,-1,1588,1511,1509,-1,1588,1509,1589,-1,1589,1509,1507,-1,1589,1507,667,-1,667,1507,662,-1,667,666,1589,-1,1589,666,1590,-1,1589,1590,1588,-1,1588,1590,1591,-1,1588,1591,1587,-1,1587,1591,1592,-1,1587,1592,1586,-1,1586,1592,1593,-1,1586,1593,1585,-1,1585,1593,1594,-1,1585,1594,590,-1,590,1594,591,-1,666,665,1590,-1,1590,665,1515,-1,1590,1515,1591,-1,1591,1515,1517,-1,1591,1517,1592,-1,1592,1517,1519,-1,1592,1519,1593,-1,1593,1519,1521,-1,1593,1521,1594,-1,1594,1521,1523,-1,1594,1523,591,-1,591,1523,587,-1,1484,584,1523,-1,1523,584,588,-1,1523,588,587,-1,582,585,1595,-1,1595,585,1484,-1,1595,1484,1596,-1,1596,1484,1522,-1,1596,1522,1597,-1,1597,1522,1520,-1,1597,1520,1598,-1,1598,1520,1518,-1,1598,1518,1599,-1,1599,1518,1516,-1,1599,1516,669,-1,669,1516,670,-1,669,668,1599,-1,1599,668,1600,-1,1599,1600,1598,-1,1598,1600,1601,-1,1598,1601,1597,-1,1597,1601,1602,-1,1597,1602,1596,-1,1596,1602,1603,-1,1596,1603,1595,-1,1595,1603,1604,-1,1595,1604,582,-1,582,1604,649,-1,668,673,1600,-1,1600,673,1524,-1,1600,1524,1601,-1,1601,1524,1526,-1,1601,1526,1602,-1,1602,1526,1528,-1,1602,1528,1603,-1,1603,1528,1530,-1,1603,1530,1604,-1,1604,1530,1532,-1,1604,1532,649,-1,649,1532,650,-1,1483,647,1532,-1,1532,647,651,-1,1532,651,650,-1,644,648,1605,-1,1605,648,1483,-1,1605,1483,1606,-1,1606,1483,1531,-1,1606,1531,1607,-1,1607,1531,1529,-1,1607,1529,1608,-1,1608,1529,1527,-1,1608,1527,1609,-1,1609,1527,1525,-1,1609,1525,671,-1,671,1525,672,-1,671,676,1609,-1,1609,676,1610,-1,1609,1610,1608,-1,1608,1610,1611,-1,1608,1611,1607,-1,1607,1611,1612,-1,1607,1612,1606,-1,1606,1612,1613,-1,1606,1613,1605,-1,1605,1613,1614,-1,1605,1614,644,-1,644,1614,645,-1,676,675,1610,-1,1610,675,1533,-1,1610,1533,1611,-1,1611,1533,1535,-1,1611,1535,1612,-1,1612,1535,1537,-1,1612,1537,1613,-1,1613,1537,1539,-1,1613,1539,1614,-1,1614,1539,1541,-1,1614,1541,645,-1,645,1541,641,-1,1482,638,1541,-1,1541,638,642,-1,1541,642,641,-1,635,639,1615,-1,1615,639,1482,-1,1615,1482,1616,-1,1616,1482,1540,-1,1616,1540,1617,-1,1617,1540,1538,-1,1617,1538,1618,-1,1618,1538,1536,-1,1618,1536,1619,-1,1619,1536,1534,-1,1619,1534,679,-1,679,1534,674,-1,679,678,1619,-1,1619,678,1620,-1,1619,1620,1618,-1,1618,1620,1621,-1,1618,1621,1617,-1,1617,1621,1622,-1,1617,1622,1616,-1,1616,1622,1623,-1,1616,1623,1615,-1,1615,1623,1624,-1,1615,1624,635,-1,635,1624,636,-1,678,677,1620,-1,1620,677,1542,-1,1620,1542,1621,-1,1621,1542,1544,-1,1621,1544,1622,-1,1622,1544,1546,-1,1622,1546,1623,-1,1623,1546,1548,-1,1623,1548,1624,-1,1624,1548,1550,-1,1624,1550,636,-1,636,1550,632,-1,1481,629,1550,-1,1550,629,633,-1,1550,633,632,-1,626,630,1625,-1,1625,630,1481,-1,1625,1481,1626,-1,1626,1481,1549,-1,1626,1549,1627,-1,1627,1549,1547,-1,1627,1547,1628,-1,1628,1547,1545,-1,1628,1545,1629,-1,1629,1545,1543,-1,1629,1543,681,-1,681,1543,682,-1,681,680,1629,-1,1629,680,1630,-1,1629,1630,1628,-1,1628,1630,1631,-1,1628,1631,1627,-1,1627,1631,1632,-1,1627,1632,1626,-1,1626,1632,1633,-1,1626,1633,1625,-1,1625,1633,1634,-1,1625,1634,626,-1,626,1634,627,-1,680,684,1630,-1,1630,684,1551,-1,1630,1551,1631,-1,1631,1551,1553,-1,1631,1553,1632,-1,1632,1553,1555,-1,1632,1555,1633,-1,1633,1555,1557,-1,1633,1557,1634,-1,1634,1557,1559,-1,1634,1559,627,-1,627,1559,623,-1,1480,620,1559,-1,1559,620,624,-1,1559,624,623,-1,617,621,1635,-1,1635,621,1480,-1,1635,1480,1636,-1,1636,1480,1558,-1,1636,1558,1637,-1,1637,1558,1556,-1,1637,1556,1638,-1,1638,1556,1554,-1,1638,1554,1639,-1,1639,1554,1552,-1,1639,1552,653,-1,653,1552,683,-1,653,652,1639,-1,1639,652,1560,-1,1639,1560,1638,-1,1638,1560,1561,-1,1638,1561,1637,-1,1637,1561,1562,-1,1637,1562,1636,-1,1636,1562,1563,-1,1636,1563,1635,-1,1635,1563,1564,-1,1635,1564,617,-1,617,1564,618,-1,726,725,1640,-1,735,734,1641,-1,744,743,1642,-1,753,752,1643,-1,690,689,1644,-1,699,698,1645,-1,708,707,1646,-1,717,716,1647,-1,760,763,1648,-1,1648,763,1649,-1,1648,1649,1650,-1,1650,1649,1651,-1,1650,1651,1652,-1,1652,1651,1653,-1,1652,1653,1654,-1,1654,1653,1655,-1,1654,1655,1656,-1,1656,1655,1647,-1,766,765,1657,-1,1657,765,1658,-1,1657,1658,1659,-1,1659,1658,1660,-1,1659,1660,1661,-1,1661,1660,1662,-1,1661,1662,1663,-1,1663,1662,1664,-1,1663,1664,1665,-1,1665,1664,1646,-1,768,767,1666,-1,1666,767,1667,-1,1666,1667,1668,-1,1668,1667,1669,-1,1668,1669,1670,-1,1670,1669,1671,-1,1670,1671,1672,-1,1672,1671,1673,-1,1672,1673,1674,-1,1674,1673,1645,-1,770,775,1675,-1,1675,775,1676,-1,1675,1676,1677,-1,1677,1676,1678,-1,1677,1678,1679,-1,1679,1678,1680,-1,1679,1680,1681,-1,1681,1680,1682,-1,1681,1682,1683,-1,1683,1682,1644,-1,778,777,1684,-1,1684,777,1685,-1,1684,1685,1686,-1,1686,1685,1687,-1,1686,1687,1688,-1,1688,1687,1689,-1,1688,1689,1690,-1,1690,1689,1691,-1,1690,1691,1692,-1,1692,1691,1643,-1,780,779,1693,-1,1693,779,1694,-1,1693,1694,1695,-1,1695,1694,1696,-1,1695,1696,1697,-1,1697,1696,1698,-1,1697,1698,1699,-1,1699,1698,1700,-1,1699,1700,1701,-1,1701,1700,1642,-1,782,787,1702,-1,1702,787,1703,-1,1702,1703,1704,-1,1704,1703,1705,-1,1704,1705,1706,-1,1706,1705,1707,-1,1706,1707,1708,-1,1708,1707,1709,-1,1708,1709,1710,-1,1710,1709,1641,-1,789,788,1711,-1,1711,788,1712,-1,1711,1712,1713,-1,1713,1712,1714,-1,1713,1714,1715,-1,1715,1714,1716,-1,1715,1716,1717,-1,1717,1716,1718,-1,1717,1718,1719,-1,1719,1718,1640,-1,757,760,1720,-1,1720,760,1648,-1,1720,1648,1721,-1,1721,1648,1650,-1,1721,1650,1722,-1,1722,1650,1652,-1,1722,1652,1723,-1,1723,1652,1654,-1,1723,1654,1724,-1,1724,1654,1656,-1,1724,1656,723,-1,723,1656,719,-1,1647,716,1656,-1,1656,716,720,-1,1656,720,719,-1,713,717,1725,-1,1725,717,1647,-1,1725,1647,1726,-1,1726,1647,1655,-1,1726,1655,1727,-1,1727,1655,1653,-1,1727,1653,1728,-1,1728,1653,1651,-1,1728,1651,1729,-1,1729,1651,1649,-1,1729,1649,762,-1,762,1649,763,-1,762,761,1729,-1,1729,761,1730,-1,1729,1730,1728,-1,1728,1730,1731,-1,1728,1731,1727,-1,1727,1731,1732,-1,1727,1732,1726,-1,1726,1732,1733,-1,1726,1733,1725,-1,1725,1733,1734,-1,1725,1734,713,-1,713,1734,714,-1,761,766,1730,-1,1730,766,1657,-1,1730,1657,1731,-1,1731,1657,1659,-1,1731,1659,1732,-1,1732,1659,1661,-1,1732,1661,1733,-1,1733,1661,1663,-1,1733,1663,1734,-1,1734,1663,1665,-1,1734,1665,714,-1,714,1665,710,-1,1646,707,1665,-1,1665,707,711,-1,1665,711,710,-1,704,708,1735,-1,1735,708,1646,-1,1735,1646,1736,-1,1736,1646,1664,-1,1736,1664,1737,-1,1737,1664,1662,-1,1737,1662,1738,-1,1738,1662,1660,-1,1738,1660,1739,-1,1739,1660,1658,-1,1739,1658,764,-1,764,1658,765,-1,764,769,1739,-1,1739,769,1740,-1,1739,1740,1738,-1,1738,1740,1741,-1,1738,1741,1737,-1,1737,1741,1742,-1,1737,1742,1736,-1,1736,1742,1743,-1,1736,1743,1735,-1,1735,1743,1744,-1,1735,1744,704,-1,704,1744,705,-1,769,768,1740,-1,1740,768,1666,-1,1740,1666,1741,-1,1741,1666,1668,-1,1741,1668,1742,-1,1742,1668,1670,-1,1742,1670,1743,-1,1743,1670,1672,-1,1743,1672,1744,-1,1744,1672,1674,-1,1744,1674,705,-1,705,1674,701,-1,1645,698,1674,-1,1674,698,702,-1,1674,702,701,-1,695,699,1745,-1,1745,699,1645,-1,1745,1645,1746,-1,1746,1645,1673,-1,1746,1673,1747,-1,1747,1673,1671,-1,1747,1671,1748,-1,1748,1671,1669,-1,1748,1669,1749,-1,1749,1669,1667,-1,1749,1667,772,-1,772,1667,767,-1,772,771,1749,-1,1749,771,1750,-1,1749,1750,1748,-1,1748,1750,1751,-1,1748,1751,1747,-1,1747,1751,1752,-1,1747,1752,1746,-1,1746,1752,1753,-1,1746,1753,1745,-1,1745,1753,1754,-1,1745,1754,695,-1,695,1754,696,-1,771,770,1750,-1,1750,770,1675,-1,1750,1675,1751,-1,1751,1675,1677,-1,1751,1677,1752,-1,1752,1677,1679,-1,1752,1679,1753,-1,1753,1679,1681,-1,1753,1681,1754,-1,1754,1681,1683,-1,1754,1683,696,-1,696,1683,692,-1,1644,689,1683,-1,1683,689,693,-1,1683,693,692,-1,687,690,1755,-1,1755,690,1644,-1,1755,1644,1756,-1,1756,1644,1682,-1,1756,1682,1757,-1,1757,1682,1680,-1,1757,1680,1758,-1,1758,1680,1678,-1,1758,1678,1759,-1,1759,1678,1676,-1,1759,1676,774,-1,774,1676,775,-1,774,773,1759,-1,1759,773,1760,-1,1759,1760,1758,-1,1758,1760,1761,-1,1758,1761,1757,-1,1757,1761,1762,-1,1757,1762,1756,-1,1756,1762,1763,-1,1756,1763,1755,-1,1755,1763,1764,-1,1755,1764,687,-1,687,1764,754,-1,773,778,1760,-1,1760,778,1684,-1,1760,1684,1761,-1,1761,1684,1686,-1,1761,1686,1762,-1,1762,1686,1688,-1,1762,1688,1763,-1,1763,1688,1690,-1,1763,1690,1764,-1,1764,1690,1692,-1,1764,1692,754,-1,754,1692,755,-1,1643,752,1692,-1,1692,752,756,-1,1692,756,755,-1,749,753,1765,-1,1765,753,1643,-1,1765,1643,1766,-1,1766,1643,1691,-1,1766,1691,1767,-1,1767,1691,1689,-1,1767,1689,1768,-1,1768,1689,1687,-1,1768,1687,1769,-1,1769,1687,1685,-1,1769,1685,776,-1,776,1685,777,-1,776,781,1769,-1,1769,781,1770,-1,1769,1770,1768,-1,1768,1770,1771,-1,1768,1771,1767,-1,1767,1771,1772,-1,1767,1772,1766,-1,1766,1772,1773,-1,1766,1773,1765,-1,1765,1773,1774,-1,1765,1774,749,-1,749,1774,750,-1,781,780,1770,-1,1770,780,1693,-1,1770,1693,1771,-1,1771,1693,1695,-1,1771,1695,1772,-1,1772,1695,1697,-1,1772,1697,1773,-1,1773,1697,1699,-1,1773,1699,1774,-1,1774,1699,1701,-1,1774,1701,750,-1,750,1701,746,-1,1642,743,1701,-1,1701,743,747,-1,1701,747,746,-1,740,744,1775,-1,1775,744,1642,-1,1775,1642,1776,-1,1776,1642,1700,-1,1776,1700,1777,-1,1777,1700,1698,-1,1777,1698,1778,-1,1778,1698,1696,-1,1778,1696,1779,-1,1779,1696,1694,-1,1779,1694,784,-1,784,1694,779,-1,784,783,1779,-1,1779,783,1780,-1,1779,1780,1778,-1,1778,1780,1781,-1,1778,1781,1777,-1,1777,1781,1782,-1,1777,1782,1776,-1,1776,1782,1783,-1,1776,1783,1775,-1,1775,1783,1784,-1,1775,1784,740,-1,740,1784,741,-1,783,782,1780,-1,1780,782,1702,-1,1780,1702,1781,-1,1781,1702,1704,-1,1781,1704,1782,-1,1782,1704,1706,-1,1782,1706,1783,-1,1783,1706,1708,-1,1783,1708,1784,-1,1784,1708,1710,-1,1784,1710,741,-1,741,1710,737,-1,1641,734,1710,-1,1710,734,738,-1,1710,738,737,-1,731,735,1785,-1,1785,735,1641,-1,1785,1641,1786,-1,1786,1641,1709,-1,1786,1709,1787,-1,1787,1709,1707,-1,1787,1707,1788,-1,1788,1707,1705,-1,1788,1705,1789,-1,1789,1705,1703,-1,1789,1703,786,-1,786,1703,787,-1,786,785,1789,-1,1789,785,1790,-1,1789,1790,1788,-1,1788,1790,1791,-1,1788,1791,1787,-1,1787,1791,1792,-1,1787,1792,1786,-1,1786,1792,1793,-1,1786,1793,1785,-1,1785,1793,1794,-1,1785,1794,731,-1,731,1794,732,-1,785,789,1790,-1,1790,789,1711,-1,1790,1711,1791,-1,1791,1711,1713,-1,1791,1713,1792,-1,1792,1713,1715,-1,1792,1715,1793,-1,1793,1715,1717,-1,1793,1717,1794,-1,1794,1717,1719,-1,1794,1719,732,-1,732,1719,728,-1,1640,725,1719,-1,1719,725,729,-1,1719,729,728,-1,722,726,1795,-1,1795,726,1640,-1,1795,1640,1796,-1,1796,1640,1718,-1,1796,1718,1797,-1,1797,1718,1716,-1,1797,1716,1798,-1,1798,1716,1714,-1,1798,1714,1799,-1,1799,1714,1712,-1,1799,1712,758,-1,758,1712,788,-1,758,757,1799,-1,1799,757,1720,-1,1799,1720,1798,-1,1798,1720,1721,-1,1798,1721,1797,-1,1797,1721,1722,-1,1797,1722,1796,-1,1796,1722,1723,-1,1796,1723,1795,-1,1795,1723,1724,-1,1795,1724,722,-1,722,1724,723,-1,831,830,1800,-1,840,839,1801,-1,849,848,1802,-1,858,857,1803,-1,795,794,1804,-1,804,803,1805,-1,813,812,1806,-1,822,821,1807,-1,865,868,1808,-1,1808,868,1809,-1,1808,1809,1810,-1,1810,1809,1811,-1,1810,1811,1812,-1,1812,1811,1813,-1,1812,1813,1814,-1,1814,1813,1815,-1,1814,1815,1816,-1,1816,1815,1807,-1,871,870,1817,-1,1817,870,1818,-1,1817,1818,1819,-1,1819,1818,1820,-1,1819,1820,1821,-1,1821,1820,1822,-1,1821,1822,1823,-1,1823,1822,1824,-1,1823,1824,1825,-1,1825,1824,1806,-1,873,872,1826,-1,1826,872,1827,-1,1826,1827,1828,-1,1828,1827,1829,-1,1828,1829,1830,-1,1830,1829,1831,-1,1830,1831,1832,-1,1832,1831,1833,-1,1832,1833,1834,-1,1834,1833,1805,-1,875,880,1835,-1,1835,880,1836,-1,1835,1836,1837,-1,1837,1836,1838,-1,1837,1838,1839,-1,1839,1838,1840,-1,1839,1840,1841,-1,1841,1840,1842,-1,1841,1842,1843,-1,1843,1842,1804,-1,883,882,1844,-1,1844,882,1845,-1,1844,1845,1846,-1,1846,1845,1847,-1,1846,1847,1848,-1,1848,1847,1849,-1,1848,1849,1850,-1,1850,1849,1851,-1,1850,1851,1852,-1,1852,1851,1803,-1,885,884,1853,-1,1853,884,1854,-1,1853,1854,1855,-1,1855,1854,1856,-1,1855,1856,1857,-1,1857,1856,1858,-1,1857,1858,1859,-1,1859,1858,1860,-1,1859,1860,1861,-1,1861,1860,1802,-1,887,892,1862,-1,1862,892,1863,-1,1862,1863,1864,-1,1864,1863,1865,-1,1864,1865,1866,-1,1866,1865,1867,-1,1866,1867,1868,-1,1868,1867,1869,-1,1868,1869,1870,-1,1870,1869,1801,-1,894,893,1871,-1,1871,893,1872,-1,1871,1872,1873,-1,1873,1872,1874,-1,1873,1874,1875,-1,1875,1874,1876,-1,1875,1876,1877,-1,1877,1876,1878,-1,1877,1878,1879,-1,1879,1878,1800,-1,862,865,1880,-1,1880,865,1808,-1,1880,1808,1881,-1,1881,1808,1810,-1,1881,1810,1882,-1,1882,1810,1812,-1,1882,1812,1883,-1,1883,1812,1814,-1,1883,1814,1884,-1,1884,1814,1816,-1,1884,1816,828,-1,828,1816,824,-1,1807,821,1816,-1,1816,821,825,-1,1816,825,824,-1,818,822,1885,-1,1885,822,1807,-1,1885,1807,1886,-1,1886,1807,1815,-1,1886,1815,1887,-1,1887,1815,1813,-1,1887,1813,1888,-1,1888,1813,1811,-1,1888,1811,1889,-1,1889,1811,1809,-1,1889,1809,867,-1,867,1809,868,-1,867,866,1889,-1,1889,866,1890,-1,1889,1890,1888,-1,1888,1890,1891,-1,1888,1891,1887,-1,1887,1891,1892,-1,1887,1892,1886,-1,1886,1892,1893,-1,1886,1893,1885,-1,1885,1893,1894,-1,1885,1894,818,-1,818,1894,819,-1,866,871,1890,-1,1890,871,1817,-1,1890,1817,1891,-1,1891,1817,1819,-1,1891,1819,1892,-1,1892,1819,1821,-1,1892,1821,1893,-1,1893,1821,1823,-1,1893,1823,1894,-1,1894,1823,1825,-1,1894,1825,819,-1,819,1825,815,-1,1806,812,1825,-1,1825,812,816,-1,1825,816,815,-1,809,813,1895,-1,1895,813,1806,-1,1895,1806,1896,-1,1896,1806,1824,-1,1896,1824,1897,-1,1897,1824,1822,-1,1897,1822,1898,-1,1898,1822,1820,-1,1898,1820,1899,-1,1899,1820,1818,-1,1899,1818,869,-1,869,1818,870,-1,869,874,1899,-1,1899,874,1900,-1,1899,1900,1898,-1,1898,1900,1901,-1,1898,1901,1897,-1,1897,1901,1902,-1,1897,1902,1896,-1,1896,1902,1903,-1,1896,1903,1895,-1,1895,1903,1904,-1,1895,1904,809,-1,809,1904,810,-1,874,873,1900,-1,1900,873,1826,-1,1900,1826,1901,-1,1901,1826,1828,-1,1901,1828,1902,-1,1902,1828,1830,-1,1902,1830,1903,-1,1903,1830,1832,-1,1903,1832,1904,-1,1904,1832,1834,-1,1904,1834,810,-1,810,1834,806,-1,1805,803,1834,-1,1834,803,807,-1,1834,807,806,-1,800,804,1905,-1,1905,804,1805,-1,1905,1805,1906,-1,1906,1805,1833,-1,1906,1833,1907,-1,1907,1833,1831,-1,1907,1831,1908,-1,1908,1831,1829,-1,1908,1829,1909,-1,1909,1829,1827,-1,1909,1827,877,-1,877,1827,872,-1,877,876,1909,-1,1909,876,1910,-1,1909,1910,1908,-1,1908,1910,1911,-1,1908,1911,1907,-1,1907,1911,1912,-1,1907,1912,1906,-1,1906,1912,1913,-1,1906,1913,1905,-1,1905,1913,1914,-1,1905,1914,800,-1,800,1914,801,-1,876,875,1910,-1,1910,875,1835,-1,1910,1835,1911,-1,1911,1835,1837,-1,1911,1837,1912,-1,1912,1837,1839,-1,1912,1839,1913,-1,1913,1839,1841,-1,1913,1841,1914,-1,1914,1841,1843,-1,1914,1843,801,-1,801,1843,797,-1,1804,794,1843,-1,1843,794,798,-1,1843,798,797,-1,792,795,1915,-1,1915,795,1804,-1,1915,1804,1916,-1,1916,1804,1842,-1,1916,1842,1917,-1,1917,1842,1840,-1,1917,1840,1918,-1,1918,1840,1838,-1,1918,1838,1919,-1,1919,1838,1836,-1,1919,1836,879,-1,879,1836,880,-1,879,878,1919,-1,1919,878,1920,-1,1919,1920,1918,-1,1918,1920,1921,-1,1918,1921,1917,-1,1917,1921,1922,-1,1917,1922,1916,-1,1916,1922,1923,-1,1916,1923,1915,-1,1915,1923,1924,-1,1915,1924,792,-1,792,1924,859,-1,878,883,1920,-1,1920,883,1844,-1,1920,1844,1921,-1,1921,1844,1846,-1,1921,1846,1922,-1,1922,1846,1848,-1,1922,1848,1923,-1,1923,1848,1850,-1,1923,1850,1924,-1,1924,1850,1852,-1,1924,1852,859,-1,859,1852,860,-1,1803,857,1852,-1,1852,857,861,-1,1852,861,860,-1,854,858,1925,-1,1925,858,1803,-1,1925,1803,1926,-1,1926,1803,1851,-1,1926,1851,1927,-1,1927,1851,1849,-1,1927,1849,1928,-1,1928,1849,1847,-1,1928,1847,1929,-1,1929,1847,1845,-1,1929,1845,881,-1,881,1845,882,-1,881,886,1929,-1,1929,886,1930,-1,1929,1930,1928,-1,1928,1930,1931,-1,1928,1931,1927,-1,1927,1931,1932,-1,1927,1932,1926,-1,1926,1932,1933,-1,1926,1933,1925,-1,1925,1933,1934,-1,1925,1934,854,-1,854,1934,855,-1,886,885,1930,-1,1930,885,1853,-1,1930,1853,1931,-1,1931,1853,1855,-1,1931,1855,1932,-1,1932,1855,1857,-1,1932,1857,1933,-1,1933,1857,1859,-1,1933,1859,1934,-1,1934,1859,1861,-1,1934,1861,855,-1,855,1861,851,-1,1802,848,1861,-1,1861,848,852,-1,1861,852,851,-1,845,849,1935,-1,1935,849,1802,-1,1935,1802,1936,-1,1936,1802,1860,-1,1936,1860,1937,-1,1937,1860,1858,-1,1937,1858,1938,-1,1938,1858,1856,-1,1938,1856,1939,-1,1939,1856,1854,-1,1939,1854,889,-1,889,1854,884,-1,889,888,1939,-1,1939,888,1940,-1,1939,1940,1938,-1,1938,1940,1941,-1,1938,1941,1937,-1,1937,1941,1942,-1,1937,1942,1936,-1,1936,1942,1943,-1,1936,1943,1935,-1,1935,1943,1944,-1,1935,1944,845,-1,845,1944,846,-1,888,887,1940,-1,1940,887,1862,-1,1940,1862,1941,-1,1941,1862,1864,-1,1941,1864,1942,-1,1942,1864,1866,-1,1942,1866,1943,-1,1943,1866,1868,-1,1943,1868,1944,-1,1944,1868,1870,-1,1944,1870,846,-1,846,1870,842,-1,1801,839,1870,-1,1870,839,843,-1,1870,843,842,-1,836,840,1945,-1,1945,840,1801,-1,1945,1801,1946,-1,1946,1801,1869,-1,1946,1869,1947,-1,1947,1869,1867,-1,1947,1867,1948,-1,1948,1867,1865,-1,1948,1865,1949,-1,1949,1865,1863,-1,1949,1863,891,-1,891,1863,892,-1,891,890,1949,-1,1949,890,1950,-1,1949,1950,1948,-1,1948,1950,1951,-1,1948,1951,1947,-1,1947,1951,1952,-1,1947,1952,1946,-1,1946,1952,1953,-1,1946,1953,1945,-1,1945,1953,1954,-1,1945,1954,836,-1,836,1954,837,-1,890,894,1950,-1,1950,894,1871,-1,1950,1871,1951,-1,1951,1871,1873,-1,1951,1873,1952,-1,1952,1873,1875,-1,1952,1875,1953,-1,1953,1875,1877,-1,1953,1877,1954,-1,1954,1877,1879,-1,1954,1879,837,-1,837,1879,833,-1,1800,830,1879,-1,1879,830,834,-1,1879,834,833,-1,827,831,1955,-1,1955,831,1800,-1,1955,1800,1956,-1,1956,1800,1878,-1,1956,1878,1957,-1,1957,1878,1876,-1,1957,1876,1958,-1,1958,1876,1874,-1,1958,1874,1959,-1,1959,1874,1872,-1,1959,1872,863,-1,863,1872,893,-1,863,862,1959,-1,1959,862,1880,-1,1959,1880,1958,-1,1958,1880,1881,-1,1958,1881,1957,-1,1957,1881,1882,-1,1957,1882,1956,-1,1956,1882,1883,-1,1956,1883,1955,-1,1955,1883,1884,-1,1955,1884,827,-1,827,1884,828,-1,936,935,1960,-1,945,944,1961,-1,954,953,1962,-1,963,962,1963,-1,900,899,1964,-1,909,908,1965,-1,918,917,1966,-1,927,926,1967,-1,970,973,1968,-1,1968,973,1969,-1,1968,1969,1970,-1,1970,1969,1971,-1,1970,1971,1972,-1,1972,1971,1973,-1,1972,1973,1974,-1,1974,1973,1975,-1,1974,1975,1976,-1,1976,1975,1967,-1,976,975,1977,-1,1977,975,1978,-1,1977,1978,1979,-1,1979,1978,1980,-1,1979,1980,1981,-1,1981,1980,1982,-1,1981,1982,1983,-1,1983,1982,1984,-1,1983,1984,1985,-1,1985,1984,1966,-1,978,977,1986,-1,1986,977,1987,-1,1986,1987,1988,-1,1988,1987,1989,-1,1988,1989,1990,-1,1990,1989,1991,-1,1990,1991,1992,-1,1992,1991,1993,-1,1992,1993,1994,-1,1994,1993,1965,-1,980,985,1995,-1,1995,985,1996,-1,1995,1996,1997,-1,1997,1996,1998,-1,1997,1998,1999,-1,1999,1998,2000,-1,1999,2000,2001,-1,2001,2000,2002,-1,2001,2002,2003,-1,2003,2002,1964,-1,988,987,2004,-1,2004,987,2005,-1,2004,2005,2006,-1,2006,2005,2007,-1,2006,2007,2008,-1,2008,2007,2009,-1,2008,2009,2010,-1,2010,2009,2011,-1,2010,2011,2012,-1,2012,2011,1963,-1,990,989,2013,-1,2013,989,2014,-1,2013,2014,2015,-1,2015,2014,2016,-1,2015,2016,2017,-1,2017,2016,2018,-1,2017,2018,2019,-1,2019,2018,2020,-1,2019,2020,2021,-1,2021,2020,1962,-1,992,997,2022,-1,2022,997,2023,-1,2022,2023,2024,-1,2024,2023,2025,-1,2024,2025,2026,-1,2026,2025,2027,-1,2026,2027,2028,-1,2028,2027,2029,-1,2028,2029,2030,-1,2030,2029,1961,-1,999,998,2031,-1,2031,998,2032,-1,2031,2032,2033,-1,2033,2032,2034,-1,2033,2034,2035,-1,2035,2034,2036,-1,2035,2036,2037,-1,2037,2036,2038,-1,2037,2038,2039,-1,2039,2038,1960,-1,967,970,2040,-1,2040,970,1968,-1,2040,1968,2041,-1,2041,1968,1970,-1,2041,1970,2042,-1,2042,1970,1972,-1,2042,1972,2043,-1,2043,1972,1974,-1,2043,1974,2044,-1,2044,1974,1976,-1,2044,1976,933,-1,933,1976,929,-1,1967,926,1976,-1,1976,926,930,-1,1976,930,929,-1,923,927,2045,-1,2045,927,1967,-1,2045,1967,2046,-1,2046,1967,1975,-1,2046,1975,2047,-1,2047,1975,1973,-1,2047,1973,2048,-1,2048,1973,1971,-1,2048,1971,2049,-1,2049,1971,1969,-1,2049,1969,972,-1,972,1969,973,-1,972,971,2049,-1,2049,971,2050,-1,2049,2050,2048,-1,2048,2050,2051,-1,2048,2051,2047,-1,2047,2051,2052,-1,2047,2052,2046,-1,2046,2052,2053,-1,2046,2053,2045,-1,2045,2053,2054,-1,2045,2054,923,-1,923,2054,924,-1,971,976,2050,-1,2050,976,1977,-1,2050,1977,2051,-1,2051,1977,1979,-1,2051,1979,2052,-1,2052,1979,1981,-1,2052,1981,2053,-1,2053,1981,1983,-1,2053,1983,2054,-1,2054,1983,1985,-1,2054,1985,924,-1,924,1985,920,-1,1966,917,1985,-1,1985,917,921,-1,1985,921,920,-1,914,918,2055,-1,2055,918,1966,-1,2055,1966,2056,-1,2056,1966,1984,-1,2056,1984,2057,-1,2057,1984,1982,-1,2057,1982,2058,-1,2058,1982,1980,-1,2058,1980,2059,-1,2059,1980,1978,-1,2059,1978,974,-1,974,1978,975,-1,974,979,2059,-1,2059,979,2060,-1,2059,2060,2058,-1,2058,2060,2061,-1,2058,2061,2057,-1,2057,2061,2062,-1,2057,2062,2056,-1,2056,2062,2063,-1,2056,2063,2055,-1,2055,2063,2064,-1,2055,2064,914,-1,914,2064,915,-1,979,978,2060,-1,2060,978,1986,-1,2060,1986,2061,-1,2061,1986,1988,-1,2061,1988,2062,-1,2062,1988,1990,-1,2062,1990,2063,-1,2063,1990,1992,-1,2063,1992,2064,-1,2064,1992,1994,-1,2064,1994,915,-1,915,1994,911,-1,1965,908,1994,-1,1994,908,912,-1,1994,912,911,-1,905,909,2065,-1,2065,909,1965,-1,2065,1965,2066,-1,2066,1965,1993,-1,2066,1993,2067,-1,2067,1993,1991,-1,2067,1991,2068,-1,2068,1991,1989,-1,2068,1989,2069,-1,2069,1989,1987,-1,2069,1987,982,-1,982,1987,977,-1,982,981,2069,-1,2069,981,2070,-1,2069,2070,2068,-1,2068,2070,2071,-1,2068,2071,2067,-1,2067,2071,2072,-1,2067,2072,2066,-1,2066,2072,2073,-1,2066,2073,2065,-1,2065,2073,2074,-1,2065,2074,905,-1,905,2074,906,-1,981,980,2070,-1,2070,980,1995,-1,2070,1995,2071,-1,2071,1995,1997,-1,2071,1997,2072,-1,2072,1997,1999,-1,2072,1999,2073,-1,2073,1999,2001,-1,2073,2001,2074,-1,2074,2001,2003,-1,2074,2003,906,-1,906,2003,902,-1,1964,899,2003,-1,2003,899,903,-1,2003,903,902,-1,897,900,2075,-1,2075,900,1964,-1,2075,1964,2076,-1,2076,1964,2002,-1,2076,2002,2077,-1,2077,2002,2000,-1,2077,2000,2078,-1,2078,2000,1998,-1,2078,1998,2079,-1,2079,1998,1996,-1,2079,1996,984,-1,984,1996,985,-1,984,983,2079,-1,2079,983,2080,-1,2079,2080,2078,-1,2078,2080,2081,-1,2078,2081,2077,-1,2077,2081,2082,-1,2077,2082,2076,-1,2076,2082,2083,-1,2076,2083,2075,-1,2075,2083,2084,-1,2075,2084,897,-1,897,2084,964,-1,983,988,2080,-1,2080,988,2004,-1,2080,2004,2081,-1,2081,2004,2006,-1,2081,2006,2082,-1,2082,2006,2008,-1,2082,2008,2083,-1,2083,2008,2010,-1,2083,2010,2084,-1,2084,2010,2012,-1,2084,2012,964,-1,964,2012,965,-1,1963,962,2012,-1,2012,962,966,-1,2012,966,965,-1,959,963,2085,-1,2085,963,1963,-1,2085,1963,2086,-1,2086,1963,2011,-1,2086,2011,2087,-1,2087,2011,2009,-1,2087,2009,2088,-1,2088,2009,2007,-1,2088,2007,2089,-1,2089,2007,2005,-1,2089,2005,986,-1,986,2005,987,-1,986,991,2089,-1,2089,991,2090,-1,2089,2090,2088,-1,2088,2090,2091,-1,2088,2091,2087,-1,2087,2091,2092,-1,2087,2092,2086,-1,2086,2092,2093,-1,2086,2093,2085,-1,2085,2093,2094,-1,2085,2094,959,-1,959,2094,960,-1,991,990,2090,-1,2090,990,2013,-1,2090,2013,2091,-1,2091,2013,2015,-1,2091,2015,2092,-1,2092,2015,2017,-1,2092,2017,2093,-1,2093,2017,2019,-1,2093,2019,2094,-1,2094,2019,2021,-1,2094,2021,960,-1,960,2021,956,-1,1962,953,2021,-1,2021,953,957,-1,2021,957,956,-1,950,954,2095,-1,2095,954,1962,-1,2095,1962,2096,-1,2096,1962,2020,-1,2096,2020,2097,-1,2097,2020,2018,-1,2097,2018,2098,-1,2098,2018,2016,-1,2098,2016,2099,-1,2099,2016,2014,-1,2099,2014,994,-1,994,2014,989,-1,994,993,2099,-1,2099,993,2100,-1,2099,2100,2098,-1,2098,2100,2101,-1,2098,2101,2097,-1,2097,2101,2102,-1,2097,2102,2096,-1,2096,2102,2103,-1,2096,2103,2095,-1,2095,2103,2104,-1,2095,2104,950,-1,950,2104,951,-1,993,992,2100,-1,2100,992,2022,-1,2100,2022,2101,-1,2101,2022,2024,-1,2101,2024,2102,-1,2102,2024,2026,-1,2102,2026,2103,-1,2103,2026,2028,-1,2103,2028,2104,-1,2104,2028,2030,-1,2104,2030,951,-1,951,2030,947,-1,1961,944,2030,-1,2030,944,948,-1,2030,948,947,-1,941,945,2105,-1,2105,945,1961,-1,2105,1961,2106,-1,2106,1961,2029,-1,2106,2029,2107,-1,2107,2029,2027,-1,2107,2027,2108,-1,2108,2027,2025,-1,2108,2025,2109,-1,2109,2025,2023,-1,2109,2023,996,-1,996,2023,997,-1,996,995,2109,-1,2109,995,2110,-1,2109,2110,2108,-1,2108,2110,2111,-1,2108,2111,2107,-1,2107,2111,2112,-1,2107,2112,2106,-1,2106,2112,2113,-1,2106,2113,2105,-1,2105,2113,2114,-1,2105,2114,941,-1,941,2114,942,-1,995,999,2110,-1,2110,999,2031,-1,2110,2031,2111,-1,2111,2031,2033,-1,2111,2033,2112,-1,2112,2033,2035,-1,2112,2035,2113,-1,2113,2035,2037,-1,2113,2037,2114,-1,2114,2037,2039,-1,2114,2039,942,-1,942,2039,938,-1,1960,935,2039,-1,2039,935,939,-1,2039,939,938,-1,932,936,2115,-1,2115,936,1960,-1,2115,1960,2116,-1,2116,1960,2038,-1,2116,2038,2117,-1,2117,2038,2036,-1,2117,2036,2118,-1,2118,2036,2034,-1,2118,2034,2119,-1,2119,2034,2032,-1,2119,2032,968,-1,968,2032,998,-1,968,967,2119,-1,2119,967,2040,-1,2119,2040,2118,-1,2118,2040,2041,-1,2118,2041,2117,-1,2117,2041,2042,-1,2117,2042,2116,-1,2116,2042,2043,-1,2116,2043,2115,-1,2115,2043,2044,-1,2115,2044,932,-1,932,2044,933,-1,
        ]
    }
}
Shape{
    appearance Appearance {
        material  Material 	{
            diffuseColor 0.1803921568627451 0.1803921568627451 0.1803921568627451
            specularColor 0.09019607843137255 0.09019607843137255 0.09019607843137255
            ambientIntensity 0.2
            transparency 0
            shininess 0.5
        }
    }
    geometry IndexedFaceSet {
        ccw TRUE
        solid FALSE
        coord DEF co Coordinate {
            point [
                0.2028 -0.2553 0.128, 0.2028 -0.2475 0.128, 0.1349 -0.2475 0.128, 0.0589 -0.2204 0.128, 0.0589 0.0054 0.128, 0.0332 0.0054 0.128, -0.1102 0.2738 0.128, -0.1089 0.2636 0.128, -0.1038 0.3209 0.128, 0.0589 0.3209 0.128, 0.0332 0.3209 0.128, 0.2028 0.0054 0.128, 0.2028 0.3209 0.128, 0.1349 0.3209 0.128, 0.0894 -0.2898 0.128, 0.0888 -0.2899 0.128, 0.0952 -0.2899 0.128, 0.0691 -0.2206 0.128, 0.0711 -0.2204 0.128, 0.0605 -0.2204 0.128, 0.0759 -0.2474 0.128, 0.0742 -0.2475 0.128, 0.083 -0.2475 0.128, 0.1474 -0.2473 0.128, 0.1447 -0.24 0.128, 0.1349 -0.24 0.128, 0.01 -0.2414 0.128, 0.0152 -0.2457 0.128, 0.0332 -0.2204 0.128, 0.0332 -0.2475 0.128, -0.0153 -0.2176 0.128, -0.0112 -0.2204 0.128, -0.0068 -0.2233 0.128, -0.0005 -0.2305 0.128, 0.0035 -0.2383 0.128, 0.0043 -0.2386 0.128, -0.0507 -0.218 0.128, -0.042 -0.2146 0.128, -0.1038 0.0054 0.128, -0.0326 -0.2134 0.128, -0.0248 -0.2143 0.128, -0.1038 -0.2204 0.128, -0.0756 -0.2297 0.128, -0.0681 -0.2288 0.128, -0.1038 -0.2475 0.128, -0.0961 -0.2475 0.128, -0.0945 -0.2438 0.128, -0.0899 -0.2379 0.128, -0.0546 -0.2204 0.128, -0.0554 -0.2208 0.128, -0.0598 -0.2247 0.128, -0.0659 -0.2289 0.128, -0.0637 -0.2292 0.128, -0.0886 -0.2367 0.128, -0.0826 -0.2325 0.128, -0.0757 -0.2893 0.128, -0.0781 -0.2886 0.128, -0.1038 -0.2899 0.128, -0.085 -0.2853 0.128, -0.0909 -0.2802 0.128, -0.0952 -0.2741 0.128, -0.0979 -0.267 0.128, -0.1038 -0.2553 0.128, -0.0988 -0.2596 0.128, -0.0988 -0.2578 0.128, -0.0983 -0.2553 0.128, -0.0975 -0.2506 0.128, -0.0676 -0.2995 0.128, -0.0713 -0.2966 0.128, -0.1038 -0.3004 0.128, -0.074 -0.293 0.128, -0.0754 -0.2899 0.128, -0.1038 -0.3209 0.128, -0.0633 -0.3014 0.128, -0.0655 -0.3004 0.128, -0.0497 -0.3004 0.128, -0.0536 -0.3018 0.128, 0.0332 -0.3209 0.128, -0.0576 -0.3023 0.128, -0.0588 -0.3022 0.128, -0.0399 -0.2899 0.128, -0.0399 -0.2901 0.128, 0.0332 -0.3004 0.128, -0.0422 -0.2943 0.128, -0.0454 -0.2978 0.128, -0.0493 -0.3003 0.128, 0.0214 -0.2569 0.128, 0.0222 -0.2632 0.128, 0.0332 -0.2553 0.128, -0.0156 -0.2786 0.128, -0.0143 -0.2781 0.128, -0.0121 -0.2673 0.128, -0.0434 -0.2706 0.128, -0.018 -0.2573 0.128, -0.0464 -0.2678 0.128, -0.0504 -0.2655 0.128, 0.0152 -0.2812 0.128, 0.0101 -0.2855 0.128, 0.0332 -0.2899 0.128, 0.0104 -0.2617 0.128, 0.0095 -0.2581 0.128, 0.008 -0.2553 0.128, -0.0865 -0.2553 0.128, -0.0168 -0.2795 0.128, 0.019 -0.2759 0.128, -0.0129 -0.278 0.128, -0.0127 -0.278 0.128, -0.0121 -0.2781 0.128, 0.0214 -0.2699 0.128, -0.0866 -0.2624 0.128, -0.0731 -0.2721 0.128, -0.0869 -0.2592 0.128, -0.0699 -0.2686 0.128, -0.0659 -0.266 0.128, -0.0852 -0.267 0.128, -0.0826 -0.2711 0.128, -0.0753 -0.276 0.128, -0.0791 -0.2745 0.128, -0.0755 -0.2766 0.128, 0.0043 -0.2884 0.128, -0.002 -0.2897 0.128, -0.0132 -0.2897 0.128, -0.0142 -0.2896 0.128, -0.0155 -0.2891 0.128, -0.0167 -0.2883 0.128, -0.0173 -0.2877 0.128, -0.0617 -0.2646 0.128, -0.0576 -0.2641 0.128, -0.0549 -0.2643 0.128, 0.0067 -0.2734 0.128, 0.0087 -0.2704 0.128, 0.01 -0.267 0.128, 0.0105 -0.2634 0.128, -0.0187 -0.2838 0.128, -0.0187 -0.2833 0.128, -0.0387 -0.2814 0.128, -0.0184 -0.2818 0.128, -0.0177 -0.2805 0.128, -0.0117 -0.2782 0.128, -0.0032 -0.2782 0.128, 0.0001 -0.2775 0.128, -0.0181 -0.2865 0.128, -0.0186 -0.2852 0.128, -0.0388 -0.2854 0.128, -0.0387 -0.2833 0.128, 0.0034 -0.276 0.128, 0.0063 -0.2738 0.128, -0.0849 -0.2508 0.128, -0.0864 -0.2551 0.128, -0.0058 -0.2485 0.128, -0.0043 -0.2485 0.128, 0.0078 -0.2548 0.128, 0.0055 -0.2523 0.128, 0.0026 -0.2503 0.128, -0.0007 -0.249 0.128, -0.01 -0.2371 0.128, -0.0143 -0.232 0.128, -0.0578 -0.243 0.128, -0.0147 -0.2316 0.128, -0.02 -0.2279 0.128, -0.0549 -0.237 0.128, -0.0828 -0.2475 0.128, -0.0597 -0.2421 0.128, -0.0061 -0.2475 0.128, -0.007 -0.2432 0.128, -0.064 -0.2406 0.128, -0.0679 -0.2402 0.128, -0.07 -0.2403 0.128, -0.0507 -0.2319 0.128, -0.0259 -0.2256 0.128, -0.0456 -0.2283 0.128, -0.0324 -0.2248 0.128, -0.0394 -0.2257 0.128, -0.0747 -0.2415 0.128, -0.0789 -0.2438 0.128, -0.0824 -0.247 0.128, 0.0164 -0.2475 0.128, 0.019 -0.2511 0.128, 0.0207 -0.2553 0.128, 0.1512 -0.2473 0.128, 0.141 -0.2206 0.128, 0.2028 -0.2204 0.128, 0.1349 -0.2204 0.128, 0.131 -0.2473 0.128, 0.1272 -0.2473 0.128, 0.1265 -0.2475 0.128, 0.1336 -0.24 0.128, 0.1265 -0.2204 0.128, 0.1349 -0.2271 0.128, 0.1374 -0.2206 0.128, 0.0952 -0.2353 0.128, 0.088 -0.2353 0.128, 0.0952 -0.2443 0.128, 0.088 -0.2443 0.128, 0.1015 -0.2204 0.128, 0.0952 -0.2204 0.128, 0.0983 -0.2206 0.128, 0.0952 -0.2206 0.128, 0.0983 -0.2237 0.128, 0.0989 -0.2443 0.128, 0.1015 -0.2475 0.128, 0.0989 -0.2473 0.128, 0.0952 -0.2475 0.128, 0.0976 -0.2353 0.128, 0.0976 -0.2322 0.128, 0.0952 -0.2322 0.128, 0.0952 -0.2237 0.128, 0.088 -0.2237 0.128, 0.088 -0.2322 0.128, 0.0846 -0.2206 0.128, 0.083 -0.2204 0.128, 0.0846 -0.2473 0.128, 0.0792 -0.2212 0.128, 0.0765 -0.2204 0.128, 0.0757 -0.2204 0.128, 0.0952 -0.2473 0.128, 0.0792 -0.2248 0.128, 0.0788 -0.2464 0.128, 0.0736 -0.2446 0.128, 0.0766 -0.2441 0.128, 0.0792 -0.2429 0.128, 0.0792 -0.2462 0.128, 0.0642 -0.2401 0.128, 0.0655 -0.2419 0.128, 0.066 -0.2424 0.128, 0.0677 -0.2436 0.128, 0.0696 -0.2443 0.128, 0.0724 -0.2447 0.128, 0.0762 -0.2237 0.128, 0.0653 -0.2266 0.128, 0.079 -0.2247 0.128, 0.0641 -0.2285 0.128, 0.0632 -0.2309 0.128, 0.073 -0.2233 0.128, 0.0719 -0.2233 0.128, 0.0657 -0.2262 0.128, 0.0696 -0.2238 0.128, 0.0675 -0.2247 0.128, 0.0629 -0.2343 0.128, 0.0629 -0.2352 0.128, 0.0633 -0.2379 0.128, 0.0605 0.0054 0.128, 0.0729 -0.2202 0.128, 0.083 0.0054 0.128, 0.0731 -0.2202 0.128, 0.0599 -0.2296 0.128, 0.0605 -0.2283 0.128, 0.0612 -0.2266 0.128, 0.0631 -0.2241 0.128, 0.0637 -0.2235 0.128, 0.0663 -0.2217 0.128, 0.0605 -0.2405 0.128, 0.0597 -0.2386 0.128, 0.0589 -0.2475 0.128, 0.0593 -0.2345 0.128, 0.0593 -0.2331 0.128, 0.0648 -0.2459 0.128, 0.0627 -0.2441 0.128, 0.0605 -0.2475 0.128, 0.0623 -0.2437 0.128, 0.0608 -0.2414 0.128, 0.0719 -0.2477 0.128, 0.0703 -0.2477 0.128, 0.0605 -0.2553 0.128, 0.0695 -0.2475 0.128, 0.0674 -0.2471 0.128, 0.125 -0.2384 0.128, 0.1237 -0.2412 0.128, 0.1217 -0.2436 0.128, 0.1162 -0.2204 0.128, 0.1162 -0.2213 0.128, 0.1189 -0.2222 0.128, 0.1162 -0.2466 0.128, 0.1162 -0.2475 0.128, 0.1186 -0.2457 0.128, 0.1212 -0.244 0.128, 0.1217 -0.2241 0.128, 0.1226 -0.225 0.128, 0.1243 -0.2273 0.128, 0.1253 -0.2299 0.128, 0.1257 -0.2336 0.128, 0.1256 -0.2353 0.128, 0.1116 -0.2206 0.128, 0.1157 -0.2211 0.128, 0.1155 -0.2468 0.128, 0.1113 -0.2473 0.128, 0.104 -0.2473 0.128, 0.104 -0.2206 0.128, 0.0736 -0.2896 0.128, 0.0696 -0.2899 0.128, 0.077 -0.2896 0.128, 0.083 -0.2899 0.128, 0.063 -0.2805 0.128, 0.0635 -0.2752 0.128, 0.0623 -0.2815 0.128, 0.0619 -0.2827 0.128, 0.0736 -0.2867 0.128, 0.0735 -0.2867 0.128, 0.0727 -0.2878 0.128, 0.0656 -0.2898 0.128, 0.0644 -0.2893 0.128, 0.0605 -0.2899 0.128, 0.0623 -0.2873 0.128, 0.0619 -0.2862 0.128, 0.0666 -0.2706 0.128, 0.0642 -0.2715 0.128, 0.0635 -0.2719 0.128, 0.0716 -0.2889 0.128, 0.0709 -0.2893 0.128, 0.0709 -0.273 0.128, 0.0698 -0.2729 0.128, 0.068 -0.2783 0.128, 0.0633 -0.2886 0.128, 0.063 -0.2883 0.128, 0.064 -0.2797 0.128, 0.0655 -0.2789 0.128, 0.0659 -0.2737 0.128, 0.068 -0.273 0.128, 0.0617 -0.2845 0.128, 0.0617 -0.2841 0.128, 0.083 -0.2793 0.128, 0.0815 -0.2855 0.128, 0.083 -0.2793 0.128, 0.0827 -0.2863 0.128, 0.083 -0.2864 0.128, 0.0701 -0.2701 0.128, 0.0721 -0.2703 0.128, 0.0735 -0.2707 0.128, 0.0746 -0.2714 0.128, 0.082 -0.2735 0.128, 0.0826 -0.2726 0.128, 0.083 -0.2553 0.128, 0.0736 -0.2775 0.128, 0.0735 -0.276 0.128, 0.0732 -0.2748 0.128, 0.0728 -0.2741 0.128, 0.0723 -0.2736 0.128, 0.0717 -0.2732 0.128, 0.0825 -0.2787 0.128, 0.0821 -0.2781 0.128, 0.077 -0.2774 0.128, 0.0817 -0.2771 0.128, 0.0767 -0.2748 0.128, 0.0755 -0.2722 0.128, 0.0762 -0.2733 0.128, 0.0816 -0.2746 0.128, 0.0815 -0.2757 0.128, 0.0677 -0.2901 0.128, 0.0672 -0.2901 0.128, 0.0605 -0.3004 0.128, 0.0658 -0.2899 0.128, 0.0815 -0.289 0.128, 0.083 -0.2895 0.128, 0.0838 -0.2898 0.128, 0.0845 -0.2899 0.128, 0.0867 -0.2901 0.128, 0.083 -0.3004 0.128, 0.0935 -0.271 0.128, 0.0935 -0.2742 0.128, 0.0938 -0.2868 0.128, 0.0932 -0.2877 0.128, 0.083 -0.2722 0.128, 0.0837 -0.2717 0.128, 0.0844 -0.2712 0.128, 0.0942 -0.2857 0.128, 0.0862 -0.2705 0.128, 0.0889 -0.2701 0.128, 0.0952 -0.2553 0.128, 0.0913 -0.2703 0.128, 0.0922 -0.2886 0.128, 0.0913 -0.2891 0.128, 0.0933 -0.2813 0.128, 0.0938 -0.2821 0.128, 0.0942 -0.2831 0.128, 0.0944 -0.2845 0.128, 0.0886 -0.2729 0.128, 0.0876 -0.2729 0.128, 0.085 -0.2754 0.128, 0.0867 -0.2732 0.128, 0.086 -0.2736 0.128, 0.085 -0.2759 0.128, 0.0851 -0.2764 0.128, 0.0854 -0.2768 0.128, 0.0857 -0.2772 0.128, 0.0869 -0.2779 0.128, 0.091 -0.2731 0.128, 0.0889 -0.2788 0.128, 0.0929 -0.2739 0.128, 0.09 -0.2792 0.128, 0.0923 -0.2805 0.128, 0.0855 -0.274 0.128, 0.0852 -0.2744 0.128, 0.085 -0.2749 0.128, 0.0848 -0.2871 0.128, 0.0866 -0.2813 0.128, 0.0846 -0.2803 0.128, 0.087 -0.2874 0.128, 0.0872 -0.2874 0.128, 0.0888 -0.2822 0.128, 0.0889 -0.2872 0.128, 0.0909 -0.2848 0.128, 0.0909 -0.2844 0.128, 0.0897 -0.2868 0.128, 0.09 -0.2867 0.128, 0.0904 -0.2863 0.128, 0.0907 -0.2859 0.128, 0.0909 -0.2854 0.128, 0.0908 -0.2838 0.128, 0.0905 -0.2834 0.128, 0.0901 -0.283 0.128, 0.1109 -0.2706 0.128, 0.1144 -0.2706 0.128, 0.1162 -0.2553 0.128, 0.1048 -0.2849 0.128, 0.1052 -0.2865 0.128, 0.1053 -0.2865 0.128, 0.1015 -0.2553 0.128, 0.1015 -0.2752 0.128, 0.1057 -0.2849 0.128, 0.1055 -0.2858 0.128, 0.1015 -0.2899 0.128, 0.1015 -0.2842 0.128, 0.0961 -0.2706 0.128, 0.0999 -0.2706 0.128, 0.1036 -0.2896 0.128, 0.1035 -0.2899 0.128, 0.1021 -0.2931 0.128, 0.0952 -0.3004 0.128, 0.0968 -0.2983 0.128, 0.0968 -0.2954 0.128, 0.0977 -0.2956 0.128, 0.0987 -0.2957 0.128, 0.1015 -0.298 0.128, 0.1004 -0.2984 0.128, 0.1015 -0.3004 0.128, 0.099 -0.2986 0.128, 0.0978 -0.2985 0.128, 0.0993 -0.2957 0.128, 0.1001 -0.2955 0.128, 0.1007 -0.2951 0.128, 0.1014 -0.2944 0.128, 0.1015 -0.2942 0.128, 0.1162 -0.3004 0.128, 0.1029 -0.2971 0.128, 0.1017 -0.2979 0.128, 0.1068 -0.2899 0.128, 0.1058 -0.2925 0.128, 0.1042 -0.2955 0.128, 0.1265 -0.2776 0.128, 0.1215 -0.2776 0.128, 0.1265 -0.2866 0.128, 0.1215 -0.2866 0.128, 0.1318 -0.2629 0.128, 0.1318 -0.266 0.128, 0.1349 -0.2553 0.128, 0.1324 -0.2866 0.128, 0.1349 -0.2899 0.128, 0.1324 -0.2896 0.128, 0.1265 -0.2899 0.128, 0.131 -0.2776 0.128, 0.131 -0.2746 0.128, 0.1265 -0.2746 0.128, 0.1265 -0.266 0.128, 0.1215 -0.266 0.128, 0.1215 -0.2746 0.128, 0.1265 -0.2896 0.128, 0.118 -0.2896 0.128, 0.1162 -0.2899 0.128, 0.118 -0.2629 0.128, 0.1265 -0.2629 0.128, 0.1265 -0.2553 0.128, 0.1349 0.0054 0.128, 0.1265 0.3209 0.128, 0.1265 0.0054 0.128, 0.1162 0.3209 0.128, 0.1162 0.0054 0.128, 0.1015 0.3209 0.128, 0.1015 0.0054 0.128, 0.0952 0.3209 0.128, 0.0952 0.0054 0.128, 0.083 0.3209 0.128, 0.0605 0.3209 0.128, -0.1102 0.2535 0.128, -0.1141 0.244 0.128, -0.1285 0.2977 0.128, -0.1204 0.2915 0.128, -0.1141 0.2833 0.128, -0.1204 0.2358 0.128, -0.1285 0.2296 0.128, -0.138 0.2256 0.128, -0.2028 0.0054 0.128, -0.1761 0.2358 0.128, -0.1823 0.244 0.128, -0.1482 0.2243 0.128, -0.1584 0.2256 0.128, -0.1679 0.2296 0.128, -0.1679 0.2977 0.128, -0.2028 0.3209 0.128, -0.1761 0.2915 0.128, -0.1823 0.2833 0.128, -0.1584 0.3017 0.128, -0.1482 0.303 0.128, -0.138 0.3017 0.128, -0.1863 0.2535 0.128, -0.1876 0.2636 0.128, -0.1863 0.2738 0.128, 0.0582 -0.2443 0.128, 0.0582 -0.2473 0.128, 0.0441 -0.2473 0.128, 0.0441 -0.2206 0.128, 0.0475 -0.2206 0.128, 0.0475 -0.2443 0.128, 0.0589 -0.2553 0.128, 0.1644 -0.2896 0.128, 0.1606 -0.2896 0.128, 0.1781 -0.2823 0.128, 0.167 -0.2823 0.128, 0.1808 -0.2896 0.128, 0.2028 -0.2899 0.128, 0.1745 -0.2629 0.128, 0.1846 -0.2896 0.128, 0.1708 -0.2629 0.128, 0.1587 -0.2722 0.128, 0.1591 -0.2759 0.128, 0.1591 -0.2776 0.128, 0.1584 -0.2808 0.128, 0.1571 -0.2835 0.128, 0.1551 -0.2859 0.128, 0.1547 -0.2863 0.128, 0.152 -0.288 0.128, 0.1374 -0.2629 0.128, 0.1374 -0.2896 0.128, 0.1448 -0.2896 0.128, 0.1489 -0.2892 0.128, 0.1551 -0.2665 0.128, 0.156 -0.2674 0.128, 0.1577 -0.2697 0.128, 0.145 -0.2629 0.128, 0.1491 -0.2634 0.128, 0.1523 -0.2646 0.128, 0.0589 -0.2899 0.128, 0.0441 -0.2896 0.128, 0.0585 -0.2896 0.128, 0.0585 -0.2866 0.128, 0.0578 -0.266 0.128, 0.0441 -0.2629 0.128, 0.0578 -0.2629 0.128, 0.0475 -0.2776 0.128, 0.0475 -0.2866 0.128, 0.0571 -0.2776 0.128, 0.0571 -0.2746 0.128, 0.0475 -0.2746 0.128, 0.0475 -0.266 0.128, 0.1265 -0.3004 0.128, 0.1349 -0.3004 0.128, 0.2028 -0.3004 0.128, 0.0589 -0.3004 0.128, 0.0589 -0.3209 0.128, 0.0605 -0.3209 0.128, 0.083 -0.3209 0.128, 0.0952 -0.3209 0.128, 0.1015 -0.3209 0.128, 0.1162 -0.3209 0.128, 0.1265 -0.3209 0.128, 0.1349 -0.3209 0.128, 0.2028 -0.3209 0.128, -0.2028 -0.2204 0.128, -0.2028 -0.2475 0.128, -0.2028 -0.2553 0.128, -0.2028 -0.2899 0.128, -0.2028 -0.3004 0.128, -0.2028 -0.3209 0.128, 0.2028 -0.3209 0.1181, -0.2028 -0.3209 0.1181, 0.2028 0.3209 0.1181, -0.2028 0.3209 0.1181, -0.2028 0.3209 0.1181
            ]
        }
        coordIndex [
            0,1,2,-1,3,4,5,-1,6,7,8,-1,4,9,10,-1,11,12,13,-1,14,15,16,-1,17,18,19,-1,20,21,22,-1,23,24,25,-1,26,27,28,-1,28,27,29,-1,30,31,28,-1,28,31,32,-1,28,32,33,-1,33,34,28,-1,28,34,35,-1,28,35,26,-1,36,37,38,-1,38,37,5,-1,5,37,39,-1,5,39,40,-1,41,42,43,-1,44,45,41,-1,41,45,46,-1,41,46,47,-1,36,38,48,-1,48,38,41,-1,48,41,49,-1,49,41,43,-1,49,43,50,-1,50,43,51,-1,50,51,52,-1,47,53,41,-1,41,53,54,-1,41,54,42,-1,55,56,57,-1,57,56,58,-1,57,58,59,-1,59,60,57,-1,57,60,61,-1,57,61,62,-1,62,61,63,-1,63,64,62,-1,62,64,65,-1,62,65,44,-1,44,65,66,-1,44,66,45,-1,67,68,69,-1,69,68,70,-1,69,70,57,-1,57,70,71,-1,57,71,55,-1,72,73,69,-1,69,73,74,-1,69,74,67,-1,75,76,77,-1,77,76,78,-1,77,78,72,-1,72,78,79,-1,72,79,73,-1,80,81,82,-1,82,81,83,-1,83,84,82,-1,82,84,85,-1,82,85,75,-1,86,87,88,-1,89,90,91,-1,92,93,94,-1,94,93,95,-1,96,97,98,-1,99,100,93,-1,93,100,101,-1,93,101,102,-1,89,91,103,-1,96,98,104,-1,90,105,91,-1,91,105,106,-1,91,106,107,-1,88,87,98,-1,98,87,108,-1,98,108,104,-1,109,110,111,-1,111,110,112,-1,111,112,102,-1,102,112,113,-1,109,114,110,-1,110,114,115,-1,110,115,116,-1,116,115,117,-1,116,117,118,-1,97,119,98,-1,98,119,120,-1,98,120,80,-1,80,120,121,-1,80,121,122,-1,122,123,80,-1,80,123,124,-1,80,124,125,-1,113,126,102,-1,102,126,127,-1,102,127,93,-1,93,127,128,-1,93,128,95,-1,129,130,91,-1,91,130,131,-1,91,131,93,-1,93,131,132,-1,93,132,99,-1,133,134,135,-1,135,134,136,-1,135,136,91,-1,91,136,137,-1,91,137,103,-1,107,138,91,-1,91,138,139,-1,91,139,140,-1,125,141,80,-1,80,141,142,-1,80,142,143,-1,143,142,133,-1,143,133,144,-1,144,133,135,-1,140,145,91,-1,91,145,146,-1,91,146,129,-1,147,148,149,-1,148,102,149,-1,149,102,101,-1,149,101,150,-1,150,101,151,-1,151,152,150,-1,150,152,153,-1,150,153,154,-1,155,156,157,-1,156,158,157,-1,157,158,159,-1,157,159,160,-1,161,157,162,-1,147,149,161,-1,161,149,163,-1,161,163,157,-1,157,163,164,-1,157,164,155,-1,162,165,161,-1,161,165,166,-1,161,166,167,-1,160,159,168,-1,168,159,169,-1,168,169,170,-1,170,169,171,-1,170,171,172,-1,173,174,167,-1,167,174,175,-1,167,175,161,-1,27,176,29,-1,29,176,177,-1,29,177,88,-1,88,177,178,-1,88,178,86,-1,23,2,179,-1,179,2,1,-1,179,1,180,-1,180,1,181,-1,180,181,182,-1,183,184,185,-1,23,25,2,-1,2,25,186,-1,2,186,183,-1,185,184,187,-1,187,184,188,-1,187,188,182,-1,182,188,189,-1,182,189,180,-1,190,191,192,-1,192,191,193,-1,194,195,196,-1,196,195,197,-1,196,198,194,-1,194,198,199,-1,194,199,200,-1,200,199,201,-1,200,201,202,-1,190,192,203,-1,203,192,199,-1,203,199,204,-1,204,199,198,-1,204,198,205,-1,198,206,205,-1,205,206,207,-1,205,207,208,-1,197,195,209,-1,209,195,210,-1,209,210,211,-1,212,210,213,-1,213,210,214,-1,201,215,202,-1,202,215,211,-1,202,211,22,-1,22,211,210,-1,22,210,216,-1,216,210,212,-1,20,22,217,-1,218,219,216,-1,216,219,220,-1,216,220,22,-1,22,220,221,-1,22,221,217,-1,222,223,216,-1,216,223,224,-1,216,224,225,-1,225,226,216,-1,216,226,227,-1,216,227,218,-1,228,229,230,-1,230,229,231,-1,230,231,232,-1,228,233,229,-1,229,233,234,-1,229,234,235,-1,235,234,236,-1,235,236,237,-1,232,238,230,-1,230,238,239,-1,230,239,216,-1,216,239,240,-1,216,240,222,-1,19,18,241,-1,241,18,242,-1,241,242,243,-1,243,242,244,-1,243,244,214,-1,245,246,19,-1,19,246,247,-1,19,247,248,-1,248,249,19,-1,19,249,250,-1,19,250,17,-1,251,252,253,-1,253,252,254,-1,254,255,3,-1,256,257,258,-1,258,257,259,-1,258,259,260,-1,261,262,263,-1,263,262,264,-1,263,264,258,-1,258,264,265,-1,258,265,256,-1,266,267,185,-1,185,267,268,-1,269,270,187,-1,187,270,271,-1,272,273,274,-1,274,273,185,-1,274,185,275,-1,275,185,268,-1,271,276,187,-1,187,276,277,-1,187,277,278,-1,278,279,187,-1,187,279,280,-1,187,280,185,-1,185,280,281,-1,185,281,266,-1,194,282,269,-1,269,282,283,-1,269,283,270,-1,272,284,273,-1,273,284,285,-1,273,285,200,-1,200,285,286,-1,200,286,194,-1,194,286,287,-1,194,287,282,-1,288,289,290,-1,290,289,291,-1,292,293,294,-1,294,293,295,-1,296,297,288,-1,288,297,298,-1,299,300,301,-1,301,302,303,-1,304,263,305,-1,305,263,306,-1,298,307,288,-1,288,307,308,-1,288,308,289,-1,309,310,311,-1,300,312,301,-1,301,312,313,-1,301,313,302,-1,292,314,293,-1,293,314,315,-1,293,315,316,-1,316,315,311,-1,316,311,317,-1,317,311,310,-1,303,318,301,-1,301,318,319,-1,301,319,263,-1,263,319,295,-1,263,295,306,-1,306,295,293,-1,320,321,322,-1,322,321,323,-1,322,323,324,-1,304,325,263,-1,263,325,326,-1,263,326,327,-1,328,329,327,-1,327,329,330,-1,327,330,263,-1,263,330,331,-1,263,331,261,-1,332,333,311,-1,311,333,334,-1,311,334,335,-1,335,336,311,-1,311,336,337,-1,311,337,309,-1,338,339,340,-1,340,339,341,-1,340,341,342,-1,328,343,329,-1,329,343,344,-1,329,344,345,-1,345,344,342,-1,345,342,346,-1,346,342,341,-1,347,348,349,-1,349,348,350,-1,320,338,321,-1,321,338,340,-1,321,340,351,-1,351,340,290,-1,351,290,352,-1,352,290,291,-1,352,291,353,-1,353,291,354,-1,355,354,356,-1,356,354,291,-1,356,291,349,-1,349,291,289,-1,349,289,347,-1,357,358,16,-1,359,360,16,-1,330,361,331,-1,331,361,362,-1,331,362,363,-1,359,16,364,-1,363,365,331,-1,331,365,366,-1,331,366,367,-1,367,366,368,-1,367,368,357,-1,360,369,16,-1,16,369,370,-1,16,370,14,-1,371,372,358,-1,358,372,373,-1,358,373,16,-1,16,373,374,-1,16,374,364,-1,375,376,377,-1,377,376,378,-1,377,378,379,-1,377,380,375,-1,375,380,381,-1,375,381,382,-1,382,383,375,-1,375,383,384,-1,375,384,385,-1,385,384,386,-1,385,386,387,-1,387,386,388,-1,387,388,358,-1,358,388,389,-1,358,389,371,-1,390,391,379,-1,379,391,392,-1,379,392,377,-1,393,394,324,-1,324,394,395,-1,324,395,322,-1,393,396,394,-1,394,396,397,-1,394,397,398,-1,398,397,399,-1,398,400,401,-1,399,402,398,-1,398,402,403,-1,398,403,404,-1,404,405,398,-1,398,405,406,-1,398,406,400,-1,401,407,398,-1,398,407,408,-1,398,408,409,-1,410,411,412,-1,413,414,415,-1,412,416,410,-1,410,416,417,-1,410,417,418,-1,418,417,413,-1,418,413,419,-1,419,413,415,-1,420,421,16,-1,16,421,422,-1,357,16,367,-1,367,16,422,-1,367,422,416,-1,416,422,423,-1,416,423,417,-1,424,421,425,-1,425,421,420,-1,425,420,426,-1,427,428,429,-1,355,356,15,-1,15,356,427,-1,15,427,16,-1,16,427,429,-1,16,429,420,-1,420,429,430,-1,420,430,431,-1,432,433,434,-1,434,433,435,-1,434,435,427,-1,427,435,436,-1,427,436,428,-1,431,437,420,-1,420,437,438,-1,420,438,439,-1,439,440,420,-1,420,440,441,-1,420,441,426,-1,442,443,434,-1,434,443,444,-1,434,444,432,-1,445,446,442,-1,442,446,447,-1,442,447,443,-1,448,449,450,-1,450,449,451,-1,452,453,454,-1,454,453,455,-1,454,455,456,-1,456,455,457,-1,456,457,458,-1,448,450,459,-1,459,450,455,-1,459,455,460,-1,460,455,453,-1,460,453,461,-1,453,462,461,-1,461,462,463,-1,461,463,464,-1,457,465,458,-1,458,465,466,-1,458,466,467,-1,467,466,468,-1,452,454,469,-1,469,454,470,-1,469,470,468,-1,468,470,412,-1,468,412,467,-1,467,412,411,-1,467,411,445,-1,11,13,471,-1,471,13,472,-1,471,472,473,-1,473,472,474,-1,473,474,475,-1,475,474,476,-1,475,476,477,-1,477,476,478,-1,477,478,479,-1,479,478,480,-1,479,480,243,-1,243,480,481,-1,243,481,241,-1,482,483,38,-1,4,10,5,-1,5,10,8,-1,5,8,38,-1,38,8,7,-1,38,7,482,-1,484,485,8,-1,8,485,486,-1,8,486,6,-1,483,487,38,-1,38,487,488,-1,38,488,489,-1,490,491,492,-1,493,494,490,-1,490,494,495,-1,490,495,491,-1,496,497,498,-1,498,497,499,-1,496,500,497,-1,497,500,501,-1,497,501,8,-1,8,501,502,-1,8,502,484,-1,492,503,490,-1,490,503,504,-1,490,504,497,-1,497,504,505,-1,497,505,499,-1,214,210,243,-1,243,210,195,-1,243,195,479,-1,479,195,194,-1,479,194,477,-1,477,194,269,-1,477,269,475,-1,475,269,187,-1,475,187,473,-1,473,187,182,-1,473,182,471,-1,471,182,181,-1,471,181,11,-1,481,9,241,-1,241,9,4,-1,241,4,19,-1,19,4,3,-1,19,3,245,-1,245,3,255,-1,254,3,253,-1,253,3,506,-1,253,506,507,-1,29,508,28,-1,28,508,509,-1,28,509,510,-1,511,506,510,-1,510,506,3,-1,510,3,28,-1,28,3,5,-1,28,5,30,-1,30,5,40,-1,454,185,470,-1,470,185,273,-1,470,273,412,-1,412,273,200,-1,412,200,416,-1,416,200,202,-1,416,202,367,-1,367,202,22,-1,367,22,331,-1,331,22,21,-1,331,21,261,-1,507,508,253,-1,253,508,29,-1,253,29,512,-1,512,29,88,-1,513,514,456,-1,515,516,517,-1,517,516,513,-1,517,513,518,-1,518,513,456,-1,0,519,518,-1,518,519,520,-1,518,520,517,-1,183,185,2,-1,2,185,454,-1,2,454,0,-1,0,454,521,-1,0,521,519,-1,522,523,521,-1,521,523,524,-1,521,524,514,-1,514,524,525,-1,514,525,526,-1,526,527,514,-1,514,527,528,-1,514,528,529,-1,530,454,531,-1,531,454,456,-1,531,456,532,-1,532,456,514,-1,532,514,533,-1,533,514,529,-1,534,535,521,-1,521,535,536,-1,521,536,522,-1,530,537,454,-1,454,537,538,-1,454,538,521,-1,521,538,539,-1,521,539,534,-1,260,251,258,-1,258,251,253,-1,258,253,263,-1,263,253,512,-1,263,512,301,-1,301,512,540,-1,98,540,541,-1,541,540,542,-1,542,540,543,-1,543,540,512,-1,543,512,544,-1,98,541,88,-1,88,541,545,-1,88,545,512,-1,512,545,546,-1,512,546,544,-1,547,548,549,-1,549,548,543,-1,549,543,550,-1,550,543,544,-1,550,544,551,-1,551,544,552,-1,445,442,467,-1,467,442,553,-1,467,553,458,-1,458,553,554,-1,458,554,456,-1,456,554,555,-1,456,555,518,-1,80,82,98,-1,98,82,556,-1,98,556,540,-1,540,556,349,-1,540,349,301,-1,301,349,350,-1,301,350,299,-1,75,77,82,-1,82,77,557,-1,82,557,556,-1,556,557,558,-1,556,558,349,-1,349,558,559,-1,349,559,356,-1,356,559,560,-1,356,560,427,-1,427,560,561,-1,427,561,434,-1,434,561,562,-1,434,562,442,-1,442,562,563,-1,442,563,553,-1,553,563,564,-1,553,564,554,-1,554,564,565,-1,554,565,555,-1,489,493,38,-1,38,493,490,-1,38,490,41,-1,41,490,566,-1,41,566,44,-1,44,566,567,-1,44,567,62,-1,62,567,568,-1,62,568,57,-1,57,568,569,-1,57,569,69,-1,69,569,570,-1,69,570,72,-1,72,570,571,-1,565,571,572,-1,572,571,573,-1,12,565,574,-1,574,565,572,-1,497,12,575,-1,575,12,574,-1,571,497,573,-1,573,497,575,-1,575,574,573,-1,573,574,572,-1,
        ]
    }
}
Shape{
    appearance Appearance {
        material  Material 	{
            diffuseColor 1.0 1.0 1.0
            specularColor 0.5019607843137255 0.5019607843137255 0.5019607843137255
            ambientIntensity 0.2
            transparency 0
            shininess 0.5
        }
    }
    geometry IndexedFaceSet {
        ccw TRUE
        solid FALSE
        coord DEF co Coordinate {
            point [
                -0.1089 0.2636 0.124, -0.1089 0.2636 0.128, -0.1102 0.2738 0.124, -0.1102 0.2738 0.128, -0.1141 0.2833 0.124, -0.1141 0.2833 0.128, -0.1204 0.2915 0.124, -0.1204 0.2915 0.128, -0.1285 0.2977 0.124, -0.1285 0.2977 0.128, -0.138 0.3017 0.124, -0.138 0.3017 0.128, -0.1482 0.303 0.124, -0.1482 0.303 0.128, -0.1584 0.3017 0.124, -0.1584 0.3017 0.128, -0.1679 0.2977 0.124, -0.1679 0.2977 0.128, -0.1761 0.2915 0.124, -0.1761 0.2915 0.128, -0.1823 0.2833 0.124, -0.1823 0.2833 0.128, -0.1863 0.2738 0.124, -0.1863 0.2738 0.128, -0.1876 0.2636 0.124, -0.1876 0.2636 0.128, -0.1863 0.2535 0.124, -0.1863 0.2535 0.128, -0.1823 0.244 0.124, -0.1823 0.244 0.128, -0.1761 0.2358 0.124, -0.1761 0.2358 0.128, -0.1679 0.2296 0.124, -0.1679 0.2296 0.128, -0.1584 0.2256 0.124, -0.1584 0.2256 0.128, -0.1482 0.2243 0.124, -0.1482 0.2243 0.128, -0.138 0.2256 0.124, -0.138 0.2256 0.128, -0.1285 0.2296 0.124, -0.1285 0.2296 0.128, -0.1204 0.2358 0.124, -0.1204 0.2358 0.128, -0.1141 0.244 0.124, -0.1141 0.244 0.128, -0.1102 0.2535 0.124, -0.1102 0.2535 0.128, -0.1482 0.2636 0.124, 0.0582 -0.2443 0.1319, 0.0582 -0.2473 0.1319, 0.0582 -0.2443 0.128, 0.0582 -0.2473 0.128, 0.0475 -0.2443 0.1319, 0.0475 -0.2443 0.128, 0.0475 -0.2206 0.1319, 0.0475 -0.2206 0.128, 0.0441 -0.2206 0.1319, 0.0441 -0.2206 0.128, 0.0441 -0.2473 0.1319, 0.0441 -0.2473 0.128, 0.0719 -0.2477 0.128, 0.0742 -0.2475 0.128, 0.0719 -0.2477 0.1319, 0.0759 -0.2474 0.1319, 0.0759 -0.2474 0.128, 0.0788 -0.2464 0.128, 0.0788 -0.2464 0.1319, 0.0792 -0.2462 0.128, 0.0792 -0.2462 0.1319, 0.0792 -0.2429 0.1319, 0.0792 -0.2429 0.128, 0.0766 -0.2441 0.128, 0.0766 -0.2441 0.1319, 0.0736 -0.2446 0.128, 0.0736 -0.2446 0.1319, 0.0724 -0.2447 0.128, 0.0724 -0.2447 0.1319, 0.0696 -0.2443 0.128, 0.0696 -0.2443 0.1319, 0.0677 -0.2436 0.128, 0.0677 -0.2436 0.1319, 0.066 -0.2424 0.128, 0.066 -0.2424 0.1319, 0.0655 -0.2419 0.128, 0.0655 -0.2419 0.1319, 0.0642 -0.2401 0.128, 0.0642 -0.2401 0.1319, 0.0633 -0.2379 0.128, 0.0633 -0.2379 0.1319, 0.0629 -0.2352 0.128, 0.0629 -0.2352 0.1319, 0.0629 -0.2343 0.128, 0.0629 -0.2343 0.1319, 0.0632 -0.2309 0.128, 0.0632 -0.2309 0.1319, 0.0641 -0.2285 0.128, 0.0641 -0.2285 0.1319, 0.0653 -0.2266 0.128, 0.0653 -0.2266 0.1319, 0.0657 -0.2262 0.128, 0.0657 -0.2262 0.1319, 0.0675 -0.2247 0.128, 0.0675 -0.2247 0.1319, 0.0696 -0.2238 0.128, 0.0696 -0.2238 0.1319, 0.0719 -0.2233 0.128, 0.0719 -0.2233 0.1319, 0.073 -0.2233 0.128, 0.073 -0.2233 0.1319, 0.0762 -0.2237 0.128, 0.0762 -0.2237 0.1319, 0.079 -0.2247 0.128, 0.079 -0.2247 0.1319, 0.0792 -0.2248 0.128, 0.0792 -0.2248 0.1319, 0.0792 -0.2212 0.1319, 0.0792 -0.2212 0.128, 0.0729 -0.2202 0.128, 0.0729 -0.2202 0.1319, 0.0731 -0.2202 0.1319, 0.0765 -0.2204 0.128, 0.0765 -0.2204 0.1319, 0.0757 -0.2204 0.128, 0.0731 -0.2202 0.128, 0.0711 -0.2204 0.128, 0.0691 -0.2206 0.1319, 0.0691 -0.2206 0.128, 0.0663 -0.2217 0.128, 0.0663 -0.2217 0.1319, 0.0637 -0.2235 0.128, 0.0637 -0.2235 0.1319, 0.0631 -0.2241 0.128, 0.0631 -0.2241 0.1319, 0.0612 -0.2266 0.128, 0.0612 -0.2266 0.1319, 0.0605 -0.2283 0.128, 0.0599 -0.2296 0.1319, 0.0599 -0.2296 0.128, 0.0593 -0.2331 0.128, 0.0593 -0.2331 0.1319, 0.0593 -0.2345 0.128, 0.0593 -0.2345 0.1319, 0.0597 -0.2386 0.128, 0.0597 -0.2386 0.1319, 0.0605 -0.2405 0.128, 0.0608 -0.2414 0.1319, 0.0608 -0.2414 0.128, 0.0623 -0.2437 0.128, 0.0623 -0.2437 0.1319, 0.0627 -0.2441 0.128, 0.0627 -0.2441 0.1319, 0.0703 -0.2477 0.1319, 0.0648 -0.2459 0.128, 0.0648 -0.2459 0.1319, 0.0674 -0.2471 0.128, 0.0674 -0.2471 0.1319, 0.0695 -0.2475 0.128, 0.0703 -0.2477 0.128, 0.0989 -0.2443 0.1319, 0.0989 -0.2473 0.1319, 0.0989 -0.2443 0.128, 0.0989 -0.2473 0.128, 0.088 -0.2443 0.128, 0.088 -0.2443 0.1319, 0.0952 -0.2443 0.128, 0.088 -0.2353 0.1319, 0.088 -0.2353 0.128, 0.0976 -0.2353 0.1319, 0.0952 -0.2353 0.128, 0.0976 -0.2353 0.128, 0.0976 -0.2322 0.1319, 0.0976 -0.2322 0.128, 0.088 -0.2322 0.128, 0.088 -0.2322 0.1319, 0.0952 -0.2322 0.128, 0.088 -0.2237 0.1319, 0.088 -0.2237 0.128, 0.0983 -0.2237 0.1319, 0.0952 -0.2237 0.128, 0.0983 -0.2237 0.128, 0.0983 -0.2206 0.1319, 0.0983 -0.2206 0.128, 0.0846 -0.2206 0.128, 0.0846 -0.2206 0.1319, 0.0952 -0.2206 0.128, 0.0846 -0.2473 0.1319, 0.0846 -0.2473 0.128, 0.0952 -0.2473 0.128, 0.1113 -0.2443 0.1319, 0.1113 -0.2473 0.1319, 0.1147 -0.2439 0.1319, 0.1155 -0.2468 0.1319, 0.117 -0.2431 0.1319, 0.1186 -0.2457 0.1319, 0.1187 -0.2419 0.1319, 0.1212 -0.244 0.1319, 0.1192 -0.2415 0.1319, 0.1217 -0.2436 0.1319, 0.1206 -0.2398 0.1319, 0.1237 -0.2412 0.1319, 0.1215 -0.2378 0.1319, 0.125 -0.2384 0.1319, 0.122 -0.2354 0.1319, 0.1256 -0.2353 0.1319, 0.1221 -0.2337 0.1319, 0.1257 -0.2336 0.1319, 0.1218 -0.2306 0.1319, 0.1253 -0.2299 0.1319, 0.121 -0.2286 0.1319, 0.1243 -0.2273 0.1319, 0.12 -0.2271 0.1319, 0.1226 -0.225 0.1319, 0.1192 -0.2262 0.1319, 0.1217 -0.2241 0.1319, 0.1172 -0.2249 0.1319, 0.1189 -0.2222 0.1319, 0.1149 -0.2241 0.1319, 0.1157 -0.2211 0.1319, 0.1115 -0.2237 0.1319, 0.1116 -0.2206 0.1319, 0.1074 -0.2237 0.1319, 0.104 -0.2206 0.1319, 0.1074 -0.2443 0.1319, 0.104 -0.2473 0.1319, 0.1113 -0.2473 0.128, 0.104 -0.2473 0.128, 0.1155 -0.2468 0.128, 0.1162 -0.2466 0.128, 0.1186 -0.2457 0.128, 0.1212 -0.244 0.128, 0.1217 -0.2436 0.128, 0.1237 -0.2412 0.128, 0.125 -0.2384 0.128, 0.1256 -0.2353 0.128, 0.1257 -0.2336 0.128, 0.1253 -0.2299 0.128, 0.1243 -0.2273 0.128, 0.1226 -0.225 0.128, 0.1217 -0.2241 0.128, 0.1116 -0.2206 0.128, 0.1189 -0.2222 0.128, 0.1162 -0.2213 0.128, 0.1157 -0.2211 0.128, 0.104 -0.2206 0.128, 0.1115 -0.2237 0.128, 0.1074 -0.2237 0.128, 0.1074 -0.2443 0.128, 0.1113 -0.2443 0.128, 0.1192 -0.2415 0.128, 0.1187 -0.2419 0.128, 0.117 -0.2431 0.128, 0.1147 -0.2439 0.128, 0.1221 -0.2337 0.128, 0.122 -0.2354 0.128, 0.1215 -0.2378 0.128, 0.1206 -0.2398 0.128, 0.1192 -0.2262 0.128, 0.12 -0.2271 0.128, 0.121 -0.2286 0.128, 0.1218 -0.2306 0.128, 0.1149 -0.2241 0.128, 0.1172 -0.2249 0.128, 0.1172 -0.2249 0.128
            ]
        }
        coordIndex [
            0,1,2,-1,2,1,3,-1,2,3,4,-1,4,3,5,-1,4,5,6,-1,6,5,7,-1,6,7,8,-1,8,7,9,-1,8,9,10,-1,10,9,11,-1,10,11,12,-1,12,11,13,-1,12,13,14,-1,14,13,15,-1,14,15,16,-1,16,15,17,-1,16,17,18,-1,18,17,19,-1,18,19,20,-1,20,19,21,-1,20,21,22,-1,22,21,23,-1,22,23,24,-1,24,23,25,-1,24,25,26,-1,26,25,27,-1,26,27,28,-1,28,27,29,-1,28,29,30,-1,30,29,31,-1,30,31,32,-1,32,31,33,-1,32,33,34,-1,34,33,35,-1,34,35,36,-1,36,35,37,-1,36,37,38,-1,38,37,39,-1,38,39,40,-1,40,39,41,-1,40,41,42,-1,42,41,43,-1,42,43,44,-1,44,43,45,-1,44,45,46,-1,46,45,47,-1,46,47,0,-1,0,47,1,-1,44,46,48,-1,48,46,0,-1,48,0,2,-1,38,40,48,-1,48,40,42,-1,48,42,44,-1,32,34,48,-1,48,34,36,-1,48,36,38,-1,26,28,48,-1,48,28,30,-1,48,30,32,-1,20,22,48,-1,48,22,24,-1,48,24,26,-1,14,16,48,-1,48,16,18,-1,48,18,20,-1,8,10,48,-1,48,10,12,-1,48,12,14,-1,2,4,48,-1,48,4,6,-1,48,6,8,-1,49,50,51,-1,51,50,52,-1,53,49,54,-1,54,49,51,-1,55,53,56,-1,56,53,54,-1,57,55,58,-1,58,55,56,-1,59,57,60,-1,60,57,58,-1,50,59,52,-1,52,59,60,-1,55,57,53,-1,53,57,59,-1,53,59,49,-1,49,59,50,-1,61,62,63,-1,63,62,64,-1,62,65,64,-1,64,65,66,-1,64,66,67,-1,67,66,68,-1,67,68,69,-1,70,69,71,-1,71,69,68,-1,70,71,72,-1,70,72,73,-1,73,72,74,-1,73,74,75,-1,75,74,76,-1,75,76,77,-1,77,76,78,-1,77,78,79,-1,79,78,80,-1,79,80,81,-1,81,80,82,-1,81,82,83,-1,83,82,84,-1,83,84,85,-1,85,84,86,-1,85,86,87,-1,87,86,88,-1,87,88,89,-1,89,88,90,-1,89,90,91,-1,91,90,92,-1,91,92,93,-1,93,92,94,-1,93,94,95,-1,95,94,96,-1,95,96,97,-1,97,96,98,-1,97,98,99,-1,99,98,100,-1,99,100,101,-1,101,100,102,-1,101,102,103,-1,103,102,104,-1,103,104,105,-1,105,104,106,-1,105,106,107,-1,107,106,108,-1,107,108,109,-1,109,108,110,-1,109,110,111,-1,111,110,112,-1,111,112,113,-1,113,112,114,-1,113,114,115,-1,116,115,117,-1,117,115,114,-1,118,119,120,-1,116,117,121,-1,116,121,122,-1,122,121,123,-1,122,123,120,-1,120,123,124,-1,120,124,118,-1,119,118,125,-1,119,125,126,-1,125,127,126,-1,126,127,128,-1,126,128,129,-1,129,128,130,-1,129,130,131,-1,131,130,132,-1,131,132,133,-1,133,132,134,-1,133,134,135,-1,135,134,136,-1,135,136,137,-1,136,138,137,-1,137,138,139,-1,137,139,140,-1,140,139,141,-1,140,141,142,-1,142,141,143,-1,142,143,144,-1,144,143,145,-1,144,145,146,-1,145,147,146,-1,146,147,148,-1,146,148,149,-1,149,148,150,-1,149,150,151,-1,61,63,152,-1,151,150,153,-1,151,153,154,-1,154,153,155,-1,154,155,156,-1,156,155,157,-1,156,157,152,-1,152,157,158,-1,152,158,61,-1,113,115,116,-1,95,97,135,-1,113,116,111,-1,111,116,122,-1,111,122,109,-1,109,122,120,-1,109,120,107,-1,107,120,119,-1,107,119,105,-1,105,119,126,-1,105,126,103,-1,135,97,133,-1,69,70,67,-1,67,70,73,-1,67,73,64,-1,64,73,75,-1,64,75,63,-1,63,75,77,-1,63,77,152,-1,152,77,79,-1,152,79,156,-1,156,79,81,-1,156,81,154,-1,154,81,83,-1,154,83,151,-1,151,83,85,-1,151,85,149,-1,149,85,87,-1,149,87,146,-1,126,129,103,-1,103,129,131,-1,103,131,101,-1,101,131,133,-1,101,133,99,-1,99,133,97,-1,142,93,140,-1,140,93,95,-1,140,95,137,-1,137,95,135,-1,146,87,144,-1,144,87,89,-1,144,89,142,-1,142,89,91,-1,142,91,93,-1,159,160,161,-1,161,160,162,-1,163,164,165,-1,165,164,159,-1,165,159,161,-1,166,164,167,-1,167,164,163,-1,166,167,168,-1,168,167,169,-1,168,169,170,-1,171,168,172,-1,172,168,170,-1,173,174,175,-1,175,174,171,-1,175,171,172,-1,176,174,177,-1,177,174,173,-1,176,177,178,-1,178,177,179,-1,178,179,180,-1,181,178,182,-1,182,178,180,-1,183,184,185,-1,185,184,181,-1,185,181,182,-1,186,184,187,-1,187,184,183,-1,186,187,160,-1,160,187,188,-1,160,188,162,-1,186,160,159,-1,159,164,186,-1,186,164,166,-1,186,166,184,-1,178,181,176,-1,176,181,184,-1,176,184,174,-1,174,184,166,-1,174,166,171,-1,171,166,168,-1,189,190,191,-1,191,190,192,-1,191,192,193,-1,193,192,194,-1,193,194,195,-1,195,194,196,-1,195,196,197,-1,197,196,198,-1,197,198,199,-1,199,198,200,-1,199,200,201,-1,201,200,202,-1,201,202,203,-1,203,202,204,-1,203,204,205,-1,205,204,206,-1,205,206,207,-1,207,206,208,-1,207,208,209,-1,209,208,210,-1,209,210,211,-1,211,210,212,-1,211,212,213,-1,213,212,214,-1,213,214,215,-1,215,214,216,-1,215,216,217,-1,217,216,218,-1,217,218,219,-1,219,218,220,-1,219,220,221,-1,221,220,222,-1,221,222,223,-1,223,222,224,-1,223,224,189,-1,189,224,190,-1,190,224,225,-1,225,224,226,-1,190,225,227,-1,190,227,192,-1,192,227,228,-1,192,228,194,-1,228,229,194,-1,194,229,230,-1,194,230,196,-1,196,230,231,-1,196,231,198,-1,198,231,232,-1,198,232,200,-1,200,232,233,-1,200,233,202,-1,202,233,234,-1,202,234,204,-1,204,234,235,-1,204,235,206,-1,206,235,236,-1,206,236,208,-1,208,236,237,-1,208,237,210,-1,210,237,238,-1,210,238,212,-1,212,238,239,-1,212,239,214,-1,240,220,218,-1,214,239,241,-1,214,241,216,-1,216,241,242,-1,216,242,218,-1,218,242,243,-1,218,243,240,-1,222,220,244,-1,244,220,240,-1,224,222,226,-1,226,222,244,-1,219,221,245,-1,245,221,246,-1,221,223,246,-1,246,223,247,-1,223,189,247,-1,247,189,248,-1,197,249,250,-1,197,250,195,-1,195,250,251,-1,195,251,193,-1,193,251,252,-1,193,252,191,-1,191,252,248,-1,191,248,189,-1,205,253,254,-1,205,254,203,-1,203,254,255,-1,203,255,201,-1,201,255,256,-1,201,256,199,-1,199,256,249,-1,199,249,197,-1,213,257,258,-1,213,258,211,-1,211,258,259,-1,211,259,209,-1,209,259,260,-1,209,260,207,-1,207,260,253,-1,207,253,205,-1,219,245,261,-1,219,261,217,-1,217,261,262,-1,217,262,215,-1,215,262,257,-1,215,257,213,-1,
        ]
    }
}
Shape{
    appearance Appearance {
        material  Material 	{
            diffuseColor 0.1803921568627451 0.1803921568627451 0.1803921568627451
            specularColor 0.09019607843137255 0.09019607843137255 0.09019607843137255
            ambientIntensity 0.2
            transparency 0
            shininess 0.5
        }
    }
    geometry IndexedFaceSet {
        ccw TRUE
        solid FALSE
        coord DEF co Coordinate {
            point [
                0.1074 -0.2237 0.128, 0.1074 -0.2443 0.128, 0.1115 -0.2237 0.128, 0.1113 -0.2443 0.128, 0.1147 -0.2439 0.128, 0.117 -0.2431 0.128, 0.1187 -0.2419 0.128, 0.1192 -0.2415 0.128, 0.1206 -0.2398 0.128, 0.1215 -0.2378 0.128, 0.122 -0.2354 0.128, 0.1221 -0.2337 0.128, 0.1218 -0.2306 0.128, 0.121 -0.2286 0.128, 0.12 -0.2271 0.128, 0.1192 -0.2262 0.128, 0.1149 -0.2241 0.128, 0.1172 -0.2249 0.128, 0.1172 -0.2249 0.128
            ]
        }
        coordIndex [
            0,1,2,-1,2,1,3,-1,2,3,4,-1,4,5,2,-1,2,5,6,-1,2,6,7,-1,7,8,2,-1,2,8,9,-1,2,9,10,-1,10,11,2,-1,2,11,12,-1,2,12,13,-1,13,14,2,-1,2,14,15,-1,2,15,16,-1,16,15,17,-1,
        ]
    }
}
Shape{
    appearance Appearance {
        material  Material 	{
            diffuseColor 1.0 1.0 1.0
            specularColor 0.5019607843137255 0.5019607843137255 0.5019607843137255
            ambientIntensity 0.2
            transparency 0
            shininess 0.5
        }
    }
    geometry IndexedFaceSet {
        ccw TRUE
        solid FALSE
        coord DEF co Coordinate {
            point [
                0.1347 -0.237 0.1319, 0.1336 -0.24 0.1319, 0.1436 -0.237 0.1319, 0.1447 -0.24 0.1319, 0.1387 -0.2259 0.1319, 0.1374 -0.2206 0.1319, 0.1272 -0.2473 0.1319, 0.131 -0.2473 0.1319, 0.1389 -0.2251 0.1319, 0.1391 -0.224 0.1319, 0.141 -0.2206 0.1319, 0.1392 -0.224 0.1319, 0.1394 -0.2251 0.1319, 0.1396 -0.2259 0.1319, 0.1512 -0.2473 0.1319, 0.1474 -0.2473 0.1319, 0.141 -0.2206 0.128, 0.1512 -0.2473 0.128, 0.1374 -0.2206 0.128, 0.1272 -0.2473 0.128, 0.1349 -0.2271 0.128, 0.131 -0.2473 0.128, 0.1336 -0.24 0.128, 0.1447 -0.24 0.128, 0.1349 -0.24 0.128, 0.1474 -0.2473 0.128, 0.1347 -0.237 0.128, 0.1436 -0.237 0.128, 0.1396 -0.2259 0.128, 0.1392 -0.224 0.128, 0.1394 -0.2251 0.128, 0.1391 -0.224 0.128, 0.1387 -0.2259 0.128, 0.1389 -0.2251 0.128, 0.1389 -0.2251 0.128
            ]
        }
        coordIndex [
            0,1,2,-1,2,1,3,-1,4,5,0,-1,0,5,6,-1,0,6,1,-1,1,6,7,-1,4,8,5,-1,5,8,9,-1,5,9,10,-1,10,9,11,-1,10,11,12,-1,12,13,10,-1,10,13,2,-1,10,2,14,-1,14,2,3,-1,14,3,15,-1,10,14,16,-1,16,14,17,-1,5,10,18,-1,18,10,16,-1,19,6,20,-1,20,6,5,-1,20,5,18,-1,7,6,21,-1,21,6,19,-1,1,7,22,-1,22,7,21,-1,23,3,24,-1,24,3,1,-1,24,1,22,-1,15,3,25,-1,25,3,23,-1,14,15,17,-1,17,15,25,-1,0,2,26,-1,26,2,27,-1,2,13,27,-1,27,13,28,-1,11,29,30,-1,11,30,12,-1,12,30,28,-1,12,28,13,-1,11,9,29,-1,29,9,31,-1,4,32,33,-1,4,33,8,-1,8,33,31,-1,8,31,9,-1,4,0,32,-1,32,0,26,-1,
        ]
    }
}
Shape{
    appearance Appearance {
        material  Material 	{
            diffuseColor 0.1803921568627451 0.1803921568627451 0.1803921568627451
            specularColor 0.09019607843137255 0.09019607843137255 0.09019607843137255
            ambientIntensity 0.2
            transparency 0
            shininess 0.5
        }
    }
    geometry IndexedFaceSet {
        ccw TRUE
        solid FALSE
        coord DEF co Coordinate {
            point [
                0.1392 -0.224 0.128, 0.1391 -0.224 0.128, 0.1394 -0.2251 0.128, 0.1389 -0.2251 0.128, 0.1396 -0.2259 0.128, 0.1387 -0.2259 0.128, 0.1436 -0.237 0.128, 0.1347 -0.237 0.128, 0.1347 -0.237 0.128
            ]
        }
        coordIndex [
            0,1,2,-1,2,1,3,-1,2,3,4,-1,4,3,5,-1,4,5,6,-1,6,5,7,-1,
        ]
    }
}
Shape{
    appearance Appearance {
        material  Material 	{
            diffuseColor 1.0 1.0 1.0
            specularColor 0.5019607843137255 0.5019607843137255 0.5019607843137255
            ambientIntensity 0.2
            transparency 0
            shininess 0.5
        }
    }
    geometry IndexedFaceSet {
        ccw TRUE
        solid FALSE
        coord DEF co Coordinate {
            point [
                0.0585 -0.2866 0.1319, 0.0585 -0.2896 0.1319, 0.0585 -0.2866 0.128, 0.0585 -0.2896 0.128, 0.0475 -0.2866 0.1319, 0.0475 -0.2866 0.128, 0.0475 -0.2776 0.1319, 0.0475 -0.2776 0.128, 0.0571 -0.2776 0.1319, 0.0571 -0.2776 0.128, 0.0571 -0.2746 0.1319, 0.0571 -0.2746 0.128, 0.0475 -0.2746 0.1319, 0.0475 -0.2746 0.128, 0.0475 -0.266 0.1319, 0.0475 -0.266 0.128, 0.0578 -0.266 0.1319, 0.0578 -0.266 0.128, 0.0578 -0.2629 0.1319, 0.0578 -0.2629 0.128, 0.0441 -0.2629 0.1319, 0.0441 -0.2629 0.128, 0.0441 -0.2896 0.1319, 0.0441 -0.2896 0.128, 0.0736 -0.2896 0.1319, 0.077 -0.2896 0.1319, 0.0736 -0.2867 0.1319, 0.077 -0.2774 0.1319, 0.0736 -0.2775 0.1319, 0.0664 -0.2815 0.1319, 0.0672 -0.2811 0.1319, 0.0692 -0.2807 0.1319, 0.0736 -0.2801 0.1319, 0.0736 -0.2819 0.1319, 0.0736 -0.2824 0.1319, 0.0734 -0.2837 0.1319, 0.0729 -0.2849 0.1319, 0.0735 -0.2867 0.1319, 0.0722 -0.2858 0.1319, 0.0718 -0.2861 0.1319, 0.0727 -0.2878 0.1319, 0.0709 -0.2868 0.1319, 0.0686 -0.2873 0.1319, 0.0696 -0.2899 0.1319, 0.0699 -0.2872 0.1319, 0.0709 -0.2893 0.1319, 0.0716 -0.2889 0.1319, 0.0657 -0.2862 0.1319, 0.0633 -0.2886 0.1319, 0.066 -0.2865 0.1319, 0.0644 -0.2893 0.1319, 0.0667 -0.2869 0.1319, 0.0656 -0.2898 0.1319, 0.0674 -0.2872 0.1319, 0.0672 -0.2901 0.1319, 0.0677 -0.2901 0.1319, 0.0735 -0.276 0.1319, 0.0767 -0.2748 0.1319, 0.0732 -0.2748 0.1319, 0.0762 -0.2733 0.1319, 0.0728 -0.2741 0.1319, 0.0755 -0.2722 0.1319, 0.0723 -0.2736 0.1319, 0.0746 -0.2714 0.1319, 0.0717 -0.2732 0.1319, 0.0735 -0.2707 0.1319, 0.0709 -0.273 0.1319, 0.0721 -0.2703 0.1319, 0.0698 -0.2729 0.1319, 0.0701 -0.2701 0.1319, 0.068 -0.273 0.1319, 0.0666 -0.2706 0.1319, 0.0659 -0.2737 0.1319, 0.0642 -0.2715 0.1319, 0.0635 -0.2752 0.1319, 0.0635 -0.2719 0.1319, 0.0651 -0.2837 0.1319, 0.0617 -0.2841 0.1319, 0.065 -0.2843 0.1319, 0.0617 -0.2845 0.1319, 0.0651 -0.285 0.1319, 0.0619 -0.2862 0.1319, 0.0654 -0.2856 0.1319, 0.0623 -0.2873 0.1319, 0.063 -0.2883 0.1319, 0.068 -0.2783 0.1319, 0.0655 -0.2789 0.1319, 0.0659 -0.2818 0.1319, 0.064 -0.2797 0.1319, 0.0655 -0.2823 0.1319, 0.063 -0.2805 0.1319, 0.0652 -0.283 0.1319, 0.0623 -0.2815 0.1319, 0.0619 -0.2827 0.1319, 0.0701 -0.2701 0.128, 0.0666 -0.2706 0.128, 0.0642 -0.2715 0.128, 0.0635 -0.2719 0.128, 0.0635 -0.2752 0.128, 0.0659 -0.2737 0.128, 0.068 -0.273 0.128, 0.0698 -0.2729 0.128, 0.0709 -0.273 0.128, 0.0717 -0.2732 0.128, 0.0723 -0.2736 0.128, 0.0728 -0.2741 0.128, 0.0732 -0.2748 0.128, 0.0735 -0.276 0.128, 0.0736 -0.2775 0.128, 0.068 -0.2783 0.128, 0.0655 -0.2789 0.128, 0.064 -0.2797 0.128, 0.063 -0.2805 0.128, 0.0623 -0.2815 0.128, 0.0619 -0.2827 0.128, 0.0617 -0.2841 0.128, 0.0617 -0.2845 0.128, 0.0619 -0.2862 0.128, 0.0623 -0.2873 0.128, 0.063 -0.2883 0.128, 0.0633 -0.2886 0.128, 0.0677 -0.2901 0.128, 0.0644 -0.2893 0.128, 0.0656 -0.2898 0.128, 0.0658 -0.2899 0.128, 0.0672 -0.2901 0.128, 0.0696 -0.2899 0.128, 0.0709 -0.2893 0.128, 0.0716 -0.2889 0.128, 0.0727 -0.2878 0.128, 0.0735 -0.2867 0.128, 0.0736 -0.2867 0.128, 0.0736 -0.2896 0.128, 0.077 -0.2896 0.128, 0.077 -0.2774 0.128, 0.0767 -0.2748 0.128, 0.0762 -0.2733 0.128, 0.0755 -0.2722 0.128, 0.0746 -0.2714 0.128, 0.0735 -0.2707 0.128, 0.0721 -0.2703 0.128, 0.0659 -0.2818 0.128, 0.0664 -0.2815 0.128, 0.0672 -0.2811 0.128, 0.0692 -0.2807 0.128, 0.065 -0.2843 0.128, 0.0651 -0.2837 0.128, 0.0652 -0.283 0.128, 0.0655 -0.2823 0.128, 0.066 -0.2865 0.128, 0.0657 -0.2862 0.128, 0.0654 -0.2856 0.128, 0.0651 -0.285 0.128, 0.0686 -0.2873 0.128, 0.0674 -0.2872 0.128, 0.0667 -0.2869 0.128, 0.0722 -0.2858 0.128, 0.0718 -0.2861 0.128, 0.0709 -0.2868 0.128, 0.0699 -0.2872 0.128, 0.0736 -0.2819 0.128, 0.0736 -0.2824 0.128, 0.0734 -0.2837 0.128, 0.0729 -0.2849 0.128, 0.0736 -0.2801 0.128, 0.0736 -0.2801 0.128
            ]
        }
        coordIndex [
            0,1,2,-1,2,1,3,-1,4,0,5,-1,5,0,2,-1,6,4,7,-1,7,4,5,-1,8,6,9,-1,9,6,7,-1,10,8,11,-1,11,8,9,-1,12,10,13,-1,13,10,11,-1,14,12,15,-1,15,12,13,-1,16,14,17,-1,17,14,15,-1,18,16,19,-1,19,16,17,-1,20,18,21,-1,21,18,19,-1,22,20,23,-1,23,20,21,-1,1,22,3,-1,3,22,23,-1,22,1,0,-1,0,4,22,-1,22,4,6,-1,22,6,20,-1,16,18,14,-1,14,18,20,-1,14,20,12,-1,12,20,6,-1,12,6,10,-1,10,6,8,-1,24,25,26,-1,26,25,27,-1,28,29,30,-1,31,32,27,-1,27,32,33,-1,33,34,27,-1,27,34,35,-1,27,35,26,-1,26,35,36,-1,26,36,37,-1,36,38,37,-1,37,38,39,-1,37,39,40,-1,40,39,41,-1,42,43,44,-1,44,43,45,-1,44,45,41,-1,41,45,46,-1,41,46,40,-1,47,48,49,-1,49,48,50,-1,49,50,51,-1,51,50,52,-1,51,52,53,-1,53,52,54,-1,53,54,42,-1,42,54,55,-1,42,55,43,-1,30,31,28,-1,28,31,27,-1,28,27,56,-1,56,27,57,-1,56,57,58,-1,58,57,59,-1,58,59,60,-1,60,59,61,-1,60,61,62,-1,62,61,63,-1,62,63,64,-1,64,63,65,-1,64,65,66,-1,66,65,67,-1,66,67,68,-1,68,67,69,-1,68,69,70,-1,70,69,71,-1,70,71,72,-1,72,71,73,-1,72,73,74,-1,74,73,75,-1,76,77,78,-1,78,77,79,-1,78,79,80,-1,80,79,81,-1,80,81,82,-1,82,81,83,-1,82,83,47,-1,47,83,84,-1,47,84,48,-1,28,85,29,-1,29,85,86,-1,29,86,87,-1,87,86,88,-1,87,88,89,-1,89,88,90,-1,89,90,91,-1,91,90,92,-1,91,92,76,-1,76,92,93,-1,76,93,77,-1,69,94,95,-1,69,95,71,-1,71,95,96,-1,71,96,73,-1,73,96,97,-1,73,97,75,-1,74,75,98,-1,98,75,97,-1,74,98,99,-1,74,99,72,-1,72,99,100,-1,72,100,70,-1,70,100,101,-1,70,101,68,-1,68,101,102,-1,68,102,66,-1,66,102,103,-1,66,103,64,-1,64,103,104,-1,64,104,62,-1,62,104,105,-1,62,105,60,-1,60,105,106,-1,60,106,58,-1,58,106,107,-1,58,107,56,-1,56,107,108,-1,56,108,28,-1,85,28,109,-1,109,28,108,-1,85,109,110,-1,85,110,86,-1,86,110,111,-1,86,111,88,-1,88,111,112,-1,88,112,90,-1,90,112,113,-1,90,113,92,-1,92,113,114,-1,92,114,93,-1,93,114,115,-1,93,115,77,-1,77,115,116,-1,77,116,79,-1,79,116,117,-1,79,117,81,-1,81,117,118,-1,81,118,83,-1,83,118,119,-1,83,119,84,-1,84,119,120,-1,84,120,48,-1,121,55,54,-1,48,120,122,-1,48,122,50,-1,50,122,123,-1,50,123,52,-1,52,123,124,-1,52,124,54,-1,54,124,125,-1,54,125,121,-1,55,121,126,-1,55,126,43,-1,43,126,127,-1,43,127,45,-1,45,127,128,-1,45,128,46,-1,46,128,129,-1,46,129,40,-1,40,129,130,-1,40,130,37,-1,26,37,131,-1,131,37,130,-1,24,26,132,-1,132,26,131,-1,25,24,133,-1,133,24,132,-1,27,25,134,-1,134,25,133,-1,27,134,135,-1,27,135,57,-1,57,135,136,-1,57,136,59,-1,59,136,137,-1,59,137,61,-1,61,137,138,-1,61,138,63,-1,63,138,139,-1,63,139,65,-1,65,139,140,-1,65,140,67,-1,67,140,94,-1,67,94,69,-1,87,141,142,-1,87,142,29,-1,29,142,143,-1,29,143,30,-1,30,143,144,-1,30,144,31,-1,78,145,146,-1,78,146,76,-1,76,146,147,-1,76,147,91,-1,91,147,148,-1,91,148,89,-1,89,148,141,-1,89,141,87,-1,49,149,150,-1,49,150,47,-1,47,150,151,-1,47,151,82,-1,82,151,152,-1,82,152,80,-1,80,152,145,-1,80,145,78,-1,42,153,154,-1,42,154,53,-1,53,154,155,-1,53,155,51,-1,51,155,149,-1,51,149,49,-1,38,156,157,-1,38,157,39,-1,39,157,158,-1,39,158,41,-1,41,158,159,-1,41,159,44,-1,44,159,153,-1,44,153,42,-1,33,160,161,-1,33,161,34,-1,34,161,162,-1,34,162,35,-1,35,162,163,-1,35,163,36,-1,36,163,156,-1,36,156,38,-1,33,32,160,-1,160,32,164,-1,32,31,164,-1,164,31,144,-1,
        ]
    }
}
Shape{
    appearance Appearance {
        material  Material 	{
            diffuseColor 0.1803921568627451 0.1803921568627451 0.1803921568627451
            specularColor 0.09019607843137255 0.09019607843137255 0.09019607843137255
            ambientIntensity 0.2
            transparency 0
            shininess 0.5
        }
    }
    geometry IndexedFaceSet {
        ccw TRUE
        solid FALSE
        coord DEF co Coordinate {
            point [
                0.0736 -0.2801 0.128, 0.0692 -0.2807 0.128, 0.0736 -0.2819 0.128, 0.0672 -0.2811 0.128, 0.0655 -0.2823 0.128, 0.0652 -0.283 0.128, 0.0722 -0.2858 0.128, 0.0734 -0.2837 0.128, 0.0736 -0.2824 0.128, 0.0659 -0.2818 0.128, 0.0664 -0.2815 0.128, 0.0729 -0.2849 0.128, 0.0657 -0.2862 0.128, 0.066 -0.2865 0.128, 0.0718 -0.2861 0.128, 0.0654 -0.2856 0.128, 0.0686 -0.2873 0.128, 0.0709 -0.2868 0.128, 0.0699 -0.2872 0.128, 0.0651 -0.2837 0.128, 0.065 -0.2843 0.128, 0.0651 -0.285 0.128, 0.0667 -0.2869 0.128, 0.0674 -0.2872 0.128, 0.0674 -0.2872 0.128
            ]
        }
        coordIndex [
            0,1,2,-1,2,1,3,-1,4,5,6,-1,7,8,9,-1,9,8,2,-1,9,2,10,-1,10,2,3,-1,4,6,9,-1,9,6,11,-1,9,11,7,-1,12,13,14,-1,12,14,15,-1,14,16,17,-1,17,16,18,-1,5,19,6,-1,6,19,20,-1,6,20,14,-1,14,20,21,-1,14,21,15,-1,13,22,14,-1,14,22,23,-1,14,23,16,-1,
        ]
    }
}
Shape{
    appearance Appearance {
        material  Material 	{
            diffuseColor 1.0 1.0 1.0
            specularColor 0.5019607843137255 0.5019607843137255 0.5019607843137255
            ambientIntensity 0.2
            transparency 0
            shininess 0.5
        }
    }
    geometry IndexedFaceSet {
        ccw TRUE
        solid FALSE
        coord DEF co Coordinate {
            point [
                0.0815 -0.2855 0.128, 0.0815 -0.2855 0.1319, 0.0827 -0.2863 0.1319, 0.087 -0.2874 0.1319, 0.087 -0.2874 0.128, 0.0848 -0.2871 0.128, 0.0848 -0.2871 0.1319, 0.083 -0.2864 0.128, 0.0827 -0.2863 0.128, 0.0815 -0.289 0.1319, 0.0815 -0.289 0.128, 0.083 -0.2895 0.128, 0.0838 -0.2898 0.1319, 0.0867 -0.2901 0.128, 0.0867 -0.2901 0.1319, 0.0845 -0.2899 0.128, 0.0838 -0.2898 0.128, 0.0888 -0.2899 0.128, 0.0894 -0.2898 0.1319, 0.0894 -0.2898 0.128, 0.0913 -0.2891 0.128, 0.0913 -0.2891 0.1319, 0.0922 -0.2886 0.128, 0.0922 -0.2886 0.1319, 0.0932 -0.2877 0.128, 0.0932 -0.2877 0.1319, 0.0938 -0.2868 0.128, 0.0938 -0.2868 0.1319, 0.0942 -0.2857 0.128, 0.0942 -0.2857 0.1319, 0.0944 -0.2845 0.128, 0.0944 -0.2845 0.1319, 0.0942 -0.2831 0.128, 0.0942 -0.2831 0.1319, 0.0938 -0.2821 0.128, 0.0938 -0.2821 0.1319, 0.0933 -0.2813 0.128, 0.0933 -0.2813 0.1319, 0.0923 -0.2805 0.128, 0.0923 -0.2805 0.1319, 0.09 -0.2792 0.128, 0.09 -0.2792 0.1319, 0.0889 -0.2788 0.128, 0.0889 -0.2788 0.1319, 0.0869 -0.2779 0.128, 0.0869 -0.2779 0.1319, 0.0857 -0.2772 0.128, 0.0857 -0.2772 0.1319, 0.0854 -0.2768 0.128, 0.0854 -0.2768 0.1319, 0.0851 -0.2764 0.128, 0.0851 -0.2764 0.1319, 0.085 -0.2759 0.128, 0.085 -0.2759 0.1319, 0.085 -0.2754 0.128, 0.085 -0.2754 0.1319, 0.085 -0.2749 0.128, 0.085 -0.2749 0.1319, 0.0852 -0.2744 0.128, 0.0852 -0.2744 0.1319, 0.0855 -0.274 0.128, 0.0855 -0.274 0.1319, 0.086 -0.2736 0.128, 0.086 -0.2736 0.1319, 0.0867 -0.2732 0.128, 0.0867 -0.2732 0.1319, 0.0876 -0.2729 0.128, 0.0876 -0.2729 0.1319, 0.0886 -0.2729 0.128, 0.0886 -0.2729 0.1319, 0.091 -0.2731 0.128, 0.091 -0.2731 0.1319, 0.0929 -0.2739 0.128, 0.0929 -0.2739 0.1319, 0.0935 -0.2742 0.128, 0.0935 -0.2742 0.1319, 0.0935 -0.271 0.1319, 0.0935 -0.271 0.128, 0.0913 -0.2703 0.128, 0.0913 -0.2703 0.1319, 0.0889 -0.2701 0.128, 0.0889 -0.2701 0.1319, 0.0862 -0.2705 0.128, 0.0862 -0.2705 0.1319, 0.0844 -0.2712 0.128, 0.0844 -0.2712 0.1319, 0.0837 -0.2717 0.128, 0.0837 -0.2717 0.1319, 0.083 -0.2722 0.128, 0.0826 -0.2726 0.1319, 0.0826 -0.2726 0.128, 0.082 -0.2735 0.128, 0.082 -0.2735 0.1319, 0.0816 -0.2746 0.128, 0.0816 -0.2746 0.1319, 0.0815 -0.2757 0.128, 0.0815 -0.2757 0.1319, 0.0817 -0.2771 0.128, 0.0817 -0.2771 0.1319, 0.0821 -0.2781 0.128, 0.0821 -0.2781 0.1319, 0.0825 -0.2787 0.128, 0.0825 -0.2787 0.1319, 0.0866 -0.2813 0.128, 0.0866 -0.2813 0.1319, 0.0846 -0.2803 0.1319, 0.083 -0.2793 0.128, 0.083 -0.2793 0.1319, 0.083 -0.2793 0.128, 0.0846 -0.2803 0.128, 0.0888 -0.2822 0.128, 0.0888 -0.2822 0.1319, 0.0901 -0.283 0.128, 0.0901 -0.283 0.1319, 0.0905 -0.2834 0.128, 0.0905 -0.2834 0.1319, 0.0908 -0.2838 0.128, 0.0908 -0.2838 0.1319, 0.0909 -0.2844 0.128, 0.0909 -0.2844 0.1319, 0.0909 -0.2848 0.128, 0.0909 -0.2848 0.1319, 0.0909 -0.2854 0.128, 0.0909 -0.2854 0.1319, 0.0907 -0.2859 0.128, 0.0907 -0.2859 0.1319, 0.0904 -0.2863 0.128, 0.0904 -0.2863 0.1319, 0.09 -0.2867 0.128, 0.09 -0.2867 0.1319, 0.0897 -0.2868 0.128, 0.0897 -0.2868 0.1319, 0.0889 -0.2872 0.128, 0.0889 -0.2872 0.1319, 0.0872 -0.2874 0.128, 0.0872 -0.2874 0.1319, 0.1109 -0.2706 0.1319, 0.1144 -0.2706 0.1319, 0.1109 -0.2706 0.128, 0.1144 -0.2706 0.128, 0.1057 -0.2849 0.1319, 0.1057 -0.2849 0.128, 0.1055 -0.2858 0.128, 0.1055 -0.2858 0.1319, 0.1053 -0.2865 0.128, 0.1053 -0.2865 0.1319, 0.1052 -0.2865 0.1319, 0.1052 -0.2865 0.128, 0.1048 -0.2849 0.1319, 0.1048 -0.2849 0.128, 0.0999 -0.2706 0.1319, 0.1015 -0.2752 0.128, 0.0999 -0.2706 0.128, 0.0961 -0.2706 0.1319, 0.0961 -0.2706 0.128, 0.1036 -0.2896 0.1319, 0.1015 -0.2842 0.128, 0.1036 -0.2896 0.128, 0.1021 -0.2931 0.128, 0.1021 -0.2931 0.1319, 0.1035 -0.2899 0.128, 0.1015 -0.2942 0.128, 0.1014 -0.2944 0.1319, 0.1014 -0.2944 0.128, 0.1007 -0.2951 0.128, 0.1007 -0.2951 0.1319, 0.1001 -0.2955 0.128, 0.1001 -0.2955 0.1319, 0.0993 -0.2957 0.128, 0.0993 -0.2957 0.1319, 0.0987 -0.2957 0.128, 0.0987 -0.2957 0.1319, 0.0977 -0.2956 0.128, 0.0977 -0.2956 0.1319, 0.0968 -0.2954 0.128, 0.0968 -0.2954 0.1319, 0.0968 -0.2983 0.1319, 0.0968 -0.2983 0.128, 0.0978 -0.2985 0.128, 0.0978 -0.2985 0.1319, 0.099 -0.2986 0.128, 0.099 -0.2986 0.1319, 0.1004 -0.2984 0.128, 0.1004 -0.2984 0.1319, 0.1015 -0.298 0.128, 0.1017 -0.2979 0.1319, 0.1017 -0.2979 0.128, 0.1029 -0.2971 0.128, 0.1029 -0.2971 0.1319, 0.1042 -0.2955 0.128, 0.1042 -0.2955 0.1319, 0.1058 -0.2925 0.128, 0.1058 -0.2925 0.1319, 0.1068 -0.2899 0.128, 0.1324 -0.2866 0.1319, 0.1324 -0.2896 0.1319, 0.1324 -0.2866 0.128, 0.1324 -0.2896 0.128, 0.1215 -0.2866 0.1319, 0.1265 -0.2866 0.128, 0.1215 -0.2866 0.128, 0.1215 -0.2776 0.1319, 0.1215 -0.2776 0.128, 0.131 -0.2776 0.1319, 0.1265 -0.2776 0.128, 0.131 -0.2776 0.128, 0.131 -0.2746 0.1319, 0.131 -0.2746 0.128, 0.1215 -0.2746 0.128, 0.1215 -0.2746 0.1319, 0.1265 -0.2746 0.128, 0.1215 -0.266 0.1319, 0.1215 -0.266 0.128, 0.1318 -0.266 0.128, 0.1318 -0.266 0.1319, 0.1265 -0.266 0.128, 0.1318 -0.2629 0.1319, 0.1318 -0.2629 0.128, 0.118 -0.2629 0.128, 0.118 -0.2629 0.1319, 0.1265 -0.2629 0.128, 0.118 -0.2896 0.1319, 0.118 -0.2896 0.128, 0.1265 -0.2896 0.128, 0.1535 -0.2694 0.1319, 0.156 -0.2674 0.1319, 0.1526 -0.2685 0.1319, 0.1551 -0.2665 0.1319, 0.1506 -0.2672 0.1319, 0.1523 -0.2646 0.1319, 0.1483 -0.2664 0.1319, 0.1491 -0.2634 0.1319, 0.1449 -0.266 0.1319, 0.145 -0.2629 0.1319, 0.1409 -0.266 0.1319, 0.1374 -0.2629 0.1319, 0.1409 -0.2866 0.1319, 0.1374 -0.2896 0.1319, 0.1447 -0.2866 0.1319, 0.1448 -0.2896 0.1319, 0.1481 -0.2862 0.1319, 0.1489 -0.2892 0.1319, 0.1504 -0.2854 0.1319, 0.152 -0.288 0.1319, 0.1522 -0.2843 0.1319, 0.1547 -0.2863 0.1319, 0.1527 -0.2838 0.1319, 0.1551 -0.2859 0.1319, 0.154 -0.2822 0.1319, 0.1571 -0.2835 0.1319, 0.1549 -0.2802 0.1319, 0.1584 -0.2808 0.1319, 0.1554 -0.2777 0.1319, 0.1591 -0.2776 0.1319, 0.1555 -0.276 0.1319, 0.1591 -0.2759 0.1319, 0.1552 -0.273 0.1319, 0.1587 -0.2722 0.1319, 0.1545 -0.271 0.1319, 0.1577 -0.2697 0.1319, 0.1448 -0.2896 0.128, 0.1374 -0.2896 0.128, 0.1489 -0.2892 0.128, 0.152 -0.288 0.128, 0.1547 -0.2863 0.128, 0.1551 -0.2859 0.128, 0.1571 -0.2835 0.128, 0.1584 -0.2808 0.128, 0.1591 -0.2776 0.128, 0.1591 -0.2759 0.128, 0.1587 -0.2722 0.128, 0.1577 -0.2697 0.128, 0.156 -0.2674 0.128, 0.1551 -0.2665 0.128, 0.1523 -0.2646 0.128, 0.1491 -0.2634 0.128, 0.145 -0.2629 0.128, 0.1374 -0.2629 0.128, 0.1449 -0.266 0.128, 0.1409 -0.266 0.128, 0.1409 -0.2866 0.128, 0.1447 -0.2866 0.128, 0.1527 -0.2838 0.128, 0.1522 -0.2843 0.128, 0.1504 -0.2854 0.128, 0.1481 -0.2862 0.128, 0.1555 -0.276 0.128, 0.1554 -0.2777 0.128, 0.1549 -0.2802 0.128, 0.154 -0.2822 0.128, 0.1526 -0.2685 0.128, 0.1535 -0.2694 0.128, 0.1545 -0.271 0.128, 0.1552 -0.273 0.128, 0.1483 -0.2664 0.128, 0.1506 -0.2672 0.128, 0.1506 -0.2672 0.128
            ]
        }
        coordIndex [
            0,1,2,-1,3,4,5,-1,3,5,6,-1,6,5,7,-1,6,7,2,-1,2,7,8,-1,2,8,0,-1,9,1,10,-1,10,1,0,-1,10,11,9,-1,9,11,12,-1,13,14,15,-1,15,14,12,-1,15,12,16,-1,16,12,11,-1,13,17,14,-1,14,17,18,-1,17,19,18,-1,18,19,20,-1,18,20,21,-1,21,20,22,-1,21,22,23,-1,23,22,24,-1,23,24,25,-1,25,24,26,-1,25,26,27,-1,27,26,28,-1,27,28,29,-1,29,28,30,-1,29,30,31,-1,31,30,32,-1,31,32,33,-1,33,32,34,-1,33,34,35,-1,35,34,36,-1,35,36,37,-1,37,36,38,-1,37,38,39,-1,39,38,40,-1,39,40,41,-1,41,40,42,-1,41,42,43,-1,43,42,44,-1,43,44,45,-1,45,44,46,-1,45,46,47,-1,47,46,48,-1,47,48,49,-1,49,48,50,-1,49,50,51,-1,51,50,52,-1,51,52,53,-1,53,52,54,-1,53,54,55,-1,55,54,56,-1,55,56,57,-1,57,56,58,-1,57,58,59,-1,59,58,60,-1,59,60,61,-1,61,60,62,-1,61,62,63,-1,63,62,64,-1,63,64,65,-1,65,64,66,-1,65,66,67,-1,67,66,68,-1,67,68,69,-1,69,68,70,-1,69,70,71,-1,71,70,72,-1,71,72,73,-1,73,72,74,-1,73,74,75,-1,76,75,77,-1,77,75,74,-1,76,77,78,-1,76,78,79,-1,79,78,80,-1,79,80,81,-1,81,80,82,-1,81,82,83,-1,83,82,84,-1,83,84,85,-1,85,84,86,-1,85,86,87,-1,86,88,87,-1,87,88,89,-1,88,90,89,-1,89,90,91,-1,89,91,92,-1,92,91,93,-1,92,93,94,-1,94,93,95,-1,94,95,96,-1,96,95,97,-1,96,97,98,-1,98,97,99,-1,98,99,100,-1,100,99,101,-1,100,101,102,-1,103,104,105,-1,102,101,106,-1,102,106,107,-1,107,106,108,-1,107,108,105,-1,105,108,109,-1,105,109,103,-1,104,103,110,-1,104,110,111,-1,111,110,112,-1,111,112,113,-1,113,112,114,-1,113,114,115,-1,115,114,116,-1,115,116,117,-1,117,116,118,-1,117,118,119,-1,119,118,120,-1,119,120,121,-1,121,120,122,-1,121,122,123,-1,123,122,124,-1,123,124,125,-1,125,124,126,-1,125,126,127,-1,127,126,128,-1,127,128,129,-1,129,128,130,-1,129,130,131,-1,131,130,132,-1,131,132,133,-1,133,132,134,-1,133,134,135,-1,135,134,4,-1,135,4,3,-1,59,61,87,-1,87,61,85,-1,85,61,63,-1,85,63,83,-1,125,25,27,-1,111,43,104,-1,104,43,45,-1,125,27,123,-1,123,27,29,-1,123,29,121,-1,121,29,31,-1,121,31,119,-1,119,31,33,-1,119,33,117,-1,117,33,35,-1,117,35,115,-1,115,35,37,-1,115,37,113,-1,113,37,39,-1,113,39,111,-1,111,39,41,-1,111,41,43,-1,25,125,23,-1,23,125,127,-1,23,127,21,-1,14,3,12,-1,12,3,6,-1,12,6,9,-1,9,6,2,-1,9,2,1,-1,63,65,83,-1,83,65,67,-1,83,67,81,-1,81,67,69,-1,81,69,79,-1,79,69,71,-1,79,71,76,-1,76,71,73,-1,76,73,75,-1,127,129,21,-1,21,129,131,-1,21,131,18,-1,18,131,133,-1,18,133,14,-1,14,133,135,-1,14,135,3,-1,87,89,59,-1,59,89,92,-1,59,92,57,-1,57,92,94,-1,57,94,55,-1,55,94,96,-1,55,96,53,-1,53,96,98,-1,53,98,51,-1,51,98,100,-1,51,100,49,-1,49,100,102,-1,49,102,47,-1,47,102,107,-1,47,107,45,-1,45,107,105,-1,45,105,104,-1,136,137,138,-1,138,137,139,-1,140,136,141,-1,141,136,138,-1,140,141,142,-1,140,142,143,-1,143,142,144,-1,143,144,145,-1,146,145,147,-1,147,145,144,-1,148,146,149,-1,149,146,147,-1,148,149,150,-1,150,149,151,-1,150,151,152,-1,153,150,154,-1,154,150,152,-1,153,154,155,-1,155,154,156,-1,155,156,157,-1,158,159,160,-1,160,159,155,-1,160,155,157,-1,158,161,159,-1,159,161,162,-1,161,163,162,-1,162,163,164,-1,162,164,165,-1,165,164,166,-1,165,166,167,-1,167,166,168,-1,167,168,169,-1,169,168,170,-1,169,170,171,-1,171,170,172,-1,171,172,173,-1,173,172,174,-1,173,174,175,-1,176,175,177,-1,177,175,174,-1,176,177,178,-1,176,178,179,-1,179,178,180,-1,179,180,181,-1,181,180,182,-1,181,182,183,-1,183,182,184,-1,183,184,185,-1,184,186,185,-1,185,186,187,-1,185,187,188,-1,188,187,189,-1,188,189,190,-1,190,189,191,-1,190,191,192,-1,139,137,193,-1,193,137,192,-1,193,192,191,-1,143,145,192,-1,137,136,192,-1,192,136,140,-1,192,140,143,-1,150,153,148,-1,148,153,155,-1,148,155,146,-1,145,146,192,-1,192,146,155,-1,192,155,190,-1,155,159,190,-1,190,159,162,-1,190,162,188,-1,188,162,165,-1,188,165,185,-1,185,165,167,-1,185,167,183,-1,183,167,169,-1,183,169,181,-1,181,169,171,-1,181,171,179,-1,179,171,173,-1,179,173,176,-1,176,173,175,-1,194,195,196,-1,196,195,197,-1,194,196,198,-1,198,196,199,-1,198,199,200,-1,201,198,202,-1,202,198,200,-1,201,202,203,-1,203,202,204,-1,203,204,205,-1,206,203,207,-1,207,203,205,-1,208,209,210,-1,210,209,206,-1,210,206,207,-1,211,209,212,-1,212,209,208,-1,213,214,215,-1,215,214,211,-1,215,211,212,-1,216,214,217,-1,217,214,213,-1,218,219,220,-1,220,219,216,-1,220,216,217,-1,221,219,222,-1,222,219,218,-1,221,222,195,-1,195,222,223,-1,195,223,197,-1,221,195,194,-1,194,198,221,-1,221,198,201,-1,221,201,219,-1,214,216,211,-1,211,216,219,-1,211,219,209,-1,209,219,201,-1,209,201,206,-1,206,201,203,-1,224,225,226,-1,226,225,227,-1,226,227,228,-1,228,227,229,-1,228,229,230,-1,230,229,231,-1,230,231,232,-1,232,231,233,-1,232,233,234,-1,234,233,235,-1,234,235,236,-1,236,235,237,-1,236,237,238,-1,238,237,239,-1,238,239,240,-1,240,239,241,-1,240,241,242,-1,242,241,243,-1,242,243,244,-1,244,243,245,-1,244,245,246,-1,246,245,247,-1,246,247,248,-1,248,247,249,-1,248,249,250,-1,250,249,251,-1,250,251,252,-1,252,251,253,-1,252,253,254,-1,254,253,255,-1,254,255,256,-1,256,255,257,-1,256,257,258,-1,258,257,259,-1,258,259,224,-1,224,259,225,-1,239,237,260,-1,260,237,261,-1,239,260,262,-1,239,262,241,-1,241,262,263,-1,241,263,243,-1,243,263,264,-1,243,264,245,-1,245,264,265,-1,245,265,247,-1,247,265,266,-1,247,266,249,-1,249,266,267,-1,249,267,251,-1,251,267,268,-1,251,268,253,-1,253,268,269,-1,253,269,255,-1,255,269,270,-1,255,270,257,-1,257,270,271,-1,257,271,259,-1,259,271,272,-1,259,272,225,-1,225,272,273,-1,225,273,227,-1,227,273,274,-1,227,274,229,-1,229,274,275,-1,229,275,231,-1,231,275,276,-1,231,276,233,-1,235,233,277,-1,277,233,276,-1,237,235,261,-1,261,235,277,-1,232,234,278,-1,278,234,279,-1,234,236,279,-1,279,236,280,-1,236,238,280,-1,280,238,281,-1,246,282,283,-1,246,283,244,-1,244,283,284,-1,244,284,242,-1,242,284,285,-1,242,285,240,-1,240,285,281,-1,240,281,238,-1,254,286,287,-1,254,287,252,-1,252,287,288,-1,252,288,250,-1,250,288,289,-1,250,289,248,-1,248,289,282,-1,248,282,246,-1,226,290,291,-1,226,291,224,-1,224,291,292,-1,224,292,258,-1,258,292,293,-1,258,293,256,-1,256,293,286,-1,256,286,254,-1,232,278,294,-1,232,294,230,-1,230,294,295,-1,230,295,228,-1,228,295,290,-1,228,290,226,-1,
        ]
    }
}
Shape{
    appearance Appearance {
        material  Material 	{
            diffuseColor 0.1803921568627451 0.1803921568627451 0.1803921568627451
            specularColor 0.09019607843137255 0.09019607843137255 0.09019607843137255
            ambientIntensity 0.2
            transparency 0
            shininess 0.5
        }
    }
    geometry IndexedFaceSet {
        ccw TRUE
        solid FALSE
        coord DEF co Coordinate {
            point [
                0.1409 -0.266 0.128, 0.1409 -0.2866 0.128, 0.1449 -0.266 0.128, 0.1447 -0.2866 0.128, 0.1481 -0.2862 0.128, 0.1504 -0.2854 0.128, 0.1522 -0.2843 0.128, 0.1527 -0.2838 0.128, 0.154 -0.2822 0.128, 0.1549 -0.2802 0.128, 0.1554 -0.2777 0.128, 0.1555 -0.276 0.128, 0.1552 -0.273 0.128, 0.1545 -0.271 0.128, 0.1535 -0.2694 0.128, 0.1526 -0.2685 0.128, 0.1483 -0.2664 0.128, 0.1506 -0.2672 0.128, 0.1506 -0.2672 0.128
            ]
        }
        coordIndex [
            0,1,2,-1,2,1,3,-1,2,3,4,-1,4,5,2,-1,2,5,6,-1,2,6,7,-1,7,8,2,-1,2,8,9,-1,2,9,10,-1,10,11,2,-1,2,11,12,-1,2,12,13,-1,13,14,2,-1,2,14,15,-1,2,15,16,-1,16,15,17,-1,
        ]
    }
}
Shape{
    appearance Appearance {
        material  Material 	{
            diffuseColor 1.0 1.0 1.0
            specularColor 0.5019607843137255 0.5019607843137255 0.5019607843137255
            ambientIntensity 0.2
            transparency 0
            shininess 0.5
        }
    }
    geometry IndexedFaceSet {
        ccw TRUE
        solid FALSE
        coord DEF co Coordinate {
            point [
                0.1681 -0.2793 0.1319, 0.167 -0.2823 0.1319, 0.177 -0.2793 0.1319, 0.1781 -0.2823 0.1319, 0.1721 -0.2682 0.1319, 0.1708 -0.2629 0.1319, 0.1606 -0.2896 0.1319, 0.1644 -0.2896 0.1319, 0.1723 -0.2674 0.1319, 0.1725 -0.2664 0.1319, 0.1745 -0.2629 0.1319, 0.1726 -0.2664 0.1319, 0.1728 -0.2675 0.1319, 0.173 -0.2682 0.1319, 0.1846 -0.2896 0.1319, 0.1808 -0.2896 0.1319, 0.1745 -0.2629 0.128, 0.1846 -0.2896 0.128, 0.1708 -0.2629 0.128, 0.1606 -0.2896 0.128, 0.1644 -0.2896 0.128, 0.167 -0.2823 0.128, 0.1781 -0.2823 0.128, 0.1808 -0.2896 0.128, 0.1681 -0.2793 0.128, 0.177 -0.2793 0.128, 0.173 -0.2682 0.128, 0.1726 -0.2664 0.128, 0.1728 -0.2675 0.128, 0.1725 -0.2664 0.128, 0.1721 -0.2682 0.128, 0.1723 -0.2674 0.128, 0.1723 -0.2674 0.128
            ]
        }
        coordIndex [
            0,1,2,-1,2,1,3,-1,4,5,0,-1,0,5,6,-1,0,6,1,-1,1,6,7,-1,4,8,5,-1,5,8,9,-1,5,9,10,-1,10,9,11,-1,10,11,12,-1,12,13,10,-1,10,13,2,-1,10,2,14,-1,14,2,3,-1,14,3,15,-1,10,14,16,-1,16,14,17,-1,5,10,18,-1,18,10,16,-1,6,5,19,-1,19,5,18,-1,7,6,20,-1,20,6,19,-1,1,7,21,-1,21,7,20,-1,3,1,22,-1,22,1,21,-1,15,3,23,-1,23,3,22,-1,14,15,17,-1,17,15,23,-1,0,2,24,-1,24,2,25,-1,2,13,25,-1,25,13,26,-1,11,27,28,-1,11,28,12,-1,12,28,26,-1,12,26,13,-1,11,9,27,-1,27,9,29,-1,4,30,31,-1,4,31,8,-1,8,31,29,-1,8,29,9,-1,4,0,30,-1,30,0,24,-1,
        ]
    }
}
Shape{
    appearance Appearance {
        material  Material 	{
            diffuseColor 0.1803921568627451 0.1803921568627451 0.1803921568627451
            specularColor 0.09019607843137255 0.09019607843137255 0.09019607843137255
            ambientIntensity 0.2
            transparency 0
            shininess 0.5
        }
    }
    geometry IndexedFaceSet {
        ccw TRUE
        solid FALSE
        coord DEF co Coordinate {
            point [
                0.1726 -0.2664 0.128, 0.1725 -0.2664 0.128, 0.1728 -0.2675 0.128, 0.1723 -0.2674 0.128, 0.173 -0.2682 0.128, 0.1721 -0.2682 0.128, 0.177 -0.2793 0.128, 0.1681 -0.2793 0.128, 0.1681 -0.2793 0.128
            ]
        }
        coordIndex [
            0,1,2,-1,2,1,3,-1,2,3,4,-1,4,3,5,-1,4,5,6,-1,6,5,7,-1,
        ]
    }
}
Shape{
    appearance Appearance {
        material  Material 	{
            diffuseColor 1.0 1.0 1.0
            specularColor 0.5019607843137255 0.5019607843137255 0.5019607843137255
            ambientIntensity 0.2
            transparency 0
            shininess 0.5
        }
    }
    geometry IndexedFaceSet {
        ccw TRUE
        solid FALSE
        coord DEF co Coordinate {
            point [
                -0.0789 -0.2438 0.1319, -0.0747 -0.2415 0.1319, -0.0756 -0.2297 0.1319, -0.0434 -0.2706 0.1319, -0.0578 -0.2761 0.1319, -0.0566 -0.2762 0.1319, -0.0387 -0.2833 0.1319, -0.0505 -0.2841 0.1319, -0.0388 -0.2854 0.1319, -0.0509 -0.2859 0.1319, -0.0637 -0.2292 0.1319, -0.0578 -0.243 0.1319, -0.0549 -0.237 0.1319, -0.0676 -0.2995 0.1319, -0.0755 -0.2766 0.1319, -0.0713 -0.2966 0.1319, -0.074 -0.293 0.1319, -0.0681 -0.2288 0.1319, -0.0519 -0.279 0.1319, -0.051 -0.2805 0.1319, -0.0505 -0.2823 0.1319, -0.0121 -0.2673 0.1319, -0.018 -0.2573 0.1319, -0.0387 -0.2814 0.1319, -0.0595 -0.2907 0.1319, -0.0613 -0.29 0.1319, -0.0628 -0.2889 0.1319, -0.0596 -0.2763 0.1319, -0.0617 -0.2646 0.1319, -0.0613 -0.2769 0.1319, -0.0659 -0.266 0.1319, -0.0628 -0.278 0.1319, -0.0699 -0.2686 0.1319, -0.0637 -0.279 0.1319, -0.0731 -0.2721 0.1319, -0.0647 -0.2806 0.1319, -0.0753 -0.276 0.1319, -0.0652 -0.2824 0.1319, -0.0504 -0.2655 0.1319, -0.0549 -0.2643 0.1319, -0.0576 -0.2641 0.1319, -0.0548 -0.2767 0.1319, -0.0532 -0.2777 0.1319, -0.0058 -0.2485 0.1319, -0.0043 -0.2485 0.1319, 0.0035 -0.2383 0.1319, -0.0007 -0.249 0.1319, 0.0043 -0.2386 0.1319, 0.0026 -0.2503 0.1319, 0.01 -0.2414 0.1319, 0.0152 -0.2457 0.1319, -0.0598 -0.2247 0.1319, -0.0507 -0.2319 0.1319, -0.0554 -0.2208 0.1319, -0.0456 -0.2283 0.1319, -0.0507 -0.218 0.1319, -0.0791 -0.2745 0.1319, -0.0781 -0.2886 0.1319, -0.0757 -0.2893 0.1319, -0.07 -0.2403 0.1319, -0.0679 -0.2402 0.1319, -0.0659 -0.2289 0.1319, -0.064 -0.2406 0.1319, -0.0597 -0.2421 0.1319, -0.0464 -0.2678 0.1319, 0.0055 -0.2523 0.1319, 0.0078 -0.2548 0.1319, 0.019 -0.2511 0.1319, 0.0095 -0.2581 0.1319, 0.0214 -0.2569 0.1319, 0.0222 -0.2632 0.1319, 0.0152 -0.2812 0.1319, 0.0063 -0.2738 0.1319, 0.0101 -0.2855 0.1319, 0.0034 -0.276 0.1319, 0.0043 -0.2884 0.1319, 0.0001 -0.2775 0.1319, -0.002 -0.2897 0.1319, -0.0032 -0.2782 0.1319, -0.0132 -0.2897 0.1319, -0.0117 -0.2782 0.1319, -0.0142 -0.2896 0.1319, -0.0826 -0.2325 0.1319, -0.0886 -0.2367 0.1319, -0.0824 -0.247 0.1319, -0.0899 -0.2379 0.1319, -0.0849 -0.2508 0.1319, -0.0945 -0.2438 0.1319, -0.0864 -0.2551 0.1319, -0.064 -0.2876 0.1319, -0.0648 -0.286 0.1319, -0.0652 -0.2842 0.1319, 0.0104 -0.2617 0.1319, 0.0105 -0.2634 0.1319, 0.0214 -0.2699 0.1319, 0.01 -0.267 0.1319, 0.019 -0.2759 0.1319, 0.0087 -0.2704 0.1319, 0.0067 -0.2734 0.1319, -0.0068 -0.2233 0.1319, -0.0143 -0.232 0.1319, -0.0005 -0.2305 0.1319, -0.01 -0.2371 0.1319, -0.007 -0.2432 0.1319, -0.0633 -0.3014 0.1319, -0.0588 -0.3022 0.1319, -0.0578 -0.2909 0.1319, -0.0576 -0.3023 0.1319, -0.056 -0.2906 0.1319, -0.0536 -0.3018 0.1319, -0.0544 -0.29 0.1319, -0.0493 -0.3003 0.1319, -0.0529 -0.289 0.1319, -0.0454 -0.2978 0.1319, -0.0517 -0.2876 0.1319, -0.0422 -0.2943 0.1319, -0.0399 -0.2901 0.1319, -0.042 -0.2146 0.1319, -0.0394 -0.2257 0.1319, -0.0326 -0.2134 0.1319, -0.0324 -0.2248 0.1319, -0.0248 -0.2143 0.1319, -0.0259 -0.2256 0.1319, -0.0153 -0.2176 0.1319, -0.02 -0.2279 0.1319, -0.0147 -0.2316 0.1319, -0.0975 -0.2506 0.1319, -0.0988 -0.2578 0.1319, -0.0869 -0.2592 0.1319, -0.0988 -0.2596 0.1319, -0.0866 -0.2624 0.1319, -0.0979 -0.267 0.1319, -0.0852 -0.267 0.1319, -0.0952 -0.2741 0.1319, -0.0826 -0.2711 0.1319, -0.0909 -0.2802 0.1319, -0.085 -0.2853 0.1319, -0.0127 -0.278 0.1319, -0.0173 -0.2877 0.1319, -0.0167 -0.2883 0.1319, -0.0187 -0.2838 0.1319, -0.0186 -0.2852 0.1319, -0.0181 -0.2865 0.1319, -0.0121 -0.2781 0.1319, -0.0155 -0.2891 0.1319, -0.0143 -0.2781 0.1319, -0.0156 -0.2786 0.1319, -0.0187 -0.2833 0.1319, -0.0168 -0.2795 0.1319, -0.0177 -0.2805 0.1319, -0.0184 -0.2818 0.1319, -0.0129 -0.278 0.1319, 0.0222 -0.2632 0.128, 0.0214 -0.2569 0.128, 0.0207 -0.2553 0.128, 0.019 -0.2511 0.128, 0.0164 -0.2475 0.128, 0.0152 -0.2457 0.128, 0.01 -0.2414 0.128, 0.0043 -0.2386 0.128, 0.0035 -0.2383 0.128, -0.0005 -0.2305 0.128, -0.0068 -0.2233 0.128, -0.0112 -0.2204 0.128, -0.0153 -0.2176 0.128, -0.0248 -0.2143 0.128, -0.0326 -0.2134 0.128, -0.0554 -0.2208 0.128, -0.0546 -0.2204 0.128, -0.0507 -0.218 0.128, -0.042 -0.2146 0.128, -0.0598 -0.2247 0.128, -0.0637 -0.2292 0.128, -0.0659 -0.2289 0.128, -0.0681 -0.2288 0.128, -0.0756 -0.2297 0.128, -0.0826 -0.2325 0.128, -0.0886 -0.2367 0.128, -0.0899 -0.2379 0.128, -0.0945 -0.2438 0.128, -0.0961 -0.2475 0.128, -0.0975 -0.2506 0.128, -0.0983 -0.2553 0.128, -0.0988 -0.2578 0.128, -0.0988 -0.2596 0.128, -0.0979 -0.267 0.128, -0.0952 -0.2741 0.128, -0.0909 -0.2802 0.128, -0.085 -0.2853 0.128, -0.0781 -0.2886 0.128, -0.0757 -0.2893 0.128, -0.0754 -0.2899 0.128, -0.074 -0.293 0.128, -0.0713 -0.2966 0.128, -0.0676 -0.2995 0.128, -0.0655 -0.3004 0.128, -0.0633 -0.3014 0.128, -0.0588 -0.3022 0.128, -0.0576 -0.3023 0.128, -0.0387 -0.2833 0.128, -0.0536 -0.3018 0.128, -0.0497 -0.3004 0.128, -0.0493 -0.3003 0.128, -0.0454 -0.2978 0.128, -0.0422 -0.2943 0.128, -0.0399 -0.2901 0.128, -0.0399 -0.2899 0.128, -0.0388 -0.2854 0.128, -0.0387 -0.2814 0.128, -0.0121 -0.2673 0.128, -0.018 -0.2573 0.128, -0.0434 -0.2706 0.128, -0.0464 -0.2678 0.128, -0.0504 -0.2655 0.128, -0.0549 -0.2643 0.128, -0.0576 -0.2641 0.128, -0.0617 -0.2646 0.128, -0.0659 -0.266 0.128, -0.0699 -0.2686 0.128, -0.0731 -0.2721 0.128, -0.0753 -0.276 0.128, -0.0755 -0.2766 0.128, -0.0791 -0.2745 0.128, -0.0826 -0.2711 0.128, -0.0852 -0.267 0.128, -0.0866 -0.2624 0.128, -0.0869 -0.2592 0.128, -0.0865 -0.2553 0.128, -0.0864 -0.2551 0.128, -0.0849 -0.2508 0.128, -0.0828 -0.2475 0.128, -0.0824 -0.247 0.128, -0.0789 -0.2438 0.128, -0.0747 -0.2415 0.128, -0.07 -0.2403 0.128, -0.0679 -0.2402 0.128, -0.064 -0.2406 0.128, -0.0597 -0.2421 0.128, -0.0578 -0.243 0.128, -0.0549 -0.237 0.128, -0.0507 -0.2319 0.128, -0.0456 -0.2283 0.128, -0.0394 -0.2257 0.128, -0.0324 -0.2248 0.128, -0.0058 -0.2485 0.128, -0.0061 -0.2475 0.128, -0.007 -0.2432 0.128, -0.01 -0.2371 0.128, -0.0143 -0.232 0.128, -0.0147 -0.2316 0.128, -0.02 -0.2279 0.128, -0.0259 -0.2256 0.128, -0.0043 -0.2485 0.128, -0.0007 -0.249 0.128, 0.0026 -0.2503 0.128, 0.0055 -0.2523 0.128, 0.0078 -0.2548 0.128, 0.008 -0.2553 0.128, 0.0095 -0.2581 0.128, 0.0104 -0.2617 0.128, 0.0105 -0.2634 0.128, 0.01 -0.267 0.128, 0.0087 -0.2704 0.128, 0.0067 -0.2734 0.128, 0.0063 -0.2738 0.128, 0.0034 -0.276 0.128, 0.0001 -0.2775 0.128, -0.0032 -0.2782 0.128, -0.0117 -0.2782 0.128, -0.0121 -0.2781 0.128, -0.0127 -0.278 0.128, -0.0129 -0.278 0.128, -0.0143 -0.2781 0.128, -0.0156 -0.2786 0.128, -0.0168 -0.2795 0.128, -0.0177 -0.2805 0.128, -0.0184 -0.2818 0.128, -0.0187 -0.2833 0.128, -0.0187 -0.2838 0.128, -0.0186 -0.2852 0.128, -0.0181 -0.2865 0.128, -0.0173 -0.2877 0.128, -0.0167 -0.2883 0.128, -0.0155 -0.2891 0.128, -0.0142 -0.2896 0.128, -0.0132 -0.2897 0.128, -0.002 -0.2897 0.128, 0.0043 -0.2884 0.128, 0.0101 -0.2855 0.128, 0.0152 -0.2812 0.128, 0.019 -0.2759 0.128, 0.0214 -0.2699 0.128, -0.0578 -0.2761 0.128, -0.0566 -0.2762 0.128, -0.0548 -0.2767 0.128, -0.0532 -0.2777 0.128, -0.0519 -0.279 0.128, -0.051 -0.2805 0.128, -0.0505 -0.2823 0.128, -0.0505 -0.2841 0.128, -0.0509 -0.2859 0.128, -0.0517 -0.2876 0.128, -0.0529 -0.289 0.128, -0.0544 -0.29 0.128, -0.056 -0.2906 0.128, -0.0578 -0.2909 0.128, -0.0595 -0.2907 0.128, -0.0613 -0.29 0.128, -0.0628 -0.2889 0.128, -0.064 -0.2876 0.128, -0.0648 -0.286 0.128, -0.0652 -0.2842 0.128, -0.0652 -0.2824 0.128, -0.0647 -0.2806 0.128, -0.0637 -0.279 0.128, -0.0628 -0.278 0.128, -0.0613 -0.2769 0.128, -0.0596 -0.2763 0.128, -0.0596 -0.2763 0.128
            ]
        }
        coordIndex [
            0,1,2,-1,3,4,5,-1,6,7,8,-1,8,7,9,-1,10,11,12,-1,13,14,15,-1,15,14,16,-1,2,1,17,-1,18,19,6,-1,6,19,20,-1,6,20,7,-1,21,22,23,-1,23,22,3,-1,24,25,13,-1,13,25,26,-1,27,28,29,-1,29,28,30,-1,29,30,31,-1,31,30,32,-1,31,32,33,-1,33,32,34,-1,33,34,35,-1,35,34,36,-1,35,36,37,-1,37,36,14,-1,38,39,27,-1,27,39,40,-1,27,40,28,-1,3,5,23,-1,23,5,41,-1,23,41,6,-1,6,41,42,-1,6,42,18,-1,43,44,45,-1,45,44,46,-1,45,46,47,-1,47,46,48,-1,47,48,49,-1,49,48,50,-1,10,12,51,-1,51,12,52,-1,51,52,53,-1,53,52,54,-1,53,54,55,-1,56,57,14,-1,14,57,58,-1,14,58,16,-1,1,59,17,-1,17,59,60,-1,17,60,61,-1,61,60,62,-1,61,62,10,-1,10,62,63,-1,10,63,11,-1,4,3,27,-1,27,3,64,-1,27,64,38,-1,48,65,50,-1,50,65,66,-1,50,66,67,-1,67,66,68,-1,67,68,69,-1,69,68,70,-1,71,72,73,-1,73,72,74,-1,73,74,75,-1,75,74,76,-1,75,76,77,-1,77,76,78,-1,77,78,79,-1,79,78,80,-1,79,80,81,-1,2,82,0,-1,0,82,83,-1,0,83,84,-1,84,83,85,-1,84,85,86,-1,86,85,87,-1,86,87,88,-1,26,89,13,-1,13,89,90,-1,13,90,14,-1,14,90,91,-1,14,91,37,-1,68,92,70,-1,70,92,93,-1,70,93,94,-1,94,93,95,-1,94,95,96,-1,96,95,97,-1,96,97,71,-1,71,97,98,-1,71,98,72,-1,99,100,101,-1,101,100,102,-1,101,102,45,-1,45,102,103,-1,45,103,43,-1,13,104,24,-1,24,104,105,-1,24,105,106,-1,106,105,107,-1,106,107,108,-1,108,107,109,-1,108,109,110,-1,110,109,111,-1,110,111,112,-1,112,111,113,-1,112,113,114,-1,114,113,115,-1,114,115,9,-1,9,115,116,-1,9,116,8,-1,55,54,117,-1,117,54,118,-1,117,118,119,-1,119,118,120,-1,119,120,121,-1,121,120,122,-1,121,122,123,-1,123,122,124,-1,123,124,99,-1,99,124,125,-1,99,125,100,-1,87,126,88,-1,88,126,127,-1,88,127,128,-1,128,127,129,-1,128,129,130,-1,130,129,131,-1,130,131,132,-1,132,131,133,-1,132,133,134,-1,134,133,135,-1,134,135,56,-1,56,135,136,-1,56,136,57,-1,137,138,139,-1,140,141,137,-1,137,141,142,-1,137,142,138,-1,80,143,81,-1,81,143,137,-1,81,137,144,-1,144,137,139,-1,145,146,147,-1,146,148,147,-1,147,148,149,-1,147,149,150,-1,140,137,147,-1,147,137,151,-1,147,151,145,-1,70,152,153,-1,70,153,69,-1,69,153,154,-1,69,154,67,-1,154,155,67,-1,67,155,156,-1,67,156,50,-1,156,157,50,-1,50,157,158,-1,50,158,49,-1,49,158,159,-1,49,159,47,-1,47,159,160,-1,47,160,45,-1,45,160,161,-1,45,161,101,-1,101,161,162,-1,101,162,99,-1,99,162,123,-1,123,162,163,-1,163,164,123,-1,123,164,165,-1,123,165,121,-1,121,165,166,-1,121,166,119,-1,167,53,168,-1,168,53,55,-1,168,55,169,-1,169,55,117,-1,169,117,170,-1,170,117,119,-1,170,119,166,-1,53,167,171,-1,53,171,51,-1,51,171,172,-1,51,172,10,-1,10,172,173,-1,10,173,61,-1,61,173,174,-1,61,174,17,-1,17,174,175,-1,17,175,2,-1,2,175,176,-1,2,176,82,-1,82,176,177,-1,82,177,83,-1,83,177,178,-1,83,178,85,-1,126,87,179,-1,179,87,85,-1,179,85,178,-1,179,180,126,-1,126,180,181,-1,126,181,127,-1,127,181,182,-1,182,183,127,-1,127,183,184,-1,127,184,129,-1,129,184,185,-1,129,185,131,-1,131,185,186,-1,131,186,133,-1,133,186,187,-1,133,187,135,-1,135,187,188,-1,135,188,136,-1,136,188,189,-1,136,189,57,-1,57,189,190,-1,57,190,58,-1,58,190,191,-1,58,191,16,-1,191,192,16,-1,16,192,193,-1,16,193,15,-1,15,193,194,-1,15,194,13,-1,13,194,195,-1,13,195,104,-1,195,196,104,-1,104,196,197,-1,104,197,105,-1,105,197,198,-1,105,198,107,-1,199,6,8,-1,107,198,200,-1,107,200,109,-1,109,200,201,-1,109,201,111,-1,201,202,111,-1,111,202,203,-1,111,203,113,-1,113,203,204,-1,113,204,115,-1,115,204,205,-1,115,205,116,-1,116,205,206,-1,116,206,8,-1,8,206,207,-1,8,207,199,-1,23,6,208,-1,208,6,199,-1,21,23,209,-1,209,23,208,-1,22,21,210,-1,210,21,209,-1,3,22,211,-1,211,22,210,-1,3,211,212,-1,3,212,64,-1,64,212,213,-1,64,213,38,-1,38,213,214,-1,38,214,39,-1,39,214,215,-1,39,215,40,-1,40,215,216,-1,40,216,28,-1,28,216,217,-1,28,217,30,-1,30,217,218,-1,30,218,32,-1,32,218,219,-1,32,219,34,-1,34,219,220,-1,34,220,36,-1,36,220,221,-1,36,221,14,-1,14,221,222,-1,14,222,56,-1,56,222,223,-1,56,223,134,-1,134,223,224,-1,134,224,132,-1,132,224,225,-1,132,225,130,-1,130,225,226,-1,130,226,128,-1,226,227,128,-1,128,227,88,-1,227,228,88,-1,88,228,229,-1,88,229,86,-1,86,229,230,-1,86,230,84,-1,230,231,84,-1,84,231,232,-1,84,232,0,-1,0,232,233,-1,0,233,1,-1,1,233,234,-1,1,234,59,-1,59,234,235,-1,59,235,60,-1,60,235,236,-1,60,236,62,-1,62,236,237,-1,62,237,63,-1,63,237,238,-1,63,238,11,-1,11,238,239,-1,11,239,12,-1,12,239,240,-1,12,240,52,-1,52,240,241,-1,52,241,54,-1,54,241,242,-1,54,242,118,-1,118,242,243,-1,118,243,120,-1,244,43,245,-1,245,43,103,-1,245,103,246,-1,246,103,102,-1,246,102,247,-1,247,102,100,-1,247,100,248,-1,248,100,125,-1,248,125,249,-1,249,125,124,-1,249,124,250,-1,250,124,122,-1,250,122,251,-1,251,122,120,-1,251,120,243,-1,44,43,252,-1,252,43,244,-1,44,252,253,-1,44,253,46,-1,46,253,254,-1,46,254,48,-1,48,254,255,-1,48,255,65,-1,65,255,256,-1,65,256,66,-1,66,256,257,-1,66,257,68,-1,257,258,68,-1,68,258,259,-1,68,259,92,-1,92,259,260,-1,92,260,93,-1,93,260,261,-1,93,261,95,-1,95,261,262,-1,95,262,97,-1,97,262,263,-1,97,263,98,-1,98,263,264,-1,98,264,72,-1,72,264,265,-1,72,265,74,-1,74,265,266,-1,74,266,76,-1,76,266,267,-1,76,267,78,-1,80,78,268,-1,268,78,267,-1,80,268,269,-1,80,269,143,-1,143,269,270,-1,143,270,137,-1,137,270,271,-1,137,271,151,-1,151,271,272,-1,151,272,145,-1,145,272,273,-1,145,273,146,-1,146,273,274,-1,146,274,148,-1,148,274,275,-1,148,275,149,-1,149,275,276,-1,149,276,150,-1,150,276,277,-1,150,277,147,-1,147,277,278,-1,147,278,140,-1,140,278,279,-1,140,279,141,-1,141,279,280,-1,141,280,142,-1,142,280,281,-1,142,281,138,-1,138,281,282,-1,138,282,139,-1,139,282,283,-1,139,283,144,-1,144,283,284,-1,144,284,81,-1,81,284,285,-1,81,285,79,-1,77,79,286,-1,286,79,285,-1,77,286,287,-1,77,287,75,-1,75,287,288,-1,75,288,73,-1,73,288,289,-1,73,289,71,-1,71,289,290,-1,71,290,96,-1,96,290,291,-1,96,291,94,-1,94,291,152,-1,94,152,70,-1,4,292,293,-1,4,293,5,-1,5,293,294,-1,5,294,41,-1,41,294,295,-1,41,295,42,-1,42,295,296,-1,42,296,18,-1,18,296,297,-1,18,297,19,-1,19,297,298,-1,19,298,20,-1,20,298,299,-1,20,299,7,-1,7,299,300,-1,7,300,9,-1,9,300,301,-1,9,301,114,-1,114,301,302,-1,114,302,112,-1,112,302,303,-1,112,303,110,-1,110,303,304,-1,110,304,108,-1,108,304,305,-1,108,305,106,-1,106,305,306,-1,106,306,24,-1,24,306,307,-1,24,307,25,-1,25,307,308,-1,25,308,26,-1,26,308,309,-1,26,309,89,-1,89,309,310,-1,89,310,90,-1,90,310,311,-1,90,311,91,-1,91,311,312,-1,91,312,37,-1,37,312,313,-1,37,313,35,-1,35,313,314,-1,35,314,33,-1,33,314,315,-1,33,315,31,-1,31,315,316,-1,31,316,29,-1,29,316,317,-1,29,317,27,-1,27,317,292,-1,27,292,4,-1,
        ]
    }
}
Shape{
    appearance Appearance {
        material  Material 	{
            diffuseColor 0.1803921568627451 0.1803921568627451 0.1803921568627451
            specularColor 0.09019607843137255 0.09019607843137255 0.09019607843137255
            ambientIntensity 0.2
            transparency 0
            shininess 0.5
        }
    }
    geometry IndexedFaceSet {
        ccw TRUE
        solid FALSE
        coord DEF co Coordinate {
            point [
                -0.0578 -0.2909 0.128, -0.0628 -0.278 0.128, -0.0637 -0.279 0.128, -0.0578 -0.2761 0.128, -0.0566 -0.2762 0.128, -0.056 -0.2906 0.128, -0.0596 -0.2763 0.128, -0.0613 -0.2769 0.128, -0.0529 -0.289 0.128, -0.0519 -0.279 0.128, -0.0532 -0.2777 0.128, -0.0648 -0.286 0.128, -0.064 -0.2876 0.128, -0.0628 -0.2889 0.128, -0.0544 -0.29 0.128, -0.0548 -0.2767 0.128, -0.0647 -0.2806 0.128, -0.0652 -0.2824 0.128, -0.0652 -0.2842 0.128, -0.0613 -0.29 0.128, -0.0595 -0.2907 0.128, -0.0509 -0.2859 0.128, -0.0505 -0.2841 0.128, -0.0517 -0.2876 0.128, -0.0505 -0.2823 0.128, -0.051 -0.2805 0.128, -0.051 -0.2805 0.128
            ]
        }
        coordIndex [
            0,1,2,-1,3,0,4,-1,4,0,5,-1,3,6,0,-1,0,6,7,-1,0,7,1,-1,8,9,10,-1,11,12,2,-1,2,12,13,-1,5,14,4,-1,4,14,8,-1,4,8,15,-1,15,8,10,-1,16,17,2,-1,2,17,18,-1,2,18,11,-1,13,19,2,-1,2,19,20,-1,2,20,0,-1,21,22,23,-1,23,22,24,-1,23,24,8,-1,8,24,25,-1,8,25,9,-1,
        ]
    }
}